ISO-10303-21;
HEADER;
/* Generated by software containing ST-Developer
 * from STEP Tools, Inc. (www.steptools.com) 
 */

FILE_DESCRIPTION(
/* description */ (''),
/* implementation_level */ '2;1');

FILE_NAME(
/* name */ '',
/* time_stamp */ '2026-06-02T01:46:19+08:00',
/* author */ (''),
/* organization */ (''),
/* preprocessor_version */ 'ST-DEVELOPER v20.1',
/* originating_system */ 'Autodesk Translation Framework v15.8.0.0',
/* authorisation */ '');

FILE_SCHEMA (('AUTOMOTIVE_DESIGN { 1 0 10303 214 3 1 1 }'));
ENDSEC;

DATA;
#10=MECHANICAL_DESIGN_GEOMETRIC_PRESENTATION_REPRESENTATION('',(#141,#142,
#143,#144,#145,#146,#147),#10369);
#11=ITEM_DEFINED_TRANSFORMATION($,$,#5929,#6717);
#12=ITEM_DEFINED_TRANSFORMATION($,$,#5953,#6718);
#13=ITEM_DEFINED_TRANSFORMATION($,$,#6610,#6719);
#14=ITEM_DEFINED_TRANSFORMATION($,$,#6631,#6720);
#15=ITEM_DEFINED_TRANSFORMATION($,$,#6692,#6721);
#16=ITEM_DEFINED_TRANSFORMATION($,$,#6654,#6722);
#17=ITEM_DEFINED_TRANSFORMATION($,$,#6673,#6723);
#18=ITEM_DEFINED_TRANSFORMATION($,$,#6692,#6724);
#19=(
REPRESENTATION_RELATIONSHIP($,$,#10399,#10398)
REPRESENTATION_RELATIONSHIP_WITH_TRANSFORMATION(#11)
SHAPE_REPRESENTATION_RELATIONSHIP()
);
#20=(
REPRESENTATION_RELATIONSHIP($,$,#10400,#10398)
REPRESENTATION_RELATIONSHIP_WITH_TRANSFORMATION(#12)
SHAPE_REPRESENTATION_RELATIONSHIP()
);
#21=(
REPRESENTATION_RELATIONSHIP($,$,#10401,#10398)
REPRESENTATION_RELATIONSHIP_WITH_TRANSFORMATION(#13)
SHAPE_REPRESENTATION_RELATIONSHIP()
);
#22=(
REPRESENTATION_RELATIONSHIP($,$,#10402,#10398)
REPRESENTATION_RELATIONSHIP_WITH_TRANSFORMATION(#14)
SHAPE_REPRESENTATION_RELATIONSHIP()
);
#23=(
REPRESENTATION_RELATIONSHIP($,$,#10405,#10398)
REPRESENTATION_RELATIONSHIP_WITH_TRANSFORMATION(#15)
SHAPE_REPRESENTATION_RELATIONSHIP()
);
#24=(
REPRESENTATION_RELATIONSHIP($,$,#10403,#10398)
REPRESENTATION_RELATIONSHIP_WITH_TRANSFORMATION(#16)
SHAPE_REPRESENTATION_RELATIONSHIP()
);
#25=(
REPRESENTATION_RELATIONSHIP($,$,#10404,#10398)
REPRESENTATION_RELATIONSHIP_WITH_TRANSFORMATION(#17)
SHAPE_REPRESENTATION_RELATIONSHIP()
);
#26=(
REPRESENTATION_RELATIONSHIP($,$,#10405,#10398)
REPRESENTATION_RELATIONSHIP_WITH_TRANSFORMATION(#18)
SHAPE_REPRESENTATION_RELATIONSHIP()
);
#27=CONTEXT_DEPENDENT_SHAPE_REPRESENTATION(#19,#10390);
#28=CONTEXT_DEPENDENT_SHAPE_REPRESENTATION(#20,#10391);
#29=CONTEXT_DEPENDENT_SHAPE_REPRESENTATION(#21,#10392);
#30=CONTEXT_DEPENDENT_SHAPE_REPRESENTATION(#22,#10393);
#31=CONTEXT_DEPENDENT_SHAPE_REPRESENTATION(#23,#10394);
#32=CONTEXT_DEPENDENT_SHAPE_REPRESENTATION(#24,#10395);
#33=CONTEXT_DEPENDENT_SHAPE_REPRESENTATION(#25,#10396);
#34=CONTEXT_DEPENDENT_SHAPE_REPRESENTATION(#26,#10397);
#35=NEXT_ASSEMBLY_USAGE_OCCURRENCE('\X2\7535538B68C06D4B6A215757\X0\:2',
'\X2\7535538B68C06D4B6A215757\X0\:2','\X2\7535538B68C06D4B6A215757\X0\:
2',#10407,#10408,'\X2\7535538B68C06D4B6A215757\X0\:2');
#36=NEXT_ASSEMBLY_USAGE_OCCURRENCE('\X2\7B2C4E8C5C425E9576D8\X0\:2',
'\X2\7B2C4E8C5C425E9576D8\X0\:2','\X2\7B2C4E8C5C425E9576D8\X0\:2',#10407,
#10409,'\X2\7B2C4E8C5C425E9576D8\X0\:2');
#37=NEXT_ASSEMBLY_USAGE_OCCURRENCE('\X2\75356D4168C06D4B6A215757\X0\:2',
'\X2\75356D4168C06D4B6A215757\X0\:2','\X2\75356D4168C06D4B6A215757\X0\:
2',#10407,#10410,'\X2\75356D4168C06D4B6A215757\X0\:2');
#38=NEXT_ASSEMBLY_USAGE_OCCURRENCE('\X2\4FDD966976D2\X0\:1',
'\X2\4FDD966976D2\X0\:1','\X2\4FDD966976D2\X0\:1',#10407,#10411,
'\X2\4FDD966976D2\X0\:1');
#39=NEXT_ASSEMBLY_USAGE_OCCURRENCE('\X2\75359A71\X0\:1','\X2\75359A71\X0\:
1','\X2\75359A71\X0\:1',#10407,#10414,'\X2\75359A71\X0\:1');
#40=NEXT_ASSEMBLY_USAGE_OCCURRENCE('STM32:1','STM32:1','STM32:1',#10407,
#10412,'STM32:1');
#41=NEXT_ASSEMBLY_USAGE_OCCURRENCE('\X2\63A75236652F8DEF\X0\DCDC:1',
'\X2\63A75236652F8DEF\X0\DCDC:1','\X2\63A75236652F8DEF\X0\DCDC:1',#10407,
#10413,'\X2\63A75236652F8DEF\X0\DCDC:1');
#42=NEXT_ASSEMBLY_USAGE_OCCURRENCE('\X2\75359A71\X0\:2','\X2\75359A71\X0\:
2','\X2\75359A71\X0\:2',#10407,#10414,'\X2\75359A71\X0\:2');
#43=TOROIDAL_SURFACE('',#5954,2.25000000000001,0.5);
#44=TOROIDAL_SURFACE('',#6044,2.25000000000001,0.5);
#45=TOROIDAL_SURFACE('',#6129,2.25000000000001,0.5);
#46=TOROIDAL_SURFACE('',#6136,2.25000000000001,0.5);
#47=TOROIDAL_SURFACE('',#6138,2.24999999999999,0.5);
#48=TOROIDAL_SURFACE('',#6145,2.24999999999999,0.5);
#49=TOROIDAL_SURFACE('',#6147,2.25000000000001,0.5);
#50=TOROIDAL_SURFACE('',#6154,2.25000000000001,0.5);
#51=TOROIDAL_SURFACE('',#6156,2.24999999999999,0.5);
#52=TOROIDAL_SURFACE('',#6163,2.24999999999999,0.5);
#53=TOROIDAL_SURFACE('',#6165,2.25000000000001,0.5);
#54=TOROIDAL_SURFACE('',#6172,2.25000000000001,0.5);
#55=TOROIDAL_SURFACE('',#6174,2.25,0.5);
#56=TOROIDAL_SURFACE('',#6181,2.25,0.5);
#57=TOROIDAL_SURFACE('',#6183,2.25,0.5);
#58=TOROIDAL_SURFACE('',#6190,2.25,0.5);
#59=TOROIDAL_SURFACE('',#6192,2.24999999999999,0.5);
#60=TOROIDAL_SURFACE('',#6199,2.24999999999999,0.5);
#61=TOROIDAL_SURFACE('',#6206,2.24999999999999,0.5);
#62=TOROIDAL_SURFACE('',#6208,2.24999999999999,0.5);
#63=TOROIDAL_SURFACE('',#6210,2.24999999999999,0.5);
#64=TOROIDAL_SURFACE('',#6217,2.24999999999999,0.5);
#65=TOROIDAL_SURFACE('',#6224,2.24999999999999,0.5);
#66=TOROIDAL_SURFACE('',#6226,2.24999999999999,0.5);
#67=TOROIDAL_SURFACE('',#6228,2.24999999999999,0.5);
#68=TOROIDAL_SURFACE('',#6235,2.24999999999999,0.5);
#69=TOROIDAL_SURFACE('',#6237,2.24999999999999,0.5);
#70=TOROIDAL_SURFACE('',#6244,2.24999999999999,0.5);
#71=TOROIDAL_SURFACE('',#6246,2.24999999999999,0.5);
#72=TOROIDAL_SURFACE('',#6253,2.24999999999999,0.5);
#73=TOROIDAL_SURFACE('',#6255,2.24999999999999,0.5);
#74=TOROIDAL_SURFACE('',#6262,2.24999999999999,0.5);
#75=TOROIDAL_SURFACE('',#6264,2.24999999999999,0.5);
#76=TOROIDAL_SURFACE('',#6271,2.24999999999999,0.5);
#77=TOROIDAL_SURFACE('',#6273,2.24999999999999,0.5);
#78=TOROIDAL_SURFACE('',#6280,2.24999999999999,0.5);
#79=TOROIDAL_SURFACE('',#6321,3.50000000000002,0.5);
#80=TOROIDAL_SURFACE('',#6326,3.50000000000002,0.5);
#81=TOROIDAL_SURFACE('',#6331,3.50000000000002,0.5);
#82=TOROIDAL_SURFACE('',#6336,3.50000000000002,0.5);
#83=TOROIDAL_SURFACE('',#6347,3.50000000000002,0.5);
#84=TOROIDAL_SURFACE('',#6351,3.50000000000002,0.5);
#85=TOROIDAL_SURFACE('',#6356,3.50000000000002,0.5);
#86=TOROIDAL_SURFACE('',#6361,3.50000000000002,0.5);
#87=TOROIDAL_SURFACE('',#6373,9.5,0.5);
#88=TOROIDAL_SURFACE('',#6378,9.5,0.5);
#89=TOROIDAL_SURFACE('',#6383,9.5,0.5);
#90=TOROIDAL_SURFACE('',#6388,9.5,0.5);
#91=TOROIDAL_SURFACE('',#6399,9.5,0.5);
#92=TOROIDAL_SURFACE('',#6403,9.5,0.5);
#93=TOROIDAL_SURFACE('',#6408,9.5,0.5);
#94=TOROIDAL_SURFACE('',#6413,9.5,0.5);
#95=TOROIDAL_SURFACE('',#6415,3.50000000000001,0.5);
#96=TOROIDAL_SURFACE('',#6421,3.50000000000002,0.5);
#97=TOROIDAL_SURFACE('',#6426,3.50000000000004,0.5);
#98=TOROIDAL_SURFACE('',#6431,3.50000000000002,0.5);
#99=TOROIDAL_SURFACE('',#6441,3.50000000000002,0.5);
#100=TOROIDAL_SURFACE('',#6447,3.50000000000004,0.5);
#101=TOROIDAL_SURFACE('',#6452,3.50000000000002,0.5);
#102=TOROIDAL_SURFACE('',#6456,3.50000000000001,0.5);
#103=TOROIDAL_SURFACE('',#6462,3.50000000000001,0.5);
#104=TOROIDAL_SURFACE('',#6468,3.50000000000006,0.5);
#105=TOROIDAL_SURFACE('',#6473,3.50000000000001,0.5);
#106=TOROIDAL_SURFACE('',#6478,3.50000000000002,0.5);
#107=TOROIDAL_SURFACE('',#6491,3.50000000000001,0.5);
#108=TOROIDAL_SURFACE('',#6496,3.50000000000006,0.5);
#109=TOROIDAL_SURFACE('',#6500,3.50000000000001,0.5);
#110=TOROIDAL_SURFACE('',#6504,3.50000000000002,0.5);
#111=TOROIDAL_SURFACE('',#6508,3.50000000000004,0.5);
#112=TOROIDAL_SURFACE('',#6514,3.50000000000004,0.5);
#113=TOROIDAL_SURFACE('',#6519,3.50000000000002,0.5);
#114=TOROIDAL_SURFACE('',#6524,3.50000000000001,0.5);
#115=TOROIDAL_SURFACE('',#6537,3.50000000000004,0.5);
#116=TOROIDAL_SURFACE('',#6541,3.50000000000004,0.5);
#117=TOROIDAL_SURFACE('',#6545,3.50000000000001,0.5);
#118=TOROIDAL_SURFACE('',#6550,3.50000000000002,0.5);
#119=TOROIDAL_SURFACE('',#6555,3.50000000000002,0.5);
#120=TOROIDAL_SURFACE('',#6560,3.50000000000004,0.5);
#121=TOROIDAL_SURFACE('',#6565,3.50000000000002,0.5);
#122=TOROIDAL_SURFACE('',#6570,3.50000000000001,0.5);
#123=TOROIDAL_SURFACE('',#6581,3.50000000000004,0.5);
#124=TOROIDAL_SURFACE('',#6585,3.50000000000002,0.5);
#125=TOROIDAL_SURFACE('',#6589,3.50000000000001,0.5);
#126=TOROIDAL_SURFACE('',#6594,3.50000000000002,0.5);
#127=SHAPE_REPRESENTATION_RELATIONSHIP('SRR','None',#10399,#134);
#128=SHAPE_REPRESENTATION_RELATIONSHIP('SRR','None',#10400,#135);
#129=SHAPE_REPRESENTATION_RELATIONSHIP('SRR','None',#10401,#136);
#130=SHAPE_REPRESENTATION_RELATIONSHIP('SRR','None',#10402,#137);
#131=SHAPE_REPRESENTATION_RELATIONSHIP('SRR','None',#10403,#138);
#132=SHAPE_REPRESENTATION_RELATIONSHIP('SRR','None',#10404,#139);
#133=SHAPE_REPRESENTATION_RELATIONSHIP('SRR','None',#10405,#140);
#134=ADVANCED_BREP_SHAPE_REPRESENTATION('',(#148),#10362);
#135=ADVANCED_BREP_SHAPE_REPRESENTATION('',(#149),#10363);
#136=ADVANCED_BREP_SHAPE_REPRESENTATION('',(#150),#10364);
#137=ADVANCED_BREP_SHAPE_REPRESENTATION('',(#151),#10365);
#138=ADVANCED_BREP_SHAPE_REPRESENTATION('',(#152),#10366);
#139=ADVANCED_BREP_SHAPE_REPRESENTATION('',(#153),#10367);
#140=ADVANCED_BREP_SHAPE_REPRESENTATION('',(#154),#10368);
#141=STYLED_ITEM('',(#10442),#148);
#142=STYLED_ITEM('',(#10442),#149);
#143=STYLED_ITEM('',(#10442),#150);
#144=STYLED_ITEM('',(#10442),#151);
#145=STYLED_ITEM('',(#10442),#152);
#146=STYLED_ITEM('',(#10442),#153);
#147=STYLED_ITEM('',(#10442),#154);
#148=MANIFOLD_SOLID_BREP('\X2\5B9E4F53\X0\2',#5843);
#149=MANIFOLD_SOLID_BREP('\X2\5B9E4F53\X0\1',#5844);
#150=MANIFOLD_SOLID_BREP('\X2\5B9E4F53\X0\1',#5845);
#151=MANIFOLD_SOLID_BREP('\X2\5B9E4F53\X0\2',#5846);
#152=MANIFOLD_SOLID_BREP('\X2\5B9E4F53\X0\2',#5847);
#153=MANIFOLD_SOLID_BREP('\X2\5B9E4F53\X0\1',#5848);
#154=MANIFOLD_SOLID_BREP('\X2\5B9E4F53\X0\1',#5849);
#155=FACE_BOUND('',#748,.T.);
#156=FACE_BOUND('',#749,.T.);
#157=FACE_BOUND('',#750,.T.);
#158=FACE_BOUND('',#752,.T.);
#159=FACE_BOUND('',#753,.T.);
#160=FACE_BOUND('',#761,.T.);
#161=FACE_BOUND('',#762,.T.);
#162=FACE_BOUND('',#763,.T.);
#163=FACE_BOUND('',#764,.T.);
#164=FACE_BOUND('',#765,.T.);
#165=FACE_BOUND('',#766,.T.);
#166=FACE_BOUND('',#767,.T.);
#167=FACE_BOUND('',#768,.T.);
#168=FACE_BOUND('',#769,.T.);
#169=FACE_BOUND('',#770,.T.);
#170=FACE_BOUND('',#771,.T.);
#171=FACE_BOUND('',#772,.T.);
#172=FACE_BOUND('',#773,.T.);
#173=FACE_BOUND('',#774,.T.);
#174=FACE_BOUND('',#775,.T.);
#175=FACE_BOUND('',#776,.T.);
#176=FACE_BOUND('',#777,.T.);
#177=FACE_BOUND('',#778,.T.);
#178=FACE_BOUND('',#779,.T.);
#179=FACE_BOUND('',#780,.T.);
#180=FACE_BOUND('',#781,.T.);
#181=FACE_BOUND('',#782,.T.);
#182=FACE_BOUND('',#783,.T.);
#183=FACE_BOUND('',#784,.T.);
#184=FACE_BOUND('',#785,.T.);
#185=FACE_BOUND('',#786,.T.);
#186=FACE_BOUND('',#787,.T.);
#187=FACE_BOUND('',#788,.T.);
#188=FACE_BOUND('',#789,.T.);
#189=FACE_BOUND('',#790,.T.);
#190=FACE_BOUND('',#791,.T.);
#191=FACE_BOUND('',#792,.T.);
#192=FACE_BOUND('',#793,.T.);
#193=FACE_BOUND('',#794,.T.);
#194=FACE_BOUND('',#795,.T.);
#195=FACE_BOUND('',#796,.T.);
#196=FACE_BOUND('',#797,.T.);
#197=FACE_BOUND('',#798,.T.);
#198=FACE_BOUND('',#799,.T.);
#199=FACE_BOUND('',#800,.T.);
#200=FACE_BOUND('',#801,.T.);
#201=FACE_BOUND('',#802,.T.);
#202=FACE_BOUND('',#803,.T.);
#203=FACE_BOUND('',#804,.T.);
#204=FACE_BOUND('',#805,.T.);
#205=FACE_BOUND('',#806,.T.);
#206=FACE_BOUND('',#807,.T.);
#207=FACE_BOUND('',#808,.T.);
#208=FACE_BOUND('',#809,.T.);
#209=FACE_BOUND('',#810,.T.);
#210=FACE_BOUND('',#811,.T.);
#211=FACE_BOUND('',#812,.T.);
#212=FACE_BOUND('',#813,.T.);
#213=FACE_BOUND('',#814,.T.);
#214=FACE_BOUND('',#815,.T.);
#215=FACE_BOUND('',#816,.T.);
#216=FACE_BOUND('',#817,.T.);
#217=FACE_BOUND('',#818,.T.);
#218=FACE_BOUND('',#819,.T.);
#219=FACE_BOUND('',#820,.T.);
#220=FACE_BOUND('',#821,.T.);
#221=FACE_BOUND('',#822,.T.);
#222=FACE_BOUND('',#823,.T.);
#223=FACE_BOUND('',#826,.T.);
#224=FACE_BOUND('',#827,.T.);
#225=FACE_BOUND('',#828,.T.);
#226=FACE_BOUND('',#829,.T.);
#227=FACE_BOUND('',#830,.T.);
#228=FACE_BOUND('',#831,.T.);
#229=FACE_BOUND('',#832,.T.);
#230=FACE_BOUND('',#833,.T.);
#231=FACE_BOUND('',#834,.T.);
#232=FACE_BOUND('',#835,.T.);
#233=FACE_BOUND('',#836,.T.);
#234=FACE_BOUND('',#837,.T.);
#235=FACE_BOUND('',#838,.T.);
#236=FACE_BOUND('',#839,.T.);
#237=FACE_BOUND('',#840,.T.);
#238=FACE_BOUND('',#841,.T.);
#239=FACE_BOUND('',#842,.T.);
#240=FACE_BOUND('',#843,.T.);
#241=FACE_BOUND('',#844,.T.);
#242=FACE_BOUND('',#845,.T.);
#243=FACE_BOUND('',#846,.T.);
#244=FACE_BOUND('',#847,.T.);
#245=FACE_BOUND('',#848,.T.);
#246=FACE_BOUND('',#849,.T.);
#247=FACE_BOUND('',#850,.T.);
#248=FACE_BOUND('',#851,.T.);
#249=FACE_BOUND('',#852,.T.);
#250=FACE_BOUND('',#853,.T.);
#251=FACE_BOUND('',#854,.T.);
#252=FACE_BOUND('',#855,.T.);
#253=FACE_BOUND('',#856,.T.);
#254=FACE_BOUND('',#857,.T.);
#255=FACE_BOUND('',#858,.T.);
#256=FACE_BOUND('',#859,.T.);
#257=FACE_BOUND('',#860,.T.);
#258=FACE_BOUND('',#861,.T.);
#259=FACE_BOUND('',#862,.T.);
#260=FACE_BOUND('',#863,.T.);
#261=FACE_BOUND('',#864,.T.);
#262=FACE_BOUND('',#865,.T.);
#263=FACE_BOUND('',#866,.T.);
#264=FACE_BOUND('',#867,.T.);
#265=FACE_BOUND('',#868,.T.);
#266=FACE_BOUND('',#869,.T.);
#267=FACE_BOUND('',#870,.T.);
#268=FACE_BOUND('',#871,.T.);
#269=FACE_BOUND('',#872,.T.);
#270=FACE_BOUND('',#873,.T.);
#271=FACE_BOUND('',#874,.T.);
#272=FACE_BOUND('',#875,.T.);
#273=FACE_BOUND('',#876,.T.);
#274=FACE_BOUND('',#877,.T.);
#275=FACE_BOUND('',#878,.T.);
#276=FACE_BOUND('',#879,.T.);
#277=FACE_BOUND('',#880,.T.);
#278=FACE_BOUND('',#881,.T.);
#279=FACE_BOUND('',#882,.T.);
#280=FACE_BOUND('',#883,.T.);
#281=FACE_BOUND('',#884,.T.);
#282=FACE_BOUND('',#885,.T.);
#283=FACE_BOUND('',#886,.T.);
#284=FACE_BOUND('',#887,.T.);
#285=FACE_BOUND('',#888,.T.);
#286=FACE_BOUND('',#1131,.T.);
#287=FACE_BOUND('',#1132,.T.);
#288=FACE_BOUND('',#1138,.T.);
#289=FACE_BOUND('',#1139,.T.);
#290=FACE_BOUND('',#1154,.T.);
#291=FACE_BOUND('',#1155,.T.);
#292=FACE_BOUND('',#1156,.T.);
#293=FACE_BOUND('',#1157,.T.);
#294=FACE_BOUND('',#1171,.T.);
#295=FACE_BOUND('',#1172,.T.);
#296=FACE_BOUND('',#1173,.T.);
#297=FACE_BOUND('',#1174,.T.);
#298=FACE_BOUND('',#1176,.T.);
#299=FACE_BOUND('',#1177,.T.);
#300=FACE_BOUND('',#1178,.T.);
#301=FACE_BOUND('',#1179,.T.);
#302=FACE_BOUND('',#1185,.T.);
#303=FACE_BOUND('',#1186,.T.);
#304=FACE_BOUND('',#1187,.T.);
#305=FACE_BOUND('',#1188,.T.);
#306=FACE_BOUND('',#1190,.T.);
#307=FACE_BOUND('',#1191,.T.);
#308=FACE_BOUND('',#1192,.T.);
#309=FACE_BOUND('',#1193,.T.);
#310=FACE_BOUND('',#1213,.T.);
#311=FACE_BOUND('',#1214,.T.);
#312=FACE_BOUND('',#1215,.T.);
#313=FACE_BOUND('',#1216,.T.);
#314=FACE_BOUND('',#1218,.T.);
#315=FACE_BOUND('',#1219,.T.);
#316=FACE_BOUND('',#1220,.T.);
#317=FACE_BOUND('',#1221,.T.);
#318=PLANE('',#5936);
#319=PLANE('',#5937);
#320=PLANE('',#5938);
#321=PLANE('',#5939);
#322=PLANE('',#5940);
#323=PLANE('',#5941);
#324=PLANE('',#5942);
#325=PLANE('',#5943);
#326=PLANE('',#5944);
#327=PLANE('',#5945);
#328=PLANE('',#5946);
#329=PLANE('',#5947);
#330=PLANE('',#5948);
#331=PLANE('',#5949);
#332=PLANE('',#5950);
#333=PLANE('',#5951);
#334=PLANE('',#5952);
#335=PLANE('',#5962);
#336=PLANE('',#6047);
#337=PLANE('',#6340);
#338=PLANE('',#6343);
#339=PLANE('',#6367);
#340=PLANE('',#6369);
#341=PLANE('',#6392);
#342=PLANE('',#6395);
#343=PLANE('',#6435);
#344=PLANE('',#6438);
#345=PLANE('',#6460);
#346=PLANE('',#6482);
#347=PLANE('',#6485);
#348=PLANE('',#6507);
#349=PLANE('',#6528);
#350=PLANE('',#6531);
#351=PLANE('',#6574);
#352=PLANE('',#6577);
#353=PLANE('',#6596);
#354=PLANE('',#6598);
#355=PLANE('',#6599);
#356=PLANE('',#6601);
#357=PLANE('',#6603);
#358=PLANE('',#6605);
#359=PLANE('',#6607);
#360=PLANE('',#6609);
#361=PLANE('',#6617);
#362=PLANE('',#6618);
#363=PLANE('',#6619);
#364=PLANE('',#6620);
#365=PLANE('',#6621);
#366=PLANE('',#6622);
#367=PLANE('',#6623);
#368=PLANE('',#6624);
#369=PLANE('',#6625);
#370=PLANE('',#6626);
#371=PLANE('',#6627);
#372=PLANE('',#6628);
#373=PLANE('',#6629);
#374=PLANE('',#6630);
#375=PLANE('',#6635);
#376=PLANE('',#6639);
#377=PLANE('',#6643);
#378=PLANE('',#6647);
#379=PLANE('',#6648);
#380=PLANE('',#6649);
#381=PLANE('',#6650);
#382=PLANE('',#6651);
#383=PLANE('',#6652);
#384=PLANE('',#6653);
#385=PLANE('',#6667);
#386=PLANE('',#6668);
#387=PLANE('',#6669);
#388=PLANE('',#6670);
#389=PLANE('',#6671);
#390=PLANE('',#6672);
#391=PLANE('',#6686);
#392=PLANE('',#6687);
#393=PLANE('',#6688);
#394=PLANE('',#6689);
#395=PLANE('',#6690);
#396=PLANE('',#6691);
#397=PLANE('',#6693);
#398=PLANE('',#6694);
#399=PLANE('',#6695);
#400=PLANE('',#6696);
#401=PLANE('',#6697);
#402=PLANE('',#6698);
#403=PLANE('',#6699);
#404=PLANE('',#6712);
#405=PLANE('',#6713);
#406=PLANE('',#6714);
#407=PLANE('',#6715);
#408=PLANE('',#6716);
#409=FACE_OUTER_BOUND('',#734,.T.);
#410=FACE_OUTER_BOUND('',#735,.T.);
#411=FACE_OUTER_BOUND('',#736,.T.);
#412=FACE_OUTER_BOUND('',#737,.T.);
#413=FACE_OUTER_BOUND('',#738,.T.);
#414=FACE_OUTER_BOUND('',#739,.T.);
#415=FACE_OUTER_BOUND('',#740,.T.);
#416=FACE_OUTER_BOUND('',#741,.T.);
#417=FACE_OUTER_BOUND('',#742,.T.);
#418=FACE_OUTER_BOUND('',#743,.T.);
#419=FACE_OUTER_BOUND('',#744,.T.);
#420=FACE_OUTER_BOUND('',#745,.T.);
#421=FACE_OUTER_BOUND('',#746,.T.);
#422=FACE_OUTER_BOUND('',#747,.T.);
#423=FACE_OUTER_BOUND('',#751,.T.);
#424=FACE_OUTER_BOUND('',#754,.T.);
#425=FACE_OUTER_BOUND('',#755,.T.);
#426=FACE_OUTER_BOUND('',#756,.T.);
#427=FACE_OUTER_BOUND('',#757,.T.);
#428=FACE_OUTER_BOUND('',#758,.T.);
#429=FACE_OUTER_BOUND('',#759,.T.);
#430=FACE_OUTER_BOUND('',#760,.T.);
#431=FACE_OUTER_BOUND('',#824,.T.);
#432=FACE_OUTER_BOUND('',#825,.T.);
#433=FACE_OUTER_BOUND('',#889,.T.);
#434=FACE_OUTER_BOUND('',#890,.T.);
#435=FACE_OUTER_BOUND('',#891,.T.);
#436=FACE_OUTER_BOUND('',#892,.T.);
#437=FACE_OUTER_BOUND('',#893,.T.);
#438=FACE_OUTER_BOUND('',#894,.T.);
#439=FACE_OUTER_BOUND('',#895,.T.);
#440=FACE_OUTER_BOUND('',#896,.T.);
#441=FACE_OUTER_BOUND('',#897,.T.);
#442=FACE_OUTER_BOUND('',#898,.T.);
#443=FACE_OUTER_BOUND('',#899,.T.);
#444=FACE_OUTER_BOUND('',#900,.T.);
#445=FACE_OUTER_BOUND('',#901,.T.);
#446=FACE_OUTER_BOUND('',#902,.T.);
#447=FACE_OUTER_BOUND('',#903,.T.);
#448=FACE_OUTER_BOUND('',#904,.T.);
#449=FACE_OUTER_BOUND('',#905,.T.);
#450=FACE_OUTER_BOUND('',#906,.T.);
#451=FACE_OUTER_BOUND('',#907,.T.);
#452=FACE_OUTER_BOUND('',#908,.T.);
#453=FACE_OUTER_BOUND('',#909,.T.);
#454=FACE_OUTER_BOUND('',#910,.T.);
#455=FACE_OUTER_BOUND('',#911,.T.);
#456=FACE_OUTER_BOUND('',#912,.T.);
#457=FACE_OUTER_BOUND('',#913,.T.);
#458=FACE_OUTER_BOUND('',#914,.T.);
#459=FACE_OUTER_BOUND('',#915,.T.);
#460=FACE_OUTER_BOUND('',#916,.T.);
#461=FACE_OUTER_BOUND('',#917,.T.);
#462=FACE_OUTER_BOUND('',#918,.T.);
#463=FACE_OUTER_BOUND('',#919,.T.);
#464=FACE_OUTER_BOUND('',#920,.T.);
#465=FACE_OUTER_BOUND('',#921,.T.);
#466=FACE_OUTER_BOUND('',#922,.T.);
#467=FACE_OUTER_BOUND('',#923,.T.);
#468=FACE_OUTER_BOUND('',#924,.T.);
#469=FACE_OUTER_BOUND('',#925,.T.);
#470=FACE_OUTER_BOUND('',#926,.T.);
#471=FACE_OUTER_BOUND('',#927,.T.);
#472=FACE_OUTER_BOUND('',#928,.T.);
#473=FACE_OUTER_BOUND('',#929,.T.);
#474=FACE_OUTER_BOUND('',#930,.T.);
#475=FACE_OUTER_BOUND('',#931,.T.);
#476=FACE_OUTER_BOUND('',#932,.T.);
#477=FACE_OUTER_BOUND('',#933,.T.);
#478=FACE_OUTER_BOUND('',#934,.T.);
#479=FACE_OUTER_BOUND('',#935,.T.);
#480=FACE_OUTER_BOUND('',#936,.T.);
#481=FACE_OUTER_BOUND('',#937,.T.);
#482=FACE_OUTER_BOUND('',#938,.T.);
#483=FACE_OUTER_BOUND('',#939,.T.);
#484=FACE_OUTER_BOUND('',#940,.T.);
#485=FACE_OUTER_BOUND('',#941,.T.);
#486=FACE_OUTER_BOUND('',#942,.T.);
#487=FACE_OUTER_BOUND('',#943,.T.);
#488=FACE_OUTER_BOUND('',#944,.T.);
#489=FACE_OUTER_BOUND('',#945,.T.);
#490=FACE_OUTER_BOUND('',#946,.T.);
#491=FACE_OUTER_BOUND('',#947,.T.);
#492=FACE_OUTER_BOUND('',#948,.T.);
#493=FACE_OUTER_BOUND('',#949,.T.);
#494=FACE_OUTER_BOUND('',#950,.T.);
#495=FACE_OUTER_BOUND('',#951,.T.);
#496=FACE_OUTER_BOUND('',#952,.T.);
#497=FACE_OUTER_BOUND('',#953,.T.);
#498=FACE_OUTER_BOUND('',#954,.T.);
#499=FACE_OUTER_BOUND('',#955,.T.);
#500=FACE_OUTER_BOUND('',#956,.T.);
#501=FACE_OUTER_BOUND('',#957,.T.);
#502=FACE_OUTER_BOUND('',#958,.T.);
#503=FACE_OUTER_BOUND('',#959,.T.);
#504=FACE_OUTER_BOUND('',#960,.T.);
#505=FACE_OUTER_BOUND('',#961,.T.);
#506=FACE_OUTER_BOUND('',#962,.T.);
#507=FACE_OUTER_BOUND('',#963,.T.);
#508=FACE_OUTER_BOUND('',#964,.T.);
#509=FACE_OUTER_BOUND('',#965,.T.);
#510=FACE_OUTER_BOUND('',#966,.T.);
#511=FACE_OUTER_BOUND('',#967,.T.);
#512=FACE_OUTER_BOUND('',#968,.T.);
#513=FACE_OUTER_BOUND('',#969,.T.);
#514=FACE_OUTER_BOUND('',#970,.T.);
#515=FACE_OUTER_BOUND('',#971,.T.);
#516=FACE_OUTER_BOUND('',#972,.T.);
#517=FACE_OUTER_BOUND('',#973,.T.);
#518=FACE_OUTER_BOUND('',#974,.T.);
#519=FACE_OUTER_BOUND('',#975,.T.);
#520=FACE_OUTER_BOUND('',#976,.T.);
#521=FACE_OUTER_BOUND('',#977,.T.);
#522=FACE_OUTER_BOUND('',#978,.T.);
#523=FACE_OUTER_BOUND('',#979,.T.);
#524=FACE_OUTER_BOUND('',#980,.T.);
#525=FACE_OUTER_BOUND('',#981,.T.);
#526=FACE_OUTER_BOUND('',#982,.T.);
#527=FACE_OUTER_BOUND('',#983,.T.);
#528=FACE_OUTER_BOUND('',#984,.T.);
#529=FACE_OUTER_BOUND('',#985,.T.);
#530=FACE_OUTER_BOUND('',#986,.T.);
#531=FACE_OUTER_BOUND('',#987,.T.);
#532=FACE_OUTER_BOUND('',#988,.T.);
#533=FACE_OUTER_BOUND('',#989,.T.);
#534=FACE_OUTER_BOUND('',#990,.T.);
#535=FACE_OUTER_BOUND('',#991,.T.);
#536=FACE_OUTER_BOUND('',#992,.T.);
#537=FACE_OUTER_BOUND('',#993,.T.);
#538=FACE_OUTER_BOUND('',#994,.T.);
#539=FACE_OUTER_BOUND('',#995,.T.);
#540=FACE_OUTER_BOUND('',#996,.T.);
#541=FACE_OUTER_BOUND('',#997,.T.);
#542=FACE_OUTER_BOUND('',#998,.T.);
#543=FACE_OUTER_BOUND('',#999,.T.);
#544=FACE_OUTER_BOUND('',#1000,.T.);
#545=FACE_OUTER_BOUND('',#1001,.T.);
#546=FACE_OUTER_BOUND('',#1002,.T.);
#547=FACE_OUTER_BOUND('',#1003,.T.);
#548=FACE_OUTER_BOUND('',#1004,.T.);
#549=FACE_OUTER_BOUND('',#1005,.T.);
#550=FACE_OUTER_BOUND('',#1006,.T.);
#551=FACE_OUTER_BOUND('',#1007,.T.);
#552=FACE_OUTER_BOUND('',#1008,.T.);
#553=FACE_OUTER_BOUND('',#1009,.T.);
#554=FACE_OUTER_BOUND('',#1010,.T.);
#555=FACE_OUTER_BOUND('',#1011,.T.);
#556=FACE_OUTER_BOUND('',#1012,.T.);
#557=FACE_OUTER_BOUND('',#1013,.T.);
#558=FACE_OUTER_BOUND('',#1014,.T.);
#559=FACE_OUTER_BOUND('',#1015,.T.);
#560=FACE_OUTER_BOUND('',#1016,.T.);
#561=FACE_OUTER_BOUND('',#1017,.T.);
#562=FACE_OUTER_BOUND('',#1018,.T.);
#563=FACE_OUTER_BOUND('',#1019,.T.);
#564=FACE_OUTER_BOUND('',#1020,.T.);
#565=FACE_OUTER_BOUND('',#1021,.T.);
#566=FACE_OUTER_BOUND('',#1022,.T.);
#567=FACE_OUTER_BOUND('',#1023,.T.);
#568=FACE_OUTER_BOUND('',#1024,.T.);
#569=FACE_OUTER_BOUND('',#1025,.T.);
#570=FACE_OUTER_BOUND('',#1026,.T.);
#571=FACE_OUTER_BOUND('',#1027,.T.);
#572=FACE_OUTER_BOUND('',#1028,.T.);
#573=FACE_OUTER_BOUND('',#1029,.T.);
#574=FACE_OUTER_BOUND('',#1030,.T.);
#575=FACE_OUTER_BOUND('',#1031,.T.);
#576=FACE_OUTER_BOUND('',#1032,.T.);
#577=FACE_OUTER_BOUND('',#1033,.T.);
#578=FACE_OUTER_BOUND('',#1034,.T.);
#579=FACE_OUTER_BOUND('',#1035,.T.);
#580=FACE_OUTER_BOUND('',#1036,.T.);
#581=FACE_OUTER_BOUND('',#1037,.T.);
#582=FACE_OUTER_BOUND('',#1038,.T.);
#583=FACE_OUTER_BOUND('',#1039,.T.);
#584=FACE_OUTER_BOUND('',#1040,.T.);
#585=FACE_OUTER_BOUND('',#1041,.T.);
#586=FACE_OUTER_BOUND('',#1042,.T.);
#587=FACE_OUTER_BOUND('',#1043,.T.);
#588=FACE_OUTER_BOUND('',#1044,.T.);
#589=FACE_OUTER_BOUND('',#1045,.T.);
#590=FACE_OUTER_BOUND('',#1046,.T.);
#591=FACE_OUTER_BOUND('',#1047,.T.);
#592=FACE_OUTER_BOUND('',#1048,.T.);
#593=FACE_OUTER_BOUND('',#1049,.T.);
#594=FACE_OUTER_BOUND('',#1050,.T.);
#595=FACE_OUTER_BOUND('',#1051,.T.);
#596=FACE_OUTER_BOUND('',#1052,.T.);
#597=FACE_OUTER_BOUND('',#1053,.T.);
#598=FACE_OUTER_BOUND('',#1054,.T.);
#599=FACE_OUTER_BOUND('',#1055,.T.);
#600=FACE_OUTER_BOUND('',#1056,.T.);
#601=FACE_OUTER_BOUND('',#1057,.T.);
#602=FACE_OUTER_BOUND('',#1058,.T.);
#603=FACE_OUTER_BOUND('',#1059,.T.);
#604=FACE_OUTER_BOUND('',#1060,.T.);
#605=FACE_OUTER_BOUND('',#1061,.T.);
#606=FACE_OUTER_BOUND('',#1062,.T.);
#607=FACE_OUTER_BOUND('',#1063,.T.);
#608=FACE_OUTER_BOUND('',#1064,.T.);
#609=FACE_OUTER_BOUND('',#1065,.T.);
#610=FACE_OUTER_BOUND('',#1066,.T.);
#611=FACE_OUTER_BOUND('',#1067,.T.);
#612=FACE_OUTER_BOUND('',#1068,.T.);
#613=FACE_OUTER_BOUND('',#1069,.T.);
#614=FACE_OUTER_BOUND('',#1070,.T.);
#615=FACE_OUTER_BOUND('',#1071,.T.);
#616=FACE_OUTER_BOUND('',#1072,.T.);
#617=FACE_OUTER_BOUND('',#1073,.T.);
#618=FACE_OUTER_BOUND('',#1074,.T.);
#619=FACE_OUTER_BOUND('',#1075,.T.);
#620=FACE_OUTER_BOUND('',#1076,.T.);
#621=FACE_OUTER_BOUND('',#1077,.T.);
#622=FACE_OUTER_BOUND('',#1078,.T.);
#623=FACE_OUTER_BOUND('',#1079,.T.);
#624=FACE_OUTER_BOUND('',#1080,.T.);
#625=FACE_OUTER_BOUND('',#1081,.T.);
#626=FACE_OUTER_BOUND('',#1082,.T.);
#627=FACE_OUTER_BOUND('',#1083,.T.);
#628=FACE_OUTER_BOUND('',#1084,.T.);
#629=FACE_OUTER_BOUND('',#1085,.T.);
#630=FACE_OUTER_BOUND('',#1086,.T.);
#631=FACE_OUTER_BOUND('',#1087,.T.);
#632=FACE_OUTER_BOUND('',#1088,.T.);
#633=FACE_OUTER_BOUND('',#1089,.T.);
#634=FACE_OUTER_BOUND('',#1090,.T.);
#635=FACE_OUTER_BOUND('',#1091,.T.);
#636=FACE_OUTER_BOUND('',#1092,.T.);
#637=FACE_OUTER_BOUND('',#1093,.T.);
#638=FACE_OUTER_BOUND('',#1094,.T.);
#639=FACE_OUTER_BOUND('',#1095,.T.);
#640=FACE_OUTER_BOUND('',#1096,.T.);
#641=FACE_OUTER_BOUND('',#1097,.T.);
#642=FACE_OUTER_BOUND('',#1098,.T.);
#643=FACE_OUTER_BOUND('',#1099,.T.);
#644=FACE_OUTER_BOUND('',#1100,.T.);
#645=FACE_OUTER_BOUND('',#1101,.T.);
#646=FACE_OUTER_BOUND('',#1102,.T.);
#647=FACE_OUTER_BOUND('',#1103,.T.);
#648=FACE_OUTER_BOUND('',#1104,.T.);
#649=FACE_OUTER_BOUND('',#1105,.T.);
#650=FACE_OUTER_BOUND('',#1106,.T.);
#651=FACE_OUTER_BOUND('',#1107,.T.);
#652=FACE_OUTER_BOUND('',#1108,.T.);
#653=FACE_OUTER_BOUND('',#1109,.T.);
#654=FACE_OUTER_BOUND('',#1110,.T.);
#655=FACE_OUTER_BOUND('',#1111,.T.);
#656=FACE_OUTER_BOUND('',#1112,.T.);
#657=FACE_OUTER_BOUND('',#1113,.T.);
#658=FACE_OUTER_BOUND('',#1114,.T.);
#659=FACE_OUTER_BOUND('',#1115,.T.);
#660=FACE_OUTER_BOUND('',#1116,.T.);
#661=FACE_OUTER_BOUND('',#1117,.T.);
#662=FACE_OUTER_BOUND('',#1118,.T.);
#663=FACE_OUTER_BOUND('',#1119,.T.);
#664=FACE_OUTER_BOUND('',#1120,.T.);
#665=FACE_OUTER_BOUND('',#1121,.T.);
#666=FACE_OUTER_BOUND('',#1122,.T.);
#667=FACE_OUTER_BOUND('',#1123,.T.);
#668=FACE_OUTER_BOUND('',#1124,.T.);
#669=FACE_OUTER_BOUND('',#1125,.T.);
#670=FACE_OUTER_BOUND('',#1126,.T.);
#671=FACE_OUTER_BOUND('',#1127,.T.);
#672=FACE_OUTER_BOUND('',#1128,.T.);
#673=FACE_OUTER_BOUND('',#1129,.T.);
#674=FACE_OUTER_BOUND('',#1130,.T.);
#675=FACE_OUTER_BOUND('',#1133,.T.);
#676=FACE_OUTER_BOUND('',#1134,.T.);
#677=FACE_OUTER_BOUND('',#1135,.T.);
#678=FACE_OUTER_BOUND('',#1136,.T.);
#679=FACE_OUTER_BOUND('',#1137,.T.);
#680=FACE_OUTER_BOUND('',#1140,.T.);
#681=FACE_OUTER_BOUND('',#1141,.T.);
#682=FACE_OUTER_BOUND('',#1142,.T.);
#683=FACE_OUTER_BOUND('',#1143,.T.);
#684=FACE_OUTER_BOUND('',#1144,.T.);
#685=FACE_OUTER_BOUND('',#1145,.T.);
#686=FACE_OUTER_BOUND('',#1146,.T.);
#687=FACE_OUTER_BOUND('',#1147,.T.);
#688=FACE_OUTER_BOUND('',#1148,.T.);
#689=FACE_OUTER_BOUND('',#1149,.T.);
#690=FACE_OUTER_BOUND('',#1150,.T.);
#691=FACE_OUTER_BOUND('',#1151,.T.);
#692=FACE_OUTER_BOUND('',#1152,.T.);
#693=FACE_OUTER_BOUND('',#1153,.T.);
#694=FACE_OUTER_BOUND('',#1158,.T.);
#695=FACE_OUTER_BOUND('',#1159,.T.);
#696=FACE_OUTER_BOUND('',#1160,.T.);
#697=FACE_OUTER_BOUND('',#1161,.T.);
#698=FACE_OUTER_BOUND('',#1162,.T.);
#699=FACE_OUTER_BOUND('',#1163,.T.);
#700=FACE_OUTER_BOUND('',#1164,.T.);
#701=FACE_OUTER_BOUND('',#1165,.T.);
#702=FACE_OUTER_BOUND('',#1166,.T.);
#703=FACE_OUTER_BOUND('',#1167,.T.);
#704=FACE_OUTER_BOUND('',#1168,.T.);
#705=FACE_OUTER_BOUND('',#1169,.T.);
#706=FACE_OUTER_BOUND('',#1170,.T.);
#707=FACE_OUTER_BOUND('',#1175,.T.);
#708=FACE_OUTER_BOUND('',#1180,.T.);
#709=FACE_OUTER_BOUND('',#1181,.T.);
#710=FACE_OUTER_BOUND('',#1182,.T.);
#711=FACE_OUTER_BOUND('',#1183,.T.);
#712=FACE_OUTER_BOUND('',#1184,.T.);
#713=FACE_OUTER_BOUND('',#1189,.T.);
#714=FACE_OUTER_BOUND('',#1194,.T.);
#715=FACE_OUTER_BOUND('',#1195,.T.);
#716=FACE_OUTER_BOUND('',#1196,.T.);
#717=FACE_OUTER_BOUND('',#1197,.T.);
#718=FACE_OUTER_BOUND('',#1198,.T.);
#719=FACE_OUTER_BOUND('',#1199,.T.);
#720=FACE_OUTER_BOUND('',#1200,.T.);
#721=FACE_OUTER_BOUND('',#1201,.T.);
#722=FACE_OUTER_BOUND('',#1202,.T.);
#723=FACE_OUTER_BOUND('',#1203,.T.);
#724=FACE_OUTER_BOUND('',#1204,.T.);
#725=FACE_OUTER_BOUND('',#1205,.T.);
#726=FACE_OUTER_BOUND('',#1206,.T.);
#727=FACE_OUTER_BOUND('',#1207,.T.);
#728=FACE_OUTER_BOUND('',#1208,.T.);
#729=FACE_OUTER_BOUND('',#1209,.T.);
#730=FACE_OUTER_BOUND('',#1210,.T.);
#731=FACE_OUTER_BOUND('',#1211,.T.);
#732=FACE_OUTER_BOUND('',#1212,.T.);
#733=FACE_OUTER_BOUND('',#1217,.T.);
#734=EDGE_LOOP('',(#3732,#3733,#3734,#3735));
#735=EDGE_LOOP('',(#3736,#3737,#3738,#3739));
#736=EDGE_LOOP('',(#3740,#3741,#3742,#3743,#3744));
#737=EDGE_LOOP('',(#3745,#3746,#3747,#3748));
#738=EDGE_LOOP('',(#3749,#3750,#3751,#3752,#3753));
#739=EDGE_LOOP('',(#3754,#3755,#3756,#3757));
#740=EDGE_LOOP('',(#3758,#3759,#3760,#3761));
#741=EDGE_LOOP('',(#3762,#3763,#3764,#3765));
#742=EDGE_LOOP('',(#3766,#3767,#3768,#3769));
#743=EDGE_LOOP('',(#3770,#3771,#3772,#3773));
#744=EDGE_LOOP('',(#3774,#3775,#3776,#3777));
#745=EDGE_LOOP('',(#3778,#3779,#3780,#3781));
#746=EDGE_LOOP('',(#3782,#3783,#3784,#3785));
#747=EDGE_LOOP('',(#3786,#3787,#3788,#3789,#3790,#3791,#3792,#3793));
#748=EDGE_LOOP('',(#3794));
#749=EDGE_LOOP('',(#3795));
#750=EDGE_LOOP('',(#3796,#3797,#3798,#3799));
#751=EDGE_LOOP('',(#3800,#3801,#3802,#3803));
#752=EDGE_LOOP('',(#3804));
#753=EDGE_LOOP('',(#3805));
#754=EDGE_LOOP('',(#3806,#3807,#3808,#3809));
#755=EDGE_LOOP('',(#3810,#3811,#3812,#3813,#3814,#3815));
#756=EDGE_LOOP('',(#3816,#3817,#3818,#3819));
#757=EDGE_LOOP('',(#3820,#3821,#3822,#3823));
#758=EDGE_LOOP('',(#3824,#3825,#3826,#3827,#3828));
#759=EDGE_LOOP('',(#3829,#3830,#3831,#3832,#3833,#3834));
#760=EDGE_LOOP('',(#3835,#3836,#3837,#3838,#3839,#3840,#3841,#3842));
#761=EDGE_LOOP('',(#3843));
#762=EDGE_LOOP('',(#3844));
#763=EDGE_LOOP('',(#3845));
#764=EDGE_LOOP('',(#3846));
#765=EDGE_LOOP('',(#3847));
#766=EDGE_LOOP('',(#3848));
#767=EDGE_LOOP('',(#3849));
#768=EDGE_LOOP('',(#3850));
#769=EDGE_LOOP('',(#3851));
#770=EDGE_LOOP('',(#3852));
#771=EDGE_LOOP('',(#3853));
#772=EDGE_LOOP('',(#3854));
#773=EDGE_LOOP('',(#3855));
#774=EDGE_LOOP('',(#3856));
#775=EDGE_LOOP('',(#3857));
#776=EDGE_LOOP('',(#3858));
#777=EDGE_LOOP('',(#3859));
#778=EDGE_LOOP('',(#3860));
#779=EDGE_LOOP('',(#3861));
#780=EDGE_LOOP('',(#3862));
#781=EDGE_LOOP('',(#3863));
#782=EDGE_LOOP('',(#3864));
#783=EDGE_LOOP('',(#3865));
#784=EDGE_LOOP('',(#3866));
#785=EDGE_LOOP('',(#3867));
#786=EDGE_LOOP('',(#3868));
#787=EDGE_LOOP('',(#3869));
#788=EDGE_LOOP('',(#3870));
#789=EDGE_LOOP('',(#3871));
#790=EDGE_LOOP('',(#3872));
#791=EDGE_LOOP('',(#3873));
#792=EDGE_LOOP('',(#3874));
#793=EDGE_LOOP('',(#3875));
#794=EDGE_LOOP('',(#3876));
#795=EDGE_LOOP('',(#3877));
#796=EDGE_LOOP('',(#3878));
#797=EDGE_LOOP('',(#3879));
#798=EDGE_LOOP('',(#3880));
#799=EDGE_LOOP('',(#3881));
#800=EDGE_LOOP('',(#3882));
#801=EDGE_LOOP('',(#3883));
#802=EDGE_LOOP('',(#3884,#3885,#3886,#3887,#3888,#3889,#3890,#3891));
#803=EDGE_LOOP('',(#3892,#3893,#3894,#3895,#3896,#3897,#3898,#3899));
#804=EDGE_LOOP('',(#3900,#3901,#3902,#3903,#3904,#3905,#3906,#3907));
#805=EDGE_LOOP('',(#3908,#3909,#3910,#3911,#3912,#3913,#3914,#3915));
#806=EDGE_LOOP('',(#3916,#3917,#3918,#3919,#3920,#3921,#3922,#3923));
#807=EDGE_LOOP('',(#3924));
#808=EDGE_LOOP('',(#3925));
#809=EDGE_LOOP('',(#3926));
#810=EDGE_LOOP('',(#3927));
#811=EDGE_LOOP('',(#3928));
#812=EDGE_LOOP('',(#3929));
#813=EDGE_LOOP('',(#3930));
#814=EDGE_LOOP('',(#3931));
#815=EDGE_LOOP('',(#3932));
#816=EDGE_LOOP('',(#3933));
#817=EDGE_LOOP('',(#3934));
#818=EDGE_LOOP('',(#3935));
#819=EDGE_LOOP('',(#3936));
#820=EDGE_LOOP('',(#3937));
#821=EDGE_LOOP('',(#3938));
#822=EDGE_LOOP('',(#3939));
#823=EDGE_LOOP('',(#3940));
#824=EDGE_LOOP('',(#3941,#3942,#3943,#3944,#3945));
#825=EDGE_LOOP('',(#3946,#3947,#3948,#3949,#3950,#3951,#3952,#3953));
#826=EDGE_LOOP('',(#3954));
#827=EDGE_LOOP('',(#3955));
#828=EDGE_LOOP('',(#3956));
#829=EDGE_LOOP('',(#3957));
#830=EDGE_LOOP('',(#3958));
#831=EDGE_LOOP('',(#3959));
#832=EDGE_LOOP('',(#3960));
#833=EDGE_LOOP('',(#3961));
#834=EDGE_LOOP('',(#3962));
#835=EDGE_LOOP('',(#3963));
#836=EDGE_LOOP('',(#3964));
#837=EDGE_LOOP('',(#3965));
#838=EDGE_LOOP('',(#3966));
#839=EDGE_LOOP('',(#3967));
#840=EDGE_LOOP('',(#3968));
#841=EDGE_LOOP('',(#3969));
#842=EDGE_LOOP('',(#3970));
#843=EDGE_LOOP('',(#3971));
#844=EDGE_LOOP('',(#3972));
#845=EDGE_LOOP('',(#3973));
#846=EDGE_LOOP('',(#3974));
#847=EDGE_LOOP('',(#3975));
#848=EDGE_LOOP('',(#3976));
#849=EDGE_LOOP('',(#3977));
#850=EDGE_LOOP('',(#3978));
#851=EDGE_LOOP('',(#3979));
#852=EDGE_LOOP('',(#3980));
#853=EDGE_LOOP('',(#3981));
#854=EDGE_LOOP('',(#3982));
#855=EDGE_LOOP('',(#3983));
#856=EDGE_LOOP('',(#3984));
#857=EDGE_LOOP('',(#3985));
#858=EDGE_LOOP('',(#3986));
#859=EDGE_LOOP('',(#3987));
#860=EDGE_LOOP('',(#3988));
#861=EDGE_LOOP('',(#3989));
#862=EDGE_LOOP('',(#3990));
#863=EDGE_LOOP('',(#3991));
#864=EDGE_LOOP('',(#3992));
#865=EDGE_LOOP('',(#3993));
#866=EDGE_LOOP('',(#3994));
#867=EDGE_LOOP('',(#3995,#3996,#3997,#3998,#3999,#4000,#4001,#4002));
#868=EDGE_LOOP('',(#4003,#4004,#4005,#4006,#4007,#4008,#4009,#4010));
#869=EDGE_LOOP('',(#4011,#4012,#4013,#4014,#4015,#4016,#4017,#4018));
#870=EDGE_LOOP('',(#4019,#4020,#4021,#4022,#4023,#4024,#4025,#4026));
#871=EDGE_LOOP('',(#4027,#4028,#4029,#4030,#4031,#4032,#4033,#4034));
#872=EDGE_LOOP('',(#4035));
#873=EDGE_LOOP('',(#4036));
#874=EDGE_LOOP('',(#4037));
#875=EDGE_LOOP('',(#4038));
#876=EDGE_LOOP('',(#4039));
#877=EDGE_LOOP('',(#4040));
#878=EDGE_LOOP('',(#4041));
#879=EDGE_LOOP('',(#4042));
#880=EDGE_LOOP('',(#4043));
#881=EDGE_LOOP('',(#4044));
#882=EDGE_LOOP('',(#4045));
#883=EDGE_LOOP('',(#4046));
#884=EDGE_LOOP('',(#4047));
#885=EDGE_LOOP('',(#4048));
#886=EDGE_LOOP('',(#4049));
#887=EDGE_LOOP('',(#4050));
#888=EDGE_LOOP('',(#4051));
#889=EDGE_LOOP('',(#4052,#4053,#4054,#4055,#4056));
#890=EDGE_LOOP('',(#4057,#4058,#4059,#4060,#4061,#4062));
#891=EDGE_LOOP('',(#4063,#4064,#4065,#4066,#4067));
#892=EDGE_LOOP('',(#4068,#4069,#4070,#4071,#4072));
#893=EDGE_LOOP('',(#4073,#4074,#4075,#4076,#4077,#4078));
#894=EDGE_LOOP('',(#4079,#4080,#4081,#4082,#4083));
#895=EDGE_LOOP('',(#4084,#4085,#4086,#4087,#4088));
#896=EDGE_LOOP('',(#4089,#4090,#4091,#4092,#4093,#4094));
#897=EDGE_LOOP('',(#4095,#4096,#4097,#4098,#4099));
#898=EDGE_LOOP('',(#4100,#4101,#4102,#4103,#4104));
#899=EDGE_LOOP('',(#4105,#4106,#4107,#4108,#4109,#4110));
#900=EDGE_LOOP('',(#4111,#4112,#4113,#4114,#4115));
#901=EDGE_LOOP('',(#4116,#4117,#4118,#4119,#4120));
#902=EDGE_LOOP('',(#4121,#4122,#4123,#4124,#4125,#4126));
#903=EDGE_LOOP('',(#4127,#4128,#4129,#4130,#4131));
#904=EDGE_LOOP('',(#4132,#4133,#4134,#4135,#4136));
#905=EDGE_LOOP('',(#4137,#4138,#4139,#4140,#4141,#4142));
#906=EDGE_LOOP('',(#4143,#4144,#4145,#4146,#4147));
#907=EDGE_LOOP('',(#4148,#4149,#4150,#4151,#4152));
#908=EDGE_LOOP('',(#4153,#4154,#4155,#4156,#4157,#4158));
#909=EDGE_LOOP('',(#4159,#4160,#4161,#4162,#4163));
#910=EDGE_LOOP('',(#4164,#4165,#4166,#4167,#4168));
#911=EDGE_LOOP('',(#4169,#4170,#4171,#4172,#4173,#4174));
#912=EDGE_LOOP('',(#4175,#4176,#4177,#4178,#4179));
#913=EDGE_LOOP('',(#4180,#4181,#4182,#4183,#4184,#4185));
#914=EDGE_LOOP('',(#4186,#4187,#4188,#4189,#4190));
#915=EDGE_LOOP('',(#4191,#4192,#4193,#4194,#4195));
#916=EDGE_LOOP('',(#4196,#4197,#4198,#4199,#4200));
#917=EDGE_LOOP('',(#4201,#4202,#4203,#4204,#4205,#4206));
#918=EDGE_LOOP('',(#4207,#4208,#4209,#4210,#4211));
#919=EDGE_LOOP('',(#4212,#4213,#4214,#4215,#4216,#4217));
#920=EDGE_LOOP('',(#4218,#4219,#4220,#4221,#4222));
#921=EDGE_LOOP('',(#4223,#4224,#4225,#4226,#4227));
#922=EDGE_LOOP('',(#4228,#4229,#4230,#4231,#4232));
#923=EDGE_LOOP('',(#4233,#4234,#4235,#4236,#4237,#4238));
#924=EDGE_LOOP('',(#4239,#4240,#4241,#4242,#4243));
#925=EDGE_LOOP('',(#4244,#4245,#4246,#4247,#4248));
#926=EDGE_LOOP('',(#4249,#4250,#4251,#4252,#4253,#4254));
#927=EDGE_LOOP('',(#4255,#4256,#4257,#4258,#4259));
#928=EDGE_LOOP('',(#4260,#4261,#4262,#4263,#4264));
#929=EDGE_LOOP('',(#4265,#4266,#4267,#4268,#4269,#4270));
#930=EDGE_LOOP('',(#4271,#4272,#4273,#4274,#4275));
#931=EDGE_LOOP('',(#4276,#4277,#4278,#4279,#4280));
#932=EDGE_LOOP('',(#4281,#4282,#4283,#4284,#4285,#4286));
#933=EDGE_LOOP('',(#4287,#4288,#4289,#4290,#4291));
#934=EDGE_LOOP('',(#4292,#4293,#4294,#4295,#4296));
#935=EDGE_LOOP('',(#4297,#4298,#4299,#4300,#4301,#4302));
#936=EDGE_LOOP('',(#4303,#4304,#4305,#4306,#4307));
#937=EDGE_LOOP('',(#4308,#4309,#4310,#4311,#4312));
#938=EDGE_LOOP('',(#4313,#4314,#4315,#4316,#4317,#4318));
#939=EDGE_LOOP('',(#4319,#4320,#4321,#4322,#4323));
#940=EDGE_LOOP('',(#4324,#4325,#4326,#4327));
#941=EDGE_LOOP('',(#4328,#4329,#4330,#4331));
#942=EDGE_LOOP('',(#4332,#4333,#4334,#4335));
#943=EDGE_LOOP('',(#4336,#4337,#4338,#4339));
#944=EDGE_LOOP('',(#4340,#4341,#4342,#4343));
#945=EDGE_LOOP('',(#4344,#4345,#4346,#4347));
#946=EDGE_LOOP('',(#4348,#4349,#4350,#4351));
#947=EDGE_LOOP('',(#4352,#4353,#4354,#4355));
#948=EDGE_LOOP('',(#4356,#4357,#4358,#4359));
#949=EDGE_LOOP('',(#4360,#4361,#4362,#4363));
#950=EDGE_LOOP('',(#4364,#4365,#4366,#4367));
#951=EDGE_LOOP('',(#4368,#4369,#4370,#4371));
#952=EDGE_LOOP('',(#4372,#4373,#4374,#4375));
#953=EDGE_LOOP('',(#4376,#4377,#4378,#4379));
#954=EDGE_LOOP('',(#4380,#4381,#4382,#4383));
#955=EDGE_LOOP('',(#4384,#4385,#4386,#4387));
#956=EDGE_LOOP('',(#4388,#4389,#4390,#4391));
#957=EDGE_LOOP('',(#4392,#4393,#4394,#4395));
#958=EDGE_LOOP('',(#4396,#4397,#4398,#4399));
#959=EDGE_LOOP('',(#4400,#4401,#4402,#4403));
#960=EDGE_LOOP('',(#4404,#4405,#4406,#4407));
#961=EDGE_LOOP('',(#4408,#4409,#4410,#4411));
#962=EDGE_LOOP('',(#4412,#4413,#4414,#4415));
#963=EDGE_LOOP('',(#4416,#4417,#4418,#4419));
#964=EDGE_LOOP('',(#4420,#4421,#4422,#4423));
#965=EDGE_LOOP('',(#4424,#4425,#4426,#4427));
#966=EDGE_LOOP('',(#4428,#4429,#4430,#4431));
#967=EDGE_LOOP('',(#4432,#4433,#4434,#4435));
#968=EDGE_LOOP('',(#4436,#4437,#4438,#4439));
#969=EDGE_LOOP('',(#4440,#4441,#4442,#4443));
#970=EDGE_LOOP('',(#4444,#4445,#4446,#4447));
#971=EDGE_LOOP('',(#4448,#4449,#4450,#4451));
#972=EDGE_LOOP('',(#4452,#4453,#4454,#4455));
#973=EDGE_LOOP('',(#4456,#4457,#4458,#4459));
#974=EDGE_LOOP('',(#4460,#4461,#4462,#4463));
#975=EDGE_LOOP('',(#4464,#4465,#4466,#4467));
#976=EDGE_LOOP('',(#4468,#4469,#4470,#4471));
#977=EDGE_LOOP('',(#4472,#4473,#4474,#4475));
#978=EDGE_LOOP('',(#4476,#4477,#4478,#4479));
#979=EDGE_LOOP('',(#4480,#4481,#4482,#4483));
#980=EDGE_LOOP('',(#4484,#4485,#4486,#4487));
#981=EDGE_LOOP('',(#4488,#4489,#4490,#4491));
#982=EDGE_LOOP('',(#4492,#4493,#4494,#4495));
#983=EDGE_LOOP('',(#4496,#4497,#4498,#4499));
#984=EDGE_LOOP('',(#4500,#4501,#4502,#4503));
#985=EDGE_LOOP('',(#4504,#4505,#4506,#4507));
#986=EDGE_LOOP('',(#4508,#4509,#4510,#4511));
#987=EDGE_LOOP('',(#4512,#4513,#4514,#4515));
#988=EDGE_LOOP('',(#4516,#4517,#4518,#4519));
#989=EDGE_LOOP('',(#4520,#4521,#4522,#4523));
#990=EDGE_LOOP('',(#4524,#4525,#4526,#4527));
#991=EDGE_LOOP('',(#4528,#4529,#4530,#4531));
#992=EDGE_LOOP('',(#4532,#4533,#4534,#4535));
#993=EDGE_LOOP('',(#4536,#4537,#4538,#4539));
#994=EDGE_LOOP('',(#4540,#4541,#4542,#4543));
#995=EDGE_LOOP('',(#4544,#4545,#4546,#4547));
#996=EDGE_LOOP('',(#4548,#4549,#4550,#4551));
#997=EDGE_LOOP('',(#4552,#4553,#4554,#4555));
#998=EDGE_LOOP('',(#4556,#4557,#4558,#4559));
#999=EDGE_LOOP('',(#4560,#4561,#4562,#4563));
#1000=EDGE_LOOP('',(#4564,#4565,#4566,#4567));
#1001=EDGE_LOOP('',(#4568,#4569,#4570,#4571));
#1002=EDGE_LOOP('',(#4572,#4573,#4574,#4575));
#1003=EDGE_LOOP('',(#4576,#4577,#4578,#4579));
#1004=EDGE_LOOP('',(#4580,#4581,#4582,#4583));
#1005=EDGE_LOOP('',(#4584,#4585,#4586,#4587));
#1006=EDGE_LOOP('',(#4588,#4589,#4590,#4591));
#1007=EDGE_LOOP('',(#4592,#4593,#4594,#4595));
#1008=EDGE_LOOP('',(#4596,#4597,#4598,#4599));
#1009=EDGE_LOOP('',(#4600,#4601,#4602,#4603));
#1010=EDGE_LOOP('',(#4604,#4605,#4606,#4607));
#1011=EDGE_LOOP('',(#4608,#4609,#4610,#4611));
#1012=EDGE_LOOP('',(#4612,#4613,#4614,#4615));
#1013=EDGE_LOOP('',(#4616,#4617,#4618,#4619));
#1014=EDGE_LOOP('',(#4620,#4621,#4622,#4623));
#1015=EDGE_LOOP('',(#4624,#4625,#4626,#4627));
#1016=EDGE_LOOP('',(#4628,#4629,#4630,#4631));
#1017=EDGE_LOOP('',(#4632,#4633,#4634,#4635));
#1018=EDGE_LOOP('',(#4636,#4637,#4638,#4639));
#1019=EDGE_LOOP('',(#4640,#4641,#4642,#4643));
#1020=EDGE_LOOP('',(#4644,#4645,#4646,#4647));
#1021=EDGE_LOOP('',(#4648,#4649,#4650,#4651));
#1022=EDGE_LOOP('',(#4652,#4653,#4654,#4655));
#1023=EDGE_LOOP('',(#4656,#4657,#4658,#4659));
#1024=EDGE_LOOP('',(#4660,#4661,#4662,#4663));
#1025=EDGE_LOOP('',(#4664,#4665,#4666,#4667));
#1026=EDGE_LOOP('',(#4668,#4669,#4670,#4671));
#1027=EDGE_LOOP('',(#4672,#4673,#4674,#4675));
#1028=EDGE_LOOP('',(#4676,#4677,#4678,#4679));
#1029=EDGE_LOOP('',(#4680,#4681,#4682,#4683));
#1030=EDGE_LOOP('',(#4684,#4685,#4686,#4687));
#1031=EDGE_LOOP('',(#4688,#4689,#4690,#4691));
#1032=EDGE_LOOP('',(#4692,#4693,#4694,#4695));
#1033=EDGE_LOOP('',(#4696,#4697,#4698,#4699));
#1034=EDGE_LOOP('',(#4700,#4701,#4702,#4703));
#1035=EDGE_LOOP('',(#4704,#4705,#4706,#4707));
#1036=EDGE_LOOP('',(#4708,#4709,#4710,#4711));
#1037=EDGE_LOOP('',(#4712,#4713,#4714,#4715));
#1038=EDGE_LOOP('',(#4716,#4717,#4718,#4719));
#1039=EDGE_LOOP('',(#4720,#4721,#4722,#4723));
#1040=EDGE_LOOP('',(#4724,#4725,#4726,#4727));
#1041=EDGE_LOOP('',(#4728,#4729,#4730,#4731));
#1042=EDGE_LOOP('',(#4732,#4733,#4734,#4735));
#1043=EDGE_LOOP('',(#4736,#4737,#4738,#4739));
#1044=EDGE_LOOP('',(#4740,#4741,#4742,#4743));
#1045=EDGE_LOOP('',(#4744,#4745,#4746,#4747));
#1046=EDGE_LOOP('',(#4748,#4749,#4750,#4751));
#1047=EDGE_LOOP('',(#4752,#4753,#4754,#4755));
#1048=EDGE_LOOP('',(#4756,#4757,#4758,#4759));
#1049=EDGE_LOOP('',(#4760,#4761,#4762,#4763));
#1050=EDGE_LOOP('',(#4764,#4765,#4766,#4767));
#1051=EDGE_LOOP('',(#4768,#4769,#4770,#4771));
#1052=EDGE_LOOP('',(#4772,#4773,#4774,#4775));
#1053=EDGE_LOOP('',(#4776,#4777,#4778,#4779));
#1054=EDGE_LOOP('',(#4780,#4781,#4782,#4783));
#1055=EDGE_LOOP('',(#4784,#4785,#4786,#4787));
#1056=EDGE_LOOP('',(#4788,#4789,#4790,#4791));
#1057=EDGE_LOOP('',(#4792,#4793,#4794,#4795));
#1058=EDGE_LOOP('',(#4796,#4797,#4798,#4799));
#1059=EDGE_LOOP('',(#4800,#4801,#4802,#4803));
#1060=EDGE_LOOP('',(#4804,#4805,#4806,#4807));
#1061=EDGE_LOOP('',(#4808,#4809,#4810,#4811));
#1062=EDGE_LOOP('',(#4812,#4813,#4814,#4815));
#1063=EDGE_LOOP('',(#4816,#4817,#4818,#4819));
#1064=EDGE_LOOP('',(#4820,#4821,#4822,#4823));
#1065=EDGE_LOOP('',(#4824,#4825,#4826,#4827));
#1066=EDGE_LOOP('',(#4828,#4829,#4830,#4831));
#1067=EDGE_LOOP('',(#4832,#4833,#4834,#4835));
#1068=EDGE_LOOP('',(#4836,#4837,#4838,#4839));
#1069=EDGE_LOOP('',(#4840,#4841,#4842,#4843));
#1070=EDGE_LOOP('',(#4844,#4845,#4846,#4847));
#1071=EDGE_LOOP('',(#4848,#4849,#4850,#4851));
#1072=EDGE_LOOP('',(#4852,#4853,#4854,#4855));
#1073=EDGE_LOOP('',(#4856,#4857,#4858,#4859));
#1074=EDGE_LOOP('',(#4860,#4861,#4862,#4863));
#1075=EDGE_LOOP('',(#4864,#4865,#4866,#4867));
#1076=EDGE_LOOP('',(#4868,#4869,#4870,#4871));
#1077=EDGE_LOOP('',(#4872,#4873,#4874,#4875));
#1078=EDGE_LOOP('',(#4876,#4877,#4878,#4879));
#1079=EDGE_LOOP('',(#4880,#4881,#4882,#4883));
#1080=EDGE_LOOP('',(#4884,#4885,#4886,#4887));
#1081=EDGE_LOOP('',(#4888,#4889,#4890,#4891));
#1082=EDGE_LOOP('',(#4892,#4893,#4894,#4895));
#1083=EDGE_LOOP('',(#4896,#4897,#4898,#4899));
#1084=EDGE_LOOP('',(#4900,#4901,#4902,#4903));
#1085=EDGE_LOOP('',(#4904,#4905,#4906,#4907));
#1086=EDGE_LOOP('',(#4908,#4909,#4910,#4911));
#1087=EDGE_LOOP('',(#4912,#4913,#4914,#4915));
#1088=EDGE_LOOP('',(#4916,#4917,#4918,#4919));
#1089=EDGE_LOOP('',(#4920,#4921,#4922,#4923));
#1090=EDGE_LOOP('',(#4924,#4925,#4926,#4927));
#1091=EDGE_LOOP('',(#4928,#4929,#4930,#4931));
#1092=EDGE_LOOP('',(#4932,#4933,#4934,#4935));
#1093=EDGE_LOOP('',(#4936,#4937,#4938,#4939));
#1094=EDGE_LOOP('',(#4940,#4941,#4942,#4943));
#1095=EDGE_LOOP('',(#4944,#4945,#4946,#4947));
#1096=EDGE_LOOP('',(#4948,#4949,#4950,#4951));
#1097=EDGE_LOOP('',(#4952,#4953,#4954,#4955));
#1098=EDGE_LOOP('',(#4956,#4957,#4958,#4959));
#1099=EDGE_LOOP('',(#4960,#4961,#4962,#4963));
#1100=EDGE_LOOP('',(#4964,#4965,#4966,#4967));
#1101=EDGE_LOOP('',(#4968,#4969,#4970,#4971));
#1102=EDGE_LOOP('',(#4972,#4973,#4974,#4975));
#1103=EDGE_LOOP('',(#4976,#4977,#4978,#4979));
#1104=EDGE_LOOP('',(#4980,#4981,#4982,#4983));
#1105=EDGE_LOOP('',(#4984,#4985,#4986,#4987));
#1106=EDGE_LOOP('',(#4988,#4989,#4990,#4991));
#1107=EDGE_LOOP('',(#4992,#4993,#4994,#4995));
#1108=EDGE_LOOP('',(#4996,#4997,#4998,#4999));
#1109=EDGE_LOOP('',(#5000,#5001,#5002,#5003));
#1110=EDGE_LOOP('',(#5004,#5005,#5006,#5007));
#1111=EDGE_LOOP('',(#5008,#5009,#5010,#5011));
#1112=EDGE_LOOP('',(#5012,#5013,#5014,#5015));
#1113=EDGE_LOOP('',(#5016,#5017,#5018,#5019));
#1114=EDGE_LOOP('',(#5020,#5021,#5022,#5023));
#1115=EDGE_LOOP('',(#5024,#5025,#5026,#5027));
#1116=EDGE_LOOP('',(#5028,#5029,#5030,#5031));
#1117=EDGE_LOOP('',(#5032,#5033,#5034,#5035));
#1118=EDGE_LOOP('',(#5036,#5037,#5038,#5039));
#1119=EDGE_LOOP('',(#5040,#5041,#5042,#5043));
#1120=EDGE_LOOP('',(#5044,#5045,#5046,#5047));
#1121=EDGE_LOOP('',(#5048,#5049,#5050,#5051));
#1122=EDGE_LOOP('',(#5052,#5053,#5054,#5055));
#1123=EDGE_LOOP('',(#5056,#5057,#5058,#5059));
#1124=EDGE_LOOP('',(#5060,#5061,#5062,#5063));
#1125=EDGE_LOOP('',(#5064,#5065,#5066,#5067));
#1126=EDGE_LOOP('',(#5068,#5069,#5070,#5071));
#1127=EDGE_LOOP('',(#5072,#5073,#5074,#5075));
#1128=EDGE_LOOP('',(#5076,#5077,#5078,#5079));
#1129=EDGE_LOOP('',(#5080,#5081,#5082,#5083));
#1130=EDGE_LOOP('',(#5084,#5085,#5086,#5087,#5088,#5089,#5090,#5091,#5092,
#5093,#5094,#5095));
#1131=EDGE_LOOP('',(#5096));
#1132=EDGE_LOOP('',(#5097));
#1133=EDGE_LOOP('',(#5098,#5099,#5100,#5101));
#1134=EDGE_LOOP('',(#5102,#5103,#5104,#5105));
#1135=EDGE_LOOP('',(#5106,#5107,#5108,#5109));
#1136=EDGE_LOOP('',(#5110,#5111,#5112,#5113));
#1137=EDGE_LOOP('',(#5114,#5115,#5116,#5117));
#1138=EDGE_LOOP('',(#5118));
#1139=EDGE_LOOP('',(#5119));
#1140=EDGE_LOOP('',(#5120,#5121,#5122,#5123,#5124,#5125,#5126,#5127));
#1141=EDGE_LOOP('',(#5128,#5129,#5130,#5131));
#1142=EDGE_LOOP('',(#5132,#5133,#5134,#5135,#5136,#5137,#5138,#5139));
#1143=EDGE_LOOP('',(#5140,#5141,#5142,#5143));
#1144=EDGE_LOOP('',(#5144,#5145,#5146,#5147));
#1145=EDGE_LOOP('',(#5148));
#1146=EDGE_LOOP('',(#5149,#5150,#5151,#5152));
#1147=EDGE_LOOP('',(#5153));
#1148=EDGE_LOOP('',(#5154,#5155,#5156,#5157));
#1149=EDGE_LOOP('',(#5158));
#1150=EDGE_LOOP('',(#5159,#5160,#5161,#5162));
#1151=EDGE_LOOP('',(#5163));
#1152=EDGE_LOOP('',(#5164,#5165,#5166,#5167));
#1153=EDGE_LOOP('',(#5168,#5169,#5170,#5171));
#1154=EDGE_LOOP('',(#5172));
#1155=EDGE_LOOP('',(#5173));
#1156=EDGE_LOOP('',(#5174));
#1157=EDGE_LOOP('',(#5175));
#1158=EDGE_LOOP('',(#5176,#5177,#5178,#5179));
#1159=EDGE_LOOP('',(#5180,#5181,#5182,#5183));
#1160=EDGE_LOOP('',(#5184,#5185,#5186,#5187));
#1161=EDGE_LOOP('',(#5188,#5189,#5190,#5191));
#1162=EDGE_LOOP('',(#5192,#5193,#5194,#5195));
#1163=EDGE_LOOP('',(#5196,#5197,#5198,#5199));
#1164=EDGE_LOOP('',(#5200,#5201,#5202,#5203));
#1165=EDGE_LOOP('',(#5204,#5205,#5206,#5207));
#1166=EDGE_LOOP('',(#5208,#5209,#5210,#5211));
#1167=EDGE_LOOP('',(#5212,#5213,#5214,#5215));
#1168=EDGE_LOOP('',(#5216,#5217,#5218,#5219));
#1169=EDGE_LOOP('',(#5220,#5221,#5222,#5223));
#1170=EDGE_LOOP('',(#5224,#5225,#5226,#5227));
#1171=EDGE_LOOP('',(#5228));
#1172=EDGE_LOOP('',(#5229));
#1173=EDGE_LOOP('',(#5230));
#1174=EDGE_LOOP('',(#5231));
#1175=EDGE_LOOP('',(#5232,#5233,#5234,#5235));
#1176=EDGE_LOOP('',(#5236));
#1177=EDGE_LOOP('',(#5237));
#1178=EDGE_LOOP('',(#5238));
#1179=EDGE_LOOP('',(#5239));
#1180=EDGE_LOOP('',(#5240,#5241,#5242,#5243));
#1181=EDGE_LOOP('',(#5244,#5245,#5246,#5247));
#1182=EDGE_LOOP('',(#5248,#5249,#5250,#5251));
#1183=EDGE_LOOP('',(#5252,#5253,#5254,#5255));
#1184=EDGE_LOOP('',(#5256,#5257,#5258,#5259));
#1185=EDGE_LOOP('',(#5260));
#1186=EDGE_LOOP('',(#5261));
#1187=EDGE_LOOP('',(#5262));
#1188=EDGE_LOOP('',(#5263));
#1189=EDGE_LOOP('',(#5264,#5265,#5266,#5267));
#1190=EDGE_LOOP('',(#5268));
#1191=EDGE_LOOP('',(#5269));
#1192=EDGE_LOOP('',(#5270));
#1193=EDGE_LOOP('',(#5271));
#1194=EDGE_LOOP('',(#5272,#5273,#5274,#5275));
#1195=EDGE_LOOP('',(#5276,#5277,#5278,#5279));
#1196=EDGE_LOOP('',(#5280,#5281,#5282,#5283));
#1197=EDGE_LOOP('',(#5284,#5285,#5286,#5287));
#1198=EDGE_LOOP('',(#5288,#5289,#5290,#5291));
#1199=EDGE_LOOP('',(#5292,#5293,#5294,#5295,#5296));
#1200=EDGE_LOOP('',(#5297,#5298,#5299,#5300));
#1201=EDGE_LOOP('',(#5301,#5302,#5303,#5304,#5305));
#1202=EDGE_LOOP('',(#5306,#5307,#5308,#5309));
#1203=EDGE_LOOP('',(#5310,#5311,#5312,#5313));
#1204=EDGE_LOOP('',(#5314,#5315,#5316,#5317));
#1205=EDGE_LOOP('',(#5318,#5319,#5320,#5321));
#1206=EDGE_LOOP('',(#5322,#5323,#5324,#5325));
#1207=EDGE_LOOP('',(#5326,#5327,#5328,#5329));
#1208=EDGE_LOOP('',(#5330,#5331,#5332,#5333));
#1209=EDGE_LOOP('',(#5334,#5335,#5336,#5337));
#1210=EDGE_LOOP('',(#5338,#5339,#5340,#5341));
#1211=EDGE_LOOP('',(#5342,#5343,#5344,#5345));
#1212=EDGE_LOOP('',(#5346,#5347,#5348,#5349,#5350,#5351));
#1213=EDGE_LOOP('',(#5352));
#1214=EDGE_LOOP('',(#5353));
#1215=EDGE_LOOP('',(#5354));
#1216=EDGE_LOOP('',(#5355));
#1217=EDGE_LOOP('',(#5356,#5357,#5358,#5359,#5360,#5361,#5362,#5363));
#1218=EDGE_LOOP('',(#5364));
#1219=EDGE_LOOP('',(#5365));
#1220=EDGE_LOOP('',(#5366));
#1221=EDGE_LOOP('',(#5367));
#1222=LINE('',#8687,#1584);
#1223=LINE('',#8693,#1585);
#1224=LINE('',#8698,#1586);
#1225=LINE('',#8700,#1587);
#1226=LINE('',#8702,#1588);
#1227=LINE('',#8704,#1589);
#1228=LINE('',#8705,#1590);
#1229=LINE('',#8708,#1591);
#1230=LINE('',#8710,#1592);
#1231=LINE('',#8711,#1593);
#1232=LINE('',#8714,#1594);
#1233=LINE('',#8716,#1595);
#1234=LINE('',#8718,#1596);
#1235=LINE('',#8719,#1597);
#1236=LINE('',#8721,#1598);
#1237=LINE('',#8722,#1599);
#1238=LINE('',#8725,#1600);
#1239=LINE('',#8729,#1601);
#1240=LINE('',#8731,#1602);
#1241=LINE('',#8733,#1603);
#1242=LINE('',#8734,#1604);
#1243=LINE('',#8737,#1605);
#1244=LINE('',#8739,#1606);
#1245=LINE('',#8740,#1607);
#1246=LINE('',#8743,#1608);
#1247=LINE('',#8745,#1609);
#1248=LINE('',#8746,#1610);
#1249=LINE('',#8748,#1611);
#1250=LINE('',#8749,#1612);
#1251=LINE('',#8753,#1613);
#1252=LINE('',#8755,#1614);
#1253=LINE('',#8757,#1615);
#1254=LINE('',#8759,#1616);
#1255=LINE('',#8760,#1617);
#1256=LINE('',#8764,#1618);
#1257=LINE('',#8766,#1619);
#1258=LINE('',#8768,#1620);
#1259=LINE('',#8769,#1621);
#1260=LINE('',#8771,#1622);
#1261=LINE('',#8772,#1623);
#1262=LINE('',#8774,#1624);
#1263=LINE('',#8776,#1625);
#1264=LINE('',#8789,#1626);
#1265=LINE('',#8796,#1627);
#1266=LINE('',#8800,#1628);
#1267=LINE('',#8804,#1629);
#1268=LINE('',#8808,#1630);
#1269=LINE('',#8896,#1631);
#1270=LINE('',#8900,#1632);
#1271=LINE('',#8904,#1633);
#1272=LINE('',#8907,#1634);
#1273=LINE('',#8910,#1635);
#1274=LINE('',#8914,#1636);
#1275=LINE('',#8918,#1637);
#1276=LINE('',#8922,#1638);
#1277=LINE('',#8926,#1639);
#1278=LINE('',#8930,#1640);
#1279=LINE('',#8934,#1641);
#1280=LINE('',#8938,#1642);
#1281=LINE('',#8944,#1643);
#1282=LINE('',#8948,#1644);
#1283=LINE('',#8952,#1645);
#1284=LINE('',#8955,#1646);
#1285=LINE('',#8958,#1647);
#1286=LINE('',#8962,#1648);
#1287=LINE('',#8966,#1649);
#1288=LINE('',#8970,#1650);
#1289=LINE('',#9011,#1651);
#1290=LINE('',#9015,#1652);
#1291=LINE('',#9019,#1653);
#1292=LINE('',#9023,#1654);
#1293=LINE('',#9111,#1655);
#1294=LINE('',#9115,#1656);
#1295=LINE('',#9119,#1657);
#1296=LINE('',#9122,#1658);
#1297=LINE('',#9127,#1659);
#1298=LINE('',#9131,#1660);
#1299=LINE('',#9135,#1661);
#1300=LINE('',#9138,#1662);
#1301=LINE('',#9141,#1663);
#1302=LINE('',#9145,#1664);
#1303=LINE('',#9149,#1665);
#1304=LINE('',#9153,#1666);
#1305=LINE('',#9157,#1667);
#1306=LINE('',#9161,#1668);
#1307=LINE('',#9165,#1669);
#1308=LINE('',#9169,#1670);
#1309=LINE('',#9173,#1671);
#1310=LINE('',#9177,#1672);
#1311=LINE('',#9181,#1673);
#1312=LINE('',#9185,#1674);
#1313=LINE('',#9227,#1675);
#1314=LINE('',#9241,#1676);
#1315=LINE('',#9257,#1677);
#1316=LINE('',#9269,#1678);
#1317=LINE('',#9283,#1679);
#1318=LINE('',#9297,#1680);
#1319=LINE('',#9311,#1681);
#1320=LINE('',#9327,#1682);
#1321=LINE('',#9339,#1683);
#1322=LINE('',#9353,#1684);
#1323=LINE('',#9365,#1685);
#1324=LINE('',#9383,#1686);
#1325=LINE('',#9397,#1687);
#1326=LINE('',#9409,#1688);
#1327=LINE('',#9425,#1689);
#1328=LINE('',#9437,#1690);
#1329=LINE('',#9453,#1691);
#1330=LINE('',#9458,#1692);
#1331=LINE('',#9460,#1693);
#1332=LINE('',#9462,#1694);
#1333=LINE('',#9464,#1695);
#1334=LINE('',#9466,#1696);
#1335=LINE('',#9468,#1697);
#1336=LINE('',#9470,#1698);
#1337=LINE('',#9472,#1699);
#1338=LINE('',#9474,#1700);
#1339=LINE('',#9476,#1701);
#1340=LINE('',#9478,#1702);
#1341=LINE('',#9480,#1703);
#1342=LINE('',#9482,#1704);
#1343=LINE('',#9484,#1705);
#1344=LINE('',#9486,#1706);
#1345=LINE('',#9488,#1707);
#1346=LINE('',#9490,#1708);
#1347=LINE('',#9492,#1709);
#1348=LINE('',#9494,#1710);
#1349=LINE('',#9496,#1711);
#1350=LINE('',#9498,#1712);
#1351=LINE('',#9500,#1713);
#1352=LINE('',#9502,#1714);
#1353=LINE('',#9504,#1715);
#1354=LINE('',#9506,#1716);
#1355=LINE('',#9508,#1717);
#1356=LINE('',#9510,#1718);
#1357=LINE('',#9512,#1719);
#1358=LINE('',#9514,#1720);
#1359=LINE('',#9516,#1721);
#1360=LINE('',#9518,#1722);
#1361=LINE('',#9520,#1723);
#1362=LINE('',#9522,#1724);
#1363=LINE('',#9524,#1725);
#1364=LINE('',#9526,#1726);
#1365=LINE('',#9528,#1727);
#1366=LINE('',#9533,#1728);
#1367=LINE('',#9542,#1729);
#1368=LINE('',#9550,#1730);
#1369=LINE('',#9558,#1731);
#1370=LINE('',#9563,#1732);
#1371=LINE('',#9566,#1733);
#1372=LINE('',#9569,#1734);
#1373=LINE('',#9570,#1735);
#1374=LINE('',#9573,#1736);
#1375=LINE('',#9577,#1737);
#1376=LINE('',#9578,#1738);
#1377=LINE('',#9593,#1739);
#1378=LINE('',#9600,#1740);
#1379=LINE('',#9603,#1741);
#1380=LINE('',#9605,#1742);
#1381=LINE('',#9607,#1743);
#1382=LINE('',#9609,#1744);
#1383=LINE('',#9611,#1745);
#1384=LINE('',#9613,#1746);
#1385=LINE('',#9615,#1747);
#1386=LINE('',#9621,#1748);
#1387=LINE('',#9630,#1749);
#1388=LINE('',#9638,#1750);
#1389=LINE('',#9646,#1751);
#1390=LINE('',#9651,#1752);
#1391=LINE('',#9654,#1753);
#1392=LINE('',#9657,#1754);
#1393=LINE('',#9658,#1755);
#1394=LINE('',#9661,#1756);
#1395=LINE('',#9665,#1757);
#1396=LINE('',#9666,#1758);
#1397=LINE('',#9681,#1759);
#1398=LINE('',#9688,#1760);
#1399=LINE('',#9691,#1761);
#1400=LINE('',#9701,#1762);
#1401=LINE('',#9709,#1763);
#1402=LINE('',#9717,#1764);
#1403=LINE('',#9723,#1765);
#1404=LINE('',#9726,#1766);
#1405=LINE('',#9728,#1767);
#1406=LINE('',#9729,#1768);
#1407=LINE('',#9732,#1769);
#1408=LINE('',#9736,#1770);
#1409=LINE('',#9737,#1771);
#1410=LINE('',#9740,#1772);
#1411=LINE('',#9751,#1773);
#1412=LINE('',#9764,#1774);
#1413=LINE('',#9766,#1775);
#1414=LINE('',#9768,#1776);
#1415=LINE('',#9770,#1777);
#1416=LINE('',#9780,#1778);
#1417=LINE('',#9788,#1779);
#1418=LINE('',#9796,#1780);
#1419=LINE('',#9802,#1781);
#1420=LINE('',#9805,#1782);
#1421=LINE('',#9807,#1783);
#1422=LINE('',#9808,#1784);
#1423=LINE('',#9811,#1785);
#1424=LINE('',#9815,#1786);
#1425=LINE('',#9816,#1787);
#1426=LINE('',#9819,#1788);
#1427=LINE('',#9825,#1789);
#1428=LINE('',#9841,#1790);
#1429=LINE('',#9845,#1791);
#1430=LINE('',#9847,#1792);
#1431=LINE('',#9857,#1793);
#1432=LINE('',#9865,#1794);
#1433=LINE('',#9873,#1795);
#1434=LINE('',#9879,#1796);
#1435=LINE('',#9882,#1797);
#1436=LINE('',#9884,#1798);
#1437=LINE('',#9885,#1799);
#1438=LINE('',#9888,#1800);
#1439=LINE('',#9892,#1801);
#1440=LINE('',#9893,#1802);
#1441=LINE('',#9896,#1803);
#1442=LINE('',#9910,#1804);
#1443=LINE('',#9918,#1805);
#1444=LINE('',#9925,#1806);
#1445=LINE('',#9934,#1807);
#1446=LINE('',#9942,#1808);
#1447=LINE('',#9950,#1809);
#1448=LINE('',#9955,#1810);
#1449=LINE('',#9958,#1811);
#1450=LINE('',#9961,#1812);
#1451=LINE('',#9962,#1813);
#1452=LINE('',#9965,#1814);
#1453=LINE('',#9969,#1815);
#1454=LINE('',#9970,#1816);
#1455=LINE('',#9974,#1817);
#1456=LINE('',#9991,#1818);
#1457=LINE('',#9995,#1819);
#1458=LINE('',#9997,#1820);
#1459=LINE('',#9998,#1821);
#1460=LINE('',#10001,#1822);
#1461=LINE('',#10004,#1823);
#1462=LINE('',#10006,#1824);
#1463=LINE('',#10008,#1825);
#1464=LINE('',#10012,#1826);
#1465=LINE('',#10014,#1827);
#1466=LINE('',#10022,#1828);
#1467=LINE('',#10028,#1829);
#1468=LINE('',#10033,#1830);
#1469=LINE('',#10035,#1831);
#1470=LINE('',#10037,#1832);
#1471=LINE('',#10038,#1833);
#1472=LINE('',#10041,#1834);
#1473=LINE('',#10043,#1835);
#1474=LINE('',#10044,#1836);
#1475=LINE('',#10047,#1837);
#1476=LINE('',#10049,#1838);
#1477=LINE('',#10050,#1839);
#1478=LINE('',#10052,#1840);
#1479=LINE('',#10055,#1841);
#1480=LINE('',#10057,#1842);
#1481=LINE('',#10059,#1843);
#1482=LINE('',#10061,#1844);
#1483=LINE('',#10063,#1845);
#1484=LINE('',#10065,#1846);
#1485=LINE('',#10067,#1847);
#1486=LINE('',#10069,#1848);
#1487=LINE('',#10070,#1849);
#1488=LINE('',#10073,#1850);
#1489=LINE('',#10075,#1851);
#1490=LINE('',#10076,#1852);
#1491=LINE('',#10079,#1853);
#1492=LINE('',#10080,#1854);
#1493=LINE('',#10083,#1855);
#1494=LINE('',#10084,#1856);
#1495=LINE('',#10086,#1857);
#1496=LINE('',#10090,#1858);
#1497=LINE('',#10092,#1859);
#1498=LINE('',#10094,#1860);
#1499=LINE('',#10095,#1861);
#1500=LINE('',#10097,#1862);
#1501=LINE('',#10098,#1863);
#1502=LINE('',#10100,#1864);
#1503=LINE('',#10102,#1865);
#1504=LINE('',#10109,#1866);
#1505=LINE('',#10116,#1867);
#1506=LINE('',#10123,#1868);
#1507=LINE('',#10130,#1869);
#1508=LINE('',#10136,#1870);
#1509=LINE('',#10138,#1871);
#1510=LINE('',#10140,#1872);
#1511=LINE('',#10141,#1873);
#1512=LINE('',#10145,#1874);
#1513=LINE('',#10147,#1875);
#1514=LINE('',#10149,#1876);
#1515=LINE('',#10150,#1877);
#1516=LINE('',#10152,#1878);
#1517=LINE('',#10153,#1879);
#1518=LINE('',#10155,#1880);
#1519=LINE('',#10157,#1881);
#1520=LINE('',#10164,#1882);
#1521=LINE('',#10170,#1883);
#1522=LINE('',#10176,#1884);
#1523=LINE('',#10182,#1885);
#1524=LINE('',#10187,#1886);
#1525=LINE('',#10189,#1887);
#1526=LINE('',#10191,#1888);
#1527=LINE('',#10192,#1889);
#1528=LINE('',#10195,#1890);
#1529=LINE('',#10197,#1891);
#1530=LINE('',#10198,#1892);
#1531=LINE('',#10201,#1893);
#1532=LINE('',#10203,#1894);
#1533=LINE('',#10204,#1895);
#1534=LINE('',#10206,#1896);
#1535=LINE('',#10207,#1897);
#1536=LINE('',#10215,#1898);
#1537=LINE('',#10221,#1899);
#1538=LINE('',#10227,#1900);
#1539=LINE('',#10233,#1901);
#1540=LINE('',#10238,#1902);
#1541=LINE('',#10240,#1903);
#1542=LINE('',#10242,#1904);
#1543=LINE('',#10243,#1905);
#1544=LINE('',#10247,#1906);
#1545=LINE('',#10249,#1907);
#1546=LINE('',#10251,#1908);
#1547=LINE('',#10252,#1909);
#1548=LINE('',#10254,#1910);
#1549=LINE('',#10255,#1911);
#1550=LINE('',#10257,#1912);
#1551=LINE('',#10259,#1913);
#1552=LINE('',#10265,#1914);
#1553=LINE('',#10267,#1915);
#1554=LINE('',#10269,#1916);
#1555=LINE('',#10270,#1917);
#1556=LINE('',#10274,#1918);
#1557=LINE('',#10275,#1919);
#1558=LINE('',#10277,#1920);
#1559=LINE('',#10278,#1921);
#1560=LINE('',#10281,#1922);
#1561=LINE('',#10283,#1923);
#1562=LINE('',#10284,#1924);
#1563=LINE('',#10287,#1925);
#1564=LINE('',#10288,#1926);
#1565=LINE('',#10289,#1927);
#1566=LINE('',#10293,#1928);
#1567=LINE('',#10295,#1929);
#1568=LINE('',#10296,#1930);
#1569=LINE('',#10299,#1931);
#1570=LINE('',#10301,#1932);
#1571=LINE('',#10302,#1933);
#1572=LINE('',#10307,#1934);
#1573=LINE('',#10313,#1935);
#1574=LINE('',#10319,#1936);
#1575=LINE('',#10325,#1937);
#1576=LINE('',#10329,#1938);
#1577=LINE('',#10331,#1939);
#1578=LINE('',#10332,#1940);
#1579=LINE('',#10335,#1941);
#1580=LINE('',#10337,#1942);
#1581=LINE('',#10338,#1943);
#1582=LINE('',#10340,#1944);
#1583=LINE('',#10341,#1945);
#1584=VECTOR('',#6733,1.5);
#1585=VECTOR('',#6740,1.5);
#1586=VECTOR('',#6745,10.);
#1587=VECTOR('',#6746,10.);
#1588=VECTOR('',#6747,10.);
#1589=VECTOR('',#6748,10.);
#1590=VECTOR('',#6749,10.);
#1591=VECTOR('',#6752,10.);
#1592=VECTOR('',#6753,10.);
#1593=VECTOR('',#6754,10.);
#1594=VECTOR('',#6757,10.);
#1595=VECTOR('',#6758,10.);
#1596=VECTOR('',#6759,10.);
#1597=VECTOR('',#6760,10.);
#1598=VECTOR('',#6763,10.);
#1599=VECTOR('',#6764,10.);
#1600=VECTOR('',#6769,10.);
#1601=VECTOR('',#6772,10.);
#1602=VECTOR('',#6773,10.);
#1603=VECTOR('',#6774,10.);
#1604=VECTOR('',#6775,10.);
#1605=VECTOR('',#6778,10.);
#1606=VECTOR('',#6779,10.);
#1607=VECTOR('',#6780,10.);
#1608=VECTOR('',#6783,10.);
#1609=VECTOR('',#6784,10.);
#1610=VECTOR('',#6785,10.);
#1611=VECTOR('',#6788,10.);
#1612=VECTOR('',#6789,10.);
#1613=VECTOR('',#6794,10.);
#1614=VECTOR('',#6795,10.);
#1615=VECTOR('',#6796,10.);
#1616=VECTOR('',#6797,10.);
#1617=VECTOR('',#6798,10.);
#1618=VECTOR('',#6801,10.);
#1619=VECTOR('',#6802,10.);
#1620=VECTOR('',#6803,10.);
#1621=VECTOR('',#6804,10.);
#1622=VECTOR('',#6807,10.);
#1623=VECTOR('',#6808,10.);
#1624=VECTOR('',#6811,10.);
#1625=VECTOR('',#6814,10.);
#1626=VECTOR('',#6831,1.75000000000001);
#1627=VECTOR('',#6838,10.);
#1628=VECTOR('',#6841,10.);
#1629=VECTOR('',#6844,10.);
#1630=VECTOR('',#6847,10.);
#1631=VECTOR('',#6934,10.);
#1632=VECTOR('',#6937,10.);
#1633=VECTOR('',#6940,10.);
#1634=VECTOR('',#6943,10.);
#1635=VECTOR('',#6944,10.);
#1636=VECTOR('',#6947,10.);
#1637=VECTOR('',#6950,10.);
#1638=VECTOR('',#6953,10.);
#1639=VECTOR('',#6956,10.);
#1640=VECTOR('',#6959,10.);
#1641=VECTOR('',#6962,10.);
#1642=VECTOR('',#6965,10.);
#1643=VECTOR('',#6970,10.);
#1644=VECTOR('',#6973,10.);
#1645=VECTOR('',#6976,10.);
#1646=VECTOR('',#6979,10.);
#1647=VECTOR('',#6980,10.);
#1648=VECTOR('',#6983,10.);
#1649=VECTOR('',#6986,10.);
#1650=VECTOR('',#6989,10.);
#1651=VECTOR('',#7032,10.);
#1652=VECTOR('',#7035,10.);
#1653=VECTOR('',#7038,10.);
#1654=VECTOR('',#7041,10.);
#1655=VECTOR('',#7128,10.);
#1656=VECTOR('',#7131,10.);
#1657=VECTOR('',#7134,10.);
#1658=VECTOR('',#7137,10.);
#1659=VECTOR('',#7140,10.);
#1660=VECTOR('',#7143,10.);
#1661=VECTOR('',#7146,10.);
#1662=VECTOR('',#7149,10.);
#1663=VECTOR('',#7150,10.);
#1664=VECTOR('',#7153,10.);
#1665=VECTOR('',#7156,10.);
#1666=VECTOR('',#7159,10.);
#1667=VECTOR('',#7162,10.);
#1668=VECTOR('',#7165,10.);
#1669=VECTOR('',#7168,10.);
#1670=VECTOR('',#7171,10.);
#1671=VECTOR('',#7174,10.);
#1672=VECTOR('',#7177,10.);
#1673=VECTOR('',#7180,10.);
#1674=VECTOR('',#7183,10.);
#1675=VECTOR('',#7228,1.75000000000001);
#1676=VECTOR('',#7247,1.74999999999999);
#1677=VECTOR('',#7268,1.75000000000001);
#1678=VECTOR('',#7285,1.74999999999999);
#1679=VECTOR('',#7304,1.75000000000001);
#1680=VECTOR('',#7323,1.75);
#1681=VECTOR('',#7342,1.75);
#1682=VECTOR('',#7363,1.74999999999999);
#1683=VECTOR('',#7378,1.74999999999999);
#1684=VECTOR('',#7399,1.74999999999999);
#1685=VECTOR('',#7414,1.74999999999999);
#1686=VECTOR('',#7439,1.74999999999999);
#1687=VECTOR('',#7458,1.74999999999999);
#1688=VECTOR('',#7475,1.74999999999999);
#1689=VECTOR('',#7496,1.74999999999999);
#1690=VECTOR('',#7513,1.74999999999999);
#1691=VECTOR('',#7534,1.74999999999999);
#1692=VECTOR('',#7543,1.75);
#1693=VECTOR('',#7546,2.5);
#1694=VECTOR('',#7549,1.75000000000001);
#1695=VECTOR('',#7552,2.65000000000001);
#1696=VECTOR('',#7555,2.15);
#1697=VECTOR('',#7558,1.75);
#1698=VECTOR('',#7561,1.75);
#1699=VECTOR('',#7564,2.15000000000001);
#1700=VECTOR('',#7567,1.75000000000001);
#1701=VECTOR('',#7570,2.5);
#1702=VECTOR('',#7573,1.64999999999999);
#1703=VECTOR('',#7576,1.75);
#1704=VECTOR('',#7579,1.75);
#1705=VECTOR('',#7582,2.5);
#1706=VECTOR('',#7585,1.75000000000001);
#1707=VECTOR('',#7588,2.65000000000001);
#1708=VECTOR('',#7591,2.15000000000001);
#1709=VECTOR('',#7594,1.75);
#1710=VECTOR('',#7597,1.75);
#1711=VECTOR('',#7600,2.15);
#1712=VECTOR('',#7603,1.75000000000001);
#1713=VECTOR('',#7606,2.5);
#1714=VECTOR('',#7609,1.64999999999999);
#1715=VECTOR('',#7612,1.75);
#1716=VECTOR('',#7615,2.15);
#1717=VECTOR('',#7618,2.15);
#1718=VECTOR('',#7621,2.15);
#1719=VECTOR('',#7624,2.15);
#1720=VECTOR('',#7627,2.15);
#1721=VECTOR('',#7630,2.15);
#1722=VECTOR('',#7633,2.15);
#1723=VECTOR('',#7636,2.15);
#1724=VECTOR('',#7639,2.15);
#1725=VECTOR('',#7642,2.15);
#1726=VECTOR('',#7645,2.15);
#1727=VECTOR('',#7648,2.15);
#1728=VECTOR('',#7653,10.);
#1729=VECTOR('',#7666,10.);
#1730=VECTOR('',#7677,10.);
#1731=VECTOR('',#7688,10.);
#1732=VECTOR('',#7695,10.);
#1733=VECTOR('',#7698,10.);
#1734=VECTOR('',#7701,10.);
#1735=VECTOR('',#7702,10.);
#1736=VECTOR('',#7705,10.);
#1737=VECTOR('',#7710,10.);
#1738=VECTOR('',#7711,10.);
#1739=VECTOR('',#7736,10.);
#1740=VECTOR('',#7747,10.);
#1741=VECTOR('',#7752,10.);
#1742=VECTOR('',#7755,2.15);
#1743=VECTOR('',#7758,2.15);
#1744=VECTOR('',#7761,2.15);
#1745=VECTOR('',#7764,2.15);
#1746=VECTOR('',#7767,10.);
#1747=VECTOR('',#7770,10.);
#1748=VECTOR('',#7777,10.);
#1749=VECTOR('',#7790,10.);
#1750=VECTOR('',#7801,10.);
#1751=VECTOR('',#7812,10.);
#1752=VECTOR('',#7819,10.);
#1753=VECTOR('',#7822,10.);
#1754=VECTOR('',#7825,10.);
#1755=VECTOR('',#7826,10.);
#1756=VECTOR('',#7829,10.);
#1757=VECTOR('',#7834,10.);
#1758=VECTOR('',#7835,10.);
#1759=VECTOR('',#7860,10.);
#1760=VECTOR('',#7871,10.);
#1761=VECTOR('',#7876,10.);
#1762=VECTOR('',#7889,10.);
#1763=VECTOR('',#7900,10.);
#1764=VECTOR('',#7911,10.);
#1765=VECTOR('',#7920,10.);
#1766=VECTOR('',#7923,10.);
#1767=VECTOR('',#7924,10.);
#1768=VECTOR('',#7925,10.);
#1769=VECTOR('',#7928,10.);
#1770=VECTOR('',#7933,10.);
#1771=VECTOR('',#7934,10.);
#1772=VECTOR('',#7937,10.);
#1773=VECTOR('',#7952,10.);
#1774=VECTOR('',#7977,10.);
#1775=VECTOR('',#7980,10.);
#1776=VECTOR('',#7983,10.);
#1777=VECTOR('',#7986,10.);
#1778=VECTOR('',#7999,10.);
#1779=VECTOR('',#8010,10.);
#1780=VECTOR('',#8021,10.);
#1781=VECTOR('',#8030,10.);
#1782=VECTOR('',#8033,10.);
#1783=VECTOR('',#8034,10.);
#1784=VECTOR('',#8035,10.);
#1785=VECTOR('',#8038,10.);
#1786=VECTOR('',#8043,10.);
#1787=VECTOR('',#8044,10.);
#1788=VECTOR('',#8047,10.);
#1789=VECTOR('',#8054,10.);
#1790=VECTOR('',#8083,10.);
#1791=VECTOR('',#8090,10.);
#1792=VECTOR('',#8093,10.);
#1793=VECTOR('',#8106,10.);
#1794=VECTOR('',#8117,10.);
#1795=VECTOR('',#8128,10.);
#1796=VECTOR('',#8137,10.);
#1797=VECTOR('',#8140,10.);
#1798=VECTOR('',#8141,10.);
#1799=VECTOR('',#8142,10.);
#1800=VECTOR('',#8145,10.);
#1801=VECTOR('',#8150,10.);
#1802=VECTOR('',#8151,10.);
#1803=VECTOR('',#8154,10.);
#1804=VECTOR('',#8179,10.);
#1805=VECTOR('',#8190,10.);
#1806=VECTOR('',#8199,10.);
#1807=VECTOR('',#8212,10.);
#1808=VECTOR('',#8223,10.);
#1809=VECTOR('',#8234,10.);
#1810=VECTOR('',#8241,10.);
#1811=VECTOR('',#8244,10.);
#1812=VECTOR('',#8247,10.);
#1813=VECTOR('',#8248,10.);
#1814=VECTOR('',#8251,10.);
#1815=VECTOR('',#8256,10.);
#1816=VECTOR('',#8257,10.);
#1817=VECTOR('',#8262,10.);
#1818=VECTOR('',#8291,10.);
#1819=VECTOR('',#8298,10.);
#1820=VECTOR('',#8301,10.);
#1821=VECTOR('',#8302,10.);
#1822=VECTOR('',#8307,10.);
#1823=VECTOR('',#8312,10.);
#1824=VECTOR('',#8315,10.);
#1825=VECTOR('',#8318,10.);
#1826=VECTOR('',#8325,10.);
#1827=VECTOR('',#8328,10.);
#1828=VECTOR('',#8339,2.5);
#1829=VECTOR('',#8346,2.5);
#1830=VECTOR('',#8351,10.);
#1831=VECTOR('',#8352,10.);
#1832=VECTOR('',#8353,10.);
#1833=VECTOR('',#8354,10.);
#1834=VECTOR('',#8357,10.);
#1835=VECTOR('',#8358,10.);
#1836=VECTOR('',#8359,10.);
#1837=VECTOR('',#8362,10.);
#1838=VECTOR('',#8363,10.);
#1839=VECTOR('',#8364,10.);
#1840=VECTOR('',#8367,10.);
#1841=VECTOR('',#8370,10.);
#1842=VECTOR('',#8371,10.);
#1843=VECTOR('',#8372,10.);
#1844=VECTOR('',#8373,10.);
#1845=VECTOR('',#8374,10.);
#1846=VECTOR('',#8375,10.);
#1847=VECTOR('',#8376,10.);
#1848=VECTOR('',#8377,10.);
#1849=VECTOR('',#8378,10.);
#1850=VECTOR('',#8381,10.);
#1851=VECTOR('',#8382,10.);
#1852=VECTOR('',#8383,10.);
#1853=VECTOR('',#8386,10.);
#1854=VECTOR('',#8387,10.);
#1855=VECTOR('',#8390,10.);
#1856=VECTOR('',#8391,10.);
#1857=VECTOR('',#8394,10.);
#1858=VECTOR('',#8397,10.);
#1859=VECTOR('',#8398,10.);
#1860=VECTOR('',#8399,10.);
#1861=VECTOR('',#8400,10.);
#1862=VECTOR('',#8403,10.);
#1863=VECTOR('',#8404,10.);
#1864=VECTOR('',#8407,10.);
#1865=VECTOR('',#8410,10.);
#1866=VECTOR('',#8419,2.35);
#1867=VECTOR('',#8428,2.35);
#1868=VECTOR('',#8437,2.35);
#1869=VECTOR('',#8446,2.35);
#1870=VECTOR('',#8453,10.);
#1871=VECTOR('',#8454,10.);
#1872=VECTOR('',#8455,10.);
#1873=VECTOR('',#8456,10.);
#1874=VECTOR('',#8459,10.);
#1875=VECTOR('',#8460,10.);
#1876=VECTOR('',#8461,10.);
#1877=VECTOR('',#8462,10.);
#1878=VECTOR('',#8465,10.);
#1879=VECTOR('',#8466,10.);
#1880=VECTOR('',#8469,10.);
#1881=VECTOR('',#8472,10.);
#1882=VECTOR('',#8481,2.);
#1883=VECTOR('',#8488,2.);
#1884=VECTOR('',#8495,2.);
#1885=VECTOR('',#8502,2.);
#1886=VECTOR('',#8507,10.);
#1887=VECTOR('',#8508,10.);
#1888=VECTOR('',#8509,10.);
#1889=VECTOR('',#8510,10.);
#1890=VECTOR('',#8513,10.);
#1891=VECTOR('',#8514,10.);
#1892=VECTOR('',#8515,10.);
#1893=VECTOR('',#8518,10.);
#1894=VECTOR('',#8519,10.);
#1895=VECTOR('',#8520,10.);
#1896=VECTOR('',#8523,10.);
#1897=VECTOR('',#8524,10.);
#1898=VECTOR('',#8535,1.6);
#1899=VECTOR('',#8542,1.6);
#1900=VECTOR('',#8549,1.6);
#1901=VECTOR('',#8556,1.6);
#1902=VECTOR('',#8561,10.);
#1903=VECTOR('',#8562,10.);
#1904=VECTOR('',#8563,10.);
#1905=VECTOR('',#8564,10.);
#1906=VECTOR('',#8567,10.);
#1907=VECTOR('',#8568,10.);
#1908=VECTOR('',#8569,10.);
#1909=VECTOR('',#8570,10.);
#1910=VECTOR('',#8573,10.);
#1911=VECTOR('',#8574,10.);
#1912=VECTOR('',#8577,10.);
#1913=VECTOR('',#8580,10.);
#1914=VECTOR('',#8587,10.);
#1915=VECTOR('',#8588,10.);
#1916=VECTOR('',#8589,10.);
#1917=VECTOR('',#8590,10.);
#1918=VECTOR('',#8593,10.);
#1919=VECTOR('',#8594,10.);
#1920=VECTOR('',#8595,10.);
#1921=VECTOR('',#8596,10.);
#1922=VECTOR('',#8599,10.);
#1923=VECTOR('',#8600,10.);
#1924=VECTOR('',#8601,10.);
#1925=VECTOR('',#8604,10.);
#1926=VECTOR('',#8605,10.);
#1927=VECTOR('',#8606,10.);
#1928=VECTOR('',#8611,10.);
#1929=VECTOR('',#8612,10.);
#1930=VECTOR('',#8613,10.);
#1931=VECTOR('',#8616,10.);
#1932=VECTOR('',#8617,10.);
#1933=VECTOR('',#8618,10.);
#1934=VECTOR('',#8623,1.6);
#1935=VECTOR('',#8630,1.6);
#1936=VECTOR('',#8637,1.6);
#1937=VECTOR('',#8644,1.6);
#1938=VECTOR('',#8649,10.);
#1939=VECTOR('',#8650,10.);
#1940=VECTOR('',#8651,10.);
#1941=VECTOR('',#8654,10.);
#1942=VECTOR('',#8655,10.);
#1943=VECTOR('',#8656,10.);
#1944=VECTOR('',#8659,10.);
#1945=VECTOR('',#8660,10.);
#1946=CIRCLE('',#5931,1.5);
#1947=CIRCLE('',#5932,1.5);
#1948=CIRCLE('',#5934,1.5);
#1949=CIRCLE('',#5935,1.5);
#1950=CIRCLE('',#5955,2.25000000000001);
#1951=CIRCLE('',#5956,0.5);
#1952=CIRCLE('',#5957,1.75000000000001);
#1953=CIRCLE('',#5958,1.75000000000001);
#1954=CIRCLE('',#5960,1.75000000000001);
#1955=CIRCLE('',#5961,1.75000000000001);
#1956=CIRCLE('',#5963,9.5);
#1957=CIRCLE('',#5964,9.5);
#1958=CIRCLE('',#5965,9.5);
#1959=CIRCLE('',#5966,9.5);
#1960=CIRCLE('',#5967,2.25000000000001);
#1961=CIRCLE('',#5968,2.25000000000001);
#1962=CIRCLE('',#5969,2.25000000000001);
#1963=CIRCLE('',#5970,2.25);
#1964=CIRCLE('',#5971,2.24999999999999);
#1965=CIRCLE('',#5972,2.24999999999999);
#1966=CIRCLE('',#5973,2.24999999999999);
#1967=CIRCLE('',#5974,2.24999999999999);
#1968=CIRCLE('',#5975,2.24999999999999);
#1969=CIRCLE('',#5976,1.75);
#1970=CIRCLE('',#5977,2.5);
#1971=CIRCLE('',#5978,1.75000000000001);
#1972=CIRCLE('',#5979,2.65000000000001);
#1973=CIRCLE('',#5980,2.15);
#1974=CIRCLE('',#5981,1.75);
#1975=CIRCLE('',#5982,1.75);
#1976=CIRCLE('',#5983,2.15000000000001);
#1977=CIRCLE('',#5984,1.75000000000001);
#1978=CIRCLE('',#5985,2.5);
#1979=CIRCLE('',#5986,1.64999999999999);
#1980=CIRCLE('',#5987,1.75);
#1981=CIRCLE('',#5988,1.75);
#1982=CIRCLE('',#5989,2.5);
#1983=CIRCLE('',#5990,1.75000000000001);
#1984=CIRCLE('',#5991,2.65000000000001);
#1985=CIRCLE('',#5992,2.15000000000001);
#1986=CIRCLE('',#5993,1.75);
#1987=CIRCLE('',#5994,1.75);
#1988=CIRCLE('',#5995,2.15);
#1989=CIRCLE('',#5996,1.75000000000001);
#1990=CIRCLE('',#5997,2.5);
#1991=CIRCLE('',#5998,1.64999999999999);
#1992=CIRCLE('',#5999,1.75);
#1993=CIRCLE('',#6000,2.15);
#1994=CIRCLE('',#6001,2.15);
#1995=CIRCLE('',#6002,2.15);
#1996=CIRCLE('',#6003,2.15);
#1997=CIRCLE('',#6004,2.15);
#1998=CIRCLE('',#6005,2.15);
#1999=CIRCLE('',#6006,2.15);
#2000=CIRCLE('',#6007,2.15);
#2001=CIRCLE('',#6008,3.50000000000002);
#2002=CIRCLE('',#6009,3.50000000000004);
#2003=CIRCLE('',#6010,3.50000000000002);
#2004=CIRCLE('',#6011,3.50000000000001);
#2005=CIRCLE('',#6012,3.50000000000004);
#2006=CIRCLE('',#6013,3.50000000000004);
#2007=CIRCLE('',#6014,3.50000000000001);
#2008=CIRCLE('',#6015,3.50000000000002);
#2009=CIRCLE('',#6016,3.50000000000004);
#2010=CIRCLE('',#6017,3.50000000000002);
#2011=CIRCLE('',#6018,3.50000000000001);
#2012=CIRCLE('',#6019,3.50000000000002);
#2013=CIRCLE('',#6020,3.50000000000001);
#2014=CIRCLE('',#6021,3.50000000000006);
#2015=CIRCLE('',#6022,3.50000000000001);
#2016=CIRCLE('',#6023,3.50000000000002);
#2017=CIRCLE('',#6024,3.50000000000002);
#2018=CIRCLE('',#6025,3.50000000000002);
#2019=CIRCLE('',#6026,3.50000000000002);
#2020=CIRCLE('',#6027,3.50000000000002);
#2021=CIRCLE('',#6028,2.15);
#2022=CIRCLE('',#6029,2.15);
#2023=CIRCLE('',#6030,2.15);
#2024=CIRCLE('',#6031,2.15);
#2025=CIRCLE('',#6032,2.15);
#2026=CIRCLE('',#6033,2.15);
#2027=CIRCLE('',#6034,2.15);
#2028=CIRCLE('',#6035,2.15);
#2029=CIRCLE('',#6036,2.24999999999999);
#2030=CIRCLE('',#6037,2.24999999999999);
#2031=CIRCLE('',#6038,2.24999999999999);
#2032=CIRCLE('',#6039,2.24999999999999);
#2033=CIRCLE('',#6040,2.24999999999999);
#2034=CIRCLE('',#6041,2.25);
#2035=CIRCLE('',#6042,2.24999999999999);
#2036=CIRCLE('',#6043,2.24999999999999);
#2037=CIRCLE('',#6045,2.25000000000001);
#2038=CIRCLE('',#6046,0.5);
#2039=CIRCLE('',#6048,9.5);
#2040=CIRCLE('',#6049,9.5);
#2041=CIRCLE('',#6050,9.5);
#2042=CIRCLE('',#6051,9.5);
#2043=CIRCLE('',#6052,2.25000000000001);
#2044=CIRCLE('',#6053,2.25000000000001);
#2045=CIRCLE('',#6054,2.25000000000001);
#2046=CIRCLE('',#6055,2.25);
#2047=CIRCLE('',#6056,2.24999999999999);
#2048=CIRCLE('',#6057,2.24999999999999);
#2049=CIRCLE('',#6058,2.24999999999999);
#2050=CIRCLE('',#6059,2.24999999999999);
#2051=CIRCLE('',#6060,2.24999999999999);
#2052=CIRCLE('',#6061,1.75);
#2053=CIRCLE('',#6062,2.5);
#2054=CIRCLE('',#6063,1.75000000000001);
#2055=CIRCLE('',#6064,2.65000000000001);
#2056=CIRCLE('',#6065,2.15);
#2057=CIRCLE('',#6066,1.75);
#2058=CIRCLE('',#6067,1.75);
#2059=CIRCLE('',#6068,2.15000000000001);
#2060=CIRCLE('',#6069,1.75000000000001);
#2061=CIRCLE('',#6070,2.5);
#2062=CIRCLE('',#6071,1.64999999999999);
#2063=CIRCLE('',#6072,1.75);
#2064=CIRCLE('',#6073,1.75);
#2065=CIRCLE('',#6074,2.5);
#2066=CIRCLE('',#6075,1.75000000000001);
#2067=CIRCLE('',#6076,2.65000000000001);
#2068=CIRCLE('',#6077,2.15000000000001);
#2069=CIRCLE('',#6078,1.75);
#2070=CIRCLE('',#6079,1.75);
#2071=CIRCLE('',#6080,2.15);
#2072=CIRCLE('',#6081,1.75000000000001);
#2073=CIRCLE('',#6082,2.5);
#2074=CIRCLE('',#6083,1.64999999999999);
#2075=CIRCLE('',#6084,1.75);
#2076=CIRCLE('',#6085,2.15);
#2077=CIRCLE('',#6086,2.15);
#2078=CIRCLE('',#6087,2.15);
#2079=CIRCLE('',#6088,2.15);
#2080=CIRCLE('',#6089,2.15);
#2081=CIRCLE('',#6090,2.15);
#2082=CIRCLE('',#6091,2.15);
#2083=CIRCLE('',#6092,2.15);
#2084=CIRCLE('',#6093,3.50000000000001);
#2085=CIRCLE('',#6094,3.50000000000002);
#2086=CIRCLE('',#6095,3.50000000000004);
#2087=CIRCLE('',#6096,3.50000000000002);
#2088=CIRCLE('',#6097,3.50000000000004);
#2089=CIRCLE('',#6098,3.50000000000004);
#2090=CIRCLE('',#6099,3.50000000000002);
#2091=CIRCLE('',#6100,3.50000000000001);
#2092=CIRCLE('',#6101,3.50000000000002);
#2093=CIRCLE('',#6102,3.50000000000004);
#2094=CIRCLE('',#6103,3.50000000000002);
#2095=CIRCLE('',#6104,3.50000000000001);
#2096=CIRCLE('',#6105,3.50000000000001);
#2097=CIRCLE('',#6106,3.50000000000006);
#2098=CIRCLE('',#6107,3.50000000000001);
#2099=CIRCLE('',#6108,3.50000000000002);
#2100=CIRCLE('',#6109,3.50000000000002);
#2101=CIRCLE('',#6110,3.50000000000002);
#2102=CIRCLE('',#6111,3.50000000000002);
#2103=CIRCLE('',#6112,3.50000000000002);
#2104=CIRCLE('',#6113,2.15);
#2105=CIRCLE('',#6114,2.15);
#2106=CIRCLE('',#6115,2.15);
#2107=CIRCLE('',#6116,2.15);
#2108=CIRCLE('',#6117,2.15);
#2109=CIRCLE('',#6118,2.15);
#2110=CIRCLE('',#6119,2.15);
#2111=CIRCLE('',#6120,2.15);
#2112=CIRCLE('',#6121,2.24999999999999);
#2113=CIRCLE('',#6122,2.24999999999999);
#2114=CIRCLE('',#6123,2.24999999999999);
#2115=CIRCLE('',#6124,2.24999999999999);
#2116=CIRCLE('',#6125,2.24999999999999);
#2117=CIRCLE('',#6126,2.25);
#2118=CIRCLE('',#6127,2.24999999999999);
#2119=CIRCLE('',#6128,2.24999999999999);
#2120=CIRCLE('',#6130,0.5);
#2121=CIRCLE('',#6131,1.75000000000001);
#2122=CIRCLE('',#6132,1.75000000000001);
#2123=CIRCLE('',#6134,1.75000000000001);
#2124=CIRCLE('',#6135,1.75000000000001);
#2125=CIRCLE('',#6137,0.5);
#2126=CIRCLE('',#6139,0.5);
#2127=CIRCLE('',#6140,1.74999999999999);
#2128=CIRCLE('',#6141,1.74999999999999);
#2129=CIRCLE('',#6143,1.74999999999999);
#2130=CIRCLE('',#6144,1.74999999999999);
#2131=CIRCLE('',#6146,0.5);
#2132=CIRCLE('',#6148,0.5);
#2133=CIRCLE('',#6149,1.75000000000001);
#2134=CIRCLE('',#6150,1.75000000000001);
#2135=CIRCLE('',#6152,1.75000000000001);
#2136=CIRCLE('',#6153,1.75000000000001);
#2137=CIRCLE('',#6155,0.5);
#2138=CIRCLE('',#6157,0.5);
#2139=CIRCLE('',#6158,1.74999999999999);
#2140=CIRCLE('',#6159,1.74999999999999);
#2141=CIRCLE('',#6161,1.74999999999999);
#2142=CIRCLE('',#6162,1.74999999999999);
#2143=CIRCLE('',#6164,0.5);
#2144=CIRCLE('',#6166,0.5);
#2145=CIRCLE('',#6167,1.75000000000001);
#2146=CIRCLE('',#6168,1.75000000000001);
#2147=CIRCLE('',#6170,1.75000000000001);
#2148=CIRCLE('',#6171,1.75000000000001);
#2149=CIRCLE('',#6173,0.5);
#2150=CIRCLE('',#6175,0.5);
#2151=CIRCLE('',#6176,1.75);
#2152=CIRCLE('',#6177,1.75);
#2153=CIRCLE('',#6179,1.75);
#2154=CIRCLE('',#6180,1.75);
#2155=CIRCLE('',#6182,0.5);
#2156=CIRCLE('',#6184,0.5);
#2157=CIRCLE('',#6185,1.75);
#2158=CIRCLE('',#6186,1.75);
#2159=CIRCLE('',#6188,1.75);
#2160=CIRCLE('',#6189,1.75);
#2161=CIRCLE('',#6191,0.5);
#2162=CIRCLE('',#6193,0.5);
#2163=CIRCLE('',#6194,1.74999999999999);
#2164=CIRCLE('',#6195,1.74999999999999);
#2165=CIRCLE('',#6197,1.74999999999999);
#2166=CIRCLE('',#6198,1.74999999999999);
#2167=CIRCLE('',#6200,0.5);
#2168=CIRCLE('',#6201,1.74999999999999);
#2169=CIRCLE('',#6202,1.74999999999999);
#2170=CIRCLE('',#6204,1.74999999999999);
#2171=CIRCLE('',#6205,1.74999999999999);
#2172=CIRCLE('',#6207,0.5);
#2173=CIRCLE('',#6209,0.5);
#2174=CIRCLE('',#6211,0.5);
#2175=CIRCLE('',#6212,1.74999999999999);
#2176=CIRCLE('',#6213,1.74999999999999);
#2177=CIRCLE('',#6215,1.74999999999999);
#2178=CIRCLE('',#6216,1.74999999999999);
#2179=CIRCLE('',#6218,0.5);
#2180=CIRCLE('',#6219,1.74999999999999);
#2181=CIRCLE('',#6220,1.74999999999999);
#2182=CIRCLE('',#6222,1.74999999999999);
#2183=CIRCLE('',#6223,1.74999999999999);
#2184=CIRCLE('',#6225,0.5);
#2185=CIRCLE('',#6227,0.5);
#2186=CIRCLE('',#6229,0.5);
#2187=CIRCLE('',#6230,1.74999999999999);
#2188=CIRCLE('',#6231,1.74999999999999);
#2189=CIRCLE('',#6233,1.74999999999999);
#2190=CIRCLE('',#6234,1.74999999999999);
#2191=CIRCLE('',#6236,0.5);
#2192=CIRCLE('',#6238,0.5);
#2193=CIRCLE('',#6239,1.74999999999999);
#2194=CIRCLE('',#6240,1.74999999999999);
#2195=CIRCLE('',#6242,1.74999999999999);
#2196=CIRCLE('',#6243,1.74999999999999);
#2197=CIRCLE('',#6245,0.5);
#2198=CIRCLE('',#6247,0.5);
#2199=CIRCLE('',#6248,1.74999999999999);
#2200=CIRCLE('',#6249,1.74999999999999);
#2201=CIRCLE('',#6251,1.74999999999999);
#2202=CIRCLE('',#6252,1.74999999999999);
#2203=CIRCLE('',#6254,0.5);
#2204=CIRCLE('',#6256,0.5);
#2205=CIRCLE('',#6257,1.74999999999999);
#2206=CIRCLE('',#6258,1.74999999999999);
#2207=CIRCLE('',#6260,1.74999999999999);
#2208=CIRCLE('',#6261,1.74999999999999);
#2209=CIRCLE('',#6263,0.5);
#2210=CIRCLE('',#6265,0.5);
#2211=CIRCLE('',#6266,1.74999999999999);
#2212=CIRCLE('',#6267,1.74999999999999);
#2213=CIRCLE('',#6269,1.74999999999999);
#2214=CIRCLE('',#6270,1.74999999999999);
#2215=CIRCLE('',#6272,0.5);
#2216=CIRCLE('',#6274,0.5);
#2217=CIRCLE('',#6275,1.74999999999999);
#2218=CIRCLE('',#6276,1.74999999999999);
#2219=CIRCLE('',#6278,1.74999999999999);
#2220=CIRCLE('',#6279,1.74999999999999);
#2221=CIRCLE('',#6281,0.5);
#2222=CIRCLE('',#6319,0.5);
#2223=CIRCLE('',#6320,0.499999999999994);
#2224=CIRCLE('',#6322,0.500000000000007);
#2225=CIRCLE('',#6323,3.00000000000002);
#2226=CIRCLE('',#6325,0.500000000000007);
#2227=CIRCLE('',#6327,0.499999999999998);
#2228=CIRCLE('',#6328,3.00000000000002);
#2229=CIRCLE('',#6330,0.499999999999998);
#2230=CIRCLE('',#6332,0.500000000000007);
#2231=CIRCLE('',#6333,3.00000000000002);
#2232=CIRCLE('',#6335,0.500000000000007);
#2233=CIRCLE('',#6337,3.00000000000002);
#2234=CIRCLE('',#6339,3.00000000000002);
#2235=CIRCLE('',#6342,3.00000000000002);
#2236=CIRCLE('',#6345,0.5);
#2237=CIRCLE('',#6346,0.500000000000007);
#2238=CIRCLE('',#6348,0.499999999999998);
#2239=CIRCLE('',#6350,0.499999999999994);
#2240=CIRCLE('',#6352,0.500000000000007);
#2241=CIRCLE('',#6353,3.00000000000002);
#2242=CIRCLE('',#6355,0.500000000000007);
#2243=CIRCLE('',#6357,0.499999999999998);
#2244=CIRCLE('',#6358,3.00000000000002);
#2245=CIRCLE('',#6360,0.499999999999998);
#2246=CIRCLE('',#6371,0.5);
#2247=CIRCLE('',#6372,0.500000000000007);
#2248=CIRCLE('',#6374,0.500000000000003);
#2249=CIRCLE('',#6375,10.);
#2250=CIRCLE('',#6377,0.499999999999998);
#2251=CIRCLE('',#6379,0.499999999999999);
#2252=CIRCLE('',#6380,10.);
#2253=CIRCLE('',#6382,0.499999999999998);
#2254=CIRCLE('',#6384,0.500000000000007);
#2255=CIRCLE('',#6385,10.);
#2256=CIRCLE('',#6387,0.500000000000007);
#2257=CIRCLE('',#6389,10.);
#2258=CIRCLE('',#6391,10.);
#2259=CIRCLE('',#6394,10.);
#2260=CIRCLE('',#6397,0.5);
#2261=CIRCLE('',#6398,0.499999999999998);
#2262=CIRCLE('',#6400,0.500000000000007);
#2263=CIRCLE('',#6402,0.500000000000007);
#2264=CIRCLE('',#6404,0.499999999999972);
#2265=CIRCLE('',#6405,10.);
#2266=CIRCLE('',#6407,0.500000000000007);
#2267=CIRCLE('',#6409,0.5);
#2268=CIRCLE('',#6410,10.);
#2269=CIRCLE('',#6412,0.499999999999998);
#2270=CIRCLE('',#6416,0.5);
#2271=CIRCLE('',#6417,3.00000000000001);
#2272=CIRCLE('',#6418,0.499999999999989);
#2273=CIRCLE('',#6420,0.500000000000007);
#2274=CIRCLE('',#6422,0.499999999999972);
#2275=CIRCLE('',#6423,3.00000000000002);
#2276=CIRCLE('',#6425,0.500000000000007);
#2277=CIRCLE('',#6427,0.500000000000007);
#2278=CIRCLE('',#6428,3.00000000000004);
#2279=CIRCLE('',#6430,0.500000000000007);
#2280=CIRCLE('',#6432,0.499999999999989);
#2281=CIRCLE('',#6433,3.00000000000002);
#2282=CIRCLE('',#6437,3.00000000000002);
#2283=CIRCLE('',#6440,3.00000000000001);
#2284=CIRCLE('',#6442,0.5);
#2285=CIRCLE('',#6443,3.00000000000002);
#2286=CIRCLE('',#6444,0.499999999999989);
#2287=CIRCLE('',#6446,0.499999999999989);
#2288=CIRCLE('',#6448,0.500000000000007);
#2289=CIRCLE('',#6449,3.00000000000004);
#2290=CIRCLE('',#6451,0.500000000000007);
#2291=CIRCLE('',#6453,0.499999999999989);
#2292=CIRCLE('',#6455,0.500000000000007);
#2293=CIRCLE('',#6457,0.500000000000007);
#2294=CIRCLE('',#6463,0.5);
#2295=CIRCLE('',#6464,3.00000000000001);
#2296=CIRCLE('',#6465,0.499999999999989);
#2297=CIRCLE('',#6467,0.500000000000025);
#2298=CIRCLE('',#6469,0.499999999999989);
#2299=CIRCLE('',#6470,3.00000000000006);
#2300=CIRCLE('',#6472,0.500000000000025);
#2301=CIRCLE('',#6474,0.499999999999972);
#2302=CIRCLE('',#6475,3.00000000000001);
#2303=CIRCLE('',#6477,0.499999999999972);
#2304=CIRCLE('',#6479,0.499999999999989);
#2305=CIRCLE('',#6480,3.00000000000002);
#2306=CIRCLE('',#6484,3.00000000000006);
#2307=CIRCLE('',#6487,3.00000000000001);
#2308=CIRCLE('',#6489,0.5);
#2309=CIRCLE('',#6490,0.500000000000007);
#2310=CIRCLE('',#6492,0.500000000000007);
#2311=CIRCLE('',#6493,3.00000000000001);
#2312=CIRCLE('',#6495,0.500000000000025);
#2313=CIRCLE('',#6497,0.500000000000007);
#2314=CIRCLE('',#6499,0.500000000000007);
#2315=CIRCLE('',#6501,0.500000000000007);
#2316=CIRCLE('',#6503,0.500000000000007);
#2317=CIRCLE('',#6505,3.00000000000002);
#2318=CIRCLE('',#6509,0.5);
#2319=CIRCLE('',#6510,3.00000000000004);
#2320=CIRCLE('',#6511,0.500000000000007);
#2321=CIRCLE('',#6513,0.500000000000007);
#2322=CIRCLE('',#6515,0.500000000000003);
#2323=CIRCLE('',#6516,3.00000000000004);
#2324=CIRCLE('',#6518,0.499999999999998);
#2325=CIRCLE('',#6520,0.500000000000007);
#2326=CIRCLE('',#6521,3.00000000000002);
#2327=CIRCLE('',#6523,0.500000000000007);
#2328=CIRCLE('',#6525,0.49999999999998);
#2329=CIRCLE('',#6526,3.00000000000001);
#2330=CIRCLE('',#6530,3.00000000000004);
#2331=CIRCLE('',#6533,3.00000000000004);
#2332=CIRCLE('',#6535,0.5);
#2333=CIRCLE('',#6536,0.49999999999998);
#2334=CIRCLE('',#6538,0.499999999999989);
#2335=CIRCLE('',#6540,0.500000000000007);
#2336=CIRCLE('',#6542,0.499999999999998);
#2337=CIRCLE('',#6544,0.499999999999998);
#2338=CIRCLE('',#6546,0.500000000000007);
#2339=CIRCLE('',#6547,3.00000000000001);
#2340=CIRCLE('',#6549,0.500000000000007);
#2341=CIRCLE('',#6551,3.00000000000002);
#2342=CIRCLE('',#6553,0.5);
#2343=CIRCLE('',#6554,0.499999999999998);
#2344=CIRCLE('',#6556,0.500000000000007);
#2345=CIRCLE('',#6557,3.00000000000002);
#2346=CIRCLE('',#6559,0.500000000000007);
#2347=CIRCLE('',#6561,0.500000000000007);
#2348=CIRCLE('',#6562,3.00000000000004);
#2349=CIRCLE('',#6564,0.499999999999998);
#2350=CIRCLE('',#6566,0.499999999999989);
#2351=CIRCLE('',#6567,3.00000000000002);
#2352=CIRCLE('',#6569,0.500000000000007);
#2353=CIRCLE('',#6571,3.00000000000001);
#2354=CIRCLE('',#6573,3.00000000000004);
#2355=CIRCLE('',#6576,3.00000000000002);
#2356=CIRCLE('',#6579,0.5);
#2357=CIRCLE('',#6580,0.49999999999998);
#2358=CIRCLE('',#6582,0.500000000000007);
#2359=CIRCLE('',#6584,0.500000000000025);
#2360=CIRCLE('',#6586,0.499999999999998);
#2361=CIRCLE('',#6588,0.500000000000016);
#2362=CIRCLE('',#6590,0.499999999999989);
#2363=CIRCLE('',#6591,3.00000000000001);
#2364=CIRCLE('',#6593,0.499999999999989);
#2365=CIRCLE('',#6595,3.00000000000002);
#2366=CIRCLE('',#6612,2.5);
#2367=CIRCLE('',#6613,2.5);
#2368=CIRCLE('',#6615,2.5);
#2369=CIRCLE('',#6616,2.5);
#2370=CIRCLE('',#6633,2.35);
#2371=CIRCLE('',#6634,2.35);
#2372=CIRCLE('',#6637,2.35);
#2373=CIRCLE('',#6638,2.35);
#2374=CIRCLE('',#6641,2.35);
#2375=CIRCLE('',#6642,2.35);
#2376=CIRCLE('',#6645,2.35);
#2377=CIRCLE('',#6646,2.35);
#2378=CIRCLE('',#6656,2.);
#2379=CIRCLE('',#6657,2.);
#2380=CIRCLE('',#6659,2.);
#2381=CIRCLE('',#6660,2.);
#2382=CIRCLE('',#6662,2.);
#2383=CIRCLE('',#6663,2.);
#2384=CIRCLE('',#6665,2.);
#2385=CIRCLE('',#6666,2.);
#2386=CIRCLE('',#6675,1.6);
#2387=CIRCLE('',#6676,1.6);
#2388=CIRCLE('',#6678,1.6);
#2389=CIRCLE('',#6679,1.6);
#2390=CIRCLE('',#6681,1.6);
#2391=CIRCLE('',#6682,1.6);
#2392=CIRCLE('',#6684,1.6);
#2393=CIRCLE('',#6685,1.6);
#2394=CIRCLE('',#6701,1.6);
#2395=CIRCLE('',#6702,1.6);
#2396=CIRCLE('',#6704,1.6);
#2397=CIRCLE('',#6705,1.6);
#2398=CIRCLE('',#6707,1.6);
#2399=CIRCLE('',#6708,1.6);
#2400=CIRCLE('',#6710,1.6);
#2401=CIRCLE('',#6711,1.6);
#2402=VERTEX_POINT('',#8684);
#2403=VERTEX_POINT('',#8686);
#2404=VERTEX_POINT('',#8690);
#2405=VERTEX_POINT('',#8692);
#2406=VERTEX_POINT('',#8696);
#2407=VERTEX_POINT('',#8697);
#2408=VERTEX_POINT('',#8699);
#2409=VERTEX_POINT('',#8701);
#2410=VERTEX_POINT('',#8703);
#2411=VERTEX_POINT('',#8707);
#2412=VERTEX_POINT('',#8709);
#2413=VERTEX_POINT('',#8713);
#2414=VERTEX_POINT('',#8715);
#2415=VERTEX_POINT('',#8717);
#2416=VERTEX_POINT('',#8727);
#2417=VERTEX_POINT('',#8728);
#2418=VERTEX_POINT('',#8730);
#2419=VERTEX_POINT('',#8732);
#2420=VERTEX_POINT('',#8736);
#2421=VERTEX_POINT('',#8738);
#2422=VERTEX_POINT('',#8742);
#2423=VERTEX_POINT('',#8744);
#2424=VERTEX_POINT('',#8752);
#2425=VERTEX_POINT('',#8754);
#2426=VERTEX_POINT('',#8756);
#2427=VERTEX_POINT('',#8758);
#2428=VERTEX_POINT('',#8762);
#2429=VERTEX_POINT('',#8763);
#2430=VERTEX_POINT('',#8765);
#2431=VERTEX_POINT('',#8767);
#2432=VERTEX_POINT('',#8780);
#2433=VERTEX_POINT('',#8782);
#2434=VERTEX_POINT('',#8784);
#2435=VERTEX_POINT('',#8788);
#2436=VERTEX_POINT('',#8790);
#2437=VERTEX_POINT('',#8794);
#2438=VERTEX_POINT('',#8795);
#2439=VERTEX_POINT('',#8797);
#2440=VERTEX_POINT('',#8799);
#2441=VERTEX_POINT('',#8801);
#2442=VERTEX_POINT('',#8803);
#2443=VERTEX_POINT('',#8805);
#2444=VERTEX_POINT('',#8807);
#2445=VERTEX_POINT('',#8810);
#2446=VERTEX_POINT('',#8812);
#2447=VERTEX_POINT('',#8814);
#2448=VERTEX_POINT('',#8816);
#2449=VERTEX_POINT('',#8818);
#2450=VERTEX_POINT('',#8820);
#2451=VERTEX_POINT('',#8822);
#2452=VERTEX_POINT('',#8824);
#2453=VERTEX_POINT('',#8826);
#2454=VERTEX_POINT('',#8828);
#2455=VERTEX_POINT('',#8830);
#2456=VERTEX_POINT('',#8832);
#2457=VERTEX_POINT('',#8834);
#2458=VERTEX_POINT('',#8836);
#2459=VERTEX_POINT('',#8838);
#2460=VERTEX_POINT('',#8840);
#2461=VERTEX_POINT('',#8842);
#2462=VERTEX_POINT('',#8844);
#2463=VERTEX_POINT('',#8846);
#2464=VERTEX_POINT('',#8848);
#2465=VERTEX_POINT('',#8850);
#2466=VERTEX_POINT('',#8852);
#2467=VERTEX_POINT('',#8854);
#2468=VERTEX_POINT('',#8856);
#2469=VERTEX_POINT('',#8858);
#2470=VERTEX_POINT('',#8860);
#2471=VERTEX_POINT('',#8862);
#2472=VERTEX_POINT('',#8864);
#2473=VERTEX_POINT('',#8866);
#2474=VERTEX_POINT('',#8868);
#2475=VERTEX_POINT('',#8870);
#2476=VERTEX_POINT('',#8872);
#2477=VERTEX_POINT('',#8874);
#2478=VERTEX_POINT('',#8876);
#2479=VERTEX_POINT('',#8878);
#2480=VERTEX_POINT('',#8880);
#2481=VERTEX_POINT('',#8882);
#2482=VERTEX_POINT('',#8884);
#2483=VERTEX_POINT('',#8886);
#2484=VERTEX_POINT('',#8888);
#2485=VERTEX_POINT('',#8890);
#2486=VERTEX_POINT('',#8892);
#2487=VERTEX_POINT('',#8893);
#2488=VERTEX_POINT('',#8895);
#2489=VERTEX_POINT('',#8897);
#2490=VERTEX_POINT('',#8899);
#2491=VERTEX_POINT('',#8901);
#2492=VERTEX_POINT('',#8903);
#2493=VERTEX_POINT('',#8905);
#2494=VERTEX_POINT('',#8908);
#2495=VERTEX_POINT('',#8909);
#2496=VERTEX_POINT('',#8911);
#2497=VERTEX_POINT('',#8913);
#2498=VERTEX_POINT('',#8915);
#2499=VERTEX_POINT('',#8917);
#2500=VERTEX_POINT('',#8919);
#2501=VERTEX_POINT('',#8921);
#2502=VERTEX_POINT('',#8924);
#2503=VERTEX_POINT('',#8925);
#2504=VERTEX_POINT('',#8927);
#2505=VERTEX_POINT('',#8929);
#2506=VERTEX_POINT('',#8931);
#2507=VERTEX_POINT('',#8933);
#2508=VERTEX_POINT('',#8935);
#2509=VERTEX_POINT('',#8937);
#2510=VERTEX_POINT('',#8940);
#2511=VERTEX_POINT('',#8941);
#2512=VERTEX_POINT('',#8943);
#2513=VERTEX_POINT('',#8945);
#2514=VERTEX_POINT('',#8947);
#2515=VERTEX_POINT('',#8949);
#2516=VERTEX_POINT('',#8951);
#2517=VERTEX_POINT('',#8953);
#2518=VERTEX_POINT('',#8956);
#2519=VERTEX_POINT('',#8957);
#2520=VERTEX_POINT('',#8959);
#2521=VERTEX_POINT('',#8961);
#2522=VERTEX_POINT('',#8963);
#2523=VERTEX_POINT('',#8965);
#2524=VERTEX_POINT('',#8967);
#2525=VERTEX_POINT('',#8969);
#2526=VERTEX_POINT('',#8972);
#2527=VERTEX_POINT('',#8974);
#2528=VERTEX_POINT('',#8976);
#2529=VERTEX_POINT('',#8978);
#2530=VERTEX_POINT('',#8980);
#2531=VERTEX_POINT('',#8982);
#2532=VERTEX_POINT('',#8984);
#2533=VERTEX_POINT('',#8986);
#2534=VERTEX_POINT('',#8988);
#2535=VERTEX_POINT('',#8990);
#2536=VERTEX_POINT('',#8992);
#2537=VERTEX_POINT('',#8994);
#2538=VERTEX_POINT('',#8996);
#2539=VERTEX_POINT('',#8998);
#2540=VERTEX_POINT('',#9000);
#2541=VERTEX_POINT('',#9002);
#2542=VERTEX_POINT('',#9005);
#2543=VERTEX_POINT('',#9009);
#2544=VERTEX_POINT('',#9010);
#2545=VERTEX_POINT('',#9012);
#2546=VERTEX_POINT('',#9014);
#2547=VERTEX_POINT('',#9016);
#2548=VERTEX_POINT('',#9018);
#2549=VERTEX_POINT('',#9020);
#2550=VERTEX_POINT('',#9022);
#2551=VERTEX_POINT('',#9025);
#2552=VERTEX_POINT('',#9027);
#2553=VERTEX_POINT('',#9029);
#2554=VERTEX_POINT('',#9031);
#2555=VERTEX_POINT('',#9033);
#2556=VERTEX_POINT('',#9035);
#2557=VERTEX_POINT('',#9037);
#2558=VERTEX_POINT('',#9039);
#2559=VERTEX_POINT('',#9041);
#2560=VERTEX_POINT('',#9043);
#2561=VERTEX_POINT('',#9045);
#2562=VERTEX_POINT('',#9047);
#2563=VERTEX_POINT('',#9049);
#2564=VERTEX_POINT('',#9051);
#2565=VERTEX_POINT('',#9053);
#2566=VERTEX_POINT('',#9055);
#2567=VERTEX_POINT('',#9057);
#2568=VERTEX_POINT('',#9059);
#2569=VERTEX_POINT('',#9061);
#2570=VERTEX_POINT('',#9063);
#2571=VERTEX_POINT('',#9065);
#2572=VERTEX_POINT('',#9067);
#2573=VERTEX_POINT('',#9069);
#2574=VERTEX_POINT('',#9071);
#2575=VERTEX_POINT('',#9073);
#2576=VERTEX_POINT('',#9075);
#2577=VERTEX_POINT('',#9077);
#2578=VERTEX_POINT('',#9079);
#2579=VERTEX_POINT('',#9081);
#2580=VERTEX_POINT('',#9083);
#2581=VERTEX_POINT('',#9085);
#2582=VERTEX_POINT('',#9087);
#2583=VERTEX_POINT('',#9089);
#2584=VERTEX_POINT('',#9091);
#2585=VERTEX_POINT('',#9093);
#2586=VERTEX_POINT('',#9095);
#2587=VERTEX_POINT('',#9097);
#2588=VERTEX_POINT('',#9099);
#2589=VERTEX_POINT('',#9101);
#2590=VERTEX_POINT('',#9103);
#2591=VERTEX_POINT('',#9105);
#2592=VERTEX_POINT('',#9107);
#2593=VERTEX_POINT('',#9108);
#2594=VERTEX_POINT('',#9110);
#2595=VERTEX_POINT('',#9112);
#2596=VERTEX_POINT('',#9114);
#2597=VERTEX_POINT('',#9116);
#2598=VERTEX_POINT('',#9118);
#2599=VERTEX_POINT('',#9120);
#2600=VERTEX_POINT('',#9123);
#2601=VERTEX_POINT('',#9124);
#2602=VERTEX_POINT('',#9126);
#2603=VERTEX_POINT('',#9128);
#2604=VERTEX_POINT('',#9130);
#2605=VERTEX_POINT('',#9132);
#2606=VERTEX_POINT('',#9134);
#2607=VERTEX_POINT('',#9136);
#2608=VERTEX_POINT('',#9139);
#2609=VERTEX_POINT('',#9140);
#2610=VERTEX_POINT('',#9142);
#2611=VERTEX_POINT('',#9144);
#2612=VERTEX_POINT('',#9146);
#2613=VERTEX_POINT('',#9148);
#2614=VERTEX_POINT('',#9150);
#2615=VERTEX_POINT('',#9152);
#2616=VERTEX_POINT('',#9155);
#2617=VERTEX_POINT('',#9156);
#2618=VERTEX_POINT('',#9158);
#2619=VERTEX_POINT('',#9160);
#2620=VERTEX_POINT('',#9162);
#2621=VERTEX_POINT('',#9164);
#2622=VERTEX_POINT('',#9166);
#2623=VERTEX_POINT('',#9168);
#2624=VERTEX_POINT('',#9171);
#2625=VERTEX_POINT('',#9172);
#2626=VERTEX_POINT('',#9174);
#2627=VERTEX_POINT('',#9176);
#2628=VERTEX_POINT('',#9178);
#2629=VERTEX_POINT('',#9180);
#2630=VERTEX_POINT('',#9182);
#2631=VERTEX_POINT('',#9184);
#2632=VERTEX_POINT('',#9187);
#2633=VERTEX_POINT('',#9189);
#2634=VERTEX_POINT('',#9191);
#2635=VERTEX_POINT('',#9193);
#2636=VERTEX_POINT('',#9195);
#2637=VERTEX_POINT('',#9197);
#2638=VERTEX_POINT('',#9199);
#2639=VERTEX_POINT('',#9201);
#2640=VERTEX_POINT('',#9203);
#2641=VERTEX_POINT('',#9205);
#2642=VERTEX_POINT('',#9207);
#2643=VERTEX_POINT('',#9209);
#2644=VERTEX_POINT('',#9211);
#2645=VERTEX_POINT('',#9213);
#2646=VERTEX_POINT('',#9215);
#2647=VERTEX_POINT('',#9217);
#2648=VERTEX_POINT('',#9220);
#2649=VERTEX_POINT('',#9222);
#2650=VERTEX_POINT('',#9226);
#2651=VERTEX_POINT('',#9228);
#2652=VERTEX_POINT('',#9234);
#2653=VERTEX_POINT('',#9236);
#2654=VERTEX_POINT('',#9240);
#2655=VERTEX_POINT('',#9242);
#2656=VERTEX_POINT('',#9248);
#2657=VERTEX_POINT('',#9250);
#2658=VERTEX_POINT('',#9254);
#2659=VERTEX_POINT('',#9255);
#2660=VERTEX_POINT('',#9262);
#2661=VERTEX_POINT('',#9264);
#2662=VERTEX_POINT('',#9268);
#2663=VERTEX_POINT('',#9270);
#2664=VERTEX_POINT('',#9276);
#2665=VERTEX_POINT('',#9278);
#2666=VERTEX_POINT('',#9282);
#2667=VERTEX_POINT('',#9284);
#2668=VERTEX_POINT('',#9290);
#2669=VERTEX_POINT('',#9292);
#2670=VERTEX_POINT('',#9296);
#2671=VERTEX_POINT('',#9298);
#2672=VERTEX_POINT('',#9304);
#2673=VERTEX_POINT('',#9306);
#2674=VERTEX_POINT('',#9310);
#2675=VERTEX_POINT('',#9312);
#2676=VERTEX_POINT('',#9318);
#2677=VERTEX_POINT('',#9320);
#2678=VERTEX_POINT('',#9324);
#2679=VERTEX_POINT('',#9325);
#2680=VERTEX_POINT('',#9330);
#2681=VERTEX_POINT('',#9332);
#2682=VERTEX_POINT('',#9336);
#2683=VERTEX_POINT('',#9337);
#2684=VERTEX_POINT('',#9346);
#2685=VERTEX_POINT('',#9348);
#2686=VERTEX_POINT('',#9352);
#2687=VERTEX_POINT('',#9354);
#2688=VERTEX_POINT('',#9358);
#2689=VERTEX_POINT('',#9360);
#2690=VERTEX_POINT('',#9364);
#2691=VERTEX_POINT('',#9366);
#2692=VERTEX_POINT('',#9374);
#2693=VERTEX_POINT('',#9376);
#2694=VERTEX_POINT('',#9380);
#2695=VERTEX_POINT('',#9381);
#2696=VERTEX_POINT('',#9388);
#2697=VERTEX_POINT('',#9390);
#2698=VERTEX_POINT('',#9394);
#2699=VERTEX_POINT('',#9395);
#2700=VERTEX_POINT('',#9402);
#2701=VERTEX_POINT('',#9404);
#2702=VERTEX_POINT('',#9408);
#2703=VERTEX_POINT('',#9410);
#2704=VERTEX_POINT('',#9416);
#2705=VERTEX_POINT('',#9418);
#2706=VERTEX_POINT('',#9422);
#2707=VERTEX_POINT('',#9423);
#2708=VERTEX_POINT('',#9430);
#2709=VERTEX_POINT('',#9432);
#2710=VERTEX_POINT('',#9436);
#2711=VERTEX_POINT('',#9438);
#2712=VERTEX_POINT('',#9444);
#2713=VERTEX_POINT('',#9446);
#2714=VERTEX_POINT('',#9450);
#2715=VERTEX_POINT('',#9451);
#2716=VERTEX_POINT('',#9530);
#2717=VERTEX_POINT('',#9532);
#2718=VERTEX_POINT('',#9536);
#2719=VERTEX_POINT('',#9540);
#2720=VERTEX_POINT('',#9544);
#2721=VERTEX_POINT('',#9548);
#2722=VERTEX_POINT('',#9552);
#2723=VERTEX_POINT('',#9556);
#2724=VERTEX_POINT('',#9562);
#2725=VERTEX_POINT('',#9564);
#2726=VERTEX_POINT('',#9568);
#2727=VERTEX_POINT('',#9572);
#2728=VERTEX_POINT('',#9576);
#2729=VERTEX_POINT('',#9587);
#2730=VERTEX_POINT('',#9591);
#2731=VERTEX_POINT('',#9595);
#2732=VERTEX_POINT('',#9618);
#2733=VERTEX_POINT('',#9620);
#2734=VERTEX_POINT('',#9624);
#2735=VERTEX_POINT('',#9628);
#2736=VERTEX_POINT('',#9632);
#2737=VERTEX_POINT('',#9636);
#2738=VERTEX_POINT('',#9640);
#2739=VERTEX_POINT('',#9644);
#2740=VERTEX_POINT('',#9650);
#2741=VERTEX_POINT('',#9652);
#2742=VERTEX_POINT('',#9656);
#2743=VERTEX_POINT('',#9660);
#2744=VERTEX_POINT('',#9664);
#2745=VERTEX_POINT('',#9675);
#2746=VERTEX_POINT('',#9679);
#2747=VERTEX_POINT('',#9683);
#2748=VERTEX_POINT('',#9693);
#2749=VERTEX_POINT('',#9695);
#2750=VERTEX_POINT('',#9699);
#2751=VERTEX_POINT('',#9703);
#2752=VERTEX_POINT('',#9707);
#2753=VERTEX_POINT('',#9711);
#2754=VERTEX_POINT('',#9715);
#2755=VERTEX_POINT('',#9719);
#2756=VERTEX_POINT('',#9725);
#2757=VERTEX_POINT('',#9727);
#2758=VERTEX_POINT('',#9731);
#2759=VERTEX_POINT('',#9735);
#2760=VERTEX_POINT('',#9739);
#2761=VERTEX_POINT('',#9743);
#2762=VERTEX_POINT('',#9745);
#2763=VERTEX_POINT('',#9749);
#2764=VERTEX_POINT('',#9772);
#2765=VERTEX_POINT('',#9774);
#2766=VERTEX_POINT('',#9778);
#2767=VERTEX_POINT('',#9782);
#2768=VERTEX_POINT('',#9786);
#2769=VERTEX_POINT('',#9790);
#2770=VERTEX_POINT('',#9794);
#2771=VERTEX_POINT('',#9798);
#2772=VERTEX_POINT('',#9804);
#2773=VERTEX_POINT('',#9806);
#2774=VERTEX_POINT('',#9810);
#2775=VERTEX_POINT('',#9814);
#2776=VERTEX_POINT('',#9818);
#2777=VERTEX_POINT('',#9822);
#2778=VERTEX_POINT('',#9824);
#2779=VERTEX_POINT('',#9839);
#2780=VERTEX_POINT('',#9849);
#2781=VERTEX_POINT('',#9851);
#2782=VERTEX_POINT('',#9855);
#2783=VERTEX_POINT('',#9859);
#2784=VERTEX_POINT('',#9863);
#2785=VERTEX_POINT('',#9867);
#2786=VERTEX_POINT('',#9871);
#2787=VERTEX_POINT('',#9875);
#2788=VERTEX_POINT('',#9881);
#2789=VERTEX_POINT('',#9883);
#2790=VERTEX_POINT('',#9887);
#2791=VERTEX_POINT('',#9891);
#2792=VERTEX_POINT('',#9895);
#2793=VERTEX_POINT('',#9908);
#2794=VERTEX_POINT('',#9912);
#2795=VERTEX_POINT('',#9916);
#2796=VERTEX_POINT('',#9922);
#2797=VERTEX_POINT('',#9924);
#2798=VERTEX_POINT('',#9928);
#2799=VERTEX_POINT('',#9932);
#2800=VERTEX_POINT('',#9936);
#2801=VERTEX_POINT('',#9940);
#2802=VERTEX_POINT('',#9944);
#2803=VERTEX_POINT('',#9948);
#2804=VERTEX_POINT('',#9954);
#2805=VERTEX_POINT('',#9956);
#2806=VERTEX_POINT('',#9960);
#2807=VERTEX_POINT('',#9964);
#2808=VERTEX_POINT('',#9968);
#2809=VERTEX_POINT('',#9972);
#2810=VERTEX_POINT('',#9985);
#2811=VERTEX_POINT('',#9989);
#2812=VERTEX_POINT('',#10019);
#2813=VERTEX_POINT('',#10021);
#2814=VERTEX_POINT('',#10025);
#2815=VERTEX_POINT('',#10027);
#2816=VERTEX_POINT('',#10031);
#2817=VERTEX_POINT('',#10032);
#2818=VERTEX_POINT('',#10034);
#2819=VERTEX_POINT('',#10036);
#2820=VERTEX_POINT('',#10040);
#2821=VERTEX_POINT('',#10042);
#2822=VERTEX_POINT('',#10046);
#2823=VERTEX_POINT('',#10048);
#2824=VERTEX_POINT('',#10054);
#2825=VERTEX_POINT('',#10056);
#2826=VERTEX_POINT('',#10058);
#2827=VERTEX_POINT('',#10060);
#2828=VERTEX_POINT('',#10062);
#2829=VERTEX_POINT('',#10064);
#2830=VERTEX_POINT('',#10066);
#2831=VERTEX_POINT('',#10068);
#2832=VERTEX_POINT('',#10072);
#2833=VERTEX_POINT('',#10074);
#2834=VERTEX_POINT('',#10078);
#2835=VERTEX_POINT('',#10082);
#2836=VERTEX_POINT('',#10088);
#2837=VERTEX_POINT('',#10089);
#2838=VERTEX_POINT('',#10091);
#2839=VERTEX_POINT('',#10093);
#2840=VERTEX_POINT('',#10106);
#2841=VERTEX_POINT('',#10108);
#2842=VERTEX_POINT('',#10113);
#2843=VERTEX_POINT('',#10115);
#2844=VERTEX_POINT('',#10120);
#2845=VERTEX_POINT('',#10122);
#2846=VERTEX_POINT('',#10127);
#2847=VERTEX_POINT('',#10129);
#2848=VERTEX_POINT('',#10134);
#2849=VERTEX_POINT('',#10135);
#2850=VERTEX_POINT('',#10137);
#2851=VERTEX_POINT('',#10139);
#2852=VERTEX_POINT('',#10143);
#2853=VERTEX_POINT('',#10144);
#2854=VERTEX_POINT('',#10146);
#2855=VERTEX_POINT('',#10148);
#2856=VERTEX_POINT('',#10161);
#2857=VERTEX_POINT('',#10163);
#2858=VERTEX_POINT('',#10167);
#2859=VERTEX_POINT('',#10169);
#2860=VERTEX_POINT('',#10173);
#2861=VERTEX_POINT('',#10175);
#2862=VERTEX_POINT('',#10179);
#2863=VERTEX_POINT('',#10181);
#2864=VERTEX_POINT('',#10185);
#2865=VERTEX_POINT('',#10186);
#2866=VERTEX_POINT('',#10188);
#2867=VERTEX_POINT('',#10190);
#2868=VERTEX_POINT('',#10194);
#2869=VERTEX_POINT('',#10196);
#2870=VERTEX_POINT('',#10200);
#2871=VERTEX_POINT('',#10202);
#2872=VERTEX_POINT('',#10212);
#2873=VERTEX_POINT('',#10214);
#2874=VERTEX_POINT('',#10218);
#2875=VERTEX_POINT('',#10220);
#2876=VERTEX_POINT('',#10224);
#2877=VERTEX_POINT('',#10226);
#2878=VERTEX_POINT('',#10230);
#2879=VERTEX_POINT('',#10232);
#2880=VERTEX_POINT('',#10236);
#2881=VERTEX_POINT('',#10237);
#2882=VERTEX_POINT('',#10239);
#2883=VERTEX_POINT('',#10241);
#2884=VERTEX_POINT('',#10245);
#2885=VERTEX_POINT('',#10246);
#2886=VERTEX_POINT('',#10248);
#2887=VERTEX_POINT('',#10250);
#2888=VERTEX_POINT('',#10263);
#2889=VERTEX_POINT('',#10264);
#2890=VERTEX_POINT('',#10266);
#2891=VERTEX_POINT('',#10268);
#2892=VERTEX_POINT('',#10272);
#2893=VERTEX_POINT('',#10273);
#2894=VERTEX_POINT('',#10276);
#2895=VERTEX_POINT('',#10280);
#2896=VERTEX_POINT('',#10282);
#2897=VERTEX_POINT('',#10286);
#2898=VERTEX_POINT('',#10292);
#2899=VERTEX_POINT('',#10294);
#2900=VERTEX_POINT('',#10298);
#2901=VERTEX_POINT('',#10300);
#2902=VERTEX_POINT('',#10304);
#2903=VERTEX_POINT('',#10306);
#2904=VERTEX_POINT('',#10310);
#2905=VERTEX_POINT('',#10312);
#2906=VERTEX_POINT('',#10316);
#2907=VERTEX_POINT('',#10318);
#2908=VERTEX_POINT('',#10322);
#2909=VERTEX_POINT('',#10324);
#2910=VERTEX_POINT('',#10328);
#2911=VERTEX_POINT('',#10330);
#2912=VERTEX_POINT('',#10334);
#2913=VERTEX_POINT('',#10336);
#2914=EDGE_CURVE('',#2402,#2402,#1946,.T.);
#2915=EDGE_CURVE('',#2402,#2403,#1222,.T.);
#2916=EDGE_CURVE('',#2403,#2403,#1947,.T.);
#2917=EDGE_CURVE('',#2404,#2404,#1948,.T.);
#2918=EDGE_CURVE('',#2404,#2405,#1223,.T.);
#2919=EDGE_CURVE('',#2405,#2405,#1949,.T.);
#2920=EDGE_CURVE('',#2406,#2407,#1224,.T.);
#2921=EDGE_CURVE('',#2406,#2408,#1225,.T.);
#2922=EDGE_CURVE('',#2409,#2408,#1226,.T.);
#2923=EDGE_CURVE('',#2410,#2409,#1227,.T.);
#2924=EDGE_CURVE('',#2407,#2410,#1228,.T.);
#2925=EDGE_CURVE('',#2410,#2411,#1229,.T.);
#2926=EDGE_CURVE('',#2412,#2409,#1230,.T.);
#2927=EDGE_CURVE('',#2411,#2412,#1231,.T.);
#2928=EDGE_CURVE('',#2411,#2413,#1232,.T.);
#2929=EDGE_CURVE('',#2414,#2412,#1233,.T.);
#2930=EDGE_CURVE('',#2415,#2414,#1234,.T.);
#2931=EDGE_CURVE('',#2413,#2415,#1235,.T.);
#2932=EDGE_CURVE('',#2415,#2406,#1236,.T.);
#2933=EDGE_CURVE('',#2408,#2414,#1237,.T.);
#2934=EDGE_CURVE('',#2413,#2407,#1238,.T.);
#2935=EDGE_CURVE('',#2416,#2417,#1239,.T.);
#2936=EDGE_CURVE('',#2416,#2418,#1240,.T.);
#2937=EDGE_CURVE('',#2419,#2418,#1241,.T.);
#2938=EDGE_CURVE('',#2417,#2419,#1242,.T.);
#2939=EDGE_CURVE('',#2417,#2420,#1243,.T.);
#2940=EDGE_CURVE('',#2421,#2419,#1244,.T.);
#2941=EDGE_CURVE('',#2420,#2421,#1245,.T.);
#2942=EDGE_CURVE('',#2420,#2422,#1246,.T.);
#2943=EDGE_CURVE('',#2423,#2421,#1247,.T.);
#2944=EDGE_CURVE('',#2422,#2423,#1248,.T.);
#2945=EDGE_CURVE('',#2422,#2416,#1249,.T.);
#2946=EDGE_CURVE('',#2418,#2423,#1250,.T.);
#2947=EDGE_CURVE('',#2407,#2424,#1251,.T.);
#2948=EDGE_CURVE('',#2424,#2425,#1252,.T.);
#2949=EDGE_CURVE('',#2425,#2426,#1253,.T.);
#2950=EDGE_CURVE('',#2426,#2427,#1254,.T.);
#2951=EDGE_CURVE('',#2427,#2413,#1255,.T.);
#2952=EDGE_CURVE('',#2428,#2429,#1256,.T.);
#2953=EDGE_CURVE('',#2429,#2430,#1257,.T.);
#2954=EDGE_CURVE('',#2430,#2431,#1258,.T.);
#2955=EDGE_CURVE('',#2431,#2428,#1259,.T.);
#2956=EDGE_CURVE('',#2424,#2430,#1260,.T.);
#2957=EDGE_CURVE('',#2425,#2429,#1261,.T.);
#2958=EDGE_CURVE('',#2427,#2431,#1262,.T.);
#2959=EDGE_CURVE('',#2426,#2428,#1263,.T.);
#2960=EDGE_CURVE('',#2432,#2432,#1950,.T.);
#2961=EDGE_CURVE('',#2432,#2433,#1951,.T.);
#2962=EDGE_CURVE('',#2433,#2434,#1952,.T.);
#2963=EDGE_CURVE('',#2434,#2433,#1953,.T.);
#2964=EDGE_CURVE('',#2434,#2435,#1264,.T.);
#2965=EDGE_CURVE('',#2436,#2435,#1954,.T.);
#2966=EDGE_CURVE('',#2435,#2436,#1955,.T.);
#2967=EDGE_CURVE('',#2437,#2438,#1265,.T.);
#2968=EDGE_CURVE('',#2439,#2437,#1956,.T.);
#2969=EDGE_CURVE('',#2440,#2439,#1266,.T.);
#2970=EDGE_CURVE('',#2441,#2440,#1957,.T.);
#2971=EDGE_CURVE('',#2442,#2441,#1267,.T.);
#2972=EDGE_CURVE('',#2443,#2442,#1958,.T.);
#2973=EDGE_CURVE('',#2444,#2443,#1268,.T.);
#2974=EDGE_CURVE('',#2438,#2444,#1959,.T.);
#2975=EDGE_CURVE('',#2445,#2445,#1960,.T.);
#2976=EDGE_CURVE('',#2446,#2446,#1961,.T.);
#2977=EDGE_CURVE('',#2447,#2447,#1962,.T.);
#2978=EDGE_CURVE('',#2448,#2448,#1963,.T.);
#2979=EDGE_CURVE('',#2449,#2449,#1964,.T.);
#2980=EDGE_CURVE('',#2450,#2450,#1965,.T.);
#2981=EDGE_CURVE('',#2451,#2451,#1966,.T.);
#2982=EDGE_CURVE('',#2452,#2452,#1967,.T.);
#2983=EDGE_CURVE('',#2453,#2453,#1968,.T.);
#2984=EDGE_CURVE('',#2454,#2454,#1969,.T.);
#2985=EDGE_CURVE('',#2455,#2455,#1970,.T.);
#2986=EDGE_CURVE('',#2456,#2456,#1971,.T.);
#2987=EDGE_CURVE('',#2457,#2457,#1972,.T.);
#2988=EDGE_CURVE('',#2458,#2458,#1973,.T.);
#2989=EDGE_CURVE('',#2459,#2459,#1974,.T.);
#2990=EDGE_CURVE('',#2460,#2460,#1975,.T.);
#2991=EDGE_CURVE('',#2461,#2461,#1976,.T.);
#2992=EDGE_CURVE('',#2462,#2462,#1977,.T.);
#2993=EDGE_CURVE('',#2463,#2463,#1978,.T.);
#2994=EDGE_CURVE('',#2464,#2464,#1979,.T.);
#2995=EDGE_CURVE('',#2465,#2465,#1980,.T.);
#2996=EDGE_CURVE('',#2466,#2466,#1981,.T.);
#2997=EDGE_CURVE('',#2467,#2467,#1982,.T.);
#2998=EDGE_CURVE('',#2468,#2468,#1983,.T.);
#2999=EDGE_CURVE('',#2469,#2469,#1984,.T.);
#3000=EDGE_CURVE('',#2470,#2470,#1985,.T.);
#3001=EDGE_CURVE('',#2471,#2471,#1986,.T.);
#3002=EDGE_CURVE('',#2472,#2472,#1987,.T.);
#3003=EDGE_CURVE('',#2473,#2473,#1988,.T.);
#3004=EDGE_CURVE('',#2474,#2474,#1989,.T.);
#3005=EDGE_CURVE('',#2475,#2475,#1990,.T.);
#3006=EDGE_CURVE('',#2476,#2476,#1991,.T.);
#3007=EDGE_CURVE('',#2477,#2477,#1992,.T.);
#3008=EDGE_CURVE('',#2478,#2478,#1993,.T.);
#3009=EDGE_CURVE('',#2479,#2479,#1994,.T.);
#3010=EDGE_CURVE('',#2480,#2480,#1995,.T.);
#3011=EDGE_CURVE('',#2481,#2481,#1996,.T.);
#3012=EDGE_CURVE('',#2482,#2482,#1997,.T.);
#3013=EDGE_CURVE('',#2483,#2483,#1998,.T.);
#3014=EDGE_CURVE('',#2484,#2484,#1999,.T.);
#3015=EDGE_CURVE('',#2485,#2485,#2000,.T.);
#3016=EDGE_CURVE('',#2486,#2487,#2001,.T.);
#3017=EDGE_CURVE('',#2488,#2486,#1269,.T.);
#3018=EDGE_CURVE('',#2489,#2488,#2002,.T.);
#3019=EDGE_CURVE('',#2490,#2489,#1270,.T.);
#3020=EDGE_CURVE('',#2491,#2490,#2003,.T.);
#3021=EDGE_CURVE('',#2492,#2491,#1271,.T.);
#3022=EDGE_CURVE('',#2493,#2492,#2004,.T.);
#3023=EDGE_CURVE('',#2487,#2493,#1272,.T.);
#3024=EDGE_CURVE('',#2494,#2495,#1273,.T.);
#3025=EDGE_CURVE('',#2496,#2494,#2005,.T.);
#3026=EDGE_CURVE('',#2497,#2496,#1274,.T.);
#3027=EDGE_CURVE('',#2498,#2497,#2006,.T.);
#3028=EDGE_CURVE('',#2499,#2498,#1275,.T.);
#3029=EDGE_CURVE('',#2500,#2499,#2007,.T.);
#3030=EDGE_CURVE('',#2501,#2500,#1276,.T.);
#3031=EDGE_CURVE('',#2495,#2501,#2008,.T.);
#3032=EDGE_CURVE('',#2502,#2503,#1277,.T.);
#3033=EDGE_CURVE('',#2504,#2502,#2009,.T.);
#3034=EDGE_CURVE('',#2505,#2504,#1278,.T.);
#3035=EDGE_CURVE('',#2506,#2505,#2010,.T.);
#3036=EDGE_CURVE('',#2507,#2506,#1279,.T.);
#3037=EDGE_CURVE('',#2508,#2507,#2011,.T.);
#3038=EDGE_CURVE('',#2509,#2508,#1280,.T.);
#3039=EDGE_CURVE('',#2503,#2509,#2012,.T.);
#3040=EDGE_CURVE('',#2510,#2511,#2013,.T.);
#3041=EDGE_CURVE('',#2512,#2510,#1281,.T.);
#3042=EDGE_CURVE('',#2513,#2512,#2014,.T.);
#3043=EDGE_CURVE('',#2514,#2513,#1282,.T.);
#3044=EDGE_CURVE('',#2515,#2514,#2015,.T.);
#3045=EDGE_CURVE('',#2516,#2515,#1283,.T.);
#3046=EDGE_CURVE('',#2517,#2516,#2016,.T.);
#3047=EDGE_CURVE('',#2511,#2517,#1284,.T.);
#3048=EDGE_CURVE('',#2518,#2519,#1285,.T.);
#3049=EDGE_CURVE('',#2520,#2518,#2017,.T.);
#3050=EDGE_CURVE('',#2521,#2520,#1286,.T.);
#3051=EDGE_CURVE('',#2522,#2521,#2018,.T.);
#3052=EDGE_CURVE('',#2523,#2522,#1287,.T.);
#3053=EDGE_CURVE('',#2524,#2523,#2019,.T.);
#3054=EDGE_CURVE('',#2525,#2524,#1288,.T.);
#3055=EDGE_CURVE('',#2519,#2525,#2020,.T.);
#3056=EDGE_CURVE('',#2526,#2526,#2021,.T.);
#3057=EDGE_CURVE('',#2527,#2527,#2022,.T.);
#3058=EDGE_CURVE('',#2528,#2528,#2023,.T.);
#3059=EDGE_CURVE('',#2529,#2529,#2024,.T.);
#3060=EDGE_CURVE('',#2530,#2530,#2025,.T.);
#3061=EDGE_CURVE('',#2531,#2531,#2026,.T.);
#3062=EDGE_CURVE('',#2532,#2532,#2027,.T.);
#3063=EDGE_CURVE('',#2533,#2533,#2028,.T.);
#3064=EDGE_CURVE('',#2534,#2534,#2029,.T.);
#3065=EDGE_CURVE('',#2535,#2535,#2030,.T.);
#3066=EDGE_CURVE('',#2536,#2536,#2031,.T.);
#3067=EDGE_CURVE('',#2537,#2537,#2032,.T.);
#3068=EDGE_CURVE('',#2538,#2538,#2033,.T.);
#3069=EDGE_CURVE('',#2539,#2539,#2034,.T.);
#3070=EDGE_CURVE('',#2540,#2540,#2035,.T.);
#3071=EDGE_CURVE('',#2541,#2541,#2036,.T.);
#3072=EDGE_CURVE('',#2542,#2542,#2037,.T.);
#3073=EDGE_CURVE('',#2542,#2436,#2038,.T.);
#3074=EDGE_CURVE('',#2543,#2544,#1289,.T.);
#3075=EDGE_CURVE('',#2545,#2543,#2039,.T.);
#3076=EDGE_CURVE('',#2546,#2545,#1290,.T.);
#3077=EDGE_CURVE('',#2547,#2546,#2040,.T.);
#3078=EDGE_CURVE('',#2548,#2547,#1291,.T.);
#3079=EDGE_CURVE('',#2549,#2548,#2041,.T.);
#3080=EDGE_CURVE('',#2550,#2549,#1292,.T.);
#3081=EDGE_CURVE('',#2544,#2550,#2042,.T.);
#3082=EDGE_CURVE('',#2551,#2551,#2043,.T.);
#3083=EDGE_CURVE('',#2552,#2552,#2044,.T.);
#3084=EDGE_CURVE('',#2553,#2553,#2045,.T.);
#3085=EDGE_CURVE('',#2554,#2554,#2046,.T.);
#3086=EDGE_CURVE('',#2555,#2555,#2047,.T.);
#3087=EDGE_CURVE('',#2556,#2556,#2048,.T.);
#3088=EDGE_CURVE('',#2557,#2557,#2049,.T.);
#3089=EDGE_CURVE('',#2558,#2558,#2050,.T.);
#3090=EDGE_CURVE('',#2559,#2559,#2051,.T.);
#3091=EDGE_CURVE('',#2560,#2560,#2052,.T.);
#3092=EDGE_CURVE('',#2561,#2561,#2053,.T.);
#3093=EDGE_CURVE('',#2562,#2562,#2054,.T.);
#3094=EDGE_CURVE('',#2563,#2563,#2055,.T.);
#3095=EDGE_CURVE('',#2564,#2564,#2056,.T.);
#3096=EDGE_CURVE('',#2565,#2565,#2057,.T.);
#3097=EDGE_CURVE('',#2566,#2566,#2058,.T.);
#3098=EDGE_CURVE('',#2567,#2567,#2059,.T.);
#3099=EDGE_CURVE('',#2568,#2568,#2060,.T.);
#3100=EDGE_CURVE('',#2569,#2569,#2061,.T.);
#3101=EDGE_CURVE('',#2570,#2570,#2062,.T.);
#3102=EDGE_CURVE('',#2571,#2571,#2063,.T.);
#3103=EDGE_CURVE('',#2572,#2572,#2064,.T.);
#3104=EDGE_CURVE('',#2573,#2573,#2065,.T.);
#3105=EDGE_CURVE('',#2574,#2574,#2066,.T.);
#3106=EDGE_CURVE('',#2575,#2575,#2067,.T.);
#3107=EDGE_CURVE('',#2576,#2576,#2068,.T.);
#3108=EDGE_CURVE('',#2577,#2577,#2069,.T.);
#3109=EDGE_CURVE('',#2578,#2578,#2070,.T.);
#3110=EDGE_CURVE('',#2579,#2579,#2071,.T.);
#3111=EDGE_CURVE('',#2580,#2580,#2072,.T.);
#3112=EDGE_CURVE('',#2581,#2581,#2073,.T.);
#3113=EDGE_CURVE('',#2582,#2582,#2074,.T.);
#3114=EDGE_CURVE('',#2583,#2583,#2075,.T.);
#3115=EDGE_CURVE('',#2584,#2584,#2076,.T.);
#3116=EDGE_CURVE('',#2585,#2585,#2077,.T.);
#3117=EDGE_CURVE('',#2586,#2586,#2078,.T.);
#3118=EDGE_CURVE('',#2587,#2587,#2079,.T.);
#3119=EDGE_CURVE('',#2588,#2588,#2080,.T.);
#3120=EDGE_CURVE('',#2589,#2589,#2081,.T.);
#3121=EDGE_CURVE('',#2590,#2590,#2082,.T.);
#3122=EDGE_CURVE('',#2591,#2591,#2083,.T.);
#3123=EDGE_CURVE('',#2592,#2593,#2084,.T.);
#3124=EDGE_CURVE('',#2594,#2592,#1293,.T.);
#3125=EDGE_CURVE('',#2595,#2594,#2085,.T.);
#3126=EDGE_CURVE('',#2596,#2595,#1294,.T.);
#3127=EDGE_CURVE('',#2597,#2596,#2086,.T.);
#3128=EDGE_CURVE('',#2598,#2597,#1295,.T.);
#3129=EDGE_CURVE('',#2599,#2598,#2087,.T.);
#3130=EDGE_CURVE('',#2593,#2599,#1296,.T.);
#3131=EDGE_CURVE('',#2600,#2601,#2088,.T.);
#3132=EDGE_CURVE('',#2602,#2600,#1297,.T.);
#3133=EDGE_CURVE('',#2603,#2602,#2089,.T.);
#3134=EDGE_CURVE('',#2604,#2603,#1298,.T.);
#3135=EDGE_CURVE('',#2605,#2604,#2090,.T.);
#3136=EDGE_CURVE('',#2606,#2605,#1299,.T.);
#3137=EDGE_CURVE('',#2607,#2606,#2091,.T.);
#3138=EDGE_CURVE('',#2601,#2607,#1300,.T.);
#3139=EDGE_CURVE('',#2608,#2609,#1301,.T.);
#3140=EDGE_CURVE('',#2610,#2608,#2092,.T.);
#3141=EDGE_CURVE('',#2611,#2610,#1302,.T.);
#3142=EDGE_CURVE('',#2612,#2611,#2093,.T.);
#3143=EDGE_CURVE('',#2613,#2612,#1303,.T.);
#3144=EDGE_CURVE('',#2614,#2613,#2094,.T.);
#3145=EDGE_CURVE('',#2615,#2614,#1304,.T.);
#3146=EDGE_CURVE('',#2609,#2615,#2095,.T.);
#3147=EDGE_CURVE('',#2616,#2617,#1305,.T.);
#3148=EDGE_CURVE('',#2618,#2616,#2096,.T.);
#3149=EDGE_CURVE('',#2619,#2618,#1306,.T.);
#3150=EDGE_CURVE('',#2620,#2619,#2097,.T.);
#3151=EDGE_CURVE('',#2621,#2620,#1307,.T.);
#3152=EDGE_CURVE('',#2622,#2621,#2098,.T.);
#3153=EDGE_CURVE('',#2623,#2622,#1308,.T.);
#3154=EDGE_CURVE('',#2617,#2623,#2099,.T.);
#3155=EDGE_CURVE('',#2624,#2625,#1309,.T.);
#3156=EDGE_CURVE('',#2626,#2624,#2100,.T.);
#3157=EDGE_CURVE('',#2627,#2626,#1310,.T.);
#3158=EDGE_CURVE('',#2628,#2627,#2101,.T.);
#3159=EDGE_CURVE('',#2629,#2628,#1311,.T.);
#3160=EDGE_CURVE('',#2630,#2629,#2102,.T.);
#3161=EDGE_CURVE('',#2631,#2630,#1312,.T.);
#3162=EDGE_CURVE('',#2625,#2631,#2103,.T.);
#3163=EDGE_CURVE('',#2632,#2632,#2104,.T.);
#3164=EDGE_CURVE('',#2633,#2633,#2105,.T.);
#3165=EDGE_CURVE('',#2634,#2634,#2106,.T.);
#3166=EDGE_CURVE('',#2635,#2635,#2107,.T.);
#3167=EDGE_CURVE('',#2636,#2636,#2108,.T.);
#3168=EDGE_CURVE('',#2637,#2637,#2109,.T.);
#3169=EDGE_CURVE('',#2638,#2638,#2110,.T.);
#3170=EDGE_CURVE('',#2639,#2639,#2111,.T.);
#3171=EDGE_CURVE('',#2640,#2640,#2112,.T.);
#3172=EDGE_CURVE('',#2641,#2641,#2113,.T.);
#3173=EDGE_CURVE('',#2642,#2642,#2114,.T.);
#3174=EDGE_CURVE('',#2643,#2643,#2115,.T.);
#3175=EDGE_CURVE('',#2644,#2644,#2116,.T.);
#3176=EDGE_CURVE('',#2645,#2645,#2117,.T.);
#3177=EDGE_CURVE('',#2646,#2646,#2118,.T.);
#3178=EDGE_CURVE('',#2647,#2647,#2119,.T.);
#3179=EDGE_CURVE('',#2445,#2648,#2120,.T.);
#3180=EDGE_CURVE('',#2648,#2649,#2121,.T.);
#3181=EDGE_CURVE('',#2649,#2648,#2122,.T.);
#3182=EDGE_CURVE('',#2649,#2650,#1313,.T.);
#3183=EDGE_CURVE('',#2651,#2650,#2123,.T.);
#3184=EDGE_CURVE('',#2650,#2651,#2124,.T.);
#3185=EDGE_CURVE('',#2551,#2651,#2125,.T.);
#3186=EDGE_CURVE('',#2541,#2652,#2126,.T.);
#3187=EDGE_CURVE('',#2652,#2653,#2127,.T.);
#3188=EDGE_CURVE('',#2653,#2652,#2128,.T.);
#3189=EDGE_CURVE('',#2653,#2654,#1314,.T.);
#3190=EDGE_CURVE('',#2655,#2654,#2129,.T.);
#3191=EDGE_CURVE('',#2654,#2655,#2130,.T.);
#3192=EDGE_CURVE('',#2647,#2655,#2131,.T.);
#3193=EDGE_CURVE('',#2552,#2656,#2132,.T.);
#3194=EDGE_CURVE('',#2656,#2657,#2133,.T.);
#3195=EDGE_CURVE('',#2657,#2656,#2134,.T.);
#3196=EDGE_CURVE('',#2658,#2659,#2135,.T.);
#3197=EDGE_CURVE('',#2658,#2657,#1315,.T.);
#3198=EDGE_CURVE('',#2659,#2658,#2136,.T.);
#3199=EDGE_CURVE('',#2446,#2659,#2137,.T.);
#3200=EDGE_CURVE('',#2540,#2660,#2138,.T.);
#3201=EDGE_CURVE('',#2660,#2661,#2139,.T.);
#3202=EDGE_CURVE('',#2661,#2660,#2140,.T.);
#3203=EDGE_CURVE('',#2661,#2662,#1316,.T.);
#3204=EDGE_CURVE('',#2663,#2662,#2141,.T.);
#3205=EDGE_CURVE('',#2662,#2663,#2142,.T.);
#3206=EDGE_CURVE('',#2646,#2663,#2143,.T.);
#3207=EDGE_CURVE('',#2447,#2664,#2144,.T.);
#3208=EDGE_CURVE('',#2664,#2665,#2145,.T.);
#3209=EDGE_CURVE('',#2665,#2664,#2146,.T.);
#3210=EDGE_CURVE('',#2665,#2666,#1317,.T.);
#3211=EDGE_CURVE('',#2667,#2666,#2147,.T.);
#3212=EDGE_CURVE('',#2666,#2667,#2148,.T.);
#3213=EDGE_CURVE('',#2553,#2667,#2149,.T.);
#3214=EDGE_CURVE('',#2539,#2668,#2150,.T.);
#3215=EDGE_CURVE('',#2668,#2669,#2151,.T.);
#3216=EDGE_CURVE('',#2669,#2668,#2152,.T.);
#3217=EDGE_CURVE('',#2669,#2670,#1318,.T.);
#3218=EDGE_CURVE('',#2671,#2670,#2153,.T.);
#3219=EDGE_CURVE('',#2670,#2671,#2154,.T.);
#3220=EDGE_CURVE('',#2645,#2671,#2155,.T.);
#3221=EDGE_CURVE('',#2448,#2672,#2156,.T.);
#3222=EDGE_CURVE('',#2672,#2673,#2157,.T.);
#3223=EDGE_CURVE('',#2673,#2672,#2158,.T.);
#3224=EDGE_CURVE('',#2673,#2674,#1319,.T.);
#3225=EDGE_CURVE('',#2675,#2674,#2159,.T.);
#3226=EDGE_CURVE('',#2674,#2675,#2160,.T.);
#3227=EDGE_CURVE('',#2554,#2675,#2161,.T.);
#3228=EDGE_CURVE('',#2644,#2676,#2162,.T.);
#3229=EDGE_CURVE('',#2676,#2677,#2163,.T.);
#3230=EDGE_CURVE('',#2677,#2676,#2164,.T.);
#3231=EDGE_CURVE('',#2678,#2679,#2165,.T.);
#3232=EDGE_CURVE('',#2678,#2677,#1320,.T.);
#3233=EDGE_CURVE('',#2679,#2678,#2166,.T.);
#3234=EDGE_CURVE('',#2555,#2680,#2167,.T.);
#3235=EDGE_CURVE('',#2680,#2681,#2168,.T.);
#3236=EDGE_CURVE('',#2681,#2680,#2169,.T.);
#3237=EDGE_CURVE('',#2682,#2683,#2170,.T.);
#3238=EDGE_CURVE('',#2682,#2681,#1321,.T.);
#3239=EDGE_CURVE('',#2683,#2682,#2171,.T.);
#3240=EDGE_CURVE('',#2538,#2683,#2172,.T.);
#3241=EDGE_CURVE('',#2449,#2679,#2173,.T.);
#3242=EDGE_CURVE('',#2537,#2684,#2174,.T.);
#3243=EDGE_CURVE('',#2684,#2685,#2175,.T.);
#3244=EDGE_CURVE('',#2685,#2684,#2176,.T.);
#3245=EDGE_CURVE('',#2685,#2686,#1322,.T.);
#3246=EDGE_CURVE('',#2687,#2686,#2177,.T.);
#3247=EDGE_CURVE('',#2686,#2687,#2178,.T.);
#3248=EDGE_CURVE('',#2450,#2688,#2179,.T.);
#3249=EDGE_CURVE('',#2688,#2689,#2180,.T.);
#3250=EDGE_CURVE('',#2689,#2688,#2181,.T.);
#3251=EDGE_CURVE('',#2689,#2690,#1323,.T.);
#3252=EDGE_CURVE('',#2691,#2690,#2182,.T.);
#3253=EDGE_CURVE('',#2690,#2691,#2183,.T.);
#3254=EDGE_CURVE('',#2643,#2691,#2184,.T.);
#3255=EDGE_CURVE('',#2556,#2687,#2185,.T.);
#3256=EDGE_CURVE('',#2642,#2692,#2186,.T.);
#3257=EDGE_CURVE('',#2692,#2693,#2187,.T.);
#3258=EDGE_CURVE('',#2693,#2692,#2188,.T.);
#3259=EDGE_CURVE('',#2694,#2695,#2189,.T.);
#3260=EDGE_CURVE('',#2694,#2693,#1324,.T.);
#3261=EDGE_CURVE('',#2695,#2694,#2190,.T.);
#3262=EDGE_CURVE('',#2536,#2695,#2191,.T.);
#3263=EDGE_CURVE('',#2557,#2696,#2192,.T.);
#3264=EDGE_CURVE('',#2696,#2697,#2193,.T.);
#3265=EDGE_CURVE('',#2697,#2696,#2194,.T.);
#3266=EDGE_CURVE('',#2698,#2699,#2195,.T.);
#3267=EDGE_CURVE('',#2698,#2697,#1325,.T.);
#3268=EDGE_CURVE('',#2699,#2698,#2196,.T.);
#3269=EDGE_CURVE('',#2451,#2699,#2197,.T.);
#3270=EDGE_CURVE('',#2535,#2700,#2198,.T.);
#3271=EDGE_CURVE('',#2700,#2701,#2199,.T.);
#3272=EDGE_CURVE('',#2701,#2700,#2200,.T.);
#3273=EDGE_CURVE('',#2701,#2702,#1326,.T.);
#3274=EDGE_CURVE('',#2703,#2702,#2201,.T.);
#3275=EDGE_CURVE('',#2702,#2703,#2202,.T.);
#3276=EDGE_CURVE('',#2641,#2703,#2203,.T.);
#3277=EDGE_CURVE('',#2558,#2704,#2204,.T.);
#3278=EDGE_CURVE('',#2704,#2705,#2205,.T.);
#3279=EDGE_CURVE('',#2705,#2704,#2206,.T.);
#3280=EDGE_CURVE('',#2706,#2707,#2207,.T.);
#3281=EDGE_CURVE('',#2706,#2705,#1327,.T.);
#3282=EDGE_CURVE('',#2707,#2706,#2208,.T.);
#3283=EDGE_CURVE('',#2452,#2707,#2209,.T.);
#3284=EDGE_CURVE('',#2534,#2708,#2210,.T.);
#3285=EDGE_CURVE('',#2708,#2709,#2211,.T.);
#3286=EDGE_CURVE('',#2709,#2708,#2212,.T.);
#3287=EDGE_CURVE('',#2709,#2710,#1328,.T.);
#3288=EDGE_CURVE('',#2711,#2710,#2213,.T.);
#3289=EDGE_CURVE('',#2710,#2711,#2214,.T.);
#3290=EDGE_CURVE('',#2640,#2711,#2215,.T.);
#3291=EDGE_CURVE('',#2559,#2712,#2216,.T.);
#3292=EDGE_CURVE('',#2712,#2713,#2217,.T.);
#3293=EDGE_CURVE('',#2713,#2712,#2218,.T.);
#3294=EDGE_CURVE('',#2714,#2715,#2219,.T.);
#3295=EDGE_CURVE('',#2714,#2713,#1329,.T.);
#3296=EDGE_CURVE('',#2715,#2714,#2220,.T.);
#3297=EDGE_CURVE('',#2453,#2715,#2221,.T.);
#3298=EDGE_CURVE('',#2454,#2560,#1330,.T.);
#3299=EDGE_CURVE('',#2455,#2561,#1331,.T.);
#3300=EDGE_CURVE('',#2456,#2562,#1332,.T.);
#3301=EDGE_CURVE('',#2457,#2563,#1333,.T.);
#3302=EDGE_CURVE('',#2458,#2564,#1334,.T.);
#3303=EDGE_CURVE('',#2459,#2565,#1335,.T.);
#3304=EDGE_CURVE('',#2460,#2566,#1336,.T.);
#3305=EDGE_CURVE('',#2461,#2567,#1337,.T.);
#3306=EDGE_CURVE('',#2462,#2568,#1338,.T.);
#3307=EDGE_CURVE('',#2463,#2569,#1339,.T.);
#3308=EDGE_CURVE('',#2464,#2570,#1340,.T.);
#3309=EDGE_CURVE('',#2465,#2571,#1341,.T.);
#3310=EDGE_CURVE('',#2466,#2572,#1342,.T.);
#3311=EDGE_CURVE('',#2467,#2573,#1343,.T.);
#3312=EDGE_CURVE('',#2468,#2574,#1344,.T.);
#3313=EDGE_CURVE('',#2469,#2575,#1345,.T.);
#3314=EDGE_CURVE('',#2470,#2576,#1346,.T.);
#3315=EDGE_CURVE('',#2471,#2577,#1347,.T.);
#3316=EDGE_CURVE('',#2472,#2578,#1348,.T.);
#3317=EDGE_CURVE('',#2473,#2579,#1349,.T.);
#3318=EDGE_CURVE('',#2474,#2580,#1350,.T.);
#3319=EDGE_CURVE('',#2475,#2581,#1351,.T.);
#3320=EDGE_CURVE('',#2476,#2582,#1352,.T.);
#3321=EDGE_CURVE('',#2477,#2583,#1353,.T.);
#3322=EDGE_CURVE('',#2533,#2639,#1354,.T.);
#3323=EDGE_CURVE('',#2532,#2638,#1355,.T.);
#3324=EDGE_CURVE('',#2531,#2637,#1356,.T.);
#3325=EDGE_CURVE('',#2530,#2636,#1357,.T.);
#3326=EDGE_CURVE('',#2529,#2635,#1358,.T.);
#3327=EDGE_CURVE('',#2528,#2634,#1359,.T.);
#3328=EDGE_CURVE('',#2527,#2633,#1360,.T.);
#3329=EDGE_CURVE('',#2526,#2632,#1361,.T.);
#3330=EDGE_CURVE('',#2478,#2584,#1362,.T.);
#3331=EDGE_CURVE('',#2479,#2585,#1363,.T.);
#3332=EDGE_CURVE('',#2480,#2586,#1364,.T.);
#3333=EDGE_CURVE('',#2481,#2587,#1365,.T.);
#3334=EDGE_CURVE('',#2519,#2716,#2222,.T.);
#3335=EDGE_CURVE('',#2716,#2717,#1366,.T.);
#3336=EDGE_CURVE('',#2717,#2518,#2223,.T.);
#3337=EDGE_CURVE('',#2718,#2520,#2224,.T.);
#3338=EDGE_CURVE('',#2717,#2718,#2225,.T.);
#3339=EDGE_CURVE('',#2719,#2521,#2226,.T.);
#3340=EDGE_CURVE('',#2718,#2719,#1367,.T.);
#3341=EDGE_CURVE('',#2720,#2522,#2227,.T.);
#3342=EDGE_CURVE('',#2719,#2720,#2228,.T.);
#3343=EDGE_CURVE('',#2721,#2523,#2229,.T.);
#3344=EDGE_CURVE('',#2720,#2721,#1368,.T.);
#3345=EDGE_CURVE('',#2722,#2524,#2230,.T.);
#3346=EDGE_CURVE('',#2721,#2722,#2231,.T.);
#3347=EDGE_CURVE('',#2723,#2525,#2232,.T.);
#3348=EDGE_CURVE('',#2722,#2723,#1369,.T.);
#3349=EDGE_CURVE('',#2723,#2716,#2233,.T.);
#3350=EDGE_CURVE('',#2719,#2724,#1370,.T.);
#3351=EDGE_CURVE('',#2725,#2724,#2234,.T.);
#3352=EDGE_CURVE('',#2720,#2725,#1371,.T.);
#3353=EDGE_CURVE('',#2718,#2726,#1372,.T.);
#3354=EDGE_CURVE('',#2724,#2726,#1373,.T.);
#3355=EDGE_CURVE('',#2717,#2727,#1374,.T.);
#3356=EDGE_CURVE('',#2726,#2727,#2235,.T.);
#3357=EDGE_CURVE('',#2716,#2728,#1375,.T.);
#3358=EDGE_CURVE('',#2727,#2728,#1376,.T.);
#3359=EDGE_CURVE('',#2625,#2724,#2236,.T.);
#3360=EDGE_CURVE('',#2726,#2624,#2237,.T.);
#3361=EDGE_CURVE('',#2727,#2626,#2238,.T.);
#3362=EDGE_CURVE('',#2728,#2627,#2239,.T.);
#3363=EDGE_CURVE('',#2729,#2628,#2240,.T.);
#3364=EDGE_CURVE('',#2728,#2729,#2241,.T.);
#3365=EDGE_CURVE('',#2730,#2629,#2242,.T.);
#3366=EDGE_CURVE('',#2729,#2730,#1377,.T.);
#3367=EDGE_CURVE('',#2731,#2630,#2243,.T.);
#3368=EDGE_CURVE('',#2730,#2731,#2244,.T.);
#3369=EDGE_CURVE('',#2725,#2631,#2245,.T.);
#3370=EDGE_CURVE('',#2731,#2725,#1378,.T.);
#3371=EDGE_CURVE('',#2723,#2729,#1379,.T.);
#3372=EDGE_CURVE('',#2482,#2588,#1380,.T.);
#3373=EDGE_CURVE('',#2483,#2589,#1381,.T.);
#3374=EDGE_CURVE('',#2484,#2590,#1382,.T.);
#3375=EDGE_CURVE('',#2485,#2591,#1383,.T.);
#3376=EDGE_CURVE('',#2722,#2730,#1384,.T.);
#3377=EDGE_CURVE('',#2721,#2731,#1385,.T.);
#3378=EDGE_CURVE('',#2544,#2732,#2246,.T.);
#3379=EDGE_CURVE('',#2732,#2733,#1386,.T.);
#3380=EDGE_CURVE('',#2733,#2543,#2247,.T.);
#3381=EDGE_CURVE('',#2734,#2545,#2248,.T.);
#3382=EDGE_CURVE('',#2733,#2734,#2249,.T.);
#3383=EDGE_CURVE('',#2735,#2546,#2250,.T.);
#3384=EDGE_CURVE('',#2734,#2735,#1387,.T.);
#3385=EDGE_CURVE('',#2736,#2547,#2251,.T.);
#3386=EDGE_CURVE('',#2735,#2736,#2252,.T.);
#3387=EDGE_CURVE('',#2737,#2548,#2253,.T.);
#3388=EDGE_CURVE('',#2736,#2737,#1388,.T.);
#3389=EDGE_CURVE('',#2738,#2549,#2254,.T.);
#3390=EDGE_CURVE('',#2737,#2738,#2255,.T.);
#3391=EDGE_CURVE('',#2739,#2550,#2256,.T.);
#3392=EDGE_CURVE('',#2738,#2739,#1389,.T.);
#3393=EDGE_CURVE('',#2739,#2732,#2257,.T.);
#3394=EDGE_CURVE('',#2735,#2740,#1390,.T.);
#3395=EDGE_CURVE('',#2741,#2740,#2258,.T.);
#3396=EDGE_CURVE('',#2741,#2736,#1391,.T.);
#3397=EDGE_CURVE('',#2742,#2734,#1392,.T.);
#3398=EDGE_CURVE('',#2740,#2742,#1393,.T.);
#3399=EDGE_CURVE('',#2733,#2743,#1394,.T.);
#3400=EDGE_CURVE('',#2742,#2743,#2259,.T.);
#3401=EDGE_CURVE('',#2744,#2732,#1395,.T.);
#3402=EDGE_CURVE('',#2743,#2744,#1396,.T.);
#3403=EDGE_CURVE('',#2438,#2740,#2260,.T.);
#3404=EDGE_CURVE('',#2742,#2437,#2261,.T.);
#3405=EDGE_CURVE('',#2743,#2439,#2262,.T.);
#3406=EDGE_CURVE('',#2744,#2440,#2263,.T.);
#3407=EDGE_CURVE('',#2745,#2441,#2264,.T.);
#3408=EDGE_CURVE('',#2744,#2745,#2265,.T.);
#3409=EDGE_CURVE('',#2746,#2442,#2266,.T.);
#3410=EDGE_CURVE('',#2745,#2746,#1397,.T.);
#3411=EDGE_CURVE('',#2747,#2443,#2267,.T.);
#3412=EDGE_CURVE('',#2746,#2747,#2268,.T.);
#3413=EDGE_CURVE('',#2741,#2444,#2269,.T.);
#3414=EDGE_CURVE('',#2747,#2741,#1398,.T.);
#3415=EDGE_CURVE('',#2739,#2745,#1399,.T.);
#3416=EDGE_CURVE('',#2593,#2748,#2270,.T.);
#3417=EDGE_CURVE('',#2748,#2749,#2271,.T.);
#3418=EDGE_CURVE('',#2749,#2592,#2272,.T.);
#3419=EDGE_CURVE('',#2750,#2594,#2273,.T.);
#3420=EDGE_CURVE('',#2749,#2750,#1400,.T.);
#3421=EDGE_CURVE('',#2751,#2595,#2274,.T.);
#3422=EDGE_CURVE('',#2750,#2751,#2275,.T.);
#3423=EDGE_CURVE('',#2752,#2596,#2276,.T.);
#3424=EDGE_CURVE('',#2751,#2752,#1401,.T.);
#3425=EDGE_CURVE('',#2753,#2597,#2277,.T.);
#3426=EDGE_CURVE('',#2752,#2753,#2278,.T.);
#3427=EDGE_CURVE('',#2754,#2598,#2279,.T.);
#3428=EDGE_CURVE('',#2753,#2754,#1402,.T.);
#3429=EDGE_CURVE('',#2755,#2599,#2280,.T.);
#3430=EDGE_CURVE('',#2754,#2755,#2281,.T.);
#3431=EDGE_CURVE('',#2755,#2748,#1403,.T.);
#3432=EDGE_CURVE('',#2756,#2751,#1404,.T.);
#3433=EDGE_CURVE('',#2757,#2756,#1405,.T.);
#3434=EDGE_CURVE('',#2757,#2752,#1406,.T.);
#3435=EDGE_CURVE('',#2758,#2750,#1407,.T.);
#3436=EDGE_CURVE('',#2756,#2758,#2282,.T.);
#3437=EDGE_CURVE('',#2759,#2749,#1408,.T.);
#3438=EDGE_CURVE('',#2758,#2759,#1409,.T.);
#3439=EDGE_CURVE('',#2760,#2748,#1410,.T.);
#3440=EDGE_CURVE('',#2759,#2760,#2283,.T.);
#3441=EDGE_CURVE('',#2487,#2761,#2284,.T.);
#3442=EDGE_CURVE('',#2761,#2762,#2285,.T.);
#3443=EDGE_CURVE('',#2762,#2486,#2286,.T.);
#3444=EDGE_CURVE('',#2763,#2488,#2287,.T.);
#3445=EDGE_CURVE('',#2762,#2763,#1411,.T.);
#3446=EDGE_CURVE('',#2757,#2489,#2288,.T.);
#3447=EDGE_CURVE('',#2763,#2757,#2289,.T.);
#3448=EDGE_CURVE('',#2756,#2490,#2290,.T.);
#3449=EDGE_CURVE('',#2758,#2491,#2291,.T.);
#3450=EDGE_CURVE('',#2759,#2492,#2292,.T.);
#3451=EDGE_CURVE('',#2760,#2493,#2293,.T.);
#3452=EDGE_CURVE('',#2760,#2761,#1412,.T.);
#3453=EDGE_CURVE('',#2763,#2753,#1413,.T.);
#3454=EDGE_CURVE('',#2762,#2754,#1414,.T.);
#3455=EDGE_CURVE('',#2761,#2755,#1415,.T.);
#3456=EDGE_CURVE('',#2511,#2764,#2294,.T.);
#3457=EDGE_CURVE('',#2764,#2765,#2295,.T.);
#3458=EDGE_CURVE('',#2765,#2510,#2296,.T.);
#3459=EDGE_CURVE('',#2766,#2512,#2297,.T.);
#3460=EDGE_CURVE('',#2765,#2766,#1416,.T.);
#3461=EDGE_CURVE('',#2767,#2513,#2298,.T.);
#3462=EDGE_CURVE('',#2766,#2767,#2299,.T.);
#3463=EDGE_CURVE('',#2768,#2514,#2300,.T.);
#3464=EDGE_CURVE('',#2767,#2768,#1417,.T.);
#3465=EDGE_CURVE('',#2769,#2515,#2301,.T.);
#3466=EDGE_CURVE('',#2768,#2769,#2302,.T.);
#3467=EDGE_CURVE('',#2770,#2516,#2303,.T.);
#3468=EDGE_CURVE('',#2769,#2770,#1418,.T.);
#3469=EDGE_CURVE('',#2771,#2517,#2304,.T.);
#3470=EDGE_CURVE('',#2770,#2771,#2305,.T.);
#3471=EDGE_CURVE('',#2771,#2764,#1419,.T.);
#3472=EDGE_CURVE('',#2767,#2772,#1420,.T.);
#3473=EDGE_CURVE('',#2773,#2772,#1421,.T.);
#3474=EDGE_CURVE('',#2768,#2773,#1422,.T.);
#3475=EDGE_CURVE('',#2766,#2774,#1423,.T.);
#3476=EDGE_CURVE('',#2772,#2774,#2306,.T.);
#3477=EDGE_CURVE('',#2765,#2775,#1424,.T.);
#3478=EDGE_CURVE('',#2774,#2775,#1425,.T.);
#3479=EDGE_CURVE('',#2764,#2776,#1426,.T.);
#3480=EDGE_CURVE('',#2775,#2776,#2307,.T.);
#3481=EDGE_CURVE('',#2617,#2777,#2308,.T.);
#3482=EDGE_CURVE('',#2777,#2778,#1427,.T.);
#3483=EDGE_CURVE('',#2778,#2616,#2309,.T.);
#3484=EDGE_CURVE('',#2773,#2618,#2310,.T.);
#3485=EDGE_CURVE('',#2778,#2773,#2311,.T.);
#3486=EDGE_CURVE('',#2772,#2619,#2312,.T.);
#3487=EDGE_CURVE('',#2774,#2620,#2313,.T.);
#3488=EDGE_CURVE('',#2775,#2621,#2314,.T.);
#3489=EDGE_CURVE('',#2776,#2622,#2315,.T.);
#3490=EDGE_CURVE('',#2779,#2623,#2316,.T.);
#3491=EDGE_CURVE('',#2776,#2779,#1428,.T.);
#3492=EDGE_CURVE('',#2779,#2777,#2317,.T.);
#3493=EDGE_CURVE('',#2769,#2778,#1429,.T.);
#3494=EDGE_CURVE('',#2770,#2777,#1430,.T.);
#3495=EDGE_CURVE('',#2601,#2780,#2318,.T.);
#3496=EDGE_CURVE('',#2780,#2781,#2319,.T.);
#3497=EDGE_CURVE('',#2781,#2600,#2320,.T.);
#3498=EDGE_CURVE('',#2782,#2602,#2321,.T.);
#3499=EDGE_CURVE('',#2781,#2782,#1431,.T.);
#3500=EDGE_CURVE('',#2783,#2603,#2322,.T.);
#3501=EDGE_CURVE('',#2782,#2783,#2323,.T.);
#3502=EDGE_CURVE('',#2784,#2604,#2324,.T.);
#3503=EDGE_CURVE('',#2783,#2784,#1432,.T.);
#3504=EDGE_CURVE('',#2785,#2605,#2325,.T.);
#3505=EDGE_CURVE('',#2784,#2785,#2326,.T.);
#3506=EDGE_CURVE('',#2786,#2606,#2327,.T.);
#3507=EDGE_CURVE('',#2785,#2786,#1433,.T.);
#3508=EDGE_CURVE('',#2787,#2607,#2328,.T.);
#3509=EDGE_CURVE('',#2786,#2787,#2329,.T.);
#3510=EDGE_CURVE('',#2787,#2780,#1434,.T.);
#3511=EDGE_CURVE('',#2788,#2783,#1435,.T.);
#3512=EDGE_CURVE('',#2789,#2788,#1436,.T.);
#3513=EDGE_CURVE('',#2789,#2784,#1437,.T.);
#3514=EDGE_CURVE('',#2790,#2782,#1438,.T.);
#3515=EDGE_CURVE('',#2788,#2790,#2330,.T.);
#3516=EDGE_CURVE('',#2791,#2781,#1439,.T.);
#3517=EDGE_CURVE('',#2790,#2791,#1440,.T.);
#3518=EDGE_CURVE('',#2792,#2780,#1441,.T.);
#3519=EDGE_CURVE('',#2791,#2792,#2331,.T.);
#3520=EDGE_CURVE('',#2495,#2789,#2332,.T.);
#3521=EDGE_CURVE('',#2788,#2494,#2333,.T.);
#3522=EDGE_CURVE('',#2790,#2496,#2334,.T.);
#3523=EDGE_CURVE('',#2791,#2497,#2335,.T.);
#3524=EDGE_CURVE('',#2792,#2498,#2336,.T.);
#3525=EDGE_CURVE('',#2793,#2499,#2337,.T.);
#3526=EDGE_CURVE('',#2792,#2793,#1442,.T.);
#3527=EDGE_CURVE('',#2794,#2500,#2338,.T.);
#3528=EDGE_CURVE('',#2793,#2794,#2339,.T.);
#3529=EDGE_CURVE('',#2795,#2501,#2340,.T.);
#3530=EDGE_CURVE('',#2794,#2795,#1443,.T.);
#3531=EDGE_CURVE('',#2795,#2789,#2341,.T.);
#3532=EDGE_CURVE('',#2609,#2796,#2342,.T.);
#3533=EDGE_CURVE('',#2796,#2797,#1444,.T.);
#3534=EDGE_CURVE('',#2797,#2608,#2343,.T.);
#3535=EDGE_CURVE('',#2798,#2610,#2344,.T.);
#3536=EDGE_CURVE('',#2797,#2798,#2345,.T.);
#3537=EDGE_CURVE('',#2799,#2611,#2346,.T.);
#3538=EDGE_CURVE('',#2798,#2799,#1445,.T.);
#3539=EDGE_CURVE('',#2800,#2612,#2347,.T.);
#3540=EDGE_CURVE('',#2799,#2800,#2348,.T.);
#3541=EDGE_CURVE('',#2801,#2613,#2349,.T.);
#3542=EDGE_CURVE('',#2800,#2801,#1446,.T.);
#3543=EDGE_CURVE('',#2802,#2614,#2350,.T.);
#3544=EDGE_CURVE('',#2801,#2802,#2351,.T.);
#3545=EDGE_CURVE('',#2803,#2615,#2352,.T.);
#3546=EDGE_CURVE('',#2802,#2803,#1447,.T.);
#3547=EDGE_CURVE('',#2803,#2796,#2353,.T.);
#3548=EDGE_CURVE('',#2804,#2799,#1448,.T.);
#3549=EDGE_CURVE('',#2805,#2804,#2354,.T.);
#3550=EDGE_CURVE('',#2805,#2800,#1449,.T.);
#3551=EDGE_CURVE('',#2806,#2798,#1450,.T.);
#3552=EDGE_CURVE('',#2804,#2806,#1451,.T.);
#3553=EDGE_CURVE('',#2807,#2797,#1452,.T.);
#3554=EDGE_CURVE('',#2806,#2807,#2355,.T.);
#3555=EDGE_CURVE('',#2808,#2796,#1453,.T.);
#3556=EDGE_CURVE('',#2807,#2808,#1454,.T.);
#3557=EDGE_CURVE('',#2503,#2809,#2356,.T.);
#3558=EDGE_CURVE('',#2809,#2805,#1455,.T.);
#3559=EDGE_CURVE('',#2805,#2502,#2357,.T.);
#3560=EDGE_CURVE('',#2804,#2504,#2358,.T.);
#3561=EDGE_CURVE('',#2806,#2505,#2359,.T.);
#3562=EDGE_CURVE('',#2807,#2506,#2360,.T.);
#3563=EDGE_CURVE('',#2808,#2507,#2361,.T.);
#3564=EDGE_CURVE('',#2810,#2508,#2362,.T.);
#3565=EDGE_CURVE('',#2808,#2810,#2363,.T.);
#3566=EDGE_CURVE('',#2811,#2509,#2364,.T.);
#3567=EDGE_CURVE('',#2810,#2811,#1456,.T.);
#3568=EDGE_CURVE('',#2811,#2809,#2365,.T.);
#3569=EDGE_CURVE('',#2809,#2801,#1457,.T.);
#3570=EDGE_CURVE('',#2737,#2747,#1458,.T.);
#3571=EDGE_CURVE('',#2746,#2738,#1459,.T.);
#3572=EDGE_CURVE('',#2771,#2779,#1460,.T.);
#3573=EDGE_CURVE('',#2793,#2787,#1461,.T.);
#3574=EDGE_CURVE('',#2795,#2785,#1462,.T.);
#3575=EDGE_CURVE('',#2794,#2786,#1463,.T.);
#3576=EDGE_CURVE('',#2811,#2802,#1464,.T.);
#3577=EDGE_CURVE('',#2810,#2803,#1465,.T.);
#3578=EDGE_CURVE('',#2812,#2812,#2366,.T.);
#3579=EDGE_CURVE('',#2812,#2813,#1466,.T.);
#3580=EDGE_CURVE('',#2813,#2813,#2367,.T.);
#3581=EDGE_CURVE('',#2814,#2814,#2368,.T.);
#3582=EDGE_CURVE('',#2814,#2815,#1467,.T.);
#3583=EDGE_CURVE('',#2815,#2815,#2369,.T.);
#3584=EDGE_CURVE('',#2816,#2817,#1468,.T.);
#3585=EDGE_CURVE('',#2816,#2818,#1469,.T.);
#3586=EDGE_CURVE('',#2819,#2818,#1470,.T.);
#3587=EDGE_CURVE('',#2817,#2819,#1471,.T.);
#3588=EDGE_CURVE('',#2817,#2820,#1472,.T.);
#3589=EDGE_CURVE('',#2821,#2819,#1473,.T.);
#3590=EDGE_CURVE('',#2820,#2821,#1474,.T.);
#3591=EDGE_CURVE('',#2820,#2822,#1475,.T.);
#3592=EDGE_CURVE('',#2823,#2821,#1476,.T.);
#3593=EDGE_CURVE('',#2822,#2823,#1477,.T.);
#3594=EDGE_CURVE('',#2818,#2823,#1478,.T.);
#3595=EDGE_CURVE('',#2822,#2824,#1479,.T.);
#3596=EDGE_CURVE('',#2824,#2825,#1480,.T.);
#3597=EDGE_CURVE('',#2825,#2826,#1481,.T.);
#3598=EDGE_CURVE('',#2826,#2827,#1482,.T.);
#3599=EDGE_CURVE('',#2827,#2828,#1483,.T.);
#3600=EDGE_CURVE('',#2828,#2829,#1484,.T.);
#3601=EDGE_CURVE('',#2829,#2830,#1485,.T.);
#3602=EDGE_CURVE('',#2830,#2831,#1486,.T.);
#3603=EDGE_CURVE('',#2831,#2816,#1487,.T.);
#3604=EDGE_CURVE('',#2826,#2832,#1488,.T.);
#3605=EDGE_CURVE('',#2833,#2832,#1489,.T.);
#3606=EDGE_CURVE('',#2827,#2833,#1490,.T.);
#3607=EDGE_CURVE('',#2834,#2833,#1491,.T.);
#3608=EDGE_CURVE('',#2828,#2834,#1492,.T.);
#3609=EDGE_CURVE('',#2835,#2834,#1493,.T.);
#3610=EDGE_CURVE('',#2829,#2835,#1494,.T.);
#3611=EDGE_CURVE('',#2832,#2835,#1495,.T.);
#3612=EDGE_CURVE('',#2836,#2837,#1496,.T.);
#3613=EDGE_CURVE('',#2837,#2838,#1497,.T.);
#3614=EDGE_CURVE('',#2838,#2839,#1498,.T.);
#3615=EDGE_CURVE('',#2839,#2836,#1499,.T.);
#3616=EDGE_CURVE('',#2825,#2838,#1500,.T.);
#3617=EDGE_CURVE('',#2830,#2837,#1501,.T.);
#3618=EDGE_CURVE('',#2824,#2839,#1502,.T.);
#3619=EDGE_CURVE('',#2831,#2836,#1503,.T.);
#3620=EDGE_CURVE('',#2840,#2840,#2370,.T.);
#3621=EDGE_CURVE('',#2840,#2841,#1504,.T.);
#3622=EDGE_CURVE('',#2841,#2841,#2371,.T.);
#3623=EDGE_CURVE('',#2842,#2842,#2372,.T.);
#3624=EDGE_CURVE('',#2842,#2843,#1505,.T.);
#3625=EDGE_CURVE('',#2843,#2843,#2373,.T.);
#3626=EDGE_CURVE('',#2844,#2844,#2374,.T.);
#3627=EDGE_CURVE('',#2844,#2845,#1506,.T.);
#3628=EDGE_CURVE('',#2845,#2845,#2375,.T.);
#3629=EDGE_CURVE('',#2846,#2846,#2376,.T.);
#3630=EDGE_CURVE('',#2846,#2847,#1507,.T.);
#3631=EDGE_CURVE('',#2847,#2847,#2377,.T.);
#3632=EDGE_CURVE('',#2848,#2849,#1508,.T.);
#3633=EDGE_CURVE('',#2849,#2850,#1509,.T.);
#3634=EDGE_CURVE('',#2850,#2851,#1510,.T.);
#3635=EDGE_CURVE('',#2851,#2848,#1511,.T.);
#3636=EDGE_CURVE('',#2852,#2853,#1512,.T.);
#3637=EDGE_CURVE('',#2853,#2854,#1513,.T.);
#3638=EDGE_CURVE('',#2854,#2855,#1514,.T.);
#3639=EDGE_CURVE('',#2855,#2852,#1515,.T.);
#3640=EDGE_CURVE('',#2851,#2854,#1516,.T.);
#3641=EDGE_CURVE('',#2848,#2853,#1517,.T.);
#3642=EDGE_CURVE('',#2850,#2855,#1518,.T.);
#3643=EDGE_CURVE('',#2849,#2852,#1519,.T.);
#3644=EDGE_CURVE('',#2856,#2856,#2378,.T.);
#3645=EDGE_CURVE('',#2856,#2857,#1520,.T.);
#3646=EDGE_CURVE('',#2857,#2857,#2379,.T.);
#3647=EDGE_CURVE('',#2858,#2858,#2380,.T.);
#3648=EDGE_CURVE('',#2858,#2859,#1521,.T.);
#3649=EDGE_CURVE('',#2859,#2859,#2381,.T.);
#3650=EDGE_CURVE('',#2860,#2860,#2382,.T.);
#3651=EDGE_CURVE('',#2860,#2861,#1522,.T.);
#3652=EDGE_CURVE('',#2861,#2861,#2383,.T.);
#3653=EDGE_CURVE('',#2862,#2862,#2384,.T.);
#3654=EDGE_CURVE('',#2862,#2863,#1523,.T.);
#3655=EDGE_CURVE('',#2863,#2863,#2385,.T.);
#3656=EDGE_CURVE('',#2864,#2865,#1524,.T.);
#3657=EDGE_CURVE('',#2865,#2866,#1525,.T.);
#3658=EDGE_CURVE('',#2867,#2866,#1526,.T.);
#3659=EDGE_CURVE('',#2864,#2867,#1527,.T.);
#3660=EDGE_CURVE('',#2868,#2864,#1528,.T.);
#3661=EDGE_CURVE('',#2869,#2867,#1529,.T.);
#3662=EDGE_CURVE('',#2868,#2869,#1530,.T.);
#3663=EDGE_CURVE('',#2870,#2868,#1531,.T.);
#3664=EDGE_CURVE('',#2871,#2869,#1532,.T.);
#3665=EDGE_CURVE('',#2870,#2871,#1533,.T.);
#3666=EDGE_CURVE('',#2865,#2870,#1534,.T.);
#3667=EDGE_CURVE('',#2866,#2871,#1535,.T.);
#3668=EDGE_CURVE('',#2872,#2872,#2386,.T.);
#3669=EDGE_CURVE('',#2872,#2873,#1536,.T.);
#3670=EDGE_CURVE('',#2873,#2873,#2387,.T.);
#3671=EDGE_CURVE('',#2874,#2874,#2388,.T.);
#3672=EDGE_CURVE('',#2874,#2875,#1537,.T.);
#3673=EDGE_CURVE('',#2875,#2875,#2389,.T.);
#3674=EDGE_CURVE('',#2876,#2876,#2390,.T.);
#3675=EDGE_CURVE('',#2876,#2877,#1538,.T.);
#3676=EDGE_CURVE('',#2877,#2877,#2391,.T.);
#3677=EDGE_CURVE('',#2878,#2878,#2392,.T.);
#3678=EDGE_CURVE('',#2878,#2879,#1539,.T.);
#3679=EDGE_CURVE('',#2879,#2879,#2393,.T.);
#3680=EDGE_CURVE('',#2880,#2881,#1540,.T.);
#3681=EDGE_CURVE('',#2881,#2882,#1541,.T.);
#3682=EDGE_CURVE('',#2882,#2883,#1542,.T.);
#3683=EDGE_CURVE('',#2883,#2880,#1543,.T.);
#3684=EDGE_CURVE('',#2884,#2885,#1544,.T.);
#3685=EDGE_CURVE('',#2885,#2886,#1545,.T.);
#3686=EDGE_CURVE('',#2886,#2887,#1546,.T.);
#3687=EDGE_CURVE('',#2887,#2884,#1547,.T.);
#3688=EDGE_CURVE('',#2883,#2886,#1548,.T.);
#3689=EDGE_CURVE('',#2880,#2885,#1549,.T.);
#3690=EDGE_CURVE('',#2882,#2887,#1550,.T.);
#3691=EDGE_CURVE('',#2881,#2884,#1551,.T.);
#3692=EDGE_CURVE('',#2888,#2889,#1552,.T.);
#3693=EDGE_CURVE('',#2888,#2890,#1553,.T.);
#3694=EDGE_CURVE('',#2891,#2890,#1554,.T.);
#3695=EDGE_CURVE('',#2889,#2891,#1555,.T.);
#3696=EDGE_CURVE('',#2892,#2893,#1556,.T.);
#3697=EDGE_CURVE('',#2889,#2892,#1557,.T.);
#3698=EDGE_CURVE('',#2894,#2891,#1558,.T.);
#3699=EDGE_CURVE('',#2893,#2894,#1559,.T.);
#3700=EDGE_CURVE('',#2895,#2893,#1560,.T.);
#3701=EDGE_CURVE('',#2896,#2894,#1561,.T.);
#3702=EDGE_CURVE('',#2895,#2896,#1562,.T.);
#3703=EDGE_CURVE('',#2897,#2895,#1563,.T.);
#3704=EDGE_CURVE('',#2890,#2896,#1564,.T.);
#3705=EDGE_CURVE('',#2897,#2888,#1565,.T.);
#3706=EDGE_CURVE('',#2898,#2888,#1566,.T.);
#3707=EDGE_CURVE('',#2899,#2898,#1567,.T.);
#3708=EDGE_CURVE('',#2899,#2897,#1568,.T.);
#3709=EDGE_CURVE('',#2892,#2900,#1569,.T.);
#3710=EDGE_CURVE('',#2900,#2901,#1570,.T.);
#3711=EDGE_CURVE('',#2889,#2901,#1571,.T.);
#3712=EDGE_CURVE('',#2902,#2902,#2394,.T.);
#3713=EDGE_CURVE('',#2902,#2903,#1572,.T.);
#3714=EDGE_CURVE('',#2903,#2903,#2395,.T.);
#3715=EDGE_CURVE('',#2904,#2904,#2396,.T.);
#3716=EDGE_CURVE('',#2904,#2905,#1573,.T.);
#3717=EDGE_CURVE('',#2905,#2905,#2397,.T.);
#3718=EDGE_CURVE('',#2906,#2906,#2398,.T.);
#3719=EDGE_CURVE('',#2906,#2907,#1574,.T.);
#3720=EDGE_CURVE('',#2907,#2907,#2399,.T.);
#3721=EDGE_CURVE('',#2908,#2908,#2400,.T.);
#3722=EDGE_CURVE('',#2908,#2909,#1575,.T.);
#3723=EDGE_CURVE('',#2909,#2909,#2401,.T.);
#3724=EDGE_CURVE('',#2900,#2910,#1576,.T.);
#3725=EDGE_CURVE('',#2910,#2911,#1577,.T.);
#3726=EDGE_CURVE('',#2901,#2911,#1578,.T.);
#3727=EDGE_CURVE('',#2912,#2899,#1579,.T.);
#3728=EDGE_CURVE('',#2913,#2898,#1580,.T.);
#3729=EDGE_CURVE('',#2912,#2913,#1581,.T.);
#3730=EDGE_CURVE('',#2910,#2912,#1582,.T.);
#3731=EDGE_CURVE('',#2911,#2913,#1583,.T.);
#3732=ORIENTED_EDGE('',*,*,#2914,.F.);
#3733=ORIENTED_EDGE('',*,*,#2915,.T.);
#3734=ORIENTED_EDGE('',*,*,#2916,.F.);
#3735=ORIENTED_EDGE('',*,*,#2915,.F.);
#3736=ORIENTED_EDGE('',*,*,#2917,.F.);
#3737=ORIENTED_EDGE('',*,*,#2918,.T.);
#3738=ORIENTED_EDGE('',*,*,#2919,.F.);
#3739=ORIENTED_EDGE('',*,*,#2918,.F.);
#3740=ORIENTED_EDGE('',*,*,#2920,.F.);
#3741=ORIENTED_EDGE('',*,*,#2921,.T.);
#3742=ORIENTED_EDGE('',*,*,#2922,.F.);
#3743=ORIENTED_EDGE('',*,*,#2923,.F.);
#3744=ORIENTED_EDGE('',*,*,#2924,.F.);
#3745=ORIENTED_EDGE('',*,*,#2925,.F.);
#3746=ORIENTED_EDGE('',*,*,#2923,.T.);
#3747=ORIENTED_EDGE('',*,*,#2926,.F.);
#3748=ORIENTED_EDGE('',*,*,#2927,.F.);
#3749=ORIENTED_EDGE('',*,*,#2928,.F.);
#3750=ORIENTED_EDGE('',*,*,#2927,.T.);
#3751=ORIENTED_EDGE('',*,*,#2929,.F.);
#3752=ORIENTED_EDGE('',*,*,#2930,.F.);
#3753=ORIENTED_EDGE('',*,*,#2931,.F.);
#3754=ORIENTED_EDGE('',*,*,#2932,.F.);
#3755=ORIENTED_EDGE('',*,*,#2930,.T.);
#3756=ORIENTED_EDGE('',*,*,#2933,.F.);
#3757=ORIENTED_EDGE('',*,*,#2921,.F.);
#3758=ORIENTED_EDGE('',*,*,#2933,.T.);
#3759=ORIENTED_EDGE('',*,*,#2929,.T.);
#3760=ORIENTED_EDGE('',*,*,#2926,.T.);
#3761=ORIENTED_EDGE('',*,*,#2922,.T.);
#3762=ORIENTED_EDGE('',*,*,#2934,.T.);
#3763=ORIENTED_EDGE('',*,*,#2924,.T.);
#3764=ORIENTED_EDGE('',*,*,#2925,.T.);
#3765=ORIENTED_EDGE('',*,*,#2928,.T.);
#3766=ORIENTED_EDGE('',*,*,#2935,.F.);
#3767=ORIENTED_EDGE('',*,*,#2936,.T.);
#3768=ORIENTED_EDGE('',*,*,#2937,.F.);
#3769=ORIENTED_EDGE('',*,*,#2938,.F.);
#3770=ORIENTED_EDGE('',*,*,#2939,.F.);
#3771=ORIENTED_EDGE('',*,*,#2938,.T.);
#3772=ORIENTED_EDGE('',*,*,#2940,.F.);
#3773=ORIENTED_EDGE('',*,*,#2941,.F.);
#3774=ORIENTED_EDGE('',*,*,#2942,.F.);
#3775=ORIENTED_EDGE('',*,*,#2941,.T.);
#3776=ORIENTED_EDGE('',*,*,#2943,.F.);
#3777=ORIENTED_EDGE('',*,*,#2944,.F.);
#3778=ORIENTED_EDGE('',*,*,#2945,.F.);
#3779=ORIENTED_EDGE('',*,*,#2944,.T.);
#3780=ORIENTED_EDGE('',*,*,#2946,.F.);
#3781=ORIENTED_EDGE('',*,*,#2936,.F.);
#3782=ORIENTED_EDGE('',*,*,#2946,.T.);
#3783=ORIENTED_EDGE('',*,*,#2943,.T.);
#3784=ORIENTED_EDGE('',*,*,#2940,.T.);
#3785=ORIENTED_EDGE('',*,*,#2937,.T.);
#3786=ORIENTED_EDGE('',*,*,#2920,.T.);
#3787=ORIENTED_EDGE('',*,*,#2947,.T.);
#3788=ORIENTED_EDGE('',*,*,#2948,.T.);
#3789=ORIENTED_EDGE('',*,*,#2949,.T.);
#3790=ORIENTED_EDGE('',*,*,#2950,.T.);
#3791=ORIENTED_EDGE('',*,*,#2951,.T.);
#3792=ORIENTED_EDGE('',*,*,#2931,.T.);
#3793=ORIENTED_EDGE('',*,*,#2932,.T.);
#3794=ORIENTED_EDGE('',*,*,#2914,.T.);
#3795=ORIENTED_EDGE('',*,*,#2917,.T.);
#3796=ORIENTED_EDGE('',*,*,#2935,.T.);
#3797=ORIENTED_EDGE('',*,*,#2939,.T.);
#3798=ORIENTED_EDGE('',*,*,#2942,.T.);
#3799=ORIENTED_EDGE('',*,*,#2945,.T.);
#3800=ORIENTED_EDGE('',*,*,#2952,.T.);
#3801=ORIENTED_EDGE('',*,*,#2953,.T.);
#3802=ORIENTED_EDGE('',*,*,#2954,.T.);
#3803=ORIENTED_EDGE('',*,*,#2955,.T.);
#3804=ORIENTED_EDGE('',*,*,#2916,.T.);
#3805=ORIENTED_EDGE('',*,*,#2919,.T.);
#3806=ORIENTED_EDGE('',*,*,#2956,.T.);
#3807=ORIENTED_EDGE('',*,*,#2953,.F.);
#3808=ORIENTED_EDGE('',*,*,#2957,.F.);
#3809=ORIENTED_EDGE('',*,*,#2948,.F.);
#3810=ORIENTED_EDGE('',*,*,#2958,.T.);
#3811=ORIENTED_EDGE('',*,*,#2954,.F.);
#3812=ORIENTED_EDGE('',*,*,#2956,.F.);
#3813=ORIENTED_EDGE('',*,*,#2947,.F.);
#3814=ORIENTED_EDGE('',*,*,#2934,.F.);
#3815=ORIENTED_EDGE('',*,*,#2951,.F.);
#3816=ORIENTED_EDGE('',*,*,#2959,.T.);
#3817=ORIENTED_EDGE('',*,*,#2955,.F.);
#3818=ORIENTED_EDGE('',*,*,#2958,.F.);
#3819=ORIENTED_EDGE('',*,*,#2950,.F.);
#3820=ORIENTED_EDGE('',*,*,#2957,.T.);
#3821=ORIENTED_EDGE('',*,*,#2952,.F.);
#3822=ORIENTED_EDGE('',*,*,#2959,.F.);
#3823=ORIENTED_EDGE('',*,*,#2949,.F.);
#3824=ORIENTED_EDGE('',*,*,#2960,.T.);
#3825=ORIENTED_EDGE('',*,*,#2961,.T.);
#3826=ORIENTED_EDGE('',*,*,#2962,.T.);
#3827=ORIENTED_EDGE('',*,*,#2963,.T.);
#3828=ORIENTED_EDGE('',*,*,#2961,.F.);
#3829=ORIENTED_EDGE('',*,*,#2963,.F.);
#3830=ORIENTED_EDGE('',*,*,#2964,.T.);
#3831=ORIENTED_EDGE('',*,*,#2965,.F.);
#3832=ORIENTED_EDGE('',*,*,#2966,.F.);
#3833=ORIENTED_EDGE('',*,*,#2964,.F.);
#3834=ORIENTED_EDGE('',*,*,#2962,.F.);
#3835=ORIENTED_EDGE('',*,*,#2967,.F.);
#3836=ORIENTED_EDGE('',*,*,#2968,.F.);
#3837=ORIENTED_EDGE('',*,*,#2969,.F.);
#3838=ORIENTED_EDGE('',*,*,#2970,.F.);
#3839=ORIENTED_EDGE('',*,*,#2971,.F.);
#3840=ORIENTED_EDGE('',*,*,#2972,.F.);
#3841=ORIENTED_EDGE('',*,*,#2973,.F.);
#3842=ORIENTED_EDGE('',*,*,#2974,.F.);
#3843=ORIENTED_EDGE('',*,*,#2975,.F.);
#3844=ORIENTED_EDGE('',*,*,#2976,.F.);
#3845=ORIENTED_EDGE('',*,*,#2977,.F.);
#3846=ORIENTED_EDGE('',*,*,#2978,.F.);
#3847=ORIENTED_EDGE('',*,*,#2979,.F.);
#3848=ORIENTED_EDGE('',*,*,#2980,.F.);
#3849=ORIENTED_EDGE('',*,*,#2981,.F.);
#3850=ORIENTED_EDGE('',*,*,#2982,.F.);
#3851=ORIENTED_EDGE('',*,*,#2983,.F.);
#3852=ORIENTED_EDGE('',*,*,#2984,.T.);
#3853=ORIENTED_EDGE('',*,*,#2985,.T.);
#3854=ORIENTED_EDGE('',*,*,#2986,.T.);
#3855=ORIENTED_EDGE('',*,*,#2987,.T.);
#3856=ORIENTED_EDGE('',*,*,#2988,.T.);
#3857=ORIENTED_EDGE('',*,*,#2989,.T.);
#3858=ORIENTED_EDGE('',*,*,#2990,.T.);
#3859=ORIENTED_EDGE('',*,*,#2991,.T.);
#3860=ORIENTED_EDGE('',*,*,#2992,.T.);
#3861=ORIENTED_EDGE('',*,*,#2993,.T.);
#3862=ORIENTED_EDGE('',*,*,#2994,.T.);
#3863=ORIENTED_EDGE('',*,*,#2995,.T.);
#3864=ORIENTED_EDGE('',*,*,#2996,.T.);
#3865=ORIENTED_EDGE('',*,*,#2997,.T.);
#3866=ORIENTED_EDGE('',*,*,#2998,.T.);
#3867=ORIENTED_EDGE('',*,*,#2999,.T.);
#3868=ORIENTED_EDGE('',*,*,#3000,.T.);
#3869=ORIENTED_EDGE('',*,*,#3001,.T.);
#3870=ORIENTED_EDGE('',*,*,#3002,.T.);
#3871=ORIENTED_EDGE('',*,*,#3003,.T.);
#3872=ORIENTED_EDGE('',*,*,#3004,.T.);
#3873=ORIENTED_EDGE('',*,*,#3005,.T.);
#3874=ORIENTED_EDGE('',*,*,#3006,.T.);
#3875=ORIENTED_EDGE('',*,*,#3007,.T.);
#3876=ORIENTED_EDGE('',*,*,#3008,.T.);
#3877=ORIENTED_EDGE('',*,*,#3009,.T.);
#3878=ORIENTED_EDGE('',*,*,#3010,.T.);
#3879=ORIENTED_EDGE('',*,*,#3011,.T.);
#3880=ORIENTED_EDGE('',*,*,#3012,.T.);
#3881=ORIENTED_EDGE('',*,*,#3013,.T.);
#3882=ORIENTED_EDGE('',*,*,#3014,.T.);
#3883=ORIENTED_EDGE('',*,*,#3015,.T.);
#3884=ORIENTED_EDGE('',*,*,#3016,.F.);
#3885=ORIENTED_EDGE('',*,*,#3017,.F.);
#3886=ORIENTED_EDGE('',*,*,#3018,.F.);
#3887=ORIENTED_EDGE('',*,*,#3019,.F.);
#3888=ORIENTED_EDGE('',*,*,#3020,.F.);
#3889=ORIENTED_EDGE('',*,*,#3021,.F.);
#3890=ORIENTED_EDGE('',*,*,#3022,.F.);
#3891=ORIENTED_EDGE('',*,*,#3023,.F.);
#3892=ORIENTED_EDGE('',*,*,#3024,.F.);
#3893=ORIENTED_EDGE('',*,*,#3025,.F.);
#3894=ORIENTED_EDGE('',*,*,#3026,.F.);
#3895=ORIENTED_EDGE('',*,*,#3027,.F.);
#3896=ORIENTED_EDGE('',*,*,#3028,.F.);
#3897=ORIENTED_EDGE('',*,*,#3029,.F.);
#3898=ORIENTED_EDGE('',*,*,#3030,.F.);
#3899=ORIENTED_EDGE('',*,*,#3031,.F.);
#3900=ORIENTED_EDGE('',*,*,#3032,.F.);
#3901=ORIENTED_EDGE('',*,*,#3033,.F.);
#3902=ORIENTED_EDGE('',*,*,#3034,.F.);
#3903=ORIENTED_EDGE('',*,*,#3035,.F.);
#3904=ORIENTED_EDGE('',*,*,#3036,.F.);
#3905=ORIENTED_EDGE('',*,*,#3037,.F.);
#3906=ORIENTED_EDGE('',*,*,#3038,.F.);
#3907=ORIENTED_EDGE('',*,*,#3039,.F.);
#3908=ORIENTED_EDGE('',*,*,#3040,.F.);
#3909=ORIENTED_EDGE('',*,*,#3041,.F.);
#3910=ORIENTED_EDGE('',*,*,#3042,.F.);
#3911=ORIENTED_EDGE('',*,*,#3043,.F.);
#3912=ORIENTED_EDGE('',*,*,#3044,.F.);
#3913=ORIENTED_EDGE('',*,*,#3045,.F.);
#3914=ORIENTED_EDGE('',*,*,#3046,.F.);
#3915=ORIENTED_EDGE('',*,*,#3047,.F.);
#3916=ORIENTED_EDGE('',*,*,#3048,.F.);
#3917=ORIENTED_EDGE('',*,*,#3049,.F.);
#3918=ORIENTED_EDGE('',*,*,#3050,.F.);
#3919=ORIENTED_EDGE('',*,*,#3051,.F.);
#3920=ORIENTED_EDGE('',*,*,#3052,.F.);
#3921=ORIENTED_EDGE('',*,*,#3053,.F.);
#3922=ORIENTED_EDGE('',*,*,#3054,.F.);
#3923=ORIENTED_EDGE('',*,*,#3055,.F.);
#3924=ORIENTED_EDGE('',*,*,#3056,.T.);
#3925=ORIENTED_EDGE('',*,*,#3057,.T.);
#3926=ORIENTED_EDGE('',*,*,#3058,.T.);
#3927=ORIENTED_EDGE('',*,*,#3059,.T.);
#3928=ORIENTED_EDGE('',*,*,#3060,.T.);
#3929=ORIENTED_EDGE('',*,*,#3061,.T.);
#3930=ORIENTED_EDGE('',*,*,#3062,.T.);
#3931=ORIENTED_EDGE('',*,*,#3063,.T.);
#3932=ORIENTED_EDGE('',*,*,#3064,.F.);
#3933=ORIENTED_EDGE('',*,*,#3065,.F.);
#3934=ORIENTED_EDGE('',*,*,#3066,.F.);
#3935=ORIENTED_EDGE('',*,*,#3067,.F.);
#3936=ORIENTED_EDGE('',*,*,#3068,.F.);
#3937=ORIENTED_EDGE('',*,*,#3069,.F.);
#3938=ORIENTED_EDGE('',*,*,#3070,.F.);
#3939=ORIENTED_EDGE('',*,*,#3071,.F.);
#3940=ORIENTED_EDGE('',*,*,#2960,.F.);
#3941=ORIENTED_EDGE('',*,*,#3072,.T.);
#3942=ORIENTED_EDGE('',*,*,#3073,.T.);
#3943=ORIENTED_EDGE('',*,*,#2965,.T.);
#3944=ORIENTED_EDGE('',*,*,#2966,.T.);
#3945=ORIENTED_EDGE('',*,*,#3073,.F.);
#3946=ORIENTED_EDGE('',*,*,#3074,.F.);
#3947=ORIENTED_EDGE('',*,*,#3075,.F.);
#3948=ORIENTED_EDGE('',*,*,#3076,.F.);
#3949=ORIENTED_EDGE('',*,*,#3077,.F.);
#3950=ORIENTED_EDGE('',*,*,#3078,.F.);
#3951=ORIENTED_EDGE('',*,*,#3079,.F.);
#3952=ORIENTED_EDGE('',*,*,#3080,.F.);
#3953=ORIENTED_EDGE('',*,*,#3081,.F.);
#3954=ORIENTED_EDGE('',*,*,#3082,.F.);
#3955=ORIENTED_EDGE('',*,*,#3083,.F.);
#3956=ORIENTED_EDGE('',*,*,#3084,.F.);
#3957=ORIENTED_EDGE('',*,*,#3085,.F.);
#3958=ORIENTED_EDGE('',*,*,#3086,.F.);
#3959=ORIENTED_EDGE('',*,*,#3087,.F.);
#3960=ORIENTED_EDGE('',*,*,#3088,.F.);
#3961=ORIENTED_EDGE('',*,*,#3089,.F.);
#3962=ORIENTED_EDGE('',*,*,#3090,.F.);
#3963=ORIENTED_EDGE('',*,*,#3091,.T.);
#3964=ORIENTED_EDGE('',*,*,#3092,.T.);
#3965=ORIENTED_EDGE('',*,*,#3093,.T.);
#3966=ORIENTED_EDGE('',*,*,#3094,.T.);
#3967=ORIENTED_EDGE('',*,*,#3095,.T.);
#3968=ORIENTED_EDGE('',*,*,#3096,.T.);
#3969=ORIENTED_EDGE('',*,*,#3097,.T.);
#3970=ORIENTED_EDGE('',*,*,#3098,.T.);
#3971=ORIENTED_EDGE('',*,*,#3099,.T.);
#3972=ORIENTED_EDGE('',*,*,#3100,.T.);
#3973=ORIENTED_EDGE('',*,*,#3101,.T.);
#3974=ORIENTED_EDGE('',*,*,#3102,.T.);
#3975=ORIENTED_EDGE('',*,*,#3103,.T.);
#3976=ORIENTED_EDGE('',*,*,#3104,.T.);
#3977=ORIENTED_EDGE('',*,*,#3105,.T.);
#3978=ORIENTED_EDGE('',*,*,#3106,.T.);
#3979=ORIENTED_EDGE('',*,*,#3107,.T.);
#3980=ORIENTED_EDGE('',*,*,#3108,.T.);
#3981=ORIENTED_EDGE('',*,*,#3109,.T.);
#3982=ORIENTED_EDGE('',*,*,#3110,.T.);
#3983=ORIENTED_EDGE('',*,*,#3111,.T.);
#3984=ORIENTED_EDGE('',*,*,#3112,.T.);
#3985=ORIENTED_EDGE('',*,*,#3113,.T.);
#3986=ORIENTED_EDGE('',*,*,#3114,.T.);
#3987=ORIENTED_EDGE('',*,*,#3115,.T.);
#3988=ORIENTED_EDGE('',*,*,#3116,.T.);
#3989=ORIENTED_EDGE('',*,*,#3117,.T.);
#3990=ORIENTED_EDGE('',*,*,#3118,.T.);
#3991=ORIENTED_EDGE('',*,*,#3119,.T.);
#3992=ORIENTED_EDGE('',*,*,#3120,.T.);
#3993=ORIENTED_EDGE('',*,*,#3121,.T.);
#3994=ORIENTED_EDGE('',*,*,#3122,.T.);
#3995=ORIENTED_EDGE('',*,*,#3123,.F.);
#3996=ORIENTED_EDGE('',*,*,#3124,.F.);
#3997=ORIENTED_EDGE('',*,*,#3125,.F.);
#3998=ORIENTED_EDGE('',*,*,#3126,.F.);
#3999=ORIENTED_EDGE('',*,*,#3127,.F.);
#4000=ORIENTED_EDGE('',*,*,#3128,.F.);
#4001=ORIENTED_EDGE('',*,*,#3129,.F.);
#4002=ORIENTED_EDGE('',*,*,#3130,.F.);
#4003=ORIENTED_EDGE('',*,*,#3131,.F.);
#4004=ORIENTED_EDGE('',*,*,#3132,.F.);
#4005=ORIENTED_EDGE('',*,*,#3133,.F.);
#4006=ORIENTED_EDGE('',*,*,#3134,.F.);
#4007=ORIENTED_EDGE('',*,*,#3135,.F.);
#4008=ORIENTED_EDGE('',*,*,#3136,.F.);
#4009=ORIENTED_EDGE('',*,*,#3137,.F.);
#4010=ORIENTED_EDGE('',*,*,#3138,.F.);
#4011=ORIENTED_EDGE('',*,*,#3139,.F.);
#4012=ORIENTED_EDGE('',*,*,#3140,.F.);
#4013=ORIENTED_EDGE('',*,*,#3141,.F.);
#4014=ORIENTED_EDGE('',*,*,#3142,.F.);
#4015=ORIENTED_EDGE('',*,*,#3143,.F.);
#4016=ORIENTED_EDGE('',*,*,#3144,.F.);
#4017=ORIENTED_EDGE('',*,*,#3145,.F.);
#4018=ORIENTED_EDGE('',*,*,#3146,.F.);
#4019=ORIENTED_EDGE('',*,*,#3147,.F.);
#4020=ORIENTED_EDGE('',*,*,#3148,.F.);
#4021=ORIENTED_EDGE('',*,*,#3149,.F.);
#4022=ORIENTED_EDGE('',*,*,#3150,.F.);
#4023=ORIENTED_EDGE('',*,*,#3151,.F.);
#4024=ORIENTED_EDGE('',*,*,#3152,.F.);
#4025=ORIENTED_EDGE('',*,*,#3153,.F.);
#4026=ORIENTED_EDGE('',*,*,#3154,.F.);
#4027=ORIENTED_EDGE('',*,*,#3155,.F.);
#4028=ORIENTED_EDGE('',*,*,#3156,.F.);
#4029=ORIENTED_EDGE('',*,*,#3157,.F.);
#4030=ORIENTED_EDGE('',*,*,#3158,.F.);
#4031=ORIENTED_EDGE('',*,*,#3159,.F.);
#4032=ORIENTED_EDGE('',*,*,#3160,.F.);
#4033=ORIENTED_EDGE('',*,*,#3161,.F.);
#4034=ORIENTED_EDGE('',*,*,#3162,.F.);
#4035=ORIENTED_EDGE('',*,*,#3163,.T.);
#4036=ORIENTED_EDGE('',*,*,#3164,.T.);
#4037=ORIENTED_EDGE('',*,*,#3165,.T.);
#4038=ORIENTED_EDGE('',*,*,#3166,.T.);
#4039=ORIENTED_EDGE('',*,*,#3167,.T.);
#4040=ORIENTED_EDGE('',*,*,#3168,.T.);
#4041=ORIENTED_EDGE('',*,*,#3169,.T.);
#4042=ORIENTED_EDGE('',*,*,#3170,.T.);
#4043=ORIENTED_EDGE('',*,*,#3171,.F.);
#4044=ORIENTED_EDGE('',*,*,#3172,.F.);
#4045=ORIENTED_EDGE('',*,*,#3173,.F.);
#4046=ORIENTED_EDGE('',*,*,#3174,.F.);
#4047=ORIENTED_EDGE('',*,*,#3175,.F.);
#4048=ORIENTED_EDGE('',*,*,#3176,.F.);
#4049=ORIENTED_EDGE('',*,*,#3177,.F.);
#4050=ORIENTED_EDGE('',*,*,#3178,.F.);
#4051=ORIENTED_EDGE('',*,*,#3072,.F.);
#4052=ORIENTED_EDGE('',*,*,#2975,.T.);
#4053=ORIENTED_EDGE('',*,*,#3179,.T.);
#4054=ORIENTED_EDGE('',*,*,#3180,.T.);
#4055=ORIENTED_EDGE('',*,*,#3181,.T.);
#4056=ORIENTED_EDGE('',*,*,#3179,.F.);
#4057=ORIENTED_EDGE('',*,*,#3181,.F.);
#4058=ORIENTED_EDGE('',*,*,#3182,.T.);
#4059=ORIENTED_EDGE('',*,*,#3183,.F.);
#4060=ORIENTED_EDGE('',*,*,#3184,.F.);
#4061=ORIENTED_EDGE('',*,*,#3182,.F.);
#4062=ORIENTED_EDGE('',*,*,#3180,.F.);
#4063=ORIENTED_EDGE('',*,*,#3082,.T.);
#4064=ORIENTED_EDGE('',*,*,#3185,.T.);
#4065=ORIENTED_EDGE('',*,*,#3183,.T.);
#4066=ORIENTED_EDGE('',*,*,#3184,.T.);
#4067=ORIENTED_EDGE('',*,*,#3185,.F.);
#4068=ORIENTED_EDGE('',*,*,#3071,.T.);
#4069=ORIENTED_EDGE('',*,*,#3186,.T.);
#4070=ORIENTED_EDGE('',*,*,#3187,.T.);
#4071=ORIENTED_EDGE('',*,*,#3188,.T.);
#4072=ORIENTED_EDGE('',*,*,#3186,.F.);
#4073=ORIENTED_EDGE('',*,*,#3188,.F.);
#4074=ORIENTED_EDGE('',*,*,#3189,.T.);
#4075=ORIENTED_EDGE('',*,*,#3190,.F.);
#4076=ORIENTED_EDGE('',*,*,#3191,.F.);
#4077=ORIENTED_EDGE('',*,*,#3189,.F.);
#4078=ORIENTED_EDGE('',*,*,#3187,.F.);
#4079=ORIENTED_EDGE('',*,*,#3178,.T.);
#4080=ORIENTED_EDGE('',*,*,#3192,.T.);
#4081=ORIENTED_EDGE('',*,*,#3190,.T.);
#4082=ORIENTED_EDGE('',*,*,#3191,.T.);
#4083=ORIENTED_EDGE('',*,*,#3192,.F.);
#4084=ORIENTED_EDGE('',*,*,#3083,.T.);
#4085=ORIENTED_EDGE('',*,*,#3193,.T.);
#4086=ORIENTED_EDGE('',*,*,#3194,.T.);
#4087=ORIENTED_EDGE('',*,*,#3195,.T.);
#4088=ORIENTED_EDGE('',*,*,#3193,.F.);
#4089=ORIENTED_EDGE('',*,*,#3196,.F.);
#4090=ORIENTED_EDGE('',*,*,#3197,.T.);
#4091=ORIENTED_EDGE('',*,*,#3194,.F.);
#4092=ORIENTED_EDGE('',*,*,#3195,.F.);
#4093=ORIENTED_EDGE('',*,*,#3197,.F.);
#4094=ORIENTED_EDGE('',*,*,#3198,.F.);
#4095=ORIENTED_EDGE('',*,*,#2976,.T.);
#4096=ORIENTED_EDGE('',*,*,#3199,.T.);
#4097=ORIENTED_EDGE('',*,*,#3198,.T.);
#4098=ORIENTED_EDGE('',*,*,#3196,.T.);
#4099=ORIENTED_EDGE('',*,*,#3199,.F.);
#4100=ORIENTED_EDGE('',*,*,#3070,.T.);
#4101=ORIENTED_EDGE('',*,*,#3200,.T.);
#4102=ORIENTED_EDGE('',*,*,#3201,.T.);
#4103=ORIENTED_EDGE('',*,*,#3202,.T.);
#4104=ORIENTED_EDGE('',*,*,#3200,.F.);
#4105=ORIENTED_EDGE('',*,*,#3202,.F.);
#4106=ORIENTED_EDGE('',*,*,#3203,.T.);
#4107=ORIENTED_EDGE('',*,*,#3204,.F.);
#4108=ORIENTED_EDGE('',*,*,#3205,.F.);
#4109=ORIENTED_EDGE('',*,*,#3203,.F.);
#4110=ORIENTED_EDGE('',*,*,#3201,.F.);
#4111=ORIENTED_EDGE('',*,*,#3177,.T.);
#4112=ORIENTED_EDGE('',*,*,#3206,.T.);
#4113=ORIENTED_EDGE('',*,*,#3204,.T.);
#4114=ORIENTED_EDGE('',*,*,#3205,.T.);
#4115=ORIENTED_EDGE('',*,*,#3206,.F.);
#4116=ORIENTED_EDGE('',*,*,#2977,.T.);
#4117=ORIENTED_EDGE('',*,*,#3207,.T.);
#4118=ORIENTED_EDGE('',*,*,#3208,.T.);
#4119=ORIENTED_EDGE('',*,*,#3209,.T.);
#4120=ORIENTED_EDGE('',*,*,#3207,.F.);
#4121=ORIENTED_EDGE('',*,*,#3209,.F.);
#4122=ORIENTED_EDGE('',*,*,#3210,.T.);
#4123=ORIENTED_EDGE('',*,*,#3211,.F.);
#4124=ORIENTED_EDGE('',*,*,#3212,.F.);
#4125=ORIENTED_EDGE('',*,*,#3210,.F.);
#4126=ORIENTED_EDGE('',*,*,#3208,.F.);
#4127=ORIENTED_EDGE('',*,*,#3084,.T.);
#4128=ORIENTED_EDGE('',*,*,#3213,.T.);
#4129=ORIENTED_EDGE('',*,*,#3211,.T.);
#4130=ORIENTED_EDGE('',*,*,#3212,.T.);
#4131=ORIENTED_EDGE('',*,*,#3213,.F.);
#4132=ORIENTED_EDGE('',*,*,#3069,.T.);
#4133=ORIENTED_EDGE('',*,*,#3214,.T.);
#4134=ORIENTED_EDGE('',*,*,#3215,.T.);
#4135=ORIENTED_EDGE('',*,*,#3216,.T.);
#4136=ORIENTED_EDGE('',*,*,#3214,.F.);
#4137=ORIENTED_EDGE('',*,*,#3216,.F.);
#4138=ORIENTED_EDGE('',*,*,#3217,.T.);
#4139=ORIENTED_EDGE('',*,*,#3218,.F.);
#4140=ORIENTED_EDGE('',*,*,#3219,.F.);
#4141=ORIENTED_EDGE('',*,*,#3217,.F.);
#4142=ORIENTED_EDGE('',*,*,#3215,.F.);
#4143=ORIENTED_EDGE('',*,*,#3176,.T.);
#4144=ORIENTED_EDGE('',*,*,#3220,.T.);
#4145=ORIENTED_EDGE('',*,*,#3218,.T.);
#4146=ORIENTED_EDGE('',*,*,#3219,.T.);
#4147=ORIENTED_EDGE('',*,*,#3220,.F.);
#4148=ORIENTED_EDGE('',*,*,#2978,.T.);
#4149=ORIENTED_EDGE('',*,*,#3221,.T.);
#4150=ORIENTED_EDGE('',*,*,#3222,.T.);
#4151=ORIENTED_EDGE('',*,*,#3223,.T.);
#4152=ORIENTED_EDGE('',*,*,#3221,.F.);
#4153=ORIENTED_EDGE('',*,*,#3223,.F.);
#4154=ORIENTED_EDGE('',*,*,#3224,.T.);
#4155=ORIENTED_EDGE('',*,*,#3225,.F.);
#4156=ORIENTED_EDGE('',*,*,#3226,.F.);
#4157=ORIENTED_EDGE('',*,*,#3224,.F.);
#4158=ORIENTED_EDGE('',*,*,#3222,.F.);
#4159=ORIENTED_EDGE('',*,*,#3085,.T.);
#4160=ORIENTED_EDGE('',*,*,#3227,.T.);
#4161=ORIENTED_EDGE('',*,*,#3225,.T.);
#4162=ORIENTED_EDGE('',*,*,#3226,.T.);
#4163=ORIENTED_EDGE('',*,*,#3227,.F.);
#4164=ORIENTED_EDGE('',*,*,#3175,.T.);
#4165=ORIENTED_EDGE('',*,*,#3228,.T.);
#4166=ORIENTED_EDGE('',*,*,#3229,.T.);
#4167=ORIENTED_EDGE('',*,*,#3230,.T.);
#4168=ORIENTED_EDGE('',*,*,#3228,.F.);
#4169=ORIENTED_EDGE('',*,*,#3231,.F.);
#4170=ORIENTED_EDGE('',*,*,#3232,.T.);
#4171=ORIENTED_EDGE('',*,*,#3229,.F.);
#4172=ORIENTED_EDGE('',*,*,#3230,.F.);
#4173=ORIENTED_EDGE('',*,*,#3232,.F.);
#4174=ORIENTED_EDGE('',*,*,#3233,.F.);
#4175=ORIENTED_EDGE('',*,*,#3086,.T.);
#4176=ORIENTED_EDGE('',*,*,#3234,.T.);
#4177=ORIENTED_EDGE('',*,*,#3235,.T.);
#4178=ORIENTED_EDGE('',*,*,#3236,.T.);
#4179=ORIENTED_EDGE('',*,*,#3234,.F.);
#4180=ORIENTED_EDGE('',*,*,#3237,.F.);
#4181=ORIENTED_EDGE('',*,*,#3238,.T.);
#4182=ORIENTED_EDGE('',*,*,#3235,.F.);
#4183=ORIENTED_EDGE('',*,*,#3236,.F.);
#4184=ORIENTED_EDGE('',*,*,#3238,.F.);
#4185=ORIENTED_EDGE('',*,*,#3239,.F.);
#4186=ORIENTED_EDGE('',*,*,#3068,.T.);
#4187=ORIENTED_EDGE('',*,*,#3240,.T.);
#4188=ORIENTED_EDGE('',*,*,#3239,.T.);
#4189=ORIENTED_EDGE('',*,*,#3237,.T.);
#4190=ORIENTED_EDGE('',*,*,#3240,.F.);
#4191=ORIENTED_EDGE('',*,*,#2979,.T.);
#4192=ORIENTED_EDGE('',*,*,#3241,.T.);
#4193=ORIENTED_EDGE('',*,*,#3233,.T.);
#4194=ORIENTED_EDGE('',*,*,#3231,.T.);
#4195=ORIENTED_EDGE('',*,*,#3241,.F.);
#4196=ORIENTED_EDGE('',*,*,#3067,.T.);
#4197=ORIENTED_EDGE('',*,*,#3242,.T.);
#4198=ORIENTED_EDGE('',*,*,#3243,.T.);
#4199=ORIENTED_EDGE('',*,*,#3244,.T.);
#4200=ORIENTED_EDGE('',*,*,#3242,.F.);
#4201=ORIENTED_EDGE('',*,*,#3244,.F.);
#4202=ORIENTED_EDGE('',*,*,#3245,.T.);
#4203=ORIENTED_EDGE('',*,*,#3246,.F.);
#4204=ORIENTED_EDGE('',*,*,#3247,.F.);
#4205=ORIENTED_EDGE('',*,*,#3245,.F.);
#4206=ORIENTED_EDGE('',*,*,#3243,.F.);
#4207=ORIENTED_EDGE('',*,*,#2980,.T.);
#4208=ORIENTED_EDGE('',*,*,#3248,.T.);
#4209=ORIENTED_EDGE('',*,*,#3249,.T.);
#4210=ORIENTED_EDGE('',*,*,#3250,.T.);
#4211=ORIENTED_EDGE('',*,*,#3248,.F.);
#4212=ORIENTED_EDGE('',*,*,#3250,.F.);
#4213=ORIENTED_EDGE('',*,*,#3251,.T.);
#4214=ORIENTED_EDGE('',*,*,#3252,.F.);
#4215=ORIENTED_EDGE('',*,*,#3253,.F.);
#4216=ORIENTED_EDGE('',*,*,#3251,.F.);
#4217=ORIENTED_EDGE('',*,*,#3249,.F.);
#4218=ORIENTED_EDGE('',*,*,#3174,.T.);
#4219=ORIENTED_EDGE('',*,*,#3254,.T.);
#4220=ORIENTED_EDGE('',*,*,#3252,.T.);
#4221=ORIENTED_EDGE('',*,*,#3253,.T.);
#4222=ORIENTED_EDGE('',*,*,#3254,.F.);
#4223=ORIENTED_EDGE('',*,*,#3087,.T.);
#4224=ORIENTED_EDGE('',*,*,#3255,.T.);
#4225=ORIENTED_EDGE('',*,*,#3246,.T.);
#4226=ORIENTED_EDGE('',*,*,#3247,.T.);
#4227=ORIENTED_EDGE('',*,*,#3255,.F.);
#4228=ORIENTED_EDGE('',*,*,#3173,.T.);
#4229=ORIENTED_EDGE('',*,*,#3256,.T.);
#4230=ORIENTED_EDGE('',*,*,#3257,.T.);
#4231=ORIENTED_EDGE('',*,*,#3258,.T.);
#4232=ORIENTED_EDGE('',*,*,#3256,.F.);
#4233=ORIENTED_EDGE('',*,*,#3259,.F.);
#4234=ORIENTED_EDGE('',*,*,#3260,.T.);
#4235=ORIENTED_EDGE('',*,*,#3257,.F.);
#4236=ORIENTED_EDGE('',*,*,#3258,.F.);
#4237=ORIENTED_EDGE('',*,*,#3260,.F.);
#4238=ORIENTED_EDGE('',*,*,#3261,.F.);
#4239=ORIENTED_EDGE('',*,*,#3066,.T.);
#4240=ORIENTED_EDGE('',*,*,#3262,.T.);
#4241=ORIENTED_EDGE('',*,*,#3261,.T.);
#4242=ORIENTED_EDGE('',*,*,#3259,.T.);
#4243=ORIENTED_EDGE('',*,*,#3262,.F.);
#4244=ORIENTED_EDGE('',*,*,#3088,.T.);
#4245=ORIENTED_EDGE('',*,*,#3263,.T.);
#4246=ORIENTED_EDGE('',*,*,#3264,.T.);
#4247=ORIENTED_EDGE('',*,*,#3265,.T.);
#4248=ORIENTED_EDGE('',*,*,#3263,.F.);
#4249=ORIENTED_EDGE('',*,*,#3266,.F.);
#4250=ORIENTED_EDGE('',*,*,#3267,.T.);
#4251=ORIENTED_EDGE('',*,*,#3264,.F.);
#4252=ORIENTED_EDGE('',*,*,#3265,.F.);
#4253=ORIENTED_EDGE('',*,*,#3267,.F.);
#4254=ORIENTED_EDGE('',*,*,#3268,.F.);
#4255=ORIENTED_EDGE('',*,*,#2981,.T.);
#4256=ORIENTED_EDGE('',*,*,#3269,.T.);
#4257=ORIENTED_EDGE('',*,*,#3268,.T.);
#4258=ORIENTED_EDGE('',*,*,#3266,.T.);
#4259=ORIENTED_EDGE('',*,*,#3269,.F.);
#4260=ORIENTED_EDGE('',*,*,#3065,.T.);
#4261=ORIENTED_EDGE('',*,*,#3270,.T.);
#4262=ORIENTED_EDGE('',*,*,#3271,.T.);
#4263=ORIENTED_EDGE('',*,*,#3272,.T.);
#4264=ORIENTED_EDGE('',*,*,#3270,.F.);
#4265=ORIENTED_EDGE('',*,*,#3272,.F.);
#4266=ORIENTED_EDGE('',*,*,#3273,.T.);
#4267=ORIENTED_EDGE('',*,*,#3274,.F.);
#4268=ORIENTED_EDGE('',*,*,#3275,.F.);
#4269=ORIENTED_EDGE('',*,*,#3273,.F.);
#4270=ORIENTED_EDGE('',*,*,#3271,.F.);
#4271=ORIENTED_EDGE('',*,*,#3172,.T.);
#4272=ORIENTED_EDGE('',*,*,#3276,.T.);
#4273=ORIENTED_EDGE('',*,*,#3274,.T.);
#4274=ORIENTED_EDGE('',*,*,#3275,.T.);
#4275=ORIENTED_EDGE('',*,*,#3276,.F.);
#4276=ORIENTED_EDGE('',*,*,#3089,.T.);
#4277=ORIENTED_EDGE('',*,*,#3277,.T.);
#4278=ORIENTED_EDGE('',*,*,#3278,.T.);
#4279=ORIENTED_EDGE('',*,*,#3279,.T.);
#4280=ORIENTED_EDGE('',*,*,#3277,.F.);
#4281=ORIENTED_EDGE('',*,*,#3280,.F.);
#4282=ORIENTED_EDGE('',*,*,#3281,.T.);
#4283=ORIENTED_EDGE('',*,*,#3278,.F.);
#4284=ORIENTED_EDGE('',*,*,#3279,.F.);
#4285=ORIENTED_EDGE('',*,*,#3281,.F.);
#4286=ORIENTED_EDGE('',*,*,#3282,.F.);
#4287=ORIENTED_EDGE('',*,*,#2982,.T.);
#4288=ORIENTED_EDGE('',*,*,#3283,.T.);
#4289=ORIENTED_EDGE('',*,*,#3282,.T.);
#4290=ORIENTED_EDGE('',*,*,#3280,.T.);
#4291=ORIENTED_EDGE('',*,*,#3283,.F.);
#4292=ORIENTED_EDGE('',*,*,#3064,.T.);
#4293=ORIENTED_EDGE('',*,*,#3284,.T.);
#4294=ORIENTED_EDGE('',*,*,#3285,.T.);
#4295=ORIENTED_EDGE('',*,*,#3286,.T.);
#4296=ORIENTED_EDGE('',*,*,#3284,.F.);
#4297=ORIENTED_EDGE('',*,*,#3286,.F.);
#4298=ORIENTED_EDGE('',*,*,#3287,.T.);
#4299=ORIENTED_EDGE('',*,*,#3288,.F.);
#4300=ORIENTED_EDGE('',*,*,#3289,.F.);
#4301=ORIENTED_EDGE('',*,*,#3287,.F.);
#4302=ORIENTED_EDGE('',*,*,#3285,.F.);
#4303=ORIENTED_EDGE('',*,*,#3171,.T.);
#4304=ORIENTED_EDGE('',*,*,#3290,.T.);
#4305=ORIENTED_EDGE('',*,*,#3288,.T.);
#4306=ORIENTED_EDGE('',*,*,#3289,.T.);
#4307=ORIENTED_EDGE('',*,*,#3290,.F.);
#4308=ORIENTED_EDGE('',*,*,#3090,.T.);
#4309=ORIENTED_EDGE('',*,*,#3291,.T.);
#4310=ORIENTED_EDGE('',*,*,#3292,.T.);
#4311=ORIENTED_EDGE('',*,*,#3293,.T.);
#4312=ORIENTED_EDGE('',*,*,#3291,.F.);
#4313=ORIENTED_EDGE('',*,*,#3294,.F.);
#4314=ORIENTED_EDGE('',*,*,#3295,.T.);
#4315=ORIENTED_EDGE('',*,*,#3292,.F.);
#4316=ORIENTED_EDGE('',*,*,#3293,.F.);
#4317=ORIENTED_EDGE('',*,*,#3295,.F.);
#4318=ORIENTED_EDGE('',*,*,#3296,.F.);
#4319=ORIENTED_EDGE('',*,*,#2983,.T.);
#4320=ORIENTED_EDGE('',*,*,#3297,.T.);
#4321=ORIENTED_EDGE('',*,*,#3296,.T.);
#4322=ORIENTED_EDGE('',*,*,#3294,.T.);
#4323=ORIENTED_EDGE('',*,*,#3297,.F.);
#4324=ORIENTED_EDGE('',*,*,#2984,.F.);
#4325=ORIENTED_EDGE('',*,*,#3298,.T.);
#4326=ORIENTED_EDGE('',*,*,#3091,.F.);
#4327=ORIENTED_EDGE('',*,*,#3298,.F.);
#4328=ORIENTED_EDGE('',*,*,#2985,.F.);
#4329=ORIENTED_EDGE('',*,*,#3299,.T.);
#4330=ORIENTED_EDGE('',*,*,#3092,.F.);
#4331=ORIENTED_EDGE('',*,*,#3299,.F.);
#4332=ORIENTED_EDGE('',*,*,#2986,.F.);
#4333=ORIENTED_EDGE('',*,*,#3300,.T.);
#4334=ORIENTED_EDGE('',*,*,#3093,.F.);
#4335=ORIENTED_EDGE('',*,*,#3300,.F.);
#4336=ORIENTED_EDGE('',*,*,#2987,.F.);
#4337=ORIENTED_EDGE('',*,*,#3301,.T.);
#4338=ORIENTED_EDGE('',*,*,#3094,.F.);
#4339=ORIENTED_EDGE('',*,*,#3301,.F.);
#4340=ORIENTED_EDGE('',*,*,#2988,.F.);
#4341=ORIENTED_EDGE('',*,*,#3302,.T.);
#4342=ORIENTED_EDGE('',*,*,#3095,.F.);
#4343=ORIENTED_EDGE('',*,*,#3302,.F.);
#4344=ORIENTED_EDGE('',*,*,#2989,.F.);
#4345=ORIENTED_EDGE('',*,*,#3303,.T.);
#4346=ORIENTED_EDGE('',*,*,#3096,.F.);
#4347=ORIENTED_EDGE('',*,*,#3303,.F.);
#4348=ORIENTED_EDGE('',*,*,#2990,.F.);
#4349=ORIENTED_EDGE('',*,*,#3304,.T.);
#4350=ORIENTED_EDGE('',*,*,#3097,.F.);
#4351=ORIENTED_EDGE('',*,*,#3304,.F.);
#4352=ORIENTED_EDGE('',*,*,#2991,.F.);
#4353=ORIENTED_EDGE('',*,*,#3305,.T.);
#4354=ORIENTED_EDGE('',*,*,#3098,.F.);
#4355=ORIENTED_EDGE('',*,*,#3305,.F.);
#4356=ORIENTED_EDGE('',*,*,#2992,.F.);
#4357=ORIENTED_EDGE('',*,*,#3306,.T.);
#4358=ORIENTED_EDGE('',*,*,#3099,.F.);
#4359=ORIENTED_EDGE('',*,*,#3306,.F.);
#4360=ORIENTED_EDGE('',*,*,#2993,.F.);
#4361=ORIENTED_EDGE('',*,*,#3307,.T.);
#4362=ORIENTED_EDGE('',*,*,#3100,.F.);
#4363=ORIENTED_EDGE('',*,*,#3307,.F.);
#4364=ORIENTED_EDGE('',*,*,#2994,.F.);
#4365=ORIENTED_EDGE('',*,*,#3308,.T.);
#4366=ORIENTED_EDGE('',*,*,#3101,.F.);
#4367=ORIENTED_EDGE('',*,*,#3308,.F.);
#4368=ORIENTED_EDGE('',*,*,#2995,.F.);
#4369=ORIENTED_EDGE('',*,*,#3309,.T.);
#4370=ORIENTED_EDGE('',*,*,#3102,.F.);
#4371=ORIENTED_EDGE('',*,*,#3309,.F.);
#4372=ORIENTED_EDGE('',*,*,#2996,.F.);
#4373=ORIENTED_EDGE('',*,*,#3310,.T.);
#4374=ORIENTED_EDGE('',*,*,#3103,.F.);
#4375=ORIENTED_EDGE('',*,*,#3310,.F.);
#4376=ORIENTED_EDGE('',*,*,#2997,.F.);
#4377=ORIENTED_EDGE('',*,*,#3311,.T.);
#4378=ORIENTED_EDGE('',*,*,#3104,.F.);
#4379=ORIENTED_EDGE('',*,*,#3311,.F.);
#4380=ORIENTED_EDGE('',*,*,#2998,.F.);
#4381=ORIENTED_EDGE('',*,*,#3312,.T.);
#4382=ORIENTED_EDGE('',*,*,#3105,.F.);
#4383=ORIENTED_EDGE('',*,*,#3312,.F.);
#4384=ORIENTED_EDGE('',*,*,#2999,.F.);
#4385=ORIENTED_EDGE('',*,*,#3313,.T.);
#4386=ORIENTED_EDGE('',*,*,#3106,.F.);
#4387=ORIENTED_EDGE('',*,*,#3313,.F.);
#4388=ORIENTED_EDGE('',*,*,#3000,.F.);
#4389=ORIENTED_EDGE('',*,*,#3314,.T.);
#4390=ORIENTED_EDGE('',*,*,#3107,.F.);
#4391=ORIENTED_EDGE('',*,*,#3314,.F.);
#4392=ORIENTED_EDGE('',*,*,#3001,.F.);
#4393=ORIENTED_EDGE('',*,*,#3315,.T.);
#4394=ORIENTED_EDGE('',*,*,#3108,.F.);
#4395=ORIENTED_EDGE('',*,*,#3315,.F.);
#4396=ORIENTED_EDGE('',*,*,#3002,.F.);
#4397=ORIENTED_EDGE('',*,*,#3316,.T.);
#4398=ORIENTED_EDGE('',*,*,#3109,.F.);
#4399=ORIENTED_EDGE('',*,*,#3316,.F.);
#4400=ORIENTED_EDGE('',*,*,#3003,.F.);
#4401=ORIENTED_EDGE('',*,*,#3317,.T.);
#4402=ORIENTED_EDGE('',*,*,#3110,.F.);
#4403=ORIENTED_EDGE('',*,*,#3317,.F.);
#4404=ORIENTED_EDGE('',*,*,#3004,.F.);
#4405=ORIENTED_EDGE('',*,*,#3318,.T.);
#4406=ORIENTED_EDGE('',*,*,#3111,.F.);
#4407=ORIENTED_EDGE('',*,*,#3318,.F.);
#4408=ORIENTED_EDGE('',*,*,#3005,.F.);
#4409=ORIENTED_EDGE('',*,*,#3319,.T.);
#4410=ORIENTED_EDGE('',*,*,#3112,.F.);
#4411=ORIENTED_EDGE('',*,*,#3319,.F.);
#4412=ORIENTED_EDGE('',*,*,#3006,.F.);
#4413=ORIENTED_EDGE('',*,*,#3320,.T.);
#4414=ORIENTED_EDGE('',*,*,#3113,.F.);
#4415=ORIENTED_EDGE('',*,*,#3320,.F.);
#4416=ORIENTED_EDGE('',*,*,#3007,.F.);
#4417=ORIENTED_EDGE('',*,*,#3321,.T.);
#4418=ORIENTED_EDGE('',*,*,#3114,.F.);
#4419=ORIENTED_EDGE('',*,*,#3321,.F.);
#4420=ORIENTED_EDGE('',*,*,#3063,.F.);
#4421=ORIENTED_EDGE('',*,*,#3322,.T.);
#4422=ORIENTED_EDGE('',*,*,#3170,.F.);
#4423=ORIENTED_EDGE('',*,*,#3322,.F.);
#4424=ORIENTED_EDGE('',*,*,#3062,.F.);
#4425=ORIENTED_EDGE('',*,*,#3323,.T.);
#4426=ORIENTED_EDGE('',*,*,#3169,.F.);
#4427=ORIENTED_EDGE('',*,*,#3323,.F.);
#4428=ORIENTED_EDGE('',*,*,#3061,.F.);
#4429=ORIENTED_EDGE('',*,*,#3324,.T.);
#4430=ORIENTED_EDGE('',*,*,#3168,.F.);
#4431=ORIENTED_EDGE('',*,*,#3324,.F.);
#4432=ORIENTED_EDGE('',*,*,#3060,.F.);
#4433=ORIENTED_EDGE('',*,*,#3325,.T.);
#4434=ORIENTED_EDGE('',*,*,#3167,.F.);
#4435=ORIENTED_EDGE('',*,*,#3325,.F.);
#4436=ORIENTED_EDGE('',*,*,#3059,.F.);
#4437=ORIENTED_EDGE('',*,*,#3326,.T.);
#4438=ORIENTED_EDGE('',*,*,#3166,.F.);
#4439=ORIENTED_EDGE('',*,*,#3326,.F.);
#4440=ORIENTED_EDGE('',*,*,#3058,.F.);
#4441=ORIENTED_EDGE('',*,*,#3327,.T.);
#4442=ORIENTED_EDGE('',*,*,#3165,.F.);
#4443=ORIENTED_EDGE('',*,*,#3327,.F.);
#4444=ORIENTED_EDGE('',*,*,#3057,.F.);
#4445=ORIENTED_EDGE('',*,*,#3328,.T.);
#4446=ORIENTED_EDGE('',*,*,#3164,.F.);
#4447=ORIENTED_EDGE('',*,*,#3328,.F.);
#4448=ORIENTED_EDGE('',*,*,#3056,.F.);
#4449=ORIENTED_EDGE('',*,*,#3329,.T.);
#4450=ORIENTED_EDGE('',*,*,#3163,.F.);
#4451=ORIENTED_EDGE('',*,*,#3329,.F.);
#4452=ORIENTED_EDGE('',*,*,#3008,.F.);
#4453=ORIENTED_EDGE('',*,*,#3330,.T.);
#4454=ORIENTED_EDGE('',*,*,#3115,.F.);
#4455=ORIENTED_EDGE('',*,*,#3330,.F.);
#4456=ORIENTED_EDGE('',*,*,#3009,.F.);
#4457=ORIENTED_EDGE('',*,*,#3331,.T.);
#4458=ORIENTED_EDGE('',*,*,#3116,.F.);
#4459=ORIENTED_EDGE('',*,*,#3331,.F.);
#4460=ORIENTED_EDGE('',*,*,#3010,.F.);
#4461=ORIENTED_EDGE('',*,*,#3332,.T.);
#4462=ORIENTED_EDGE('',*,*,#3117,.F.);
#4463=ORIENTED_EDGE('',*,*,#3332,.F.);
#4464=ORIENTED_EDGE('',*,*,#3011,.F.);
#4465=ORIENTED_EDGE('',*,*,#3333,.T.);
#4466=ORIENTED_EDGE('',*,*,#3118,.F.);
#4467=ORIENTED_EDGE('',*,*,#3333,.F.);
#4468=ORIENTED_EDGE('',*,*,#3334,.T.);
#4469=ORIENTED_EDGE('',*,*,#3335,.T.);
#4470=ORIENTED_EDGE('',*,*,#3336,.T.);
#4471=ORIENTED_EDGE('',*,*,#3048,.T.);
#4472=ORIENTED_EDGE('',*,*,#3337,.T.);
#4473=ORIENTED_EDGE('',*,*,#3049,.T.);
#4474=ORIENTED_EDGE('',*,*,#3336,.F.);
#4475=ORIENTED_EDGE('',*,*,#3338,.T.);
#4476=ORIENTED_EDGE('',*,*,#3339,.T.);
#4477=ORIENTED_EDGE('',*,*,#3050,.T.);
#4478=ORIENTED_EDGE('',*,*,#3337,.F.);
#4479=ORIENTED_EDGE('',*,*,#3340,.T.);
#4480=ORIENTED_EDGE('',*,*,#3341,.T.);
#4481=ORIENTED_EDGE('',*,*,#3051,.T.);
#4482=ORIENTED_EDGE('',*,*,#3339,.F.);
#4483=ORIENTED_EDGE('',*,*,#3342,.T.);
#4484=ORIENTED_EDGE('',*,*,#3343,.T.);
#4485=ORIENTED_EDGE('',*,*,#3052,.T.);
#4486=ORIENTED_EDGE('',*,*,#3341,.F.);
#4487=ORIENTED_EDGE('',*,*,#3344,.T.);
#4488=ORIENTED_EDGE('',*,*,#3345,.T.);
#4489=ORIENTED_EDGE('',*,*,#3053,.T.);
#4490=ORIENTED_EDGE('',*,*,#3343,.F.);
#4491=ORIENTED_EDGE('',*,*,#3346,.T.);
#4492=ORIENTED_EDGE('',*,*,#3347,.T.);
#4493=ORIENTED_EDGE('',*,*,#3054,.T.);
#4494=ORIENTED_EDGE('',*,*,#3345,.F.);
#4495=ORIENTED_EDGE('',*,*,#3348,.T.);
#4496=ORIENTED_EDGE('',*,*,#3334,.F.);
#4497=ORIENTED_EDGE('',*,*,#3055,.T.);
#4498=ORIENTED_EDGE('',*,*,#3347,.F.);
#4499=ORIENTED_EDGE('',*,*,#3349,.T.);
#4500=ORIENTED_EDGE('',*,*,#3342,.F.);
#4501=ORIENTED_EDGE('',*,*,#3350,.T.);
#4502=ORIENTED_EDGE('',*,*,#3351,.F.);
#4503=ORIENTED_EDGE('',*,*,#3352,.F.);
#4504=ORIENTED_EDGE('',*,*,#3340,.F.);
#4505=ORIENTED_EDGE('',*,*,#3353,.T.);
#4506=ORIENTED_EDGE('',*,*,#3354,.F.);
#4507=ORIENTED_EDGE('',*,*,#3350,.F.);
#4508=ORIENTED_EDGE('',*,*,#3338,.F.);
#4509=ORIENTED_EDGE('',*,*,#3355,.T.);
#4510=ORIENTED_EDGE('',*,*,#3356,.F.);
#4511=ORIENTED_EDGE('',*,*,#3353,.F.);
#4512=ORIENTED_EDGE('',*,*,#3335,.F.);
#4513=ORIENTED_EDGE('',*,*,#3357,.T.);
#4514=ORIENTED_EDGE('',*,*,#3358,.F.);
#4515=ORIENTED_EDGE('',*,*,#3355,.F.);
#4516=ORIENTED_EDGE('',*,*,#3359,.T.);
#4517=ORIENTED_EDGE('',*,*,#3354,.T.);
#4518=ORIENTED_EDGE('',*,*,#3360,.T.);
#4519=ORIENTED_EDGE('',*,*,#3155,.T.);
#4520=ORIENTED_EDGE('',*,*,#3361,.T.);
#4521=ORIENTED_EDGE('',*,*,#3156,.T.);
#4522=ORIENTED_EDGE('',*,*,#3360,.F.);
#4523=ORIENTED_EDGE('',*,*,#3356,.T.);
#4524=ORIENTED_EDGE('',*,*,#3362,.T.);
#4525=ORIENTED_EDGE('',*,*,#3157,.T.);
#4526=ORIENTED_EDGE('',*,*,#3361,.F.);
#4527=ORIENTED_EDGE('',*,*,#3358,.T.);
#4528=ORIENTED_EDGE('',*,*,#3363,.T.);
#4529=ORIENTED_EDGE('',*,*,#3158,.T.);
#4530=ORIENTED_EDGE('',*,*,#3362,.F.);
#4531=ORIENTED_EDGE('',*,*,#3364,.T.);
#4532=ORIENTED_EDGE('',*,*,#3365,.T.);
#4533=ORIENTED_EDGE('',*,*,#3159,.T.);
#4534=ORIENTED_EDGE('',*,*,#3363,.F.);
#4535=ORIENTED_EDGE('',*,*,#3366,.T.);
#4536=ORIENTED_EDGE('',*,*,#3367,.T.);
#4537=ORIENTED_EDGE('',*,*,#3160,.T.);
#4538=ORIENTED_EDGE('',*,*,#3365,.F.);
#4539=ORIENTED_EDGE('',*,*,#3368,.T.);
#4540=ORIENTED_EDGE('',*,*,#3369,.T.);
#4541=ORIENTED_EDGE('',*,*,#3161,.T.);
#4542=ORIENTED_EDGE('',*,*,#3367,.F.);
#4543=ORIENTED_EDGE('',*,*,#3370,.T.);
#4544=ORIENTED_EDGE('',*,*,#3359,.F.);
#4545=ORIENTED_EDGE('',*,*,#3162,.T.);
#4546=ORIENTED_EDGE('',*,*,#3369,.F.);
#4547=ORIENTED_EDGE('',*,*,#3351,.T.);
#4548=ORIENTED_EDGE('',*,*,#3349,.F.);
#4549=ORIENTED_EDGE('',*,*,#3371,.T.);
#4550=ORIENTED_EDGE('',*,*,#3364,.F.);
#4551=ORIENTED_EDGE('',*,*,#3357,.F.);
#4552=ORIENTED_EDGE('',*,*,#3012,.F.);
#4553=ORIENTED_EDGE('',*,*,#3372,.T.);
#4554=ORIENTED_EDGE('',*,*,#3119,.F.);
#4555=ORIENTED_EDGE('',*,*,#3372,.F.);
#4556=ORIENTED_EDGE('',*,*,#3013,.F.);
#4557=ORIENTED_EDGE('',*,*,#3373,.T.);
#4558=ORIENTED_EDGE('',*,*,#3120,.F.);
#4559=ORIENTED_EDGE('',*,*,#3373,.F.);
#4560=ORIENTED_EDGE('',*,*,#3014,.F.);
#4561=ORIENTED_EDGE('',*,*,#3374,.T.);
#4562=ORIENTED_EDGE('',*,*,#3121,.F.);
#4563=ORIENTED_EDGE('',*,*,#3374,.F.);
#4564=ORIENTED_EDGE('',*,*,#3015,.F.);
#4565=ORIENTED_EDGE('',*,*,#3375,.T.);
#4566=ORIENTED_EDGE('',*,*,#3122,.F.);
#4567=ORIENTED_EDGE('',*,*,#3375,.F.);
#4568=ORIENTED_EDGE('',*,*,#3348,.F.);
#4569=ORIENTED_EDGE('',*,*,#3376,.T.);
#4570=ORIENTED_EDGE('',*,*,#3366,.F.);
#4571=ORIENTED_EDGE('',*,*,#3371,.F.);
#4572=ORIENTED_EDGE('',*,*,#3346,.F.);
#4573=ORIENTED_EDGE('',*,*,#3377,.T.);
#4574=ORIENTED_EDGE('',*,*,#3368,.F.);
#4575=ORIENTED_EDGE('',*,*,#3376,.F.);
#4576=ORIENTED_EDGE('',*,*,#3344,.F.);
#4577=ORIENTED_EDGE('',*,*,#3352,.T.);
#4578=ORIENTED_EDGE('',*,*,#3370,.F.);
#4579=ORIENTED_EDGE('',*,*,#3377,.F.);
#4580=ORIENTED_EDGE('',*,*,#3378,.T.);
#4581=ORIENTED_EDGE('',*,*,#3379,.T.);
#4582=ORIENTED_EDGE('',*,*,#3380,.T.);
#4583=ORIENTED_EDGE('',*,*,#3074,.T.);
#4584=ORIENTED_EDGE('',*,*,#3381,.T.);
#4585=ORIENTED_EDGE('',*,*,#3075,.T.);
#4586=ORIENTED_EDGE('',*,*,#3380,.F.);
#4587=ORIENTED_EDGE('',*,*,#3382,.T.);
#4588=ORIENTED_EDGE('',*,*,#3383,.T.);
#4589=ORIENTED_EDGE('',*,*,#3076,.T.);
#4590=ORIENTED_EDGE('',*,*,#3381,.F.);
#4591=ORIENTED_EDGE('',*,*,#3384,.T.);
#4592=ORIENTED_EDGE('',*,*,#3385,.T.);
#4593=ORIENTED_EDGE('',*,*,#3077,.T.);
#4594=ORIENTED_EDGE('',*,*,#3383,.F.);
#4595=ORIENTED_EDGE('',*,*,#3386,.T.);
#4596=ORIENTED_EDGE('',*,*,#3387,.T.);
#4597=ORIENTED_EDGE('',*,*,#3078,.T.);
#4598=ORIENTED_EDGE('',*,*,#3385,.F.);
#4599=ORIENTED_EDGE('',*,*,#3388,.T.);
#4600=ORIENTED_EDGE('',*,*,#3389,.T.);
#4601=ORIENTED_EDGE('',*,*,#3079,.T.);
#4602=ORIENTED_EDGE('',*,*,#3387,.F.);
#4603=ORIENTED_EDGE('',*,*,#3390,.T.);
#4604=ORIENTED_EDGE('',*,*,#3391,.T.);
#4605=ORIENTED_EDGE('',*,*,#3080,.T.);
#4606=ORIENTED_EDGE('',*,*,#3389,.F.);
#4607=ORIENTED_EDGE('',*,*,#3392,.T.);
#4608=ORIENTED_EDGE('',*,*,#3391,.F.);
#4609=ORIENTED_EDGE('',*,*,#3393,.T.);
#4610=ORIENTED_EDGE('',*,*,#3378,.F.);
#4611=ORIENTED_EDGE('',*,*,#3081,.T.);
#4612=ORIENTED_EDGE('',*,*,#3386,.F.);
#4613=ORIENTED_EDGE('',*,*,#3394,.T.);
#4614=ORIENTED_EDGE('',*,*,#3395,.F.);
#4615=ORIENTED_EDGE('',*,*,#3396,.T.);
#4616=ORIENTED_EDGE('',*,*,#3384,.F.);
#4617=ORIENTED_EDGE('',*,*,#3397,.F.);
#4618=ORIENTED_EDGE('',*,*,#3398,.F.);
#4619=ORIENTED_EDGE('',*,*,#3394,.F.);
#4620=ORIENTED_EDGE('',*,*,#3382,.F.);
#4621=ORIENTED_EDGE('',*,*,#3399,.T.);
#4622=ORIENTED_EDGE('',*,*,#3400,.F.);
#4623=ORIENTED_EDGE('',*,*,#3397,.T.);
#4624=ORIENTED_EDGE('',*,*,#3379,.F.);
#4625=ORIENTED_EDGE('',*,*,#3401,.F.);
#4626=ORIENTED_EDGE('',*,*,#3402,.F.);
#4627=ORIENTED_EDGE('',*,*,#3399,.F.);
#4628=ORIENTED_EDGE('',*,*,#3403,.T.);
#4629=ORIENTED_EDGE('',*,*,#3398,.T.);
#4630=ORIENTED_EDGE('',*,*,#3404,.T.);
#4631=ORIENTED_EDGE('',*,*,#2967,.T.);
#4632=ORIENTED_EDGE('',*,*,#3405,.T.);
#4633=ORIENTED_EDGE('',*,*,#2968,.T.);
#4634=ORIENTED_EDGE('',*,*,#3404,.F.);
#4635=ORIENTED_EDGE('',*,*,#3400,.T.);
#4636=ORIENTED_EDGE('',*,*,#3406,.T.);
#4637=ORIENTED_EDGE('',*,*,#2969,.T.);
#4638=ORIENTED_EDGE('',*,*,#3405,.F.);
#4639=ORIENTED_EDGE('',*,*,#3402,.T.);
#4640=ORIENTED_EDGE('',*,*,#3407,.T.);
#4641=ORIENTED_EDGE('',*,*,#2970,.T.);
#4642=ORIENTED_EDGE('',*,*,#3406,.F.);
#4643=ORIENTED_EDGE('',*,*,#3408,.T.);
#4644=ORIENTED_EDGE('',*,*,#3409,.T.);
#4645=ORIENTED_EDGE('',*,*,#2971,.T.);
#4646=ORIENTED_EDGE('',*,*,#3407,.F.);
#4647=ORIENTED_EDGE('',*,*,#3410,.T.);
#4648=ORIENTED_EDGE('',*,*,#3411,.T.);
#4649=ORIENTED_EDGE('',*,*,#2972,.T.);
#4650=ORIENTED_EDGE('',*,*,#3409,.F.);
#4651=ORIENTED_EDGE('',*,*,#3412,.T.);
#4652=ORIENTED_EDGE('',*,*,#3413,.T.);
#4653=ORIENTED_EDGE('',*,*,#2973,.T.);
#4654=ORIENTED_EDGE('',*,*,#3411,.F.);
#4655=ORIENTED_EDGE('',*,*,#3414,.T.);
#4656=ORIENTED_EDGE('',*,*,#3413,.F.);
#4657=ORIENTED_EDGE('',*,*,#3395,.T.);
#4658=ORIENTED_EDGE('',*,*,#3403,.F.);
#4659=ORIENTED_EDGE('',*,*,#2974,.T.);
#4660=ORIENTED_EDGE('',*,*,#3393,.F.);
#4661=ORIENTED_EDGE('',*,*,#3415,.T.);
#4662=ORIENTED_EDGE('',*,*,#3408,.F.);
#4663=ORIENTED_EDGE('',*,*,#3401,.T.);
#4664=ORIENTED_EDGE('',*,*,#3416,.T.);
#4665=ORIENTED_EDGE('',*,*,#3417,.T.);
#4666=ORIENTED_EDGE('',*,*,#3418,.T.);
#4667=ORIENTED_EDGE('',*,*,#3123,.T.);
#4668=ORIENTED_EDGE('',*,*,#3419,.T.);
#4669=ORIENTED_EDGE('',*,*,#3124,.T.);
#4670=ORIENTED_EDGE('',*,*,#3418,.F.);
#4671=ORIENTED_EDGE('',*,*,#3420,.T.);
#4672=ORIENTED_EDGE('',*,*,#3421,.T.);
#4673=ORIENTED_EDGE('',*,*,#3125,.T.);
#4674=ORIENTED_EDGE('',*,*,#3419,.F.);
#4675=ORIENTED_EDGE('',*,*,#3422,.T.);
#4676=ORIENTED_EDGE('',*,*,#3423,.T.);
#4677=ORIENTED_EDGE('',*,*,#3126,.T.);
#4678=ORIENTED_EDGE('',*,*,#3421,.F.);
#4679=ORIENTED_EDGE('',*,*,#3424,.T.);
#4680=ORIENTED_EDGE('',*,*,#3425,.T.);
#4681=ORIENTED_EDGE('',*,*,#3127,.T.);
#4682=ORIENTED_EDGE('',*,*,#3423,.F.);
#4683=ORIENTED_EDGE('',*,*,#3426,.T.);
#4684=ORIENTED_EDGE('',*,*,#3427,.T.);
#4685=ORIENTED_EDGE('',*,*,#3128,.T.);
#4686=ORIENTED_EDGE('',*,*,#3425,.F.);
#4687=ORIENTED_EDGE('',*,*,#3428,.T.);
#4688=ORIENTED_EDGE('',*,*,#3429,.T.);
#4689=ORIENTED_EDGE('',*,*,#3129,.T.);
#4690=ORIENTED_EDGE('',*,*,#3427,.F.);
#4691=ORIENTED_EDGE('',*,*,#3430,.T.);
#4692=ORIENTED_EDGE('',*,*,#3416,.F.);
#4693=ORIENTED_EDGE('',*,*,#3130,.T.);
#4694=ORIENTED_EDGE('',*,*,#3429,.F.);
#4695=ORIENTED_EDGE('',*,*,#3431,.T.);
#4696=ORIENTED_EDGE('',*,*,#3424,.F.);
#4697=ORIENTED_EDGE('',*,*,#3432,.F.);
#4698=ORIENTED_EDGE('',*,*,#3433,.F.);
#4699=ORIENTED_EDGE('',*,*,#3434,.T.);
#4700=ORIENTED_EDGE('',*,*,#3422,.F.);
#4701=ORIENTED_EDGE('',*,*,#3435,.F.);
#4702=ORIENTED_EDGE('',*,*,#3436,.F.);
#4703=ORIENTED_EDGE('',*,*,#3432,.T.);
#4704=ORIENTED_EDGE('',*,*,#3420,.F.);
#4705=ORIENTED_EDGE('',*,*,#3437,.F.);
#4706=ORIENTED_EDGE('',*,*,#3438,.F.);
#4707=ORIENTED_EDGE('',*,*,#3435,.T.);
#4708=ORIENTED_EDGE('',*,*,#3417,.F.);
#4709=ORIENTED_EDGE('',*,*,#3439,.F.);
#4710=ORIENTED_EDGE('',*,*,#3440,.F.);
#4711=ORIENTED_EDGE('',*,*,#3437,.T.);
#4712=ORIENTED_EDGE('',*,*,#3441,.T.);
#4713=ORIENTED_EDGE('',*,*,#3442,.T.);
#4714=ORIENTED_EDGE('',*,*,#3443,.T.);
#4715=ORIENTED_EDGE('',*,*,#3016,.T.);
#4716=ORIENTED_EDGE('',*,*,#3444,.T.);
#4717=ORIENTED_EDGE('',*,*,#3017,.T.);
#4718=ORIENTED_EDGE('',*,*,#3443,.F.);
#4719=ORIENTED_EDGE('',*,*,#3445,.T.);
#4720=ORIENTED_EDGE('',*,*,#3446,.T.);
#4721=ORIENTED_EDGE('',*,*,#3018,.T.);
#4722=ORIENTED_EDGE('',*,*,#3444,.F.);
#4723=ORIENTED_EDGE('',*,*,#3447,.T.);
#4724=ORIENTED_EDGE('',*,*,#3448,.T.);
#4725=ORIENTED_EDGE('',*,*,#3019,.T.);
#4726=ORIENTED_EDGE('',*,*,#3446,.F.);
#4727=ORIENTED_EDGE('',*,*,#3433,.T.);
#4728=ORIENTED_EDGE('',*,*,#3449,.T.);
#4729=ORIENTED_EDGE('',*,*,#3020,.T.);
#4730=ORIENTED_EDGE('',*,*,#3448,.F.);
#4731=ORIENTED_EDGE('',*,*,#3436,.T.);
#4732=ORIENTED_EDGE('',*,*,#3450,.T.);
#4733=ORIENTED_EDGE('',*,*,#3021,.T.);
#4734=ORIENTED_EDGE('',*,*,#3449,.F.);
#4735=ORIENTED_EDGE('',*,*,#3438,.T.);
#4736=ORIENTED_EDGE('',*,*,#3451,.T.);
#4737=ORIENTED_EDGE('',*,*,#3022,.T.);
#4738=ORIENTED_EDGE('',*,*,#3450,.F.);
#4739=ORIENTED_EDGE('',*,*,#3440,.T.);
#4740=ORIENTED_EDGE('',*,*,#3441,.F.);
#4741=ORIENTED_EDGE('',*,*,#3023,.T.);
#4742=ORIENTED_EDGE('',*,*,#3451,.F.);
#4743=ORIENTED_EDGE('',*,*,#3452,.T.);
#4744=ORIENTED_EDGE('',*,*,#3426,.F.);
#4745=ORIENTED_EDGE('',*,*,#3434,.F.);
#4746=ORIENTED_EDGE('',*,*,#3447,.F.);
#4747=ORIENTED_EDGE('',*,*,#3453,.T.);
#4748=ORIENTED_EDGE('',*,*,#3428,.F.);
#4749=ORIENTED_EDGE('',*,*,#3453,.F.);
#4750=ORIENTED_EDGE('',*,*,#3445,.F.);
#4751=ORIENTED_EDGE('',*,*,#3454,.T.);
#4752=ORIENTED_EDGE('',*,*,#3430,.F.);
#4753=ORIENTED_EDGE('',*,*,#3454,.F.);
#4754=ORIENTED_EDGE('',*,*,#3442,.F.);
#4755=ORIENTED_EDGE('',*,*,#3455,.T.);
#4756=ORIENTED_EDGE('',*,*,#3456,.T.);
#4757=ORIENTED_EDGE('',*,*,#3457,.T.);
#4758=ORIENTED_EDGE('',*,*,#3458,.T.);
#4759=ORIENTED_EDGE('',*,*,#3040,.T.);
#4760=ORIENTED_EDGE('',*,*,#3459,.T.);
#4761=ORIENTED_EDGE('',*,*,#3041,.T.);
#4762=ORIENTED_EDGE('',*,*,#3458,.F.);
#4763=ORIENTED_EDGE('',*,*,#3460,.T.);
#4764=ORIENTED_EDGE('',*,*,#3461,.T.);
#4765=ORIENTED_EDGE('',*,*,#3042,.T.);
#4766=ORIENTED_EDGE('',*,*,#3459,.F.);
#4767=ORIENTED_EDGE('',*,*,#3462,.T.);
#4768=ORIENTED_EDGE('',*,*,#3463,.T.);
#4769=ORIENTED_EDGE('',*,*,#3043,.T.);
#4770=ORIENTED_EDGE('',*,*,#3461,.F.);
#4771=ORIENTED_EDGE('',*,*,#3464,.T.);
#4772=ORIENTED_EDGE('',*,*,#3465,.T.);
#4773=ORIENTED_EDGE('',*,*,#3044,.T.);
#4774=ORIENTED_EDGE('',*,*,#3463,.F.);
#4775=ORIENTED_EDGE('',*,*,#3466,.T.);
#4776=ORIENTED_EDGE('',*,*,#3467,.T.);
#4777=ORIENTED_EDGE('',*,*,#3045,.T.);
#4778=ORIENTED_EDGE('',*,*,#3465,.F.);
#4779=ORIENTED_EDGE('',*,*,#3468,.T.);
#4780=ORIENTED_EDGE('',*,*,#3469,.T.);
#4781=ORIENTED_EDGE('',*,*,#3046,.T.);
#4782=ORIENTED_EDGE('',*,*,#3467,.F.);
#4783=ORIENTED_EDGE('',*,*,#3470,.T.);
#4784=ORIENTED_EDGE('',*,*,#3456,.F.);
#4785=ORIENTED_EDGE('',*,*,#3047,.T.);
#4786=ORIENTED_EDGE('',*,*,#3469,.F.);
#4787=ORIENTED_EDGE('',*,*,#3471,.T.);
#4788=ORIENTED_EDGE('',*,*,#3464,.F.);
#4789=ORIENTED_EDGE('',*,*,#3472,.T.);
#4790=ORIENTED_EDGE('',*,*,#3473,.F.);
#4791=ORIENTED_EDGE('',*,*,#3474,.F.);
#4792=ORIENTED_EDGE('',*,*,#3462,.F.);
#4793=ORIENTED_EDGE('',*,*,#3475,.T.);
#4794=ORIENTED_EDGE('',*,*,#3476,.F.);
#4795=ORIENTED_EDGE('',*,*,#3472,.F.);
#4796=ORIENTED_EDGE('',*,*,#3460,.F.);
#4797=ORIENTED_EDGE('',*,*,#3477,.T.);
#4798=ORIENTED_EDGE('',*,*,#3478,.F.);
#4799=ORIENTED_EDGE('',*,*,#3475,.F.);
#4800=ORIENTED_EDGE('',*,*,#3457,.F.);
#4801=ORIENTED_EDGE('',*,*,#3479,.T.);
#4802=ORIENTED_EDGE('',*,*,#3480,.F.);
#4803=ORIENTED_EDGE('',*,*,#3477,.F.);
#4804=ORIENTED_EDGE('',*,*,#3481,.T.);
#4805=ORIENTED_EDGE('',*,*,#3482,.T.);
#4806=ORIENTED_EDGE('',*,*,#3483,.T.);
#4807=ORIENTED_EDGE('',*,*,#3147,.T.);
#4808=ORIENTED_EDGE('',*,*,#3484,.T.);
#4809=ORIENTED_EDGE('',*,*,#3148,.T.);
#4810=ORIENTED_EDGE('',*,*,#3483,.F.);
#4811=ORIENTED_EDGE('',*,*,#3485,.T.);
#4812=ORIENTED_EDGE('',*,*,#3486,.T.);
#4813=ORIENTED_EDGE('',*,*,#3149,.T.);
#4814=ORIENTED_EDGE('',*,*,#3484,.F.);
#4815=ORIENTED_EDGE('',*,*,#3473,.T.);
#4816=ORIENTED_EDGE('',*,*,#3487,.T.);
#4817=ORIENTED_EDGE('',*,*,#3150,.T.);
#4818=ORIENTED_EDGE('',*,*,#3486,.F.);
#4819=ORIENTED_EDGE('',*,*,#3476,.T.);
#4820=ORIENTED_EDGE('',*,*,#3488,.T.);
#4821=ORIENTED_EDGE('',*,*,#3151,.T.);
#4822=ORIENTED_EDGE('',*,*,#3487,.F.);
#4823=ORIENTED_EDGE('',*,*,#3478,.T.);
#4824=ORIENTED_EDGE('',*,*,#3489,.T.);
#4825=ORIENTED_EDGE('',*,*,#3152,.T.);
#4826=ORIENTED_EDGE('',*,*,#3488,.F.);
#4827=ORIENTED_EDGE('',*,*,#3480,.T.);
#4828=ORIENTED_EDGE('',*,*,#3490,.T.);
#4829=ORIENTED_EDGE('',*,*,#3153,.T.);
#4830=ORIENTED_EDGE('',*,*,#3489,.F.);
#4831=ORIENTED_EDGE('',*,*,#3491,.T.);
#4832=ORIENTED_EDGE('',*,*,#3481,.F.);
#4833=ORIENTED_EDGE('',*,*,#3154,.T.);
#4834=ORIENTED_EDGE('',*,*,#3490,.F.);
#4835=ORIENTED_EDGE('',*,*,#3492,.T.);
#4836=ORIENTED_EDGE('',*,*,#3466,.F.);
#4837=ORIENTED_EDGE('',*,*,#3474,.T.);
#4838=ORIENTED_EDGE('',*,*,#3485,.F.);
#4839=ORIENTED_EDGE('',*,*,#3493,.F.);
#4840=ORIENTED_EDGE('',*,*,#3468,.F.);
#4841=ORIENTED_EDGE('',*,*,#3493,.T.);
#4842=ORIENTED_EDGE('',*,*,#3482,.F.);
#4843=ORIENTED_EDGE('',*,*,#3494,.F.);
#4844=ORIENTED_EDGE('',*,*,#3495,.T.);
#4845=ORIENTED_EDGE('',*,*,#3496,.T.);
#4846=ORIENTED_EDGE('',*,*,#3497,.T.);
#4847=ORIENTED_EDGE('',*,*,#3131,.T.);
#4848=ORIENTED_EDGE('',*,*,#3498,.T.);
#4849=ORIENTED_EDGE('',*,*,#3132,.T.);
#4850=ORIENTED_EDGE('',*,*,#3497,.F.);
#4851=ORIENTED_EDGE('',*,*,#3499,.T.);
#4852=ORIENTED_EDGE('',*,*,#3500,.T.);
#4853=ORIENTED_EDGE('',*,*,#3133,.T.);
#4854=ORIENTED_EDGE('',*,*,#3498,.F.);
#4855=ORIENTED_EDGE('',*,*,#3501,.T.);
#4856=ORIENTED_EDGE('',*,*,#3502,.T.);
#4857=ORIENTED_EDGE('',*,*,#3134,.T.);
#4858=ORIENTED_EDGE('',*,*,#3500,.F.);
#4859=ORIENTED_EDGE('',*,*,#3503,.T.);
#4860=ORIENTED_EDGE('',*,*,#3504,.T.);
#4861=ORIENTED_EDGE('',*,*,#3135,.T.);
#4862=ORIENTED_EDGE('',*,*,#3502,.F.);
#4863=ORIENTED_EDGE('',*,*,#3505,.T.);
#4864=ORIENTED_EDGE('',*,*,#3506,.T.);
#4865=ORIENTED_EDGE('',*,*,#3136,.T.);
#4866=ORIENTED_EDGE('',*,*,#3504,.F.);
#4867=ORIENTED_EDGE('',*,*,#3507,.T.);
#4868=ORIENTED_EDGE('',*,*,#3508,.T.);
#4869=ORIENTED_EDGE('',*,*,#3137,.T.);
#4870=ORIENTED_EDGE('',*,*,#3506,.F.);
#4871=ORIENTED_EDGE('',*,*,#3509,.T.);
#4872=ORIENTED_EDGE('',*,*,#3495,.F.);
#4873=ORIENTED_EDGE('',*,*,#3138,.T.);
#4874=ORIENTED_EDGE('',*,*,#3508,.F.);
#4875=ORIENTED_EDGE('',*,*,#3510,.T.);
#4876=ORIENTED_EDGE('',*,*,#3503,.F.);
#4877=ORIENTED_EDGE('',*,*,#3511,.F.);
#4878=ORIENTED_EDGE('',*,*,#3512,.F.);
#4879=ORIENTED_EDGE('',*,*,#3513,.T.);
#4880=ORIENTED_EDGE('',*,*,#3501,.F.);
#4881=ORIENTED_EDGE('',*,*,#3514,.F.);
#4882=ORIENTED_EDGE('',*,*,#3515,.F.);
#4883=ORIENTED_EDGE('',*,*,#3511,.T.);
#4884=ORIENTED_EDGE('',*,*,#3499,.F.);
#4885=ORIENTED_EDGE('',*,*,#3516,.F.);
#4886=ORIENTED_EDGE('',*,*,#3517,.F.);
#4887=ORIENTED_EDGE('',*,*,#3514,.T.);
#4888=ORIENTED_EDGE('',*,*,#3496,.F.);
#4889=ORIENTED_EDGE('',*,*,#3518,.F.);
#4890=ORIENTED_EDGE('',*,*,#3519,.F.);
#4891=ORIENTED_EDGE('',*,*,#3516,.T.);
#4892=ORIENTED_EDGE('',*,*,#3520,.T.);
#4893=ORIENTED_EDGE('',*,*,#3512,.T.);
#4894=ORIENTED_EDGE('',*,*,#3521,.T.);
#4895=ORIENTED_EDGE('',*,*,#3024,.T.);
#4896=ORIENTED_EDGE('',*,*,#3522,.T.);
#4897=ORIENTED_EDGE('',*,*,#3025,.T.);
#4898=ORIENTED_EDGE('',*,*,#3521,.F.);
#4899=ORIENTED_EDGE('',*,*,#3515,.T.);
#4900=ORIENTED_EDGE('',*,*,#3523,.T.);
#4901=ORIENTED_EDGE('',*,*,#3026,.T.);
#4902=ORIENTED_EDGE('',*,*,#3522,.F.);
#4903=ORIENTED_EDGE('',*,*,#3517,.T.);
#4904=ORIENTED_EDGE('',*,*,#3524,.T.);
#4905=ORIENTED_EDGE('',*,*,#3027,.T.);
#4906=ORIENTED_EDGE('',*,*,#3523,.F.);
#4907=ORIENTED_EDGE('',*,*,#3519,.T.);
#4908=ORIENTED_EDGE('',*,*,#3525,.T.);
#4909=ORIENTED_EDGE('',*,*,#3028,.T.);
#4910=ORIENTED_EDGE('',*,*,#3524,.F.);
#4911=ORIENTED_EDGE('',*,*,#3526,.T.);
#4912=ORIENTED_EDGE('',*,*,#3527,.T.);
#4913=ORIENTED_EDGE('',*,*,#3029,.T.);
#4914=ORIENTED_EDGE('',*,*,#3525,.F.);
#4915=ORIENTED_EDGE('',*,*,#3528,.T.);
#4916=ORIENTED_EDGE('',*,*,#3529,.T.);
#4917=ORIENTED_EDGE('',*,*,#3030,.T.);
#4918=ORIENTED_EDGE('',*,*,#3527,.F.);
#4919=ORIENTED_EDGE('',*,*,#3530,.T.);
#4920=ORIENTED_EDGE('',*,*,#3520,.F.);
#4921=ORIENTED_EDGE('',*,*,#3031,.T.);
#4922=ORIENTED_EDGE('',*,*,#3529,.F.);
#4923=ORIENTED_EDGE('',*,*,#3531,.T.);
#4924=ORIENTED_EDGE('',*,*,#3532,.T.);
#4925=ORIENTED_EDGE('',*,*,#3533,.T.);
#4926=ORIENTED_EDGE('',*,*,#3534,.T.);
#4927=ORIENTED_EDGE('',*,*,#3139,.T.);
#4928=ORIENTED_EDGE('',*,*,#3535,.T.);
#4929=ORIENTED_EDGE('',*,*,#3140,.T.);
#4930=ORIENTED_EDGE('',*,*,#3534,.F.);
#4931=ORIENTED_EDGE('',*,*,#3536,.T.);
#4932=ORIENTED_EDGE('',*,*,#3537,.T.);
#4933=ORIENTED_EDGE('',*,*,#3141,.T.);
#4934=ORIENTED_EDGE('',*,*,#3535,.F.);
#4935=ORIENTED_EDGE('',*,*,#3538,.T.);
#4936=ORIENTED_EDGE('',*,*,#3539,.T.);
#4937=ORIENTED_EDGE('',*,*,#3142,.T.);
#4938=ORIENTED_EDGE('',*,*,#3537,.F.);
#4939=ORIENTED_EDGE('',*,*,#3540,.T.);
#4940=ORIENTED_EDGE('',*,*,#3541,.T.);
#4941=ORIENTED_EDGE('',*,*,#3143,.T.);
#4942=ORIENTED_EDGE('',*,*,#3539,.F.);
#4943=ORIENTED_EDGE('',*,*,#3542,.T.);
#4944=ORIENTED_EDGE('',*,*,#3543,.T.);
#4945=ORIENTED_EDGE('',*,*,#3144,.T.);
#4946=ORIENTED_EDGE('',*,*,#3541,.F.);
#4947=ORIENTED_EDGE('',*,*,#3544,.T.);
#4948=ORIENTED_EDGE('',*,*,#3545,.T.);
#4949=ORIENTED_EDGE('',*,*,#3145,.T.);
#4950=ORIENTED_EDGE('',*,*,#3543,.F.);
#4951=ORIENTED_EDGE('',*,*,#3546,.T.);
#4952=ORIENTED_EDGE('',*,*,#3532,.F.);
#4953=ORIENTED_EDGE('',*,*,#3146,.T.);
#4954=ORIENTED_EDGE('',*,*,#3545,.F.);
#4955=ORIENTED_EDGE('',*,*,#3547,.T.);
#4956=ORIENTED_EDGE('',*,*,#3540,.F.);
#4957=ORIENTED_EDGE('',*,*,#3548,.F.);
#4958=ORIENTED_EDGE('',*,*,#3549,.F.);
#4959=ORIENTED_EDGE('',*,*,#3550,.T.);
#4960=ORIENTED_EDGE('',*,*,#3538,.F.);
#4961=ORIENTED_EDGE('',*,*,#3551,.F.);
#4962=ORIENTED_EDGE('',*,*,#3552,.F.);
#4963=ORIENTED_EDGE('',*,*,#3548,.T.);
#4964=ORIENTED_EDGE('',*,*,#3536,.F.);
#4965=ORIENTED_EDGE('',*,*,#3553,.F.);
#4966=ORIENTED_EDGE('',*,*,#3554,.F.);
#4967=ORIENTED_EDGE('',*,*,#3551,.T.);
#4968=ORIENTED_EDGE('',*,*,#3533,.F.);
#4969=ORIENTED_EDGE('',*,*,#3555,.F.);
#4970=ORIENTED_EDGE('',*,*,#3556,.F.);
#4971=ORIENTED_EDGE('',*,*,#3553,.T.);
#4972=ORIENTED_EDGE('',*,*,#3557,.T.);
#4973=ORIENTED_EDGE('',*,*,#3558,.T.);
#4974=ORIENTED_EDGE('',*,*,#3559,.T.);
#4975=ORIENTED_EDGE('',*,*,#3032,.T.);
#4976=ORIENTED_EDGE('',*,*,#3560,.T.);
#4977=ORIENTED_EDGE('',*,*,#3033,.T.);
#4978=ORIENTED_EDGE('',*,*,#3559,.F.);
#4979=ORIENTED_EDGE('',*,*,#3549,.T.);
#4980=ORIENTED_EDGE('',*,*,#3561,.T.);
#4981=ORIENTED_EDGE('',*,*,#3034,.T.);
#4982=ORIENTED_EDGE('',*,*,#3560,.F.);
#4983=ORIENTED_EDGE('',*,*,#3552,.T.);
#4984=ORIENTED_EDGE('',*,*,#3562,.T.);
#4985=ORIENTED_EDGE('',*,*,#3035,.T.);
#4986=ORIENTED_EDGE('',*,*,#3561,.F.);
#4987=ORIENTED_EDGE('',*,*,#3554,.T.);
#4988=ORIENTED_EDGE('',*,*,#3563,.T.);
#4989=ORIENTED_EDGE('',*,*,#3036,.T.);
#4990=ORIENTED_EDGE('',*,*,#3562,.F.);
#4991=ORIENTED_EDGE('',*,*,#3556,.T.);
#4992=ORIENTED_EDGE('',*,*,#3564,.T.);
#4993=ORIENTED_EDGE('',*,*,#3037,.T.);
#4994=ORIENTED_EDGE('',*,*,#3563,.F.);
#4995=ORIENTED_EDGE('',*,*,#3565,.T.);
#4996=ORIENTED_EDGE('',*,*,#3566,.T.);
#4997=ORIENTED_EDGE('',*,*,#3038,.T.);
#4998=ORIENTED_EDGE('',*,*,#3564,.F.);
#4999=ORIENTED_EDGE('',*,*,#3567,.T.);
#5000=ORIENTED_EDGE('',*,*,#3557,.F.);
#5001=ORIENTED_EDGE('',*,*,#3039,.T.);
#5002=ORIENTED_EDGE('',*,*,#3566,.F.);
#5003=ORIENTED_EDGE('',*,*,#3568,.T.);
#5004=ORIENTED_EDGE('',*,*,#3542,.F.);
#5005=ORIENTED_EDGE('',*,*,#3550,.F.);
#5006=ORIENTED_EDGE('',*,*,#3558,.F.);
#5007=ORIENTED_EDGE('',*,*,#3569,.T.);
#5008=ORIENTED_EDGE('',*,*,#3390,.F.);
#5009=ORIENTED_EDGE('',*,*,#3570,.T.);
#5010=ORIENTED_EDGE('',*,*,#3412,.F.);
#5011=ORIENTED_EDGE('',*,*,#3571,.T.);
#5012=ORIENTED_EDGE('',*,*,#3392,.F.);
#5013=ORIENTED_EDGE('',*,*,#3571,.F.);
#5014=ORIENTED_EDGE('',*,*,#3410,.F.);
#5015=ORIENTED_EDGE('',*,*,#3415,.F.);
#5016=ORIENTED_EDGE('',*,*,#3471,.F.);
#5017=ORIENTED_EDGE('',*,*,#3572,.T.);
#5018=ORIENTED_EDGE('',*,*,#3491,.F.);
#5019=ORIENTED_EDGE('',*,*,#3479,.F.);
#5020=ORIENTED_EDGE('',*,*,#3470,.F.);
#5021=ORIENTED_EDGE('',*,*,#3494,.T.);
#5022=ORIENTED_EDGE('',*,*,#3492,.F.);
#5023=ORIENTED_EDGE('',*,*,#3572,.F.);
#5024=ORIENTED_EDGE('',*,*,#3510,.F.);
#5025=ORIENTED_EDGE('',*,*,#3573,.F.);
#5026=ORIENTED_EDGE('',*,*,#3526,.F.);
#5027=ORIENTED_EDGE('',*,*,#3518,.T.);
#5028=ORIENTED_EDGE('',*,*,#3505,.F.);
#5029=ORIENTED_EDGE('',*,*,#3513,.F.);
#5030=ORIENTED_EDGE('',*,*,#3531,.F.);
#5031=ORIENTED_EDGE('',*,*,#3574,.T.);
#5032=ORIENTED_EDGE('',*,*,#3507,.F.);
#5033=ORIENTED_EDGE('',*,*,#3574,.F.);
#5034=ORIENTED_EDGE('',*,*,#3530,.F.);
#5035=ORIENTED_EDGE('',*,*,#3575,.T.);
#5036=ORIENTED_EDGE('',*,*,#3509,.F.);
#5037=ORIENTED_EDGE('',*,*,#3575,.F.);
#5038=ORIENTED_EDGE('',*,*,#3528,.F.);
#5039=ORIENTED_EDGE('',*,*,#3573,.T.);
#5040=ORIENTED_EDGE('',*,*,#3431,.F.);
#5041=ORIENTED_EDGE('',*,*,#3455,.F.);
#5042=ORIENTED_EDGE('',*,*,#3452,.F.);
#5043=ORIENTED_EDGE('',*,*,#3439,.T.);
#5044=ORIENTED_EDGE('',*,*,#3544,.F.);
#5045=ORIENTED_EDGE('',*,*,#3569,.F.);
#5046=ORIENTED_EDGE('',*,*,#3568,.F.);
#5047=ORIENTED_EDGE('',*,*,#3576,.T.);
#5048=ORIENTED_EDGE('',*,*,#3546,.F.);
#5049=ORIENTED_EDGE('',*,*,#3576,.F.);
#5050=ORIENTED_EDGE('',*,*,#3567,.F.);
#5051=ORIENTED_EDGE('',*,*,#3577,.T.);
#5052=ORIENTED_EDGE('',*,*,#3547,.F.);
#5053=ORIENTED_EDGE('',*,*,#3577,.F.);
#5054=ORIENTED_EDGE('',*,*,#3565,.F.);
#5055=ORIENTED_EDGE('',*,*,#3555,.T.);
#5056=ORIENTED_EDGE('',*,*,#3388,.F.);
#5057=ORIENTED_EDGE('',*,*,#3396,.F.);
#5058=ORIENTED_EDGE('',*,*,#3414,.F.);
#5059=ORIENTED_EDGE('',*,*,#3570,.F.);
#5060=ORIENTED_EDGE('',*,*,#3578,.F.);
#5061=ORIENTED_EDGE('',*,*,#3579,.T.);
#5062=ORIENTED_EDGE('',*,*,#3580,.F.);
#5063=ORIENTED_EDGE('',*,*,#3579,.F.);
#5064=ORIENTED_EDGE('',*,*,#3581,.F.);
#5065=ORIENTED_EDGE('',*,*,#3582,.T.);
#5066=ORIENTED_EDGE('',*,*,#3583,.F.);
#5067=ORIENTED_EDGE('',*,*,#3582,.F.);
#5068=ORIENTED_EDGE('',*,*,#3584,.F.);
#5069=ORIENTED_EDGE('',*,*,#3585,.T.);
#5070=ORIENTED_EDGE('',*,*,#3586,.F.);
#5071=ORIENTED_EDGE('',*,*,#3587,.F.);
#5072=ORIENTED_EDGE('',*,*,#3588,.F.);
#5073=ORIENTED_EDGE('',*,*,#3587,.T.);
#5074=ORIENTED_EDGE('',*,*,#3589,.F.);
#5075=ORIENTED_EDGE('',*,*,#3590,.F.);
#5076=ORIENTED_EDGE('',*,*,#3591,.F.);
#5077=ORIENTED_EDGE('',*,*,#3590,.T.);
#5078=ORIENTED_EDGE('',*,*,#3592,.F.);
#5079=ORIENTED_EDGE('',*,*,#3593,.F.);
#5080=ORIENTED_EDGE('',*,*,#3592,.T.);
#5081=ORIENTED_EDGE('',*,*,#3589,.T.);
#5082=ORIENTED_EDGE('',*,*,#3586,.T.);
#5083=ORIENTED_EDGE('',*,*,#3594,.T.);
#5084=ORIENTED_EDGE('',*,*,#3584,.T.);
#5085=ORIENTED_EDGE('',*,*,#3588,.T.);
#5086=ORIENTED_EDGE('',*,*,#3591,.T.);
#5087=ORIENTED_EDGE('',*,*,#3595,.T.);
#5088=ORIENTED_EDGE('',*,*,#3596,.T.);
#5089=ORIENTED_EDGE('',*,*,#3597,.T.);
#5090=ORIENTED_EDGE('',*,*,#3598,.T.);
#5091=ORIENTED_EDGE('',*,*,#3599,.T.);
#5092=ORIENTED_EDGE('',*,*,#3600,.T.);
#5093=ORIENTED_EDGE('',*,*,#3601,.T.);
#5094=ORIENTED_EDGE('',*,*,#3602,.T.);
#5095=ORIENTED_EDGE('',*,*,#3603,.T.);
#5096=ORIENTED_EDGE('',*,*,#3578,.T.);
#5097=ORIENTED_EDGE('',*,*,#3581,.T.);
#5098=ORIENTED_EDGE('',*,*,#3598,.F.);
#5099=ORIENTED_EDGE('',*,*,#3604,.T.);
#5100=ORIENTED_EDGE('',*,*,#3605,.F.);
#5101=ORIENTED_EDGE('',*,*,#3606,.F.);
#5102=ORIENTED_EDGE('',*,*,#3599,.F.);
#5103=ORIENTED_EDGE('',*,*,#3606,.T.);
#5104=ORIENTED_EDGE('',*,*,#3607,.F.);
#5105=ORIENTED_EDGE('',*,*,#3608,.F.);
#5106=ORIENTED_EDGE('',*,*,#3600,.F.);
#5107=ORIENTED_EDGE('',*,*,#3608,.T.);
#5108=ORIENTED_EDGE('',*,*,#3609,.F.);
#5109=ORIENTED_EDGE('',*,*,#3610,.F.);
#5110=ORIENTED_EDGE('',*,*,#3609,.T.);
#5111=ORIENTED_EDGE('',*,*,#3607,.T.);
#5112=ORIENTED_EDGE('',*,*,#3605,.T.);
#5113=ORIENTED_EDGE('',*,*,#3611,.T.);
#5114=ORIENTED_EDGE('',*,*,#3612,.T.);
#5115=ORIENTED_EDGE('',*,*,#3613,.T.);
#5116=ORIENTED_EDGE('',*,*,#3614,.T.);
#5117=ORIENTED_EDGE('',*,*,#3615,.T.);
#5118=ORIENTED_EDGE('',*,*,#3580,.T.);
#5119=ORIENTED_EDGE('',*,*,#3583,.T.);
#5120=ORIENTED_EDGE('',*,*,#3616,.T.);
#5121=ORIENTED_EDGE('',*,*,#3613,.F.);
#5122=ORIENTED_EDGE('',*,*,#3617,.F.);
#5123=ORIENTED_EDGE('',*,*,#3601,.F.);
#5124=ORIENTED_EDGE('',*,*,#3610,.T.);
#5125=ORIENTED_EDGE('',*,*,#3611,.F.);
#5126=ORIENTED_EDGE('',*,*,#3604,.F.);
#5127=ORIENTED_EDGE('',*,*,#3597,.F.);
#5128=ORIENTED_EDGE('',*,*,#3618,.T.);
#5129=ORIENTED_EDGE('',*,*,#3614,.F.);
#5130=ORIENTED_EDGE('',*,*,#3616,.F.);
#5131=ORIENTED_EDGE('',*,*,#3596,.F.);
#5132=ORIENTED_EDGE('',*,*,#3619,.T.);
#5133=ORIENTED_EDGE('',*,*,#3615,.F.);
#5134=ORIENTED_EDGE('',*,*,#3618,.F.);
#5135=ORIENTED_EDGE('',*,*,#3595,.F.);
#5136=ORIENTED_EDGE('',*,*,#3593,.T.);
#5137=ORIENTED_EDGE('',*,*,#3594,.F.);
#5138=ORIENTED_EDGE('',*,*,#3585,.F.);
#5139=ORIENTED_EDGE('',*,*,#3603,.F.);
#5140=ORIENTED_EDGE('',*,*,#3617,.T.);
#5141=ORIENTED_EDGE('',*,*,#3612,.F.);
#5142=ORIENTED_EDGE('',*,*,#3619,.F.);
#5143=ORIENTED_EDGE('',*,*,#3602,.F.);
#5144=ORIENTED_EDGE('',*,*,#3620,.F.);
#5145=ORIENTED_EDGE('',*,*,#3621,.T.);
#5146=ORIENTED_EDGE('',*,*,#3622,.T.);
#5147=ORIENTED_EDGE('',*,*,#3621,.F.);
#5148=ORIENTED_EDGE('',*,*,#3622,.F.);
#5149=ORIENTED_EDGE('',*,*,#3623,.F.);
#5150=ORIENTED_EDGE('',*,*,#3624,.T.);
#5151=ORIENTED_EDGE('',*,*,#3625,.T.);
#5152=ORIENTED_EDGE('',*,*,#3624,.F.);
#5153=ORIENTED_EDGE('',*,*,#3625,.F.);
#5154=ORIENTED_EDGE('',*,*,#3626,.F.);
#5155=ORIENTED_EDGE('',*,*,#3627,.T.);
#5156=ORIENTED_EDGE('',*,*,#3628,.T.);
#5157=ORIENTED_EDGE('',*,*,#3627,.F.);
#5158=ORIENTED_EDGE('',*,*,#3628,.F.);
#5159=ORIENTED_EDGE('',*,*,#3629,.F.);
#5160=ORIENTED_EDGE('',*,*,#3630,.T.);
#5161=ORIENTED_EDGE('',*,*,#3631,.T.);
#5162=ORIENTED_EDGE('',*,*,#3630,.F.);
#5163=ORIENTED_EDGE('',*,*,#3631,.F.);
#5164=ORIENTED_EDGE('',*,*,#3632,.T.);
#5165=ORIENTED_EDGE('',*,*,#3633,.T.);
#5166=ORIENTED_EDGE('',*,*,#3634,.T.);
#5167=ORIENTED_EDGE('',*,*,#3635,.T.);
#5168=ORIENTED_EDGE('',*,*,#3636,.T.);
#5169=ORIENTED_EDGE('',*,*,#3637,.T.);
#5170=ORIENTED_EDGE('',*,*,#3638,.T.);
#5171=ORIENTED_EDGE('',*,*,#3639,.T.);
#5172=ORIENTED_EDGE('',*,*,#3620,.T.);
#5173=ORIENTED_EDGE('',*,*,#3623,.T.);
#5174=ORIENTED_EDGE('',*,*,#3626,.T.);
#5175=ORIENTED_EDGE('',*,*,#3629,.T.);
#5176=ORIENTED_EDGE('',*,*,#3640,.T.);
#5177=ORIENTED_EDGE('',*,*,#3637,.F.);
#5178=ORIENTED_EDGE('',*,*,#3641,.F.);
#5179=ORIENTED_EDGE('',*,*,#3635,.F.);
#5180=ORIENTED_EDGE('',*,*,#3642,.T.);
#5181=ORIENTED_EDGE('',*,*,#3638,.F.);
#5182=ORIENTED_EDGE('',*,*,#3640,.F.);
#5183=ORIENTED_EDGE('',*,*,#3634,.F.);
#5184=ORIENTED_EDGE('',*,*,#3643,.T.);
#5185=ORIENTED_EDGE('',*,*,#3639,.F.);
#5186=ORIENTED_EDGE('',*,*,#3642,.F.);
#5187=ORIENTED_EDGE('',*,*,#3633,.F.);
#5188=ORIENTED_EDGE('',*,*,#3641,.T.);
#5189=ORIENTED_EDGE('',*,*,#3636,.F.);
#5190=ORIENTED_EDGE('',*,*,#3643,.F.);
#5191=ORIENTED_EDGE('',*,*,#3632,.F.);
#5192=ORIENTED_EDGE('',*,*,#3644,.F.);
#5193=ORIENTED_EDGE('',*,*,#3645,.T.);
#5194=ORIENTED_EDGE('',*,*,#3646,.T.);
#5195=ORIENTED_EDGE('',*,*,#3645,.F.);
#5196=ORIENTED_EDGE('',*,*,#3647,.F.);
#5197=ORIENTED_EDGE('',*,*,#3648,.T.);
#5198=ORIENTED_EDGE('',*,*,#3649,.T.);
#5199=ORIENTED_EDGE('',*,*,#3648,.F.);
#5200=ORIENTED_EDGE('',*,*,#3650,.F.);
#5201=ORIENTED_EDGE('',*,*,#3651,.T.);
#5202=ORIENTED_EDGE('',*,*,#3652,.T.);
#5203=ORIENTED_EDGE('',*,*,#3651,.F.);
#5204=ORIENTED_EDGE('',*,*,#3653,.F.);
#5205=ORIENTED_EDGE('',*,*,#3654,.T.);
#5206=ORIENTED_EDGE('',*,*,#3655,.T.);
#5207=ORIENTED_EDGE('',*,*,#3654,.F.);
#5208=ORIENTED_EDGE('',*,*,#3656,.T.);
#5209=ORIENTED_EDGE('',*,*,#3657,.T.);
#5210=ORIENTED_EDGE('',*,*,#3658,.F.);
#5211=ORIENTED_EDGE('',*,*,#3659,.F.);
#5212=ORIENTED_EDGE('',*,*,#3660,.T.);
#5213=ORIENTED_EDGE('',*,*,#3659,.T.);
#5214=ORIENTED_EDGE('',*,*,#3661,.F.);
#5215=ORIENTED_EDGE('',*,*,#3662,.F.);
#5216=ORIENTED_EDGE('',*,*,#3663,.T.);
#5217=ORIENTED_EDGE('',*,*,#3662,.T.);
#5218=ORIENTED_EDGE('',*,*,#3664,.F.);
#5219=ORIENTED_EDGE('',*,*,#3665,.F.);
#5220=ORIENTED_EDGE('',*,*,#3666,.T.);
#5221=ORIENTED_EDGE('',*,*,#3665,.T.);
#5222=ORIENTED_EDGE('',*,*,#3667,.F.);
#5223=ORIENTED_EDGE('',*,*,#3657,.F.);
#5224=ORIENTED_EDGE('',*,*,#3667,.T.);
#5225=ORIENTED_EDGE('',*,*,#3664,.T.);
#5226=ORIENTED_EDGE('',*,*,#3661,.T.);
#5227=ORIENTED_EDGE('',*,*,#3658,.T.);
#5228=ORIENTED_EDGE('',*,*,#3653,.T.);
#5229=ORIENTED_EDGE('',*,*,#3650,.T.);
#5230=ORIENTED_EDGE('',*,*,#3647,.T.);
#5231=ORIENTED_EDGE('',*,*,#3644,.T.);
#5232=ORIENTED_EDGE('',*,*,#3666,.F.);
#5233=ORIENTED_EDGE('',*,*,#3656,.F.);
#5234=ORIENTED_EDGE('',*,*,#3660,.F.);
#5235=ORIENTED_EDGE('',*,*,#3663,.F.);
#5236=ORIENTED_EDGE('',*,*,#3655,.F.);
#5237=ORIENTED_EDGE('',*,*,#3652,.F.);
#5238=ORIENTED_EDGE('',*,*,#3649,.F.);
#5239=ORIENTED_EDGE('',*,*,#3646,.F.);
#5240=ORIENTED_EDGE('',*,*,#3668,.F.);
#5241=ORIENTED_EDGE('',*,*,#3669,.T.);
#5242=ORIENTED_EDGE('',*,*,#3670,.F.);
#5243=ORIENTED_EDGE('',*,*,#3669,.F.);
#5244=ORIENTED_EDGE('',*,*,#3671,.F.);
#5245=ORIENTED_EDGE('',*,*,#3672,.T.);
#5246=ORIENTED_EDGE('',*,*,#3673,.F.);
#5247=ORIENTED_EDGE('',*,*,#3672,.F.);
#5248=ORIENTED_EDGE('',*,*,#3674,.F.);
#5249=ORIENTED_EDGE('',*,*,#3675,.T.);
#5250=ORIENTED_EDGE('',*,*,#3676,.F.);
#5251=ORIENTED_EDGE('',*,*,#3675,.F.);
#5252=ORIENTED_EDGE('',*,*,#3677,.F.);
#5253=ORIENTED_EDGE('',*,*,#3678,.T.);
#5254=ORIENTED_EDGE('',*,*,#3679,.F.);
#5255=ORIENTED_EDGE('',*,*,#3678,.F.);
#5256=ORIENTED_EDGE('',*,*,#3680,.T.);
#5257=ORIENTED_EDGE('',*,*,#3681,.T.);
#5258=ORIENTED_EDGE('',*,*,#3682,.T.);
#5259=ORIENTED_EDGE('',*,*,#3683,.T.);
#5260=ORIENTED_EDGE('',*,*,#3668,.T.);
#5261=ORIENTED_EDGE('',*,*,#3671,.T.);
#5262=ORIENTED_EDGE('',*,*,#3674,.T.);
#5263=ORIENTED_EDGE('',*,*,#3677,.T.);
#5264=ORIENTED_EDGE('',*,*,#3684,.T.);
#5265=ORIENTED_EDGE('',*,*,#3685,.T.);
#5266=ORIENTED_EDGE('',*,*,#3686,.T.);
#5267=ORIENTED_EDGE('',*,*,#3687,.T.);
#5268=ORIENTED_EDGE('',*,*,#3670,.T.);
#5269=ORIENTED_EDGE('',*,*,#3673,.T.);
#5270=ORIENTED_EDGE('',*,*,#3676,.T.);
#5271=ORIENTED_EDGE('',*,*,#3679,.T.);
#5272=ORIENTED_EDGE('',*,*,#3688,.T.);
#5273=ORIENTED_EDGE('',*,*,#3685,.F.);
#5274=ORIENTED_EDGE('',*,*,#3689,.F.);
#5275=ORIENTED_EDGE('',*,*,#3683,.F.);
#5276=ORIENTED_EDGE('',*,*,#3690,.T.);
#5277=ORIENTED_EDGE('',*,*,#3686,.F.);
#5278=ORIENTED_EDGE('',*,*,#3688,.F.);
#5279=ORIENTED_EDGE('',*,*,#3682,.F.);
#5280=ORIENTED_EDGE('',*,*,#3691,.T.);
#5281=ORIENTED_EDGE('',*,*,#3687,.F.);
#5282=ORIENTED_EDGE('',*,*,#3690,.F.);
#5283=ORIENTED_EDGE('',*,*,#3681,.F.);
#5284=ORIENTED_EDGE('',*,*,#3689,.T.);
#5285=ORIENTED_EDGE('',*,*,#3684,.F.);
#5286=ORIENTED_EDGE('',*,*,#3691,.F.);
#5287=ORIENTED_EDGE('',*,*,#3680,.F.);
#5288=ORIENTED_EDGE('',*,*,#3692,.F.);
#5289=ORIENTED_EDGE('',*,*,#3693,.T.);
#5290=ORIENTED_EDGE('',*,*,#3694,.F.);
#5291=ORIENTED_EDGE('',*,*,#3695,.F.);
#5292=ORIENTED_EDGE('',*,*,#3696,.F.);
#5293=ORIENTED_EDGE('',*,*,#3697,.F.);
#5294=ORIENTED_EDGE('',*,*,#3695,.T.);
#5295=ORIENTED_EDGE('',*,*,#3698,.F.);
#5296=ORIENTED_EDGE('',*,*,#3699,.F.);
#5297=ORIENTED_EDGE('',*,*,#3700,.T.);
#5298=ORIENTED_EDGE('',*,*,#3699,.T.);
#5299=ORIENTED_EDGE('',*,*,#3701,.F.);
#5300=ORIENTED_EDGE('',*,*,#3702,.F.);
#5301=ORIENTED_EDGE('',*,*,#3703,.T.);
#5302=ORIENTED_EDGE('',*,*,#3702,.T.);
#5303=ORIENTED_EDGE('',*,*,#3704,.F.);
#5304=ORIENTED_EDGE('',*,*,#3693,.F.);
#5305=ORIENTED_EDGE('',*,*,#3705,.F.);
#5306=ORIENTED_EDGE('',*,*,#3694,.T.);
#5307=ORIENTED_EDGE('',*,*,#3704,.T.);
#5308=ORIENTED_EDGE('',*,*,#3701,.T.);
#5309=ORIENTED_EDGE('',*,*,#3698,.T.);
#5310=ORIENTED_EDGE('',*,*,#3705,.T.);
#5311=ORIENTED_EDGE('',*,*,#3706,.F.);
#5312=ORIENTED_EDGE('',*,*,#3707,.F.);
#5313=ORIENTED_EDGE('',*,*,#3708,.T.);
#5314=ORIENTED_EDGE('',*,*,#3697,.T.);
#5315=ORIENTED_EDGE('',*,*,#3709,.T.);
#5316=ORIENTED_EDGE('',*,*,#3710,.T.);
#5317=ORIENTED_EDGE('',*,*,#3711,.F.);
#5318=ORIENTED_EDGE('',*,*,#3712,.F.);
#5319=ORIENTED_EDGE('',*,*,#3713,.T.);
#5320=ORIENTED_EDGE('',*,*,#3714,.T.);
#5321=ORIENTED_EDGE('',*,*,#3713,.F.);
#5322=ORIENTED_EDGE('',*,*,#3715,.F.);
#5323=ORIENTED_EDGE('',*,*,#3716,.T.);
#5324=ORIENTED_EDGE('',*,*,#3717,.T.);
#5325=ORIENTED_EDGE('',*,*,#3716,.F.);
#5326=ORIENTED_EDGE('',*,*,#3718,.F.);
#5327=ORIENTED_EDGE('',*,*,#3719,.T.);
#5328=ORIENTED_EDGE('',*,*,#3720,.T.);
#5329=ORIENTED_EDGE('',*,*,#3719,.F.);
#5330=ORIENTED_EDGE('',*,*,#3721,.F.);
#5331=ORIENTED_EDGE('',*,*,#3722,.T.);
#5332=ORIENTED_EDGE('',*,*,#3723,.T.);
#5333=ORIENTED_EDGE('',*,*,#3722,.F.);
#5334=ORIENTED_EDGE('',*,*,#3724,.T.);
#5335=ORIENTED_EDGE('',*,*,#3725,.T.);
#5336=ORIENTED_EDGE('',*,*,#3726,.F.);
#5337=ORIENTED_EDGE('',*,*,#3710,.F.);
#5338=ORIENTED_EDGE('',*,*,#3727,.T.);
#5339=ORIENTED_EDGE('',*,*,#3707,.T.);
#5340=ORIENTED_EDGE('',*,*,#3728,.F.);
#5341=ORIENTED_EDGE('',*,*,#3729,.F.);
#5342=ORIENTED_EDGE('',*,*,#3730,.T.);
#5343=ORIENTED_EDGE('',*,*,#3729,.T.);
#5344=ORIENTED_EDGE('',*,*,#3731,.F.);
#5345=ORIENTED_EDGE('',*,*,#3725,.F.);
#5346=ORIENTED_EDGE('',*,*,#3731,.T.);
#5347=ORIENTED_EDGE('',*,*,#3728,.T.);
#5348=ORIENTED_EDGE('',*,*,#3706,.T.);
#5349=ORIENTED_EDGE('',*,*,#3692,.T.);
#5350=ORIENTED_EDGE('',*,*,#3711,.T.);
#5351=ORIENTED_EDGE('',*,*,#3726,.T.);
#5352=ORIENTED_EDGE('',*,*,#3721,.T.);
#5353=ORIENTED_EDGE('',*,*,#3718,.T.);
#5354=ORIENTED_EDGE('',*,*,#3715,.T.);
#5355=ORIENTED_EDGE('',*,*,#3712,.T.);
#5356=ORIENTED_EDGE('',*,*,#3730,.F.);
#5357=ORIENTED_EDGE('',*,*,#3724,.F.);
#5358=ORIENTED_EDGE('',*,*,#3709,.F.);
#5359=ORIENTED_EDGE('',*,*,#3696,.T.);
#5360=ORIENTED_EDGE('',*,*,#3700,.F.);
#5361=ORIENTED_EDGE('',*,*,#3703,.F.);
#5362=ORIENTED_EDGE('',*,*,#3708,.F.);
#5363=ORIENTED_EDGE('',*,*,#3727,.F.);
#5364=ORIENTED_EDGE('',*,*,#3723,.F.);
#5365=ORIENTED_EDGE('',*,*,#3720,.F.);
#5366=ORIENTED_EDGE('',*,*,#3717,.F.);
#5367=ORIENTED_EDGE('',*,*,#3714,.F.);
#5368=CYLINDRICAL_SURFACE('',#5930,1.5);
#5369=CYLINDRICAL_SURFACE('',#5933,1.5);
#5370=CYLINDRICAL_SURFACE('',#5959,1.75000000000001);
#5371=CYLINDRICAL_SURFACE('',#6133,1.75000000000001);
#5372=CYLINDRICAL_SURFACE('',#6142,1.74999999999999);
#5373=CYLINDRICAL_SURFACE('',#6151,1.75000000000001);
#5374=CYLINDRICAL_SURFACE('',#6160,1.74999999999999);
#5375=CYLINDRICAL_SURFACE('',#6169,1.75000000000001);
#5376=CYLINDRICAL_SURFACE('',#6178,1.75);
#5377=CYLINDRICAL_SURFACE('',#6187,1.75);
#5378=CYLINDRICAL_SURFACE('',#6196,1.74999999999999);
#5379=CYLINDRICAL_SURFACE('',#6203,1.74999999999999);
#5380=CYLINDRICAL_SURFACE('',#6214,1.74999999999999);
#5381=CYLINDRICAL_SURFACE('',#6221,1.74999999999999);
#5382=CYLINDRICAL_SURFACE('',#6232,1.74999999999999);
#5383=CYLINDRICAL_SURFACE('',#6241,1.74999999999999);
#5384=CYLINDRICAL_SURFACE('',#6250,1.74999999999999);
#5385=CYLINDRICAL_SURFACE('',#6259,1.74999999999999);
#5386=CYLINDRICAL_SURFACE('',#6268,1.74999999999999);
#5387=CYLINDRICAL_SURFACE('',#6277,1.74999999999999);
#5388=CYLINDRICAL_SURFACE('',#6282,1.75);
#5389=CYLINDRICAL_SURFACE('',#6283,2.5);
#5390=CYLINDRICAL_SURFACE('',#6284,1.75000000000001);
#5391=CYLINDRICAL_SURFACE('',#6285,2.65000000000001);
#5392=CYLINDRICAL_SURFACE('',#6286,2.15);
#5393=CYLINDRICAL_SURFACE('',#6287,1.75);
#5394=CYLINDRICAL_SURFACE('',#6288,1.75);
#5395=CYLINDRICAL_SURFACE('',#6289,2.15000000000001);
#5396=CYLINDRICAL_SURFACE('',#6290,1.75000000000001);
#5397=CYLINDRICAL_SURFACE('',#6291,2.5);
#5398=CYLINDRICAL_SURFACE('',#6292,1.64999999999999);
#5399=CYLINDRICAL_SURFACE('',#6293,1.75);
#5400=CYLINDRICAL_SURFACE('',#6294,1.75);
#5401=CYLINDRICAL_SURFACE('',#6295,2.5);
#5402=CYLINDRICAL_SURFACE('',#6296,1.75000000000001);
#5403=CYLINDRICAL_SURFACE('',#6297,2.65000000000001);
#5404=CYLINDRICAL_SURFACE('',#6298,2.15000000000001);
#5405=CYLINDRICAL_SURFACE('',#6299,1.75);
#5406=CYLINDRICAL_SURFACE('',#6300,1.75);
#5407=CYLINDRICAL_SURFACE('',#6301,2.15);
#5408=CYLINDRICAL_SURFACE('',#6302,1.75000000000001);
#5409=CYLINDRICAL_SURFACE('',#6303,2.5);
#5410=CYLINDRICAL_SURFACE('',#6304,1.64999999999999);
#5411=CYLINDRICAL_SURFACE('',#6305,1.75);
#5412=CYLINDRICAL_SURFACE('',#6306,2.15);
#5413=CYLINDRICAL_SURFACE('',#6307,2.15);
#5414=CYLINDRICAL_SURFACE('',#6308,2.15);
#5415=CYLINDRICAL_SURFACE('',#6309,2.15);
#5416=CYLINDRICAL_SURFACE('',#6310,2.15);
#5417=CYLINDRICAL_SURFACE('',#6311,2.15);
#5418=CYLINDRICAL_SURFACE('',#6312,2.15);
#5419=CYLINDRICAL_SURFACE('',#6313,2.15);
#5420=CYLINDRICAL_SURFACE('',#6314,2.15);
#5421=CYLINDRICAL_SURFACE('',#6315,2.15);
#5422=CYLINDRICAL_SURFACE('',#6316,2.15);
#5423=CYLINDRICAL_SURFACE('',#6317,2.15);
#5424=CYLINDRICAL_SURFACE('',#6318,0.5);
#5425=CYLINDRICAL_SURFACE('',#6324,0.5);
#5426=CYLINDRICAL_SURFACE('',#6329,0.5);
#5427=CYLINDRICAL_SURFACE('',#6334,0.5);
#5428=CYLINDRICAL_SURFACE('',#6338,3.00000000000002);
#5429=CYLINDRICAL_SURFACE('',#6341,3.00000000000002);
#5430=CYLINDRICAL_SURFACE('',#6344,0.5);
#5431=CYLINDRICAL_SURFACE('',#6349,0.5);
#5432=CYLINDRICAL_SURFACE('',#6354,0.5);
#5433=CYLINDRICAL_SURFACE('',#6359,0.5);
#5434=CYLINDRICAL_SURFACE('',#6362,3.00000000000002);
#5435=CYLINDRICAL_SURFACE('',#6363,2.15);
#5436=CYLINDRICAL_SURFACE('',#6364,2.15);
#5437=CYLINDRICAL_SURFACE('',#6365,2.15);
#5438=CYLINDRICAL_SURFACE('',#6366,2.15);
#5439=CYLINDRICAL_SURFACE('',#6368,3.00000000000002);
#5440=CYLINDRICAL_SURFACE('',#6370,0.5);
#5441=CYLINDRICAL_SURFACE('',#6376,0.5);
#5442=CYLINDRICAL_SURFACE('',#6381,0.5);
#5443=CYLINDRICAL_SURFACE('',#6386,0.5);
#5444=CYLINDRICAL_SURFACE('',#6390,10.);
#5445=CYLINDRICAL_SURFACE('',#6393,10.);
#5446=CYLINDRICAL_SURFACE('',#6396,0.5);
#5447=CYLINDRICAL_SURFACE('',#6401,0.5);
#5448=CYLINDRICAL_SURFACE('',#6406,0.5);
#5449=CYLINDRICAL_SURFACE('',#6411,0.5);
#5450=CYLINDRICAL_SURFACE('',#6414,10.);
#5451=CYLINDRICAL_SURFACE('',#6419,0.5);
#5452=CYLINDRICAL_SURFACE('',#6424,0.5);
#5453=CYLINDRICAL_SURFACE('',#6429,0.5);
#5454=CYLINDRICAL_SURFACE('',#6434,0.5);
#5455=CYLINDRICAL_SURFACE('',#6436,3.00000000000002);
#5456=CYLINDRICAL_SURFACE('',#6439,3.00000000000001);
#5457=CYLINDRICAL_SURFACE('',#6445,0.5);
#5458=CYLINDRICAL_SURFACE('',#6450,0.5);
#5459=CYLINDRICAL_SURFACE('',#6454,0.5);
#5460=CYLINDRICAL_SURFACE('',#6458,0.5);
#5461=CYLINDRICAL_SURFACE('',#6459,3.00000000000004);
#5462=CYLINDRICAL_SURFACE('',#6461,3.00000000000002);
#5463=CYLINDRICAL_SURFACE('',#6466,0.5);
#5464=CYLINDRICAL_SURFACE('',#6471,0.5);
#5465=CYLINDRICAL_SURFACE('',#6476,0.5);
#5466=CYLINDRICAL_SURFACE('',#6481,0.5);
#5467=CYLINDRICAL_SURFACE('',#6483,3.00000000000006);
#5468=CYLINDRICAL_SURFACE('',#6486,3.00000000000001);
#5469=CYLINDRICAL_SURFACE('',#6488,0.5);
#5470=CYLINDRICAL_SURFACE('',#6494,0.5);
#5471=CYLINDRICAL_SURFACE('',#6498,0.5);
#5472=CYLINDRICAL_SURFACE('',#6502,0.5);
#5473=CYLINDRICAL_SURFACE('',#6506,3.00000000000001);
#5474=CYLINDRICAL_SURFACE('',#6512,0.5);
#5475=CYLINDRICAL_SURFACE('',#6517,0.5);
#5476=CYLINDRICAL_SURFACE('',#6522,0.5);
#5477=CYLINDRICAL_SURFACE('',#6527,0.5);
#5478=CYLINDRICAL_SURFACE('',#6529,3.00000000000004);
#5479=CYLINDRICAL_SURFACE('',#6532,3.00000000000004);
#5480=CYLINDRICAL_SURFACE('',#6534,0.5);
#5481=CYLINDRICAL_SURFACE('',#6539,0.5);
#5482=CYLINDRICAL_SURFACE('',#6543,0.5);
#5483=CYLINDRICAL_SURFACE('',#6548,0.5);
#5484=CYLINDRICAL_SURFACE('',#6552,0.5);
#5485=CYLINDRICAL_SURFACE('',#6558,0.5);
#5486=CYLINDRICAL_SURFACE('',#6563,0.5);
#5487=CYLINDRICAL_SURFACE('',#6568,0.5);
#5488=CYLINDRICAL_SURFACE('',#6572,3.00000000000004);
#5489=CYLINDRICAL_SURFACE('',#6575,3.00000000000002);
#5490=CYLINDRICAL_SURFACE('',#6578,0.5);
#5491=CYLINDRICAL_SURFACE('',#6583,0.5);
#5492=CYLINDRICAL_SURFACE('',#6587,0.5);
#5493=CYLINDRICAL_SURFACE('',#6592,0.5);
#5494=CYLINDRICAL_SURFACE('',#6597,10.);
#5495=CYLINDRICAL_SURFACE('',#6600,3.00000000000002);
#5496=CYLINDRICAL_SURFACE('',#6602,3.00000000000002);
#5497=CYLINDRICAL_SURFACE('',#6604,3.00000000000001);
#5498=CYLINDRICAL_SURFACE('',#6606,3.00000000000002);
#5499=CYLINDRICAL_SURFACE('',#6608,3.00000000000001);
#5500=CYLINDRICAL_SURFACE('',#6611,2.5);
#5501=CYLINDRICAL_SURFACE('',#6614,2.5);
#5502=CYLINDRICAL_SURFACE('',#6632,2.35);
#5503=CYLINDRICAL_SURFACE('',#6636,2.35);
#5504=CYLINDRICAL_SURFACE('',#6640,2.35);
#5505=CYLINDRICAL_SURFACE('',#6644,2.35);
#5506=CYLINDRICAL_SURFACE('',#6655,2.);
#5507=CYLINDRICAL_SURFACE('',#6658,2.);
#5508=CYLINDRICAL_SURFACE('',#6661,2.);
#5509=CYLINDRICAL_SURFACE('',#6664,2.);
#5510=CYLINDRICAL_SURFACE('',#6674,1.6);
#5511=CYLINDRICAL_SURFACE('',#6677,1.6);
#5512=CYLINDRICAL_SURFACE('',#6680,1.6);
#5513=CYLINDRICAL_SURFACE('',#6683,1.6);
#5514=CYLINDRICAL_SURFACE('',#6700,1.6);
#5515=CYLINDRICAL_SURFACE('',#6703,1.6);
#5516=CYLINDRICAL_SURFACE('',#6706,1.6);
#5517=CYLINDRICAL_SURFACE('',#6709,1.6);
#5518=ADVANCED_FACE('',(#409),#5368,.F.);
#5519=ADVANCED_FACE('',(#410),#5369,.F.);
#5520=ADVANCED_FACE('',(#411),#318,.T.);
#5521=ADVANCED_FACE('',(#412),#319,.T.);
#5522=ADVANCED_FACE('',(#413),#320,.T.);
#5523=ADVANCED_FACE('',(#414),#321,.T.);
#5524=ADVANCED_FACE('',(#415),#322,.T.);
#5525=ADVANCED_FACE('',(#416),#323,.F.);
#5526=ADVANCED_FACE('',(#417),#324,.T.);
#5527=ADVANCED_FACE('',(#418),#325,.T.);
#5528=ADVANCED_FACE('',(#419),#326,.T.);
#5529=ADVANCED_FACE('',(#420),#327,.T.);
#5530=ADVANCED_FACE('',(#421),#328,.T.);
#5531=ADVANCED_FACE('',(#422,#155,#156,#157),#329,.T.);
#5532=ADVANCED_FACE('',(#423,#158,#159),#330,.F.);
#5533=ADVANCED_FACE('',(#424),#331,.F.);
#5534=ADVANCED_FACE('',(#425),#332,.F.);
#5535=ADVANCED_FACE('',(#426),#333,.F.);
#5536=ADVANCED_FACE('',(#427),#334,.F.);
#5537=ADVANCED_FACE('',(#428),#43,.T.);
#5538=ADVANCED_FACE('',(#429),#5370,.F.);
#5539=ADVANCED_FACE('',(#430,#160,#161,#162,#163,#164,#165,#166,#167,#168,
#169,#170,#171,#172,#173,#174,#175,#176,#177,#178,#179,#180,#181,#182,#183,
#184,#185,#186,#187,#188,#189,#190,#191,#192,#193,#194,#195,#196,#197,#198,
#199,#200,#201,#202,#203,#204,#205,#206,#207,#208,#209,#210,#211,#212,#213,
#214,#215,#216,#217,#218,#219,#220,#221,#222),#335,.T.);
#5540=ADVANCED_FACE('',(#431),#44,.T.);
#5541=ADVANCED_FACE('',(#432,#223,#224,#225,#226,#227,#228,#229,#230,#231,
#232,#233,#234,#235,#236,#237,#238,#239,#240,#241,#242,#243,#244,#245,#246,
#247,#248,#249,#250,#251,#252,#253,#254,#255,#256,#257,#258,#259,#260,#261,
#262,#263,#264,#265,#266,#267,#268,#269,#270,#271,#272,#273,#274,#275,#276,
#277,#278,#279,#280,#281,#282,#283,#284,#285),#336,.F.);
#5542=ADVANCED_FACE('',(#433),#45,.T.);
#5543=ADVANCED_FACE('',(#434),#5371,.F.);
#5544=ADVANCED_FACE('',(#435),#46,.T.);
#5545=ADVANCED_FACE('',(#436),#47,.T.);
#5546=ADVANCED_FACE('',(#437),#5372,.F.);
#5547=ADVANCED_FACE('',(#438),#48,.T.);
#5548=ADVANCED_FACE('',(#439),#49,.T.);
#5549=ADVANCED_FACE('',(#440),#5373,.F.);
#5550=ADVANCED_FACE('',(#441),#50,.T.);
#5551=ADVANCED_FACE('',(#442),#51,.T.);
#5552=ADVANCED_FACE('',(#443),#5374,.F.);
#5553=ADVANCED_FACE('',(#444),#52,.T.);
#5554=ADVANCED_FACE('',(#445),#53,.T.);
#5555=ADVANCED_FACE('',(#446),#5375,.F.);
#5556=ADVANCED_FACE('',(#447),#54,.T.);
#5557=ADVANCED_FACE('',(#448),#55,.T.);
#5558=ADVANCED_FACE('',(#449),#5376,.F.);
#5559=ADVANCED_FACE('',(#450),#56,.T.);
#5560=ADVANCED_FACE('',(#451),#57,.T.);
#5561=ADVANCED_FACE('',(#452),#5377,.F.);
#5562=ADVANCED_FACE('',(#453),#58,.T.);
#5563=ADVANCED_FACE('',(#454),#59,.T.);
#5564=ADVANCED_FACE('',(#455),#5378,.F.);
#5565=ADVANCED_FACE('',(#456),#60,.T.);
#5566=ADVANCED_FACE('',(#457),#5379,.F.);
#5567=ADVANCED_FACE('',(#458),#61,.T.);
#5568=ADVANCED_FACE('',(#459),#62,.T.);
#5569=ADVANCED_FACE('',(#460),#63,.T.);
#5570=ADVANCED_FACE('',(#461),#5380,.F.);
#5571=ADVANCED_FACE('',(#462),#64,.T.);
#5572=ADVANCED_FACE('',(#463),#5381,.F.);
#5573=ADVANCED_FACE('',(#464),#65,.T.);
#5574=ADVANCED_FACE('',(#465),#66,.T.);
#5575=ADVANCED_FACE('',(#466),#67,.T.);
#5576=ADVANCED_FACE('',(#467),#5382,.F.);
#5577=ADVANCED_FACE('',(#468),#68,.T.);
#5578=ADVANCED_FACE('',(#469),#69,.T.);
#5579=ADVANCED_FACE('',(#470),#5383,.F.);
#5580=ADVANCED_FACE('',(#471),#70,.T.);
#5581=ADVANCED_FACE('',(#472),#71,.T.);
#5582=ADVANCED_FACE('',(#473),#5384,.F.);
#5583=ADVANCED_FACE('',(#474),#72,.T.);
#5584=ADVANCED_FACE('',(#475),#73,.T.);
#5585=ADVANCED_FACE('',(#476),#5385,.F.);
#5586=ADVANCED_FACE('',(#477),#74,.T.);
#5587=ADVANCED_FACE('',(#478),#75,.T.);
#5588=ADVANCED_FACE('',(#479),#5386,.F.);
#5589=ADVANCED_FACE('',(#480),#76,.T.);
#5590=ADVANCED_FACE('',(#481),#77,.T.);
#5591=ADVANCED_FACE('',(#482),#5387,.F.);
#5592=ADVANCED_FACE('',(#483),#78,.T.);
#5593=ADVANCED_FACE('',(#484),#5388,.F.);
#5594=ADVANCED_FACE('',(#485),#5389,.F.);
#5595=ADVANCED_FACE('',(#486),#5390,.F.);
#5596=ADVANCED_FACE('',(#487),#5391,.F.);
#5597=ADVANCED_FACE('',(#488),#5392,.F.);
#5598=ADVANCED_FACE('',(#489),#5393,.F.);
#5599=ADVANCED_FACE('',(#490),#5394,.F.);
#5600=ADVANCED_FACE('',(#491),#5395,.F.);
#5601=ADVANCED_FACE('',(#492),#5396,.F.);
#5602=ADVANCED_FACE('',(#493),#5397,.F.);
#5603=ADVANCED_FACE('',(#494),#5398,.F.);
#5604=ADVANCED_FACE('',(#495),#5399,.F.);
#5605=ADVANCED_FACE('',(#496),#5400,.F.);
#5606=ADVANCED_FACE('',(#497),#5401,.F.);
#5607=ADVANCED_FACE('',(#498),#5402,.F.);
#5608=ADVANCED_FACE('',(#499),#5403,.F.);
#5609=ADVANCED_FACE('',(#500),#5404,.F.);
#5610=ADVANCED_FACE('',(#501),#5405,.F.);
#5611=ADVANCED_FACE('',(#502),#5406,.F.);
#5612=ADVANCED_FACE('',(#503),#5407,.F.);
#5613=ADVANCED_FACE('',(#504),#5408,.F.);
#5614=ADVANCED_FACE('',(#505),#5409,.F.);
#5615=ADVANCED_FACE('',(#506),#5410,.F.);
#5616=ADVANCED_FACE('',(#507),#5411,.F.);
#5617=ADVANCED_FACE('',(#508),#5412,.F.);
#5618=ADVANCED_FACE('',(#509),#5413,.F.);
#5619=ADVANCED_FACE('',(#510),#5414,.F.);
#5620=ADVANCED_FACE('',(#511),#5415,.F.);
#5621=ADVANCED_FACE('',(#512),#5416,.F.);
#5622=ADVANCED_FACE('',(#513),#5417,.F.);
#5623=ADVANCED_FACE('',(#514),#5418,.F.);
#5624=ADVANCED_FACE('',(#515),#5419,.F.);
#5625=ADVANCED_FACE('',(#516),#5420,.F.);
#5626=ADVANCED_FACE('',(#517),#5421,.F.);
#5627=ADVANCED_FACE('',(#518),#5422,.F.);
#5628=ADVANCED_FACE('',(#519),#5423,.F.);
#5629=ADVANCED_FACE('',(#520),#5424,.T.);
#5630=ADVANCED_FACE('',(#521),#79,.T.);
#5631=ADVANCED_FACE('',(#522),#5425,.T.);
#5632=ADVANCED_FACE('',(#523),#80,.T.);
#5633=ADVANCED_FACE('',(#524),#5426,.T.);
#5634=ADVANCED_FACE('',(#525),#81,.T.);
#5635=ADVANCED_FACE('',(#526),#5427,.T.);
#5636=ADVANCED_FACE('',(#527),#82,.T.);
#5637=ADVANCED_FACE('',(#528),#5428,.F.);
#5638=ADVANCED_FACE('',(#529),#337,.F.);
#5639=ADVANCED_FACE('',(#530),#5429,.F.);
#5640=ADVANCED_FACE('',(#531),#338,.F.);
#5641=ADVANCED_FACE('',(#532),#5430,.T.);
#5642=ADVANCED_FACE('',(#533),#83,.T.);
#5643=ADVANCED_FACE('',(#534),#5431,.T.);
#5644=ADVANCED_FACE('',(#535),#84,.T.);
#5645=ADVANCED_FACE('',(#536),#5432,.T.);
#5646=ADVANCED_FACE('',(#537),#85,.T.);
#5647=ADVANCED_FACE('',(#538),#5433,.T.);
#5648=ADVANCED_FACE('',(#539),#86,.T.);
#5649=ADVANCED_FACE('',(#540),#5434,.F.);
#5650=ADVANCED_FACE('',(#541),#5435,.F.);
#5651=ADVANCED_FACE('',(#542),#5436,.F.);
#5652=ADVANCED_FACE('',(#543),#5437,.F.);
#5653=ADVANCED_FACE('',(#544),#5438,.F.);
#5654=ADVANCED_FACE('',(#545),#339,.F.);
#5655=ADVANCED_FACE('',(#546),#5439,.F.);
#5656=ADVANCED_FACE('',(#547),#340,.F.);
#5657=ADVANCED_FACE('',(#548),#5440,.T.);
#5658=ADVANCED_FACE('',(#549),#87,.T.);
#5659=ADVANCED_FACE('',(#550),#5441,.T.);
#5660=ADVANCED_FACE('',(#551),#88,.T.);
#5661=ADVANCED_FACE('',(#552),#5442,.T.);
#5662=ADVANCED_FACE('',(#553),#89,.T.);
#5663=ADVANCED_FACE('',(#554),#5443,.T.);
#5664=ADVANCED_FACE('',(#555),#90,.T.);
#5665=ADVANCED_FACE('',(#556),#5444,.T.);
#5666=ADVANCED_FACE('',(#557),#341,.T.);
#5667=ADVANCED_FACE('',(#558),#5445,.T.);
#5668=ADVANCED_FACE('',(#559),#342,.F.);
#5669=ADVANCED_FACE('',(#560),#5446,.T.);
#5670=ADVANCED_FACE('',(#561),#91,.T.);
#5671=ADVANCED_FACE('',(#562),#5447,.T.);
#5672=ADVANCED_FACE('',(#563),#92,.T.);
#5673=ADVANCED_FACE('',(#564),#5448,.T.);
#5674=ADVANCED_FACE('',(#565),#93,.T.);
#5675=ADVANCED_FACE('',(#566),#5449,.T.);
#5676=ADVANCED_FACE('',(#567),#94,.T.);
#5677=ADVANCED_FACE('',(#568),#5450,.T.);
#5678=ADVANCED_FACE('',(#569),#95,.T.);
#5679=ADVANCED_FACE('',(#570),#5451,.T.);
#5680=ADVANCED_FACE('',(#571),#96,.T.);
#5681=ADVANCED_FACE('',(#572),#5452,.T.);
#5682=ADVANCED_FACE('',(#573),#97,.T.);
#5683=ADVANCED_FACE('',(#574),#5453,.T.);
#5684=ADVANCED_FACE('',(#575),#98,.T.);
#5685=ADVANCED_FACE('',(#576),#5454,.T.);
#5686=ADVANCED_FACE('',(#577),#343,.F.);
#5687=ADVANCED_FACE('',(#578),#5455,.F.);
#5688=ADVANCED_FACE('',(#579),#344,.F.);
#5689=ADVANCED_FACE('',(#580),#5456,.F.);
#5690=ADVANCED_FACE('',(#581),#99,.T.);
#5691=ADVANCED_FACE('',(#582),#5457,.T.);
#5692=ADVANCED_FACE('',(#583),#100,.T.);
#5693=ADVANCED_FACE('',(#584),#5458,.T.);
#5694=ADVANCED_FACE('',(#585),#101,.T.);
#5695=ADVANCED_FACE('',(#586),#5459,.T.);
#5696=ADVANCED_FACE('',(#587),#102,.T.);
#5697=ADVANCED_FACE('',(#588),#5460,.T.);
#5698=ADVANCED_FACE('',(#589),#5461,.F.);
#5699=ADVANCED_FACE('',(#590),#345,.F.);
#5700=ADVANCED_FACE('',(#591),#5462,.F.);
#5701=ADVANCED_FACE('',(#592),#103,.T.);
#5702=ADVANCED_FACE('',(#593),#5463,.T.);
#5703=ADVANCED_FACE('',(#594),#104,.T.);
#5704=ADVANCED_FACE('',(#595),#5464,.T.);
#5705=ADVANCED_FACE('',(#596),#105,.T.);
#5706=ADVANCED_FACE('',(#597),#5465,.T.);
#5707=ADVANCED_FACE('',(#598),#106,.T.);
#5708=ADVANCED_FACE('',(#599),#5466,.T.);
#5709=ADVANCED_FACE('',(#600),#346,.F.);
#5710=ADVANCED_FACE('',(#601),#5467,.F.);
#5711=ADVANCED_FACE('',(#602),#347,.F.);
#5712=ADVANCED_FACE('',(#603),#5468,.F.);
#5713=ADVANCED_FACE('',(#604),#5469,.T.);
#5714=ADVANCED_FACE('',(#605),#107,.T.);
#5715=ADVANCED_FACE('',(#606),#5470,.T.);
#5716=ADVANCED_FACE('',(#607),#108,.T.);
#5717=ADVANCED_FACE('',(#608),#5471,.T.);
#5718=ADVANCED_FACE('',(#609),#109,.T.);
#5719=ADVANCED_FACE('',(#610),#5472,.T.);
#5720=ADVANCED_FACE('',(#611),#110,.T.);
#5721=ADVANCED_FACE('',(#612),#5473,.F.);
#5722=ADVANCED_FACE('',(#613),#348,.F.);
#5723=ADVANCED_FACE('',(#614),#111,.T.);
#5724=ADVANCED_FACE('',(#615),#5474,.T.);
#5725=ADVANCED_FACE('',(#616),#112,.T.);
#5726=ADVANCED_FACE('',(#617),#5475,.T.);
#5727=ADVANCED_FACE('',(#618),#113,.T.);
#5728=ADVANCED_FACE('',(#619),#5476,.T.);
#5729=ADVANCED_FACE('',(#620),#114,.T.);
#5730=ADVANCED_FACE('',(#621),#5477,.T.);
#5731=ADVANCED_FACE('',(#622),#349,.F.);
#5732=ADVANCED_FACE('',(#623),#5478,.F.);
#5733=ADVANCED_FACE('',(#624),#350,.F.);
#5734=ADVANCED_FACE('',(#625),#5479,.F.);
#5735=ADVANCED_FACE('',(#626),#5480,.T.);
#5736=ADVANCED_FACE('',(#627),#115,.T.);
#5737=ADVANCED_FACE('',(#628),#5481,.T.);
#5738=ADVANCED_FACE('',(#629),#116,.T.);
#5739=ADVANCED_FACE('',(#630),#5482,.T.);
#5740=ADVANCED_FACE('',(#631),#117,.T.);
#5741=ADVANCED_FACE('',(#632),#5483,.T.);
#5742=ADVANCED_FACE('',(#633),#118,.T.);
#5743=ADVANCED_FACE('',(#634),#5484,.T.);
#5744=ADVANCED_FACE('',(#635),#119,.T.);
#5745=ADVANCED_FACE('',(#636),#5485,.T.);
#5746=ADVANCED_FACE('',(#637),#120,.T.);
#5747=ADVANCED_FACE('',(#638),#5486,.T.);
#5748=ADVANCED_FACE('',(#639),#121,.T.);
#5749=ADVANCED_FACE('',(#640),#5487,.T.);
#5750=ADVANCED_FACE('',(#641),#122,.T.);
#5751=ADVANCED_FACE('',(#642),#5488,.F.);
#5752=ADVANCED_FACE('',(#643),#351,.F.);
#5753=ADVANCED_FACE('',(#644),#5489,.F.);
#5754=ADVANCED_FACE('',(#645),#352,.F.);
#5755=ADVANCED_FACE('',(#646),#5490,.T.);
#5756=ADVANCED_FACE('',(#647),#123,.T.);
#5757=ADVANCED_FACE('',(#648),#5491,.T.);
#5758=ADVANCED_FACE('',(#649),#124,.T.);
#5759=ADVANCED_FACE('',(#650),#5492,.T.);
#5760=ADVANCED_FACE('',(#651),#125,.T.);
#5761=ADVANCED_FACE('',(#652),#5493,.T.);
#5762=ADVANCED_FACE('',(#653),#126,.T.);
#5763=ADVANCED_FACE('',(#654),#353,.F.);
#5764=ADVANCED_FACE('',(#655),#5494,.T.);
#5765=ADVANCED_FACE('',(#656),#354,.T.);
#5766=ADVANCED_FACE('',(#657),#355,.F.);
#5767=ADVANCED_FACE('',(#658),#5495,.F.);
#5768=ADVANCED_FACE('',(#659),#356,.F.);
#5769=ADVANCED_FACE('',(#660),#5496,.F.);
#5770=ADVANCED_FACE('',(#661),#357,.F.);
#5771=ADVANCED_FACE('',(#662),#5497,.F.);
#5772=ADVANCED_FACE('',(#663),#358,.F.);
#5773=ADVANCED_FACE('',(#664),#5498,.F.);
#5774=ADVANCED_FACE('',(#665),#359,.F.);
#5775=ADVANCED_FACE('',(#666),#5499,.F.);
#5776=ADVANCED_FACE('',(#667),#360,.F.);
#5777=ADVANCED_FACE('',(#668),#5500,.F.);
#5778=ADVANCED_FACE('',(#669),#5501,.F.);
#5779=ADVANCED_FACE('',(#670),#361,.T.);
#5780=ADVANCED_FACE('',(#671),#362,.T.);
#5781=ADVANCED_FACE('',(#672),#363,.T.);
#5782=ADVANCED_FACE('',(#673),#364,.T.);
#5783=ADVANCED_FACE('',(#674,#286,#287),#365,.T.);
#5784=ADVANCED_FACE('',(#675),#366,.T.);
#5785=ADVANCED_FACE('',(#676),#367,.T.);
#5786=ADVANCED_FACE('',(#677),#368,.T.);
#5787=ADVANCED_FACE('',(#678),#369,.T.);
#5788=ADVANCED_FACE('',(#679,#288,#289),#370,.F.);
#5789=ADVANCED_FACE('',(#680),#371,.F.);
#5790=ADVANCED_FACE('',(#681),#372,.F.);
#5791=ADVANCED_FACE('',(#682),#373,.F.);
#5792=ADVANCED_FACE('',(#683),#374,.F.);
#5793=ADVANCED_FACE('',(#684),#5502,.F.);
#5794=ADVANCED_FACE('',(#685),#375,.T.);
#5795=ADVANCED_FACE('',(#686),#5503,.F.);
#5796=ADVANCED_FACE('',(#687),#376,.T.);
#5797=ADVANCED_FACE('',(#688),#5504,.F.);
#5798=ADVANCED_FACE('',(#689),#377,.T.);
#5799=ADVANCED_FACE('',(#690),#5505,.F.);
#5800=ADVANCED_FACE('',(#691),#378,.T.);
#5801=ADVANCED_FACE('',(#692),#379,.T.);
#5802=ADVANCED_FACE('',(#693,#290,#291,#292,#293),#380,.F.);
#5803=ADVANCED_FACE('',(#694),#381,.F.);
#5804=ADVANCED_FACE('',(#695),#382,.F.);
#5805=ADVANCED_FACE('',(#696),#383,.F.);
#5806=ADVANCED_FACE('',(#697),#384,.F.);
#5807=ADVANCED_FACE('',(#698),#5506,.F.);
#5808=ADVANCED_FACE('',(#699),#5507,.F.);
#5809=ADVANCED_FACE('',(#700),#5508,.F.);
#5810=ADVANCED_FACE('',(#701),#5509,.F.);
#5811=ADVANCED_FACE('',(#702),#385,.T.);
#5812=ADVANCED_FACE('',(#703),#386,.T.);
#5813=ADVANCED_FACE('',(#704),#387,.T.);
#5814=ADVANCED_FACE('',(#705),#388,.T.);
#5815=ADVANCED_FACE('',(#706,#294,#295,#296,#297),#389,.T.);
#5816=ADVANCED_FACE('',(#707,#298,#299,#300,#301),#390,.F.);
#5817=ADVANCED_FACE('',(#708),#5510,.F.);
#5818=ADVANCED_FACE('',(#709),#5511,.F.);
#5819=ADVANCED_FACE('',(#710),#5512,.F.);
#5820=ADVANCED_FACE('',(#711),#5513,.F.);
#5821=ADVANCED_FACE('',(#712,#302,#303,#304,#305),#391,.T.);
#5822=ADVANCED_FACE('',(#713,#306,#307,#308,#309),#392,.F.);
#5823=ADVANCED_FACE('',(#714),#393,.F.);
#5824=ADVANCED_FACE('',(#715),#394,.F.);
#5825=ADVANCED_FACE('',(#716),#395,.F.);
#5826=ADVANCED_FACE('',(#717),#396,.F.);
#5827=ADVANCED_FACE('',(#718),#397,.T.);
#5828=ADVANCED_FACE('',(#719),#398,.T.);
#5829=ADVANCED_FACE('',(#720),#399,.T.);
#5830=ADVANCED_FACE('',(#721),#400,.T.);
#5831=ADVANCED_FACE('',(#722),#401,.T.);
#5832=ADVANCED_FACE('',(#723),#402,.T.);
#5833=ADVANCED_FACE('',(#724),#403,.T.);
#5834=ADVANCED_FACE('',(#725),#5514,.F.);
#5835=ADVANCED_FACE('',(#726),#5515,.F.);
#5836=ADVANCED_FACE('',(#727),#5516,.F.);
#5837=ADVANCED_FACE('',(#728),#5517,.F.);
#5838=ADVANCED_FACE('',(#729),#404,.T.);
#5839=ADVANCED_FACE('',(#730),#405,.T.);
#5840=ADVANCED_FACE('',(#731),#406,.T.);
#5841=ADVANCED_FACE('',(#732,#310,#311,#312,#313),#407,.T.);
#5842=ADVANCED_FACE('',(#733,#314,#315,#316,#317),#408,.F.);
#5843=CLOSED_SHELL('',(#5518,#5519,#5520,#5521,#5522,#5523,#5524,#5525,
#5526,#5527,#5528,#5529,#5530,#5531,#5532,#5533,#5534,#5535,#5536));
#5844=CLOSED_SHELL('',(#5537,#5538,#5539,#5540,#5541,#5542,#5543,#5544,
#5545,#5546,#5547,#5548,#5549,#5550,#5551,#5552,#5553,#5554,#5555,#5556,
#5557,#5558,#5559,#5560,#5561,#5562,#5563,#5564,#5565,#5566,#5567,#5568,
#5569,#5570,#5571,#5572,#5573,#5574,#5575,#5576,#5577,#5578,#5579,#5580,
#5581,#5582,#5583,#5584,#5585,#5586,#5587,#5588,#5589,#5590,#5591,#5592,
#5593,#5594,#5595,#5596,#5597,#5598,#5599,#5600,#5601,#5602,#5603,#5604,
#5605,#5606,#5607,#5608,#5609,#5610,#5611,#5612,#5613,#5614,#5615,#5616,
#5617,#5618,#5619,#5620,#5621,#5622,#5623,#5624,#5625,#5626,#5627,#5628,
#5629,#5630,#5631,#5632,#5633,#5634,#5635,#5636,#5637,#5638,#5639,#5640,
#5641,#5642,#5643,#5644,#5645,#5646,#5647,#5648,#5649,#5650,#5651,#5652,
#5653,#5654,#5655,#5656,#5657,#5658,#5659,#5660,#5661,#5662,#5663,#5664,
#5665,#5666,#5667,#5668,#5669,#5670,#5671,#5672,#5673,#5674,#5675,#5676,
#5677,#5678,#5679,#5680,#5681,#5682,#5683,#5684,#5685,#5686,#5687,#5688,
#5689,#5690,#5691,#5692,#5693,#5694,#5695,#5696,#5697,#5698,#5699,#5700,
#5701,#5702,#5703,#5704,#5705,#5706,#5707,#5708,#5709,#5710,#5711,#5712,
#5713,#5714,#5715,#5716,#5717,#5718,#5719,#5720,#5721,#5722,#5723,#5724,
#5725,#5726,#5727,#5728,#5729,#5730,#5731,#5732,#5733,#5734,#5735,#5736,
#5737,#5738,#5739,#5740,#5741,#5742,#5743,#5744,#5745,#5746,#5747,#5748,
#5749,#5750,#5751,#5752,#5753,#5754,#5755,#5756,#5757,#5758,#5759,#5760,
#5761,#5762,#5763,#5764,#5765,#5766,#5767,#5768,#5769,#5770,#5771,#5772,
#5773,#5774,#5775,#5776));
#5845=CLOSED_SHELL('',(#5777,#5778,#5779,#5780,#5781,#5782,#5783,#5784,
#5785,#5786,#5787,#5788,#5789,#5790,#5791,#5792));
#5846=CLOSED_SHELL('',(#5793,#5794,#5795,#5796,#5797,#5798,#5799,#5800,
#5801,#5802,#5803,#5804,#5805,#5806));
#5847=CLOSED_SHELL('',(#5807,#5808,#5809,#5810,#5811,#5812,#5813,#5814,
#5815,#5816));
#5848=CLOSED_SHELL('',(#5817,#5818,#5819,#5820,#5821,#5822,#5823,#5824,
#5825,#5826));
#5849=CLOSED_SHELL('',(#5827,#5828,#5829,#5830,#5831,#5832,#5833,#5834,
#5835,#5836,#5837,#5838,#5839,#5840,#5841,#5842));
#5850=DERIVED_UNIT_ELEMENT(#5864,1.);
#5851=DERIVED_UNIT_ELEMENT(#10371,-3.);
#5852=DERIVED_UNIT_ELEMENT(#5864,1.);
#5853=DERIVED_UNIT_ELEMENT(#10371,-3.);
#5854=DERIVED_UNIT_ELEMENT(#5864,1.);
#5855=DERIVED_UNIT_ELEMENT(#10371,-3.);
#5856=DERIVED_UNIT_ELEMENT(#5864,1.);
#5857=DERIVED_UNIT_ELEMENT(#10371,-3.);
#5858=DERIVED_UNIT_ELEMENT(#5864,1.);
#5859=DERIVED_UNIT_ELEMENT(#10371,-3.);
#5860=DERIVED_UNIT_ELEMENT(#5864,1.);
#5861=DERIVED_UNIT_ELEMENT(#10371,-3.);
#5862=DERIVED_UNIT_ELEMENT(#5864,1.);
#5863=DERIVED_UNIT_ELEMENT(#10371,-3.);
#5864=(
MASS_UNIT()
NAMED_UNIT(*)
SI_UNIT(.KILO.,.GRAM.)
);
#5865=DERIVED_UNIT((#5850,#5851));
#5866=DERIVED_UNIT((#5852,#5853));
#5867=DERIVED_UNIT((#5854,#5855));
#5868=DERIVED_UNIT((#5856,#5857));
#5869=DERIVED_UNIT((#5858,#5859));
#5870=DERIVED_UNIT((#5860,#5861));
#5871=DERIVED_UNIT((#5862,#5863));
#5872=MEASURE_REPRESENTATION_ITEM('density measure',
POSITIVE_RATIO_MEASURE(7850.),#5865);
#5873=MEASURE_REPRESENTATION_ITEM('density measure',
POSITIVE_RATIO_MEASURE(7850.),#5866);
#5874=MEASURE_REPRESENTATION_ITEM('density measure',
POSITIVE_RATIO_MEASURE(7850.),#5867);
#5875=MEASURE_REPRESENTATION_ITEM('density measure',
POSITIVE_RATIO_MEASURE(7850.),#5868);
#5876=MEASURE_REPRESENTATION_ITEM('density measure',
POSITIVE_RATIO_MEASURE(7850.),#5869);
#5877=MEASURE_REPRESENTATION_ITEM('density measure',
POSITIVE_RATIO_MEASURE(7850.),#5870);
#5878=MEASURE_REPRESENTATION_ITEM('density measure',
POSITIVE_RATIO_MEASURE(7850.),#5871);
#5879=PROPERTY_DEFINITION_REPRESENTATION(#5914,#5893);
#5880=PROPERTY_DEFINITION_REPRESENTATION(#5915,#5894);
#5881=PROPERTY_DEFINITION_REPRESENTATION(#5916,#5895);
#5882=PROPERTY_DEFINITION_REPRESENTATION(#5917,#5896);
#5883=PROPERTY_DEFINITION_REPRESENTATION(#5918,#5897);
#5884=PROPERTY_DEFINITION_REPRESENTATION(#5919,#5898);
#5885=PROPERTY_DEFINITION_REPRESENTATION(#5920,#5899);
#5886=PROPERTY_DEFINITION_REPRESENTATION(#5921,#5900);
#5887=PROPERTY_DEFINITION_REPRESENTATION(#5922,#5901);
#5888=PROPERTY_DEFINITION_REPRESENTATION(#5923,#5902);
#5889=PROPERTY_DEFINITION_REPRESENTATION(#5924,#5903);
#5890=PROPERTY_DEFINITION_REPRESENTATION(#5925,#5904);
#5891=PROPERTY_DEFINITION_REPRESENTATION(#5926,#5905);
#5892=PROPERTY_DEFINITION_REPRESENTATION(#5927,#5906);
#5893=REPRESENTATION('material name',(#5907),#10362);
#5894=REPRESENTATION('density',(#5872),#10362);
#5895=REPRESENTATION('material name',(#5908),#10363);
#5896=REPRESENTATION('density',(#5873),#10363);
#5897=REPRESENTATION('material name',(#5909),#10364);
#5898=REPRESENTATION('density',(#5874),#10364);
#5899=REPRESENTATION('material name',(#5910),#10365);
#5900=REPRESENTATION('density',(#5875),#10365);
#5901=REPRESENTATION('material name',(#5911),#10366);
#5902=REPRESENTATION('density',(#5876),#10366);
#5903=REPRESENTATION('material name',(#5912),#10367);
#5904=REPRESENTATION('density',(#5877),#10367);
#5905=REPRESENTATION('material name',(#5913),#10368);
#5906=REPRESENTATION('density',(#5878),#10368);
#5907=DESCRIPTIVE_REPRESENTATION_ITEM('\X2\94A2\X0\','\X2\94A2\X0\');
#5908=DESCRIPTIVE_REPRESENTATION_ITEM('\X2\94A2\X0\','\X2\94A2\X0\');
#5909=DESCRIPTIVE_REPRESENTATION_ITEM('\X2\94A2\X0\','\X2\94A2\X0\');
#5910=DESCRIPTIVE_REPRESENTATION_ITEM('\X2\94A2\X0\','\X2\94A2\X0\');
#5911=DESCRIPTIVE_REPRESENTATION_ITEM('\X2\94A2\X0\','\X2\94A2\X0\');
#5912=DESCRIPTIVE_REPRESENTATION_ITEM('\X2\94A2\X0\','\X2\94A2\X0\');
#5913=DESCRIPTIVE_REPRESENTATION_ITEM('\X2\94A2\X0\','\X2\94A2\X0\');
#5914=PROPERTY_DEFINITION('material property','material name',#10408);
#5915=PROPERTY_DEFINITION('material property','density of part',#10408);
#5916=PROPERTY_DEFINITION('material property','material name',#10409);
#5917=PROPERTY_DEFINITION('material property','density of part',#10409);
#5918=PROPERTY_DEFINITION('material property','material name',#10410);
#5919=PROPERTY_DEFINITION('material property','density of part',#10410);
#5920=PROPERTY_DEFINITION('material property','material name',#10411);
#5921=PROPERTY_DEFINITION('material property','density of part',#10411);
#5922=PROPERTY_DEFINITION('material property','material name',#10412);
#5923=PROPERTY_DEFINITION('material property','density of part',#10412);
#5924=PROPERTY_DEFINITION('material property','material name',#10413);
#5925=PROPERTY_DEFINITION('material property','density of part',#10413);
#5926=PROPERTY_DEFINITION('material property','material name',#10414);
#5927=PROPERTY_DEFINITION('material property','density of part',#10414);
#5928=AXIS2_PLACEMENT_3D('',#8681,#6725,#6726);
#5929=AXIS2_PLACEMENT_3D('',#8682,#6727,#6728);
#5930=AXIS2_PLACEMENT_3D('',#8683,#6729,#6730);
#5931=AXIS2_PLACEMENT_3D('',#8685,#6731,#6732);
#5932=AXIS2_PLACEMENT_3D('',#8688,#6734,#6735);
#5933=AXIS2_PLACEMENT_3D('',#8689,#6736,#6737);
#5934=AXIS2_PLACEMENT_3D('',#8691,#6738,#6739);
#5935=AXIS2_PLACEMENT_3D('',#8694,#6741,#6742);
#5936=AXIS2_PLACEMENT_3D('',#8695,#6743,#6744);
#5937=AXIS2_PLACEMENT_3D('',#8706,#6750,#6751);
#5938=AXIS2_PLACEMENT_3D('',#8712,#6755,#6756);
#5939=AXIS2_PLACEMENT_3D('',#8720,#6761,#6762);
#5940=AXIS2_PLACEMENT_3D('',#8723,#6765,#6766);
#5941=AXIS2_PLACEMENT_3D('',#8724,#6767,#6768);
#5942=AXIS2_PLACEMENT_3D('',#8726,#6770,#6771);
#5943=AXIS2_PLACEMENT_3D('',#8735,#6776,#6777);
#5944=AXIS2_PLACEMENT_3D('',#8741,#6781,#6782);
#5945=AXIS2_PLACEMENT_3D('',#8747,#6786,#6787);
#5946=AXIS2_PLACEMENT_3D('',#8750,#6790,#6791);
#5947=AXIS2_PLACEMENT_3D('',#8751,#6792,#6793);
#5948=AXIS2_PLACEMENT_3D('',#8761,#6799,#6800);
#5949=AXIS2_PLACEMENT_3D('',#8770,#6805,#6806);
#5950=AXIS2_PLACEMENT_3D('',#8773,#6809,#6810);
#5951=AXIS2_PLACEMENT_3D('',#8775,#6812,#6813);
#5952=AXIS2_PLACEMENT_3D('',#8777,#6815,#6816);
#5953=AXIS2_PLACEMENT_3D('',#8778,#6817,#6818);
#5954=AXIS2_PLACEMENT_3D('',#8779,#6819,#6820);
#5955=AXIS2_PLACEMENT_3D('',#8781,#6821,#6822);
#5956=AXIS2_PLACEMENT_3D('',#8783,#6823,#6824);
#5957=AXIS2_PLACEMENT_3D('',#8785,#6825,#6826);
#5958=AXIS2_PLACEMENT_3D('',#8786,#6827,#6828);
#5959=AXIS2_PLACEMENT_3D('',#8787,#6829,#6830);
#5960=AXIS2_PLACEMENT_3D('',#8791,#6832,#6833);
#5961=AXIS2_PLACEMENT_3D('',#8792,#6834,#6835);
#5962=AXIS2_PLACEMENT_3D('',#8793,#6836,#6837);
#5963=AXIS2_PLACEMENT_3D('',#8798,#6839,#6840);
#5964=AXIS2_PLACEMENT_3D('',#8802,#6842,#6843);
#5965=AXIS2_PLACEMENT_3D('',#8806,#6845,#6846);
#5966=AXIS2_PLACEMENT_3D('',#8809,#6848,#6849);
#5967=AXIS2_PLACEMENT_3D('',#8811,#6850,#6851);
#5968=AXIS2_PLACEMENT_3D('',#8813,#6852,#6853);
#5969=AXIS2_PLACEMENT_3D('',#8815,#6854,#6855);
#5970=AXIS2_PLACEMENT_3D('',#8817,#6856,#6857);
#5971=AXIS2_PLACEMENT_3D('',#8819,#6858,#6859);
#5972=AXIS2_PLACEMENT_3D('',#8821,#6860,#6861);
#5973=AXIS2_PLACEMENT_3D('',#8823,#6862,#6863);
#5974=AXIS2_PLACEMENT_3D('',#8825,#6864,#6865);
#5975=AXIS2_PLACEMENT_3D('',#8827,#6866,#6867);
#5976=AXIS2_PLACEMENT_3D('',#8829,#6868,#6869);
#5977=AXIS2_PLACEMENT_3D('',#8831,#6870,#6871);
#5978=AXIS2_PLACEMENT_3D('',#8833,#6872,#6873);
#5979=AXIS2_PLACEMENT_3D('',#8835,#6874,#6875);
#5980=AXIS2_PLACEMENT_3D('',#8837,#6876,#6877);
#5981=AXIS2_PLACEMENT_3D('',#8839,#6878,#6879);
#5982=AXIS2_PLACEMENT_3D('',#8841,#6880,#6881);
#5983=AXIS2_PLACEMENT_3D('',#8843,#6882,#6883);
#5984=AXIS2_PLACEMENT_3D('',#8845,#6884,#6885);
#5985=AXIS2_PLACEMENT_3D('',#8847,#6886,#6887);
#5986=AXIS2_PLACEMENT_3D('',#8849,#6888,#6889);
#5987=AXIS2_PLACEMENT_3D('',#8851,#6890,#6891);
#5988=AXIS2_PLACEMENT_3D('',#8853,#6892,#6893);
#5989=AXIS2_PLACEMENT_3D('',#8855,#6894,#6895);
#5990=AXIS2_PLACEMENT_3D('',#8857,#6896,#6897);
#5991=AXIS2_PLACEMENT_3D('',#8859,#6898,#6899);
#5992=AXIS2_PLACEMENT_3D('',#8861,#6900,#6901);
#5993=AXIS2_PLACEMENT_3D('',#8863,#6902,#6903);
#5994=AXIS2_PLACEMENT_3D('',#8865,#6904,#6905);
#5995=AXIS2_PLACEMENT_3D('',#8867,#6906,#6907);
#5996=AXIS2_PLACEMENT_3D('',#8869,#6908,#6909);
#5997=AXIS2_PLACEMENT_3D('',#8871,#6910,#6911);
#5998=AXIS2_PLACEMENT_3D('',#8873,#6912,#6913);
#5999=AXIS2_PLACEMENT_3D('',#8875,#6914,#6915);
#6000=AXIS2_PLACEMENT_3D('',#8877,#6916,#6917);
#6001=AXIS2_PLACEMENT_3D('',#8879,#6918,#6919);
#6002=AXIS2_PLACEMENT_3D('',#8881,#6920,#6921);
#6003=AXIS2_PLACEMENT_3D('',#8883,#6922,#6923);
#6004=AXIS2_PLACEMENT_3D('',#8885,#6924,#6925);
#6005=AXIS2_PLACEMENT_3D('',#8887,#6926,#6927);
#6006=AXIS2_PLACEMENT_3D('',#8889,#6928,#6929);
#6007=AXIS2_PLACEMENT_3D('',#8891,#6930,#6931);
#6008=AXIS2_PLACEMENT_3D('',#8894,#6932,#6933);
#6009=AXIS2_PLACEMENT_3D('',#8898,#6935,#6936);
#6010=AXIS2_PLACEMENT_3D('',#8902,#6938,#6939);
#6011=AXIS2_PLACEMENT_3D('',#8906,#6941,#6942);
#6012=AXIS2_PLACEMENT_3D('',#8912,#6945,#6946);
#6013=AXIS2_PLACEMENT_3D('',#8916,#6948,#6949);
#6014=AXIS2_PLACEMENT_3D('',#8920,#6951,#6952);
#6015=AXIS2_PLACEMENT_3D('',#8923,#6954,#6955);
#6016=AXIS2_PLACEMENT_3D('',#8928,#6957,#6958);
#6017=AXIS2_PLACEMENT_3D('',#8932,#6960,#6961);
#6018=AXIS2_PLACEMENT_3D('',#8936,#6963,#6964);
#6019=AXIS2_PLACEMENT_3D('',#8939,#6966,#6967);
#6020=AXIS2_PLACEMENT_3D('',#8942,#6968,#6969);
#6021=AXIS2_PLACEMENT_3D('',#8946,#6971,#6972);
#6022=AXIS2_PLACEMENT_3D('',#8950,#6974,#6975);
#6023=AXIS2_PLACEMENT_3D('',#8954,#6977,#6978);
#6024=AXIS2_PLACEMENT_3D('',#8960,#6981,#6982);
#6025=AXIS2_PLACEMENT_3D('',#8964,#6984,#6985);
#6026=AXIS2_PLACEMENT_3D('',#8968,#6987,#6988);
#6027=AXIS2_PLACEMENT_3D('',#8971,#6990,#6991);
#6028=AXIS2_PLACEMENT_3D('',#8973,#6992,#6993);
#6029=AXIS2_PLACEMENT_3D('',#8975,#6994,#6995);
#6030=AXIS2_PLACEMENT_3D('',#8977,#6996,#6997);
#6031=AXIS2_PLACEMENT_3D('',#8979,#6998,#6999);
#6032=AXIS2_PLACEMENT_3D('',#8981,#7000,#7001);
#6033=AXIS2_PLACEMENT_3D('',#8983,#7002,#7003);
#6034=AXIS2_PLACEMENT_3D('',#8985,#7004,#7005);
#6035=AXIS2_PLACEMENT_3D('',#8987,#7006,#7007);
#6036=AXIS2_PLACEMENT_3D('',#8989,#7008,#7009);
#6037=AXIS2_PLACEMENT_3D('',#8991,#7010,#7011);
#6038=AXIS2_PLACEMENT_3D('',#8993,#7012,#7013);
#6039=AXIS2_PLACEMENT_3D('',#8995,#7014,#7015);
#6040=AXIS2_PLACEMENT_3D('',#8997,#7016,#7017);
#6041=AXIS2_PLACEMENT_3D('',#8999,#7018,#7019);
#6042=AXIS2_PLACEMENT_3D('',#9001,#7020,#7021);
#6043=AXIS2_PLACEMENT_3D('',#9003,#7022,#7023);
#6044=AXIS2_PLACEMENT_3D('',#9004,#7024,#7025);
#6045=AXIS2_PLACEMENT_3D('',#9006,#7026,#7027);
#6046=AXIS2_PLACEMENT_3D('',#9007,#7028,#7029);
#6047=AXIS2_PLACEMENT_3D('',#9008,#7030,#7031);
#6048=AXIS2_PLACEMENT_3D('',#9013,#7033,#7034);
#6049=AXIS2_PLACEMENT_3D('',#9017,#7036,#7037);
#6050=AXIS2_PLACEMENT_3D('',#9021,#7039,#7040);
#6051=AXIS2_PLACEMENT_3D('',#9024,#7042,#7043);
#6052=AXIS2_PLACEMENT_3D('',#9026,#7044,#7045);
#6053=AXIS2_PLACEMENT_3D('',#9028,#7046,#7047);
#6054=AXIS2_PLACEMENT_3D('',#9030,#7048,#7049);
#6055=AXIS2_PLACEMENT_3D('',#9032,#7050,#7051);
#6056=AXIS2_PLACEMENT_3D('',#9034,#7052,#7053);
#6057=AXIS2_PLACEMENT_3D('',#9036,#7054,#7055);
#6058=AXIS2_PLACEMENT_3D('',#9038,#7056,#7057);
#6059=AXIS2_PLACEMENT_3D('',#9040,#7058,#7059);
#6060=AXIS2_PLACEMENT_3D('',#9042,#7060,#7061);
#6061=AXIS2_PLACEMENT_3D('',#9044,#7062,#7063);
#6062=AXIS2_PLACEMENT_3D('',#9046,#7064,#7065);
#6063=AXIS2_PLACEMENT_3D('',#9048,#7066,#7067);
#6064=AXIS2_PLACEMENT_3D('',#9050,#7068,#7069);
#6065=AXIS2_PLACEMENT_3D('',#9052,#7070,#7071);
#6066=AXIS2_PLACEMENT_3D('',#9054,#7072,#7073);
#6067=AXIS2_PLACEMENT_3D('',#9056,#7074,#7075);
#6068=AXIS2_PLACEMENT_3D('',#9058,#7076,#7077);
#6069=AXIS2_PLACEMENT_3D('',#9060,#7078,#7079);
#6070=AXIS2_PLACEMENT_3D('',#9062,#7080,#7081);
#6071=AXIS2_PLACEMENT_3D('',#9064,#7082,#7083);
#6072=AXIS2_PLACEMENT_3D('',#9066,#7084,#7085);
#6073=AXIS2_PLACEMENT_3D('',#9068,#7086,#7087);
#6074=AXIS2_PLACEMENT_3D('',#9070,#7088,#7089);
#6075=AXIS2_PLACEMENT_3D('',#9072,#7090,#7091);
#6076=AXIS2_PLACEMENT_3D('',#9074,#7092,#7093);
#6077=AXIS2_PLACEMENT_3D('',#9076,#7094,#7095);
#6078=AXIS2_PLACEMENT_3D('',#9078,#7096,#7097);
#6079=AXIS2_PLACEMENT_3D('',#9080,#7098,#7099);
#6080=AXIS2_PLACEMENT_3D('',#9082,#7100,#7101);
#6081=AXIS2_PLACEMENT_3D('',#9084,#7102,#7103);
#6082=AXIS2_PLACEMENT_3D('',#9086,#7104,#7105);
#6083=AXIS2_PLACEMENT_3D('',#9088,#7106,#7107);
#6084=AXIS2_PLACEMENT_3D('',#9090,#7108,#7109);
#6085=AXIS2_PLACEMENT_3D('',#9092,#7110,#7111);
#6086=AXIS2_PLACEMENT_3D('',#9094,#7112,#7113);
#6087=AXIS2_PLACEMENT_3D('',#9096,#7114,#7115);
#6088=AXIS2_PLACEMENT_3D('',#9098,#7116,#7117);
#6089=AXIS2_PLACEMENT_3D('',#9100,#7118,#7119);
#6090=AXIS2_PLACEMENT_3D('',#9102,#7120,#7121);
#6091=AXIS2_PLACEMENT_3D('',#9104,#7122,#7123);
#6092=AXIS2_PLACEMENT_3D('',#9106,#7124,#7125);
#6093=AXIS2_PLACEMENT_3D('',#9109,#7126,#7127);
#6094=AXIS2_PLACEMENT_3D('',#9113,#7129,#7130);
#6095=AXIS2_PLACEMENT_3D('',#9117,#7132,#7133);
#6096=AXIS2_PLACEMENT_3D('',#9121,#7135,#7136);
#6097=AXIS2_PLACEMENT_3D('',#9125,#7138,#7139);
#6098=AXIS2_PLACEMENT_3D('',#9129,#7141,#7142);
#6099=AXIS2_PLACEMENT_3D('',#9133,#7144,#7145);
#6100=AXIS2_PLACEMENT_3D('',#9137,#7147,#7148);
#6101=AXIS2_PLACEMENT_3D('',#9143,#7151,#7152);
#6102=AXIS2_PLACEMENT_3D('',#9147,#7154,#7155);
#6103=AXIS2_PLACEMENT_3D('',#9151,#7157,#7158);
#6104=AXIS2_PLACEMENT_3D('',#9154,#7160,#7161);
#6105=AXIS2_PLACEMENT_3D('',#9159,#7163,#7164);
#6106=AXIS2_PLACEMENT_3D('',#9163,#7166,#7167);
#6107=AXIS2_PLACEMENT_3D('',#9167,#7169,#7170);
#6108=AXIS2_PLACEMENT_3D('',#9170,#7172,#7173);
#6109=AXIS2_PLACEMENT_3D('',#9175,#7175,#7176);
#6110=AXIS2_PLACEMENT_3D('',#9179,#7178,#7179);
#6111=AXIS2_PLACEMENT_3D('',#9183,#7181,#7182);
#6112=AXIS2_PLACEMENT_3D('',#9186,#7184,#7185);
#6113=AXIS2_PLACEMENT_3D('',#9188,#7186,#7187);
#6114=AXIS2_PLACEMENT_3D('',#9190,#7188,#7189);
#6115=AXIS2_PLACEMENT_3D('',#9192,#7190,#7191);
#6116=AXIS2_PLACEMENT_3D('',#9194,#7192,#7193);
#6117=AXIS2_PLACEMENT_3D('',#9196,#7194,#7195);
#6118=AXIS2_PLACEMENT_3D('',#9198,#7196,#7197);
#6119=AXIS2_PLACEMENT_3D('',#9200,#7198,#7199);
#6120=AXIS2_PLACEMENT_3D('',#9202,#7200,#7201);
#6121=AXIS2_PLACEMENT_3D('',#9204,#7202,#7203);
#6122=AXIS2_PLACEMENT_3D('',#9206,#7204,#7205);
#6123=AXIS2_PLACEMENT_3D('',#9208,#7206,#7207);
#6124=AXIS2_PLACEMENT_3D('',#9210,#7208,#7209);
#6125=AXIS2_PLACEMENT_3D('',#9212,#7210,#7211);
#6126=AXIS2_PLACEMENT_3D('',#9214,#7212,#7213);
#6127=AXIS2_PLACEMENT_3D('',#9216,#7214,#7215);
#6128=AXIS2_PLACEMENT_3D('',#9218,#7216,#7217);
#6129=AXIS2_PLACEMENT_3D('',#9219,#7218,#7219);
#6130=AXIS2_PLACEMENT_3D('',#9221,#7220,#7221);
#6131=AXIS2_PLACEMENT_3D('',#9223,#7222,#7223);
#6132=AXIS2_PLACEMENT_3D('',#9224,#7224,#7225);
#6133=AXIS2_PLACEMENT_3D('',#9225,#7226,#7227);
#6134=AXIS2_PLACEMENT_3D('',#9229,#7229,#7230);
#6135=AXIS2_PLACEMENT_3D('',#9230,#7231,#7232);
#6136=AXIS2_PLACEMENT_3D('',#9231,#7233,#7234);
#6137=AXIS2_PLACEMENT_3D('',#9232,#7235,#7236);
#6138=AXIS2_PLACEMENT_3D('',#9233,#7237,#7238);
#6139=AXIS2_PLACEMENT_3D('',#9235,#7239,#7240);
#6140=AXIS2_PLACEMENT_3D('',#9237,#7241,#7242);
#6141=AXIS2_PLACEMENT_3D('',#9238,#7243,#7244);
#6142=AXIS2_PLACEMENT_3D('',#9239,#7245,#7246);
#6143=AXIS2_PLACEMENT_3D('',#9243,#7248,#7249);
#6144=AXIS2_PLACEMENT_3D('',#9244,#7250,#7251);
#6145=AXIS2_PLACEMENT_3D('',#9245,#7252,#7253);
#6146=AXIS2_PLACEMENT_3D('',#9246,#7254,#7255);
#6147=AXIS2_PLACEMENT_3D('',#9247,#7256,#7257);
#6148=AXIS2_PLACEMENT_3D('',#9249,#7258,#7259);
#6149=AXIS2_PLACEMENT_3D('',#9251,#7260,#7261);
#6150=AXIS2_PLACEMENT_3D('',#9252,#7262,#7263);
#6151=AXIS2_PLACEMENT_3D('',#9253,#7264,#7265);
#6152=AXIS2_PLACEMENT_3D('',#9256,#7266,#7267);
#6153=AXIS2_PLACEMENT_3D('',#9258,#7269,#7270);
#6154=AXIS2_PLACEMENT_3D('',#9259,#7271,#7272);
#6155=AXIS2_PLACEMENT_3D('',#9260,#7273,#7274);
#6156=AXIS2_PLACEMENT_3D('',#9261,#7275,#7276);
#6157=AXIS2_PLACEMENT_3D('',#9263,#7277,#7278);
#6158=AXIS2_PLACEMENT_3D('',#9265,#7279,#7280);
#6159=AXIS2_PLACEMENT_3D('',#9266,#7281,#7282);
#6160=AXIS2_PLACEMENT_3D('',#9267,#7283,#7284);
#6161=AXIS2_PLACEMENT_3D('',#9271,#7286,#7287);
#6162=AXIS2_PLACEMENT_3D('',#9272,#7288,#7289);
#6163=AXIS2_PLACEMENT_3D('',#9273,#7290,#7291);
#6164=AXIS2_PLACEMENT_3D('',#9274,#7292,#7293);
#6165=AXIS2_PLACEMENT_3D('',#9275,#7294,#7295);
#6166=AXIS2_PLACEMENT_3D('',#9277,#7296,#7297);
#6167=AXIS2_PLACEMENT_3D('',#9279,#7298,#7299);
#6168=AXIS2_PLACEMENT_3D('',#9280,#7300,#7301);
#6169=AXIS2_PLACEMENT_3D('',#9281,#7302,#7303);
#6170=AXIS2_PLACEMENT_3D('',#9285,#7305,#7306);
#6171=AXIS2_PLACEMENT_3D('',#9286,#7307,#7308);
#6172=AXIS2_PLACEMENT_3D('',#9287,#7309,#7310);
#6173=AXIS2_PLACEMENT_3D('',#9288,#7311,#7312);
#6174=AXIS2_PLACEMENT_3D('',#9289,#7313,#7314);
#6175=AXIS2_PLACEMENT_3D('',#9291,#7315,#7316);
#6176=AXIS2_PLACEMENT_3D('',#9293,#7317,#7318);
#6177=AXIS2_PLACEMENT_3D('',#9294,#7319,#7320);
#6178=AXIS2_PLACEMENT_3D('',#9295,#7321,#7322);
#6179=AXIS2_PLACEMENT_3D('',#9299,#7324,#7325);
#6180=AXIS2_PLACEMENT_3D('',#9300,#7326,#7327);
#6181=AXIS2_PLACEMENT_3D('',#9301,#7328,#7329);
#6182=AXIS2_PLACEMENT_3D('',#9302,#7330,#7331);
#6183=AXIS2_PLACEMENT_3D('',#9303,#7332,#7333);
#6184=AXIS2_PLACEMENT_3D('',#9305,#7334,#7335);
#6185=AXIS2_PLACEMENT_3D('',#9307,#7336,#7337);
#6186=AXIS2_PLACEMENT_3D('',#9308,#7338,#7339);
#6187=AXIS2_PLACEMENT_3D('',#9309,#7340,#7341);
#6188=AXIS2_PLACEMENT_3D('',#9313,#7343,#7344);
#6189=AXIS2_PLACEMENT_3D('',#9314,#7345,#7346);
#6190=AXIS2_PLACEMENT_3D('',#9315,#7347,#7348);
#6191=AXIS2_PLACEMENT_3D('',#9316,#7349,#7350);
#6192=AXIS2_PLACEMENT_3D('',#9317,#7351,#7352);
#6193=AXIS2_PLACEMENT_3D('',#9319,#7353,#7354);
#6194=AXIS2_PLACEMENT_3D('',#9321,#7355,#7356);
#6195=AXIS2_PLACEMENT_3D('',#9322,#7357,#7358);
#6196=AXIS2_PLACEMENT_3D('',#9323,#7359,#7360);
#6197=AXIS2_PLACEMENT_3D('',#9326,#7361,#7362);
#6198=AXIS2_PLACEMENT_3D('',#9328,#7364,#7365);
#6199=AXIS2_PLACEMENT_3D('',#9329,#7366,#7367);
#6200=AXIS2_PLACEMENT_3D('',#9331,#7368,#7369);
#6201=AXIS2_PLACEMENT_3D('',#9333,#7370,#7371);
#6202=AXIS2_PLACEMENT_3D('',#9334,#7372,#7373);
#6203=AXIS2_PLACEMENT_3D('',#9335,#7374,#7375);
#6204=AXIS2_PLACEMENT_3D('',#9338,#7376,#7377);
#6205=AXIS2_PLACEMENT_3D('',#9340,#7379,#7380);
#6206=AXIS2_PLACEMENT_3D('',#9341,#7381,#7382);
#6207=AXIS2_PLACEMENT_3D('',#9342,#7383,#7384);
#6208=AXIS2_PLACEMENT_3D('',#9343,#7385,#7386);
#6209=AXIS2_PLACEMENT_3D('',#9344,#7387,#7388);
#6210=AXIS2_PLACEMENT_3D('',#9345,#7389,#7390);
#6211=AXIS2_PLACEMENT_3D('',#9347,#7391,#7392);
#6212=AXIS2_PLACEMENT_3D('',#9349,#7393,#7394);
#6213=AXIS2_PLACEMENT_3D('',#9350,#7395,#7396);
#6214=AXIS2_PLACEMENT_3D('',#9351,#7397,#7398);
#6215=AXIS2_PLACEMENT_3D('',#9355,#7400,#7401);
#6216=AXIS2_PLACEMENT_3D('',#9356,#7402,#7403);
#6217=AXIS2_PLACEMENT_3D('',#9357,#7404,#7405);
#6218=AXIS2_PLACEMENT_3D('',#9359,#7406,#7407);
#6219=AXIS2_PLACEMENT_3D('',#9361,#7408,#7409);
#6220=AXIS2_PLACEMENT_3D('',#9362,#7410,#7411);
#6221=AXIS2_PLACEMENT_3D('',#9363,#7412,#7413);
#6222=AXIS2_PLACEMENT_3D('',#9367,#7415,#7416);
#6223=AXIS2_PLACEMENT_3D('',#9368,#7417,#7418);
#6224=AXIS2_PLACEMENT_3D('',#9369,#7419,#7420);
#6225=AXIS2_PLACEMENT_3D('',#9370,#7421,#7422);
#6226=AXIS2_PLACEMENT_3D('',#9371,#7423,#7424);
#6227=AXIS2_PLACEMENT_3D('',#9372,#7425,#7426);
#6228=AXIS2_PLACEMENT_3D('',#9373,#7427,#7428);
#6229=AXIS2_PLACEMENT_3D('',#9375,#7429,#7430);
#6230=AXIS2_PLACEMENT_3D('',#9377,#7431,#7432);
#6231=AXIS2_PLACEMENT_3D('',#9378,#7433,#7434);
#6232=AXIS2_PLACEMENT_3D('',#9379,#7435,#7436);
#6233=AXIS2_PLACEMENT_3D('',#9382,#7437,#7438);
#6234=AXIS2_PLACEMENT_3D('',#9384,#7440,#7441);
#6235=AXIS2_PLACEMENT_3D('',#9385,#7442,#7443);
#6236=AXIS2_PLACEMENT_3D('',#9386,#7444,#7445);
#6237=AXIS2_PLACEMENT_3D('',#9387,#7446,#7447);
#6238=AXIS2_PLACEMENT_3D('',#9389,#7448,#7449);
#6239=AXIS2_PLACEMENT_3D('',#9391,#7450,#7451);
#6240=AXIS2_PLACEMENT_3D('',#9392,#7452,#7453);
#6241=AXIS2_PLACEMENT_3D('',#9393,#7454,#7455);
#6242=AXIS2_PLACEMENT_3D('',#9396,#7456,#7457);
#6243=AXIS2_PLACEMENT_3D('',#9398,#7459,#7460);
#6244=AXIS2_PLACEMENT_3D('',#9399,#7461,#7462);
#6245=AXIS2_PLACEMENT_3D('',#9400,#7463,#7464);
#6246=AXIS2_PLACEMENT_3D('',#9401,#7465,#7466);
#6247=AXIS2_PLACEMENT_3D('',#9403,#7467,#7468);
#6248=AXIS2_PLACEMENT_3D('',#9405,#7469,#7470);
#6249=AXIS2_PLACEMENT_3D('',#9406,#7471,#7472);
#6250=AXIS2_PLACEMENT_3D('',#9407,#7473,#7474);
#6251=AXIS2_PLACEMENT_3D('',#9411,#7476,#7477);
#6252=AXIS2_PLACEMENT_3D('',#9412,#7478,#7479);
#6253=AXIS2_PLACEMENT_3D('',#9413,#7480,#7481);
#6254=AXIS2_PLACEMENT_3D('',#9414,#7482,#7483);
#6255=AXIS2_PLACEMENT_3D('',#9415,#7484,#7485);
#6256=AXIS2_PLACEMENT_3D('',#9417,#7486,#7487);
#6257=AXIS2_PLACEMENT_3D('',#9419,#7488,#7489);
#6258=AXIS2_PLACEMENT_3D('',#9420,#7490,#7491);
#6259=AXIS2_PLACEMENT_3D('',#9421,#7492,#7493);
#6260=AXIS2_PLACEMENT_3D('',#9424,#7494,#7495);
#6261=AXIS2_PLACEMENT_3D('',#9426,#7497,#7498);
#6262=AXIS2_PLACEMENT_3D('',#9427,#7499,#7500);
#6263=AXIS2_PLACEMENT_3D('',#9428,#7501,#7502);
#6264=AXIS2_PLACEMENT_3D('',#9429,#7503,#7504);
#6265=AXIS2_PLACEMENT_3D('',#9431,#7505,#7506);
#6266=AXIS2_PLACEMENT_3D('',#9433,#7507,#7508);
#6267=AXIS2_PLACEMENT_3D('',#9434,#7509,#7510);
#6268=AXIS2_PLACEMENT_3D('',#9435,#7511,#7512);
#6269=AXIS2_PLACEMENT_3D('',#9439,#7514,#7515);
#6270=AXIS2_PLACEMENT_3D('',#9440,#7516,#7517);
#6271=AXIS2_PLACEMENT_3D('',#9441,#7518,#7519);
#6272=AXIS2_PLACEMENT_3D('',#9442,#7520,#7521);
#6273=AXIS2_PLACEMENT_3D('',#9443,#7522,#7523);
#6274=AXIS2_PLACEMENT_3D('',#9445,#7524,#7525);
#6275=AXIS2_PLACEMENT_3D('',#9447,#7526,#7527);
#6276=AXIS2_PLACEMENT_3D('',#9448,#7528,#7529);
#6277=AXIS2_PLACEMENT_3D('',#9449,#7530,#7531);
#6278=AXIS2_PLACEMENT_3D('',#9452,#7532,#7533);
#6279=AXIS2_PLACEMENT_3D('',#9454,#7535,#7536);
#6280=AXIS2_PLACEMENT_3D('',#9455,#7537,#7538);
#6281=AXIS2_PLACEMENT_3D('',#9456,#7539,#7540);
#6282=AXIS2_PLACEMENT_3D('',#9457,#7541,#7542);
#6283=AXIS2_PLACEMENT_3D('',#9459,#7544,#7545);
#6284=AXIS2_PLACEMENT_3D('',#9461,#7547,#7548);
#6285=AXIS2_PLACEMENT_3D('',#9463,#7550,#7551);
#6286=AXIS2_PLACEMENT_3D('',#9465,#7553,#7554);
#6287=AXIS2_PLACEMENT_3D('',#9467,#7556,#7557);
#6288=AXIS2_PLACEMENT_3D('',#9469,#7559,#7560);
#6289=AXIS2_PLACEMENT_3D('',#9471,#7562,#7563);
#6290=AXIS2_PLACEMENT_3D('',#9473,#7565,#7566);
#6291=AXIS2_PLACEMENT_3D('',#9475,#7568,#7569);
#6292=AXIS2_PLACEMENT_3D('',#9477,#7571,#7572);
#6293=AXIS2_PLACEMENT_3D('',#9479,#7574,#7575);
#6294=AXIS2_PLACEMENT_3D('',#9481,#7577,#7578);
#6295=AXIS2_PLACEMENT_3D('',#9483,#7580,#7581);
#6296=AXIS2_PLACEMENT_3D('',#9485,#7583,#7584);
#6297=AXIS2_PLACEMENT_3D('',#9487,#7586,#7587);
#6298=AXIS2_PLACEMENT_3D('',#9489,#7589,#7590);
#6299=AXIS2_PLACEMENT_3D('',#9491,#7592,#7593);
#6300=AXIS2_PLACEMENT_3D('',#9493,#7595,#7596);
#6301=AXIS2_PLACEMENT_3D('',#9495,#7598,#7599);
#6302=AXIS2_PLACEMENT_3D('',#9497,#7601,#7602);
#6303=AXIS2_PLACEMENT_3D('',#9499,#7604,#7605);
#6304=AXIS2_PLACEMENT_3D('',#9501,#7607,#7608);
#6305=AXIS2_PLACEMENT_3D('',#9503,#7610,#7611);
#6306=AXIS2_PLACEMENT_3D('',#9505,#7613,#7614);
#6307=AXIS2_PLACEMENT_3D('',#9507,#7616,#7617);
#6308=AXIS2_PLACEMENT_3D('',#9509,#7619,#7620);
#6309=AXIS2_PLACEMENT_3D('',#9511,#7622,#7623);
#6310=AXIS2_PLACEMENT_3D('',#9513,#7625,#7626);
#6311=AXIS2_PLACEMENT_3D('',#9515,#7628,#7629);
#6312=AXIS2_PLACEMENT_3D('',#9517,#7631,#7632);
#6313=AXIS2_PLACEMENT_3D('',#9519,#7634,#7635);
#6314=AXIS2_PLACEMENT_3D('',#9521,#7637,#7638);
#6315=AXIS2_PLACEMENT_3D('',#9523,#7640,#7641);
#6316=AXIS2_PLACEMENT_3D('',#9525,#7643,#7644);
#6317=AXIS2_PLACEMENT_3D('',#9527,#7646,#7647);
#6318=AXIS2_PLACEMENT_3D('',#9529,#7649,#7650);
#6319=AXIS2_PLACEMENT_3D('',#9531,#7651,#7652);
#6320=AXIS2_PLACEMENT_3D('',#9534,#7654,#7655);
#6321=AXIS2_PLACEMENT_3D('',#9535,#7656,#7657);
#6322=AXIS2_PLACEMENT_3D('',#9537,#7658,#7659);
#6323=AXIS2_PLACEMENT_3D('',#9538,#7660,#7661);
#6324=AXIS2_PLACEMENT_3D('',#9539,#7662,#7663);
#6325=AXIS2_PLACEMENT_3D('',#9541,#7664,#7665);
#6326=AXIS2_PLACEMENT_3D('',#9543,#7667,#7668);
#6327=AXIS2_PLACEMENT_3D('',#9545,#7669,#7670);
#6328=AXIS2_PLACEMENT_3D('',#9546,#7671,#7672);
#6329=AXIS2_PLACEMENT_3D('',#9547,#7673,#7674);
#6330=AXIS2_PLACEMENT_3D('',#9549,#7675,#7676);
#6331=AXIS2_PLACEMENT_3D('',#9551,#7678,#7679);
#6332=AXIS2_PLACEMENT_3D('',#9553,#7680,#7681);
#6333=AXIS2_PLACEMENT_3D('',#9554,#7682,#7683);
#6334=AXIS2_PLACEMENT_3D('',#9555,#7684,#7685);
#6335=AXIS2_PLACEMENT_3D('',#9557,#7686,#7687);
#6336=AXIS2_PLACEMENT_3D('',#9559,#7689,#7690);
#6337=AXIS2_PLACEMENT_3D('',#9560,#7691,#7692);
#6338=AXIS2_PLACEMENT_3D('',#9561,#7693,#7694);
#6339=AXIS2_PLACEMENT_3D('',#9565,#7696,#7697);
#6340=AXIS2_PLACEMENT_3D('',#9567,#7699,#7700);
#6341=AXIS2_PLACEMENT_3D('',#9571,#7703,#7704);
#6342=AXIS2_PLACEMENT_3D('',#9574,#7706,#7707);
#6343=AXIS2_PLACEMENT_3D('',#9575,#7708,#7709);
#6344=AXIS2_PLACEMENT_3D('',#9579,#7712,#7713);
#6345=AXIS2_PLACEMENT_3D('',#9580,#7714,#7715);
#6346=AXIS2_PLACEMENT_3D('',#9581,#7716,#7717);
#6347=AXIS2_PLACEMENT_3D('',#9582,#7718,#7719);
#6348=AXIS2_PLACEMENT_3D('',#9583,#7720,#7721);
#6349=AXIS2_PLACEMENT_3D('',#9584,#7722,#7723);
#6350=AXIS2_PLACEMENT_3D('',#9585,#7724,#7725);
#6351=AXIS2_PLACEMENT_3D('',#9586,#7726,#7727);
#6352=AXIS2_PLACEMENT_3D('',#9588,#7728,#7729);
#6353=AXIS2_PLACEMENT_3D('',#9589,#7730,#7731);
#6354=AXIS2_PLACEMENT_3D('',#9590,#7732,#7733);
#6355=AXIS2_PLACEMENT_3D('',#9592,#7734,#7735);
#6356=AXIS2_PLACEMENT_3D('',#9594,#7737,#7738);
#6357=AXIS2_PLACEMENT_3D('',#9596,#7739,#7740);
#6358=AXIS2_PLACEMENT_3D('',#9597,#7741,#7742);
#6359=AXIS2_PLACEMENT_3D('',#9598,#7743,#7744);
#6360=AXIS2_PLACEMENT_3D('',#9599,#7745,#7746);
#6361=AXIS2_PLACEMENT_3D('',#9601,#7748,#7749);
#6362=AXIS2_PLACEMENT_3D('',#9602,#7750,#7751);
#6363=AXIS2_PLACEMENT_3D('',#9604,#7753,#7754);
#6364=AXIS2_PLACEMENT_3D('',#9606,#7756,#7757);
#6365=AXIS2_PLACEMENT_3D('',#9608,#7759,#7760);
#6366=AXIS2_PLACEMENT_3D('',#9610,#7762,#7763);
#6367=AXIS2_PLACEMENT_3D('',#9612,#7765,#7766);
#6368=AXIS2_PLACEMENT_3D('',#9614,#7768,#7769);
#6369=AXIS2_PLACEMENT_3D('',#9616,#7771,#7772);
#6370=AXIS2_PLACEMENT_3D('',#9617,#7773,#7774);
#6371=AXIS2_PLACEMENT_3D('',#9619,#7775,#7776);
#6372=AXIS2_PLACEMENT_3D('',#9622,#7778,#7779);
#6373=AXIS2_PLACEMENT_3D('',#9623,#7780,#7781);
#6374=AXIS2_PLACEMENT_3D('',#9625,#7782,#7783);
#6375=AXIS2_PLACEMENT_3D('',#9626,#7784,#7785);
#6376=AXIS2_PLACEMENT_3D('',#9627,#7786,#7787);
#6377=AXIS2_PLACEMENT_3D('',#9629,#7788,#7789);
#6378=AXIS2_PLACEMENT_3D('',#9631,#7791,#7792);
#6379=AXIS2_PLACEMENT_3D('',#9633,#7793,#7794);
#6380=AXIS2_PLACEMENT_3D('',#9634,#7795,#7796);
#6381=AXIS2_PLACEMENT_3D('',#9635,#7797,#7798);
#6382=AXIS2_PLACEMENT_3D('',#9637,#7799,#7800);
#6383=AXIS2_PLACEMENT_3D('',#9639,#7802,#7803);
#6384=AXIS2_PLACEMENT_3D('',#9641,#7804,#7805);
#6385=AXIS2_PLACEMENT_3D('',#9642,#7806,#7807);
#6386=AXIS2_PLACEMENT_3D('',#9643,#7808,#7809);
#6387=AXIS2_PLACEMENT_3D('',#9645,#7810,#7811);
#6388=AXIS2_PLACEMENT_3D('',#9647,#7813,#7814);
#6389=AXIS2_PLACEMENT_3D('',#9648,#7815,#7816);
#6390=AXIS2_PLACEMENT_3D('',#9649,#7817,#7818);
#6391=AXIS2_PLACEMENT_3D('',#9653,#7820,#7821);
#6392=AXIS2_PLACEMENT_3D('',#9655,#7823,#7824);
#6393=AXIS2_PLACEMENT_3D('',#9659,#7827,#7828);
#6394=AXIS2_PLACEMENT_3D('',#9662,#7830,#7831);
#6395=AXIS2_PLACEMENT_3D('',#9663,#7832,#7833);
#6396=AXIS2_PLACEMENT_3D('',#9667,#7836,#7837);
#6397=AXIS2_PLACEMENT_3D('',#9668,#7838,#7839);
#6398=AXIS2_PLACEMENT_3D('',#9669,#7840,#7841);
#6399=AXIS2_PLACEMENT_3D('',#9670,#7842,#7843);
#6400=AXIS2_PLACEMENT_3D('',#9671,#7844,#7845);
#6401=AXIS2_PLACEMENT_3D('',#9672,#7846,#7847);
#6402=AXIS2_PLACEMENT_3D('',#9673,#7848,#7849);
#6403=AXIS2_PLACEMENT_3D('',#9674,#7850,#7851);
#6404=AXIS2_PLACEMENT_3D('',#9676,#7852,#7853);
#6405=AXIS2_PLACEMENT_3D('',#9677,#7854,#7855);
#6406=AXIS2_PLACEMENT_3D('',#9678,#7856,#7857);
#6407=AXIS2_PLACEMENT_3D('',#9680,#7858,#7859);
#6408=AXIS2_PLACEMENT_3D('',#9682,#7861,#7862);
#6409=AXIS2_PLACEMENT_3D('',#9684,#7863,#7864);
#6410=AXIS2_PLACEMENT_3D('',#9685,#7865,#7866);
#6411=AXIS2_PLACEMENT_3D('',#9686,#7867,#7868);
#6412=AXIS2_PLACEMENT_3D('',#9687,#7869,#7870);
#6413=AXIS2_PLACEMENT_3D('',#9689,#7872,#7873);
#6414=AXIS2_PLACEMENT_3D('',#9690,#7874,#7875);
#6415=AXIS2_PLACEMENT_3D('',#9692,#7877,#7878);
#6416=AXIS2_PLACEMENT_3D('',#9694,#7879,#7880);
#6417=AXIS2_PLACEMENT_3D('',#9696,#7881,#7882);
#6418=AXIS2_PLACEMENT_3D('',#9697,#7883,#7884);
#6419=AXIS2_PLACEMENT_3D('',#9698,#7885,#7886);
#6420=AXIS2_PLACEMENT_3D('',#9700,#7887,#7888);
#6421=AXIS2_PLACEMENT_3D('',#9702,#7890,#7891);
#6422=AXIS2_PLACEMENT_3D('',#9704,#7892,#7893);
#6423=AXIS2_PLACEMENT_3D('',#9705,#7894,#7895);
#6424=AXIS2_PLACEMENT_3D('',#9706,#7896,#7897);
#6425=AXIS2_PLACEMENT_3D('',#9708,#7898,#7899);
#6426=AXIS2_PLACEMENT_3D('',#9710,#7901,#7902);
#6427=AXIS2_PLACEMENT_3D('',#9712,#7903,#7904);
#6428=AXIS2_PLACEMENT_3D('',#9713,#7905,#7906);
#6429=AXIS2_PLACEMENT_3D('',#9714,#7907,#7908);
#6430=AXIS2_PLACEMENT_3D('',#9716,#7909,#7910);
#6431=AXIS2_PLACEMENT_3D('',#9718,#7912,#7913);
#6432=AXIS2_PLACEMENT_3D('',#9720,#7914,#7915);
#6433=AXIS2_PLACEMENT_3D('',#9721,#7916,#7917);
#6434=AXIS2_PLACEMENT_3D('',#9722,#7918,#7919);
#6435=AXIS2_PLACEMENT_3D('',#9724,#7921,#7922);
#6436=AXIS2_PLACEMENT_3D('',#9730,#7926,#7927);
#6437=AXIS2_PLACEMENT_3D('',#9733,#7929,#7930);
#6438=AXIS2_PLACEMENT_3D('',#9734,#7931,#7932);
#6439=AXIS2_PLACEMENT_3D('',#9738,#7935,#7936);
#6440=AXIS2_PLACEMENT_3D('',#9741,#7938,#7939);
#6441=AXIS2_PLACEMENT_3D('',#9742,#7940,#7941);
#6442=AXIS2_PLACEMENT_3D('',#9744,#7942,#7943);
#6443=AXIS2_PLACEMENT_3D('',#9746,#7944,#7945);
#6444=AXIS2_PLACEMENT_3D('',#9747,#7946,#7947);
#6445=AXIS2_PLACEMENT_3D('',#9748,#7948,#7949);
#6446=AXIS2_PLACEMENT_3D('',#9750,#7950,#7951);
#6447=AXIS2_PLACEMENT_3D('',#9752,#7953,#7954);
#6448=AXIS2_PLACEMENT_3D('',#9753,#7955,#7956);
#6449=AXIS2_PLACEMENT_3D('',#9754,#7957,#7958);
#6450=AXIS2_PLACEMENT_3D('',#9755,#7959,#7960);
#6451=AXIS2_PLACEMENT_3D('',#9756,#7961,#7962);
#6452=AXIS2_PLACEMENT_3D('',#9757,#7963,#7964);
#6453=AXIS2_PLACEMENT_3D('',#9758,#7965,#7966);
#6454=AXIS2_PLACEMENT_3D('',#9759,#7967,#7968);
#6455=AXIS2_PLACEMENT_3D('',#9760,#7969,#7970);
#6456=AXIS2_PLACEMENT_3D('',#9761,#7971,#7972);
#6457=AXIS2_PLACEMENT_3D('',#9762,#7973,#7974);
#6458=AXIS2_PLACEMENT_3D('',#9763,#7975,#7976);
#6459=AXIS2_PLACEMENT_3D('',#9765,#7978,#7979);
#6460=AXIS2_PLACEMENT_3D('',#9767,#7981,#7982);
#6461=AXIS2_PLACEMENT_3D('',#9769,#7984,#7985);
#6462=AXIS2_PLACEMENT_3D('',#9771,#7987,#7988);
#6463=AXIS2_PLACEMENT_3D('',#9773,#7989,#7990);
#6464=AXIS2_PLACEMENT_3D('',#9775,#7991,#7992);
#6465=AXIS2_PLACEMENT_3D('',#9776,#7993,#7994);
#6466=AXIS2_PLACEMENT_3D('',#9777,#7995,#7996);
#6467=AXIS2_PLACEMENT_3D('',#9779,#7997,#7998);
#6468=AXIS2_PLACEMENT_3D('',#9781,#8000,#8001);
#6469=AXIS2_PLACEMENT_3D('',#9783,#8002,#8003);
#6470=AXIS2_PLACEMENT_3D('',#9784,#8004,#8005);
#6471=AXIS2_PLACEMENT_3D('',#9785,#8006,#8007);
#6472=AXIS2_PLACEMENT_3D('',#9787,#8008,#8009);
#6473=AXIS2_PLACEMENT_3D('',#9789,#8011,#8012);
#6474=AXIS2_PLACEMENT_3D('',#9791,#8013,#8014);
#6475=AXIS2_PLACEMENT_3D('',#9792,#8015,#8016);
#6476=AXIS2_PLACEMENT_3D('',#9793,#8017,#8018);
#6477=AXIS2_PLACEMENT_3D('',#9795,#8019,#8020);
#6478=AXIS2_PLACEMENT_3D('',#9797,#8022,#8023);
#6479=AXIS2_PLACEMENT_3D('',#9799,#8024,#8025);
#6480=AXIS2_PLACEMENT_3D('',#9800,#8026,#8027);
#6481=AXIS2_PLACEMENT_3D('',#9801,#8028,#8029);
#6482=AXIS2_PLACEMENT_3D('',#9803,#8031,#8032);
#6483=AXIS2_PLACEMENT_3D('',#9809,#8036,#8037);
#6484=AXIS2_PLACEMENT_3D('',#9812,#8039,#8040);
#6485=AXIS2_PLACEMENT_3D('',#9813,#8041,#8042);
#6486=AXIS2_PLACEMENT_3D('',#9817,#8045,#8046);
#6487=AXIS2_PLACEMENT_3D('',#9820,#8048,#8049);
#6488=AXIS2_PLACEMENT_3D('',#9821,#8050,#8051);
#6489=AXIS2_PLACEMENT_3D('',#9823,#8052,#8053);
#6490=AXIS2_PLACEMENT_3D('',#9826,#8055,#8056);
#6491=AXIS2_PLACEMENT_3D('',#9827,#8057,#8058);
#6492=AXIS2_PLACEMENT_3D('',#9828,#8059,#8060);
#6493=AXIS2_PLACEMENT_3D('',#9829,#8061,#8062);
#6494=AXIS2_PLACEMENT_3D('',#9830,#8063,#8064);
#6495=AXIS2_PLACEMENT_3D('',#9831,#8065,#8066);
#6496=AXIS2_PLACEMENT_3D('',#9832,#8067,#8068);
#6497=AXIS2_PLACEMENT_3D('',#9833,#8069,#8070);
#6498=AXIS2_PLACEMENT_3D('',#9834,#8071,#8072);
#6499=AXIS2_PLACEMENT_3D('',#9835,#8073,#8074);
#6500=AXIS2_PLACEMENT_3D('',#9836,#8075,#8076);
#6501=AXIS2_PLACEMENT_3D('',#9837,#8077,#8078);
#6502=AXIS2_PLACEMENT_3D('',#9838,#8079,#8080);
#6503=AXIS2_PLACEMENT_3D('',#9840,#8081,#8082);
#6504=AXIS2_PLACEMENT_3D('',#9842,#8084,#8085);
#6505=AXIS2_PLACEMENT_3D('',#9843,#8086,#8087);
#6506=AXIS2_PLACEMENT_3D('',#9844,#8088,#8089);
#6507=AXIS2_PLACEMENT_3D('',#9846,#8091,#8092);
#6508=AXIS2_PLACEMENT_3D('',#9848,#8094,#8095);
#6509=AXIS2_PLACEMENT_3D('',#9850,#8096,#8097);
#6510=AXIS2_PLACEMENT_3D('',#9852,#8098,#8099);
#6511=AXIS2_PLACEMENT_3D('',#9853,#8100,#8101);
#6512=AXIS2_PLACEMENT_3D('',#9854,#8102,#8103);
#6513=AXIS2_PLACEMENT_3D('',#9856,#8104,#8105);
#6514=AXIS2_PLACEMENT_3D('',#9858,#8107,#8108);
#6515=AXIS2_PLACEMENT_3D('',#9860,#8109,#8110);
#6516=AXIS2_PLACEMENT_3D('',#9861,#8111,#8112);
#6517=AXIS2_PLACEMENT_3D('',#9862,#8113,#8114);
#6518=AXIS2_PLACEMENT_3D('',#9864,#8115,#8116);
#6519=AXIS2_PLACEMENT_3D('',#9866,#8118,#8119);
#6520=AXIS2_PLACEMENT_3D('',#9868,#8120,#8121);
#6521=AXIS2_PLACEMENT_3D('',#9869,#8122,#8123);
#6522=AXIS2_PLACEMENT_3D('',#9870,#8124,#8125);
#6523=AXIS2_PLACEMENT_3D('',#9872,#8126,#8127);
#6524=AXIS2_PLACEMENT_3D('',#9874,#8129,#8130);
#6525=AXIS2_PLACEMENT_3D('',#9876,#8131,#8132);
#6526=AXIS2_PLACEMENT_3D('',#9877,#8133,#8134);
#6527=AXIS2_PLACEMENT_3D('',#9878,#8135,#8136);
#6528=AXIS2_PLACEMENT_3D('',#9880,#8138,#8139);
#6529=AXIS2_PLACEMENT_3D('',#9886,#8143,#8144);
#6530=AXIS2_PLACEMENT_3D('',#9889,#8146,#8147);
#6531=AXIS2_PLACEMENT_3D('',#9890,#8148,#8149);
#6532=AXIS2_PLACEMENT_3D('',#9894,#8152,#8153);
#6533=AXIS2_PLACEMENT_3D('',#9897,#8155,#8156);
#6534=AXIS2_PLACEMENT_3D('',#9898,#8157,#8158);
#6535=AXIS2_PLACEMENT_3D('',#9899,#8159,#8160);
#6536=AXIS2_PLACEMENT_3D('',#9900,#8161,#8162);
#6537=AXIS2_PLACEMENT_3D('',#9901,#8163,#8164);
#6538=AXIS2_PLACEMENT_3D('',#9902,#8165,#8166);
#6539=AXIS2_PLACEMENT_3D('',#9903,#8167,#8168);
#6540=AXIS2_PLACEMENT_3D('',#9904,#8169,#8170);
#6541=AXIS2_PLACEMENT_3D('',#9905,#8171,#8172);
#6542=AXIS2_PLACEMENT_3D('',#9906,#8173,#8174);
#6543=AXIS2_PLACEMENT_3D('',#9907,#8175,#8176);
#6544=AXIS2_PLACEMENT_3D('',#9909,#8177,#8178);
#6545=AXIS2_PLACEMENT_3D('',#9911,#8180,#8181);
#6546=AXIS2_PLACEMENT_3D('',#9913,#8182,#8183);
#6547=AXIS2_PLACEMENT_3D('',#9914,#8184,#8185);
#6548=AXIS2_PLACEMENT_3D('',#9915,#8186,#8187);
#6549=AXIS2_PLACEMENT_3D('',#9917,#8188,#8189);
#6550=AXIS2_PLACEMENT_3D('',#9919,#8191,#8192);
#6551=AXIS2_PLACEMENT_3D('',#9920,#8193,#8194);
#6552=AXIS2_PLACEMENT_3D('',#9921,#8195,#8196);
#6553=AXIS2_PLACEMENT_3D('',#9923,#8197,#8198);
#6554=AXIS2_PLACEMENT_3D('',#9926,#8200,#8201);
#6555=AXIS2_PLACEMENT_3D('',#9927,#8202,#8203);
#6556=AXIS2_PLACEMENT_3D('',#9929,#8204,#8205);
#6557=AXIS2_PLACEMENT_3D('',#9930,#8206,#8207);
#6558=AXIS2_PLACEMENT_3D('',#9931,#8208,#8209);
#6559=AXIS2_PLACEMENT_3D('',#9933,#8210,#8211);
#6560=AXIS2_PLACEMENT_3D('',#9935,#8213,#8214);
#6561=AXIS2_PLACEMENT_3D('',#9937,#8215,#8216);
#6562=AXIS2_PLACEMENT_3D('',#9938,#8217,#8218);
#6563=AXIS2_PLACEMENT_3D('',#9939,#8219,#8220);
#6564=AXIS2_PLACEMENT_3D('',#9941,#8221,#8222);
#6565=AXIS2_PLACEMENT_3D('',#9943,#8224,#8225);
#6566=AXIS2_PLACEMENT_3D('',#9945,#8226,#8227);
#6567=AXIS2_PLACEMENT_3D('',#9946,#8228,#8229);
#6568=AXIS2_PLACEMENT_3D('',#9947,#8230,#8231);
#6569=AXIS2_PLACEMENT_3D('',#9949,#8232,#8233);
#6570=AXIS2_PLACEMENT_3D('',#9951,#8235,#8236);
#6571=AXIS2_PLACEMENT_3D('',#9952,#8237,#8238);
#6572=AXIS2_PLACEMENT_3D('',#9953,#8239,#8240);
#6573=AXIS2_PLACEMENT_3D('',#9957,#8242,#8243);
#6574=AXIS2_PLACEMENT_3D('',#9959,#8245,#8246);
#6575=AXIS2_PLACEMENT_3D('',#9963,#8249,#8250);
#6576=AXIS2_PLACEMENT_3D('',#9966,#8252,#8253);
#6577=AXIS2_PLACEMENT_3D('',#9967,#8254,#8255);
#6578=AXIS2_PLACEMENT_3D('',#9971,#8258,#8259);
#6579=AXIS2_PLACEMENT_3D('',#9973,#8260,#8261);
#6580=AXIS2_PLACEMENT_3D('',#9975,#8263,#8264);
#6581=AXIS2_PLACEMENT_3D('',#9976,#8265,#8266);
#6582=AXIS2_PLACEMENT_3D('',#9977,#8267,#8268);
#6583=AXIS2_PLACEMENT_3D('',#9978,#8269,#8270);
#6584=AXIS2_PLACEMENT_3D('',#9979,#8271,#8272);
#6585=AXIS2_PLACEMENT_3D('',#9980,#8273,#8274);
#6586=AXIS2_PLACEMENT_3D('',#9981,#8275,#8276);
#6587=AXIS2_PLACEMENT_3D('',#9982,#8277,#8278);
#6588=AXIS2_PLACEMENT_3D('',#9983,#8279,#8280);
#6589=AXIS2_PLACEMENT_3D('',#9984,#8281,#8282);
#6590=AXIS2_PLACEMENT_3D('',#9986,#8283,#8284);
#6591=AXIS2_PLACEMENT_3D('',#9987,#8285,#8286);
#6592=AXIS2_PLACEMENT_3D('',#9988,#8287,#8288);
#6593=AXIS2_PLACEMENT_3D('',#9990,#8289,#8290);
#6594=AXIS2_PLACEMENT_3D('',#9992,#8292,#8293);
#6595=AXIS2_PLACEMENT_3D('',#9993,#8294,#8295);
#6596=AXIS2_PLACEMENT_3D('',#9994,#8296,#8297);
#6597=AXIS2_PLACEMENT_3D('',#9996,#8299,#8300);
#6598=AXIS2_PLACEMENT_3D('',#9999,#8303,#8304);
#6599=AXIS2_PLACEMENT_3D('',#10000,#8305,#8306);
#6600=AXIS2_PLACEMENT_3D('',#10002,#8308,#8309);
#6601=AXIS2_PLACEMENT_3D('',#10003,#8310,#8311);
#6602=AXIS2_PLACEMENT_3D('',#10005,#8313,#8314);
#6603=AXIS2_PLACEMENT_3D('',#10007,#8316,#8317);
#6604=AXIS2_PLACEMENT_3D('',#10009,#8319,#8320);
#6605=AXIS2_PLACEMENT_3D('',#10010,#8321,#8322);
#6606=AXIS2_PLACEMENT_3D('',#10011,#8323,#8324);
#6607=AXIS2_PLACEMENT_3D('',#10013,#8326,#8327);
#6608=AXIS2_PLACEMENT_3D('',#10015,#8329,#8330);
#6609=AXIS2_PLACEMENT_3D('',#10016,#8331,#8332);
#6610=AXIS2_PLACEMENT_3D('',#10017,#8333,#8334);
#6611=AXIS2_PLACEMENT_3D('',#10018,#8335,#8336);
#6612=AXIS2_PLACEMENT_3D('',#10020,#8337,#8338);
#6613=AXIS2_PLACEMENT_3D('',#10023,#8340,#8341);
#6614=AXIS2_PLACEMENT_3D('',#10024,#8342,#8343);
#6615=AXIS2_PLACEMENT_3D('',#10026,#8344,#8345);
#6616=AXIS2_PLACEMENT_3D('',#10029,#8347,#8348);
#6617=AXIS2_PLACEMENT_3D('',#10030,#8349,#8350);
#6618=AXIS2_PLACEMENT_3D('',#10039,#8355,#8356);
#6619=AXIS2_PLACEMENT_3D('',#10045,#8360,#8361);
#6620=AXIS2_PLACEMENT_3D('',#10051,#8365,#8366);
#6621=AXIS2_PLACEMENT_3D('',#10053,#8368,#8369);
#6622=AXIS2_PLACEMENT_3D('',#10071,#8379,#8380);
#6623=AXIS2_PLACEMENT_3D('',#10077,#8384,#8385);
#6624=AXIS2_PLACEMENT_3D('',#10081,#8388,#8389);
#6625=AXIS2_PLACEMENT_3D('',#10085,#8392,#8393);
#6626=AXIS2_PLACEMENT_3D('',#10087,#8395,#8396);
#6627=AXIS2_PLACEMENT_3D('',#10096,#8401,#8402);
#6628=AXIS2_PLACEMENT_3D('',#10099,#8405,#8406);
#6629=AXIS2_PLACEMENT_3D('',#10101,#8408,#8409);
#6630=AXIS2_PLACEMENT_3D('',#10103,#8411,#8412);
#6631=AXIS2_PLACEMENT_3D('',#10104,#8413,#8414);
#6632=AXIS2_PLACEMENT_3D('',#10105,#8415,#8416);
#6633=AXIS2_PLACEMENT_3D('',#10107,#8417,#8418);
#6634=AXIS2_PLACEMENT_3D('',#10110,#8420,#8421);
#6635=AXIS2_PLACEMENT_3D('',#10111,#8422,#8423);
#6636=AXIS2_PLACEMENT_3D('',#10112,#8424,#8425);
#6637=AXIS2_PLACEMENT_3D('',#10114,#8426,#8427);
#6638=AXIS2_PLACEMENT_3D('',#10117,#8429,#8430);
#6639=AXIS2_PLACEMENT_3D('',#10118,#8431,#8432);
#6640=AXIS2_PLACEMENT_3D('',#10119,#8433,#8434);
#6641=AXIS2_PLACEMENT_3D('',#10121,#8435,#8436);
#6642=AXIS2_PLACEMENT_3D('',#10124,#8438,#8439);
#6643=AXIS2_PLACEMENT_3D('',#10125,#8440,#8441);
#6644=AXIS2_PLACEMENT_3D('',#10126,#8442,#8443);
#6645=AXIS2_PLACEMENT_3D('',#10128,#8444,#8445);
#6646=AXIS2_PLACEMENT_3D('',#10131,#8447,#8448);
#6647=AXIS2_PLACEMENT_3D('',#10132,#8449,#8450);
#6648=AXIS2_PLACEMENT_3D('',#10133,#8451,#8452);
#6649=AXIS2_PLACEMENT_3D('',#10142,#8457,#8458);
#6650=AXIS2_PLACEMENT_3D('',#10151,#8463,#8464);
#6651=AXIS2_PLACEMENT_3D('',#10154,#8467,#8468);
#6652=AXIS2_PLACEMENT_3D('',#10156,#8470,#8471);
#6653=AXIS2_PLACEMENT_3D('',#10158,#8473,#8474);
#6654=AXIS2_PLACEMENT_3D('',#10159,#8475,#8476);
#6655=AXIS2_PLACEMENT_3D('',#10160,#8477,#8478);
#6656=AXIS2_PLACEMENT_3D('',#10162,#8479,#8480);
#6657=AXIS2_PLACEMENT_3D('',#10165,#8482,#8483);
#6658=AXIS2_PLACEMENT_3D('',#10166,#8484,#8485);
#6659=AXIS2_PLACEMENT_3D('',#10168,#8486,#8487);
#6660=AXIS2_PLACEMENT_3D('',#10171,#8489,#8490);
#6661=AXIS2_PLACEMENT_3D('',#10172,#8491,#8492);
#6662=AXIS2_PLACEMENT_3D('',#10174,#8493,#8494);
#6663=AXIS2_PLACEMENT_3D('',#10177,#8496,#8497);
#6664=AXIS2_PLACEMENT_3D('',#10178,#8498,#8499);
#6665=AXIS2_PLACEMENT_3D('',#10180,#8500,#8501);
#6666=AXIS2_PLACEMENT_3D('',#10183,#8503,#8504);
#6667=AXIS2_PLACEMENT_3D('',#10184,#8505,#8506);
#6668=AXIS2_PLACEMENT_3D('',#10193,#8511,#8512);
#6669=AXIS2_PLACEMENT_3D('',#10199,#8516,#8517);
#6670=AXIS2_PLACEMENT_3D('',#10205,#8521,#8522);
#6671=AXIS2_PLACEMENT_3D('',#10208,#8525,#8526);
#6672=AXIS2_PLACEMENT_3D('',#10209,#8527,#8528);
#6673=AXIS2_PLACEMENT_3D('',#10210,#8529,#8530);
#6674=AXIS2_PLACEMENT_3D('',#10211,#8531,#8532);
#6675=AXIS2_PLACEMENT_3D('',#10213,#8533,#8534);
#6676=AXIS2_PLACEMENT_3D('',#10216,#8536,#8537);
#6677=AXIS2_PLACEMENT_3D('',#10217,#8538,#8539);
#6678=AXIS2_PLACEMENT_3D('',#10219,#8540,#8541);
#6679=AXIS2_PLACEMENT_3D('',#10222,#8543,#8544);
#6680=AXIS2_PLACEMENT_3D('',#10223,#8545,#8546);
#6681=AXIS2_PLACEMENT_3D('',#10225,#8547,#8548);
#6682=AXIS2_PLACEMENT_3D('',#10228,#8550,#8551);
#6683=AXIS2_PLACEMENT_3D('',#10229,#8552,#8553);
#6684=AXIS2_PLACEMENT_3D('',#10231,#8554,#8555);
#6685=AXIS2_PLACEMENT_3D('',#10234,#8557,#8558);
#6686=AXIS2_PLACEMENT_3D('',#10235,#8559,#8560);
#6687=AXIS2_PLACEMENT_3D('',#10244,#8565,#8566);
#6688=AXIS2_PLACEMENT_3D('',#10253,#8571,#8572);
#6689=AXIS2_PLACEMENT_3D('',#10256,#8575,#8576);
#6690=AXIS2_PLACEMENT_3D('',#10258,#8578,#8579);
#6691=AXIS2_PLACEMENT_3D('',#10260,#8581,#8582);
#6692=AXIS2_PLACEMENT_3D('',#10261,#8583,#8584);
#6693=AXIS2_PLACEMENT_3D('',#10262,#8585,#8586);
#6694=AXIS2_PLACEMENT_3D('',#10271,#8591,#8592);
#6695=AXIS2_PLACEMENT_3D('',#10279,#8597,#8598);
#6696=AXIS2_PLACEMENT_3D('',#10285,#8602,#8603);
#6697=AXIS2_PLACEMENT_3D('',#10290,#8607,#8608);
#6698=AXIS2_PLACEMENT_3D('',#10291,#8609,#8610);
#6699=AXIS2_PLACEMENT_3D('',#10297,#8614,#8615);
#6700=AXIS2_PLACEMENT_3D('',#10303,#8619,#8620);
#6701=AXIS2_PLACEMENT_3D('',#10305,#8621,#8622);
#6702=AXIS2_PLACEMENT_3D('',#10308,#8624,#8625);
#6703=AXIS2_PLACEMENT_3D('',#10309,#8626,#8627);
#6704=AXIS2_PLACEMENT_3D('',#10311,#8628,#8629);
#6705=AXIS2_PLACEMENT_3D('',#10314,#8631,#8632);
#6706=AXIS2_PLACEMENT_3D('',#10315,#8633,#8634);
#6707=AXIS2_PLACEMENT_3D('',#10317,#8635,#8636);
#6708=AXIS2_PLACEMENT_3D('',#10320,#8638,#8639);
#6709=AXIS2_PLACEMENT_3D('',#10321,#8640,#8641);
#6710=AXIS2_PLACEMENT_3D('',#10323,#8642,#8643);
#6711=AXIS2_PLACEMENT_3D('',#10326,#8645,#8646);
#6712=AXIS2_PLACEMENT_3D('',#10327,#8647,#8648);
#6713=AXIS2_PLACEMENT_3D('',#10333,#8652,#8653);
#6714=AXIS2_PLACEMENT_3D('',#10339,#8657,#8658);
#6715=AXIS2_PLACEMENT_3D('',#10342,#8661,#8662);
#6716=AXIS2_PLACEMENT_3D('',#10343,#8663,#8664);
#6717=AXIS2_PLACEMENT_3D('',#10344,#8665,#8666);
#6718=AXIS2_PLACEMENT_3D('',#10345,#8667,#8668);
#6719=AXIS2_PLACEMENT_3D('',#10346,#8669,#8670);
#6720=AXIS2_PLACEMENT_3D('',#10347,#8671,#8672);
#6721=AXIS2_PLACEMENT_3D('',#10348,#8673,#8674);
#6722=AXIS2_PLACEMENT_3D('',#10349,#8675,#8676);
#6723=AXIS2_PLACEMENT_3D('',#10350,#8677,#8678);
#6724=AXIS2_PLACEMENT_3D('',#10351,#8679,#8680);
#6725=DIRECTION('axis',(0.,0.,1.));
#6726=DIRECTION('refdir',(1.,0.,0.));
#6727=DIRECTION('axis',(0.,0.,1.));
#6728=DIRECTION('refdir',(1.,0.,0.));
#6729=DIRECTION('center_axis',(0.,-1.,0.));
#6730=DIRECTION('ref_axis',(-1.,0.,0.));
#6731=DIRECTION('center_axis',(0.,-1.,0.));
#6732=DIRECTION('ref_axis',(-1.,0.,0.));
#6733=DIRECTION('',(0.,-1.,0.));
#6734=DIRECTION('center_axis',(0.,1.,0.));
#6735=DIRECTION('ref_axis',(-1.,0.,0.));
#6736=DIRECTION('center_axis',(0.,-1.,0.));
#6737=DIRECTION('ref_axis',(-1.,0.,0.));
#6738=DIRECTION('center_axis',(0.,-1.,0.));
#6739=DIRECTION('ref_axis',(-1.,0.,0.));
#6740=DIRECTION('',(0.,-1.,0.));
#6741=DIRECTION('center_axis',(0.,1.,0.));
#6742=DIRECTION('ref_axis',(-1.,0.,0.));
#6743=DIRECTION('center_axis',(-1.,0.,0.));
#6744=DIRECTION('ref_axis',(0.,0.,1.));
#6745=DIRECTION('',(0.,0.,-1.));
#6746=DIRECTION('',(0.,1.,0.));
#6747=DIRECTION('',(0.,0.,1.));
#6748=DIRECTION('',(0.,1.,0.));
#6749=DIRECTION('',(0.,0.,-1.));
#6750=DIRECTION('center_axis',(0.,0.,-1.));
#6751=DIRECTION('ref_axis',(-1.,0.,0.));
#6752=DIRECTION('',(1.,0.,0.));
#6753=DIRECTION('',(-1.,0.,0.));
#6754=DIRECTION('',(0.,1.,0.));
#6755=DIRECTION('center_axis',(1.,0.,0.));
#6756=DIRECTION('ref_axis',(0.,0.,-1.));
#6757=DIRECTION('',(0.,0.,1.));
#6758=DIRECTION('',(0.,0.,-1.));
#6759=DIRECTION('',(0.,1.,0.));
#6760=DIRECTION('',(0.,0.,1.));
#6761=DIRECTION('center_axis',(0.,0.,1.));
#6762=DIRECTION('ref_axis',(1.,0.,0.));
#6763=DIRECTION('',(-1.,0.,0.));
#6764=DIRECTION('',(1.,0.,0.));
#6765=DIRECTION('center_axis',(0.,1.,0.));
#6766=DIRECTION('ref_axis',(0.,0.,1.));
#6767=DIRECTION('center_axis',(0.,1.,0.));
#6768=DIRECTION('ref_axis',(-1.,0.,0.));
#6769=DIRECTION('',(-1.,0.,0.));
#6770=DIRECTION('center_axis',(-1.,0.,0.));
#6771=DIRECTION('ref_axis',(0.,0.,1.));
#6772=DIRECTION('',(0.,0.,-1.));
#6773=DIRECTION('',(0.,1.,0.));
#6774=DIRECTION('',(0.,0.,1.));
#6775=DIRECTION('',(0.,1.,0.));
#6776=DIRECTION('center_axis',(0.,0.,-1.));
#6777=DIRECTION('ref_axis',(-1.,0.,0.));
#6778=DIRECTION('',(1.,0.,0.));
#6779=DIRECTION('',(-1.,0.,0.));
#6780=DIRECTION('',(0.,1.,0.));
#6781=DIRECTION('center_axis',(1.,0.,0.));
#6782=DIRECTION('ref_axis',(0.,0.,-1.));
#6783=DIRECTION('',(0.,0.,1.));
#6784=DIRECTION('',(0.,0.,-1.));
#6785=DIRECTION('',(0.,1.,0.));
#6786=DIRECTION('center_axis',(0.,0.,1.));
#6787=DIRECTION('ref_axis',(1.,0.,0.));
#6788=DIRECTION('',(-1.,0.,0.));
#6789=DIRECTION('',(1.,0.,0.));
#6790=DIRECTION('center_axis',(0.,1.,0.));
#6791=DIRECTION('ref_axis',(0.,0.,1.));
#6792=DIRECTION('center_axis',(0.,1.,0.));
#6793=DIRECTION('ref_axis',(0.,0.,1.));
#6794=DIRECTION('',(-1.,0.,0.));
#6795=DIRECTION('',(0.,0.,1.));
#6796=DIRECTION('',(1.,0.,0.));
#6797=DIRECTION('',(0.,0.,-1.));
#6798=DIRECTION('',(-1.,0.,0.));
#6799=DIRECTION('center_axis',(0.,1.,0.));
#6800=DIRECTION('ref_axis',(0.,0.,1.));
#6801=DIRECTION('',(-1.,0.,0.));
#6802=DIRECTION('',(0.,0.,-1.));
#6803=DIRECTION('',(1.,0.,0.));
#6804=DIRECTION('',(0.,0.,1.));
#6805=DIRECTION('center_axis',(1.,0.,0.));
#6806=DIRECTION('ref_axis',(0.,1.,0.));
#6807=DIRECTION('',(0.,-1.,0.));
#6808=DIRECTION('',(0.,-1.,0.));
#6809=DIRECTION('center_axis',(0.,0.,1.));
#6810=DIRECTION('ref_axis',(0.,-1.,0.));
#6811=DIRECTION('',(0.,-1.,0.));
#6812=DIRECTION('center_axis',(-1.,0.,0.));
#6813=DIRECTION('ref_axis',(0.,-1.,0.));
#6814=DIRECTION('',(0.,-1.,0.));
#6815=DIRECTION('center_axis',(0.,0.,-1.));
#6816=DIRECTION('ref_axis',(0.,1.,0.));
#6817=DIRECTION('axis',(0.,0.,1.));
#6818=DIRECTION('refdir',(1.,0.,0.));
#6819=DIRECTION('center_axis',(0.,-1.,0.));
#6820=DIRECTION('ref_axis',(0.,0.,-1.));
#6821=DIRECTION('center_axis',(0.,1.,0.));
#6822=DIRECTION('ref_axis',(-1.,0.,0.));
#6823=DIRECTION('center_axis',(-1.,0.,0.));
#6824=DIRECTION('ref_axis',(0.,0.,1.));
#6825=DIRECTION('center_axis',(0.,-1.,0.));
#6826=DIRECTION('ref_axis',(-1.,0.,0.));
#6827=DIRECTION('center_axis',(0.,-1.,0.));
#6828=DIRECTION('ref_axis',(-1.,0.,0.));
#6829=DIRECTION('center_axis',(0.,-1.,0.));
#6830=DIRECTION('ref_axis',(-1.,0.,0.));
#6831=DIRECTION('',(0.,-1.,0.));
#6832=DIRECTION('center_axis',(0.,1.,0.));
#6833=DIRECTION('ref_axis',(-1.,0.,0.));
#6834=DIRECTION('center_axis',(0.,1.,0.));
#6835=DIRECTION('ref_axis',(-1.,0.,0.));
#6836=DIRECTION('center_axis',(0.,1.,0.));
#6837=DIRECTION('ref_axis',(0.,0.,1.));
#6838=DIRECTION('',(0.,0.,-1.));
#6839=DIRECTION('center_axis',(0.,-1.,0.));
#6840=DIRECTION('ref_axis',(-0.707106781186548,0.,0.707106781186547));
#6841=DIRECTION('',(-1.,0.,0.));
#6842=DIRECTION('center_axis',(0.,-1.,0.));
#6843=DIRECTION('ref_axis',(0.707106781186548,0.,0.707106781186548));
#6844=DIRECTION('',(0.,0.,1.));
#6845=DIRECTION('center_axis',(0.,-1.,0.));
#6846=DIRECTION('ref_axis',(0.707106781186547,0.,-0.707106781186548));
#6847=DIRECTION('',(1.,0.,0.));
#6848=DIRECTION('center_axis',(0.,-1.,0.));
#6849=DIRECTION('ref_axis',(-0.707106781186547,0.,-0.707106781186548));
#6850=DIRECTION('center_axis',(0.,1.,0.));
#6851=DIRECTION('ref_axis',(-1.,0.,0.));
#6852=DIRECTION('center_axis',(0.,1.,0.));
#6853=DIRECTION('ref_axis',(-1.,0.,0.));
#6854=DIRECTION('center_axis',(0.,1.,0.));
#6855=DIRECTION('ref_axis',(-1.,0.,0.));
#6856=DIRECTION('center_axis',(0.,1.,0.));
#6857=DIRECTION('ref_axis',(-1.,0.,0.));
#6858=DIRECTION('center_axis',(0.,1.,0.));
#6859=DIRECTION('ref_axis',(-1.,0.,0.));
#6860=DIRECTION('center_axis',(0.,1.,0.));
#6861=DIRECTION('ref_axis',(-1.,0.,0.));
#6862=DIRECTION('center_axis',(0.,1.,0.));
#6863=DIRECTION('ref_axis',(-1.,0.,0.));
#6864=DIRECTION('center_axis',(0.,1.,0.));
#6865=DIRECTION('ref_axis',(-1.,0.,0.));
#6866=DIRECTION('center_axis',(0.,1.,0.));
#6867=DIRECTION('ref_axis',(-1.,0.,0.));
#6868=DIRECTION('center_axis',(0.,-1.,0.));
#6869=DIRECTION('ref_axis',(-1.,0.,0.));
#6870=DIRECTION('center_axis',(0.,-1.,0.));
#6871=DIRECTION('ref_axis',(-1.,0.,0.));
#6872=DIRECTION('center_axis',(0.,-1.,0.));
#6873=DIRECTION('ref_axis',(-1.,0.,0.));
#6874=DIRECTION('center_axis',(0.,-1.,0.));
#6875=DIRECTION('ref_axis',(-1.,0.,0.));
#6876=DIRECTION('center_axis',(0.,-1.,0.));
#6877=DIRECTION('ref_axis',(-1.,0.,0.));
#6878=DIRECTION('center_axis',(0.,-1.,0.));
#6879=DIRECTION('ref_axis',(-1.,0.,0.));
#6880=DIRECTION('center_axis',(0.,-1.,0.));
#6881=DIRECTION('ref_axis',(-1.,0.,0.));
#6882=DIRECTION('center_axis',(0.,-1.,0.));
#6883=DIRECTION('ref_axis',(-1.,0.,0.));
#6884=DIRECTION('center_axis',(0.,-1.,0.));
#6885=DIRECTION('ref_axis',(-1.,0.,0.));
#6886=DIRECTION('center_axis',(0.,-1.,0.));
#6887=DIRECTION('ref_axis',(-1.,0.,0.));
#6888=DIRECTION('center_axis',(0.,-1.,0.));
#6889=DIRECTION('ref_axis',(-1.,0.,0.));
#6890=DIRECTION('center_axis',(0.,-1.,0.));
#6891=DIRECTION('ref_axis',(-1.,0.,0.));
#6892=DIRECTION('center_axis',(0.,-1.,0.));
#6893=DIRECTION('ref_axis',(-1.,0.,0.));
#6894=DIRECTION('center_axis',(0.,-1.,0.));
#6895=DIRECTION('ref_axis',(-1.,0.,0.));
#6896=DIRECTION('center_axis',(0.,-1.,0.));
#6897=DIRECTION('ref_axis',(-1.,0.,0.));
#6898=DIRECTION('center_axis',(0.,-1.,0.));
#6899=DIRECTION('ref_axis',(-1.,0.,0.));
#6900=DIRECTION('center_axis',(0.,-1.,0.));
#6901=DIRECTION('ref_axis',(-1.,0.,0.));
#6902=DIRECTION('center_axis',(0.,-1.,0.));
#6903=DIRECTION('ref_axis',(-1.,0.,0.));
#6904=DIRECTION('center_axis',(0.,-1.,0.));
#6905=DIRECTION('ref_axis',(-1.,0.,0.));
#6906=DIRECTION('center_axis',(0.,-1.,0.));
#6907=DIRECTION('ref_axis',(-1.,0.,0.));
#6908=DIRECTION('center_axis',(0.,-1.,0.));
#6909=DIRECTION('ref_axis',(-1.,0.,0.));
#6910=DIRECTION('center_axis',(0.,-1.,0.));
#6911=DIRECTION('ref_axis',(-1.,0.,0.));
#6912=DIRECTION('center_axis',(0.,-1.,0.));
#6913=DIRECTION('ref_axis',(-1.,0.,0.));
#6914=DIRECTION('center_axis',(0.,-1.,0.));
#6915=DIRECTION('ref_axis',(-1.,0.,0.));
#6916=DIRECTION('center_axis',(0.,-1.,0.));
#6917=DIRECTION('ref_axis',(-1.,0.,0.));
#6918=DIRECTION('center_axis',(0.,-1.,0.));
#6919=DIRECTION('ref_axis',(-1.,0.,0.));
#6920=DIRECTION('center_axis',(0.,-1.,0.));
#6921=DIRECTION('ref_axis',(-1.,0.,0.));
#6922=DIRECTION('center_axis',(0.,-1.,0.));
#6923=DIRECTION('ref_axis',(-1.,0.,0.));
#6924=DIRECTION('center_axis',(0.,-1.,0.));
#6925=DIRECTION('ref_axis',(-1.,0.,0.));
#6926=DIRECTION('center_axis',(0.,-1.,0.));
#6927=DIRECTION('ref_axis',(-1.,0.,0.));
#6928=DIRECTION('center_axis',(0.,-1.,0.));
#6929=DIRECTION('ref_axis',(-1.,0.,0.));
#6930=DIRECTION('center_axis',(0.,-1.,0.));
#6931=DIRECTION('ref_axis',(-1.,0.,0.));
#6932=DIRECTION('center_axis',(0.,1.,0.));
#6933=DIRECTION('ref_axis',(0.707106781186548,0.,-0.707106781186548));
#6934=DIRECTION('',(0.,0.,-1.));
#6935=DIRECTION('center_axis',(0.,1.,0.));
#6936=DIRECTION('ref_axis',(0.707106781186548,0.,0.707106781186548));
#6937=DIRECTION('',(1.,0.,0.));
#6938=DIRECTION('center_axis',(0.,1.,0.));
#6939=DIRECTION('ref_axis',(-0.707106781186548,0.,0.707106781186548));
#6940=DIRECTION('',(0.,0.,1.));
#6941=DIRECTION('center_axis',(0.,1.,0.));
#6942=DIRECTION('ref_axis',(-0.707106781186548,0.,-0.707106781186548));
#6943=DIRECTION('',(-1.,0.,0.));
#6944=DIRECTION('',(0.,0.,1.));
#6945=DIRECTION('center_axis',(0.,1.,0.));
#6946=DIRECTION('ref_axis',(-0.70710678118655,0.,-0.707106781186545));
#6947=DIRECTION('',(-1.,0.,0.));
#6948=DIRECTION('center_axis',(0.,1.,0.));
#6949=DIRECTION('ref_axis',(0.707106781186549,0.,-0.707106781186546));
#6950=DIRECTION('',(0.,0.,-1.));
#6951=DIRECTION('center_axis',(0.,1.,0.));
#6952=DIRECTION('ref_axis',(0.707106781186549,0.,0.707106781186546));
#6953=DIRECTION('',(1.,0.,0.));
#6954=DIRECTION('center_axis',(0.,1.,0.));
#6955=DIRECTION('ref_axis',(-0.707106781186545,0.,0.70710678118655));
#6956=DIRECTION('',(0.,0.,-1.));
#6957=DIRECTION('center_axis',(0.,1.,0.));
#6958=DIRECTION('ref_axis',(0.707106781186548,0.,0.707106781186548));
#6959=DIRECTION('',(1.,0.,0.));
#6960=DIRECTION('center_axis',(0.,1.,0.));
#6961=DIRECTION('ref_axis',(-0.707106781186548,0.,0.707106781186547));
#6962=DIRECTION('',(0.,0.,1.));
#6963=DIRECTION('center_axis',(0.,1.,0.));
#6964=DIRECTION('ref_axis',(-0.707106781186546,0.,-0.707106781186549));
#6965=DIRECTION('',(-1.,0.,0.));
#6966=DIRECTION('center_axis',(0.,1.,0.));
#6967=DIRECTION('ref_axis',(0.707106781186548,0.,-0.707106781186548));
#6968=DIRECTION('center_axis',(0.,1.,0.));
#6969=DIRECTION('ref_axis',(-0.70710678118655,0.,-0.707106781186545));
#6970=DIRECTION('',(-1.,0.,8.8817841970012E-15));
#6971=DIRECTION('center_axis',(0.,1.,0.));
#6972=DIRECTION('ref_axis',(0.70710678118655,0.,-0.707106781186545));
#6973=DIRECTION('',(1.61486985400023E-15,0.,-1.));
#6974=DIRECTION('center_axis',(0.,1.,0.));
#6975=DIRECTION('ref_axis',(0.70710678118655,0.,0.707106781186545));
#6976=DIRECTION('',(1.,0.,0.));
#6977=DIRECTION('center_axis',(0.,1.,0.));
#6978=DIRECTION('ref_axis',(-0.707106781186544,0.,0.707106781186551));
#6979=DIRECTION('',(0.,0.,1.));
#6980=DIRECTION('',(1.,0.,0.));
#6981=DIRECTION('center_axis',(0.,1.,0.));
#6982=DIRECTION('ref_axis',(-0.707106781186547,0.,0.707106781186548));
#6983=DIRECTION('',(0.,0.,1.));
#6984=DIRECTION('center_axis',(0.,1.,0.));
#6985=DIRECTION('ref_axis',(-0.707106781186547,0.,-0.707106781186548));
#6986=DIRECTION('',(-1.,0.,-3.17206578464331E-16));
#6987=DIRECTION('center_axis',(0.,1.,0.));
#6988=DIRECTION('ref_axis',(0.707106781186547,0.,-0.707106781186548));
#6989=DIRECTION('',(0.,0.,-1.));
#6990=DIRECTION('center_axis',(0.,1.,0.));
#6991=DIRECTION('ref_axis',(0.707106781186547,0.,0.707106781186548));
#6992=DIRECTION('center_axis',(0.,-1.,0.));
#6993=DIRECTION('ref_axis',(-1.,0.,0.));
#6994=DIRECTION('center_axis',(0.,-1.,0.));
#6995=DIRECTION('ref_axis',(-1.,0.,0.));
#6996=DIRECTION('center_axis',(0.,-1.,0.));
#6997=DIRECTION('ref_axis',(-1.,0.,0.));
#6998=DIRECTION('center_axis',(0.,-1.,0.));
#6999=DIRECTION('ref_axis',(-1.,0.,0.));
#7000=DIRECTION('center_axis',(0.,-1.,0.));
#7001=DIRECTION('ref_axis',(-1.,0.,0.));
#7002=DIRECTION('center_axis',(0.,-1.,0.));
#7003=DIRECTION('ref_axis',(-1.,0.,0.));
#7004=DIRECTION('center_axis',(0.,-1.,0.));
#7005=DIRECTION('ref_axis',(-1.,0.,0.));
#7006=DIRECTION('center_axis',(0.,-1.,0.));
#7007=DIRECTION('ref_axis',(-1.,0.,0.));
#7008=DIRECTION('center_axis',(0.,1.,0.));
#7009=DIRECTION('ref_axis',(-1.,0.,0.));
#7010=DIRECTION('center_axis',(0.,1.,0.));
#7011=DIRECTION('ref_axis',(-1.,0.,0.));
#7012=DIRECTION('center_axis',(0.,1.,0.));
#7013=DIRECTION('ref_axis',(-1.,0.,0.));
#7014=DIRECTION('center_axis',(0.,1.,0.));
#7015=DIRECTION('ref_axis',(-1.,0.,0.));
#7016=DIRECTION('center_axis',(0.,1.,0.));
#7017=DIRECTION('ref_axis',(-1.,0.,0.));
#7018=DIRECTION('center_axis',(0.,1.,0.));
#7019=DIRECTION('ref_axis',(-1.,0.,0.));
#7020=DIRECTION('center_axis',(0.,1.,0.));
#7021=DIRECTION('ref_axis',(-1.,0.,0.));
#7022=DIRECTION('center_axis',(0.,1.,0.));
#7023=DIRECTION('ref_axis',(-1.,0.,0.));
#7024=DIRECTION('center_axis',(0.,1.,0.));
#7025=DIRECTION('ref_axis',(0.,0.,1.));
#7026=DIRECTION('center_axis',(0.,-1.,0.));
#7027=DIRECTION('ref_axis',(-1.,0.,0.));
#7028=DIRECTION('center_axis',(-1.,0.,0.));
#7029=DIRECTION('ref_axis',(0.,0.,-1.));
#7030=DIRECTION('center_axis',(0.,1.,0.));
#7031=DIRECTION('ref_axis',(0.,0.,1.));
#7032=DIRECTION('',(1.,0.,0.));
#7033=DIRECTION('center_axis',(0.,1.,0.));
#7034=DIRECTION('ref_axis',(-0.707106781186548,0.,0.707106781186547));
#7035=DIRECTION('',(0.,0.,1.));
#7036=DIRECTION('center_axis',(0.,1.,0.));
#7037=DIRECTION('ref_axis',(-0.707106781186548,0.,-0.707106781186548));
#7038=DIRECTION('',(-1.,0.,0.));
#7039=DIRECTION('center_axis',(0.,1.,0.));
#7040=DIRECTION('ref_axis',(0.707106781186547,0.,-0.707106781186548));
#7041=DIRECTION('',(0.,0.,-1.));
#7042=DIRECTION('center_axis',(0.,1.,0.));
#7043=DIRECTION('ref_axis',(0.707106781186548,0.,0.707106781186548));
#7044=DIRECTION('center_axis',(0.,-1.,0.));
#7045=DIRECTION('ref_axis',(-1.,0.,0.));
#7046=DIRECTION('center_axis',(0.,-1.,0.));
#7047=DIRECTION('ref_axis',(-1.,0.,0.));
#7048=DIRECTION('center_axis',(0.,-1.,0.));
#7049=DIRECTION('ref_axis',(-1.,0.,0.));
#7050=DIRECTION('center_axis',(0.,-1.,0.));
#7051=DIRECTION('ref_axis',(-1.,0.,0.));
#7052=DIRECTION('center_axis',(0.,-1.,0.));
#7053=DIRECTION('ref_axis',(-1.,0.,0.));
#7054=DIRECTION('center_axis',(0.,-1.,0.));
#7055=DIRECTION('ref_axis',(-1.,0.,0.));
#7056=DIRECTION('center_axis',(0.,-1.,0.));
#7057=DIRECTION('ref_axis',(-1.,0.,0.));
#7058=DIRECTION('center_axis',(0.,-1.,0.));
#7059=DIRECTION('ref_axis',(-1.,0.,0.));
#7060=DIRECTION('center_axis',(0.,-1.,0.));
#7061=DIRECTION('ref_axis',(-1.,0.,0.));
#7062=DIRECTION('center_axis',(0.,1.,0.));
#7063=DIRECTION('ref_axis',(-1.,0.,0.));
#7064=DIRECTION('center_axis',(0.,1.,0.));
#7065=DIRECTION('ref_axis',(-1.,0.,0.));
#7066=DIRECTION('center_axis',(0.,1.,0.));
#7067=DIRECTION('ref_axis',(-1.,0.,0.));
#7068=DIRECTION('center_axis',(0.,1.,0.));
#7069=DIRECTION('ref_axis',(-1.,0.,0.));
#7070=DIRECTION('center_axis',(0.,1.,0.));
#7071=DIRECTION('ref_axis',(-1.,0.,0.));
#7072=DIRECTION('center_axis',(0.,1.,0.));
#7073=DIRECTION('ref_axis',(-1.,0.,0.));
#7074=DIRECTION('center_axis',(0.,1.,0.));
#7075=DIRECTION('ref_axis',(-1.,0.,0.));
#7076=DIRECTION('center_axis',(0.,1.,0.));
#7077=DIRECTION('ref_axis',(-1.,0.,0.));
#7078=DIRECTION('center_axis',(0.,1.,0.));
#7079=DIRECTION('ref_axis',(-1.,0.,0.));
#7080=DIRECTION('center_axis',(0.,1.,0.));
#7081=DIRECTION('ref_axis',(-1.,0.,0.));
#7082=DIRECTION('center_axis',(0.,1.,0.));
#7083=DIRECTION('ref_axis',(-1.,0.,0.));
#7084=DIRECTION('center_axis',(0.,1.,0.));
#7085=DIRECTION('ref_axis',(-1.,0.,0.));
#7086=DIRECTION('center_axis',(0.,1.,0.));
#7087=DIRECTION('ref_axis',(-1.,0.,0.));
#7088=DIRECTION('center_axis',(0.,1.,0.));
#7089=DIRECTION('ref_axis',(-1.,0.,0.));
#7090=DIRECTION('center_axis',(0.,1.,0.));
#7091=DIRECTION('ref_axis',(-1.,0.,0.));
#7092=DIRECTION('center_axis',(0.,1.,0.));
#7093=DIRECTION('ref_axis',(-1.,0.,0.));
#7094=DIRECTION('center_axis',(0.,1.,0.));
#7095=DIRECTION('ref_axis',(-1.,0.,0.));
#7096=DIRECTION('center_axis',(0.,1.,0.));
#7097=DIRECTION('ref_axis',(-1.,0.,0.));
#7098=DIRECTION('center_axis',(0.,1.,0.));
#7099=DIRECTION('ref_axis',(-1.,0.,0.));
#7100=DIRECTION('center_axis',(0.,1.,0.));
#7101=DIRECTION('ref_axis',(-1.,0.,0.));
#7102=DIRECTION('center_axis',(0.,1.,0.));
#7103=DIRECTION('ref_axis',(-1.,0.,0.));
#7104=DIRECTION('center_axis',(0.,1.,0.));
#7105=DIRECTION('ref_axis',(-1.,0.,0.));
#7106=DIRECTION('center_axis',(0.,1.,0.));
#7107=DIRECTION('ref_axis',(-1.,0.,0.));
#7108=DIRECTION('center_axis',(0.,1.,0.));
#7109=DIRECTION('ref_axis',(-1.,0.,0.));
#7110=DIRECTION('center_axis',(0.,1.,0.));
#7111=DIRECTION('ref_axis',(-1.,0.,0.));
#7112=DIRECTION('center_axis',(0.,1.,0.));
#7113=DIRECTION('ref_axis',(-1.,0.,0.));
#7114=DIRECTION('center_axis',(0.,1.,0.));
#7115=DIRECTION('ref_axis',(-1.,0.,0.));
#7116=DIRECTION('center_axis',(0.,1.,0.));
#7117=DIRECTION('ref_axis',(-1.,0.,0.));
#7118=DIRECTION('center_axis',(0.,1.,0.));
#7119=DIRECTION('ref_axis',(-1.,0.,0.));
#7120=DIRECTION('center_axis',(0.,1.,0.));
#7121=DIRECTION('ref_axis',(-1.,0.,0.));
#7122=DIRECTION('center_axis',(0.,1.,0.));
#7123=DIRECTION('ref_axis',(-1.,0.,0.));
#7124=DIRECTION('center_axis',(0.,1.,0.));
#7125=DIRECTION('ref_axis',(-1.,0.,0.));
#7126=DIRECTION('center_axis',(0.,-1.,0.));
#7127=DIRECTION('ref_axis',(-0.707106781186548,0.,-0.707106781186548));
#7128=DIRECTION('',(0.,0.,-1.));
#7129=DIRECTION('center_axis',(0.,-1.,0.));
#7130=DIRECTION('ref_axis',(-0.707106781186548,0.,0.707106781186548));
#7131=DIRECTION('',(-1.,0.,0.));
#7132=DIRECTION('center_axis',(0.,-1.,0.));
#7133=DIRECTION('ref_axis',(0.707106781186548,0.,0.707106781186548));
#7134=DIRECTION('',(0.,0.,1.));
#7135=DIRECTION('center_axis',(0.,-1.,0.));
#7136=DIRECTION('ref_axis',(0.707106781186548,0.,-0.707106781186548));
#7137=DIRECTION('',(1.,0.,0.));
#7138=DIRECTION('center_axis',(0.,-1.,0.));
#7139=DIRECTION('ref_axis',(0.707106781186549,0.,-0.707106781186546));
#7140=DIRECTION('',(1.,0.,0.));
#7141=DIRECTION('center_axis',(0.,-1.,0.));
#7142=DIRECTION('ref_axis',(-0.70710678118655,0.,-0.707106781186545));
#7143=DIRECTION('',(0.,0.,-1.));
#7144=DIRECTION('center_axis',(0.,-1.,0.));
#7145=DIRECTION('ref_axis',(-0.707106781186545,0.,0.70710678118655));
#7146=DIRECTION('',(-1.,0.,0.));
#7147=DIRECTION('center_axis',(0.,-1.,0.));
#7148=DIRECTION('ref_axis',(0.707106781186549,0.,0.707106781186546));
#7149=DIRECTION('',(0.,0.,1.));
#7150=DIRECTION('',(0.,0.,-1.));
#7151=DIRECTION('center_axis',(0.,-1.,0.));
#7152=DIRECTION('ref_axis',(-0.707106781186548,0.,0.707106781186547));
#7153=DIRECTION('',(-1.,0.,0.));
#7154=DIRECTION('center_axis',(0.,-1.,0.));
#7155=DIRECTION('ref_axis',(0.707106781186548,0.,0.707106781186548));
#7156=DIRECTION('',(0.,0.,1.));
#7157=DIRECTION('center_axis',(0.,-1.,0.));
#7158=DIRECTION('ref_axis',(0.707106781186548,0.,-0.707106781186548));
#7159=DIRECTION('',(1.,0.,0.));
#7160=DIRECTION('center_axis',(0.,-1.,0.));
#7161=DIRECTION('ref_axis',(-0.707106781186546,0.,-0.707106781186549));
#7162=DIRECTION('',(-1.,0.,0.));
#7163=DIRECTION('center_axis',(0.,-1.,0.));
#7164=DIRECTION('ref_axis',(0.70710678118655,0.,0.707106781186545));
#7165=DIRECTION('',(-1.61486985400023E-15,0.,1.));
#7166=DIRECTION('center_axis',(0.,-1.,0.));
#7167=DIRECTION('ref_axis',(0.70710678118655,0.,-0.707106781186545));
#7168=DIRECTION('',(1.,0.,-8.8817841970012E-15));
#7169=DIRECTION('center_axis',(0.,-1.,0.));
#7170=DIRECTION('ref_axis',(-0.70710678118655,0.,-0.707106781186545));
#7171=DIRECTION('',(0.,0.,-1.));
#7172=DIRECTION('center_axis',(0.,-1.,0.));
#7173=DIRECTION('ref_axis',(-0.707106781186544,0.,0.707106781186551));
#7174=DIRECTION('',(0.,0.,-1.));
#7175=DIRECTION('center_axis',(0.,-1.,0.));
#7176=DIRECTION('ref_axis',(-0.707106781186547,0.,0.707106781186548));
#7177=DIRECTION('',(-1.,0.,0.));
#7178=DIRECTION('center_axis',(0.,-1.,0.));
#7179=DIRECTION('ref_axis',(0.707106781186547,0.,0.707106781186548));
#7180=DIRECTION('',(0.,0.,1.));
#7181=DIRECTION('center_axis',(0.,-1.,0.));
#7182=DIRECTION('ref_axis',(0.707106781186547,0.,-0.707106781186548));
#7183=DIRECTION('',(1.,0.,3.17206578464331E-16));
#7184=DIRECTION('center_axis',(0.,-1.,0.));
#7185=DIRECTION('ref_axis',(-0.707106781186547,0.,-0.707106781186548));
#7186=DIRECTION('center_axis',(0.,1.,0.));
#7187=DIRECTION('ref_axis',(-1.,0.,0.));
#7188=DIRECTION('center_axis',(0.,1.,0.));
#7189=DIRECTION('ref_axis',(-1.,0.,0.));
#7190=DIRECTION('center_axis',(0.,1.,0.));
#7191=DIRECTION('ref_axis',(-1.,0.,0.));
#7192=DIRECTION('center_axis',(0.,1.,0.));
#7193=DIRECTION('ref_axis',(-1.,0.,0.));
#7194=DIRECTION('center_axis',(0.,1.,0.));
#7195=DIRECTION('ref_axis',(-1.,0.,0.));
#7196=DIRECTION('center_axis',(0.,1.,0.));
#7197=DIRECTION('ref_axis',(-1.,0.,0.));
#7198=DIRECTION('center_axis',(0.,1.,0.));
#7199=DIRECTION('ref_axis',(-1.,0.,0.));
#7200=DIRECTION('center_axis',(0.,1.,0.));
#7201=DIRECTION('ref_axis',(-1.,0.,0.));
#7202=DIRECTION('center_axis',(0.,-1.,0.));
#7203=DIRECTION('ref_axis',(-1.,0.,0.));
#7204=DIRECTION('center_axis',(0.,-1.,0.));
#7205=DIRECTION('ref_axis',(-1.,0.,0.));
#7206=DIRECTION('center_axis',(0.,-1.,0.));
#7207=DIRECTION('ref_axis',(-1.,0.,0.));
#7208=DIRECTION('center_axis',(0.,-1.,0.));
#7209=DIRECTION('ref_axis',(-1.,0.,0.));
#7210=DIRECTION('center_axis',(0.,-1.,0.));
#7211=DIRECTION('ref_axis',(-1.,0.,0.));
#7212=DIRECTION('center_axis',(0.,-1.,0.));
#7213=DIRECTION('ref_axis',(-1.,0.,0.));
#7214=DIRECTION('center_axis',(0.,-1.,0.));
#7215=DIRECTION('ref_axis',(-1.,0.,0.));
#7216=DIRECTION('center_axis',(0.,-1.,0.));
#7217=DIRECTION('ref_axis',(-1.,0.,0.));
#7218=DIRECTION('center_axis',(0.,-1.,0.));
#7219=DIRECTION('ref_axis',(0.,0.,-1.));
#7220=DIRECTION('center_axis',(-1.,0.,0.));
#7221=DIRECTION('ref_axis',(0.,0.,1.));
#7222=DIRECTION('center_axis',(0.,-1.,0.));
#7223=DIRECTION('ref_axis',(-1.,0.,0.));
#7224=DIRECTION('center_axis',(0.,-1.,0.));
#7225=DIRECTION('ref_axis',(-1.,0.,0.));
#7226=DIRECTION('center_axis',(0.,-1.,0.));
#7227=DIRECTION('ref_axis',(-1.,0.,0.));
#7228=DIRECTION('',(0.,-1.,0.));
#7229=DIRECTION('center_axis',(0.,1.,0.));
#7230=DIRECTION('ref_axis',(-1.,0.,0.));
#7231=DIRECTION('center_axis',(0.,1.,0.));
#7232=DIRECTION('ref_axis',(-1.,0.,0.));
#7233=DIRECTION('center_axis',(0.,1.,0.));
#7234=DIRECTION('ref_axis',(0.,0.,1.));
#7235=DIRECTION('center_axis',(-1.,0.,0.));
#7236=DIRECTION('ref_axis',(0.,0.,-1.));
#7237=DIRECTION('center_axis',(0.,-1.,0.));
#7238=DIRECTION('ref_axis',(0.,0.,-1.));
#7239=DIRECTION('center_axis',(-1.,0.,0.));
#7240=DIRECTION('ref_axis',(0.,0.,1.));
#7241=DIRECTION('center_axis',(0.,-1.,0.));
#7242=DIRECTION('ref_axis',(-1.,0.,0.));
#7243=DIRECTION('center_axis',(0.,-1.,0.));
#7244=DIRECTION('ref_axis',(-1.,0.,0.));
#7245=DIRECTION('center_axis',(0.,-1.,0.));
#7246=DIRECTION('ref_axis',(-1.,0.,0.));
#7247=DIRECTION('',(0.,-1.,0.));
#7248=DIRECTION('center_axis',(0.,1.,0.));
#7249=DIRECTION('ref_axis',(-1.,0.,0.));
#7250=DIRECTION('center_axis',(0.,1.,0.));
#7251=DIRECTION('ref_axis',(-1.,0.,0.));
#7252=DIRECTION('center_axis',(0.,1.,0.));
#7253=DIRECTION('ref_axis',(0.,0.,1.));
#7254=DIRECTION('center_axis',(-1.,0.,0.));
#7255=DIRECTION('ref_axis',(0.,0.,-1.));
#7256=DIRECTION('center_axis',(0.,1.,0.));
#7257=DIRECTION('ref_axis',(0.,0.,1.));
#7258=DIRECTION('center_axis',(-1.,0.,0.));
#7259=DIRECTION('ref_axis',(0.,0.,-1.));
#7260=DIRECTION('center_axis',(0.,1.,0.));
#7261=DIRECTION('ref_axis',(-1.,0.,0.));
#7262=DIRECTION('center_axis',(0.,1.,0.));
#7263=DIRECTION('ref_axis',(-1.,0.,0.));
#7264=DIRECTION('center_axis',(0.,-1.,0.));
#7265=DIRECTION('ref_axis',(-1.,0.,0.));
#7266=DIRECTION('center_axis',(0.,-1.,0.));
#7267=DIRECTION('ref_axis',(-1.,0.,0.));
#7268=DIRECTION('',(0.,-1.,0.));
#7269=DIRECTION('center_axis',(0.,-1.,0.));
#7270=DIRECTION('ref_axis',(-1.,0.,0.));
#7271=DIRECTION('center_axis',(0.,-1.,0.));
#7272=DIRECTION('ref_axis',(0.,0.,-1.));
#7273=DIRECTION('center_axis',(-1.,0.,0.));
#7274=DIRECTION('ref_axis',(0.,0.,1.));
#7275=DIRECTION('center_axis',(0.,-1.,0.));
#7276=DIRECTION('ref_axis',(0.,0.,-1.));
#7277=DIRECTION('center_axis',(-1.,0.,0.));
#7278=DIRECTION('ref_axis',(0.,0.,1.));
#7279=DIRECTION('center_axis',(0.,-1.,0.));
#7280=DIRECTION('ref_axis',(-1.,0.,0.));
#7281=DIRECTION('center_axis',(0.,-1.,0.));
#7282=DIRECTION('ref_axis',(-1.,0.,0.));
#7283=DIRECTION('center_axis',(0.,-1.,0.));
#7284=DIRECTION('ref_axis',(-1.,0.,0.));
#7285=DIRECTION('',(0.,-1.,0.));
#7286=DIRECTION('center_axis',(0.,1.,0.));
#7287=DIRECTION('ref_axis',(-1.,0.,0.));
#7288=DIRECTION('center_axis',(0.,1.,0.));
#7289=DIRECTION('ref_axis',(-1.,0.,0.));
#7290=DIRECTION('center_axis',(0.,1.,0.));
#7291=DIRECTION('ref_axis',(0.,0.,1.));
#7292=DIRECTION('center_axis',(-1.,0.,0.));
#7293=DIRECTION('ref_axis',(0.,0.,-1.));
#7294=DIRECTION('center_axis',(0.,-1.,0.));
#7295=DIRECTION('ref_axis',(0.,0.,-1.));
#7296=DIRECTION('center_axis',(-1.,0.,0.));
#7297=DIRECTION('ref_axis',(0.,0.,1.));
#7298=DIRECTION('center_axis',(0.,-1.,0.));
#7299=DIRECTION('ref_axis',(-1.,0.,0.));
#7300=DIRECTION('center_axis',(0.,-1.,0.));
#7301=DIRECTION('ref_axis',(-1.,0.,0.));
#7302=DIRECTION('center_axis',(0.,-1.,0.));
#7303=DIRECTION('ref_axis',(-1.,0.,0.));
#7304=DIRECTION('',(0.,-1.,0.));
#7305=DIRECTION('center_axis',(0.,1.,0.));
#7306=DIRECTION('ref_axis',(-1.,0.,0.));
#7307=DIRECTION('center_axis',(0.,1.,0.));
#7308=DIRECTION('ref_axis',(-1.,0.,0.));
#7309=DIRECTION('center_axis',(0.,1.,0.));
#7310=DIRECTION('ref_axis',(0.,0.,1.));
#7311=DIRECTION('center_axis',(-1.,0.,0.));
#7312=DIRECTION('ref_axis',(0.,0.,-1.));
#7313=DIRECTION('center_axis',(0.,-1.,0.));
#7314=DIRECTION('ref_axis',(0.,0.,-1.));
#7315=DIRECTION('center_axis',(-1.,0.,0.));
#7316=DIRECTION('ref_axis',(0.,0.,1.));
#7317=DIRECTION('center_axis',(0.,-1.,0.));
#7318=DIRECTION('ref_axis',(-1.,0.,0.));
#7319=DIRECTION('center_axis',(0.,-1.,0.));
#7320=DIRECTION('ref_axis',(-1.,0.,0.));
#7321=DIRECTION('center_axis',(0.,-1.,0.));
#7322=DIRECTION('ref_axis',(-1.,0.,0.));
#7323=DIRECTION('',(0.,-1.,0.));
#7324=DIRECTION('center_axis',(0.,1.,0.));
#7325=DIRECTION('ref_axis',(-1.,0.,0.));
#7326=DIRECTION('center_axis',(0.,1.,0.));
#7327=DIRECTION('ref_axis',(-1.,0.,0.));
#7328=DIRECTION('center_axis',(0.,1.,0.));
#7329=DIRECTION('ref_axis',(0.,0.,1.));
#7330=DIRECTION('center_axis',(-1.,0.,0.));
#7331=DIRECTION('ref_axis',(0.,0.,-1.));
#7332=DIRECTION('center_axis',(0.,-1.,0.));
#7333=DIRECTION('ref_axis',(0.,0.,-1.));
#7334=DIRECTION('center_axis',(-1.,0.,0.));
#7335=DIRECTION('ref_axis',(0.,0.,1.));
#7336=DIRECTION('center_axis',(0.,-1.,0.));
#7337=DIRECTION('ref_axis',(-1.,0.,0.));
#7338=DIRECTION('center_axis',(0.,-1.,0.));
#7339=DIRECTION('ref_axis',(-1.,0.,0.));
#7340=DIRECTION('center_axis',(0.,-1.,0.));
#7341=DIRECTION('ref_axis',(-1.,0.,0.));
#7342=DIRECTION('',(0.,-1.,0.));
#7343=DIRECTION('center_axis',(0.,1.,0.));
#7344=DIRECTION('ref_axis',(-1.,0.,0.));
#7345=DIRECTION('center_axis',(0.,1.,0.));
#7346=DIRECTION('ref_axis',(-1.,0.,0.));
#7347=DIRECTION('center_axis',(0.,1.,0.));
#7348=DIRECTION('ref_axis',(0.,0.,1.));
#7349=DIRECTION('center_axis',(-1.,0.,0.));
#7350=DIRECTION('ref_axis',(0.,0.,-1.));
#7351=DIRECTION('center_axis',(0.,1.,0.));
#7352=DIRECTION('ref_axis',(0.,0.,1.));
#7353=DIRECTION('center_axis',(-1.,0.,0.));
#7354=DIRECTION('ref_axis',(0.,0.,-1.));
#7355=DIRECTION('center_axis',(0.,1.,0.));
#7356=DIRECTION('ref_axis',(-1.,0.,0.));
#7357=DIRECTION('center_axis',(0.,1.,0.));
#7358=DIRECTION('ref_axis',(-1.,0.,0.));
#7359=DIRECTION('center_axis',(0.,-1.,0.));
#7360=DIRECTION('ref_axis',(-1.,0.,0.));
#7361=DIRECTION('center_axis',(0.,-1.,0.));
#7362=DIRECTION('ref_axis',(-1.,0.,0.));
#7363=DIRECTION('',(0.,-1.,0.));
#7364=DIRECTION('center_axis',(0.,-1.,0.));
#7365=DIRECTION('ref_axis',(-1.,0.,0.));
#7366=DIRECTION('center_axis',(0.,1.,0.));
#7367=DIRECTION('ref_axis',(0.,0.,1.));
#7368=DIRECTION('center_axis',(-1.,0.,0.));
#7369=DIRECTION('ref_axis',(0.,0.,-1.));
#7370=DIRECTION('center_axis',(0.,1.,0.));
#7371=DIRECTION('ref_axis',(-1.,0.,0.));
#7372=DIRECTION('center_axis',(0.,1.,0.));
#7373=DIRECTION('ref_axis',(-1.,0.,0.));
#7374=DIRECTION('center_axis',(0.,-1.,0.));
#7375=DIRECTION('ref_axis',(-1.,0.,0.));
#7376=DIRECTION('center_axis',(0.,-1.,0.));
#7377=DIRECTION('ref_axis',(-1.,0.,0.));
#7378=DIRECTION('',(0.,-1.,0.));
#7379=DIRECTION('center_axis',(0.,-1.,0.));
#7380=DIRECTION('ref_axis',(-1.,0.,0.));
#7381=DIRECTION('center_axis',(0.,-1.,0.));
#7382=DIRECTION('ref_axis',(0.,0.,-1.));
#7383=DIRECTION('center_axis',(-1.,0.,0.));
#7384=DIRECTION('ref_axis',(0.,0.,1.));
#7385=DIRECTION('center_axis',(0.,-1.,0.));
#7386=DIRECTION('ref_axis',(0.,0.,-1.));
#7387=DIRECTION('center_axis',(-1.,0.,0.));
#7388=DIRECTION('ref_axis',(0.,0.,1.));
#7389=DIRECTION('center_axis',(0.,-1.,0.));
#7390=DIRECTION('ref_axis',(0.,0.,-1.));
#7391=DIRECTION('center_axis',(-1.,0.,0.));
#7392=DIRECTION('ref_axis',(0.,0.,1.));
#7393=DIRECTION('center_axis',(0.,-1.,0.));
#7394=DIRECTION('ref_axis',(-1.,0.,0.));
#7395=DIRECTION('center_axis',(0.,-1.,0.));
#7396=DIRECTION('ref_axis',(-1.,0.,0.));
#7397=DIRECTION('center_axis',(0.,-1.,0.));
#7398=DIRECTION('ref_axis',(-1.,0.,0.));
#7399=DIRECTION('',(0.,-1.,0.));
#7400=DIRECTION('center_axis',(0.,1.,0.));
#7401=DIRECTION('ref_axis',(-1.,0.,0.));
#7402=DIRECTION('center_axis',(0.,1.,0.));
#7403=DIRECTION('ref_axis',(-1.,0.,0.));
#7404=DIRECTION('center_axis',(0.,-1.,0.));
#7405=DIRECTION('ref_axis',(0.,0.,-1.));
#7406=DIRECTION('center_axis',(-1.,0.,0.));
#7407=DIRECTION('ref_axis',(0.,0.,1.));
#7408=DIRECTION('center_axis',(0.,-1.,0.));
#7409=DIRECTION('ref_axis',(-1.,0.,0.));
#7410=DIRECTION('center_axis',(0.,-1.,0.));
#7411=DIRECTION('ref_axis',(-1.,0.,0.));
#7412=DIRECTION('center_axis',(0.,-1.,0.));
#7413=DIRECTION('ref_axis',(-1.,0.,0.));
#7414=DIRECTION('',(0.,-1.,0.));
#7415=DIRECTION('center_axis',(0.,1.,0.));
#7416=DIRECTION('ref_axis',(-1.,0.,0.));
#7417=DIRECTION('center_axis',(0.,1.,0.));
#7418=DIRECTION('ref_axis',(-1.,0.,0.));
#7419=DIRECTION('center_axis',(0.,1.,0.));
#7420=DIRECTION('ref_axis',(0.,0.,1.));
#7421=DIRECTION('center_axis',(-1.,0.,0.));
#7422=DIRECTION('ref_axis',(0.,0.,-1.));
#7423=DIRECTION('center_axis',(0.,1.,0.));
#7424=DIRECTION('ref_axis',(0.,0.,1.));
#7425=DIRECTION('center_axis',(-1.,0.,0.));
#7426=DIRECTION('ref_axis',(0.,0.,-1.));
#7427=DIRECTION('center_axis',(0.,1.,0.));
#7428=DIRECTION('ref_axis',(0.,0.,1.));
#7429=DIRECTION('center_axis',(-1.,0.,0.));
#7430=DIRECTION('ref_axis',(0.,0.,-1.));
#7431=DIRECTION('center_axis',(0.,1.,0.));
#7432=DIRECTION('ref_axis',(-1.,0.,0.));
#7433=DIRECTION('center_axis',(0.,1.,0.));
#7434=DIRECTION('ref_axis',(-1.,0.,0.));
#7435=DIRECTION('center_axis',(0.,-1.,0.));
#7436=DIRECTION('ref_axis',(-1.,0.,0.));
#7437=DIRECTION('center_axis',(0.,-1.,0.));
#7438=DIRECTION('ref_axis',(-1.,0.,0.));
#7439=DIRECTION('',(0.,-1.,0.));
#7440=DIRECTION('center_axis',(0.,-1.,0.));
#7441=DIRECTION('ref_axis',(-1.,0.,0.));
#7442=DIRECTION('center_axis',(0.,-1.,0.));
#7443=DIRECTION('ref_axis',(0.,0.,-1.));
#7444=DIRECTION('center_axis',(-1.,0.,0.));
#7445=DIRECTION('ref_axis',(0.,0.,1.));
#7446=DIRECTION('center_axis',(0.,1.,0.));
#7447=DIRECTION('ref_axis',(0.,0.,1.));
#7448=DIRECTION('center_axis',(-1.,0.,0.));
#7449=DIRECTION('ref_axis',(0.,0.,-1.));
#7450=DIRECTION('center_axis',(0.,1.,0.));
#7451=DIRECTION('ref_axis',(-1.,0.,0.));
#7452=DIRECTION('center_axis',(0.,1.,0.));
#7453=DIRECTION('ref_axis',(-1.,0.,0.));
#7454=DIRECTION('center_axis',(0.,-1.,0.));
#7455=DIRECTION('ref_axis',(-1.,0.,0.));
#7456=DIRECTION('center_axis',(0.,-1.,0.));
#7457=DIRECTION('ref_axis',(-1.,0.,0.));
#7458=DIRECTION('',(0.,-1.,0.));
#7459=DIRECTION('center_axis',(0.,-1.,0.));
#7460=DIRECTION('ref_axis',(-1.,0.,0.));
#7461=DIRECTION('center_axis',(0.,-1.,0.));
#7462=DIRECTION('ref_axis',(0.,0.,-1.));
#7463=DIRECTION('center_axis',(-1.,0.,0.));
#7464=DIRECTION('ref_axis',(0.,0.,1.));
#7465=DIRECTION('center_axis',(0.,-1.,0.));
#7466=DIRECTION('ref_axis',(0.,0.,-1.));
#7467=DIRECTION('center_axis',(-1.,0.,0.));
#7468=DIRECTION('ref_axis',(0.,0.,1.));
#7469=DIRECTION('center_axis',(0.,-1.,0.));
#7470=DIRECTION('ref_axis',(-1.,0.,0.));
#7471=DIRECTION('center_axis',(0.,-1.,0.));
#7472=DIRECTION('ref_axis',(-1.,0.,0.));
#7473=DIRECTION('center_axis',(0.,-1.,0.));
#7474=DIRECTION('ref_axis',(-1.,0.,0.));
#7475=DIRECTION('',(0.,-1.,0.));
#7476=DIRECTION('center_axis',(0.,1.,0.));
#7477=DIRECTION('ref_axis',(-1.,0.,0.));
#7478=DIRECTION('center_axis',(0.,1.,0.));
#7479=DIRECTION('ref_axis',(-1.,0.,0.));
#7480=DIRECTION('center_axis',(0.,1.,0.));
#7481=DIRECTION('ref_axis',(0.,0.,1.));
#7482=DIRECTION('center_axis',(-1.,0.,0.));
#7483=DIRECTION('ref_axis',(0.,0.,-1.));
#7484=DIRECTION('center_axis',(0.,1.,0.));
#7485=DIRECTION('ref_axis',(0.,0.,1.));
#7486=DIRECTION('center_axis',(-1.,0.,0.));
#7487=DIRECTION('ref_axis',(0.,0.,-1.));
#7488=DIRECTION('center_axis',(0.,1.,0.));
#7489=DIRECTION('ref_axis',(-1.,0.,0.));
#7490=DIRECTION('center_axis',(0.,1.,0.));
#7491=DIRECTION('ref_axis',(-1.,0.,0.));
#7492=DIRECTION('center_axis',(0.,-1.,0.));
#7493=DIRECTION('ref_axis',(-1.,0.,0.));
#7494=DIRECTION('center_axis',(0.,-1.,0.));
#7495=DIRECTION('ref_axis',(-1.,0.,0.));
#7496=DIRECTION('',(0.,-1.,0.));
#7497=DIRECTION('center_axis',(0.,-1.,0.));
#7498=DIRECTION('ref_axis',(-1.,0.,0.));
#7499=DIRECTION('center_axis',(0.,-1.,0.));
#7500=DIRECTION('ref_axis',(0.,0.,-1.));
#7501=DIRECTION('center_axis',(-1.,0.,0.));
#7502=DIRECTION('ref_axis',(0.,0.,1.));
#7503=DIRECTION('center_axis',(0.,-1.,0.));
#7504=DIRECTION('ref_axis',(0.,0.,-1.));
#7505=DIRECTION('center_axis',(-1.,0.,0.));
#7506=DIRECTION('ref_axis',(0.,0.,1.));
#7507=DIRECTION('center_axis',(0.,-1.,0.));
#7508=DIRECTION('ref_axis',(-1.,0.,0.));
#7509=DIRECTION('center_axis',(0.,-1.,0.));
#7510=DIRECTION('ref_axis',(-1.,0.,0.));
#7511=DIRECTION('center_axis',(0.,-1.,0.));
#7512=DIRECTION('ref_axis',(-1.,0.,0.));
#7513=DIRECTION('',(0.,-1.,0.));
#7514=DIRECTION('center_axis',(0.,1.,0.));
#7515=DIRECTION('ref_axis',(-1.,0.,0.));
#7516=DIRECTION('center_axis',(0.,1.,0.));
#7517=DIRECTION('ref_axis',(-1.,0.,0.));
#7518=DIRECTION('center_axis',(0.,1.,0.));
#7519=DIRECTION('ref_axis',(0.,0.,1.));
#7520=DIRECTION('center_axis',(-1.,0.,0.));
#7521=DIRECTION('ref_axis',(0.,0.,-1.));
#7522=DIRECTION('center_axis',(0.,1.,0.));
#7523=DIRECTION('ref_axis',(0.,0.,1.));
#7524=DIRECTION('center_axis',(-1.,0.,0.));
#7525=DIRECTION('ref_axis',(0.,0.,-1.));
#7526=DIRECTION('center_axis',(0.,1.,0.));
#7527=DIRECTION('ref_axis',(-1.,0.,0.));
#7528=DIRECTION('center_axis',(0.,1.,0.));
#7529=DIRECTION('ref_axis',(-1.,0.,0.));
#7530=DIRECTION('center_axis',(0.,-1.,0.));
#7531=DIRECTION('ref_axis',(-1.,0.,0.));
#7532=DIRECTION('center_axis',(0.,-1.,0.));
#7533=DIRECTION('ref_axis',(-1.,0.,0.));
#7534=DIRECTION('',(0.,-1.,0.));
#7535=DIRECTION('center_axis',(0.,-1.,0.));
#7536=DIRECTION('ref_axis',(-1.,0.,0.));
#7537=DIRECTION('center_axis',(0.,-1.,0.));
#7538=DIRECTION('ref_axis',(0.,0.,-1.));
#7539=DIRECTION('center_axis',(-1.,0.,0.));
#7540=DIRECTION('ref_axis',(0.,0.,1.));
#7541=DIRECTION('center_axis',(0.,-1.,0.));
#7542=DIRECTION('ref_axis',(-1.,0.,0.));
#7543=DIRECTION('',(0.,-1.,0.));
#7544=DIRECTION('center_axis',(0.,-1.,0.));
#7545=DIRECTION('ref_axis',(-1.,0.,0.));
#7546=DIRECTION('',(0.,-1.,0.));
#7547=DIRECTION('center_axis',(0.,-1.,0.));
#7548=DIRECTION('ref_axis',(-1.,0.,0.));
#7549=DIRECTION('',(0.,-1.,0.));
#7550=DIRECTION('center_axis',(0.,-1.,0.));
#7551=DIRECTION('ref_axis',(-1.,0.,0.));
#7552=DIRECTION('',(0.,-1.,0.));
#7553=DIRECTION('center_axis',(0.,-1.,0.));
#7554=DIRECTION('ref_axis',(-1.,0.,0.));
#7555=DIRECTION('',(0.,-1.,0.));
#7556=DIRECTION('center_axis',(0.,-1.,0.));
#7557=DIRECTION('ref_axis',(-1.,0.,0.));
#7558=DIRECTION('',(0.,-1.,0.));
#7559=DIRECTION('center_axis',(0.,-1.,0.));
#7560=DIRECTION('ref_axis',(-1.,0.,0.));
#7561=DIRECTION('',(0.,-1.,0.));
#7562=DIRECTION('center_axis',(0.,-1.,0.));
#7563=DIRECTION('ref_axis',(-1.,0.,0.));
#7564=DIRECTION('',(0.,-1.,0.));
#7565=DIRECTION('center_axis',(0.,-1.,0.));
#7566=DIRECTION('ref_axis',(-1.,0.,0.));
#7567=DIRECTION('',(0.,-1.,0.));
#7568=DIRECTION('center_axis',(0.,-1.,0.));
#7569=DIRECTION('ref_axis',(-1.,0.,0.));
#7570=DIRECTION('',(0.,-1.,0.));
#7571=DIRECTION('center_axis',(0.,-1.,0.));
#7572=DIRECTION('ref_axis',(-1.,0.,0.));
#7573=DIRECTION('',(0.,-1.,0.));
#7574=DIRECTION('center_axis',(0.,-1.,0.));
#7575=DIRECTION('ref_axis',(-1.,0.,0.));
#7576=DIRECTION('',(0.,-1.,0.));
#7577=DIRECTION('center_axis',(0.,-1.,0.));
#7578=DIRECTION('ref_axis',(-1.,0.,0.));
#7579=DIRECTION('',(0.,-1.,0.));
#7580=DIRECTION('center_axis',(0.,-1.,0.));
#7581=DIRECTION('ref_axis',(-1.,0.,0.));
#7582=DIRECTION('',(0.,-1.,0.));
#7583=DIRECTION('center_axis',(0.,-1.,0.));
#7584=DIRECTION('ref_axis',(-1.,0.,0.));
#7585=DIRECTION('',(0.,-1.,0.));
#7586=DIRECTION('center_axis',(0.,-1.,0.));
#7587=DIRECTION('ref_axis',(-1.,0.,0.));
#7588=DIRECTION('',(0.,-1.,0.));
#7589=DIRECTION('center_axis',(0.,-1.,0.));
#7590=DIRECTION('ref_axis',(-1.,0.,0.));
#7591=DIRECTION('',(0.,-1.,0.));
#7592=DIRECTION('center_axis',(0.,-1.,0.));
#7593=DIRECTION('ref_axis',(-1.,0.,0.));
#7594=DIRECTION('',(0.,-1.,0.));
#7595=DIRECTION('center_axis',(0.,-1.,0.));
#7596=DIRECTION('ref_axis',(-1.,0.,0.));
#7597=DIRECTION('',(0.,-1.,0.));
#7598=DIRECTION('center_axis',(0.,-1.,0.));
#7599=DIRECTION('ref_axis',(-1.,0.,0.));
#7600=DIRECTION('',(0.,-1.,0.));
#7601=DIRECTION('center_axis',(0.,-1.,0.));
#7602=DIRECTION('ref_axis',(-1.,0.,0.));
#7603=DIRECTION('',(0.,-1.,0.));
#7604=DIRECTION('center_axis',(0.,-1.,0.));
#7605=DIRECTION('ref_axis',(-1.,0.,0.));
#7606=DIRECTION('',(0.,-1.,0.));
#7607=DIRECTION('center_axis',(0.,-1.,0.));
#7608=DIRECTION('ref_axis',(-1.,0.,0.));
#7609=DIRECTION('',(0.,-1.,0.));
#7610=DIRECTION('center_axis',(0.,-1.,0.));
#7611=DIRECTION('ref_axis',(-1.,0.,0.));
#7612=DIRECTION('',(0.,-1.,0.));
#7613=DIRECTION('center_axis',(0.,-1.,0.));
#7614=DIRECTION('ref_axis',(-1.,0.,0.));
#7615=DIRECTION('',(0.,-1.,0.));
#7616=DIRECTION('center_axis',(0.,-1.,0.));
#7617=DIRECTION('ref_axis',(-1.,0.,0.));
#7618=DIRECTION('',(0.,-1.,0.));
#7619=DIRECTION('center_axis',(0.,-1.,0.));
#7620=DIRECTION('ref_axis',(-1.,0.,0.));
#7621=DIRECTION('',(0.,-1.,0.));
#7622=DIRECTION('center_axis',(0.,-1.,0.));
#7623=DIRECTION('ref_axis',(-1.,0.,0.));
#7624=DIRECTION('',(0.,-1.,0.));
#7625=DIRECTION('center_axis',(0.,-1.,0.));
#7626=DIRECTION('ref_axis',(-1.,0.,0.));
#7627=DIRECTION('',(0.,-1.,0.));
#7628=DIRECTION('center_axis',(0.,-1.,0.));
#7629=DIRECTION('ref_axis',(-1.,0.,0.));
#7630=DIRECTION('',(0.,-1.,0.));
#7631=DIRECTION('center_axis',(0.,-1.,0.));
#7632=DIRECTION('ref_axis',(-1.,0.,0.));
#7633=DIRECTION('',(0.,-1.,0.));
#7634=DIRECTION('center_axis',(0.,-1.,0.));
#7635=DIRECTION('ref_axis',(-1.,0.,0.));
#7636=DIRECTION('',(0.,-1.,0.));
#7637=DIRECTION('center_axis',(0.,-1.,0.));
#7638=DIRECTION('ref_axis',(-1.,0.,0.));
#7639=DIRECTION('',(0.,-1.,0.));
#7640=DIRECTION('center_axis',(0.,-1.,0.));
#7641=DIRECTION('ref_axis',(-1.,0.,0.));
#7642=DIRECTION('',(0.,-1.,0.));
#7643=DIRECTION('center_axis',(0.,-1.,0.));
#7644=DIRECTION('ref_axis',(-1.,0.,0.));
#7645=DIRECTION('',(0.,-1.,0.));
#7646=DIRECTION('center_axis',(0.,-1.,0.));
#7647=DIRECTION('ref_axis',(-1.,0.,0.));
#7648=DIRECTION('',(0.,-1.,0.));
#7649=DIRECTION('center_axis',(-1.,0.,0.));
#7650=DIRECTION('ref_axis',(0.,0.707106781186555,-0.70710678118654));
#7651=DIRECTION('center_axis',(-1.,0.,0.));
#7652=DIRECTION('ref_axis',(0.,1.,0.));
#7653=DIRECTION('',(-1.,0.,0.));
#7654=DIRECTION('center_axis',(1.,0.,0.));
#7655=DIRECTION('ref_axis',(0.,0.,-1.));
#7656=DIRECTION('center_axis',(0.,-1.,0.));
#7657=DIRECTION('ref_axis',(0.,0.,-1.));
#7658=DIRECTION('center_axis',(8.88178419700113E-15,0.,1.));
#7659=DIRECTION('ref_axis',(1.,0.,-8.88178419700113E-15));
#7660=DIRECTION('center_axis',(0.,-1.,0.));
#7661=DIRECTION('ref_axis',(-0.707106781186547,0.,0.707106781186548));
#7662=DIRECTION('center_axis',(0.,0.,-1.));
#7663=DIRECTION('ref_axis',(0.707106781186552,0.707106781186543,0.));
#7664=DIRECTION('center_axis',(-8.88178419700113E-15,0.,1.));
#7665=DIRECTION('ref_axis',(1.,0.,8.88178419700113E-15));
#7666=DIRECTION('',(0.,0.,-1.));
#7667=DIRECTION('center_axis',(0.,-1.,0.));
#7668=DIRECTION('ref_axis',(0.,0.,-1.));
#7669=DIRECTION('center_axis',(-1.,0.,0.));
#7670=DIRECTION('ref_axis',(0.,0.,1.));
#7671=DIRECTION('center_axis',(0.,-1.,0.));
#7672=DIRECTION('ref_axis',(-0.707106781186547,0.,-0.707106781186548));
#7673=DIRECTION('center_axis',(1.,0.,3.17206578464331E-16));
#7674=DIRECTION('ref_axis',(0.,0.707106781186549,0.707106781186546));
#7675=DIRECTION('center_axis',(-1.,0.,0.));
#7676=DIRECTION('ref_axis',(0.,0.,1.));
#7677=DIRECTION('',(1.,0.,3.17206578464331E-16));
#7678=DIRECTION('center_axis',(0.,-1.,0.));
#7679=DIRECTION('ref_axis',(0.,0.,-1.));
#7680=DIRECTION('center_axis',(-8.88178419700113E-15,0.,-1.));
#7681=DIRECTION('ref_axis',(-1.,0.,8.88178419700113E-15));
#7682=DIRECTION('center_axis',(0.,-1.,0.));
#7683=DIRECTION('ref_axis',(0.707106781186547,0.,-0.707106781186548));
#7684=DIRECTION('center_axis',(0.,0.,1.));
#7685=DIRECTION('ref_axis',(-0.707106781186552,0.707106781186543,0.));
#7686=DIRECTION('center_axis',(-8.88178419700113E-15,0.,-1.));
#7687=DIRECTION('ref_axis',(-1.,0.,8.88178419700113E-15));
#7688=DIRECTION('',(0.,0.,1.));
#7689=DIRECTION('center_axis',(0.,-1.,0.));
#7690=DIRECTION('ref_axis',(0.,0.,-1.));
#7691=DIRECTION('center_axis',(0.,-1.,0.));
#7692=DIRECTION('ref_axis',(0.707106781186547,0.,0.707106781186548));
#7693=DIRECTION('center_axis',(0.,-1.,0.));
#7694=DIRECTION('ref_axis',(-5.92118946466745E-15,0.,-1.));
#7695=DIRECTION('',(0.,-1.,0.));
#7696=DIRECTION('center_axis',(0.,1.,0.));
#7697=DIRECTION('ref_axis',(-0.707106781186547,0.,-0.707106781186548));
#7698=DIRECTION('',(0.,-1.,0.));
#7699=DIRECTION('center_axis',(-1.,0.,0.));
#7700=DIRECTION('ref_axis',(0.,0.,-1.));
#7701=DIRECTION('',(0.,-1.,0.));
#7702=DIRECTION('',(0.,0.,1.));
#7703=DIRECTION('center_axis',(0.,-1.,0.));
#7704=DIRECTION('ref_axis',(-1.,0.,8.88178419700118E-15));
#7705=DIRECTION('',(0.,-1.,0.));
#7706=DIRECTION('center_axis',(0.,1.,0.));
#7707=DIRECTION('ref_axis',(-0.707106781186547,0.,0.707106781186548));
#7708=DIRECTION('center_axis',(0.,0.,1.));
#7709=DIRECTION('ref_axis',(-1.,0.,0.));
#7710=DIRECTION('',(0.,-1.,0.));
#7711=DIRECTION('',(1.,0.,0.));
#7712=DIRECTION('center_axis',(0.,0.,1.));
#7713=DIRECTION('ref_axis',(0.707106781186553,-0.707106781186542,0.));
#7714=DIRECTION('center_axis',(-8.88178419700113E-15,0.,1.));
#7715=DIRECTION('ref_axis',(0.,-1.,0.));
#7716=DIRECTION('center_axis',(8.88178419700113E-15,0.,-1.));
#7717=DIRECTION('ref_axis',(1.,0.,8.88178419700113E-15));
#7718=DIRECTION('center_axis',(0.,1.,0.));
#7719=DIRECTION('ref_axis',(0.,0.,1.));
#7720=DIRECTION('center_axis',(-1.,0.,0.));
#7721=DIRECTION('ref_axis',(0.,0.,-1.));
#7722=DIRECTION('center_axis',(1.,0.,0.));
#7723=DIRECTION('ref_axis',(0.,-0.707106781186555,-0.70710678118654));
#7724=DIRECTION('center_axis',(-1.,0.,0.));
#7725=DIRECTION('ref_axis',(0.,0.,-1.));
#7726=DIRECTION('center_axis',(0.,1.,0.));
#7727=DIRECTION('ref_axis',(0.,0.,1.));
#7728=DIRECTION('center_axis',(-8.88178419700113E-15,0.,1.));
#7729=DIRECTION('ref_axis',(-1.,0.,-8.88178419700113E-15));
#7730=DIRECTION('center_axis',(0.,1.,0.));
#7731=DIRECTION('ref_axis',(0.707106781186547,0.,0.707106781186548));
#7732=DIRECTION('center_axis',(0.,0.,-1.));
#7733=DIRECTION('ref_axis',(-0.707106781186553,-0.707106781186542,0.));
#7734=DIRECTION('center_axis',(8.88178419700113E-15,0.,1.));
#7735=DIRECTION('ref_axis',(-1.,0.,8.88178419700113E-15));
#7736=DIRECTION('',(0.,0.,-1.));
#7737=DIRECTION('center_axis',(0.,1.,0.));
#7738=DIRECTION('ref_axis',(0.,0.,1.));
#7739=DIRECTION('center_axis',(1.,0.,0.));
#7740=DIRECTION('ref_axis',(0.,0.,1.));
#7741=DIRECTION('center_axis',(0.,1.,0.));
#7742=DIRECTION('ref_axis',(0.707106781186547,0.,-0.707106781186548));
#7743=DIRECTION('center_axis',(-1.,0.,-3.17206578464331E-16));
#7744=DIRECTION('ref_axis',(0.,-0.707106781186549,0.707106781186546));
#7745=DIRECTION('center_axis',(1.,0.,0.));
#7746=DIRECTION('ref_axis',(0.,0.,1.));
#7747=DIRECTION('',(-1.,0.,-3.17206578464331E-16));
#7748=DIRECTION('center_axis',(0.,1.,0.));
#7749=DIRECTION('ref_axis',(0.,0.,1.));
#7750=DIRECTION('center_axis',(0.,-1.,0.));
#7751=DIRECTION('ref_axis',(5.92118946466745E-15,0.,1.));
#7752=DIRECTION('',(0.,-1.,0.));
#7753=DIRECTION('center_axis',(0.,-1.,0.));
#7754=DIRECTION('ref_axis',(-1.,0.,0.));
#7755=DIRECTION('',(0.,-1.,0.));
#7756=DIRECTION('center_axis',(0.,-1.,0.));
#7757=DIRECTION('ref_axis',(-1.,0.,0.));
#7758=DIRECTION('',(0.,-1.,0.));
#7759=DIRECTION('center_axis',(0.,-1.,0.));
#7760=DIRECTION('ref_axis',(-1.,0.,0.));
#7761=DIRECTION('',(0.,-1.,0.));
#7762=DIRECTION('center_axis',(0.,-1.,0.));
#7763=DIRECTION('ref_axis',(-1.,0.,0.));
#7764=DIRECTION('',(0.,-1.,0.));
#7765=DIRECTION('center_axis',(1.,0.,0.));
#7766=DIRECTION('ref_axis',(0.,0.,1.));
#7767=DIRECTION('',(0.,-1.,0.));
#7768=DIRECTION('center_axis',(0.,-1.,0.));
#7769=DIRECTION('ref_axis',(1.,0.,-8.88178419700118E-15));
#7770=DIRECTION('',(0.,-1.,0.));
#7771=DIRECTION('center_axis',(3.17206578464331E-16,0.,-1.));
#7772=DIRECTION('ref_axis',(1.,0.,3.17206578464331E-16));
#7773=DIRECTION('center_axis',(-1.,0.,0.));
#7774=DIRECTION('ref_axis',(0.,-0.707106781186517,0.707106781186578));
#7775=DIRECTION('center_axis',(-1.,0.,0.));
#7776=DIRECTION('ref_axis',(0.,-1.,0.));
#7777=DIRECTION('',(-1.,0.,0.));
#7778=DIRECTION('center_axis',(1.,0.,8.88178419700113E-15));
#7779=DIRECTION('ref_axis',(-8.88178419700113E-15,-1.38777878078143E-16,
1.));
#7780=DIRECTION('center_axis',(0.,1.,0.));
#7781=DIRECTION('ref_axis',(0.,0.,1.));
#7782=DIRECTION('center_axis',(0.,0.,1.));
#7783=DIRECTION('ref_axis',(-1.,0.,0.));
#7784=DIRECTION('center_axis',(0.,-1.,0.));
#7785=DIRECTION('ref_axis',(-0.707106781186548,0.,0.707106781186547));
#7786=DIRECTION('center_axis',(0.,0.,-1.));
#7787=DIRECTION('ref_axis',(-0.707106781186546,-0.707106781186549,0.));
#7788=DIRECTION('center_axis',(0.,0.,1.));
#7789=DIRECTION('ref_axis',(-1.,0.,0.));
#7790=DIRECTION('',(0.,0.,-1.));
#7791=DIRECTION('center_axis',(0.,1.,0.));
#7792=DIRECTION('ref_axis',(0.,0.,1.));
#7793=DIRECTION('center_axis',(-1.,0.,0.));
#7794=DIRECTION('ref_axis',(0.,0.,-1.));
#7795=DIRECTION('center_axis',(0.,-1.,0.));
#7796=DIRECTION('ref_axis',(-0.707106781186547,0.,-0.707106781186548));
#7797=DIRECTION('center_axis',(1.,0.,0.));
#7798=DIRECTION('ref_axis',(0.,-0.707106781186549,-0.707106781186546));
#7799=DIRECTION('center_axis',(-1.,0.,0.));
#7800=DIRECTION('ref_axis',(0.,-1.38777878078145E-16,-1.));
#7801=DIRECTION('',(1.,0.,0.));
#7802=DIRECTION('center_axis',(0.,1.,0.));
#7803=DIRECTION('ref_axis',(0.,0.,1.));
#7804=DIRECTION('center_axis',(0.,0.,-1.));
#7805=DIRECTION('ref_axis',(1.,0.,0.));
#7806=DIRECTION('center_axis',(0.,-1.,0.));
#7807=DIRECTION('ref_axis',(0.707106781186547,0.,-0.707106781186548));
#7808=DIRECTION('center_axis',(0.,0.,1.));
#7809=DIRECTION('ref_axis',(0.707106781186528,-0.707106781186568,0.));
#7810=DIRECTION('center_axis',(0.,0.,-1.));
#7811=DIRECTION('ref_axis',(1.,0.,0.));
#7812=DIRECTION('',(0.,0.,1.));
#7813=DIRECTION('center_axis',(0.,1.,0.));
#7814=DIRECTION('ref_axis',(0.,0.,1.));
#7815=DIRECTION('center_axis',(0.,-1.,0.));
#7816=DIRECTION('ref_axis',(0.707106781186547,0.,0.707106781186547));
#7817=DIRECTION('center_axis',(0.,-1.,0.));
#7818=DIRECTION('ref_axis',(-0.707106781186548,0.,-0.707106781186547));
#7819=DIRECTION('',(0.,1.,0.));
#7820=DIRECTION('center_axis',(0.,1.,0.));
#7821=DIRECTION('ref_axis',(-0.707106781186547,0.,-0.707106781186548));
#7822=DIRECTION('',(0.,-1.,0.));
#7823=DIRECTION('center_axis',(-1.,0.,0.));
#7824=DIRECTION('ref_axis',(0.,0.,-1.));
#7825=DIRECTION('',(0.,-1.,0.));
#7826=DIRECTION('',(0.,0.,1.));
#7827=DIRECTION('center_axis',(0.,-1.,0.));
#7828=DIRECTION('ref_axis',(-0.707106781186548,0.,0.707106781186547));
#7829=DIRECTION('',(0.,1.,0.));
#7830=DIRECTION('center_axis',(0.,1.,0.));
#7831=DIRECTION('ref_axis',(-0.707106781186548,0.,0.707106781186547));
#7832=DIRECTION('center_axis',(0.,0.,-1.));
#7833=DIRECTION('ref_axis',(0.,1.,0.));
#7834=DIRECTION('',(0.,-1.,0.));
#7835=DIRECTION('',(1.,0.,0.));
#7836=DIRECTION('center_axis',(0.,0.,1.));
#7837=DIRECTION('ref_axis',(-0.707106781186546,0.707106781186549,0.));
#7838=DIRECTION('center_axis',(0.,0.,1.));
#7839=DIRECTION('ref_axis',(0.,1.,0.));
#7840=DIRECTION('center_axis',(0.,0.,-1.));
#7841=DIRECTION('ref_axis',(-1.,0.,0.));
#7842=DIRECTION('center_axis',(0.,-1.,0.));
#7843=DIRECTION('ref_axis',(0.,0.,-1.));
#7844=DIRECTION('center_axis',(-1.,0.,0.));
#7845=DIRECTION('ref_axis',(0.,0.,1.));
#7846=DIRECTION('center_axis',(1.,0.,0.));
#7847=DIRECTION('ref_axis',(0.,0.707106781186517,0.707106781186578));
#7848=DIRECTION('center_axis',(-1.,0.,0.));
#7849=DIRECTION('ref_axis',(0.,0.,1.));
#7850=DIRECTION('center_axis',(0.,-1.,0.));
#7851=DIRECTION('ref_axis',(0.,0.,-1.));
#7852=DIRECTION('center_axis',(0.,0.,1.));
#7853=DIRECTION('ref_axis',(1.,0.,0.));
#7854=DIRECTION('center_axis',(0.,1.,0.));
#7855=DIRECTION('ref_axis',(0.707106781186547,0.,0.707106781186547));
#7856=DIRECTION('center_axis',(0.,0.,1.));
#7857=DIRECTION('ref_axis',(0.707106781186528,0.707106781186567,0.));
#7858=DIRECTION('center_axis',(0.,0.,1.));
#7859=DIRECTION('ref_axis',(1.,0.,0.));
#7860=DIRECTION('',(0.,0.,-1.));
#7861=DIRECTION('center_axis',(0.,-1.,0.));
#7862=DIRECTION('ref_axis',(0.,0.,-1.));
#7863=DIRECTION('center_axis',(1.,0.,0.));
#7864=DIRECTION('ref_axis',(0.,0.,-1.));
#7865=DIRECTION('center_axis',(0.,1.,0.));
#7866=DIRECTION('ref_axis',(0.707106781186547,0.,-0.707106781186548));
#7867=DIRECTION('center_axis',(-1.,0.,0.));
#7868=DIRECTION('ref_axis',(0.,0.707106781186548,-0.707106781186547));
#7869=DIRECTION('center_axis',(1.,0.,-8.88178419700128E-15));
#7870=DIRECTION('ref_axis',(-8.88178419700128E-15,0.,-1.));
#7871=DIRECTION('',(-1.,0.,0.));
#7872=DIRECTION('center_axis',(0.,-1.,0.));
#7873=DIRECTION('ref_axis',(0.,0.,-1.));
#7874=DIRECTION('center_axis',(0.,-1.,0.));
#7875=DIRECTION('ref_axis',(0.707106781186547,0.,0.707106781186547));
#7876=DIRECTION('',(0.,1.,0.));
#7877=DIRECTION('center_axis',(0.,1.,0.));
#7878=DIRECTION('ref_axis',(0.,0.,1.));
#7879=DIRECTION('center_axis',(-1.,0.,0.));
#7880=DIRECTION('ref_axis',(0.,-1.,0.));
#7881=DIRECTION('center_axis',(0.,1.,0.));
#7882=DIRECTION('ref_axis',(-0.707106781186547,0.,-0.707106781186547));
#7883=DIRECTION('center_axis',(0.,0.,-1.));
#7884=DIRECTION('ref_axis',(1.,0.,0.));
#7885=DIRECTION('center_axis',(0.,0.,1.));
#7886=DIRECTION('ref_axis',(0.707106781186553,-0.707106781186542,0.));
#7887=DIRECTION('center_axis',(0.,0.,-1.));
#7888=DIRECTION('ref_axis',(1.,0.,0.));
#7889=DIRECTION('',(0.,0.,1.));
#7890=DIRECTION('center_axis',(0.,1.,0.));
#7891=DIRECTION('ref_axis',(0.,0.,1.));
#7892=DIRECTION('center_axis',(-1.,0.,0.));
#7893=DIRECTION('ref_axis',(0.,0.,-1.));
#7894=DIRECTION('center_axis',(0.,1.,0.));
#7895=DIRECTION('ref_axis',(-0.707106781186548,0.,0.707106781186548));
#7896=DIRECTION('center_axis',(1.,0.,0.));
#7897=DIRECTION('ref_axis',(0.,-0.707106781186542,-0.707106781186553));
#7898=DIRECTION('center_axis',(-1.,0.,0.));
#7899=DIRECTION('ref_axis',(0.,0.,-1.));
#7900=DIRECTION('',(1.,0.,0.));
#7901=DIRECTION('center_axis',(0.,1.,0.));
#7902=DIRECTION('ref_axis',(0.,0.,1.));
#7903=DIRECTION('center_axis',(0.,0.,1.));
#7904=DIRECTION('ref_axis',(-1.,0.,0.));
#7905=DIRECTION('center_axis',(0.,1.,0.));
#7906=DIRECTION('ref_axis',(0.707106781186548,0.,0.707106781186548));
#7907=DIRECTION('center_axis',(0.,0.,-1.));
#7908=DIRECTION('ref_axis',(-0.707106781186553,-0.707106781186542,0.));
#7909=DIRECTION('center_axis',(0.,0.,1.));
#7910=DIRECTION('ref_axis',(-1.,0.,0.));
#7911=DIRECTION('',(0.,0.,-1.));
#7912=DIRECTION('center_axis',(0.,1.,0.));
#7913=DIRECTION('ref_axis',(0.,0.,1.));
#7914=DIRECTION('center_axis',(1.,0.,0.));
#7915=DIRECTION('ref_axis',(0.,0.,1.));
#7916=DIRECTION('center_axis',(0.,1.,0.));
#7917=DIRECTION('ref_axis',(0.707106781186548,0.,-0.707106781186548));
#7918=DIRECTION('center_axis',(-1.,0.,0.));
#7919=DIRECTION('ref_axis',(0.,-0.707106781186542,0.707106781186553));
#7920=DIRECTION('',(-1.,0.,0.));
#7921=DIRECTION('center_axis',(0.,0.,1.));
#7922=DIRECTION('ref_axis',(-1.,0.,0.));
#7923=DIRECTION('',(0.,-1.,0.));
#7924=DIRECTION('',(-1.,0.,0.));
#7925=DIRECTION('',(0.,-1.,0.));
#7926=DIRECTION('center_axis',(0.,-1.,0.));
#7927=DIRECTION('ref_axis',(-1.,0.,0.));
#7928=DIRECTION('',(0.,-1.,0.));
#7929=DIRECTION('center_axis',(0.,-1.,0.));
#7930=DIRECTION('ref_axis',(-0.707106781186548,0.,0.707106781186548));
#7931=DIRECTION('center_axis',(-1.,0.,0.));
#7932=DIRECTION('ref_axis',(0.,0.,-1.));
#7933=DIRECTION('',(0.,-1.,0.));
#7934=DIRECTION('',(0.,0.,-1.));
#7935=DIRECTION('center_axis',(0.,-1.,0.));
#7936=DIRECTION('ref_axis',(0.,0.,-1.));
#7937=DIRECTION('',(0.,-1.,0.));
#7938=DIRECTION('center_axis',(0.,-1.,0.));
#7939=DIRECTION('ref_axis',(-0.707106781186547,0.,-0.707106781186547));
#7940=DIRECTION('center_axis',(0.,-1.,0.));
#7941=DIRECTION('ref_axis',(0.,0.,-1.));
#7942=DIRECTION('center_axis',(1.,0.,0.));
#7943=DIRECTION('ref_axis',(0.,1.,0.));
#7944=DIRECTION('center_axis',(0.,-1.,0.));
#7945=DIRECTION('ref_axis',(0.707106781186548,0.,-0.707106781186548));
#7946=DIRECTION('center_axis',(0.,0.,-1.));
#7947=DIRECTION('ref_axis',(-1.,0.,0.));
#7948=DIRECTION('center_axis',(0.,0.,1.));
#7949=DIRECTION('ref_axis',(-0.707106781186552,0.707106781186543,0.));
#7950=DIRECTION('center_axis',(0.,0.,-1.));
#7951=DIRECTION('ref_axis',(-1.,0.,0.));
#7952=DIRECTION('',(0.,0.,1.));
#7953=DIRECTION('center_axis',(0.,-1.,0.));
#7954=DIRECTION('ref_axis',(0.,0.,-1.));
#7955=DIRECTION('center_axis',(1.,0.,0.));
#7956=DIRECTION('ref_axis',(0.,0.,-1.));
#7957=DIRECTION('center_axis',(0.,-1.,0.));
#7958=DIRECTION('ref_axis',(0.707106781186548,0.,0.707106781186548));
#7959=DIRECTION('center_axis',(-1.,0.,0.));
#7960=DIRECTION('ref_axis',(0.,0.707106781186543,-0.707106781186552));
#7961=DIRECTION('center_axis',(1.,0.,0.));
#7962=DIRECTION('ref_axis',(0.,0.,-1.));
#7963=DIRECTION('center_axis',(0.,-1.,0.));
#7964=DIRECTION('ref_axis',(0.,0.,-1.));
#7965=DIRECTION('center_axis',(0.,0.,1.));
#7966=DIRECTION('ref_axis',(1.,0.,0.));
#7967=DIRECTION('center_axis',(0.,0.,-1.));
#7968=DIRECTION('ref_axis',(0.707106781186552,0.707106781186543,0.));
#7969=DIRECTION('center_axis',(0.,0.,1.));
#7970=DIRECTION('ref_axis',(1.,0.,0.));
#7971=DIRECTION('center_axis',(0.,-1.,0.));
#7972=DIRECTION('ref_axis',(0.,0.,-1.));
#7973=DIRECTION('center_axis',(-1.,0.,0.));
#7974=DIRECTION('ref_axis',(0.,0.,1.));
#7975=DIRECTION('center_axis',(1.,0.,0.));
#7976=DIRECTION('ref_axis',(0.,0.707106781186543,0.707106781186552));
#7977=DIRECTION('',(1.,0.,0.));
#7978=DIRECTION('center_axis',(0.,-1.,0.));
#7979=DIRECTION('ref_axis',(0.,0.,1.));
#7980=DIRECTION('',(0.,-1.,0.));
#7981=DIRECTION('center_axis',(1.,0.,0.));
#7982=DIRECTION('ref_axis',(0.,0.,1.));
#7983=DIRECTION('',(0.,-1.,0.));
#7984=DIRECTION('center_axis',(0.,-1.,0.));
#7985=DIRECTION('ref_axis',(1.,0.,0.));
#7986=DIRECTION('',(0.,-1.,0.));
#7987=DIRECTION('center_axis',(0.,-1.,0.));
#7988=DIRECTION('ref_axis',(0.,0.,-1.));
#7989=DIRECTION('center_axis',(0.,0.,-1.));
#7990=DIRECTION('ref_axis',(0.,1.,0.));
#7991=DIRECTION('center_axis',(0.,-1.,0.));
#7992=DIRECTION('ref_axis',(-0.70710678118655,0.,-0.707106781186545));
#7993=DIRECTION('center_axis',(-1.,0.,0.));
#7994=DIRECTION('ref_axis',(0.,0.,1.));
#7995=DIRECTION('center_axis',(1.,0.,-8.8817841970012E-15));
#7996=DIRECTION('ref_axis',(0.,0.707106781186543,0.707106781186552));
#7997=DIRECTION('center_axis',(-1.,0.,0.));
#7998=DIRECTION('ref_axis',(0.,0.,1.));
#7999=DIRECTION('',(1.,0.,-8.8817841970012E-15));
#8000=DIRECTION('center_axis',(0.,-1.,0.));
#8001=DIRECTION('ref_axis',(0.,0.,-1.));
#8002=DIRECTION('center_axis',(0.,0.,-1.));
#8003=DIRECTION('ref_axis',(-1.,0.,0.));
#8004=DIRECTION('center_axis',(0.,-1.,0.));
#8005=DIRECTION('ref_axis',(0.707106781186551,0.,-0.707106781186545));
#8006=DIRECTION('center_axis',(-1.61486985400023E-15,0.,1.));
#8007=DIRECTION('ref_axis',(-0.707106781186577,0.707106781186518,0.));
#8008=DIRECTION('center_axis',(0.,0.,-1.));
#8009=DIRECTION('ref_axis',(-1.,0.,0.));
#8010=DIRECTION('',(-1.61486985400023E-15,0.,1.));
#8011=DIRECTION('center_axis',(0.,-1.,0.));
#8012=DIRECTION('ref_axis',(0.,0.,-1.));
#8013=DIRECTION('center_axis',(1.,0.,0.));
#8014=DIRECTION('ref_axis',(0.,0.,-1.));
#8015=DIRECTION('center_axis',(0.,-1.,0.));
#8016=DIRECTION('ref_axis',(0.70710678118655,0.,0.707106781186545));
#8017=DIRECTION('center_axis',(-1.,0.,0.));
#8018=DIRECTION('ref_axis',(0.,0.707106781186568,-0.707106781186527));
#8019=DIRECTION('center_axis',(1.,0.,0.));
#8020=DIRECTION('ref_axis',(0.,0.,-1.));
#8021=DIRECTION('',(-1.,0.,0.));
#8022=DIRECTION('center_axis',(0.,-1.,0.));
#8023=DIRECTION('ref_axis',(0.,0.,-1.));
#8024=DIRECTION('center_axis',(0.,0.,1.));
#8025=DIRECTION('ref_axis',(1.,0.,0.));
#8026=DIRECTION('center_axis',(0.,-1.,0.));
#8027=DIRECTION('ref_axis',(-0.707106781186544,0.,0.707106781186551));
#8028=DIRECTION('center_axis',(0.,0.,-1.));
#8029=DIRECTION('ref_axis',(0.707106781186552,0.707106781186543,0.));
#8030=DIRECTION('',(0.,0.,-1.));
#8031=DIRECTION('center_axis',(1.,0.,1.61486985400023E-15));
#8032=DIRECTION('ref_axis',(-1.61486985400023E-15,0.,1.));
#8033=DIRECTION('',(0.,-1.,0.));
#8034=DIRECTION('',(1.61486985400023E-15,0.,-1.));
#8035=DIRECTION('',(0.,-1.,0.));
#8036=DIRECTION('center_axis',(0.,-1.,0.));
#8037=DIRECTION('ref_axis',(1.,0.,0.));
#8038=DIRECTION('',(0.,-1.,0.));
#8039=DIRECTION('center_axis',(0.,1.,0.));
#8040=DIRECTION('ref_axis',(0.707106781186551,0.,-0.707106781186545));
#8041=DIRECTION('center_axis',(-8.8817841970012E-15,0.,-1.));
#8042=DIRECTION('ref_axis',(1.,0.,-8.8817841970012E-15));
#8043=DIRECTION('',(0.,-1.,0.));
#8044=DIRECTION('',(-1.,0.,8.8817841970012E-15));
#8045=DIRECTION('center_axis',(0.,-1.,0.));
#8046=DIRECTION('ref_axis',(-1.1842378929335E-14,0.,-1.));
#8047=DIRECTION('',(0.,-1.,0.));
#8048=DIRECTION('center_axis',(0.,1.,0.));
#8049=DIRECTION('ref_axis',(-0.70710678118655,0.,-0.707106781186545));
#8050=DIRECTION('center_axis',(1.,0.,0.));
#8051=DIRECTION('ref_axis',(0.,-0.707106781186568,-0.707106781186528));
#8052=DIRECTION('center_axis',(1.,0.,0.));
#8053=DIRECTION('ref_axis',(0.,-1.,0.));
#8054=DIRECTION('',(1.,0.,0.));
#8055=DIRECTION('center_axis',(-1.,0.,0.));
#8056=DIRECTION('ref_axis',(0.,0.,-1.));
#8057=DIRECTION('center_axis',(0.,1.,0.));
#8058=DIRECTION('ref_axis',(0.,0.,1.));
#8059=DIRECTION('center_axis',(0.,0.,1.));
#8060=DIRECTION('ref_axis',(-1.,0.,0.));
#8061=DIRECTION('center_axis',(0.,1.,0.));
#8062=DIRECTION('ref_axis',(0.70710678118655,0.,0.707106781186545));
#8063=DIRECTION('center_axis',(1.61486985400023E-15,0.,-1.));
#8064=DIRECTION('ref_axis',(-0.707106781186578,-0.707106781186517,0.));
#8065=DIRECTION('center_axis',(0.,0.,1.));
#8066=DIRECTION('ref_axis',(-1.,0.,0.));
#8067=DIRECTION('center_axis',(0.,1.,0.));
#8068=DIRECTION('ref_axis',(0.,0.,1.));
#8069=DIRECTION('center_axis',(1.,0.,0.));
#8070=DIRECTION('ref_axis',(0.,0.,1.));
#8071=DIRECTION('center_axis',(-1.,0.,8.8817841970012E-15));
#8072=DIRECTION('ref_axis',(0.,-0.707106781186542,0.707106781186553));
#8073=DIRECTION('center_axis',(1.,0.,0.));
#8074=DIRECTION('ref_axis',(0.,0.,1.));
#8075=DIRECTION('center_axis',(0.,1.,0.));
#8076=DIRECTION('ref_axis',(0.,0.,1.));
#8077=DIRECTION('center_axis',(0.,0.,-1.));
#8078=DIRECTION('ref_axis',(1.,0.,0.));
#8079=DIRECTION('center_axis',(0.,0.,1.));
#8080=DIRECTION('ref_axis',(0.707106781186553,-0.707106781186542,0.));
#8081=DIRECTION('center_axis',(0.,0.,-1.));
#8082=DIRECTION('ref_axis',(1.,0.,0.));
#8083=DIRECTION('',(0.,0.,1.));
#8084=DIRECTION('center_axis',(0.,1.,0.));
#8085=DIRECTION('ref_axis',(0.,0.,1.));
#8086=DIRECTION('center_axis',(0.,1.,0.));
#8087=DIRECTION('ref_axis',(-0.707106781186544,0.,0.707106781186551));
#8088=DIRECTION('center_axis',(0.,-1.,0.));
#8089=DIRECTION('ref_axis',(0.,0.,1.));
#8090=DIRECTION('',(0.,-1.,0.));
#8091=DIRECTION('center_axis',(0.,0.,1.));
#8092=DIRECTION('ref_axis',(-1.,0.,0.));
#8093=DIRECTION('',(0.,-1.,0.));
#8094=DIRECTION('center_axis',(0.,1.,0.));
#8095=DIRECTION('ref_axis',(0.,0.,1.));
#8096=DIRECTION('center_axis',(0.,0.,-1.));
#8097=DIRECTION('ref_axis',(0.,-1.,0.));
#8098=DIRECTION('center_axis',(0.,1.,0.));
#8099=DIRECTION('ref_axis',(0.707106781186549,0.,-0.707106781186546));
#8100=DIRECTION('center_axis',(1.,0.,1.77635683940023E-14));
#8101=DIRECTION('ref_axis',(-1.77635683940023E-14,0.,1.));
#8102=DIRECTION('center_axis',(-1.,0.,0.));
#8103=DIRECTION('ref_axis',(0.,-0.707106781186542,0.707106781186553));
#8104=DIRECTION('center_axis',(1.,0.,0.));
#8105=DIRECTION('ref_axis',(0.,0.,1.));
#8106=DIRECTION('',(-1.,0.,0.));
#8107=DIRECTION('center_axis',(0.,1.,0.));
#8108=DIRECTION('ref_axis',(0.,0.,1.));
#8109=DIRECTION('center_axis',(0.,0.,-1.));
#8110=DIRECTION('ref_axis',(1.,0.,0.));
#8111=DIRECTION('center_axis',(0.,1.,0.));
#8112=DIRECTION('ref_axis',(-0.70710678118655,0.,-0.707106781186545));
#8113=DIRECTION('center_axis',(0.,0.,1.));
#8114=DIRECTION('ref_axis',(0.707106781186546,-0.707106781186549,0.));
#8115=DIRECTION('center_axis',(0.,0.,-1.));
#8116=DIRECTION('ref_axis',(1.,0.,0.));
#8117=DIRECTION('',(0.,0.,1.));
#8118=DIRECTION('center_axis',(0.,1.,0.));
#8119=DIRECTION('ref_axis',(0.,0.,1.));
#8120=DIRECTION('center_axis',(-1.,0.,0.));
#8121=DIRECTION('ref_axis',(0.,0.,-1.));
#8122=DIRECTION('center_axis',(0.,1.,0.));
#8123=DIRECTION('ref_axis',(-0.707106781186545,0.,0.70710678118655));
#8124=DIRECTION('center_axis',(1.,0.,0.));
#8125=DIRECTION('ref_axis',(0.,-0.707106781186568,-0.707106781186528));
#8126=DIRECTION('center_axis',(-1.,0.,0.));
#8127=DIRECTION('ref_axis',(0.,0.,-1.));
#8128=DIRECTION('',(1.,0.,0.));
#8129=DIRECTION('center_axis',(0.,1.,0.));
#8130=DIRECTION('ref_axis',(0.,0.,1.));
#8131=DIRECTION('center_axis',(0.,0.,1.));
#8132=DIRECTION('ref_axis',(-1.,0.,0.));
#8133=DIRECTION('center_axis',(0.,1.,0.));
#8134=DIRECTION('ref_axis',(0.707106781186549,0.,0.707106781186546));
#8135=DIRECTION('center_axis',(0.,0.,-1.));
#8136=DIRECTION('ref_axis',(-0.70710678118654,-0.707106781186555,0.));
#8137=DIRECTION('',(0.,0.,-1.));
#8138=DIRECTION('center_axis',(-1.,0.,0.));
#8139=DIRECTION('ref_axis',(0.,0.,-1.));
#8140=DIRECTION('',(0.,-1.,0.));
#8141=DIRECTION('',(0.,0.,-1.));
#8142=DIRECTION('',(0.,-1.,0.));
#8143=DIRECTION('center_axis',(0.,-1.,0.));
#8144=DIRECTION('ref_axis',(-1.18423789293348E-14,0.,-1.));
#8145=DIRECTION('',(0.,-1.,0.));
#8146=DIRECTION('center_axis',(0.,-1.,0.));
#8147=DIRECTION('ref_axis',(-0.70710678118655,0.,-0.707106781186545));
#8148=DIRECTION('center_axis',(0.,0.,-1.));
#8149=DIRECTION('ref_axis',(1.,0.,0.));
#8150=DIRECTION('',(0.,-1.,0.));
#8151=DIRECTION('',(1.,0.,0.));
#8152=DIRECTION('center_axis',(0.,-1.,0.));
#8153=DIRECTION('ref_axis',(1.,0.,0.));
#8154=DIRECTION('',(0.,-1.,0.));
#8155=DIRECTION('center_axis',(0.,-1.,0.));
#8156=DIRECTION('ref_axis',(0.707106781186549,0.,-0.707106781186546));
#8157=DIRECTION('center_axis',(0.,0.,-1.));
#8158=DIRECTION('ref_axis',(0.707106781186546,0.707106781186549,0.));
#8159=DIRECTION('center_axis',(0.,0.,-1.));
#8160=DIRECTION('ref_axis',(0.,1.,0.));
#8161=DIRECTION('center_axis',(0.,0.,1.));
#8162=DIRECTION('ref_axis',(1.,0.,0.));
#8163=DIRECTION('center_axis',(0.,-1.,0.));
#8164=DIRECTION('ref_axis',(0.,0.,-1.));
#8165=DIRECTION('center_axis',(-1.,0.,8.88178419700144E-15));
#8166=DIRECTION('ref_axis',(8.88178419700144E-15,0.,1.));
#8167=DIRECTION('center_axis',(1.,0.,0.));
#8168=DIRECTION('ref_axis',(0.,0.707106781186543,0.707106781186552));
#8169=DIRECTION('center_axis',(-1.,0.,0.));
#8170=DIRECTION('ref_axis',(0.,0.,1.));
#8171=DIRECTION('center_axis',(0.,-1.,0.));
#8172=DIRECTION('ref_axis',(0.,0.,-1.));
#8173=DIRECTION('center_axis',(0.,0.,-1.));
#8174=DIRECTION('ref_axis',(-1.,0.,0.));
#8175=DIRECTION('center_axis',(0.,0.,1.));
#8176=DIRECTION('ref_axis',(-0.70710678118654,0.707106781186555,0.));
#8177=DIRECTION('center_axis',(0.,0.,-1.));
#8178=DIRECTION('ref_axis',(-1.,0.,0.));
#8179=DIRECTION('',(0.,0.,1.));
#8180=DIRECTION('center_axis',(0.,-1.,0.));
#8181=DIRECTION('ref_axis',(0.,0.,-1.));
#8182=DIRECTION('center_axis',(1.,0.,0.));
#8183=DIRECTION('ref_axis',(0.,0.,-1.));
#8184=DIRECTION('center_axis',(0.,-1.,0.));
#8185=DIRECTION('ref_axis',(0.707106781186549,0.,0.707106781186546));
#8186=DIRECTION('center_axis',(-1.,0.,0.));
#8187=DIRECTION('ref_axis',(0.,0.707106781186568,-0.707106781186527));
#8188=DIRECTION('center_axis',(1.,0.,0.));
#8189=DIRECTION('ref_axis',(0.,0.,-1.));
#8190=DIRECTION('',(-1.,0.,0.));
#8191=DIRECTION('center_axis',(0.,-1.,0.));
#8192=DIRECTION('ref_axis',(0.,0.,-1.));
#8193=DIRECTION('center_axis',(0.,-1.,0.));
#8194=DIRECTION('ref_axis',(-0.707106781186545,0.,0.70710678118655));
#8195=DIRECTION('center_axis',(0.,0.,1.));
#8196=DIRECTION('ref_axis',(0.707106781186546,-0.707106781186549,0.));
#8197=DIRECTION('center_axis',(0.,0.,1.));
#8198=DIRECTION('ref_axis',(0.,-1.,0.));
#8199=DIRECTION('',(0.,0.,1.));
#8200=DIRECTION('center_axis',(0.,0.,-1.));
#8201=DIRECTION('ref_axis',(1.,0.,0.));
#8202=DIRECTION('center_axis',(0.,1.,0.));
#8203=DIRECTION('ref_axis',(0.,0.,1.));
#8204=DIRECTION('center_axis',(-1.,0.,0.));
#8205=DIRECTION('ref_axis',(0.,0.,-1.));
#8206=DIRECTION('center_axis',(0.,1.,0.));
#8207=DIRECTION('ref_axis',(-0.707106781186548,0.,0.707106781186547));
#8208=DIRECTION('center_axis',(1.,0.,0.));
#8209=DIRECTION('ref_axis',(0.,-0.707106781186542,-0.707106781186553));
#8210=DIRECTION('center_axis',(-1.,0.,0.));
#8211=DIRECTION('ref_axis',(0.,0.,-1.));
#8212=DIRECTION('',(1.,0.,0.));
#8213=DIRECTION('center_axis',(0.,1.,0.));
#8214=DIRECTION('ref_axis',(0.,0.,1.));
#8215=DIRECTION('center_axis',(0.,0.,1.));
#8216=DIRECTION('ref_axis',(-1.,0.,0.));
#8217=DIRECTION('center_axis',(0.,1.,0.));
#8218=DIRECTION('ref_axis',(0.707106781186548,0.,0.707106781186548));
#8219=DIRECTION('center_axis',(0.,0.,-1.));
#8220=DIRECTION('ref_axis',(-0.70710678118654,-0.707106781186555,0.));
#8221=DIRECTION('center_axis',(0.,0.,1.));
#8222=DIRECTION('ref_axis',(-1.,0.,0.));
#8223=DIRECTION('',(0.,0.,-1.));
#8224=DIRECTION('center_axis',(0.,1.,0.));
#8225=DIRECTION('ref_axis',(0.,0.,1.));
#8226=DIRECTION('center_axis',(1.,0.,0.));
#8227=DIRECTION('ref_axis',(0.,0.,1.));
#8228=DIRECTION('center_axis',(0.,1.,0.));
#8229=DIRECTION('ref_axis',(0.707106781186548,0.,-0.707106781186548));
#8230=DIRECTION('center_axis',(-1.,0.,0.));
#8231=DIRECTION('ref_axis',(0.,-0.707106781186542,0.707106781186553));
#8232=DIRECTION('center_axis',(1.,0.,0.));
#8233=DIRECTION('ref_axis',(0.,0.,1.));
#8234=DIRECTION('',(-1.,0.,0.));
#8235=DIRECTION('center_axis',(0.,1.,0.));
#8236=DIRECTION('ref_axis',(0.,0.,1.));
#8237=DIRECTION('center_axis',(0.,1.,0.));
#8238=DIRECTION('ref_axis',(-0.707106781186546,0.,-0.707106781186549));
#8239=DIRECTION('center_axis',(0.,-1.,0.));
#8240=DIRECTION('ref_axis',(0.,0.,1.));
#8241=DIRECTION('',(0.,-1.,0.));
#8242=DIRECTION('center_axis',(0.,-1.,0.));
#8243=DIRECTION('ref_axis',(0.707106781186548,0.,0.707106781186548));
#8244=DIRECTION('',(0.,-1.,0.));
#8245=DIRECTION('center_axis',(0.,0.,1.));
#8246=DIRECTION('ref_axis',(-1.,0.,0.));
#8247=DIRECTION('',(0.,-1.,0.));
#8248=DIRECTION('',(-1.,0.,0.));
#8249=DIRECTION('center_axis',(0.,-1.,0.));
#8250=DIRECTION('ref_axis',(-1.,0.,0.));
#8251=DIRECTION('',(0.,-1.,0.));
#8252=DIRECTION('center_axis',(0.,-1.,0.));
#8253=DIRECTION('ref_axis',(-0.707106781186548,0.,0.707106781186547));
#8254=DIRECTION('center_axis',(-1.,0.,0.));
#8255=DIRECTION('ref_axis',(0.,0.,-1.));
#8256=DIRECTION('',(0.,-1.,0.));
#8257=DIRECTION('',(0.,0.,-1.));
#8258=DIRECTION('center_axis',(0.,0.,1.));
#8259=DIRECTION('ref_axis',(-0.70710678118654,0.707106781186555,0.));
#8260=DIRECTION('center_axis',(0.,0.,1.));
#8261=DIRECTION('ref_axis',(0.,1.,0.));
#8262=DIRECTION('',(0.,0.,1.));
#8263=DIRECTION('center_axis',(0.,0.,-1.));
#8264=DIRECTION('ref_axis',(-1.,0.,0.));
#8265=DIRECTION('center_axis',(0.,-1.,0.));
#8266=DIRECTION('ref_axis',(0.,0.,-1.));
#8267=DIRECTION('center_axis',(1.,0.,0.));
#8268=DIRECTION('ref_axis',(0.,0.,-1.));
#8269=DIRECTION('center_axis',(-1.,0.,0.));
#8270=DIRECTION('ref_axis',(0.,0.707106781186543,-0.707106781186552));
#8271=DIRECTION('center_axis',(1.,0.,0.));
#8272=DIRECTION('ref_axis',(0.,0.,-1.));
#8273=DIRECTION('center_axis',(0.,-1.,0.));
#8274=DIRECTION('ref_axis',(0.,0.,-1.));
#8275=DIRECTION('center_axis',(0.,0.,1.));
#8276=DIRECTION('ref_axis',(1.,0.,0.));
#8277=DIRECTION('center_axis',(0.,0.,-1.));
#8278=DIRECTION('ref_axis',(0.707106781186546,0.707106781186549,0.));
#8279=DIRECTION('center_axis',(0.,0.,1.));
#8280=DIRECTION('ref_axis',(1.,0.,0.));
#8281=DIRECTION('center_axis',(0.,-1.,0.));
#8282=DIRECTION('ref_axis',(0.,0.,-1.));
#8283=DIRECTION('center_axis',(-1.,0.,0.));
#8284=DIRECTION('ref_axis',(0.,0.,1.));
#8285=DIRECTION('center_axis',(0.,-1.,0.));
#8286=DIRECTION('ref_axis',(-0.707106781186546,0.,-0.707106781186549));
#8287=DIRECTION('center_axis',(1.,0.,0.));
#8288=DIRECTION('ref_axis',(0.,0.707106781186543,0.707106781186552));
#8289=DIRECTION('center_axis',(-1.,0.,0.));
#8290=DIRECTION('ref_axis',(0.,0.,1.));
#8291=DIRECTION('',(1.,0.,0.));
#8292=DIRECTION('center_axis',(0.,-1.,0.));
#8293=DIRECTION('ref_axis',(0.,0.,-1.));
#8294=DIRECTION('center_axis',(0.,-1.,0.));
#8295=DIRECTION('ref_axis',(0.707106781186548,0.,-0.707106781186548));
#8296=DIRECTION('center_axis',(1.,0.,0.));
#8297=DIRECTION('ref_axis',(0.,0.,1.));
#8298=DIRECTION('',(0.,-1.,0.));
#8299=DIRECTION('center_axis',(0.,-1.,0.));
#8300=DIRECTION('ref_axis',(0.707106781186547,0.,-0.707106781186547));
#8301=DIRECTION('',(0.,1.,0.));
#8302=DIRECTION('',(0.,-1.,0.));
#8303=DIRECTION('center_axis',(1.,0.,0.));
#8304=DIRECTION('ref_axis',(0.,0.,1.));
#8305=DIRECTION('center_axis',(-1.,0.,0.));
#8306=DIRECTION('ref_axis',(0.,0.,-1.));
#8307=DIRECTION('',(0.,-1.,0.));
#8308=DIRECTION('center_axis',(0.,-1.,0.));
#8309=DIRECTION('ref_axis',(-1.,0.,0.));
#8310=DIRECTION('center_axis',(1.,0.,0.));
#8311=DIRECTION('ref_axis',(0.,0.,1.));
#8312=DIRECTION('',(0.,-1.,0.));
#8313=DIRECTION('center_axis',(0.,-1.,0.));
#8314=DIRECTION('ref_axis',(-1.,0.,0.));
#8315=DIRECTION('',(0.,-1.,0.));
#8316=DIRECTION('center_axis',(0.,0.,1.));
#8317=DIRECTION('ref_axis',(-1.,0.,0.));
#8318=DIRECTION('',(0.,-1.,0.));
#8319=DIRECTION('center_axis',(0.,-1.,0.));
#8320=DIRECTION('ref_axis',(0.,0.,1.));
#8321=DIRECTION('center_axis',(0.,0.,-1.));
#8322=DIRECTION('ref_axis',(1.,0.,0.));
#8323=DIRECTION('center_axis',(0.,-1.,0.));
#8324=DIRECTION('ref_axis',(1.,0.,0.));
#8325=DIRECTION('',(0.,-1.,0.));
#8326=DIRECTION('center_axis',(0.,0.,-1.));
#8327=DIRECTION('ref_axis',(1.,0.,0.));
#8328=DIRECTION('',(0.,-1.,0.));
#8329=DIRECTION('center_axis',(0.,-1.,0.));
#8330=DIRECTION('ref_axis',(0.,0.,-1.));
#8331=DIRECTION('center_axis',(0.,0.,1.));
#8332=DIRECTION('ref_axis',(0.,-1.,0.));
#8333=DIRECTION('axis',(0.,0.,1.));
#8334=DIRECTION('refdir',(1.,0.,0.));
#8335=DIRECTION('center_axis',(0.,-1.,0.));
#8336=DIRECTION('ref_axis',(-1.,0.,0.));
#8337=DIRECTION('center_axis',(0.,-1.,0.));
#8338=DIRECTION('ref_axis',(-1.,0.,0.));
#8339=DIRECTION('',(0.,-1.,0.));
#8340=DIRECTION('center_axis',(0.,1.,0.));
#8341=DIRECTION('ref_axis',(-1.,0.,0.));
#8342=DIRECTION('center_axis',(0.,-1.,0.));
#8343=DIRECTION('ref_axis',(-1.,0.,0.));
#8344=DIRECTION('center_axis',(0.,-1.,0.));
#8345=DIRECTION('ref_axis',(-1.,0.,0.));
#8346=DIRECTION('',(0.,-1.,0.));
#8347=DIRECTION('center_axis',(0.,1.,0.));
#8348=DIRECTION('ref_axis',(-1.,0.,0.));
#8349=DIRECTION('center_axis',(0.,0.,1.));
#8350=DIRECTION('ref_axis',(1.,0.,0.));
#8351=DIRECTION('',(-1.,0.,0.));
#8352=DIRECTION('',(0.,1.,0.));
#8353=DIRECTION('',(1.,0.,0.));
#8354=DIRECTION('',(0.,1.,0.));
#8355=DIRECTION('center_axis',(-1.,0.,0.));
#8356=DIRECTION('ref_axis',(0.,0.,1.));
#8357=DIRECTION('',(0.,0.,-1.));
#8358=DIRECTION('',(0.,0.,1.));
#8359=DIRECTION('',(0.,1.,0.));
#8360=DIRECTION('center_axis',(0.,0.,-1.));
#8361=DIRECTION('ref_axis',(-1.,0.,0.));
#8362=DIRECTION('',(1.,0.,0.));
#8363=DIRECTION('',(-1.,0.,0.));
#8364=DIRECTION('',(0.,1.,0.));
#8365=DIRECTION('center_axis',(0.,1.,0.));
#8366=DIRECTION('ref_axis',(0.,0.,1.));
#8367=DIRECTION('',(0.,0.,-1.));
#8368=DIRECTION('center_axis',(0.,1.,0.));
#8369=DIRECTION('ref_axis',(0.,0.,1.));
#8370=DIRECTION('',(0.,0.,-1.));
#8371=DIRECTION('',(-1.,0.,0.));
#8372=DIRECTION('',(0.,0.,1.));
#8373=DIRECTION('',(1.,0.,0.));
#8374=DIRECTION('',(0.,0.,1.));
#8375=DIRECTION('',(-1.,0.,0.));
#8376=DIRECTION('',(0.,0.,1.));
#8377=DIRECTION('',(1.,0.,0.));
#8378=DIRECTION('',(0.,0.,-1.));
#8379=DIRECTION('center_axis',(0.,0.,-1.));
#8380=DIRECTION('ref_axis',(-1.,0.,0.));
#8381=DIRECTION('',(0.,1.,0.));
#8382=DIRECTION('',(-1.,0.,0.));
#8383=DIRECTION('',(0.,1.,0.));
#8384=DIRECTION('center_axis',(1.,0.,0.));
#8385=DIRECTION('ref_axis',(0.,0.,-1.));
#8386=DIRECTION('',(0.,0.,-1.));
#8387=DIRECTION('',(0.,1.,0.));
#8388=DIRECTION('center_axis',(0.,0.,1.));
#8389=DIRECTION('ref_axis',(1.,0.,0.));
#8390=DIRECTION('',(1.,0.,0.));
#8391=DIRECTION('',(0.,1.,0.));
#8392=DIRECTION('center_axis',(0.,1.,0.));
#8393=DIRECTION('ref_axis',(0.,0.,1.));
#8394=DIRECTION('',(0.,0.,1.));
#8395=DIRECTION('center_axis',(0.,1.,0.));
#8396=DIRECTION('ref_axis',(0.,0.,1.));
#8397=DIRECTION('',(-1.,0.,0.));
#8398=DIRECTION('',(0.,0.,-1.));
#8399=DIRECTION('',(1.,0.,0.));
#8400=DIRECTION('',(0.,0.,1.));
#8401=DIRECTION('center_axis',(1.,0.,0.));
#8402=DIRECTION('ref_axis',(0.,1.,0.));
#8403=DIRECTION('',(0.,-1.,0.));
#8404=DIRECTION('',(0.,-1.,0.));
#8405=DIRECTION('center_axis',(0.,0.,1.));
#8406=DIRECTION('ref_axis',(0.,-1.,0.));
#8407=DIRECTION('',(0.,-1.,0.));
#8408=DIRECTION('center_axis',(-1.,0.,0.));
#8409=DIRECTION('ref_axis',(0.,-1.,0.));
#8410=DIRECTION('',(0.,-1.,0.));
#8411=DIRECTION('center_axis',(0.,0.,-1.));
#8412=DIRECTION('ref_axis',(0.,1.,0.));
#8413=DIRECTION('axis',(0.,0.,1.));
#8414=DIRECTION('refdir',(1.,0.,0.));
#8415=DIRECTION('center_axis',(0.,1.,0.));
#8416=DIRECTION('ref_axis',(1.,0.,0.));
#8417=DIRECTION('center_axis',(0.,1.,0.));
#8418=DIRECTION('ref_axis',(1.,0.,0.));
#8419=DIRECTION('',(0.,1.,0.));
#8420=DIRECTION('center_axis',(0.,1.,0.));
#8421=DIRECTION('ref_axis',(1.,0.,0.));
#8422=DIRECTION('center_axis',(0.,-1.,0.));
#8423=DIRECTION('ref_axis',(1.,0.,0.));
#8424=DIRECTION('center_axis',(0.,1.,0.));
#8425=DIRECTION('ref_axis',(1.,0.,0.));
#8426=DIRECTION('center_axis',(0.,1.,0.));
#8427=DIRECTION('ref_axis',(1.,0.,0.));
#8428=DIRECTION('',(0.,1.,0.));
#8429=DIRECTION('center_axis',(0.,1.,0.));
#8430=DIRECTION('ref_axis',(1.,0.,0.));
#8431=DIRECTION('center_axis',(0.,-1.,0.));
#8432=DIRECTION('ref_axis',(1.,0.,0.));
#8433=DIRECTION('center_axis',(0.,1.,0.));
#8434=DIRECTION('ref_axis',(1.,0.,0.));
#8435=DIRECTION('center_axis',(0.,1.,0.));
#8436=DIRECTION('ref_axis',(1.,0.,0.));
#8437=DIRECTION('',(0.,1.,0.));
#8438=DIRECTION('center_axis',(0.,1.,0.));
#8439=DIRECTION('ref_axis',(1.,0.,0.));
#8440=DIRECTION('center_axis',(0.,-1.,0.));
#8441=DIRECTION('ref_axis',(1.,0.,0.));
#8442=DIRECTION('center_axis',(0.,1.,0.));
#8443=DIRECTION('ref_axis',(1.,0.,0.));
#8444=DIRECTION('center_axis',(0.,1.,0.));
#8445=DIRECTION('ref_axis',(1.,0.,0.));
#8446=DIRECTION('',(0.,1.,0.));
#8447=DIRECTION('center_axis',(0.,1.,0.));
#8448=DIRECTION('ref_axis',(1.,0.,0.));
#8449=DIRECTION('center_axis',(0.,-1.,0.));
#8450=DIRECTION('ref_axis',(1.,0.,0.));
#8451=DIRECTION('center_axis',(0.,1.,0.));
#8452=DIRECTION('ref_axis',(0.,0.,1.));
#8453=DIRECTION('',(1.,0.,0.));
#8454=DIRECTION('',(0.,0.,-1.));
#8455=DIRECTION('',(-1.,0.,0.));
#8456=DIRECTION('',(0.,0.,1.));
#8457=DIRECTION('center_axis',(0.,1.,0.));
#8458=DIRECTION('ref_axis',(0.,0.,1.));
#8459=DIRECTION('',(-1.,0.,0.));
#8460=DIRECTION('',(0.,0.,-1.));
#8461=DIRECTION('',(1.,0.,0.));
#8462=DIRECTION('',(0.,0.,1.));
#8463=DIRECTION('center_axis',(1.,0.,0.));
#8464=DIRECTION('ref_axis',(0.,1.,0.));
#8465=DIRECTION('',(0.,-1.,0.));
#8466=DIRECTION('',(0.,-1.,0.));
#8467=DIRECTION('center_axis',(0.,0.,1.));
#8468=DIRECTION('ref_axis',(0.,-1.,0.));
#8469=DIRECTION('',(0.,-1.,0.));
#8470=DIRECTION('center_axis',(-1.,0.,0.));
#8471=DIRECTION('ref_axis',(0.,-1.,0.));
#8472=DIRECTION('',(0.,-1.,0.));
#8473=DIRECTION('center_axis',(0.,0.,-1.));
#8474=DIRECTION('ref_axis',(0.,1.,0.));
#8475=DIRECTION('axis',(0.,0.,1.));
#8476=DIRECTION('refdir',(1.,0.,0.));
#8477=DIRECTION('center_axis',(0.,1.,0.));
#8478=DIRECTION('ref_axis',(1.,0.,0.));
#8479=DIRECTION('center_axis',(0.,-1.,0.));
#8480=DIRECTION('ref_axis',(1.,0.,0.));
#8481=DIRECTION('',(0.,-1.,0.));
#8482=DIRECTION('center_axis',(0.,-1.,0.));
#8483=DIRECTION('ref_axis',(1.,0.,0.));
#8484=DIRECTION('center_axis',(0.,1.,0.));
#8485=DIRECTION('ref_axis',(1.,0.,0.));
#8486=DIRECTION('center_axis',(0.,-1.,0.));
#8487=DIRECTION('ref_axis',(1.,0.,0.));
#8488=DIRECTION('',(0.,-1.,0.));
#8489=DIRECTION('center_axis',(0.,-1.,0.));
#8490=DIRECTION('ref_axis',(1.,0.,0.));
#8491=DIRECTION('center_axis',(0.,1.,0.));
#8492=DIRECTION('ref_axis',(1.,0.,0.));
#8493=DIRECTION('center_axis',(0.,-1.,0.));
#8494=DIRECTION('ref_axis',(1.,0.,0.));
#8495=DIRECTION('',(0.,-1.,0.));
#8496=DIRECTION('center_axis',(0.,-1.,0.));
#8497=DIRECTION('ref_axis',(1.,0.,0.));
#8498=DIRECTION('center_axis',(0.,1.,0.));
#8499=DIRECTION('ref_axis',(1.,0.,0.));
#8500=DIRECTION('center_axis',(0.,-1.,0.));
#8501=DIRECTION('ref_axis',(1.,0.,0.));
#8502=DIRECTION('',(0.,-1.,0.));
#8503=DIRECTION('center_axis',(0.,-1.,0.));
#8504=DIRECTION('ref_axis',(1.,0.,0.));
#8505=DIRECTION('center_axis',(0.,0.,1.));
#8506=DIRECTION('ref_axis',(1.,0.,0.));
#8507=DIRECTION('',(1.,0.,0.));
#8508=DIRECTION('',(0.,1.,0.));
#8509=DIRECTION('',(1.,0.,0.));
#8510=DIRECTION('',(0.,1.,0.));
#8511=DIRECTION('center_axis',(-1.,0.,0.));
#8512=DIRECTION('ref_axis',(0.,0.,1.));
#8513=DIRECTION('',(0.,0.,1.));
#8514=DIRECTION('',(0.,0.,1.));
#8515=DIRECTION('',(0.,1.,0.));
#8516=DIRECTION('center_axis',(0.,0.,-1.));
#8517=DIRECTION('ref_axis',(-1.,0.,0.));
#8518=DIRECTION('',(-1.,0.,0.));
#8519=DIRECTION('',(-1.,0.,0.));
#8520=DIRECTION('',(0.,1.,0.));
#8521=DIRECTION('center_axis',(1.,0.,0.));
#8522=DIRECTION('ref_axis',(0.,0.,-1.));
#8523=DIRECTION('',(0.,0.,-1.));
#8524=DIRECTION('',(0.,0.,-1.));
#8525=DIRECTION('center_axis',(0.,1.,0.));
#8526=DIRECTION('ref_axis',(1.,0.,0.));
#8527=DIRECTION('center_axis',(0.,1.,0.));
#8528=DIRECTION('ref_axis',(1.,0.,0.));
#8529=DIRECTION('axis',(0.,0.,1.));
#8530=DIRECTION('refdir',(1.,0.,0.));
#8531=DIRECTION('center_axis',(0.,-1.,0.));
#8532=DIRECTION('ref_axis',(-1.,0.,0.));
#8533=DIRECTION('center_axis',(0.,-1.,0.));
#8534=DIRECTION('ref_axis',(-1.,0.,0.));
#8535=DIRECTION('',(0.,-1.,0.));
#8536=DIRECTION('center_axis',(0.,1.,0.));
#8537=DIRECTION('ref_axis',(-1.,0.,0.));
#8538=DIRECTION('center_axis',(0.,-1.,0.));
#8539=DIRECTION('ref_axis',(-1.,0.,0.));
#8540=DIRECTION('center_axis',(0.,-1.,0.));
#8541=DIRECTION('ref_axis',(-1.,0.,0.));
#8542=DIRECTION('',(0.,-1.,0.));
#8543=DIRECTION('center_axis',(0.,1.,0.));
#8544=DIRECTION('ref_axis',(-1.,0.,0.));
#8545=DIRECTION('center_axis',(0.,-1.,0.));
#8546=DIRECTION('ref_axis',(-1.,0.,0.));
#8547=DIRECTION('center_axis',(0.,-1.,0.));
#8548=DIRECTION('ref_axis',(-1.,0.,0.));
#8549=DIRECTION('',(0.,-1.,0.));
#8550=DIRECTION('center_axis',(0.,1.,0.));
#8551=DIRECTION('ref_axis',(-1.,0.,0.));
#8552=DIRECTION('center_axis',(0.,-1.,0.));
#8553=DIRECTION('ref_axis',(-1.,0.,0.));
#8554=DIRECTION('center_axis',(0.,-1.,0.));
#8555=DIRECTION('ref_axis',(-1.,0.,0.));
#8556=DIRECTION('',(0.,-1.,0.));
#8557=DIRECTION('center_axis',(0.,1.,0.));
#8558=DIRECTION('ref_axis',(-1.,0.,0.));
#8559=DIRECTION('center_axis',(0.,1.,0.));
#8560=DIRECTION('ref_axis',(0.,0.,1.));
#8561=DIRECTION('',(1.,0.,0.));
#8562=DIRECTION('',(0.,0.,-1.));
#8563=DIRECTION('',(-1.,0.,0.));
#8564=DIRECTION('',(0.,0.,1.));
#8565=DIRECTION('center_axis',(0.,1.,0.));
#8566=DIRECTION('ref_axis',(0.,0.,1.));
#8567=DIRECTION('',(-1.,0.,0.));
#8568=DIRECTION('',(0.,0.,-1.));
#8569=DIRECTION('',(1.,0.,0.));
#8570=DIRECTION('',(0.,0.,1.));
#8571=DIRECTION('center_axis',(1.,0.,0.));
#8572=DIRECTION('ref_axis',(0.,1.,0.));
#8573=DIRECTION('',(0.,-1.,0.));
#8574=DIRECTION('',(0.,-1.,0.));
#8575=DIRECTION('center_axis',(0.,0.,1.));
#8576=DIRECTION('ref_axis',(0.,-1.,0.));
#8577=DIRECTION('',(0.,-1.,0.));
#8578=DIRECTION('center_axis',(-1.,0.,0.));
#8579=DIRECTION('ref_axis',(0.,-1.,0.));
#8580=DIRECTION('',(0.,-1.,0.));
#8581=DIRECTION('center_axis',(0.,0.,-1.));
#8582=DIRECTION('ref_axis',(0.,1.,0.));
#8583=DIRECTION('axis',(0.,0.,1.));
#8584=DIRECTION('refdir',(1.,0.,0.));
#8585=DIRECTION('center_axis',(-1.,0.,0.));
#8586=DIRECTION('ref_axis',(0.,0.,1.));
#8587=DIRECTION('',(0.,0.,-1.));
#8588=DIRECTION('',(0.,1.,0.));
#8589=DIRECTION('',(0.,0.,1.));
#8590=DIRECTION('',(0.,1.,0.));
#8591=DIRECTION('center_axis',(0.,0.,-1.));
#8592=DIRECTION('ref_axis',(-1.,0.,0.));
#8593=DIRECTION('',(1.,0.,0.));
#8594=DIRECTION('',(0.,-1.,0.));
#8595=DIRECTION('',(-1.,0.,0.));
#8596=DIRECTION('',(0.,1.,0.));
#8597=DIRECTION('center_axis',(1.,0.,0.));
#8598=DIRECTION('ref_axis',(0.,0.,-1.));
#8599=DIRECTION('',(0.,0.,-1.));
#8600=DIRECTION('',(0.,0.,-1.));
#8601=DIRECTION('',(0.,1.,0.));
#8602=DIRECTION('center_axis',(0.,0.,1.));
#8603=DIRECTION('ref_axis',(1.,0.,0.));
#8604=DIRECTION('',(1.,0.,0.));
#8605=DIRECTION('',(1.,0.,0.));
#8606=DIRECTION('',(0.,1.,0.));
#8607=DIRECTION('center_axis',(0.,1.,0.));
#8608=DIRECTION('ref_axis',(0.,0.,1.));
#8609=DIRECTION('center_axis',(1.,0.,0.));
#8610=DIRECTION('ref_axis',(0.,0.,-1.));
#8611=DIRECTION('',(0.,0.,-1.));
#8612=DIRECTION('',(0.,1.,0.));
#8613=DIRECTION('',(0.,0.,-1.));
#8614=DIRECTION('center_axis',(1.,0.,0.));
#8615=DIRECTION('ref_axis',(0.,0.,-1.));
#8616=DIRECTION('',(0.,0.,-1.));
#8617=DIRECTION('',(0.,1.,0.));
#8618=DIRECTION('',(0.,0.,-1.));
#8619=DIRECTION('center_axis',(0.,1.,0.));
#8620=DIRECTION('ref_axis',(1.,0.,0.));
#8621=DIRECTION('center_axis',(0.,-1.,0.));
#8622=DIRECTION('ref_axis',(1.,0.,0.));
#8623=DIRECTION('',(0.,-1.,0.));
#8624=DIRECTION('center_axis',(0.,-1.,0.));
#8625=DIRECTION('ref_axis',(1.,0.,0.));
#8626=DIRECTION('center_axis',(0.,1.,0.));
#8627=DIRECTION('ref_axis',(1.,0.,0.));
#8628=DIRECTION('center_axis',(0.,-1.,0.));
#8629=DIRECTION('ref_axis',(1.,0.,0.));
#8630=DIRECTION('',(0.,-1.,0.));
#8631=DIRECTION('center_axis',(0.,-1.,0.));
#8632=DIRECTION('ref_axis',(1.,0.,0.));
#8633=DIRECTION('center_axis',(0.,1.,0.));
#8634=DIRECTION('ref_axis',(1.,0.,0.));
#8635=DIRECTION('center_axis',(0.,-1.,0.));
#8636=DIRECTION('ref_axis',(1.,0.,0.));
#8637=DIRECTION('',(0.,-1.,0.));
#8638=DIRECTION('center_axis',(0.,-1.,0.));
#8639=DIRECTION('ref_axis',(1.,0.,0.));
#8640=DIRECTION('center_axis',(0.,1.,0.));
#8641=DIRECTION('ref_axis',(1.,0.,0.));
#8642=DIRECTION('center_axis',(0.,-1.,0.));
#8643=DIRECTION('ref_axis',(1.,0.,0.));
#8644=DIRECTION('',(0.,-1.,0.));
#8645=DIRECTION('center_axis',(0.,-1.,0.));
#8646=DIRECTION('ref_axis',(1.,0.,0.));
#8647=DIRECTION('center_axis',(0.,0.,-1.));
#8648=DIRECTION('ref_axis',(-1.,0.,0.));
#8649=DIRECTION('',(-1.,0.,0.));
#8650=DIRECTION('',(0.,1.,0.));
#8651=DIRECTION('',(-1.,0.,0.));
#8652=DIRECTION('center_axis',(0.,0.,1.));
#8653=DIRECTION('ref_axis',(1.,0.,0.));
#8654=DIRECTION('',(1.,0.,0.));
#8655=DIRECTION('',(1.,0.,0.));
#8656=DIRECTION('',(0.,1.,0.));
#8657=DIRECTION('center_axis',(-1.,0.,0.));
#8658=DIRECTION('ref_axis',(0.,0.,1.));
#8659=DIRECTION('',(0.,0.,1.));
#8660=DIRECTION('',(0.,0.,1.));
#8661=DIRECTION('center_axis',(0.,1.,0.));
#8662=DIRECTION('ref_axis',(1.,0.,0.));
#8663=DIRECTION('center_axis',(0.,1.,0.));
#8664=DIRECTION('ref_axis',(1.,0.,0.));
#8665=DIRECTION('',(1.,0.,6.12323399573677E-17));
#8666=DIRECTION('',(6.12323399573677E-17,0.,-1.));
#8667=DIRECTION('',(0.,0.,1.));
#8668=DIRECTION('',(1.,0.,0.));
#8669=DIRECTION('',(1.,3.30738768082043E-16,6.12323399573676E-17));
#8670=DIRECTION('',(1.25591854282589E-15,-2.22044604925031E-16,-1.));
#8671=DIRECTION('',(0.,0.,1.));
#8672=DIRECTION('',(1.,0.,0.));
#8673=DIRECTION('',(0.,0.,1.));
#8674=DIRECTION('',(1.,0.,0.));
#8675=DIRECTION('',(0.,0.,1.));
#8676=DIRECTION('',(1.,0.,0.));
#8677=DIRECTION('',(1.,0.,6.12323399573677E-17));
#8678=DIRECTION('',(6.12323399573677E-17,0.,-1.));
#8679=DIRECTION('',(1.22464679914735E-16,0.,-1.));
#8680=DIRECTION('',(-1.,0.,-1.22464679914735E-16));
#8681=CARTESIAN_POINT('',(0.,0.,0.));
#8682=CARTESIAN_POINT('',(0.,0.,0.));
#8683=CARTESIAN_POINT('Origin',(3.5,2.,3.5));
#8684=CARTESIAN_POINT('',(5.,2.,3.5));
#8685=CARTESIAN_POINT('Origin',(3.5,2.,3.5));
#8686=CARTESIAN_POINT('',(5.,0.,3.5));
#8687=CARTESIAN_POINT('',(5.,2.,3.5));
#8688=CARTESIAN_POINT('Origin',(3.5,0.,3.5));
#8689=CARTESIAN_POINT('Origin',(18.5,2.,3.5));
#8690=CARTESIAN_POINT('',(20.,2.,3.5));
#8691=CARTESIAN_POINT('Origin',(18.5,2.,3.5));
#8692=CARTESIAN_POINT('',(20.,0.,3.5));
#8693=CARTESIAN_POINT('',(20.,2.,3.5));
#8694=CARTESIAN_POINT('Origin',(18.5,0.,3.5));
#8695=CARTESIAN_POINT('Origin',(6.,2.,-4.));
#8696=CARTESIAN_POINT('',(6.,2.,3.));
#8697=CARTESIAN_POINT('',(6.,2.,0.));
#8698=CARTESIAN_POINT('',(6.,2.,5.5));
#8699=CARTESIAN_POINT('',(6.,7.8,3.));
#8700=CARTESIAN_POINT('',(6.,2.,3.));
#8701=CARTESIAN_POINT('',(6.,7.8,-4.));
#8702=CARTESIAN_POINT('',(6.,7.8,3.));
#8703=CARTESIAN_POINT('',(6.,2.,-4.));
#8704=CARTESIAN_POINT('',(6.,2.,-4.));
#8705=CARTESIAN_POINT('',(6.,2.,3.));
#8706=CARTESIAN_POINT('Origin',(16.,2.,-4.));
#8707=CARTESIAN_POINT('',(16.,2.,-4.));
#8708=CARTESIAN_POINT('',(6.,2.,-4.));
#8709=CARTESIAN_POINT('',(16.,7.8,-4.));
#8710=CARTESIAN_POINT('',(6.,7.8,-4.));
#8711=CARTESIAN_POINT('',(16.,2.,-4.));
#8712=CARTESIAN_POINT('Origin',(16.,2.,3.));
#8713=CARTESIAN_POINT('',(16.,2.,0.));
#8714=CARTESIAN_POINT('',(16.,2.,-4.));
#8715=CARTESIAN_POINT('',(16.,7.8,3.));
#8716=CARTESIAN_POINT('',(16.,7.8,-4.));
#8717=CARTESIAN_POINT('',(16.,2.,3.));
#8718=CARTESIAN_POINT('',(16.,2.,3.));
#8719=CARTESIAN_POINT('',(16.,2.,9.));
#8720=CARTESIAN_POINT('Origin',(6.,2.,3.));
#8721=CARTESIAN_POINT('',(8.5,2.,3.));
#8722=CARTESIAN_POINT('',(16.,7.8,3.));
#8723=CARTESIAN_POINT('Origin',(11.,7.8,-0.5));
#8724=CARTESIAN_POINT('Origin',(11.,2.,-0.5));
#8725=CARTESIAN_POINT('',(11.,2.,0.));
#8726=CARTESIAN_POINT('Origin',(6.,2.,20.5));
#8727=CARTESIAN_POINT('',(6.,2.,28.));
#8728=CARTESIAN_POINT('',(6.,2.,20.5));
#8729=CARTESIAN_POINT('',(6.,2.,17.75));
#8730=CARTESIAN_POINT('',(6.,12.,28.));
#8731=CARTESIAN_POINT('',(6.,2.,28.));
#8732=CARTESIAN_POINT('',(6.,12.,20.5));
#8733=CARTESIAN_POINT('',(6.,12.,28.));
#8734=CARTESIAN_POINT('',(6.,2.,20.5));
#8735=CARTESIAN_POINT('Origin',(16.,2.,20.5));
#8736=CARTESIAN_POINT('',(16.,2.,20.5));
#8737=CARTESIAN_POINT('',(13.5,2.,20.5));
#8738=CARTESIAN_POINT('',(16.,12.,20.5));
#8739=CARTESIAN_POINT('',(6.,12.,20.5));
#8740=CARTESIAN_POINT('',(16.,2.,20.5));
#8741=CARTESIAN_POINT('Origin',(16.,2.,28.));
#8742=CARTESIAN_POINT('',(16.,2.,28.));
#8743=CARTESIAN_POINT('',(16.,2.,21.5));
#8744=CARTESIAN_POINT('',(16.,12.,28.));
#8745=CARTESIAN_POINT('',(16.,12.,20.5));
#8746=CARTESIAN_POINT('',(16.,2.,28.));
#8747=CARTESIAN_POINT('Origin',(6.,2.,28.));
#8748=CARTESIAN_POINT('',(8.5,2.,28.));
#8749=CARTESIAN_POINT('',(16.,12.,28.));
#8750=CARTESIAN_POINT('Origin',(11.,12.,24.25));
#8751=CARTESIAN_POINT('Origin',(11.,2.,15.));
#8752=CARTESIAN_POINT('',(0.,2.,0.));
#8753=CARTESIAN_POINT('',(11.,2.,0.));
#8754=CARTESIAN_POINT('',(0.,2.,30.));
#8755=CARTESIAN_POINT('',(0.,2.,15.));
#8756=CARTESIAN_POINT('',(22.,2.,30.));
#8757=CARTESIAN_POINT('',(11.,2.,30.));
#8758=CARTESIAN_POINT('',(22.,2.,0.));
#8759=CARTESIAN_POINT('',(22.,2.,15.));
#8760=CARTESIAN_POINT('',(11.,2.,0.));
#8761=CARTESIAN_POINT('Origin',(11.,0.,15.));
#8762=CARTESIAN_POINT('',(22.,0.,30.));
#8763=CARTESIAN_POINT('',(0.,0.,30.));
#8764=CARTESIAN_POINT('',(11.,0.,30.));
#8765=CARTESIAN_POINT('',(0.,0.,0.));
#8766=CARTESIAN_POINT('',(0.,0.,15.));
#8767=CARTESIAN_POINT('',(22.,0.,0.));
#8768=CARTESIAN_POINT('',(11.,0.,0.));
#8769=CARTESIAN_POINT('',(22.,0.,15.));
#8770=CARTESIAN_POINT('Origin',(0.,1.,15.));
#8771=CARTESIAN_POINT('',(0.,1.,0.));
#8772=CARTESIAN_POINT('',(0.,1.,30.));
#8773=CARTESIAN_POINT('Origin',(11.,1.,0.));
#8774=CARTESIAN_POINT('',(22.,1.,0.));
#8775=CARTESIAN_POINT('Origin',(22.,1.,15.));
#8776=CARTESIAN_POINT('',(22.,1.,30.));
#8777=CARTESIAN_POINT('Origin',(11.,1.,30.));
#8778=CARTESIAN_POINT('',(0.,0.,0.));
#8779=CARTESIAN_POINT('Origin',(126.963952915337,2.5,100.));
#8780=CARTESIAN_POINT('',(126.963952915337,3.,102.25));
#8781=CARTESIAN_POINT('Origin',(126.963952915337,3.,100.));
#8782=CARTESIAN_POINT('',(126.963952915337,2.5,101.75));
#8783=CARTESIAN_POINT('Origin',(126.963952915337,2.5,102.25));
#8784=CARTESIAN_POINT('',(128.713952915337,2.5,100.));
#8785=CARTESIAN_POINT('Origin',(126.963952915337,2.5,100.));
#8786=CARTESIAN_POINT('Origin',(126.963952915337,2.5,100.));
#8787=CARTESIAN_POINT('Origin',(126.963952915337,3.,100.));
#8788=CARTESIAN_POINT('',(128.713952915337,0.5,100.));
#8789=CARTESIAN_POINT('',(128.713952915337,3.,100.));
#8790=CARTESIAN_POINT('',(126.963952915337,0.5,98.25));
#8791=CARTESIAN_POINT('Origin',(126.963952915337,0.5,100.));
#8792=CARTESIAN_POINT('Origin',(126.963952915337,0.5,100.));
#8793=CARTESIAN_POINT('Origin',(72.5,3.,142.5));
#8794=CARTESIAN_POINT('',(-31.8,3.,275.));
#8795=CARTESIAN_POINT('',(-31.8,3.,10.));
#8796=CARTESIAN_POINT('',(-31.8,3.,213.75));
#8797=CARTESIAN_POINT('',(-22.3,3.,284.5));
#8798=CARTESIAN_POINT('Origin',(-22.3,3.,275.));
#8799=CARTESIAN_POINT('',(167.3,3.,284.5));
#8800=CARTESIAN_POINT('',(72.5,3.,284.5));
#8801=CARTESIAN_POINT('',(176.8,3.,275.));
#8802=CARTESIAN_POINT('Origin',(167.3,3.,275.));
#8803=CARTESIAN_POINT('',(176.8,3.,10.));
#8804=CARTESIAN_POINT('',(176.8,3.,71.25));
#8805=CARTESIAN_POINT('',(167.3,3.,0.5));
#8806=CARTESIAN_POINT('Origin',(167.3,3.,10.));
#8807=CARTESIAN_POINT('',(-22.3,3.,0.499999999999998));
#8808=CARTESIAN_POINT('',(72.5,3.,0.499999999999998));
#8809=CARTESIAN_POINT('Origin',(-22.3,3.,10.));
#8810=CARTESIAN_POINT('',(126.714022721923,3.,112.25));
#8811=CARTESIAN_POINT('Origin',(126.714022721923,3.,110.));
#8812=CARTESIAN_POINT('',(121.1,3.,44.0747792354361));
#8813=CARTESIAN_POINT('Origin',(121.1,3.,41.8247792354361));
#8814=CARTESIAN_POINT('',(121.1,3.,77.4617466914788));
#8815=CARTESIAN_POINT('Origin',(121.1,3.,75.2117466914788));
#8816=CARTESIAN_POINT('',(18.0360470846629,3.,102.25));
#8817=CARTESIAN_POINT('Origin',(18.0360470846629,3.,100.));
#8818=CARTESIAN_POINT('',(85.75,3.,117.25));
#8819=CARTESIAN_POINT('Origin',(85.75,3.,115.));
#8820=CARTESIAN_POINT('',(59.25,3.,107.25));
#8821=CARTESIAN_POINT('Origin',(59.25,3.,105.));
#8822=CARTESIAN_POINT('',(99.31,3.,201.295981178116));
#8823=CARTESIAN_POINT('Origin',(99.31,3.,199.045981178116));
#8824=CARTESIAN_POINT('',(97.75,3.,190.25));
#8825=CARTESIAN_POINT('Origin',(97.75,3.,188.));
#8826=CARTESIAN_POINT('',(37.25,3.,190.25));
#8827=CARTESIAN_POINT('Origin',(37.25,3.,188.));
#8828=CARTESIAN_POINT('',(-17.55,3.,89.));
#8829=CARTESIAN_POINT('Origin',(-19.3,3.,89.));
#8830=CARTESIAN_POINT('',(109.9,3.,17.2));
#8831=CARTESIAN_POINT('Origin',(107.4,3.,17.2));
#8832=CARTESIAN_POINT('',(123.55,3.,120.));
#8833=CARTESIAN_POINT('Origin',(121.8,3.,120.));
#8834=CARTESIAN_POINT('',(115.27,3.,225.17));
#8835=CARTESIAN_POINT('Origin',(112.62,3.,225.17));
#8836=CARTESIAN_POINT('',(93.55,3.,125.165));
#8837=CARTESIAN_POINT('Origin',(91.4,3.,125.165));
#8838=CARTESIAN_POINT('',(24.95,3.,120.));
#8839=CARTESIAN_POINT('Origin',(23.2,3.,120.));
#8840=CARTESIAN_POINT('',(-20.0500000000001,3.,165.));
#8841=CARTESIAN_POINT('Origin',(-21.8000000000001,3.,165.));
#8842=CARTESIAN_POINT('',(55.75,3.,186.765));
#8843=CARTESIAN_POINT('Origin',(53.6,3.,186.765));
#8844=CARTESIAN_POINT('',(123.55,3.,165.));
#8845=CARTESIAN_POINT('Origin',(121.8,3.,165.));
#8846=CARTESIAN_POINT('',(109.9,3.,90.3));
#8847=CARTESIAN_POINT('Origin',(107.4,3.,90.3));
#8848=CARTESIAN_POINT('',(142.75,3.,84.));
#8849=CARTESIAN_POINT('Origin',(141.1,3.,84.));
#8850=CARTESIAN_POINT('',(6.45,3.,89.));
#8851=CARTESIAN_POINT('Origin',(4.7,3.,89.));
#8852=CARTESIAN_POINT('',(-17.55,3.,36.));
#8853=CARTESIAN_POINT('Origin',(-19.3,3.,36.));
#8854=CARTESIAN_POINT('',(40.1,3.,17.2));
#8855=CARTESIAN_POINT('Origin',(37.6,3.,17.2));
#8856=CARTESIAN_POINT('',(168.55,3.,120.));
#8857=CARTESIAN_POINT('Origin',(166.8,3.,120.));
#8858=CARTESIAN_POINT('',(98.65,3.,225.17));
#8859=CARTESIAN_POINT('Origin',(96.,3.,225.17));
#8860=CARTESIAN_POINT('',(55.75,3.,125.165));
#8861=CARTESIAN_POINT('Origin',(53.6,3.,125.165));
#8862=CARTESIAN_POINT('',(-20.05,3.,120.));
#8863=CARTESIAN_POINT('Origin',(-21.8,3.,120.));
#8864=CARTESIAN_POINT('',(24.95,3.,165.));
#8865=CARTESIAN_POINT('Origin',(23.2,3.,165.));
#8866=CARTESIAN_POINT('',(93.55,3.,186.765));
#8867=CARTESIAN_POINT('Origin',(91.4,3.,186.765));
#8868=CARTESIAN_POINT('',(168.55,3.,165.));
#8869=CARTESIAN_POINT('Origin',(166.8,3.,165.));
#8870=CARTESIAN_POINT('',(40.1,3.,90.3));
#8871=CARTESIAN_POINT('Origin',(37.6,3.,90.3));
#8872=CARTESIAN_POINT('',(157.75,3.,84.));
#8873=CARTESIAN_POINT('Origin',(156.1,3.,84.));
#8874=CARTESIAN_POINT('',(6.45,3.,36.));
#8875=CARTESIAN_POINT('Origin',(4.7,3.,36.));
#8876=CARTESIAN_POINT('',(17.15,3.,194.175));
#8877=CARTESIAN_POINT('Origin',(15.,3.,194.175));
#8878=CARTESIAN_POINT('',(132.15,3.,90.825));
#8879=CARTESIAN_POINT('Origin',(130.,3.,90.825));
#8880=CARTESIAN_POINT('',(17.15,3.,90.825));
#8881=CARTESIAN_POINT('Origin',(15.,3.,90.825));
#8882=CARTESIAN_POINT('',(132.15,3.,194.175));
#8883=CARTESIAN_POINT('Origin',(130.,3.,194.175));
#8884=CARTESIAN_POINT('',(132.15,3.,15.));
#8885=CARTESIAN_POINT('Origin',(130.,3.,15.));
#8886=CARTESIAN_POINT('',(132.15,3.,270.));
#8887=CARTESIAN_POINT('Origin',(130.,3.,270.));
#8888=CARTESIAN_POINT('',(17.15,3.,15.));
#8889=CARTESIAN_POINT('Origin',(15.,3.,15.));
#8890=CARTESIAN_POINT('',(17.15,3.,270.));
#8891=CARTESIAN_POINT('Origin',(15.,3.,270.));
#8892=CARTESIAN_POINT('',(110.25,3.,110.));
#8893=CARTESIAN_POINT('',(106.75,3.,106.5));
#8894=CARTESIAN_POINT('Origin',(106.75,3.,110.));
#8895=CARTESIAN_POINT('',(110.25,3.,132.));
#8896=CARTESIAN_POINT('',(110.25,3.,126.25));
#8897=CARTESIAN_POINT('',(106.75,3.,135.5));
#8898=CARTESIAN_POINT('Origin',(106.75,3.,132.));
#8899=CARTESIAN_POINT('',(98.7500000000001,3.,135.5));
#8900=CARTESIAN_POINT('',(89.625,3.,135.5));
#8901=CARTESIAN_POINT('',(95.25,3.,132.));
#8902=CARTESIAN_POINT('Origin',(98.7500000000001,3.,132.));
#8903=CARTESIAN_POINT('',(95.25,3.,110.));
#8904=CARTESIAN_POINT('',(95.25,3.,137.25));
#8905=CARTESIAN_POINT('',(98.7500000000001,3.,106.5));
#8906=CARTESIAN_POINT('Origin',(98.7500000000001,3.,110.));
#8907=CARTESIAN_POINT('',(85.625,3.,106.5));
#8908=CARTESIAN_POINT('',(34.75,3.,153.));
#8909=CARTESIAN_POINT('',(34.75,3.,175.));
#8910=CARTESIAN_POINT('',(34.75,3.,158.75));
#8911=CARTESIAN_POINT('',(38.25,3.,149.5));
#8912=CARTESIAN_POINT('Origin',(38.25,3.,153.));
#8913=CARTESIAN_POINT('',(46.2499999999999,3.,149.5));
#8914=CARTESIAN_POINT('',(55.375,3.,149.5));
#8915=CARTESIAN_POINT('',(49.75,3.,153.));
#8916=CARTESIAN_POINT('Origin',(46.2499999999999,3.,153.));
#8917=CARTESIAN_POINT('',(49.75,3.,175.));
#8918=CARTESIAN_POINT('',(49.75,3.,147.75));
#8919=CARTESIAN_POINT('',(46.2499999999999,3.,178.5));
#8920=CARTESIAN_POINT('Origin',(46.2499999999999,3.,175.));
#8921=CARTESIAN_POINT('',(38.25,3.,178.5));
#8922=CARTESIAN_POINT('',(59.375,3.,178.5));
#8923=CARTESIAN_POINT('Origin',(38.25,3.,175.));
#8924=CARTESIAN_POINT('',(49.75,3.,132.));
#8925=CARTESIAN_POINT('',(49.75,3.,110.));
#8926=CARTESIAN_POINT('',(49.75,3.,126.25));
#8927=CARTESIAN_POINT('',(46.2499999999999,3.,135.5));
#8928=CARTESIAN_POINT('Origin',(46.2499999999999,3.,132.));
#8929=CARTESIAN_POINT('',(38.25,3.,135.5));
#8930=CARTESIAN_POINT('',(59.375,3.,135.5));
#8931=CARTESIAN_POINT('',(34.75,3.,132.));
#8932=CARTESIAN_POINT('Origin',(38.25,3.,132.));
#8933=CARTESIAN_POINT('',(34.75,3.,110.));
#8934=CARTESIAN_POINT('',(34.75,3.,137.25));
#8935=CARTESIAN_POINT('',(38.25,3.,106.5));
#8936=CARTESIAN_POINT('Origin',(38.25,3.,110.));
#8937=CARTESIAN_POINT('',(46.2499999999999,3.,106.5));
#8938=CARTESIAN_POINT('',(55.375,3.,106.5));
#8939=CARTESIAN_POINT('Origin',(46.2499999999999,3.,110.));
#8940=CARTESIAN_POINT('',(98.75,3.,149.5));
#8941=CARTESIAN_POINT('',(95.25,3.,153.));
#8942=CARTESIAN_POINT('Origin',(98.75,3.,153.));
#8943=CARTESIAN_POINT('',(106.75,3.,149.5));
#8944=CARTESIAN_POINT('',(85.625,3.,149.5));
#8945=CARTESIAN_POINT('',(110.25,3.,153.));
#8946=CARTESIAN_POINT('Origin',(106.75,3.,153.));
#8947=CARTESIAN_POINT('',(110.25,3.,175.));
#8948=CARTESIAN_POINT('',(110.25,3.,147.75));
#8949=CARTESIAN_POINT('',(106.75,3.,178.5));
#8950=CARTESIAN_POINT('Origin',(106.75,3.,175.));
#8951=CARTESIAN_POINT('',(98.7500000000001,3.,178.5));
#8952=CARTESIAN_POINT('',(89.625,3.,178.5));
#8953=CARTESIAN_POINT('',(95.25,3.,175.));
#8954=CARTESIAN_POINT('Origin',(98.7500000000001,3.,175.));
#8955=CARTESIAN_POINT('',(95.25,3.,158.75));
#8956=CARTESIAN_POINT('',(140.3,3.,39.5));
#8957=CARTESIAN_POINT('',(154.3,3.,39.5));
#8958=CARTESIAN_POINT('',(113.4,3.,39.5));
#8959=CARTESIAN_POINT('',(136.8,3.,36.));
#8960=CARTESIAN_POINT('Origin',(140.3,3.,36.));
#8961=CARTESIAN_POINT('',(136.8,3.,28.));
#8962=CARTESIAN_POINT('',(136.8,3.,89.25));
#8963=CARTESIAN_POINT('',(140.3,3.,24.5));
#8964=CARTESIAN_POINT('Origin',(140.3,3.,28.));
#8965=CARTESIAN_POINT('',(154.3,3.,24.5));
#8966=CARTESIAN_POINT('',(106.4,3.,24.5));
#8967=CARTESIAN_POINT('',(157.8,3.,28.));
#8968=CARTESIAN_POINT('Origin',(154.3,3.,28.));
#8969=CARTESIAN_POINT('',(157.8,3.,36.));
#8970=CARTESIAN_POINT('',(157.8,3.,85.25));
#8971=CARTESIAN_POINT('Origin',(154.3,3.,36.));
#8972=CARTESIAN_POINT('',(164.45,3.,15.));
#8973=CARTESIAN_POINT('Origin',(162.3,3.,15.));
#8974=CARTESIAN_POINT('',(164.45,3.,270.));
#8975=CARTESIAN_POINT('Origin',(162.3,3.,270.));
#8976=CARTESIAN_POINT('',(-15.15,3.,182.5));
#8977=CARTESIAN_POINT('Origin',(-17.3,3.,182.5));
#8978=CARTESIAN_POINT('',(-15.15,3.,15.));
#8979=CARTESIAN_POINT('Origin',(-17.3,3.,15.));
#8980=CARTESIAN_POINT('',(164.45,3.,102.5));
#8981=CARTESIAN_POINT('Origin',(162.3,3.,102.5));
#8982=CARTESIAN_POINT('',(-15.15,3.,270.));
#8983=CARTESIAN_POINT('Origin',(-17.3,3.,270.));
#8984=CARTESIAN_POINT('',(164.45,3.,182.5));
#8985=CARTESIAN_POINT('Origin',(162.3,3.,182.5));
#8986=CARTESIAN_POINT('',(-15.15,3.,102.5));
#8987=CARTESIAN_POINT('Origin',(-17.3,3.,102.5));
#8988=CARTESIAN_POINT('',(47.25,3.,190.25));
#8989=CARTESIAN_POINT('Origin',(47.25,3.,188.));
#8990=CARTESIAN_POINT('',(107.75,3.,190.25));
#8991=CARTESIAN_POINT('Origin',(107.75,3.,188.));
#8992=CARTESIAN_POINT('',(109.31,3.,201.295981178116));
#8993=CARTESIAN_POINT('Origin',(109.31,3.,199.045981178116));
#8994=CARTESIAN_POINT('',(59.25,3.,117.25));
#8995=CARTESIAN_POINT('Origin',(59.25,3.,115.));
#8996=CARTESIAN_POINT('',(85.75,3.,107.25));
#8997=CARTESIAN_POINT('Origin',(85.75,3.,105.));
#8998=CARTESIAN_POINT('',(18.2859772780775,3.,112.25));
#8999=CARTESIAN_POINT('Origin',(18.2859772780775,3.,110.));
#9000=CARTESIAN_POINT('',(131.1,3.,77.4617466914788));
#9001=CARTESIAN_POINT('Origin',(131.1,3.,75.2117466914788));
#9002=CARTESIAN_POINT('',(131.1,3.,44.074779235436));
#9003=CARTESIAN_POINT('Origin',(131.1,3.,41.8247792354361));
#9004=CARTESIAN_POINT('Origin',(126.963952915337,0.5,100.));
#9005=CARTESIAN_POINT('',(126.963952915337,0.,97.75));
#9006=CARTESIAN_POINT('Origin',(126.963952915337,0.,100.));
#9007=CARTESIAN_POINT('Origin',(126.963952915337,0.5,97.75));
#9008=CARTESIAN_POINT('Origin',(72.5,0.,142.5));
#9009=CARTESIAN_POINT('',(-22.3,0.,284.5));
#9010=CARTESIAN_POINT('',(167.3,0.,284.5));
#9011=CARTESIAN_POINT('',(72.5,0.,284.5));
#9012=CARTESIAN_POINT('',(-31.8,0.,275.));
#9013=CARTESIAN_POINT('Origin',(-22.3,0.,275.));
#9014=CARTESIAN_POINT('',(-31.8,0.,10.));
#9015=CARTESIAN_POINT('',(-31.8,0.,213.75));
#9016=CARTESIAN_POINT('',(-22.3,0.,0.499999999999999));
#9017=CARTESIAN_POINT('Origin',(-22.3,0.,10.));
#9018=CARTESIAN_POINT('',(167.3,0.,0.499999999999998));
#9019=CARTESIAN_POINT('',(72.5,0.,0.499999999999998));
#9020=CARTESIAN_POINT('',(176.8,0.,10.));
#9021=CARTESIAN_POINT('Origin',(167.3,0.,10.));
#9022=CARTESIAN_POINT('',(176.8,0.,275.));
#9023=CARTESIAN_POINT('',(176.8,0.,71.25));
#9024=CARTESIAN_POINT('Origin',(167.3,0.,275.));
#9025=CARTESIAN_POINT('',(126.714022721923,0.,107.75));
#9026=CARTESIAN_POINT('Origin',(126.714022721923,0.,110.));
#9027=CARTESIAN_POINT('',(121.1,0.,39.5747792354361));
#9028=CARTESIAN_POINT('Origin',(121.1,0.,41.8247792354361));
#9029=CARTESIAN_POINT('',(121.1,0.,72.9617466914788));
#9030=CARTESIAN_POINT('Origin',(121.1,0.,75.2117466914788));
#9031=CARTESIAN_POINT('',(18.0360470846629,0.,97.75));
#9032=CARTESIAN_POINT('Origin',(18.0360470846629,0.,100.));
#9033=CARTESIAN_POINT('',(85.75,0.,102.75));
#9034=CARTESIAN_POINT('Origin',(85.75,0.,105.));
#9035=CARTESIAN_POINT('',(59.25,0.,112.75));
#9036=CARTESIAN_POINT('Origin',(59.25,0.,115.));
#9037=CARTESIAN_POINT('',(99.31,0.,196.795981178116));
#9038=CARTESIAN_POINT('Origin',(99.31,0.,199.045981178116));
#9039=CARTESIAN_POINT('',(97.75,0.,185.75));
#9040=CARTESIAN_POINT('Origin',(97.75,0.,188.));
#9041=CARTESIAN_POINT('',(37.25,0.,185.75));
#9042=CARTESIAN_POINT('Origin',(37.25,0.,188.));
#9043=CARTESIAN_POINT('',(-17.55,0.,89.));
#9044=CARTESIAN_POINT('Origin',(-19.3,0.,89.));
#9045=CARTESIAN_POINT('',(109.9,0.,17.2));
#9046=CARTESIAN_POINT('Origin',(107.4,0.,17.2));
#9047=CARTESIAN_POINT('',(123.55,0.,120.));
#9048=CARTESIAN_POINT('Origin',(121.8,0.,120.));
#9049=CARTESIAN_POINT('',(115.27,0.,225.17));
#9050=CARTESIAN_POINT('Origin',(112.62,0.,225.17));
#9051=CARTESIAN_POINT('',(93.55,0.,125.165));
#9052=CARTESIAN_POINT('Origin',(91.4,0.,125.165));
#9053=CARTESIAN_POINT('',(24.95,0.,120.));
#9054=CARTESIAN_POINT('Origin',(23.2,0.,120.));
#9055=CARTESIAN_POINT('',(-20.0500000000001,0.,165.));
#9056=CARTESIAN_POINT('Origin',(-21.8000000000001,0.,165.));
#9057=CARTESIAN_POINT('',(55.75,0.,186.765));
#9058=CARTESIAN_POINT('Origin',(53.6,0.,186.765));
#9059=CARTESIAN_POINT('',(123.55,0.,165.));
#9060=CARTESIAN_POINT('Origin',(121.8,0.,165.));
#9061=CARTESIAN_POINT('',(109.9,0.,90.3));
#9062=CARTESIAN_POINT('Origin',(107.4,0.,90.3));
#9063=CARTESIAN_POINT('',(142.75,0.,84.));
#9064=CARTESIAN_POINT('Origin',(141.1,0.,84.));
#9065=CARTESIAN_POINT('',(6.45,0.,89.));
#9066=CARTESIAN_POINT('Origin',(4.7,0.,89.));
#9067=CARTESIAN_POINT('',(-17.55,0.,36.));
#9068=CARTESIAN_POINT('Origin',(-19.3,0.,36.));
#9069=CARTESIAN_POINT('',(40.1,0.,17.2));
#9070=CARTESIAN_POINT('Origin',(37.6,0.,17.2));
#9071=CARTESIAN_POINT('',(168.55,0.,120.));
#9072=CARTESIAN_POINT('Origin',(166.8,0.,120.));
#9073=CARTESIAN_POINT('',(98.65,0.,225.17));
#9074=CARTESIAN_POINT('Origin',(96.,0.,225.17));
#9075=CARTESIAN_POINT('',(55.75,0.,125.165));
#9076=CARTESIAN_POINT('Origin',(53.6,0.,125.165));
#9077=CARTESIAN_POINT('',(-20.05,0.,120.));
#9078=CARTESIAN_POINT('Origin',(-21.8,0.,120.));
#9079=CARTESIAN_POINT('',(24.95,0.,165.));
#9080=CARTESIAN_POINT('Origin',(23.2,0.,165.));
#9081=CARTESIAN_POINT('',(93.55,0.,186.765));
#9082=CARTESIAN_POINT('Origin',(91.4,0.,186.765));
#9083=CARTESIAN_POINT('',(168.55,0.,165.));
#9084=CARTESIAN_POINT('Origin',(166.8,0.,165.));
#9085=CARTESIAN_POINT('',(40.1,0.,90.3));
#9086=CARTESIAN_POINT('Origin',(37.6,0.,90.3));
#9087=CARTESIAN_POINT('',(157.75,0.,84.));
#9088=CARTESIAN_POINT('Origin',(156.1,0.,84.));
#9089=CARTESIAN_POINT('',(6.45,0.,36.));
#9090=CARTESIAN_POINT('Origin',(4.7,0.,36.));
#9091=CARTESIAN_POINT('',(17.15,0.,194.175));
#9092=CARTESIAN_POINT('Origin',(15.,0.,194.175));
#9093=CARTESIAN_POINT('',(132.15,0.,90.825));
#9094=CARTESIAN_POINT('Origin',(130.,0.,90.825));
#9095=CARTESIAN_POINT('',(17.15,0.,90.825));
#9096=CARTESIAN_POINT('Origin',(15.,0.,90.825));
#9097=CARTESIAN_POINT('',(132.15,0.,194.175));
#9098=CARTESIAN_POINT('Origin',(130.,0.,194.175));
#9099=CARTESIAN_POINT('',(132.15,0.,15.));
#9100=CARTESIAN_POINT('Origin',(130.,0.,15.));
#9101=CARTESIAN_POINT('',(132.15,0.,270.));
#9102=CARTESIAN_POINT('Origin',(130.,0.,270.));
#9103=CARTESIAN_POINT('',(17.15,0.,15.));
#9104=CARTESIAN_POINT('Origin',(15.,0.,15.));
#9105=CARTESIAN_POINT('',(17.15,0.,270.));
#9106=CARTESIAN_POINT('Origin',(15.,0.,270.));
#9107=CARTESIAN_POINT('',(95.25,0.,110.));
#9108=CARTESIAN_POINT('',(98.7500000000001,0.,106.5));
#9109=CARTESIAN_POINT('Origin',(98.7500000000001,0.,110.));
#9110=CARTESIAN_POINT('',(95.25,0.,132.));
#9111=CARTESIAN_POINT('',(95.25,0.,137.25));
#9112=CARTESIAN_POINT('',(98.7500000000001,0.,135.5));
#9113=CARTESIAN_POINT('Origin',(98.7500000000001,0.,132.));
#9114=CARTESIAN_POINT('',(106.75,0.,135.5));
#9115=CARTESIAN_POINT('',(89.625,0.,135.5));
#9116=CARTESIAN_POINT('',(110.25,0.,132.));
#9117=CARTESIAN_POINT('Origin',(106.75,0.,132.));
#9118=CARTESIAN_POINT('',(110.25,0.,110.));
#9119=CARTESIAN_POINT('',(110.25,0.,126.25));
#9120=CARTESIAN_POINT('',(106.75,0.,106.5));
#9121=CARTESIAN_POINT('Origin',(106.75,0.,110.));
#9122=CARTESIAN_POINT('',(85.625,0.,106.5));
#9123=CARTESIAN_POINT('',(46.25,0.,149.5));
#9124=CARTESIAN_POINT('',(49.75,0.,153.));
#9125=CARTESIAN_POINT('Origin',(46.2499999999999,0.,153.));
#9126=CARTESIAN_POINT('',(38.25,0.,149.5));
#9127=CARTESIAN_POINT('',(55.375,0.,149.5));
#9128=CARTESIAN_POINT('',(34.75,0.,153.));
#9129=CARTESIAN_POINT('Origin',(38.25,0.,153.));
#9130=CARTESIAN_POINT('',(34.75,0.,175.));
#9131=CARTESIAN_POINT('',(34.75,0.,158.75));
#9132=CARTESIAN_POINT('',(38.25,0.,178.5));
#9133=CARTESIAN_POINT('Origin',(38.25,0.,175.));
#9134=CARTESIAN_POINT('',(46.2499999999999,0.,178.5));
#9135=CARTESIAN_POINT('',(59.375,0.,178.5));
#9136=CARTESIAN_POINT('',(49.75,0.,175.));
#9137=CARTESIAN_POINT('Origin',(46.2499999999999,0.,175.));
#9138=CARTESIAN_POINT('',(49.75,0.,147.75));
#9139=CARTESIAN_POINT('',(34.75,0.,132.));
#9140=CARTESIAN_POINT('',(34.75,0.,110.));
#9141=CARTESIAN_POINT('',(34.75,0.,137.25));
#9142=CARTESIAN_POINT('',(38.25,0.,135.5));
#9143=CARTESIAN_POINT('Origin',(38.25,0.,132.));
#9144=CARTESIAN_POINT('',(46.2499999999999,0.,135.5));
#9145=CARTESIAN_POINT('',(59.375,0.,135.5));
#9146=CARTESIAN_POINT('',(49.75,0.,132.));
#9147=CARTESIAN_POINT('Origin',(46.2499999999999,0.,132.));
#9148=CARTESIAN_POINT('',(49.75,0.,110.));
#9149=CARTESIAN_POINT('',(49.75,0.,126.25));
#9150=CARTESIAN_POINT('',(46.2499999999999,0.,106.5));
#9151=CARTESIAN_POINT('Origin',(46.2499999999999,0.,110.));
#9152=CARTESIAN_POINT('',(38.25,0.,106.5));
#9153=CARTESIAN_POINT('',(55.375,0.,106.5));
#9154=CARTESIAN_POINT('Origin',(38.25,0.,110.));
#9155=CARTESIAN_POINT('',(106.75,0.,178.5));
#9156=CARTESIAN_POINT('',(98.7500000000001,0.,178.5));
#9157=CARTESIAN_POINT('',(89.625,0.,178.5));
#9158=CARTESIAN_POINT('',(110.25,0.,175.));
#9159=CARTESIAN_POINT('Origin',(106.75,0.,175.));
#9160=CARTESIAN_POINT('',(110.25,0.,153.));
#9161=CARTESIAN_POINT('',(110.25,0.,147.75));
#9162=CARTESIAN_POINT('',(106.75,0.,149.5));
#9163=CARTESIAN_POINT('Origin',(106.75,0.,153.));
#9164=CARTESIAN_POINT('',(98.75,0.,149.5));
#9165=CARTESIAN_POINT('',(85.625,0.,149.5));
#9166=CARTESIAN_POINT('',(95.25,0.,153.));
#9167=CARTESIAN_POINT('Origin',(98.75,0.,153.));
#9168=CARTESIAN_POINT('',(95.25,0.,175.));
#9169=CARTESIAN_POINT('',(95.25,0.,158.75));
#9170=CARTESIAN_POINT('Origin',(98.7500000000001,0.,175.));
#9171=CARTESIAN_POINT('',(136.8,0.,36.));
#9172=CARTESIAN_POINT('',(136.8,0.,28.));
#9173=CARTESIAN_POINT('',(136.8,0.,89.25));
#9174=CARTESIAN_POINT('',(140.3,0.,39.5));
#9175=CARTESIAN_POINT('Origin',(140.3,0.,36.));
#9176=CARTESIAN_POINT('',(154.3,0.,39.5));
#9177=CARTESIAN_POINT('',(113.4,0.,39.5));
#9178=CARTESIAN_POINT('',(157.8,0.,36.));
#9179=CARTESIAN_POINT('Origin',(154.3,0.,36.));
#9180=CARTESIAN_POINT('',(157.8,0.,28.));
#9181=CARTESIAN_POINT('',(157.8,0.,85.25));
#9182=CARTESIAN_POINT('',(154.3,0.,24.5));
#9183=CARTESIAN_POINT('Origin',(154.3,0.,28.));
#9184=CARTESIAN_POINT('',(140.3,0.,24.5));
#9185=CARTESIAN_POINT('',(106.4,0.,24.5));
#9186=CARTESIAN_POINT('Origin',(140.3,0.,28.));
#9187=CARTESIAN_POINT('',(164.45,0.,15.));
#9188=CARTESIAN_POINT('Origin',(162.3,0.,15.));
#9189=CARTESIAN_POINT('',(164.45,0.,270.));
#9190=CARTESIAN_POINT('Origin',(162.3,0.,270.));
#9191=CARTESIAN_POINT('',(-15.15,0.,182.5));
#9192=CARTESIAN_POINT('Origin',(-17.3,0.,182.5));
#9193=CARTESIAN_POINT('',(-15.15,0.,15.));
#9194=CARTESIAN_POINT('Origin',(-17.3,0.,15.));
#9195=CARTESIAN_POINT('',(164.45,0.,102.5));
#9196=CARTESIAN_POINT('Origin',(162.3,0.,102.5));
#9197=CARTESIAN_POINT('',(-15.15,0.,270.));
#9198=CARTESIAN_POINT('Origin',(-17.3,0.,270.));
#9199=CARTESIAN_POINT('',(164.45,0.,182.5));
#9200=CARTESIAN_POINT('Origin',(162.3,0.,182.5));
#9201=CARTESIAN_POINT('',(-15.15,0.,102.5));
#9202=CARTESIAN_POINT('Origin',(-17.3,0.,102.5));
#9203=CARTESIAN_POINT('',(47.25,0.,185.75));
#9204=CARTESIAN_POINT('Origin',(47.25,0.,188.));
#9205=CARTESIAN_POINT('',(107.75,0.,185.75));
#9206=CARTESIAN_POINT('Origin',(107.75,0.,188.));
#9207=CARTESIAN_POINT('',(109.31,0.,196.795981178116));
#9208=CARTESIAN_POINT('Origin',(109.31,0.,199.045981178116));
#9209=CARTESIAN_POINT('',(59.25,0.,102.75));
#9210=CARTESIAN_POINT('Origin',(59.25,0.,105.));
#9211=CARTESIAN_POINT('',(85.75,0.,112.75));
#9212=CARTESIAN_POINT('Origin',(85.75,0.,115.));
#9213=CARTESIAN_POINT('',(18.2859772780775,0.,107.75));
#9214=CARTESIAN_POINT('Origin',(18.2859772780775,0.,110.));
#9215=CARTESIAN_POINT('',(131.1,0.,72.9617466914788));
#9216=CARTESIAN_POINT('Origin',(131.1,0.,75.2117466914788));
#9217=CARTESIAN_POINT('',(131.1,0.,39.5747792354361));
#9218=CARTESIAN_POINT('Origin',(131.1,0.,41.8247792354361));
#9219=CARTESIAN_POINT('Origin',(126.714022721923,2.5,110.));
#9220=CARTESIAN_POINT('',(126.714022721923,2.5,111.75));
#9221=CARTESIAN_POINT('Origin',(126.714022721923,2.5,112.25));
#9222=CARTESIAN_POINT('',(128.464022721923,2.5,110.));
#9223=CARTESIAN_POINT('Origin',(126.714022721923,2.5,110.));
#9224=CARTESIAN_POINT('Origin',(126.714022721923,2.5,110.));
#9225=CARTESIAN_POINT('Origin',(126.714022721923,3.,110.));
#9226=CARTESIAN_POINT('',(128.464022721923,0.5,110.));
#9227=CARTESIAN_POINT('',(128.464022721923,3.,110.));
#9228=CARTESIAN_POINT('',(126.714022721923,0.5,108.25));
#9229=CARTESIAN_POINT('Origin',(126.714022721923,0.5,110.));
#9230=CARTESIAN_POINT('Origin',(126.714022721923,0.5,110.));
#9231=CARTESIAN_POINT('Origin',(126.714022721923,0.5,110.));
#9232=CARTESIAN_POINT('Origin',(126.714022721923,0.5,107.75));
#9233=CARTESIAN_POINT('Origin',(131.1,2.5,41.8247792354361));
#9234=CARTESIAN_POINT('',(131.1,2.5,43.574779235436));
#9235=CARTESIAN_POINT('Origin',(131.1,2.5,44.074779235436));
#9236=CARTESIAN_POINT('',(132.85,2.5,41.8247792354361));
#9237=CARTESIAN_POINT('Origin',(131.1,2.5,41.8247792354361));
#9238=CARTESIAN_POINT('Origin',(131.1,2.5,41.8247792354361));
#9239=CARTESIAN_POINT('Origin',(131.1,3.,41.8247792354361));
#9240=CARTESIAN_POINT('',(132.85,0.5,41.8247792354361));
#9241=CARTESIAN_POINT('',(132.85,3.,41.8247792354361));
#9242=CARTESIAN_POINT('',(131.1,0.5,40.0747792354361));
#9243=CARTESIAN_POINT('Origin',(131.1,0.5,41.8247792354361));
#9244=CARTESIAN_POINT('Origin',(131.1,0.5,41.8247792354361));
#9245=CARTESIAN_POINT('Origin',(131.1,0.5,41.8247792354361));
#9246=CARTESIAN_POINT('Origin',(131.1,0.5,39.5747792354361));
#9247=CARTESIAN_POINT('Origin',(121.1,0.5,41.8247792354361));
#9248=CARTESIAN_POINT('',(121.1,0.5,40.074779235436));
#9249=CARTESIAN_POINT('Origin',(121.1,0.5,39.5747792354361));
#9250=CARTESIAN_POINT('',(122.85,0.5,41.8247792354361));
#9251=CARTESIAN_POINT('Origin',(121.1,0.5,41.8247792354361));
#9252=CARTESIAN_POINT('Origin',(121.1,0.5,41.8247792354361));
#9253=CARTESIAN_POINT('Origin',(121.1,3.,41.8247792354361));
#9254=CARTESIAN_POINT('',(122.85,2.5,41.8247792354361));
#9255=CARTESIAN_POINT('',(121.1,2.5,43.5747792354361));
#9256=CARTESIAN_POINT('Origin',(121.1,2.5,41.8247792354361));
#9257=CARTESIAN_POINT('',(122.85,3.,41.8247792354361));
#9258=CARTESIAN_POINT('Origin',(121.1,2.5,41.8247792354361));
#9259=CARTESIAN_POINT('Origin',(121.1,2.5,41.8247792354361));
#9260=CARTESIAN_POINT('Origin',(121.1,2.5,44.0747792354361));
#9261=CARTESIAN_POINT('Origin',(131.1,2.5,75.2117466914788));
#9262=CARTESIAN_POINT('',(131.1,2.5,76.9617466914788));
#9263=CARTESIAN_POINT('Origin',(131.1,2.5,77.4617466914788));
#9264=CARTESIAN_POINT('',(132.85,2.5,75.2117466914788));
#9265=CARTESIAN_POINT('Origin',(131.1,2.5,75.2117466914788));
#9266=CARTESIAN_POINT('Origin',(131.1,2.5,75.2117466914788));
#9267=CARTESIAN_POINT('Origin',(131.1,3.,75.2117466914788));
#9268=CARTESIAN_POINT('',(132.85,0.5,75.2117466914788));
#9269=CARTESIAN_POINT('',(132.85,3.,75.2117466914788));
#9270=CARTESIAN_POINT('',(131.1,0.5,73.4617466914788));
#9271=CARTESIAN_POINT('Origin',(131.1,0.5,75.2117466914788));
#9272=CARTESIAN_POINT('Origin',(131.1,0.5,75.2117466914788));
#9273=CARTESIAN_POINT('Origin',(131.1,0.5,75.2117466914788));
#9274=CARTESIAN_POINT('Origin',(131.1,0.5,72.9617466914788));
#9275=CARTESIAN_POINT('Origin',(121.1,2.5,75.2117466914788));
#9276=CARTESIAN_POINT('',(121.1,2.5,76.9617466914788));
#9277=CARTESIAN_POINT('Origin',(121.1,2.5,77.4617466914788));
#9278=CARTESIAN_POINT('',(122.85,2.5,75.2117466914788));
#9279=CARTESIAN_POINT('Origin',(121.1,2.5,75.2117466914788));
#9280=CARTESIAN_POINT('Origin',(121.1,2.5,75.2117466914788));
#9281=CARTESIAN_POINT('Origin',(121.1,3.,75.2117466914788));
#9282=CARTESIAN_POINT('',(122.85,0.5,75.2117466914788));
#9283=CARTESIAN_POINT('',(122.85,3.,75.2117466914788));
#9284=CARTESIAN_POINT('',(121.1,0.5,73.4617466914788));
#9285=CARTESIAN_POINT('Origin',(121.1,0.5,75.2117466914788));
#9286=CARTESIAN_POINT('Origin',(121.1,0.5,75.2117466914788));
#9287=CARTESIAN_POINT('Origin',(121.1,0.5,75.2117466914788));
#9288=CARTESIAN_POINT('Origin',(121.1,0.5,72.9617466914788));
#9289=CARTESIAN_POINT('Origin',(18.2859772780775,2.5,110.));
#9290=CARTESIAN_POINT('',(18.2859772780775,2.5,111.75));
#9291=CARTESIAN_POINT('Origin',(18.2859772780775,2.5,112.25));
#9292=CARTESIAN_POINT('',(20.0359772780775,2.5,110.));
#9293=CARTESIAN_POINT('Origin',(18.2859772780775,2.5,110.));
#9294=CARTESIAN_POINT('Origin',(18.2859772780775,2.5,110.));
#9295=CARTESIAN_POINT('Origin',(18.2859772780775,3.,110.));
#9296=CARTESIAN_POINT('',(20.0359772780775,0.5,110.));
#9297=CARTESIAN_POINT('',(20.0359772780775,3.,110.));
#9298=CARTESIAN_POINT('',(18.2859772780775,0.5,108.25));
#9299=CARTESIAN_POINT('Origin',(18.2859772780775,0.5,110.));
#9300=CARTESIAN_POINT('Origin',(18.2859772780775,0.5,110.));
#9301=CARTESIAN_POINT('Origin',(18.2859772780775,0.5,110.));
#9302=CARTESIAN_POINT('Origin',(18.2859772780775,0.5,107.75));
#9303=CARTESIAN_POINT('Origin',(18.0360470846629,2.5,100.));
#9304=CARTESIAN_POINT('',(18.0360470846629,2.5,101.75));
#9305=CARTESIAN_POINT('Origin',(18.0360470846629,2.5,102.25));
#9306=CARTESIAN_POINT('',(19.7860470846629,2.5,100.));
#9307=CARTESIAN_POINT('Origin',(18.0360470846629,2.5,100.));
#9308=CARTESIAN_POINT('Origin',(18.0360470846629,2.5,100.));
#9309=CARTESIAN_POINT('Origin',(18.0360470846629,3.,100.));
#9310=CARTESIAN_POINT('',(19.7860470846629,0.5,100.));
#9311=CARTESIAN_POINT('',(19.7860470846629,3.,100.));
#9312=CARTESIAN_POINT('',(18.0360470846629,0.5,98.25));
#9313=CARTESIAN_POINT('Origin',(18.0360470846629,0.5,100.));
#9314=CARTESIAN_POINT('Origin',(18.0360470846629,0.5,100.));
#9315=CARTESIAN_POINT('Origin',(18.0360470846629,0.5,100.));
#9316=CARTESIAN_POINT('Origin',(18.0360470846629,0.5,97.75));
#9317=CARTESIAN_POINT('Origin',(85.75,0.5,115.));
#9318=CARTESIAN_POINT('',(85.75,0.5,113.25));
#9319=CARTESIAN_POINT('Origin',(85.75,0.5,112.75));
#9320=CARTESIAN_POINT('',(87.5,0.5,115.));
#9321=CARTESIAN_POINT('Origin',(85.75,0.5,115.));
#9322=CARTESIAN_POINT('Origin',(85.75,0.5,115.));
#9323=CARTESIAN_POINT('Origin',(85.75,3.,115.));
#9324=CARTESIAN_POINT('',(87.5,2.5,115.));
#9325=CARTESIAN_POINT('',(85.75,2.5,116.75));
#9326=CARTESIAN_POINT('Origin',(85.75,2.5,115.));
#9327=CARTESIAN_POINT('',(87.5,3.,115.));
#9328=CARTESIAN_POINT('Origin',(85.75,2.5,115.));
#9329=CARTESIAN_POINT('Origin',(85.75,0.5,105.));
#9330=CARTESIAN_POINT('',(85.75,0.5,103.25));
#9331=CARTESIAN_POINT('Origin',(85.75,0.5,102.75));
#9332=CARTESIAN_POINT('',(87.5,0.5,105.));
#9333=CARTESIAN_POINT('Origin',(85.75,0.5,105.));
#9334=CARTESIAN_POINT('Origin',(85.75,0.5,105.));
#9335=CARTESIAN_POINT('Origin',(85.75,3.,105.));
#9336=CARTESIAN_POINT('',(87.5,2.5,105.));
#9337=CARTESIAN_POINT('',(85.75,2.5,106.75));
#9338=CARTESIAN_POINT('Origin',(85.75,2.5,105.));
#9339=CARTESIAN_POINT('',(87.5,3.,105.));
#9340=CARTESIAN_POINT('Origin',(85.75,2.5,105.));
#9341=CARTESIAN_POINT('Origin',(85.75,2.5,105.));
#9342=CARTESIAN_POINT('Origin',(85.75,2.5,107.25));
#9343=CARTESIAN_POINT('Origin',(85.75,2.5,115.));
#9344=CARTESIAN_POINT('Origin',(85.75,2.5,117.25));
#9345=CARTESIAN_POINT('Origin',(59.25,2.5,115.));
#9346=CARTESIAN_POINT('',(59.25,2.5,116.75));
#9347=CARTESIAN_POINT('Origin',(59.25,2.5,117.25));
#9348=CARTESIAN_POINT('',(61.,2.5,115.));
#9349=CARTESIAN_POINT('Origin',(59.25,2.5,115.));
#9350=CARTESIAN_POINT('Origin',(59.25,2.5,115.));
#9351=CARTESIAN_POINT('Origin',(59.25,3.,115.));
#9352=CARTESIAN_POINT('',(61.,0.5,115.));
#9353=CARTESIAN_POINT('',(61.,3.,115.));
#9354=CARTESIAN_POINT('',(59.25,0.5,113.25));
#9355=CARTESIAN_POINT('Origin',(59.25,0.5,115.));
#9356=CARTESIAN_POINT('Origin',(59.25,0.5,115.));
#9357=CARTESIAN_POINT('Origin',(59.25,2.5,105.));
#9358=CARTESIAN_POINT('',(59.25,2.5,106.75));
#9359=CARTESIAN_POINT('Origin',(59.25,2.5,107.25));
#9360=CARTESIAN_POINT('',(61.,2.5,105.));
#9361=CARTESIAN_POINT('Origin',(59.25,2.5,105.));
#9362=CARTESIAN_POINT('Origin',(59.25,2.5,105.));
#9363=CARTESIAN_POINT('Origin',(59.25,3.,105.));
#9364=CARTESIAN_POINT('',(61.,0.5,105.));
#9365=CARTESIAN_POINT('',(61.,3.,105.));
#9366=CARTESIAN_POINT('',(59.25,0.5,103.25));
#9367=CARTESIAN_POINT('Origin',(59.25,0.5,105.));
#9368=CARTESIAN_POINT('Origin',(59.25,0.5,105.));
#9369=CARTESIAN_POINT('Origin',(59.25,0.5,105.));
#9370=CARTESIAN_POINT('Origin',(59.25,0.5,102.75));
#9371=CARTESIAN_POINT('Origin',(59.25,0.5,115.));
#9372=CARTESIAN_POINT('Origin',(59.25,0.5,112.75));
#9373=CARTESIAN_POINT('Origin',(109.31,0.5,199.045981178116));
#9374=CARTESIAN_POINT('',(109.31,0.5,197.295981178116));
#9375=CARTESIAN_POINT('Origin',(109.31,0.5,196.795981178116));
#9376=CARTESIAN_POINT('',(111.06,0.5,199.045981178116));
#9377=CARTESIAN_POINT('Origin',(109.31,0.5,199.045981178116));
#9378=CARTESIAN_POINT('Origin',(109.31,0.5,199.045981178116));
#9379=CARTESIAN_POINT('Origin',(109.31,3.,199.045981178116));
#9380=CARTESIAN_POINT('',(111.06,2.5,199.045981178116));
#9381=CARTESIAN_POINT('',(109.31,2.5,200.795981178116));
#9382=CARTESIAN_POINT('Origin',(109.31,2.5,199.045981178116));
#9383=CARTESIAN_POINT('',(111.06,3.,199.045981178116));
#9384=CARTESIAN_POINT('Origin',(109.31,2.5,199.045981178116));
#9385=CARTESIAN_POINT('Origin',(109.31,2.5,199.045981178116));
#9386=CARTESIAN_POINT('Origin',(109.31,2.5,201.295981178116));
#9387=CARTESIAN_POINT('Origin',(99.31,0.5,199.045981178116));
#9388=CARTESIAN_POINT('',(99.31,0.5,197.295981178116));
#9389=CARTESIAN_POINT('Origin',(99.31,0.5,196.795981178116));
#9390=CARTESIAN_POINT('',(101.06,0.5,199.045981178116));
#9391=CARTESIAN_POINT('Origin',(99.31,0.5,199.045981178116));
#9392=CARTESIAN_POINT('Origin',(99.31,0.5,199.045981178116));
#9393=CARTESIAN_POINT('Origin',(99.31,3.,199.045981178116));
#9394=CARTESIAN_POINT('',(101.06,2.5,199.045981178116));
#9395=CARTESIAN_POINT('',(99.31,2.5,200.795981178116));
#9396=CARTESIAN_POINT('Origin',(99.31,2.5,199.045981178116));
#9397=CARTESIAN_POINT('',(101.06,3.,199.045981178116));
#9398=CARTESIAN_POINT('Origin',(99.31,2.5,199.045981178116));
#9399=CARTESIAN_POINT('Origin',(99.31,2.5,199.045981178116));
#9400=CARTESIAN_POINT('Origin',(99.31,2.5,201.295981178116));
#9401=CARTESIAN_POINT('Origin',(107.75,2.5,188.));
#9402=CARTESIAN_POINT('',(107.75,2.5,189.75));
#9403=CARTESIAN_POINT('Origin',(107.75,2.5,190.25));
#9404=CARTESIAN_POINT('',(109.5,2.5,188.));
#9405=CARTESIAN_POINT('Origin',(107.75,2.5,188.));
#9406=CARTESIAN_POINT('Origin',(107.75,2.5,188.));
#9407=CARTESIAN_POINT('Origin',(107.75,3.,188.));
#9408=CARTESIAN_POINT('',(109.5,0.5,188.));
#9409=CARTESIAN_POINT('',(109.5,3.,188.));
#9410=CARTESIAN_POINT('',(107.75,0.5,186.25));
#9411=CARTESIAN_POINT('Origin',(107.75,0.5,188.));
#9412=CARTESIAN_POINT('Origin',(107.75,0.5,188.));
#9413=CARTESIAN_POINT('Origin',(107.75,0.5,188.));
#9414=CARTESIAN_POINT('Origin',(107.75,0.5,185.75));
#9415=CARTESIAN_POINT('Origin',(97.75,0.5,188.));
#9416=CARTESIAN_POINT('',(97.75,0.5,186.25));
#9417=CARTESIAN_POINT('Origin',(97.75,0.5,185.75));
#9418=CARTESIAN_POINT('',(99.5,0.5,188.));
#9419=CARTESIAN_POINT('Origin',(97.75,0.5,188.));
#9420=CARTESIAN_POINT('Origin',(97.75,0.5,188.));
#9421=CARTESIAN_POINT('Origin',(97.75,3.,188.));
#9422=CARTESIAN_POINT('',(99.5,2.5,188.));
#9423=CARTESIAN_POINT('',(97.75,2.5,189.75));
#9424=CARTESIAN_POINT('Origin',(97.75,2.5,188.));
#9425=CARTESIAN_POINT('',(99.5,3.,188.));
#9426=CARTESIAN_POINT('Origin',(97.75,2.5,188.));
#9427=CARTESIAN_POINT('Origin',(97.75,2.5,188.));
#9428=CARTESIAN_POINT('Origin',(97.75,2.5,190.25));
#9429=CARTESIAN_POINT('Origin',(47.25,2.5,188.));
#9430=CARTESIAN_POINT('',(47.25,2.5,189.75));
#9431=CARTESIAN_POINT('Origin',(47.25,2.5,190.25));
#9432=CARTESIAN_POINT('',(49.,2.5,188.));
#9433=CARTESIAN_POINT('Origin',(47.25,2.5,188.));
#9434=CARTESIAN_POINT('Origin',(47.25,2.5,188.));
#9435=CARTESIAN_POINT('Origin',(47.25,3.,188.));
#9436=CARTESIAN_POINT('',(49.,0.5,188.));
#9437=CARTESIAN_POINT('',(49.,3.,188.));
#9438=CARTESIAN_POINT('',(47.25,0.5,186.25));
#9439=CARTESIAN_POINT('Origin',(47.25,0.5,188.));
#9440=CARTESIAN_POINT('Origin',(47.25,0.5,188.));
#9441=CARTESIAN_POINT('Origin',(47.25,0.5,188.));
#9442=CARTESIAN_POINT('Origin',(47.25,0.5,185.75));
#9443=CARTESIAN_POINT('Origin',(37.25,0.5,188.));
#9444=CARTESIAN_POINT('',(37.25,0.5,186.25));
#9445=CARTESIAN_POINT('Origin',(37.25,0.5,185.75));
#9446=CARTESIAN_POINT('',(39.,0.5,188.));
#9447=CARTESIAN_POINT('Origin',(37.25,0.5,188.));
#9448=CARTESIAN_POINT('Origin',(37.25,0.5,188.));
#9449=CARTESIAN_POINT('Origin',(37.25,3.,188.));
#9450=CARTESIAN_POINT('',(39.,2.5,188.));
#9451=CARTESIAN_POINT('',(37.25,2.5,189.75));
#9452=CARTESIAN_POINT('Origin',(37.25,2.5,188.));
#9453=CARTESIAN_POINT('',(39.,3.,188.));
#9454=CARTESIAN_POINT('Origin',(37.25,2.5,188.));
#9455=CARTESIAN_POINT('Origin',(37.25,2.5,188.));
#9456=CARTESIAN_POINT('Origin',(37.25,2.5,190.25));
#9457=CARTESIAN_POINT('Origin',(-19.3,3.,89.));
#9458=CARTESIAN_POINT('',(-17.55,3.,89.));
#9459=CARTESIAN_POINT('Origin',(107.4,3.,17.2));
#9460=CARTESIAN_POINT('',(109.9,3.,17.2));
#9461=CARTESIAN_POINT('Origin',(121.8,3.,120.));
#9462=CARTESIAN_POINT('',(123.55,3.,120.));
#9463=CARTESIAN_POINT('Origin',(112.62,3.,225.17));
#9464=CARTESIAN_POINT('',(115.27,3.,225.17));
#9465=CARTESIAN_POINT('Origin',(91.4,3.,125.165));
#9466=CARTESIAN_POINT('',(93.55,3.,125.165));
#9467=CARTESIAN_POINT('Origin',(23.2,3.,120.));
#9468=CARTESIAN_POINT('',(24.95,3.,120.));
#9469=CARTESIAN_POINT('Origin',(-21.8000000000001,3.,165.));
#9470=CARTESIAN_POINT('',(-20.0500000000001,3.,165.));
#9471=CARTESIAN_POINT('Origin',(53.6,3.,186.765));
#9472=CARTESIAN_POINT('',(55.75,3.,186.765));
#9473=CARTESIAN_POINT('Origin',(121.8,3.,165.));
#9474=CARTESIAN_POINT('',(123.55,3.,165.));
#9475=CARTESIAN_POINT('Origin',(107.4,3.,90.3));
#9476=CARTESIAN_POINT('',(109.9,3.,90.3));
#9477=CARTESIAN_POINT('Origin',(141.1,3.,84.));
#9478=CARTESIAN_POINT('',(142.75,3.,84.));
#9479=CARTESIAN_POINT('Origin',(4.7,3.,89.));
#9480=CARTESIAN_POINT('',(6.45,3.,89.));
#9481=CARTESIAN_POINT('Origin',(-19.3,3.,36.));
#9482=CARTESIAN_POINT('',(-17.55,3.,36.));
#9483=CARTESIAN_POINT('Origin',(37.6,3.,17.2));
#9484=CARTESIAN_POINT('',(40.1,3.,17.2));
#9485=CARTESIAN_POINT('Origin',(166.8,3.,120.));
#9486=CARTESIAN_POINT('',(168.55,3.,120.));
#9487=CARTESIAN_POINT('Origin',(96.,3.,225.17));
#9488=CARTESIAN_POINT('',(98.65,3.,225.17));
#9489=CARTESIAN_POINT('Origin',(53.6,3.,125.165));
#9490=CARTESIAN_POINT('',(55.75,3.,125.165));
#9491=CARTESIAN_POINT('Origin',(-21.8,3.,120.));
#9492=CARTESIAN_POINT('',(-20.05,3.,120.));
#9493=CARTESIAN_POINT('Origin',(23.2,3.,165.));
#9494=CARTESIAN_POINT('',(24.95,3.,165.));
#9495=CARTESIAN_POINT('Origin',(91.4,3.,186.765));
#9496=CARTESIAN_POINT('',(93.55,3.,186.765));
#9497=CARTESIAN_POINT('Origin',(166.8,3.,165.));
#9498=CARTESIAN_POINT('',(168.55,3.,165.));
#9499=CARTESIAN_POINT('Origin',(37.6,3.,90.3));
#9500=CARTESIAN_POINT('',(40.1,3.,90.3));
#9501=CARTESIAN_POINT('Origin',(156.1,3.,84.));
#9502=CARTESIAN_POINT('',(157.75,3.,84.));
#9503=CARTESIAN_POINT('Origin',(4.7,3.,36.));
#9504=CARTESIAN_POINT('',(6.45,3.,36.));
#9505=CARTESIAN_POINT('Origin',(-17.3,3.,102.5));
#9506=CARTESIAN_POINT('',(-15.15,3.,102.5));
#9507=CARTESIAN_POINT('Origin',(162.3,3.,182.5));
#9508=CARTESIAN_POINT('',(164.45,3.,182.5));
#9509=CARTESIAN_POINT('Origin',(-17.3,3.,270.));
#9510=CARTESIAN_POINT('',(-15.15,3.,270.));
#9511=CARTESIAN_POINT('Origin',(162.3,3.,102.5));
#9512=CARTESIAN_POINT('',(164.45,3.,102.5));
#9513=CARTESIAN_POINT('Origin',(-17.3,3.,15.));
#9514=CARTESIAN_POINT('',(-15.15,3.,15.));
#9515=CARTESIAN_POINT('Origin',(-17.3,3.,182.5));
#9516=CARTESIAN_POINT('',(-15.15,3.,182.5));
#9517=CARTESIAN_POINT('Origin',(162.3,3.,270.));
#9518=CARTESIAN_POINT('',(164.45,3.,270.));
#9519=CARTESIAN_POINT('Origin',(162.3,3.,15.));
#9520=CARTESIAN_POINT('',(164.45,3.,15.));
#9521=CARTESIAN_POINT('Origin',(15.,3.,194.175));
#9522=CARTESIAN_POINT('',(17.15,3.,194.175));
#9523=CARTESIAN_POINT('Origin',(130.,3.,90.825));
#9524=CARTESIAN_POINT('',(132.15,3.,90.825));
#9525=CARTESIAN_POINT('Origin',(15.,3.,90.825));
#9526=CARTESIAN_POINT('',(17.15,3.,90.825));
#9527=CARTESIAN_POINT('Origin',(130.,3.,194.175));
#9528=CARTESIAN_POINT('',(132.15,3.,194.175));
#9529=CARTESIAN_POINT('Origin',(113.4,2.5,39.5));
#9530=CARTESIAN_POINT('',(154.3,2.5,39.));
#9531=CARTESIAN_POINT('Origin',(154.3,2.5,39.5));
#9532=CARTESIAN_POINT('',(140.3,2.5,39.));
#9533=CARTESIAN_POINT('',(113.4,2.5,39.));
#9534=CARTESIAN_POINT('Origin',(140.3,2.5,39.5));
#9535=CARTESIAN_POINT('Origin',(140.3,2.5,36.));
#9536=CARTESIAN_POINT('',(137.3,2.5,36.));
#9537=CARTESIAN_POINT('Origin',(136.8,2.5,36.));
#9538=CARTESIAN_POINT('Origin',(140.3,2.5,36.));
#9539=CARTESIAN_POINT('Origin',(136.8,2.5,89.25));
#9540=CARTESIAN_POINT('',(137.3,2.5,28.));
#9541=CARTESIAN_POINT('Origin',(136.8,2.5,28.));
#9542=CARTESIAN_POINT('',(137.3,2.5,89.25));
#9543=CARTESIAN_POINT('Origin',(140.3,2.5,28.));
#9544=CARTESIAN_POINT('',(140.3,2.5,25.));
#9545=CARTESIAN_POINT('Origin',(140.3,2.5,24.5));
#9546=CARTESIAN_POINT('Origin',(140.3,2.5,28.));
#9547=CARTESIAN_POINT('Origin',(106.4,2.5,24.5));
#9548=CARTESIAN_POINT('',(154.3,2.5,25.));
#9549=CARTESIAN_POINT('Origin',(154.3,2.5,24.5));
#9550=CARTESIAN_POINT('',(106.4,2.5,25.));
#9551=CARTESIAN_POINT('Origin',(154.3,2.5,28.));
#9552=CARTESIAN_POINT('',(157.3,2.5,28.));
#9553=CARTESIAN_POINT('Origin',(157.8,2.5,28.));
#9554=CARTESIAN_POINT('Origin',(154.3,2.5,28.));
#9555=CARTESIAN_POINT('Origin',(157.8,2.5,85.25));
#9556=CARTESIAN_POINT('',(157.3,2.5,36.));
#9557=CARTESIAN_POINT('Origin',(157.8,2.5,36.));
#9558=CARTESIAN_POINT('',(157.3,2.5,85.25));
#9559=CARTESIAN_POINT('Origin',(154.3,2.5,36.));
#9560=CARTESIAN_POINT('Origin',(154.3,2.5,36.));
#9561=CARTESIAN_POINT('Origin',(140.3,3.,28.));
#9562=CARTESIAN_POINT('',(137.3,0.5,28.));
#9563=CARTESIAN_POINT('',(137.3,3.,28.));
#9564=CARTESIAN_POINT('',(140.3,0.5,25.));
#9565=CARTESIAN_POINT('Origin',(140.3,0.5,28.));
#9566=CARTESIAN_POINT('',(140.3,3.,25.));
#9567=CARTESIAN_POINT('Origin',(137.3,3.,36.));
#9568=CARTESIAN_POINT('',(137.3,0.5,36.));
#9569=CARTESIAN_POINT('',(137.3,3.,36.));
#9570=CARTESIAN_POINT('',(137.3,0.5,89.25));
#9571=CARTESIAN_POINT('Origin',(140.3,3.,36.));
#9572=CARTESIAN_POINT('',(140.3,0.5,39.));
#9573=CARTESIAN_POINT('',(140.3,3.,39.));
#9574=CARTESIAN_POINT('Origin',(140.3,0.5,36.));
#9575=CARTESIAN_POINT('Origin',(154.3,3.,39.));
#9576=CARTESIAN_POINT('',(154.3,0.5,39.));
#9577=CARTESIAN_POINT('',(154.3,3.,39.));
#9578=CARTESIAN_POINT('',(113.4,0.5,39.));
#9579=CARTESIAN_POINT('Origin',(136.8,0.5,89.25));
#9580=CARTESIAN_POINT('Origin',(136.8,0.5,28.));
#9581=CARTESIAN_POINT('Origin',(136.8,0.5,36.));
#9582=CARTESIAN_POINT('Origin',(140.3,0.5,36.));
#9583=CARTESIAN_POINT('Origin',(140.3,0.5,39.5));
#9584=CARTESIAN_POINT('Origin',(113.4,0.5,39.5));
#9585=CARTESIAN_POINT('Origin',(154.3,0.5,39.5));
#9586=CARTESIAN_POINT('Origin',(154.3,0.5,36.));
#9587=CARTESIAN_POINT('',(157.3,0.5,36.));
#9588=CARTESIAN_POINT('Origin',(157.8,0.5,36.));
#9589=CARTESIAN_POINT('Origin',(154.3,0.5,36.));
#9590=CARTESIAN_POINT('Origin',(157.8,0.5,85.25));
#9591=CARTESIAN_POINT('',(157.3,0.5,28.));
#9592=CARTESIAN_POINT('Origin',(157.8,0.5,28.));
#9593=CARTESIAN_POINT('',(157.3,0.5,85.25));
#9594=CARTESIAN_POINT('Origin',(154.3,0.5,28.));
#9595=CARTESIAN_POINT('',(154.3,0.5,25.));
#9596=CARTESIAN_POINT('Origin',(154.3,0.5,24.5));
#9597=CARTESIAN_POINT('Origin',(154.3,0.5,28.));
#9598=CARTESIAN_POINT('Origin',(106.4,0.5,24.5));
#9599=CARTESIAN_POINT('Origin',(140.3,0.5,24.5));
#9600=CARTESIAN_POINT('',(106.4,0.5,25.));
#9601=CARTESIAN_POINT('Origin',(140.3,0.5,28.));
#9602=CARTESIAN_POINT('Origin',(154.3,3.,36.));
#9603=CARTESIAN_POINT('',(157.3,3.,36.));
#9604=CARTESIAN_POINT('Origin',(130.,3.,15.));
#9605=CARTESIAN_POINT('',(132.15,3.,15.));
#9606=CARTESIAN_POINT('Origin',(130.,3.,270.));
#9607=CARTESIAN_POINT('',(132.15,3.,270.));
#9608=CARTESIAN_POINT('Origin',(15.,3.,15.));
#9609=CARTESIAN_POINT('',(17.15,3.,15.));
#9610=CARTESIAN_POINT('Origin',(15.,3.,270.));
#9611=CARTESIAN_POINT('',(17.15,3.,270.));
#9612=CARTESIAN_POINT('Origin',(157.3,3.,28.));
#9613=CARTESIAN_POINT('',(157.3,3.,28.));
#9614=CARTESIAN_POINT('Origin',(154.3,3.,28.));
#9615=CARTESIAN_POINT('',(154.3,3.,25.));
#9616=CARTESIAN_POINT('Origin',(140.3,3.,25.));
#9617=CARTESIAN_POINT('Origin',(72.5,0.5,284.5));
#9618=CARTESIAN_POINT('',(167.3,0.5,285.));
#9619=CARTESIAN_POINT('Origin',(167.3,0.5,284.5));
#9620=CARTESIAN_POINT('',(-22.3,0.5,285.));
#9621=CARTESIAN_POINT('',(72.5,0.5,285.));
#9622=CARTESIAN_POINT('Origin',(-22.3,0.5,284.5));
#9623=CARTESIAN_POINT('Origin',(-22.3,0.5,275.));
#9624=CARTESIAN_POINT('',(-32.3,0.5,275.));
#9625=CARTESIAN_POINT('Origin',(-31.8,0.5,275.));
#9626=CARTESIAN_POINT('Origin',(-22.3,0.5,275.));
#9627=CARTESIAN_POINT('Origin',(-31.8,0.5,213.75));
#9628=CARTESIAN_POINT('',(-32.3,0.5,10.));
#9629=CARTESIAN_POINT('Origin',(-31.8,0.5,10.));
#9630=CARTESIAN_POINT('',(-32.3,0.5,213.75));
#9631=CARTESIAN_POINT('Origin',(-22.3,0.5,10.));
#9632=CARTESIAN_POINT('',(-22.3,0.5,0.));
#9633=CARTESIAN_POINT('Origin',(-22.3,0.5,0.499999999999999));
#9634=CARTESIAN_POINT('Origin',(-22.3,0.5,10.));
#9635=CARTESIAN_POINT('Origin',(72.5,0.5,0.499999999999998));
#9636=CARTESIAN_POINT('',(167.3,0.5,0.));
#9637=CARTESIAN_POINT('Origin',(167.3,0.5,0.499999999999998));
#9638=CARTESIAN_POINT('',(72.5,0.5,0.));
#9639=CARTESIAN_POINT('Origin',(167.3,0.5,10.));
#9640=CARTESIAN_POINT('',(177.3,0.5,10.));
#9641=CARTESIAN_POINT('Origin',(176.8,0.5,10.));
#9642=CARTESIAN_POINT('Origin',(167.3,0.5,10.));
#9643=CARTESIAN_POINT('Origin',(176.8,0.5,71.25));
#9644=CARTESIAN_POINT('',(177.3,0.5,275.));
#9645=CARTESIAN_POINT('Origin',(176.8,0.5,275.));
#9646=CARTESIAN_POINT('',(177.3,0.5,71.25));
#9647=CARTESIAN_POINT('Origin',(167.3,0.5,275.));
#9648=CARTESIAN_POINT('Origin',(167.3,0.5,275.));
#9649=CARTESIAN_POINT('Origin',(-22.3,2.25,10.));
#9650=CARTESIAN_POINT('',(-32.3,2.5,10.));
#9651=CARTESIAN_POINT('',(-32.3,2.25,10.));
#9652=CARTESIAN_POINT('',(-22.3,2.5,0.));
#9653=CARTESIAN_POINT('Origin',(-22.3,2.5,10.));
#9654=CARTESIAN_POINT('',(-22.3,2.25,0.));
#9655=CARTESIAN_POINT('Origin',(-32.3,3.,285.));
#9656=CARTESIAN_POINT('',(-32.3,2.5,275.));
#9657=CARTESIAN_POINT('',(-32.3,2.25,275.));
#9658=CARTESIAN_POINT('',(-32.3,2.5,213.75));
#9659=CARTESIAN_POINT('Origin',(-22.3,2.25,275.));
#9660=CARTESIAN_POINT('',(-22.3,2.5,285.));
#9661=CARTESIAN_POINT('',(-22.3,2.25,285.));
#9662=CARTESIAN_POINT('Origin',(-22.3,2.5,275.));
#9663=CARTESIAN_POINT('Origin',(72.5,1.5,285.));
#9664=CARTESIAN_POINT('',(167.3,2.5,285.));
#9665=CARTESIAN_POINT('',(167.3,2.25,285.));
#9666=CARTESIAN_POINT('',(72.5,2.5,285.));
#9667=CARTESIAN_POINT('Origin',(-31.8,2.5,213.75));
#9668=CARTESIAN_POINT('Origin',(-31.8,2.5,10.));
#9669=CARTESIAN_POINT('Origin',(-31.8,2.5,275.));
#9670=CARTESIAN_POINT('Origin',(-22.3,2.5,275.));
#9671=CARTESIAN_POINT('Origin',(-22.3,2.5,284.5));
#9672=CARTESIAN_POINT('Origin',(72.5,2.5,284.5));
#9673=CARTESIAN_POINT('Origin',(167.3,2.5,284.5));
#9674=CARTESIAN_POINT('Origin',(167.3,2.5,275.));
#9675=CARTESIAN_POINT('',(177.3,2.5,275.));
#9676=CARTESIAN_POINT('Origin',(176.8,2.5,275.));
#9677=CARTESIAN_POINT('Origin',(167.3,2.5,275.));
#9678=CARTESIAN_POINT('Origin',(176.8,2.5,71.25));
#9679=CARTESIAN_POINT('',(177.3,2.5,10.));
#9680=CARTESIAN_POINT('Origin',(176.8,2.5,10.));
#9681=CARTESIAN_POINT('',(177.3,2.5,71.25));
#9682=CARTESIAN_POINT('Origin',(167.3,2.5,10.));
#9683=CARTESIAN_POINT('',(167.3,2.5,0.));
#9684=CARTESIAN_POINT('Origin',(167.3,2.5,0.5));
#9685=CARTESIAN_POINT('Origin',(167.3,2.5,10.));
#9686=CARTESIAN_POINT('Origin',(72.5,2.5,0.499999999999998));
#9687=CARTESIAN_POINT('Origin',(-22.3,2.5,0.499999999999998));
#9688=CARTESIAN_POINT('',(72.5,2.5,0.));
#9689=CARTESIAN_POINT('Origin',(-22.3,2.5,10.));
#9690=CARTESIAN_POINT('Origin',(167.3,2.25,275.));
#9691=CARTESIAN_POINT('',(177.3,2.25,275.));
#9692=CARTESIAN_POINT('Origin',(98.7500000000001,0.5,110.));
#9693=CARTESIAN_POINT('',(98.7500000000001,0.5,107.));
#9694=CARTESIAN_POINT('Origin',(98.7500000000001,0.5,106.5));
#9695=CARTESIAN_POINT('',(95.75,0.5,110.));
#9696=CARTESIAN_POINT('Origin',(98.7500000000001,0.5,110.));
#9697=CARTESIAN_POINT('Origin',(95.25,0.5,110.));
#9698=CARTESIAN_POINT('Origin',(95.25,0.5,137.25));
#9699=CARTESIAN_POINT('',(95.75,0.5,132.));
#9700=CARTESIAN_POINT('Origin',(95.25,0.5,132.));
#9701=CARTESIAN_POINT('',(95.75,0.5,137.25));
#9702=CARTESIAN_POINT('Origin',(98.7500000000001,0.5,132.));
#9703=CARTESIAN_POINT('',(98.7500000000001,0.5,135.));
#9704=CARTESIAN_POINT('Origin',(98.7500000000001,0.5,135.5));
#9705=CARTESIAN_POINT('Origin',(98.7500000000001,0.5,132.));
#9706=CARTESIAN_POINT('Origin',(89.625,0.5,135.5));
#9707=CARTESIAN_POINT('',(106.75,0.5,135.));
#9708=CARTESIAN_POINT('Origin',(106.75,0.5,135.5));
#9709=CARTESIAN_POINT('',(89.625,0.5,135.));
#9710=CARTESIAN_POINT('Origin',(106.75,0.5,132.));
#9711=CARTESIAN_POINT('',(109.75,0.5,132.));
#9712=CARTESIAN_POINT('Origin',(110.25,0.5,132.));
#9713=CARTESIAN_POINT('Origin',(106.75,0.5,132.));
#9714=CARTESIAN_POINT('Origin',(110.25,0.5,126.25));
#9715=CARTESIAN_POINT('',(109.75,0.5,110.));
#9716=CARTESIAN_POINT('Origin',(110.25,0.5,110.));
#9717=CARTESIAN_POINT('',(109.75,0.5,126.25));
#9718=CARTESIAN_POINT('Origin',(106.75,0.5,110.));
#9719=CARTESIAN_POINT('',(106.75,0.5,107.));
#9720=CARTESIAN_POINT('Origin',(106.75,0.5,106.5));
#9721=CARTESIAN_POINT('Origin',(106.75,0.5,110.));
#9722=CARTESIAN_POINT('Origin',(85.625,0.5,106.5));
#9723=CARTESIAN_POINT('',(85.625,0.5,107.));
#9724=CARTESIAN_POINT('Origin',(106.75,3.,135.));
#9725=CARTESIAN_POINT('',(98.7500000000001,2.5,135.));
#9726=CARTESIAN_POINT('',(98.7500000000001,3.,135.));
#9727=CARTESIAN_POINT('',(106.75,2.5,135.));
#9728=CARTESIAN_POINT('',(89.625,2.5,135.));
#9729=CARTESIAN_POINT('',(106.75,3.,135.));
#9730=CARTESIAN_POINT('Origin',(98.7500000000001,3.,132.));
#9731=CARTESIAN_POINT('',(95.75,2.5,132.));
#9732=CARTESIAN_POINT('',(95.75,3.,132.));
#9733=CARTESIAN_POINT('Origin',(98.7500000000001,2.5,132.));
#9734=CARTESIAN_POINT('Origin',(95.75,3.,132.));
#9735=CARTESIAN_POINT('',(95.75,2.5,110.));
#9736=CARTESIAN_POINT('',(95.75,3.,110.));
#9737=CARTESIAN_POINT('',(95.75,2.5,137.25));
#9738=CARTESIAN_POINT('Origin',(98.7500000000001,3.,110.));
#9739=CARTESIAN_POINT('',(98.7500000000001,2.5,107.));
#9740=CARTESIAN_POINT('',(98.7500000000001,3.,107.));
#9741=CARTESIAN_POINT('Origin',(98.7500000000001,2.5,110.));
#9742=CARTESIAN_POINT('Origin',(106.75,2.5,110.));
#9743=CARTESIAN_POINT('',(106.75,2.5,107.));
#9744=CARTESIAN_POINT('Origin',(106.75,2.5,106.5));
#9745=CARTESIAN_POINT('',(109.75,2.5,110.));
#9746=CARTESIAN_POINT('Origin',(106.75,2.5,110.));
#9747=CARTESIAN_POINT('Origin',(110.25,2.5,110.));
#9748=CARTESIAN_POINT('Origin',(110.25,2.5,126.25));
#9749=CARTESIAN_POINT('',(109.75,2.5,132.));
#9750=CARTESIAN_POINT('Origin',(110.25,2.5,132.));
#9751=CARTESIAN_POINT('',(109.75,2.5,126.25));
#9752=CARTESIAN_POINT('Origin',(106.75,2.5,132.));
#9753=CARTESIAN_POINT('Origin',(106.75,2.5,135.5));
#9754=CARTESIAN_POINT('Origin',(106.75,2.5,132.));
#9755=CARTESIAN_POINT('Origin',(89.625,2.5,135.5));
#9756=CARTESIAN_POINT('Origin',(98.7500000000001,2.5,135.5));
#9757=CARTESIAN_POINT('Origin',(98.7500000000001,2.5,132.));
#9758=CARTESIAN_POINT('Origin',(95.25,2.5,132.));
#9759=CARTESIAN_POINT('Origin',(95.25,2.5,137.25));
#9760=CARTESIAN_POINT('Origin',(95.25,2.5,110.));
#9761=CARTESIAN_POINT('Origin',(98.7500000000001,2.5,110.));
#9762=CARTESIAN_POINT('Origin',(98.7500000000001,2.5,106.5));
#9763=CARTESIAN_POINT('Origin',(85.625,2.5,106.5));
#9764=CARTESIAN_POINT('',(85.625,2.5,107.));
#9765=CARTESIAN_POINT('Origin',(106.75,3.,132.));
#9766=CARTESIAN_POINT('',(109.75,3.,132.));
#9767=CARTESIAN_POINT('Origin',(109.75,3.,110.));
#9768=CARTESIAN_POINT('',(109.75,3.,110.));
#9769=CARTESIAN_POINT('Origin',(106.75,3.,110.));
#9770=CARTESIAN_POINT('',(106.75,3.,107.));
#9771=CARTESIAN_POINT('Origin',(98.75,2.5,153.));
#9772=CARTESIAN_POINT('',(95.75,2.5,153.));
#9773=CARTESIAN_POINT('Origin',(95.25,2.5,153.));
#9774=CARTESIAN_POINT('',(98.75,2.5,150.));
#9775=CARTESIAN_POINT('Origin',(98.75,2.5,153.));
#9776=CARTESIAN_POINT('Origin',(98.75,2.5,149.5));
#9777=CARTESIAN_POINT('Origin',(85.625,2.5,149.5));
#9778=CARTESIAN_POINT('',(106.75,2.5,150.));
#9779=CARTESIAN_POINT('Origin',(106.75,2.5,149.5));
#9780=CARTESIAN_POINT('',(85.625,2.5,150.));
#9781=CARTESIAN_POINT('Origin',(106.75,2.5,153.));
#9782=CARTESIAN_POINT('',(109.75,2.5,153.));
#9783=CARTESIAN_POINT('Origin',(110.25,2.5,153.));
#9784=CARTESIAN_POINT('Origin',(106.75,2.5,153.));
#9785=CARTESIAN_POINT('Origin',(110.25,2.5,147.75));
#9786=CARTESIAN_POINT('',(109.75,2.5,175.));
#9787=CARTESIAN_POINT('Origin',(110.25,2.5,175.));
#9788=CARTESIAN_POINT('',(109.75,2.5,147.75));
#9789=CARTESIAN_POINT('Origin',(106.75,2.5,175.));
#9790=CARTESIAN_POINT('',(106.75,2.5,178.));
#9791=CARTESIAN_POINT('Origin',(106.75,2.5,178.5));
#9792=CARTESIAN_POINT('Origin',(106.75,2.5,175.));
#9793=CARTESIAN_POINT('Origin',(89.625,2.5,178.5));
#9794=CARTESIAN_POINT('',(98.7500000000001,2.5,178.));
#9795=CARTESIAN_POINT('Origin',(98.7500000000001,2.5,178.5));
#9796=CARTESIAN_POINT('',(89.625,2.5,178.));
#9797=CARTESIAN_POINT('Origin',(98.7500000000001,2.5,175.));
#9798=CARTESIAN_POINT('',(95.75,2.5,175.));
#9799=CARTESIAN_POINT('Origin',(95.25,2.5,175.));
#9800=CARTESIAN_POINT('Origin',(98.7500000000001,2.5,175.));
#9801=CARTESIAN_POINT('Origin',(95.25,2.5,158.75));
#9802=CARTESIAN_POINT('',(95.75,2.5,158.75));
#9803=CARTESIAN_POINT('Origin',(109.75,3.,153.));
#9804=CARTESIAN_POINT('',(109.75,0.5,153.));
#9805=CARTESIAN_POINT('',(109.75,3.,153.));
#9806=CARTESIAN_POINT('',(109.75,0.5,175.));
#9807=CARTESIAN_POINT('',(109.75,0.5,147.75));
#9808=CARTESIAN_POINT('',(109.75,3.,175.));
#9809=CARTESIAN_POINT('Origin',(106.75,3.,153.));
#9810=CARTESIAN_POINT('',(106.75,0.5,150.));
#9811=CARTESIAN_POINT('',(106.75,3.,150.));
#9812=CARTESIAN_POINT('Origin',(106.75,0.5,153.));
#9813=CARTESIAN_POINT('Origin',(98.75,3.,150.));
#9814=CARTESIAN_POINT('',(98.75,0.5,150.));
#9815=CARTESIAN_POINT('',(98.75,3.,150.));
#9816=CARTESIAN_POINT('',(85.625,0.5,150.));
#9817=CARTESIAN_POINT('Origin',(98.75,3.,153.));
#9818=CARTESIAN_POINT('',(95.75,0.5,153.));
#9819=CARTESIAN_POINT('',(95.75,3.,153.));
#9820=CARTESIAN_POINT('Origin',(98.75,0.5,153.));
#9821=CARTESIAN_POINT('Origin',(89.625,0.5,178.5));
#9822=CARTESIAN_POINT('',(98.7500000000001,0.5,178.));
#9823=CARTESIAN_POINT('Origin',(98.7500000000001,0.5,178.5));
#9824=CARTESIAN_POINT('',(106.75,0.5,178.));
#9825=CARTESIAN_POINT('',(89.625,0.5,178.));
#9826=CARTESIAN_POINT('Origin',(106.75,0.5,178.5));
#9827=CARTESIAN_POINT('Origin',(106.75,0.5,175.));
#9828=CARTESIAN_POINT('Origin',(110.25,0.5,175.));
#9829=CARTESIAN_POINT('Origin',(106.75,0.5,175.));
#9830=CARTESIAN_POINT('Origin',(110.25,0.5,147.75));
#9831=CARTESIAN_POINT('Origin',(110.25,0.5,153.));
#9832=CARTESIAN_POINT('Origin',(106.75,0.5,153.));
#9833=CARTESIAN_POINT('Origin',(106.75,0.5,149.5));
#9834=CARTESIAN_POINT('Origin',(85.625,0.5,149.5));
#9835=CARTESIAN_POINT('Origin',(98.75,0.5,149.5));
#9836=CARTESIAN_POINT('Origin',(98.75,0.5,153.));
#9837=CARTESIAN_POINT('Origin',(95.25,0.5,153.));
#9838=CARTESIAN_POINT('Origin',(95.25,0.5,158.75));
#9839=CARTESIAN_POINT('',(95.75,0.5,175.));
#9840=CARTESIAN_POINT('Origin',(95.25,0.5,175.));
#9841=CARTESIAN_POINT('',(95.75,0.5,158.75));
#9842=CARTESIAN_POINT('Origin',(98.7500000000001,0.5,175.));
#9843=CARTESIAN_POINT('Origin',(98.7500000000001,0.5,175.));
#9844=CARTESIAN_POINT('Origin',(106.75,3.,175.));
#9845=CARTESIAN_POINT('',(106.75,3.,178.));
#9846=CARTESIAN_POINT('Origin',(106.75,3.,178.));
#9847=CARTESIAN_POINT('',(98.7500000000001,3.,178.));
#9848=CARTESIAN_POINT('Origin',(46.2499999999999,0.5,153.));
#9849=CARTESIAN_POINT('',(49.25,0.5,153.));
#9850=CARTESIAN_POINT('Origin',(49.75,0.5,153.));
#9851=CARTESIAN_POINT('',(46.2499999999999,0.5,150.));
#9852=CARTESIAN_POINT('Origin',(46.2499999999999,0.5,153.));
#9853=CARTESIAN_POINT('Origin',(46.25,0.5,149.5));
#9854=CARTESIAN_POINT('Origin',(55.375,0.5,149.5));
#9855=CARTESIAN_POINT('',(38.25,0.5,150.));
#9856=CARTESIAN_POINT('Origin',(38.25,0.5,149.5));
#9857=CARTESIAN_POINT('',(55.375,0.5,150.));
#9858=CARTESIAN_POINT('Origin',(38.25,0.5,153.));
#9859=CARTESIAN_POINT('',(35.25,0.5,153.));
#9860=CARTESIAN_POINT('Origin',(34.75,0.5,153.));
#9861=CARTESIAN_POINT('Origin',(38.25,0.5,153.));
#9862=CARTESIAN_POINT('Origin',(34.75,0.5,158.75));
#9863=CARTESIAN_POINT('',(35.25,0.5,175.));
#9864=CARTESIAN_POINT('Origin',(34.75,0.5,175.));
#9865=CARTESIAN_POINT('',(35.25,0.5,158.75));
#9866=CARTESIAN_POINT('Origin',(38.25,0.5,175.));
#9867=CARTESIAN_POINT('',(38.25,0.5,178.));
#9868=CARTESIAN_POINT('Origin',(38.25,0.5,178.5));
#9869=CARTESIAN_POINT('Origin',(38.25,0.5,175.));
#9870=CARTESIAN_POINT('Origin',(59.375,0.5,178.5));
#9871=CARTESIAN_POINT('',(46.2499999999999,0.5,178.));
#9872=CARTESIAN_POINT('Origin',(46.2499999999999,0.5,178.5));
#9873=CARTESIAN_POINT('',(59.375,0.5,178.));
#9874=CARTESIAN_POINT('Origin',(46.2499999999999,0.5,175.));
#9875=CARTESIAN_POINT('',(49.25,0.5,175.));
#9876=CARTESIAN_POINT('Origin',(49.75,0.5,175.));
#9877=CARTESIAN_POINT('Origin',(46.2499999999999,0.5,175.));
#9878=CARTESIAN_POINT('Origin',(49.75,0.5,147.75));
#9879=CARTESIAN_POINT('',(49.25,0.5,147.75));
#9880=CARTESIAN_POINT('Origin',(35.25,3.,175.));
#9881=CARTESIAN_POINT('',(35.25,2.5,153.));
#9882=CARTESIAN_POINT('',(35.25,3.,153.));
#9883=CARTESIAN_POINT('',(35.25,2.5,175.));
#9884=CARTESIAN_POINT('',(35.25,2.5,158.75));
#9885=CARTESIAN_POINT('',(35.25,3.,175.));
#9886=CARTESIAN_POINT('Origin',(38.25,3.,153.));
#9887=CARTESIAN_POINT('',(38.25,2.5,150.));
#9888=CARTESIAN_POINT('',(38.25,3.,150.));
#9889=CARTESIAN_POINT('Origin',(38.25,2.5,153.));
#9890=CARTESIAN_POINT('Origin',(38.25,3.,150.));
#9891=CARTESIAN_POINT('',(46.2499999999999,2.5,150.));
#9892=CARTESIAN_POINT('',(46.2499999999999,3.,150.));
#9893=CARTESIAN_POINT('',(55.375,2.5,150.));
#9894=CARTESIAN_POINT('Origin',(46.2499999999999,3.,153.));
#9895=CARTESIAN_POINT('',(49.25,2.5,153.));
#9896=CARTESIAN_POINT('',(49.25,3.,153.));
#9897=CARTESIAN_POINT('Origin',(46.2499999999999,2.5,153.));
#9898=CARTESIAN_POINT('Origin',(34.75,2.5,158.75));
#9899=CARTESIAN_POINT('Origin',(34.75,2.5,175.));
#9900=CARTESIAN_POINT('Origin',(34.75,2.5,153.));
#9901=CARTESIAN_POINT('Origin',(38.25,2.5,153.));
#9902=CARTESIAN_POINT('Origin',(38.25,2.5,149.5));
#9903=CARTESIAN_POINT('Origin',(55.375,2.5,149.5));
#9904=CARTESIAN_POINT('Origin',(46.2499999999999,2.5,149.5));
#9905=CARTESIAN_POINT('Origin',(46.2499999999999,2.5,153.));
#9906=CARTESIAN_POINT('Origin',(49.75,2.5,153.));
#9907=CARTESIAN_POINT('Origin',(49.75,2.5,147.75));
#9908=CARTESIAN_POINT('',(49.25,2.5,175.));
#9909=CARTESIAN_POINT('Origin',(49.75,2.5,175.));
#9910=CARTESIAN_POINT('',(49.25,2.5,147.75));
#9911=CARTESIAN_POINT('Origin',(46.2499999999999,2.5,175.));
#9912=CARTESIAN_POINT('',(46.2499999999999,2.5,178.));
#9913=CARTESIAN_POINT('Origin',(46.2499999999999,2.5,178.5));
#9914=CARTESIAN_POINT('Origin',(46.2499999999999,2.5,175.));
#9915=CARTESIAN_POINT('Origin',(59.375,2.5,178.5));
#9916=CARTESIAN_POINT('',(38.25,2.5,178.));
#9917=CARTESIAN_POINT('Origin',(38.25,2.5,178.5));
#9918=CARTESIAN_POINT('',(59.375,2.5,178.));
#9919=CARTESIAN_POINT('Origin',(38.25,2.5,175.));
#9920=CARTESIAN_POINT('Origin',(38.25,2.5,175.));
#9921=CARTESIAN_POINT('Origin',(34.75,0.5,137.25));
#9922=CARTESIAN_POINT('',(35.25,0.5,110.));
#9923=CARTESIAN_POINT('Origin',(34.75,0.5,110.));
#9924=CARTESIAN_POINT('',(35.25,0.5,132.));
#9925=CARTESIAN_POINT('',(35.25,0.5,137.25));
#9926=CARTESIAN_POINT('Origin',(34.75,0.5,132.));
#9927=CARTESIAN_POINT('Origin',(38.25,0.5,132.));
#9928=CARTESIAN_POINT('',(38.25,0.5,135.));
#9929=CARTESIAN_POINT('Origin',(38.25,0.5,135.5));
#9930=CARTESIAN_POINT('Origin',(38.25,0.5,132.));
#9931=CARTESIAN_POINT('Origin',(59.375,0.5,135.5));
#9932=CARTESIAN_POINT('',(46.2499999999999,0.5,135.));
#9933=CARTESIAN_POINT('Origin',(46.2499999999999,0.5,135.5));
#9934=CARTESIAN_POINT('',(59.375,0.5,135.));
#9935=CARTESIAN_POINT('Origin',(46.2499999999999,0.5,132.));
#9936=CARTESIAN_POINT('',(49.25,0.5,132.));
#9937=CARTESIAN_POINT('Origin',(49.75,0.5,132.));
#9938=CARTESIAN_POINT('Origin',(46.2499999999999,0.5,132.));
#9939=CARTESIAN_POINT('Origin',(49.75,0.5,126.25));
#9940=CARTESIAN_POINT('',(49.25,0.5,110.));
#9941=CARTESIAN_POINT('Origin',(49.75,0.5,110.));
#9942=CARTESIAN_POINT('',(49.25,0.5,126.25));
#9943=CARTESIAN_POINT('Origin',(46.2499999999999,0.5,110.));
#9944=CARTESIAN_POINT('',(46.2499999999999,0.5,107.));
#9945=CARTESIAN_POINT('Origin',(46.2499999999999,0.5,106.5));
#9946=CARTESIAN_POINT('Origin',(46.2499999999999,0.5,110.));
#9947=CARTESIAN_POINT('Origin',(55.375,0.5,106.5));
#9948=CARTESIAN_POINT('',(38.25,0.5,107.));
#9949=CARTESIAN_POINT('Origin',(38.25,0.5,106.5));
#9950=CARTESIAN_POINT('',(55.375,0.5,107.));
#9951=CARTESIAN_POINT('Origin',(38.25,0.5,110.));
#9952=CARTESIAN_POINT('Origin',(38.25,0.5,110.));
#9953=CARTESIAN_POINT('Origin',(46.2499999999999,3.,132.));
#9954=CARTESIAN_POINT('',(46.2499999999999,2.5,135.));
#9955=CARTESIAN_POINT('',(46.2499999999999,3.,135.));
#9956=CARTESIAN_POINT('',(49.25,2.5,132.));
#9957=CARTESIAN_POINT('Origin',(46.2499999999999,2.5,132.));
#9958=CARTESIAN_POINT('',(49.25,3.,132.));
#9959=CARTESIAN_POINT('Origin',(46.2499999999999,3.,135.));
#9960=CARTESIAN_POINT('',(38.25,2.5,135.));
#9961=CARTESIAN_POINT('',(38.25,3.,135.));
#9962=CARTESIAN_POINT('',(59.375,2.5,135.));
#9963=CARTESIAN_POINT('Origin',(38.25,3.,132.));
#9964=CARTESIAN_POINT('',(35.25,2.5,132.));
#9965=CARTESIAN_POINT('',(35.25,3.,132.));
#9966=CARTESIAN_POINT('Origin',(38.25,2.5,132.));
#9967=CARTESIAN_POINT('Origin',(35.25,3.,132.));
#9968=CARTESIAN_POINT('',(35.25,2.5,110.));
#9969=CARTESIAN_POINT('',(35.25,3.,110.));
#9970=CARTESIAN_POINT('',(35.25,2.5,137.25));
#9971=CARTESIAN_POINT('Origin',(49.75,2.5,126.25));
#9972=CARTESIAN_POINT('',(49.25,2.5,110.));
#9973=CARTESIAN_POINT('Origin',(49.75,2.5,110.));
#9974=CARTESIAN_POINT('',(49.25,2.5,126.25));
#9975=CARTESIAN_POINT('Origin',(49.75,2.5,132.));
#9976=CARTESIAN_POINT('Origin',(46.2499999999999,2.5,132.));
#9977=CARTESIAN_POINT('Origin',(46.2499999999999,2.5,135.5));
#9978=CARTESIAN_POINT('Origin',(59.375,2.5,135.5));
#9979=CARTESIAN_POINT('Origin',(38.25,2.5,135.5));
#9980=CARTESIAN_POINT('Origin',(38.25,2.5,132.));
#9981=CARTESIAN_POINT('Origin',(34.75,2.5,132.));
#9982=CARTESIAN_POINT('Origin',(34.75,2.5,137.25));
#9983=CARTESIAN_POINT('Origin',(34.75,2.5,110.));
#9984=CARTESIAN_POINT('Origin',(38.25,2.5,110.));
#9985=CARTESIAN_POINT('',(38.25,2.5,107.));
#9986=CARTESIAN_POINT('Origin',(38.25,2.5,106.5));
#9987=CARTESIAN_POINT('Origin',(38.25,2.5,110.));
#9988=CARTESIAN_POINT('Origin',(55.375,2.5,106.5));
#9989=CARTESIAN_POINT('',(46.2499999999999,2.5,107.));
#9990=CARTESIAN_POINT('Origin',(46.2499999999999,2.5,106.5));
#9991=CARTESIAN_POINT('',(55.375,2.5,107.));
#9992=CARTESIAN_POINT('Origin',(46.2499999999999,2.5,110.));
#9993=CARTESIAN_POINT('Origin',(46.2499999999999,2.5,110.));
#9994=CARTESIAN_POINT('Origin',(49.25,3.,110.));
#9995=CARTESIAN_POINT('',(49.25,3.,110.));
#9996=CARTESIAN_POINT('Origin',(167.3,2.25,10.));
#9997=CARTESIAN_POINT('',(167.3,2.25,0.));
#9998=CARTESIAN_POINT('',(177.3,2.25,10.));
#9999=CARTESIAN_POINT('Origin',(177.3,3.,6.38378239159465E-15));
#10000=CARTESIAN_POINT('Origin',(95.75,3.,175.));
#10001=CARTESIAN_POINT('',(95.75,3.,175.));
#10002=CARTESIAN_POINT('Origin',(98.7500000000001,3.,175.));
#10003=CARTESIAN_POINT('Origin',(49.25,3.,153.));
#10004=CARTESIAN_POINT('',(49.25,3.,175.));
#10005=CARTESIAN_POINT('Origin',(38.25,3.,175.));
#10006=CARTESIAN_POINT('',(38.25,3.,178.));
#10007=CARTESIAN_POINT('Origin',(46.2499999999999,3.,178.));
#10008=CARTESIAN_POINT('',(46.2499999999999,3.,178.));
#10009=CARTESIAN_POINT('Origin',(46.2499999999999,3.,175.));
#10010=CARTESIAN_POINT('Origin',(98.7500000000001,3.,107.));
#10011=CARTESIAN_POINT('Origin',(46.2499999999999,3.,110.));
#10012=CARTESIAN_POINT('',(46.2499999999999,3.,107.));
#10013=CARTESIAN_POINT('Origin',(38.25,3.,107.));
#10014=CARTESIAN_POINT('',(38.25,3.,107.));
#10015=CARTESIAN_POINT('Origin',(38.25,3.,110.));
#10016=CARTESIAN_POINT('Origin',(72.5,1.5,0.));
#10017=CARTESIAN_POINT('',(0.,0.,0.));
#10018=CARTESIAN_POINT('Origin',(19.83,1.6,20.12));
#10019=CARTESIAN_POINT('',(22.33,1.6,20.12));
#10020=CARTESIAN_POINT('Origin',(19.83,1.6,20.12));
#10021=CARTESIAN_POINT('',(22.33,0.,20.12));
#10022=CARTESIAN_POINT('',(22.33,1.6,20.12));
#10023=CARTESIAN_POINT('Origin',(19.83,0.,20.12));
#10024=CARTESIAN_POINT('Origin',(19.83,1.6,3.5));
#10025=CARTESIAN_POINT('',(22.33,1.6,3.5));
#10026=CARTESIAN_POINT('Origin',(19.83,1.6,3.5));
#10027=CARTESIAN_POINT('',(22.33,0.,3.5));
#10028=CARTESIAN_POINT('',(22.33,1.6,3.5));
#10029=CARTESIAN_POINT('Origin',(19.83,0.,3.5));
#10030=CARTESIAN_POINT('Origin',(25.03,1.6,16.81));
#10031=CARTESIAN_POINT('',(31.53,1.6,16.81));
#10032=CARTESIAN_POINT('',(25.03,1.6,16.81));
#10033=CARTESIAN_POINT('',(20.3975,1.6,16.81));
#10034=CARTESIAN_POINT('',(31.53,7.6,16.81));
#10035=CARTESIAN_POINT('',(31.53,1.6,16.81));
#10036=CARTESIAN_POINT('',(25.03,7.6,16.81));
#10037=CARTESIAN_POINT('',(31.53,7.6,16.81));
#10038=CARTESIAN_POINT('',(25.03,1.6,16.81));
#10039=CARTESIAN_POINT('Origin',(25.03,1.6,6.81));
#10040=CARTESIAN_POINT('',(25.03,1.6,6.81));
#10041=CARTESIAN_POINT('',(25.03,1.6,9.31));
#10042=CARTESIAN_POINT('',(25.03,7.6,6.81));
#10043=CARTESIAN_POINT('',(25.03,7.6,16.81));
#10044=CARTESIAN_POINT('',(25.03,1.6,6.81));
#10045=CARTESIAN_POINT('Origin',(31.53,1.6,6.81));
#10046=CARTESIAN_POINT('',(31.53,1.6,6.81));
#10047=CARTESIAN_POINT('',(23.6475,1.6,6.81));
#10048=CARTESIAN_POINT('',(31.53,7.6,6.81));
#10049=CARTESIAN_POINT('',(25.03,7.6,6.81));
#10050=CARTESIAN_POINT('',(31.53,1.6,6.81));
#10051=CARTESIAN_POINT('Origin',(28.28,7.6,11.81));
#10052=CARTESIAN_POINT('',(31.53,7.6,6.81));
#10053=CARTESIAN_POINT('Origin',(15.765,1.6,11.81));
#10054=CARTESIAN_POINT('',(31.53,1.6,0.));
#10055=CARTESIAN_POINT('',(31.53,1.6,11.81));
#10056=CARTESIAN_POINT('',(0.,1.6,0.));
#10057=CARTESIAN_POINT('',(15.765,1.6,0.));
#10058=CARTESIAN_POINT('',(0.,1.6,6.81));
#10059=CARTESIAN_POINT('',(0.,1.6,11.81));
#10060=CARTESIAN_POINT('',(7.8,1.6,6.81));
#10061=CARTESIAN_POINT('',(11.7825,1.6,6.81));
#10062=CARTESIAN_POINT('',(7.8,1.6,16.81));
#10063=CARTESIAN_POINT('',(7.8,1.6,14.31));
#10064=CARTESIAN_POINT('',(0.,1.6,16.81));
#10065=CARTESIAN_POINT('',(7.8825,1.6,16.81));
#10066=CARTESIAN_POINT('',(0.,1.6,23.62));
#10067=CARTESIAN_POINT('',(0.,1.6,11.81));
#10068=CARTESIAN_POINT('',(31.53,1.6,23.62));
#10069=CARTESIAN_POINT('',(15.765,1.6,23.62));
#10070=CARTESIAN_POINT('',(31.53,1.6,11.81));
#10071=CARTESIAN_POINT('Origin',(7.8,1.6,6.81));
#10072=CARTESIAN_POINT('',(0.,11.6,6.81));
#10073=CARTESIAN_POINT('',(0.,1.6,6.81));
#10074=CARTESIAN_POINT('',(7.8,11.6,6.81));
#10075=CARTESIAN_POINT('',(0.,11.6,6.81));
#10076=CARTESIAN_POINT('',(7.8,1.6,6.81));
#10077=CARTESIAN_POINT('Origin',(7.8,1.6,16.81));
#10078=CARTESIAN_POINT('',(7.8,11.6,16.81));
#10079=CARTESIAN_POINT('',(7.8,11.6,6.81));
#10080=CARTESIAN_POINT('',(7.8,1.6,16.81));
#10081=CARTESIAN_POINT('Origin',(0.,1.6,16.81));
#10082=CARTESIAN_POINT('',(0.,11.6,16.81));
#10083=CARTESIAN_POINT('',(7.8,11.6,16.81));
#10084=CARTESIAN_POINT('',(0.,1.6,16.81));
#10085=CARTESIAN_POINT('Origin',(3.9,11.6,11.81));
#10086=CARTESIAN_POINT('',(0.,11.6,16.81));
#10087=CARTESIAN_POINT('Origin',(15.765,0.,11.81));
#10088=CARTESIAN_POINT('',(31.53,0.,23.62));
#10089=CARTESIAN_POINT('',(0.,0.,23.62));
#10090=CARTESIAN_POINT('',(15.765,0.,23.62));
#10091=CARTESIAN_POINT('',(0.,0.,0.));
#10092=CARTESIAN_POINT('',(0.,0.,11.81));
#10093=CARTESIAN_POINT('',(31.53,0.,0.));
#10094=CARTESIAN_POINT('',(15.765,0.,0.));
#10095=CARTESIAN_POINT('',(31.53,0.,11.81));
#10096=CARTESIAN_POINT('Origin',(0.,0.8,11.81));
#10097=CARTESIAN_POINT('',(0.,0.8,0.));
#10098=CARTESIAN_POINT('',(0.,0.8,23.62));
#10099=CARTESIAN_POINT('Origin',(15.765,0.8,0.));
#10100=CARTESIAN_POINT('',(31.53,0.8,0.));
#10101=CARTESIAN_POINT('Origin',(31.53,0.8,11.81));
#10102=CARTESIAN_POINT('',(31.53,0.8,23.62));
#10103=CARTESIAN_POINT('Origin',(15.765,0.8,23.62));
#10104=CARTESIAN_POINT('',(0.,0.,0.));
#10105=CARTESIAN_POINT('Origin',(77.,0.,80.3));
#10106=CARTESIAN_POINT('',(74.65,0.,80.3));
#10107=CARTESIAN_POINT('Origin',(77.,0.,80.3));
#10108=CARTESIAN_POINT('',(74.65,12.,80.3));
#10109=CARTESIAN_POINT('',(74.65,0.,80.3));
#10110=CARTESIAN_POINT('Origin',(77.,12.,80.3));
#10111=CARTESIAN_POINT('Origin',(77.,12.,80.3));
#10112=CARTESIAN_POINT('Origin',(7.2,0.,80.3));
#10113=CARTESIAN_POINT('',(4.85,0.,80.3));
#10114=CARTESIAN_POINT('Origin',(7.2,0.,80.3));
#10115=CARTESIAN_POINT('',(4.85,12.,80.3));
#10116=CARTESIAN_POINT('',(4.85,0.,80.3));
#10117=CARTESIAN_POINT('Origin',(7.2,12.,80.3));
#10118=CARTESIAN_POINT('Origin',(7.2,12.,80.3));
#10119=CARTESIAN_POINT('Origin',(77.,0.,7.2));
#10120=CARTESIAN_POINT('',(74.65,0.,7.2));
#10121=CARTESIAN_POINT('Origin',(77.,0.,7.2));
#10122=CARTESIAN_POINT('',(74.65,12.,7.2));
#10123=CARTESIAN_POINT('',(74.65,0.,7.2));
#10124=CARTESIAN_POINT('Origin',(77.,12.,7.2));
#10125=CARTESIAN_POINT('Origin',(77.,12.,7.2));
#10126=CARTESIAN_POINT('Origin',(7.2,0.,7.2));
#10127=CARTESIAN_POINT('',(4.85,0.,7.2));
#10128=CARTESIAN_POINT('Origin',(7.2,0.,7.2));
#10129=CARTESIAN_POINT('',(4.85,12.,7.2));
#10130=CARTESIAN_POINT('',(4.85,0.,7.2));
#10131=CARTESIAN_POINT('Origin',(7.2,12.,7.2));
#10132=CARTESIAN_POINT('Origin',(7.2,12.,7.2));
#10133=CARTESIAN_POINT('Origin',(42.1,36.7,43.75));
#10134=CARTESIAN_POINT('',(0.,36.7,87.5));
#10135=CARTESIAN_POINT('',(84.2,36.7,87.5));
#10136=CARTESIAN_POINT('',(42.1,36.7,87.5));
#10137=CARTESIAN_POINT('',(84.2,36.7,0.));
#10138=CARTESIAN_POINT('',(84.2,36.7,43.75));
#10139=CARTESIAN_POINT('',(0.,36.7,0.));
#10140=CARTESIAN_POINT('',(42.1,36.7,0.));
#10141=CARTESIAN_POINT('',(0.,36.7,43.75));
#10142=CARTESIAN_POINT('Origin',(42.1,0.,43.75));
#10143=CARTESIAN_POINT('',(84.2,0.,87.5));
#10144=CARTESIAN_POINT('',(0.,0.,87.5));
#10145=CARTESIAN_POINT('',(42.1,0.,87.5));
#10146=CARTESIAN_POINT('',(0.,0.,0.));
#10147=CARTESIAN_POINT('',(0.,0.,43.75));
#10148=CARTESIAN_POINT('',(84.2,0.,0.));
#10149=CARTESIAN_POINT('',(42.1,0.,0.));
#10150=CARTESIAN_POINT('',(84.2,0.,43.75));
#10151=CARTESIAN_POINT('Origin',(0.,18.35,43.75));
#10152=CARTESIAN_POINT('',(0.,18.35,0.));
#10153=CARTESIAN_POINT('',(0.,18.35,87.5));
#10154=CARTESIAN_POINT('Origin',(42.1,18.35,0.));
#10155=CARTESIAN_POINT('',(84.2,18.35,0.));
#10156=CARTESIAN_POINT('Origin',(84.2,18.35,43.75));
#10157=CARTESIAN_POINT('',(84.2,18.35,87.5));
#10158=CARTESIAN_POINT('Origin',(42.1,18.35,87.5));
#10159=CARTESIAN_POINT('',(0.,0.,0.));
#10160=CARTESIAN_POINT('Origin',(18.9,0.,30.8));
#10161=CARTESIAN_POINT('',(16.9,10.,30.8));
#10162=CARTESIAN_POINT('Origin',(18.9,10.,30.8));
#10163=CARTESIAN_POINT('',(16.9,0.,30.8));
#10164=CARTESIAN_POINT('',(16.9,0.,30.8));
#10165=CARTESIAN_POINT('Origin',(18.9,0.,30.8));
#10166=CARTESIAN_POINT('Origin',(-18.9,0.,30.8));
#10167=CARTESIAN_POINT('',(-20.9,10.,30.8));
#10168=CARTESIAN_POINT('Origin',(-18.9,10.,30.8));
#10169=CARTESIAN_POINT('',(-20.9,0.,30.8));
#10170=CARTESIAN_POINT('',(-20.9,0.,30.8));
#10171=CARTESIAN_POINT('Origin',(-18.9,0.,30.8));
#10172=CARTESIAN_POINT('Origin',(-18.9,0.,-30.8));
#10173=CARTESIAN_POINT('',(-20.9,10.,-30.8));
#10174=CARTESIAN_POINT('Origin',(-18.9,10.,-30.8));
#10175=CARTESIAN_POINT('',(-20.9,0.,-30.8));
#10176=CARTESIAN_POINT('',(-20.9,0.,-30.8));
#10177=CARTESIAN_POINT('Origin',(-18.9,0.,-30.8));
#10178=CARTESIAN_POINT('Origin',(18.9,0.,-30.8));
#10179=CARTESIAN_POINT('',(16.9,10.,-30.8));
#10180=CARTESIAN_POINT('Origin',(18.9,10.,-30.8));
#10181=CARTESIAN_POINT('',(16.9,0.,-30.8));
#10182=CARTESIAN_POINT('',(16.9,0.,-30.8));
#10183=CARTESIAN_POINT('Origin',(18.9,0.,-30.8));
#10184=CARTESIAN_POINT('Origin',(-21.7,0.,33.465));
#10185=CARTESIAN_POINT('',(-21.7,0.,33.465));
#10186=CARTESIAN_POINT('',(21.7,0.,33.465));
#10187=CARTESIAN_POINT('',(-21.7,0.,33.465));
#10188=CARTESIAN_POINT('',(21.7,10.,33.465));
#10189=CARTESIAN_POINT('',(21.7,0.,33.465));
#10190=CARTESIAN_POINT('',(-21.7,10.,33.465));
#10191=CARTESIAN_POINT('',(-21.7,10.,33.465));
#10192=CARTESIAN_POINT('',(-21.7,0.,33.465));
#10193=CARTESIAN_POINT('Origin',(-21.7,0.,-33.465));
#10194=CARTESIAN_POINT('',(-21.7,0.,-33.465));
#10195=CARTESIAN_POINT('',(-21.7,0.,-33.465));
#10196=CARTESIAN_POINT('',(-21.7,10.,-33.465));
#10197=CARTESIAN_POINT('',(-21.7,10.,-33.465));
#10198=CARTESIAN_POINT('',(-21.7,0.,-33.465));
#10199=CARTESIAN_POINT('Origin',(21.7,0.,-33.465));
#10200=CARTESIAN_POINT('',(21.7,0.,-33.465));
#10201=CARTESIAN_POINT('',(21.7,0.,-33.465));
#10202=CARTESIAN_POINT('',(21.7,10.,-33.465));
#10203=CARTESIAN_POINT('',(21.7,10.,-33.465));
#10204=CARTESIAN_POINT('',(21.7,0.,-33.465));
#10205=CARTESIAN_POINT('Origin',(21.7,0.,33.465));
#10206=CARTESIAN_POINT('',(21.7,0.,33.465));
#10207=CARTESIAN_POINT('',(21.7,10.,33.465));
#10208=CARTESIAN_POINT('Origin',(0.,10.,0.));
#10209=CARTESIAN_POINT('Origin',(0.,0.,0.));
#10210=CARTESIAN_POINT('',(0.,0.,0.));
#10211=CARTESIAN_POINT('Origin',(3.49999999999999,14.,27.));
#10212=CARTESIAN_POINT('',(5.09999999999999,14.,27.));
#10213=CARTESIAN_POINT('Origin',(3.49999999999999,14.,27.));
#10214=CARTESIAN_POINT('',(5.09999999999999,0.,27.));
#10215=CARTESIAN_POINT('',(5.09999999999999,14.,27.));
#10216=CARTESIAN_POINT('Origin',(3.49999999999999,0.,27.));
#10217=CARTESIAN_POINT('Origin',(56.5,14.,27.));
#10218=CARTESIAN_POINT('',(58.1,14.,27.));
#10219=CARTESIAN_POINT('Origin',(56.5,14.,27.));
#10220=CARTESIAN_POINT('',(58.1,0.,27.));
#10221=CARTESIAN_POINT('',(58.1,14.,27.));
#10222=CARTESIAN_POINT('Origin',(56.5,0.,27.));
#10223=CARTESIAN_POINT('Origin',(3.5,14.,3.));
#10224=CARTESIAN_POINT('',(5.1,14.,3.));
#10225=CARTESIAN_POINT('Origin',(3.5,14.,3.));
#10226=CARTESIAN_POINT('',(5.1,0.,3.));
#10227=CARTESIAN_POINT('',(5.1,14.,3.));
#10228=CARTESIAN_POINT('Origin',(3.5,0.,3.));
#10229=CARTESIAN_POINT('Origin',(56.5,14.,3.));
#10230=CARTESIAN_POINT('',(58.1,14.,3.));
#10231=CARTESIAN_POINT('Origin',(56.5,14.,3.));
#10232=CARTESIAN_POINT('',(58.1,0.,3.));
#10233=CARTESIAN_POINT('',(58.1,14.,3.));
#10234=CARTESIAN_POINT('Origin',(56.5,0.,3.));
#10235=CARTESIAN_POINT('Origin',(30.,14.,15.));
#10236=CARTESIAN_POINT('',(0.,14.,30.));
#10237=CARTESIAN_POINT('',(60.,14.,30.));
#10238=CARTESIAN_POINT('',(30.,14.,30.));
#10239=CARTESIAN_POINT('',(60.,14.,0.));
#10240=CARTESIAN_POINT('',(60.,14.,15.));
#10241=CARTESIAN_POINT('',(0.,14.,0.));
#10242=CARTESIAN_POINT('',(30.,14.,0.));
#10243=CARTESIAN_POINT('',(0.,14.,15.));
#10244=CARTESIAN_POINT('Origin',(30.,0.,15.));
#10245=CARTESIAN_POINT('',(60.,0.,30.));
#10246=CARTESIAN_POINT('',(0.,0.,30.));
#10247=CARTESIAN_POINT('',(30.,0.,30.));
#10248=CARTESIAN_POINT('',(0.,0.,0.));
#10249=CARTESIAN_POINT('',(0.,0.,15.));
#10250=CARTESIAN_POINT('',(60.,0.,0.));
#10251=CARTESIAN_POINT('',(30.,0.,0.));
#10252=CARTESIAN_POINT('',(60.,0.,15.));
#10253=CARTESIAN_POINT('Origin',(0.,7.,15.));
#10254=CARTESIAN_POINT('',(0.,7.,0.));
#10255=CARTESIAN_POINT('',(0.,7.,30.));
#10256=CARTESIAN_POINT('Origin',(30.,7.,0.));
#10257=CARTESIAN_POINT('',(60.,7.,0.));
#10258=CARTESIAN_POINT('Origin',(60.,7.,15.));
#10259=CARTESIAN_POINT('',(60.,7.,30.));
#10260=CARTESIAN_POINT('Origin',(30.,7.,30.));
#10261=CARTESIAN_POINT('',(0.,0.,0.));
#10262=CARTESIAN_POINT('Origin',(50.,0.,-42.5));
#10263=CARTESIAN_POINT('',(50.,9.,-7.5));
#10264=CARTESIAN_POINT('',(50.,9.,-42.5));
#10265=CARTESIAN_POINT('',(50.,9.,0.));
#10266=CARTESIAN_POINT('',(50.,12.6,-7.5));
#10267=CARTESIAN_POINT('',(50.,0.,-7.5));
#10268=CARTESIAN_POINT('',(50.,12.6,-42.5));
#10269=CARTESIAN_POINT('',(50.,12.6,0.));
#10270=CARTESIAN_POINT('',(50.,0.,-42.5));
#10271=CARTESIAN_POINT('Origin',(58.,0.,-42.5));
#10272=CARTESIAN_POINT('',(50.,0.,-42.5));
#10273=CARTESIAN_POINT('',(58.,0.,-42.5));
#10274=CARTESIAN_POINT('',(50.,0.,-42.5));
#10275=CARTESIAN_POINT('',(50.,0.,-42.5));
#10276=CARTESIAN_POINT('',(58.,12.6,-42.5));
#10277=CARTESIAN_POINT('',(50.,12.6,-42.5));
#10278=CARTESIAN_POINT('',(58.,0.,-42.5));
#10279=CARTESIAN_POINT('Origin',(58.,0.,-7.5));
#10280=CARTESIAN_POINT('',(58.,0.,-7.5));
#10281=CARTESIAN_POINT('',(58.,0.,-7.5));
#10282=CARTESIAN_POINT('',(58.,12.6,-7.5));
#10283=CARTESIAN_POINT('',(58.,12.6,-7.5));
#10284=CARTESIAN_POINT('',(58.,0.,-7.5));
#10285=CARTESIAN_POINT('Origin',(50.,0.,-7.5));
#10286=CARTESIAN_POINT('',(50.,0.,-7.5));
#10287=CARTESIAN_POINT('',(50.,0.,-7.5));
#10288=CARTESIAN_POINT('',(50.,12.6,-7.5));
#10289=CARTESIAN_POINT('',(50.,0.,-7.5));
#10290=CARTESIAN_POINT('Origin',(54.,12.6,-25.));
#10291=CARTESIAN_POINT('Origin',(50.,0.,0.));
#10292=CARTESIAN_POINT('',(50.,9.,0.));
#10293=CARTESIAN_POINT('',(50.,9.,0.));
#10294=CARTESIAN_POINT('',(50.,0.,0.));
#10295=CARTESIAN_POINT('',(50.,0.,0.));
#10296=CARTESIAN_POINT('',(50.,0.,0.));
#10297=CARTESIAN_POINT('Origin',(50.,0.,0.));
#10298=CARTESIAN_POINT('',(50.,0.,-50.));
#10299=CARTESIAN_POINT('',(50.,0.,0.));
#10300=CARTESIAN_POINT('',(50.,9.,-50.));
#10301=CARTESIAN_POINT('',(50.,0.,-50.));
#10302=CARTESIAN_POINT('',(50.,9.,0.));
#10303=CARTESIAN_POINT('Origin',(2.5,0.,-47.5));
#10304=CARTESIAN_POINT('',(0.899999999999999,9.,-47.5));
#10305=CARTESIAN_POINT('Origin',(2.5,9.,-47.5));
#10306=CARTESIAN_POINT('',(0.899999999999996,0.,-47.5));
#10307=CARTESIAN_POINT('',(0.899999999999996,0.,-47.5));
#10308=CARTESIAN_POINT('Origin',(2.5,0.,-47.5));
#10309=CARTESIAN_POINT('Origin',(47.5,0.,-47.5));
#10310=CARTESIAN_POINT('',(45.9,9.,-47.5));
#10311=CARTESIAN_POINT('Origin',(47.5,9.,-47.5));
#10312=CARTESIAN_POINT('',(45.9,0.,-47.5));
#10313=CARTESIAN_POINT('',(45.9,0.,-47.5));
#10314=CARTESIAN_POINT('Origin',(47.5,0.,-47.5));
#10315=CARTESIAN_POINT('Origin',(2.5,0.,-2.5));
#10316=CARTESIAN_POINT('',(0.899999999999999,9.,-2.5));
#10317=CARTESIAN_POINT('Origin',(2.5,9.,-2.5));
#10318=CARTESIAN_POINT('',(0.899999999999996,0.,-2.5));
#10319=CARTESIAN_POINT('',(0.899999999999996,0.,-2.5));
#10320=CARTESIAN_POINT('Origin',(2.5,0.,-2.5));
#10321=CARTESIAN_POINT('Origin',(47.5,0.,-2.5));
#10322=CARTESIAN_POINT('',(45.9,9.,-2.5));
#10323=CARTESIAN_POINT('Origin',(47.5,9.,-2.5));
#10324=CARTESIAN_POINT('',(45.9,0.,-2.5));
#10325=CARTESIAN_POINT('',(45.9,0.,-2.5));
#10326=CARTESIAN_POINT('Origin',(47.5,0.,-2.5));
#10327=CARTESIAN_POINT('Origin',(50.,0.,-50.));
#10328=CARTESIAN_POINT('',(0.,0.,-50.));
#10329=CARTESIAN_POINT('',(50.,0.,-50.));
#10330=CARTESIAN_POINT('',(0.,9.,-50.));
#10331=CARTESIAN_POINT('',(0.,0.,-50.));
#10332=CARTESIAN_POINT('',(50.,9.,-50.));
#10333=CARTESIAN_POINT('Origin',(0.,0.,0.));
#10334=CARTESIAN_POINT('',(0.,0.,0.));
#10335=CARTESIAN_POINT('',(0.,0.,0.));
#10336=CARTESIAN_POINT('',(0.,9.,0.));
#10337=CARTESIAN_POINT('',(0.,9.,0.));
#10338=CARTESIAN_POINT('',(0.,0.,0.));
#10339=CARTESIAN_POINT('Origin',(0.,0.,-50.));
#10340=CARTESIAN_POINT('',(0.,0.,-50.));
#10341=CARTESIAN_POINT('',(0.,9.,-50.));
#10342=CARTESIAN_POINT('Origin',(25.,9.,-25.));
#10343=CARTESIAN_POINT('Origin',(25.,0.,-25.));
#10344=CARTESIAN_POINT('',(137.57,2.99999999999996,87.55));
#10345=CARTESIAN_POINT('',(0.,0.,0.));
#10346=CARTESIAN_POINT('',(92.5,3.00000000000002,245.));
#10347=CARTESIAN_POINT('',(30.4,3.,9.74999999999999));
#10348=CARTESIAN_POINT('',(-24.3,3.,167.5));
#10349=CARTESIAN_POINT('',(72.5,3.,155.965));
#10350=CARTESIAN_POINT('',(-22.3,3.,92.5));
#10351=CARTESIAN_POINT('',(169.3,3.,117.5));
#10352=UNCERTAINTY_MEASURE_WITH_UNIT(LENGTH_MEASURE(0.01),#10370,
'DISTANCE_ACCURACY_VALUE',
'Maximum model space distance between geometric entities at asserted c
onnectivities');
#10353=UNCERTAINTY_MEASURE_WITH_UNIT(LENGTH_MEASURE(0.01),#10370,
'DISTANCE_ACCURACY_VALUE',
'Maximum model space distance between geometric entities at asserted c
onnectivities');
#10354=UNCERTAINTY_MEASURE_WITH_UNIT(LENGTH_MEASURE(0.01),#10370,
'DISTANCE_ACCURACY_VALUE',
'Maximum model space distance between geometric entities at asserted c
onnectivities');
#10355=UNCERTAINTY_MEASURE_WITH_UNIT(LENGTH_MEASURE(0.01),#10370,
'DISTANCE_ACCURACY_VALUE',
'Maximum model space distance between geometric entities at asserted c
onnectivities');
#10356=UNCERTAINTY_MEASURE_WITH_UNIT(LENGTH_MEASURE(0.01),#10370,
'DISTANCE_ACCURACY_VALUE',
'Maximum model space distance between geometric entities at asserted c
onnectivities');
#10357=UNCERTAINTY_MEASURE_WITH_UNIT(LENGTH_MEASURE(0.01),#10370,
'DISTANCE_ACCURACY_VALUE',
'Maximum model space distance between geometric entities at asserted c
onnectivities');
#10358=UNCERTAINTY_MEASURE_WITH_UNIT(LENGTH_MEASURE(0.01),#10370,
'DISTANCE_ACCURACY_VALUE',
'Maximum model space distance between geometric entities at asserted c
onnectivities');
#10359=UNCERTAINTY_MEASURE_WITH_UNIT(LENGTH_MEASURE(0.01),#10370,
'DISTANCE_ACCURACY_VALUE',
'Maximum model space distance between geometric entities at asserted c
onnectivities');
#10360=UNCERTAINTY_MEASURE_WITH_UNIT(LENGTH_MEASURE(0.01),#10370,
'DISTANCE_ACCURACY_VALUE',
'Maximum model space distance between geometric entities at asserted c
onnectivities');
#10361=(
GEOMETRIC_REPRESENTATION_CONTEXT(3)
GLOBAL_UNCERTAINTY_ASSIGNED_CONTEXT((#10352))
GLOBAL_UNIT_ASSIGNED_CONTEXT((#10370,#10372,#10373))
REPRESENTATION_CONTEXT('','3D')
);
#10362=(
GEOMETRIC_REPRESENTATION_CONTEXT(3)
GLOBAL_UNCERTAINTY_ASSIGNED_CONTEXT((#10353))
GLOBAL_UNIT_ASSIGNED_CONTEXT((#10370,#10372,#10373))
REPRESENTATION_CONTEXT('','3D')
);
#10363=(
GEOMETRIC_REPRESENTATION_CONTEXT(3)
GLOBAL_UNCERTAINTY_ASSIGNED_CONTEXT((#10354))
GLOBAL_UNIT_ASSIGNED_CONTEXT((#10370,#10372,#10373))
REPRESENTATION_CONTEXT('','3D')
);
#10364=(
GEOMETRIC_REPRESENTATION_CONTEXT(3)
GLOBAL_UNCERTAINTY_ASSIGNED_CONTEXT((#10355))
GLOBAL_UNIT_ASSIGNED_CONTEXT((#10370,#10372,#10373))
REPRESENTATION_CONTEXT('','3D')
);
#10365=(
GEOMETRIC_REPRESENTATION_CONTEXT(3)
GLOBAL_UNCERTAINTY_ASSIGNED_CONTEXT((#10356))
GLOBAL_UNIT_ASSIGNED_CONTEXT((#10370,#10372,#10373))
REPRESENTATION_CONTEXT('','3D')
);
#10366=(
GEOMETRIC_REPRESENTATION_CONTEXT(3)
GLOBAL_UNCERTAINTY_ASSIGNED_CONTEXT((#10357))
GLOBAL_UNIT_ASSIGNED_CONTEXT((#10370,#10372,#10373))
REPRESENTATION_CONTEXT('','3D')
);
#10367=(
GEOMETRIC_REPRESENTATION_CONTEXT(3)
GLOBAL_UNCERTAINTY_ASSIGNED_CONTEXT((#10358))
GLOBAL_UNIT_ASSIGNED_CONTEXT((#10370,#10372,#10373))
REPRESENTATION_CONTEXT('','3D')
);
#10368=(
GEOMETRIC_REPRESENTATION_CONTEXT(3)
GLOBAL_UNCERTAINTY_ASSIGNED_CONTEXT((#10359))
GLOBAL_UNIT_ASSIGNED_CONTEXT((#10370,#10372,#10373))
REPRESENTATION_CONTEXT('','3D')
);
#10369=(
GEOMETRIC_REPRESENTATION_CONTEXT(3)
GLOBAL_UNCERTAINTY_ASSIGNED_CONTEXT((#10360))
GLOBAL_UNIT_ASSIGNED_CONTEXT((#10370,#10372,#10373))
REPRESENTATION_CONTEXT('','3D')
);
#10370=(
LENGTH_UNIT()
NAMED_UNIT(*)
SI_UNIT(.MILLI.,.METRE.)
);
#10371=(
LENGTH_UNIT()
NAMED_UNIT(*)
SI_UNIT($,.METRE.)
);
#10372=(
NAMED_UNIT(*)
PLANE_ANGLE_UNIT()
SI_UNIT($,.RADIAN.)
);
#10373=(
NAMED_UNIT(*)
SI_UNIT($,.STERADIAN.)
SOLID_ANGLE_UNIT()
);
#10374=SHAPE_DEFINITION_REPRESENTATION(#10382,#10398);
#10375=SHAPE_DEFINITION_REPRESENTATION(#10383,#10399);
#10376=SHAPE_DEFINITION_REPRESENTATION(#10384,#10400);
#10377=SHAPE_DEFINITION_REPRESENTATION(#10385,#10401);
#10378=SHAPE_DEFINITION_REPRESENTATION(#10386,#10402);
#10379=SHAPE_DEFINITION_REPRESENTATION(#10387,#10403);
#10380=SHAPE_DEFINITION_REPRESENTATION(#10388,#10404);
#10381=SHAPE_DEFINITION_REPRESENTATION(#10389,#10405);
#10382=PRODUCT_DEFINITION_SHAPE('',$,#10407);
#10383=PRODUCT_DEFINITION_SHAPE('',$,#10408);
#10384=PRODUCT_DEFINITION_SHAPE('',$,#10409);
#10385=PRODUCT_DEFINITION_SHAPE('',$,#10410);
#10386=PRODUCT_DEFINITION_SHAPE('',$,#10411);
#10387=PRODUCT_DEFINITION_SHAPE('',$,#10412);
#10388=PRODUCT_DEFINITION_SHAPE('',$,#10413);
#10389=PRODUCT_DEFINITION_SHAPE('',$,#10414);
#10390=PRODUCT_DEFINITION_SHAPE($,$,#35);
#10391=PRODUCT_DEFINITION_SHAPE($,$,#36);
#10392=PRODUCT_DEFINITION_SHAPE($,$,#37);
#10393=PRODUCT_DEFINITION_SHAPE($,$,#38);
#10394=PRODUCT_DEFINITION_SHAPE($,$,#39);
#10395=PRODUCT_DEFINITION_SHAPE($,$,#40);
#10396=PRODUCT_DEFINITION_SHAPE($,$,#41);
#10397=PRODUCT_DEFINITION_SHAPE($,$,#42);
#10398=SHAPE_REPRESENTATION('',(#5928,#6717,#6718,#6719,#6720,#6721,#6722,
#6723,#6724),#10361);
#10399=SHAPE_REPRESENTATION('',(#5929),#10362);
#10400=SHAPE_REPRESENTATION('',(#5953),#10363);
#10401=SHAPE_REPRESENTATION('',(#6610),#10364);
#10402=SHAPE_REPRESENTATION('',(#6631),#10365);
#10403=SHAPE_REPRESENTATION('',(#6654),#10366);
#10404=SHAPE_REPRESENTATION('',(#6673),#10367);
#10405=SHAPE_REPRESENTATION('',(#6692),#10368);
#10406=PRODUCT_DEFINITION_CONTEXT('part definition',#10432,'design');
#10407=PRODUCT_DEFINITION('2026-05-30-15-19-42-500',
'\X2\7B2C4E8C5C4288C5914D56FE\X0\',#10415,#10406);
#10408=PRODUCT_DEFINITION('2026-05-30-01-53-56-205',
'\X2\7535538B68C06D4B6A215757\X0\',#10416,#10406);
#10409=PRODUCT_DEFINITION('2026-05-30-13-28-22-122','\X2\7B2C4E8C5C425E9576D8\X0\',
#10417,#10406);
#10410=PRODUCT_DEFINITION('2026-05-30-02-09-28-784',
'\X2\75356D4168C06D4B6A215757\X0\',#10418,#10406);
#10411=PRODUCT_DEFINITION('2026-05-28-09-32-34-860','\X2\4FDD966976D2\X0\',
#10419,#10406);
#10412=PRODUCT_DEFINITION('2026-05-28-15-09-42-429','STM32',#10420,#10406);
#10413=PRODUCT_DEFINITION('2026-05-28-15-22-03-641','\X2\63A75236652F8DEF\X0\D
CDC',#10421,#10406);
#10414=PRODUCT_DEFINITION('2026-05-28-00-46-10-485','\X2\75359A71\X0\',
#10422,#10406);
#10415=PRODUCT_DEFINITION_FORMATION('',$,#10434);
#10416=PRODUCT_DEFINITION_FORMATION('',$,#10435);
#10417=PRODUCT_DEFINITION_FORMATION('',$,#10436);
#10418=PRODUCT_DEFINITION_FORMATION('',$,#10437);
#10419=PRODUCT_DEFINITION_FORMATION('',$,#10438);
#10420=PRODUCT_DEFINITION_FORMATION('',$,#10439);
#10421=PRODUCT_DEFINITION_FORMATION('',$,#10440);
#10422=PRODUCT_DEFINITION_FORMATION('',$,#10441);
#10423=PRODUCT_RELATED_PRODUCT_CATEGORY('\X2\7B2C4E8C5C4288C5914D56FE\X0\',
'\X2\7B2C4E8C5C4288C5914D56FE\X0\',(#10434));
#10424=PRODUCT_RELATED_PRODUCT_CATEGORY('\X2\7535538B68C06D4B6A215757\X0\',
'\X2\7535538B68C06D4B6A215757\X0\',(#10435));
#10425=PRODUCT_RELATED_PRODUCT_CATEGORY('\X2\7B2C4E8C5C425E9576D8\X0\',
'\X2\7B2C4E8C5C425E9576D8\X0\',(#10436));
#10426=PRODUCT_RELATED_PRODUCT_CATEGORY('\X2\75356D4168C06D4B6A215757\X0\',
'\X2\75356D4168C06D4B6A215757\X0\',(#10437));
#10427=PRODUCT_RELATED_PRODUCT_CATEGORY('\X2\4FDD966976D2\X0\',
'\X2\4FDD966976D2\X0\',(#10438));
#10428=PRODUCT_RELATED_PRODUCT_CATEGORY('STM32','STM32',(#10439));
#10429=PRODUCT_RELATED_PRODUCT_CATEGORY('\X2\63A75236652F8DEF\X0\DCDC',
'\X2\63A75236652F8DEF\X0\DCDC',(#10440));
#10430=PRODUCT_RELATED_PRODUCT_CATEGORY('\X2\75359A71\X0\','\X2\75359A71\X0\',
(#10441));
#10431=APPLICATION_PROTOCOL_DEFINITION('international standard',
'automotive_design',2009,#10432);
#10432=APPLICATION_CONTEXT(
'Core Data for Automotive Mechanical Design Process');
#10433=PRODUCT_CONTEXT('part definition',#10432,'mechanical');
#10434=PRODUCT('2026-05-30-15-19-42-500','\X2\7B2C4E8C5C4288C5914D56FE\X0\',
$,(#10433));
#10435=PRODUCT('2026-05-30-01-53-56-205','\X2\7535538B68C06D4B6A215757\X0\',
$,(#10433));
#10436=PRODUCT('2026-05-30-13-28-22-122','\X2\7B2C4E8C5C425E9576D8\X0\',
$,(#10433));
#10437=PRODUCT('2026-05-30-02-09-28-784','\X2\75356D4168C06D4B6A215757\X0\',
$,(#10433));
#10438=PRODUCT('2026-05-28-09-32-34-860','\X2\4FDD966976D2\X0\',$,(#10433));
#10439=PRODUCT('2026-05-28-15-09-42-429','STM32',$,(#10433));
#10440=PRODUCT('2026-05-28-15-22-03-641','\X2\63A75236652F8DEF\X0\DCDC',
$,(#10433));
#10441=PRODUCT('2026-05-28-00-46-10-485','\X2\75359A71\X0\',$,(#10433));
#10442=PRESENTATION_STYLE_ASSIGNMENT((#10443));
#10443=SURFACE_STYLE_USAGE(.BOTH.,#10444);
#10444=SURFACE_SIDE_STYLE('',(#10445));
#10445=SURFACE_STYLE_FILL_AREA(#10446);
#10446=FILL_AREA_STYLE('\X2\94A2\X0\ - \X2\7F0E5149\X0\',(#10447));
#10447=FILL_AREA_STYLE_COLOUR('\X2\94A2\X0\ - \X2\7F0E5149\X0\',#10448);
#10448=COLOUR_RGB('\X2\94A2\X0\ - \X2\7F0E5149\X0\',0.627450980392157,0.627450980392157,
0.627450980392157);
ENDSEC;
END-ISO-10303-21;
