ISO-10303-21;
HEADER;
/* Generated by software containing ST-Developer
 * from STEP Tools, Inc. (www.steptools.com) 
 */

FILE_DESCRIPTION(
/* description */ (''),
/* implementation_level */ '2;1');

FILE_NAME(
/* name */ '',
/* time_stamp */ '2026-06-02T00:42:14+08:00',
/* author */ (''),
/* organization */ (''),
/* preprocessor_version */ 'ST-DEVELOPER v20.1',
/* originating_system */ 'Autodesk Translation Framework v15.8.0.0',
/* authorisation */ '');

FILE_SCHEMA (('AUTOMOTIVE_DESIGN { 1 0 10303 214 3 1 1 }'));
ENDSEC;

DATA;
#10=MECHANICAL_DESIGN_GEOMETRIC_PRESENTATION_REPRESENTATION('',(#13),#4439);
#11=SHAPE_REPRESENTATION_RELATIONSHIP('SRR','None',#4446,#12);
#12=ADVANCED_BREP_SHAPE_REPRESENTATION('',(#14),#4438);
#13=STYLED_ITEM('',(#4455),#14);
#14=MANIFOLD_SOLID_BREP('\X2\5B9E4F53\X0\1',#2491);
#15=FACE_BOUND('',#368,.T.);
#16=FACE_BOUND('',#369,.T.);
#17=FACE_BOUND('',#370,.T.);
#18=FACE_BOUND('',#371,.T.);
#19=FACE_BOUND('',#372,.T.);
#20=FACE_BOUND('',#373,.T.);
#21=FACE_BOUND('',#374,.T.);
#22=FACE_BOUND('',#375,.T.);
#23=FACE_BOUND('',#376,.T.);
#24=FACE_BOUND('',#377,.T.);
#25=FACE_BOUND('',#378,.T.);
#26=FACE_BOUND('',#379,.T.);
#27=FACE_BOUND('',#380,.T.);
#28=FACE_BOUND('',#381,.T.);
#29=FACE_BOUND('',#382,.T.);
#30=FACE_BOUND('',#383,.T.);
#31=FACE_BOUND('',#384,.T.);
#32=FACE_BOUND('',#385,.T.);
#33=FACE_BOUND('',#386,.T.);
#34=FACE_BOUND('',#387,.T.);
#35=FACE_BOUND('',#388,.T.);
#36=FACE_BOUND('',#389,.T.);
#37=FACE_BOUND('',#390,.T.);
#38=FACE_BOUND('',#391,.T.);
#39=FACE_BOUND('',#392,.T.);
#40=FACE_BOUND('',#393,.T.);
#41=FACE_BOUND('',#394,.T.);
#42=FACE_BOUND('',#395,.T.);
#43=FACE_BOUND('',#396,.T.);
#44=FACE_BOUND('',#397,.T.);
#45=FACE_BOUND('',#398,.T.);
#46=FACE_BOUND('',#399,.T.);
#47=FACE_BOUND('',#447,.T.);
#48=FACE_BOUND('',#448,.T.);
#49=FACE_BOUND('',#449,.T.);
#50=FACE_BOUND('',#450,.T.);
#51=FACE_BOUND('',#451,.T.);
#52=FACE_BOUND('',#452,.T.);
#53=FACE_BOUND('',#453,.T.);
#54=FACE_BOUND('',#454,.T.);
#55=FACE_BOUND('',#455,.T.);
#56=FACE_BOUND('',#456,.T.);
#57=FACE_BOUND('',#457,.T.);
#58=FACE_BOUND('',#458,.T.);
#59=FACE_BOUND('',#459,.T.);
#60=FACE_BOUND('',#460,.T.);
#61=FACE_BOUND('',#461,.T.);
#62=FACE_BOUND('',#462,.T.);
#63=FACE_BOUND('',#463,.T.);
#64=FACE_BOUND('',#464,.T.);
#65=FACE_BOUND('',#465,.T.);
#66=FACE_BOUND('',#466,.T.);
#67=FACE_BOUND('',#467,.T.);
#68=FACE_BOUND('',#468,.T.);
#69=FACE_BOUND('',#469,.T.);
#70=FACE_BOUND('',#470,.T.);
#71=FACE_BOUND('',#471,.T.);
#72=FACE_BOUND('',#472,.T.);
#73=FACE_BOUND('',#473,.T.);
#74=FACE_BOUND('',#474,.T.);
#75=FACE_BOUND('',#475,.T.);
#76=FACE_BOUND('',#476,.T.);
#77=FACE_BOUND('',#477,.T.);
#78=FACE_BOUND('',#478,.T.);
#79=TOROIDAL_SURFACE('',#2597,3.5,0.5);
#80=TOROIDAL_SURFACE('',#2604,3.5,0.5);
#81=TOROIDAL_SURFACE('',#2608,2.5,0.5);
#82=TOROIDAL_SURFACE('',#2614,9.5,0.5);
#83=TOROIDAL_SURFACE('',#2620,9.5,0.5);
#84=TOROIDAL_SURFACE('',#2626,2.5,0.5);
#85=TOROIDAL_SURFACE('',#2630,3.5,0.5);
#86=TOROIDAL_SURFACE('',#2636,3.5,0.5);
#87=TOROIDAL_SURFACE('',#2640,2.5,0.5);
#88=TOROIDAL_SURFACE('',#2646,2.5,0.5);
#89=TOROIDAL_SURFACE('',#2650,3.5,0.5);
#90=TOROIDAL_SURFACE('',#2656,3.5,0.5);
#91=TOROIDAL_SURFACE('',#2660,2.5,0.5);
#92=TOROIDAL_SURFACE('',#2666,9.5,0.5);
#93=TOROIDAL_SURFACE('',#2672,9.5,0.5);
#94=TOROIDAL_SURFACE('',#2678,2.5,0.5);
#95=TOROIDAL_SURFACE('',#2682,3.5,0.5);
#96=TOROIDAL_SURFACE('',#2688,3.5,0.5);
#97=TOROIDAL_SURFACE('',#2692,2.5,0.5);
#98=TOROIDAL_SURFACE('',#2698,2.5,0.5);
#99=TOROIDAL_SURFACE('',#2736,2.5,0.5);
#100=TOROIDAL_SURFACE('',#2742,2.5,0.5);
#101=TOROIDAL_SURFACE('',#2745,3.5,0.5);
#102=TOROIDAL_SURFACE('',#2750,3.5,0.5);
#103=TOROIDAL_SURFACE('',#2753,2.5,0.5);
#104=TOROIDAL_SURFACE('',#2758,9.5,0.5);
#105=TOROIDAL_SURFACE('',#2763,9.5,0.5);
#106=TOROIDAL_SURFACE('',#2768,2.5,0.5);
#107=TOROIDAL_SURFACE('',#2771,3.5,0.5);
#108=TOROIDAL_SURFACE('',#2776,3.5,0.5);
#109=TOROIDAL_SURFACE('',#2780,2.5,0.5);
#110=TOROIDAL_SURFACE('',#2786,2.5,0.5);
#111=TOROIDAL_SURFACE('',#2790,3.5,0.5);
#112=TOROIDAL_SURFACE('',#2796,3.5,0.5);
#113=TOROIDAL_SURFACE('',#2800,2.5,0.5);
#114=TOROIDAL_SURFACE('',#2806,9.5,0.5);
#115=TOROIDAL_SURFACE('',#2812,9.5,0.5);
#116=TOROIDAL_SURFACE('',#2818,2.5,0.5);
#117=TOROIDAL_SURFACE('',#2822,3.5,0.5);
#118=TOROIDAL_SURFACE('',#2828,3.5,0.5);
#119=PLANE('',#2541);
#120=PLANE('',#2545);
#121=PLANE('',#2549);
#122=PLANE('',#2553);
#123=PLANE('',#2557);
#124=PLANE('',#2561);
#125=PLANE('',#2565);
#126=PLANE('',#2569);
#127=PLANE('',#2701);
#128=PLANE('',#2706);
#129=PLANE('',#2709);
#130=PLANE('',#2712);
#131=PLANE('',#2717);
#132=PLANE('',#2722);
#133=PLANE('',#2727);
#134=PLANE('',#2830);
#135=PLANE('',#2833);
#136=PLANE('',#2836);
#137=PLANE('',#2838);
#138=PLANE('',#2840);
#139=PLANE('',#2843);
#140=PLANE('',#2844);
#141=FACE_OUTER_BOUND('',#283,.T.);
#142=FACE_OUTER_BOUND('',#284,.T.);
#143=FACE_OUTER_BOUND('',#285,.T.);
#144=FACE_OUTER_BOUND('',#286,.T.);
#145=FACE_OUTER_BOUND('',#287,.T.);
#146=FACE_OUTER_BOUND('',#288,.T.);
#147=FACE_OUTER_BOUND('',#289,.T.);
#148=FACE_OUTER_BOUND('',#290,.T.);
#149=FACE_OUTER_BOUND('',#291,.T.);
#150=FACE_OUTER_BOUND('',#292,.T.);
#151=FACE_OUTER_BOUND('',#293,.T.);
#152=FACE_OUTER_BOUND('',#294,.T.);
#153=FACE_OUTER_BOUND('',#295,.T.);
#154=FACE_OUTER_BOUND('',#296,.T.);
#155=FACE_OUTER_BOUND('',#297,.T.);
#156=FACE_OUTER_BOUND('',#298,.T.);
#157=FACE_OUTER_BOUND('',#299,.T.);
#158=FACE_OUTER_BOUND('',#300,.T.);
#159=FACE_OUTER_BOUND('',#301,.T.);
#160=FACE_OUTER_BOUND('',#302,.T.);
#161=FACE_OUTER_BOUND('',#303,.T.);
#162=FACE_OUTER_BOUND('',#304,.T.);
#163=FACE_OUTER_BOUND('',#305,.T.);
#164=FACE_OUTER_BOUND('',#306,.T.);
#165=FACE_OUTER_BOUND('',#307,.T.);
#166=FACE_OUTER_BOUND('',#308,.T.);
#167=FACE_OUTER_BOUND('',#309,.T.);
#168=FACE_OUTER_BOUND('',#310,.T.);
#169=FACE_OUTER_BOUND('',#311,.T.);
#170=FACE_OUTER_BOUND('',#312,.T.);
#171=FACE_OUTER_BOUND('',#313,.T.);
#172=FACE_OUTER_BOUND('',#314,.T.);
#173=FACE_OUTER_BOUND('',#315,.T.);
#174=FACE_OUTER_BOUND('',#316,.T.);
#175=FACE_OUTER_BOUND('',#317,.T.);
#176=FACE_OUTER_BOUND('',#318,.T.);
#177=FACE_OUTER_BOUND('',#319,.T.);
#178=FACE_OUTER_BOUND('',#320,.T.);
#179=FACE_OUTER_BOUND('',#321,.T.);
#180=FACE_OUTER_BOUND('',#322,.T.);
#181=FACE_OUTER_BOUND('',#323,.T.);
#182=FACE_OUTER_BOUND('',#324,.T.);
#183=FACE_OUTER_BOUND('',#325,.T.);
#184=FACE_OUTER_BOUND('',#326,.T.);
#185=FACE_OUTER_BOUND('',#327,.T.);
#186=FACE_OUTER_BOUND('',#328,.T.);
#187=FACE_OUTER_BOUND('',#329,.T.);
#188=FACE_OUTER_BOUND('',#330,.T.);
#189=FACE_OUTER_BOUND('',#331,.T.);
#190=FACE_OUTER_BOUND('',#332,.T.);
#191=FACE_OUTER_BOUND('',#333,.T.);
#192=FACE_OUTER_BOUND('',#334,.T.);
#193=FACE_OUTER_BOUND('',#335,.T.);
#194=FACE_OUTER_BOUND('',#336,.T.);
#195=FACE_OUTER_BOUND('',#337,.T.);
#196=FACE_OUTER_BOUND('',#338,.T.);
#197=FACE_OUTER_BOUND('',#339,.T.);
#198=FACE_OUTER_BOUND('',#340,.T.);
#199=FACE_OUTER_BOUND('',#341,.T.);
#200=FACE_OUTER_BOUND('',#342,.T.);
#201=FACE_OUTER_BOUND('',#343,.T.);
#202=FACE_OUTER_BOUND('',#344,.T.);
#203=FACE_OUTER_BOUND('',#345,.T.);
#204=FACE_OUTER_BOUND('',#346,.T.);
#205=FACE_OUTER_BOUND('',#347,.T.);
#206=FACE_OUTER_BOUND('',#348,.T.);
#207=FACE_OUTER_BOUND('',#349,.T.);
#208=FACE_OUTER_BOUND('',#350,.T.);
#209=FACE_OUTER_BOUND('',#351,.T.);
#210=FACE_OUTER_BOUND('',#352,.T.);
#211=FACE_OUTER_BOUND('',#353,.T.);
#212=FACE_OUTER_BOUND('',#354,.T.);
#213=FACE_OUTER_BOUND('',#355,.T.);
#214=FACE_OUTER_BOUND('',#356,.T.);
#215=FACE_OUTER_BOUND('',#357,.T.);
#216=FACE_OUTER_BOUND('',#358,.T.);
#217=FACE_OUTER_BOUND('',#359,.T.);
#218=FACE_OUTER_BOUND('',#360,.T.);
#219=FACE_OUTER_BOUND('',#361,.T.);
#220=FACE_OUTER_BOUND('',#362,.T.);
#221=FACE_OUTER_BOUND('',#363,.T.);
#222=FACE_OUTER_BOUND('',#364,.T.);
#223=FACE_OUTER_BOUND('',#365,.T.);
#224=FACE_OUTER_BOUND('',#366,.T.);
#225=FACE_OUTER_BOUND('',#367,.T.);
#226=FACE_OUTER_BOUND('',#400,.T.);
#227=FACE_OUTER_BOUND('',#401,.T.);
#228=FACE_OUTER_BOUND('',#402,.T.);
#229=FACE_OUTER_BOUND('',#403,.T.);
#230=FACE_OUTER_BOUND('',#404,.T.);
#231=FACE_OUTER_BOUND('',#405,.T.);
#232=FACE_OUTER_BOUND('',#406,.T.);
#233=FACE_OUTER_BOUND('',#407,.T.);
#234=FACE_OUTER_BOUND('',#408,.T.);
#235=FACE_OUTER_BOUND('',#409,.T.);
#236=FACE_OUTER_BOUND('',#410,.T.);
#237=FACE_OUTER_BOUND('',#411,.T.);
#238=FACE_OUTER_BOUND('',#412,.T.);
#239=FACE_OUTER_BOUND('',#413,.T.);
#240=FACE_OUTER_BOUND('',#414,.T.);
#241=FACE_OUTER_BOUND('',#415,.T.);
#242=FACE_OUTER_BOUND('',#416,.T.);
#243=FACE_OUTER_BOUND('',#417,.T.);
#244=FACE_OUTER_BOUND('',#418,.T.);
#245=FACE_OUTER_BOUND('',#419,.T.);
#246=FACE_OUTER_BOUND('',#420,.T.);
#247=FACE_OUTER_BOUND('',#421,.T.);
#248=FACE_OUTER_BOUND('',#422,.T.);
#249=FACE_OUTER_BOUND('',#423,.T.);
#250=FACE_OUTER_BOUND('',#424,.T.);
#251=FACE_OUTER_BOUND('',#425,.T.);
#252=FACE_OUTER_BOUND('',#426,.T.);
#253=FACE_OUTER_BOUND('',#427,.T.);
#254=FACE_OUTER_BOUND('',#428,.T.);
#255=FACE_OUTER_BOUND('',#429,.T.);
#256=FACE_OUTER_BOUND('',#430,.T.);
#257=FACE_OUTER_BOUND('',#431,.T.);
#258=FACE_OUTER_BOUND('',#432,.T.);
#259=FACE_OUTER_BOUND('',#433,.T.);
#260=FACE_OUTER_BOUND('',#434,.T.);
#261=FACE_OUTER_BOUND('',#435,.T.);
#262=FACE_OUTER_BOUND('',#436,.T.);
#263=FACE_OUTER_BOUND('',#437,.T.);
#264=FACE_OUTER_BOUND('',#438,.T.);
#265=FACE_OUTER_BOUND('',#439,.T.);
#266=FACE_OUTER_BOUND('',#440,.T.);
#267=FACE_OUTER_BOUND('',#441,.T.);
#268=FACE_OUTER_BOUND('',#442,.T.);
#269=FACE_OUTER_BOUND('',#443,.T.);
#270=FACE_OUTER_BOUND('',#444,.T.);
#271=FACE_OUTER_BOUND('',#445,.T.);
#272=FACE_OUTER_BOUND('',#446,.T.);
#273=FACE_OUTER_BOUND('',#479,.T.);
#274=FACE_OUTER_BOUND('',#480,.T.);
#275=FACE_OUTER_BOUND('',#481,.T.);
#276=FACE_OUTER_BOUND('',#482,.T.);
#277=FACE_OUTER_BOUND('',#483,.T.);
#278=FACE_OUTER_BOUND('',#484,.T.);
#279=FACE_OUTER_BOUND('',#485,.T.);
#280=FACE_OUTER_BOUND('',#486,.T.);
#281=FACE_OUTER_BOUND('',#487,.T.);
#282=FACE_OUTER_BOUND('',#488,.T.);
#283=EDGE_LOOP('',(#1557,#1558,#1559,#1560));
#284=EDGE_LOOP('',(#1561,#1562,#1563,#1564));
#285=EDGE_LOOP('',(#1565,#1566,#1567,#1568));
#286=EDGE_LOOP('',(#1569,#1570,#1571,#1572));
#287=EDGE_LOOP('',(#1573,#1574,#1575,#1576));
#288=EDGE_LOOP('',(#1577,#1578,#1579,#1580));
#289=EDGE_LOOP('',(#1581,#1582,#1583,#1584));
#290=EDGE_LOOP('',(#1585,#1586,#1587,#1588));
#291=EDGE_LOOP('',(#1589,#1590,#1591,#1592));
#292=EDGE_LOOP('',(#1593,#1594,#1595,#1596));
#293=EDGE_LOOP('',(#1597,#1598,#1599,#1600));
#294=EDGE_LOOP('',(#1601,#1602,#1603,#1604));
#295=EDGE_LOOP('',(#1605,#1606,#1607,#1608));
#296=EDGE_LOOP('',(#1609,#1610,#1611,#1612));
#297=EDGE_LOOP('',(#1613,#1614,#1615,#1616));
#298=EDGE_LOOP('',(#1617,#1618,#1619,#1620));
#299=EDGE_LOOP('',(#1621,#1622,#1623,#1624));
#300=EDGE_LOOP('',(#1625,#1626,#1627,#1628));
#301=EDGE_LOOP('',(#1629,#1630,#1631,#1632));
#302=EDGE_LOOP('',(#1633,#1634,#1635,#1636));
#303=EDGE_LOOP('',(#1637,#1638,#1639,#1640));
#304=EDGE_LOOP('',(#1641,#1642,#1643,#1644));
#305=EDGE_LOOP('',(#1645,#1646,#1647,#1648));
#306=EDGE_LOOP('',(#1649,#1650,#1651,#1652));
#307=EDGE_LOOP('',(#1653,#1654,#1655,#1656));
#308=EDGE_LOOP('',(#1657,#1658,#1659,#1660));
#309=EDGE_LOOP('',(#1661,#1662,#1663,#1664));
#310=EDGE_LOOP('',(#1665,#1666,#1667,#1668));
#311=EDGE_LOOP('',(#1669,#1670,#1671,#1672));
#312=EDGE_LOOP('',(#1673,#1674,#1675,#1676));
#313=EDGE_LOOP('',(#1677,#1678,#1679,#1680));
#314=EDGE_LOOP('',(#1681,#1682,#1683,#1684));
#315=EDGE_LOOP('',(#1685,#1686,#1687,#1688));
#316=EDGE_LOOP('',(#1689,#1690,#1691,#1692));
#317=EDGE_LOOP('',(#1693,#1694,#1695,#1696));
#318=EDGE_LOOP('',(#1697,#1698,#1699,#1700));
#319=EDGE_LOOP('',(#1701,#1702,#1703,#1704));
#320=EDGE_LOOP('',(#1705,#1706,#1707,#1708));
#321=EDGE_LOOP('',(#1709,#1710,#1711,#1712));
#322=EDGE_LOOP('',(#1713,#1714,#1715,#1716));
#323=EDGE_LOOP('',(#1717,#1718,#1719,#1720));
#324=EDGE_LOOP('',(#1721,#1722,#1723,#1724));
#325=EDGE_LOOP('',(#1725,#1726,#1727,#1728));
#326=EDGE_LOOP('',(#1729,#1730,#1731,#1732));
#327=EDGE_LOOP('',(#1733,#1734,#1735,#1736));
#328=EDGE_LOOP('',(#1737,#1738,#1739,#1740));
#329=EDGE_LOOP('',(#1741,#1742,#1743,#1744));
#330=EDGE_LOOP('',(#1745,#1746,#1747,#1748));
#331=EDGE_LOOP('',(#1749,#1750,#1751,#1752));
#332=EDGE_LOOP('',(#1753,#1754,#1755,#1756));
#333=EDGE_LOOP('',(#1757,#1758,#1759,#1760));
#334=EDGE_LOOP('',(#1761,#1762,#1763,#1764));
#335=EDGE_LOOP('',(#1765,#1766,#1767,#1768));
#336=EDGE_LOOP('',(#1769,#1770,#1771,#1772));
#337=EDGE_LOOP('',(#1773,#1774,#1775,#1776));
#338=EDGE_LOOP('',(#1777,#1778,#1779,#1780));
#339=EDGE_LOOP('',(#1781,#1782,#1783,#1784));
#340=EDGE_LOOP('',(#1785,#1786,#1787,#1788));
#341=EDGE_LOOP('',(#1789,#1790,#1791,#1792));
#342=EDGE_LOOP('',(#1793,#1794,#1795,#1796));
#343=EDGE_LOOP('',(#1797,#1798,#1799,#1800));
#344=EDGE_LOOP('',(#1801,#1802,#1803,#1804));
#345=EDGE_LOOP('',(#1805,#1806,#1807,#1808));
#346=EDGE_LOOP('',(#1809,#1810,#1811,#1812));
#347=EDGE_LOOP('',(#1813,#1814,#1815,#1816));
#348=EDGE_LOOP('',(#1817,#1818,#1819,#1820));
#349=EDGE_LOOP('',(#1821,#1822,#1823,#1824));
#350=EDGE_LOOP('',(#1825,#1826,#1827,#1828));
#351=EDGE_LOOP('',(#1829,#1830,#1831,#1832));
#352=EDGE_LOOP('',(#1833,#1834,#1835,#1836));
#353=EDGE_LOOP('',(#1837,#1838,#1839,#1840));
#354=EDGE_LOOP('',(#1841,#1842,#1843,#1844));
#355=EDGE_LOOP('',(#1845,#1846,#1847,#1848));
#356=EDGE_LOOP('',(#1849,#1850,#1851,#1852));
#357=EDGE_LOOP('',(#1853,#1854,#1855,#1856));
#358=EDGE_LOOP('',(#1857,#1858,#1859,#1860));
#359=EDGE_LOOP('',(#1861,#1862,#1863,#1864));
#360=EDGE_LOOP('',(#1865,#1866,#1867,#1868));
#361=EDGE_LOOP('',(#1869,#1870,#1871,#1872));
#362=EDGE_LOOP('',(#1873,#1874,#1875,#1876));
#363=EDGE_LOOP('',(#1877,#1878,#1879,#1880));
#364=EDGE_LOOP('',(#1881,#1882,#1883,#1884));
#365=EDGE_LOOP('',(#1885,#1886,#1887,#1888));
#366=EDGE_LOOP('',(#1889,#1890,#1891,#1892));
#367=EDGE_LOOP('',(#1893,#1894,#1895,#1896,#1897,#1898,#1899,#1900,#1901,
#1902,#1903,#1904,#1905,#1906,#1907,#1908,#1909,#1910,#1911,#1912,#1913,
#1914,#1915,#1916,#1917,#1918,#1919,#1920,#1921,#1922,#1923,#1924));
#368=EDGE_LOOP('',(#1925,#1926,#1927,#1928));
#369=EDGE_LOOP('',(#1929,#1930,#1931,#1932));
#370=EDGE_LOOP('',(#1933,#1934,#1935,#1936));
#371=EDGE_LOOP('',(#1937,#1938,#1939,#1940));
#372=EDGE_LOOP('',(#1941));
#373=EDGE_LOOP('',(#1942));
#374=EDGE_LOOP('',(#1943));
#375=EDGE_LOOP('',(#1944));
#376=EDGE_LOOP('',(#1945));
#377=EDGE_LOOP('',(#1946));
#378=EDGE_LOOP('',(#1947));
#379=EDGE_LOOP('',(#1948));
#380=EDGE_LOOP('',(#1949));
#381=EDGE_LOOP('',(#1950));
#382=EDGE_LOOP('',(#1951));
#383=EDGE_LOOP('',(#1952));
#384=EDGE_LOOP('',(#1953));
#385=EDGE_LOOP('',(#1954));
#386=EDGE_LOOP('',(#1955));
#387=EDGE_LOOP('',(#1956));
#388=EDGE_LOOP('',(#1957));
#389=EDGE_LOOP('',(#1958));
#390=EDGE_LOOP('',(#1959));
#391=EDGE_LOOP('',(#1960));
#392=EDGE_LOOP('',(#1961));
#393=EDGE_LOOP('',(#1962));
#394=EDGE_LOOP('',(#1963));
#395=EDGE_LOOP('',(#1964));
#396=EDGE_LOOP('',(#1965));
#397=EDGE_LOOP('',(#1966));
#398=EDGE_LOOP('',(#1967));
#399=EDGE_LOOP('',(#1968));
#400=EDGE_LOOP('',(#1969,#1970,#1971,#1972));
#401=EDGE_LOOP('',(#1973,#1974,#1975,#1976));
#402=EDGE_LOOP('',(#1977,#1978,#1979,#1980));
#403=EDGE_LOOP('',(#1981,#1982,#1983,#1984));
#404=EDGE_LOOP('',(#1985,#1986,#1987,#1988));
#405=EDGE_LOOP('',(#1989,#1990,#1991,#1992));
#406=EDGE_LOOP('',(#1993,#1994,#1995,#1996));
#407=EDGE_LOOP('',(#1997,#1998,#1999,#2000));
#408=EDGE_LOOP('',(#2001,#2002,#2003,#2004));
#409=EDGE_LOOP('',(#2005,#2006,#2007,#2008));
#410=EDGE_LOOP('',(#2009,#2010,#2011,#2012));
#411=EDGE_LOOP('',(#2013,#2014,#2015,#2016));
#412=EDGE_LOOP('',(#2017,#2018,#2019,#2020));
#413=EDGE_LOOP('',(#2021,#2022,#2023,#2024));
#414=EDGE_LOOP('',(#2025,#2026,#2027,#2028));
#415=EDGE_LOOP('',(#2029,#2030,#2031,#2032));
#416=EDGE_LOOP('',(#2033,#2034,#2035,#2036));
#417=EDGE_LOOP('',(#2037,#2038,#2039,#2040));
#418=EDGE_LOOP('',(#2041,#2042,#2043,#2044));
#419=EDGE_LOOP('',(#2045,#2046,#2047,#2048));
#420=EDGE_LOOP('',(#2049,#2050,#2051,#2052));
#421=EDGE_LOOP('',(#2053,#2054,#2055,#2056));
#422=EDGE_LOOP('',(#2057,#2058,#2059,#2060));
#423=EDGE_LOOP('',(#2061,#2062,#2063,#2064));
#424=EDGE_LOOP('',(#2065,#2066,#2067,#2068));
#425=EDGE_LOOP('',(#2069,#2070,#2071,#2072));
#426=EDGE_LOOP('',(#2073,#2074,#2075,#2076));
#427=EDGE_LOOP('',(#2077,#2078,#2079,#2080));
#428=EDGE_LOOP('',(#2081,#2082,#2083,#2084));
#429=EDGE_LOOP('',(#2085,#2086,#2087,#2088));
#430=EDGE_LOOP('',(#2089,#2090,#2091,#2092));
#431=EDGE_LOOP('',(#2093,#2094,#2095,#2096));
#432=EDGE_LOOP('',(#2097,#2098,#2099,#2100));
#433=EDGE_LOOP('',(#2101,#2102,#2103,#2104));
#434=EDGE_LOOP('',(#2105,#2106,#2107,#2108));
#435=EDGE_LOOP('',(#2109,#2110,#2111,#2112));
#436=EDGE_LOOP('',(#2113,#2114,#2115,#2116));
#437=EDGE_LOOP('',(#2117,#2118,#2119,#2120));
#438=EDGE_LOOP('',(#2121,#2122,#2123,#2124));
#439=EDGE_LOOP('',(#2125,#2126,#2127,#2128));
#440=EDGE_LOOP('',(#2129,#2130,#2131,#2132));
#441=EDGE_LOOP('',(#2133,#2134,#2135,#2136));
#442=EDGE_LOOP('',(#2137,#2138,#2139,#2140));
#443=EDGE_LOOP('',(#2141,#2142,#2143,#2144));
#444=EDGE_LOOP('',(#2145,#2146,#2147,#2148));
#445=EDGE_LOOP('',(#2149,#2150,#2151,#2152));
#446=EDGE_LOOP('',(#2153,#2154,#2155,#2156,#2157,#2158,#2159,#2160,#2161,
#2162,#2163,#2164,#2165,#2166,#2167,#2168,#2169,#2170,#2171,#2172,#2173,
#2174,#2175,#2176,#2177,#2178,#2179,#2180,#2181,#2182,#2183,#2184));
#447=EDGE_LOOP('',(#2185,#2186,#2187,#2188));
#448=EDGE_LOOP('',(#2189,#2190,#2191,#2192));
#449=EDGE_LOOP('',(#2193,#2194,#2195,#2196));
#450=EDGE_LOOP('',(#2197,#2198,#2199,#2200));
#451=EDGE_LOOP('',(#2201));
#452=EDGE_LOOP('',(#2202));
#453=EDGE_LOOP('',(#2203));
#454=EDGE_LOOP('',(#2204));
#455=EDGE_LOOP('',(#2205));
#456=EDGE_LOOP('',(#2206));
#457=EDGE_LOOP('',(#2207));
#458=EDGE_LOOP('',(#2208));
#459=EDGE_LOOP('',(#2209));
#460=EDGE_LOOP('',(#2210));
#461=EDGE_LOOP('',(#2211));
#462=EDGE_LOOP('',(#2212));
#463=EDGE_LOOP('',(#2213));
#464=EDGE_LOOP('',(#2214));
#465=EDGE_LOOP('',(#2215));
#466=EDGE_LOOP('',(#2216));
#467=EDGE_LOOP('',(#2217));
#468=EDGE_LOOP('',(#2218));
#469=EDGE_LOOP('',(#2219));
#470=EDGE_LOOP('',(#2220));
#471=EDGE_LOOP('',(#2221));
#472=EDGE_LOOP('',(#2222));
#473=EDGE_LOOP('',(#2223));
#474=EDGE_LOOP('',(#2224));
#475=EDGE_LOOP('',(#2225));
#476=EDGE_LOOP('',(#2226));
#477=EDGE_LOOP('',(#2227));
#478=EDGE_LOOP('',(#2228));
#479=EDGE_LOOP('',(#2229,#2230,#2231,#2232));
#480=EDGE_LOOP('',(#2233,#2234,#2235,#2236));
#481=EDGE_LOOP('',(#2237,#2238,#2239,#2240));
#482=EDGE_LOOP('',(#2241,#2242,#2243,#2244));
#483=EDGE_LOOP('',(#2245,#2246,#2247,#2248));
#484=EDGE_LOOP('',(#2249,#2250,#2251,#2252));
#485=EDGE_LOOP('',(#2253,#2254,#2255,#2256));
#486=EDGE_LOOP('',(#2257,#2258,#2259,#2260));
#487=EDGE_LOOP('',(#2261,#2262,#2263,#2264));
#488=EDGE_LOOP('',(#2265,#2266,#2267,#2268));
#489=LINE('',#3726,#629);
#490=LINE('',#3732,#630);
#491=LINE('',#3738,#631);
#492=LINE('',#3744,#632);
#493=LINE('',#3750,#633);
#494=LINE('',#3756,#634);
#495=LINE('',#3762,#635);
#496=LINE('',#3768,#636);
#497=LINE('',#3774,#637);
#498=LINE('',#3780,#638);
#499=LINE('',#3786,#639);
#500=LINE('',#3792,#640);
#501=LINE('',#3797,#641);
#502=LINE('',#3799,#642);
#503=LINE('',#3801,#643);
#504=LINE('',#3802,#644);
#505=LINE('',#3808,#645);
#506=LINE('',#3811,#646);
#507=LINE('',#3813,#647);
#508=LINE('',#3814,#648);
#509=LINE('',#3821,#649);
#510=LINE('',#3823,#650);
#511=LINE('',#3825,#651);
#512=LINE('',#3826,#652);
#513=LINE('',#3832,#653);
#514=LINE('',#3835,#654);
#515=LINE('',#3837,#655);
#516=LINE('',#3838,#656);
#517=LINE('',#3845,#657);
#518=LINE('',#3847,#658);
#519=LINE('',#3849,#659);
#520=LINE('',#3850,#660);
#521=LINE('',#3856,#661);
#522=LINE('',#3859,#662);
#523=LINE('',#3861,#663);
#524=LINE('',#3862,#664);
#525=LINE('',#3869,#665);
#526=LINE('',#3871,#666);
#527=LINE('',#3873,#667);
#528=LINE('',#3874,#668);
#529=LINE('',#3880,#669);
#530=LINE('',#3883,#670);
#531=LINE('',#3885,#671);
#532=LINE('',#3886,#672);
#533=LINE('',#3894,#673);
#534=LINE('',#3900,#674);
#535=LINE('',#3906,#675);
#536=LINE('',#3912,#676);
#537=LINE('',#3918,#677);
#538=LINE('',#3924,#678);
#539=LINE('',#3930,#679);
#540=LINE('',#3936,#680);
#541=LINE('',#3951,#681);
#542=LINE('',#3952,#682);
#543=LINE('',#3969,#683);
#544=LINE('',#3970,#684);
#545=LINE('',#3981,#685);
#546=LINE('',#3982,#686);
#547=LINE('',#3993,#687);
#548=LINE('',#3994,#688);
#549=LINE('',#4011,#689);
#550=LINE('',#4012,#690);
#551=LINE('',#4029,#691);
#552=LINE('',#4030,#692);
#553=LINE('',#4047,#693);
#554=LINE('',#4048,#694);
#555=LINE('',#4065,#695);
#556=LINE('',#4066,#696);
#557=LINE('',#4077,#697);
#558=LINE('',#4078,#698);
#559=LINE('',#4089,#699);
#560=LINE('',#4090,#700);
#561=LINE('',#4107,#701);
#562=LINE('',#4108,#702);
#563=LINE('',#4125,#703);
#564=LINE('',#4126,#704);
#565=LINE('',#4132,#705);
#566=LINE('',#4134,#706);
#567=LINE('',#4135,#707);
#568=LINE('',#4138,#708);
#569=LINE('',#4142,#709);
#570=LINE('',#4146,#710);
#571=LINE('',#4147,#711);
#572=LINE('',#4150,#712);
#573=LINE('',#4154,#713);
#574=LINE('',#4155,#714);
#575=LINE('',#4158,#715);
#576=LINE('',#4162,#716);
#577=LINE('',#4163,#717);
#578=LINE('',#4166,#718);
#579=LINE('',#4170,#719);
#580=LINE('',#4174,#720);
#581=LINE('',#4175,#721);
#582=LINE('',#4178,#722);
#583=LINE('',#4182,#723);
#584=LINE('',#4186,#724);
#585=LINE('',#4187,#725);
#586=LINE('',#4190,#726);
#587=LINE('',#4194,#727);
#588=LINE('',#4222,#728);
#589=LINE('',#4234,#729);
#590=LINE('',#4246,#730);
#591=LINE('',#4254,#731);
#592=LINE('',#4262,#732);
#593=LINE('',#4274,#733);
#594=LINE('',#4291,#734);
#595=LINE('',#4292,#735);
#596=LINE('',#4309,#736);
#597=LINE('',#4310,#737);
#598=LINE('',#4327,#738);
#599=LINE('',#4328,#739);
#600=LINE('',#4339,#740);
#601=LINE('',#4340,#741);
#602=LINE('',#4351,#742);
#603=LINE('',#4352,#743);
#604=LINE('',#4368,#744);
#605=LINE('',#4369,#745);
#606=LINE('',#4373,#746);
#607=LINE('',#4374,#747);
#608=LINE('',#4376,#748);
#609=LINE('',#4378,#749);
#610=LINE('',#4380,#750);
#611=LINE('',#4382,#751);
#612=LINE('',#4384,#752);
#613=LINE('',#4386,#753);
#614=LINE('',#4388,#754);
#615=LINE('',#4390,#755);
#616=LINE('',#4392,#756);
#617=LINE('',#4394,#757);
#618=LINE('',#4396,#758);
#619=LINE('',#4398,#759);
#620=LINE('',#4418,#760);
#621=LINE('',#4420,#761);
#622=LINE('',#4422,#762);
#623=LINE('',#4424,#763);
#624=LINE('',#4426,#764);
#625=LINE('',#4428,#765);
#626=LINE('',#4430,#766);
#627=LINE('',#4432,#767);
#628=LINE('',#4434,#768);
#629=VECTOR('',#2869,2.15);
#630=VECTOR('',#2876,2.15);
#631=VECTOR('',#2883,2.15);
#632=VECTOR('',#2890,2.15);
#633=VECTOR('',#2897,2.15);
#634=VECTOR('',#2904,2.15);
#635=VECTOR('',#2911,2.15);
#636=VECTOR('',#2918,2.15);
#637=VECTOR('',#2925,2.15);
#638=VECTOR('',#2932,2.15);
#639=VECTOR('',#2939,2.15);
#640=VECTOR('',#2946,2.15);
#641=VECTOR('',#2951,10.);
#642=VECTOR('',#2952,10.);
#643=VECTOR('',#2953,10.);
#644=VECTOR('',#2954,10.);
#645=VECTOR('',#2961,10.);
#646=VECTOR('',#2964,10.);
#647=VECTOR('',#2965,10.);
#648=VECTOR('',#2966,10.);
#649=VECTOR('',#2975,10.);
#650=VECTOR('',#2976,10.);
#651=VECTOR('',#2977,10.);
#652=VECTOR('',#2978,10.);
#653=VECTOR('',#2985,10.);
#654=VECTOR('',#2988,10.);
#655=VECTOR('',#2989,10.);
#656=VECTOR('',#2990,10.);
#657=VECTOR('',#2999,10.);
#658=VECTOR('',#3000,10.);
#659=VECTOR('',#3001,10.);
#660=VECTOR('',#3002,10.);
#661=VECTOR('',#3009,10.);
#662=VECTOR('',#3012,10.);
#663=VECTOR('',#3013,10.);
#664=VECTOR('',#3014,10.);
#665=VECTOR('',#3023,10.);
#666=VECTOR('',#3024,10.);
#667=VECTOR('',#3025,10.);
#668=VECTOR('',#3026,10.);
#669=VECTOR('',#3033,10.);
#670=VECTOR('',#3036,10.);
#671=VECTOR('',#3037,10.);
#672=VECTOR('',#3038,10.);
#673=VECTOR('',#3049,2.15);
#674=VECTOR('',#3056,2.15);
#675=VECTOR('',#3063,2.15);
#676=VECTOR('',#3070,2.15);
#677=VECTOR('',#3077,2.15);
#678=VECTOR('',#3084,2.15);
#679=VECTOR('',#3091,2.15);
#680=VECTOR('',#3098,2.15);
#681=VECTOR('',#3115,10.);
#682=VECTOR('',#3116,10.);
#683=VECTOR('',#3137,10.);
#684=VECTOR('',#3138,10.);
#685=VECTOR('',#3151,10.);
#686=VECTOR('',#3152,10.);
#687=VECTOR('',#3165,10.);
#688=VECTOR('',#3166,10.);
#689=VECTOR('',#3187,10.);
#690=VECTOR('',#3188,10.);
#691=VECTOR('',#3209,10.);
#692=VECTOR('',#3210,10.);
#693=VECTOR('',#3231,10.);
#694=VECTOR('',#3232,10.);
#695=VECTOR('',#3253,10.);
#696=VECTOR('',#3254,10.);
#697=VECTOR('',#3267,10.);
#698=VECTOR('',#3268,10.);
#699=VECTOR('',#3281,10.);
#700=VECTOR('',#3282,10.);
#701=VECTOR('',#3303,10.);
#702=VECTOR('',#3304,10.);
#703=VECTOR('',#3325,10.);
#704=VECTOR('',#3326,10.);
#705=VECTOR('',#3335,10.);
#706=VECTOR('',#3336,10.);
#707=VECTOR('',#3337,10.);
#708=VECTOR('',#3340,10.);
#709=VECTOR('',#3345,10.);
#710=VECTOR('',#3350,10.);
#711=VECTOR('',#3351,10.);
#712=VECTOR('',#3354,10.);
#713=VECTOR('',#3359,10.);
#714=VECTOR('',#3360,10.);
#715=VECTOR('',#3363,10.);
#716=VECTOR('',#3368,10.);
#717=VECTOR('',#3369,10.);
#718=VECTOR('',#3372,10.);
#719=VECTOR('',#3377,10.);
#720=VECTOR('',#3382,10.);
#721=VECTOR('',#3383,10.);
#722=VECTOR('',#3386,10.);
#723=VECTOR('',#3391,10.);
#724=VECTOR('',#3396,10.);
#725=VECTOR('',#3397,10.);
#726=VECTOR('',#3400,10.);
#727=VECTOR('',#3405,10.);
#728=VECTOR('',#3438,10.);
#729=VECTOR('',#3455,10.);
#730=VECTOR('',#3472,10.);
#731=VECTOR('',#3483,10.);
#732=VECTOR('',#3494,10.);
#733=VECTOR('',#3511,10.);
#734=VECTOR('',#3532,10.);
#735=VECTOR('',#3533,10.);
#736=VECTOR('',#3554,10.);
#737=VECTOR('',#3555,10.);
#738=VECTOR('',#3576,10.);
#739=VECTOR('',#3577,10.);
#740=VECTOR('',#3590,10.);
#741=VECTOR('',#3591,10.);
#742=VECTOR('',#3604,10.);
#743=VECTOR('',#3605,10.);
#744=VECTOR('',#3626,10.);
#745=VECTOR('',#3627,10.);
#746=VECTOR('',#3634,10.);
#747=VECTOR('',#3635,10.);
#748=VECTOR('',#3638,10.);
#749=VECTOR('',#3641,10.);
#750=VECTOR('',#3644,10.);
#751=VECTOR('',#3647,10.);
#752=VECTOR('',#3650,10.);
#753=VECTOR('',#3653,10.);
#754=VECTOR('',#3656,10.);
#755=VECTOR('',#3659,10.);
#756=VECTOR('',#3662,10.);
#757=VECTOR('',#3665,10.);
#758=VECTOR('',#3668,10.);
#759=VECTOR('',#3671,10.);
#760=VECTOR('',#3694,1.75000000000001);
#761=VECTOR('',#3697,2.15);
#762=VECTOR('',#3700,2.15);
#763=VECTOR('',#3703,1.75000000000001);
#764=VECTOR('',#3706,1.75000000000001);
#765=VECTOR('',#3709,2.15);
#766=VECTOR('',#3712,2.15);
#767=VECTOR('',#3715,1.75000000000001);
#768=VECTOR('',#3718,10.);
#769=CIRCLE('',#2506,2.15);
#770=CIRCLE('',#2507,2.15);
#771=CIRCLE('',#2509,2.15);
#772=CIRCLE('',#2510,2.15);
#773=CIRCLE('',#2512,2.15);
#774=CIRCLE('',#2513,2.15);
#775=CIRCLE('',#2515,2.15);
#776=CIRCLE('',#2516,2.15);
#777=CIRCLE('',#2518,2.15);
#778=CIRCLE('',#2519,2.15);
#779=CIRCLE('',#2521,2.15);
#780=CIRCLE('',#2522,2.15);
#781=CIRCLE('',#2524,2.15);
#782=CIRCLE('',#2525,2.15);
#783=CIRCLE('',#2527,2.15);
#784=CIRCLE('',#2528,2.15);
#785=CIRCLE('',#2530,2.15);
#786=CIRCLE('',#2531,2.15);
#787=CIRCLE('',#2533,2.15);
#788=CIRCLE('',#2534,2.15);
#789=CIRCLE('',#2536,2.15);
#790=CIRCLE('',#2537,2.15);
#791=CIRCLE('',#2539,2.15);
#792=CIRCLE('',#2540,2.15);
#793=CIRCLE('',#2543,1.99999999999999);
#794=CIRCLE('',#2544,1.99999999999999);
#795=CIRCLE('',#2547,2.00000000000001);
#796=CIRCLE('',#2548,2.00000000000001);
#797=CIRCLE('',#2551,1.99999999999999);
#798=CIRCLE('',#2552,1.99999999999999);
#799=CIRCLE('',#2555,2.00000000000003);
#800=CIRCLE('',#2556,2.00000000000003);
#801=CIRCLE('',#2559,1.99999999999999);
#802=CIRCLE('',#2560,1.99999999999999);
#803=CIRCLE('',#2563,2.00000000000001);
#804=CIRCLE('',#2564,2.00000000000001);
#805=CIRCLE('',#2567,1.99999999999999);
#806=CIRCLE('',#2568,1.99999999999999);
#807=CIRCLE('',#2571,2.00000000000003);
#808=CIRCLE('',#2572,2.00000000000003);
#809=CIRCLE('',#2574,2.15);
#810=CIRCLE('',#2575,2.15);
#811=CIRCLE('',#2577,2.15);
#812=CIRCLE('',#2578,2.15);
#813=CIRCLE('',#2580,2.15);
#814=CIRCLE('',#2581,2.15);
#815=CIRCLE('',#2583,2.15);
#816=CIRCLE('',#2584,2.15);
#817=CIRCLE('',#2586,2.15);
#818=CIRCLE('',#2587,2.15);
#819=CIRCLE('',#2589,2.15);
#820=CIRCLE('',#2590,2.15);
#821=CIRCLE('',#2592,2.15);
#822=CIRCLE('',#2593,2.15);
#823=CIRCLE('',#2595,2.15);
#824=CIRCLE('',#2596,2.15);
#825=CIRCLE('',#2598,0.500000000000007);
#826=CIRCLE('',#2599,3.5);
#827=CIRCLE('',#2600,0.5);
#828=CIRCLE('',#2601,3.);
#829=CIRCLE('',#2603,0.5);
#830=CIRCLE('',#2605,0.5);
#831=CIRCLE('',#2606,3.);
#832=CIRCLE('',#2607,3.5);
#833=CIRCLE('',#2609,0.5);
#834=CIRCLE('',#2610,3.);
#835=CIRCLE('',#2611,2.5);
#836=CIRCLE('',#2613,0.5);
#837=CIRCLE('',#2615,0.5);
#838=CIRCLE('',#2616,10.);
#839=CIRCLE('',#2617,9.5);
#840=CIRCLE('',#2619,0.5);
#841=CIRCLE('',#2621,0.5);
#842=CIRCLE('',#2622,10.);
#843=CIRCLE('',#2623,9.5);
#844=CIRCLE('',#2625,0.5);
#845=CIRCLE('',#2627,0.5);
#846=CIRCLE('',#2628,3.);
#847=CIRCLE('',#2629,2.5);
#848=CIRCLE('',#2631,0.5);
#849=CIRCLE('',#2632,3.);
#850=CIRCLE('',#2633,3.5);
#851=CIRCLE('',#2635,0.5);
#852=CIRCLE('',#2637,0.5);
#853=CIRCLE('',#2638,3.);
#854=CIRCLE('',#2639,3.5);
#855=CIRCLE('',#2641,0.5);
#856=CIRCLE('',#2642,3.);
#857=CIRCLE('',#2643,2.5);
#858=CIRCLE('',#2645,0.5);
#859=CIRCLE('',#2647,0.5);
#860=CIRCLE('',#2648,3.);
#861=CIRCLE('',#2649,2.5);
#862=CIRCLE('',#2651,0.5);
#863=CIRCLE('',#2652,3.);
#864=CIRCLE('',#2653,3.5);
#865=CIRCLE('',#2655,0.5);
#866=CIRCLE('',#2657,0.5);
#867=CIRCLE('',#2658,3.);
#868=CIRCLE('',#2659,3.5);
#869=CIRCLE('',#2661,0.5);
#870=CIRCLE('',#2662,3.);
#871=CIRCLE('',#2663,2.5);
#872=CIRCLE('',#2665,0.5);
#873=CIRCLE('',#2667,0.5);
#874=CIRCLE('',#2668,10.);
#875=CIRCLE('',#2669,9.5);
#876=CIRCLE('',#2671,0.5);
#877=CIRCLE('',#2673,0.5);
#878=CIRCLE('',#2674,10.);
#879=CIRCLE('',#2675,9.5);
#880=CIRCLE('',#2677,0.5);
#881=CIRCLE('',#2679,0.5);
#882=CIRCLE('',#2680,3.);
#883=CIRCLE('',#2681,2.5);
#884=CIRCLE('',#2683,0.5);
#885=CIRCLE('',#2684,3.);
#886=CIRCLE('',#2685,3.5);
#887=CIRCLE('',#2687,0.5);
#888=CIRCLE('',#2689,0.5);
#889=CIRCLE('',#2690,3.);
#890=CIRCLE('',#2691,3.5);
#891=CIRCLE('',#2693,0.5);
#892=CIRCLE('',#2694,3.);
#893=CIRCLE('',#2695,2.5);
#894=CIRCLE('',#2697,0.5);
#895=CIRCLE('',#2699,3.);
#896=CIRCLE('',#2700,2.5);
#897=CIRCLE('',#2703,3.);
#898=CIRCLE('',#2705,3.);
#899=CIRCLE('',#2708,10.);
#900=CIRCLE('',#2711,10.);
#901=CIRCLE('',#2714,3.);
#902=CIRCLE('',#2716,3.);
#903=CIRCLE('',#2719,3.);
#904=CIRCLE('',#2721,3.);
#905=CIRCLE('',#2724,3.);
#906=CIRCLE('',#2726,3.);
#907=CIRCLE('',#2728,1.75000000000001);
#908=CIRCLE('',#2729,2.15);
#909=CIRCLE('',#2730,2.15);
#910=CIRCLE('',#2731,1.75000000000001);
#911=CIRCLE('',#2732,1.75000000000001);
#912=CIRCLE('',#2733,2.15);
#913=CIRCLE('',#2734,2.15);
#914=CIRCLE('',#2735,1.75000000000001);
#915=CIRCLE('',#2737,0.499999999999972);
#916=CIRCLE('',#2738,2.5);
#917=CIRCLE('',#2739,0.5);
#918=CIRCLE('',#2741,0.5);
#919=CIRCLE('',#2743,0.5);
#920=CIRCLE('',#2744,2.5);
#921=CIRCLE('',#2746,0.5);
#922=CIRCLE('',#2747,3.5);
#923=CIRCLE('',#2749,0.5);
#924=CIRCLE('',#2751,0.5);
#925=CIRCLE('',#2752,3.5);
#926=CIRCLE('',#2754,0.5);
#927=CIRCLE('',#2755,2.5);
#928=CIRCLE('',#2757,0.5);
#929=CIRCLE('',#2759,0.5);
#930=CIRCLE('',#2760,9.5);
#931=CIRCLE('',#2762,0.5);
#932=CIRCLE('',#2764,0.5);
#933=CIRCLE('',#2765,9.5);
#934=CIRCLE('',#2767,0.5);
#935=CIRCLE('',#2769,0.5);
#936=CIRCLE('',#2770,2.5);
#937=CIRCLE('',#2772,0.5);
#938=CIRCLE('',#2773,3.5);
#939=CIRCLE('',#2775,0.5);
#940=CIRCLE('',#2777,0.5);
#941=CIRCLE('',#2778,3.);
#942=CIRCLE('',#2779,3.5);
#943=CIRCLE('',#2781,0.5);
#944=CIRCLE('',#2782,3.);
#945=CIRCLE('',#2783,2.5);
#946=CIRCLE('',#2785,0.5);
#947=CIRCLE('',#2787,0.5);
#948=CIRCLE('',#2788,3.);
#949=CIRCLE('',#2789,2.5);
#950=CIRCLE('',#2791,0.5);
#951=CIRCLE('',#2792,3.);
#952=CIRCLE('',#2793,3.5);
#953=CIRCLE('',#2795,0.5);
#954=CIRCLE('',#2797,0.5);
#955=CIRCLE('',#2798,3.);
#956=CIRCLE('',#2799,3.5);
#957=CIRCLE('',#2801,0.5);
#958=CIRCLE('',#2802,3.);
#959=CIRCLE('',#2803,2.5);
#960=CIRCLE('',#2805,0.5);
#961=CIRCLE('',#2807,0.5);
#962=CIRCLE('',#2808,10.);
#963=CIRCLE('',#2809,9.5);
#964=CIRCLE('',#2811,0.5);
#965=CIRCLE('',#2813,0.5);
#966=CIRCLE('',#2814,10.);
#967=CIRCLE('',#2815,9.5);
#968=CIRCLE('',#2817,0.5);
#969=CIRCLE('',#2819,0.5);
#970=CIRCLE('',#2820,3.);
#971=CIRCLE('',#2821,2.5);
#972=CIRCLE('',#2823,0.5);
#973=CIRCLE('',#2824,3.);
#974=CIRCLE('',#2825,3.5);
#975=CIRCLE('',#2827,0.5);
#976=CIRCLE('',#2829,3.5);
#977=CIRCLE('',#2845,1.75000000000001);
#978=CIRCLE('',#2846,2.15);
#979=CIRCLE('',#2847,2.15);
#980=CIRCLE('',#2848,1.75000000000001);
#981=CIRCLE('',#2849,1.75000000000001);
#982=CIRCLE('',#2850,2.15);
#983=CIRCLE('',#2851,2.15);
#984=CIRCLE('',#2852,1.75000000000001);
#985=VERTEX_POINT('',#3723);
#986=VERTEX_POINT('',#3725);
#987=VERTEX_POINT('',#3729);
#988=VERTEX_POINT('',#3731);
#989=VERTEX_POINT('',#3735);
#990=VERTEX_POINT('',#3737);
#991=VERTEX_POINT('',#3741);
#992=VERTEX_POINT('',#3743);
#993=VERTEX_POINT('',#3747);
#994=VERTEX_POINT('',#3749);
#995=VERTEX_POINT('',#3753);
#996=VERTEX_POINT('',#3755);
#997=VERTEX_POINT('',#3759);
#998=VERTEX_POINT('',#3761);
#999=VERTEX_POINT('',#3765);
#1000=VERTEX_POINT('',#3767);
#1001=VERTEX_POINT('',#3771);
#1002=VERTEX_POINT('',#3773);
#1003=VERTEX_POINT('',#3777);
#1004=VERTEX_POINT('',#3779);
#1005=VERTEX_POINT('',#3783);
#1006=VERTEX_POINT('',#3785);
#1007=VERTEX_POINT('',#3789);
#1008=VERTEX_POINT('',#3791);
#1009=VERTEX_POINT('',#3795);
#1010=VERTEX_POINT('',#3796);
#1011=VERTEX_POINT('',#3798);
#1012=VERTEX_POINT('',#3800);
#1013=VERTEX_POINT('',#3804);
#1014=VERTEX_POINT('',#3806);
#1015=VERTEX_POINT('',#3810);
#1016=VERTEX_POINT('',#3812);
#1017=VERTEX_POINT('',#3819);
#1018=VERTEX_POINT('',#3820);
#1019=VERTEX_POINT('',#3822);
#1020=VERTEX_POINT('',#3824);
#1021=VERTEX_POINT('',#3828);
#1022=VERTEX_POINT('',#3830);
#1023=VERTEX_POINT('',#3834);
#1024=VERTEX_POINT('',#3836);
#1025=VERTEX_POINT('',#3843);
#1026=VERTEX_POINT('',#3844);
#1027=VERTEX_POINT('',#3846);
#1028=VERTEX_POINT('',#3848);
#1029=VERTEX_POINT('',#3852);
#1030=VERTEX_POINT('',#3854);
#1031=VERTEX_POINT('',#3858);
#1032=VERTEX_POINT('',#3860);
#1033=VERTEX_POINT('',#3867);
#1034=VERTEX_POINT('',#3868);
#1035=VERTEX_POINT('',#3870);
#1036=VERTEX_POINT('',#3872);
#1037=VERTEX_POINT('',#3876);
#1038=VERTEX_POINT('',#3878);
#1039=VERTEX_POINT('',#3882);
#1040=VERTEX_POINT('',#3884);
#1041=VERTEX_POINT('',#3891);
#1042=VERTEX_POINT('',#3893);
#1043=VERTEX_POINT('',#3897);
#1044=VERTEX_POINT('',#3899);
#1045=VERTEX_POINT('',#3903);
#1046=VERTEX_POINT('',#3905);
#1047=VERTEX_POINT('',#3909);
#1048=VERTEX_POINT('',#3911);
#1049=VERTEX_POINT('',#3915);
#1050=VERTEX_POINT('',#3917);
#1051=VERTEX_POINT('',#3921);
#1052=VERTEX_POINT('',#3923);
#1053=VERTEX_POINT('',#3927);
#1054=VERTEX_POINT('',#3929);
#1055=VERTEX_POINT('',#3933);
#1056=VERTEX_POINT('',#3935);
#1057=VERTEX_POINT('',#3939);
#1058=VERTEX_POINT('',#3940);
#1059=VERTEX_POINT('',#3942);
#1060=VERTEX_POINT('',#3944);
#1061=VERTEX_POINT('',#3948);
#1062=VERTEX_POINT('',#3949);
#1063=VERTEX_POINT('',#3954);
#1064=VERTEX_POINT('',#3955);
#1065=VERTEX_POINT('',#3960);
#1066=VERTEX_POINT('',#3961);
#1067=VERTEX_POINT('',#3966);
#1068=VERTEX_POINT('',#3967);
#1069=VERTEX_POINT('',#3972);
#1070=VERTEX_POINT('',#3973);
#1071=VERTEX_POINT('',#3978);
#1072=VERTEX_POINT('',#3979);
#1073=VERTEX_POINT('',#3984);
#1074=VERTEX_POINT('',#3985);
#1075=VERTEX_POINT('',#3990);
#1076=VERTEX_POINT('',#3991);
#1077=VERTEX_POINT('',#3996);
#1078=VERTEX_POINT('',#3997);
#1079=VERTEX_POINT('',#4002);
#1080=VERTEX_POINT('',#4003);
#1081=VERTEX_POINT('',#4008);
#1082=VERTEX_POINT('',#4009);
#1083=VERTEX_POINT('',#4014);
#1084=VERTEX_POINT('',#4015);
#1085=VERTEX_POINT('',#4020);
#1086=VERTEX_POINT('',#4021);
#1087=VERTEX_POINT('',#4026);
#1088=VERTEX_POINT('',#4027);
#1089=VERTEX_POINT('',#4032);
#1090=VERTEX_POINT('',#4033);
#1091=VERTEX_POINT('',#4038);
#1092=VERTEX_POINT('',#4039);
#1093=VERTEX_POINT('',#4044);
#1094=VERTEX_POINT('',#4045);
#1095=VERTEX_POINT('',#4050);
#1096=VERTEX_POINT('',#4051);
#1097=VERTEX_POINT('',#4056);
#1098=VERTEX_POINT('',#4057);
#1099=VERTEX_POINT('',#4062);
#1100=VERTEX_POINT('',#4063);
#1101=VERTEX_POINT('',#4068);
#1102=VERTEX_POINT('',#4069);
#1103=VERTEX_POINT('',#4074);
#1104=VERTEX_POINT('',#4075);
#1105=VERTEX_POINT('',#4080);
#1106=VERTEX_POINT('',#4081);
#1107=VERTEX_POINT('',#4086);
#1108=VERTEX_POINT('',#4087);
#1109=VERTEX_POINT('',#4092);
#1110=VERTEX_POINT('',#4093);
#1111=VERTEX_POINT('',#4098);
#1112=VERTEX_POINT('',#4099);
#1113=VERTEX_POINT('',#4104);
#1114=VERTEX_POINT('',#4105);
#1115=VERTEX_POINT('',#4110);
#1116=VERTEX_POINT('',#4111);
#1117=VERTEX_POINT('',#4116);
#1118=VERTEX_POINT('',#4117);
#1119=VERTEX_POINT('',#4122);
#1120=VERTEX_POINT('',#4123);
#1121=VERTEX_POINT('',#4131);
#1122=VERTEX_POINT('',#4133);
#1123=VERTEX_POINT('',#4137);
#1124=VERTEX_POINT('',#4141);
#1125=VERTEX_POINT('',#4145);
#1126=VERTEX_POINT('',#4149);
#1127=VERTEX_POINT('',#4153);
#1128=VERTEX_POINT('',#4157);
#1129=VERTEX_POINT('',#4161);
#1130=VERTEX_POINT('',#4165);
#1131=VERTEX_POINT('',#4169);
#1132=VERTEX_POINT('',#4173);
#1133=VERTEX_POINT('',#4177);
#1134=VERTEX_POINT('',#4181);
#1135=VERTEX_POINT('',#4185);
#1136=VERTEX_POINT('',#4189);
#1137=VERTEX_POINT('',#4193);
#1138=VERTEX_POINT('',#4197);
#1139=VERTEX_POINT('',#4199);
#1140=VERTEX_POINT('',#4201);
#1141=VERTEX_POINT('',#4203);
#1142=VERTEX_POINT('',#4205);
#1143=VERTEX_POINT('',#4207);
#1144=VERTEX_POINT('',#4209);
#1145=VERTEX_POINT('',#4211);
#1146=VERTEX_POINT('',#4214);
#1147=VERTEX_POINT('',#4216);
#1148=VERTEX_POINT('',#4220);
#1149=VERTEX_POINT('',#4224);
#1150=VERTEX_POINT('',#4228);
#1151=VERTEX_POINT('',#4232);
#1152=VERTEX_POINT('',#4236);
#1153=VERTEX_POINT('',#4240);
#1154=VERTEX_POINT('',#4244);
#1155=VERTEX_POINT('',#4248);
#1156=VERTEX_POINT('',#4252);
#1157=VERTEX_POINT('',#4256);
#1158=VERTEX_POINT('',#4260);
#1159=VERTEX_POINT('',#4264);
#1160=VERTEX_POINT('',#4268);
#1161=VERTEX_POINT('',#4272);
#1162=VERTEX_POINT('',#4276);
#1163=VERTEX_POINT('',#4277);
#1164=VERTEX_POINT('',#4282);
#1165=VERTEX_POINT('',#4283);
#1166=VERTEX_POINT('',#4288);
#1167=VERTEX_POINT('',#4289);
#1168=VERTEX_POINT('',#4294);
#1169=VERTEX_POINT('',#4295);
#1170=VERTEX_POINT('',#4300);
#1171=VERTEX_POINT('',#4301);
#1172=VERTEX_POINT('',#4306);
#1173=VERTEX_POINT('',#4307);
#1174=VERTEX_POINT('',#4312);
#1175=VERTEX_POINT('',#4313);
#1176=VERTEX_POINT('',#4318);
#1177=VERTEX_POINT('',#4319);
#1178=VERTEX_POINT('',#4324);
#1179=VERTEX_POINT('',#4325);
#1180=VERTEX_POINT('',#4330);
#1181=VERTEX_POINT('',#4331);
#1182=VERTEX_POINT('',#4336);
#1183=VERTEX_POINT('',#4337);
#1184=VERTEX_POINT('',#4342);
#1185=VERTEX_POINT('',#4343);
#1186=VERTEX_POINT('',#4348);
#1187=VERTEX_POINT('',#4349);
#1188=VERTEX_POINT('',#4354);
#1189=VERTEX_POINT('',#4355);
#1190=VERTEX_POINT('',#4360);
#1191=VERTEX_POINT('',#4361);
#1192=VERTEX_POINT('',#4366);
#1193=VERTEX_POINT('',#4401);
#1194=VERTEX_POINT('',#4403);
#1195=VERTEX_POINT('',#4405);
#1196=VERTEX_POINT('',#4407);
#1197=VERTEX_POINT('',#4409);
#1198=VERTEX_POINT('',#4411);
#1199=VERTEX_POINT('',#4413);
#1200=VERTEX_POINT('',#4415);
#1201=EDGE_CURVE('',#985,#985,#769,.T.);
#1202=EDGE_CURVE('',#985,#986,#489,.T.);
#1203=EDGE_CURVE('',#986,#986,#770,.T.);
#1204=EDGE_CURVE('',#987,#987,#771,.T.);
#1205=EDGE_CURVE('',#987,#988,#490,.T.);
#1206=EDGE_CURVE('',#988,#988,#772,.T.);
#1207=EDGE_CURVE('',#989,#989,#773,.T.);
#1208=EDGE_CURVE('',#989,#990,#491,.T.);
#1209=EDGE_CURVE('',#990,#990,#774,.T.);
#1210=EDGE_CURVE('',#991,#991,#775,.T.);
#1211=EDGE_CURVE('',#991,#992,#492,.T.);
#1212=EDGE_CURVE('',#992,#992,#776,.T.);
#1213=EDGE_CURVE('',#993,#993,#777,.T.);
#1214=EDGE_CURVE('',#993,#994,#493,.T.);
#1215=EDGE_CURVE('',#994,#994,#778,.T.);
#1216=EDGE_CURVE('',#995,#995,#779,.T.);
#1217=EDGE_CURVE('',#995,#996,#494,.T.);
#1218=EDGE_CURVE('',#996,#996,#780,.T.);
#1219=EDGE_CURVE('',#997,#997,#781,.T.);
#1220=EDGE_CURVE('',#997,#998,#495,.T.);
#1221=EDGE_CURVE('',#998,#998,#782,.T.);
#1222=EDGE_CURVE('',#999,#999,#783,.T.);
#1223=EDGE_CURVE('',#999,#1000,#496,.T.);
#1224=EDGE_CURVE('',#1000,#1000,#784,.T.);
#1225=EDGE_CURVE('',#1001,#1001,#785,.T.);
#1226=EDGE_CURVE('',#1001,#1002,#497,.T.);
#1227=EDGE_CURVE('',#1002,#1002,#786,.T.);
#1228=EDGE_CURVE('',#1003,#1003,#787,.T.);
#1229=EDGE_CURVE('',#1003,#1004,#498,.T.);
#1230=EDGE_CURVE('',#1004,#1004,#788,.T.);
#1231=EDGE_CURVE('',#1005,#1005,#789,.T.);
#1232=EDGE_CURVE('',#1005,#1006,#499,.T.);
#1233=EDGE_CURVE('',#1006,#1006,#790,.T.);
#1234=EDGE_CURVE('',#1007,#1007,#791,.T.);
#1235=EDGE_CURVE('',#1007,#1008,#500,.T.);
#1236=EDGE_CURVE('',#1008,#1008,#792,.T.);
#1237=EDGE_CURVE('',#1009,#1010,#501,.T.);
#1238=EDGE_CURVE('',#1011,#1009,#502,.T.);
#1239=EDGE_CURVE('',#1012,#1011,#503,.T.);
#1240=EDGE_CURVE('',#1012,#1010,#504,.T.);
#1241=EDGE_CURVE('',#1010,#1013,#793,.T.);
#1242=EDGE_CURVE('',#1014,#1012,#794,.T.);
#1243=EDGE_CURVE('',#1014,#1013,#505,.T.);
#1244=EDGE_CURVE('',#1013,#1015,#506,.T.);
#1245=EDGE_CURVE('',#1016,#1014,#507,.T.);
#1246=EDGE_CURVE('',#1016,#1015,#508,.T.);
#1247=EDGE_CURVE('',#1015,#1009,#795,.T.);
#1248=EDGE_CURVE('',#1011,#1016,#796,.T.);
#1249=EDGE_CURVE('',#1017,#1018,#509,.T.);
#1250=EDGE_CURVE('',#1019,#1017,#510,.T.);
#1251=EDGE_CURVE('',#1020,#1019,#511,.T.);
#1252=EDGE_CURVE('',#1020,#1018,#512,.T.);
#1253=EDGE_CURVE('',#1018,#1021,#797,.T.);
#1254=EDGE_CURVE('',#1022,#1020,#798,.T.);
#1255=EDGE_CURVE('',#1022,#1021,#513,.T.);
#1256=EDGE_CURVE('',#1021,#1023,#514,.T.);
#1257=EDGE_CURVE('',#1024,#1022,#515,.T.);
#1258=EDGE_CURVE('',#1024,#1023,#516,.T.);
#1259=EDGE_CURVE('',#1023,#1017,#799,.T.);
#1260=EDGE_CURVE('',#1019,#1024,#800,.T.);
#1261=EDGE_CURVE('',#1025,#1026,#517,.T.);
#1262=EDGE_CURVE('',#1027,#1025,#518,.T.);
#1263=EDGE_CURVE('',#1028,#1027,#519,.T.);
#1264=EDGE_CURVE('',#1028,#1026,#520,.T.);
#1265=EDGE_CURVE('',#1026,#1029,#801,.T.);
#1266=EDGE_CURVE('',#1030,#1028,#802,.T.);
#1267=EDGE_CURVE('',#1030,#1029,#521,.T.);
#1268=EDGE_CURVE('',#1029,#1031,#522,.T.);
#1269=EDGE_CURVE('',#1032,#1030,#523,.T.);
#1270=EDGE_CURVE('',#1032,#1031,#524,.T.);
#1271=EDGE_CURVE('',#1031,#1025,#803,.T.);
#1272=EDGE_CURVE('',#1027,#1032,#804,.T.);
#1273=EDGE_CURVE('',#1033,#1034,#525,.T.);
#1274=EDGE_CURVE('',#1035,#1033,#526,.T.);
#1275=EDGE_CURVE('',#1036,#1035,#527,.T.);
#1276=EDGE_CURVE('',#1036,#1034,#528,.T.);
#1277=EDGE_CURVE('',#1034,#1037,#805,.T.);
#1278=EDGE_CURVE('',#1038,#1036,#806,.T.);
#1279=EDGE_CURVE('',#1038,#1037,#529,.T.);
#1280=EDGE_CURVE('',#1037,#1039,#530,.T.);
#1281=EDGE_CURVE('',#1040,#1038,#531,.T.);
#1282=EDGE_CURVE('',#1040,#1039,#532,.T.);
#1283=EDGE_CURVE('',#1039,#1033,#807,.T.);
#1284=EDGE_CURVE('',#1035,#1040,#808,.T.);
#1285=EDGE_CURVE('',#1041,#1041,#809,.T.);
#1286=EDGE_CURVE('',#1041,#1042,#533,.T.);
#1287=EDGE_CURVE('',#1042,#1042,#810,.T.);
#1288=EDGE_CURVE('',#1043,#1043,#811,.T.);
#1289=EDGE_CURVE('',#1043,#1044,#534,.T.);
#1290=EDGE_CURVE('',#1044,#1044,#812,.T.);
#1291=EDGE_CURVE('',#1045,#1045,#813,.T.);
#1292=EDGE_CURVE('',#1045,#1046,#535,.T.);
#1293=EDGE_CURVE('',#1046,#1046,#814,.T.);
#1294=EDGE_CURVE('',#1047,#1047,#815,.T.);
#1295=EDGE_CURVE('',#1047,#1048,#536,.T.);
#1296=EDGE_CURVE('',#1048,#1048,#816,.T.);
#1297=EDGE_CURVE('',#1049,#1049,#817,.T.);
#1298=EDGE_CURVE('',#1049,#1050,#537,.T.);
#1299=EDGE_CURVE('',#1050,#1050,#818,.T.);
#1300=EDGE_CURVE('',#1051,#1051,#819,.T.);
#1301=EDGE_CURVE('',#1051,#1052,#538,.T.);
#1302=EDGE_CURVE('',#1052,#1052,#820,.T.);
#1303=EDGE_CURVE('',#1053,#1053,#821,.T.);
#1304=EDGE_CURVE('',#1053,#1054,#539,.T.);
#1305=EDGE_CURVE('',#1054,#1054,#822,.T.);
#1306=EDGE_CURVE('',#1055,#1055,#823,.T.);
#1307=EDGE_CURVE('',#1055,#1056,#540,.T.);
#1308=EDGE_CURVE('',#1056,#1056,#824,.T.);
#1309=EDGE_CURVE('',#1057,#1058,#825,.T.);
#1310=EDGE_CURVE('',#1058,#1059,#826,.T.);
#1311=EDGE_CURVE('',#1059,#1060,#827,.T.);
#1312=EDGE_CURVE('',#1060,#1057,#828,.T.);
#1313=EDGE_CURVE('',#1061,#1062,#829,.T.);
#1314=EDGE_CURVE('',#1062,#1060,#541,.T.);
#1315=EDGE_CURVE('',#1059,#1061,#542,.T.);
#1316=EDGE_CURVE('',#1063,#1064,#830,.T.);
#1317=EDGE_CURVE('',#1064,#1062,#831,.T.);
#1318=EDGE_CURVE('',#1061,#1063,#832,.T.);
#1319=EDGE_CURVE('',#1065,#1066,#833,.T.);
#1320=EDGE_CURVE('',#1066,#1064,#834,.T.);
#1321=EDGE_CURVE('',#1063,#1065,#835,.T.);
#1322=EDGE_CURVE('',#1067,#1068,#836,.T.);
#1323=EDGE_CURVE('',#1068,#1066,#543,.T.);
#1324=EDGE_CURVE('',#1065,#1067,#544,.T.);
#1325=EDGE_CURVE('',#1069,#1070,#837,.T.);
#1326=EDGE_CURVE('',#1070,#1068,#838,.T.);
#1327=EDGE_CURVE('',#1067,#1069,#839,.T.);
#1328=EDGE_CURVE('',#1071,#1072,#840,.T.);
#1329=EDGE_CURVE('',#1072,#1070,#545,.T.);
#1330=EDGE_CURVE('',#1069,#1071,#546,.T.);
#1331=EDGE_CURVE('',#1073,#1074,#841,.T.);
#1332=EDGE_CURVE('',#1074,#1072,#842,.T.);
#1333=EDGE_CURVE('',#1071,#1073,#843,.T.);
#1334=EDGE_CURVE('',#1075,#1076,#844,.T.);
#1335=EDGE_CURVE('',#1076,#1074,#547,.T.);
#1336=EDGE_CURVE('',#1073,#1075,#548,.T.);
#1337=EDGE_CURVE('',#1077,#1078,#845,.T.);
#1338=EDGE_CURVE('',#1078,#1076,#846,.T.);
#1339=EDGE_CURVE('',#1075,#1077,#847,.T.);
#1340=EDGE_CURVE('',#1079,#1080,#848,.T.);
#1341=EDGE_CURVE('',#1080,#1078,#849,.T.);
#1342=EDGE_CURVE('',#1077,#1079,#850,.T.);
#1343=EDGE_CURVE('',#1081,#1082,#851,.T.);
#1344=EDGE_CURVE('',#1082,#1080,#549,.T.);
#1345=EDGE_CURVE('',#1079,#1081,#550,.T.);
#1346=EDGE_CURVE('',#1083,#1084,#852,.T.);
#1347=EDGE_CURVE('',#1084,#1082,#853,.T.);
#1348=EDGE_CURVE('',#1081,#1083,#854,.T.);
#1349=EDGE_CURVE('',#1085,#1086,#855,.T.);
#1350=EDGE_CURVE('',#1086,#1084,#856,.T.);
#1351=EDGE_CURVE('',#1083,#1085,#857,.T.);
#1352=EDGE_CURVE('',#1087,#1088,#858,.T.);
#1353=EDGE_CURVE('',#1088,#1086,#551,.T.);
#1354=EDGE_CURVE('',#1085,#1087,#552,.T.);
#1355=EDGE_CURVE('',#1089,#1090,#859,.T.);
#1356=EDGE_CURVE('',#1090,#1088,#860,.T.);
#1357=EDGE_CURVE('',#1087,#1089,#861,.T.);
#1358=EDGE_CURVE('',#1091,#1092,#862,.T.);
#1359=EDGE_CURVE('',#1092,#1090,#863,.T.);
#1360=EDGE_CURVE('',#1089,#1091,#864,.T.);
#1361=EDGE_CURVE('',#1093,#1094,#865,.T.);
#1362=EDGE_CURVE('',#1094,#1092,#553,.T.);
#1363=EDGE_CURVE('',#1091,#1093,#554,.T.);
#1364=EDGE_CURVE('',#1095,#1096,#866,.T.);
#1365=EDGE_CURVE('',#1096,#1094,#867,.T.);
#1366=EDGE_CURVE('',#1093,#1095,#868,.T.);
#1367=EDGE_CURVE('',#1097,#1098,#869,.T.);
#1368=EDGE_CURVE('',#1098,#1096,#870,.T.);
#1369=EDGE_CURVE('',#1095,#1097,#871,.T.);
#1370=EDGE_CURVE('',#1099,#1100,#872,.T.);
#1371=EDGE_CURVE('',#1100,#1098,#555,.T.);
#1372=EDGE_CURVE('',#1097,#1099,#556,.T.);
#1373=EDGE_CURVE('',#1101,#1102,#873,.T.);
#1374=EDGE_CURVE('',#1102,#1100,#874,.T.);
#1375=EDGE_CURVE('',#1099,#1101,#875,.T.);
#1376=EDGE_CURVE('',#1103,#1104,#876,.T.);
#1377=EDGE_CURVE('',#1104,#1102,#557,.T.);
#1378=EDGE_CURVE('',#1101,#1103,#558,.T.);
#1379=EDGE_CURVE('',#1105,#1106,#877,.T.);
#1380=EDGE_CURVE('',#1106,#1104,#878,.T.);
#1381=EDGE_CURVE('',#1103,#1105,#879,.T.);
#1382=EDGE_CURVE('',#1107,#1108,#880,.T.);
#1383=EDGE_CURVE('',#1108,#1106,#559,.T.);
#1384=EDGE_CURVE('',#1105,#1107,#560,.T.);
#1385=EDGE_CURVE('',#1109,#1110,#881,.T.);
#1386=EDGE_CURVE('',#1110,#1108,#882,.T.);
#1387=EDGE_CURVE('',#1107,#1109,#883,.T.);
#1388=EDGE_CURVE('',#1111,#1112,#884,.T.);
#1389=EDGE_CURVE('',#1112,#1110,#885,.T.);
#1390=EDGE_CURVE('',#1109,#1111,#886,.T.);
#1391=EDGE_CURVE('',#1113,#1114,#887,.T.);
#1392=EDGE_CURVE('',#1114,#1112,#561,.T.);
#1393=EDGE_CURVE('',#1111,#1113,#562,.T.);
#1394=EDGE_CURVE('',#1115,#1116,#888,.T.);
#1395=EDGE_CURVE('',#1116,#1114,#889,.T.);
#1396=EDGE_CURVE('',#1113,#1115,#890,.T.);
#1397=EDGE_CURVE('',#1117,#1118,#891,.T.);
#1398=EDGE_CURVE('',#1118,#1116,#892,.T.);
#1399=EDGE_CURVE('',#1115,#1117,#893,.T.);
#1400=EDGE_CURVE('',#1119,#1120,#894,.T.);
#1401=EDGE_CURVE('',#1120,#1118,#563,.T.);
#1402=EDGE_CURVE('',#1117,#1119,#564,.T.);
#1403=EDGE_CURVE('',#1057,#1120,#895,.T.);
#1404=EDGE_CURVE('',#1119,#1058,#896,.T.);
#1405=EDGE_CURVE('',#1121,#1094,#565,.T.);
#1406=EDGE_CURVE('',#1122,#1121,#566,.T.);
#1407=EDGE_CURVE('',#1092,#1122,#567,.T.);
#1408=EDGE_CURVE('',#1123,#1096,#568,.T.);
#1409=EDGE_CURVE('',#1121,#1123,#897,.T.);
#1410=EDGE_CURVE('',#1098,#1124,#569,.T.);
#1411=EDGE_CURVE('',#1123,#1124,#898,.T.);
#1412=EDGE_CURVE('',#1125,#1100,#570,.T.);
#1413=EDGE_CURVE('',#1124,#1125,#571,.T.);
#1414=EDGE_CURVE('',#1102,#1126,#572,.T.);
#1415=EDGE_CURVE('',#1125,#1126,#899,.T.);
#1416=EDGE_CURVE('',#1127,#1104,#573,.T.);
#1417=EDGE_CURVE('',#1126,#1127,#574,.T.);
#1418=EDGE_CURVE('',#1106,#1128,#575,.T.);
#1419=EDGE_CURVE('',#1127,#1128,#900,.T.);
#1420=EDGE_CURVE('',#1129,#1108,#576,.T.);
#1421=EDGE_CURVE('',#1128,#1129,#577,.T.);
#1422=EDGE_CURVE('',#1110,#1130,#578,.T.);
#1423=EDGE_CURVE('',#1129,#1130,#901,.T.);
#1424=EDGE_CURVE('',#1112,#1131,#579,.T.);
#1425=EDGE_CURVE('',#1130,#1131,#902,.T.);
#1426=EDGE_CURVE('',#1132,#1114,#580,.T.);
#1427=EDGE_CURVE('',#1131,#1132,#581,.T.);
#1428=EDGE_CURVE('',#1133,#1116,#582,.T.);
#1429=EDGE_CURVE('',#1132,#1133,#903,.T.);
#1430=EDGE_CURVE('',#1118,#1134,#583,.T.);
#1431=EDGE_CURVE('',#1133,#1134,#904,.T.);
#1432=EDGE_CURVE('',#1135,#1120,#584,.T.);
#1433=EDGE_CURVE('',#1134,#1135,#585,.T.);
#1434=EDGE_CURVE('',#1136,#1057,#586,.T.);
#1435=EDGE_CURVE('',#1135,#1136,#905,.T.);
#1436=EDGE_CURVE('',#1060,#1137,#587,.T.);
#1437=EDGE_CURVE('',#1136,#1137,#906,.T.);
#1438=EDGE_CURVE('',#1138,#1138,#907,.T.);
#1439=EDGE_CURVE('',#1139,#1139,#908,.T.);
#1440=EDGE_CURVE('',#1140,#1140,#909,.T.);
#1441=EDGE_CURVE('',#1141,#1141,#910,.T.);
#1442=EDGE_CURVE('',#1142,#1142,#911,.T.);
#1443=EDGE_CURVE('',#1143,#1143,#912,.T.);
#1444=EDGE_CURVE('',#1144,#1144,#913,.T.);
#1445=EDGE_CURVE('',#1145,#1145,#914,.T.);
#1446=EDGE_CURVE('',#1136,#1146,#915,.T.);
#1447=EDGE_CURVE('',#1146,#1147,#916,.T.);
#1448=EDGE_CURVE('',#1147,#1135,#917,.T.);
#1449=EDGE_CURVE('',#1148,#1134,#918,.T.);
#1450=EDGE_CURVE('',#1147,#1148,#588,.T.);
#1451=EDGE_CURVE('',#1149,#1133,#919,.T.);
#1452=EDGE_CURVE('',#1148,#1149,#920,.T.);
#1453=EDGE_CURVE('',#1150,#1132,#921,.T.);
#1454=EDGE_CURVE('',#1149,#1150,#922,.T.);
#1455=EDGE_CURVE('',#1151,#1131,#923,.T.);
#1456=EDGE_CURVE('',#1150,#1151,#589,.T.);
#1457=EDGE_CURVE('',#1152,#1130,#924,.T.);
#1458=EDGE_CURVE('',#1151,#1152,#925,.T.);
#1459=EDGE_CURVE('',#1153,#1129,#926,.T.);
#1460=EDGE_CURVE('',#1152,#1153,#927,.T.);
#1461=EDGE_CURVE('',#1154,#1128,#928,.T.);
#1462=EDGE_CURVE('',#1153,#1154,#590,.T.);
#1463=EDGE_CURVE('',#1155,#1127,#929,.T.);
#1464=EDGE_CURVE('',#1154,#1155,#930,.T.);
#1465=EDGE_CURVE('',#1156,#1126,#931,.T.);
#1466=EDGE_CURVE('',#1155,#1156,#591,.T.);
#1467=EDGE_CURVE('',#1157,#1125,#932,.T.);
#1468=EDGE_CURVE('',#1156,#1157,#933,.T.);
#1469=EDGE_CURVE('',#1158,#1124,#934,.T.);
#1470=EDGE_CURVE('',#1157,#1158,#592,.T.);
#1471=EDGE_CURVE('',#1159,#1123,#935,.T.);
#1472=EDGE_CURVE('',#1158,#1159,#936,.T.);
#1473=EDGE_CURVE('',#1160,#1121,#937,.T.);
#1474=EDGE_CURVE('',#1159,#1160,#938,.T.);
#1475=EDGE_CURVE('',#1161,#1122,#939,.T.);
#1476=EDGE_CURVE('',#1160,#1161,#593,.T.);
#1477=EDGE_CURVE('',#1162,#1163,#940,.T.);
#1478=EDGE_CURVE('',#1163,#1122,#941,.T.);
#1479=EDGE_CURVE('',#1161,#1162,#942,.T.);
#1480=EDGE_CURVE('',#1164,#1165,#943,.T.);
#1481=EDGE_CURVE('',#1165,#1163,#944,.T.);
#1482=EDGE_CURVE('',#1162,#1164,#945,.T.);
#1483=EDGE_CURVE('',#1166,#1167,#946,.T.);
#1484=EDGE_CURVE('',#1167,#1165,#594,.T.);
#1485=EDGE_CURVE('',#1164,#1166,#595,.T.);
#1486=EDGE_CURVE('',#1168,#1169,#947,.T.);
#1487=EDGE_CURVE('',#1169,#1167,#948,.T.);
#1488=EDGE_CURVE('',#1166,#1168,#949,.T.);
#1489=EDGE_CURVE('',#1170,#1171,#950,.T.);
#1490=EDGE_CURVE('',#1171,#1169,#951,.T.);
#1491=EDGE_CURVE('',#1168,#1170,#952,.T.);
#1492=EDGE_CURVE('',#1172,#1173,#953,.T.);
#1493=EDGE_CURVE('',#1173,#1171,#596,.T.);
#1494=EDGE_CURVE('',#1170,#1172,#597,.T.);
#1495=EDGE_CURVE('',#1174,#1175,#954,.T.);
#1496=EDGE_CURVE('',#1175,#1173,#955,.T.);
#1497=EDGE_CURVE('',#1172,#1174,#956,.T.);
#1498=EDGE_CURVE('',#1176,#1177,#957,.T.);
#1499=EDGE_CURVE('',#1177,#1175,#958,.T.);
#1500=EDGE_CURVE('',#1174,#1176,#959,.T.);
#1501=EDGE_CURVE('',#1178,#1179,#960,.T.);
#1502=EDGE_CURVE('',#1179,#1177,#598,.T.);
#1503=EDGE_CURVE('',#1176,#1178,#599,.T.);
#1504=EDGE_CURVE('',#1180,#1181,#961,.T.);
#1505=EDGE_CURVE('',#1181,#1179,#962,.T.);
#1506=EDGE_CURVE('',#1178,#1180,#963,.T.);
#1507=EDGE_CURVE('',#1182,#1183,#964,.T.);
#1508=EDGE_CURVE('',#1183,#1181,#600,.T.);
#1509=EDGE_CURVE('',#1180,#1182,#601,.T.);
#1510=EDGE_CURVE('',#1184,#1185,#965,.T.);
#1511=EDGE_CURVE('',#1185,#1183,#966,.T.);
#1512=EDGE_CURVE('',#1182,#1184,#967,.T.);
#1513=EDGE_CURVE('',#1186,#1187,#968,.T.);
#1514=EDGE_CURVE('',#1187,#1185,#602,.T.);
#1515=EDGE_CURVE('',#1184,#1186,#603,.T.);
#1516=EDGE_CURVE('',#1188,#1189,#969,.T.);
#1517=EDGE_CURVE('',#1189,#1187,#970,.T.);
#1518=EDGE_CURVE('',#1186,#1188,#971,.T.);
#1519=EDGE_CURVE('',#1190,#1191,#972,.T.);
#1520=EDGE_CURVE('',#1191,#1189,#973,.T.);
#1521=EDGE_CURVE('',#1188,#1190,#974,.T.);
#1522=EDGE_CURVE('',#1192,#1137,#975,.T.);
#1523=EDGE_CURVE('',#1137,#1191,#604,.T.);
#1524=EDGE_CURVE('',#1190,#1192,#605,.T.);
#1525=EDGE_CURVE('',#1192,#1146,#976,.T.);
#1526=EDGE_CURVE('',#1165,#1088,#606,.T.);
#1527=EDGE_CURVE('',#1086,#1167,#607,.T.);
#1528=EDGE_CURVE('',#1169,#1084,#608,.T.);
#1529=EDGE_CURVE('',#1171,#1082,#609,.T.);
#1530=EDGE_CURVE('',#1080,#1173,#610,.T.);
#1531=EDGE_CURVE('',#1078,#1175,#611,.T.);
#1532=EDGE_CURVE('',#1177,#1076,#612,.T.);
#1533=EDGE_CURVE('',#1074,#1179,#613,.T.);
#1534=EDGE_CURVE('',#1181,#1072,#614,.T.);
#1535=EDGE_CURVE('',#1070,#1183,#615,.T.);
#1536=EDGE_CURVE('',#1185,#1068,#616,.T.);
#1537=EDGE_CURVE('',#1066,#1187,#617,.T.);
#1538=EDGE_CURVE('',#1189,#1064,#618,.T.);
#1539=EDGE_CURVE('',#1191,#1062,#619,.T.);
#1540=EDGE_CURVE('',#1193,#1193,#977,.T.);
#1541=EDGE_CURVE('',#1194,#1194,#978,.T.);
#1542=EDGE_CURVE('',#1195,#1195,#979,.T.);
#1543=EDGE_CURVE('',#1196,#1196,#980,.T.);
#1544=EDGE_CURVE('',#1197,#1197,#981,.T.);
#1545=EDGE_CURVE('',#1198,#1198,#982,.T.);
#1546=EDGE_CURVE('',#1199,#1199,#983,.T.);
#1547=EDGE_CURVE('',#1200,#1200,#984,.T.);
#1548=EDGE_CURVE('',#1193,#1138,#620,.T.);
#1549=EDGE_CURVE('',#1194,#1139,#621,.T.);
#1550=EDGE_CURVE('',#1195,#1140,#622,.T.);
#1551=EDGE_CURVE('',#1196,#1141,#623,.T.);
#1552=EDGE_CURVE('',#1197,#1142,#624,.T.);
#1553=EDGE_CURVE('',#1198,#1143,#625,.T.);
#1554=EDGE_CURVE('',#1199,#1144,#626,.T.);
#1555=EDGE_CURVE('',#1200,#1145,#627,.T.);
#1556=EDGE_CURVE('',#1163,#1090,#628,.T.);
#1557=ORIENTED_EDGE('',*,*,#1201,.F.);
#1558=ORIENTED_EDGE('',*,*,#1202,.T.);
#1559=ORIENTED_EDGE('',*,*,#1203,.F.);
#1560=ORIENTED_EDGE('',*,*,#1202,.F.);
#1561=ORIENTED_EDGE('',*,*,#1204,.F.);
#1562=ORIENTED_EDGE('',*,*,#1205,.T.);
#1563=ORIENTED_EDGE('',*,*,#1206,.F.);
#1564=ORIENTED_EDGE('',*,*,#1205,.F.);
#1565=ORIENTED_EDGE('',*,*,#1207,.F.);
#1566=ORIENTED_EDGE('',*,*,#1208,.T.);
#1567=ORIENTED_EDGE('',*,*,#1209,.F.);
#1568=ORIENTED_EDGE('',*,*,#1208,.F.);
#1569=ORIENTED_EDGE('',*,*,#1210,.F.);
#1570=ORIENTED_EDGE('',*,*,#1211,.T.);
#1571=ORIENTED_EDGE('',*,*,#1212,.F.);
#1572=ORIENTED_EDGE('',*,*,#1211,.F.);
#1573=ORIENTED_EDGE('',*,*,#1213,.F.);
#1574=ORIENTED_EDGE('',*,*,#1214,.T.);
#1575=ORIENTED_EDGE('',*,*,#1215,.F.);
#1576=ORIENTED_EDGE('',*,*,#1214,.F.);
#1577=ORIENTED_EDGE('',*,*,#1216,.F.);
#1578=ORIENTED_EDGE('',*,*,#1217,.T.);
#1579=ORIENTED_EDGE('',*,*,#1218,.F.);
#1580=ORIENTED_EDGE('',*,*,#1217,.F.);
#1581=ORIENTED_EDGE('',*,*,#1219,.F.);
#1582=ORIENTED_EDGE('',*,*,#1220,.T.);
#1583=ORIENTED_EDGE('',*,*,#1221,.F.);
#1584=ORIENTED_EDGE('',*,*,#1220,.F.);
#1585=ORIENTED_EDGE('',*,*,#1222,.F.);
#1586=ORIENTED_EDGE('',*,*,#1223,.T.);
#1587=ORIENTED_EDGE('',*,*,#1224,.F.);
#1588=ORIENTED_EDGE('',*,*,#1223,.F.);
#1589=ORIENTED_EDGE('',*,*,#1225,.F.);
#1590=ORIENTED_EDGE('',*,*,#1226,.T.);
#1591=ORIENTED_EDGE('',*,*,#1227,.F.);
#1592=ORIENTED_EDGE('',*,*,#1226,.F.);
#1593=ORIENTED_EDGE('',*,*,#1228,.F.);
#1594=ORIENTED_EDGE('',*,*,#1229,.T.);
#1595=ORIENTED_EDGE('',*,*,#1230,.F.);
#1596=ORIENTED_EDGE('',*,*,#1229,.F.);
#1597=ORIENTED_EDGE('',*,*,#1231,.F.);
#1598=ORIENTED_EDGE('',*,*,#1232,.T.);
#1599=ORIENTED_EDGE('',*,*,#1233,.F.);
#1600=ORIENTED_EDGE('',*,*,#1232,.F.);
#1601=ORIENTED_EDGE('',*,*,#1234,.F.);
#1602=ORIENTED_EDGE('',*,*,#1235,.T.);
#1603=ORIENTED_EDGE('',*,*,#1236,.F.);
#1604=ORIENTED_EDGE('',*,*,#1235,.F.);
#1605=ORIENTED_EDGE('',*,*,#1237,.F.);
#1606=ORIENTED_EDGE('',*,*,#1238,.F.);
#1607=ORIENTED_EDGE('',*,*,#1239,.F.);
#1608=ORIENTED_EDGE('',*,*,#1240,.T.);
#1609=ORIENTED_EDGE('',*,*,#1241,.F.);
#1610=ORIENTED_EDGE('',*,*,#1240,.F.);
#1611=ORIENTED_EDGE('',*,*,#1242,.F.);
#1612=ORIENTED_EDGE('',*,*,#1243,.T.);
#1613=ORIENTED_EDGE('',*,*,#1244,.F.);
#1614=ORIENTED_EDGE('',*,*,#1243,.F.);
#1615=ORIENTED_EDGE('',*,*,#1245,.F.);
#1616=ORIENTED_EDGE('',*,*,#1246,.T.);
#1617=ORIENTED_EDGE('',*,*,#1247,.F.);
#1618=ORIENTED_EDGE('',*,*,#1246,.F.);
#1619=ORIENTED_EDGE('',*,*,#1248,.F.);
#1620=ORIENTED_EDGE('',*,*,#1238,.T.);
#1621=ORIENTED_EDGE('',*,*,#1249,.F.);
#1622=ORIENTED_EDGE('',*,*,#1250,.F.);
#1623=ORIENTED_EDGE('',*,*,#1251,.F.);
#1624=ORIENTED_EDGE('',*,*,#1252,.T.);
#1625=ORIENTED_EDGE('',*,*,#1253,.F.);
#1626=ORIENTED_EDGE('',*,*,#1252,.F.);
#1627=ORIENTED_EDGE('',*,*,#1254,.F.);
#1628=ORIENTED_EDGE('',*,*,#1255,.T.);
#1629=ORIENTED_EDGE('',*,*,#1256,.F.);
#1630=ORIENTED_EDGE('',*,*,#1255,.F.);
#1631=ORIENTED_EDGE('',*,*,#1257,.F.);
#1632=ORIENTED_EDGE('',*,*,#1258,.T.);
#1633=ORIENTED_EDGE('',*,*,#1259,.F.);
#1634=ORIENTED_EDGE('',*,*,#1258,.F.);
#1635=ORIENTED_EDGE('',*,*,#1260,.F.);
#1636=ORIENTED_EDGE('',*,*,#1250,.T.);
#1637=ORIENTED_EDGE('',*,*,#1261,.F.);
#1638=ORIENTED_EDGE('',*,*,#1262,.F.);
#1639=ORIENTED_EDGE('',*,*,#1263,.F.);
#1640=ORIENTED_EDGE('',*,*,#1264,.T.);
#1641=ORIENTED_EDGE('',*,*,#1265,.F.);
#1642=ORIENTED_EDGE('',*,*,#1264,.F.);
#1643=ORIENTED_EDGE('',*,*,#1266,.F.);
#1644=ORIENTED_EDGE('',*,*,#1267,.T.);
#1645=ORIENTED_EDGE('',*,*,#1268,.F.);
#1646=ORIENTED_EDGE('',*,*,#1267,.F.);
#1647=ORIENTED_EDGE('',*,*,#1269,.F.);
#1648=ORIENTED_EDGE('',*,*,#1270,.T.);
#1649=ORIENTED_EDGE('',*,*,#1271,.F.);
#1650=ORIENTED_EDGE('',*,*,#1270,.F.);
#1651=ORIENTED_EDGE('',*,*,#1272,.F.);
#1652=ORIENTED_EDGE('',*,*,#1262,.T.);
#1653=ORIENTED_EDGE('',*,*,#1273,.F.);
#1654=ORIENTED_EDGE('',*,*,#1274,.F.);
#1655=ORIENTED_EDGE('',*,*,#1275,.F.);
#1656=ORIENTED_EDGE('',*,*,#1276,.T.);
#1657=ORIENTED_EDGE('',*,*,#1277,.F.);
#1658=ORIENTED_EDGE('',*,*,#1276,.F.);
#1659=ORIENTED_EDGE('',*,*,#1278,.F.);
#1660=ORIENTED_EDGE('',*,*,#1279,.T.);
#1661=ORIENTED_EDGE('',*,*,#1280,.F.);
#1662=ORIENTED_EDGE('',*,*,#1279,.F.);
#1663=ORIENTED_EDGE('',*,*,#1281,.F.);
#1664=ORIENTED_EDGE('',*,*,#1282,.T.);
#1665=ORIENTED_EDGE('',*,*,#1283,.F.);
#1666=ORIENTED_EDGE('',*,*,#1282,.F.);
#1667=ORIENTED_EDGE('',*,*,#1284,.F.);
#1668=ORIENTED_EDGE('',*,*,#1274,.T.);
#1669=ORIENTED_EDGE('',*,*,#1285,.F.);
#1670=ORIENTED_EDGE('',*,*,#1286,.T.);
#1671=ORIENTED_EDGE('',*,*,#1287,.F.);
#1672=ORIENTED_EDGE('',*,*,#1286,.F.);
#1673=ORIENTED_EDGE('',*,*,#1288,.F.);
#1674=ORIENTED_EDGE('',*,*,#1289,.T.);
#1675=ORIENTED_EDGE('',*,*,#1290,.F.);
#1676=ORIENTED_EDGE('',*,*,#1289,.F.);
#1677=ORIENTED_EDGE('',*,*,#1291,.F.);
#1678=ORIENTED_EDGE('',*,*,#1292,.T.);
#1679=ORIENTED_EDGE('',*,*,#1293,.F.);
#1680=ORIENTED_EDGE('',*,*,#1292,.F.);
#1681=ORIENTED_EDGE('',*,*,#1294,.F.);
#1682=ORIENTED_EDGE('',*,*,#1295,.T.);
#1683=ORIENTED_EDGE('',*,*,#1296,.F.);
#1684=ORIENTED_EDGE('',*,*,#1295,.F.);
#1685=ORIENTED_EDGE('',*,*,#1297,.F.);
#1686=ORIENTED_EDGE('',*,*,#1298,.T.);
#1687=ORIENTED_EDGE('',*,*,#1299,.F.);
#1688=ORIENTED_EDGE('',*,*,#1298,.F.);
#1689=ORIENTED_EDGE('',*,*,#1300,.F.);
#1690=ORIENTED_EDGE('',*,*,#1301,.T.);
#1691=ORIENTED_EDGE('',*,*,#1302,.F.);
#1692=ORIENTED_EDGE('',*,*,#1301,.F.);
#1693=ORIENTED_EDGE('',*,*,#1303,.F.);
#1694=ORIENTED_EDGE('',*,*,#1304,.T.);
#1695=ORIENTED_EDGE('',*,*,#1305,.F.);
#1696=ORIENTED_EDGE('',*,*,#1304,.F.);
#1697=ORIENTED_EDGE('',*,*,#1306,.F.);
#1698=ORIENTED_EDGE('',*,*,#1307,.T.);
#1699=ORIENTED_EDGE('',*,*,#1308,.F.);
#1700=ORIENTED_EDGE('',*,*,#1307,.F.);
#1701=ORIENTED_EDGE('',*,*,#1309,.T.);
#1702=ORIENTED_EDGE('',*,*,#1310,.T.);
#1703=ORIENTED_EDGE('',*,*,#1311,.T.);
#1704=ORIENTED_EDGE('',*,*,#1312,.T.);
#1705=ORIENTED_EDGE('',*,*,#1313,.T.);
#1706=ORIENTED_EDGE('',*,*,#1314,.T.);
#1707=ORIENTED_EDGE('',*,*,#1311,.F.);
#1708=ORIENTED_EDGE('',*,*,#1315,.T.);
#1709=ORIENTED_EDGE('',*,*,#1316,.T.);
#1710=ORIENTED_EDGE('',*,*,#1317,.T.);
#1711=ORIENTED_EDGE('',*,*,#1313,.F.);
#1712=ORIENTED_EDGE('',*,*,#1318,.T.);
#1713=ORIENTED_EDGE('',*,*,#1319,.T.);
#1714=ORIENTED_EDGE('',*,*,#1320,.T.);
#1715=ORIENTED_EDGE('',*,*,#1316,.F.);
#1716=ORIENTED_EDGE('',*,*,#1321,.T.);
#1717=ORIENTED_EDGE('',*,*,#1322,.T.);
#1718=ORIENTED_EDGE('',*,*,#1323,.T.);
#1719=ORIENTED_EDGE('',*,*,#1319,.F.);
#1720=ORIENTED_EDGE('',*,*,#1324,.T.);
#1721=ORIENTED_EDGE('',*,*,#1325,.T.);
#1722=ORIENTED_EDGE('',*,*,#1326,.T.);
#1723=ORIENTED_EDGE('',*,*,#1322,.F.);
#1724=ORIENTED_EDGE('',*,*,#1327,.T.);
#1725=ORIENTED_EDGE('',*,*,#1328,.T.);
#1726=ORIENTED_EDGE('',*,*,#1329,.T.);
#1727=ORIENTED_EDGE('',*,*,#1325,.F.);
#1728=ORIENTED_EDGE('',*,*,#1330,.T.);
#1729=ORIENTED_EDGE('',*,*,#1331,.T.);
#1730=ORIENTED_EDGE('',*,*,#1332,.T.);
#1731=ORIENTED_EDGE('',*,*,#1328,.F.);
#1732=ORIENTED_EDGE('',*,*,#1333,.T.);
#1733=ORIENTED_EDGE('',*,*,#1334,.T.);
#1734=ORIENTED_EDGE('',*,*,#1335,.T.);
#1735=ORIENTED_EDGE('',*,*,#1331,.F.);
#1736=ORIENTED_EDGE('',*,*,#1336,.T.);
#1737=ORIENTED_EDGE('',*,*,#1337,.T.);
#1738=ORIENTED_EDGE('',*,*,#1338,.T.);
#1739=ORIENTED_EDGE('',*,*,#1334,.F.);
#1740=ORIENTED_EDGE('',*,*,#1339,.T.);
#1741=ORIENTED_EDGE('',*,*,#1340,.T.);
#1742=ORIENTED_EDGE('',*,*,#1341,.T.);
#1743=ORIENTED_EDGE('',*,*,#1337,.F.);
#1744=ORIENTED_EDGE('',*,*,#1342,.T.);
#1745=ORIENTED_EDGE('',*,*,#1343,.T.);
#1746=ORIENTED_EDGE('',*,*,#1344,.T.);
#1747=ORIENTED_EDGE('',*,*,#1340,.F.);
#1748=ORIENTED_EDGE('',*,*,#1345,.T.);
#1749=ORIENTED_EDGE('',*,*,#1346,.T.);
#1750=ORIENTED_EDGE('',*,*,#1347,.T.);
#1751=ORIENTED_EDGE('',*,*,#1343,.F.);
#1752=ORIENTED_EDGE('',*,*,#1348,.T.);
#1753=ORIENTED_EDGE('',*,*,#1349,.T.);
#1754=ORIENTED_EDGE('',*,*,#1350,.T.);
#1755=ORIENTED_EDGE('',*,*,#1346,.F.);
#1756=ORIENTED_EDGE('',*,*,#1351,.T.);
#1757=ORIENTED_EDGE('',*,*,#1352,.T.);
#1758=ORIENTED_EDGE('',*,*,#1353,.T.);
#1759=ORIENTED_EDGE('',*,*,#1349,.F.);
#1760=ORIENTED_EDGE('',*,*,#1354,.T.);
#1761=ORIENTED_EDGE('',*,*,#1355,.T.);
#1762=ORIENTED_EDGE('',*,*,#1356,.T.);
#1763=ORIENTED_EDGE('',*,*,#1352,.F.);
#1764=ORIENTED_EDGE('',*,*,#1357,.T.);
#1765=ORIENTED_EDGE('',*,*,#1358,.T.);
#1766=ORIENTED_EDGE('',*,*,#1359,.T.);
#1767=ORIENTED_EDGE('',*,*,#1355,.F.);
#1768=ORIENTED_EDGE('',*,*,#1360,.T.);
#1769=ORIENTED_EDGE('',*,*,#1361,.T.);
#1770=ORIENTED_EDGE('',*,*,#1362,.T.);
#1771=ORIENTED_EDGE('',*,*,#1358,.F.);
#1772=ORIENTED_EDGE('',*,*,#1363,.T.);
#1773=ORIENTED_EDGE('',*,*,#1364,.T.);
#1774=ORIENTED_EDGE('',*,*,#1365,.T.);
#1775=ORIENTED_EDGE('',*,*,#1361,.F.);
#1776=ORIENTED_EDGE('',*,*,#1366,.T.);
#1777=ORIENTED_EDGE('',*,*,#1367,.T.);
#1778=ORIENTED_EDGE('',*,*,#1368,.T.);
#1779=ORIENTED_EDGE('',*,*,#1364,.F.);
#1780=ORIENTED_EDGE('',*,*,#1369,.T.);
#1781=ORIENTED_EDGE('',*,*,#1370,.T.);
#1782=ORIENTED_EDGE('',*,*,#1371,.T.);
#1783=ORIENTED_EDGE('',*,*,#1367,.F.);
#1784=ORIENTED_EDGE('',*,*,#1372,.T.);
#1785=ORIENTED_EDGE('',*,*,#1373,.T.);
#1786=ORIENTED_EDGE('',*,*,#1374,.T.);
#1787=ORIENTED_EDGE('',*,*,#1370,.F.);
#1788=ORIENTED_EDGE('',*,*,#1375,.T.);
#1789=ORIENTED_EDGE('',*,*,#1376,.T.);
#1790=ORIENTED_EDGE('',*,*,#1377,.T.);
#1791=ORIENTED_EDGE('',*,*,#1373,.F.);
#1792=ORIENTED_EDGE('',*,*,#1378,.T.);
#1793=ORIENTED_EDGE('',*,*,#1379,.T.);
#1794=ORIENTED_EDGE('',*,*,#1380,.T.);
#1795=ORIENTED_EDGE('',*,*,#1376,.F.);
#1796=ORIENTED_EDGE('',*,*,#1381,.T.);
#1797=ORIENTED_EDGE('',*,*,#1382,.T.);
#1798=ORIENTED_EDGE('',*,*,#1383,.T.);
#1799=ORIENTED_EDGE('',*,*,#1379,.F.);
#1800=ORIENTED_EDGE('',*,*,#1384,.T.);
#1801=ORIENTED_EDGE('',*,*,#1385,.T.);
#1802=ORIENTED_EDGE('',*,*,#1386,.T.);
#1803=ORIENTED_EDGE('',*,*,#1382,.F.);
#1804=ORIENTED_EDGE('',*,*,#1387,.T.);
#1805=ORIENTED_EDGE('',*,*,#1388,.T.);
#1806=ORIENTED_EDGE('',*,*,#1389,.T.);
#1807=ORIENTED_EDGE('',*,*,#1385,.F.);
#1808=ORIENTED_EDGE('',*,*,#1390,.T.);
#1809=ORIENTED_EDGE('',*,*,#1391,.T.);
#1810=ORIENTED_EDGE('',*,*,#1392,.T.);
#1811=ORIENTED_EDGE('',*,*,#1388,.F.);
#1812=ORIENTED_EDGE('',*,*,#1393,.T.);
#1813=ORIENTED_EDGE('',*,*,#1394,.T.);
#1814=ORIENTED_EDGE('',*,*,#1395,.T.);
#1815=ORIENTED_EDGE('',*,*,#1391,.F.);
#1816=ORIENTED_EDGE('',*,*,#1396,.T.);
#1817=ORIENTED_EDGE('',*,*,#1397,.T.);
#1818=ORIENTED_EDGE('',*,*,#1398,.T.);
#1819=ORIENTED_EDGE('',*,*,#1394,.F.);
#1820=ORIENTED_EDGE('',*,*,#1399,.T.);
#1821=ORIENTED_EDGE('',*,*,#1400,.T.);
#1822=ORIENTED_EDGE('',*,*,#1401,.T.);
#1823=ORIENTED_EDGE('',*,*,#1397,.F.);
#1824=ORIENTED_EDGE('',*,*,#1402,.T.);
#1825=ORIENTED_EDGE('',*,*,#1309,.F.);
#1826=ORIENTED_EDGE('',*,*,#1403,.T.);
#1827=ORIENTED_EDGE('',*,*,#1400,.F.);
#1828=ORIENTED_EDGE('',*,*,#1404,.T.);
#1829=ORIENTED_EDGE('',*,*,#1362,.F.);
#1830=ORIENTED_EDGE('',*,*,#1405,.F.);
#1831=ORIENTED_EDGE('',*,*,#1406,.F.);
#1832=ORIENTED_EDGE('',*,*,#1407,.F.);
#1833=ORIENTED_EDGE('',*,*,#1365,.F.);
#1834=ORIENTED_EDGE('',*,*,#1408,.F.);
#1835=ORIENTED_EDGE('',*,*,#1409,.F.);
#1836=ORIENTED_EDGE('',*,*,#1405,.T.);
#1837=ORIENTED_EDGE('',*,*,#1368,.F.);
#1838=ORIENTED_EDGE('',*,*,#1410,.T.);
#1839=ORIENTED_EDGE('',*,*,#1411,.F.);
#1840=ORIENTED_EDGE('',*,*,#1408,.T.);
#1841=ORIENTED_EDGE('',*,*,#1371,.F.);
#1842=ORIENTED_EDGE('',*,*,#1412,.F.);
#1843=ORIENTED_EDGE('',*,*,#1413,.F.);
#1844=ORIENTED_EDGE('',*,*,#1410,.F.);
#1845=ORIENTED_EDGE('',*,*,#1374,.F.);
#1846=ORIENTED_EDGE('',*,*,#1414,.T.);
#1847=ORIENTED_EDGE('',*,*,#1415,.F.);
#1848=ORIENTED_EDGE('',*,*,#1412,.T.);
#1849=ORIENTED_EDGE('',*,*,#1377,.F.);
#1850=ORIENTED_EDGE('',*,*,#1416,.F.);
#1851=ORIENTED_EDGE('',*,*,#1417,.F.);
#1852=ORIENTED_EDGE('',*,*,#1414,.F.);
#1853=ORIENTED_EDGE('',*,*,#1380,.F.);
#1854=ORIENTED_EDGE('',*,*,#1418,.T.);
#1855=ORIENTED_EDGE('',*,*,#1419,.F.);
#1856=ORIENTED_EDGE('',*,*,#1416,.T.);
#1857=ORIENTED_EDGE('',*,*,#1383,.F.);
#1858=ORIENTED_EDGE('',*,*,#1420,.F.);
#1859=ORIENTED_EDGE('',*,*,#1421,.F.);
#1860=ORIENTED_EDGE('',*,*,#1418,.F.);
#1861=ORIENTED_EDGE('',*,*,#1386,.F.);
#1862=ORIENTED_EDGE('',*,*,#1422,.T.);
#1863=ORIENTED_EDGE('',*,*,#1423,.F.);
#1864=ORIENTED_EDGE('',*,*,#1420,.T.);
#1865=ORIENTED_EDGE('',*,*,#1389,.F.);
#1866=ORIENTED_EDGE('',*,*,#1424,.T.);
#1867=ORIENTED_EDGE('',*,*,#1425,.F.);
#1868=ORIENTED_EDGE('',*,*,#1422,.F.);
#1869=ORIENTED_EDGE('',*,*,#1392,.F.);
#1870=ORIENTED_EDGE('',*,*,#1426,.F.);
#1871=ORIENTED_EDGE('',*,*,#1427,.F.);
#1872=ORIENTED_EDGE('',*,*,#1424,.F.);
#1873=ORIENTED_EDGE('',*,*,#1395,.F.);
#1874=ORIENTED_EDGE('',*,*,#1428,.F.);
#1875=ORIENTED_EDGE('',*,*,#1429,.F.);
#1876=ORIENTED_EDGE('',*,*,#1426,.T.);
#1877=ORIENTED_EDGE('',*,*,#1398,.F.);
#1878=ORIENTED_EDGE('',*,*,#1430,.T.);
#1879=ORIENTED_EDGE('',*,*,#1431,.F.);
#1880=ORIENTED_EDGE('',*,*,#1428,.T.);
#1881=ORIENTED_EDGE('',*,*,#1401,.F.);
#1882=ORIENTED_EDGE('',*,*,#1432,.F.);
#1883=ORIENTED_EDGE('',*,*,#1433,.F.);
#1884=ORIENTED_EDGE('',*,*,#1430,.F.);
#1885=ORIENTED_EDGE('',*,*,#1403,.F.);
#1886=ORIENTED_EDGE('',*,*,#1434,.F.);
#1887=ORIENTED_EDGE('',*,*,#1435,.F.);
#1888=ORIENTED_EDGE('',*,*,#1432,.T.);
#1889=ORIENTED_EDGE('',*,*,#1312,.F.);
#1890=ORIENTED_EDGE('',*,*,#1436,.T.);
#1891=ORIENTED_EDGE('',*,*,#1437,.F.);
#1892=ORIENTED_EDGE('',*,*,#1434,.T.);
#1893=ORIENTED_EDGE('',*,*,#1310,.F.);
#1894=ORIENTED_EDGE('',*,*,#1404,.F.);
#1895=ORIENTED_EDGE('',*,*,#1402,.F.);
#1896=ORIENTED_EDGE('',*,*,#1399,.F.);
#1897=ORIENTED_EDGE('',*,*,#1396,.F.);
#1898=ORIENTED_EDGE('',*,*,#1393,.F.);
#1899=ORIENTED_EDGE('',*,*,#1390,.F.);
#1900=ORIENTED_EDGE('',*,*,#1387,.F.);
#1901=ORIENTED_EDGE('',*,*,#1384,.F.);
#1902=ORIENTED_EDGE('',*,*,#1381,.F.);
#1903=ORIENTED_EDGE('',*,*,#1378,.F.);
#1904=ORIENTED_EDGE('',*,*,#1375,.F.);
#1905=ORIENTED_EDGE('',*,*,#1372,.F.);
#1906=ORIENTED_EDGE('',*,*,#1369,.F.);
#1907=ORIENTED_EDGE('',*,*,#1366,.F.);
#1908=ORIENTED_EDGE('',*,*,#1363,.F.);
#1909=ORIENTED_EDGE('',*,*,#1360,.F.);
#1910=ORIENTED_EDGE('',*,*,#1357,.F.);
#1911=ORIENTED_EDGE('',*,*,#1354,.F.);
#1912=ORIENTED_EDGE('',*,*,#1351,.F.);
#1913=ORIENTED_EDGE('',*,*,#1348,.F.);
#1914=ORIENTED_EDGE('',*,*,#1345,.F.);
#1915=ORIENTED_EDGE('',*,*,#1342,.F.);
#1916=ORIENTED_EDGE('',*,*,#1339,.F.);
#1917=ORIENTED_EDGE('',*,*,#1336,.F.);
#1918=ORIENTED_EDGE('',*,*,#1333,.F.);
#1919=ORIENTED_EDGE('',*,*,#1330,.F.);
#1920=ORIENTED_EDGE('',*,*,#1327,.F.);
#1921=ORIENTED_EDGE('',*,*,#1324,.F.);
#1922=ORIENTED_EDGE('',*,*,#1321,.F.);
#1923=ORIENTED_EDGE('',*,*,#1318,.F.);
#1924=ORIENTED_EDGE('',*,*,#1315,.F.);
#1925=ORIENTED_EDGE('',*,*,#1244,.T.);
#1926=ORIENTED_EDGE('',*,*,#1247,.T.);
#1927=ORIENTED_EDGE('',*,*,#1237,.T.);
#1928=ORIENTED_EDGE('',*,*,#1241,.T.);
#1929=ORIENTED_EDGE('',*,*,#1256,.T.);
#1930=ORIENTED_EDGE('',*,*,#1259,.T.);
#1931=ORIENTED_EDGE('',*,*,#1249,.T.);
#1932=ORIENTED_EDGE('',*,*,#1253,.T.);
#1933=ORIENTED_EDGE('',*,*,#1268,.T.);
#1934=ORIENTED_EDGE('',*,*,#1271,.T.);
#1935=ORIENTED_EDGE('',*,*,#1261,.T.);
#1936=ORIENTED_EDGE('',*,*,#1265,.T.);
#1937=ORIENTED_EDGE('',*,*,#1280,.T.);
#1938=ORIENTED_EDGE('',*,*,#1283,.T.);
#1939=ORIENTED_EDGE('',*,*,#1273,.T.);
#1940=ORIENTED_EDGE('',*,*,#1277,.T.);
#1941=ORIENTED_EDGE('',*,*,#1299,.T.);
#1942=ORIENTED_EDGE('',*,*,#1302,.T.);
#1943=ORIENTED_EDGE('',*,*,#1305,.T.);
#1944=ORIENTED_EDGE('',*,*,#1308,.T.);
#1945=ORIENTED_EDGE('',*,*,#1438,.T.);
#1946=ORIENTED_EDGE('',*,*,#1439,.T.);
#1947=ORIENTED_EDGE('',*,*,#1440,.T.);
#1948=ORIENTED_EDGE('',*,*,#1441,.T.);
#1949=ORIENTED_EDGE('',*,*,#1442,.T.);
#1950=ORIENTED_EDGE('',*,*,#1443,.T.);
#1951=ORIENTED_EDGE('',*,*,#1444,.T.);
#1952=ORIENTED_EDGE('',*,*,#1445,.T.);
#1953=ORIENTED_EDGE('',*,*,#1296,.T.);
#1954=ORIENTED_EDGE('',*,*,#1293,.T.);
#1955=ORIENTED_EDGE('',*,*,#1290,.T.);
#1956=ORIENTED_EDGE('',*,*,#1287,.T.);
#1957=ORIENTED_EDGE('',*,*,#1236,.T.);
#1958=ORIENTED_EDGE('',*,*,#1233,.T.);
#1959=ORIENTED_EDGE('',*,*,#1230,.T.);
#1960=ORIENTED_EDGE('',*,*,#1227,.T.);
#1961=ORIENTED_EDGE('',*,*,#1224,.T.);
#1962=ORIENTED_EDGE('',*,*,#1221,.T.);
#1963=ORIENTED_EDGE('',*,*,#1218,.T.);
#1964=ORIENTED_EDGE('',*,*,#1215,.T.);
#1965=ORIENTED_EDGE('',*,*,#1212,.T.);
#1966=ORIENTED_EDGE('',*,*,#1209,.T.);
#1967=ORIENTED_EDGE('',*,*,#1206,.T.);
#1968=ORIENTED_EDGE('',*,*,#1203,.T.);
#1969=ORIENTED_EDGE('',*,*,#1446,.T.);
#1970=ORIENTED_EDGE('',*,*,#1447,.T.);
#1971=ORIENTED_EDGE('',*,*,#1448,.T.);
#1972=ORIENTED_EDGE('',*,*,#1435,.T.);
#1973=ORIENTED_EDGE('',*,*,#1449,.T.);
#1974=ORIENTED_EDGE('',*,*,#1433,.T.);
#1975=ORIENTED_EDGE('',*,*,#1448,.F.);
#1976=ORIENTED_EDGE('',*,*,#1450,.T.);
#1977=ORIENTED_EDGE('',*,*,#1451,.T.);
#1978=ORIENTED_EDGE('',*,*,#1431,.T.);
#1979=ORIENTED_EDGE('',*,*,#1449,.F.);
#1980=ORIENTED_EDGE('',*,*,#1452,.T.);
#1981=ORIENTED_EDGE('',*,*,#1453,.T.);
#1982=ORIENTED_EDGE('',*,*,#1429,.T.);
#1983=ORIENTED_EDGE('',*,*,#1451,.F.);
#1984=ORIENTED_EDGE('',*,*,#1454,.T.);
#1985=ORIENTED_EDGE('',*,*,#1455,.T.);
#1986=ORIENTED_EDGE('',*,*,#1427,.T.);
#1987=ORIENTED_EDGE('',*,*,#1453,.F.);
#1988=ORIENTED_EDGE('',*,*,#1456,.T.);
#1989=ORIENTED_EDGE('',*,*,#1457,.T.);
#1990=ORIENTED_EDGE('',*,*,#1425,.T.);
#1991=ORIENTED_EDGE('',*,*,#1455,.F.);
#1992=ORIENTED_EDGE('',*,*,#1458,.T.);
#1993=ORIENTED_EDGE('',*,*,#1459,.T.);
#1994=ORIENTED_EDGE('',*,*,#1423,.T.);
#1995=ORIENTED_EDGE('',*,*,#1457,.F.);
#1996=ORIENTED_EDGE('',*,*,#1460,.T.);
#1997=ORIENTED_EDGE('',*,*,#1461,.T.);
#1998=ORIENTED_EDGE('',*,*,#1421,.T.);
#1999=ORIENTED_EDGE('',*,*,#1459,.F.);
#2000=ORIENTED_EDGE('',*,*,#1462,.T.);
#2001=ORIENTED_EDGE('',*,*,#1463,.T.);
#2002=ORIENTED_EDGE('',*,*,#1419,.T.);
#2003=ORIENTED_EDGE('',*,*,#1461,.F.);
#2004=ORIENTED_EDGE('',*,*,#1464,.T.);
#2005=ORIENTED_EDGE('',*,*,#1465,.T.);
#2006=ORIENTED_EDGE('',*,*,#1417,.T.);
#2007=ORIENTED_EDGE('',*,*,#1463,.F.);
#2008=ORIENTED_EDGE('',*,*,#1466,.T.);
#2009=ORIENTED_EDGE('',*,*,#1467,.T.);
#2010=ORIENTED_EDGE('',*,*,#1415,.T.);
#2011=ORIENTED_EDGE('',*,*,#1465,.F.);
#2012=ORIENTED_EDGE('',*,*,#1468,.T.);
#2013=ORIENTED_EDGE('',*,*,#1469,.T.);
#2014=ORIENTED_EDGE('',*,*,#1413,.T.);
#2015=ORIENTED_EDGE('',*,*,#1467,.F.);
#2016=ORIENTED_EDGE('',*,*,#1470,.T.);
#2017=ORIENTED_EDGE('',*,*,#1471,.T.);
#2018=ORIENTED_EDGE('',*,*,#1411,.T.);
#2019=ORIENTED_EDGE('',*,*,#1469,.F.);
#2020=ORIENTED_EDGE('',*,*,#1472,.T.);
#2021=ORIENTED_EDGE('',*,*,#1473,.T.);
#2022=ORIENTED_EDGE('',*,*,#1409,.T.);
#2023=ORIENTED_EDGE('',*,*,#1471,.F.);
#2024=ORIENTED_EDGE('',*,*,#1474,.T.);
#2025=ORIENTED_EDGE('',*,*,#1475,.T.);
#2026=ORIENTED_EDGE('',*,*,#1406,.T.);
#2027=ORIENTED_EDGE('',*,*,#1473,.F.);
#2028=ORIENTED_EDGE('',*,*,#1476,.T.);
#2029=ORIENTED_EDGE('',*,*,#1477,.T.);
#2030=ORIENTED_EDGE('',*,*,#1478,.T.);
#2031=ORIENTED_EDGE('',*,*,#1475,.F.);
#2032=ORIENTED_EDGE('',*,*,#1479,.T.);
#2033=ORIENTED_EDGE('',*,*,#1480,.T.);
#2034=ORIENTED_EDGE('',*,*,#1481,.T.);
#2035=ORIENTED_EDGE('',*,*,#1477,.F.);
#2036=ORIENTED_EDGE('',*,*,#1482,.T.);
#2037=ORIENTED_EDGE('',*,*,#1483,.T.);
#2038=ORIENTED_EDGE('',*,*,#1484,.T.);
#2039=ORIENTED_EDGE('',*,*,#1480,.F.);
#2040=ORIENTED_EDGE('',*,*,#1485,.T.);
#2041=ORIENTED_EDGE('',*,*,#1486,.T.);
#2042=ORIENTED_EDGE('',*,*,#1487,.T.);
#2043=ORIENTED_EDGE('',*,*,#1483,.F.);
#2044=ORIENTED_EDGE('',*,*,#1488,.T.);
#2045=ORIENTED_EDGE('',*,*,#1489,.T.);
#2046=ORIENTED_EDGE('',*,*,#1490,.T.);
#2047=ORIENTED_EDGE('',*,*,#1486,.F.);
#2048=ORIENTED_EDGE('',*,*,#1491,.T.);
#2049=ORIENTED_EDGE('',*,*,#1492,.T.);
#2050=ORIENTED_EDGE('',*,*,#1493,.T.);
#2051=ORIENTED_EDGE('',*,*,#1489,.F.);
#2052=ORIENTED_EDGE('',*,*,#1494,.T.);
#2053=ORIENTED_EDGE('',*,*,#1495,.T.);
#2054=ORIENTED_EDGE('',*,*,#1496,.T.);
#2055=ORIENTED_EDGE('',*,*,#1492,.F.);
#2056=ORIENTED_EDGE('',*,*,#1497,.T.);
#2057=ORIENTED_EDGE('',*,*,#1498,.T.);
#2058=ORIENTED_EDGE('',*,*,#1499,.T.);
#2059=ORIENTED_EDGE('',*,*,#1495,.F.);
#2060=ORIENTED_EDGE('',*,*,#1500,.T.);
#2061=ORIENTED_EDGE('',*,*,#1501,.T.);
#2062=ORIENTED_EDGE('',*,*,#1502,.T.);
#2063=ORIENTED_EDGE('',*,*,#1498,.F.);
#2064=ORIENTED_EDGE('',*,*,#1503,.T.);
#2065=ORIENTED_EDGE('',*,*,#1504,.T.);
#2066=ORIENTED_EDGE('',*,*,#1505,.T.);
#2067=ORIENTED_EDGE('',*,*,#1501,.F.);
#2068=ORIENTED_EDGE('',*,*,#1506,.T.);
#2069=ORIENTED_EDGE('',*,*,#1507,.T.);
#2070=ORIENTED_EDGE('',*,*,#1508,.T.);
#2071=ORIENTED_EDGE('',*,*,#1504,.F.);
#2072=ORIENTED_EDGE('',*,*,#1509,.T.);
#2073=ORIENTED_EDGE('',*,*,#1510,.T.);
#2074=ORIENTED_EDGE('',*,*,#1511,.T.);
#2075=ORIENTED_EDGE('',*,*,#1507,.F.);
#2076=ORIENTED_EDGE('',*,*,#1512,.T.);
#2077=ORIENTED_EDGE('',*,*,#1513,.T.);
#2078=ORIENTED_EDGE('',*,*,#1514,.T.);
#2079=ORIENTED_EDGE('',*,*,#1510,.F.);
#2080=ORIENTED_EDGE('',*,*,#1515,.T.);
#2081=ORIENTED_EDGE('',*,*,#1516,.T.);
#2082=ORIENTED_EDGE('',*,*,#1517,.T.);
#2083=ORIENTED_EDGE('',*,*,#1513,.F.);
#2084=ORIENTED_EDGE('',*,*,#1518,.T.);
#2085=ORIENTED_EDGE('',*,*,#1519,.T.);
#2086=ORIENTED_EDGE('',*,*,#1520,.T.);
#2087=ORIENTED_EDGE('',*,*,#1516,.F.);
#2088=ORIENTED_EDGE('',*,*,#1521,.T.);
#2089=ORIENTED_EDGE('',*,*,#1522,.T.);
#2090=ORIENTED_EDGE('',*,*,#1523,.T.);
#2091=ORIENTED_EDGE('',*,*,#1519,.F.);
#2092=ORIENTED_EDGE('',*,*,#1524,.T.);
#2093=ORIENTED_EDGE('',*,*,#1446,.F.);
#2094=ORIENTED_EDGE('',*,*,#1437,.T.);
#2095=ORIENTED_EDGE('',*,*,#1522,.F.);
#2096=ORIENTED_EDGE('',*,*,#1525,.T.);
#2097=ORIENTED_EDGE('',*,*,#1353,.F.);
#2098=ORIENTED_EDGE('',*,*,#1526,.F.);
#2099=ORIENTED_EDGE('',*,*,#1484,.F.);
#2100=ORIENTED_EDGE('',*,*,#1527,.F.);
#2101=ORIENTED_EDGE('',*,*,#1350,.F.);
#2102=ORIENTED_EDGE('',*,*,#1527,.T.);
#2103=ORIENTED_EDGE('',*,*,#1487,.F.);
#2104=ORIENTED_EDGE('',*,*,#1528,.T.);
#2105=ORIENTED_EDGE('',*,*,#1347,.F.);
#2106=ORIENTED_EDGE('',*,*,#1528,.F.);
#2107=ORIENTED_EDGE('',*,*,#1490,.F.);
#2108=ORIENTED_EDGE('',*,*,#1529,.T.);
#2109=ORIENTED_EDGE('',*,*,#1344,.F.);
#2110=ORIENTED_EDGE('',*,*,#1529,.F.);
#2111=ORIENTED_EDGE('',*,*,#1493,.F.);
#2112=ORIENTED_EDGE('',*,*,#1530,.F.);
#2113=ORIENTED_EDGE('',*,*,#1341,.F.);
#2114=ORIENTED_EDGE('',*,*,#1530,.T.);
#2115=ORIENTED_EDGE('',*,*,#1496,.F.);
#2116=ORIENTED_EDGE('',*,*,#1531,.F.);
#2117=ORIENTED_EDGE('',*,*,#1338,.F.);
#2118=ORIENTED_EDGE('',*,*,#1531,.T.);
#2119=ORIENTED_EDGE('',*,*,#1499,.F.);
#2120=ORIENTED_EDGE('',*,*,#1532,.T.);
#2121=ORIENTED_EDGE('',*,*,#1335,.F.);
#2122=ORIENTED_EDGE('',*,*,#1532,.F.);
#2123=ORIENTED_EDGE('',*,*,#1502,.F.);
#2124=ORIENTED_EDGE('',*,*,#1533,.F.);
#2125=ORIENTED_EDGE('',*,*,#1332,.F.);
#2126=ORIENTED_EDGE('',*,*,#1533,.T.);
#2127=ORIENTED_EDGE('',*,*,#1505,.F.);
#2128=ORIENTED_EDGE('',*,*,#1534,.T.);
#2129=ORIENTED_EDGE('',*,*,#1329,.F.);
#2130=ORIENTED_EDGE('',*,*,#1534,.F.);
#2131=ORIENTED_EDGE('',*,*,#1508,.F.);
#2132=ORIENTED_EDGE('',*,*,#1535,.F.);
#2133=ORIENTED_EDGE('',*,*,#1326,.F.);
#2134=ORIENTED_EDGE('',*,*,#1535,.T.);
#2135=ORIENTED_EDGE('',*,*,#1511,.F.);
#2136=ORIENTED_EDGE('',*,*,#1536,.T.);
#2137=ORIENTED_EDGE('',*,*,#1323,.F.);
#2138=ORIENTED_EDGE('',*,*,#1536,.F.);
#2139=ORIENTED_EDGE('',*,*,#1514,.F.);
#2140=ORIENTED_EDGE('',*,*,#1537,.F.);
#2141=ORIENTED_EDGE('',*,*,#1320,.F.);
#2142=ORIENTED_EDGE('',*,*,#1537,.T.);
#2143=ORIENTED_EDGE('',*,*,#1517,.F.);
#2144=ORIENTED_EDGE('',*,*,#1538,.T.);
#2145=ORIENTED_EDGE('',*,*,#1317,.F.);
#2146=ORIENTED_EDGE('',*,*,#1538,.F.);
#2147=ORIENTED_EDGE('',*,*,#1520,.F.);
#2148=ORIENTED_EDGE('',*,*,#1539,.T.);
#2149=ORIENTED_EDGE('',*,*,#1314,.F.);
#2150=ORIENTED_EDGE('',*,*,#1539,.F.);
#2151=ORIENTED_EDGE('',*,*,#1523,.F.);
#2152=ORIENTED_EDGE('',*,*,#1436,.F.);
#2153=ORIENTED_EDGE('',*,*,#1447,.F.);
#2154=ORIENTED_EDGE('',*,*,#1525,.F.);
#2155=ORIENTED_EDGE('',*,*,#1524,.F.);
#2156=ORIENTED_EDGE('',*,*,#1521,.F.);
#2157=ORIENTED_EDGE('',*,*,#1518,.F.);
#2158=ORIENTED_EDGE('',*,*,#1515,.F.);
#2159=ORIENTED_EDGE('',*,*,#1512,.F.);
#2160=ORIENTED_EDGE('',*,*,#1509,.F.);
#2161=ORIENTED_EDGE('',*,*,#1506,.F.);
#2162=ORIENTED_EDGE('',*,*,#1503,.F.);
#2163=ORIENTED_EDGE('',*,*,#1500,.F.);
#2164=ORIENTED_EDGE('',*,*,#1497,.F.);
#2165=ORIENTED_EDGE('',*,*,#1494,.F.);
#2166=ORIENTED_EDGE('',*,*,#1491,.F.);
#2167=ORIENTED_EDGE('',*,*,#1488,.F.);
#2168=ORIENTED_EDGE('',*,*,#1485,.F.);
#2169=ORIENTED_EDGE('',*,*,#1482,.F.);
#2170=ORIENTED_EDGE('',*,*,#1479,.F.);
#2171=ORIENTED_EDGE('',*,*,#1476,.F.);
#2172=ORIENTED_EDGE('',*,*,#1474,.F.);
#2173=ORIENTED_EDGE('',*,*,#1472,.F.);
#2174=ORIENTED_EDGE('',*,*,#1470,.F.);
#2175=ORIENTED_EDGE('',*,*,#1468,.F.);
#2176=ORIENTED_EDGE('',*,*,#1466,.F.);
#2177=ORIENTED_EDGE('',*,*,#1464,.F.);
#2178=ORIENTED_EDGE('',*,*,#1462,.F.);
#2179=ORIENTED_EDGE('',*,*,#1460,.F.);
#2180=ORIENTED_EDGE('',*,*,#1458,.F.);
#2181=ORIENTED_EDGE('',*,*,#1456,.F.);
#2182=ORIENTED_EDGE('',*,*,#1454,.F.);
#2183=ORIENTED_EDGE('',*,*,#1452,.F.);
#2184=ORIENTED_EDGE('',*,*,#1450,.F.);
#2185=ORIENTED_EDGE('',*,*,#1245,.T.);
#2186=ORIENTED_EDGE('',*,*,#1242,.T.);
#2187=ORIENTED_EDGE('',*,*,#1239,.T.);
#2188=ORIENTED_EDGE('',*,*,#1248,.T.);
#2189=ORIENTED_EDGE('',*,*,#1257,.T.);
#2190=ORIENTED_EDGE('',*,*,#1254,.T.);
#2191=ORIENTED_EDGE('',*,*,#1251,.T.);
#2192=ORIENTED_EDGE('',*,*,#1260,.T.);
#2193=ORIENTED_EDGE('',*,*,#1269,.T.);
#2194=ORIENTED_EDGE('',*,*,#1266,.T.);
#2195=ORIENTED_EDGE('',*,*,#1263,.T.);
#2196=ORIENTED_EDGE('',*,*,#1272,.T.);
#2197=ORIENTED_EDGE('',*,*,#1281,.T.);
#2198=ORIENTED_EDGE('',*,*,#1278,.T.);
#2199=ORIENTED_EDGE('',*,*,#1275,.T.);
#2200=ORIENTED_EDGE('',*,*,#1284,.T.);
#2201=ORIENTED_EDGE('',*,*,#1297,.T.);
#2202=ORIENTED_EDGE('',*,*,#1300,.T.);
#2203=ORIENTED_EDGE('',*,*,#1303,.T.);
#2204=ORIENTED_EDGE('',*,*,#1306,.T.);
#2205=ORIENTED_EDGE('',*,*,#1540,.T.);
#2206=ORIENTED_EDGE('',*,*,#1541,.T.);
#2207=ORIENTED_EDGE('',*,*,#1542,.T.);
#2208=ORIENTED_EDGE('',*,*,#1543,.T.);
#2209=ORIENTED_EDGE('',*,*,#1544,.T.);
#2210=ORIENTED_EDGE('',*,*,#1545,.T.);
#2211=ORIENTED_EDGE('',*,*,#1546,.T.);
#2212=ORIENTED_EDGE('',*,*,#1547,.T.);
#2213=ORIENTED_EDGE('',*,*,#1294,.T.);
#2214=ORIENTED_EDGE('',*,*,#1291,.T.);
#2215=ORIENTED_EDGE('',*,*,#1288,.T.);
#2216=ORIENTED_EDGE('',*,*,#1285,.T.);
#2217=ORIENTED_EDGE('',*,*,#1234,.T.);
#2218=ORIENTED_EDGE('',*,*,#1231,.T.);
#2219=ORIENTED_EDGE('',*,*,#1228,.T.);
#2220=ORIENTED_EDGE('',*,*,#1225,.T.);
#2221=ORIENTED_EDGE('',*,*,#1222,.T.);
#2222=ORIENTED_EDGE('',*,*,#1219,.T.);
#2223=ORIENTED_EDGE('',*,*,#1216,.T.);
#2224=ORIENTED_EDGE('',*,*,#1213,.T.);
#2225=ORIENTED_EDGE('',*,*,#1210,.T.);
#2226=ORIENTED_EDGE('',*,*,#1207,.T.);
#2227=ORIENTED_EDGE('',*,*,#1204,.T.);
#2228=ORIENTED_EDGE('',*,*,#1201,.T.);
#2229=ORIENTED_EDGE('',*,*,#1540,.F.);
#2230=ORIENTED_EDGE('',*,*,#1548,.T.);
#2231=ORIENTED_EDGE('',*,*,#1438,.F.);
#2232=ORIENTED_EDGE('',*,*,#1548,.F.);
#2233=ORIENTED_EDGE('',*,*,#1541,.F.);
#2234=ORIENTED_EDGE('',*,*,#1549,.T.);
#2235=ORIENTED_EDGE('',*,*,#1439,.F.);
#2236=ORIENTED_EDGE('',*,*,#1549,.F.);
#2237=ORIENTED_EDGE('',*,*,#1542,.F.);
#2238=ORIENTED_EDGE('',*,*,#1550,.T.);
#2239=ORIENTED_EDGE('',*,*,#1440,.F.);
#2240=ORIENTED_EDGE('',*,*,#1550,.F.);
#2241=ORIENTED_EDGE('',*,*,#1543,.F.);
#2242=ORIENTED_EDGE('',*,*,#1551,.T.);
#2243=ORIENTED_EDGE('',*,*,#1441,.F.);
#2244=ORIENTED_EDGE('',*,*,#1551,.F.);
#2245=ORIENTED_EDGE('',*,*,#1544,.F.);
#2246=ORIENTED_EDGE('',*,*,#1552,.T.);
#2247=ORIENTED_EDGE('',*,*,#1442,.F.);
#2248=ORIENTED_EDGE('',*,*,#1552,.F.);
#2249=ORIENTED_EDGE('',*,*,#1545,.F.);
#2250=ORIENTED_EDGE('',*,*,#1553,.T.);
#2251=ORIENTED_EDGE('',*,*,#1443,.F.);
#2252=ORIENTED_EDGE('',*,*,#1553,.F.);
#2253=ORIENTED_EDGE('',*,*,#1546,.F.);
#2254=ORIENTED_EDGE('',*,*,#1554,.T.);
#2255=ORIENTED_EDGE('',*,*,#1444,.F.);
#2256=ORIENTED_EDGE('',*,*,#1554,.F.);
#2257=ORIENTED_EDGE('',*,*,#1547,.F.);
#2258=ORIENTED_EDGE('',*,*,#1555,.T.);
#2259=ORIENTED_EDGE('',*,*,#1445,.F.);
#2260=ORIENTED_EDGE('',*,*,#1555,.F.);
#2261=ORIENTED_EDGE('',*,*,#1356,.F.);
#2262=ORIENTED_EDGE('',*,*,#1556,.F.);
#2263=ORIENTED_EDGE('',*,*,#1481,.F.);
#2264=ORIENTED_EDGE('',*,*,#1526,.T.);
#2265=ORIENTED_EDGE('',*,*,#1359,.F.);
#2266=ORIENTED_EDGE('',*,*,#1407,.T.);
#2267=ORIENTED_EDGE('',*,*,#1478,.F.);
#2268=ORIENTED_EDGE('',*,*,#1556,.T.);
#2269=CYLINDRICAL_SURFACE('',#2505,2.15);
#2270=CYLINDRICAL_SURFACE('',#2508,2.15);
#2271=CYLINDRICAL_SURFACE('',#2511,2.15);
#2272=CYLINDRICAL_SURFACE('',#2514,2.15);
#2273=CYLINDRICAL_SURFACE('',#2517,2.15);
#2274=CYLINDRICAL_SURFACE('',#2520,2.15);
#2275=CYLINDRICAL_SURFACE('',#2523,2.15);
#2276=CYLINDRICAL_SURFACE('',#2526,2.15);
#2277=CYLINDRICAL_SURFACE('',#2529,2.15);
#2278=CYLINDRICAL_SURFACE('',#2532,2.15);
#2279=CYLINDRICAL_SURFACE('',#2535,2.15);
#2280=CYLINDRICAL_SURFACE('',#2538,2.15);
#2281=CYLINDRICAL_SURFACE('',#2542,1.99999999999999);
#2282=CYLINDRICAL_SURFACE('',#2546,2.00000000000001);
#2283=CYLINDRICAL_SURFACE('',#2550,1.99999999999999);
#2284=CYLINDRICAL_SURFACE('',#2554,2.00000000000003);
#2285=CYLINDRICAL_SURFACE('',#2558,1.99999999999999);
#2286=CYLINDRICAL_SURFACE('',#2562,2.00000000000001);
#2287=CYLINDRICAL_SURFACE('',#2566,1.99999999999999);
#2288=CYLINDRICAL_SURFACE('',#2570,2.00000000000003);
#2289=CYLINDRICAL_SURFACE('',#2573,2.15);
#2290=CYLINDRICAL_SURFACE('',#2576,2.15);
#2291=CYLINDRICAL_SURFACE('',#2579,2.15);
#2292=CYLINDRICAL_SURFACE('',#2582,2.15);
#2293=CYLINDRICAL_SURFACE('',#2585,2.15);
#2294=CYLINDRICAL_SURFACE('',#2588,2.15);
#2295=CYLINDRICAL_SURFACE('',#2591,2.15);
#2296=CYLINDRICAL_SURFACE('',#2594,2.15);
#2297=CYLINDRICAL_SURFACE('',#2602,0.5);
#2298=CYLINDRICAL_SURFACE('',#2612,0.5);
#2299=CYLINDRICAL_SURFACE('',#2618,0.5);
#2300=CYLINDRICAL_SURFACE('',#2624,0.5);
#2301=CYLINDRICAL_SURFACE('',#2634,0.5);
#2302=CYLINDRICAL_SURFACE('',#2644,0.5);
#2303=CYLINDRICAL_SURFACE('',#2654,0.5);
#2304=CYLINDRICAL_SURFACE('',#2664,0.5);
#2305=CYLINDRICAL_SURFACE('',#2670,0.5);
#2306=CYLINDRICAL_SURFACE('',#2676,0.5);
#2307=CYLINDRICAL_SURFACE('',#2686,0.5);
#2308=CYLINDRICAL_SURFACE('',#2696,0.5);
#2309=CYLINDRICAL_SURFACE('',#2702,3.);
#2310=CYLINDRICAL_SURFACE('',#2704,3.);
#2311=CYLINDRICAL_SURFACE('',#2707,10.);
#2312=CYLINDRICAL_SURFACE('',#2710,10.);
#2313=CYLINDRICAL_SURFACE('',#2713,3.);
#2314=CYLINDRICAL_SURFACE('',#2715,3.);
#2315=CYLINDRICAL_SURFACE('',#2718,3.);
#2316=CYLINDRICAL_SURFACE('',#2720,3.);
#2317=CYLINDRICAL_SURFACE('',#2723,3.);
#2318=CYLINDRICAL_SURFACE('',#2725,3.);
#2319=CYLINDRICAL_SURFACE('',#2740,0.5);
#2320=CYLINDRICAL_SURFACE('',#2748,0.5);
#2321=CYLINDRICAL_SURFACE('',#2756,0.5);
#2322=CYLINDRICAL_SURFACE('',#2761,0.5);
#2323=CYLINDRICAL_SURFACE('',#2766,0.5);
#2324=CYLINDRICAL_SURFACE('',#2774,0.5);
#2325=CYLINDRICAL_SURFACE('',#2784,0.5);
#2326=CYLINDRICAL_SURFACE('',#2794,0.5);
#2327=CYLINDRICAL_SURFACE('',#2804,0.5);
#2328=CYLINDRICAL_SURFACE('',#2810,0.5);
#2329=CYLINDRICAL_SURFACE('',#2816,0.5);
#2330=CYLINDRICAL_SURFACE('',#2826,0.5);
#2331=CYLINDRICAL_SURFACE('',#2831,3.);
#2332=CYLINDRICAL_SURFACE('',#2832,3.);
#2333=CYLINDRICAL_SURFACE('',#2834,3.);
#2334=CYLINDRICAL_SURFACE('',#2835,3.);
#2335=CYLINDRICAL_SURFACE('',#2837,10.);
#2336=CYLINDRICAL_SURFACE('',#2839,10.);
#2337=CYLINDRICAL_SURFACE('',#2841,3.);
#2338=CYLINDRICAL_SURFACE('',#2842,3.);
#2339=CYLINDRICAL_SURFACE('',#2853,1.75000000000001);
#2340=CYLINDRICAL_SURFACE('',#2854,2.15);
#2341=CYLINDRICAL_SURFACE('',#2855,2.15);
#2342=CYLINDRICAL_SURFACE('',#2856,1.75000000000001);
#2343=CYLINDRICAL_SURFACE('',#2857,1.75000000000001);
#2344=CYLINDRICAL_SURFACE('',#2858,2.15);
#2345=CYLINDRICAL_SURFACE('',#2859,2.15);
#2346=CYLINDRICAL_SURFACE('',#2860,1.75000000000001);
#2347=CYLINDRICAL_SURFACE('',#2861,3.);
#2348=CYLINDRICAL_SURFACE('',#2862,3.);
#2349=ADVANCED_FACE('',(#141),#2269,.F.);
#2350=ADVANCED_FACE('',(#142),#2270,.F.);
#2351=ADVANCED_FACE('',(#143),#2271,.F.);
#2352=ADVANCED_FACE('',(#144),#2272,.F.);
#2353=ADVANCED_FACE('',(#145),#2273,.F.);
#2354=ADVANCED_FACE('',(#146),#2274,.F.);
#2355=ADVANCED_FACE('',(#147),#2275,.F.);
#2356=ADVANCED_FACE('',(#148),#2276,.F.);
#2357=ADVANCED_FACE('',(#149),#2277,.F.);
#2358=ADVANCED_FACE('',(#150),#2278,.F.);
#2359=ADVANCED_FACE('',(#151),#2279,.F.);
#2360=ADVANCED_FACE('',(#152),#2280,.F.);
#2361=ADVANCED_FACE('',(#153),#119,.F.);
#2362=ADVANCED_FACE('',(#154),#2281,.F.);
#2363=ADVANCED_FACE('',(#155),#120,.F.);
#2364=ADVANCED_FACE('',(#156),#2282,.F.);
#2365=ADVANCED_FACE('',(#157),#121,.F.);
#2366=ADVANCED_FACE('',(#158),#2283,.F.);
#2367=ADVANCED_FACE('',(#159),#122,.F.);
#2368=ADVANCED_FACE('',(#160),#2284,.F.);
#2369=ADVANCED_FACE('',(#161),#123,.F.);
#2370=ADVANCED_FACE('',(#162),#2285,.F.);
#2371=ADVANCED_FACE('',(#163),#124,.F.);
#2372=ADVANCED_FACE('',(#164),#2286,.F.);
#2373=ADVANCED_FACE('',(#165),#125,.F.);
#2374=ADVANCED_FACE('',(#166),#2287,.F.);
#2375=ADVANCED_FACE('',(#167),#126,.F.);
#2376=ADVANCED_FACE('',(#168),#2288,.F.);
#2377=ADVANCED_FACE('',(#169),#2289,.F.);
#2378=ADVANCED_FACE('',(#170),#2290,.F.);
#2379=ADVANCED_FACE('',(#171),#2291,.F.);
#2380=ADVANCED_FACE('',(#172),#2292,.F.);
#2381=ADVANCED_FACE('',(#173),#2293,.F.);
#2382=ADVANCED_FACE('',(#174),#2294,.F.);
#2383=ADVANCED_FACE('',(#175),#2295,.F.);
#2384=ADVANCED_FACE('',(#176),#2296,.F.);
#2385=ADVANCED_FACE('',(#177),#79,.T.);
#2386=ADVANCED_FACE('',(#178),#2297,.T.);
#2387=ADVANCED_FACE('',(#179),#80,.T.);
#2388=ADVANCED_FACE('',(#180),#81,.T.);
#2389=ADVANCED_FACE('',(#181),#2298,.T.);
#2390=ADVANCED_FACE('',(#182),#82,.T.);
#2391=ADVANCED_FACE('',(#183),#2299,.T.);
#2392=ADVANCED_FACE('',(#184),#83,.T.);
#2393=ADVANCED_FACE('',(#185),#2300,.T.);
#2394=ADVANCED_FACE('',(#186),#84,.T.);
#2395=ADVANCED_FACE('',(#187),#85,.T.);
#2396=ADVANCED_FACE('',(#188),#2301,.T.);
#2397=ADVANCED_FACE('',(#189),#86,.T.);
#2398=ADVANCED_FACE('',(#190),#87,.T.);
#2399=ADVANCED_FACE('',(#191),#2302,.T.);
#2400=ADVANCED_FACE('',(#192),#88,.T.);
#2401=ADVANCED_FACE('',(#193),#89,.T.);
#2402=ADVANCED_FACE('',(#194),#2303,.T.);
#2403=ADVANCED_FACE('',(#195),#90,.T.);
#2404=ADVANCED_FACE('',(#196),#91,.T.);
#2405=ADVANCED_FACE('',(#197),#2304,.T.);
#2406=ADVANCED_FACE('',(#198),#92,.T.);
#2407=ADVANCED_FACE('',(#199),#2305,.T.);
#2408=ADVANCED_FACE('',(#200),#93,.T.);
#2409=ADVANCED_FACE('',(#201),#2306,.T.);
#2410=ADVANCED_FACE('',(#202),#94,.T.);
#2411=ADVANCED_FACE('',(#203),#95,.T.);
#2412=ADVANCED_FACE('',(#204),#2307,.T.);
#2413=ADVANCED_FACE('',(#205),#96,.T.);
#2414=ADVANCED_FACE('',(#206),#97,.T.);
#2415=ADVANCED_FACE('',(#207),#2308,.T.);
#2416=ADVANCED_FACE('',(#208),#98,.T.);
#2417=ADVANCED_FACE('',(#209),#127,.T.);
#2418=ADVANCED_FACE('',(#210),#2309,.F.);
#2419=ADVANCED_FACE('',(#211),#2310,.T.);
#2420=ADVANCED_FACE('',(#212),#128,.T.);
#2421=ADVANCED_FACE('',(#213),#2311,.T.);
#2422=ADVANCED_FACE('',(#214),#129,.T.);
#2423=ADVANCED_FACE('',(#215),#2312,.T.);
#2424=ADVANCED_FACE('',(#216),#130,.T.);
#2425=ADVANCED_FACE('',(#217),#2313,.T.);
#2426=ADVANCED_FACE('',(#218),#2314,.F.);
#2427=ADVANCED_FACE('',(#219),#131,.T.);
#2428=ADVANCED_FACE('',(#220),#2315,.F.);
#2429=ADVANCED_FACE('',(#221),#2316,.T.);
#2430=ADVANCED_FACE('',(#222),#132,.T.);
#2431=ADVANCED_FACE('',(#223),#2317,.T.);
#2432=ADVANCED_FACE('',(#224),#2318,.F.);
#2433=ADVANCED_FACE('',(#225,#15,#16,#17,#18,#19,#20,#21,#22,#23,#24,#25,
#26,#27,#28,#29,#30,#31,#32,#33,#34,#35,#36,#37,#38,#39,#40,#41,#42,#43,
#44,#45,#46),#133,.T.);
#2434=ADVANCED_FACE('',(#226),#99,.T.);
#2435=ADVANCED_FACE('',(#227),#2319,.T.);
#2436=ADVANCED_FACE('',(#228),#100,.T.);
#2437=ADVANCED_FACE('',(#229),#101,.T.);
#2438=ADVANCED_FACE('',(#230),#2320,.T.);
#2439=ADVANCED_FACE('',(#231),#102,.T.);
#2440=ADVANCED_FACE('',(#232),#103,.T.);
#2441=ADVANCED_FACE('',(#233),#2321,.T.);
#2442=ADVANCED_FACE('',(#234),#104,.T.);
#2443=ADVANCED_FACE('',(#235),#2322,.T.);
#2444=ADVANCED_FACE('',(#236),#105,.T.);
#2445=ADVANCED_FACE('',(#237),#2323,.T.);
#2446=ADVANCED_FACE('',(#238),#106,.T.);
#2447=ADVANCED_FACE('',(#239),#107,.T.);
#2448=ADVANCED_FACE('',(#240),#2324,.T.);
#2449=ADVANCED_FACE('',(#241),#108,.T.);
#2450=ADVANCED_FACE('',(#242),#109,.T.);
#2451=ADVANCED_FACE('',(#243),#2325,.T.);
#2452=ADVANCED_FACE('',(#244),#110,.T.);
#2453=ADVANCED_FACE('',(#245),#111,.T.);
#2454=ADVANCED_FACE('',(#246),#2326,.T.);
#2455=ADVANCED_FACE('',(#247),#112,.T.);
#2456=ADVANCED_FACE('',(#248),#113,.T.);
#2457=ADVANCED_FACE('',(#249),#2327,.T.);
#2458=ADVANCED_FACE('',(#250),#114,.T.);
#2459=ADVANCED_FACE('',(#251),#2328,.T.);
#2460=ADVANCED_FACE('',(#252),#115,.T.);
#2461=ADVANCED_FACE('',(#253),#2329,.T.);
#2462=ADVANCED_FACE('',(#254),#116,.T.);
#2463=ADVANCED_FACE('',(#255),#117,.T.);
#2464=ADVANCED_FACE('',(#256),#2330,.T.);
#2465=ADVANCED_FACE('',(#257),#118,.T.);
#2466=ADVANCED_FACE('',(#258),#134,.T.);
#2467=ADVANCED_FACE('',(#259),#2331,.T.);
#2468=ADVANCED_FACE('',(#260),#2332,.F.);
#2469=ADVANCED_FACE('',(#261),#135,.T.);
#2470=ADVANCED_FACE('',(#262),#2333,.F.);
#2471=ADVANCED_FACE('',(#263),#2334,.T.);
#2472=ADVANCED_FACE('',(#264),#136,.T.);
#2473=ADVANCED_FACE('',(#265),#2335,.T.);
#2474=ADVANCED_FACE('',(#266),#137,.T.);
#2475=ADVANCED_FACE('',(#267),#2336,.T.);
#2476=ADVANCED_FACE('',(#268),#138,.T.);
#2477=ADVANCED_FACE('',(#269),#2337,.T.);
#2478=ADVANCED_FACE('',(#270),#2338,.F.);
#2479=ADVANCED_FACE('',(#271),#139,.T.);
#2480=ADVANCED_FACE('',(#272,#47,#48,#49,#50,#51,#52,#53,#54,#55,#56,#57,
#58,#59,#60,#61,#62,#63,#64,#65,#66,#67,#68,#69,#70,#71,#72,#73,#74,#75,
#76,#77,#78),#140,.F.);
#2481=ADVANCED_FACE('',(#273),#2339,.F.);
#2482=ADVANCED_FACE('',(#274),#2340,.F.);
#2483=ADVANCED_FACE('',(#275),#2341,.F.);
#2484=ADVANCED_FACE('',(#276),#2342,.F.);
#2485=ADVANCED_FACE('',(#277),#2343,.F.);
#2486=ADVANCED_FACE('',(#278),#2344,.F.);
#2487=ADVANCED_FACE('',(#279),#2345,.F.);
#2488=ADVANCED_FACE('',(#280),#2346,.F.);
#2489=ADVANCED_FACE('',(#281),#2347,.T.);
#2490=ADVANCED_FACE('',(#282),#2348,.F.);
#2491=CLOSED_SHELL('',(#2349,#2350,#2351,#2352,#2353,#2354,#2355,#2356,
#2357,#2358,#2359,#2360,#2361,#2362,#2363,#2364,#2365,#2366,#2367,#2368,
#2369,#2370,#2371,#2372,#2373,#2374,#2375,#2376,#2377,#2378,#2379,#2380,
#2381,#2382,#2383,#2384,#2385,#2386,#2387,#2388,#2389,#2390,#2391,#2392,
#2393,#2394,#2395,#2396,#2397,#2398,#2399,#2400,#2401,#2402,#2403,#2404,
#2405,#2406,#2407,#2408,#2409,#2410,#2411,#2412,#2413,#2414,#2415,#2416,
#2417,#2418,#2419,#2420,#2421,#2422,#2423,#2424,#2425,#2426,#2427,#2428,
#2429,#2430,#2431,#2432,#2433,#2434,#2435,#2436,#2437,#2438,#2439,#2440,
#2441,#2442,#2443,#2444,#2445,#2446,#2447,#2448,#2449,#2450,#2451,#2452,
#2453,#2454,#2455,#2456,#2457,#2458,#2459,#2460,#2461,#2462,#2463,#2464,
#2465,#2466,#2467,#2468,#2469,#2470,#2471,#2472,#2473,#2474,#2475,#2476,
#2477,#2478,#2479,#2480,#2481,#2482,#2483,#2484,#2485,#2486,#2487,#2488,
#2489,#2490));
#2492=DERIVED_UNIT_ELEMENT(#2494,1.);
#2493=DERIVED_UNIT_ELEMENT(#4441,-3.);
#2494=(
MASS_UNIT()
NAMED_UNIT(*)
SI_UNIT(.KILO.,.GRAM.)
);
#2495=DERIVED_UNIT((#2492,#2493));
#2496=MEASURE_REPRESENTATION_ITEM('density measure',
POSITIVE_RATIO_MEASURE(7850.),#2495);
#2497=PROPERTY_DEFINITION_REPRESENTATION(#2502,#2499);
#2498=PROPERTY_DEFINITION_REPRESENTATION(#2503,#2500);
#2499=REPRESENTATION('material name',(#2501),#4438);
#2500=REPRESENTATION('density',(#2496),#4438);
#2501=DESCRIPTIVE_REPRESENTATION_ITEM('\X2\94A2\X0\','\X2\94A2\X0\');
#2502=PROPERTY_DEFINITION('material property','material name',#4448);
#2503=PROPERTY_DEFINITION('material property','density of part',#4448);
#2504=AXIS2_PLACEMENT_3D('',#3721,#2863,#2864);
#2505=AXIS2_PLACEMENT_3D('',#3722,#2865,#2866);
#2506=AXIS2_PLACEMENT_3D('',#3724,#2867,#2868);
#2507=AXIS2_PLACEMENT_3D('',#3727,#2870,#2871);
#2508=AXIS2_PLACEMENT_3D('',#3728,#2872,#2873);
#2509=AXIS2_PLACEMENT_3D('',#3730,#2874,#2875);
#2510=AXIS2_PLACEMENT_3D('',#3733,#2877,#2878);
#2511=AXIS2_PLACEMENT_3D('',#3734,#2879,#2880);
#2512=AXIS2_PLACEMENT_3D('',#3736,#2881,#2882);
#2513=AXIS2_PLACEMENT_3D('',#3739,#2884,#2885);
#2514=AXIS2_PLACEMENT_3D('',#3740,#2886,#2887);
#2515=AXIS2_PLACEMENT_3D('',#3742,#2888,#2889);
#2516=AXIS2_PLACEMENT_3D('',#3745,#2891,#2892);
#2517=AXIS2_PLACEMENT_3D('',#3746,#2893,#2894);
#2518=AXIS2_PLACEMENT_3D('',#3748,#2895,#2896);
#2519=AXIS2_PLACEMENT_3D('',#3751,#2898,#2899);
#2520=AXIS2_PLACEMENT_3D('',#3752,#2900,#2901);
#2521=AXIS2_PLACEMENT_3D('',#3754,#2902,#2903);
#2522=AXIS2_PLACEMENT_3D('',#3757,#2905,#2906);
#2523=AXIS2_PLACEMENT_3D('',#3758,#2907,#2908);
#2524=AXIS2_PLACEMENT_3D('',#3760,#2909,#2910);
#2525=AXIS2_PLACEMENT_3D('',#3763,#2912,#2913);
#2526=AXIS2_PLACEMENT_3D('',#3764,#2914,#2915);
#2527=AXIS2_PLACEMENT_3D('',#3766,#2916,#2917);
#2528=AXIS2_PLACEMENT_3D('',#3769,#2919,#2920);
#2529=AXIS2_PLACEMENT_3D('',#3770,#2921,#2922);
#2530=AXIS2_PLACEMENT_3D('',#3772,#2923,#2924);
#2531=AXIS2_PLACEMENT_3D('',#3775,#2926,#2927);
#2532=AXIS2_PLACEMENT_3D('',#3776,#2928,#2929);
#2533=AXIS2_PLACEMENT_3D('',#3778,#2930,#2931);
#2534=AXIS2_PLACEMENT_3D('',#3781,#2933,#2934);
#2535=AXIS2_PLACEMENT_3D('',#3782,#2935,#2936);
#2536=AXIS2_PLACEMENT_3D('',#3784,#2937,#2938);
#2537=AXIS2_PLACEMENT_3D('',#3787,#2940,#2941);
#2538=AXIS2_PLACEMENT_3D('',#3788,#2942,#2943);
#2539=AXIS2_PLACEMENT_3D('',#3790,#2944,#2945);
#2540=AXIS2_PLACEMENT_3D('',#3793,#2947,#2948);
#2541=AXIS2_PLACEMENT_3D('',#3794,#2949,#2950);
#2542=AXIS2_PLACEMENT_3D('',#3803,#2955,#2956);
#2543=AXIS2_PLACEMENT_3D('',#3805,#2957,#2958);
#2544=AXIS2_PLACEMENT_3D('',#3807,#2959,#2960);
#2545=AXIS2_PLACEMENT_3D('',#3809,#2962,#2963);
#2546=AXIS2_PLACEMENT_3D('',#3815,#2967,#2968);
#2547=AXIS2_PLACEMENT_3D('',#3816,#2969,#2970);
#2548=AXIS2_PLACEMENT_3D('',#3817,#2971,#2972);
#2549=AXIS2_PLACEMENT_3D('',#3818,#2973,#2974);
#2550=AXIS2_PLACEMENT_3D('',#3827,#2979,#2980);
#2551=AXIS2_PLACEMENT_3D('',#3829,#2981,#2982);
#2552=AXIS2_PLACEMENT_3D('',#3831,#2983,#2984);
#2553=AXIS2_PLACEMENT_3D('',#3833,#2986,#2987);
#2554=AXIS2_PLACEMENT_3D('',#3839,#2991,#2992);
#2555=AXIS2_PLACEMENT_3D('',#3840,#2993,#2994);
#2556=AXIS2_PLACEMENT_3D('',#3841,#2995,#2996);
#2557=AXIS2_PLACEMENT_3D('',#3842,#2997,#2998);
#2558=AXIS2_PLACEMENT_3D('',#3851,#3003,#3004);
#2559=AXIS2_PLACEMENT_3D('',#3853,#3005,#3006);
#2560=AXIS2_PLACEMENT_3D('',#3855,#3007,#3008);
#2561=AXIS2_PLACEMENT_3D('',#3857,#3010,#3011);
#2562=AXIS2_PLACEMENT_3D('',#3863,#3015,#3016);
#2563=AXIS2_PLACEMENT_3D('',#3864,#3017,#3018);
#2564=AXIS2_PLACEMENT_3D('',#3865,#3019,#3020);
#2565=AXIS2_PLACEMENT_3D('',#3866,#3021,#3022);
#2566=AXIS2_PLACEMENT_3D('',#3875,#3027,#3028);
#2567=AXIS2_PLACEMENT_3D('',#3877,#3029,#3030);
#2568=AXIS2_PLACEMENT_3D('',#3879,#3031,#3032);
#2569=AXIS2_PLACEMENT_3D('',#3881,#3034,#3035);
#2570=AXIS2_PLACEMENT_3D('',#3887,#3039,#3040);
#2571=AXIS2_PLACEMENT_3D('',#3888,#3041,#3042);
#2572=AXIS2_PLACEMENT_3D('',#3889,#3043,#3044);
#2573=AXIS2_PLACEMENT_3D('',#3890,#3045,#3046);
#2574=AXIS2_PLACEMENT_3D('',#3892,#3047,#3048);
#2575=AXIS2_PLACEMENT_3D('',#3895,#3050,#3051);
#2576=AXIS2_PLACEMENT_3D('',#3896,#3052,#3053);
#2577=AXIS2_PLACEMENT_3D('',#3898,#3054,#3055);
#2578=AXIS2_PLACEMENT_3D('',#3901,#3057,#3058);
#2579=AXIS2_PLACEMENT_3D('',#3902,#3059,#3060);
#2580=AXIS2_PLACEMENT_3D('',#3904,#3061,#3062);
#2581=AXIS2_PLACEMENT_3D('',#3907,#3064,#3065);
#2582=AXIS2_PLACEMENT_3D('',#3908,#3066,#3067);
#2583=AXIS2_PLACEMENT_3D('',#3910,#3068,#3069);
#2584=AXIS2_PLACEMENT_3D('',#3913,#3071,#3072);
#2585=AXIS2_PLACEMENT_3D('',#3914,#3073,#3074);
#2586=AXIS2_PLACEMENT_3D('',#3916,#3075,#3076);
#2587=AXIS2_PLACEMENT_3D('',#3919,#3078,#3079);
#2588=AXIS2_PLACEMENT_3D('',#3920,#3080,#3081);
#2589=AXIS2_PLACEMENT_3D('',#3922,#3082,#3083);
#2590=AXIS2_PLACEMENT_3D('',#3925,#3085,#3086);
#2591=AXIS2_PLACEMENT_3D('',#3926,#3087,#3088);
#2592=AXIS2_PLACEMENT_3D('',#3928,#3089,#3090);
#2593=AXIS2_PLACEMENT_3D('',#3931,#3092,#3093);
#2594=AXIS2_PLACEMENT_3D('',#3932,#3094,#3095);
#2595=AXIS2_PLACEMENT_3D('',#3934,#3096,#3097);
#2596=AXIS2_PLACEMENT_3D('',#3937,#3099,#3100);
#2597=AXIS2_PLACEMENT_3D('',#3938,#3101,#3102);
#2598=AXIS2_PLACEMENT_3D('',#3941,#3103,#3104);
#2599=AXIS2_PLACEMENT_3D('',#3943,#3105,#3106);
#2600=AXIS2_PLACEMENT_3D('',#3945,#3107,#3108);
#2601=AXIS2_PLACEMENT_3D('',#3946,#3109,#3110);
#2602=AXIS2_PLACEMENT_3D('',#3947,#3111,#3112);
#2603=AXIS2_PLACEMENT_3D('',#3950,#3113,#3114);
#2604=AXIS2_PLACEMENT_3D('',#3953,#3117,#3118);
#2605=AXIS2_PLACEMENT_3D('',#3956,#3119,#3120);
#2606=AXIS2_PLACEMENT_3D('',#3957,#3121,#3122);
#2607=AXIS2_PLACEMENT_3D('',#3958,#3123,#3124);
#2608=AXIS2_PLACEMENT_3D('',#3959,#3125,#3126);
#2609=AXIS2_PLACEMENT_3D('',#3962,#3127,#3128);
#2610=AXIS2_PLACEMENT_3D('',#3963,#3129,#3130);
#2611=AXIS2_PLACEMENT_3D('',#3964,#3131,#3132);
#2612=AXIS2_PLACEMENT_3D('',#3965,#3133,#3134);
#2613=AXIS2_PLACEMENT_3D('',#3968,#3135,#3136);
#2614=AXIS2_PLACEMENT_3D('',#3971,#3139,#3140);
#2615=AXIS2_PLACEMENT_3D('',#3974,#3141,#3142);
#2616=AXIS2_PLACEMENT_3D('',#3975,#3143,#3144);
#2617=AXIS2_PLACEMENT_3D('',#3976,#3145,#3146);
#2618=AXIS2_PLACEMENT_3D('',#3977,#3147,#3148);
#2619=AXIS2_PLACEMENT_3D('',#3980,#3149,#3150);
#2620=AXIS2_PLACEMENT_3D('',#3983,#3153,#3154);
#2621=AXIS2_PLACEMENT_3D('',#3986,#3155,#3156);
#2622=AXIS2_PLACEMENT_3D('',#3987,#3157,#3158);
#2623=AXIS2_PLACEMENT_3D('',#3988,#3159,#3160);
#2624=AXIS2_PLACEMENT_3D('',#3989,#3161,#3162);
#2625=AXIS2_PLACEMENT_3D('',#3992,#3163,#3164);
#2626=AXIS2_PLACEMENT_3D('',#3995,#3167,#3168);
#2627=AXIS2_PLACEMENT_3D('',#3998,#3169,#3170);
#2628=AXIS2_PLACEMENT_3D('',#3999,#3171,#3172);
#2629=AXIS2_PLACEMENT_3D('',#4000,#3173,#3174);
#2630=AXIS2_PLACEMENT_3D('',#4001,#3175,#3176);
#2631=AXIS2_PLACEMENT_3D('',#4004,#3177,#3178);
#2632=AXIS2_PLACEMENT_3D('',#4005,#3179,#3180);
#2633=AXIS2_PLACEMENT_3D('',#4006,#3181,#3182);
#2634=AXIS2_PLACEMENT_3D('',#4007,#3183,#3184);
#2635=AXIS2_PLACEMENT_3D('',#4010,#3185,#3186);
#2636=AXIS2_PLACEMENT_3D('',#4013,#3189,#3190);
#2637=AXIS2_PLACEMENT_3D('',#4016,#3191,#3192);
#2638=AXIS2_PLACEMENT_3D('',#4017,#3193,#3194);
#2639=AXIS2_PLACEMENT_3D('',#4018,#3195,#3196);
#2640=AXIS2_PLACEMENT_3D('',#4019,#3197,#3198);
#2641=AXIS2_PLACEMENT_3D('',#4022,#3199,#3200);
#2642=AXIS2_PLACEMENT_3D('',#4023,#3201,#3202);
#2643=AXIS2_PLACEMENT_3D('',#4024,#3203,#3204);
#2644=AXIS2_PLACEMENT_3D('',#4025,#3205,#3206);
#2645=AXIS2_PLACEMENT_3D('',#4028,#3207,#3208);
#2646=AXIS2_PLACEMENT_3D('',#4031,#3211,#3212);
#2647=AXIS2_PLACEMENT_3D('',#4034,#3213,#3214);
#2648=AXIS2_PLACEMENT_3D('',#4035,#3215,#3216);
#2649=AXIS2_PLACEMENT_3D('',#4036,#3217,#3218);
#2650=AXIS2_PLACEMENT_3D('',#4037,#3219,#3220);
#2651=AXIS2_PLACEMENT_3D('',#4040,#3221,#3222);
#2652=AXIS2_PLACEMENT_3D('',#4041,#3223,#3224);
#2653=AXIS2_PLACEMENT_3D('',#4042,#3225,#3226);
#2654=AXIS2_PLACEMENT_3D('',#4043,#3227,#3228);
#2655=AXIS2_PLACEMENT_3D('',#4046,#3229,#3230);
#2656=AXIS2_PLACEMENT_3D('',#4049,#3233,#3234);
#2657=AXIS2_PLACEMENT_3D('',#4052,#3235,#3236);
#2658=AXIS2_PLACEMENT_3D('',#4053,#3237,#3238);
#2659=AXIS2_PLACEMENT_3D('',#4054,#3239,#3240);
#2660=AXIS2_PLACEMENT_3D('',#4055,#3241,#3242);
#2661=AXIS2_PLACEMENT_3D('',#4058,#3243,#3244);
#2662=AXIS2_PLACEMENT_3D('',#4059,#3245,#3246);
#2663=AXIS2_PLACEMENT_3D('',#4060,#3247,#3248);
#2664=AXIS2_PLACEMENT_3D('',#4061,#3249,#3250);
#2665=AXIS2_PLACEMENT_3D('',#4064,#3251,#3252);
#2666=AXIS2_PLACEMENT_3D('',#4067,#3255,#3256);
#2667=AXIS2_PLACEMENT_3D('',#4070,#3257,#3258);
#2668=AXIS2_PLACEMENT_3D('',#4071,#3259,#3260);
#2669=AXIS2_PLACEMENT_3D('',#4072,#3261,#3262);
#2670=AXIS2_PLACEMENT_3D('',#4073,#3263,#3264);
#2671=AXIS2_PLACEMENT_3D('',#4076,#3265,#3266);
#2672=AXIS2_PLACEMENT_3D('',#4079,#3269,#3270);
#2673=AXIS2_PLACEMENT_3D('',#4082,#3271,#3272);
#2674=AXIS2_PLACEMENT_3D('',#4083,#3273,#3274);
#2675=AXIS2_PLACEMENT_3D('',#4084,#3275,#3276);
#2676=AXIS2_PLACEMENT_3D('',#4085,#3277,#3278);
#2677=AXIS2_PLACEMENT_3D('',#4088,#3279,#3280);
#2678=AXIS2_PLACEMENT_3D('',#4091,#3283,#3284);
#2679=AXIS2_PLACEMENT_3D('',#4094,#3285,#3286);
#2680=AXIS2_PLACEMENT_3D('',#4095,#3287,#3288);
#2681=AXIS2_PLACEMENT_3D('',#4096,#3289,#3290);
#2682=AXIS2_PLACEMENT_3D('',#4097,#3291,#3292);
#2683=AXIS2_PLACEMENT_3D('',#4100,#3293,#3294);
#2684=AXIS2_PLACEMENT_3D('',#4101,#3295,#3296);
#2685=AXIS2_PLACEMENT_3D('',#4102,#3297,#3298);
#2686=AXIS2_PLACEMENT_3D('',#4103,#3299,#3300);
#2687=AXIS2_PLACEMENT_3D('',#4106,#3301,#3302);
#2688=AXIS2_PLACEMENT_3D('',#4109,#3305,#3306);
#2689=AXIS2_PLACEMENT_3D('',#4112,#3307,#3308);
#2690=AXIS2_PLACEMENT_3D('',#4113,#3309,#3310);
#2691=AXIS2_PLACEMENT_3D('',#4114,#3311,#3312);
#2692=AXIS2_PLACEMENT_3D('',#4115,#3313,#3314);
#2693=AXIS2_PLACEMENT_3D('',#4118,#3315,#3316);
#2694=AXIS2_PLACEMENT_3D('',#4119,#3317,#3318);
#2695=AXIS2_PLACEMENT_3D('',#4120,#3319,#3320);
#2696=AXIS2_PLACEMENT_3D('',#4121,#3321,#3322);
#2697=AXIS2_PLACEMENT_3D('',#4124,#3323,#3324);
#2698=AXIS2_PLACEMENT_3D('',#4127,#3327,#3328);
#2699=AXIS2_PLACEMENT_3D('',#4128,#3329,#3330);
#2700=AXIS2_PLACEMENT_3D('',#4129,#3331,#3332);
#2701=AXIS2_PLACEMENT_3D('',#4130,#3333,#3334);
#2702=AXIS2_PLACEMENT_3D('',#4136,#3338,#3339);
#2703=AXIS2_PLACEMENT_3D('',#4139,#3341,#3342);
#2704=AXIS2_PLACEMENT_3D('',#4140,#3343,#3344);
#2705=AXIS2_PLACEMENT_3D('',#4143,#3346,#3347);
#2706=AXIS2_PLACEMENT_3D('',#4144,#3348,#3349);
#2707=AXIS2_PLACEMENT_3D('',#4148,#3352,#3353);
#2708=AXIS2_PLACEMENT_3D('',#4151,#3355,#3356);
#2709=AXIS2_PLACEMENT_3D('',#4152,#3357,#3358);
#2710=AXIS2_PLACEMENT_3D('',#4156,#3361,#3362);
#2711=AXIS2_PLACEMENT_3D('',#4159,#3364,#3365);
#2712=AXIS2_PLACEMENT_3D('',#4160,#3366,#3367);
#2713=AXIS2_PLACEMENT_3D('',#4164,#3370,#3371);
#2714=AXIS2_PLACEMENT_3D('',#4167,#3373,#3374);
#2715=AXIS2_PLACEMENT_3D('',#4168,#3375,#3376);
#2716=AXIS2_PLACEMENT_3D('',#4171,#3378,#3379);
#2717=AXIS2_PLACEMENT_3D('',#4172,#3380,#3381);
#2718=AXIS2_PLACEMENT_3D('',#4176,#3384,#3385);
#2719=AXIS2_PLACEMENT_3D('',#4179,#3387,#3388);
#2720=AXIS2_PLACEMENT_3D('',#4180,#3389,#3390);
#2721=AXIS2_PLACEMENT_3D('',#4183,#3392,#3393);
#2722=AXIS2_PLACEMENT_3D('',#4184,#3394,#3395);
#2723=AXIS2_PLACEMENT_3D('',#4188,#3398,#3399);
#2724=AXIS2_PLACEMENT_3D('',#4191,#3401,#3402);
#2725=AXIS2_PLACEMENT_3D('',#4192,#3403,#3404);
#2726=AXIS2_PLACEMENT_3D('',#4195,#3406,#3407);
#2727=AXIS2_PLACEMENT_3D('',#4196,#3408,#3409);
#2728=AXIS2_PLACEMENT_3D('',#4198,#3410,#3411);
#2729=AXIS2_PLACEMENT_3D('',#4200,#3412,#3413);
#2730=AXIS2_PLACEMENT_3D('',#4202,#3414,#3415);
#2731=AXIS2_PLACEMENT_3D('',#4204,#3416,#3417);
#2732=AXIS2_PLACEMENT_3D('',#4206,#3418,#3419);
#2733=AXIS2_PLACEMENT_3D('',#4208,#3420,#3421);
#2734=AXIS2_PLACEMENT_3D('',#4210,#3422,#3423);
#2735=AXIS2_PLACEMENT_3D('',#4212,#3424,#3425);
#2736=AXIS2_PLACEMENT_3D('',#4213,#3426,#3427);
#2737=AXIS2_PLACEMENT_3D('',#4215,#3428,#3429);
#2738=AXIS2_PLACEMENT_3D('',#4217,#3430,#3431);
#2739=AXIS2_PLACEMENT_3D('',#4218,#3432,#3433);
#2740=AXIS2_PLACEMENT_3D('',#4219,#3434,#3435);
#2741=AXIS2_PLACEMENT_3D('',#4221,#3436,#3437);
#2742=AXIS2_PLACEMENT_3D('',#4223,#3439,#3440);
#2743=AXIS2_PLACEMENT_3D('',#4225,#3441,#3442);
#2744=AXIS2_PLACEMENT_3D('',#4226,#3443,#3444);
#2745=AXIS2_PLACEMENT_3D('',#4227,#3445,#3446);
#2746=AXIS2_PLACEMENT_3D('',#4229,#3447,#3448);
#2747=AXIS2_PLACEMENT_3D('',#4230,#3449,#3450);
#2748=AXIS2_PLACEMENT_3D('',#4231,#3451,#3452);
#2749=AXIS2_PLACEMENT_3D('',#4233,#3453,#3454);
#2750=AXIS2_PLACEMENT_3D('',#4235,#3456,#3457);
#2751=AXIS2_PLACEMENT_3D('',#4237,#3458,#3459);
#2752=AXIS2_PLACEMENT_3D('',#4238,#3460,#3461);
#2753=AXIS2_PLACEMENT_3D('',#4239,#3462,#3463);
#2754=AXIS2_PLACEMENT_3D('',#4241,#3464,#3465);
#2755=AXIS2_PLACEMENT_3D('',#4242,#3466,#3467);
#2756=AXIS2_PLACEMENT_3D('',#4243,#3468,#3469);
#2757=AXIS2_PLACEMENT_3D('',#4245,#3470,#3471);
#2758=AXIS2_PLACEMENT_3D('',#4247,#3473,#3474);
#2759=AXIS2_PLACEMENT_3D('',#4249,#3475,#3476);
#2760=AXIS2_PLACEMENT_3D('',#4250,#3477,#3478);
#2761=AXIS2_PLACEMENT_3D('',#4251,#3479,#3480);
#2762=AXIS2_PLACEMENT_3D('',#4253,#3481,#3482);
#2763=AXIS2_PLACEMENT_3D('',#4255,#3484,#3485);
#2764=AXIS2_PLACEMENT_3D('',#4257,#3486,#3487);
#2765=AXIS2_PLACEMENT_3D('',#4258,#3488,#3489);
#2766=AXIS2_PLACEMENT_3D('',#4259,#3490,#3491);
#2767=AXIS2_PLACEMENT_3D('',#4261,#3492,#3493);
#2768=AXIS2_PLACEMENT_3D('',#4263,#3495,#3496);
#2769=AXIS2_PLACEMENT_3D('',#4265,#3497,#3498);
#2770=AXIS2_PLACEMENT_3D('',#4266,#3499,#3500);
#2771=AXIS2_PLACEMENT_3D('',#4267,#3501,#3502);
#2772=AXIS2_PLACEMENT_3D('',#4269,#3503,#3504);
#2773=AXIS2_PLACEMENT_3D('',#4270,#3505,#3506);
#2774=AXIS2_PLACEMENT_3D('',#4271,#3507,#3508);
#2775=AXIS2_PLACEMENT_3D('',#4273,#3509,#3510);
#2776=AXIS2_PLACEMENT_3D('',#4275,#3512,#3513);
#2777=AXIS2_PLACEMENT_3D('',#4278,#3514,#3515);
#2778=AXIS2_PLACEMENT_3D('',#4279,#3516,#3517);
#2779=AXIS2_PLACEMENT_3D('',#4280,#3518,#3519);
#2780=AXIS2_PLACEMENT_3D('',#4281,#3520,#3521);
#2781=AXIS2_PLACEMENT_3D('',#4284,#3522,#3523);
#2782=AXIS2_PLACEMENT_3D('',#4285,#3524,#3525);
#2783=AXIS2_PLACEMENT_3D('',#4286,#3526,#3527);
#2784=AXIS2_PLACEMENT_3D('',#4287,#3528,#3529);
#2785=AXIS2_PLACEMENT_3D('',#4290,#3530,#3531);
#2786=AXIS2_PLACEMENT_3D('',#4293,#3534,#3535);
#2787=AXIS2_PLACEMENT_3D('',#4296,#3536,#3537);
#2788=AXIS2_PLACEMENT_3D('',#4297,#3538,#3539);
#2789=AXIS2_PLACEMENT_3D('',#4298,#3540,#3541);
#2790=AXIS2_PLACEMENT_3D('',#4299,#3542,#3543);
#2791=AXIS2_PLACEMENT_3D('',#4302,#3544,#3545);
#2792=AXIS2_PLACEMENT_3D('',#4303,#3546,#3547);
#2793=AXIS2_PLACEMENT_3D('',#4304,#3548,#3549);
#2794=AXIS2_PLACEMENT_3D('',#4305,#3550,#3551);
#2795=AXIS2_PLACEMENT_3D('',#4308,#3552,#3553);
#2796=AXIS2_PLACEMENT_3D('',#4311,#3556,#3557);
#2797=AXIS2_PLACEMENT_3D('',#4314,#3558,#3559);
#2798=AXIS2_PLACEMENT_3D('',#4315,#3560,#3561);
#2799=AXIS2_PLACEMENT_3D('',#4316,#3562,#3563);
#2800=AXIS2_PLACEMENT_3D('',#4317,#3564,#3565);
#2801=AXIS2_PLACEMENT_3D('',#4320,#3566,#3567);
#2802=AXIS2_PLACEMENT_3D('',#4321,#3568,#3569);
#2803=AXIS2_PLACEMENT_3D('',#4322,#3570,#3571);
#2804=AXIS2_PLACEMENT_3D('',#4323,#3572,#3573);
#2805=AXIS2_PLACEMENT_3D('',#4326,#3574,#3575);
#2806=AXIS2_PLACEMENT_3D('',#4329,#3578,#3579);
#2807=AXIS2_PLACEMENT_3D('',#4332,#3580,#3581);
#2808=AXIS2_PLACEMENT_3D('',#4333,#3582,#3583);
#2809=AXIS2_PLACEMENT_3D('',#4334,#3584,#3585);
#2810=AXIS2_PLACEMENT_3D('',#4335,#3586,#3587);
#2811=AXIS2_PLACEMENT_3D('',#4338,#3588,#3589);
#2812=AXIS2_PLACEMENT_3D('',#4341,#3592,#3593);
#2813=AXIS2_PLACEMENT_3D('',#4344,#3594,#3595);
#2814=AXIS2_PLACEMENT_3D('',#4345,#3596,#3597);
#2815=AXIS2_PLACEMENT_3D('',#4346,#3598,#3599);
#2816=AXIS2_PLACEMENT_3D('',#4347,#3600,#3601);
#2817=AXIS2_PLACEMENT_3D('',#4350,#3602,#3603);
#2818=AXIS2_PLACEMENT_3D('',#4353,#3606,#3607);
#2819=AXIS2_PLACEMENT_3D('',#4356,#3608,#3609);
#2820=AXIS2_PLACEMENT_3D('',#4357,#3610,#3611);
#2821=AXIS2_PLACEMENT_3D('',#4358,#3612,#3613);
#2822=AXIS2_PLACEMENT_3D('',#4359,#3614,#3615);
#2823=AXIS2_PLACEMENT_3D('',#4362,#3616,#3617);
#2824=AXIS2_PLACEMENT_3D('',#4363,#3618,#3619);
#2825=AXIS2_PLACEMENT_3D('',#4364,#3620,#3621);
#2826=AXIS2_PLACEMENT_3D('',#4365,#3622,#3623);
#2827=AXIS2_PLACEMENT_3D('',#4367,#3624,#3625);
#2828=AXIS2_PLACEMENT_3D('',#4370,#3628,#3629);
#2829=AXIS2_PLACEMENT_3D('',#4371,#3630,#3631);
#2830=AXIS2_PLACEMENT_3D('',#4372,#3632,#3633);
#2831=AXIS2_PLACEMENT_3D('',#4375,#3636,#3637);
#2832=AXIS2_PLACEMENT_3D('',#4377,#3639,#3640);
#2833=AXIS2_PLACEMENT_3D('',#4379,#3642,#3643);
#2834=AXIS2_PLACEMENT_3D('',#4381,#3645,#3646);
#2835=AXIS2_PLACEMENT_3D('',#4383,#3648,#3649);
#2836=AXIS2_PLACEMENT_3D('',#4385,#3651,#3652);
#2837=AXIS2_PLACEMENT_3D('',#4387,#3654,#3655);
#2838=AXIS2_PLACEMENT_3D('',#4389,#3657,#3658);
#2839=AXIS2_PLACEMENT_3D('',#4391,#3660,#3661);
#2840=AXIS2_PLACEMENT_3D('',#4393,#3663,#3664);
#2841=AXIS2_PLACEMENT_3D('',#4395,#3666,#3667);
#2842=AXIS2_PLACEMENT_3D('',#4397,#3669,#3670);
#2843=AXIS2_PLACEMENT_3D('',#4399,#3672,#3673);
#2844=AXIS2_PLACEMENT_3D('',#4400,#3674,#3675);
#2845=AXIS2_PLACEMENT_3D('',#4402,#3676,#3677);
#2846=AXIS2_PLACEMENT_3D('',#4404,#3678,#3679);
#2847=AXIS2_PLACEMENT_3D('',#4406,#3680,#3681);
#2848=AXIS2_PLACEMENT_3D('',#4408,#3682,#3683);
#2849=AXIS2_PLACEMENT_3D('',#4410,#3684,#3685);
#2850=AXIS2_PLACEMENT_3D('',#4412,#3686,#3687);
#2851=AXIS2_PLACEMENT_3D('',#4414,#3688,#3689);
#2852=AXIS2_PLACEMENT_3D('',#4416,#3690,#3691);
#2853=AXIS2_PLACEMENT_3D('',#4417,#3692,#3693);
#2854=AXIS2_PLACEMENT_3D('',#4419,#3695,#3696);
#2855=AXIS2_PLACEMENT_3D('',#4421,#3698,#3699);
#2856=AXIS2_PLACEMENT_3D('',#4423,#3701,#3702);
#2857=AXIS2_PLACEMENT_3D('',#4425,#3704,#3705);
#2858=AXIS2_PLACEMENT_3D('',#4427,#3707,#3708);
#2859=AXIS2_PLACEMENT_3D('',#4429,#3710,#3711);
#2860=AXIS2_PLACEMENT_3D('',#4431,#3713,#3714);
#2861=AXIS2_PLACEMENT_3D('',#4433,#3716,#3717);
#2862=AXIS2_PLACEMENT_3D('',#4435,#3719,#3720);
#2863=DIRECTION('axis',(0.,0.,1.));
#2864=DIRECTION('refdir',(1.,0.,0.));
#2865=DIRECTION('center_axis',(0.,1.,0.));
#2866=DIRECTION('ref_axis',(1.,0.,0.));
#2867=DIRECTION('center_axis',(0.,1.,0.));
#2868=DIRECTION('ref_axis',(1.,0.,0.));
#2869=DIRECTION('',(0.,1.,0.));
#2870=DIRECTION('center_axis',(0.,-1.,0.));
#2871=DIRECTION('ref_axis',(1.,0.,0.));
#2872=DIRECTION('center_axis',(0.,1.,0.));
#2873=DIRECTION('ref_axis',(1.,0.,0.));
#2874=DIRECTION('center_axis',(0.,1.,0.));
#2875=DIRECTION('ref_axis',(1.,0.,0.));
#2876=DIRECTION('',(0.,1.,0.));
#2877=DIRECTION('center_axis',(0.,-1.,0.));
#2878=DIRECTION('ref_axis',(1.,0.,0.));
#2879=DIRECTION('center_axis',(0.,1.,0.));
#2880=DIRECTION('ref_axis',(1.,0.,0.));
#2881=DIRECTION('center_axis',(0.,1.,0.));
#2882=DIRECTION('ref_axis',(1.,0.,0.));
#2883=DIRECTION('',(0.,1.,0.));
#2884=DIRECTION('center_axis',(0.,-1.,0.));
#2885=DIRECTION('ref_axis',(1.,0.,0.));
#2886=DIRECTION('center_axis',(0.,1.,0.));
#2887=DIRECTION('ref_axis',(1.,0.,0.));
#2888=DIRECTION('center_axis',(0.,1.,0.));
#2889=DIRECTION('ref_axis',(1.,0.,0.));
#2890=DIRECTION('',(0.,1.,0.));
#2891=DIRECTION('center_axis',(0.,-1.,0.));
#2892=DIRECTION('ref_axis',(1.,0.,0.));
#2893=DIRECTION('center_axis',(0.,1.,0.));
#2894=DIRECTION('ref_axis',(1.,0.,0.));
#2895=DIRECTION('center_axis',(0.,1.,0.));
#2896=DIRECTION('ref_axis',(1.,0.,0.));
#2897=DIRECTION('',(0.,1.,0.));
#2898=DIRECTION('center_axis',(0.,-1.,0.));
#2899=DIRECTION('ref_axis',(1.,0.,0.));
#2900=DIRECTION('center_axis',(0.,1.,0.));
#2901=DIRECTION('ref_axis',(1.,0.,0.));
#2902=DIRECTION('center_axis',(0.,1.,0.));
#2903=DIRECTION('ref_axis',(1.,0.,0.));
#2904=DIRECTION('',(0.,1.,0.));
#2905=DIRECTION('center_axis',(0.,-1.,0.));
#2906=DIRECTION('ref_axis',(1.,0.,0.));
#2907=DIRECTION('center_axis',(0.,1.,0.));
#2908=DIRECTION('ref_axis',(1.,0.,0.));
#2909=DIRECTION('center_axis',(0.,1.,0.));
#2910=DIRECTION('ref_axis',(1.,0.,0.));
#2911=DIRECTION('',(0.,1.,0.));
#2912=DIRECTION('center_axis',(0.,-1.,0.));
#2913=DIRECTION('ref_axis',(1.,0.,0.));
#2914=DIRECTION('center_axis',(0.,1.,0.));
#2915=DIRECTION('ref_axis',(1.,0.,0.));
#2916=DIRECTION('center_axis',(0.,1.,0.));
#2917=DIRECTION('ref_axis',(1.,0.,0.));
#2918=DIRECTION('',(0.,1.,0.));
#2919=DIRECTION('center_axis',(0.,-1.,0.));
#2920=DIRECTION('ref_axis',(1.,0.,0.));
#2921=DIRECTION('center_axis',(0.,1.,0.));
#2922=DIRECTION('ref_axis',(1.,0.,0.));
#2923=DIRECTION('center_axis',(0.,1.,0.));
#2924=DIRECTION('ref_axis',(1.,0.,0.));
#2925=DIRECTION('',(0.,1.,0.));
#2926=DIRECTION('center_axis',(0.,-1.,0.));
#2927=DIRECTION('ref_axis',(1.,0.,0.));
#2928=DIRECTION('center_axis',(0.,1.,0.));
#2929=DIRECTION('ref_axis',(1.,0.,0.));
#2930=DIRECTION('center_axis',(0.,1.,0.));
#2931=DIRECTION('ref_axis',(1.,0.,0.));
#2932=DIRECTION('',(0.,1.,0.));
#2933=DIRECTION('center_axis',(0.,-1.,0.));
#2934=DIRECTION('ref_axis',(1.,0.,0.));
#2935=DIRECTION('center_axis',(0.,1.,0.));
#2936=DIRECTION('ref_axis',(1.,0.,0.));
#2937=DIRECTION('center_axis',(0.,1.,0.));
#2938=DIRECTION('ref_axis',(1.,0.,0.));
#2939=DIRECTION('',(0.,1.,0.));
#2940=DIRECTION('center_axis',(0.,-1.,0.));
#2941=DIRECTION('ref_axis',(1.,0.,0.));
#2942=DIRECTION('center_axis',(0.,1.,0.));
#2943=DIRECTION('ref_axis',(1.,0.,0.));
#2944=DIRECTION('center_axis',(0.,1.,0.));
#2945=DIRECTION('ref_axis',(1.,0.,0.));
#2946=DIRECTION('',(0.,1.,0.));
#2947=DIRECTION('center_axis',(0.,-1.,0.));
#2948=DIRECTION('ref_axis',(1.,0.,0.));
#2949=DIRECTION('center_axis',(1.,0.,0.));
#2950=DIRECTION('ref_axis',(0.,0.,-1.));
#2951=DIRECTION('',(0.,0.,1.));
#2952=DIRECTION('',(0.,1.,0.));
#2953=DIRECTION('',(0.,0.,-1.));
#2954=DIRECTION('',(0.,1.,0.));
#2955=DIRECTION('center_axis',(0.,1.,0.));
#2956=DIRECTION('ref_axis',(-1.,0.,0.));
#2957=DIRECTION('center_axis',(0.,-1.,0.));
#2958=DIRECTION('ref_axis',(-1.,0.,0.));
#2959=DIRECTION('center_axis',(0.,1.,0.));
#2960=DIRECTION('ref_axis',(-1.,0.,0.));
#2961=DIRECTION('',(0.,1.,0.));
#2962=DIRECTION('center_axis',(-1.,0.,0.));
#2963=DIRECTION('ref_axis',(0.,0.,1.));
#2964=DIRECTION('',(0.,0.,-1.));
#2965=DIRECTION('',(0.,0.,1.));
#2966=DIRECTION('',(0.,1.,0.));
#2967=DIRECTION('center_axis',(0.,1.,0.));
#2968=DIRECTION('ref_axis',(1.,0.,4.66293670342563E-14));
#2969=DIRECTION('center_axis',(0.,-1.,0.));
#2970=DIRECTION('ref_axis',(1.,0.,4.66293670342563E-14));
#2971=DIRECTION('center_axis',(0.,1.,0.));
#2972=DIRECTION('ref_axis',(1.,0.,4.66293670342563E-14));
#2973=DIRECTION('center_axis',(-1.,0.,0.));
#2974=DIRECTION('ref_axis',(0.,0.,1.));
#2975=DIRECTION('',(0.,0.,-1.));
#2976=DIRECTION('',(0.,1.,0.));
#2977=DIRECTION('',(0.,0.,1.));
#2978=DIRECTION('',(0.,1.,0.));
#2979=DIRECTION('center_axis',(0.,1.,0.));
#2980=DIRECTION('ref_axis',(1.,0.,0.));
#2981=DIRECTION('center_axis',(0.,-1.,0.));
#2982=DIRECTION('ref_axis',(1.,0.,0.));
#2983=DIRECTION('center_axis',(0.,1.,0.));
#2984=DIRECTION('ref_axis',(1.,0.,0.));
#2985=DIRECTION('',(0.,1.,0.));
#2986=DIRECTION('center_axis',(1.,0.,0.));
#2987=DIRECTION('ref_axis',(0.,0.,-1.));
#2988=DIRECTION('',(0.,0.,1.));
#2989=DIRECTION('',(0.,0.,-1.));
#2990=DIRECTION('',(0.,1.,0.));
#2991=DIRECTION('center_axis',(0.,1.,0.));
#2992=DIRECTION('ref_axis',(-1.,0.,0.));
#2993=DIRECTION('center_axis',(0.,-1.,0.));
#2994=DIRECTION('ref_axis',(-1.,0.,0.));
#2995=DIRECTION('center_axis',(0.,1.,0.));
#2996=DIRECTION('ref_axis',(-1.,0.,0.));
#2997=DIRECTION('center_axis',(1.,0.,0.));
#2998=DIRECTION('ref_axis',(0.,0.,-1.));
#2999=DIRECTION('',(0.,0.,1.));
#3000=DIRECTION('',(0.,1.,0.));
#3001=DIRECTION('',(0.,0.,-1.));
#3002=DIRECTION('',(0.,1.,0.));
#3003=DIRECTION('center_axis',(0.,1.,0.));
#3004=DIRECTION('ref_axis',(-1.,0.,0.));
#3005=DIRECTION('center_axis',(0.,-1.,0.));
#3006=DIRECTION('ref_axis',(-1.,0.,0.));
#3007=DIRECTION('center_axis',(0.,1.,0.));
#3008=DIRECTION('ref_axis',(-1.,0.,0.));
#3009=DIRECTION('',(0.,1.,0.));
#3010=DIRECTION('center_axis',(-1.,0.,0.));
#3011=DIRECTION('ref_axis',(0.,0.,1.));
#3012=DIRECTION('',(0.,0.,-1.));
#3013=DIRECTION('',(0.,0.,1.));
#3014=DIRECTION('',(0.,1.,0.));
#3015=DIRECTION('center_axis',(0.,1.,0.));
#3016=DIRECTION('ref_axis',(1.,0.,0.));
#3017=DIRECTION('center_axis',(0.,-1.,0.));
#3018=DIRECTION('ref_axis',(1.,0.,0.));
#3019=DIRECTION('center_axis',(0.,1.,0.));
#3020=DIRECTION('ref_axis',(1.,0.,0.));
#3021=DIRECTION('center_axis',(-1.,0.,0.));
#3022=DIRECTION('ref_axis',(0.,0.,1.));
#3023=DIRECTION('',(0.,0.,-1.));
#3024=DIRECTION('',(0.,1.,0.));
#3025=DIRECTION('',(0.,0.,1.));
#3026=DIRECTION('',(0.,1.,0.));
#3027=DIRECTION('center_axis',(0.,1.,0.));
#3028=DIRECTION('ref_axis',(1.,0.,0.));
#3029=DIRECTION('center_axis',(0.,-1.,0.));
#3030=DIRECTION('ref_axis',(1.,0.,0.));
#3031=DIRECTION('center_axis',(0.,1.,0.));
#3032=DIRECTION('ref_axis',(1.,0.,0.));
#3033=DIRECTION('',(0.,1.,0.));
#3034=DIRECTION('center_axis',(1.,0.,0.));
#3035=DIRECTION('ref_axis',(0.,0.,-1.));
#3036=DIRECTION('',(0.,0.,1.));
#3037=DIRECTION('',(0.,0.,-1.));
#3038=DIRECTION('',(0.,1.,0.));
#3039=DIRECTION('center_axis',(0.,1.,0.));
#3040=DIRECTION('ref_axis',(-1.,0.,-4.44089209850056E-14));
#3041=DIRECTION('center_axis',(0.,-1.,0.));
#3042=DIRECTION('ref_axis',(-1.,0.,-4.44089209850056E-14));
#3043=DIRECTION('center_axis',(0.,1.,0.));
#3044=DIRECTION('ref_axis',(-1.,0.,-4.44089209850056E-14));
#3045=DIRECTION('center_axis',(0.,1.,0.));
#3046=DIRECTION('ref_axis',(1.,0.,0.));
#3047=DIRECTION('center_axis',(0.,1.,0.));
#3048=DIRECTION('ref_axis',(1.,0.,0.));
#3049=DIRECTION('',(0.,1.,0.));
#3050=DIRECTION('center_axis',(0.,-1.,0.));
#3051=DIRECTION('ref_axis',(1.,0.,0.));
#3052=DIRECTION('center_axis',(0.,1.,0.));
#3053=DIRECTION('ref_axis',(1.,0.,0.));
#3054=DIRECTION('center_axis',(0.,1.,0.));
#3055=DIRECTION('ref_axis',(1.,0.,0.));
#3056=DIRECTION('',(0.,1.,0.));
#3057=DIRECTION('center_axis',(0.,-1.,0.));
#3058=DIRECTION('ref_axis',(1.,0.,0.));
#3059=DIRECTION('center_axis',(0.,1.,0.));
#3060=DIRECTION('ref_axis',(1.,0.,0.));
#3061=DIRECTION('center_axis',(0.,1.,0.));
#3062=DIRECTION('ref_axis',(1.,0.,0.));
#3063=DIRECTION('',(0.,1.,0.));
#3064=DIRECTION('center_axis',(0.,-1.,0.));
#3065=DIRECTION('ref_axis',(1.,0.,0.));
#3066=DIRECTION('center_axis',(0.,1.,0.));
#3067=DIRECTION('ref_axis',(1.,0.,0.));
#3068=DIRECTION('center_axis',(0.,1.,0.));
#3069=DIRECTION('ref_axis',(1.,0.,0.));
#3070=DIRECTION('',(0.,1.,0.));
#3071=DIRECTION('center_axis',(0.,-1.,0.));
#3072=DIRECTION('ref_axis',(1.,0.,0.));
#3073=DIRECTION('center_axis',(0.,1.,0.));
#3074=DIRECTION('ref_axis',(1.,0.,0.));
#3075=DIRECTION('center_axis',(0.,1.,0.));
#3076=DIRECTION('ref_axis',(1.,0.,0.));
#3077=DIRECTION('',(0.,1.,0.));
#3078=DIRECTION('center_axis',(0.,-1.,0.));
#3079=DIRECTION('ref_axis',(1.,0.,0.));
#3080=DIRECTION('center_axis',(0.,1.,0.));
#3081=DIRECTION('ref_axis',(1.,0.,0.));
#3082=DIRECTION('center_axis',(0.,1.,0.));
#3083=DIRECTION('ref_axis',(1.,0.,0.));
#3084=DIRECTION('',(0.,1.,0.));
#3085=DIRECTION('center_axis',(0.,-1.,0.));
#3086=DIRECTION('ref_axis',(1.,0.,0.));
#3087=DIRECTION('center_axis',(0.,1.,0.));
#3088=DIRECTION('ref_axis',(1.,0.,0.));
#3089=DIRECTION('center_axis',(0.,1.,0.));
#3090=DIRECTION('ref_axis',(1.,0.,0.));
#3091=DIRECTION('',(0.,1.,0.));
#3092=DIRECTION('center_axis',(0.,-1.,0.));
#3093=DIRECTION('ref_axis',(1.,0.,0.));
#3094=DIRECTION('center_axis',(0.,1.,0.));
#3095=DIRECTION('ref_axis',(1.,0.,0.));
#3096=DIRECTION('center_axis',(0.,1.,0.));
#3097=DIRECTION('ref_axis',(1.,0.,0.));
#3098=DIRECTION('',(0.,1.,0.));
#3099=DIRECTION('center_axis',(0.,-1.,0.));
#3100=DIRECTION('ref_axis',(1.,0.,0.));
#3101=DIRECTION('center_axis',(0.,1.,0.));
#3102=DIRECTION('ref_axis',(0.,0.,1.));
#3103=DIRECTION('center_axis',(1.11022302462514E-15,0.,1.));
#3104=DIRECTION('ref_axis',(1.,0.,-1.11022302462514E-15));
#3105=DIRECTION('center_axis',(0.,1.,0.));
#3106=DIRECTION('ref_axis',(-0.707106781186553,0.,0.707106781186542));
#3107=DIRECTION('center_axis',(-1.,0.,0.));
#3108=DIRECTION('ref_axis',(0.,1.,0.));
#3109=DIRECTION('center_axis',(0.,-1.,0.));
#3110=DIRECTION('ref_axis',(-0.707106781186553,0.,0.707106781186542));
#3111=DIRECTION('center_axis',(-1.,0.,0.));
#3112=DIRECTION('ref_axis',(0.,0.707106781186548,-0.707106781186547));
#3113=DIRECTION('center_axis',(-1.,0.,0.));
#3114=DIRECTION('ref_axis',(0.,1.,0.));
#3115=DIRECTION('',(-1.,0.,0.));
#3116=DIRECTION('',(1.,0.,0.));
#3117=DIRECTION('center_axis',(0.,1.,0.));
#3118=DIRECTION('ref_axis',(0.,0.,1.));
#3119=DIRECTION('center_axis',(0.,0.,1.));
#3120=DIRECTION('ref_axis',(0.,1.,0.));
#3121=DIRECTION('center_axis',(0.,-1.,0.));
#3122=DIRECTION('ref_axis',(0.707106781186547,0.,0.707106781186548));
#3123=DIRECTION('center_axis',(0.,1.,0.));
#3124=DIRECTION('ref_axis',(0.707106781186547,0.,0.707106781186548));
#3125=DIRECTION('center_axis',(0.,-1.,0.));
#3126=DIRECTION('ref_axis',(0.,0.,-1.));
#3127=DIRECTION('center_axis',(-1.,0.,0.));
#3128=DIRECTION('ref_axis',(0.,1.,0.));
#3129=DIRECTION('center_axis',(0.,1.,0.));
#3130=DIRECTION('ref_axis',(-0.707106781186553,0.,-0.707106781186542));
#3131=DIRECTION('center_axis',(0.,-1.,0.));
#3132=DIRECTION('ref_axis',(-0.707106781186553,0.,-0.707106781186542));
#3133=DIRECTION('center_axis',(-1.,0.,0.));
#3134=DIRECTION('ref_axis',(0.,0.707106781186548,-0.707106781186547));
#3135=DIRECTION('center_axis',(-1.,0.,0.));
#3136=DIRECTION('ref_axis',(0.,1.,0.));
#3137=DIRECTION('',(-1.,0.,0.));
#3138=DIRECTION('',(1.,0.,0.));
#3139=DIRECTION('center_axis',(0.,-1.,0.));
#3140=DIRECTION('ref_axis',(0.,0.,-1.));
#3141=DIRECTION('center_axis',(0.,0.,-1.));
#3142=DIRECTION('ref_axis',(0.,1.,0.));
#3143=DIRECTION('center_axis',(0.,1.,0.));
#3144=DIRECTION('ref_axis',(0.707106781186547,0.,-0.707106781186548));
#3145=DIRECTION('center_axis',(0.,-1.,0.));
#3146=DIRECTION('ref_axis',(0.707106781186547,0.,-0.707106781186548));
#3147=DIRECTION('center_axis',(0.,0.,-1.));
#3148=DIRECTION('ref_axis',(0.707106781186578,0.707106781186517,0.));
#3149=DIRECTION('center_axis',(0.,0.,-1.));
#3150=DIRECTION('ref_axis',(0.,1.,0.));
#3151=DIRECTION('',(0.,0.,-1.));
#3152=DIRECTION('',(0.,0.,1.));
#3153=DIRECTION('center_axis',(0.,-1.,0.));
#3154=DIRECTION('ref_axis',(0.,0.,-1.));
#3155=DIRECTION('center_axis',(1.,0.,0.));
#3156=DIRECTION('ref_axis',(0.,1.,0.));
#3157=DIRECTION('center_axis',(0.,1.,0.));
#3158=DIRECTION('ref_axis',(0.707106781186547,0.,0.707106781186548));
#3159=DIRECTION('center_axis',(0.,-1.,0.));
#3160=DIRECTION('ref_axis',(0.707106781186547,0.,0.707106781186548));
#3161=DIRECTION('center_axis',(1.,0.,0.));
#3162=DIRECTION('ref_axis',(0.,0.707106781186542,0.707106781186553));
#3163=DIRECTION('center_axis',(1.,0.,0.));
#3164=DIRECTION('ref_axis',(0.,1.,0.));
#3165=DIRECTION('',(1.,0.,0.));
#3166=DIRECTION('',(-1.,0.,0.));
#3167=DIRECTION('center_axis',(0.,-1.,0.));
#3168=DIRECTION('ref_axis',(0.,0.,-1.));
#3169=DIRECTION('center_axis',(0.,0.,1.));
#3170=DIRECTION('ref_axis',(0.,1.,0.));
#3171=DIRECTION('center_axis',(0.,1.,0.));
#3172=DIRECTION('ref_axis',(-0.707106781186548,0.,0.707106781186548));
#3173=DIRECTION('center_axis',(0.,-1.,0.));
#3174=DIRECTION('ref_axis',(-0.707106781186547,0.,0.707106781186547));
#3175=DIRECTION('center_axis',(0.,1.,0.));
#3176=DIRECTION('ref_axis',(0.,0.,1.));
#3177=DIRECTION('center_axis',(1.,0.,0.));
#3178=DIRECTION('ref_axis',(0.,1.,0.));
#3179=DIRECTION('center_axis',(0.,-1.,0.));
#3180=DIRECTION('ref_axis',(0.707106781186539,0.,-0.707106781186556));
#3181=DIRECTION('center_axis',(0.,1.,0.));
#3182=DIRECTION('ref_axis',(0.707106781186539,0.,-0.707106781186556));
#3183=DIRECTION('center_axis',(1.,0.,0.));
#3184=DIRECTION('ref_axis',(0.,0.707106781186542,0.707106781186553));
#3185=DIRECTION('center_axis',(1.,0.,0.));
#3186=DIRECTION('ref_axis',(0.,1.,0.));
#3187=DIRECTION('',(1.,0.,0.));
#3188=DIRECTION('',(-1.,0.,0.));
#3189=DIRECTION('center_axis',(0.,1.,0.));
#3190=DIRECTION('ref_axis',(0.,0.,1.));
#3191=DIRECTION('center_axis',(0.,0.,-1.));
#3192=DIRECTION('ref_axis',(0.,1.,0.));
#3193=DIRECTION('center_axis',(0.,-1.,0.));
#3194=DIRECTION('ref_axis',(-0.707106781186545,0.,-0.70710678118655));
#3195=DIRECTION('center_axis',(0.,1.,0.));
#3196=DIRECTION('ref_axis',(-0.707106781186545,0.,-0.70710678118655));
#3197=DIRECTION('center_axis',(0.,-1.,0.));
#3198=DIRECTION('ref_axis',(0.,0.,-1.));
#3199=DIRECTION('center_axis',(1.,0.,0.));
#3200=DIRECTION('ref_axis',(0.,1.,0.));
#3201=DIRECTION('center_axis',(0.,1.,0.));
#3202=DIRECTION('ref_axis',(0.707106781186545,0.,0.70710678118655));
#3203=DIRECTION('center_axis',(0.,-1.,0.));
#3204=DIRECTION('ref_axis',(0.707106781186545,0.,0.70710678118655));
#3205=DIRECTION('center_axis',(1.,0.,0.));
#3206=DIRECTION('ref_axis',(0.,0.707106781186542,0.707106781186553));
#3207=DIRECTION('center_axis',(1.,0.,0.));
#3208=DIRECTION('ref_axis',(0.,1.,0.));
#3209=DIRECTION('',(1.,0.,0.));
#3210=DIRECTION('',(-1.,0.,0.));
#3211=DIRECTION('center_axis',(0.,-1.,0.));
#3212=DIRECTION('ref_axis',(0.,0.,-1.));
#3213=DIRECTION('center_axis',(3.55271367880045E-14,0.,1.));
#3214=DIRECTION('ref_axis',(0.,1.,0.));
#3215=DIRECTION('center_axis',(0.,1.,0.));
#3216=DIRECTION('ref_axis',(-0.707106781186548,0.,0.707106781186548));
#3217=DIRECTION('center_axis',(0.,-1.,0.));
#3218=DIRECTION('ref_axis',(-0.707106781186548,0.,0.707106781186548));
#3219=DIRECTION('center_axis',(0.,1.,0.));
#3220=DIRECTION('ref_axis',(0.,0.,1.));
#3221=DIRECTION('center_axis',(1.,0.,0.));
#3222=DIRECTION('ref_axis',(0.,1.,0.));
#3223=DIRECTION('center_axis',(0.,-1.,0.));
#3224=DIRECTION('ref_axis',(0.707106781186548,0.,-0.707106781186548));
#3225=DIRECTION('center_axis',(0.,1.,0.));
#3226=DIRECTION('ref_axis',(0.707106781186548,0.,-0.707106781186548));
#3227=DIRECTION('center_axis',(1.,0.,0.));
#3228=DIRECTION('ref_axis',(0.,0.707106781186542,0.707106781186553));
#3229=DIRECTION('center_axis',(1.,0.,0.));
#3230=DIRECTION('ref_axis',(0.,1.,0.));
#3231=DIRECTION('',(1.,0.,0.));
#3232=DIRECTION('',(-1.,0.,0.));
#3233=DIRECTION('center_axis',(0.,1.,0.));
#3234=DIRECTION('ref_axis',(0.,0.,1.));
#3235=DIRECTION('center_axis',(0.,0.,-1.));
#3236=DIRECTION('ref_axis',(0.,1.,0.));
#3237=DIRECTION('center_axis',(0.,-1.,0.));
#3238=DIRECTION('ref_axis',(-0.707106781186547,0.,-0.707106781186548));
#3239=DIRECTION('center_axis',(0.,1.,0.));
#3240=DIRECTION('ref_axis',(-0.707106781186547,0.,-0.707106781186548));
#3241=DIRECTION('center_axis',(0.,-1.,0.));
#3242=DIRECTION('ref_axis',(0.,0.,-1.));
#3243=DIRECTION('center_axis',(1.,0.,0.));
#3244=DIRECTION('ref_axis',(0.,1.,0.));
#3245=DIRECTION('center_axis',(0.,1.,0.));
#3246=DIRECTION('ref_axis',(0.707106781186548,0.,0.707106781186547));
#3247=DIRECTION('center_axis',(0.,-1.,0.));
#3248=DIRECTION('ref_axis',(0.707106781186548,0.,0.707106781186547));
#3249=DIRECTION('center_axis',(1.,0.,0.));
#3250=DIRECTION('ref_axis',(0.,0.707106781186542,0.707106781186553));
#3251=DIRECTION('center_axis',(1.,0.,0.));
#3252=DIRECTION('ref_axis',(0.,1.,0.));
#3253=DIRECTION('',(1.,0.,0.));
#3254=DIRECTION('',(-1.,0.,0.));
#3255=DIRECTION('center_axis',(0.,-1.,0.));
#3256=DIRECTION('ref_axis',(0.,0.,-1.));
#3257=DIRECTION('center_axis',(0.,0.,1.));
#3258=DIRECTION('ref_axis',(0.,1.,0.));
#3259=DIRECTION('center_axis',(0.,1.,0.));
#3260=DIRECTION('ref_axis',(-0.707106781186547,0.,0.707106781186548));
#3261=DIRECTION('center_axis',(0.,-1.,0.));
#3262=DIRECTION('ref_axis',(-0.707106781186547,0.,0.707106781186548));
#3263=DIRECTION('center_axis',(0.,0.,1.));
#3264=DIRECTION('ref_axis',(-0.707106781186547,0.707106781186548,0.));
#3265=DIRECTION('center_axis',(0.,0.,1.));
#3266=DIRECTION('ref_axis',(0.,1.,0.));
#3267=DIRECTION('',(0.,0.,1.));
#3268=DIRECTION('',(0.,0.,-1.));
#3269=DIRECTION('center_axis',(0.,-1.,0.));
#3270=DIRECTION('ref_axis',(0.,0.,-1.));
#3271=DIRECTION('center_axis',(-1.,0.,0.));
#3272=DIRECTION('ref_axis',(0.,1.,0.));
#3273=DIRECTION('center_axis',(0.,1.,0.));
#3274=DIRECTION('ref_axis',(-0.707106781186547,0.,-0.707106781186547));
#3275=DIRECTION('center_axis',(0.,-1.,0.));
#3276=DIRECTION('ref_axis',(-0.707106781186548,0.,-0.707106781186548));
#3277=DIRECTION('center_axis',(-1.,0.,0.));
#3278=DIRECTION('ref_axis',(0.,0.707106781186548,-0.707106781186547));
#3279=DIRECTION('center_axis',(-1.,0.,0.));
#3280=DIRECTION('ref_axis',(0.,1.,0.));
#3281=DIRECTION('',(-1.,0.,0.));
#3282=DIRECTION('',(1.,0.,0.));
#3283=DIRECTION('center_axis',(0.,-1.,0.));
#3284=DIRECTION('ref_axis',(0.,0.,-1.));
#3285=DIRECTION('center_axis',(0.,0.,-1.));
#3286=DIRECTION('ref_axis',(0.,1.,0.));
#3287=DIRECTION('center_axis',(0.,1.,0.));
#3288=DIRECTION('ref_axis',(0.707106781186548,0.,-0.707106781186548));
#3289=DIRECTION('center_axis',(0.,-1.,0.));
#3290=DIRECTION('ref_axis',(0.707106781186547,0.,-0.707106781186547));
#3291=DIRECTION('center_axis',(0.,1.,0.));
#3292=DIRECTION('ref_axis',(0.,0.,1.));
#3293=DIRECTION('center_axis',(-1.,0.,0.));
#3294=DIRECTION('ref_axis',(0.,1.,0.));
#3295=DIRECTION('center_axis',(0.,-1.,0.));
#3296=DIRECTION('ref_axis',(-0.707106781186547,0.,0.707106781186548));
#3297=DIRECTION('center_axis',(0.,1.,0.));
#3298=DIRECTION('ref_axis',(-0.707106781186547,0.,0.707106781186548));
#3299=DIRECTION('center_axis',(-1.,0.,0.));
#3300=DIRECTION('ref_axis',(0.,0.707106781186548,-0.707106781186547));
#3301=DIRECTION('center_axis',(-1.,0.,0.));
#3302=DIRECTION('ref_axis',(0.,1.,0.));
#3303=DIRECTION('',(-1.,0.,0.));
#3304=DIRECTION('',(1.,0.,0.));
#3305=DIRECTION('center_axis',(0.,1.,0.));
#3306=DIRECTION('ref_axis',(0.,0.,1.));
#3307=DIRECTION('center_axis',(-1.11022302462518E-15,0.,1.));
#3308=DIRECTION('ref_axis',(0.,1.,0.));
#3309=DIRECTION('center_axis',(0.,-1.,0.));
#3310=DIRECTION('ref_axis',(0.707106781186547,0.,0.707106781186548));
#3311=DIRECTION('center_axis',(0.,1.,0.));
#3312=DIRECTION('ref_axis',(0.707106781186547,0.,0.707106781186548));
#3313=DIRECTION('center_axis',(0.,-1.,0.));
#3314=DIRECTION('ref_axis',(0.,0.,-1.));
#3315=DIRECTION('center_axis',(-1.,0.,0.));
#3316=DIRECTION('ref_axis',(0.,1.,0.));
#3317=DIRECTION('center_axis',(0.,1.,0.));
#3318=DIRECTION('ref_axis',(-0.707106781186547,0.,-0.707106781186548));
#3319=DIRECTION('center_axis',(0.,-1.,0.));
#3320=DIRECTION('ref_axis',(-0.707106781186547,0.,-0.707106781186548));
#3321=DIRECTION('center_axis',(-1.,0.,0.));
#3322=DIRECTION('ref_axis',(0.,0.707106781186548,-0.707106781186547));
#3323=DIRECTION('center_axis',(-1.,0.,0.));
#3324=DIRECTION('ref_axis',(0.,1.,0.));
#3325=DIRECTION('',(-1.,0.,0.));
#3326=DIRECTION('',(1.,0.,0.));
#3327=DIRECTION('center_axis',(0.,-1.,0.));
#3328=DIRECTION('ref_axis',(0.,0.,-1.));
#3329=DIRECTION('center_axis',(0.,1.,0.));
#3330=DIRECTION('ref_axis',(0.707106781186547,0.,-0.707106781186548));
#3331=DIRECTION('center_axis',(0.,-1.,0.));
#3332=DIRECTION('ref_axis',(0.707106781186547,0.,-0.707106781186548));
#3333=DIRECTION('center_axis',(0.,0.,1.));
#3334=DIRECTION('ref_axis',(1.,0.,0.));
#3335=DIRECTION('',(0.,1.,0.));
#3336=DIRECTION('',(-1.,0.,0.));
#3337=DIRECTION('',(0.,-1.,0.));
#3338=DIRECTION('center_axis',(0.,1.,0.));
#3339=DIRECTION('ref_axis',(-0.707106781186546,0.,-0.707106781186549));
#3340=DIRECTION('',(0.,1.,0.));
#3341=DIRECTION('center_axis',(0.,1.,0.));
#3342=DIRECTION('ref_axis',(-0.707106781186547,0.,-0.707106781186548));
#3343=DIRECTION('center_axis',(0.,1.,0.));
#3344=DIRECTION('ref_axis',(0.707106781186547,0.,0.707106781186548));
#3345=DIRECTION('',(0.,-1.,0.));
#3346=DIRECTION('center_axis',(0.,-1.,0.));
#3347=DIRECTION('ref_axis',(0.707106781186548,0.,0.707106781186547));
#3348=DIRECTION('center_axis',(0.,0.,1.));
#3349=DIRECTION('ref_axis',(1.,0.,0.));
#3350=DIRECTION('',(0.,1.,0.));
#3351=DIRECTION('',(-1.,0.,0.));
#3352=DIRECTION('center_axis',(0.,1.,0.));
#3353=DIRECTION('ref_axis',(-0.707106781186547,0.,0.707106781186547));
#3354=DIRECTION('',(0.,-1.,0.));
#3355=DIRECTION('center_axis',(0.,-1.,0.));
#3356=DIRECTION('ref_axis',(-0.707106781186547,0.,0.707106781186548));
#3357=DIRECTION('center_axis',(-1.,0.,0.));
#3358=DIRECTION('ref_axis',(0.,0.,1.));
#3359=DIRECTION('',(0.,1.,0.));
#3360=DIRECTION('',(0.,0.,-1.));
#3361=DIRECTION('center_axis',(0.,1.,0.));
#3362=DIRECTION('ref_axis',(-0.707106781186547,0.,-0.707106781186547));
#3363=DIRECTION('',(0.,-1.,0.));
#3364=DIRECTION('center_axis',(0.,-1.,0.));
#3365=DIRECTION('ref_axis',(-0.707106781186547,0.,-0.707106781186547));
#3366=DIRECTION('center_axis',(0.,0.,-1.));
#3367=DIRECTION('ref_axis',(-1.,0.,0.));
#3368=DIRECTION('',(0.,1.,0.));
#3369=DIRECTION('',(1.,0.,0.));
#3370=DIRECTION('center_axis',(0.,1.,0.));
#3371=DIRECTION('ref_axis',(0.707106781186547,0.,-0.707106781186548));
#3372=DIRECTION('',(0.,-1.,0.));
#3373=DIRECTION('center_axis',(0.,-1.,0.));
#3374=DIRECTION('ref_axis',(0.707106781186548,0.,-0.707106781186548));
#3375=DIRECTION('center_axis',(0.,1.,0.));
#3376=DIRECTION('ref_axis',(-0.707106781186547,0.,0.707106781186548));
#3377=DIRECTION('',(0.,-1.,0.));
#3378=DIRECTION('center_axis',(0.,1.,0.));
#3379=DIRECTION('ref_axis',(-0.707106781186547,0.,0.707106781186548));
#3380=DIRECTION('center_axis',(0.,0.,-1.));
#3381=DIRECTION('ref_axis',(-1.,0.,0.));
#3382=DIRECTION('',(0.,1.,0.));
#3383=DIRECTION('',(1.,0.,0.));
#3384=DIRECTION('center_axis',(0.,1.,0.));
#3385=DIRECTION('ref_axis',(0.707106781186548,0.,0.707106781186547));
#3386=DIRECTION('',(0.,1.,0.));
#3387=DIRECTION('center_axis',(0.,1.,0.));
#3388=DIRECTION('ref_axis',(0.707106781186547,0.,0.707106781186548));
#3389=DIRECTION('center_axis',(0.,1.,0.));
#3390=DIRECTION('ref_axis',(-0.707106781186548,0.,-0.707106781186547));
#3391=DIRECTION('',(0.,-1.,0.));
#3392=DIRECTION('center_axis',(0.,-1.,0.));
#3393=DIRECTION('ref_axis',(-0.707106781186547,0.,-0.707106781186548));
#3394=DIRECTION('center_axis',(0.,0.,-1.));
#3395=DIRECTION('ref_axis',(-1.,0.,0.));
#3396=DIRECTION('',(0.,1.,0.));
#3397=DIRECTION('',(1.,0.,0.));
#3398=DIRECTION('center_axis',(0.,1.,0.));
#3399=DIRECTION('ref_axis',(0.707106781186544,0.,-0.707106781186551));
#3400=DIRECTION('',(0.,1.,0.));
#3401=DIRECTION('center_axis',(0.,-1.,0.));
#3402=DIRECTION('ref_axis',(0.707106781186547,0.,-0.707106781186548));
#3403=DIRECTION('center_axis',(0.,1.,0.));
#3404=DIRECTION('ref_axis',(-0.707106781186553,0.,0.707106781186543));
#3405=DIRECTION('',(0.,-1.,0.));
#3406=DIRECTION('center_axis',(0.,1.,0.));
#3407=DIRECTION('ref_axis',(-0.707106781186553,0.,0.707106781186542));
#3408=DIRECTION('center_axis',(0.,1.,0.));
#3409=DIRECTION('ref_axis',(0.,0.,1.));
#3410=DIRECTION('center_axis',(0.,-1.,0.));
#3411=DIRECTION('ref_axis',(1.,0.,0.));
#3412=DIRECTION('center_axis',(0.,-1.,0.));
#3413=DIRECTION('ref_axis',(1.,0.,0.));
#3414=DIRECTION('center_axis',(0.,-1.,0.));
#3415=DIRECTION('ref_axis',(1.,0.,0.));
#3416=DIRECTION('center_axis',(0.,-1.,0.));
#3417=DIRECTION('ref_axis',(1.,0.,0.));
#3418=DIRECTION('center_axis',(0.,-1.,0.));
#3419=DIRECTION('ref_axis',(1.,0.,0.));
#3420=DIRECTION('center_axis',(0.,-1.,0.));
#3421=DIRECTION('ref_axis',(1.,0.,0.));
#3422=DIRECTION('center_axis',(0.,-1.,0.));
#3423=DIRECTION('ref_axis',(1.,0.,0.));
#3424=DIRECTION('center_axis',(0.,-1.,0.));
#3425=DIRECTION('ref_axis',(1.,0.,0.));
#3426=DIRECTION('center_axis',(0.,1.,0.));
#3427=DIRECTION('ref_axis',(0.,0.,1.));
#3428=DIRECTION('center_axis',(0.,0.,-1.));
#3429=DIRECTION('ref_axis',(1.,0.,0.));
#3430=DIRECTION('center_axis',(0.,1.,0.));
#3431=DIRECTION('ref_axis',(0.707106781186547,0.,-0.707106781186548));
#3432=DIRECTION('center_axis',(1.,0.,0.));
#3433=DIRECTION('ref_axis',(0.,-1.,0.));
#3434=DIRECTION('center_axis',(1.,0.,0.));
#3435=DIRECTION('ref_axis',(0.,-0.707106781186549,-0.707106781186546));
#3436=DIRECTION('center_axis',(1.,0.,0.));
#3437=DIRECTION('ref_axis',(0.,-1.,0.));
#3438=DIRECTION('',(-1.,0.,0.));
#3439=DIRECTION('center_axis',(0.,1.,0.));
#3440=DIRECTION('ref_axis',(0.,0.,1.));
#3441=DIRECTION('center_axis',(0.,0.,-1.));
#3442=DIRECTION('ref_axis',(0.,-1.,0.));
#3443=DIRECTION('center_axis',(0.,1.,0.));
#3444=DIRECTION('ref_axis',(-0.707106781186547,0.,-0.707106781186548));
#3445=DIRECTION('center_axis',(0.,-1.,0.));
#3446=DIRECTION('ref_axis',(0.,0.,-1.));
#3447=DIRECTION('center_axis',(1.,0.,0.));
#3448=DIRECTION('ref_axis',(0.,-1.,0.));
#3449=DIRECTION('center_axis',(0.,-1.,0.));
#3450=DIRECTION('ref_axis',(0.707106781186547,0.,0.707106781186548));
#3451=DIRECTION('center_axis',(-1.,0.,0.));
#3452=DIRECTION('ref_axis',(0.,-0.707106781186546,-0.707106781186549));
#3453=DIRECTION('center_axis',(1.,0.,-1.77635683940024E-14));
#3454=DIRECTION('ref_axis',(0.,-1.,0.));
#3455=DIRECTION('',(-1.,0.,0.));
#3456=DIRECTION('center_axis',(0.,-1.,0.));
#3457=DIRECTION('ref_axis',(0.,0.,-1.));
#3458=DIRECTION('center_axis',(1.11022302462516E-15,0.,1.));
#3459=DIRECTION('ref_axis',(0.,-1.,0.));
#3460=DIRECTION('center_axis',(0.,-1.,0.));
#3461=DIRECTION('ref_axis',(-0.707106781186547,0.,0.707106781186548));
#3462=DIRECTION('center_axis',(0.,1.,0.));
#3463=DIRECTION('ref_axis',(0.,0.,1.));
#3464=DIRECTION('center_axis',(1.,0.,0.));
#3465=DIRECTION('ref_axis',(0.,-1.,0.));
#3466=DIRECTION('center_axis',(0.,1.,0.));
#3467=DIRECTION('ref_axis',(0.707106781186547,0.,-0.707106781186547));
#3468=DIRECTION('center_axis',(1.,0.,0.));
#3469=DIRECTION('ref_axis',(0.,-0.707106781186549,-0.707106781186546));
#3470=DIRECTION('center_axis',(1.,0.,0.));
#3471=DIRECTION('ref_axis',(0.,-1.,0.));
#3472=DIRECTION('',(-1.,0.,0.));
#3473=DIRECTION('center_axis',(0.,1.,0.));
#3474=DIRECTION('ref_axis',(0.,0.,1.));
#3475=DIRECTION('center_axis',(0.,0.,-1.));
#3476=DIRECTION('ref_axis',(0.,-1.,0.));
#3477=DIRECTION('center_axis',(0.,1.,0.));
#3478=DIRECTION('ref_axis',(-0.707106781186548,0.,-0.707106781186548));
#3479=DIRECTION('center_axis',(0.,0.,-1.));
#3480=DIRECTION('ref_axis',(-0.707106781186546,-0.707106781186549,0.));
#3481=DIRECTION('center_axis',(0.,0.,-1.));
#3482=DIRECTION('ref_axis',(0.,-1.,0.));
#3483=DIRECTION('',(0.,0.,1.));
#3484=DIRECTION('center_axis',(0.,1.,0.));
#3485=DIRECTION('ref_axis',(0.,0.,1.));
#3486=DIRECTION('center_axis',(-1.,0.,2.22044604925028E-15));
#3487=DIRECTION('ref_axis',(0.,-1.,0.));
#3488=DIRECTION('center_axis',(0.,1.,0.));
#3489=DIRECTION('ref_axis',(-0.707106781186547,0.,0.707106781186548));
#3490=DIRECTION('center_axis',(-1.,0.,0.));
#3491=DIRECTION('ref_axis',(0.,-0.707106781186543,0.707106781186553));
#3492=DIRECTION('center_axis',(-1.,0.,-4.44089209850056E-15));
#3493=DIRECTION('ref_axis',(0.,-1.,0.));
#3494=DIRECTION('',(1.,0.,0.));
#3495=DIRECTION('center_axis',(0.,1.,0.));
#3496=DIRECTION('ref_axis',(0.,0.,1.));
#3497=DIRECTION('center_axis',(0.,0.,1.));
#3498=DIRECTION('ref_axis',(0.,-1.,0.));
#3499=DIRECTION('center_axis',(0.,1.,0.));
#3500=DIRECTION('ref_axis',(0.707106781186548,0.,0.707106781186547));
#3501=DIRECTION('center_axis',(0.,-1.,0.));
#3502=DIRECTION('ref_axis',(0.,0.,-1.));
#3503=DIRECTION('center_axis',(-1.,0.,0.));
#3504=DIRECTION('ref_axis',(0.,-1.,0.));
#3505=DIRECTION('center_axis',(0.,-1.,0.));
#3506=DIRECTION('ref_axis',(-0.707106781186547,0.,-0.707106781186548));
#3507=DIRECTION('center_axis',(-1.,0.,0.));
#3508=DIRECTION('ref_axis',(0.,-0.707106781186543,0.707106781186553));
#3509=DIRECTION('center_axis',(-1.,0.,0.));
#3510=DIRECTION('ref_axis',(0.,-1.,0.));
#3511=DIRECTION('',(1.,0.,0.));
#3512=DIRECTION('center_axis',(0.,-1.,0.));
#3513=DIRECTION('ref_axis',(0.,0.,-1.));
#3514=DIRECTION('center_axis',(0.,0.,-1.));
#3515=DIRECTION('ref_axis',(0.,-1.,0.));
#3516=DIRECTION('center_axis',(0.,1.,0.));
#3517=DIRECTION('ref_axis',(0.707106781186548,0.,-0.707106781186548));
#3518=DIRECTION('center_axis',(0.,-1.,0.));
#3519=DIRECTION('ref_axis',(0.707106781186548,0.,-0.707106781186548));
#3520=DIRECTION('center_axis',(0.,1.,0.));
#3521=DIRECTION('ref_axis',(0.,0.,1.));
#3522=DIRECTION('center_axis',(-1.,0.,0.));
#3523=DIRECTION('ref_axis',(0.,-1.,0.));
#3524=DIRECTION('center_axis',(0.,-1.,0.));
#3525=DIRECTION('ref_axis',(-0.707106781186548,0.,0.707106781186548));
#3526=DIRECTION('center_axis',(0.,1.,0.));
#3527=DIRECTION('ref_axis',(-0.707106781186548,0.,0.707106781186548));
#3528=DIRECTION('center_axis',(-1.,0.,0.));
#3529=DIRECTION('ref_axis',(0.,-0.707106781186543,0.707106781186553));
#3530=DIRECTION('center_axis',(-1.,0.,0.));
#3531=DIRECTION('ref_axis',(0.,-1.,0.));
#3532=DIRECTION('',(-1.,0.,0.));
#3533=DIRECTION('',(1.,0.,0.));
#3534=DIRECTION('center_axis',(0.,1.,0.));
#3535=DIRECTION('ref_axis',(0.,0.,1.));
#3536=DIRECTION('center_axis',(0.,0.,1.));
#3537=DIRECTION('ref_axis',(0.,-1.,0.));
#3538=DIRECTION('center_axis',(0.,-1.,0.));
#3539=DIRECTION('ref_axis',(0.707106781186545,0.,0.70710678118655));
#3540=DIRECTION('center_axis',(0.,1.,0.));
#3541=DIRECTION('ref_axis',(0.707106781186545,0.,0.70710678118655));
#3542=DIRECTION('center_axis',(0.,-1.,0.));
#3543=DIRECTION('ref_axis',(0.,0.,-1.));
#3544=DIRECTION('center_axis',(-1.,0.,0.));
#3545=DIRECTION('ref_axis',(0.,-1.,0.));
#3546=DIRECTION('center_axis',(0.,1.,0.));
#3547=DIRECTION('ref_axis',(-0.707106781186545,0.,-0.70710678118655));
#3548=DIRECTION('center_axis',(0.,-1.,0.));
#3549=DIRECTION('ref_axis',(-0.707106781186545,0.,-0.70710678118655));
#3550=DIRECTION('center_axis',(1.,0.,0.));
#3551=DIRECTION('ref_axis',(0.,-0.707106781186568,0.707106781186527));
#3552=DIRECTION('center_axis',(-1.,0.,0.));
#3553=DIRECTION('ref_axis',(0.,-1.,0.));
#3554=DIRECTION('',(-1.,0.,0.));
#3555=DIRECTION('',(1.,0.,0.));
#3556=DIRECTION('center_axis',(0.,-1.,0.));
#3557=DIRECTION('ref_axis',(0.,0.,-1.));
#3558=DIRECTION('center_axis',(0.,0.,-1.));
#3559=DIRECTION('ref_axis',(0.,-1.,0.));
#3560=DIRECTION('center_axis',(0.,1.,0.));
#3561=DIRECTION('ref_axis',(0.707106781186539,0.,-0.707106781186556));
#3562=DIRECTION('center_axis',(0.,-1.,0.));
#3563=DIRECTION('ref_axis',(0.707106781186539,0.,-0.707106781186556));
#3564=DIRECTION('center_axis',(0.,1.,0.));
#3565=DIRECTION('ref_axis',(0.,0.,1.));
#3566=DIRECTION('center_axis',(-1.,0.,0.));
#3567=DIRECTION('ref_axis',(0.,-1.,0.));
#3568=DIRECTION('center_axis',(0.,-1.,0.));
#3569=DIRECTION('ref_axis',(-0.707106781186548,0.,0.707106781186548));
#3570=DIRECTION('center_axis',(0.,1.,0.));
#3571=DIRECTION('ref_axis',(-0.707106781186547,0.,0.707106781186547));
#3572=DIRECTION('center_axis',(-1.,0.,0.));
#3573=DIRECTION('ref_axis',(0.,-0.707106781186543,0.707106781186553));
#3574=DIRECTION('center_axis',(-1.,0.,0.));
#3575=DIRECTION('ref_axis',(0.,-1.,0.));
#3576=DIRECTION('',(-1.,0.,0.));
#3577=DIRECTION('',(1.,0.,0.));
#3578=DIRECTION('center_axis',(0.,1.,0.));
#3579=DIRECTION('ref_axis',(0.,0.,1.));
#3580=DIRECTION('center_axis',(0.,0.,1.));
#3581=DIRECTION('ref_axis',(0.,-1.,0.));
#3582=DIRECTION('center_axis',(0.,-1.,0.));
#3583=DIRECTION('ref_axis',(0.707106781186547,0.,0.707106781186548));
#3584=DIRECTION('center_axis',(0.,1.,0.));
#3585=DIRECTION('ref_axis',(0.707106781186547,0.,0.707106781186548));
#3586=DIRECTION('center_axis',(0.,0.,1.));
#3587=DIRECTION('ref_axis',(0.707106781186578,-0.707106781186517,0.));
#3588=DIRECTION('center_axis',(0.,0.,1.));
#3589=DIRECTION('ref_axis',(0.,-1.,0.));
#3590=DIRECTION('',(0.,0.,1.));
#3591=DIRECTION('',(0.,0.,-1.));
#3592=DIRECTION('center_axis',(0.,1.,0.));
#3593=DIRECTION('ref_axis',(0.,0.,1.));
#3594=DIRECTION('center_axis',(1.,0.,0.));
#3595=DIRECTION('ref_axis',(0.,-1.,0.));
#3596=DIRECTION('center_axis',(0.,-1.,0.));
#3597=DIRECTION('ref_axis',(0.707106781186547,0.,-0.707106781186548));
#3598=DIRECTION('center_axis',(0.,1.,0.));
#3599=DIRECTION('ref_axis',(0.707106781186547,0.,-0.707106781186548));
#3600=DIRECTION('center_axis',(1.,0.,0.));
#3601=DIRECTION('ref_axis',(0.,-0.707106781186549,-0.707106781186546));
#3602=DIRECTION('center_axis',(1.,0.,0.));
#3603=DIRECTION('ref_axis',(0.,-1.,0.));
#3604=DIRECTION('',(1.,0.,0.));
#3605=DIRECTION('',(-1.,0.,0.));
#3606=DIRECTION('center_axis',(0.,1.,0.));
#3607=DIRECTION('ref_axis',(0.,0.,1.));
#3608=DIRECTION('center_axis',(0.,0.,-1.));
#3609=DIRECTION('ref_axis',(0.,-1.,0.));
#3610=DIRECTION('center_axis',(0.,-1.,0.));
#3611=DIRECTION('ref_axis',(-0.707106781186553,0.,-0.707106781186542));
#3612=DIRECTION('center_axis',(0.,1.,0.));
#3613=DIRECTION('ref_axis',(-0.707106781186553,0.,-0.707106781186542));
#3614=DIRECTION('center_axis',(0.,-1.,0.));
#3615=DIRECTION('ref_axis',(0.,0.,-1.));
#3616=DIRECTION('center_axis',(1.,0.,0.));
#3617=DIRECTION('ref_axis',(0.,-1.,0.));
#3618=DIRECTION('center_axis',(0.,1.,0.));
#3619=DIRECTION('ref_axis',(0.707106781186547,0.,0.707106781186548));
#3620=DIRECTION('center_axis',(0.,-1.,0.));
#3621=DIRECTION('ref_axis',(0.707106781186547,0.,0.707106781186548));
#3622=DIRECTION('center_axis',(1.,0.,0.));
#3623=DIRECTION('ref_axis',(0.,-0.707106781186549,-0.707106781186546));
#3624=DIRECTION('center_axis',(1.,0.,0.));
#3625=DIRECTION('ref_axis',(0.,-1.,0.));
#3626=DIRECTION('',(1.,0.,0.));
#3627=DIRECTION('',(-1.,0.,0.));
#3628=DIRECTION('center_axis',(0.,-1.,0.));
#3629=DIRECTION('ref_axis',(0.,0.,-1.));
#3630=DIRECTION('center_axis',(0.,-1.,0.));
#3631=DIRECTION('ref_axis',(-0.707106781186553,0.,0.707106781186542));
#3632=DIRECTION('center_axis',(0.,0.,1.));
#3633=DIRECTION('ref_axis',(1.,0.,0.));
#3634=DIRECTION('',(0.,1.,0.));
#3635=DIRECTION('',(0.,-1.,0.));
#3636=DIRECTION('center_axis',(0.,1.,0.));
#3637=DIRECTION('ref_axis',(0.707106781186552,0.,0.707106781186543));
#3638=DIRECTION('',(0.,1.,0.));
#3639=DIRECTION('center_axis',(0.,1.,0.));
#3640=DIRECTION('ref_axis',(-0.707106781186543,0.,-0.707106781186552));
#3641=DIRECTION('',(0.,1.,0.));
#3642=DIRECTION('center_axis',(0.,0.,1.));
#3643=DIRECTION('ref_axis',(1.,0.,0.));
#3644=DIRECTION('',(0.,-1.,0.));
#3645=DIRECTION('center_axis',(0.,1.,0.));
#3646=DIRECTION('ref_axis',(0.707106781186552,0.,-0.707106781186543));
#3647=DIRECTION('',(0.,-1.,0.));
#3648=DIRECTION('center_axis',(0.,1.,0.));
#3649=DIRECTION('ref_axis',(-0.707106781186543,0.,0.707106781186552));
#3650=DIRECTION('',(0.,1.,0.));
#3651=DIRECTION('center_axis',(0.,0.,1.));
#3652=DIRECTION('ref_axis',(1.,0.,0.));
#3653=DIRECTION('',(0.,-1.,0.));
#3654=DIRECTION('center_axis',(0.,1.,0.));
#3655=DIRECTION('ref_axis',(0.707106781186547,0.,0.707106781186547));
#3656=DIRECTION('',(0.,1.,0.));
#3657=DIRECTION('center_axis',(1.,0.,0.));
#3658=DIRECTION('ref_axis',(0.,0.,-1.));
#3659=DIRECTION('',(0.,-1.,0.));
#3660=DIRECTION('center_axis',(0.,1.,0.));
#3661=DIRECTION('ref_axis',(0.707106781186547,0.,-0.707106781186547));
#3662=DIRECTION('',(0.,1.,0.));
#3663=DIRECTION('center_axis',(0.,0.,-1.));
#3664=DIRECTION('ref_axis',(-1.,0.,0.));
#3665=DIRECTION('',(0.,-1.,0.));
#3666=DIRECTION('center_axis',(0.,1.,0.));
#3667=DIRECTION('ref_axis',(-0.707106781186553,0.,-0.707106781186543));
#3668=DIRECTION('',(0.,1.,0.));
#3669=DIRECTION('center_axis',(0.,1.,0.));
#3670=DIRECTION('ref_axis',(0.707106781186544,0.,0.707106781186551));
#3671=DIRECTION('',(0.,1.,0.));
#3672=DIRECTION('center_axis',(0.,0.,-1.));
#3673=DIRECTION('ref_axis',(-1.,0.,0.));
#3674=DIRECTION('center_axis',(0.,1.,0.));
#3675=DIRECTION('ref_axis',(1.,0.,0.));
#3676=DIRECTION('center_axis',(0.,1.,0.));
#3677=DIRECTION('ref_axis',(1.,0.,0.));
#3678=DIRECTION('center_axis',(0.,1.,0.));
#3679=DIRECTION('ref_axis',(1.,0.,0.));
#3680=DIRECTION('center_axis',(0.,1.,0.));
#3681=DIRECTION('ref_axis',(1.,0.,0.));
#3682=DIRECTION('center_axis',(0.,1.,0.));
#3683=DIRECTION('ref_axis',(1.,0.,0.));
#3684=DIRECTION('center_axis',(0.,1.,0.));
#3685=DIRECTION('ref_axis',(1.,0.,0.));
#3686=DIRECTION('center_axis',(0.,1.,0.));
#3687=DIRECTION('ref_axis',(1.,0.,0.));
#3688=DIRECTION('center_axis',(0.,1.,0.));
#3689=DIRECTION('ref_axis',(1.,0.,0.));
#3690=DIRECTION('center_axis',(0.,1.,0.));
#3691=DIRECTION('ref_axis',(1.,0.,0.));
#3692=DIRECTION('center_axis',(0.,1.,0.));
#3693=DIRECTION('ref_axis',(1.,0.,0.));
#3694=DIRECTION('',(0.,1.,0.));
#3695=DIRECTION('center_axis',(0.,1.,0.));
#3696=DIRECTION('ref_axis',(1.,0.,0.));
#3697=DIRECTION('',(0.,1.,0.));
#3698=DIRECTION('center_axis',(0.,1.,0.));
#3699=DIRECTION('ref_axis',(1.,0.,0.));
#3700=DIRECTION('',(0.,1.,0.));
#3701=DIRECTION('center_axis',(0.,1.,0.));
#3702=DIRECTION('ref_axis',(1.,0.,0.));
#3703=DIRECTION('',(0.,1.,0.));
#3704=DIRECTION('center_axis',(0.,1.,0.));
#3705=DIRECTION('ref_axis',(1.,0.,0.));
#3706=DIRECTION('',(0.,1.,0.));
#3707=DIRECTION('center_axis',(0.,1.,0.));
#3708=DIRECTION('ref_axis',(1.,0.,0.));
#3709=DIRECTION('',(0.,1.,0.));
#3710=DIRECTION('center_axis',(0.,1.,0.));
#3711=DIRECTION('ref_axis',(1.,0.,0.));
#3712=DIRECTION('',(0.,1.,0.));
#3713=DIRECTION('center_axis',(0.,1.,0.));
#3714=DIRECTION('ref_axis',(1.,0.,0.));
#3715=DIRECTION('',(0.,1.,0.));
#3716=DIRECTION('center_axis',(0.,1.,0.));
#3717=DIRECTION('ref_axis',(-0.707106781186548,0.,0.707106781186548));
#3718=DIRECTION('',(0.,1.,0.));
#3719=DIRECTION('center_axis',(0.,1.,0.));
#3720=DIRECTION('ref_axis',(0.707106781186548,0.,-0.707106781186548));
#3721=CARTESIAN_POINT('',(0.,0.,0.));
#3722=CARTESIAN_POINT('Origin',(209.9,0.,20.2));
#3723=CARTESIAN_POINT('',(207.75,0.,20.2));
#3724=CARTESIAN_POINT('Origin',(209.9,0.,20.2));
#3725=CARTESIAN_POINT('',(207.75,3.,20.2));
#3726=CARTESIAN_POINT('',(207.75,0.,20.2));
#3727=CARTESIAN_POINT('Origin',(209.9,3.,20.2));
#3728=CARTESIAN_POINT('Origin',(240.1,0.,100.6));
#3729=CARTESIAN_POINT('',(237.95,0.,100.6));
#3730=CARTESIAN_POINT('Origin',(240.1,0.,100.6));
#3731=CARTESIAN_POINT('',(237.95,3.,100.6));
#3732=CARTESIAN_POINT('',(237.95,0.,100.6));
#3733=CARTESIAN_POINT('Origin',(240.1,3.,100.6));
#3734=CARTESIAN_POINT('Origin',(44.9,0.,100.6));
#3735=CARTESIAN_POINT('',(42.75,0.,100.6));
#3736=CARTESIAN_POINT('Origin',(44.9,0.,100.6));
#3737=CARTESIAN_POINT('',(42.75,3.,100.6));
#3738=CARTESIAN_POINT('',(42.75,0.,100.6));
#3739=CARTESIAN_POINT('Origin',(44.9,3.,100.6));
#3740=CARTESIAN_POINT('Origin',(75.1,0.,100.6));
#3741=CARTESIAN_POINT('',(72.95,0.,100.6));
#3742=CARTESIAN_POINT('Origin',(75.1,0.,100.6));
#3743=CARTESIAN_POINT('',(72.95,3.,100.6));
#3744=CARTESIAN_POINT('',(72.95,0.,100.6));
#3745=CARTESIAN_POINT('Origin',(75.1,3.,100.6));
#3746=CARTESIAN_POINT('Origin',(209.9,0.,124.8));
#3747=CARTESIAN_POINT('',(207.75,0.,124.8));
#3748=CARTESIAN_POINT('Origin',(209.9,0.,124.8));
#3749=CARTESIAN_POINT('',(207.75,3.,124.8));
#3750=CARTESIAN_POINT('',(207.75,0.,124.8));
#3751=CARTESIAN_POINT('Origin',(209.9,3.,124.8));
#3752=CARTESIAN_POINT('Origin',(240.1,0.,20.2));
#3753=CARTESIAN_POINT('',(237.95,0.,20.2));
#3754=CARTESIAN_POINT('Origin',(240.1,0.,20.2));
#3755=CARTESIAN_POINT('',(237.95,3.,20.2));
#3756=CARTESIAN_POINT('',(237.95,0.,20.2));
#3757=CARTESIAN_POINT('Origin',(240.1,3.,20.2));
#3758=CARTESIAN_POINT('Origin',(209.9,0.,44.4));
#3759=CARTESIAN_POINT('',(207.75,0.,44.4));
#3760=CARTESIAN_POINT('Origin',(209.9,0.,44.4));
#3761=CARTESIAN_POINT('',(207.75,3.,44.4));
#3762=CARTESIAN_POINT('',(207.75,0.,44.4));
#3763=CARTESIAN_POINT('Origin',(209.9,3.,44.4));
#3764=CARTESIAN_POINT('Origin',(240.1,0.,124.8));
#3765=CARTESIAN_POINT('',(237.95,0.,124.8));
#3766=CARTESIAN_POINT('Origin',(240.1,0.,124.8));
#3767=CARTESIAN_POINT('',(237.95,3.,124.8));
#3768=CARTESIAN_POINT('',(237.95,0.,124.8));
#3769=CARTESIAN_POINT('Origin',(240.1,3.,124.8));
#3770=CARTESIAN_POINT('Origin',(44.9,0.,124.8));
#3771=CARTESIAN_POINT('',(42.75,0.,124.8));
#3772=CARTESIAN_POINT('Origin',(44.9,0.,124.8));
#3773=CARTESIAN_POINT('',(42.75,3.,124.8));
#3774=CARTESIAN_POINT('',(42.75,0.,124.8));
#3775=CARTESIAN_POINT('Origin',(44.9,3.,124.8));
#3776=CARTESIAN_POINT('Origin',(75.1,0.,124.8));
#3777=CARTESIAN_POINT('',(72.95,0.,124.8));
#3778=CARTESIAN_POINT('Origin',(75.1,0.,124.8));
#3779=CARTESIAN_POINT('',(72.95,3.,124.8));
#3780=CARTESIAN_POINT('',(72.95,0.,124.8));
#3781=CARTESIAN_POINT('Origin',(75.1,3.,124.8));
#3782=CARTESIAN_POINT('Origin',(209.9,0.,100.6));
#3783=CARTESIAN_POINT('',(207.75,0.,100.6));
#3784=CARTESIAN_POINT('Origin',(209.9,0.,100.6));
#3785=CARTESIAN_POINT('',(207.75,3.,100.6));
#3786=CARTESIAN_POINT('',(207.75,0.,100.6));
#3787=CARTESIAN_POINT('Origin',(209.9,3.,100.6));
#3788=CARTESIAN_POINT('Origin',(240.1,0.,44.4));
#3789=CARTESIAN_POINT('',(237.95,0.,44.4));
#3790=CARTESIAN_POINT('Origin',(240.1,0.,44.4));
#3791=CARTESIAN_POINT('',(237.95,3.,44.4));
#3792=CARTESIAN_POINT('',(237.95,0.,44.4));
#3793=CARTESIAN_POINT('Origin',(240.1,3.,44.4));
#3794=CARTESIAN_POINT('Origin',(108.65,0.,52.125));
#3795=CARTESIAN_POINT('',(108.65,3.,26.1250000000001));
#3796=CARTESIAN_POINT('',(108.65,3.,52.125));
#3797=CARTESIAN_POINT('',(108.65,3.,62.3125));
#3798=CARTESIAN_POINT('',(108.65,0.,26.1250000000001));
#3799=CARTESIAN_POINT('',(108.65,0.,26.1250000000001));
#3800=CARTESIAN_POINT('',(108.65,0.,52.125));
#3801=CARTESIAN_POINT('',(108.65,0.,62.3125));
#3802=CARTESIAN_POINT('',(108.65,0.,52.125));
#3803=CARTESIAN_POINT('Origin',(106.65,0.,52.125));
#3804=CARTESIAN_POINT('',(104.65,3.,52.125));
#3805=CARTESIAN_POINT('Origin',(106.65,3.,52.125));
#3806=CARTESIAN_POINT('',(104.65,0.,52.125));
#3807=CARTESIAN_POINT('Origin',(106.65,0.,52.125));
#3808=CARTESIAN_POINT('',(104.65,0.,52.125));
#3809=CARTESIAN_POINT('Origin',(104.65,0.,26.125));
#3810=CARTESIAN_POINT('',(104.65,3.,26.1249999999999));
#3811=CARTESIAN_POINT('',(104.65,3.,49.3125));
#3812=CARTESIAN_POINT('',(104.65,0.,26.1249999999999));
#3813=CARTESIAN_POINT('',(104.65,0.,49.3125));
#3814=CARTESIAN_POINT('',(104.65,0.,26.1249999999999));
#3815=CARTESIAN_POINT('Origin',(106.65,0.,26.125));
#3816=CARTESIAN_POINT('Origin',(106.65,3.,26.125));
#3817=CARTESIAN_POINT('Origin',(106.65,0.,26.125));
#3818=CARTESIAN_POINT('Origin',(176.35,0.,26.1250000000001));
#3819=CARTESIAN_POINT('',(176.35,3.,52.125));
#3820=CARTESIAN_POINT('',(176.35,3.,26.125));
#3821=CARTESIAN_POINT('',(176.35,3.,49.3125));
#3822=CARTESIAN_POINT('',(176.35,0.,52.125));
#3823=CARTESIAN_POINT('',(176.35,0.,52.125));
#3824=CARTESIAN_POINT('',(176.35,0.,26.125));
#3825=CARTESIAN_POINT('',(176.35,0.,49.3125));
#3826=CARTESIAN_POINT('',(176.35,0.,26.125));
#3827=CARTESIAN_POINT('Origin',(178.35,0.,26.125));
#3828=CARTESIAN_POINT('',(180.35,3.,26.125));
#3829=CARTESIAN_POINT('Origin',(178.35,3.,26.125));
#3830=CARTESIAN_POINT('',(180.35,0.,26.125));
#3831=CARTESIAN_POINT('Origin',(178.35,0.,26.125));
#3832=CARTESIAN_POINT('',(180.35,0.,26.125));
#3833=CARTESIAN_POINT('Origin',(180.35,0.,52.125));
#3834=CARTESIAN_POINT('',(180.35,3.,52.125));
#3835=CARTESIAN_POINT('',(180.35,3.,62.3125));
#3836=CARTESIAN_POINT('',(180.35,0.,52.125));
#3837=CARTESIAN_POINT('',(180.35,0.,62.3125));
#3838=CARTESIAN_POINT('',(180.35,0.,52.125));
#3839=CARTESIAN_POINT('Origin',(178.35,0.,52.125));
#3840=CARTESIAN_POINT('Origin',(178.35,3.,52.125));
#3841=CARTESIAN_POINT('Origin',(178.35,0.,52.125));
#3842=CARTESIAN_POINT('Origin',(108.65,0.,118.875));
#3843=CARTESIAN_POINT('',(108.65,3.,92.875));
#3844=CARTESIAN_POINT('',(108.65,3.,118.875));
#3845=CARTESIAN_POINT('',(108.65,3.,95.6875));
#3846=CARTESIAN_POINT('',(108.65,0.,92.875));
#3847=CARTESIAN_POINT('',(108.65,0.,92.875));
#3848=CARTESIAN_POINT('',(108.65,0.,118.875));
#3849=CARTESIAN_POINT('',(108.65,0.,95.6875));
#3850=CARTESIAN_POINT('',(108.65,0.,118.875));
#3851=CARTESIAN_POINT('Origin',(106.65,0.,118.875));
#3852=CARTESIAN_POINT('',(104.65,3.,118.875));
#3853=CARTESIAN_POINT('Origin',(106.65,3.,118.875));
#3854=CARTESIAN_POINT('',(104.65,0.,118.875));
#3855=CARTESIAN_POINT('Origin',(106.65,0.,118.875));
#3856=CARTESIAN_POINT('',(104.65,0.,118.875));
#3857=CARTESIAN_POINT('Origin',(104.65,0.,92.875));
#3858=CARTESIAN_POINT('',(104.65,3.,92.875));
#3859=CARTESIAN_POINT('',(104.65,3.,82.6875));
#3860=CARTESIAN_POINT('',(104.65,0.,92.875));
#3861=CARTESIAN_POINT('',(104.65,0.,82.6875));
#3862=CARTESIAN_POINT('',(104.65,0.,92.875));
#3863=CARTESIAN_POINT('Origin',(106.65,0.,92.875));
#3864=CARTESIAN_POINT('Origin',(106.65,3.,92.875));
#3865=CARTESIAN_POINT('Origin',(106.65,0.,92.875));
#3866=CARTESIAN_POINT('Origin',(176.35,0.,92.875));
#3867=CARTESIAN_POINT('',(176.35,3.,118.875));
#3868=CARTESIAN_POINT('',(176.35,3.,92.875));
#3869=CARTESIAN_POINT('',(176.35,3.,82.6875));
#3870=CARTESIAN_POINT('',(176.35,0.,118.875));
#3871=CARTESIAN_POINT('',(176.35,0.,118.875));
#3872=CARTESIAN_POINT('',(176.35,0.,92.875));
#3873=CARTESIAN_POINT('',(176.35,0.,82.6875));
#3874=CARTESIAN_POINT('',(176.35,0.,92.875));
#3875=CARTESIAN_POINT('Origin',(178.35,0.,92.875));
#3876=CARTESIAN_POINT('',(180.35,3.,92.875));
#3877=CARTESIAN_POINT('Origin',(178.35,3.,92.875));
#3878=CARTESIAN_POINT('',(180.35,0.,92.875));
#3879=CARTESIAN_POINT('Origin',(178.35,0.,92.875));
#3880=CARTESIAN_POINT('',(180.35,0.,92.875));
#3881=CARTESIAN_POINT('Origin',(180.35,0.,118.875));
#3882=CARTESIAN_POINT('',(180.35,3.,118.875));
#3883=CARTESIAN_POINT('',(180.35,3.,95.6875));
#3884=CARTESIAN_POINT('',(180.35,0.,118.875));
#3885=CARTESIAN_POINT('',(180.35,0.,95.6875));
#3886=CARTESIAN_POINT('',(180.35,0.,118.875));
#3887=CARTESIAN_POINT('Origin',(178.35,0.,118.875));
#3888=CARTESIAN_POINT('Origin',(178.35,3.,118.875));
#3889=CARTESIAN_POINT('Origin',(178.35,0.,118.875));
#3890=CARTESIAN_POINT('Origin',(90.825,0.,130.));
#3891=CARTESIAN_POINT('',(88.675,0.,130.));
#3892=CARTESIAN_POINT('Origin',(90.825,0.,130.));
#3893=CARTESIAN_POINT('',(88.675,3.,130.));
#3894=CARTESIAN_POINT('',(88.675,0.,130.));
#3895=CARTESIAN_POINT('Origin',(90.825,3.,130.));
#3896=CARTESIAN_POINT('Origin',(194.175,0.,130.));
#3897=CARTESIAN_POINT('',(192.025,0.,130.));
#3898=CARTESIAN_POINT('Origin',(194.175,0.,130.));
#3899=CARTESIAN_POINT('',(192.025,3.,130.));
#3900=CARTESIAN_POINT('',(192.025,0.,130.));
#3901=CARTESIAN_POINT('Origin',(194.175,3.,130.));
#3902=CARTESIAN_POINT('Origin',(90.825,0.,15.));
#3903=CARTESIAN_POINT('',(88.675,0.,15.));
#3904=CARTESIAN_POINT('Origin',(90.825,0.,15.));
#3905=CARTESIAN_POINT('',(88.675,3.,15.));
#3906=CARTESIAN_POINT('',(88.675,0.,15.));
#3907=CARTESIAN_POINT('Origin',(90.825,3.,15.));
#3908=CARTESIAN_POINT('Origin',(194.175,0.,15.));
#3909=CARTESIAN_POINT('',(192.025,0.,15.));
#3910=CARTESIAN_POINT('Origin',(194.175,0.,15.));
#3911=CARTESIAN_POINT('',(192.025,3.,15.));
#3912=CARTESIAN_POINT('',(192.025,0.,15.));
#3913=CARTESIAN_POINT('Origin',(194.175,3.,15.));
#3914=CARTESIAN_POINT('Origin',(270.,0.,130.));
#3915=CARTESIAN_POINT('',(267.85,0.,130.));
#3916=CARTESIAN_POINT('Origin',(270.,0.,130.));
#3917=CARTESIAN_POINT('',(267.85,3.,130.));
#3918=CARTESIAN_POINT('',(267.85,0.,130.));
#3919=CARTESIAN_POINT('Origin',(270.,3.,130.));
#3920=CARTESIAN_POINT('Origin',(15.,0.,15.));
#3921=CARTESIAN_POINT('',(12.85,0.,15.));
#3922=CARTESIAN_POINT('Origin',(15.,0.,15.));
#3923=CARTESIAN_POINT('',(12.85,3.,15.));
#3924=CARTESIAN_POINT('',(12.85,0.,15.));
#3925=CARTESIAN_POINT('Origin',(15.,3.,15.));
#3926=CARTESIAN_POINT('Origin',(270.,0.,15.));
#3927=CARTESIAN_POINT('',(267.85,0.,15.));
#3928=CARTESIAN_POINT('Origin',(270.,0.,15.));
#3929=CARTESIAN_POINT('',(267.85,3.,15.));
#3930=CARTESIAN_POINT('',(267.85,0.,15.));
#3931=CARTESIAN_POINT('Origin',(270.,3.,15.));
#3932=CARTESIAN_POINT('Origin',(15.,0.,130.));
#3933=CARTESIAN_POINT('',(12.85,0.,130.));
#3934=CARTESIAN_POINT('Origin',(15.,0.,130.));
#3935=CARTESIAN_POINT('',(12.85,3.,130.));
#3936=CARTESIAN_POINT('',(12.85,0.,130.));
#3937=CARTESIAN_POINT('Origin',(15.,3.,130.));
#3938=CARTESIAN_POINT('Origin',(188.,2.5,3.));
#3939=CARTESIAN_POINT('',(185.,2.5,3.));
#3940=CARTESIAN_POINT('',(184.5,3.,3.));
#3941=CARTESIAN_POINT('Origin',(184.5,2.5,3.));
#3942=CARTESIAN_POINT('',(188.,3.,6.5));
#3943=CARTESIAN_POINT('Origin',(188.,3.,3.));
#3944=CARTESIAN_POINT('',(188.,2.5,6.));
#3945=CARTESIAN_POINT('Origin',(188.,2.5,6.5));
#3946=CARTESIAN_POINT('Origin',(188.,2.5,3.));
#3947=CARTESIAN_POINT('Origin',(203.75,2.5,6.5));
#3948=CARTESIAN_POINT('',(262.,3.,6.5));
#3949=CARTESIAN_POINT('',(262.,2.5,6.));
#3950=CARTESIAN_POINT('Origin',(262.,2.5,6.5));
#3951=CARTESIAN_POINT('',(203.75,2.5,6.));
#3952=CARTESIAN_POINT('',(203.75,3.,6.5));
#3953=CARTESIAN_POINT('Origin',(262.,2.5,3.));
#3954=CARTESIAN_POINT('',(265.5,3.,3.));
#3955=CARTESIAN_POINT('',(265.,2.5,3.));
#3956=CARTESIAN_POINT('Origin',(265.5,2.5,3.));
#3957=CARTESIAN_POINT('Origin',(262.,2.5,3.));
#3958=CARTESIAN_POINT('Origin',(262.,3.,3.));
#3959=CARTESIAN_POINT('Origin',(268.,2.5,3.));
#3960=CARTESIAN_POINT('',(268.,3.,0.5));
#3961=CARTESIAN_POINT('',(268.,2.5,0.));
#3962=CARTESIAN_POINT('Origin',(268.,2.5,0.5));
#3963=CARTESIAN_POINT('Origin',(268.,2.5,3.));
#3964=CARTESIAN_POINT('Origin',(268.,3.,3.));
#3965=CARTESIAN_POINT('Origin',(213.75,2.5,0.499999999999998));
#3966=CARTESIAN_POINT('',(275.,3.,0.499999999999998));
#3967=CARTESIAN_POINT('',(275.,2.5,0.));
#3968=CARTESIAN_POINT('Origin',(275.,2.5,0.499999999999998));
#3969=CARTESIAN_POINT('',(213.75,2.5,0.));
#3970=CARTESIAN_POINT('',(213.75,3.,0.499999999999998));
#3971=CARTESIAN_POINT('Origin',(275.,2.5,10.));
#3972=CARTESIAN_POINT('',(284.5,3.,10.));
#3973=CARTESIAN_POINT('',(285.,2.5,10.));
#3974=CARTESIAN_POINT('Origin',(284.5,2.5,10.));
#3975=CARTESIAN_POINT('Origin',(275.,2.5,10.));
#3976=CARTESIAN_POINT('Origin',(275.,3.,10.));
#3977=CARTESIAN_POINT('Origin',(284.5,2.5,108.75));
#3978=CARTESIAN_POINT('',(284.5,3.,135.));
#3979=CARTESIAN_POINT('',(285.,2.5,135.));
#3980=CARTESIAN_POINT('Origin',(284.5,2.5,135.));
#3981=CARTESIAN_POINT('',(285.,2.5,108.75));
#3982=CARTESIAN_POINT('',(284.5,3.,108.75));
#3983=CARTESIAN_POINT('Origin',(275.,2.5,135.));
#3984=CARTESIAN_POINT('',(275.,3.,144.5));
#3985=CARTESIAN_POINT('',(275.,2.5,145.));
#3986=CARTESIAN_POINT('Origin',(275.,2.5,144.5));
#3987=CARTESIAN_POINT('Origin',(275.,2.5,135.));
#3988=CARTESIAN_POINT('Origin',(275.,3.,135.));
#3989=CARTESIAN_POINT('Origin',(203.75,2.5,144.5));
#3990=CARTESIAN_POINT('',(268.,3.,144.5));
#3991=CARTESIAN_POINT('',(268.,2.5,145.));
#3992=CARTESIAN_POINT('Origin',(268.,2.5,144.5));
#3993=CARTESIAN_POINT('',(203.75,2.5,145.));
#3994=CARTESIAN_POINT('',(203.75,3.,144.5));
#3995=CARTESIAN_POINT('Origin',(268.,2.5,142.));
#3996=CARTESIAN_POINT('',(265.5,3.,142.));
#3997=CARTESIAN_POINT('',(265.,2.5,142.));
#3998=CARTESIAN_POINT('Origin',(265.5,2.5,142.));
#3999=CARTESIAN_POINT('Origin',(268.,2.5,142.));
#4000=CARTESIAN_POINT('Origin',(268.,3.,142.));
#4001=CARTESIAN_POINT('Origin',(262.,2.5,142.));
#4002=CARTESIAN_POINT('',(262.,3.,138.5));
#4003=CARTESIAN_POINT('',(262.,2.5,139.));
#4004=CARTESIAN_POINT('Origin',(262.,2.5,138.5));
#4005=CARTESIAN_POINT('Origin',(262.,2.5,142.));
#4006=CARTESIAN_POINT('Origin',(262.,3.,142.));
#4007=CARTESIAN_POINT('Origin',(163.75,2.5,138.5));
#4008=CARTESIAN_POINT('',(188.,3.,138.5));
#4009=CARTESIAN_POINT('',(188.,2.5,139.));
#4010=CARTESIAN_POINT('Origin',(188.,2.5,138.5));
#4011=CARTESIAN_POINT('',(163.75,2.5,139.));
#4012=CARTESIAN_POINT('',(163.75,3.,138.5));
#4013=CARTESIAN_POINT('Origin',(188.,2.5,142.));
#4014=CARTESIAN_POINT('',(184.5,3.,142.));
#4015=CARTESIAN_POINT('',(185.,2.5,142.));
#4016=CARTESIAN_POINT('Origin',(184.5,2.5,142.));
#4017=CARTESIAN_POINT('Origin',(188.,2.5,142.));
#4018=CARTESIAN_POINT('Origin',(188.,3.,142.));
#4019=CARTESIAN_POINT('Origin',(182.,2.5,142.));
#4020=CARTESIAN_POINT('',(182.,3.,144.5));
#4021=CARTESIAN_POINT('',(182.,2.5,145.));
#4022=CARTESIAN_POINT('Origin',(182.,2.5,144.5));
#4023=CARTESIAN_POINT('Origin',(182.,2.5,142.));
#4024=CARTESIAN_POINT('Origin',(182.,3.,142.));
#4025=CARTESIAN_POINT('Origin',(121.25,2.5,144.5));
#4026=CARTESIAN_POINT('',(103.,3.,144.5));
#4027=CARTESIAN_POINT('',(103.,2.5,145.));
#4028=CARTESIAN_POINT('Origin',(103.,2.5,144.5));
#4029=CARTESIAN_POINT('',(121.25,2.5,145.));
#4030=CARTESIAN_POINT('',(121.25,3.,144.5));
#4031=CARTESIAN_POINT('Origin',(103.,2.5,142.));
#4032=CARTESIAN_POINT('',(100.5,3.,142.));
#4033=CARTESIAN_POINT('',(100.,2.5,142.));
#4034=CARTESIAN_POINT('Origin',(100.5,2.5,142.));
#4035=CARTESIAN_POINT('Origin',(103.,2.5,142.));
#4036=CARTESIAN_POINT('Origin',(103.,3.,142.));
#4037=CARTESIAN_POINT('Origin',(97.,2.5,142.));
#4038=CARTESIAN_POINT('',(97.,3.,138.5));
#4039=CARTESIAN_POINT('',(97.,2.5,139.));
#4040=CARTESIAN_POINT('Origin',(97.,2.5,138.5));
#4041=CARTESIAN_POINT('Origin',(97.,2.5,142.));
#4042=CARTESIAN_POINT('Origin',(97.,3.,142.));
#4043=CARTESIAN_POINT('Origin',(81.25,2.5,138.5));
#4044=CARTESIAN_POINT('',(23.,3.,138.5));
#4045=CARTESIAN_POINT('',(23.,2.5,139.));
#4046=CARTESIAN_POINT('Origin',(23.,2.5,138.5));
#4047=CARTESIAN_POINT('',(81.25,2.5,139.));
#4048=CARTESIAN_POINT('',(81.25,3.,138.5));
#4049=CARTESIAN_POINT('Origin',(23.,2.5,142.));
#4050=CARTESIAN_POINT('',(19.5,3.,142.));
#4051=CARTESIAN_POINT('',(20.,2.5,142.));
#4052=CARTESIAN_POINT('Origin',(19.5,2.5,142.));
#4053=CARTESIAN_POINT('Origin',(23.,2.5,142.));
#4054=CARTESIAN_POINT('Origin',(23.,3.,142.));
#4055=CARTESIAN_POINT('Origin',(17.,2.5,142.));
#4056=CARTESIAN_POINT('',(17.,3.,144.5));
#4057=CARTESIAN_POINT('',(17.,2.5,145.));
#4058=CARTESIAN_POINT('Origin',(17.,2.5,144.5));
#4059=CARTESIAN_POINT('Origin',(17.,2.5,142.));
#4060=CARTESIAN_POINT('Origin',(17.,3.,142.));
#4061=CARTESIAN_POINT('Origin',(71.25,2.5,144.5));
#4062=CARTESIAN_POINT('',(10.,3.,144.5));
#4063=CARTESIAN_POINT('',(10.,2.5,145.));
#4064=CARTESIAN_POINT('Origin',(10.,2.5,144.5));
#4065=CARTESIAN_POINT('',(71.25,2.5,145.));
#4066=CARTESIAN_POINT('',(71.25,3.,144.5));
#4067=CARTESIAN_POINT('Origin',(10.,2.5,135.));
#4068=CARTESIAN_POINT('',(0.500000000000002,3.,135.));
#4069=CARTESIAN_POINT('',(0.,2.5,135.));
#4070=CARTESIAN_POINT('Origin',(0.500000000000002,2.5,135.));
#4071=CARTESIAN_POINT('Origin',(10.,2.5,135.));
#4072=CARTESIAN_POINT('Origin',(10.,3.,135.));
#4073=CARTESIAN_POINT('Origin',(0.499999999999998,2.5,36.25));
#4074=CARTESIAN_POINT('',(0.499999999999998,3.,10.));
#4075=CARTESIAN_POINT('',(0.,2.5,10.));
#4076=CARTESIAN_POINT('Origin',(0.499999999999998,2.5,10.));
#4077=CARTESIAN_POINT('',(0.,2.5,36.25));
#4078=CARTESIAN_POINT('',(0.499999999999998,3.,36.25));
#4079=CARTESIAN_POINT('Origin',(10.,2.5,10.));
#4080=CARTESIAN_POINT('',(10.,3.,0.5));
#4081=CARTESIAN_POINT('',(10.,2.5,0.));
#4082=CARTESIAN_POINT('Origin',(10.,2.5,0.5));
#4083=CARTESIAN_POINT('Origin',(10.,2.5,10.));
#4084=CARTESIAN_POINT('Origin',(10.,3.,10.));
#4085=CARTESIAN_POINT('Origin',(81.25,2.5,0.499999999999998));
#4086=CARTESIAN_POINT('',(17.,3.,0.499999999999998));
#4087=CARTESIAN_POINT('',(17.,2.5,0.));
#4088=CARTESIAN_POINT('Origin',(17.,2.5,0.499999999999998));
#4089=CARTESIAN_POINT('',(81.25,2.5,0.));
#4090=CARTESIAN_POINT('',(81.25,3.,0.499999999999998));
#4091=CARTESIAN_POINT('Origin',(17.,2.5,3.));
#4092=CARTESIAN_POINT('',(19.5,3.,3.));
#4093=CARTESIAN_POINT('',(20.,2.5,3.));
#4094=CARTESIAN_POINT('Origin',(19.5,2.5,3.));
#4095=CARTESIAN_POINT('Origin',(17.,2.5,3.));
#4096=CARTESIAN_POINT('Origin',(17.,3.,3.));
#4097=CARTESIAN_POINT('Origin',(23.,2.5,3.));
#4098=CARTESIAN_POINT('',(23.,3.,6.5));
#4099=CARTESIAN_POINT('',(23.,2.5,6.));
#4100=CARTESIAN_POINT('Origin',(23.,2.5,6.5));
#4101=CARTESIAN_POINT('Origin',(23.,2.5,3.));
#4102=CARTESIAN_POINT('Origin',(23.,3.,3.));
#4103=CARTESIAN_POINT('Origin',(121.25,2.5,6.5));
#4104=CARTESIAN_POINT('',(97.,3.,6.5));
#4105=CARTESIAN_POINT('',(97.,2.5,6.));
#4106=CARTESIAN_POINT('Origin',(97.,2.5,6.5));
#4107=CARTESIAN_POINT('',(121.25,2.5,6.));
#4108=CARTESIAN_POINT('',(121.25,3.,6.5));
#4109=CARTESIAN_POINT('Origin',(97.,2.5,3.));
#4110=CARTESIAN_POINT('',(100.5,3.,3.));
#4111=CARTESIAN_POINT('',(100.,2.5,3.));
#4112=CARTESIAN_POINT('Origin',(100.5,2.5,3.));
#4113=CARTESIAN_POINT('Origin',(97.,2.5,3.));
#4114=CARTESIAN_POINT('Origin',(97.,3.,3.));
#4115=CARTESIAN_POINT('Origin',(103.,2.5,3.));
#4116=CARTESIAN_POINT('',(103.,3.,0.5));
#4117=CARTESIAN_POINT('',(103.,2.5,0.));
#4118=CARTESIAN_POINT('Origin',(103.,2.5,0.5));
#4119=CARTESIAN_POINT('Origin',(103.,2.5,3.));
#4120=CARTESIAN_POINT('Origin',(103.,3.,3.));
#4121=CARTESIAN_POINT('Origin',(163.75,2.5,0.499999999999998));
#4122=CARTESIAN_POINT('',(182.,3.,0.499999999999998));
#4123=CARTESIAN_POINT('',(182.,2.5,0.));
#4124=CARTESIAN_POINT('Origin',(182.,2.5,0.499999999999998));
#4125=CARTESIAN_POINT('',(163.75,2.5,0.));
#4126=CARTESIAN_POINT('',(163.75,3.,0.499999999999998));
#4127=CARTESIAN_POINT('Origin',(182.,2.5,3.));
#4128=CARTESIAN_POINT('Origin',(182.,2.5,3.));
#4129=CARTESIAN_POINT('Origin',(182.,3.,3.));
#4130=CARTESIAN_POINT('Origin',(20.,0.,139.));
#4131=CARTESIAN_POINT('',(23.,0.5,139.));
#4132=CARTESIAN_POINT('',(23.,0.,139.));
#4133=CARTESIAN_POINT('',(97.,0.5,139.));
#4134=CARTESIAN_POINT('',(81.25,0.5,139.));
#4135=CARTESIAN_POINT('',(97.,0.,139.));
#4136=CARTESIAN_POINT('Origin',(23.,0.,142.));
#4137=CARTESIAN_POINT('',(20.,0.5,142.));
#4138=CARTESIAN_POINT('',(20.,0.,142.));
#4139=CARTESIAN_POINT('Origin',(23.,0.5,142.));
#4140=CARTESIAN_POINT('Origin',(17.,0.,142.));
#4141=CARTESIAN_POINT('',(17.,0.5,145.));
#4142=CARTESIAN_POINT('',(17.,0.,145.));
#4143=CARTESIAN_POINT('Origin',(17.,0.5,142.));
#4144=CARTESIAN_POINT('Origin',(0.,0.,145.));
#4145=CARTESIAN_POINT('',(10.,0.5,145.));
#4146=CARTESIAN_POINT('',(10.,0.,145.));
#4147=CARTESIAN_POINT('',(71.25,0.5,145.));
#4148=CARTESIAN_POINT('Origin',(10.,0.,135.));
#4149=CARTESIAN_POINT('',(0.,0.5,135.));
#4150=CARTESIAN_POINT('',(0.,0.,135.));
#4151=CARTESIAN_POINT('Origin',(10.,0.5,135.));
#4152=CARTESIAN_POINT('Origin',(0.,0.,0.));
#4153=CARTESIAN_POINT('',(0.,0.5,10.));
#4154=CARTESIAN_POINT('',(0.,0.,10.));
#4155=CARTESIAN_POINT('',(0.,0.5,36.25));
#4156=CARTESIAN_POINT('Origin',(10.,0.,10.));
#4157=CARTESIAN_POINT('',(10.,0.5,0.));
#4158=CARTESIAN_POINT('',(10.,0.,0.));
#4159=CARTESIAN_POINT('Origin',(10.,0.5,10.));
#4160=CARTESIAN_POINT('Origin',(20.,0.,0.));
#4161=CARTESIAN_POINT('',(17.,0.5,0.));
#4162=CARTESIAN_POINT('',(17.,0.,0.));
#4163=CARTESIAN_POINT('',(81.25,0.5,0.));
#4164=CARTESIAN_POINT('Origin',(17.,0.,3.));
#4165=CARTESIAN_POINT('',(20.,0.5,3.));
#4166=CARTESIAN_POINT('',(20.,0.,3.));
#4167=CARTESIAN_POINT('Origin',(17.,0.5,3.));
#4168=CARTESIAN_POINT('Origin',(23.,0.,3.));
#4169=CARTESIAN_POINT('',(23.,0.5,6.));
#4170=CARTESIAN_POINT('',(23.,0.,6.));
#4171=CARTESIAN_POINT('Origin',(23.,0.5,3.));
#4172=CARTESIAN_POINT('Origin',(100.,0.,6.));
#4173=CARTESIAN_POINT('',(97.,0.5,6.));
#4174=CARTESIAN_POINT('',(97.,0.,6.));
#4175=CARTESIAN_POINT('',(121.25,0.5,6.));
#4176=CARTESIAN_POINT('Origin',(97.,0.,3.));
#4177=CARTESIAN_POINT('',(100.,0.5,3.));
#4178=CARTESIAN_POINT('',(100.,0.,3.));
#4179=CARTESIAN_POINT('Origin',(97.,0.5,3.));
#4180=CARTESIAN_POINT('Origin',(103.,0.,3.));
#4181=CARTESIAN_POINT('',(103.,0.5,0.));
#4182=CARTESIAN_POINT('',(103.,0.,0.));
#4183=CARTESIAN_POINT('Origin',(103.,0.5,3.));
#4184=CARTESIAN_POINT('Origin',(185.,0.,0.));
#4185=CARTESIAN_POINT('',(182.,0.5,0.));
#4186=CARTESIAN_POINT('',(182.,0.,0.));
#4187=CARTESIAN_POINT('',(163.75,0.5,0.));
#4188=CARTESIAN_POINT('Origin',(182.,0.,3.));
#4189=CARTESIAN_POINT('',(185.,0.5,3.));
#4190=CARTESIAN_POINT('',(185.,0.,3.));
#4191=CARTESIAN_POINT('Origin',(182.,0.5,3.));
#4192=CARTESIAN_POINT('Origin',(188.,0.,3.));
#4193=CARTESIAN_POINT('',(188.,0.5,6.));
#4194=CARTESIAN_POINT('',(188.,0.,6.));
#4195=CARTESIAN_POINT('Origin',(188.,0.5,3.));
#4196=CARTESIAN_POINT('Origin',(142.5,3.,72.5));
#4197=CARTESIAN_POINT('',(173.6,3.,134.25));
#4198=CARTESIAN_POINT('Origin',(175.35,3.,134.25));
#4199=CARTESIAN_POINT('',(42.75,3.,20.2));
#4200=CARTESIAN_POINT('Origin',(44.9,3.,20.2));
#4201=CARTESIAN_POINT('',(72.95,3.,20.2));
#4202=CARTESIAN_POINT('Origin',(75.1,3.,20.2));
#4203=CARTESIAN_POINT('',(107.9,3.,10.75));
#4204=CARTESIAN_POINT('Origin',(109.65,3.,10.75));
#4205=CARTESIAN_POINT('',(107.9,3.,134.25));
#4206=CARTESIAN_POINT('Origin',(109.65,3.,134.25));
#4207=CARTESIAN_POINT('',(42.75,3.,44.4));
#4208=CARTESIAN_POINT('Origin',(44.9,3.,44.4));
#4209=CARTESIAN_POINT('',(72.95,3.,44.4));
#4210=CARTESIAN_POINT('Origin',(75.1,3.,44.4));
#4211=CARTESIAN_POINT('',(173.6,3.,10.75));
#4212=CARTESIAN_POINT('Origin',(175.35,3.,10.75));
#4213=CARTESIAN_POINT('Origin',(182.,0.5,3.));
#4214=CARTESIAN_POINT('',(184.5,0.,3.));
#4215=CARTESIAN_POINT('Origin',(184.5,0.5,3.));
#4216=CARTESIAN_POINT('',(182.,0.,0.500000000000001));
#4217=CARTESIAN_POINT('Origin',(182.,0.,3.));
#4218=CARTESIAN_POINT('Origin',(182.,0.5,0.500000000000001));
#4219=CARTESIAN_POINT('Origin',(163.75,0.5,0.499999999999998));
#4220=CARTESIAN_POINT('',(103.,0.,0.499999999999998));
#4221=CARTESIAN_POINT('Origin',(103.,0.5,0.499999999999998));
#4222=CARTESIAN_POINT('',(163.75,0.,0.499999999999998));
#4223=CARTESIAN_POINT('Origin',(103.,0.5,3.));
#4224=CARTESIAN_POINT('',(100.5,0.,3.));
#4225=CARTESIAN_POINT('Origin',(100.5,0.5,3.));
#4226=CARTESIAN_POINT('Origin',(103.,0.,3.));
#4227=CARTESIAN_POINT('Origin',(97.,0.5,3.));
#4228=CARTESIAN_POINT('',(97.,0.,6.5));
#4229=CARTESIAN_POINT('Origin',(97.,0.5,6.5));
#4230=CARTESIAN_POINT('Origin',(97.,0.,3.));
#4231=CARTESIAN_POINT('Origin',(121.25,0.5,6.5));
#4232=CARTESIAN_POINT('',(23.,0.,6.5));
#4233=CARTESIAN_POINT('Origin',(23.,0.5,6.5));
#4234=CARTESIAN_POINT('',(121.25,0.,6.5));
#4235=CARTESIAN_POINT('Origin',(23.,0.5,3.));
#4236=CARTESIAN_POINT('',(19.5,0.,3.));
#4237=CARTESIAN_POINT('Origin',(19.5,0.5,3.));
#4238=CARTESIAN_POINT('Origin',(23.,0.,3.));
#4239=CARTESIAN_POINT('Origin',(17.,0.5,3.));
#4240=CARTESIAN_POINT('',(17.,0.,0.5));
#4241=CARTESIAN_POINT('Origin',(17.,0.5,0.5));
#4242=CARTESIAN_POINT('Origin',(17.,0.,3.));
#4243=CARTESIAN_POINT('Origin',(81.25,0.5,0.499999999999998));
#4244=CARTESIAN_POINT('',(10.,0.,0.499999999999998));
#4245=CARTESIAN_POINT('Origin',(10.,0.5,0.499999999999998));
#4246=CARTESIAN_POINT('',(81.25,0.,0.499999999999998));
#4247=CARTESIAN_POINT('Origin',(10.,0.5,10.));
#4248=CARTESIAN_POINT('',(0.5,0.,10.));
#4249=CARTESIAN_POINT('Origin',(0.5,0.5,10.));
#4250=CARTESIAN_POINT('Origin',(10.,0.,10.));
#4251=CARTESIAN_POINT('Origin',(0.499999999999998,0.5,36.25));
#4252=CARTESIAN_POINT('',(0.499999999999998,0.,135.));
#4253=CARTESIAN_POINT('Origin',(0.499999999999998,0.5,135.));
#4254=CARTESIAN_POINT('',(0.499999999999998,0.,36.25));
#4255=CARTESIAN_POINT('Origin',(10.,0.5,135.));
#4256=CARTESIAN_POINT('',(10.,0.,144.5));
#4257=CARTESIAN_POINT('Origin',(10.,0.5,144.5));
#4258=CARTESIAN_POINT('Origin',(10.,0.,135.));
#4259=CARTESIAN_POINT('Origin',(71.25,0.5,144.5));
#4260=CARTESIAN_POINT('',(17.,0.,144.5));
#4261=CARTESIAN_POINT('Origin',(17.,0.5,144.5));
#4262=CARTESIAN_POINT('',(71.25,0.,144.5));
#4263=CARTESIAN_POINT('Origin',(17.,0.5,142.));
#4264=CARTESIAN_POINT('',(19.5,0.,142.));
#4265=CARTESIAN_POINT('Origin',(19.5,0.5,142.));
#4266=CARTESIAN_POINT('Origin',(17.,0.,142.));
#4267=CARTESIAN_POINT('Origin',(23.,0.5,142.));
#4268=CARTESIAN_POINT('',(23.,0.,138.5));
#4269=CARTESIAN_POINT('Origin',(23.,0.5,138.5));
#4270=CARTESIAN_POINT('Origin',(23.,0.,142.));
#4271=CARTESIAN_POINT('Origin',(81.25,0.5,138.5));
#4272=CARTESIAN_POINT('',(97.,0.,138.5));
#4273=CARTESIAN_POINT('Origin',(97.,0.5,138.5));
#4274=CARTESIAN_POINT('',(81.25,0.,138.5));
#4275=CARTESIAN_POINT('Origin',(97.,0.5,142.));
#4276=CARTESIAN_POINT('',(100.5,0.,142.));
#4277=CARTESIAN_POINT('',(100.,0.5,142.));
#4278=CARTESIAN_POINT('Origin',(100.5,0.5,142.));
#4279=CARTESIAN_POINT('Origin',(97.,0.5,142.));
#4280=CARTESIAN_POINT('Origin',(97.,0.,142.));
#4281=CARTESIAN_POINT('Origin',(103.,0.5,142.));
#4282=CARTESIAN_POINT('',(103.,0.,144.5));
#4283=CARTESIAN_POINT('',(103.,0.5,145.));
#4284=CARTESIAN_POINT('Origin',(103.,0.5,144.5));
#4285=CARTESIAN_POINT('Origin',(103.,0.5,142.));
#4286=CARTESIAN_POINT('Origin',(103.,0.,142.));
#4287=CARTESIAN_POINT('Origin',(121.25,0.5,144.5));
#4288=CARTESIAN_POINT('',(182.,0.,144.5));
#4289=CARTESIAN_POINT('',(182.,0.5,145.));
#4290=CARTESIAN_POINT('Origin',(182.,0.5,144.5));
#4291=CARTESIAN_POINT('',(121.25,0.5,145.));
#4292=CARTESIAN_POINT('',(121.25,0.,144.5));
#4293=CARTESIAN_POINT('Origin',(182.,0.5,142.));
#4294=CARTESIAN_POINT('',(184.5,0.,142.));
#4295=CARTESIAN_POINT('',(185.,0.5,142.));
#4296=CARTESIAN_POINT('Origin',(184.5,0.5,142.));
#4297=CARTESIAN_POINT('Origin',(182.,0.5,142.));
#4298=CARTESIAN_POINT('Origin',(182.,0.,142.));
#4299=CARTESIAN_POINT('Origin',(188.,0.5,142.));
#4300=CARTESIAN_POINT('',(188.,0.,138.5));
#4301=CARTESIAN_POINT('',(188.,0.5,139.));
#4302=CARTESIAN_POINT('Origin',(188.,0.5,138.5));
#4303=CARTESIAN_POINT('Origin',(188.,0.5,142.));
#4304=CARTESIAN_POINT('Origin',(188.,0.,142.));
#4305=CARTESIAN_POINT('Origin',(163.75,0.5,138.5));
#4306=CARTESIAN_POINT('',(262.,0.,138.5));
#4307=CARTESIAN_POINT('',(262.,0.5,139.));
#4308=CARTESIAN_POINT('Origin',(262.,0.5,138.5));
#4309=CARTESIAN_POINT('',(163.75,0.5,139.));
#4310=CARTESIAN_POINT('',(163.75,0.,138.5));
#4311=CARTESIAN_POINT('Origin',(262.,0.5,142.));
#4312=CARTESIAN_POINT('',(265.5,0.,142.));
#4313=CARTESIAN_POINT('',(265.,0.5,142.));
#4314=CARTESIAN_POINT('Origin',(265.5,0.5,142.));
#4315=CARTESIAN_POINT('Origin',(262.,0.5,142.));
#4316=CARTESIAN_POINT('Origin',(262.,0.,142.));
#4317=CARTESIAN_POINT('Origin',(268.,0.5,142.));
#4318=CARTESIAN_POINT('',(268.,0.,144.5));
#4319=CARTESIAN_POINT('',(268.,0.5,145.));
#4320=CARTESIAN_POINT('Origin',(268.,0.5,144.5));
#4321=CARTESIAN_POINT('Origin',(268.,0.5,142.));
#4322=CARTESIAN_POINT('Origin',(268.,0.,142.));
#4323=CARTESIAN_POINT('Origin',(203.75,0.5,144.5));
#4324=CARTESIAN_POINT('',(275.,0.,144.5));
#4325=CARTESIAN_POINT('',(275.,0.5,145.));
#4326=CARTESIAN_POINT('Origin',(275.,0.5,144.5));
#4327=CARTESIAN_POINT('',(203.75,0.5,145.));
#4328=CARTESIAN_POINT('',(203.75,0.,144.5));
#4329=CARTESIAN_POINT('Origin',(275.,0.5,135.));
#4330=CARTESIAN_POINT('',(284.5,0.,135.));
#4331=CARTESIAN_POINT('',(285.,0.5,135.));
#4332=CARTESIAN_POINT('Origin',(284.5,0.5,135.));
#4333=CARTESIAN_POINT('Origin',(275.,0.5,135.));
#4334=CARTESIAN_POINT('Origin',(275.,0.,135.));
#4335=CARTESIAN_POINT('Origin',(284.5,0.5,108.75));
#4336=CARTESIAN_POINT('',(284.5,0.,10.));
#4337=CARTESIAN_POINT('',(285.,0.5,10.));
#4338=CARTESIAN_POINT('Origin',(284.5,0.5,10.));
#4339=CARTESIAN_POINT('',(285.,0.5,108.75));
#4340=CARTESIAN_POINT('',(284.5,0.,108.75));
#4341=CARTESIAN_POINT('Origin',(275.,0.5,10.));
#4342=CARTESIAN_POINT('',(275.,0.,0.5));
#4343=CARTESIAN_POINT('',(275.,0.5,0.));
#4344=CARTESIAN_POINT('Origin',(275.,0.5,0.5));
#4345=CARTESIAN_POINT('Origin',(275.,0.5,10.));
#4346=CARTESIAN_POINT('Origin',(275.,0.,10.));
#4347=CARTESIAN_POINT('Origin',(213.75,0.5,0.499999999999998));
#4348=CARTESIAN_POINT('',(268.,0.,0.499999999999998));
#4349=CARTESIAN_POINT('',(268.,0.5,0.));
#4350=CARTESIAN_POINT('Origin',(268.,0.5,0.499999999999998));
#4351=CARTESIAN_POINT('',(213.75,0.5,0.));
#4352=CARTESIAN_POINT('',(213.75,0.,0.499999999999998));
#4353=CARTESIAN_POINT('Origin',(268.,0.5,3.));
#4354=CARTESIAN_POINT('',(265.5,0.,3.));
#4355=CARTESIAN_POINT('',(265.,0.5,3.));
#4356=CARTESIAN_POINT('Origin',(265.5,0.5,3.));
#4357=CARTESIAN_POINT('Origin',(268.,0.5,3.));
#4358=CARTESIAN_POINT('Origin',(268.,0.,3.));
#4359=CARTESIAN_POINT('Origin',(262.,0.5,3.));
#4360=CARTESIAN_POINT('',(262.,0.,6.5));
#4361=CARTESIAN_POINT('',(262.,0.5,6.));
#4362=CARTESIAN_POINT('Origin',(262.,0.5,6.5));
#4363=CARTESIAN_POINT('Origin',(262.,0.5,3.));
#4364=CARTESIAN_POINT('Origin',(262.,0.,3.));
#4365=CARTESIAN_POINT('Origin',(203.75,0.5,6.5));
#4366=CARTESIAN_POINT('',(188.,0.,6.5));
#4367=CARTESIAN_POINT('Origin',(188.,0.5,6.5));
#4368=CARTESIAN_POINT('',(203.75,0.5,6.));
#4369=CARTESIAN_POINT('',(203.75,0.,6.5));
#4370=CARTESIAN_POINT('Origin',(188.,0.5,3.));
#4371=CARTESIAN_POINT('Origin',(188.,0.,3.));
#4372=CARTESIAN_POINT('Origin',(100.,0.,145.));
#4373=CARTESIAN_POINT('',(103.,0.,145.));
#4374=CARTESIAN_POINT('',(182.,0.,145.));
#4375=CARTESIAN_POINT('Origin',(182.,0.,142.));
#4376=CARTESIAN_POINT('',(185.,0.,142.));
#4377=CARTESIAN_POINT('Origin',(188.,0.,142.));
#4378=CARTESIAN_POINT('',(188.,0.,139.));
#4379=CARTESIAN_POINT('Origin',(185.,0.,139.));
#4380=CARTESIAN_POINT('',(262.,0.,139.));
#4381=CARTESIAN_POINT('Origin',(262.,0.,142.));
#4382=CARTESIAN_POINT('',(265.,0.,142.));
#4383=CARTESIAN_POINT('Origin',(268.,0.,142.));
#4384=CARTESIAN_POINT('',(268.,0.,145.));
#4385=CARTESIAN_POINT('Origin',(265.,0.,145.));
#4386=CARTESIAN_POINT('',(275.,0.,145.));
#4387=CARTESIAN_POINT('Origin',(275.,0.,135.));
#4388=CARTESIAN_POINT('',(285.,0.,135.));
#4389=CARTESIAN_POINT('Origin',(285.,0.,145.));
#4390=CARTESIAN_POINT('',(285.,0.,10.));
#4391=CARTESIAN_POINT('Origin',(275.,0.,10.));
#4392=CARTESIAN_POINT('',(275.,0.,0.));
#4393=CARTESIAN_POINT('Origin',(285.,0.,0.));
#4394=CARTESIAN_POINT('',(268.,0.,0.));
#4395=CARTESIAN_POINT('Origin',(268.,0.,3.));
#4396=CARTESIAN_POINT('',(265.,0.,3.));
#4397=CARTESIAN_POINT('Origin',(262.,0.,3.));
#4398=CARTESIAN_POINT('',(262.,0.,6.));
#4399=CARTESIAN_POINT('Origin',(265.,0.,6.));
#4400=CARTESIAN_POINT('Origin',(142.5,0.,72.5));
#4401=CARTESIAN_POINT('',(173.6,0.,134.25));
#4402=CARTESIAN_POINT('Origin',(175.35,0.,134.25));
#4403=CARTESIAN_POINT('',(42.75,0.,20.2));
#4404=CARTESIAN_POINT('Origin',(44.9,0.,20.2));
#4405=CARTESIAN_POINT('',(72.95,0.,20.2));
#4406=CARTESIAN_POINT('Origin',(75.1,0.,20.2));
#4407=CARTESIAN_POINT('',(107.9,0.,10.75));
#4408=CARTESIAN_POINT('Origin',(109.65,0.,10.75));
#4409=CARTESIAN_POINT('',(107.9,0.,134.25));
#4410=CARTESIAN_POINT('Origin',(109.65,0.,134.25));
#4411=CARTESIAN_POINT('',(42.75,0.,44.4));
#4412=CARTESIAN_POINT('Origin',(44.9,0.,44.4));
#4413=CARTESIAN_POINT('',(72.95,0.,44.4));
#4414=CARTESIAN_POINT('Origin',(75.1,0.,44.4));
#4415=CARTESIAN_POINT('',(173.6,0.,10.75));
#4416=CARTESIAN_POINT('Origin',(175.35,0.,10.75));
#4417=CARTESIAN_POINT('Origin',(175.35,0.,134.25));
#4418=CARTESIAN_POINT('',(173.6,0.,134.25));
#4419=CARTESIAN_POINT('Origin',(44.9,0.,20.2));
#4420=CARTESIAN_POINT('',(42.75,0.,20.2));
#4421=CARTESIAN_POINT('Origin',(75.1,0.,20.2));
#4422=CARTESIAN_POINT('',(72.95,0.,20.2));
#4423=CARTESIAN_POINT('Origin',(109.65,0.,10.75));
#4424=CARTESIAN_POINT('',(107.9,0.,10.75));
#4425=CARTESIAN_POINT('Origin',(109.65,0.,134.25));
#4426=CARTESIAN_POINT('',(107.9,0.,134.25));
#4427=CARTESIAN_POINT('Origin',(44.9,0.,44.4));
#4428=CARTESIAN_POINT('',(42.75,0.,44.4));
#4429=CARTESIAN_POINT('Origin',(75.1,0.,44.4));
#4430=CARTESIAN_POINT('',(72.95,0.,44.4));
#4431=CARTESIAN_POINT('Origin',(175.35,0.,10.75));
#4432=CARTESIAN_POINT('',(173.6,0.,10.75));
#4433=CARTESIAN_POINT('Origin',(103.,0.,142.));
#4434=CARTESIAN_POINT('',(100.,0.,142.));
#4435=CARTESIAN_POINT('Origin',(97.,0.,142.));
#4436=UNCERTAINTY_MEASURE_WITH_UNIT(LENGTH_MEASURE(0.01),#4440,
'DISTANCE_ACCURACY_VALUE',
'Maximum model space distance between geometric entities at asserted c
onnectivities');
#4437=UNCERTAINTY_MEASURE_WITH_UNIT(LENGTH_MEASURE(0.01),#4440,
'DISTANCE_ACCURACY_VALUE',
'Maximum model space distance between geometric entities at asserted c
onnectivities');
#4438=(
GEOMETRIC_REPRESENTATION_CONTEXT(3)
GLOBAL_UNCERTAINTY_ASSIGNED_CONTEXT((#4436))
GLOBAL_UNIT_ASSIGNED_CONTEXT((#4440,#4442,#4443))
REPRESENTATION_CONTEXT('','3D')
);
#4439=(
GEOMETRIC_REPRESENTATION_CONTEXT(3)
GLOBAL_UNCERTAINTY_ASSIGNED_CONTEXT((#4437))
GLOBAL_UNIT_ASSIGNED_CONTEXT((#4440,#4442,#4443))
REPRESENTATION_CONTEXT('','3D')
);
#4440=(
LENGTH_UNIT()
NAMED_UNIT(*)
SI_UNIT(.MILLI.,.METRE.)
);
#4441=(
LENGTH_UNIT()
NAMED_UNIT(*)
SI_UNIT($,.METRE.)
);
#4442=(
NAMED_UNIT(*)
PLANE_ANGLE_UNIT()
SI_UNIT($,.RADIAN.)
);
#4443=(
NAMED_UNIT(*)
SI_UNIT($,.STERADIAN.)
SOLID_ANGLE_UNIT()
);
#4444=SHAPE_DEFINITION_REPRESENTATION(#4445,#4446);
#4445=PRODUCT_DEFINITION_SHAPE('',$,#4448);
#4446=SHAPE_REPRESENTATION('',(#2504),#4438);
#4447=PRODUCT_DEFINITION_CONTEXT('part definition',#4452,'design');
#4448=PRODUCT_DEFINITION('2026-05-30-11-35-53-766','\X2\7B2C4E005C425E9576D8\X0\',
#4449,#4447);
#4449=PRODUCT_DEFINITION_FORMATION('',$,#4454);
#4450=PRODUCT_RELATED_PRODUCT_CATEGORY('\X2\7B2C4E005C425E9576D8\X0\',
'\X2\7B2C4E005C425E9576D8\X0\',(#4454));
#4451=APPLICATION_PROTOCOL_DEFINITION('international standard',
'automotive_design',2009,#4452);
#4452=APPLICATION_CONTEXT(
'Core Data for Automotive Mechanical Design Process');
#4453=PRODUCT_CONTEXT('part definition',#4452,'mechanical');
#4454=PRODUCT('2026-05-30-11-35-53-766','\X2\7B2C4E005C425E9576D8\X0\',
$,(#4453));
#4455=PRESENTATION_STYLE_ASSIGNMENT((#4456));
#4456=SURFACE_STYLE_USAGE(.BOTH.,#4457);
#4457=SURFACE_SIDE_STYLE('',(#4458));
#4458=SURFACE_STYLE_FILL_AREA(#4459);
#4459=FILL_AREA_STYLE('\X2\94A2\X0\ - \X2\7F0E5149\X0\',(#4460));
#4460=FILL_AREA_STYLE_COLOUR('\X2\94A2\X0\ - \X2\7F0E5149\X0\',#4461);
#4461=COLOUR_RGB('\X2\94A2\X0\ - \X2\7F0E5149\X0\',0.627450980392157,0.627450980392157,
0.627450980392157);
ENDSEC;
END-ISO-10303-21;
