ISO-10303-21;
HEADER;
/* Generated by software containing ST-Developer
 * from STEP Tools, Inc. (www.steptools.com) 
 */

FILE_DESCRIPTION(
/* description */ (''),
/* implementation_level */ '2;1');

FILE_NAME(
/* name */ '',
/* time_stamp */ '2026-05-28T12:00:03+08:00',
/* author */ (''),
/* organization */ (''),
/* preprocessor_version */ 'ST-DEVELOPER v20.1',
/* originating_system */ 'Autodesk Translation Framework v15.8.0.0',
/* authorisation */ '');

FILE_SCHEMA (('AUTOMOTIVE_DESIGN { 1 0 10303 214 3 1 1 }'));
ENDSEC;

DATA;
#10=MECHANICAL_DESIGN_GEOMETRIC_PRESENTATION_REPRESENTATION('',(#165,#166,
#167,#168,#169,#170,#171,#172,#173,#174),#6587);
#11=ELLIPSE('',#4148,1.4142135623731,1.);
#12=ELLIPSE('',#4149,1.4142135623731,1.);
#13=ELLIPSE('',#4151,1.4142135623731,1.);
#14=ELLIPSE('',#4153,1.4142135623731,1.);
#15=ELLIPSE('',#4159,1.4142135623731,1.);
#16=ELLIPSE('',#4160,1.41421356237309,1.);
#17=ELLIPSE('',#4162,1.41421356237309,1.);
#18=ELLIPSE('',#4164,1.4142135623731,1.);
#19=ELLIPSE('',#4166,1.41421356237309,1.);
#20=ELLIPSE('',#4168,1.4142135623731,1.);
#21=ELLIPSE('',#4170,1.41421356237309,1.);
#22=ELLIPSE('',#4172,1.4142135623731,1.);
#23=ELLIPSE('',#4180,1.4142135623731,1.);
#24=ELLIPSE('',#4181,1.4142135623731,1.);
#25=ELLIPSE('',#4183,1.4142135623731,1.);
#26=ELLIPSE('',#4185,1.4142135623731,1.);
#27=ELLIPSE('',#4191,1.41421356237309,1.);
#28=ELLIPSE('',#4192,1.4142135623731,1.);
#29=ELLIPSE('',#4194,1.4142135623731,1.);
#30=ELLIPSE('',#4196,1.41421356237309,1.);
#31=ELLIPSE('',#4198,1.4142135623731,1.);
#32=ELLIPSE('',#4200,1.41421356237309,1.);
#33=ELLIPSE('',#4202,1.4142135623731,1.);
#34=ELLIPSE('',#4204,1.41421356237309,1.);
#35=TOROIDAL_SURFACE('',#4061,2.6,0.6);
#36=TOROIDAL_SURFACE('',#4067,2.6,0.6);
#37=TOROIDAL_SURFACE('',#4087,2.6,0.6);
#38=TOROIDAL_SURFACE('',#4092,2.6,0.6);
#39=TOROIDAL_SURFACE('',#4100,2.6,0.6);
#40=TOROIDAL_SURFACE('',#4105,2.6,0.6);
#41=TOROIDAL_SURFACE('',#4113,2.6,0.6);
#42=TOROIDAL_SURFACE('',#4118,2.6,0.6);
#43=TOROIDAL_SURFACE('',#4123,2.2,0.6);
#44=TOROIDAL_SURFACE('',#4129,2.2,0.6);
#45=TOROIDAL_SURFACE('',#4135,2.2,0.6);
#46=TOROIDAL_SURFACE('',#4141,2.2,0.6);
#47=ITEM_DEFINED_TRANSFORMATION($,$,#3915,#4041);
#48=ITEM_DEFINED_TRANSFORMATION($,$,#3973,#4042);
#49=ITEM_DEFINED_TRANSFORMATION($,$,#4000,#4043);
#50=ITEM_DEFINED_TRANSFORMATION($,$,#4020,#4044);
#51=ITEM_DEFINED_TRANSFORMATION($,$,#3915,#4045);
#52=ITEM_DEFINED_TRANSFORMATION($,$,#3973,#4046);
#53=ITEM_DEFINED_TRANSFORMATION($,$,#4000,#4047);
#54=ITEM_DEFINED_TRANSFORMATION($,$,#4020,#4048);
#55=ITEM_DEFINED_TRANSFORMATION($,$,#3915,#4049);
#56=ITEM_DEFINED_TRANSFORMATION($,$,#3973,#4050);
#57=ITEM_DEFINED_TRANSFORMATION($,$,#4000,#4051);
#58=ITEM_DEFINED_TRANSFORMATION($,$,#4020,#4052);
#59=ITEM_DEFINED_TRANSFORMATION($,$,#3915,#4053);
#60=ITEM_DEFINED_TRANSFORMATION($,$,#3973,#4054);
#61=ITEM_DEFINED_TRANSFORMATION($,$,#4000,#4055);
#62=ITEM_DEFINED_TRANSFORMATION($,$,#4020,#4056);
#63=ITEM_DEFINED_TRANSFORMATION($,$,#3911,#4309);
#64=ITEM_DEFINED_TRANSFORMATION($,$,#3912,#4310);
#65=ITEM_DEFINED_TRANSFORMATION($,$,#3913,#4311);
#66=ITEM_DEFINED_TRANSFORMATION($,$,#3914,#4312);
#67=ITEM_DEFINED_TRANSFORMATION($,$,#4057,#4313);
#68=ITEM_DEFINED_TRANSFORMATION($,$,#4255,#4314);
#69=ITEM_DEFINED_TRANSFORMATION($,$,#4232,#4315);
#70=ITEM_DEFINED_TRANSFORMATION($,$,#4255,#4316);
#71=ITEM_DEFINED_TRANSFORMATION($,$,#4280,#4317);
#72=(
REPRESENTATION_RELATIONSHIP($,$,#6648,#6644)
REPRESENTATION_RELATIONSHIP_WITH_TRANSFORMATION(#47)
SHAPE_REPRESENTATION_RELATIONSHIP()
);
#73=(
REPRESENTATION_RELATIONSHIP($,$,#6649,#6644)
REPRESENTATION_RELATIONSHIP_WITH_TRANSFORMATION(#48)
SHAPE_REPRESENTATION_RELATIONSHIP()
);
#74=(
REPRESENTATION_RELATIONSHIP($,$,#6650,#6644)
REPRESENTATION_RELATIONSHIP_WITH_TRANSFORMATION(#49)
SHAPE_REPRESENTATION_RELATIONSHIP()
);
#75=(
REPRESENTATION_RELATIONSHIP($,$,#6651,#6644)
REPRESENTATION_RELATIONSHIP_WITH_TRANSFORMATION(#50)
SHAPE_REPRESENTATION_RELATIONSHIP()
);
#76=(
REPRESENTATION_RELATIONSHIP($,$,#6648,#6645)
REPRESENTATION_RELATIONSHIP_WITH_TRANSFORMATION(#51)
SHAPE_REPRESENTATION_RELATIONSHIP()
);
#77=(
REPRESENTATION_RELATIONSHIP($,$,#6649,#6645)
REPRESENTATION_RELATIONSHIP_WITH_TRANSFORMATION(#52)
SHAPE_REPRESENTATION_RELATIONSHIP()
);
#78=(
REPRESENTATION_RELATIONSHIP($,$,#6650,#6645)
REPRESENTATION_RELATIONSHIP_WITH_TRANSFORMATION(#53)
SHAPE_REPRESENTATION_RELATIONSHIP()
);
#79=(
REPRESENTATION_RELATIONSHIP($,$,#6651,#6645)
REPRESENTATION_RELATIONSHIP_WITH_TRANSFORMATION(#54)
SHAPE_REPRESENTATION_RELATIONSHIP()
);
#80=(
REPRESENTATION_RELATIONSHIP($,$,#6648,#6646)
REPRESENTATION_RELATIONSHIP_WITH_TRANSFORMATION(#55)
SHAPE_REPRESENTATION_RELATIONSHIP()
);
#81=(
REPRESENTATION_RELATIONSHIP($,$,#6649,#6646)
REPRESENTATION_RELATIONSHIP_WITH_TRANSFORMATION(#56)
SHAPE_REPRESENTATION_RELATIONSHIP()
);
#82=(
REPRESENTATION_RELATIONSHIP($,$,#6650,#6646)
REPRESENTATION_RELATIONSHIP_WITH_TRANSFORMATION(#57)
SHAPE_REPRESENTATION_RELATIONSHIP()
);
#83=(
REPRESENTATION_RELATIONSHIP($,$,#6651,#6646)
REPRESENTATION_RELATIONSHIP_WITH_TRANSFORMATION(#58)
SHAPE_REPRESENTATION_RELATIONSHIP()
);
#84=(
REPRESENTATION_RELATIONSHIP($,$,#6648,#6647)
REPRESENTATION_RELATIONSHIP_WITH_TRANSFORMATION(#59)
SHAPE_REPRESENTATION_RELATIONSHIP()
);
#85=(
REPRESENTATION_RELATIONSHIP($,$,#6649,#6647)
REPRESENTATION_RELATIONSHIP_WITH_TRANSFORMATION(#60)
SHAPE_REPRESENTATION_RELATIONSHIP()
);
#86=(
REPRESENTATION_RELATIONSHIP($,$,#6650,#6647)
REPRESENTATION_RELATIONSHIP_WITH_TRANSFORMATION(#61)
SHAPE_REPRESENTATION_RELATIONSHIP()
);
#87=(
REPRESENTATION_RELATIONSHIP($,$,#6651,#6647)
REPRESENTATION_RELATIONSHIP_WITH_TRANSFORMATION(#62)
SHAPE_REPRESENTATION_RELATIONSHIP()
);
#88=(
REPRESENTATION_RELATIONSHIP($,$,#6644,#6643)
REPRESENTATION_RELATIONSHIP_WITH_TRANSFORMATION(#63)
SHAPE_REPRESENTATION_RELATIONSHIP()
);
#89=(
REPRESENTATION_RELATIONSHIP($,$,#6645,#6643)
REPRESENTATION_RELATIONSHIP_WITH_TRANSFORMATION(#64)
SHAPE_REPRESENTATION_RELATIONSHIP()
);
#90=(
REPRESENTATION_RELATIONSHIP($,$,#6646,#6643)
REPRESENTATION_RELATIONSHIP_WITH_TRANSFORMATION(#65)
SHAPE_REPRESENTATION_RELATIONSHIP()
);
#91=(
REPRESENTATION_RELATIONSHIP($,$,#6647,#6643)
REPRESENTATION_RELATIONSHIP_WITH_TRANSFORMATION(#66)
SHAPE_REPRESENTATION_RELATIONSHIP()
);
#92=(
REPRESENTATION_RELATIONSHIP($,$,#6652,#6643)
REPRESENTATION_RELATIONSHIP_WITH_TRANSFORMATION(#67)
SHAPE_REPRESENTATION_RELATIONSHIP()
);
#93=(
REPRESENTATION_RELATIONSHIP($,$,#6654,#6643)
REPRESENTATION_RELATIONSHIP_WITH_TRANSFORMATION(#68)
SHAPE_REPRESENTATION_RELATIONSHIP()
);
#94=(
REPRESENTATION_RELATIONSHIP($,$,#6653,#6643)
REPRESENTATION_RELATIONSHIP_WITH_TRANSFORMATION(#69)
SHAPE_REPRESENTATION_RELATIONSHIP()
);
#95=(
REPRESENTATION_RELATIONSHIP($,$,#6654,#6643)
REPRESENTATION_RELATIONSHIP_WITH_TRANSFORMATION(#70)
SHAPE_REPRESENTATION_RELATIONSHIP()
);
#96=(
REPRESENTATION_RELATIONSHIP($,$,#6655,#6643)
REPRESENTATION_RELATIONSHIP_WITH_TRANSFORMATION(#71)
SHAPE_REPRESENTATION_RELATIONSHIP()
);
#97=CONTEXT_DEPENDENT_SHAPE_REPRESENTATION(#72,#6614);
#98=CONTEXT_DEPENDENT_SHAPE_REPRESENTATION(#73,#6615);
#99=CONTEXT_DEPENDENT_SHAPE_REPRESENTATION(#74,#6616);
#100=CONTEXT_DEPENDENT_SHAPE_REPRESENTATION(#75,#6617);
#101=CONTEXT_DEPENDENT_SHAPE_REPRESENTATION(#76,#6618);
#102=CONTEXT_DEPENDENT_SHAPE_REPRESENTATION(#77,#6619);
#103=CONTEXT_DEPENDENT_SHAPE_REPRESENTATION(#78,#6620);
#104=CONTEXT_DEPENDENT_SHAPE_REPRESENTATION(#79,#6621);
#105=CONTEXT_DEPENDENT_SHAPE_REPRESENTATION(#80,#6622);
#106=CONTEXT_DEPENDENT_SHAPE_REPRESENTATION(#81,#6623);
#107=CONTEXT_DEPENDENT_SHAPE_REPRESENTATION(#82,#6624);
#108=CONTEXT_DEPENDENT_SHAPE_REPRESENTATION(#83,#6625);
#109=CONTEXT_DEPENDENT_SHAPE_REPRESENTATION(#84,#6626);
#110=CONTEXT_DEPENDENT_SHAPE_REPRESENTATION(#85,#6627);
#111=CONTEXT_DEPENDENT_SHAPE_REPRESENTATION(#86,#6628);
#112=CONTEXT_DEPENDENT_SHAPE_REPRESENTATION(#87,#6629);
#113=CONTEXT_DEPENDENT_SHAPE_REPRESENTATION(#88,#6634);
#114=CONTEXT_DEPENDENT_SHAPE_REPRESENTATION(#89,#6635);
#115=CONTEXT_DEPENDENT_SHAPE_REPRESENTATION(#90,#6636);
#116=CONTEXT_DEPENDENT_SHAPE_REPRESENTATION(#91,#6637);
#117=CONTEXT_DEPENDENT_SHAPE_REPRESENTATION(#92,#6638);
#118=CONTEXT_DEPENDENT_SHAPE_REPRESENTATION(#93,#6639);
#119=CONTEXT_DEPENDENT_SHAPE_REPRESENTATION(#94,#6640);
#120=CONTEXT_DEPENDENT_SHAPE_REPRESENTATION(#95,#6641);
#121=CONTEXT_DEPENDENT_SHAPE_REPRESENTATION(#96,#6642);
#122=NEXT_ASSEMBLY_USAGE_OCCURRENCE('jgb37_motor_bracket_v0_1:1',
'jgb37_motor_bracket_v0_1:1','jgb37_motor_bracket_v0_1:1',#6658,#6662,
'jgb37_motor_bracket_v0_1:1');
#123=NEXT_ASSEMBLY_USAGE_OCCURRENCE('\X2\7535673A\X0\:1','\X2\7535673A\X0\:
1','\X2\7535673A\X0\:1',#6658,#6663,'\X2\7535673A\X0\:1');
#124=NEXT_ASSEMBLY_USAGE_OCCURRENCE('\X2\80548F745668\X0\:1',
'\X2\80548F745668\X0\:1','\X2\80548F745668\X0\:1',#6658,#6664,
'\X2\80548F745668\X0\:1');
#125=NEXT_ASSEMBLY_USAGE_OCCURRENCE('\X2\8F6E80CE\X0\:1','\X2\8F6E80CE\X0\:
1','\X2\8F6E80CE\X0\:1',#6658,#6665,'\X2\8F6E80CE\X0\:1');
#126=NEXT_ASSEMBLY_USAGE_OCCURRENCE('jgb37_motor_bracket_v0_1:1',
'jgb37_motor_bracket_v0_1:1','jgb37_motor_bracket_v0_1:1',#6659,#6662,
'jgb37_motor_bracket_v0_1:1');
#127=NEXT_ASSEMBLY_USAGE_OCCURRENCE('\X2\7535673A\X0\:1','\X2\7535673A\X0\:
1','\X2\7535673A\X0\:1',#6659,#6663,'\X2\7535673A\X0\:1');
#128=NEXT_ASSEMBLY_USAGE_OCCURRENCE('\X2\80548F745668\X0\:1',
'\X2\80548F745668\X0\:1','\X2\80548F745668\X0\:1',#6659,#6664,
'\X2\80548F745668\X0\:1');
#129=NEXT_ASSEMBLY_USAGE_OCCURRENCE('\X2\8F6E80CE\X0\:1','\X2\8F6E80CE\X0\:
1','\X2\8F6E80CE\X0\:1',#6659,#6665,'\X2\8F6E80CE\X0\:1');
#130=NEXT_ASSEMBLY_USAGE_OCCURRENCE('jgb37_motor_bracket_v0_1:1',
'jgb37_motor_bracket_v0_1:1','jgb37_motor_bracket_v0_1:1',#6660,#6662,
'jgb37_motor_bracket_v0_1:1');
#131=NEXT_ASSEMBLY_USAGE_OCCURRENCE('\X2\7535673A\X0\:1','\X2\7535673A\X0\:
1','\X2\7535673A\X0\:1',#6660,#6663,'\X2\7535673A\X0\:1');
#132=NEXT_ASSEMBLY_USAGE_OCCURRENCE('\X2\80548F745668\X0\:1',
'\X2\80548F745668\X0\:1','\X2\80548F745668\X0\:1',#6660,#6664,
'\X2\80548F745668\X0\:1');
#133=NEXT_ASSEMBLY_USAGE_OCCURRENCE('\X2\8F6E80CE\X0\:1','\X2\8F6E80CE\X0\:
1','\X2\8F6E80CE\X0\:1',#6660,#6665,'\X2\8F6E80CE\X0\:1');
#134=NEXT_ASSEMBLY_USAGE_OCCURRENCE('jgb37_motor_bracket_v0_1:1',
'jgb37_motor_bracket_v0_1:1','jgb37_motor_bracket_v0_1:1',#6661,#6662,
'jgb37_motor_bracket_v0_1:1');
#135=NEXT_ASSEMBLY_USAGE_OCCURRENCE('\X2\7535673A\X0\:1','\X2\7535673A\X0\:
1','\X2\7535673A\X0\:1',#6661,#6663,'\X2\7535673A\X0\:1');
#136=NEXT_ASSEMBLY_USAGE_OCCURRENCE('\X2\80548F745668\X0\:1',
'\X2\80548F745668\X0\:1','\X2\80548F745668\X0\:1',#6661,#6664,
'\X2\80548F745668\X0\:1');
#137=NEXT_ASSEMBLY_USAGE_OCCURRENCE('\X2\8F6E80CE\X0\:1','\X2\8F6E80CE\X0\:
1','\X2\8F6E80CE\X0\:1',#6661,#6665,'\X2\8F6E80CE\X0\:1');
#138=NEXT_ASSEMBLY_USAGE_OCCURRENCE('wheel_motor_single_side_v0_1:1',
'wheel_motor_single_side_v0_1:1','wheel_motor_single_side_v0_1:1',#6657,
#6658,'wheel_motor_single_side_v0_1:1');
#139=NEXT_ASSEMBLY_USAGE_OCCURRENCE('wheel_motor_single_side_v0_1:2',
'wheel_motor_single_side_v0_1:2','wheel_motor_single_side_v0_1:2',#6657,
#6659,'wheel_motor_single_side_v0_1:2');
#140=NEXT_ASSEMBLY_USAGE_OCCURRENCE('wheel_motor_single_side_v0_1:3',
'wheel_motor_single_side_v0_1:3','wheel_motor_single_side_v0_1:3',#6657,
#6660,'wheel_motor_single_side_v0_1:3');
#141=NEXT_ASSEMBLY_USAGE_OCCURRENCE('wheel_motor_single_side_v0_1:4',
'wheel_motor_single_side_v0_1:4','wheel_motor_single_side_v0_1:4',#6657,
#6661,'wheel_motor_single_side_v0_1:4');
#142=NEXT_ASSEMBLY_USAGE_OCCURRENCE('power_tray_v0_1_fusion_final:1',
'power_tray_v0_1_fusion_final:1','power_tray_v0_1_fusion_final:1',#6657,
#6666,'power_tray_v0_1_fusion_final:1');
#143=NEXT_ASSEMBLY_USAGE_OCCURRENCE('\X2\75359A71\X0\:1','\X2\75359A71\X0\:
1','\X2\75359A71\X0\:1',#6657,#6668,'\X2\75359A71\X0\:1');
#144=NEXT_ASSEMBLY_USAGE_OCCURRENCE('\X2\4FDD966976D2\X0\:1',
'\X2\4FDD966976D2\X0\:1','\X2\4FDD966976D2\X0\:1',#6657,#6667,
'\X2\4FDD966976D2\X0\:1');
#145=NEXT_ASSEMBLY_USAGE_OCCURRENCE('\X2\75359A71\X0\:2','\X2\75359A71\X0\:
2','\X2\75359A71\X0\:2',#6657,#6668,'\X2\75359A71\X0\:2');
#146=NEXT_ASSEMBLY_USAGE_OCCURRENCE('\X2\75356C60\X0\:1','\X2\75356C60\X0\:
1','\X2\75356C60\X0\:1',#6657,#6669,'\X2\75356C60\X0\:1');
#147=SHAPE_REPRESENTATION_RELATIONSHIP('SRR','None',#6648,#156);
#148=SHAPE_REPRESENTATION_RELATIONSHIP('SRR','None',#6649,#157);
#149=SHAPE_REPRESENTATION_RELATIONSHIP('SRR','None',#6650,#158);
#150=SHAPE_REPRESENTATION_RELATIONSHIP('SRR','None',#6651,#159);
#151=SHAPE_REPRESENTATION_RELATIONSHIP('SRR','None',#6652,#160);
#152=SHAPE_REPRESENTATION_RELATIONSHIP('SRR','None',#6653,#161);
#153=SHAPE_REPRESENTATION_RELATIONSHIP('SRR','None',#6654,#162);
#154=SHAPE_REPRESENTATION_RELATIONSHIP('SRR','None',#6655,#163);
#155=SHAPE_REPRESENTATION_RELATIONSHIP('SRR','None',#6643,#164);
#156=ADVANCED_BREP_SHAPE_REPRESENTATION('',(#175),#6579);
#157=ADVANCED_BREP_SHAPE_REPRESENTATION('',(#176,#177),#6580);
#158=ADVANCED_BREP_SHAPE_REPRESENTATION('',(#178),#6581);
#159=ADVANCED_BREP_SHAPE_REPRESENTATION('',(#179),#6582);
#160=ADVANCED_BREP_SHAPE_REPRESENTATION('',(#180),#6583);
#161=ADVANCED_BREP_SHAPE_REPRESENTATION('',(#181),#6584);
#162=ADVANCED_BREP_SHAPE_REPRESENTATION('',(#182),#6585);
#163=ADVANCED_BREP_SHAPE_REPRESENTATION('',(#183),#6586);
#164=ADVANCED_BREP_SHAPE_REPRESENTATION('',(#184),#6574);
#165=STYLED_ITEM('',(#6713),#175);
#166=STYLED_ITEM('',(#6712),#176);
#167=STYLED_ITEM('',(#6712),#177);
#168=STYLED_ITEM('',(#6712),#178);
#169=STYLED_ITEM('',(#6712),#179);
#170=STYLED_ITEM('',(#6712),#180);
#171=STYLED_ITEM('',(#6712),#181);
#172=STYLED_ITEM('',(#6712),#182);
#173=STYLED_ITEM('',(#6712),#183);
#174=STYLED_ITEM('',(#6712),#184);
#175=MANIFOLD_SOLID_BREP('\X2\5B9E4F53\X0\1',#3811);
#176=MANIFOLD_SOLID_BREP('\X2\5B9E4F53\X0\1',#3812);
#177=MANIFOLD_SOLID_BREP('\X2\5B9E4F53\X0\2',#3813);
#178=MANIFOLD_SOLID_BREP('\X2\5B9E4F53\X0\1',#3814);
#179=MANIFOLD_SOLID_BREP('\X2\5B9E4F53\X0\1',#3815);
#180=MANIFOLD_SOLID_BREP('power_tray_body',#3816);
#181=MANIFOLD_SOLID_BREP('\X2\5B9E4F53\X0\1',#3817);
#182=MANIFOLD_SOLID_BREP('\X2\5B9E4F53\X0\1',#3818);
#183=MANIFOLD_SOLID_BREP('\X2\5B9E4F53\X0\1',#3819);
#184=MANIFOLD_SOLID_BREP('\X2\5B9E4F53\X0\1',#3820);
#185=FACE_BOUND('',#585,.T.);
#186=FACE_BOUND('',#586,.T.);
#187=FACE_BOUND('',#587,.T.);
#188=FACE_BOUND('',#588,.T.);
#189=FACE_BOUND('',#589,.T.);
#190=FACE_BOUND('',#590,.T.);
#191=FACE_BOUND('',#591,.T.);
#192=FACE_BOUND('',#608,.T.);
#193=FACE_BOUND('',#609,.T.);
#194=FACE_BOUND('',#610,.T.);
#195=FACE_BOUND('',#611,.T.);
#196=FACE_BOUND('',#612,.T.);
#197=FACE_BOUND('',#613,.T.);
#198=FACE_BOUND('',#614,.T.);
#199=FACE_BOUND('',#620,.T.);
#200=FACE_BOUND('',#621,.T.);
#201=FACE_BOUND('',#622,.T.);
#202=FACE_BOUND('',#623,.T.);
#203=FACE_BOUND('',#625,.T.);
#204=FACE_BOUND('',#626,.T.);
#205=FACE_BOUND('',#627,.T.);
#206=FACE_BOUND('',#628,.T.);
#207=FACE_BOUND('',#631,.T.);
#208=FACE_BOUND('',#637,.T.);
#209=FACE_BOUND('',#642,.T.);
#210=FACE_BOUND('',#648,.T.);
#211=FACE_BOUND('',#657,.T.);
#212=FACE_BOUND('',#660,.T.);
#213=FACE_BOUND('',#662,.T.);
#214=FACE_BOUND('',#671,.T.);
#215=FACE_BOUND('',#675,.T.);
#216=FACE_BOUND('',#677,.T.);
#217=FACE_BOUND('',#687,.T.);
#218=FACE_BOUND('',#688,.T.);
#219=FACE_BOUND('',#689,.T.);
#220=FACE_BOUND('',#690,.T.);
#221=FACE_BOUND('',#691,.T.);
#222=FACE_BOUND('',#692,.T.);
#223=FACE_BOUND('',#693,.T.);
#224=FACE_BOUND('',#694,.T.);
#225=FACE_BOUND('',#778,.T.);
#226=FACE_BOUND('',#779,.T.);
#227=FACE_BOUND('',#780,.T.);
#228=FACE_BOUND('',#781,.T.);
#229=FACE_BOUND('',#782,.T.);
#230=FACE_BOUND('',#783,.T.);
#231=FACE_BOUND('',#784,.T.);
#232=FACE_BOUND('',#785,.T.);
#233=FACE_BOUND('',#796,.T.);
#234=FACE_BOUND('',#797,.T.);
#235=FACE_BOUND('',#798,.T.);
#236=FACE_BOUND('',#799,.T.);
#237=FACE_BOUND('',#819,.T.);
#238=FACE_BOUND('',#820,.T.);
#239=FACE_BOUND('',#821,.T.);
#240=FACE_BOUND('',#822,.T.);
#241=FACE_BOUND('',#824,.T.);
#242=FACE_BOUND('',#825,.T.);
#243=FACE_BOUND('',#826,.T.);
#244=FACE_BOUND('',#827,.T.);
#245=PLANE('',#3919);
#246=PLANE('',#3920);
#247=PLANE('',#3948);
#248=PLANE('',#3951);
#249=PLANE('',#3962);
#250=PLANE('',#3963);
#251=PLANE('',#3967);
#252=PLANE('',#3971);
#253=PLANE('',#3972);
#254=PLANE('',#3974);
#255=PLANE('',#3976);
#256=PLANE('',#3982);
#257=PLANE('',#3983);
#258=PLANE('',#3986);
#259=PLANE('',#3991);
#260=PLANE('',#3994);
#261=PLANE('',#3998);
#262=PLANE('',#3999);
#263=PLANE('',#4004);
#264=PLANE('',#4008);
#265=PLANE('',#4009);
#266=PLANE('',#4010);
#267=PLANE('',#4011);
#268=PLANE('',#4012);
#269=PLANE('',#4013);
#270=PLANE('',#4014);
#271=PLANE('',#4018);
#272=PLANE('',#4019);
#273=PLANE('',#4021);
#274=PLANE('',#4022);
#275=PLANE('',#4023);
#276=PLANE('',#4024);
#277=PLANE('',#4025);
#278=PLANE('',#4026);
#279=PLANE('',#4027);
#280=PLANE('',#4028);
#281=PLANE('',#4035);
#282=PLANE('',#4036);
#283=PLANE('',#4040);
#284=PLANE('',#4072);
#285=PLANE('',#4073);
#286=PLANE('',#4096);
#287=PLANE('',#4109);
#288=PLANE('',#4122);
#289=PLANE('',#4155);
#290=PLANE('',#4156);
#291=PLANE('',#4157);
#292=PLANE('',#4174);
#293=PLANE('',#4175);
#294=PLANE('',#4176);
#295=PLANE('',#4177);
#296=PLANE('',#4178);
#297=PLANE('',#4187);
#298=PLANE('',#4188);
#299=PLANE('',#4189);
#300=PLANE('',#4206);
#301=PLANE('',#4207);
#302=PLANE('',#4208);
#303=PLANE('',#4209);
#304=PLANE('',#4212);
#305=PLANE('',#4215);
#306=PLANE('',#4218);
#307=PLANE('',#4221);
#308=PLANE('',#4222);
#309=PLANE('',#4223);
#310=PLANE('',#4224);
#311=PLANE('',#4225);
#312=PLANE('',#4226);
#313=PLANE('',#4227);
#314=PLANE('',#4228);
#315=PLANE('',#4229);
#316=PLANE('',#4230);
#317=PLANE('',#4231);
#318=PLANE('',#4236);
#319=PLANE('',#4240);
#320=PLANE('',#4244);
#321=PLANE('',#4248);
#322=PLANE('',#4249);
#323=PLANE('',#4250);
#324=PLANE('',#4251);
#325=PLANE('',#4252);
#326=PLANE('',#4253);
#327=PLANE('',#4254);
#328=PLANE('',#4256);
#329=PLANE('',#4257);
#330=PLANE('',#4258);
#331=PLANE('',#4259);
#332=PLANE('',#4260);
#333=PLANE('',#4261);
#334=PLANE('',#4262);
#335=PLANE('',#4275);
#336=PLANE('',#4276);
#337=PLANE('',#4277);
#338=PLANE('',#4278);
#339=PLANE('',#4279);
#340=PLANE('',#4281);
#341=PLANE('',#4282);
#342=PLANE('',#4283);
#343=PLANE('',#4284);
#344=PLANE('',#4285);
#345=PLANE('',#4286);
#346=PLANE('',#4287);
#347=PLANE('',#4288);
#348=PLANE('',#4289);
#349=PLANE('',#4290);
#350=PLANE('',#4291);
#351=PLANE('',#4292);
#352=PLANE('',#4293);
#353=PLANE('',#4294);
#354=PLANE('',#4295);
#355=PLANE('',#4296);
#356=PLANE('',#4297);
#357=PLANE('',#4298);
#358=PLANE('',#4299);
#359=PLANE('',#4300);
#360=PLANE('',#4301);
#361=PLANE('',#4302);
#362=PLANE('',#4303);
#363=PLANE('',#4304);
#364=PLANE('',#4305);
#365=PLANE('',#4306);
#366=PLANE('',#4307);
#367=PLANE('',#4308);
#368=FACE_OUTER_BOUND('',#582,.T.);
#369=FACE_OUTER_BOUND('',#583,.T.);
#370=FACE_OUTER_BOUND('',#584,.T.);
#371=FACE_OUTER_BOUND('',#592,.T.);
#372=FACE_OUTER_BOUND('',#593,.T.);
#373=FACE_OUTER_BOUND('',#594,.T.);
#374=FACE_OUTER_BOUND('',#595,.T.);
#375=FACE_OUTER_BOUND('',#596,.T.);
#376=FACE_OUTER_BOUND('',#597,.T.);
#377=FACE_OUTER_BOUND('',#598,.T.);
#378=FACE_OUTER_BOUND('',#599,.T.);
#379=FACE_OUTER_BOUND('',#600,.T.);
#380=FACE_OUTER_BOUND('',#601,.T.);
#381=FACE_OUTER_BOUND('',#602,.T.);
#382=FACE_OUTER_BOUND('',#603,.T.);
#383=FACE_OUTER_BOUND('',#604,.T.);
#384=FACE_OUTER_BOUND('',#605,.T.);
#385=FACE_OUTER_BOUND('',#606,.T.);
#386=FACE_OUTER_BOUND('',#607,.T.);
#387=FACE_OUTER_BOUND('',#615,.T.);
#388=FACE_OUTER_BOUND('',#616,.T.);
#389=FACE_OUTER_BOUND('',#617,.T.);
#390=FACE_OUTER_BOUND('',#618,.T.);
#391=FACE_OUTER_BOUND('',#619,.T.);
#392=FACE_OUTER_BOUND('',#624,.T.);
#393=FACE_OUTER_BOUND('',#629,.T.);
#394=FACE_OUTER_BOUND('',#630,.T.);
#395=FACE_OUTER_BOUND('',#632,.T.);
#396=FACE_OUTER_BOUND('',#633,.T.);
#397=FACE_OUTER_BOUND('',#634,.T.);
#398=FACE_OUTER_BOUND('',#635,.T.);
#399=FACE_OUTER_BOUND('',#636,.T.);
#400=FACE_OUTER_BOUND('',#638,.T.);
#401=FACE_OUTER_BOUND('',#639,.T.);
#402=FACE_OUTER_BOUND('',#640,.T.);
#403=FACE_OUTER_BOUND('',#641,.T.);
#404=FACE_OUTER_BOUND('',#643,.T.);
#405=FACE_OUTER_BOUND('',#644,.T.);
#406=FACE_OUTER_BOUND('',#645,.T.);
#407=FACE_OUTER_BOUND('',#646,.T.);
#408=FACE_OUTER_BOUND('',#647,.T.);
#409=FACE_OUTER_BOUND('',#649,.T.);
#410=FACE_OUTER_BOUND('',#650,.T.);
#411=FACE_OUTER_BOUND('',#651,.T.);
#412=FACE_OUTER_BOUND('',#652,.T.);
#413=FACE_OUTER_BOUND('',#653,.T.);
#414=FACE_OUTER_BOUND('',#654,.T.);
#415=FACE_OUTER_BOUND('',#655,.T.);
#416=FACE_OUTER_BOUND('',#656,.T.);
#417=FACE_OUTER_BOUND('',#658,.T.);
#418=FACE_OUTER_BOUND('',#659,.T.);
#419=FACE_OUTER_BOUND('',#661,.T.);
#420=FACE_OUTER_BOUND('',#663,.T.);
#421=FACE_OUTER_BOUND('',#664,.T.);
#422=FACE_OUTER_BOUND('',#665,.T.);
#423=FACE_OUTER_BOUND('',#666,.T.);
#424=FACE_OUTER_BOUND('',#667,.T.);
#425=FACE_OUTER_BOUND('',#668,.T.);
#426=FACE_OUTER_BOUND('',#669,.T.);
#427=FACE_OUTER_BOUND('',#670,.T.);
#428=FACE_OUTER_BOUND('',#672,.T.);
#429=FACE_OUTER_BOUND('',#673,.T.);
#430=FACE_OUTER_BOUND('',#674,.T.);
#431=FACE_OUTER_BOUND('',#676,.T.);
#432=FACE_OUTER_BOUND('',#678,.T.);
#433=FACE_OUTER_BOUND('',#679,.T.);
#434=FACE_OUTER_BOUND('',#680,.T.);
#435=FACE_OUTER_BOUND('',#681,.T.);
#436=FACE_OUTER_BOUND('',#682,.T.);
#437=FACE_OUTER_BOUND('',#683,.T.);
#438=FACE_OUTER_BOUND('',#684,.T.);
#439=FACE_OUTER_BOUND('',#685,.T.);
#440=FACE_OUTER_BOUND('',#686,.T.);
#441=FACE_OUTER_BOUND('',#695,.T.);
#442=FACE_OUTER_BOUND('',#696,.T.);
#443=FACE_OUTER_BOUND('',#697,.T.);
#444=FACE_OUTER_BOUND('',#698,.T.);
#445=FACE_OUTER_BOUND('',#699,.T.);
#446=FACE_OUTER_BOUND('',#700,.T.);
#447=FACE_OUTER_BOUND('',#701,.T.);
#448=FACE_OUTER_BOUND('',#702,.T.);
#449=FACE_OUTER_BOUND('',#703,.T.);
#450=FACE_OUTER_BOUND('',#704,.T.);
#451=FACE_OUTER_BOUND('',#705,.T.);
#452=FACE_OUTER_BOUND('',#706,.T.);
#453=FACE_OUTER_BOUND('',#707,.T.);
#454=FACE_OUTER_BOUND('',#708,.T.);
#455=FACE_OUTER_BOUND('',#709,.T.);
#456=FACE_OUTER_BOUND('',#710,.T.);
#457=FACE_OUTER_BOUND('',#711,.T.);
#458=FACE_OUTER_BOUND('',#712,.T.);
#459=FACE_OUTER_BOUND('',#713,.T.);
#460=FACE_OUTER_BOUND('',#714,.T.);
#461=FACE_OUTER_BOUND('',#715,.T.);
#462=FACE_OUTER_BOUND('',#716,.T.);
#463=FACE_OUTER_BOUND('',#717,.T.);
#464=FACE_OUTER_BOUND('',#718,.T.);
#465=FACE_OUTER_BOUND('',#719,.T.);
#466=FACE_OUTER_BOUND('',#720,.T.);
#467=FACE_OUTER_BOUND('',#721,.T.);
#468=FACE_OUTER_BOUND('',#722,.T.);
#469=FACE_OUTER_BOUND('',#723,.T.);
#470=FACE_OUTER_BOUND('',#724,.T.);
#471=FACE_OUTER_BOUND('',#725,.T.);
#472=FACE_OUTER_BOUND('',#726,.T.);
#473=FACE_OUTER_BOUND('',#727,.T.);
#474=FACE_OUTER_BOUND('',#728,.T.);
#475=FACE_OUTER_BOUND('',#729,.T.);
#476=FACE_OUTER_BOUND('',#730,.T.);
#477=FACE_OUTER_BOUND('',#731,.T.);
#478=FACE_OUTER_BOUND('',#732,.T.);
#479=FACE_OUTER_BOUND('',#733,.T.);
#480=FACE_OUTER_BOUND('',#734,.T.);
#481=FACE_OUTER_BOUND('',#735,.T.);
#482=FACE_OUTER_BOUND('',#736,.T.);
#483=FACE_OUTER_BOUND('',#737,.T.);
#484=FACE_OUTER_BOUND('',#738,.T.);
#485=FACE_OUTER_BOUND('',#739,.T.);
#486=FACE_OUTER_BOUND('',#740,.T.);
#487=FACE_OUTER_BOUND('',#741,.T.);
#488=FACE_OUTER_BOUND('',#742,.T.);
#489=FACE_OUTER_BOUND('',#743,.T.);
#490=FACE_OUTER_BOUND('',#744,.T.);
#491=FACE_OUTER_BOUND('',#745,.T.);
#492=FACE_OUTER_BOUND('',#746,.T.);
#493=FACE_OUTER_BOUND('',#747,.T.);
#494=FACE_OUTER_BOUND('',#748,.T.);
#495=FACE_OUTER_BOUND('',#749,.T.);
#496=FACE_OUTER_BOUND('',#750,.T.);
#497=FACE_OUTER_BOUND('',#751,.T.);
#498=FACE_OUTER_BOUND('',#752,.T.);
#499=FACE_OUTER_BOUND('',#753,.T.);
#500=FACE_OUTER_BOUND('',#754,.T.);
#501=FACE_OUTER_BOUND('',#755,.T.);
#502=FACE_OUTER_BOUND('',#756,.T.);
#503=FACE_OUTER_BOUND('',#757,.T.);
#504=FACE_OUTER_BOUND('',#758,.T.);
#505=FACE_OUTER_BOUND('',#759,.T.);
#506=FACE_OUTER_BOUND('',#760,.T.);
#507=FACE_OUTER_BOUND('',#761,.T.);
#508=FACE_OUTER_BOUND('',#762,.T.);
#509=FACE_OUTER_BOUND('',#763,.T.);
#510=FACE_OUTER_BOUND('',#764,.T.);
#511=FACE_OUTER_BOUND('',#765,.T.);
#512=FACE_OUTER_BOUND('',#766,.T.);
#513=FACE_OUTER_BOUND('',#767,.T.);
#514=FACE_OUTER_BOUND('',#768,.T.);
#515=FACE_OUTER_BOUND('',#769,.T.);
#516=FACE_OUTER_BOUND('',#770,.T.);
#517=FACE_OUTER_BOUND('',#771,.T.);
#518=FACE_OUTER_BOUND('',#772,.T.);
#519=FACE_OUTER_BOUND('',#773,.T.);
#520=FACE_OUTER_BOUND('',#774,.T.);
#521=FACE_OUTER_BOUND('',#775,.T.);
#522=FACE_OUTER_BOUND('',#776,.T.);
#523=FACE_OUTER_BOUND('',#777,.T.);
#524=FACE_OUTER_BOUND('',#786,.T.);
#525=FACE_OUTER_BOUND('',#787,.T.);
#526=FACE_OUTER_BOUND('',#788,.T.);
#527=FACE_OUTER_BOUND('',#789,.T.);
#528=FACE_OUTER_BOUND('',#790,.T.);
#529=FACE_OUTER_BOUND('',#791,.T.);
#530=FACE_OUTER_BOUND('',#792,.T.);
#531=FACE_OUTER_BOUND('',#793,.T.);
#532=FACE_OUTER_BOUND('',#794,.T.);
#533=FACE_OUTER_BOUND('',#795,.T.);
#534=FACE_OUTER_BOUND('',#800,.T.);
#535=FACE_OUTER_BOUND('',#801,.T.);
#536=FACE_OUTER_BOUND('',#802,.T.);
#537=FACE_OUTER_BOUND('',#803,.T.);
#538=FACE_OUTER_BOUND('',#804,.T.);
#539=FACE_OUTER_BOUND('',#805,.T.);
#540=FACE_OUTER_BOUND('',#806,.T.);
#541=FACE_OUTER_BOUND('',#807,.T.);
#542=FACE_OUTER_BOUND('',#808,.T.);
#543=FACE_OUTER_BOUND('',#809,.T.);
#544=FACE_OUTER_BOUND('',#810,.T.);
#545=FACE_OUTER_BOUND('',#811,.T.);
#546=FACE_OUTER_BOUND('',#812,.T.);
#547=FACE_OUTER_BOUND('',#813,.T.);
#548=FACE_OUTER_BOUND('',#814,.T.);
#549=FACE_OUTER_BOUND('',#815,.T.);
#550=FACE_OUTER_BOUND('',#816,.T.);
#551=FACE_OUTER_BOUND('',#817,.T.);
#552=FACE_OUTER_BOUND('',#818,.T.);
#553=FACE_OUTER_BOUND('',#823,.T.);
#554=FACE_OUTER_BOUND('',#828,.T.);
#555=FACE_OUTER_BOUND('',#829,.T.);
#556=FACE_OUTER_BOUND('',#830,.T.);
#557=FACE_OUTER_BOUND('',#831,.T.);
#558=FACE_OUTER_BOUND('',#832,.T.);
#559=FACE_OUTER_BOUND('',#833,.T.);
#560=FACE_OUTER_BOUND('',#834,.T.);
#561=FACE_OUTER_BOUND('',#835,.T.);
#562=FACE_OUTER_BOUND('',#836,.T.);
#563=FACE_OUTER_BOUND('',#837,.T.);
#564=FACE_OUTER_BOUND('',#838,.T.);
#565=FACE_OUTER_BOUND('',#839,.T.);
#566=FACE_OUTER_BOUND('',#840,.T.);
#567=FACE_OUTER_BOUND('',#841,.T.);
#568=FACE_OUTER_BOUND('',#842,.T.);
#569=FACE_OUTER_BOUND('',#843,.T.);
#570=FACE_OUTER_BOUND('',#844,.T.);
#571=FACE_OUTER_BOUND('',#845,.T.);
#572=FACE_OUTER_BOUND('',#846,.T.);
#573=FACE_OUTER_BOUND('',#847,.T.);
#574=FACE_OUTER_BOUND('',#848,.T.);
#575=FACE_OUTER_BOUND('',#849,.T.);
#576=FACE_OUTER_BOUND('',#850,.T.);
#577=FACE_OUTER_BOUND('',#851,.T.);
#578=FACE_OUTER_BOUND('',#852,.T.);
#579=FACE_OUTER_BOUND('',#853,.T.);
#580=FACE_OUTER_BOUND('',#854,.T.);
#581=FACE_OUTER_BOUND('',#855,.T.);
#582=EDGE_LOOP('',(#2510,#2511,#2512,#2513));
#583=EDGE_LOOP('',(#2514,#2515,#2516,#2517,#2518,#2519,#2520));
#584=EDGE_LOOP('',(#2521,#2522,#2523,#2524));
#585=EDGE_LOOP('',(#2525));
#586=EDGE_LOOP('',(#2526));
#587=EDGE_LOOP('',(#2527));
#588=EDGE_LOOP('',(#2528,#2529,#2530,#2531));
#589=EDGE_LOOP('',(#2532));
#590=EDGE_LOOP('',(#2533));
#591=EDGE_LOOP('',(#2534));
#592=EDGE_LOOP('',(#2535,#2536,#2537,#2538));
#593=EDGE_LOOP('',(#2539,#2540,#2541,#2542));
#594=EDGE_LOOP('',(#2543,#2544,#2545,#2546));
#595=EDGE_LOOP('',(#2547,#2548,#2549,#2550));
#596=EDGE_LOOP('',(#2551,#2552,#2553,#2554));
#597=EDGE_LOOP('',(#2555,#2556,#2557,#2558));
#598=EDGE_LOOP('',(#2559,#2560,#2561,#2562));
#599=EDGE_LOOP('',(#2563,#2564,#2565,#2566));
#600=EDGE_LOOP('',(#2567,#2568,#2569,#2570));
#601=EDGE_LOOP('',(#2571,#2572,#2573,#2574));
#602=EDGE_LOOP('',(#2575,#2576,#2577,#2578));
#603=EDGE_LOOP('',(#2579,#2580,#2581,#2582));
#604=EDGE_LOOP('',(#2583,#2584,#2585,#2586));
#605=EDGE_LOOP('',(#2587,#2588,#2589,#2590));
#606=EDGE_LOOP('',(#2591,#2592,#2593,#2594));
#607=EDGE_LOOP('',(#2595,#2596,#2597,#2598));
#608=EDGE_LOOP('',(#2599));
#609=EDGE_LOOP('',(#2600));
#610=EDGE_LOOP('',(#2601));
#611=EDGE_LOOP('',(#2602,#2603,#2604,#2605));
#612=EDGE_LOOP('',(#2606));
#613=EDGE_LOOP('',(#2607));
#614=EDGE_LOOP('',(#2608));
#615=EDGE_LOOP('',(#2609,#2610,#2611,#2612));
#616=EDGE_LOOP('',(#2613,#2614,#2615,#2616));
#617=EDGE_LOOP('',(#2617,#2618,#2619,#2620,#2621,#2622,#2623));
#618=EDGE_LOOP('',(#2624,#2625,#2626,#2627));
#619=EDGE_LOOP('',(#2628,#2629,#2630,#2631,#2632,#2633));
#620=EDGE_LOOP('',(#2634));
#621=EDGE_LOOP('',(#2635));
#622=EDGE_LOOP('',(#2636));
#623=EDGE_LOOP('',(#2637));
#624=EDGE_LOOP('',(#2638,#2639,#2640,#2641,#2642,#2643));
#625=EDGE_LOOP('',(#2644));
#626=EDGE_LOOP('',(#2645));
#627=EDGE_LOOP('',(#2646));
#628=EDGE_LOOP('',(#2647));
#629=EDGE_LOOP('',(#2648,#2649));
#630=EDGE_LOOP('',(#2650));
#631=EDGE_LOOP('',(#2651));
#632=EDGE_LOOP('',(#2652,#2653,#2654,#2655,#2656,#2657,#2658,#2659));
#633=EDGE_LOOP('',(#2660,#2661,#2662,#2663));
#634=EDGE_LOOP('',(#2664,#2665,#2666));
#635=EDGE_LOOP('',(#2667,#2668,#2669,#2670));
#636=EDGE_LOOP('',(#2671));
#637=EDGE_LOOP('',(#2672));
#638=EDGE_LOOP('',(#2673,#2674,#2675,#2676));
#639=EDGE_LOOP('',(#2677));
#640=EDGE_LOOP('',(#2678,#2679,#2680,#2681));
#641=EDGE_LOOP('',(#2682));
#642=EDGE_LOOP('',(#2683));
#643=EDGE_LOOP('',(#2684,#2685,#2686,#2687));
#644=EDGE_LOOP('',(#2688));
#645=EDGE_LOOP('',(#2689));
#646=EDGE_LOOP('',(#2690,#2691,#2692,#2693));
#647=EDGE_LOOP('',(#2694));
#648=EDGE_LOOP('',(#2695));
#649=EDGE_LOOP('',(#2696,#2697,#2698,#2699));
#650=EDGE_LOOP('',(#2700,#2701,#2702,#2703));
#651=EDGE_LOOP('',(#2704,#2705,#2706,#2707));
#652=EDGE_LOOP('',(#2708,#2709,#2710,#2711));
#653=EDGE_LOOP('',(#2712,#2713,#2714,#2715));
#654=EDGE_LOOP('',(#2716,#2717,#2718,#2719));
#655=EDGE_LOOP('',(#2720,#2721,#2722,#2723));
#656=EDGE_LOOP('',(#2724,#2725,#2726,#2727,#2728,#2729));
#657=EDGE_LOOP('',(#2730));
#658=EDGE_LOOP('',(#2731,#2732,#2733,#2734));
#659=EDGE_LOOP('',(#2735));
#660=EDGE_LOOP('',(#2736));
#661=EDGE_LOOP('',(#2737));
#662=EDGE_LOOP('',(#2738,#2739,#2740,#2741,#2742,#2743));
#663=EDGE_LOOP('',(#2744,#2745,#2746,#2747));
#664=EDGE_LOOP('',(#2748,#2749,#2750,#2751));
#665=EDGE_LOOP('',(#2752,#2753,#2754,#2755));
#666=EDGE_LOOP('',(#2756,#2757,#2758,#2759));
#667=EDGE_LOOP('',(#2760,#2761,#2762,#2763));
#668=EDGE_LOOP('',(#2764,#2765,#2766,#2767));
#669=EDGE_LOOP('',(#2768,#2769,#2770,#2771,#2772,#2773));
#670=EDGE_LOOP('',(#2774));
#671=EDGE_LOOP('',(#2775,#2776,#2777,#2778,#2779,#2780));
#672=EDGE_LOOP('',(#2781,#2782,#2783,#2784));
#673=EDGE_LOOP('',(#2785,#2786,#2787,#2788));
#674=EDGE_LOOP('',(#2789));
#675=EDGE_LOOP('',(#2790));
#676=EDGE_LOOP('',(#2791));
#677=EDGE_LOOP('',(#2792));
#678=EDGE_LOOP('',(#2793,#2794,#2795,#2796));
#679=EDGE_LOOP('',(#2797));
#680=EDGE_LOOP('',(#2798,#2799,#2800,#2801));
#681=EDGE_LOOP('',(#2802,#2803,#2804,#2805));
#682=EDGE_LOOP('',(#2806,#2807,#2808,#2809));
#683=EDGE_LOOP('',(#2810,#2811,#2812,#2813));
#684=EDGE_LOOP('',(#2814,#2815,#2816,#2817));
#685=EDGE_LOOP('',(#2818,#2819,#2820,#2821));
#686=EDGE_LOOP('',(#2822,#2823,#2824,#2825,#2826,#2827,#2828,#2829,#2830,
#2831,#2832,#2833,#2834,#2835,#2836,#2837,#2838,#2839,#2840,#2841));
#687=EDGE_LOOP('',(#2842,#2843,#2844,#2845));
#688=EDGE_LOOP('',(#2846,#2847,#2848,#2849));
#689=EDGE_LOOP('',(#2850));
#690=EDGE_LOOP('',(#2851));
#691=EDGE_LOOP('',(#2852));
#692=EDGE_LOOP('',(#2853));
#693=EDGE_LOOP('',(#2854,#2855,#2856,#2857));
#694=EDGE_LOOP('',(#2858,#2859,#2860,#2861));
#695=EDGE_LOOP('',(#2862,#2863,#2864,#2865));
#696=EDGE_LOOP('',(#2866,#2867,#2868,#2869));
#697=EDGE_LOOP('',(#2870,#2871,#2872,#2873));
#698=EDGE_LOOP('',(#2874,#2875,#2876,#2877));
#699=EDGE_LOOP('',(#2878,#2879,#2880,#2881));
#700=EDGE_LOOP('',(#2882,#2883,#2884,#2885));
#701=EDGE_LOOP('',(#2886,#2887,#2888,#2889));
#702=EDGE_LOOP('',(#2890,#2891,#2892,#2893));
#703=EDGE_LOOP('',(#2894,#2895,#2896,#2897));
#704=EDGE_LOOP('',(#2898,#2899,#2900,#2901));
#705=EDGE_LOOP('',(#2902,#2903,#2904,#2905));
#706=EDGE_LOOP('',(#2906,#2907,#2908,#2909));
#707=EDGE_LOOP('',(#2910,#2911,#2912,#2913));
#708=EDGE_LOOP('',(#2914,#2915,#2916,#2917));
#709=EDGE_LOOP('',(#2918,#2919,#2920,#2921));
#710=EDGE_LOOP('',(#2922,#2923,#2924,#2925));
#711=EDGE_LOOP('',(#2926,#2927,#2928,#2929));
#712=EDGE_LOOP('',(#2930,#2931,#2932,#2933));
#713=EDGE_LOOP('',(#2934,#2935,#2936,#2937,#2938));
#714=EDGE_LOOP('',(#2939,#2940,#2941,#2942,#2943));
#715=EDGE_LOOP('',(#2944,#2945,#2946,#2947,#2948));
#716=EDGE_LOOP('',(#2949,#2950,#2951,#2952,#2953));
#717=EDGE_LOOP('',(#2954,#2955,#2956,#2957,#2958));
#718=EDGE_LOOP('',(#2959,#2960,#2961,#2962,#2963));
#719=EDGE_LOOP('',(#2964,#2965,#2966,#2967,#2968));
#720=EDGE_LOOP('',(#2969,#2970,#2971,#2972,#2973));
#721=EDGE_LOOP('',(#2974,#2975,#2976,#2977));
#722=EDGE_LOOP('',(#2978,#2979,#2980,#2981));
#723=EDGE_LOOP('',(#2982,#2983,#2984,#2985));
#724=EDGE_LOOP('',(#2986,#2987,#2988,#2989));
#725=EDGE_LOOP('',(#2990,#2991,#2992,#2993));
#726=EDGE_LOOP('',(#2994,#2995,#2996,#2997,#2998,#2999,#3000,#3001,#3002,
#3003,#3004,#3005));
#727=EDGE_LOOP('',(#3006,#3007,#3008,#3009));
#728=EDGE_LOOP('',(#3010,#3011,#3012,#3013));
#729=EDGE_LOOP('',(#3014,#3015,#3016,#3017));
#730=EDGE_LOOP('',(#3018,#3019,#3020,#3021));
#731=EDGE_LOOP('',(#3022,#3023,#3024,#3025));
#732=EDGE_LOOP('',(#3026,#3027,#3028,#3029));
#733=EDGE_LOOP('',(#3030,#3031,#3032,#3033));
#734=EDGE_LOOP('',(#3034,#3035,#3036,#3037));
#735=EDGE_LOOP('',(#3038,#3039,#3040,#3041));
#736=EDGE_LOOP('',(#3042,#3043,#3044,#3045));
#737=EDGE_LOOP('',(#3046,#3047,#3048,#3049));
#738=EDGE_LOOP('',(#3050,#3051,#3052,#3053));
#739=EDGE_LOOP('',(#3054,#3055,#3056,#3057));
#740=EDGE_LOOP('',(#3058,#3059,#3060,#3061,#3062,#3063,#3064,#3065));
#741=EDGE_LOOP('',(#3066,#3067,#3068,#3069));
#742=EDGE_LOOP('',(#3070,#3071,#3072,#3073));
#743=EDGE_LOOP('',(#3074,#3075,#3076,#3077));
#744=EDGE_LOOP('',(#3078,#3079,#3080,#3081));
#745=EDGE_LOOP('',(#3082,#3083,#3084,#3085));
#746=EDGE_LOOP('',(#3086,#3087,#3088,#3089));
#747=EDGE_LOOP('',(#3090,#3091,#3092,#3093));
#748=EDGE_LOOP('',(#3094,#3095,#3096,#3097));
#749=EDGE_LOOP('',(#3098,#3099,#3100,#3101));
#750=EDGE_LOOP('',(#3102,#3103,#3104,#3105));
#751=EDGE_LOOP('',(#3106,#3107,#3108,#3109));
#752=EDGE_LOOP('',(#3110,#3111,#3112,#3113));
#753=EDGE_LOOP('',(#3114,#3115,#3116,#3117));
#754=EDGE_LOOP('',(#3118,#3119,#3120,#3121));
#755=EDGE_LOOP('',(#3122,#3123,#3124,#3125));
#756=EDGE_LOOP('',(#3126,#3127,#3128,#3129));
#757=EDGE_LOOP('',(#3130,#3131,#3132,#3133,#3134,#3135,#3136,#3137,#3138,
#3139,#3140,#3141));
#758=EDGE_LOOP('',(#3142,#3143,#3144,#3145));
#759=EDGE_LOOP('',(#3146,#3147,#3148,#3149,#3150,#3151,#3152,#3153));
#760=EDGE_LOOP('',(#3154,#3155,#3156,#3157));
#761=EDGE_LOOP('',(#3158,#3159,#3160,#3161));
#762=EDGE_LOOP('',(#3162,#3163,#3164,#3165));
#763=EDGE_LOOP('',(#3166,#3167,#3168,#3169));
#764=EDGE_LOOP('',(#3170,#3171,#3172,#3173));
#765=EDGE_LOOP('',(#3174,#3175,#3176,#3177));
#766=EDGE_LOOP('',(#3178,#3179,#3180,#3181));
#767=EDGE_LOOP('',(#3182,#3183,#3184,#3185));
#768=EDGE_LOOP('',(#3186,#3187,#3188,#3189));
#769=EDGE_LOOP('',(#3190,#3191,#3192,#3193));
#770=EDGE_LOOP('',(#3194,#3195,#3196,#3197));
#771=EDGE_LOOP('',(#3198,#3199,#3200,#3201));
#772=EDGE_LOOP('',(#3202,#3203,#3204,#3205));
#773=EDGE_LOOP('',(#3206,#3207,#3208,#3209));
#774=EDGE_LOOP('',(#3210,#3211,#3212,#3213));
#775=EDGE_LOOP('',(#3214,#3215,#3216,#3217));
#776=EDGE_LOOP('',(#3218,#3219,#3220,#3221));
#777=EDGE_LOOP('',(#3222,#3223,#3224,#3225));
#778=EDGE_LOOP('',(#3226,#3227,#3228,#3229));
#779=EDGE_LOOP('',(#3230,#3231,#3232,#3233));
#780=EDGE_LOOP('',(#3234,#3235,#3236,#3237));
#781=EDGE_LOOP('',(#3238,#3239,#3240,#3241));
#782=EDGE_LOOP('',(#3242));
#783=EDGE_LOOP('',(#3243));
#784=EDGE_LOOP('',(#3244));
#785=EDGE_LOOP('',(#3245));
#786=EDGE_LOOP('',(#3246,#3247,#3248,#3249));
#787=EDGE_LOOP('',(#3250));
#788=EDGE_LOOP('',(#3251,#3252,#3253,#3254));
#789=EDGE_LOOP('',(#3255));
#790=EDGE_LOOP('',(#3256,#3257,#3258,#3259));
#791=EDGE_LOOP('',(#3260));
#792=EDGE_LOOP('',(#3261,#3262,#3263,#3264));
#793=EDGE_LOOP('',(#3265));
#794=EDGE_LOOP('',(#3266,#3267,#3268,#3269));
#795=EDGE_LOOP('',(#3270,#3271,#3272,#3273));
#796=EDGE_LOOP('',(#3274));
#797=EDGE_LOOP('',(#3275));
#798=EDGE_LOOP('',(#3276));
#799=EDGE_LOOP('',(#3277));
#800=EDGE_LOOP('',(#3278,#3279,#3280,#3281));
#801=EDGE_LOOP('',(#3282,#3283,#3284,#3285));
#802=EDGE_LOOP('',(#3286,#3287,#3288,#3289));
#803=EDGE_LOOP('',(#3290,#3291,#3292,#3293));
#804=EDGE_LOOP('',(#3294,#3295,#3296,#3297));
#805=EDGE_LOOP('',(#3298,#3299,#3300,#3301,#3302));
#806=EDGE_LOOP('',(#3303,#3304,#3305,#3306));
#807=EDGE_LOOP('',(#3307,#3308,#3309,#3310,#3311));
#808=EDGE_LOOP('',(#3312,#3313,#3314,#3315));
#809=EDGE_LOOP('',(#3316,#3317,#3318,#3319));
#810=EDGE_LOOP('',(#3320,#3321,#3322,#3323));
#811=EDGE_LOOP('',(#3324,#3325,#3326,#3327));
#812=EDGE_LOOP('',(#3328,#3329,#3330,#3331));
#813=EDGE_LOOP('',(#3332,#3333,#3334,#3335));
#814=EDGE_LOOP('',(#3336,#3337,#3338,#3339));
#815=EDGE_LOOP('',(#3340,#3341,#3342,#3343));
#816=EDGE_LOOP('',(#3344,#3345,#3346,#3347));
#817=EDGE_LOOP('',(#3348,#3349,#3350,#3351));
#818=EDGE_LOOP('',(#3352,#3353,#3354,#3355,#3356,#3357));
#819=EDGE_LOOP('',(#3358));
#820=EDGE_LOOP('',(#3359));
#821=EDGE_LOOP('',(#3360));
#822=EDGE_LOOP('',(#3361));
#823=EDGE_LOOP('',(#3362,#3363,#3364,#3365,#3366,#3367,#3368,#3369));
#824=EDGE_LOOP('',(#3370));
#825=EDGE_LOOP('',(#3371));
#826=EDGE_LOOP('',(#3372));
#827=EDGE_LOOP('',(#3373));
#828=EDGE_LOOP('',(#3374,#3375,#3376,#3377));
#829=EDGE_LOOP('',(#3378,#3379,#3380,#3381));
#830=EDGE_LOOP('',(#3382,#3383,#3384,#3385));
#831=EDGE_LOOP('',(#3386,#3387,#3388,#3389));
#832=EDGE_LOOP('',(#3390,#3391,#3392,#3393));
#833=EDGE_LOOP('',(#3394,#3395,#3396,#3397));
#834=EDGE_LOOP('',(#3398,#3399,#3400,#3401));
#835=EDGE_LOOP('',(#3402,#3403,#3404,#3405));
#836=EDGE_LOOP('',(#3406,#3407,#3408,#3409));
#837=EDGE_LOOP('',(#3410,#3411,#3412,#3413));
#838=EDGE_LOOP('',(#3414,#3415,#3416,#3417));
#839=EDGE_LOOP('',(#3418,#3419,#3420,#3421));
#840=EDGE_LOOP('',(#3422,#3423,#3424,#3425));
#841=EDGE_LOOP('',(#3426,#3427,#3428,#3429));
#842=EDGE_LOOP('',(#3430,#3431,#3432,#3433));
#843=EDGE_LOOP('',(#3434,#3435,#3436,#3437));
#844=EDGE_LOOP('',(#3438,#3439,#3440,#3441));
#845=EDGE_LOOP('',(#3442,#3443,#3444,#3445));
#846=EDGE_LOOP('',(#3446,#3447,#3448,#3449));
#847=EDGE_LOOP('',(#3450,#3451,#3452,#3453));
#848=EDGE_LOOP('',(#3454,#3455,#3456,#3457,#3458,#3459,#3460,#3461,#3462,
#3463,#3464,#3465,#3466,#3467,#3468,#3469,#3470,#3471,#3472,#3473));
#849=EDGE_LOOP('',(#3474,#3475,#3476,#3477));
#850=EDGE_LOOP('',(#3478,#3479,#3480,#3481));
#851=EDGE_LOOP('',(#3482,#3483,#3484,#3485,#3486,#3487,#3488,#3489,#3490,
#3491,#3492,#3493,#3494,#3495,#3496,#3497,#3498,#3499,#3500,#3501));
#852=EDGE_LOOP('',(#3502,#3503,#3504,#3505));
#853=EDGE_LOOP('',(#3506,#3507,#3508,#3509));
#854=EDGE_LOOP('',(#3510,#3511,#3512,#3513));
#855=EDGE_LOOP('',(#3514,#3515,#3516,#3517));
#856=LINE('',#5493,#1204);
#857=LINE('',#5496,#1205);
#858=LINE('',#5499,#1206);
#859=LINE('',#5501,#1207);
#860=LINE('',#5503,#1208);
#861=LINE('',#5505,#1209);
#862=LINE('',#5507,#1210);
#863=LINE('',#5508,#1211);
#864=LINE('',#5511,#1212);
#865=LINE('',#5523,#1213);
#866=LINE('',#5526,#1214);
#867=LINE('',#5537,#1215);
#868=LINE('',#5543,#1216);
#869=LINE('',#5549,#1217);
#870=LINE('',#5555,#1218);
#871=LINE('',#5560,#1219);
#872=LINE('',#5564,#1220);
#873=LINE('',#5568,#1221);
#874=LINE('',#5572,#1222);
#875=LINE('',#5573,#1223);
#876=LINE('',#5574,#1224);
#877=LINE('',#5578,#1225);
#878=LINE('',#5581,#1226);
#879=LINE('',#5582,#1227);
#880=LINE('',#5588,#1228);
#881=LINE('',#5592,#1229);
#882=LINE('',#5596,#1230);
#883=LINE('',#5600,#1231);
#884=LINE('',#5603,#1232);
#885=LINE('',#5604,#1233);
#886=LINE('',#5608,#1234);
#887=LINE('',#5610,#1235);
#888=LINE('',#5612,#1236);
#889=LINE('',#5613,#1237);
#890=LINE('',#5619,#1238);
#891=LINE('',#5621,#1239);
#892=LINE('',#5622,#1240);
#893=LINE('',#5632,#1241);
#894=LINE('',#5641,#1242);
#895=LINE('',#5644,#1243);
#896=LINE('',#5647,#1244);
#897=LINE('',#5649,#1245);
#898=LINE('',#5653,#1246);
#899=LINE('',#5662,#1247);
#900=LINE('',#5668,#1248);
#901=LINE('',#5674,#1249);
#902=LINE('',#5683,#1250);
#903=LINE('',#5691,#1251);
#904=LINE('',#5695,#1252);
#905=LINE('',#5697,#1253);
#906=LINE('',#5699,#1254);
#907=LINE('',#5700,#1255);
#908=LINE('',#5703,#1256);
#909=LINE('',#5705,#1257);
#910=LINE('',#5706,#1258);
#911=LINE('',#5709,#1259);
#912=LINE('',#5711,#1260);
#913=LINE('',#5712,#1261);
#914=LINE('',#5715,#1262);
#915=LINE('',#5717,#1263);
#916=LINE('',#5718,#1264);
#917=LINE('',#5721,#1265);
#918=LINE('',#5723,#1266);
#919=LINE('',#5724,#1267);
#920=LINE('',#5726,#1268);
#921=LINE('',#5727,#1269);
#922=LINE('',#5733,#1270);
#923=LINE('',#5741,#1271);
#924=LINE('',#5743,#1272);
#925=LINE('',#5745,#1273);
#926=LINE('',#5746,#1274);
#927=LINE('',#5749,#1275);
#928=LINE('',#5751,#1276);
#929=LINE('',#5752,#1277);
#930=LINE('',#5755,#1278);
#931=LINE('',#5757,#1279);
#932=LINE('',#5758,#1280);
#933=LINE('',#5761,#1281);
#934=LINE('',#5763,#1282);
#935=LINE('',#5764,#1283);
#936=LINE('',#5767,#1284);
#937=LINE('',#5769,#1285);
#938=LINE('',#5770,#1286);
#939=LINE('',#5772,#1287);
#940=LINE('',#5773,#1288);
#941=LINE('',#5780,#1289);
#942=LINE('',#5786,#1290);
#943=LINE('',#5795,#1291);
#944=LINE('',#5819,#1292);
#945=LINE('',#5822,#1293);
#946=LINE('',#5833,#1294);
#947=LINE('',#5834,#1295);
#948=LINE('',#5840,#1296);
#949=LINE('',#5843,#1297);
#950=LINE('',#5846,#1298);
#951=LINE('',#5847,#1299);
#952=LINE('',#5851,#1300);
#953=LINE('',#5853,#1301);
#954=LINE('',#5855,#1302);
#955=LINE('',#5857,#1303);
#956=LINE('',#5859,#1304);
#957=LINE('',#5861,#1305);
#958=LINE('',#5863,#1306);
#959=LINE('',#5865,#1307);
#960=LINE('',#5867,#1308);
#961=LINE('',#5869,#1309);
#962=LINE('',#5871,#1310);
#963=LINE('',#5873,#1311);
#964=LINE('',#5875,#1312);
#965=LINE('',#5877,#1313);
#966=LINE('',#5879,#1314);
#967=LINE('',#5881,#1315);
#968=LINE('',#5883,#1316);
#969=LINE('',#5885,#1317);
#970=LINE('',#5887,#1318);
#971=LINE('',#5888,#1319);
#972=LINE('',#5891,#1320);
#973=LINE('',#5895,#1321);
#974=LINE('',#5899,#1322);
#975=LINE('',#5903,#1323);
#976=LINE('',#5915,#1324);
#977=LINE('',#5919,#1325);
#978=LINE('',#5925,#1326);
#979=LINE('',#5934,#1327);
#980=LINE('',#5939,#1328);
#981=LINE('',#5942,#1329);
#982=LINE('',#5945,#1330);
#983=LINE('',#5946,#1331);
#984=LINE('',#5951,#1332);
#985=LINE('',#5960,#1333);
#986=LINE('',#5965,#1334);
#987=LINE('',#5968,#1335);
#988=LINE('',#5971,#1336);
#989=LINE('',#5972,#1337);
#990=LINE('',#5977,#1338);
#991=LINE('',#5986,#1339);
#992=LINE('',#5991,#1340);
#993=LINE('',#5994,#1341);
#994=LINE('',#5997,#1342);
#995=LINE('',#5998,#1343);
#996=LINE('',#6007,#1344);
#997=LINE('',#6017,#1345);
#998=LINE('',#6027,#1346);
#999=LINE('',#6037,#1347);
#1000=LINE('',#6042,#1348);
#1001=LINE('',#6046,#1349);
#1002=LINE('',#6050,#1350);
#1003=LINE('',#6053,#1351);
#1004=LINE('',#6056,#1352);
#1005=LINE('',#6059,#1353);
#1006=LINE('',#6061,#1354);
#1007=LINE('',#6062,#1355);
#1008=LINE('',#6064,#1356);
#1009=LINE('',#6065,#1357);
#1010=LINE('',#6067,#1358);
#1011=LINE('',#6069,#1359);
#1012=LINE('',#6071,#1360);
#1013=LINE('',#6073,#1361);
#1014=LINE('',#6075,#1362);
#1015=LINE('',#6077,#1363);
#1016=LINE('',#6079,#1364);
#1017=LINE('',#6080,#1365);
#1018=LINE('',#6085,#1366);
#1019=LINE('',#6088,#1367);
#1020=LINE('',#6092,#1368);
#1021=LINE('',#6096,#1369);
#1022=LINE('',#6099,#1370);
#1023=LINE('',#6102,#1371);
#1024=LINE('',#6105,#1372);
#1025=LINE('',#6108,#1373);
#1026=LINE('',#6111,#1374);
#1027=LINE('',#6114,#1375);
#1028=LINE('',#6116,#1376);
#1029=LINE('',#6120,#1377);
#1030=LINE('',#6122,#1378);
#1031=LINE('',#6125,#1379);
#1032=LINE('',#6126,#1380);
#1033=LINE('',#6128,#1381);
#1034=LINE('',#6129,#1382);
#1035=LINE('',#6131,#1383);
#1036=LINE('',#6133,#1384);
#1037=LINE('',#6139,#1385);
#1038=LINE('',#6143,#1386);
#1039=LINE('',#6147,#1387);
#1040=LINE('',#6150,#1388);
#1041=LINE('',#6153,#1389);
#1042=LINE('',#6156,#1390);
#1043=LINE('',#6158,#1391);
#1044=LINE('',#6159,#1392);
#1045=LINE('',#6161,#1393);
#1046=LINE('',#6162,#1394);
#1047=LINE('',#6164,#1395);
#1048=LINE('',#6169,#1396);
#1049=LINE('',#6174,#1397);
#1050=LINE('',#6177,#1398);
#1051=LINE('',#6180,#1399);
#1052=LINE('',#6183,#1400);
#1053=LINE('',#6186,#1401);
#1054=LINE('',#6189,#1402);
#1055=LINE('',#6192,#1403);
#1056=LINE('',#6195,#1404);
#1057=LINE('',#6198,#1405);
#1058=LINE('',#6200,#1406);
#1059=LINE('',#6204,#1407);
#1060=LINE('',#6206,#1408);
#1061=LINE('',#6209,#1409);
#1062=LINE('',#6210,#1410);
#1063=LINE('',#6212,#1411);
#1064=LINE('',#6213,#1412);
#1065=LINE('',#6215,#1413);
#1066=LINE('',#6216,#1414);
#1067=LINE('',#6218,#1415);
#1068=LINE('',#6220,#1416);
#1069=LINE('',#6221,#1417);
#1070=LINE('',#6223,#1418);
#1071=LINE('',#6227,#1419);
#1072=LINE('',#6230,#1420);
#1073=LINE('',#6233,#1421);
#1074=LINE('',#6236,#1422);
#1075=LINE('',#6239,#1423);
#1076=LINE('',#6242,#1424);
#1077=LINE('',#6245,#1425);
#1078=LINE('',#6248,#1426);
#1079=LINE('',#6250,#1427);
#1080=LINE('',#6252,#1428);
#1081=LINE('',#6256,#1429);
#1082=LINE('',#6259,#1430);
#1083=LINE('',#6262,#1431);
#1084=LINE('',#6269,#1432);
#1085=LINE('',#6276,#1433);
#1086=LINE('',#6283,#1434);
#1087=LINE('',#6290,#1435);
#1088=LINE('',#6296,#1436);
#1089=LINE('',#6298,#1437);
#1090=LINE('',#6300,#1438);
#1091=LINE('',#6301,#1439);
#1092=LINE('',#6305,#1440);
#1093=LINE('',#6307,#1441);
#1094=LINE('',#6309,#1442);
#1095=LINE('',#6310,#1443);
#1096=LINE('',#6312,#1444);
#1097=LINE('',#6313,#1445);
#1098=LINE('',#6315,#1446);
#1099=LINE('',#6317,#1447);
#1100=LINE('',#6323,#1448);
#1101=LINE('',#6325,#1449);
#1102=LINE('',#6327,#1450);
#1103=LINE('',#6328,#1451);
#1104=LINE('',#6332,#1452);
#1105=LINE('',#6333,#1453);
#1106=LINE('',#6335,#1454);
#1107=LINE('',#6336,#1455);
#1108=LINE('',#6339,#1456);
#1109=LINE('',#6341,#1457);
#1110=LINE('',#6342,#1458);
#1111=LINE('',#6345,#1459);
#1112=LINE('',#6346,#1460);
#1113=LINE('',#6347,#1461);
#1114=LINE('',#6351,#1462);
#1115=LINE('',#6353,#1463);
#1116=LINE('',#6354,#1464);
#1117=LINE('',#6357,#1465);
#1118=LINE('',#6359,#1466);
#1119=LINE('',#6360,#1467);
#1120=LINE('',#6365,#1468);
#1121=LINE('',#6371,#1469);
#1122=LINE('',#6377,#1470);
#1123=LINE('',#6383,#1471);
#1124=LINE('',#6387,#1472);
#1125=LINE('',#6389,#1473);
#1126=LINE('',#6390,#1474);
#1127=LINE('',#6393,#1475);
#1128=LINE('',#6395,#1476);
#1129=LINE('',#6396,#1477);
#1130=LINE('',#6398,#1478);
#1131=LINE('',#6399,#1479);
#1132=LINE('',#6406,#1480);
#1133=LINE('',#6408,#1481);
#1134=LINE('',#6410,#1482);
#1135=LINE('',#6411,#1483);
#1136=LINE('',#6415,#1484);
#1137=LINE('',#6417,#1485);
#1138=LINE('',#6419,#1486);
#1139=LINE('',#6420,#1487);
#1140=LINE('',#6422,#1488);
#1141=LINE('',#6423,#1489);
#1142=LINE('',#6425,#1490);
#1143=LINE('',#6427,#1491);
#1144=LINE('',#6432,#1492);
#1145=LINE('',#6434,#1493);
#1146=LINE('',#6436,#1494);
#1147=LINE('',#6437,#1495);
#1148=LINE('',#6440,#1496);
#1149=LINE('',#6442,#1497);
#1150=LINE('',#6443,#1498);
#1151=LINE('',#6446,#1499);
#1152=LINE('',#6448,#1500);
#1153=LINE('',#6449,#1501);
#1154=LINE('',#6453,#1502);
#1155=LINE('',#6455,#1503);
#1156=LINE('',#6457,#1504);
#1157=LINE('',#6458,#1505);
#1158=LINE('',#6461,#1506);
#1159=LINE('',#6463,#1507);
#1160=LINE('',#6464,#1508);
#1161=LINE('',#6467,#1509);
#1162=LINE('',#6469,#1510);
#1163=LINE('',#6470,#1511);
#1164=LINE('',#6474,#1512);
#1165=LINE('',#6476,#1513);
#1166=LINE('',#6478,#1514);
#1167=LINE('',#6479,#1515);
#1168=LINE('',#6482,#1516);
#1169=LINE('',#6484,#1517);
#1170=LINE('',#6485,#1518);
#1171=LINE('',#6488,#1519);
#1172=LINE('',#6490,#1520);
#1173=LINE('',#6491,#1521);
#1174=LINE('',#6495,#1522);
#1175=LINE('',#6497,#1523);
#1176=LINE('',#6499,#1524);
#1177=LINE('',#6500,#1525);
#1178=LINE('',#6503,#1526);
#1179=LINE('',#6505,#1527);
#1180=LINE('',#6506,#1528);
#1181=LINE('',#6509,#1529);
#1182=LINE('',#6511,#1530);
#1183=LINE('',#6512,#1531);
#1184=LINE('',#6515,#1532);
#1185=LINE('',#6517,#1533);
#1186=LINE('',#6518,#1534);
#1187=LINE('',#6521,#1535);
#1188=LINE('',#6523,#1536);
#1189=LINE('',#6524,#1537);
#1190=LINE('',#6527,#1538);
#1191=LINE('',#6528,#1539);
#1192=LINE('',#6529,#1540);
#1193=LINE('',#6531,#1541);
#1194=LINE('',#6532,#1542);
#1195=LINE('',#6533,#1543);
#1196=LINE('',#6536,#1544);
#1197=LINE('',#6537,#1545);
#1198=LINE('',#6539,#1546);
#1199=LINE('',#6541,#1547);
#1200=LINE('',#6542,#1548);
#1201=LINE('',#6544,#1549);
#1202=LINE('',#6545,#1550);
#1203=LINE('',#6549,#1551);
#1204=VECTOR('',#4334,10.);
#1205=VECTOR('',#4337,10.);
#1206=VECTOR('',#4340,10.);
#1207=VECTOR('',#4341,10.);
#1208=VECTOR('',#4342,10.);
#1209=VECTOR('',#4343,10.);
#1210=VECTOR('',#4344,10.);
#1211=VECTOR('',#4345,10.);
#1212=VECTOR('',#4348,10.);
#1213=VECTOR('',#4359,10.);
#1214=VECTOR('',#4362,10.);
#1215=VECTOR('',#4373,2.);
#1216=VECTOR('',#4380,2.);
#1217=VECTOR('',#4387,2.);
#1218=VECTOR('',#4394,2.);
#1219=VECTOR('',#4401,1.6);
#1220=VECTOR('',#4406,1.6);
#1221=VECTOR('',#4411,1.6);
#1222=VECTOR('',#4414,10.);
#1223=VECTOR('',#4415,10.);
#1224=VECTOR('',#4416,10.);
#1225=VECTOR('',#4421,10.);
#1226=VECTOR('',#4424,10.);
#1227=VECTOR('',#4425,10.);
#1228=VECTOR('',#4434,1.6);
#1229=VECTOR('',#4439,1.6);
#1230=VECTOR('',#4444,1.6);
#1231=VECTOR('',#4449,10.);
#1232=VECTOR('',#4452,10.);
#1233=VECTOR('',#4453,10.);
#1234=VECTOR('',#4456,10.);
#1235=VECTOR('',#4457,10.);
#1236=VECTOR('',#4458,10.);
#1237=VECTOR('',#4459,10.);
#1238=VECTOR('',#4466,10.);
#1239=VECTOR('',#4469,10.);
#1240=VECTOR('',#4470,10.);
#1241=VECTOR('',#4485,10.);
#1242=VECTOR('',#4496,10.);
#1243=VECTOR('',#4499,3.);
#1244=VECTOR('',#4502,10.);
#1245=VECTOR('',#4505,10.);
#1246=VECTOR('',#4510,6.);
#1247=VECTOR('',#4521,16.);
#1248=VECTOR('',#4530,18.5);
#1249=VECTOR('',#4537,16.);
#1250=VECTOR('',#4550,3.);
#1251=VECTOR('',#4561,2.);
#1252=VECTOR('',#4564,10.);
#1253=VECTOR('',#4565,10.);
#1254=VECTOR('',#4566,10.);
#1255=VECTOR('',#4567,10.);
#1256=VECTOR('',#4570,10.);
#1257=VECTOR('',#4571,10.);
#1258=VECTOR('',#4572,10.);
#1259=VECTOR('',#4575,10.);
#1260=VECTOR('',#4576,10.);
#1261=VECTOR('',#4577,10.);
#1262=VECTOR('',#4580,10.);
#1263=VECTOR('',#4581,10.);
#1264=VECTOR('',#4582,10.);
#1265=VECTOR('',#4585,10.);
#1266=VECTOR('',#4586,10.);
#1267=VECTOR('',#4587,10.);
#1268=VECTOR('',#4590,10.);
#1269=VECTOR('',#4591,10.);
#1270=VECTOR('',#4598,10.);
#1271=VECTOR('',#4609,10.);
#1272=VECTOR('',#4610,10.);
#1273=VECTOR('',#4611,10.);
#1274=VECTOR('',#4612,10.);
#1275=VECTOR('',#4615,10.);
#1276=VECTOR('',#4616,10.);
#1277=VECTOR('',#4617,10.);
#1278=VECTOR('',#4620,10.);
#1279=VECTOR('',#4621,10.);
#1280=VECTOR('',#4622,10.);
#1281=VECTOR('',#4625,10.);
#1282=VECTOR('',#4626,10.);
#1283=VECTOR('',#4627,10.);
#1284=VECTOR('',#4630,10.);
#1285=VECTOR('',#4631,10.);
#1286=VECTOR('',#4632,10.);
#1287=VECTOR('',#4635,10.);
#1288=VECTOR('',#4636,10.);
#1289=VECTOR('',#4645,10.);
#1290=VECTOR('',#4652,28.8);
#1291=VECTOR('',#4665,42.5);
#1292=VECTOR('',#4706,10.);
#1293=VECTOR('',#4709,10.);
#1294=VECTOR('',#4722,10.);
#1295=VECTOR('',#4723,10.);
#1296=VECTOR('',#4732,10.);
#1297=VECTOR('',#4735,10.);
#1298=VECTOR('',#4738,10.);
#1299=VECTOR('',#4739,10.);
#1300=VECTOR('',#4742,10.);
#1301=VECTOR('',#4743,10.);
#1302=VECTOR('',#4744,10.);
#1303=VECTOR('',#4745,10.);
#1304=VECTOR('',#4746,10.);
#1305=VECTOR('',#4747,10.);
#1306=VECTOR('',#4748,10.);
#1307=VECTOR('',#4749,10.);
#1308=VECTOR('',#4750,10.);
#1309=VECTOR('',#4751,10.);
#1310=VECTOR('',#4752,10.);
#1311=VECTOR('',#4753,10.);
#1312=VECTOR('',#4754,10.);
#1313=VECTOR('',#4755,10.);
#1314=VECTOR('',#4756,10.);
#1315=VECTOR('',#4757,10.);
#1316=VECTOR('',#4758,10.);
#1317=VECTOR('',#4759,10.);
#1318=VECTOR('',#4760,10.);
#1319=VECTOR('',#4761,10.);
#1320=VECTOR('',#4762,10.);
#1321=VECTOR('',#4765,10.);
#1322=VECTOR('',#4768,10.);
#1323=VECTOR('',#4771,10.);
#1324=VECTOR('',#4782,10.);
#1325=VECTOR('',#4785,10.);
#1326=VECTOR('',#4792,10.);
#1327=VECTOR('',#4805,10.);
#1328=VECTOR('',#4812,10.);
#1329=VECTOR('',#4815,10.);
#1330=VECTOR('',#4818,10.);
#1331=VECTOR('',#4819,10.);
#1332=VECTOR('',#4824,10.);
#1333=VECTOR('',#4837,10.);
#1334=VECTOR('',#4844,10.);
#1335=VECTOR('',#4847,10.);
#1336=VECTOR('',#4850,10.);
#1337=VECTOR('',#4851,10.);
#1338=VECTOR('',#4856,10.);
#1339=VECTOR('',#4869,10.);
#1340=VECTOR('',#4876,10.);
#1341=VECTOR('',#4879,10.);
#1342=VECTOR('',#4882,10.);
#1343=VECTOR('',#4883,10.);
#1344=VECTOR('',#4894,1.6);
#1345=VECTOR('',#4907,1.6);
#1346=VECTOR('',#4920,1.6);
#1347=VECTOR('',#4933,1.6);
#1348=VECTOR('',#4938,10.);
#1349=VECTOR('',#4941,10.);
#1350=VECTOR('',#4946,10.);
#1351=VECTOR('',#4949,10.);
#1352=VECTOR('',#4952,10.);
#1353=VECTOR('',#4955,10.);
#1354=VECTOR('',#4958,10.);
#1355=VECTOR('',#4959,10.);
#1356=VECTOR('',#4962,10.);
#1357=VECTOR('',#4963,10.);
#1358=VECTOR('',#4966,10.);
#1359=VECTOR('',#4967,10.);
#1360=VECTOR('',#4968,10.);
#1361=VECTOR('',#4969,10.);
#1362=VECTOR('',#4970,10.);
#1363=VECTOR('',#4971,10.);
#1364=VECTOR('',#4972,10.);
#1365=VECTOR('',#4973,10.);
#1366=VECTOR('',#4978,10.);
#1367=VECTOR('',#4981,10.);
#1368=VECTOR('',#4986,10.);
#1369=VECTOR('',#4991,10.);
#1370=VECTOR('',#4994,10.);
#1371=VECTOR('',#4997,10.);
#1372=VECTOR('',#5000,10.);
#1373=VECTOR('',#5003,10.);
#1374=VECTOR('',#5006,10.);
#1375=VECTOR('',#5009,10.);
#1376=VECTOR('',#5010,10.);
#1377=VECTOR('',#5015,10.);
#1378=VECTOR('',#5016,10.);
#1379=VECTOR('',#5021,10.);
#1380=VECTOR('',#5022,10.);
#1381=VECTOR('',#5025,10.);
#1382=VECTOR('',#5026,10.);
#1383=VECTOR('',#5029,10.);
#1384=VECTOR('',#5032,10.);
#1385=VECTOR('',#5039,10.);
#1386=VECTOR('',#5042,10.);
#1387=VECTOR('',#5047,10.);
#1388=VECTOR('',#5050,10.);
#1389=VECTOR('',#5053,10.);
#1390=VECTOR('',#5056,10.);
#1391=VECTOR('',#5059,10.);
#1392=VECTOR('',#5060,10.);
#1393=VECTOR('',#5063,10.);
#1394=VECTOR('',#5064,10.);
#1395=VECTOR('',#5067,10.);
#1396=VECTOR('',#5072,10.);
#1397=VECTOR('',#5079,10.);
#1398=VECTOR('',#5082,10.);
#1399=VECTOR('',#5085,10.);
#1400=VECTOR('',#5088,10.);
#1401=VECTOR('',#5091,10.);
#1402=VECTOR('',#5094,10.);
#1403=VECTOR('',#5097,10.);
#1404=VECTOR('',#5100,10.);
#1405=VECTOR('',#5103,10.);
#1406=VECTOR('',#5104,10.);
#1407=VECTOR('',#5109,10.);
#1408=VECTOR('',#5110,10.);
#1409=VECTOR('',#5115,10.);
#1410=VECTOR('',#5116,10.);
#1411=VECTOR('',#5119,10.);
#1412=VECTOR('',#5120,10.);
#1413=VECTOR('',#5123,10.);
#1414=VECTOR('',#5124,10.);
#1415=VECTOR('',#5125,10.);
#1416=VECTOR('',#5126,10.);
#1417=VECTOR('',#5127,10.);
#1418=VECTOR('',#5130,10.);
#1419=VECTOR('',#5135,10.);
#1420=VECTOR('',#5140,10.);
#1421=VECTOR('',#5143,10.);
#1422=VECTOR('',#5148,10.);
#1423=VECTOR('',#5151,10.);
#1424=VECTOR('',#5156,10.);
#1425=VECTOR('',#5159,10.);
#1426=VECTOR('',#5164,10.);
#1427=VECTOR('',#5167,10.);
#1428=VECTOR('',#5170,10.);
#1429=VECTOR('',#5177,10.);
#1430=VECTOR('',#5182,10.);
#1431=VECTOR('',#5187,10.);
#1432=VECTOR('',#5196,2.);
#1433=VECTOR('',#5205,2.);
#1434=VECTOR('',#5214,2.);
#1435=VECTOR('',#5223,2.);
#1436=VECTOR('',#5230,10.);
#1437=VECTOR('',#5231,10.);
#1438=VECTOR('',#5232,10.);
#1439=VECTOR('',#5233,10.);
#1440=VECTOR('',#5236,10.);
#1441=VECTOR('',#5237,10.);
#1442=VECTOR('',#5238,10.);
#1443=VECTOR('',#5239,10.);
#1444=VECTOR('',#5242,10.);
#1445=VECTOR('',#5243,10.);
#1446=VECTOR('',#5246,10.);
#1447=VECTOR('',#5249,10.);
#1448=VECTOR('',#5256,10.);
#1449=VECTOR('',#5257,10.);
#1450=VECTOR('',#5258,10.);
#1451=VECTOR('',#5259,10.);
#1452=VECTOR('',#5262,10.);
#1453=VECTOR('',#5263,10.);
#1454=VECTOR('',#5264,10.);
#1455=VECTOR('',#5265,10.);
#1456=VECTOR('',#5268,10.);
#1457=VECTOR('',#5269,10.);
#1458=VECTOR('',#5270,10.);
#1459=VECTOR('',#5273,10.);
#1460=VECTOR('',#5274,10.);
#1461=VECTOR('',#5275,10.);
#1462=VECTOR('',#5280,10.);
#1463=VECTOR('',#5281,10.);
#1464=VECTOR('',#5282,10.);
#1465=VECTOR('',#5285,10.);
#1466=VECTOR('',#5286,10.);
#1467=VECTOR('',#5287,10.);
#1468=VECTOR('',#5292,1.6);
#1469=VECTOR('',#5299,1.6);
#1470=VECTOR('',#5306,1.6);
#1471=VECTOR('',#5313,1.6);
#1472=VECTOR('',#5318,10.);
#1473=VECTOR('',#5319,10.);
#1474=VECTOR('',#5320,10.);
#1475=VECTOR('',#5323,10.);
#1476=VECTOR('',#5324,10.);
#1477=VECTOR('',#5325,10.);
#1478=VECTOR('',#5328,10.);
#1479=VECTOR('',#5329,10.);
#1480=VECTOR('',#5338,10.);
#1481=VECTOR('',#5339,10.);
#1482=VECTOR('',#5340,10.);
#1483=VECTOR('',#5341,10.);
#1484=VECTOR('',#5344,10.);
#1485=VECTOR('',#5345,10.);
#1486=VECTOR('',#5346,10.);
#1487=VECTOR('',#5347,10.);
#1488=VECTOR('',#5350,10.);
#1489=VECTOR('',#5351,10.);
#1490=VECTOR('',#5354,10.);
#1491=VECTOR('',#5357,10.);
#1492=VECTOR('',#5362,10.);
#1493=VECTOR('',#5363,10.);
#1494=VECTOR('',#5364,10.);
#1495=VECTOR('',#5365,10.);
#1496=VECTOR('',#5368,10.);
#1497=VECTOR('',#5369,10.);
#1498=VECTOR('',#5370,10.);
#1499=VECTOR('',#5373,10.);
#1500=VECTOR('',#5374,10.);
#1501=VECTOR('',#5375,10.);
#1502=VECTOR('',#5378,10.);
#1503=VECTOR('',#5379,10.);
#1504=VECTOR('',#5380,10.);
#1505=VECTOR('',#5381,10.);
#1506=VECTOR('',#5384,10.);
#1507=VECTOR('',#5385,10.);
#1508=VECTOR('',#5386,10.);
#1509=VECTOR('',#5389,10.);
#1510=VECTOR('',#5390,10.);
#1511=VECTOR('',#5391,10.);
#1512=VECTOR('',#5394,10.);
#1513=VECTOR('',#5395,10.);
#1514=VECTOR('',#5396,10.);
#1515=VECTOR('',#5397,10.);
#1516=VECTOR('',#5400,10.);
#1517=VECTOR('',#5401,10.);
#1518=VECTOR('',#5402,10.);
#1519=VECTOR('',#5405,10.);
#1520=VECTOR('',#5406,10.);
#1521=VECTOR('',#5407,10.);
#1522=VECTOR('',#5410,10.);
#1523=VECTOR('',#5411,10.);
#1524=VECTOR('',#5412,10.);
#1525=VECTOR('',#5413,10.);
#1526=VECTOR('',#5416,10.);
#1527=VECTOR('',#5417,10.);
#1528=VECTOR('',#5418,10.);
#1529=VECTOR('',#5421,10.);
#1530=VECTOR('',#5422,10.);
#1531=VECTOR('',#5423,10.);
#1532=VECTOR('',#5426,10.);
#1533=VECTOR('',#5427,10.);
#1534=VECTOR('',#5428,10.);
#1535=VECTOR('',#5431,10.);
#1536=VECTOR('',#5432,10.);
#1537=VECTOR('',#5433,10.);
#1538=VECTOR('',#5436,10.);
#1539=VECTOR('',#5437,10.);
#1540=VECTOR('',#5438,10.);
#1541=VECTOR('',#5439,10.);
#1542=VECTOR('',#5440,10.);
#1543=VECTOR('',#5441,10.);
#1544=VECTOR('',#5444,10.);
#1545=VECTOR('',#5445,10.);
#1546=VECTOR('',#5448,10.);
#1547=VECTOR('',#5451,10.);
#1548=VECTOR('',#5452,10.);
#1549=VECTOR('',#5453,10.);
#1550=VECTOR('',#5454,10.);
#1551=VECTOR('',#5461,10.);
#1552=CIRCLE('',#3917,3.);
#1553=CIRCLE('',#3918,3.);
#1554=CIRCLE('',#3921,20.);
#1555=CIRCLE('',#3922,1.6);
#1556=CIRCLE('',#3923,1.6);
#1557=CIRCLE('',#3924,1.6);
#1558=CIRCLE('',#3925,6.50000000000428);
#1559=CIRCLE('',#3926,6.50000000000075);
#1560=CIRCLE('',#3927,1.6);
#1561=CIRCLE('',#3928,1.6);
#1562=CIRCLE('',#3929,1.6);
#1563=CIRCLE('',#3931,2.);
#1564=CIRCLE('',#3932,2.);
#1565=CIRCLE('',#3934,2.);
#1566=CIRCLE('',#3935,2.);
#1567=CIRCLE('',#3937,2.);
#1568=CIRCLE('',#3938,2.);
#1569=CIRCLE('',#3940,2.);
#1570=CIRCLE('',#3941,2.);
#1571=CIRCLE('',#3943,1.6);
#1572=CIRCLE('',#3945,1.6);
#1573=CIRCLE('',#3947,1.6);
#1574=CIRCLE('',#3950,6.50000000000075);
#1575=CIRCLE('',#3953,6.50000000000428);
#1576=CIRCLE('',#3955,1.6);
#1577=CIRCLE('',#3957,1.6);
#1578=CIRCLE('',#3959,1.6);
#1579=CIRCLE('',#3961,20.);
#1580=CIRCLE('',#3965,3.);
#1581=CIRCLE('',#3966,3.);
#1582=CIRCLE('',#3969,2.99999999999998);
#1583=CIRCLE('',#3970,2.99999999999998);
#1584=CIRCLE('',#3975,3.);
#1585=CIRCLE('',#3977,6.);
#1586=CIRCLE('',#3978,3.);
#1587=CIRCLE('',#3980,3.);
#1588=CIRCLE('',#3981,3.);
#1589=CIRCLE('',#3985,6.);
#1590=CIRCLE('',#3987,18.5);
#1591=CIRCLE('',#3989,16.);
#1592=CIRCLE('',#3990,16.);
#1593=CIRCLE('',#3993,18.5);
#1594=CIRCLE('',#3996,16.);
#1595=CIRCLE('',#3997,16.);
#1596=CIRCLE('',#4002,3.);
#1597=CIRCLE('',#4003,3.);
#1598=CIRCLE('',#4005,2.);
#1599=CIRCLE('',#4007,2.);
#1600=CIRCLE('',#4016,10.);
#1601=CIRCLE('',#4017,10.);
#1602=CIRCLE('',#4029,10.);
#1603=CIRCLE('',#4031,10.);
#1604=CIRCLE('',#4033,28.8);
#1605=CIRCLE('',#4034,28.8);
#1606=CIRCLE('',#4037,42.5);
#1607=CIRCLE('',#4039,42.5);
#1608=CIRCLE('',#4059,0.6);
#1609=CIRCLE('',#4060,0.600000000000001);
#1610=CIRCLE('',#4062,0.600000000000001);
#1611=CIRCLE('',#4063,2.6);
#1612=CIRCLE('',#4064,2.);
#1613=CIRCLE('',#4066,0.600000000000001);
#1614=CIRCLE('',#4068,2.6);
#1615=CIRCLE('',#4069,2.);
#1616=CIRCLE('',#4071,2.);
#1617=CIRCLE('',#4074,2.6);
#1618=CIRCLE('',#4075,2.6);
#1619=CIRCLE('',#4076,2.6);
#1620=CIRCLE('',#4077,2.6);
#1621=CIRCLE('',#4078,2.2);
#1622=CIRCLE('',#4079,2.2);
#1623=CIRCLE('',#4080,2.2);
#1624=CIRCLE('',#4081,2.2);
#1625=CIRCLE('',#4082,2.6);
#1626=CIRCLE('',#4083,2.6);
#1627=CIRCLE('',#4085,0.6);
#1628=CIRCLE('',#4086,0.600000000000001);
#1629=CIRCLE('',#4088,0.600000000000001);
#1630=CIRCLE('',#4089,2.);
#1631=CIRCLE('',#4091,0.600000000000001);
#1632=CIRCLE('',#4093,2.);
#1633=CIRCLE('',#4095,2.);
#1634=CIRCLE('',#4098,0.6);
#1635=CIRCLE('',#4099,0.600000000000001);
#1636=CIRCLE('',#4101,0.600000000000001);
#1637=CIRCLE('',#4102,2.);
#1638=CIRCLE('',#4104,0.600000000000001);
#1639=CIRCLE('',#4106,2.);
#1640=CIRCLE('',#4108,2.);
#1641=CIRCLE('',#4111,0.6);
#1642=CIRCLE('',#4112,0.600000000000001);
#1643=CIRCLE('',#4114,0.600000000000001);
#1644=CIRCLE('',#4115,2.);
#1645=CIRCLE('',#4117,0.600000000000001);
#1646=CIRCLE('',#4119,2.);
#1647=CIRCLE('',#4121,2.);
#1648=CIRCLE('',#4124,0.6);
#1649=CIRCLE('',#4125,1.6);
#1650=CIRCLE('',#4126,1.6);
#1651=CIRCLE('',#4128,1.6);
#1652=CIRCLE('',#4130,0.6);
#1653=CIRCLE('',#4131,1.6);
#1654=CIRCLE('',#4132,1.6);
#1655=CIRCLE('',#4134,1.6);
#1656=CIRCLE('',#4136,0.6);
#1657=CIRCLE('',#4137,1.6);
#1658=CIRCLE('',#4138,1.6);
#1659=CIRCLE('',#4140,1.6);
#1660=CIRCLE('',#4142,0.6);
#1661=CIRCLE('',#4143,1.6);
#1662=CIRCLE('',#4144,1.6);
#1663=CIRCLE('',#4146,1.6);
#1664=CIRCLE('',#4211,2.);
#1665=CIRCLE('',#4214,2.);
#1666=CIRCLE('',#4217,2.);
#1667=CIRCLE('',#4220,2.);
#1668=CIRCLE('',#4234,2.);
#1669=CIRCLE('',#4235,2.);
#1670=CIRCLE('',#4238,2.);
#1671=CIRCLE('',#4239,2.);
#1672=CIRCLE('',#4242,2.);
#1673=CIRCLE('',#4243,2.);
#1674=CIRCLE('',#4246,2.);
#1675=CIRCLE('',#4247,2.);
#1676=CIRCLE('',#4264,1.6);
#1677=CIRCLE('',#4265,1.6);
#1678=CIRCLE('',#4267,1.6);
#1679=CIRCLE('',#4268,1.6);
#1680=CIRCLE('',#4270,1.6);
#1681=CIRCLE('',#4271,1.6);
#1682=CIRCLE('',#4273,1.6);
#1683=CIRCLE('',#4274,1.6);
#1684=VERTEX_POINT('',#5489);
#1685=VERTEX_POINT('',#5490);
#1686=VERTEX_POINT('',#5492);
#1687=VERTEX_POINT('',#5494);
#1688=VERTEX_POINT('',#5498);
#1689=VERTEX_POINT('',#5500);
#1690=VERTEX_POINT('',#5502);
#1691=VERTEX_POINT('',#5504);
#1692=VERTEX_POINT('',#5506);
#1693=VERTEX_POINT('',#5510);
#1694=VERTEX_POINT('',#5513);
#1695=VERTEX_POINT('',#5515);
#1696=VERTEX_POINT('',#5517);
#1697=VERTEX_POINT('',#5519);
#1698=VERTEX_POINT('',#5520);
#1699=VERTEX_POINT('',#5522);
#1700=VERTEX_POINT('',#5524);
#1701=VERTEX_POINT('',#5527);
#1702=VERTEX_POINT('',#5529);
#1703=VERTEX_POINT('',#5531);
#1704=VERTEX_POINT('',#5534);
#1705=VERTEX_POINT('',#5536);
#1706=VERTEX_POINT('',#5540);
#1707=VERTEX_POINT('',#5542);
#1708=VERTEX_POINT('',#5546);
#1709=VERTEX_POINT('',#5548);
#1710=VERTEX_POINT('',#5552);
#1711=VERTEX_POINT('',#5554);
#1712=VERTEX_POINT('',#5558);
#1713=VERTEX_POINT('',#5562);
#1714=VERTEX_POINT('',#5566);
#1715=VERTEX_POINT('',#5570);
#1716=VERTEX_POINT('',#5571);
#1717=VERTEX_POINT('',#5576);
#1718=VERTEX_POINT('',#5580);
#1719=VERTEX_POINT('',#5586);
#1720=VERTEX_POINT('',#5590);
#1721=VERTEX_POINT('',#5594);
#1722=VERTEX_POINT('',#5598);
#1723=VERTEX_POINT('',#5602);
#1724=VERTEX_POINT('',#5606);
#1725=VERTEX_POINT('',#5607);
#1726=VERTEX_POINT('',#5609);
#1727=VERTEX_POINT('',#5611);
#1728=VERTEX_POINT('',#5615);
#1729=VERTEX_POINT('',#5617);
#1730=VERTEX_POINT('',#5630);
#1731=VERTEX_POINT('',#5631);
#1732=VERTEX_POINT('',#5635);
#1733=VERTEX_POINT('',#5637);
#1734=VERTEX_POINT('',#5640);
#1735=VERTEX_POINT('',#5642);
#1736=VERTEX_POINT('',#5645);
#1737=VERTEX_POINT('',#5652);
#1738=VERTEX_POINT('',#5656);
#1739=VERTEX_POINT('',#5659);
#1740=VERTEX_POINT('',#5661);
#1741=VERTEX_POINT('',#5666);
#1742=VERTEX_POINT('',#5671);
#1743=VERTEX_POINT('',#5673);
#1744=VERTEX_POINT('',#5680);
#1745=VERTEX_POINT('',#5682);
#1746=VERTEX_POINT('',#5686);
#1747=VERTEX_POINT('',#5689);
#1748=VERTEX_POINT('',#5693);
#1749=VERTEX_POINT('',#5694);
#1750=VERTEX_POINT('',#5696);
#1751=VERTEX_POINT('',#5698);
#1752=VERTEX_POINT('',#5702);
#1753=VERTEX_POINT('',#5704);
#1754=VERTEX_POINT('',#5708);
#1755=VERTEX_POINT('',#5710);
#1756=VERTEX_POINT('',#5714);
#1757=VERTEX_POINT('',#5716);
#1758=VERTEX_POINT('',#5720);
#1759=VERTEX_POINT('',#5722);
#1760=VERTEX_POINT('',#5730);
#1761=VERTEX_POINT('',#5732);
#1762=VERTEX_POINT('',#5739);
#1763=VERTEX_POINT('',#5740);
#1764=VERTEX_POINT('',#5742);
#1765=VERTEX_POINT('',#5744);
#1766=VERTEX_POINT('',#5748);
#1767=VERTEX_POINT('',#5750);
#1768=VERTEX_POINT('',#5754);
#1769=VERTEX_POINT('',#5756);
#1770=VERTEX_POINT('',#5760);
#1771=VERTEX_POINT('',#5762);
#1772=VERTEX_POINT('',#5766);
#1773=VERTEX_POINT('',#5768);
#1774=VERTEX_POINT('',#5776);
#1775=VERTEX_POINT('',#5779);
#1776=VERTEX_POINT('',#5783);
#1777=VERTEX_POINT('',#5785);
#1778=VERTEX_POINT('',#5790);
#1779=VERTEX_POINT('',#5793);
#1780=VERTEX_POINT('',#5815);
#1781=VERTEX_POINT('',#5816);
#1782=VERTEX_POINT('',#5818);
#1783=VERTEX_POINT('',#5820);
#1784=VERTEX_POINT('',#5824);
#1785=VERTEX_POINT('',#5825);
#1786=VERTEX_POINT('',#5830);
#1787=VERTEX_POINT('',#5831);
#1788=VERTEX_POINT('',#5839);
#1789=VERTEX_POINT('',#5841);
#1790=VERTEX_POINT('',#5845);
#1791=VERTEX_POINT('',#5849);
#1792=VERTEX_POINT('',#5850);
#1793=VERTEX_POINT('',#5852);
#1794=VERTEX_POINT('',#5854);
#1795=VERTEX_POINT('',#5856);
#1796=VERTEX_POINT('',#5858);
#1797=VERTEX_POINT('',#5860);
#1798=VERTEX_POINT('',#5862);
#1799=VERTEX_POINT('',#5864);
#1800=VERTEX_POINT('',#5866);
#1801=VERTEX_POINT('',#5868);
#1802=VERTEX_POINT('',#5870);
#1803=VERTEX_POINT('',#5872);
#1804=VERTEX_POINT('',#5874);
#1805=VERTEX_POINT('',#5876);
#1806=VERTEX_POINT('',#5878);
#1807=VERTEX_POINT('',#5880);
#1808=VERTEX_POINT('',#5882);
#1809=VERTEX_POINT('',#5884);
#1810=VERTEX_POINT('',#5886);
#1811=VERTEX_POINT('',#5889);
#1812=VERTEX_POINT('',#5890);
#1813=VERTEX_POINT('',#5892);
#1814=VERTEX_POINT('',#5894);
#1815=VERTEX_POINT('',#5897);
#1816=VERTEX_POINT('',#5898);
#1817=VERTEX_POINT('',#5900);
#1818=VERTEX_POINT('',#5902);
#1819=VERTEX_POINT('',#5905);
#1820=VERTEX_POINT('',#5907);
#1821=VERTEX_POINT('',#5909);
#1822=VERTEX_POINT('',#5911);
#1823=VERTEX_POINT('',#5913);
#1824=VERTEX_POINT('',#5914);
#1825=VERTEX_POINT('',#5916);
#1826=VERTEX_POINT('',#5918);
#1827=VERTEX_POINT('',#5922);
#1828=VERTEX_POINT('',#5924);
#1829=VERTEX_POINT('',#5928);
#1830=VERTEX_POINT('',#5932);
#1831=VERTEX_POINT('',#5938);
#1832=VERTEX_POINT('',#5940);
#1833=VERTEX_POINT('',#5944);
#1834=VERTEX_POINT('',#5948);
#1835=VERTEX_POINT('',#5950);
#1836=VERTEX_POINT('',#5954);
#1837=VERTEX_POINT('',#5958);
#1838=VERTEX_POINT('',#5964);
#1839=VERTEX_POINT('',#5966);
#1840=VERTEX_POINT('',#5970);
#1841=VERTEX_POINT('',#5974);
#1842=VERTEX_POINT('',#5976);
#1843=VERTEX_POINT('',#5980);
#1844=VERTEX_POINT('',#5984);
#1845=VERTEX_POINT('',#5990);
#1846=VERTEX_POINT('',#5992);
#1847=VERTEX_POINT('',#5996);
#1848=VERTEX_POINT('',#6000);
#1849=VERTEX_POINT('',#6002);
#1850=VERTEX_POINT('',#6006);
#1851=VERTEX_POINT('',#6010);
#1852=VERTEX_POINT('',#6012);
#1853=VERTEX_POINT('',#6016);
#1854=VERTEX_POINT('',#6020);
#1855=VERTEX_POINT('',#6022);
#1856=VERTEX_POINT('',#6026);
#1857=VERTEX_POINT('',#6030);
#1858=VERTEX_POINT('',#6032);
#1859=VERTEX_POINT('',#6036);
#1860=VERTEX_POINT('',#6040);
#1861=VERTEX_POINT('',#6041);
#1862=VERTEX_POINT('',#6043);
#1863=VERTEX_POINT('',#6045);
#1864=VERTEX_POINT('',#6049);
#1865=VERTEX_POINT('',#6051);
#1866=VERTEX_POINT('',#6055);
#1867=VERTEX_POINT('',#6057);
#1868=VERTEX_POINT('',#6068);
#1869=VERTEX_POINT('',#6070);
#1870=VERTEX_POINT('',#6072);
#1871=VERTEX_POINT('',#6074);
#1872=VERTEX_POINT('',#6076);
#1873=VERTEX_POINT('',#6078);
#1874=VERTEX_POINT('',#6083);
#1875=VERTEX_POINT('',#6084);
#1876=VERTEX_POINT('',#6087);
#1877=VERTEX_POINT('',#6091);
#1878=VERTEX_POINT('',#6095);
#1879=VERTEX_POINT('',#6097);
#1880=VERTEX_POINT('',#6101);
#1881=VERTEX_POINT('',#6103);
#1882=VERTEX_POINT('',#6107);
#1883=VERTEX_POINT('',#6109);
#1884=VERTEX_POINT('',#6113);
#1885=VERTEX_POINT('',#6115);
#1886=VERTEX_POINT('',#6119);
#1887=VERTEX_POINT('',#6121);
#1888=VERTEX_POINT('',#6137);
#1889=VERTEX_POINT('',#6138);
#1890=VERTEX_POINT('',#6140);
#1891=VERTEX_POINT('',#6142);
#1892=VERTEX_POINT('',#6146);
#1893=VERTEX_POINT('',#6148);
#1894=VERTEX_POINT('',#6152);
#1895=VERTEX_POINT('',#6154);
#1896=VERTEX_POINT('',#6167);
#1897=VERTEX_POINT('',#6168);
#1898=VERTEX_POINT('',#6173);
#1899=VERTEX_POINT('',#6175);
#1900=VERTEX_POINT('',#6179);
#1901=VERTEX_POINT('',#6181);
#1902=VERTEX_POINT('',#6185);
#1903=VERTEX_POINT('',#6187);
#1904=VERTEX_POINT('',#6191);
#1905=VERTEX_POINT('',#6193);
#1906=VERTEX_POINT('',#6197);
#1907=VERTEX_POINT('',#6199);
#1908=VERTEX_POINT('',#6203);
#1909=VERTEX_POINT('',#6205);
#1910=VERTEX_POINT('',#6217);
#1911=VERTEX_POINT('',#6219);
#1912=VERTEX_POINT('',#6226);
#1913=VERTEX_POINT('',#6232);
#1914=VERTEX_POINT('',#6238);
#1915=VERTEX_POINT('',#6244);
#1916=VERTEX_POINT('',#6266);
#1917=VERTEX_POINT('',#6268);
#1918=VERTEX_POINT('',#6273);
#1919=VERTEX_POINT('',#6275);
#1920=VERTEX_POINT('',#6280);
#1921=VERTEX_POINT('',#6282);
#1922=VERTEX_POINT('',#6287);
#1923=VERTEX_POINT('',#6289);
#1924=VERTEX_POINT('',#6294);
#1925=VERTEX_POINT('',#6295);
#1926=VERTEX_POINT('',#6297);
#1927=VERTEX_POINT('',#6299);
#1928=VERTEX_POINT('',#6303);
#1929=VERTEX_POINT('',#6304);
#1930=VERTEX_POINT('',#6306);
#1931=VERTEX_POINT('',#6308);
#1932=VERTEX_POINT('',#6321);
#1933=VERTEX_POINT('',#6322);
#1934=VERTEX_POINT('',#6324);
#1935=VERTEX_POINT('',#6326);
#1936=VERTEX_POINT('',#6330);
#1937=VERTEX_POINT('',#6331);
#1938=VERTEX_POINT('',#6334);
#1939=VERTEX_POINT('',#6338);
#1940=VERTEX_POINT('',#6340);
#1941=VERTEX_POINT('',#6344);
#1942=VERTEX_POINT('',#6350);
#1943=VERTEX_POINT('',#6352);
#1944=VERTEX_POINT('',#6356);
#1945=VERTEX_POINT('',#6358);
#1946=VERTEX_POINT('',#6362);
#1947=VERTEX_POINT('',#6364);
#1948=VERTEX_POINT('',#6368);
#1949=VERTEX_POINT('',#6370);
#1950=VERTEX_POINT('',#6374);
#1951=VERTEX_POINT('',#6376);
#1952=VERTEX_POINT('',#6380);
#1953=VERTEX_POINT('',#6382);
#1954=VERTEX_POINT('',#6386);
#1955=VERTEX_POINT('',#6388);
#1956=VERTEX_POINT('',#6392);
#1957=VERTEX_POINT('',#6394);
#1958=VERTEX_POINT('',#6404);
#1959=VERTEX_POINT('',#6405);
#1960=VERTEX_POINT('',#6407);
#1961=VERTEX_POINT('',#6409);
#1962=VERTEX_POINT('',#6413);
#1963=VERTEX_POINT('',#6414);
#1964=VERTEX_POINT('',#6416);
#1965=VERTEX_POINT('',#6418);
#1966=VERTEX_POINT('',#6430);
#1967=VERTEX_POINT('',#6431);
#1968=VERTEX_POINT('',#6433);
#1969=VERTEX_POINT('',#6435);
#1970=VERTEX_POINT('',#6439);
#1971=VERTEX_POINT('',#6441);
#1972=VERTEX_POINT('',#6445);
#1973=VERTEX_POINT('',#6447);
#1974=VERTEX_POINT('',#6451);
#1975=VERTEX_POINT('',#6452);
#1976=VERTEX_POINT('',#6454);
#1977=VERTEX_POINT('',#6456);
#1978=VERTEX_POINT('',#6460);
#1979=VERTEX_POINT('',#6462);
#1980=VERTEX_POINT('',#6466);
#1981=VERTEX_POINT('',#6468);
#1982=VERTEX_POINT('',#6472);
#1983=VERTEX_POINT('',#6473);
#1984=VERTEX_POINT('',#6475);
#1985=VERTEX_POINT('',#6477);
#1986=VERTEX_POINT('',#6481);
#1987=VERTEX_POINT('',#6483);
#1988=VERTEX_POINT('',#6487);
#1989=VERTEX_POINT('',#6489);
#1990=VERTEX_POINT('',#6493);
#1991=VERTEX_POINT('',#6494);
#1992=VERTEX_POINT('',#6496);
#1993=VERTEX_POINT('',#6498);
#1994=VERTEX_POINT('',#6502);
#1995=VERTEX_POINT('',#6504);
#1996=VERTEX_POINT('',#6508);
#1997=VERTEX_POINT('',#6510);
#1998=VERTEX_POINT('',#6514);
#1999=VERTEX_POINT('',#6516);
#2000=VERTEX_POINT('',#6520);
#2001=VERTEX_POINT('',#6522);
#2002=VERTEX_POINT('',#6526);
#2003=VERTEX_POINT('',#6530);
#2004=VERTEX_POINT('',#6535);
#2005=VERTEX_POINT('',#6543);
#2006=EDGE_CURVE('',#1684,#1685,#1552,.T.);
#2007=EDGE_CURVE('',#1685,#1686,#856,.T.);
#2008=EDGE_CURVE('',#1686,#1687,#1553,.T.);
#2009=EDGE_CURVE('',#1687,#1684,#857,.T.);
#2010=EDGE_CURVE('',#1688,#1686,#858,.T.);
#2011=EDGE_CURVE('',#1689,#1688,#859,.T.);
#2012=EDGE_CURVE('',#1690,#1689,#860,.T.);
#2013=EDGE_CURVE('',#1691,#1690,#861,.T.);
#2014=EDGE_CURVE('',#1692,#1691,#862,.T.);
#2015=EDGE_CURVE('',#1692,#1687,#863,.T.);
#2016=EDGE_CURVE('',#1685,#1693,#864,.T.);
#2017=EDGE_CURVE('',#1693,#1688,#1554,.T.);
#2018=EDGE_CURVE('',#1694,#1694,#1555,.T.);
#2019=EDGE_CURVE('',#1695,#1695,#1556,.T.);
#2020=EDGE_CURVE('',#1696,#1696,#1557,.T.);
#2021=EDGE_CURVE('',#1697,#1698,#1558,.T.);
#2022=EDGE_CURVE('',#1698,#1699,#865,.T.);
#2023=EDGE_CURVE('',#1699,#1700,#1559,.T.);
#2024=EDGE_CURVE('',#1700,#1697,#866,.T.);
#2025=EDGE_CURVE('',#1701,#1701,#1560,.T.);
#2026=EDGE_CURVE('',#1702,#1702,#1561,.T.);
#2027=EDGE_CURVE('',#1703,#1703,#1562,.T.);
#2028=EDGE_CURVE('',#1704,#1704,#1563,.T.);
#2029=EDGE_CURVE('',#1704,#1705,#867,.T.);
#2030=EDGE_CURVE('',#1705,#1705,#1564,.T.);
#2031=EDGE_CURVE('',#1706,#1706,#1565,.T.);
#2032=EDGE_CURVE('',#1706,#1707,#868,.T.);
#2033=EDGE_CURVE('',#1707,#1707,#1566,.T.);
#2034=EDGE_CURVE('',#1708,#1708,#1567,.T.);
#2035=EDGE_CURVE('',#1708,#1709,#869,.T.);
#2036=EDGE_CURVE('',#1709,#1709,#1568,.T.);
#2037=EDGE_CURVE('',#1710,#1710,#1569,.T.);
#2038=EDGE_CURVE('',#1710,#1711,#870,.T.);
#2039=EDGE_CURVE('',#1711,#1711,#1570,.T.);
#2040=EDGE_CURVE('',#1712,#1712,#1571,.T.);
#2041=EDGE_CURVE('',#1712,#1694,#871,.T.);
#2042=EDGE_CURVE('',#1713,#1713,#1572,.T.);
#2043=EDGE_CURVE('',#1713,#1695,#872,.T.);
#2044=EDGE_CURVE('',#1714,#1714,#1573,.T.);
#2045=EDGE_CURVE('',#1714,#1696,#873,.T.);
#2046=EDGE_CURVE('',#1715,#1716,#874,.T.);
#2047=EDGE_CURVE('',#1715,#1697,#875,.T.);
#2048=EDGE_CURVE('',#1716,#1700,#876,.T.);
#2049=EDGE_CURVE('',#1716,#1717,#1574,.T.);
#2050=EDGE_CURVE('',#1717,#1699,#877,.T.);
#2051=EDGE_CURVE('',#1717,#1718,#878,.T.);
#2052=EDGE_CURVE('',#1718,#1698,#879,.T.);
#2053=EDGE_CURVE('',#1718,#1715,#1575,.T.);
#2054=EDGE_CURVE('',#1719,#1719,#1576,.T.);
#2055=EDGE_CURVE('',#1719,#1701,#880,.T.);
#2056=EDGE_CURVE('',#1720,#1720,#1577,.T.);
#2057=EDGE_CURVE('',#1720,#1702,#881,.T.);
#2058=EDGE_CURVE('',#1721,#1721,#1578,.T.);
#2059=EDGE_CURVE('',#1721,#1703,#882,.T.);
#2060=EDGE_CURVE('',#1689,#1722,#1579,.T.);
#2061=EDGE_CURVE('',#1722,#1693,#883,.T.);
#2062=EDGE_CURVE('',#1690,#1723,#884,.T.);
#2063=EDGE_CURVE('',#1722,#1723,#885,.T.);
#2064=EDGE_CURVE('',#1724,#1725,#886,.T.);
#2065=EDGE_CURVE('',#1725,#1726,#887,.T.);
#2066=EDGE_CURVE('',#1727,#1726,#888,.T.);
#2067=EDGE_CURVE('',#1724,#1727,#889,.T.);
#2068=EDGE_CURVE('',#1728,#1724,#1580,.T.);
#2069=EDGE_CURVE('',#1729,#1727,#1581,.T.);
#2070=EDGE_CURVE('',#1728,#1729,#890,.T.);
#2071=EDGE_CURVE('',#1728,#1684,#891,.T.);
#2072=EDGE_CURVE('',#1723,#1729,#892,.T.);
#2073=EDGE_CURVE('',#1725,#1692,#1582,.T.);
#2074=EDGE_CURVE('',#1726,#1691,#1583,.T.);
#2075=EDGE_CURVE('',#1730,#1731,#893,.T.);
#2076=EDGE_CURVE('',#1730,#1731,#1584,.T.);
#2077=EDGE_CURVE('',#1732,#1732,#1585,.T.);
#2078=EDGE_CURVE('',#1733,#1733,#1586,.T.);
#2079=EDGE_CURVE('',#1730,#1734,#894,.T.);
#2080=EDGE_CURVE('',#1735,#1734,#1587,.T.);
#2081=EDGE_CURVE('',#1735,#1733,#895,.T.);
#2082=EDGE_CURVE('',#1736,#1735,#1588,.T.);
#2083=EDGE_CURVE('',#1731,#1736,#896,.T.);
#2084=EDGE_CURVE('',#1734,#1736,#897,.T.);
#2085=EDGE_CURVE('',#1732,#1737,#898,.T.);
#2086=EDGE_CURVE('',#1737,#1737,#1589,.T.);
#2087=EDGE_CURVE('',#1738,#1738,#1590,.T.);
#2088=EDGE_CURVE('',#1739,#1739,#1591,.T.);
#2089=EDGE_CURVE('',#1739,#1740,#899,.T.);
#2090=EDGE_CURVE('',#1740,#1740,#1592,.T.);
#2091=EDGE_CURVE('',#1741,#1741,#1593,.T.);
#2092=EDGE_CURVE('',#1741,#1738,#900,.T.);
#2093=EDGE_CURVE('',#1742,#1742,#1594,.T.);
#2094=EDGE_CURVE('',#1742,#1743,#901,.T.);
#2095=EDGE_CURVE('',#1743,#1743,#1595,.T.);
#2096=EDGE_CURVE('',#1744,#1744,#1596,.T.);
#2097=EDGE_CURVE('',#1744,#1745,#902,.T.);
#2098=EDGE_CURVE('',#1745,#1745,#1597,.T.);
#2099=EDGE_CURVE('',#1746,#1746,#1598,.T.);
#2100=EDGE_CURVE('',#1747,#1747,#1599,.T.);
#2101=EDGE_CURVE('',#1747,#1746,#903,.T.);
#2102=EDGE_CURVE('',#1748,#1749,#904,.T.);
#2103=EDGE_CURVE('',#1748,#1750,#905,.T.);
#2104=EDGE_CURVE('',#1751,#1750,#906,.T.);
#2105=EDGE_CURVE('',#1749,#1751,#907,.T.);
#2106=EDGE_CURVE('',#1749,#1752,#908,.T.);
#2107=EDGE_CURVE('',#1753,#1751,#909,.T.);
#2108=EDGE_CURVE('',#1752,#1753,#910,.T.);
#2109=EDGE_CURVE('',#1752,#1754,#911,.T.);
#2110=EDGE_CURVE('',#1755,#1753,#912,.T.);
#2111=EDGE_CURVE('',#1754,#1755,#913,.T.);
#2112=EDGE_CURVE('',#1754,#1756,#914,.T.);
#2113=EDGE_CURVE('',#1757,#1755,#915,.T.);
#2114=EDGE_CURVE('',#1756,#1757,#916,.T.);
#2115=EDGE_CURVE('',#1756,#1758,#917,.T.);
#2116=EDGE_CURVE('',#1759,#1757,#918,.T.);
#2117=EDGE_CURVE('',#1758,#1759,#919,.T.);
#2118=EDGE_CURVE('',#1758,#1748,#920,.T.);
#2119=EDGE_CURVE('',#1750,#1759,#921,.T.);
#2120=EDGE_CURVE('',#1760,#1760,#1600,.T.);
#2121=EDGE_CURVE('',#1760,#1761,#922,.T.);
#2122=EDGE_CURVE('',#1761,#1761,#1601,.T.);
#2123=EDGE_CURVE('',#1762,#1763,#923,.T.);
#2124=EDGE_CURVE('',#1762,#1764,#924,.T.);
#2125=EDGE_CURVE('',#1764,#1765,#925,.T.);
#2126=EDGE_CURVE('',#1763,#1765,#926,.T.);
#2127=EDGE_CURVE('',#1763,#1766,#927,.T.);
#2128=EDGE_CURVE('',#1765,#1767,#928,.T.);
#2129=EDGE_CURVE('',#1766,#1767,#929,.T.);
#2130=EDGE_CURVE('',#1766,#1768,#930,.T.);
#2131=EDGE_CURVE('',#1767,#1769,#931,.T.);
#2132=EDGE_CURVE('',#1768,#1769,#932,.T.);
#2133=EDGE_CURVE('',#1768,#1770,#933,.T.);
#2134=EDGE_CURVE('',#1769,#1771,#934,.T.);
#2135=EDGE_CURVE('',#1770,#1771,#935,.T.);
#2136=EDGE_CURVE('',#1772,#1762,#936,.T.);
#2137=EDGE_CURVE('',#1772,#1773,#937,.T.);
#2138=EDGE_CURVE('',#1773,#1764,#938,.T.);
#2139=EDGE_CURVE('',#1770,#1772,#939,.T.);
#2140=EDGE_CURVE('',#1771,#1773,#940,.T.);
#2141=EDGE_CURVE('',#1774,#1774,#1602,.T.);
#2142=EDGE_CURVE('',#1774,#1775,#941,.T.);
#2143=EDGE_CURVE('',#1775,#1775,#1603,.T.);
#2144=EDGE_CURVE('',#1776,#1776,#1604,.T.);
#2145=EDGE_CURVE('',#1776,#1777,#942,.T.);
#2146=EDGE_CURVE('',#1777,#1777,#1605,.T.);
#2147=EDGE_CURVE('',#1778,#1778,#1606,.T.);
#2148=EDGE_CURVE('',#1779,#1779,#1607,.T.);
#2149=EDGE_CURVE('',#1779,#1778,#943,.T.);
#2150=EDGE_CURVE('',#1780,#1781,#1608,.T.);
#2151=EDGE_CURVE('',#1781,#1782,#944,.T.);
#2152=EDGE_CURVE('',#1782,#1783,#1609,.T.);
#2153=EDGE_CURVE('',#1783,#1780,#945,.T.);
#2154=EDGE_CURVE('',#1784,#1785,#1610,.T.);
#2155=EDGE_CURVE('',#1785,#1783,#1611,.T.);
#2156=EDGE_CURVE('',#1782,#1784,#1612,.T.);
#2157=EDGE_CURVE('',#1786,#1787,#1613,.T.);
#2158=EDGE_CURVE('',#1787,#1785,#946,.T.);
#2159=EDGE_CURVE('',#1784,#1786,#947,.T.);
#2160=EDGE_CURVE('',#1780,#1787,#1614,.T.);
#2161=EDGE_CURVE('',#1786,#1781,#1615,.T.);
#2162=EDGE_CURVE('',#1782,#1788,#948,.T.);
#2163=EDGE_CURVE('',#1789,#1788,#1616,.T.);
#2164=EDGE_CURVE('',#1784,#1789,#949,.T.);
#2165=EDGE_CURVE('',#1781,#1790,#950,.T.);
#2166=EDGE_CURVE('',#1788,#1790,#951,.T.);
#2167=EDGE_CURVE('',#1791,#1792,#952,.T.);
#2168=EDGE_CURVE('',#1792,#1793,#953,.T.);
#2169=EDGE_CURVE('',#1793,#1794,#954,.T.);
#2170=EDGE_CURVE('',#1794,#1795,#955,.T.);
#2171=EDGE_CURVE('',#1795,#1796,#956,.T.);
#2172=EDGE_CURVE('',#1796,#1797,#957,.T.);
#2173=EDGE_CURVE('',#1797,#1798,#958,.T.);
#2174=EDGE_CURVE('',#1798,#1799,#959,.T.);
#2175=EDGE_CURVE('',#1799,#1800,#960,.T.);
#2176=EDGE_CURVE('',#1800,#1801,#961,.T.);
#2177=EDGE_CURVE('',#1801,#1802,#962,.T.);
#2178=EDGE_CURVE('',#1802,#1803,#963,.T.);
#2179=EDGE_CURVE('',#1803,#1804,#964,.T.);
#2180=EDGE_CURVE('',#1804,#1805,#965,.T.);
#2181=EDGE_CURVE('',#1805,#1806,#966,.T.);
#2182=EDGE_CURVE('',#1806,#1807,#967,.T.);
#2183=EDGE_CURVE('',#1807,#1808,#968,.T.);
#2184=EDGE_CURVE('',#1808,#1809,#969,.T.);
#2185=EDGE_CURVE('',#1809,#1810,#970,.T.);
#2186=EDGE_CURVE('',#1810,#1791,#971,.T.);
#2187=EDGE_CURVE('',#1811,#1812,#972,.T.);
#2188=EDGE_CURVE('',#1813,#1811,#1617,.T.);
#2189=EDGE_CURVE('',#1814,#1813,#973,.T.);
#2190=EDGE_CURVE('',#1812,#1814,#1618,.T.);
#2191=EDGE_CURVE('',#1815,#1816,#974,.T.);
#2192=EDGE_CURVE('',#1817,#1815,#1619,.T.);
#2193=EDGE_CURVE('',#1818,#1817,#975,.T.);
#2194=EDGE_CURVE('',#1816,#1818,#1620,.T.);
#2195=EDGE_CURVE('',#1819,#1819,#1621,.T.);
#2196=EDGE_CURVE('',#1820,#1820,#1622,.T.);
#2197=EDGE_CURVE('',#1821,#1821,#1623,.T.);
#2198=EDGE_CURVE('',#1822,#1822,#1624,.T.);
#2199=EDGE_CURVE('',#1823,#1824,#976,.T.);
#2200=EDGE_CURVE('',#1825,#1823,#1625,.T.);
#2201=EDGE_CURVE('',#1826,#1825,#977,.T.);
#2202=EDGE_CURVE('',#1824,#1826,#1626,.T.);
#2203=EDGE_CURVE('',#1812,#1827,#1627,.T.);
#2204=EDGE_CURVE('',#1827,#1828,#978,.T.);
#2205=EDGE_CURVE('',#1828,#1811,#1628,.T.);
#2206=EDGE_CURVE('',#1829,#1813,#1629,.T.);
#2207=EDGE_CURVE('',#1828,#1829,#1630,.T.);
#2208=EDGE_CURVE('',#1830,#1814,#1631,.T.);
#2209=EDGE_CURVE('',#1829,#1830,#979,.T.);
#2210=EDGE_CURVE('',#1830,#1827,#1632,.T.);
#2211=EDGE_CURVE('',#1828,#1831,#980,.T.);
#2212=EDGE_CURVE('',#1832,#1831,#1633,.T.);
#2213=EDGE_CURVE('',#1829,#1832,#981,.T.);
#2214=EDGE_CURVE('',#1827,#1833,#982,.T.);
#2215=EDGE_CURVE('',#1831,#1833,#983,.T.);
#2216=EDGE_CURVE('',#1824,#1834,#1634,.T.);
#2217=EDGE_CURVE('',#1834,#1835,#984,.T.);
#2218=EDGE_CURVE('',#1835,#1823,#1635,.T.);
#2219=EDGE_CURVE('',#1836,#1825,#1636,.T.);
#2220=EDGE_CURVE('',#1835,#1836,#1637,.T.);
#2221=EDGE_CURVE('',#1837,#1826,#1638,.T.);
#2222=EDGE_CURVE('',#1836,#1837,#985,.T.);
#2223=EDGE_CURVE('',#1837,#1834,#1639,.T.);
#2224=EDGE_CURVE('',#1835,#1838,#986,.T.);
#2225=EDGE_CURVE('',#1839,#1838,#1640,.T.);
#2226=EDGE_CURVE('',#1836,#1839,#987,.T.);
#2227=EDGE_CURVE('',#1834,#1840,#988,.T.);
#2228=EDGE_CURVE('',#1838,#1840,#989,.T.);
#2229=EDGE_CURVE('',#1816,#1841,#1641,.T.);
#2230=EDGE_CURVE('',#1841,#1842,#990,.T.);
#2231=EDGE_CURVE('',#1842,#1815,#1642,.T.);
#2232=EDGE_CURVE('',#1843,#1817,#1643,.T.);
#2233=EDGE_CURVE('',#1842,#1843,#1644,.T.);
#2234=EDGE_CURVE('',#1844,#1818,#1645,.T.);
#2235=EDGE_CURVE('',#1843,#1844,#991,.T.);
#2236=EDGE_CURVE('',#1844,#1841,#1646,.T.);
#2237=EDGE_CURVE('',#1842,#1845,#992,.T.);
#2238=EDGE_CURVE('',#1846,#1845,#1647,.T.);
#2239=EDGE_CURVE('',#1843,#1846,#993,.T.);
#2240=EDGE_CURVE('',#1841,#1847,#994,.T.);
#2241=EDGE_CURVE('',#1845,#1847,#995,.T.);
#2242=EDGE_CURVE('',#1822,#1848,#1648,.T.);
#2243=EDGE_CURVE('',#1848,#1849,#1649,.T.);
#2244=EDGE_CURVE('',#1849,#1848,#1650,.T.);
#2245=EDGE_CURVE('',#1849,#1850,#996,.T.);
#2246=EDGE_CURVE('',#1850,#1850,#1651,.T.);
#2247=EDGE_CURVE('',#1819,#1851,#1652,.T.);
#2248=EDGE_CURVE('',#1851,#1852,#1653,.T.);
#2249=EDGE_CURVE('',#1852,#1851,#1654,.T.);
#2250=EDGE_CURVE('',#1852,#1853,#997,.T.);
#2251=EDGE_CURVE('',#1853,#1853,#1655,.T.);
#2252=EDGE_CURVE('',#1821,#1854,#1656,.T.);
#2253=EDGE_CURVE('',#1854,#1855,#1657,.T.);
#2254=EDGE_CURVE('',#1855,#1854,#1658,.T.);
#2255=EDGE_CURVE('',#1855,#1856,#998,.T.);
#2256=EDGE_CURVE('',#1856,#1856,#1659,.T.);
#2257=EDGE_CURVE('',#1820,#1857,#1660,.T.);
#2258=EDGE_CURVE('',#1857,#1858,#1661,.T.);
#2259=EDGE_CURVE('',#1858,#1857,#1662,.T.);
#2260=EDGE_CURVE('',#1858,#1859,#999,.T.);
#2261=EDGE_CURVE('',#1859,#1859,#1663,.T.);
#2262=EDGE_CURVE('',#1860,#1861,#1000,.T.);
#2263=EDGE_CURVE('',#1861,#1862,#11,.T.);
#2264=EDGE_CURVE('',#1862,#1863,#1001,.T.);
#2265=EDGE_CURVE('',#1860,#1863,#12,.T.);
#2266=EDGE_CURVE('',#1861,#1864,#1002,.T.);
#2267=EDGE_CURVE('',#1864,#1865,#13,.T.);
#2268=EDGE_CURVE('',#1865,#1862,#1003,.T.);
#2269=EDGE_CURVE('',#1864,#1866,#1004,.T.);
#2270=EDGE_CURVE('',#1866,#1867,#14,.T.);
#2271=EDGE_CURVE('',#1867,#1865,#1005,.T.);
#2272=EDGE_CURVE('',#1863,#1867,#1006,.T.);
#2273=EDGE_CURVE('',#1866,#1860,#1007,.T.);
#2274=EDGE_CURVE('',#1807,#1863,#1008,.T.);
#2275=EDGE_CURVE('',#1806,#1867,#1009,.T.);
#2276=EDGE_CURVE('',#1804,#1862,#1010,.T.);
#2277=EDGE_CURVE('',#1803,#1868,#1011,.T.);
#2278=EDGE_CURVE('',#1869,#1868,#1012,.T.);
#2279=EDGE_CURVE('',#1870,#1869,#1013,.T.);
#2280=EDGE_CURVE('',#1870,#1871,#1014,.T.);
#2281=EDGE_CURVE('',#1871,#1872,#1015,.T.);
#2282=EDGE_CURVE('',#1873,#1872,#1016,.T.);
#2283=EDGE_CURVE('',#1808,#1873,#1017,.T.);
#2284=EDGE_CURVE('',#1874,#1875,#1018,.T.);
#2285=EDGE_CURVE('',#1875,#1868,#15,.T.);
#2286=EDGE_CURVE('',#1868,#1876,#1019,.T.);
#2287=EDGE_CURVE('',#1874,#1876,#16,.T.);
#2288=EDGE_CURVE('',#1875,#1877,#1020,.T.);
#2289=EDGE_CURVE('',#1877,#1869,#17,.T.);
#2290=EDGE_CURVE('',#1877,#1878,#1021,.T.);
#2291=EDGE_CURVE('',#1878,#1879,#18,.T.);
#2292=EDGE_CURVE('',#1879,#1869,#1022,.T.);
#2293=EDGE_CURVE('',#1878,#1880,#1023,.T.);
#2294=EDGE_CURVE('',#1880,#1881,#19,.T.);
#2295=EDGE_CURVE('',#1881,#1879,#1024,.T.);
#2296=EDGE_CURVE('',#1880,#1882,#1025,.T.);
#2297=EDGE_CURVE('',#1882,#1883,#20,.T.);
#2298=EDGE_CURVE('',#1883,#1881,#1026,.T.);
#2299=EDGE_CURVE('',#1884,#1883,#1027,.T.);
#2300=EDGE_CURVE('',#1882,#1885,#1028,.T.);
#2301=EDGE_CURVE('',#1885,#1884,#21,.T.);
#2302=EDGE_CURVE('',#1886,#1884,#1029,.T.);
#2303=EDGE_CURVE('',#1885,#1887,#1030,.T.);
#2304=EDGE_CURVE('',#1887,#1886,#22,.T.);
#2305=EDGE_CURVE('',#1876,#1886,#1031,.T.);
#2306=EDGE_CURVE('',#1887,#1874,#1032,.T.);
#2307=EDGE_CURVE('',#1800,#1884,#1033,.T.);
#2308=EDGE_CURVE('',#1799,#1883,#1034,.T.);
#2309=EDGE_CURVE('',#1886,#1801,#1035,.T.);
#2310=EDGE_CURVE('',#1802,#1876,#1036,.T.);
#2311=EDGE_CURVE('',#1888,#1889,#1037,.T.);
#2312=EDGE_CURVE('',#1889,#1890,#23,.T.);
#2313=EDGE_CURVE('',#1890,#1891,#1038,.T.);
#2314=EDGE_CURVE('',#1888,#1891,#24,.T.);
#2315=EDGE_CURVE('',#1889,#1892,#1039,.T.);
#2316=EDGE_CURVE('',#1892,#1893,#25,.T.);
#2317=EDGE_CURVE('',#1893,#1890,#1040,.T.);
#2318=EDGE_CURVE('',#1892,#1894,#1041,.T.);
#2319=EDGE_CURVE('',#1894,#1895,#26,.T.);
#2320=EDGE_CURVE('',#1895,#1893,#1042,.T.);
#2321=EDGE_CURVE('',#1891,#1895,#1043,.T.);
#2322=EDGE_CURVE('',#1894,#1888,#1044,.T.);
#2323=EDGE_CURVE('',#1796,#1891,#1045,.T.);
#2324=EDGE_CURVE('',#1795,#1895,#1046,.T.);
#2325=EDGE_CURVE('',#1797,#1890,#1047,.T.);
#2326=EDGE_CURVE('',#1896,#1897,#1048,.T.);
#2327=EDGE_CURVE('',#1897,#1873,#27,.T.);
#2328=EDGE_CURVE('',#1896,#1872,#28,.T.);
#2329=EDGE_CURVE('',#1897,#1898,#1049,.T.);
#2330=EDGE_CURVE('',#1898,#1899,#29,.T.);
#2331=EDGE_CURVE('',#1899,#1873,#1050,.T.);
#2332=EDGE_CURVE('',#1898,#1900,#1051,.T.);
#2333=EDGE_CURVE('',#1900,#1901,#30,.T.);
#2334=EDGE_CURVE('',#1901,#1899,#1052,.T.);
#2335=EDGE_CURVE('',#1900,#1902,#1053,.T.);
#2336=EDGE_CURVE('',#1902,#1903,#31,.T.);
#2337=EDGE_CURVE('',#1903,#1901,#1054,.T.);
#2338=EDGE_CURVE('',#1902,#1904,#1055,.T.);
#2339=EDGE_CURVE('',#1904,#1905,#32,.T.);
#2340=EDGE_CURVE('',#1905,#1903,#1056,.T.);
#2341=EDGE_CURVE('',#1906,#1905,#1057,.T.);
#2342=EDGE_CURVE('',#1904,#1907,#1058,.T.);
#2343=EDGE_CURVE('',#1907,#1906,#33,.T.);
#2344=EDGE_CURVE('',#1908,#1906,#1059,.T.);
#2345=EDGE_CURVE('',#1907,#1909,#1060,.T.);
#2346=EDGE_CURVE('',#1909,#1908,#34,.T.);
#2347=EDGE_CURVE('',#1872,#1908,#1061,.T.);
#2348=EDGE_CURVE('',#1909,#1896,#1062,.T.);
#2349=EDGE_CURVE('',#1793,#1906,#1063,.T.);
#2350=EDGE_CURVE('',#1792,#1905,#1064,.T.);
#2351=EDGE_CURVE('',#1798,#1881,#1065,.T.);
#2352=EDGE_CURVE('',#1794,#1893,#1066,.T.);
#2353=EDGE_CURVE('',#1910,#1908,#1067,.T.);
#2354=EDGE_CURVE('',#1910,#1911,#1068,.T.);
#2355=EDGE_CURVE('',#1911,#1879,#1069,.T.);
#2356=EDGE_CURVE('',#1871,#1910,#1070,.T.);
#2357=EDGE_CURVE('',#1844,#1912,#1071,.T.);
#2358=EDGE_CURVE('',#1847,#1912,#1664,.T.);
#2359=EDGE_CURVE('',#1912,#1846,#1072,.T.);
#2360=EDGE_CURVE('',#1837,#1913,#1073,.T.);
#2361=EDGE_CURVE('',#1840,#1913,#1665,.T.);
#2362=EDGE_CURVE('',#1913,#1839,#1074,.T.);
#2363=EDGE_CURVE('',#1830,#1914,#1075,.T.);
#2364=EDGE_CURVE('',#1833,#1914,#1666,.T.);
#2365=EDGE_CURVE('',#1914,#1832,#1076,.T.);
#2366=EDGE_CURVE('',#1786,#1915,#1077,.T.);
#2367=EDGE_CURVE('',#1790,#1915,#1667,.T.);
#2368=EDGE_CURVE('',#1915,#1789,#1078,.T.);
#2369=EDGE_CURVE('',#1903,#1791,#1079,.T.);
#2370=EDGE_CURVE('',#1810,#1901,#1080,.T.);
#2371=EDGE_CURVE('',#1809,#1899,#1081,.T.);
#2372=EDGE_CURVE('',#1805,#1865,#1082,.T.);
#2373=EDGE_CURVE('',#1911,#1870,#1083,.T.);
#2374=EDGE_CURVE('',#1916,#1916,#1668,.T.);
#2375=EDGE_CURVE('',#1916,#1917,#1084,.T.);
#2376=EDGE_CURVE('',#1917,#1917,#1669,.T.);
#2377=EDGE_CURVE('',#1918,#1918,#1670,.T.);
#2378=EDGE_CURVE('',#1918,#1919,#1085,.T.);
#2379=EDGE_CURVE('',#1919,#1919,#1671,.T.);
#2380=EDGE_CURVE('',#1920,#1920,#1672,.T.);
#2381=EDGE_CURVE('',#1920,#1921,#1086,.T.);
#2382=EDGE_CURVE('',#1921,#1921,#1673,.T.);
#2383=EDGE_CURVE('',#1922,#1922,#1674,.T.);
#2384=EDGE_CURVE('',#1922,#1923,#1087,.T.);
#2385=EDGE_CURVE('',#1923,#1923,#1675,.T.);
#2386=EDGE_CURVE('',#1924,#1925,#1088,.T.);
#2387=EDGE_CURVE('',#1925,#1926,#1089,.T.);
#2388=EDGE_CURVE('',#1926,#1927,#1090,.T.);
#2389=EDGE_CURVE('',#1927,#1924,#1091,.T.);
#2390=EDGE_CURVE('',#1928,#1929,#1092,.T.);
#2391=EDGE_CURVE('',#1929,#1930,#1093,.T.);
#2392=EDGE_CURVE('',#1930,#1931,#1094,.T.);
#2393=EDGE_CURVE('',#1931,#1928,#1095,.T.);
#2394=EDGE_CURVE('',#1927,#1930,#1096,.T.);
#2395=EDGE_CURVE('',#1924,#1929,#1097,.T.);
#2396=EDGE_CURVE('',#1926,#1931,#1098,.T.);
#2397=EDGE_CURVE('',#1925,#1928,#1099,.T.);
#2398=EDGE_CURVE('',#1932,#1933,#1100,.T.);
#2399=EDGE_CURVE('',#1932,#1934,#1101,.T.);
#2400=EDGE_CURVE('',#1935,#1934,#1102,.T.);
#2401=EDGE_CURVE('',#1933,#1935,#1103,.T.);
#2402=EDGE_CURVE('',#1936,#1937,#1104,.T.);
#2403=EDGE_CURVE('',#1933,#1936,#1105,.T.);
#2404=EDGE_CURVE('',#1938,#1935,#1106,.T.);
#2405=EDGE_CURVE('',#1937,#1938,#1107,.T.);
#2406=EDGE_CURVE('',#1939,#1937,#1108,.T.);
#2407=EDGE_CURVE('',#1940,#1938,#1109,.T.);
#2408=EDGE_CURVE('',#1939,#1940,#1110,.T.);
#2409=EDGE_CURVE('',#1941,#1939,#1111,.T.);
#2410=EDGE_CURVE('',#1934,#1940,#1112,.T.);
#2411=EDGE_CURVE('',#1941,#1932,#1113,.T.);
#2412=EDGE_CURVE('',#1942,#1932,#1114,.T.);
#2413=EDGE_CURVE('',#1943,#1942,#1115,.T.);
#2414=EDGE_CURVE('',#1943,#1941,#1116,.T.);
#2415=EDGE_CURVE('',#1936,#1944,#1117,.T.);
#2416=EDGE_CURVE('',#1944,#1945,#1118,.T.);
#2417=EDGE_CURVE('',#1933,#1945,#1119,.T.);
#2418=EDGE_CURVE('',#1946,#1946,#1676,.T.);
#2419=EDGE_CURVE('',#1946,#1947,#1120,.T.);
#2420=EDGE_CURVE('',#1947,#1947,#1677,.T.);
#2421=EDGE_CURVE('',#1948,#1948,#1678,.T.);
#2422=EDGE_CURVE('',#1948,#1949,#1121,.T.);
#2423=EDGE_CURVE('',#1949,#1949,#1679,.T.);
#2424=EDGE_CURVE('',#1950,#1950,#1680,.T.);
#2425=EDGE_CURVE('',#1950,#1951,#1122,.T.);
#2426=EDGE_CURVE('',#1951,#1951,#1681,.T.);
#2427=EDGE_CURVE('',#1952,#1952,#1682,.T.);
#2428=EDGE_CURVE('',#1952,#1953,#1123,.T.);
#2429=EDGE_CURVE('',#1953,#1953,#1683,.T.);
#2430=EDGE_CURVE('',#1944,#1954,#1124,.T.);
#2431=EDGE_CURVE('',#1954,#1955,#1125,.T.);
#2432=EDGE_CURVE('',#1945,#1955,#1126,.T.);
#2433=EDGE_CURVE('',#1956,#1943,#1127,.T.);
#2434=EDGE_CURVE('',#1957,#1942,#1128,.T.);
#2435=EDGE_CURVE('',#1956,#1957,#1129,.T.);
#2436=EDGE_CURVE('',#1954,#1956,#1130,.T.);
#2437=EDGE_CURVE('',#1955,#1957,#1131,.T.);
#2438=EDGE_CURVE('',#1958,#1959,#1132,.T.);
#2439=EDGE_CURVE('',#1959,#1960,#1133,.T.);
#2440=EDGE_CURVE('',#1960,#1961,#1134,.T.);
#2441=EDGE_CURVE('',#1961,#1958,#1135,.T.);
#2442=EDGE_CURVE('',#1962,#1963,#1136,.T.);
#2443=EDGE_CURVE('',#1963,#1964,#1137,.T.);
#2444=EDGE_CURVE('',#1964,#1965,#1138,.T.);
#2445=EDGE_CURVE('',#1965,#1962,#1139,.T.);
#2446=EDGE_CURVE('',#1961,#1964,#1140,.T.);
#2447=EDGE_CURVE('',#1958,#1963,#1141,.T.);
#2448=EDGE_CURVE('',#1960,#1965,#1142,.T.);
#2449=EDGE_CURVE('',#1959,#1962,#1143,.T.);
#2450=EDGE_CURVE('',#1966,#1967,#1144,.T.);
#2451=EDGE_CURVE('',#1968,#1966,#1145,.T.);
#2452=EDGE_CURVE('',#1969,#1968,#1146,.T.);
#2453=EDGE_CURVE('',#1969,#1967,#1147,.T.);
#2454=EDGE_CURVE('',#1967,#1970,#1148,.T.);
#2455=EDGE_CURVE('',#1971,#1969,#1149,.T.);
#2456=EDGE_CURVE('',#1970,#1971,#1150,.T.);
#2457=EDGE_CURVE('',#1972,#1966,#1151,.T.);
#2458=EDGE_CURVE('',#1973,#1972,#1152,.T.);
#2459=EDGE_CURVE('',#1968,#1973,#1153,.T.);
#2460=EDGE_CURVE('',#1974,#1975,#1154,.T.);
#2461=EDGE_CURVE('',#1976,#1974,#1155,.T.);
#2462=EDGE_CURVE('',#1977,#1976,#1156,.T.);
#2463=EDGE_CURVE('',#1977,#1975,#1157,.T.);
#2464=EDGE_CURVE('',#1975,#1978,#1158,.T.);
#2465=EDGE_CURVE('',#1979,#1977,#1159,.T.);
#2466=EDGE_CURVE('',#1979,#1978,#1160,.T.);
#2467=EDGE_CURVE('',#1978,#1980,#1161,.T.);
#2468=EDGE_CURVE('',#1981,#1979,#1162,.T.);
#2469=EDGE_CURVE('',#1980,#1981,#1163,.T.);
#2470=EDGE_CURVE('',#1982,#1983,#1164,.T.);
#2471=EDGE_CURVE('',#1984,#1982,#1165,.T.);
#2472=EDGE_CURVE('',#1985,#1984,#1166,.T.);
#2473=EDGE_CURVE('',#1985,#1983,#1167,.T.);
#2474=EDGE_CURVE('',#1983,#1986,#1168,.T.);
#2475=EDGE_CURVE('',#1987,#1985,#1169,.T.);
#2476=EDGE_CURVE('',#1986,#1987,#1170,.T.);
#2477=EDGE_CURVE('',#1988,#1982,#1171,.T.);
#2478=EDGE_CURVE('',#1989,#1988,#1172,.T.);
#2479=EDGE_CURVE('',#1984,#1989,#1173,.T.);
#2480=EDGE_CURVE('',#1990,#1991,#1174,.T.);
#2481=EDGE_CURVE('',#1992,#1990,#1175,.T.);
#2482=EDGE_CURVE('',#1993,#1992,#1176,.T.);
#2483=EDGE_CURVE('',#1993,#1991,#1177,.T.);
#2484=EDGE_CURVE('',#1991,#1994,#1178,.T.);
#2485=EDGE_CURVE('',#1995,#1993,#1179,.T.);
#2486=EDGE_CURVE('',#1994,#1995,#1180,.T.);
#2487=EDGE_CURVE('',#1996,#1990,#1181,.T.);
#2488=EDGE_CURVE('',#1997,#1996,#1182,.T.);
#2489=EDGE_CURVE('',#1992,#1997,#1183,.T.);
#2490=EDGE_CURVE('',#1998,#1981,#1184,.T.);
#2491=EDGE_CURVE('',#1998,#1999,#1185,.T.);
#2492=EDGE_CURVE('',#1980,#1999,#1186,.T.);
#2493=EDGE_CURVE('',#2000,#1972,#1187,.T.);
#2494=EDGE_CURVE('',#2001,#2000,#1188,.T.);
#2495=EDGE_CURVE('',#1973,#2001,#1189,.T.);
#2496=EDGE_CURVE('',#2001,#2002,#1190,.T.);
#2497=EDGE_CURVE('',#2002,#1987,#1191,.T.);
#2498=EDGE_CURVE('',#1989,#1995,#1192,.T.);
#2499=EDGE_CURVE('',#1997,#2003,#1193,.T.);
#2500=EDGE_CURVE('',#2003,#1998,#1194,.T.);
#2501=EDGE_CURVE('',#1976,#1971,#1195,.T.);
#2502=EDGE_CURVE('',#2004,#1996,#1196,.T.);
#2503=EDGE_CURVE('',#2003,#2004,#1197,.T.);
#2504=EDGE_CURVE('',#1994,#1988,#1198,.T.);
#2505=EDGE_CURVE('',#1970,#1974,#1199,.T.);
#2506=EDGE_CURVE('',#1999,#2004,#1200,.T.);
#2507=EDGE_CURVE('',#1986,#2005,#1201,.T.);
#2508=EDGE_CURVE('',#2005,#2000,#1202,.T.);
#2509=EDGE_CURVE('',#2002,#2005,#1203,.T.);
#2510=ORIENTED_EDGE('',*,*,#2006,.T.);
#2511=ORIENTED_EDGE('',*,*,#2007,.T.);
#2512=ORIENTED_EDGE('',*,*,#2008,.T.);
#2513=ORIENTED_EDGE('',*,*,#2009,.T.);
#2514=ORIENTED_EDGE('',*,*,#2008,.F.);
#2515=ORIENTED_EDGE('',*,*,#2010,.F.);
#2516=ORIENTED_EDGE('',*,*,#2011,.F.);
#2517=ORIENTED_EDGE('',*,*,#2012,.F.);
#2518=ORIENTED_EDGE('',*,*,#2013,.F.);
#2519=ORIENTED_EDGE('',*,*,#2014,.F.);
#2520=ORIENTED_EDGE('',*,*,#2015,.T.);
#2521=ORIENTED_EDGE('',*,*,#2007,.F.);
#2522=ORIENTED_EDGE('',*,*,#2016,.T.);
#2523=ORIENTED_EDGE('',*,*,#2017,.T.);
#2524=ORIENTED_EDGE('',*,*,#2010,.T.);
#2525=ORIENTED_EDGE('',*,*,#2018,.T.);
#2526=ORIENTED_EDGE('',*,*,#2019,.T.);
#2527=ORIENTED_EDGE('',*,*,#2020,.T.);
#2528=ORIENTED_EDGE('',*,*,#2021,.T.);
#2529=ORIENTED_EDGE('',*,*,#2022,.T.);
#2530=ORIENTED_EDGE('',*,*,#2023,.T.);
#2531=ORIENTED_EDGE('',*,*,#2024,.T.);
#2532=ORIENTED_EDGE('',*,*,#2025,.T.);
#2533=ORIENTED_EDGE('',*,*,#2026,.T.);
#2534=ORIENTED_EDGE('',*,*,#2027,.T.);
#2535=ORIENTED_EDGE('',*,*,#2028,.F.);
#2536=ORIENTED_EDGE('',*,*,#2029,.T.);
#2537=ORIENTED_EDGE('',*,*,#2030,.F.);
#2538=ORIENTED_EDGE('',*,*,#2029,.F.);
#2539=ORIENTED_EDGE('',*,*,#2031,.F.);
#2540=ORIENTED_EDGE('',*,*,#2032,.T.);
#2541=ORIENTED_EDGE('',*,*,#2033,.F.);
#2542=ORIENTED_EDGE('',*,*,#2032,.F.);
#2543=ORIENTED_EDGE('',*,*,#2034,.F.);
#2544=ORIENTED_EDGE('',*,*,#2035,.T.);
#2545=ORIENTED_EDGE('',*,*,#2036,.F.);
#2546=ORIENTED_EDGE('',*,*,#2035,.F.);
#2547=ORIENTED_EDGE('',*,*,#2037,.F.);
#2548=ORIENTED_EDGE('',*,*,#2038,.T.);
#2549=ORIENTED_EDGE('',*,*,#2039,.F.);
#2550=ORIENTED_EDGE('',*,*,#2038,.F.);
#2551=ORIENTED_EDGE('',*,*,#2040,.F.);
#2552=ORIENTED_EDGE('',*,*,#2041,.T.);
#2553=ORIENTED_EDGE('',*,*,#2018,.F.);
#2554=ORIENTED_EDGE('',*,*,#2041,.F.);
#2555=ORIENTED_EDGE('',*,*,#2042,.F.);
#2556=ORIENTED_EDGE('',*,*,#2043,.T.);
#2557=ORIENTED_EDGE('',*,*,#2019,.F.);
#2558=ORIENTED_EDGE('',*,*,#2043,.F.);
#2559=ORIENTED_EDGE('',*,*,#2044,.F.);
#2560=ORIENTED_EDGE('',*,*,#2045,.T.);
#2561=ORIENTED_EDGE('',*,*,#2020,.F.);
#2562=ORIENTED_EDGE('',*,*,#2045,.F.);
#2563=ORIENTED_EDGE('',*,*,#2046,.F.);
#2564=ORIENTED_EDGE('',*,*,#2047,.T.);
#2565=ORIENTED_EDGE('',*,*,#2024,.F.);
#2566=ORIENTED_EDGE('',*,*,#2048,.F.);
#2567=ORIENTED_EDGE('',*,*,#2049,.F.);
#2568=ORIENTED_EDGE('',*,*,#2048,.T.);
#2569=ORIENTED_EDGE('',*,*,#2023,.F.);
#2570=ORIENTED_EDGE('',*,*,#2050,.F.);
#2571=ORIENTED_EDGE('',*,*,#2051,.F.);
#2572=ORIENTED_EDGE('',*,*,#2050,.T.);
#2573=ORIENTED_EDGE('',*,*,#2022,.F.);
#2574=ORIENTED_EDGE('',*,*,#2052,.F.);
#2575=ORIENTED_EDGE('',*,*,#2053,.F.);
#2576=ORIENTED_EDGE('',*,*,#2052,.T.);
#2577=ORIENTED_EDGE('',*,*,#2021,.F.);
#2578=ORIENTED_EDGE('',*,*,#2047,.F.);
#2579=ORIENTED_EDGE('',*,*,#2054,.F.);
#2580=ORIENTED_EDGE('',*,*,#2055,.T.);
#2581=ORIENTED_EDGE('',*,*,#2025,.F.);
#2582=ORIENTED_EDGE('',*,*,#2055,.F.);
#2583=ORIENTED_EDGE('',*,*,#2056,.F.);
#2584=ORIENTED_EDGE('',*,*,#2057,.T.);
#2585=ORIENTED_EDGE('',*,*,#2026,.F.);
#2586=ORIENTED_EDGE('',*,*,#2057,.F.);
#2587=ORIENTED_EDGE('',*,*,#2058,.F.);
#2588=ORIENTED_EDGE('',*,*,#2059,.T.);
#2589=ORIENTED_EDGE('',*,*,#2027,.F.);
#2590=ORIENTED_EDGE('',*,*,#2059,.F.);
#2591=ORIENTED_EDGE('',*,*,#2060,.F.);
#2592=ORIENTED_EDGE('',*,*,#2011,.T.);
#2593=ORIENTED_EDGE('',*,*,#2017,.F.);
#2594=ORIENTED_EDGE('',*,*,#2061,.F.);
#2595=ORIENTED_EDGE('',*,*,#2062,.F.);
#2596=ORIENTED_EDGE('',*,*,#2012,.T.);
#2597=ORIENTED_EDGE('',*,*,#2060,.T.);
#2598=ORIENTED_EDGE('',*,*,#2063,.T.);
#2599=ORIENTED_EDGE('',*,*,#2058,.T.);
#2600=ORIENTED_EDGE('',*,*,#2056,.T.);
#2601=ORIENTED_EDGE('',*,*,#2054,.T.);
#2602=ORIENTED_EDGE('',*,*,#2053,.T.);
#2603=ORIENTED_EDGE('',*,*,#2046,.T.);
#2604=ORIENTED_EDGE('',*,*,#2049,.T.);
#2605=ORIENTED_EDGE('',*,*,#2051,.T.);
#2606=ORIENTED_EDGE('',*,*,#2044,.T.);
#2607=ORIENTED_EDGE('',*,*,#2042,.T.);
#2608=ORIENTED_EDGE('',*,*,#2040,.T.);
#2609=ORIENTED_EDGE('',*,*,#2064,.T.);
#2610=ORIENTED_EDGE('',*,*,#2065,.T.);
#2611=ORIENTED_EDGE('',*,*,#2066,.F.);
#2612=ORIENTED_EDGE('',*,*,#2067,.F.);
#2613=ORIENTED_EDGE('',*,*,#2068,.T.);
#2614=ORIENTED_EDGE('',*,*,#2067,.T.);
#2615=ORIENTED_EDGE('',*,*,#2069,.F.);
#2616=ORIENTED_EDGE('',*,*,#2070,.F.);
#2617=ORIENTED_EDGE('',*,*,#2006,.F.);
#2618=ORIENTED_EDGE('',*,*,#2071,.F.);
#2619=ORIENTED_EDGE('',*,*,#2070,.T.);
#2620=ORIENTED_EDGE('',*,*,#2072,.F.);
#2621=ORIENTED_EDGE('',*,*,#2063,.F.);
#2622=ORIENTED_EDGE('',*,*,#2061,.T.);
#2623=ORIENTED_EDGE('',*,*,#2016,.F.);
#2624=ORIENTED_EDGE('',*,*,#2073,.T.);
#2625=ORIENTED_EDGE('',*,*,#2014,.T.);
#2626=ORIENTED_EDGE('',*,*,#2074,.F.);
#2627=ORIENTED_EDGE('',*,*,#2065,.F.);
#2628=ORIENTED_EDGE('',*,*,#2074,.T.);
#2629=ORIENTED_EDGE('',*,*,#2013,.T.);
#2630=ORIENTED_EDGE('',*,*,#2062,.T.);
#2631=ORIENTED_EDGE('',*,*,#2072,.T.);
#2632=ORIENTED_EDGE('',*,*,#2069,.T.);
#2633=ORIENTED_EDGE('',*,*,#2066,.T.);
#2634=ORIENTED_EDGE('',*,*,#2028,.T.);
#2635=ORIENTED_EDGE('',*,*,#2031,.T.);
#2636=ORIENTED_EDGE('',*,*,#2034,.T.);
#2637=ORIENTED_EDGE('',*,*,#2037,.T.);
#2638=ORIENTED_EDGE('',*,*,#2009,.F.);
#2639=ORIENTED_EDGE('',*,*,#2015,.F.);
#2640=ORIENTED_EDGE('',*,*,#2073,.F.);
#2641=ORIENTED_EDGE('',*,*,#2064,.F.);
#2642=ORIENTED_EDGE('',*,*,#2068,.F.);
#2643=ORIENTED_EDGE('',*,*,#2071,.T.);
#2644=ORIENTED_EDGE('',*,*,#2030,.T.);
#2645=ORIENTED_EDGE('',*,*,#2033,.T.);
#2646=ORIENTED_EDGE('',*,*,#2036,.T.);
#2647=ORIENTED_EDGE('',*,*,#2039,.T.);
#2648=ORIENTED_EDGE('',*,*,#2075,.F.);
#2649=ORIENTED_EDGE('',*,*,#2076,.T.);
#2650=ORIENTED_EDGE('',*,*,#2077,.T.);
#2651=ORIENTED_EDGE('',*,*,#2078,.T.);
#2652=ORIENTED_EDGE('',*,*,#2076,.F.);
#2653=ORIENTED_EDGE('',*,*,#2079,.T.);
#2654=ORIENTED_EDGE('',*,*,#2080,.F.);
#2655=ORIENTED_EDGE('',*,*,#2081,.T.);
#2656=ORIENTED_EDGE('',*,*,#2078,.F.);
#2657=ORIENTED_EDGE('',*,*,#2081,.F.);
#2658=ORIENTED_EDGE('',*,*,#2082,.F.);
#2659=ORIENTED_EDGE('',*,*,#2083,.F.);
#2660=ORIENTED_EDGE('',*,*,#2075,.T.);
#2661=ORIENTED_EDGE('',*,*,#2083,.T.);
#2662=ORIENTED_EDGE('',*,*,#2084,.F.);
#2663=ORIENTED_EDGE('',*,*,#2079,.F.);
#2664=ORIENTED_EDGE('',*,*,#2084,.T.);
#2665=ORIENTED_EDGE('',*,*,#2082,.T.);
#2666=ORIENTED_EDGE('',*,*,#2080,.T.);
#2667=ORIENTED_EDGE('',*,*,#2077,.F.);
#2668=ORIENTED_EDGE('',*,*,#2085,.T.);
#2669=ORIENTED_EDGE('',*,*,#2086,.F.);
#2670=ORIENTED_EDGE('',*,*,#2085,.F.);
#2671=ORIENTED_EDGE('',*,*,#2087,.T.);
#2672=ORIENTED_EDGE('',*,*,#2086,.T.);
#2673=ORIENTED_EDGE('',*,*,#2088,.F.);
#2674=ORIENTED_EDGE('',*,*,#2089,.T.);
#2675=ORIENTED_EDGE('',*,*,#2090,.F.);
#2676=ORIENTED_EDGE('',*,*,#2089,.F.);
#2677=ORIENTED_EDGE('',*,*,#2088,.T.);
#2678=ORIENTED_EDGE('',*,*,#2091,.F.);
#2679=ORIENTED_EDGE('',*,*,#2092,.T.);
#2680=ORIENTED_EDGE('',*,*,#2087,.F.);
#2681=ORIENTED_EDGE('',*,*,#2092,.F.);
#2682=ORIENTED_EDGE('',*,*,#2091,.T.);
#2683=ORIENTED_EDGE('',*,*,#2090,.T.);
#2684=ORIENTED_EDGE('',*,*,#2093,.F.);
#2685=ORIENTED_EDGE('',*,*,#2094,.T.);
#2686=ORIENTED_EDGE('',*,*,#2095,.F.);
#2687=ORIENTED_EDGE('',*,*,#2094,.F.);
#2688=ORIENTED_EDGE('',*,*,#2095,.T.);
#2689=ORIENTED_EDGE('',*,*,#2093,.T.);
#2690=ORIENTED_EDGE('',*,*,#2096,.T.);
#2691=ORIENTED_EDGE('',*,*,#2097,.T.);
#2692=ORIENTED_EDGE('',*,*,#2098,.F.);
#2693=ORIENTED_EDGE('',*,*,#2097,.F.);
#2694=ORIENTED_EDGE('',*,*,#2096,.F.);
#2695=ORIENTED_EDGE('',*,*,#2099,.F.);
#2696=ORIENTED_EDGE('',*,*,#2100,.F.);
#2697=ORIENTED_EDGE('',*,*,#2101,.T.);
#2698=ORIENTED_EDGE('',*,*,#2099,.T.);
#2699=ORIENTED_EDGE('',*,*,#2101,.F.);
#2700=ORIENTED_EDGE('',*,*,#2102,.F.);
#2701=ORIENTED_EDGE('',*,*,#2103,.T.);
#2702=ORIENTED_EDGE('',*,*,#2104,.F.);
#2703=ORIENTED_EDGE('',*,*,#2105,.F.);
#2704=ORIENTED_EDGE('',*,*,#2106,.F.);
#2705=ORIENTED_EDGE('',*,*,#2105,.T.);
#2706=ORIENTED_EDGE('',*,*,#2107,.F.);
#2707=ORIENTED_EDGE('',*,*,#2108,.F.);
#2708=ORIENTED_EDGE('',*,*,#2109,.F.);
#2709=ORIENTED_EDGE('',*,*,#2108,.T.);
#2710=ORIENTED_EDGE('',*,*,#2110,.F.);
#2711=ORIENTED_EDGE('',*,*,#2111,.F.);
#2712=ORIENTED_EDGE('',*,*,#2112,.F.);
#2713=ORIENTED_EDGE('',*,*,#2111,.T.);
#2714=ORIENTED_EDGE('',*,*,#2113,.F.);
#2715=ORIENTED_EDGE('',*,*,#2114,.F.);
#2716=ORIENTED_EDGE('',*,*,#2115,.F.);
#2717=ORIENTED_EDGE('',*,*,#2114,.T.);
#2718=ORIENTED_EDGE('',*,*,#2116,.F.);
#2719=ORIENTED_EDGE('',*,*,#2117,.F.);
#2720=ORIENTED_EDGE('',*,*,#2118,.F.);
#2721=ORIENTED_EDGE('',*,*,#2117,.T.);
#2722=ORIENTED_EDGE('',*,*,#2119,.F.);
#2723=ORIENTED_EDGE('',*,*,#2103,.F.);
#2724=ORIENTED_EDGE('',*,*,#2119,.T.);
#2725=ORIENTED_EDGE('',*,*,#2116,.T.);
#2726=ORIENTED_EDGE('',*,*,#2113,.T.);
#2727=ORIENTED_EDGE('',*,*,#2110,.T.);
#2728=ORIENTED_EDGE('',*,*,#2107,.T.);
#2729=ORIENTED_EDGE('',*,*,#2104,.T.);
#2730=ORIENTED_EDGE('',*,*,#2100,.T.);
#2731=ORIENTED_EDGE('',*,*,#2120,.F.);
#2732=ORIENTED_EDGE('',*,*,#2121,.T.);
#2733=ORIENTED_EDGE('',*,*,#2122,.F.);
#2734=ORIENTED_EDGE('',*,*,#2121,.F.);
#2735=ORIENTED_EDGE('',*,*,#2122,.T.);
#2736=ORIENTED_EDGE('',*,*,#2098,.T.);
#2737=ORIENTED_EDGE('',*,*,#2120,.T.);
#2738=ORIENTED_EDGE('',*,*,#2102,.T.);
#2739=ORIENTED_EDGE('',*,*,#2106,.T.);
#2740=ORIENTED_EDGE('',*,*,#2109,.T.);
#2741=ORIENTED_EDGE('',*,*,#2112,.T.);
#2742=ORIENTED_EDGE('',*,*,#2115,.T.);
#2743=ORIENTED_EDGE('',*,*,#2118,.T.);
#2744=ORIENTED_EDGE('',*,*,#2123,.F.);
#2745=ORIENTED_EDGE('',*,*,#2124,.T.);
#2746=ORIENTED_EDGE('',*,*,#2125,.T.);
#2747=ORIENTED_EDGE('',*,*,#2126,.F.);
#2748=ORIENTED_EDGE('',*,*,#2127,.F.);
#2749=ORIENTED_EDGE('',*,*,#2126,.T.);
#2750=ORIENTED_EDGE('',*,*,#2128,.T.);
#2751=ORIENTED_EDGE('',*,*,#2129,.F.);
#2752=ORIENTED_EDGE('',*,*,#2130,.F.);
#2753=ORIENTED_EDGE('',*,*,#2129,.T.);
#2754=ORIENTED_EDGE('',*,*,#2131,.T.);
#2755=ORIENTED_EDGE('',*,*,#2132,.F.);
#2756=ORIENTED_EDGE('',*,*,#2133,.F.);
#2757=ORIENTED_EDGE('',*,*,#2132,.T.);
#2758=ORIENTED_EDGE('',*,*,#2134,.T.);
#2759=ORIENTED_EDGE('',*,*,#2135,.F.);
#2760=ORIENTED_EDGE('',*,*,#2136,.F.);
#2761=ORIENTED_EDGE('',*,*,#2137,.T.);
#2762=ORIENTED_EDGE('',*,*,#2138,.T.);
#2763=ORIENTED_EDGE('',*,*,#2124,.F.);
#2764=ORIENTED_EDGE('',*,*,#2139,.F.);
#2765=ORIENTED_EDGE('',*,*,#2135,.T.);
#2766=ORIENTED_EDGE('',*,*,#2140,.T.);
#2767=ORIENTED_EDGE('',*,*,#2137,.F.);
#2768=ORIENTED_EDGE('',*,*,#2140,.F.);
#2769=ORIENTED_EDGE('',*,*,#2134,.F.);
#2770=ORIENTED_EDGE('',*,*,#2131,.F.);
#2771=ORIENTED_EDGE('',*,*,#2128,.F.);
#2772=ORIENTED_EDGE('',*,*,#2125,.F.);
#2773=ORIENTED_EDGE('',*,*,#2138,.F.);
#2774=ORIENTED_EDGE('',*,*,#2141,.F.);
#2775=ORIENTED_EDGE('',*,*,#2133,.T.);
#2776=ORIENTED_EDGE('',*,*,#2139,.T.);
#2777=ORIENTED_EDGE('',*,*,#2136,.T.);
#2778=ORIENTED_EDGE('',*,*,#2123,.T.);
#2779=ORIENTED_EDGE('',*,*,#2127,.T.);
#2780=ORIENTED_EDGE('',*,*,#2130,.T.);
#2781=ORIENTED_EDGE('',*,*,#2141,.T.);
#2782=ORIENTED_EDGE('',*,*,#2142,.T.);
#2783=ORIENTED_EDGE('',*,*,#2143,.T.);
#2784=ORIENTED_EDGE('',*,*,#2142,.F.);
#2785=ORIENTED_EDGE('',*,*,#2144,.F.);
#2786=ORIENTED_EDGE('',*,*,#2145,.T.);
#2787=ORIENTED_EDGE('',*,*,#2146,.T.);
#2788=ORIENTED_EDGE('',*,*,#2145,.F.);
#2789=ORIENTED_EDGE('',*,*,#2146,.F.);
#2790=ORIENTED_EDGE('',*,*,#2143,.F.);
#2791=ORIENTED_EDGE('',*,*,#2147,.T.);
#2792=ORIENTED_EDGE('',*,*,#2144,.T.);
#2793=ORIENTED_EDGE('',*,*,#2148,.F.);
#2794=ORIENTED_EDGE('',*,*,#2149,.T.);
#2795=ORIENTED_EDGE('',*,*,#2147,.F.);
#2796=ORIENTED_EDGE('',*,*,#2149,.F.);
#2797=ORIENTED_EDGE('',*,*,#2148,.T.);
#2798=ORIENTED_EDGE('',*,*,#2150,.T.);
#2799=ORIENTED_EDGE('',*,*,#2151,.T.);
#2800=ORIENTED_EDGE('',*,*,#2152,.T.);
#2801=ORIENTED_EDGE('',*,*,#2153,.T.);
#2802=ORIENTED_EDGE('',*,*,#2154,.T.);
#2803=ORIENTED_EDGE('',*,*,#2155,.T.);
#2804=ORIENTED_EDGE('',*,*,#2152,.F.);
#2805=ORIENTED_EDGE('',*,*,#2156,.T.);
#2806=ORIENTED_EDGE('',*,*,#2157,.T.);
#2807=ORIENTED_EDGE('',*,*,#2158,.T.);
#2808=ORIENTED_EDGE('',*,*,#2154,.F.);
#2809=ORIENTED_EDGE('',*,*,#2159,.T.);
#2810=ORIENTED_EDGE('',*,*,#2150,.F.);
#2811=ORIENTED_EDGE('',*,*,#2160,.T.);
#2812=ORIENTED_EDGE('',*,*,#2157,.F.);
#2813=ORIENTED_EDGE('',*,*,#2161,.T.);
#2814=ORIENTED_EDGE('',*,*,#2156,.F.);
#2815=ORIENTED_EDGE('',*,*,#2162,.T.);
#2816=ORIENTED_EDGE('',*,*,#2163,.F.);
#2817=ORIENTED_EDGE('',*,*,#2164,.F.);
#2818=ORIENTED_EDGE('',*,*,#2151,.F.);
#2819=ORIENTED_EDGE('',*,*,#2165,.T.);
#2820=ORIENTED_EDGE('',*,*,#2166,.F.);
#2821=ORIENTED_EDGE('',*,*,#2162,.F.);
#2822=ORIENTED_EDGE('',*,*,#2167,.T.);
#2823=ORIENTED_EDGE('',*,*,#2168,.T.);
#2824=ORIENTED_EDGE('',*,*,#2169,.T.);
#2825=ORIENTED_EDGE('',*,*,#2170,.T.);
#2826=ORIENTED_EDGE('',*,*,#2171,.T.);
#2827=ORIENTED_EDGE('',*,*,#2172,.T.);
#2828=ORIENTED_EDGE('',*,*,#2173,.T.);
#2829=ORIENTED_EDGE('',*,*,#2174,.T.);
#2830=ORIENTED_EDGE('',*,*,#2175,.T.);
#2831=ORIENTED_EDGE('',*,*,#2176,.T.);
#2832=ORIENTED_EDGE('',*,*,#2177,.T.);
#2833=ORIENTED_EDGE('',*,*,#2178,.T.);
#2834=ORIENTED_EDGE('',*,*,#2179,.T.);
#2835=ORIENTED_EDGE('',*,*,#2180,.T.);
#2836=ORIENTED_EDGE('',*,*,#2181,.T.);
#2837=ORIENTED_EDGE('',*,*,#2182,.T.);
#2838=ORIENTED_EDGE('',*,*,#2183,.T.);
#2839=ORIENTED_EDGE('',*,*,#2184,.T.);
#2840=ORIENTED_EDGE('',*,*,#2185,.T.);
#2841=ORIENTED_EDGE('',*,*,#2186,.T.);
#2842=ORIENTED_EDGE('',*,*,#2187,.F.);
#2843=ORIENTED_EDGE('',*,*,#2188,.F.);
#2844=ORIENTED_EDGE('',*,*,#2189,.F.);
#2845=ORIENTED_EDGE('',*,*,#2190,.F.);
#2846=ORIENTED_EDGE('',*,*,#2191,.F.);
#2847=ORIENTED_EDGE('',*,*,#2192,.F.);
#2848=ORIENTED_EDGE('',*,*,#2193,.F.);
#2849=ORIENTED_EDGE('',*,*,#2194,.F.);
#2850=ORIENTED_EDGE('',*,*,#2195,.F.);
#2851=ORIENTED_EDGE('',*,*,#2196,.F.);
#2852=ORIENTED_EDGE('',*,*,#2197,.F.);
#2853=ORIENTED_EDGE('',*,*,#2198,.F.);
#2854=ORIENTED_EDGE('',*,*,#2199,.F.);
#2855=ORIENTED_EDGE('',*,*,#2200,.F.);
#2856=ORIENTED_EDGE('',*,*,#2201,.F.);
#2857=ORIENTED_EDGE('',*,*,#2202,.F.);
#2858=ORIENTED_EDGE('',*,*,#2153,.F.);
#2859=ORIENTED_EDGE('',*,*,#2155,.F.);
#2860=ORIENTED_EDGE('',*,*,#2158,.F.);
#2861=ORIENTED_EDGE('',*,*,#2160,.F.);
#2862=ORIENTED_EDGE('',*,*,#2203,.T.);
#2863=ORIENTED_EDGE('',*,*,#2204,.T.);
#2864=ORIENTED_EDGE('',*,*,#2205,.T.);
#2865=ORIENTED_EDGE('',*,*,#2187,.T.);
#2866=ORIENTED_EDGE('',*,*,#2206,.T.);
#2867=ORIENTED_EDGE('',*,*,#2188,.T.);
#2868=ORIENTED_EDGE('',*,*,#2205,.F.);
#2869=ORIENTED_EDGE('',*,*,#2207,.T.);
#2870=ORIENTED_EDGE('',*,*,#2208,.T.);
#2871=ORIENTED_EDGE('',*,*,#2189,.T.);
#2872=ORIENTED_EDGE('',*,*,#2206,.F.);
#2873=ORIENTED_EDGE('',*,*,#2209,.T.);
#2874=ORIENTED_EDGE('',*,*,#2203,.F.);
#2875=ORIENTED_EDGE('',*,*,#2190,.T.);
#2876=ORIENTED_EDGE('',*,*,#2208,.F.);
#2877=ORIENTED_EDGE('',*,*,#2210,.T.);
#2878=ORIENTED_EDGE('',*,*,#2207,.F.);
#2879=ORIENTED_EDGE('',*,*,#2211,.T.);
#2880=ORIENTED_EDGE('',*,*,#2212,.F.);
#2881=ORIENTED_EDGE('',*,*,#2213,.F.);
#2882=ORIENTED_EDGE('',*,*,#2204,.F.);
#2883=ORIENTED_EDGE('',*,*,#2214,.T.);
#2884=ORIENTED_EDGE('',*,*,#2215,.F.);
#2885=ORIENTED_EDGE('',*,*,#2211,.F.);
#2886=ORIENTED_EDGE('',*,*,#2216,.T.);
#2887=ORIENTED_EDGE('',*,*,#2217,.T.);
#2888=ORIENTED_EDGE('',*,*,#2218,.T.);
#2889=ORIENTED_EDGE('',*,*,#2199,.T.);
#2890=ORIENTED_EDGE('',*,*,#2219,.T.);
#2891=ORIENTED_EDGE('',*,*,#2200,.T.);
#2892=ORIENTED_EDGE('',*,*,#2218,.F.);
#2893=ORIENTED_EDGE('',*,*,#2220,.T.);
#2894=ORIENTED_EDGE('',*,*,#2221,.T.);
#2895=ORIENTED_EDGE('',*,*,#2201,.T.);
#2896=ORIENTED_EDGE('',*,*,#2219,.F.);
#2897=ORIENTED_EDGE('',*,*,#2222,.T.);
#2898=ORIENTED_EDGE('',*,*,#2216,.F.);
#2899=ORIENTED_EDGE('',*,*,#2202,.T.);
#2900=ORIENTED_EDGE('',*,*,#2221,.F.);
#2901=ORIENTED_EDGE('',*,*,#2223,.T.);
#2902=ORIENTED_EDGE('',*,*,#2220,.F.);
#2903=ORIENTED_EDGE('',*,*,#2224,.T.);
#2904=ORIENTED_EDGE('',*,*,#2225,.F.);
#2905=ORIENTED_EDGE('',*,*,#2226,.F.);
#2906=ORIENTED_EDGE('',*,*,#2217,.F.);
#2907=ORIENTED_EDGE('',*,*,#2227,.T.);
#2908=ORIENTED_EDGE('',*,*,#2228,.F.);
#2909=ORIENTED_EDGE('',*,*,#2224,.F.);
#2910=ORIENTED_EDGE('',*,*,#2229,.T.);
#2911=ORIENTED_EDGE('',*,*,#2230,.T.);
#2912=ORIENTED_EDGE('',*,*,#2231,.T.);
#2913=ORIENTED_EDGE('',*,*,#2191,.T.);
#2914=ORIENTED_EDGE('',*,*,#2232,.T.);
#2915=ORIENTED_EDGE('',*,*,#2192,.T.);
#2916=ORIENTED_EDGE('',*,*,#2231,.F.);
#2917=ORIENTED_EDGE('',*,*,#2233,.T.);
#2918=ORIENTED_EDGE('',*,*,#2234,.T.);
#2919=ORIENTED_EDGE('',*,*,#2193,.T.);
#2920=ORIENTED_EDGE('',*,*,#2232,.F.);
#2921=ORIENTED_EDGE('',*,*,#2235,.T.);
#2922=ORIENTED_EDGE('',*,*,#2229,.F.);
#2923=ORIENTED_EDGE('',*,*,#2194,.T.);
#2924=ORIENTED_EDGE('',*,*,#2234,.F.);
#2925=ORIENTED_EDGE('',*,*,#2236,.T.);
#2926=ORIENTED_EDGE('',*,*,#2233,.F.);
#2927=ORIENTED_EDGE('',*,*,#2237,.T.);
#2928=ORIENTED_EDGE('',*,*,#2238,.F.);
#2929=ORIENTED_EDGE('',*,*,#2239,.F.);
#2930=ORIENTED_EDGE('',*,*,#2230,.F.);
#2931=ORIENTED_EDGE('',*,*,#2240,.T.);
#2932=ORIENTED_EDGE('',*,*,#2241,.F.);
#2933=ORIENTED_EDGE('',*,*,#2237,.F.);
#2934=ORIENTED_EDGE('',*,*,#2198,.T.);
#2935=ORIENTED_EDGE('',*,*,#2242,.T.);
#2936=ORIENTED_EDGE('',*,*,#2243,.T.);
#2937=ORIENTED_EDGE('',*,*,#2244,.T.);
#2938=ORIENTED_EDGE('',*,*,#2242,.F.);
#2939=ORIENTED_EDGE('',*,*,#2244,.F.);
#2940=ORIENTED_EDGE('',*,*,#2245,.T.);
#2941=ORIENTED_EDGE('',*,*,#2246,.F.);
#2942=ORIENTED_EDGE('',*,*,#2245,.F.);
#2943=ORIENTED_EDGE('',*,*,#2243,.F.);
#2944=ORIENTED_EDGE('',*,*,#2195,.T.);
#2945=ORIENTED_EDGE('',*,*,#2247,.T.);
#2946=ORIENTED_EDGE('',*,*,#2248,.T.);
#2947=ORIENTED_EDGE('',*,*,#2249,.T.);
#2948=ORIENTED_EDGE('',*,*,#2247,.F.);
#2949=ORIENTED_EDGE('',*,*,#2249,.F.);
#2950=ORIENTED_EDGE('',*,*,#2250,.T.);
#2951=ORIENTED_EDGE('',*,*,#2251,.F.);
#2952=ORIENTED_EDGE('',*,*,#2250,.F.);
#2953=ORIENTED_EDGE('',*,*,#2248,.F.);
#2954=ORIENTED_EDGE('',*,*,#2197,.T.);
#2955=ORIENTED_EDGE('',*,*,#2252,.T.);
#2956=ORIENTED_EDGE('',*,*,#2253,.T.);
#2957=ORIENTED_EDGE('',*,*,#2254,.T.);
#2958=ORIENTED_EDGE('',*,*,#2252,.F.);
#2959=ORIENTED_EDGE('',*,*,#2254,.F.);
#2960=ORIENTED_EDGE('',*,*,#2255,.T.);
#2961=ORIENTED_EDGE('',*,*,#2256,.F.);
#2962=ORIENTED_EDGE('',*,*,#2255,.F.);
#2963=ORIENTED_EDGE('',*,*,#2253,.F.);
#2964=ORIENTED_EDGE('',*,*,#2196,.T.);
#2965=ORIENTED_EDGE('',*,*,#2257,.T.);
#2966=ORIENTED_EDGE('',*,*,#2258,.T.);
#2967=ORIENTED_EDGE('',*,*,#2259,.T.);
#2968=ORIENTED_EDGE('',*,*,#2257,.F.);
#2969=ORIENTED_EDGE('',*,*,#2259,.F.);
#2970=ORIENTED_EDGE('',*,*,#2260,.T.);
#2971=ORIENTED_EDGE('',*,*,#2261,.F.);
#2972=ORIENTED_EDGE('',*,*,#2260,.F.);
#2973=ORIENTED_EDGE('',*,*,#2258,.F.);
#2974=ORIENTED_EDGE('',*,*,#2262,.T.);
#2975=ORIENTED_EDGE('',*,*,#2263,.T.);
#2976=ORIENTED_EDGE('',*,*,#2264,.T.);
#2977=ORIENTED_EDGE('',*,*,#2265,.F.);
#2978=ORIENTED_EDGE('',*,*,#2266,.T.);
#2979=ORIENTED_EDGE('',*,*,#2267,.T.);
#2980=ORIENTED_EDGE('',*,*,#2268,.T.);
#2981=ORIENTED_EDGE('',*,*,#2263,.F.);
#2982=ORIENTED_EDGE('',*,*,#2269,.T.);
#2983=ORIENTED_EDGE('',*,*,#2270,.T.);
#2984=ORIENTED_EDGE('',*,*,#2271,.T.);
#2985=ORIENTED_EDGE('',*,*,#2267,.F.);
#2986=ORIENTED_EDGE('',*,*,#2272,.T.);
#2987=ORIENTED_EDGE('',*,*,#2270,.F.);
#2988=ORIENTED_EDGE('',*,*,#2273,.T.);
#2989=ORIENTED_EDGE('',*,*,#2265,.T.);
#2990=ORIENTED_EDGE('',*,*,#2272,.F.);
#2991=ORIENTED_EDGE('',*,*,#2274,.F.);
#2992=ORIENTED_EDGE('',*,*,#2182,.F.);
#2993=ORIENTED_EDGE('',*,*,#2275,.T.);
#2994=ORIENTED_EDGE('',*,*,#2264,.F.);
#2995=ORIENTED_EDGE('',*,*,#2276,.F.);
#2996=ORIENTED_EDGE('',*,*,#2179,.F.);
#2997=ORIENTED_EDGE('',*,*,#2277,.T.);
#2998=ORIENTED_EDGE('',*,*,#2278,.F.);
#2999=ORIENTED_EDGE('',*,*,#2279,.F.);
#3000=ORIENTED_EDGE('',*,*,#2280,.T.);
#3001=ORIENTED_EDGE('',*,*,#2281,.T.);
#3002=ORIENTED_EDGE('',*,*,#2282,.F.);
#3003=ORIENTED_EDGE('',*,*,#2283,.F.);
#3004=ORIENTED_EDGE('',*,*,#2183,.F.);
#3005=ORIENTED_EDGE('',*,*,#2274,.T.);
#3006=ORIENTED_EDGE('',*,*,#2262,.F.);
#3007=ORIENTED_EDGE('',*,*,#2273,.F.);
#3008=ORIENTED_EDGE('',*,*,#2269,.F.);
#3009=ORIENTED_EDGE('',*,*,#2266,.F.);
#3010=ORIENTED_EDGE('',*,*,#2284,.T.);
#3011=ORIENTED_EDGE('',*,*,#2285,.T.);
#3012=ORIENTED_EDGE('',*,*,#2286,.T.);
#3013=ORIENTED_EDGE('',*,*,#2287,.F.);
#3014=ORIENTED_EDGE('',*,*,#2288,.T.);
#3015=ORIENTED_EDGE('',*,*,#2289,.T.);
#3016=ORIENTED_EDGE('',*,*,#2278,.T.);
#3017=ORIENTED_EDGE('',*,*,#2285,.F.);
#3018=ORIENTED_EDGE('',*,*,#2290,.T.);
#3019=ORIENTED_EDGE('',*,*,#2291,.T.);
#3020=ORIENTED_EDGE('',*,*,#2292,.T.);
#3021=ORIENTED_EDGE('',*,*,#2289,.F.);
#3022=ORIENTED_EDGE('',*,*,#2293,.T.);
#3023=ORIENTED_EDGE('',*,*,#2294,.T.);
#3024=ORIENTED_EDGE('',*,*,#2295,.T.);
#3025=ORIENTED_EDGE('',*,*,#2291,.F.);
#3026=ORIENTED_EDGE('',*,*,#2296,.T.);
#3027=ORIENTED_EDGE('',*,*,#2297,.T.);
#3028=ORIENTED_EDGE('',*,*,#2298,.T.);
#3029=ORIENTED_EDGE('',*,*,#2294,.F.);
#3030=ORIENTED_EDGE('',*,*,#2299,.T.);
#3031=ORIENTED_EDGE('',*,*,#2297,.F.);
#3032=ORIENTED_EDGE('',*,*,#2300,.T.);
#3033=ORIENTED_EDGE('',*,*,#2301,.T.);
#3034=ORIENTED_EDGE('',*,*,#2302,.T.);
#3035=ORIENTED_EDGE('',*,*,#2301,.F.);
#3036=ORIENTED_EDGE('',*,*,#2303,.T.);
#3037=ORIENTED_EDGE('',*,*,#2304,.T.);
#3038=ORIENTED_EDGE('',*,*,#2305,.T.);
#3039=ORIENTED_EDGE('',*,*,#2304,.F.);
#3040=ORIENTED_EDGE('',*,*,#2306,.T.);
#3041=ORIENTED_EDGE('',*,*,#2287,.T.);
#3042=ORIENTED_EDGE('',*,*,#2299,.F.);
#3043=ORIENTED_EDGE('',*,*,#2307,.F.);
#3044=ORIENTED_EDGE('',*,*,#2175,.F.);
#3045=ORIENTED_EDGE('',*,*,#2308,.T.);
#3046=ORIENTED_EDGE('',*,*,#2302,.F.);
#3047=ORIENTED_EDGE('',*,*,#2309,.T.);
#3048=ORIENTED_EDGE('',*,*,#2176,.F.);
#3049=ORIENTED_EDGE('',*,*,#2307,.T.);
#3050=ORIENTED_EDGE('',*,*,#2305,.F.);
#3051=ORIENTED_EDGE('',*,*,#2310,.F.);
#3052=ORIENTED_EDGE('',*,*,#2177,.F.);
#3053=ORIENTED_EDGE('',*,*,#2309,.F.);
#3054=ORIENTED_EDGE('',*,*,#2286,.F.);
#3055=ORIENTED_EDGE('',*,*,#2277,.F.);
#3056=ORIENTED_EDGE('',*,*,#2178,.F.);
#3057=ORIENTED_EDGE('',*,*,#2310,.T.);
#3058=ORIENTED_EDGE('',*,*,#2284,.F.);
#3059=ORIENTED_EDGE('',*,*,#2306,.F.);
#3060=ORIENTED_EDGE('',*,*,#2303,.F.);
#3061=ORIENTED_EDGE('',*,*,#2300,.F.);
#3062=ORIENTED_EDGE('',*,*,#2296,.F.);
#3063=ORIENTED_EDGE('',*,*,#2293,.F.);
#3064=ORIENTED_EDGE('',*,*,#2290,.F.);
#3065=ORIENTED_EDGE('',*,*,#2288,.F.);
#3066=ORIENTED_EDGE('',*,*,#2311,.T.);
#3067=ORIENTED_EDGE('',*,*,#2312,.T.);
#3068=ORIENTED_EDGE('',*,*,#2313,.T.);
#3069=ORIENTED_EDGE('',*,*,#2314,.F.);
#3070=ORIENTED_EDGE('',*,*,#2315,.T.);
#3071=ORIENTED_EDGE('',*,*,#2316,.T.);
#3072=ORIENTED_EDGE('',*,*,#2317,.T.);
#3073=ORIENTED_EDGE('',*,*,#2312,.F.);
#3074=ORIENTED_EDGE('',*,*,#2318,.T.);
#3075=ORIENTED_EDGE('',*,*,#2319,.T.);
#3076=ORIENTED_EDGE('',*,*,#2320,.T.);
#3077=ORIENTED_EDGE('',*,*,#2316,.F.);
#3078=ORIENTED_EDGE('',*,*,#2321,.T.);
#3079=ORIENTED_EDGE('',*,*,#2319,.F.);
#3080=ORIENTED_EDGE('',*,*,#2322,.T.);
#3081=ORIENTED_EDGE('',*,*,#2314,.T.);
#3082=ORIENTED_EDGE('',*,*,#2321,.F.);
#3083=ORIENTED_EDGE('',*,*,#2323,.F.);
#3084=ORIENTED_EDGE('',*,*,#2171,.F.);
#3085=ORIENTED_EDGE('',*,*,#2324,.T.);
#3086=ORIENTED_EDGE('',*,*,#2313,.F.);
#3087=ORIENTED_EDGE('',*,*,#2325,.F.);
#3088=ORIENTED_EDGE('',*,*,#2172,.F.);
#3089=ORIENTED_EDGE('',*,*,#2323,.T.);
#3090=ORIENTED_EDGE('',*,*,#2311,.F.);
#3091=ORIENTED_EDGE('',*,*,#2322,.F.);
#3092=ORIENTED_EDGE('',*,*,#2318,.F.);
#3093=ORIENTED_EDGE('',*,*,#2315,.F.);
#3094=ORIENTED_EDGE('',*,*,#2326,.T.);
#3095=ORIENTED_EDGE('',*,*,#2327,.T.);
#3096=ORIENTED_EDGE('',*,*,#2282,.T.);
#3097=ORIENTED_EDGE('',*,*,#2328,.F.);
#3098=ORIENTED_EDGE('',*,*,#2329,.T.);
#3099=ORIENTED_EDGE('',*,*,#2330,.T.);
#3100=ORIENTED_EDGE('',*,*,#2331,.T.);
#3101=ORIENTED_EDGE('',*,*,#2327,.F.);
#3102=ORIENTED_EDGE('',*,*,#2332,.T.);
#3103=ORIENTED_EDGE('',*,*,#2333,.T.);
#3104=ORIENTED_EDGE('',*,*,#2334,.T.);
#3105=ORIENTED_EDGE('',*,*,#2330,.F.);
#3106=ORIENTED_EDGE('',*,*,#2335,.T.);
#3107=ORIENTED_EDGE('',*,*,#2336,.T.);
#3108=ORIENTED_EDGE('',*,*,#2337,.T.);
#3109=ORIENTED_EDGE('',*,*,#2333,.F.);
#3110=ORIENTED_EDGE('',*,*,#2338,.T.);
#3111=ORIENTED_EDGE('',*,*,#2339,.T.);
#3112=ORIENTED_EDGE('',*,*,#2340,.T.);
#3113=ORIENTED_EDGE('',*,*,#2336,.F.);
#3114=ORIENTED_EDGE('',*,*,#2341,.T.);
#3115=ORIENTED_EDGE('',*,*,#2339,.F.);
#3116=ORIENTED_EDGE('',*,*,#2342,.T.);
#3117=ORIENTED_EDGE('',*,*,#2343,.T.);
#3118=ORIENTED_EDGE('',*,*,#2344,.T.);
#3119=ORIENTED_EDGE('',*,*,#2343,.F.);
#3120=ORIENTED_EDGE('',*,*,#2345,.T.);
#3121=ORIENTED_EDGE('',*,*,#2346,.T.);
#3122=ORIENTED_EDGE('',*,*,#2347,.T.);
#3123=ORIENTED_EDGE('',*,*,#2346,.F.);
#3124=ORIENTED_EDGE('',*,*,#2348,.T.);
#3125=ORIENTED_EDGE('',*,*,#2328,.T.);
#3126=ORIENTED_EDGE('',*,*,#2341,.F.);
#3127=ORIENTED_EDGE('',*,*,#2349,.F.);
#3128=ORIENTED_EDGE('',*,*,#2168,.F.);
#3129=ORIENTED_EDGE('',*,*,#2350,.T.);
#3130=ORIENTED_EDGE('',*,*,#2295,.F.);
#3131=ORIENTED_EDGE('',*,*,#2351,.F.);
#3132=ORIENTED_EDGE('',*,*,#2173,.F.);
#3133=ORIENTED_EDGE('',*,*,#2325,.T.);
#3134=ORIENTED_EDGE('',*,*,#2317,.F.);
#3135=ORIENTED_EDGE('',*,*,#2352,.F.);
#3136=ORIENTED_EDGE('',*,*,#2169,.F.);
#3137=ORIENTED_EDGE('',*,*,#2349,.T.);
#3138=ORIENTED_EDGE('',*,*,#2344,.F.);
#3139=ORIENTED_EDGE('',*,*,#2353,.F.);
#3140=ORIENTED_EDGE('',*,*,#2354,.T.);
#3141=ORIENTED_EDGE('',*,*,#2355,.T.);
#3142=ORIENTED_EDGE('',*,*,#2347,.F.);
#3143=ORIENTED_EDGE('',*,*,#2281,.F.);
#3144=ORIENTED_EDGE('',*,*,#2356,.T.);
#3145=ORIENTED_EDGE('',*,*,#2353,.T.);
#3146=ORIENTED_EDGE('',*,*,#2326,.F.);
#3147=ORIENTED_EDGE('',*,*,#2348,.F.);
#3148=ORIENTED_EDGE('',*,*,#2345,.F.);
#3149=ORIENTED_EDGE('',*,*,#2342,.F.);
#3150=ORIENTED_EDGE('',*,*,#2338,.F.);
#3151=ORIENTED_EDGE('',*,*,#2335,.F.);
#3152=ORIENTED_EDGE('',*,*,#2332,.F.);
#3153=ORIENTED_EDGE('',*,*,#2329,.F.);
#3154=ORIENTED_EDGE('',*,*,#2236,.F.);
#3155=ORIENTED_EDGE('',*,*,#2357,.T.);
#3156=ORIENTED_EDGE('',*,*,#2358,.F.);
#3157=ORIENTED_EDGE('',*,*,#2240,.F.);
#3158=ORIENTED_EDGE('',*,*,#2235,.F.);
#3159=ORIENTED_EDGE('',*,*,#2239,.T.);
#3160=ORIENTED_EDGE('',*,*,#2359,.F.);
#3161=ORIENTED_EDGE('',*,*,#2357,.F.);
#3162=ORIENTED_EDGE('',*,*,#2223,.F.);
#3163=ORIENTED_EDGE('',*,*,#2360,.T.);
#3164=ORIENTED_EDGE('',*,*,#2361,.F.);
#3165=ORIENTED_EDGE('',*,*,#2227,.F.);
#3166=ORIENTED_EDGE('',*,*,#2222,.F.);
#3167=ORIENTED_EDGE('',*,*,#2226,.T.);
#3168=ORIENTED_EDGE('',*,*,#2362,.F.);
#3169=ORIENTED_EDGE('',*,*,#2360,.F.);
#3170=ORIENTED_EDGE('',*,*,#2210,.F.);
#3171=ORIENTED_EDGE('',*,*,#2363,.T.);
#3172=ORIENTED_EDGE('',*,*,#2364,.F.);
#3173=ORIENTED_EDGE('',*,*,#2214,.F.);
#3174=ORIENTED_EDGE('',*,*,#2209,.F.);
#3175=ORIENTED_EDGE('',*,*,#2213,.T.);
#3176=ORIENTED_EDGE('',*,*,#2365,.F.);
#3177=ORIENTED_EDGE('',*,*,#2363,.F.);
#3178=ORIENTED_EDGE('',*,*,#2161,.F.);
#3179=ORIENTED_EDGE('',*,*,#2366,.T.);
#3180=ORIENTED_EDGE('',*,*,#2367,.F.);
#3181=ORIENTED_EDGE('',*,*,#2165,.F.);
#3182=ORIENTED_EDGE('',*,*,#2159,.F.);
#3183=ORIENTED_EDGE('',*,*,#2164,.T.);
#3184=ORIENTED_EDGE('',*,*,#2368,.F.);
#3185=ORIENTED_EDGE('',*,*,#2366,.F.);
#3186=ORIENTED_EDGE('',*,*,#2340,.F.);
#3187=ORIENTED_EDGE('',*,*,#2350,.F.);
#3188=ORIENTED_EDGE('',*,*,#2167,.F.);
#3189=ORIENTED_EDGE('',*,*,#2369,.F.);
#3190=ORIENTED_EDGE('',*,*,#2337,.F.);
#3191=ORIENTED_EDGE('',*,*,#2369,.T.);
#3192=ORIENTED_EDGE('',*,*,#2186,.F.);
#3193=ORIENTED_EDGE('',*,*,#2370,.T.);
#3194=ORIENTED_EDGE('',*,*,#2320,.F.);
#3195=ORIENTED_EDGE('',*,*,#2324,.F.);
#3196=ORIENTED_EDGE('',*,*,#2170,.F.);
#3197=ORIENTED_EDGE('',*,*,#2352,.T.);
#3198=ORIENTED_EDGE('',*,*,#2298,.F.);
#3199=ORIENTED_EDGE('',*,*,#2308,.F.);
#3200=ORIENTED_EDGE('',*,*,#2174,.F.);
#3201=ORIENTED_EDGE('',*,*,#2351,.T.);
#3202=ORIENTED_EDGE('',*,*,#2334,.F.);
#3203=ORIENTED_EDGE('',*,*,#2370,.F.);
#3204=ORIENTED_EDGE('',*,*,#2185,.F.);
#3205=ORIENTED_EDGE('',*,*,#2371,.T.);
#3206=ORIENTED_EDGE('',*,*,#2331,.F.);
#3207=ORIENTED_EDGE('',*,*,#2371,.F.);
#3208=ORIENTED_EDGE('',*,*,#2184,.F.);
#3209=ORIENTED_EDGE('',*,*,#2283,.T.);
#3210=ORIENTED_EDGE('',*,*,#2271,.F.);
#3211=ORIENTED_EDGE('',*,*,#2275,.F.);
#3212=ORIENTED_EDGE('',*,*,#2181,.F.);
#3213=ORIENTED_EDGE('',*,*,#2372,.T.);
#3214=ORIENTED_EDGE('',*,*,#2268,.F.);
#3215=ORIENTED_EDGE('',*,*,#2372,.F.);
#3216=ORIENTED_EDGE('',*,*,#2180,.F.);
#3217=ORIENTED_EDGE('',*,*,#2276,.T.);
#3218=ORIENTED_EDGE('',*,*,#2292,.F.);
#3219=ORIENTED_EDGE('',*,*,#2355,.F.);
#3220=ORIENTED_EDGE('',*,*,#2373,.T.);
#3221=ORIENTED_EDGE('',*,*,#2279,.T.);
#3222=ORIENTED_EDGE('',*,*,#2373,.F.);
#3223=ORIENTED_EDGE('',*,*,#2354,.F.);
#3224=ORIENTED_EDGE('',*,*,#2356,.F.);
#3225=ORIENTED_EDGE('',*,*,#2280,.F.);
#3226=ORIENTED_EDGE('',*,*,#2368,.T.);
#3227=ORIENTED_EDGE('',*,*,#2163,.T.);
#3228=ORIENTED_EDGE('',*,*,#2166,.T.);
#3229=ORIENTED_EDGE('',*,*,#2367,.T.);
#3230=ORIENTED_EDGE('',*,*,#2365,.T.);
#3231=ORIENTED_EDGE('',*,*,#2212,.T.);
#3232=ORIENTED_EDGE('',*,*,#2215,.T.);
#3233=ORIENTED_EDGE('',*,*,#2364,.T.);
#3234=ORIENTED_EDGE('',*,*,#2362,.T.);
#3235=ORIENTED_EDGE('',*,*,#2225,.T.);
#3236=ORIENTED_EDGE('',*,*,#2228,.T.);
#3237=ORIENTED_EDGE('',*,*,#2361,.T.);
#3238=ORIENTED_EDGE('',*,*,#2359,.T.);
#3239=ORIENTED_EDGE('',*,*,#2238,.T.);
#3240=ORIENTED_EDGE('',*,*,#2241,.T.);
#3241=ORIENTED_EDGE('',*,*,#2358,.T.);
#3242=ORIENTED_EDGE('',*,*,#2246,.T.);
#3243=ORIENTED_EDGE('',*,*,#2251,.T.);
#3244=ORIENTED_EDGE('',*,*,#2256,.T.);
#3245=ORIENTED_EDGE('',*,*,#2261,.T.);
#3246=ORIENTED_EDGE('',*,*,#2374,.F.);
#3247=ORIENTED_EDGE('',*,*,#2375,.T.);
#3248=ORIENTED_EDGE('',*,*,#2376,.T.);
#3249=ORIENTED_EDGE('',*,*,#2375,.F.);
#3250=ORIENTED_EDGE('',*,*,#2376,.F.);
#3251=ORIENTED_EDGE('',*,*,#2377,.F.);
#3252=ORIENTED_EDGE('',*,*,#2378,.T.);
#3253=ORIENTED_EDGE('',*,*,#2379,.T.);
#3254=ORIENTED_EDGE('',*,*,#2378,.F.);
#3255=ORIENTED_EDGE('',*,*,#2379,.F.);
#3256=ORIENTED_EDGE('',*,*,#2380,.F.);
#3257=ORIENTED_EDGE('',*,*,#2381,.T.);
#3258=ORIENTED_EDGE('',*,*,#2382,.T.);
#3259=ORIENTED_EDGE('',*,*,#2381,.F.);
#3260=ORIENTED_EDGE('',*,*,#2382,.F.);
#3261=ORIENTED_EDGE('',*,*,#2383,.F.);
#3262=ORIENTED_EDGE('',*,*,#2384,.T.);
#3263=ORIENTED_EDGE('',*,*,#2385,.T.);
#3264=ORIENTED_EDGE('',*,*,#2384,.F.);
#3265=ORIENTED_EDGE('',*,*,#2385,.F.);
#3266=ORIENTED_EDGE('',*,*,#2386,.T.);
#3267=ORIENTED_EDGE('',*,*,#2387,.T.);
#3268=ORIENTED_EDGE('',*,*,#2388,.T.);
#3269=ORIENTED_EDGE('',*,*,#2389,.T.);
#3270=ORIENTED_EDGE('',*,*,#2390,.T.);
#3271=ORIENTED_EDGE('',*,*,#2391,.T.);
#3272=ORIENTED_EDGE('',*,*,#2392,.T.);
#3273=ORIENTED_EDGE('',*,*,#2393,.T.);
#3274=ORIENTED_EDGE('',*,*,#2374,.T.);
#3275=ORIENTED_EDGE('',*,*,#2377,.T.);
#3276=ORIENTED_EDGE('',*,*,#2380,.T.);
#3277=ORIENTED_EDGE('',*,*,#2383,.T.);
#3278=ORIENTED_EDGE('',*,*,#2394,.T.);
#3279=ORIENTED_EDGE('',*,*,#2391,.F.);
#3280=ORIENTED_EDGE('',*,*,#2395,.F.);
#3281=ORIENTED_EDGE('',*,*,#2389,.F.);
#3282=ORIENTED_EDGE('',*,*,#2396,.T.);
#3283=ORIENTED_EDGE('',*,*,#2392,.F.);
#3284=ORIENTED_EDGE('',*,*,#2394,.F.);
#3285=ORIENTED_EDGE('',*,*,#2388,.F.);
#3286=ORIENTED_EDGE('',*,*,#2397,.T.);
#3287=ORIENTED_EDGE('',*,*,#2393,.F.);
#3288=ORIENTED_EDGE('',*,*,#2396,.F.);
#3289=ORIENTED_EDGE('',*,*,#2387,.F.);
#3290=ORIENTED_EDGE('',*,*,#2395,.T.);
#3291=ORIENTED_EDGE('',*,*,#2390,.F.);
#3292=ORIENTED_EDGE('',*,*,#2397,.F.);
#3293=ORIENTED_EDGE('',*,*,#2386,.F.);
#3294=ORIENTED_EDGE('',*,*,#2398,.F.);
#3295=ORIENTED_EDGE('',*,*,#2399,.T.);
#3296=ORIENTED_EDGE('',*,*,#2400,.F.);
#3297=ORIENTED_EDGE('',*,*,#2401,.F.);
#3298=ORIENTED_EDGE('',*,*,#2402,.F.);
#3299=ORIENTED_EDGE('',*,*,#2403,.F.);
#3300=ORIENTED_EDGE('',*,*,#2401,.T.);
#3301=ORIENTED_EDGE('',*,*,#2404,.F.);
#3302=ORIENTED_EDGE('',*,*,#2405,.F.);
#3303=ORIENTED_EDGE('',*,*,#2406,.T.);
#3304=ORIENTED_EDGE('',*,*,#2405,.T.);
#3305=ORIENTED_EDGE('',*,*,#2407,.F.);
#3306=ORIENTED_EDGE('',*,*,#2408,.F.);
#3307=ORIENTED_EDGE('',*,*,#2409,.T.);
#3308=ORIENTED_EDGE('',*,*,#2408,.T.);
#3309=ORIENTED_EDGE('',*,*,#2410,.F.);
#3310=ORIENTED_EDGE('',*,*,#2399,.F.);
#3311=ORIENTED_EDGE('',*,*,#2411,.F.);
#3312=ORIENTED_EDGE('',*,*,#2400,.T.);
#3313=ORIENTED_EDGE('',*,*,#2410,.T.);
#3314=ORIENTED_EDGE('',*,*,#2407,.T.);
#3315=ORIENTED_EDGE('',*,*,#2404,.T.);
#3316=ORIENTED_EDGE('',*,*,#2411,.T.);
#3317=ORIENTED_EDGE('',*,*,#2412,.F.);
#3318=ORIENTED_EDGE('',*,*,#2413,.F.);
#3319=ORIENTED_EDGE('',*,*,#2414,.T.);
#3320=ORIENTED_EDGE('',*,*,#2403,.T.);
#3321=ORIENTED_EDGE('',*,*,#2415,.T.);
#3322=ORIENTED_EDGE('',*,*,#2416,.T.);
#3323=ORIENTED_EDGE('',*,*,#2417,.F.);
#3324=ORIENTED_EDGE('',*,*,#2418,.F.);
#3325=ORIENTED_EDGE('',*,*,#2419,.T.);
#3326=ORIENTED_EDGE('',*,*,#2420,.T.);
#3327=ORIENTED_EDGE('',*,*,#2419,.F.);
#3328=ORIENTED_EDGE('',*,*,#2421,.F.);
#3329=ORIENTED_EDGE('',*,*,#2422,.T.);
#3330=ORIENTED_EDGE('',*,*,#2423,.T.);
#3331=ORIENTED_EDGE('',*,*,#2422,.F.);
#3332=ORIENTED_EDGE('',*,*,#2424,.F.);
#3333=ORIENTED_EDGE('',*,*,#2425,.T.);
#3334=ORIENTED_EDGE('',*,*,#2426,.T.);
#3335=ORIENTED_EDGE('',*,*,#2425,.F.);
#3336=ORIENTED_EDGE('',*,*,#2427,.F.);
#3337=ORIENTED_EDGE('',*,*,#2428,.T.);
#3338=ORIENTED_EDGE('',*,*,#2429,.T.);
#3339=ORIENTED_EDGE('',*,*,#2428,.F.);
#3340=ORIENTED_EDGE('',*,*,#2430,.T.);
#3341=ORIENTED_EDGE('',*,*,#2431,.T.);
#3342=ORIENTED_EDGE('',*,*,#2432,.F.);
#3343=ORIENTED_EDGE('',*,*,#2416,.F.);
#3344=ORIENTED_EDGE('',*,*,#2433,.T.);
#3345=ORIENTED_EDGE('',*,*,#2413,.T.);
#3346=ORIENTED_EDGE('',*,*,#2434,.F.);
#3347=ORIENTED_EDGE('',*,*,#2435,.F.);
#3348=ORIENTED_EDGE('',*,*,#2436,.T.);
#3349=ORIENTED_EDGE('',*,*,#2435,.T.);
#3350=ORIENTED_EDGE('',*,*,#2437,.F.);
#3351=ORIENTED_EDGE('',*,*,#2431,.F.);
#3352=ORIENTED_EDGE('',*,*,#2437,.T.);
#3353=ORIENTED_EDGE('',*,*,#2434,.T.);
#3354=ORIENTED_EDGE('',*,*,#2412,.T.);
#3355=ORIENTED_EDGE('',*,*,#2398,.T.);
#3356=ORIENTED_EDGE('',*,*,#2417,.T.);
#3357=ORIENTED_EDGE('',*,*,#2432,.T.);
#3358=ORIENTED_EDGE('',*,*,#2427,.T.);
#3359=ORIENTED_EDGE('',*,*,#2424,.T.);
#3360=ORIENTED_EDGE('',*,*,#2421,.T.);
#3361=ORIENTED_EDGE('',*,*,#2418,.T.);
#3362=ORIENTED_EDGE('',*,*,#2436,.F.);
#3363=ORIENTED_EDGE('',*,*,#2430,.F.);
#3364=ORIENTED_EDGE('',*,*,#2415,.F.);
#3365=ORIENTED_EDGE('',*,*,#2402,.T.);
#3366=ORIENTED_EDGE('',*,*,#2406,.F.);
#3367=ORIENTED_EDGE('',*,*,#2409,.F.);
#3368=ORIENTED_EDGE('',*,*,#2414,.F.);
#3369=ORIENTED_EDGE('',*,*,#2433,.F.);
#3370=ORIENTED_EDGE('',*,*,#2429,.F.);
#3371=ORIENTED_EDGE('',*,*,#2426,.F.);
#3372=ORIENTED_EDGE('',*,*,#2423,.F.);
#3373=ORIENTED_EDGE('',*,*,#2420,.F.);
#3374=ORIENTED_EDGE('',*,*,#2438,.T.);
#3375=ORIENTED_EDGE('',*,*,#2439,.T.);
#3376=ORIENTED_EDGE('',*,*,#2440,.T.);
#3377=ORIENTED_EDGE('',*,*,#2441,.T.);
#3378=ORIENTED_EDGE('',*,*,#2442,.T.);
#3379=ORIENTED_EDGE('',*,*,#2443,.T.);
#3380=ORIENTED_EDGE('',*,*,#2444,.T.);
#3381=ORIENTED_EDGE('',*,*,#2445,.T.);
#3382=ORIENTED_EDGE('',*,*,#2446,.T.);
#3383=ORIENTED_EDGE('',*,*,#2443,.F.);
#3384=ORIENTED_EDGE('',*,*,#2447,.F.);
#3385=ORIENTED_EDGE('',*,*,#2441,.F.);
#3386=ORIENTED_EDGE('',*,*,#2448,.T.);
#3387=ORIENTED_EDGE('',*,*,#2444,.F.);
#3388=ORIENTED_EDGE('',*,*,#2446,.F.);
#3389=ORIENTED_EDGE('',*,*,#2440,.F.);
#3390=ORIENTED_EDGE('',*,*,#2449,.T.);
#3391=ORIENTED_EDGE('',*,*,#2445,.F.);
#3392=ORIENTED_EDGE('',*,*,#2448,.F.);
#3393=ORIENTED_EDGE('',*,*,#2439,.F.);
#3394=ORIENTED_EDGE('',*,*,#2447,.T.);
#3395=ORIENTED_EDGE('',*,*,#2442,.F.);
#3396=ORIENTED_EDGE('',*,*,#2449,.F.);
#3397=ORIENTED_EDGE('',*,*,#2438,.F.);
#3398=ORIENTED_EDGE('',*,*,#2450,.F.);
#3399=ORIENTED_EDGE('',*,*,#2451,.F.);
#3400=ORIENTED_EDGE('',*,*,#2452,.F.);
#3401=ORIENTED_EDGE('',*,*,#2453,.T.);
#3402=ORIENTED_EDGE('',*,*,#2454,.F.);
#3403=ORIENTED_EDGE('',*,*,#2453,.F.);
#3404=ORIENTED_EDGE('',*,*,#2455,.F.);
#3405=ORIENTED_EDGE('',*,*,#2456,.F.);
#3406=ORIENTED_EDGE('',*,*,#2457,.F.);
#3407=ORIENTED_EDGE('',*,*,#2458,.F.);
#3408=ORIENTED_EDGE('',*,*,#2459,.F.);
#3409=ORIENTED_EDGE('',*,*,#2451,.T.);
#3410=ORIENTED_EDGE('',*,*,#2460,.F.);
#3411=ORIENTED_EDGE('',*,*,#2461,.F.);
#3412=ORIENTED_EDGE('',*,*,#2462,.F.);
#3413=ORIENTED_EDGE('',*,*,#2463,.T.);
#3414=ORIENTED_EDGE('',*,*,#2464,.F.);
#3415=ORIENTED_EDGE('',*,*,#2463,.F.);
#3416=ORIENTED_EDGE('',*,*,#2465,.F.);
#3417=ORIENTED_EDGE('',*,*,#2466,.T.);
#3418=ORIENTED_EDGE('',*,*,#2467,.F.);
#3419=ORIENTED_EDGE('',*,*,#2466,.F.);
#3420=ORIENTED_EDGE('',*,*,#2468,.F.);
#3421=ORIENTED_EDGE('',*,*,#2469,.F.);
#3422=ORIENTED_EDGE('',*,*,#2470,.F.);
#3423=ORIENTED_EDGE('',*,*,#2471,.F.);
#3424=ORIENTED_EDGE('',*,*,#2472,.F.);
#3425=ORIENTED_EDGE('',*,*,#2473,.T.);
#3426=ORIENTED_EDGE('',*,*,#2474,.F.);
#3427=ORIENTED_EDGE('',*,*,#2473,.F.);
#3428=ORIENTED_EDGE('',*,*,#2475,.F.);
#3429=ORIENTED_EDGE('',*,*,#2476,.F.);
#3430=ORIENTED_EDGE('',*,*,#2477,.F.);
#3431=ORIENTED_EDGE('',*,*,#2478,.F.);
#3432=ORIENTED_EDGE('',*,*,#2479,.F.);
#3433=ORIENTED_EDGE('',*,*,#2471,.T.);
#3434=ORIENTED_EDGE('',*,*,#2480,.F.);
#3435=ORIENTED_EDGE('',*,*,#2481,.F.);
#3436=ORIENTED_EDGE('',*,*,#2482,.F.);
#3437=ORIENTED_EDGE('',*,*,#2483,.T.);
#3438=ORIENTED_EDGE('',*,*,#2484,.F.);
#3439=ORIENTED_EDGE('',*,*,#2483,.F.);
#3440=ORIENTED_EDGE('',*,*,#2485,.F.);
#3441=ORIENTED_EDGE('',*,*,#2486,.F.);
#3442=ORIENTED_EDGE('',*,*,#2487,.F.);
#3443=ORIENTED_EDGE('',*,*,#2488,.F.);
#3444=ORIENTED_EDGE('',*,*,#2489,.F.);
#3445=ORIENTED_EDGE('',*,*,#2481,.T.);
#3446=ORIENTED_EDGE('',*,*,#2469,.T.);
#3447=ORIENTED_EDGE('',*,*,#2490,.F.);
#3448=ORIENTED_EDGE('',*,*,#2491,.T.);
#3449=ORIENTED_EDGE('',*,*,#2492,.F.);
#3450=ORIENTED_EDGE('',*,*,#2458,.T.);
#3451=ORIENTED_EDGE('',*,*,#2493,.F.);
#3452=ORIENTED_EDGE('',*,*,#2494,.F.);
#3453=ORIENTED_EDGE('',*,*,#2495,.F.);
#3454=ORIENTED_EDGE('',*,*,#2455,.T.);
#3455=ORIENTED_EDGE('',*,*,#2452,.T.);
#3456=ORIENTED_EDGE('',*,*,#2459,.T.);
#3457=ORIENTED_EDGE('',*,*,#2495,.T.);
#3458=ORIENTED_EDGE('',*,*,#2496,.T.);
#3459=ORIENTED_EDGE('',*,*,#2497,.T.);
#3460=ORIENTED_EDGE('',*,*,#2475,.T.);
#3461=ORIENTED_EDGE('',*,*,#2472,.T.);
#3462=ORIENTED_EDGE('',*,*,#2479,.T.);
#3463=ORIENTED_EDGE('',*,*,#2498,.T.);
#3464=ORIENTED_EDGE('',*,*,#2485,.T.);
#3465=ORIENTED_EDGE('',*,*,#2482,.T.);
#3466=ORIENTED_EDGE('',*,*,#2489,.T.);
#3467=ORIENTED_EDGE('',*,*,#2499,.T.);
#3468=ORIENTED_EDGE('',*,*,#2500,.T.);
#3469=ORIENTED_EDGE('',*,*,#2490,.T.);
#3470=ORIENTED_EDGE('',*,*,#2468,.T.);
#3471=ORIENTED_EDGE('',*,*,#2465,.T.);
#3472=ORIENTED_EDGE('',*,*,#2462,.T.);
#3473=ORIENTED_EDGE('',*,*,#2501,.T.);
#3474=ORIENTED_EDGE('',*,*,#2488,.T.);
#3475=ORIENTED_EDGE('',*,*,#2502,.F.);
#3476=ORIENTED_EDGE('',*,*,#2503,.F.);
#3477=ORIENTED_EDGE('',*,*,#2499,.F.);
#3478=ORIENTED_EDGE('',*,*,#2478,.T.);
#3479=ORIENTED_EDGE('',*,*,#2504,.F.);
#3480=ORIENTED_EDGE('',*,*,#2486,.T.);
#3481=ORIENTED_EDGE('',*,*,#2498,.F.);
#3482=ORIENTED_EDGE('',*,*,#2457,.T.);
#3483=ORIENTED_EDGE('',*,*,#2450,.T.);
#3484=ORIENTED_EDGE('',*,*,#2454,.T.);
#3485=ORIENTED_EDGE('',*,*,#2505,.T.);
#3486=ORIENTED_EDGE('',*,*,#2460,.T.);
#3487=ORIENTED_EDGE('',*,*,#2464,.T.);
#3488=ORIENTED_EDGE('',*,*,#2467,.T.);
#3489=ORIENTED_EDGE('',*,*,#2492,.T.);
#3490=ORIENTED_EDGE('',*,*,#2506,.T.);
#3491=ORIENTED_EDGE('',*,*,#2502,.T.);
#3492=ORIENTED_EDGE('',*,*,#2487,.T.);
#3493=ORIENTED_EDGE('',*,*,#2480,.T.);
#3494=ORIENTED_EDGE('',*,*,#2484,.T.);
#3495=ORIENTED_EDGE('',*,*,#2504,.T.);
#3496=ORIENTED_EDGE('',*,*,#2477,.T.);
#3497=ORIENTED_EDGE('',*,*,#2470,.T.);
#3498=ORIENTED_EDGE('',*,*,#2474,.T.);
#3499=ORIENTED_EDGE('',*,*,#2507,.T.);
#3500=ORIENTED_EDGE('',*,*,#2508,.T.);
#3501=ORIENTED_EDGE('',*,*,#2493,.T.);
#3502=ORIENTED_EDGE('',*,*,#2456,.T.);
#3503=ORIENTED_EDGE('',*,*,#2501,.F.);
#3504=ORIENTED_EDGE('',*,*,#2461,.T.);
#3505=ORIENTED_EDGE('',*,*,#2505,.F.);
#3506=ORIENTED_EDGE('',*,*,#2503,.T.);
#3507=ORIENTED_EDGE('',*,*,#2506,.F.);
#3508=ORIENTED_EDGE('',*,*,#2491,.F.);
#3509=ORIENTED_EDGE('',*,*,#2500,.F.);
#3510=ORIENTED_EDGE('',*,*,#2476,.T.);
#3511=ORIENTED_EDGE('',*,*,#2497,.F.);
#3512=ORIENTED_EDGE('',*,*,#2509,.T.);
#3513=ORIENTED_EDGE('',*,*,#2507,.F.);
#3514=ORIENTED_EDGE('',*,*,#2494,.T.);
#3515=ORIENTED_EDGE('',*,*,#2508,.F.);
#3516=ORIENTED_EDGE('',*,*,#2509,.F.);
#3517=ORIENTED_EDGE('',*,*,#2496,.F.);
#3518=CYLINDRICAL_SURFACE('',#3916,3.);
#3519=CYLINDRICAL_SURFACE('',#3930,2.);
#3520=CYLINDRICAL_SURFACE('',#3933,2.);
#3521=CYLINDRICAL_SURFACE('',#3936,2.);
#3522=CYLINDRICAL_SURFACE('',#3939,2.);
#3523=CYLINDRICAL_SURFACE('',#3942,1.6);
#3524=CYLINDRICAL_SURFACE('',#3944,1.6);
#3525=CYLINDRICAL_SURFACE('',#3946,1.6);
#3526=CYLINDRICAL_SURFACE('',#3949,6.50000000000075);
#3527=CYLINDRICAL_SURFACE('',#3952,6.50000000000428);
#3528=CYLINDRICAL_SURFACE('',#3954,1.6);
#3529=CYLINDRICAL_SURFACE('',#3956,1.6);
#3530=CYLINDRICAL_SURFACE('',#3958,1.6);
#3531=CYLINDRICAL_SURFACE('',#3960,20.);
#3532=CYLINDRICAL_SURFACE('',#3964,3.);
#3533=CYLINDRICAL_SURFACE('',#3968,2.99999999999998);
#3534=CYLINDRICAL_SURFACE('',#3979,3.);
#3535=CYLINDRICAL_SURFACE('',#3984,6.);
#3536=CYLINDRICAL_SURFACE('',#3988,16.);
#3537=CYLINDRICAL_SURFACE('',#3992,18.5);
#3538=CYLINDRICAL_SURFACE('',#3995,16.);
#3539=CYLINDRICAL_SURFACE('',#4001,3.);
#3540=CYLINDRICAL_SURFACE('',#4006,2.);
#3541=CYLINDRICAL_SURFACE('',#4015,10.);
#3542=CYLINDRICAL_SURFACE('',#4030,10.);
#3543=CYLINDRICAL_SURFACE('',#4032,28.8);
#3544=CYLINDRICAL_SURFACE('',#4038,42.5);
#3545=CYLINDRICAL_SURFACE('',#4058,0.6);
#3546=CYLINDRICAL_SURFACE('',#4065,0.6);
#3547=CYLINDRICAL_SURFACE('',#4070,2.);
#3548=CYLINDRICAL_SURFACE('',#4084,0.6);
#3549=CYLINDRICAL_SURFACE('',#4090,0.6);
#3550=CYLINDRICAL_SURFACE('',#4094,2.);
#3551=CYLINDRICAL_SURFACE('',#4097,0.6);
#3552=CYLINDRICAL_SURFACE('',#4103,0.6);
#3553=CYLINDRICAL_SURFACE('',#4107,2.);
#3554=CYLINDRICAL_SURFACE('',#4110,0.6);
#3555=CYLINDRICAL_SURFACE('',#4116,0.6);
#3556=CYLINDRICAL_SURFACE('',#4120,2.);
#3557=CYLINDRICAL_SURFACE('',#4127,1.6);
#3558=CYLINDRICAL_SURFACE('',#4133,1.6);
#3559=CYLINDRICAL_SURFACE('',#4139,1.6);
#3560=CYLINDRICAL_SURFACE('',#4145,1.6);
#3561=CYLINDRICAL_SURFACE('',#4147,1.);
#3562=CYLINDRICAL_SURFACE('',#4150,1.);
#3563=CYLINDRICAL_SURFACE('',#4152,1.);
#3564=CYLINDRICAL_SURFACE('',#4154,1.);
#3565=CYLINDRICAL_SURFACE('',#4158,1.);
#3566=CYLINDRICAL_SURFACE('',#4161,1.);
#3567=CYLINDRICAL_SURFACE('',#4163,1.);
#3568=CYLINDRICAL_SURFACE('',#4165,1.);
#3569=CYLINDRICAL_SURFACE('',#4167,1.);
#3570=CYLINDRICAL_SURFACE('',#4169,1.);
#3571=CYLINDRICAL_SURFACE('',#4171,1.);
#3572=CYLINDRICAL_SURFACE('',#4173,1.);
#3573=CYLINDRICAL_SURFACE('',#4179,1.);
#3574=CYLINDRICAL_SURFACE('',#4182,1.);
#3575=CYLINDRICAL_SURFACE('',#4184,1.);
#3576=CYLINDRICAL_SURFACE('',#4186,1.);
#3577=CYLINDRICAL_SURFACE('',#4190,1.);
#3578=CYLINDRICAL_SURFACE('',#4193,1.);
#3579=CYLINDRICAL_SURFACE('',#4195,1.);
#3580=CYLINDRICAL_SURFACE('',#4197,1.);
#3581=CYLINDRICAL_SURFACE('',#4199,1.);
#3582=CYLINDRICAL_SURFACE('',#4201,1.);
#3583=CYLINDRICAL_SURFACE('',#4203,1.);
#3584=CYLINDRICAL_SURFACE('',#4205,1.);
#3585=CYLINDRICAL_SURFACE('',#4210,2.);
#3586=CYLINDRICAL_SURFACE('',#4213,2.);
#3587=CYLINDRICAL_SURFACE('',#4216,2.);
#3588=CYLINDRICAL_SURFACE('',#4219,2.);
#3589=CYLINDRICAL_SURFACE('',#4233,2.);
#3590=CYLINDRICAL_SURFACE('',#4237,2.);
#3591=CYLINDRICAL_SURFACE('',#4241,2.);
#3592=CYLINDRICAL_SURFACE('',#4245,2.);
#3593=CYLINDRICAL_SURFACE('',#4263,1.6);
#3594=CYLINDRICAL_SURFACE('',#4266,1.6);
#3595=CYLINDRICAL_SURFACE('',#4269,1.6);
#3596=CYLINDRICAL_SURFACE('',#4272,1.6);
#3597=ADVANCED_FACE('',(#368),#3518,.T.);
#3598=ADVANCED_FACE('',(#369),#245,.T.);
#3599=ADVANCED_FACE('',(#370,#185,#186,#187,#188,#189,#190,#191),#246,.F.);
#3600=ADVANCED_FACE('',(#371),#3519,.F.);
#3601=ADVANCED_FACE('',(#372),#3520,.F.);
#3602=ADVANCED_FACE('',(#373),#3521,.F.);
#3603=ADVANCED_FACE('',(#374),#3522,.F.);
#3604=ADVANCED_FACE('',(#375),#3523,.F.);
#3605=ADVANCED_FACE('',(#376),#3524,.F.);
#3606=ADVANCED_FACE('',(#377),#3525,.F.);
#3607=ADVANCED_FACE('',(#378),#247,.T.);
#3608=ADVANCED_FACE('',(#379),#3526,.F.);
#3609=ADVANCED_FACE('',(#380),#248,.T.);
#3610=ADVANCED_FACE('',(#381),#3527,.F.);
#3611=ADVANCED_FACE('',(#382),#3528,.F.);
#3612=ADVANCED_FACE('',(#383),#3529,.F.);
#3613=ADVANCED_FACE('',(#384),#3530,.F.);
#3614=ADVANCED_FACE('',(#385),#3531,.T.);
#3615=ADVANCED_FACE('',(#386,#192,#193,#194,#195,#196,#197,#198),#249,.T.);
#3616=ADVANCED_FACE('',(#387),#250,.T.);
#3617=ADVANCED_FACE('',(#388),#3532,.T.);
#3618=ADVANCED_FACE('',(#389),#251,.T.);
#3619=ADVANCED_FACE('',(#390),#3533,.T.);
#3620=ADVANCED_FACE('',(#391,#199,#200,#201,#202),#252,.T.);
#3621=ADVANCED_FACE('',(#392,#203,#204,#205,#206),#253,.F.);
#3622=ADVANCED_FACE('',(#393),#254,.T.);
#3623=ADVANCED_FACE('',(#394,#207),#255,.T.);
#3624=ADVANCED_FACE('',(#395),#3534,.T.);
#3625=ADVANCED_FACE('',(#396),#256,.T.);
#3626=ADVANCED_FACE('',(#397),#257,.T.);
#3627=ADVANCED_FACE('',(#398),#3535,.T.);
#3628=ADVANCED_FACE('',(#399,#208),#258,.T.);
#3629=ADVANCED_FACE('',(#400),#3536,.T.);
#3630=ADVANCED_FACE('',(#401),#259,.T.);
#3631=ADVANCED_FACE('',(#402),#3537,.T.);
#3632=ADVANCED_FACE('',(#403,#209),#260,.T.);
#3633=ADVANCED_FACE('',(#404),#3538,.T.);
#3634=ADVANCED_FACE('',(#405),#261,.T.);
#3635=ADVANCED_FACE('',(#406),#262,.T.);
#3636=ADVANCED_FACE('',(#407),#3539,.F.);
#3637=ADVANCED_FACE('',(#408,#210),#263,.F.);
#3638=ADVANCED_FACE('',(#409),#3540,.F.);
#3639=ADVANCED_FACE('',(#410),#264,.T.);
#3640=ADVANCED_FACE('',(#411),#265,.T.);
#3641=ADVANCED_FACE('',(#412),#266,.T.);
#3642=ADVANCED_FACE('',(#413),#267,.T.);
#3643=ADVANCED_FACE('',(#414),#268,.T.);
#3644=ADVANCED_FACE('',(#415),#269,.T.);
#3645=ADVANCED_FACE('',(#416,#211),#270,.T.);
#3646=ADVANCED_FACE('',(#417),#3541,.T.);
#3647=ADVANCED_FACE('',(#418,#212),#271,.T.);
#3648=ADVANCED_FACE('',(#419,#213),#272,.T.);
#3649=ADVANCED_FACE('',(#420),#273,.F.);
#3650=ADVANCED_FACE('',(#421),#274,.F.);
#3651=ADVANCED_FACE('',(#422),#275,.F.);
#3652=ADVANCED_FACE('',(#423),#276,.F.);
#3653=ADVANCED_FACE('',(#424),#277,.F.);
#3654=ADVANCED_FACE('',(#425),#278,.F.);
#3655=ADVANCED_FACE('',(#426),#279,.F.);
#3656=ADVANCED_FACE('',(#427,#214),#280,.T.);
#3657=ADVANCED_FACE('',(#428),#3542,.T.);
#3658=ADVANCED_FACE('',(#429),#3543,.F.);
#3659=ADVANCED_FACE('',(#430,#215),#281,.T.);
#3660=ADVANCED_FACE('',(#431,#216),#282,.T.);
#3661=ADVANCED_FACE('',(#432),#3544,.T.);
#3662=ADVANCED_FACE('',(#433),#283,.F.);
#3663=ADVANCED_FACE('',(#434),#3545,.T.);
#3664=ADVANCED_FACE('',(#435),#35,.T.);
#3665=ADVANCED_FACE('',(#436),#3546,.T.);
#3666=ADVANCED_FACE('',(#437),#36,.T.);
#3667=ADVANCED_FACE('',(#438),#3547,.F.);
#3668=ADVANCED_FACE('',(#439),#284,.F.);
#3669=ADVANCED_FACE('',(#440,#217,#218,#219,#220,#221,#222,#223,#224),#285,
 .T.);
#3670=ADVANCED_FACE('',(#441),#3548,.T.);
#3671=ADVANCED_FACE('',(#442),#37,.T.);
#3672=ADVANCED_FACE('',(#443),#3549,.T.);
#3673=ADVANCED_FACE('',(#444),#38,.T.);
#3674=ADVANCED_FACE('',(#445),#3550,.F.);
#3675=ADVANCED_FACE('',(#446),#286,.F.);
#3676=ADVANCED_FACE('',(#447),#3551,.T.);
#3677=ADVANCED_FACE('',(#448),#39,.T.);
#3678=ADVANCED_FACE('',(#449),#3552,.T.);
#3679=ADVANCED_FACE('',(#450),#40,.T.);
#3680=ADVANCED_FACE('',(#451),#3553,.F.);
#3681=ADVANCED_FACE('',(#452),#287,.F.);
#3682=ADVANCED_FACE('',(#453),#3554,.T.);
#3683=ADVANCED_FACE('',(#454),#41,.T.);
#3684=ADVANCED_FACE('',(#455),#3555,.T.);
#3685=ADVANCED_FACE('',(#456),#42,.T.);
#3686=ADVANCED_FACE('',(#457),#3556,.F.);
#3687=ADVANCED_FACE('',(#458),#288,.F.);
#3688=ADVANCED_FACE('',(#459),#43,.T.);
#3689=ADVANCED_FACE('',(#460),#3557,.F.);
#3690=ADVANCED_FACE('',(#461),#44,.T.);
#3691=ADVANCED_FACE('',(#462),#3558,.F.);
#3692=ADVANCED_FACE('',(#463),#45,.T.);
#3693=ADVANCED_FACE('',(#464),#3559,.F.);
#3694=ADVANCED_FACE('',(#465),#46,.T.);
#3695=ADVANCED_FACE('',(#466),#3560,.F.);
#3696=ADVANCED_FACE('',(#467),#3561,.T.);
#3697=ADVANCED_FACE('',(#468),#3562,.T.);
#3698=ADVANCED_FACE('',(#469),#3563,.T.);
#3699=ADVANCED_FACE('',(#470),#3564,.T.);
#3700=ADVANCED_FACE('',(#471),#289,.T.);
#3701=ADVANCED_FACE('',(#472),#290,.T.);
#3702=ADVANCED_FACE('',(#473),#291,.T.);
#3703=ADVANCED_FACE('',(#474),#3565,.T.);
#3704=ADVANCED_FACE('',(#475),#3566,.T.);
#3705=ADVANCED_FACE('',(#476),#3567,.T.);
#3706=ADVANCED_FACE('',(#477),#3568,.T.);
#3707=ADVANCED_FACE('',(#478),#3569,.T.);
#3708=ADVANCED_FACE('',(#479),#3570,.T.);
#3709=ADVANCED_FACE('',(#480),#3571,.T.);
#3710=ADVANCED_FACE('',(#481),#3572,.T.);
#3711=ADVANCED_FACE('',(#482),#292,.T.);
#3712=ADVANCED_FACE('',(#483),#293,.T.);
#3713=ADVANCED_FACE('',(#484),#294,.T.);
#3714=ADVANCED_FACE('',(#485),#295,.T.);
#3715=ADVANCED_FACE('',(#486),#296,.T.);
#3716=ADVANCED_FACE('',(#487),#3573,.T.);
#3717=ADVANCED_FACE('',(#488),#3574,.T.);
#3718=ADVANCED_FACE('',(#489),#3575,.T.);
#3719=ADVANCED_FACE('',(#490),#3576,.T.);
#3720=ADVANCED_FACE('',(#491),#297,.T.);
#3721=ADVANCED_FACE('',(#492),#298,.T.);
#3722=ADVANCED_FACE('',(#493),#299,.T.);
#3723=ADVANCED_FACE('',(#494),#3577,.T.);
#3724=ADVANCED_FACE('',(#495),#3578,.T.);
#3725=ADVANCED_FACE('',(#496),#3579,.T.);
#3726=ADVANCED_FACE('',(#497),#3580,.T.);
#3727=ADVANCED_FACE('',(#498),#3581,.T.);
#3728=ADVANCED_FACE('',(#499),#3582,.T.);
#3729=ADVANCED_FACE('',(#500),#3583,.T.);
#3730=ADVANCED_FACE('',(#501),#3584,.T.);
#3731=ADVANCED_FACE('',(#502),#300,.T.);
#3732=ADVANCED_FACE('',(#503),#301,.T.);
#3733=ADVANCED_FACE('',(#504),#302,.T.);
#3734=ADVANCED_FACE('',(#505),#303,.T.);
#3735=ADVANCED_FACE('',(#506),#3585,.F.);
#3736=ADVANCED_FACE('',(#507),#304,.F.);
#3737=ADVANCED_FACE('',(#508),#3586,.F.);
#3738=ADVANCED_FACE('',(#509),#305,.F.);
#3739=ADVANCED_FACE('',(#510),#3587,.F.);
#3740=ADVANCED_FACE('',(#511),#306,.F.);
#3741=ADVANCED_FACE('',(#512),#3588,.F.);
#3742=ADVANCED_FACE('',(#513),#307,.F.);
#3743=ADVANCED_FACE('',(#514),#308,.T.);
#3744=ADVANCED_FACE('',(#515),#309,.T.);
#3745=ADVANCED_FACE('',(#516),#310,.T.);
#3746=ADVANCED_FACE('',(#517),#311,.T.);
#3747=ADVANCED_FACE('',(#518),#312,.T.);
#3748=ADVANCED_FACE('',(#519),#313,.T.);
#3749=ADVANCED_FACE('',(#520),#314,.T.);
#3750=ADVANCED_FACE('',(#521),#315,.T.);
#3751=ADVANCED_FACE('',(#522),#316,.T.);
#3752=ADVANCED_FACE('',(#523,#225,#226,#227,#228,#229,#230,#231,#232),#317,
 .F.);
#3753=ADVANCED_FACE('',(#524),#3589,.F.);
#3754=ADVANCED_FACE('',(#525),#318,.T.);
#3755=ADVANCED_FACE('',(#526),#3590,.F.);
#3756=ADVANCED_FACE('',(#527),#319,.T.);
#3757=ADVANCED_FACE('',(#528),#3591,.F.);
#3758=ADVANCED_FACE('',(#529),#320,.T.);
#3759=ADVANCED_FACE('',(#530),#3592,.F.);
#3760=ADVANCED_FACE('',(#531),#321,.T.);
#3761=ADVANCED_FACE('',(#532),#322,.T.);
#3762=ADVANCED_FACE('',(#533,#233,#234,#235,#236),#323,.F.);
#3763=ADVANCED_FACE('',(#534),#324,.F.);
#3764=ADVANCED_FACE('',(#535),#325,.F.);
#3765=ADVANCED_FACE('',(#536),#326,.F.);
#3766=ADVANCED_FACE('',(#537),#327,.F.);
#3767=ADVANCED_FACE('',(#538),#328,.T.);
#3768=ADVANCED_FACE('',(#539),#329,.T.);
#3769=ADVANCED_FACE('',(#540),#330,.T.);
#3770=ADVANCED_FACE('',(#541),#331,.T.);
#3771=ADVANCED_FACE('',(#542),#332,.T.);
#3772=ADVANCED_FACE('',(#543),#333,.T.);
#3773=ADVANCED_FACE('',(#544),#334,.T.);
#3774=ADVANCED_FACE('',(#545),#3593,.F.);
#3775=ADVANCED_FACE('',(#546),#3594,.F.);
#3776=ADVANCED_FACE('',(#547),#3595,.F.);
#3777=ADVANCED_FACE('',(#548),#3596,.F.);
#3778=ADVANCED_FACE('',(#549),#335,.T.);
#3779=ADVANCED_FACE('',(#550),#336,.T.);
#3780=ADVANCED_FACE('',(#551),#337,.T.);
#3781=ADVANCED_FACE('',(#552,#237,#238,#239,#240),#338,.T.);
#3782=ADVANCED_FACE('',(#553,#241,#242,#243,#244),#339,.F.);
#3783=ADVANCED_FACE('',(#554),#340,.T.);
#3784=ADVANCED_FACE('',(#555),#341,.F.);
#3785=ADVANCED_FACE('',(#556),#342,.F.);
#3786=ADVANCED_FACE('',(#557),#343,.F.);
#3787=ADVANCED_FACE('',(#558),#344,.F.);
#3788=ADVANCED_FACE('',(#559),#345,.F.);
#3789=ADVANCED_FACE('',(#560),#346,.F.);
#3790=ADVANCED_FACE('',(#561),#347,.F.);
#3791=ADVANCED_FACE('',(#562),#348,.F.);
#3792=ADVANCED_FACE('',(#563),#349,.F.);
#3793=ADVANCED_FACE('',(#564),#350,.F.);
#3794=ADVANCED_FACE('',(#565),#351,.F.);
#3795=ADVANCED_FACE('',(#566),#352,.F.);
#3796=ADVANCED_FACE('',(#567),#353,.F.);
#3797=ADVANCED_FACE('',(#568),#354,.F.);
#3798=ADVANCED_FACE('',(#569),#355,.F.);
#3799=ADVANCED_FACE('',(#570),#356,.F.);
#3800=ADVANCED_FACE('',(#571),#357,.F.);
#3801=ADVANCED_FACE('',(#572),#358,.F.);
#3802=ADVANCED_FACE('',(#573),#359,.F.);
#3803=ADVANCED_FACE('',(#574),#360,.T.);
#3804=ADVANCED_FACE('',(#575),#361,.F.);
#3805=ADVANCED_FACE('',(#576),#362,.F.);
#3806=ADVANCED_FACE('',(#577),#363,.F.);
#3807=ADVANCED_FACE('',(#578),#364,.F.);
#3808=ADVANCED_FACE('',(#579),#365,.F.);
#3809=ADVANCED_FACE('',(#580),#366,.F.);
#3810=ADVANCED_FACE('',(#581),#367,.F.);
#3811=CLOSED_SHELL('',(#3597,#3598,#3599,#3600,#3601,#3602,#3603,#3604,
#3605,#3606,#3607,#3608,#3609,#3610,#3611,#3612,#3613,#3614,#3615,#3616,
#3617,#3618,#3619,#3620,#3621));
#3812=CLOSED_SHELL('',(#3622,#3623,#3624,#3625,#3626,#3627,#3628,#3629,
#3630,#3631,#3632));
#3813=CLOSED_SHELL('',(#3633,#3634,#3635));
#3814=CLOSED_SHELL('',(#3636,#3637,#3638,#3639,#3640,#3641,#3642,#3643,
#3644,#3645,#3646,#3647,#3648));
#3815=CLOSED_SHELL('',(#3649,#3650,#3651,#3652,#3653,#3654,#3655,#3656,
#3657,#3658,#3659,#3660,#3661,#3662));
#3816=CLOSED_SHELL('',(#3663,#3664,#3665,#3666,#3667,#3668,#3669,#3670,
#3671,#3672,#3673,#3674,#3675,#3676,#3677,#3678,#3679,#3680,#3681,#3682,
#3683,#3684,#3685,#3686,#3687,#3688,#3689,#3690,#3691,#3692,#3693,#3694,
#3695,#3696,#3697,#3698,#3699,#3700,#3701,#3702,#3703,#3704,#3705,#3706,
#3707,#3708,#3709,#3710,#3711,#3712,#3713,#3714,#3715,#3716,#3717,#3718,
#3719,#3720,#3721,#3722,#3723,#3724,#3725,#3726,#3727,#3728,#3729,#3730,
#3731,#3732,#3733,#3734,#3735,#3736,#3737,#3738,#3739,#3740,#3741,#3742,
#3743,#3744,#3745,#3746,#3747,#3748,#3749,#3750,#3751,#3752));
#3817=CLOSED_SHELL('',(#3753,#3754,#3755,#3756,#3757,#3758,#3759,#3760,
#3761,#3762,#3763,#3764,#3765,#3766));
#3818=CLOSED_SHELL('',(#3767,#3768,#3769,#3770,#3771,#3772,#3773,#3774,
#3775,#3776,#3777,#3778,#3779,#3780,#3781,#3782));
#3819=CLOSED_SHELL('',(#3783,#3784,#3785,#3786,#3787,#3788));
#3820=CLOSED_SHELL('',(#3789,#3790,#3791,#3792,#3793,#3794,#3795,#3796,
#3797,#3798,#3799,#3800,#3801,#3802,#3803,#3804,#3805,#3806,#3807,#3808,
#3809,#3810));
#3821=DERIVED_UNIT_ELEMENT(#3837,1.);
#3822=DERIVED_UNIT_ELEMENT(#6589,-3.);
#3823=DERIVED_UNIT_ELEMENT(#3837,1.);
#3824=DERIVED_UNIT_ELEMENT(#6589,-3.);
#3825=DERIVED_UNIT_ELEMENT(#3837,1.);
#3826=DERIVED_UNIT_ELEMENT(#6589,-3.);
#3827=DERIVED_UNIT_ELEMENT(#3837,1.);
#3828=DERIVED_UNIT_ELEMENT(#6589,-3.);
#3829=DERIVED_UNIT_ELEMENT(#3837,1.);
#3830=DERIVED_UNIT_ELEMENT(#6589,-3.);
#3831=DERIVED_UNIT_ELEMENT(#3837,1.);
#3832=DERIVED_UNIT_ELEMENT(#6589,-3.);
#3833=DERIVED_UNIT_ELEMENT(#3837,1.);
#3834=DERIVED_UNIT_ELEMENT(#6589,-3.);
#3835=DERIVED_UNIT_ELEMENT(#3837,1.);
#3836=DERIVED_UNIT_ELEMENT(#6589,-3.);
#3837=(
MASS_UNIT()
NAMED_UNIT(*)
SI_UNIT(.KILO.,.GRAM.)
);
#3838=DERIVED_UNIT((#3821,#3822));
#3839=DERIVED_UNIT((#3823,#3824));
#3840=DERIVED_UNIT((#3825,#3826));
#3841=DERIVED_UNIT((#3827,#3828));
#3842=DERIVED_UNIT((#3829,#3830));
#3843=DERIVED_UNIT((#3831,#3832));
#3844=DERIVED_UNIT((#3833,#3834));
#3845=DERIVED_UNIT((#3835,#3836));
#3846=MEASURE_REPRESENTATION_ITEM('density measure',
POSITIVE_RATIO_MEASURE(7850.),#3838);
#3847=MEASURE_REPRESENTATION_ITEM('density measure',
POSITIVE_RATIO_MEASURE(7850.),#3839);
#3848=MEASURE_REPRESENTATION_ITEM('density measure',
POSITIVE_RATIO_MEASURE(7850.),#3840);
#3849=MEASURE_REPRESENTATION_ITEM('density measure',
POSITIVE_RATIO_MEASURE(7850.),#3841);
#3850=MEASURE_REPRESENTATION_ITEM('density measure',
POSITIVE_RATIO_MEASURE(7850.),#3842);
#3851=MEASURE_REPRESENTATION_ITEM('density measure',
POSITIVE_RATIO_MEASURE(7850.),#3843);
#3852=MEASURE_REPRESENTATION_ITEM('density measure',
POSITIVE_RATIO_MEASURE(7850.),#3844);
#3853=MEASURE_REPRESENTATION_ITEM('density measure',
POSITIVE_RATIO_MEASURE(7850.),#3845);
#3854=PROPERTY_DEFINITION_REPRESENTATION(#3894,#3870);
#3855=PROPERTY_DEFINITION_REPRESENTATION(#3895,#3871);
#3856=PROPERTY_DEFINITION_REPRESENTATION(#3896,#3872);
#3857=PROPERTY_DEFINITION_REPRESENTATION(#3897,#3873);
#3858=PROPERTY_DEFINITION_REPRESENTATION(#3898,#3874);
#3859=PROPERTY_DEFINITION_REPRESENTATION(#3899,#3875);
#3860=PROPERTY_DEFINITION_REPRESENTATION(#3900,#3876);
#3861=PROPERTY_DEFINITION_REPRESENTATION(#3901,#3877);
#3862=PROPERTY_DEFINITION_REPRESENTATION(#3902,#3878);
#3863=PROPERTY_DEFINITION_REPRESENTATION(#3903,#3879);
#3864=PROPERTY_DEFINITION_REPRESENTATION(#3904,#3880);
#3865=PROPERTY_DEFINITION_REPRESENTATION(#3905,#3881);
#3866=PROPERTY_DEFINITION_REPRESENTATION(#3906,#3882);
#3867=PROPERTY_DEFINITION_REPRESENTATION(#3907,#3883);
#3868=PROPERTY_DEFINITION_REPRESENTATION(#3908,#3884);
#3869=PROPERTY_DEFINITION_REPRESENTATION(#3909,#3885);
#3870=REPRESENTATION('material name',(#3886),#6579);
#3871=REPRESENTATION('density',(#3846),#6579);
#3872=REPRESENTATION('material name',(#3887),#6580);
#3873=REPRESENTATION('density',(#3847),#6580);
#3874=REPRESENTATION('material name',(#3888),#6581);
#3875=REPRESENTATION('density',(#3848),#6581);
#3876=REPRESENTATION('material name',(#3889),#6582);
#3877=REPRESENTATION('density',(#3849),#6582);
#3878=REPRESENTATION('material name',(#3890),#6583);
#3879=REPRESENTATION('density',(#3850),#6583);
#3880=REPRESENTATION('material name',(#3891),#6584);
#3881=REPRESENTATION('density',(#3851),#6584);
#3882=REPRESENTATION('material name',(#3892),#6585);
#3883=REPRESENTATION('density',(#3852),#6585);
#3884=REPRESENTATION('material name',(#3893),#6586);
#3885=REPRESENTATION('density',(#3853),#6586);
#3886=DESCRIPTIVE_REPRESENTATION_ITEM('\X2\94A2\X0\','\X2\94A2\X0\');
#3887=DESCRIPTIVE_REPRESENTATION_ITEM('\X2\94A2\X0\','\X2\94A2\X0\');
#3888=DESCRIPTIVE_REPRESENTATION_ITEM('\X2\94A2\X0\','\X2\94A2\X0\');
#3889=DESCRIPTIVE_REPRESENTATION_ITEM('\X2\94A2\X0\','\X2\94A2\X0\');
#3890=DESCRIPTIVE_REPRESENTATION_ITEM('\X2\94A2\X0\','\X2\94A2\X0\');
#3891=DESCRIPTIVE_REPRESENTATION_ITEM('\X2\94A2\X0\','\X2\94A2\X0\');
#3892=DESCRIPTIVE_REPRESENTATION_ITEM('\X2\94A2\X0\','\X2\94A2\X0\');
#3893=DESCRIPTIVE_REPRESENTATION_ITEM('\X2\94A2\X0\','\X2\94A2\X0\');
#3894=PROPERTY_DEFINITION('material property','material name',#6662);
#3895=PROPERTY_DEFINITION('material property','density of part',#6662);
#3896=PROPERTY_DEFINITION('material property','material name',#6663);
#3897=PROPERTY_DEFINITION('material property','density of part',#6663);
#3898=PROPERTY_DEFINITION('material property','material name',#6664);
#3899=PROPERTY_DEFINITION('material property','density of part',#6664);
#3900=PROPERTY_DEFINITION('material property','material name',#6665);
#3901=PROPERTY_DEFINITION('material property','density of part',#6665);
#3902=PROPERTY_DEFINITION('material property','material name',#6666);
#3903=PROPERTY_DEFINITION('material property','density of part',#6666);
#3904=PROPERTY_DEFINITION('material property','material name',#6667);
#3905=PROPERTY_DEFINITION('material property','density of part',#6667);
#3906=PROPERTY_DEFINITION('material property','material name',#6668);
#3907=PROPERTY_DEFINITION('material property','density of part',#6668);
#3908=PROPERTY_DEFINITION('material property','material name',#6669);
#3909=PROPERTY_DEFINITION('material property','density of part',#6669);
#3910=AXIS2_PLACEMENT_3D('',#5482,#4318,#4319);
#3911=AXIS2_PLACEMENT_3D('',#5483,#4320,#4321);
#3912=AXIS2_PLACEMENT_3D('',#5484,#4322,#4323);
#3913=AXIS2_PLACEMENT_3D('',#5485,#4324,#4325);
#3914=AXIS2_PLACEMENT_3D('',#5486,#4326,#4327);
#3915=AXIS2_PLACEMENT_3D('',#5487,#4328,#4329);
#3916=AXIS2_PLACEMENT_3D('',#5488,#4330,#4331);
#3917=AXIS2_PLACEMENT_3D('',#5491,#4332,#4333);
#3918=AXIS2_PLACEMENT_3D('',#5495,#4335,#4336);
#3919=AXIS2_PLACEMENT_3D('',#5497,#4338,#4339);
#3920=AXIS2_PLACEMENT_3D('',#5509,#4346,#4347);
#3921=AXIS2_PLACEMENT_3D('',#5512,#4349,#4350);
#3922=AXIS2_PLACEMENT_3D('',#5514,#4351,#4352);
#3923=AXIS2_PLACEMENT_3D('',#5516,#4353,#4354);
#3924=AXIS2_PLACEMENT_3D('',#5518,#4355,#4356);
#3925=AXIS2_PLACEMENT_3D('',#5521,#4357,#4358);
#3926=AXIS2_PLACEMENT_3D('',#5525,#4360,#4361);
#3927=AXIS2_PLACEMENT_3D('',#5528,#4363,#4364);
#3928=AXIS2_PLACEMENT_3D('',#5530,#4365,#4366);
#3929=AXIS2_PLACEMENT_3D('',#5532,#4367,#4368);
#3930=AXIS2_PLACEMENT_3D('',#5533,#4369,#4370);
#3931=AXIS2_PLACEMENT_3D('',#5535,#4371,#4372);
#3932=AXIS2_PLACEMENT_3D('',#5538,#4374,#4375);
#3933=AXIS2_PLACEMENT_3D('',#5539,#4376,#4377);
#3934=AXIS2_PLACEMENT_3D('',#5541,#4378,#4379);
#3935=AXIS2_PLACEMENT_3D('',#5544,#4381,#4382);
#3936=AXIS2_PLACEMENT_3D('',#5545,#4383,#4384);
#3937=AXIS2_PLACEMENT_3D('',#5547,#4385,#4386);
#3938=AXIS2_PLACEMENT_3D('',#5550,#4388,#4389);
#3939=AXIS2_PLACEMENT_3D('',#5551,#4390,#4391);
#3940=AXIS2_PLACEMENT_3D('',#5553,#4392,#4393);
#3941=AXIS2_PLACEMENT_3D('',#5556,#4395,#4396);
#3942=AXIS2_PLACEMENT_3D('',#5557,#4397,#4398);
#3943=AXIS2_PLACEMENT_3D('',#5559,#4399,#4400);
#3944=AXIS2_PLACEMENT_3D('',#5561,#4402,#4403);
#3945=AXIS2_PLACEMENT_3D('',#5563,#4404,#4405);
#3946=AXIS2_PLACEMENT_3D('',#5565,#4407,#4408);
#3947=AXIS2_PLACEMENT_3D('',#5567,#4409,#4410);
#3948=AXIS2_PLACEMENT_3D('',#5569,#4412,#4413);
#3949=AXIS2_PLACEMENT_3D('',#5575,#4417,#4418);
#3950=AXIS2_PLACEMENT_3D('',#5577,#4419,#4420);
#3951=AXIS2_PLACEMENT_3D('',#5579,#4422,#4423);
#3952=AXIS2_PLACEMENT_3D('',#5583,#4426,#4427);
#3953=AXIS2_PLACEMENT_3D('',#5584,#4428,#4429);
#3954=AXIS2_PLACEMENT_3D('',#5585,#4430,#4431);
#3955=AXIS2_PLACEMENT_3D('',#5587,#4432,#4433);
#3956=AXIS2_PLACEMENT_3D('',#5589,#4435,#4436);
#3957=AXIS2_PLACEMENT_3D('',#5591,#4437,#4438);
#3958=AXIS2_PLACEMENT_3D('',#5593,#4440,#4441);
#3959=AXIS2_PLACEMENT_3D('',#5595,#4442,#4443);
#3960=AXIS2_PLACEMENT_3D('',#5597,#4445,#4446);
#3961=AXIS2_PLACEMENT_3D('',#5599,#4447,#4448);
#3962=AXIS2_PLACEMENT_3D('',#5601,#4450,#4451);
#3963=AXIS2_PLACEMENT_3D('',#5605,#4454,#4455);
#3964=AXIS2_PLACEMENT_3D('',#5614,#4460,#4461);
#3965=AXIS2_PLACEMENT_3D('',#5616,#4462,#4463);
#3966=AXIS2_PLACEMENT_3D('',#5618,#4464,#4465);
#3967=AXIS2_PLACEMENT_3D('',#5620,#4467,#4468);
#3968=AXIS2_PLACEMENT_3D('',#5623,#4471,#4472);
#3969=AXIS2_PLACEMENT_3D('',#5624,#4473,#4474);
#3970=AXIS2_PLACEMENT_3D('',#5625,#4475,#4476);
#3971=AXIS2_PLACEMENT_3D('',#5626,#4477,#4478);
#3972=AXIS2_PLACEMENT_3D('',#5627,#4479,#4480);
#3973=AXIS2_PLACEMENT_3D('',#5628,#4481,#4482);
#3974=AXIS2_PLACEMENT_3D('',#5629,#4483,#4484);
#3975=AXIS2_PLACEMENT_3D('',#5633,#4486,#4487);
#3976=AXIS2_PLACEMENT_3D('',#5634,#4488,#4489);
#3977=AXIS2_PLACEMENT_3D('',#5636,#4490,#4491);
#3978=AXIS2_PLACEMENT_3D('',#5638,#4492,#4493);
#3979=AXIS2_PLACEMENT_3D('',#5639,#4494,#4495);
#3980=AXIS2_PLACEMENT_3D('',#5643,#4497,#4498);
#3981=AXIS2_PLACEMENT_3D('',#5646,#4500,#4501);
#3982=AXIS2_PLACEMENT_3D('',#5648,#4503,#4504);
#3983=AXIS2_PLACEMENT_3D('',#5650,#4506,#4507);
#3984=AXIS2_PLACEMENT_3D('',#5651,#4508,#4509);
#3985=AXIS2_PLACEMENT_3D('',#5654,#4511,#4512);
#3986=AXIS2_PLACEMENT_3D('',#5655,#4513,#4514);
#3987=AXIS2_PLACEMENT_3D('',#5657,#4515,#4516);
#3988=AXIS2_PLACEMENT_3D('',#5658,#4517,#4518);
#3989=AXIS2_PLACEMENT_3D('',#5660,#4519,#4520);
#3990=AXIS2_PLACEMENT_3D('',#5663,#4522,#4523);
#3991=AXIS2_PLACEMENT_3D('',#5664,#4524,#4525);
#3992=AXIS2_PLACEMENT_3D('',#5665,#4526,#4527);
#3993=AXIS2_PLACEMENT_3D('',#5667,#4528,#4529);
#3994=AXIS2_PLACEMENT_3D('',#5669,#4531,#4532);
#3995=AXIS2_PLACEMENT_3D('',#5670,#4533,#4534);
#3996=AXIS2_PLACEMENT_3D('',#5672,#4535,#4536);
#3997=AXIS2_PLACEMENT_3D('',#5675,#4538,#4539);
#3998=AXIS2_PLACEMENT_3D('',#5676,#4540,#4541);
#3999=AXIS2_PLACEMENT_3D('',#5677,#4542,#4543);
#4000=AXIS2_PLACEMENT_3D('',#5678,#4544,#4545);
#4001=AXIS2_PLACEMENT_3D('',#5679,#4546,#4547);
#4002=AXIS2_PLACEMENT_3D('',#5681,#4548,#4549);
#4003=AXIS2_PLACEMENT_3D('',#5684,#4551,#4552);
#4004=AXIS2_PLACEMENT_3D('',#5685,#4553,#4554);
#4005=AXIS2_PLACEMENT_3D('',#5687,#4555,#4556);
#4006=AXIS2_PLACEMENT_3D('',#5688,#4557,#4558);
#4007=AXIS2_PLACEMENT_3D('',#5690,#4559,#4560);
#4008=AXIS2_PLACEMENT_3D('',#5692,#4562,#4563);
#4009=AXIS2_PLACEMENT_3D('',#5701,#4568,#4569);
#4010=AXIS2_PLACEMENT_3D('',#5707,#4573,#4574);
#4011=AXIS2_PLACEMENT_3D('',#5713,#4578,#4579);
#4012=AXIS2_PLACEMENT_3D('',#5719,#4583,#4584);
#4013=AXIS2_PLACEMENT_3D('',#5725,#4588,#4589);
#4014=AXIS2_PLACEMENT_3D('',#5728,#4592,#4593);
#4015=AXIS2_PLACEMENT_3D('',#5729,#4594,#4595);
#4016=AXIS2_PLACEMENT_3D('',#5731,#4596,#4597);
#4017=AXIS2_PLACEMENT_3D('',#5734,#4599,#4600);
#4018=AXIS2_PLACEMENT_3D('',#5735,#4601,#4602);
#4019=AXIS2_PLACEMENT_3D('',#5736,#4603,#4604);
#4020=AXIS2_PLACEMENT_3D('',#5737,#4605,#4606);
#4021=AXIS2_PLACEMENT_3D('',#5738,#4607,#4608);
#4022=AXIS2_PLACEMENT_3D('',#5747,#4613,#4614);
#4023=AXIS2_PLACEMENT_3D('',#5753,#4618,#4619);
#4024=AXIS2_PLACEMENT_3D('',#5759,#4623,#4624);
#4025=AXIS2_PLACEMENT_3D('',#5765,#4628,#4629);
#4026=AXIS2_PLACEMENT_3D('',#5771,#4633,#4634);
#4027=AXIS2_PLACEMENT_3D('',#5774,#4637,#4638);
#4028=AXIS2_PLACEMENT_3D('',#5775,#4639,#4640);
#4029=AXIS2_PLACEMENT_3D('',#5777,#4641,#4642);
#4030=AXIS2_PLACEMENT_3D('',#5778,#4643,#4644);
#4031=AXIS2_PLACEMENT_3D('',#5781,#4646,#4647);
#4032=AXIS2_PLACEMENT_3D('',#5782,#4648,#4649);
#4033=AXIS2_PLACEMENT_3D('',#5784,#4650,#4651);
#4034=AXIS2_PLACEMENT_3D('',#5787,#4653,#4654);
#4035=AXIS2_PLACEMENT_3D('',#5788,#4655,#4656);
#4036=AXIS2_PLACEMENT_3D('',#5789,#4657,#4658);
#4037=AXIS2_PLACEMENT_3D('',#5791,#4659,#4660);
#4038=AXIS2_PLACEMENT_3D('',#5792,#4661,#4662);
#4039=AXIS2_PLACEMENT_3D('',#5794,#4663,#4664);
#4040=AXIS2_PLACEMENT_3D('',#5796,#4666,#4667);
#4041=AXIS2_PLACEMENT_3D('',#5797,#4668,#4669);
#4042=AXIS2_PLACEMENT_3D('',#5798,#4670,#4671);
#4043=AXIS2_PLACEMENT_3D('',#5799,#4672,#4673);
#4044=AXIS2_PLACEMENT_3D('',#5800,#4674,#4675);
#4045=AXIS2_PLACEMENT_3D('',#5801,#4676,#4677);
#4046=AXIS2_PLACEMENT_3D('',#5802,#4678,#4679);
#4047=AXIS2_PLACEMENT_3D('',#5803,#4680,#4681);
#4048=AXIS2_PLACEMENT_3D('',#5804,#4682,#4683);
#4049=AXIS2_PLACEMENT_3D('',#5805,#4684,#4685);
#4050=AXIS2_PLACEMENT_3D('',#5806,#4686,#4687);
#4051=AXIS2_PLACEMENT_3D('',#5807,#4688,#4689);
#4052=AXIS2_PLACEMENT_3D('',#5808,#4690,#4691);
#4053=AXIS2_PLACEMENT_3D('',#5809,#4692,#4693);
#4054=AXIS2_PLACEMENT_3D('',#5810,#4694,#4695);
#4055=AXIS2_PLACEMENT_3D('',#5811,#4696,#4697);
#4056=AXIS2_PLACEMENT_3D('',#5812,#4698,#4699);
#4057=AXIS2_PLACEMENT_3D('',#5813,#4700,#4701);
#4058=AXIS2_PLACEMENT_3D('',#5814,#4702,#4703);
#4059=AXIS2_PLACEMENT_3D('',#5817,#4704,#4705);
#4060=AXIS2_PLACEMENT_3D('',#5821,#4707,#4708);
#4061=AXIS2_PLACEMENT_3D('',#5823,#4710,#4711);
#4062=AXIS2_PLACEMENT_3D('',#5826,#4712,#4713);
#4063=AXIS2_PLACEMENT_3D('',#5827,#4714,#4715);
#4064=AXIS2_PLACEMENT_3D('',#5828,#4716,#4717);
#4065=AXIS2_PLACEMENT_3D('',#5829,#4718,#4719);
#4066=AXIS2_PLACEMENT_3D('',#5832,#4720,#4721);
#4067=AXIS2_PLACEMENT_3D('',#5835,#4724,#4725);
#4068=AXIS2_PLACEMENT_3D('',#5836,#4726,#4727);
#4069=AXIS2_PLACEMENT_3D('',#5837,#4728,#4729);
#4070=AXIS2_PLACEMENT_3D('',#5838,#4730,#4731);
#4071=AXIS2_PLACEMENT_3D('',#5842,#4733,#4734);
#4072=AXIS2_PLACEMENT_3D('',#5844,#4736,#4737);
#4073=AXIS2_PLACEMENT_3D('',#5848,#4740,#4741);
#4074=AXIS2_PLACEMENT_3D('',#5893,#4763,#4764);
#4075=AXIS2_PLACEMENT_3D('',#5896,#4766,#4767);
#4076=AXIS2_PLACEMENT_3D('',#5901,#4769,#4770);
#4077=AXIS2_PLACEMENT_3D('',#5904,#4772,#4773);
#4078=AXIS2_PLACEMENT_3D('',#5906,#4774,#4775);
#4079=AXIS2_PLACEMENT_3D('',#5908,#4776,#4777);
#4080=AXIS2_PLACEMENT_3D('',#5910,#4778,#4779);
#4081=AXIS2_PLACEMENT_3D('',#5912,#4780,#4781);
#4082=AXIS2_PLACEMENT_3D('',#5917,#4783,#4784);
#4083=AXIS2_PLACEMENT_3D('',#5920,#4786,#4787);
#4084=AXIS2_PLACEMENT_3D('',#5921,#4788,#4789);
#4085=AXIS2_PLACEMENT_3D('',#5923,#4790,#4791);
#4086=AXIS2_PLACEMENT_3D('',#5926,#4793,#4794);
#4087=AXIS2_PLACEMENT_3D('',#5927,#4795,#4796);
#4088=AXIS2_PLACEMENT_3D('',#5929,#4797,#4798);
#4089=AXIS2_PLACEMENT_3D('',#5930,#4799,#4800);
#4090=AXIS2_PLACEMENT_3D('',#5931,#4801,#4802);
#4091=AXIS2_PLACEMENT_3D('',#5933,#4803,#4804);
#4092=AXIS2_PLACEMENT_3D('',#5935,#4806,#4807);
#4093=AXIS2_PLACEMENT_3D('',#5936,#4808,#4809);
#4094=AXIS2_PLACEMENT_3D('',#5937,#4810,#4811);
#4095=AXIS2_PLACEMENT_3D('',#5941,#4813,#4814);
#4096=AXIS2_PLACEMENT_3D('',#5943,#4816,#4817);
#4097=AXIS2_PLACEMENT_3D('',#5947,#4820,#4821);
#4098=AXIS2_PLACEMENT_3D('',#5949,#4822,#4823);
#4099=AXIS2_PLACEMENT_3D('',#5952,#4825,#4826);
#4100=AXIS2_PLACEMENT_3D('',#5953,#4827,#4828);
#4101=AXIS2_PLACEMENT_3D('',#5955,#4829,#4830);
#4102=AXIS2_PLACEMENT_3D('',#5956,#4831,#4832);
#4103=AXIS2_PLACEMENT_3D('',#5957,#4833,#4834);
#4104=AXIS2_PLACEMENT_3D('',#5959,#4835,#4836);
#4105=AXIS2_PLACEMENT_3D('',#5961,#4838,#4839);
#4106=AXIS2_PLACEMENT_3D('',#5962,#4840,#4841);
#4107=AXIS2_PLACEMENT_3D('',#5963,#4842,#4843);
#4108=AXIS2_PLACEMENT_3D('',#5967,#4845,#4846);
#4109=AXIS2_PLACEMENT_3D('',#5969,#4848,#4849);
#4110=AXIS2_PLACEMENT_3D('',#5973,#4852,#4853);
#4111=AXIS2_PLACEMENT_3D('',#5975,#4854,#4855);
#4112=AXIS2_PLACEMENT_3D('',#5978,#4857,#4858);
#4113=AXIS2_PLACEMENT_3D('',#5979,#4859,#4860);
#4114=AXIS2_PLACEMENT_3D('',#5981,#4861,#4862);
#4115=AXIS2_PLACEMENT_3D('',#5982,#4863,#4864);
#4116=AXIS2_PLACEMENT_3D('',#5983,#4865,#4866);
#4117=AXIS2_PLACEMENT_3D('',#5985,#4867,#4868);
#4118=AXIS2_PLACEMENT_3D('',#5987,#4870,#4871);
#4119=AXIS2_PLACEMENT_3D('',#5988,#4872,#4873);
#4120=AXIS2_PLACEMENT_3D('',#5989,#4874,#4875);
#4121=AXIS2_PLACEMENT_3D('',#5993,#4877,#4878);
#4122=AXIS2_PLACEMENT_3D('',#5995,#4880,#4881);
#4123=AXIS2_PLACEMENT_3D('',#5999,#4884,#4885);
#4124=AXIS2_PLACEMENT_3D('',#6001,#4886,#4887);
#4125=AXIS2_PLACEMENT_3D('',#6003,#4888,#4889);
#4126=AXIS2_PLACEMENT_3D('',#6004,#4890,#4891);
#4127=AXIS2_PLACEMENT_3D('',#6005,#4892,#4893);
#4128=AXIS2_PLACEMENT_3D('',#6008,#4895,#4896);
#4129=AXIS2_PLACEMENT_3D('',#6009,#4897,#4898);
#4130=AXIS2_PLACEMENT_3D('',#6011,#4899,#4900);
#4131=AXIS2_PLACEMENT_3D('',#6013,#4901,#4902);
#4132=AXIS2_PLACEMENT_3D('',#6014,#4903,#4904);
#4133=AXIS2_PLACEMENT_3D('',#6015,#4905,#4906);
#4134=AXIS2_PLACEMENT_3D('',#6018,#4908,#4909);
#4135=AXIS2_PLACEMENT_3D('',#6019,#4910,#4911);
#4136=AXIS2_PLACEMENT_3D('',#6021,#4912,#4913);
#4137=AXIS2_PLACEMENT_3D('',#6023,#4914,#4915);
#4138=AXIS2_PLACEMENT_3D('',#6024,#4916,#4917);
#4139=AXIS2_PLACEMENT_3D('',#6025,#4918,#4919);
#4140=AXIS2_PLACEMENT_3D('',#6028,#4921,#4922);
#4141=AXIS2_PLACEMENT_3D('',#6029,#4923,#4924);
#4142=AXIS2_PLACEMENT_3D('',#6031,#4925,#4926);
#4143=AXIS2_PLACEMENT_3D('',#6033,#4927,#4928);
#4144=AXIS2_PLACEMENT_3D('',#6034,#4929,#4930);
#4145=AXIS2_PLACEMENT_3D('',#6035,#4931,#4932);
#4146=AXIS2_PLACEMENT_3D('',#6038,#4934,#4935);
#4147=AXIS2_PLACEMENT_3D('',#6039,#4936,#4937);
#4148=AXIS2_PLACEMENT_3D('',#6044,#4939,#4940);
#4149=AXIS2_PLACEMENT_3D('',#6047,#4942,#4943);
#4150=AXIS2_PLACEMENT_3D('',#6048,#4944,#4945);
#4151=AXIS2_PLACEMENT_3D('',#6052,#4947,#4948);
#4152=AXIS2_PLACEMENT_3D('',#6054,#4950,#4951);
#4153=AXIS2_PLACEMENT_3D('',#6058,#4953,#4954);
#4154=AXIS2_PLACEMENT_3D('',#6060,#4956,#4957);
#4155=AXIS2_PLACEMENT_3D('',#6063,#4960,#4961);
#4156=AXIS2_PLACEMENT_3D('',#6066,#4964,#4965);
#4157=AXIS2_PLACEMENT_3D('',#6081,#4974,#4975);
#4158=AXIS2_PLACEMENT_3D('',#6082,#4976,#4977);
#4159=AXIS2_PLACEMENT_3D('',#6086,#4979,#4980);
#4160=AXIS2_PLACEMENT_3D('',#6089,#4982,#4983);
#4161=AXIS2_PLACEMENT_3D('',#6090,#4984,#4985);
#4162=AXIS2_PLACEMENT_3D('',#6093,#4987,#4988);
#4163=AXIS2_PLACEMENT_3D('',#6094,#4989,#4990);
#4164=AXIS2_PLACEMENT_3D('',#6098,#4992,#4993);
#4165=AXIS2_PLACEMENT_3D('',#6100,#4995,#4996);
#4166=AXIS2_PLACEMENT_3D('',#6104,#4998,#4999);
#4167=AXIS2_PLACEMENT_3D('',#6106,#5001,#5002);
#4168=AXIS2_PLACEMENT_3D('',#6110,#5004,#5005);
#4169=AXIS2_PLACEMENT_3D('',#6112,#5007,#5008);
#4170=AXIS2_PLACEMENT_3D('',#6117,#5011,#5012);
#4171=AXIS2_PLACEMENT_3D('',#6118,#5013,#5014);
#4172=AXIS2_PLACEMENT_3D('',#6123,#5017,#5018);
#4173=AXIS2_PLACEMENT_3D('',#6124,#5019,#5020);
#4174=AXIS2_PLACEMENT_3D('',#6127,#5023,#5024);
#4175=AXIS2_PLACEMENT_3D('',#6130,#5027,#5028);
#4176=AXIS2_PLACEMENT_3D('',#6132,#5030,#5031);
#4177=AXIS2_PLACEMENT_3D('',#6134,#5033,#5034);
#4178=AXIS2_PLACEMENT_3D('',#6135,#5035,#5036);
#4179=AXIS2_PLACEMENT_3D('',#6136,#5037,#5038);
#4180=AXIS2_PLACEMENT_3D('',#6141,#5040,#5041);
#4181=AXIS2_PLACEMENT_3D('',#6144,#5043,#5044);
#4182=AXIS2_PLACEMENT_3D('',#6145,#5045,#5046);
#4183=AXIS2_PLACEMENT_3D('',#6149,#5048,#5049);
#4184=AXIS2_PLACEMENT_3D('',#6151,#5051,#5052);
#4185=AXIS2_PLACEMENT_3D('',#6155,#5054,#5055);
#4186=AXIS2_PLACEMENT_3D('',#6157,#5057,#5058);
#4187=AXIS2_PLACEMENT_3D('',#6160,#5061,#5062);
#4188=AXIS2_PLACEMENT_3D('',#6163,#5065,#5066);
#4189=AXIS2_PLACEMENT_3D('',#6165,#5068,#5069);
#4190=AXIS2_PLACEMENT_3D('',#6166,#5070,#5071);
#4191=AXIS2_PLACEMENT_3D('',#6170,#5073,#5074);
#4192=AXIS2_PLACEMENT_3D('',#6171,#5075,#5076);
#4193=AXIS2_PLACEMENT_3D('',#6172,#5077,#5078);
#4194=AXIS2_PLACEMENT_3D('',#6176,#5080,#5081);
#4195=AXIS2_PLACEMENT_3D('',#6178,#5083,#5084);
#4196=AXIS2_PLACEMENT_3D('',#6182,#5086,#5087);
#4197=AXIS2_PLACEMENT_3D('',#6184,#5089,#5090);
#4198=AXIS2_PLACEMENT_3D('',#6188,#5092,#5093);
#4199=AXIS2_PLACEMENT_3D('',#6190,#5095,#5096);
#4200=AXIS2_PLACEMENT_3D('',#6194,#5098,#5099);
#4201=AXIS2_PLACEMENT_3D('',#6196,#5101,#5102);
#4202=AXIS2_PLACEMENT_3D('',#6201,#5105,#5106);
#4203=AXIS2_PLACEMENT_3D('',#6202,#5107,#5108);
#4204=AXIS2_PLACEMENT_3D('',#6207,#5111,#5112);
#4205=AXIS2_PLACEMENT_3D('',#6208,#5113,#5114);
#4206=AXIS2_PLACEMENT_3D('',#6211,#5117,#5118);
#4207=AXIS2_PLACEMENT_3D('',#6214,#5121,#5122);
#4208=AXIS2_PLACEMENT_3D('',#6222,#5128,#5129);
#4209=AXIS2_PLACEMENT_3D('',#6224,#5131,#5132);
#4210=AXIS2_PLACEMENT_3D('',#6225,#5133,#5134);
#4211=AXIS2_PLACEMENT_3D('',#6228,#5136,#5137);
#4212=AXIS2_PLACEMENT_3D('',#6229,#5138,#5139);
#4213=AXIS2_PLACEMENT_3D('',#6231,#5141,#5142);
#4214=AXIS2_PLACEMENT_3D('',#6234,#5144,#5145);
#4215=AXIS2_PLACEMENT_3D('',#6235,#5146,#5147);
#4216=AXIS2_PLACEMENT_3D('',#6237,#5149,#5150);
#4217=AXIS2_PLACEMENT_3D('',#6240,#5152,#5153);
#4218=AXIS2_PLACEMENT_3D('',#6241,#5154,#5155);
#4219=AXIS2_PLACEMENT_3D('',#6243,#5157,#5158);
#4220=AXIS2_PLACEMENT_3D('',#6246,#5160,#5161);
#4221=AXIS2_PLACEMENT_3D('',#6247,#5162,#5163);
#4222=AXIS2_PLACEMENT_3D('',#6249,#5165,#5166);
#4223=AXIS2_PLACEMENT_3D('',#6251,#5168,#5169);
#4224=AXIS2_PLACEMENT_3D('',#6253,#5171,#5172);
#4225=AXIS2_PLACEMENT_3D('',#6254,#5173,#5174);
#4226=AXIS2_PLACEMENT_3D('',#6255,#5175,#5176);
#4227=AXIS2_PLACEMENT_3D('',#6257,#5178,#5179);
#4228=AXIS2_PLACEMENT_3D('',#6258,#5180,#5181);
#4229=AXIS2_PLACEMENT_3D('',#6260,#5183,#5184);
#4230=AXIS2_PLACEMENT_3D('',#6261,#5185,#5186);
#4231=AXIS2_PLACEMENT_3D('',#6263,#5188,#5189);
#4232=AXIS2_PLACEMENT_3D('',#6264,#5190,#5191);
#4233=AXIS2_PLACEMENT_3D('',#6265,#5192,#5193);
#4234=AXIS2_PLACEMENT_3D('',#6267,#5194,#5195);
#4235=AXIS2_PLACEMENT_3D('',#6270,#5197,#5198);
#4236=AXIS2_PLACEMENT_3D('',#6271,#5199,#5200);
#4237=AXIS2_PLACEMENT_3D('',#6272,#5201,#5202);
#4238=AXIS2_PLACEMENT_3D('',#6274,#5203,#5204);
#4239=AXIS2_PLACEMENT_3D('',#6277,#5206,#5207);
#4240=AXIS2_PLACEMENT_3D('',#6278,#5208,#5209);
#4241=AXIS2_PLACEMENT_3D('',#6279,#5210,#5211);
#4242=AXIS2_PLACEMENT_3D('',#6281,#5212,#5213);
#4243=AXIS2_PLACEMENT_3D('',#6284,#5215,#5216);
#4244=AXIS2_PLACEMENT_3D('',#6285,#5217,#5218);
#4245=AXIS2_PLACEMENT_3D('',#6286,#5219,#5220);
#4246=AXIS2_PLACEMENT_3D('',#6288,#5221,#5222);
#4247=AXIS2_PLACEMENT_3D('',#6291,#5224,#5225);
#4248=AXIS2_PLACEMENT_3D('',#6292,#5226,#5227);
#4249=AXIS2_PLACEMENT_3D('',#6293,#5228,#5229);
#4250=AXIS2_PLACEMENT_3D('',#6302,#5234,#5235);
#4251=AXIS2_PLACEMENT_3D('',#6311,#5240,#5241);
#4252=AXIS2_PLACEMENT_3D('',#6314,#5244,#5245);
#4253=AXIS2_PLACEMENT_3D('',#6316,#5247,#5248);
#4254=AXIS2_PLACEMENT_3D('',#6318,#5250,#5251);
#4255=AXIS2_PLACEMENT_3D('',#6319,#5252,#5253);
#4256=AXIS2_PLACEMENT_3D('',#6320,#5254,#5255);
#4257=AXIS2_PLACEMENT_3D('',#6329,#5260,#5261);
#4258=AXIS2_PLACEMENT_3D('',#6337,#5266,#5267);
#4259=AXIS2_PLACEMENT_3D('',#6343,#5271,#5272);
#4260=AXIS2_PLACEMENT_3D('',#6348,#5276,#5277);
#4261=AXIS2_PLACEMENT_3D('',#6349,#5278,#5279);
#4262=AXIS2_PLACEMENT_3D('',#6355,#5283,#5284);
#4263=AXIS2_PLACEMENT_3D('',#6361,#5288,#5289);
#4264=AXIS2_PLACEMENT_3D('',#6363,#5290,#5291);
#4265=AXIS2_PLACEMENT_3D('',#6366,#5293,#5294);
#4266=AXIS2_PLACEMENT_3D('',#6367,#5295,#5296);
#4267=AXIS2_PLACEMENT_3D('',#6369,#5297,#5298);
#4268=AXIS2_PLACEMENT_3D('',#6372,#5300,#5301);
#4269=AXIS2_PLACEMENT_3D('',#6373,#5302,#5303);
#4270=AXIS2_PLACEMENT_3D('',#6375,#5304,#5305);
#4271=AXIS2_PLACEMENT_3D('',#6378,#5307,#5308);
#4272=AXIS2_PLACEMENT_3D('',#6379,#5309,#5310);
#4273=AXIS2_PLACEMENT_3D('',#6381,#5311,#5312);
#4274=AXIS2_PLACEMENT_3D('',#6384,#5314,#5315);
#4275=AXIS2_PLACEMENT_3D('',#6385,#5316,#5317);
#4276=AXIS2_PLACEMENT_3D('',#6391,#5321,#5322);
#4277=AXIS2_PLACEMENT_3D('',#6397,#5326,#5327);
#4278=AXIS2_PLACEMENT_3D('',#6400,#5330,#5331);
#4279=AXIS2_PLACEMENT_3D('',#6401,#5332,#5333);
#4280=AXIS2_PLACEMENT_3D('',#6402,#5334,#5335);
#4281=AXIS2_PLACEMENT_3D('',#6403,#5336,#5337);
#4282=AXIS2_PLACEMENT_3D('',#6412,#5342,#5343);
#4283=AXIS2_PLACEMENT_3D('',#6421,#5348,#5349);
#4284=AXIS2_PLACEMENT_3D('',#6424,#5352,#5353);
#4285=AXIS2_PLACEMENT_3D('',#6426,#5355,#5356);
#4286=AXIS2_PLACEMENT_3D('',#6428,#5358,#5359);
#4287=AXIS2_PLACEMENT_3D('',#6429,#5360,#5361);
#4288=AXIS2_PLACEMENT_3D('',#6438,#5366,#5367);
#4289=AXIS2_PLACEMENT_3D('',#6444,#5371,#5372);
#4290=AXIS2_PLACEMENT_3D('',#6450,#5376,#5377);
#4291=AXIS2_PLACEMENT_3D('',#6459,#5382,#5383);
#4292=AXIS2_PLACEMENT_3D('',#6465,#5387,#5388);
#4293=AXIS2_PLACEMENT_3D('',#6471,#5392,#5393);
#4294=AXIS2_PLACEMENT_3D('',#6480,#5398,#5399);
#4295=AXIS2_PLACEMENT_3D('',#6486,#5403,#5404);
#4296=AXIS2_PLACEMENT_3D('',#6492,#5408,#5409);
#4297=AXIS2_PLACEMENT_3D('',#6501,#5414,#5415);
#4298=AXIS2_PLACEMENT_3D('',#6507,#5419,#5420);
#4299=AXIS2_PLACEMENT_3D('',#6513,#5424,#5425);
#4300=AXIS2_PLACEMENT_3D('',#6519,#5429,#5430);
#4301=AXIS2_PLACEMENT_3D('',#6525,#5434,#5435);
#4302=AXIS2_PLACEMENT_3D('',#6534,#5442,#5443);
#4303=AXIS2_PLACEMENT_3D('',#6538,#5446,#5447);
#4304=AXIS2_PLACEMENT_3D('',#6540,#5449,#5450);
#4305=AXIS2_PLACEMENT_3D('',#6546,#5455,#5456);
#4306=AXIS2_PLACEMENT_3D('',#6547,#5457,#5458);
#4307=AXIS2_PLACEMENT_3D('',#6548,#5459,#5460);
#4308=AXIS2_PLACEMENT_3D('',#6550,#5462,#5463);
#4309=AXIS2_PLACEMENT_3D('',#6551,#5464,#5465);
#4310=AXIS2_PLACEMENT_3D('',#6552,#5466,#5467);
#4311=AXIS2_PLACEMENT_3D('',#6553,#5468,#5469);
#4312=AXIS2_PLACEMENT_3D('',#6554,#5470,#5471);
#4313=AXIS2_PLACEMENT_3D('',#6555,#5472,#5473);
#4314=AXIS2_PLACEMENT_3D('',#6556,#5474,#5475);
#4315=AXIS2_PLACEMENT_3D('',#6557,#5476,#5477);
#4316=AXIS2_PLACEMENT_3D('',#6558,#5478,#5479);
#4317=AXIS2_PLACEMENT_3D('',#6559,#5480,#5481);
#4318=DIRECTION('axis',(0.,0.,1.));
#4319=DIRECTION('refdir',(1.,0.,0.));
#4320=DIRECTION('axis',(0.,0.,1.));
#4321=DIRECTION('refdir',(1.,0.,0.));
#4322=DIRECTION('axis',(0.,0.,1.));
#4323=DIRECTION('refdir',(1.,0.,0.));
#4324=DIRECTION('axis',(0.,0.,1.));
#4325=DIRECTION('refdir',(1.,0.,0.));
#4326=DIRECTION('axis',(0.,0.,1.));
#4327=DIRECTION('refdir',(1.,0.,0.));
#4328=DIRECTION('axis',(0.,0.,1.));
#4329=DIRECTION('refdir',(1.,0.,0.));
#4330=DIRECTION('center_axis',(0.,0.,1.));
#4331=DIRECTION('ref_axis',(-0.707106781186547,-0.707106781186547,0.));
#4332=DIRECTION('center_axis',(0.,0.,-1.));
#4333=DIRECTION('ref_axis',(-0.707106781186547,-0.707106781186547,0.));
#4334=DIRECTION('',(0.,0.,-1.));
#4335=DIRECTION('center_axis',(1.22002530178589E-16,0.,1.));
#4336=DIRECTION('ref_axis',(-0.707106781186547,-0.707106781186547,8.62688164111967E-17));
#4337=DIRECTION('',(0.,0.,1.));
#4338=DIRECTION('center_axis',(-1.22002530178589E-16,0.,-1.));
#4339=DIRECTION('ref_axis',(-1.,0.,1.22002530178589E-16));
#4340=DIRECTION('',(0.,-1.,0.));
#4341=DIRECTION('',(-1.,0.,0.));
#4342=DIRECTION('',(0.,1.,0.));
#4343=DIRECTION('',(-1.,0.,1.22002530178589E-16));
#4344=DIRECTION('',(0.,1.,0.));
#4345=DIRECTION('',(-1.,0.,1.22002530178589E-16));
#4346=DIRECTION('center_axis',(1.,0.,0.));
#4347=DIRECTION('ref_axis',(0.,0.,-1.));
#4348=DIRECTION('',(0.,1.,0.));
#4349=DIRECTION('center_axis',(-1.,0.,0.));
#4350=DIRECTION('ref_axis',(0.,0.,-1.));
#4351=DIRECTION('center_axis',(1.,0.,0.));
#4352=DIRECTION('ref_axis',(0.,0.,-1.));
#4353=DIRECTION('center_axis',(1.,0.,0.));
#4354=DIRECTION('ref_axis',(0.,0.,-1.));
#4355=DIRECTION('center_axis',(1.,0.,0.));
#4356=DIRECTION('ref_axis',(0.,0.,-1.));
#4357=DIRECTION('center_axis',(1.,0.,0.));
#4358=DIRECTION('ref_axis',(0.,9.84210661687047E-9,-1.));
#4359=DIRECTION('',(0.,-1.,8.75490158385759E-14));
#4360=DIRECTION('center_axis',(1.,0.,0.));
#4361=DIRECTION('ref_axis',(0.,1.82629706229727E-9,1.));
#4362=DIRECTION('',(0.,1.,-1.20855705337265E-13));
#4363=DIRECTION('center_axis',(1.,0.,0.));
#4364=DIRECTION('ref_axis',(0.,0.,-1.));
#4365=DIRECTION('center_axis',(1.,0.,0.));
#4366=DIRECTION('ref_axis',(0.,0.,-1.));
#4367=DIRECTION('center_axis',(1.,0.,0.));
#4368=DIRECTION('ref_axis',(0.,0.,-1.));
#4369=DIRECTION('center_axis',(0.,-1.,0.));
#4370=DIRECTION('ref_axis',(-1.,0.,0.));
#4371=DIRECTION('center_axis',(0.,-1.,0.));
#4372=DIRECTION('ref_axis',(-1.,0.,0.));
#4373=DIRECTION('',(0.,-1.,0.));
#4374=DIRECTION('center_axis',(0.,1.,0.));
#4375=DIRECTION('ref_axis',(-1.,0.,0.));
#4376=DIRECTION('center_axis',(0.,-1.,0.));
#4377=DIRECTION('ref_axis',(-1.,0.,0.));
#4378=DIRECTION('center_axis',(0.,-1.,0.));
#4379=DIRECTION('ref_axis',(-1.,0.,0.));
#4380=DIRECTION('',(0.,-1.,0.));
#4381=DIRECTION('center_axis',(0.,1.,0.));
#4382=DIRECTION('ref_axis',(-1.,0.,0.));
#4383=DIRECTION('center_axis',(0.,-1.,0.));
#4384=DIRECTION('ref_axis',(-1.,0.,0.));
#4385=DIRECTION('center_axis',(0.,-1.,0.));
#4386=DIRECTION('ref_axis',(-1.,0.,0.));
#4387=DIRECTION('',(0.,-1.,0.));
#4388=DIRECTION('center_axis',(0.,1.,0.));
#4389=DIRECTION('ref_axis',(-1.,0.,0.));
#4390=DIRECTION('center_axis',(0.,-1.,0.));
#4391=DIRECTION('ref_axis',(-1.,0.,0.));
#4392=DIRECTION('center_axis',(0.,-1.,0.));
#4393=DIRECTION('ref_axis',(-1.,0.,0.));
#4394=DIRECTION('',(0.,-1.,0.));
#4395=DIRECTION('center_axis',(0.,1.,0.));
#4396=DIRECTION('ref_axis',(-1.,0.,0.));
#4397=DIRECTION('center_axis',(-1.,0.,0.));
#4398=DIRECTION('ref_axis',(0.,0.,-1.));
#4399=DIRECTION('center_axis',(-1.,0.,0.));
#4400=DIRECTION('ref_axis',(0.,0.,-1.));
#4401=DIRECTION('',(-1.,0.,0.));
#4402=DIRECTION('center_axis',(-1.,0.,0.));
#4403=DIRECTION('ref_axis',(0.,0.,-1.));
#4404=DIRECTION('center_axis',(-1.,0.,0.));
#4405=DIRECTION('ref_axis',(0.,0.,-1.));
#4406=DIRECTION('',(-1.,0.,0.));
#4407=DIRECTION('center_axis',(-1.,0.,0.));
#4408=DIRECTION('ref_axis',(0.,0.,-1.));
#4409=DIRECTION('center_axis',(-1.,0.,0.));
#4410=DIRECTION('ref_axis',(0.,0.,-1.));
#4411=DIRECTION('',(-1.,0.,0.));
#4412=DIRECTION('center_axis',(0.,1.20855705337265E-13,1.));
#4413=DIRECTION('ref_axis',(0.,1.,-1.20855705337265E-13));
#4414=DIRECTION('',(0.,-1.,1.20855705337265E-13));
#4415=DIRECTION('',(-1.,0.,0.));
#4416=DIRECTION('',(-1.,0.,0.));
#4417=DIRECTION('center_axis',(-1.,0.,0.));
#4418=DIRECTION('ref_axis',(0.,1.82629706229727E-9,1.));
#4419=DIRECTION('center_axis',(-1.,0.,0.));
#4420=DIRECTION('ref_axis',(0.,1.82629706229727E-9,1.));
#4421=DIRECTION('',(-1.,0.,0.));
#4422=DIRECTION('center_axis',(0.,-8.75490158385759E-14,-1.));
#4423=DIRECTION('ref_axis',(0.,-1.,8.75490158385759E-14));
#4424=DIRECTION('',(0.,1.,-8.75490158385759E-14));
#4425=DIRECTION('',(-1.,0.,0.));
#4426=DIRECTION('center_axis',(-1.,0.,0.));
#4427=DIRECTION('ref_axis',(0.,9.84210661687047E-9,-1.));
#4428=DIRECTION('center_axis',(-1.,0.,0.));
#4429=DIRECTION('ref_axis',(0.,9.84210661687047E-9,-1.));
#4430=DIRECTION('center_axis',(-1.,0.,0.));
#4431=DIRECTION('ref_axis',(0.,0.,-1.));
#4432=DIRECTION('center_axis',(-1.,0.,0.));
#4433=DIRECTION('ref_axis',(0.,0.,-1.));
#4434=DIRECTION('',(-1.,0.,0.));
#4435=DIRECTION('center_axis',(-1.,0.,0.));
#4436=DIRECTION('ref_axis',(0.,0.,-1.));
#4437=DIRECTION('center_axis',(-1.,0.,0.));
#4438=DIRECTION('ref_axis',(0.,0.,-1.));
#4439=DIRECTION('',(-1.,0.,0.));
#4440=DIRECTION('center_axis',(-1.,0.,0.));
#4441=DIRECTION('ref_axis',(0.,0.,-1.));
#4442=DIRECTION('center_axis',(-1.,0.,0.));
#4443=DIRECTION('ref_axis',(0.,0.,-1.));
#4444=DIRECTION('',(-1.,0.,0.));
#4445=DIRECTION('center_axis',(-1.,0.,0.));
#4446=DIRECTION('ref_axis',(0.,0.,-1.));
#4447=DIRECTION('center_axis',(1.,0.,0.));
#4448=DIRECTION('ref_axis',(0.,0.,-1.));
#4449=DIRECTION('',(-1.,0.,0.));
#4450=DIRECTION('center_axis',(1.,0.,0.));
#4451=DIRECTION('ref_axis',(0.,0.,-1.));
#4452=DIRECTION('',(0.,0.,1.));
#4453=DIRECTION('',(0.,-1.,0.));
#4454=DIRECTION('center_axis',(1.,0.,0.));
#4455=DIRECTION('ref_axis',(0.,0.,-1.));
#4456=DIRECTION('',(0.,0.,-1.));
#4457=DIRECTION('',(0.,1.,0.));
#4458=DIRECTION('',(0.,0.,-1.));
#4459=DIRECTION('',(0.,1.,0.));
#4460=DIRECTION('center_axis',(0.,1.,0.));
#4461=DIRECTION('ref_axis',(0.,0.,1.));
#4462=DIRECTION('center_axis',(0.,1.,0.));
#4463=DIRECTION('ref_axis',(0.,0.,1.));
#4464=DIRECTION('center_axis',(0.,1.,0.));
#4465=DIRECTION('ref_axis',(0.,0.,1.));
#4466=DIRECTION('',(0.,1.,0.));
#4467=DIRECTION('center_axis',(0.,0.,1.));
#4468=DIRECTION('ref_axis',(1.,0.,0.));
#4469=DIRECTION('',(-1.,0.,0.));
#4470=DIRECTION('',(1.,0.,0.));
#4471=DIRECTION('center_axis',(0.,1.,0.));
#4472=DIRECTION('ref_axis',(1.,0.,0.));
#4473=DIRECTION('center_axis',(0.,1.,0.));
#4474=DIRECTION('ref_axis',(1.,0.,0.));
#4475=DIRECTION('center_axis',(0.,1.,0.));
#4476=DIRECTION('ref_axis',(1.,0.,0.));
#4477=DIRECTION('center_axis',(0.,1.,0.));
#4478=DIRECTION('ref_axis',(1.,0.,0.));
#4479=DIRECTION('center_axis',(0.,1.,0.));
#4480=DIRECTION('ref_axis',(1.,0.,0.));
#4481=DIRECTION('axis',(0.,0.,1.));
#4482=DIRECTION('refdir',(1.,0.,0.));
#4483=DIRECTION('center_axis',(0.,-1.,0.));
#4484=DIRECTION('ref_axis',(1.,0.,0.));
#4485=DIRECTION('',(1.,0.,-3.34744836935922E-16));
#4486=DIRECTION('center_axis',(0.,-1.,0.));
#4487=DIRECTION('ref_axis',(1.,0.,0.));
#4488=DIRECTION('center_axis',(0.,-1.,0.));
#4489=DIRECTION('ref_axis',(1.,0.,0.));
#4490=DIRECTION('center_axis',(0.,-1.,0.));
#4491=DIRECTION('ref_axis',(1.,0.,0.));
#4492=DIRECTION('center_axis',(0.,1.,0.));
#4493=DIRECTION('ref_axis',(1.,0.,0.));
#4494=DIRECTION('center_axis',(0.,-1.,2.11471052309554E-16));
#4495=DIRECTION('ref_axis',(0.552770798392567,-1.76225876924628E-16,-0.833333333333333));
#4496=DIRECTION('',(0.,-1.,2.11471052309554E-16));
#4497=DIRECTION('center_axis',(0.,-1.,2.22044604925031E-16));
#4498=DIRECTION('ref_axis',(0.552770798392567,0.,-0.833333333333333));
#4499=DIRECTION('',(0.,1.,-2.11471052309554E-16));
#4500=DIRECTION('center_axis',(0.,-1.,2.22044604925031E-16));
#4501=DIRECTION('ref_axis',(0.552770798392567,0.,-0.833333333333333));
#4502=DIRECTION('',(0.,-1.,2.11471052309554E-16));
#4503=DIRECTION('center_axis',(-3.34744836935922E-16,-2.11471052309554E-16,
-1.));
#4504=DIRECTION('ref_axis',(1.,-7.43282850681308E-32,-3.34744836935922E-16));
#4505=DIRECTION('',(1.,-7.43282850681308E-32,-3.34744836935922E-16));
#4506=DIRECTION('center_axis',(0.,-1.,2.22044604925031E-16));
#4507=DIRECTION('ref_axis',(-1.,0.,0.));
#4508=DIRECTION('center_axis',(0.,-1.,0.));
#4509=DIRECTION('ref_axis',(1.,0.,0.));
#4510=DIRECTION('',(0.,1.,0.));
#4511=DIRECTION('center_axis',(0.,1.,-2.22044604925031E-16));
#4512=DIRECTION('ref_axis',(1.,0.,0.));
#4513=DIRECTION('center_axis',(0.,-1.,2.22044604925031E-16));
#4514=DIRECTION('ref_axis',(-1.,0.,0.));
#4515=DIRECTION('center_axis',(0.,-1.,2.22044604925031E-16));
#4516=DIRECTION('ref_axis',(1.,0.,0.));
#4517=DIRECTION('center_axis',(0.,1.,-2.22044604925031E-16));
#4518=DIRECTION('ref_axis',(1.,0.,0.));
#4519=DIRECTION('center_axis',(0.,1.,-2.22044604925031E-16));
#4520=DIRECTION('ref_axis',(1.,0.,0.));
#4521=DIRECTION('',(0.,-1.,2.22044604925031E-16));
#4522=DIRECTION('center_axis',(0.,-1.,2.22044604925031E-16));
#4523=DIRECTION('ref_axis',(1.,0.,0.));
#4524=DIRECTION('center_axis',(0.,1.,-2.22044604925031E-16));
#4525=DIRECTION('ref_axis',(1.,0.,0.));
#4526=DIRECTION('center_axis',(0.,1.,-2.22044604925031E-16));
#4527=DIRECTION('ref_axis',(1.,0.,0.));
#4528=DIRECTION('center_axis',(0.,1.,-2.22044604925031E-16));
#4529=DIRECTION('ref_axis',(1.,0.,0.));
#4530=DIRECTION('',(0.,-1.,2.22044604925031E-16));
#4531=DIRECTION('center_axis',(0.,1.,-2.22044604925031E-16));
#4532=DIRECTION('ref_axis',(1.,0.,0.));
#4533=DIRECTION('center_axis',(0.,1.,-2.22044604925031E-16));
#4534=DIRECTION('ref_axis',(1.,0.,0.));
#4535=DIRECTION('center_axis',(0.,1.,-2.22044604925031E-16));
#4536=DIRECTION('ref_axis',(1.,0.,0.));
#4537=DIRECTION('',(0.,-1.,2.22044604925031E-16));
#4538=DIRECTION('center_axis',(0.,-1.,2.22044604925031E-16));
#4539=DIRECTION('ref_axis',(1.,0.,0.));
#4540=DIRECTION('center_axis',(0.,-1.,2.22044604925031E-16));
#4541=DIRECTION('ref_axis',(-1.,0.,0.));
#4542=DIRECTION('center_axis',(0.,1.,-2.22044604925031E-16));
#4543=DIRECTION('ref_axis',(1.,0.,0.));
#4544=DIRECTION('axis',(0.,0.,1.));
#4545=DIRECTION('refdir',(1.,0.,0.));
#4546=DIRECTION('center_axis',(0.,-1.,2.22044604925031E-16));
#4547=DIRECTION('ref_axis',(0.,-2.22044604925031E-16,-1.));
#4548=DIRECTION('center_axis',(0.,1.,-2.22044604925031E-16));
#4549=DIRECTION('ref_axis',(0.,-2.22044604925031E-16,-1.));
#4550=DIRECTION('',(0.,-1.,2.22044604925031E-16));
#4551=DIRECTION('center_axis',(0.,1.,-2.22044604925031E-16));
#4552=DIRECTION('ref_axis',(0.,-2.22044604925031E-16,-1.));
#4553=DIRECTION('center_axis',(0.,1.,-2.22044604925031E-16));
#4554=DIRECTION('ref_axis',(0.,2.22044604925031E-16,1.));
#4555=DIRECTION('center_axis',(0.,-1.,2.22044604925031E-16));
#4556=DIRECTION('ref_axis',(0.,-2.22044604925031E-16,-1.));
#4557=DIRECTION('center_axis',(0.,-1.,2.22044604925031E-16));
#4558=DIRECTION('ref_axis',(0.,-2.22044604925031E-16,-1.));
#4559=DIRECTION('center_axis',(0.,-1.,0.));
#4560=DIRECTION('ref_axis',(0.,-2.22044604925031E-16,-1.));
#4561=DIRECTION('',(0.,-1.,2.22044604925031E-16));
#4562=DIRECTION('center_axis',(-0.866025403782826,0.,-0.500000000002794));
#4563=DIRECTION('ref_axis',(-0.500000000002794,0.,0.866025403782825));
#4564=DIRECTION('',(0.500000000002794,-1.92296268637998E-16,-0.866025403782825));
#4565=DIRECTION('',(0.,1.,0.));
#4566=DIRECTION('',(-0.500000000002794,0.,0.866025403782825));
#4567=DIRECTION('',(0.,1.,0.));
#4568=DIRECTION('center_axis',(1.60246890531803E-16,0.,-1.));
#4569=DIRECTION('ref_axis',(-1.,0.,-1.60246890531803E-16));
#4570=DIRECTION('',(1.,3.5581957498599E-32,1.60246890531803E-16));
#4571=DIRECTION('',(-1.,0.,-1.60246890531803E-16));
#4572=DIRECTION('',(0.,1.,0.));
#4573=DIRECTION('center_axis',(0.866025403784315,0.,-0.500000000000214));
#4574=DIRECTION('ref_axis',(-0.500000000000214,0.,-0.866025403784315));
#4575=DIRECTION('',(0.500000000000214,1.92296268638329E-16,0.866025403784315));
#4576=DIRECTION('',(-0.500000000000214,0.,-0.866025403784315));
#4577=DIRECTION('',(0.,1.,0.));
#4578=DIRECTION('center_axis',(0.866025403782826,0.,0.500000000002793));
#4579=DIRECTION('ref_axis',(0.500000000002793,0.,-0.866025403782826));
#4580=DIRECTION('',(-0.500000000002793,1.92296268637998E-16,0.866025403782826));
#4581=DIRECTION('',(0.500000000002793,0.,-0.866025403782826));
#4582=DIRECTION('',(0.,1.,0.));
#4583=DIRECTION('center_axis',(-6.40987562127212E-16,0.,1.));
#4584=DIRECTION('ref_axis',(1.,0.,6.40987562127212E-16));
#4585=DIRECTION('',(-1.,-1.42327829994396E-31,-6.40987562127212E-16));
#4586=DIRECTION('',(1.,0.,6.40987562127212E-16));
#4587=DIRECTION('',(0.,1.,0.));
#4588=DIRECTION('center_axis',(-0.866025403784315,0.,0.500000000000215));
#4589=DIRECTION('ref_axis',(0.500000000000215,0.,0.866025403784315));
#4590=DIRECTION('',(-0.500000000000215,-1.92296268638329E-16,-0.866025403784315));
#4591=DIRECTION('',(0.500000000000215,0.,0.866025403784315));
#4592=DIRECTION('center_axis',(0.,1.,0.));
#4593=DIRECTION('ref_axis',(0.,0.,1.));
#4594=DIRECTION('center_axis',(0.,1.,-2.22044604925031E-16));
#4595=DIRECTION('ref_axis',(1.,0.,0.));
#4596=DIRECTION('center_axis',(0.,1.,-2.22044604925031E-16));
#4597=DIRECTION('ref_axis',(1.,0.,0.));
#4598=DIRECTION('',(0.,-1.,2.22044604925031E-16));
#4599=DIRECTION('center_axis',(0.,-1.,2.22044604925031E-16));
#4600=DIRECTION('ref_axis',(1.,0.,0.));
#4601=DIRECTION('center_axis',(0.,-1.,2.22044604925031E-16));
#4602=DIRECTION('ref_axis',(-1.,0.,0.));
#4603=DIRECTION('center_axis',(0.,1.,-2.22044604925031E-16));
#4604=DIRECTION('ref_axis',(1.,0.,0.));
#4605=DIRECTION('axis',(0.,0.,1.));
#4606=DIRECTION('refdir',(1.,0.,0.));
#4607=DIRECTION('center_axis',(1.92296268638356E-15,0.,-1.));
#4608=DIRECTION('ref_axis',(1.,0.,1.92296268638356E-15));
#4609=DIRECTION('',(1.,0.,1.92296268638356E-15));
#4610=DIRECTION('',(0.,-1.,0.));
#4611=DIRECTION('',(1.,0.,1.92296268638356E-15));
#4612=DIRECTION('',(0.,-1.,0.));
#4613=DIRECTION('center_axis',(0.866025403784439,0.,-0.5));
#4614=DIRECTION('ref_axis',(0.5,0.,0.866025403784439));
#4615=DIRECTION('',(0.5,0.,0.866025403784439));
#4616=DIRECTION('',(0.5,0.,0.866025403784439));
#4617=DIRECTION('',(0.,-1.,0.));
#4618=DIRECTION('center_axis',(0.866025403784438,0.,0.500000000000001));
#4619=DIRECTION('ref_axis',(-0.500000000000001,0.,0.866025403784438));
#4620=DIRECTION('',(-0.500000000000001,0.,0.866025403784438));
#4621=DIRECTION('',(-0.500000000000001,0.,0.866025403784438));
#4622=DIRECTION('',(0.,-1.,0.));
#4623=DIRECTION('center_axis',(-4.80740671595891E-16,0.,1.));
#4624=DIRECTION('ref_axis',(-1.,0.,-4.80740671595891E-16));
#4625=DIRECTION('',(-1.,0.,-4.80740671595891E-16));
#4626=DIRECTION('',(-1.,0.,-4.80740671595891E-16));
#4627=DIRECTION('',(0.,-1.,0.));
#4628=DIRECTION('center_axis',(-0.866025403784439,0.,-0.5));
#4629=DIRECTION('ref_axis',(0.5,0.,-0.866025403784439));
#4630=DIRECTION('',(0.5,0.,-0.866025403784439));
#4631=DIRECTION('',(0.,-1.,0.));
#4632=DIRECTION('',(0.5,0.,-0.866025403784439));
#4633=DIRECTION('center_axis',(-0.866025403784439,0.,0.499999999999999));
#4634=DIRECTION('ref_axis',(-0.499999999999999,0.,-0.866025403784439));
#4635=DIRECTION('',(-0.499999999999999,0.,-0.866025403784439));
#4636=DIRECTION('',(-0.499999999999999,0.,-0.866025403784439));
#4637=DIRECTION('center_axis',(0.,-1.,0.));
#4638=DIRECTION('ref_axis',(0.,0.,-1.));
#4639=DIRECTION('center_axis',(0.,1.,0.));
#4640=DIRECTION('ref_axis',(1.,0.,0.));
#4641=DIRECTION('center_axis',(0.,-1.,0.));
#4642=DIRECTION('ref_axis',(1.,0.,0.));
#4643=DIRECTION('center_axis',(0.,-1.,0.));
#4644=DIRECTION('ref_axis',(1.,0.,0.));
#4645=DIRECTION('',(0.,-1.,0.));
#4646=DIRECTION('center_axis',(0.,1.,0.));
#4647=DIRECTION('ref_axis',(1.,0.,0.));
#4648=DIRECTION('center_axis',(0.,-1.,0.));
#4649=DIRECTION('ref_axis',(1.,0.,0.));
#4650=DIRECTION('center_axis',(0.,-1.,0.));
#4651=DIRECTION('ref_axis',(1.,0.,0.));
#4652=DIRECTION('',(0.,-1.,0.));
#4653=DIRECTION('center_axis',(0.,-1.,0.));
#4654=DIRECTION('ref_axis',(1.,0.,0.));
#4655=DIRECTION('center_axis',(0.,1.,0.));
#4656=DIRECTION('ref_axis',(1.,0.,0.));
#4657=DIRECTION('center_axis',(0.,1.,0.));
#4658=DIRECTION('ref_axis',(1.,0.,0.));
#4659=DIRECTION('center_axis',(0.,1.,0.));
#4660=DIRECTION('ref_axis',(1.,0.,0.));
#4661=DIRECTION('center_axis',(0.,-1.,0.));
#4662=DIRECTION('ref_axis',(1.,0.,0.));
#4663=DIRECTION('center_axis',(0.,-1.,0.));
#4664=DIRECTION('ref_axis',(1.,0.,0.));
#4665=DIRECTION('',(0.,1.,0.));
#4666=DIRECTION('center_axis',(0.,1.,0.));
#4667=DIRECTION('ref_axis',(1.,0.,0.));
#4668=DIRECTION('',(-4.01025902269487E-16,8.53483950180585E-16,0.999999999999996));
#4669=DIRECTION('',(1.00000000000001,-8.60422844084502E-15,3.52252586828427E-30));
#4670=DIRECTION('',(6.60582699651973E-15,-0.999999999999998,7.97972798949329E-16));
#4671=DIRECTION('',(3.10820281518688E-16,-7.42461647718067E-16,-0.999999999999992));
#4672=DIRECTION('',(-1.78981297344456E-16,9.08995101411843E-16,0.999999999999996));
#4673=DIRECTION('',(-8.98586760555993E-15,0.999999999999995,-4.64905891561781E-16));
#4674=DIRECTION('',(-4.32598940878807E-15,-0.866025403784439,0.499999999999999));
#4675=DIRECTION('',(3.261634058582E-15,-0.499999999999997,-0.866025403784433));
#4676=DIRECTION('',(-2.73461808752982E-14,-1.5099033134902E-14,-0.999999999999997));
#4677=DIRECTION('',(-1.,3.05311331771922E-15,2.37310171513628E-14));
#4678=DIRECTION('',(4.10782519111344E-15,-0.999999999999996,1.59317004033708E-14));
#4679=DIRECTION('',(2.73947531326257E-14,1.48214773787458E-14,1.));
#4680=DIRECTION('',(-2.73461808752982E-14,-1.48214773787457E-14,-0.999999999999997));
#4681=DIRECTION('',(-1.72778458207325E-15,0.999999999999998,-1.59317004033709E-14));
#4682=DIRECTION('',(-1.42247325029312E-16,-0.866025403784444,-0.499999999999986));
#4683=DIRECTION('',(2.60097861865225E-14,-0.499999999999985,0.866025403784447));
#4684=DIRECTION('',(-1.24256841210459E-13,-2.68951527715444E-14,1.));
#4685=DIRECTION('',(1.,-1.78294100395984E-29,1.24256841210459E-13));
#4686=DIRECTION('',(3.32406520766236E-27,-1.,-2.6770252681274E-14));
#4687=DIRECTION('',(1.24166635589708E-13,2.68396416203132E-14,-1.));
#4688=DIRECTION('',(-1.24034796605534E-13,-2.66731081666194E-14,1.));
#4689=DIRECTION('',(-2.3800406090435E-15,1.,2.67702526812737E-14));
#4690=DIRECTION('',(-7.1974711054871E-14,-0.866025403784452,0.499999999999978));
#4691=DIRECTION('',(1.07221003023649E-13,-0.499999999999977,-0.866025403784452));
#4692=DIRECTION('',(0.,-2.21107854248002E-14,1.));
#4693=DIRECTION('',(1.,-1.57772181044201E-30,-3.49722495647308E-44));
#4694=DIRECTION('',(4.73316543132607E-30,-1.,-2.20552742735689E-14));
#4695=DIRECTION('',(-9.02056207507948E-17,2.19997631223377E-14,-1.));
#4696=DIRECTION('',(2.22044604925031E-16,-2.19442519711064E-14,1.));
#4697=DIRECTION('',(-2.38004060904018E-15,1.,2.19442519711064E-14));
#4698=DIRECTION('',(-9.84629044964432E-15,-0.86602540378445,0.499999999999982));
#4699=DIRECTION('',(-3.88578058618802E-16,-0.499999999999982,-0.866025403784449));
#4700=DIRECTION('axis',(0.,0.,1.));
#4701=DIRECTION('refdir',(1.,0.,0.));
#4702=DIRECTION('center_axis',(-1.,0.,0.));
#4703=DIRECTION('ref_axis',(0.,0.70710678118655,0.707106781186545));
#4704=DIRECTION('center_axis',(-1.,0.,0.));
#4705=DIRECTION('ref_axis',(0.,0.,1.));
#4706=DIRECTION('',(-1.,0.,0.));
#4707=DIRECTION('center_axis',(1.,0.,0.));
#4708=DIRECTION('ref_axis',(0.,1.,0.));
#4709=DIRECTION('',(1.,0.,0.));
#4710=DIRECTION('center_axis',(0.,0.,-1.));
#4711=DIRECTION('ref_axis',(-1.,0.,0.));
#4712=DIRECTION('center_axis',(-1.,0.,0.));
#4713=DIRECTION('ref_axis',(0.,-1.,0.));
#4714=DIRECTION('center_axis',(0.,0.,1.));
#4715=DIRECTION('ref_axis',(-1.,0.,0.));
#4716=DIRECTION('center_axis',(0.,0.,-1.));
#4717=DIRECTION('ref_axis',(-1.,0.,0.));
#4718=DIRECTION('center_axis',(1.,0.,0.));
#4719=DIRECTION('ref_axis',(0.,-0.707106781186545,0.70710678118655));
#4720=DIRECTION('center_axis',(-1.,0.,0.));
#4721=DIRECTION('ref_axis',(0.,-1.,0.));
#4722=DIRECTION('',(-1.,0.,0.));
#4723=DIRECTION('',(1.,0.,0.));
#4724=DIRECTION('center_axis',(0.,0.,-1.));
#4725=DIRECTION('ref_axis',(1.,0.,0.));
#4726=DIRECTION('center_axis',(0.,0.,1.));
#4727=DIRECTION('ref_axis',(1.,0.,0.));
#4728=DIRECTION('center_axis',(0.,0.,-1.));
#4729=DIRECTION('ref_axis',(1.,0.,0.));
#4730=DIRECTION('center_axis',(0.,0.,-1.));
#4731=DIRECTION('ref_axis',(0.,1.,0.));
#4732=DIRECTION('',(0.,0.,-1.));
#4733=DIRECTION('center_axis',(0.,0.,1.));
#4734=DIRECTION('ref_axis',(0.,1.,0.));
#4735=DIRECTION('',(0.,0.,-1.));
#4736=DIRECTION('center_axis',(0.,-1.,0.));
#4737=DIRECTION('ref_axis',(-1.,0.,0.));
#4738=DIRECTION('',(0.,0.,-1.));
#4739=DIRECTION('',(1.,0.,0.));
#4740=DIRECTION('center_axis',(0.,0.,1.));
#4741=DIRECTION('ref_axis',(1.,0.,0.));
#4742=DIRECTION('',(-1.,0.,0.));
#4743=DIRECTION('',(0.,1.,0.));
#4744=DIRECTION('',(-1.,0.,0.));
#4745=DIRECTION('',(0.,-1.,0.));
#4746=DIRECTION('',(-1.,0.,0.));
#4747=DIRECTION('',(0.,1.,0.));
#4748=DIRECTION('',(-1.,0.,0.));
#4749=DIRECTION('',(0.,-1.,0.));
#4750=DIRECTION('',(-1.,0.,0.));
#4751=DIRECTION('',(0.,-1.,0.));
#4752=DIRECTION('',(1.,0.,0.));
#4753=DIRECTION('',(0.,-1.,0.));
#4754=DIRECTION('',(1.,0.,0.));
#4755=DIRECTION('',(0.,1.,0.));
#4756=DIRECTION('',(1.,0.,0.));
#4757=DIRECTION('',(0.,-1.,0.));
#4758=DIRECTION('',(1.,0.,0.));
#4759=DIRECTION('',(0.,1.,0.));
#4760=DIRECTION('',(1.,0.,0.));
#4761=DIRECTION('',(0.,1.,0.));
#4762=DIRECTION('',(1.,0.,0.));
#4763=DIRECTION('center_axis',(0.,0.,1.));
#4764=DIRECTION('ref_axis',(-1.,0.,0.));
#4765=DIRECTION('',(-1.,0.,0.));
#4766=DIRECTION('center_axis',(0.,0.,1.));
#4767=DIRECTION('ref_axis',(1.,0.,0.));
#4768=DIRECTION('',(1.,0.,0.));
#4769=DIRECTION('center_axis',(0.,0.,1.));
#4770=DIRECTION('ref_axis',(-1.,0.,0.));
#4771=DIRECTION('',(-1.,0.,0.));
#4772=DIRECTION('center_axis',(0.,0.,1.));
#4773=DIRECTION('ref_axis',(1.,0.,0.));
#4774=DIRECTION('center_axis',(0.,0.,1.));
#4775=DIRECTION('ref_axis',(1.,0.,0.));
#4776=DIRECTION('center_axis',(0.,0.,1.));
#4777=DIRECTION('ref_axis',(1.,0.,0.));
#4778=DIRECTION('center_axis',(0.,0.,1.));
#4779=DIRECTION('ref_axis',(1.,0.,0.));
#4780=DIRECTION('center_axis',(0.,0.,1.));
#4781=DIRECTION('ref_axis',(1.,0.,0.));
#4782=DIRECTION('',(1.,0.,0.));
#4783=DIRECTION('center_axis',(0.,0.,1.));
#4784=DIRECTION('ref_axis',(-1.,0.,0.));
#4785=DIRECTION('',(-1.,0.,0.));
#4786=DIRECTION('center_axis',(0.,0.,1.));
#4787=DIRECTION('ref_axis',(1.,0.,0.));
#4788=DIRECTION('center_axis',(-1.,0.,0.));
#4789=DIRECTION('ref_axis',(0.,0.707106781186545,0.70710678118655));
#4790=DIRECTION('center_axis',(-1.,0.,0.));
#4791=DIRECTION('ref_axis',(0.,0.,1.));
#4792=DIRECTION('',(-1.,0.,0.));
#4793=DIRECTION('center_axis',(1.,0.,0.));
#4794=DIRECTION('ref_axis',(0.,1.,0.));
#4795=DIRECTION('center_axis',(0.,0.,-1.));
#4796=DIRECTION('ref_axis',(-1.,0.,0.));
#4797=DIRECTION('center_axis',(-1.,0.,0.));
#4798=DIRECTION('ref_axis',(0.,-1.,0.));
#4799=DIRECTION('center_axis',(0.,0.,-1.));
#4800=DIRECTION('ref_axis',(-1.,0.,0.));
#4801=DIRECTION('center_axis',(1.,0.,0.));
#4802=DIRECTION('ref_axis',(0.,-0.70710678118655,0.707106781186545));
#4803=DIRECTION('center_axis',(-1.,0.,0.));
#4804=DIRECTION('ref_axis',(0.,-1.,0.));
#4805=DIRECTION('',(1.,0.,0.));
#4806=DIRECTION('center_axis',(0.,0.,-1.));
#4807=DIRECTION('ref_axis',(1.,0.,0.));
#4808=DIRECTION('center_axis',(0.,0.,-1.));
#4809=DIRECTION('ref_axis',(1.,0.,0.));
#4810=DIRECTION('center_axis',(0.,0.,-1.));
#4811=DIRECTION('ref_axis',(0.,1.,0.));
#4812=DIRECTION('',(0.,0.,-1.));
#4813=DIRECTION('center_axis',(0.,0.,1.));
#4814=DIRECTION('ref_axis',(0.,1.,0.));
#4815=DIRECTION('',(0.,0.,-1.));
#4816=DIRECTION('center_axis',(0.,-1.,0.));
#4817=DIRECTION('ref_axis',(-1.,0.,0.));
#4818=DIRECTION('',(0.,0.,-1.));
#4819=DIRECTION('',(1.,0.,0.));
#4820=DIRECTION('center_axis',(-1.,0.,0.));
#4821=DIRECTION('ref_axis',(0.,0.70710678118655,0.707106781186545));
#4822=DIRECTION('center_axis',(-1.,0.,0.));
#4823=DIRECTION('ref_axis',(0.,0.,1.));
#4824=DIRECTION('',(-1.,0.,0.));
#4825=DIRECTION('center_axis',(1.,0.,0.));
#4826=DIRECTION('ref_axis',(0.,1.,0.));
#4827=DIRECTION('center_axis',(0.,0.,-1.));
#4828=DIRECTION('ref_axis',(-1.,0.,0.));
#4829=DIRECTION('center_axis',(-1.,0.,0.));
#4830=DIRECTION('ref_axis',(0.,-1.,0.));
#4831=DIRECTION('center_axis',(0.,0.,-1.));
#4832=DIRECTION('ref_axis',(-1.,0.,0.));
#4833=DIRECTION('center_axis',(1.,0.,0.));
#4834=DIRECTION('ref_axis',(0.,-0.707106781186545,0.70710678118655));
#4835=DIRECTION('center_axis',(-1.,0.,0.));
#4836=DIRECTION('ref_axis',(0.,-1.,0.));
#4837=DIRECTION('',(1.,0.,0.));
#4838=DIRECTION('center_axis',(0.,0.,-1.));
#4839=DIRECTION('ref_axis',(1.,0.,0.));
#4840=DIRECTION('center_axis',(0.,0.,-1.));
#4841=DIRECTION('ref_axis',(1.,0.,0.));
#4842=DIRECTION('center_axis',(0.,0.,-1.));
#4843=DIRECTION('ref_axis',(0.,1.,0.));
#4844=DIRECTION('',(0.,0.,-1.));
#4845=DIRECTION('center_axis',(0.,0.,1.));
#4846=DIRECTION('ref_axis',(0.,1.,0.));
#4847=DIRECTION('',(0.,0.,-1.));
#4848=DIRECTION('center_axis',(0.,-1.,0.));
#4849=DIRECTION('ref_axis',(-1.,0.,0.));
#4850=DIRECTION('',(0.,0.,-1.));
#4851=DIRECTION('',(1.,0.,0.));
#4852=DIRECTION('center_axis',(-1.,0.,0.));
#4853=DIRECTION('ref_axis',(0.,0.707106781186545,0.70710678118655));
#4854=DIRECTION('center_axis',(-1.,0.,0.));
#4855=DIRECTION('ref_axis',(0.,0.,1.));
#4856=DIRECTION('',(-1.,0.,0.));
#4857=DIRECTION('center_axis',(1.,0.,0.));
#4858=DIRECTION('ref_axis',(0.,1.,0.));
#4859=DIRECTION('center_axis',(0.,0.,-1.));
#4860=DIRECTION('ref_axis',(-1.,0.,0.));
#4861=DIRECTION('center_axis',(-1.,0.,0.));
#4862=DIRECTION('ref_axis',(0.,-1.,0.));
#4863=DIRECTION('center_axis',(0.,0.,-1.));
#4864=DIRECTION('ref_axis',(-1.,0.,0.));
#4865=DIRECTION('center_axis',(1.,0.,0.));
#4866=DIRECTION('ref_axis',(0.,-0.70710678118655,0.707106781186545));
#4867=DIRECTION('center_axis',(-1.,0.,0.));
#4868=DIRECTION('ref_axis',(0.,-1.,0.));
#4869=DIRECTION('',(1.,0.,0.));
#4870=DIRECTION('center_axis',(0.,0.,-1.));
#4871=DIRECTION('ref_axis',(1.,0.,0.));
#4872=DIRECTION('center_axis',(0.,0.,-1.));
#4873=DIRECTION('ref_axis',(1.,0.,0.));
#4874=DIRECTION('center_axis',(0.,0.,-1.));
#4875=DIRECTION('ref_axis',(0.,1.,0.));
#4876=DIRECTION('',(0.,0.,-1.));
#4877=DIRECTION('center_axis',(0.,0.,1.));
#4878=DIRECTION('ref_axis',(0.,1.,0.));
#4879=DIRECTION('',(0.,0.,-1.));
#4880=DIRECTION('center_axis',(0.,-1.,0.));
#4881=DIRECTION('ref_axis',(-1.,0.,0.));
#4882=DIRECTION('',(0.,0.,-1.));
#4883=DIRECTION('',(1.,0.,0.));
#4884=DIRECTION('center_axis',(0.,0.,-1.));
#4885=DIRECTION('ref_axis',(-1.,0.,0.));
#4886=DIRECTION('center_axis',(0.,-1.,0.));
#4887=DIRECTION('ref_axis',(1.,0.,0.));
#4888=DIRECTION('center_axis',(0.,0.,-1.));
#4889=DIRECTION('ref_axis',(1.,0.,0.));
#4890=DIRECTION('center_axis',(0.,0.,-1.));
#4891=DIRECTION('ref_axis',(1.,0.,0.));
#4892=DIRECTION('center_axis',(0.,0.,-1.));
#4893=DIRECTION('ref_axis',(1.,0.,0.));
#4894=DIRECTION('',(0.,0.,-1.));
#4895=DIRECTION('center_axis',(0.,0.,1.));
#4896=DIRECTION('ref_axis',(1.,0.,0.));
#4897=DIRECTION('center_axis',(0.,0.,-1.));
#4898=DIRECTION('ref_axis',(-1.,0.,0.));
#4899=DIRECTION('center_axis',(0.,-1.,0.));
#4900=DIRECTION('ref_axis',(1.,0.,0.));
#4901=DIRECTION('center_axis',(0.,0.,-1.));
#4902=DIRECTION('ref_axis',(1.,0.,0.));
#4903=DIRECTION('center_axis',(0.,0.,-1.));
#4904=DIRECTION('ref_axis',(1.,0.,0.));
#4905=DIRECTION('center_axis',(0.,0.,-1.));
#4906=DIRECTION('ref_axis',(1.,0.,0.));
#4907=DIRECTION('',(0.,0.,-1.));
#4908=DIRECTION('center_axis',(0.,0.,1.));
#4909=DIRECTION('ref_axis',(1.,0.,0.));
#4910=DIRECTION('center_axis',(0.,0.,-1.));
#4911=DIRECTION('ref_axis',(-1.,0.,0.));
#4912=DIRECTION('center_axis',(0.,-1.,0.));
#4913=DIRECTION('ref_axis',(1.,0.,0.));
#4914=DIRECTION('center_axis',(0.,0.,-1.));
#4915=DIRECTION('ref_axis',(1.,0.,0.));
#4916=DIRECTION('center_axis',(0.,0.,-1.));
#4917=DIRECTION('ref_axis',(1.,0.,0.));
#4918=DIRECTION('center_axis',(0.,0.,-1.));
#4919=DIRECTION('ref_axis',(1.,0.,0.));
#4920=DIRECTION('',(0.,0.,-1.));
#4921=DIRECTION('center_axis',(0.,0.,1.));
#4922=DIRECTION('ref_axis',(1.,0.,0.));
#4923=DIRECTION('center_axis',(0.,0.,-1.));
#4924=DIRECTION('ref_axis',(-1.,0.,0.));
#4925=DIRECTION('center_axis',(0.,-1.,0.));
#4926=DIRECTION('ref_axis',(1.,0.,0.));
#4927=DIRECTION('center_axis',(0.,0.,-1.));
#4928=DIRECTION('ref_axis',(1.,0.,0.));
#4929=DIRECTION('center_axis',(0.,0.,-1.));
#4930=DIRECTION('ref_axis',(1.,0.,0.));
#4931=DIRECTION('center_axis',(0.,0.,-1.));
#4932=DIRECTION('ref_axis',(1.,0.,0.));
#4933=DIRECTION('',(0.,0.,-1.));
#4934=DIRECTION('center_axis',(0.,0.,1.));
#4935=DIRECTION('ref_axis',(1.,0.,0.));
#4936=DIRECTION('center_axis',(1.,0.,0.));
#4937=DIRECTION('ref_axis',(0.,-0.707106781186549,0.707106781186546));
#4938=DIRECTION('',(-1.,0.,0.));
#4939=DIRECTION('center_axis',(0.707106781186548,-0.707106781186548,0.));
#4940=DIRECTION('ref_axis',(-0.707106781186548,-0.707106781186548,0.));
#4941=DIRECTION('',(1.,0.,0.));
#4942=DIRECTION('center_axis',(0.707106781186548,0.707106781186548,3.14018491736755E-15));
#4943=DIRECTION('ref_axis',(0.707106781186548,-0.707106781186548,3.14018491736755E-15));
#4944=DIRECTION('center_axis',(0.,-1.,0.));
#4945=DIRECTION('ref_axis',(-0.707106781186548,0.,0.707106781186548));
#4946=DIRECTION('',(0.,1.,0.));
#4947=DIRECTION('center_axis',(-0.707106781186548,-0.707106781186548,0.));
#4948=DIRECTION('ref_axis',(-0.707106781186548,0.707106781186548,0.));
#4949=DIRECTION('',(0.,-1.,0.));
#4950=DIRECTION('center_axis',(-1.,0.,0.));
#4951=DIRECTION('ref_axis',(0.,0.707106781186549,0.707106781186546));
#4952=DIRECTION('',(1.,0.,0.));
#4953=DIRECTION('center_axis',(-0.707106781186548,0.707106781186548,0.));
#4954=DIRECTION('ref_axis',(0.707106781186548,0.707106781186548,0.));
#4955=DIRECTION('',(-1.,0.,0.));
#4956=DIRECTION('center_axis',(0.,1.,0.));
#4957=DIRECTION('ref_axis',(0.707106781186548,0.,0.707106781186548));
#4958=DIRECTION('',(0.,1.,0.));
#4959=DIRECTION('',(0.,-1.,0.));
#4960=DIRECTION('center_axis',(1.,0.,0.));
#4961=DIRECTION('ref_axis',(0.,1.,0.));
#4962=DIRECTION('',(0.,0.,1.));
#4963=DIRECTION('',(0.,0.,1.));
#4964=DIRECTION('center_axis',(0.,-1.,0.));
#4965=DIRECTION('ref_axis',(1.,0.,0.));
#4966=DIRECTION('',(0.,0.,1.));
#4967=DIRECTION('',(0.,0.,1.));
#4968=DIRECTION('',(1.,0.,0.));
#4969=DIRECTION('',(0.,0.,1.));
#4970=DIRECTION('',(1.,0.,0.));
#4971=DIRECTION('',(0.,0.,1.));
#4972=DIRECTION('',(1.,0.,0.));
#4973=DIRECTION('',(0.,0.,1.));
#4974=DIRECTION('center_axis',(0.,0.,1.));
#4975=DIRECTION('ref_axis',(1.,0.,0.));
#4976=DIRECTION('center_axis',(0.,1.,0.));
#4977=DIRECTION('ref_axis',(0.707106781186546,0.,0.707106781186549));
#4978=DIRECTION('',(0.,-1.,0.));
#4979=DIRECTION('center_axis',(0.707106781186549,0.707106781186546,0.));
#4980=DIRECTION('ref_axis',(0.707106781186546,-0.707106781186549,0.));
#4981=DIRECTION('',(0.,1.,0.));
#4982=DIRECTION('center_axis',(-0.707106781186549,0.707106781186546,0.));
#4983=DIRECTION('ref_axis',(0.707106781186546,0.707106781186549,0.));
#4984=DIRECTION('center_axis',(1.,0.,0.));
#4985=DIRECTION('ref_axis',(0.,-0.707106781186549,0.707106781186546));
#4986=DIRECTION('',(-1.,0.,0.));
#4987=DIRECTION('center_axis',(0.707106781186549,-0.707106781186546,0.));
#4988=DIRECTION('ref_axis',(-0.707106781186546,-0.707106781186549,0.));
#4989=DIRECTION('center_axis',(0.,-1.,0.));
#4990=DIRECTION('ref_axis',(-0.707106781186546,0.,0.707106781186549));
#4991=DIRECTION('',(0.,1.,0.));
#4992=DIRECTION('center_axis',(-0.707106781186549,-0.707106781186546,0.));
#4993=DIRECTION('ref_axis',(-0.707106781186546,0.707106781186549,0.));
#4994=DIRECTION('',(0.,-1.,0.));
#4995=DIRECTION('center_axis',(-1.,0.,0.));
#4996=DIRECTION('ref_axis',(0.,0.707106781186549,0.707106781186546));
#4997=DIRECTION('',(1.,0.,0.));
#4998=DIRECTION('center_axis',(-0.707106781186549,0.707106781186546,0.));
#4999=DIRECTION('ref_axis',(0.707106781186546,0.707106781186549,0.));
#5000=DIRECTION('',(-1.,0.,0.));
#5001=DIRECTION('center_axis',(0.,1.,0.));
#5002=DIRECTION('ref_axis',(0.707106781186546,0.,0.707106781186549));
#5003=DIRECTION('',(0.,-1.,0.));
#5004=DIRECTION('center_axis',(0.707106781186549,0.707106781186546,0.));
#5005=DIRECTION('ref_axis',(0.707106781186546,-0.707106781186549,0.));
#5006=DIRECTION('',(0.,1.,0.));
#5007=DIRECTION('center_axis',(1.,0.,0.));
#5008=DIRECTION('ref_axis',(0.,-0.707106781186549,0.707106781186546));
#5009=DIRECTION('',(1.,0.,0.));
#5010=DIRECTION('',(-1.,0.,0.));
#5011=DIRECTION('center_axis',(0.707106781186549,0.707106781186546,0.));
#5012=DIRECTION('ref_axis',(-0.707106781186546,0.707106781186549,0.));
#5013=DIRECTION('center_axis',(0.,1.,0.));
#5014=DIRECTION('ref_axis',(0.707106781186546,0.,0.707106781186549));
#5015=DIRECTION('',(0.,1.,0.));
#5016=DIRECTION('',(0.,-1.,0.));
#5017=DIRECTION('center_axis',(-0.707106781186549,0.707106781186546,0.));
#5018=DIRECTION('ref_axis',(-0.707106781186546,-0.707106781186549,0.));
#5019=DIRECTION('center_axis',(-1.,0.,0.));
#5020=DIRECTION('ref_axis',(0.,0.707106781186549,0.707106781186546));
#5021=DIRECTION('',(-1.,0.,0.));
#5022=DIRECTION('',(1.,0.,0.));
#5023=DIRECTION('center_axis',(0.,-1.,0.));
#5024=DIRECTION('ref_axis',(1.,0.,0.));
#5025=DIRECTION('',(0.,0.,1.));
#5026=DIRECTION('',(0.,0.,1.));
#5027=DIRECTION('center_axis',(1.,0.,0.));
#5028=DIRECTION('ref_axis',(0.,1.,0.));
#5029=DIRECTION('',(0.,0.,-1.));
#5030=DIRECTION('center_axis',(0.,1.,0.));
#5031=DIRECTION('ref_axis',(-1.,0.,0.));
#5032=DIRECTION('',(0.,0.,1.));
#5033=DIRECTION('center_axis',(1.,0.,0.));
#5034=DIRECTION('ref_axis',(0.,1.,0.));
#5035=DIRECTION('center_axis',(0.,0.,1.));
#5036=DIRECTION('ref_axis',(1.,0.,0.));
#5037=DIRECTION('center_axis',(0.,-1.,0.));
#5038=DIRECTION('ref_axis',(-0.707106781186548,0.,0.707106781186548));
#5039=DIRECTION('',(0.,1.,0.));
#5040=DIRECTION('center_axis',(-0.707106781186548,-0.707106781186548,3.14018491736755E-15));
#5041=DIRECTION('ref_axis',(-0.707106781186548,0.707106781186548,3.14018491736755E-15));
#5042=DIRECTION('',(0.,-1.,0.));
#5043=DIRECTION('center_axis',(0.707106781186548,-0.707106781186548,0.));
#5044=DIRECTION('ref_axis',(-0.707106781186548,-0.707106781186548,0.));
#5045=DIRECTION('center_axis',(-1.,0.,0.));
#5046=DIRECTION('ref_axis',(0.,0.707106781186549,0.707106781186546));
#5047=DIRECTION('',(1.,0.,0.));
#5048=DIRECTION('center_axis',(-0.707106781186548,0.707106781186548,0.));
#5049=DIRECTION('ref_axis',(0.707106781186548,0.707106781186548,0.));
#5050=DIRECTION('',(-1.,0.,0.));
#5051=DIRECTION('center_axis',(0.,1.,0.));
#5052=DIRECTION('ref_axis',(0.707106781186548,0.,0.707106781186548));
#5053=DIRECTION('',(0.,-1.,0.));
#5054=DIRECTION('center_axis',(0.707106781186548,0.707106781186548,0.));
#5055=DIRECTION('ref_axis',(0.707106781186548,-0.707106781186548,0.));
#5056=DIRECTION('',(0.,1.,0.));
#5057=DIRECTION('center_axis',(1.,0.,0.));
#5058=DIRECTION('ref_axis',(0.,-0.707106781186549,0.707106781186546));
#5059=DIRECTION('',(1.,0.,0.));
#5060=DIRECTION('',(-1.,0.,0.));
#5061=DIRECTION('center_axis',(0.,-1.,0.));
#5062=DIRECTION('ref_axis',(1.,0.,0.));
#5063=DIRECTION('',(0.,0.,1.));
#5064=DIRECTION('',(0.,0.,1.));
#5065=DIRECTION('center_axis',(-1.,0.,0.));
#5066=DIRECTION('ref_axis',(0.,-1.,0.));
#5067=DIRECTION('',(0.,0.,1.));
#5068=DIRECTION('center_axis',(0.,0.,1.));
#5069=DIRECTION('ref_axis',(1.,0.,0.));
#5070=DIRECTION('center_axis',(1.,0.,0.));
#5071=DIRECTION('ref_axis',(0.,-0.707106781186549,0.707106781186546));
#5072=DIRECTION('',(-1.,0.,0.));
#5073=DIRECTION('center_axis',(0.707106781186549,-0.707106781186546,0.));
#5074=DIRECTION('ref_axis',(-0.707106781186546,-0.707106781186549,0.));
#5075=DIRECTION('center_axis',(0.707106781186549,0.707106781186546,0.));
#5076=DIRECTION('ref_axis',(0.707106781186546,-0.707106781186549,0.));
#5077=DIRECTION('center_axis',(0.,-1.,0.));
#5078=DIRECTION('ref_axis',(-0.707106781186546,0.,0.707106781186549));
#5079=DIRECTION('',(0.,1.,0.));
#5080=DIRECTION('center_axis',(-0.707106781186549,-0.707106781186546,0.));
#5081=DIRECTION('ref_axis',(-0.707106781186546,0.707106781186549,0.));
#5082=DIRECTION('',(0.,-1.,0.));
#5083=DIRECTION('center_axis',(-1.,0.,0.));
#5084=DIRECTION('ref_axis',(0.,0.707106781186549,0.707106781186546));
#5085=DIRECTION('',(1.,0.,0.));
#5086=DIRECTION('center_axis',(-0.707106781186549,-0.707106781186546,0.));
#5087=DIRECTION('ref_axis',(0.707106781186546,-0.707106781186549,0.));
#5088=DIRECTION('',(-1.,0.,0.));
#5089=DIRECTION('center_axis',(0.,-1.,0.));
#5090=DIRECTION('ref_axis',(-0.707106781186546,0.,0.707106781186549));
#5091=DIRECTION('',(0.,1.,0.));
#5092=DIRECTION('center_axis',(0.707106781186549,-0.707106781186546,0.));
#5093=DIRECTION('ref_axis',(0.707106781186546,0.707106781186549,0.));
#5094=DIRECTION('',(0.,-1.,0.));
#5095=DIRECTION('center_axis',(1.,0.,0.));
#5096=DIRECTION('ref_axis',(0.,-0.707106781186549,0.707106781186546));
#5097=DIRECTION('',(-1.,0.,0.));
#5098=DIRECTION('center_axis',(0.707106781186549,-0.707106781186546,0.));
#5099=DIRECTION('ref_axis',(-0.707106781186546,-0.707106781186549,0.));
#5100=DIRECTION('',(1.,0.,0.));
#5101=DIRECTION('center_axis',(0.,-1.,0.));
#5102=DIRECTION('ref_axis',(-0.707106781186546,0.,0.707106781186549));
#5103=DIRECTION('',(0.,-1.,0.));
#5104=DIRECTION('',(0.,1.,0.));
#5105=DIRECTION('center_axis',(-0.707106781186549,-0.707106781186546,0.));
#5106=DIRECTION('ref_axis',(-0.707106781186546,0.707106781186549,0.));
#5107=DIRECTION('center_axis',(-1.,0.,0.));
#5108=DIRECTION('ref_axis',(0.,0.707106781186549,0.707106781186546));
#5109=DIRECTION('',(-1.,0.,0.));
#5110=DIRECTION('',(1.,0.,0.));
#5111=DIRECTION('center_axis',(-0.707106781186549,0.707106781186546,0.));
#5112=DIRECTION('ref_axis',(0.707106781186546,0.707106781186549,0.));
#5113=DIRECTION('center_axis',(0.,1.,0.));
#5114=DIRECTION('ref_axis',(0.707106781186546,0.,0.707106781186549));
#5115=DIRECTION('',(0.,1.,0.));
#5116=DIRECTION('',(0.,-1.,0.));
#5117=DIRECTION('center_axis',(-1.,0.,0.));
#5118=DIRECTION('ref_axis',(0.,-1.,0.));
#5119=DIRECTION('',(0.,0.,1.));
#5120=DIRECTION('',(0.,0.,1.));
#5121=DIRECTION('center_axis',(0.,1.,0.));
#5122=DIRECTION('ref_axis',(-1.,0.,0.));
#5123=DIRECTION('',(0.,0.,1.));
#5124=DIRECTION('',(0.,0.,1.));
#5125=DIRECTION('',(0.,0.,1.));
#5126=DIRECTION('',(-1.,0.,0.));
#5127=DIRECTION('',(0.,0.,1.));
#5128=DIRECTION('center_axis',(1.,0.,0.));
#5129=DIRECTION('ref_axis',(0.,1.,0.));
#5130=DIRECTION('',(0.,1.,0.));
#5131=DIRECTION('center_axis',(0.,0.,1.));
#5132=DIRECTION('ref_axis',(1.,0.,0.));
#5133=DIRECTION('center_axis',(0.,0.,-1.));
#5134=DIRECTION('ref_axis',(0.,-1.,0.));
#5135=DIRECTION('',(0.,0.,-1.));
#5136=DIRECTION('center_axis',(0.,0.,1.));
#5137=DIRECTION('ref_axis',(0.,-1.,0.));
#5138=DIRECTION('center_axis',(0.,1.,0.));
#5139=DIRECTION('ref_axis',(1.,0.,0.));
#5140=DIRECTION('',(-1.,0.,0.));
#5141=DIRECTION('center_axis',(0.,0.,-1.));
#5142=DIRECTION('ref_axis',(0.,-1.,0.));
#5143=DIRECTION('',(0.,0.,-1.));
#5144=DIRECTION('center_axis',(0.,0.,1.));
#5145=DIRECTION('ref_axis',(0.,-1.,0.));
#5146=DIRECTION('center_axis',(0.,1.,0.));
#5147=DIRECTION('ref_axis',(1.,0.,0.));
#5148=DIRECTION('',(-1.,0.,0.));
#5149=DIRECTION('center_axis',(0.,0.,-1.));
#5150=DIRECTION('ref_axis',(0.,-1.,0.));
#5151=DIRECTION('',(0.,0.,-1.));
#5152=DIRECTION('center_axis',(0.,0.,1.));
#5153=DIRECTION('ref_axis',(0.,-1.,0.));
#5154=DIRECTION('center_axis',(0.,1.,0.));
#5155=DIRECTION('ref_axis',(1.,0.,0.));
#5156=DIRECTION('',(-1.,0.,0.));
#5157=DIRECTION('center_axis',(0.,0.,-1.));
#5158=DIRECTION('ref_axis',(0.,-1.,0.));
#5159=DIRECTION('',(0.,0.,-1.));
#5160=DIRECTION('center_axis',(0.,0.,1.));
#5161=DIRECTION('ref_axis',(0.,-1.,0.));
#5162=DIRECTION('center_axis',(0.,1.,0.));
#5163=DIRECTION('ref_axis',(1.,0.,0.));
#5164=DIRECTION('',(-1.,0.,0.));
#5165=DIRECTION('center_axis',(0.,-1.,0.));
#5166=DIRECTION('ref_axis',(1.,0.,0.));
#5167=DIRECTION('',(0.,0.,-1.));
#5168=DIRECTION('center_axis',(-1.,0.,0.));
#5169=DIRECTION('ref_axis',(0.,-1.,0.));
#5170=DIRECTION('',(0.,0.,1.));
#5171=DIRECTION('center_axis',(1.,0.,0.));
#5172=DIRECTION('ref_axis',(0.,1.,0.));
#5173=DIRECTION('center_axis',(1.,0.,0.));
#5174=DIRECTION('ref_axis',(0.,1.,0.));
#5175=DIRECTION('center_axis',(0.,1.,0.));
#5176=DIRECTION('ref_axis',(-1.,0.,0.));
#5177=DIRECTION('',(0.,0.,1.));
#5178=DIRECTION('center_axis',(-1.,0.,0.));
#5179=DIRECTION('ref_axis',(0.,-1.,0.));
#5180=DIRECTION('center_axis',(0.,1.,0.));
#5181=DIRECTION('ref_axis',(-1.,0.,0.));
#5182=DIRECTION('',(0.,0.,1.));
#5183=DIRECTION('center_axis',(-1.,0.,0.));
#5184=DIRECTION('ref_axis',(0.,-1.,0.));
#5185=DIRECTION('center_axis',(-1.,0.,0.));
#5186=DIRECTION('ref_axis',(0.,-1.,0.));
#5187=DIRECTION('',(0.,-1.,0.));
#5188=DIRECTION('center_axis',(0.,0.,1.));
#5189=DIRECTION('ref_axis',(1.,0.,0.));
#5190=DIRECTION('axis',(0.,0.,1.));
#5191=DIRECTION('refdir',(1.,0.,0.));
#5192=DIRECTION('center_axis',(0.,1.,0.));
#5193=DIRECTION('ref_axis',(1.,0.,0.));
#5194=DIRECTION('center_axis',(0.,1.,0.));
#5195=DIRECTION('ref_axis',(1.,0.,0.));
#5196=DIRECTION('',(0.,1.,0.));
#5197=DIRECTION('center_axis',(0.,1.,0.));
#5198=DIRECTION('ref_axis',(1.,0.,0.));
#5199=DIRECTION('center_axis',(0.,-1.,0.));
#5200=DIRECTION('ref_axis',(1.,0.,0.));
#5201=DIRECTION('center_axis',(0.,1.,0.));
#5202=DIRECTION('ref_axis',(1.,0.,0.));
#5203=DIRECTION('center_axis',(0.,1.,0.));
#5204=DIRECTION('ref_axis',(1.,0.,0.));
#5205=DIRECTION('',(0.,1.,0.));
#5206=DIRECTION('center_axis',(0.,1.,0.));
#5207=DIRECTION('ref_axis',(1.,0.,0.));
#5208=DIRECTION('center_axis',(0.,-1.,0.));
#5209=DIRECTION('ref_axis',(1.,0.,0.));
#5210=DIRECTION('center_axis',(0.,1.,0.));
#5211=DIRECTION('ref_axis',(1.,0.,0.));
#5212=DIRECTION('center_axis',(0.,1.,0.));
#5213=DIRECTION('ref_axis',(1.,0.,0.));
#5214=DIRECTION('',(0.,1.,0.));
#5215=DIRECTION('center_axis',(0.,1.,0.));
#5216=DIRECTION('ref_axis',(1.,0.,0.));
#5217=DIRECTION('center_axis',(0.,-1.,0.));
#5218=DIRECTION('ref_axis',(1.,0.,0.));
#5219=DIRECTION('center_axis',(0.,1.,0.));
#5220=DIRECTION('ref_axis',(1.,0.,0.));
#5221=DIRECTION('center_axis',(0.,1.,0.));
#5222=DIRECTION('ref_axis',(1.,0.,0.));
#5223=DIRECTION('',(0.,1.,0.));
#5224=DIRECTION('center_axis',(0.,1.,0.));
#5225=DIRECTION('ref_axis',(1.,0.,0.));
#5226=DIRECTION('center_axis',(0.,-1.,0.));
#5227=DIRECTION('ref_axis',(1.,0.,0.));
#5228=DIRECTION('center_axis',(0.,1.,0.));
#5229=DIRECTION('ref_axis',(0.,0.,1.));
#5230=DIRECTION('',(1.,0.,0.));
#5231=DIRECTION('',(0.,0.,-1.));
#5232=DIRECTION('',(-1.,0.,0.));
#5233=DIRECTION('',(0.,0.,1.));
#5234=DIRECTION('center_axis',(0.,1.,0.));
#5235=DIRECTION('ref_axis',(0.,0.,1.));
#5236=DIRECTION('',(-1.,0.,0.));
#5237=DIRECTION('',(0.,0.,-1.));
#5238=DIRECTION('',(1.,0.,0.));
#5239=DIRECTION('',(0.,0.,1.));
#5240=DIRECTION('center_axis',(1.,0.,0.));
#5241=DIRECTION('ref_axis',(0.,1.,0.));
#5242=DIRECTION('',(0.,-1.,0.));
#5243=DIRECTION('',(0.,-1.,0.));
#5244=DIRECTION('center_axis',(0.,0.,1.));
#5245=DIRECTION('ref_axis',(0.,-1.,0.));
#5246=DIRECTION('',(0.,-1.,0.));
#5247=DIRECTION('center_axis',(-1.,0.,0.));
#5248=DIRECTION('ref_axis',(0.,-1.,0.));
#5249=DIRECTION('',(0.,-1.,0.));
#5250=DIRECTION('center_axis',(0.,0.,-1.));
#5251=DIRECTION('ref_axis',(0.,1.,0.));
#5252=DIRECTION('axis',(0.,0.,1.));
#5253=DIRECTION('refdir',(1.,0.,0.));
#5254=DIRECTION('center_axis',(-1.,0.,0.));
#5255=DIRECTION('ref_axis',(0.,0.,1.));
#5256=DIRECTION('',(0.,0.,-1.));
#5257=DIRECTION('',(0.,1.,0.));
#5258=DIRECTION('',(0.,0.,1.));
#5259=DIRECTION('',(0.,1.,0.));
#5260=DIRECTION('center_axis',(0.,0.,-1.));
#5261=DIRECTION('ref_axis',(-1.,0.,0.));
#5262=DIRECTION('',(1.,0.,0.));
#5263=DIRECTION('',(0.,-1.,0.));
#5264=DIRECTION('',(-1.,0.,0.));
#5265=DIRECTION('',(0.,1.,0.));
#5266=DIRECTION('center_axis',(1.,0.,0.));
#5267=DIRECTION('ref_axis',(0.,0.,-1.));
#5268=DIRECTION('',(0.,0.,-1.));
#5269=DIRECTION('',(0.,0.,-1.));
#5270=DIRECTION('',(0.,1.,0.));
#5271=DIRECTION('center_axis',(0.,0.,1.));
#5272=DIRECTION('ref_axis',(1.,0.,0.));
#5273=DIRECTION('',(1.,0.,0.));
#5274=DIRECTION('',(1.,0.,0.));
#5275=DIRECTION('',(0.,1.,0.));
#5276=DIRECTION('center_axis',(0.,1.,0.));
#5277=DIRECTION('ref_axis',(0.,0.,1.));
#5278=DIRECTION('center_axis',(1.,0.,0.));
#5279=DIRECTION('ref_axis',(0.,0.,-1.));
#5280=DIRECTION('',(0.,0.,-1.));
#5281=DIRECTION('',(0.,1.,0.));
#5282=DIRECTION('',(0.,0.,-1.));
#5283=DIRECTION('center_axis',(1.,0.,0.));
#5284=DIRECTION('ref_axis',(0.,0.,-1.));
#5285=DIRECTION('',(0.,0.,-1.));
#5286=DIRECTION('',(0.,1.,0.));
#5287=DIRECTION('',(0.,0.,-1.));
#5288=DIRECTION('center_axis',(0.,1.,0.));
#5289=DIRECTION('ref_axis',(1.,0.,0.));
#5290=DIRECTION('center_axis',(0.,-1.,0.));
#5291=DIRECTION('ref_axis',(1.,0.,0.));
#5292=DIRECTION('',(0.,-1.,0.));
#5293=DIRECTION('center_axis',(0.,-1.,0.));
#5294=DIRECTION('ref_axis',(1.,0.,0.));
#5295=DIRECTION('center_axis',(0.,1.,0.));
#5296=DIRECTION('ref_axis',(1.,0.,0.));
#5297=DIRECTION('center_axis',(0.,-1.,0.));
#5298=DIRECTION('ref_axis',(1.,0.,0.));
#5299=DIRECTION('',(0.,-1.,0.));
#5300=DIRECTION('center_axis',(0.,-1.,0.));
#5301=DIRECTION('ref_axis',(1.,0.,0.));
#5302=DIRECTION('center_axis',(0.,1.,0.));
#5303=DIRECTION('ref_axis',(1.,0.,0.));
#5304=DIRECTION('center_axis',(0.,-1.,0.));
#5305=DIRECTION('ref_axis',(1.,0.,0.));
#5306=DIRECTION('',(0.,-1.,0.));
#5307=DIRECTION('center_axis',(0.,-1.,0.));
#5308=DIRECTION('ref_axis',(1.,0.,0.));
#5309=DIRECTION('center_axis',(0.,1.,0.));
#5310=DIRECTION('ref_axis',(1.,0.,0.));
#5311=DIRECTION('center_axis',(0.,-1.,0.));
#5312=DIRECTION('ref_axis',(1.,0.,0.));
#5313=DIRECTION('',(0.,-1.,0.));
#5314=DIRECTION('center_axis',(0.,-1.,0.));
#5315=DIRECTION('ref_axis',(1.,0.,0.));
#5316=DIRECTION('center_axis',(0.,0.,-1.));
#5317=DIRECTION('ref_axis',(-1.,0.,0.));
#5318=DIRECTION('',(-1.,0.,0.));
#5319=DIRECTION('',(0.,1.,0.));
#5320=DIRECTION('',(-1.,0.,0.));
#5321=DIRECTION('center_axis',(0.,0.,1.));
#5322=DIRECTION('ref_axis',(1.,0.,0.));
#5323=DIRECTION('',(1.,0.,0.));
#5324=DIRECTION('',(1.,0.,0.));
#5325=DIRECTION('',(0.,1.,0.));
#5326=DIRECTION('center_axis',(-1.,0.,0.));
#5327=DIRECTION('ref_axis',(0.,0.,1.));
#5328=DIRECTION('',(0.,0.,1.));
#5329=DIRECTION('',(0.,0.,1.));
#5330=DIRECTION('center_axis',(0.,1.,0.));
#5331=DIRECTION('ref_axis',(1.,0.,0.));
#5332=DIRECTION('center_axis',(0.,1.,0.));
#5333=DIRECTION('ref_axis',(1.,0.,0.));
#5334=DIRECTION('axis',(0.,0.,1.));
#5335=DIRECTION('refdir',(1.,0.,0.));
#5336=DIRECTION('center_axis',(0.,1.,0.));
#5337=DIRECTION('ref_axis',(0.,0.,1.));
#5338=DIRECTION('',(1.,0.,0.));
#5339=DIRECTION('',(0.,0.,-1.));
#5340=DIRECTION('',(-1.,0.,0.));
#5341=DIRECTION('',(0.,0.,1.));
#5342=DIRECTION('center_axis',(0.,1.,0.));
#5343=DIRECTION('ref_axis',(0.,0.,1.));
#5344=DIRECTION('',(-1.,0.,0.));
#5345=DIRECTION('',(0.,0.,-1.));
#5346=DIRECTION('',(1.,0.,0.));
#5347=DIRECTION('',(0.,0.,1.));
#5348=DIRECTION('center_axis',(1.,0.,0.));
#5349=DIRECTION('ref_axis',(0.,1.,0.));
#5350=DIRECTION('',(0.,-1.,0.));
#5351=DIRECTION('',(0.,-1.,0.));
#5352=DIRECTION('center_axis',(0.,0.,1.));
#5353=DIRECTION('ref_axis',(0.,-1.,0.));
#5354=DIRECTION('',(0.,-1.,0.));
#5355=DIRECTION('center_axis',(-1.,0.,0.));
#5356=DIRECTION('ref_axis',(0.,-1.,0.));
#5357=DIRECTION('',(0.,-1.,0.));
#5358=DIRECTION('center_axis',(0.,0.,-1.));
#5359=DIRECTION('ref_axis',(0.,1.,0.));
#5360=DIRECTION('center_axis',(1.,0.,2.53765262771464E-16));
#5361=DIRECTION('ref_axis',(-2.53765262771464E-16,0.,1.));
#5362=DIRECTION('',(2.53765262771464E-16,0.,-1.));
#5363=DIRECTION('',(0.,-1.,0.));
#5364=DIRECTION('',(-2.53765262771464E-16,0.,1.));
#5365=DIRECTION('',(0.,-1.,0.));
#5366=DIRECTION('center_axis',(0.,0.,-1.));
#5367=DIRECTION('ref_axis',(1.,0.,0.));
#5368=DIRECTION('',(-1.,0.,0.));
#5369=DIRECTION('',(1.,0.,0.));
#5370=DIRECTION('',(0.,1.,0.));
#5371=DIRECTION('center_axis',(0.,0.,1.));
#5372=DIRECTION('ref_axis',(-1.,0.,0.));
#5373=DIRECTION('',(1.,0.,0.));
#5374=DIRECTION('',(0.,-1.,0.));
#5375=DIRECTION('',(-1.,0.,0.));
#5376=DIRECTION('center_axis',(2.22044604925031E-16,0.,1.));
#5377=DIRECTION('ref_axis',(-1.,0.,2.22044604925031E-16));
#5378=DIRECTION('',(1.,0.,-2.22044604925031E-16));
#5379=DIRECTION('',(0.,-1.,0.));
#5380=DIRECTION('',(-1.,0.,2.22044604925031E-16));
#5381=DIRECTION('',(0.,-1.,0.));
#5382=DIRECTION('center_axis',(1.,0.,-1.26882631385732E-16));
#5383=DIRECTION('ref_axis',(1.26882631385732E-16,0.,1.));
#5384=DIRECTION('',(-1.26882631385732E-16,0.,-1.));
#5385=DIRECTION('',(1.26882631385732E-16,0.,1.));
#5386=DIRECTION('',(0.,-1.,0.));
#5387=DIRECTION('center_axis',(5.55111512312578E-17,0.,-1.));
#5388=DIRECTION('ref_axis',(1.,0.,5.55111512312578E-17));
#5389=DIRECTION('',(-1.,0.,-5.55111512312578E-17));
#5390=DIRECTION('',(1.,0.,5.55111512312578E-17));
#5391=DIRECTION('',(0.,1.,0.));
#5392=DIRECTION('center_axis',(-1.,0.,0.));
#5393=DIRECTION('ref_axis',(0.,0.,-1.));
#5394=DIRECTION('',(0.,0.,1.));
#5395=DIRECTION('',(0.,-1.,0.));
#5396=DIRECTION('',(0.,0.,-1.));
#5397=DIRECTION('',(0.,-1.,0.));
#5398=DIRECTION('center_axis',(-8.88178419700125E-16,0.,1.));
#5399=DIRECTION('ref_axis',(-1.,0.,-8.88178419700125E-16));
#5400=DIRECTION('',(1.,0.,8.88178419700125E-16));
#5401=DIRECTION('',(-1.,0.,-8.88178419700125E-16));
#5402=DIRECTION('',(0.,1.,0.));
#5403=DIRECTION('center_axis',(-8.88178419700125E-16,0.,-1.));
#5404=DIRECTION('ref_axis',(1.,0.,-8.88178419700125E-16));
#5405=DIRECTION('',(-1.,0.,8.88178419700125E-16));
#5406=DIRECTION('',(0.,-1.,0.));
#5407=DIRECTION('',(1.,0.,-8.88178419700125E-16));
#5408=DIRECTION('center_axis',(-1.,0.,0.));
#5409=DIRECTION('ref_axis',(0.,0.,-1.));
#5410=DIRECTION('',(0.,0.,1.));
#5411=DIRECTION('',(0.,-1.,0.));
#5412=DIRECTION('',(0.,0.,-1.));
#5413=DIRECTION('',(0.,-1.,0.));
#5414=DIRECTION('center_axis',(0.,0.,1.));
#5415=DIRECTION('ref_axis',(-1.,0.,0.));
#5416=DIRECTION('',(1.,0.,0.));
#5417=DIRECTION('',(-1.,0.,0.));
#5418=DIRECTION('',(0.,1.,0.));
#5419=DIRECTION('center_axis',(8.32667268468867E-17,0.,-1.));
#5420=DIRECTION('ref_axis',(1.,0.,8.32667268468867E-17));
#5421=DIRECTION('',(-1.,0.,-8.32667268468867E-17));
#5422=DIRECTION('',(0.,-1.,0.));
#5423=DIRECTION('',(1.,0.,8.32667268468867E-17));
#5424=DIRECTION('center_axis',(1.,0.,0.));
#5425=DIRECTION('ref_axis',(0.,1.,0.));
#5426=DIRECTION('',(0.,0.,1.));
#5427=DIRECTION('',(0.,-1.,0.));
#5428=DIRECTION('',(0.,0.,-1.));
#5429=DIRECTION('center_axis',(1.,0.,0.));
#5430=DIRECTION('ref_axis',(0.,1.,0.));
#5431=DIRECTION('',(0.,0.,-1.));
#5432=DIRECTION('',(0.,-1.,0.));
#5433=DIRECTION('',(0.,0.,1.));
#5434=DIRECTION('center_axis',(0.,1.,0.));
#5435=DIRECTION('ref_axis',(0.,0.,1.));
#5436=DIRECTION('',(1.,0.,0.));
#5437=DIRECTION('',(0.,0.,-1.));
#5438=DIRECTION('',(0.,0.,-1.));
#5439=DIRECTION('',(0.,0.,-1.));
#5440=DIRECTION('',(-1.,0.,0.));
#5441=DIRECTION('',(0.,0.,1.));
#5442=DIRECTION('center_axis',(-1.,0.,0.));
#5443=DIRECTION('ref_axis',(0.,-1.,0.));
#5444=DIRECTION('',(0.,0.,1.));
#5445=DIRECTION('',(0.,-1.,0.));
#5446=DIRECTION('center_axis',(-1.,0.,0.));
#5447=DIRECTION('ref_axis',(0.,-1.,0.));
#5448=DIRECTION('',(0.,0.,1.));
#5449=DIRECTION('center_axis',(0.,1.,0.));
#5450=DIRECTION('ref_axis',(0.,0.,1.));
#5451=DIRECTION('',(0.,0.,-1.));
#5452=DIRECTION('',(1.,0.,0.));
#5453=DIRECTION('',(0.,0.,1.));
#5454=DIRECTION('',(-1.,0.,0.));
#5455=DIRECTION('center_axis',(1.,0.,0.));
#5456=DIRECTION('ref_axis',(0.,1.,0.));
#5457=DIRECTION('center_axis',(0.,0.,1.));
#5458=DIRECTION('ref_axis',(0.,-1.,0.));
#5459=DIRECTION('center_axis',(-1.,0.,0.));
#5460=DIRECTION('ref_axis',(0.,-1.,0.));
#5461=DIRECTION('',(0.,-1.,0.));
#5462=DIRECTION('center_axis',(0.,0.,-1.));
#5463=DIRECTION('ref_axis',(0.,1.,0.));
#5464=DIRECTION('',(0.,4.09394740330527E-16,-1.));
#5465=DIRECTION('',(0.999999999999998,0.,0.));
#5466=DIRECTION('',(-2.44873565868886E-14,1.64313007644523E-14,-1.));
#5467=DIRECTION('',(0.999999999999998,8.92990544710184E-28,-2.37310171513628E-14));
#5468=DIRECTION('',(-1.24256841210459E-13,-2.70616862252382E-14,1.));
#5469=DIRECTION('',(-1.,3.52778596814836E-27,-1.24256841210459E-13));
#5470=DIRECTION('',(0.,-2.21662965760316E-14,-1.00000000000001));
#5471=DIRECTION('',(0.999999999999993,0.,0.));
#5472=DIRECTION('',(0.,1.,0.));
#5473=DIRECTION('',(1.,0.,0.));
#5474=DIRECTION('',(0.999999999999999,1.95057352695855E-16,2.51188347814296E-16));
#5475=DIRECTION('',(-1.83697019872103E-16,3.33066907387547E-16,-0.999999999999999));
#5476=DIRECTION('',(1.,3.15438136655688E-16,3.69162847174283E-17));
#5477=DIRECTION('',(6.12323399573677E-17,7.21644966006352E-16,-1.));
#5478=DIRECTION('',(1.,3.47328856888588E-16,6.9987947874619E-16));
#5479=DIRECTION('',(-1.83697019872103E-16,2.4980018054066E-16,-0.999999999999999));
#5480=DIRECTION('',(1.,6.36572369085868E-16,1.21965103726336E-15));
#5481=DIRECTION('',(6.12323399573678E-17,-1.11022302462516E-15,-1.));
#5482=CARTESIAN_POINT('',(0.,0.,0.));
#5483=CARTESIAN_POINT('',(0.,0.,0.));
#5484=CARTESIAN_POINT('',(0.,0.,0.));
#5485=CARTESIAN_POINT('',(0.,0.,0.));
#5486=CARTESIAN_POINT('',(0.,0.,0.));
#5487=CARTESIAN_POINT('',(0.,0.,0.));
#5488=CARTESIAN_POINT('Origin',(0.,3.,-20.));
#5489=CARTESIAN_POINT('',(0.,0.,0.));
#5490=CARTESIAN_POINT('',(-3.,3.,0.));
#5491=CARTESIAN_POINT('Origin',(0.,3.,0.));
#5492=CARTESIAN_POINT('',(-3.,3.,-40.));
#5493=CARTESIAN_POINT('',(-3.,3.,-20.));
#5494=CARTESIAN_POINT('',(0.,0.,-40.));
#5495=CARTESIAN_POINT('Origin',(0.,3.,-40.));
#5496=CARTESIAN_POINT('',(0.,0.,-20.));
#5497=CARTESIAN_POINT('Origin',(36.4,0.,-40.));
#5498=CARTESIAN_POINT('',(-3.,27.,-40.));
#5499=CARTESIAN_POINT('',(-3.,0.,-40.));
#5500=CARTESIAN_POINT('',(0.,27.,-40.));
#5501=CARTESIAN_POINT('',(0.,27.,-40.));
#5502=CARTESIAN_POINT('',(0.,3.,-40.));
#5503=CARTESIAN_POINT('',(0.,0.,-40.));
#5504=CARTESIAN_POINT('',(36.4,3.,-40.));
#5505=CARTESIAN_POINT('',(36.4,3.,-40.));
#5506=CARTESIAN_POINT('',(36.4,0.,-40.));
#5507=CARTESIAN_POINT('',(36.4,0.,-40.));
#5508=CARTESIAN_POINT('',(36.4,0.,-40.));
#5509=CARTESIAN_POINT('Origin',(-3.,23.5,-20.));
#5510=CARTESIAN_POINT('',(-3.,27.,0.));
#5511=CARTESIAN_POINT('',(-3.,27.,0.));
#5512=CARTESIAN_POINT('Origin',(-3.,27.,-20.));
#5513=CARTESIAN_POINT('',(-3.,40.0000000000009,-10.6057713659382));
#5514=CARTESIAN_POINT('Origin',(-3.,40.0000000000009,-12.2057713659382));
#5515=CARTESIAN_POINT('',(-3.,40.0000000000028,-26.1942286340586));
#5516=CARTESIAN_POINT('Origin',(-3.,40.0000000000028,-27.7942286340586));
#5517=CARTESIAN_POINT('',(-3.,13.0000000000019,-26.1942286340618));
#5518=CARTESIAN_POINT('Origin',(-3.,13.0000000000019,-27.7942286340618));
#5519=CARTESIAN_POINT('',(-3.,33.5000000612591,-26.5000000000037));
#5520=CARTESIAN_POINT('',(-3.,33.5000000301693,-13.4999999999952));
#5521=CARTESIAN_POINT('Origin',(-3.,33.4999999972854,-19.9999999999995));
#5522=CARTESIAN_POINT('',(-3.,19.5000000145855,-13.5000000000001));
#5523=CARTESIAN_POINT('',(-3.,33.4999999854145,-13.5000000000013));
#5524=CARTESIAN_POINT('',(-3.,19.4999999908436,-26.5000000000016));
#5525=CARTESIAN_POINT('Origin',(-3.,19.5000000027146,-20.0000000000008));
#5526=CARTESIAN_POINT('',(-3.,33.5000000612591,-26.5000000000037));
#5527=CARTESIAN_POINT('',(-3.,26.5000000000028,-33.9884572681204));
#5528=CARTESIAN_POINT('Origin',(-3.,26.5000000000028,-35.5884572681204));
#5529=CARTESIAN_POINT('',(-3.,26.5,-2.81154273187961));
#5530=CARTESIAN_POINT('Origin',(-3.,26.5,-4.41154273187961));
#5531=CARTESIAN_POINT('',(-3.,13.,-10.6057713659415));
#5532=CARTESIAN_POINT('Origin',(-3.,13.,-12.2057713659414));
#5533=CARTESIAN_POINT('Origin',(8.00000000000001,3.,-35.));
#5534=CARTESIAN_POINT('',(10.,3.,-35.));
#5535=CARTESIAN_POINT('Origin',(8.00000000000001,3.,-35.));
#5536=CARTESIAN_POINT('',(10.,0.,-35.));
#5537=CARTESIAN_POINT('',(10.,3.,-35.));
#5538=CARTESIAN_POINT('Origin',(8.00000000000001,0.,-35.));
#5539=CARTESIAN_POINT('Origin',(31.4,3.,-35.));
#5540=CARTESIAN_POINT('',(33.4,3.,-35.));
#5541=CARTESIAN_POINT('Origin',(31.4,3.,-35.));
#5542=CARTESIAN_POINT('',(33.4,0.,-35.));
#5543=CARTESIAN_POINT('',(33.4,3.,-35.));
#5544=CARTESIAN_POINT('Origin',(31.4,0.,-35.));
#5545=CARTESIAN_POINT('Origin',(31.4,3.,-5.));
#5546=CARTESIAN_POINT('',(33.4,3.,-5.));
#5547=CARTESIAN_POINT('Origin',(31.4,3.,-5.));
#5548=CARTESIAN_POINT('',(33.4,0.,-5.));
#5549=CARTESIAN_POINT('',(33.4,3.,-5.));
#5550=CARTESIAN_POINT('Origin',(31.4,0.,-5.));
#5551=CARTESIAN_POINT('Origin',(8.00000000000001,3.,-5.));
#5552=CARTESIAN_POINT('',(10.,3.,-5.));
#5553=CARTESIAN_POINT('Origin',(8.00000000000001,3.,-5.));
#5554=CARTESIAN_POINT('',(10.,0.,-5.));
#5555=CARTESIAN_POINT('',(10.,3.,-5.));
#5556=CARTESIAN_POINT('Origin',(8.00000000000001,0.,-5.));
#5557=CARTESIAN_POINT('Origin',(0.,40.0000000000009,-12.2057713659382));
#5558=CARTESIAN_POINT('',(0.,40.0000000000009,-10.6057713659382));
#5559=CARTESIAN_POINT('Origin',(0.,40.0000000000009,-12.2057713659382));
#5560=CARTESIAN_POINT('',(0.,40.0000000000009,-10.6057713659382));
#5561=CARTESIAN_POINT('Origin',(0.,40.0000000000028,-27.7942286340586));
#5562=CARTESIAN_POINT('',(0.,40.0000000000028,-26.1942286340586));
#5563=CARTESIAN_POINT('Origin',(0.,40.0000000000028,-27.7942286340586));
#5564=CARTESIAN_POINT('',(0.,40.0000000000028,-26.1942286340586));
#5565=CARTESIAN_POINT('Origin',(0.,13.0000000000019,-27.7942286340618));
#5566=CARTESIAN_POINT('',(0.,13.0000000000019,-26.1942286340618));
#5567=CARTESIAN_POINT('Origin',(0.,13.0000000000019,-27.7942286340618));
#5568=CARTESIAN_POINT('',(0.,13.0000000000019,-26.1942286340618));
#5569=CARTESIAN_POINT('Origin',(0.,19.4999999908436,-26.500000000002));
#5570=CARTESIAN_POINT('',(0.,33.5000000612591,-26.5000000000037));
#5571=CARTESIAN_POINT('',(0.,19.4999999908436,-26.5000000000016));
#5572=CARTESIAN_POINT('',(0.,33.5000000612591,-26.5000000000037));
#5573=CARTESIAN_POINT('',(0.,33.5000000612591,-26.5000000000037));
#5574=CARTESIAN_POINT('',(0.,19.4999999908436,-26.5000000000016));
#5575=CARTESIAN_POINT('Origin',(0.,19.5000000027146,-20.0000000000008));
#5576=CARTESIAN_POINT('',(0.,19.5000000145855,-13.5000000000001));
#5577=CARTESIAN_POINT('Origin',(0.,19.5000000027146,-20.0000000000008));
#5578=CARTESIAN_POINT('',(0.,19.5000000145855,-13.5000000000001));
#5579=CARTESIAN_POINT('Origin',(0.,33.4999999854145,-13.5000000000013));
#5580=CARTESIAN_POINT('',(0.,33.5000000301693,-13.4999999999952));
#5581=CARTESIAN_POINT('',(0.,33.4999999854145,-13.5000000000013));
#5582=CARTESIAN_POINT('',(0.,33.5000000301693,-13.4999999999952));
#5583=CARTESIAN_POINT('Origin',(0.,33.4999999972854,-19.9999999999995));
#5584=CARTESIAN_POINT('Origin',(0.,33.4999999972854,-19.9999999999995));
#5585=CARTESIAN_POINT('Origin',(0.,26.5000000000028,-35.5884572681204));
#5586=CARTESIAN_POINT('',(0.,26.5000000000028,-33.9884572681204));
#5587=CARTESIAN_POINT('Origin',(0.,26.5000000000028,-35.5884572681204));
#5588=CARTESIAN_POINT('',(0.,26.5000000000028,-33.9884572681204));
#5589=CARTESIAN_POINT('Origin',(0.,26.5,-4.41154273187961));
#5590=CARTESIAN_POINT('',(0.,26.5,-2.81154273187961));
#5591=CARTESIAN_POINT('Origin',(0.,26.5,-4.41154273187961));
#5592=CARTESIAN_POINT('',(0.,26.5,-2.81154273187961));
#5593=CARTESIAN_POINT('Origin',(0.,13.,-12.2057713659414));
#5594=CARTESIAN_POINT('',(0.,13.,-10.6057713659415));
#5595=CARTESIAN_POINT('Origin',(0.,13.,-12.2057713659414));
#5596=CARTESIAN_POINT('',(0.,13.,-10.6057713659414));
#5597=CARTESIAN_POINT('Origin',(0.,27.,-20.));
#5598=CARTESIAN_POINT('',(0.,27.,0.));
#5599=CARTESIAN_POINT('Origin',(0.,27.,-20.));
#5600=CARTESIAN_POINT('',(0.,27.,0.));
#5601=CARTESIAN_POINT('Origin',(0.,23.5,-20.));
#5602=CARTESIAN_POINT('',(0.,3.,0.));
#5603=CARTESIAN_POINT('',(0.,3.,-40.));
#5604=CARTESIAN_POINT('',(0.,27.,0.));
#5605=CARTESIAN_POINT('Origin',(39.4,0.,-3.));
#5606=CARTESIAN_POINT('',(39.4,0.,-3.));
#5607=CARTESIAN_POINT('',(39.4,0.,-37.));
#5608=CARTESIAN_POINT('',(39.4,0.,-3.));
#5609=CARTESIAN_POINT('',(39.4,3.,-37.));
#5610=CARTESIAN_POINT('',(39.4,0.,-37.));
#5611=CARTESIAN_POINT('',(39.4,3.,-3.));
#5612=CARTESIAN_POINT('',(39.4,3.,-3.));
#5613=CARTESIAN_POINT('',(39.4,0.,-3.));
#5614=CARTESIAN_POINT('Origin',(36.4,0.,-3.));
#5615=CARTESIAN_POINT('',(36.4,0.,0.));
#5616=CARTESIAN_POINT('Origin',(36.4,0.,-3.));
#5617=CARTESIAN_POINT('',(36.4,3.,0.));
#5618=CARTESIAN_POINT('Origin',(36.4,3.,-3.));
#5619=CARTESIAN_POINT('',(36.4,0.,0.));
#5620=CARTESIAN_POINT('Origin',(0.,0.,0.));
#5621=CARTESIAN_POINT('',(0.,0.,0.));
#5622=CARTESIAN_POINT('',(0.,3.,0.));
#5623=CARTESIAN_POINT('Origin',(36.4,0.,-37.));
#5624=CARTESIAN_POINT('Origin',(36.4,0.,-37.));
#5625=CARTESIAN_POINT('Origin',(36.4,3.,-37.));
#5626=CARTESIAN_POINT('Origin',(19.7,3.,-20.));
#5627=CARTESIAN_POINT('Origin',(19.7,0.,-20.));
#5628=CARTESIAN_POINT('',(0.,0.,0.));
#5629=CARTESIAN_POINT('Origin',(-1.11022302462516E-15,-9.,-7.5));
#5630=CARTESIAN_POINT('',(-1.6583123951777,-9.,-10.));
#5631=CARTESIAN_POINT('',(1.6583123951777,-9.,-10.));
#5632=CARTESIAN_POINT('',(-0.829156197588853,-9.,-10.));
#5633=CARTESIAN_POINT('Origin',(-1.11022302462516E-15,-9.,-7.5));
#5634=CARTESIAN_POINT('Origin',(-1.11022302462516E-15,-6.,-7.5));
#5635=CARTESIAN_POINT('',(-6.,-6.,-7.5));
#5636=CARTESIAN_POINT('Origin',(-1.11022302462516E-15,-6.,-7.5));
#5637=CARTESIAN_POINT('',(-1.6583123951777,-6.,-4.99999999999999));
#5638=CARTESIAN_POINT('Origin',(-1.11022302462516E-15,-6.,-7.5));
#5639=CARTESIAN_POINT('Origin',(-1.11022302462516E-15,0.,-7.5));
#5640=CARTESIAN_POINT('',(-1.6583123951777,-21.,-10.));
#5641=CARTESIAN_POINT('',(-1.6583123951777,-2.46519032881566E-31,-10.));
#5642=CARTESIAN_POINT('',(-1.6583123951777,-21.,-4.99999999999999));
#5643=CARTESIAN_POINT('Origin',(-1.11022302462516E-15,-21.,-7.49999999999999));
#5644=CARTESIAN_POINT('',(-1.6583123951777,5.28677630773884E-16,-5.));
#5645=CARTESIAN_POINT('',(1.6583123951777,-21.,-10.));
#5646=CARTESIAN_POINT('Origin',(-1.11022302462516E-15,-21.,-7.49999999999999));
#5647=CARTESIAN_POINT('',(1.6583123951777,-2.46519032881566E-31,-10.));
#5648=CARTESIAN_POINT('Origin',(-1.6583123951777,-2.22044604925031E-15,
-10.));
#5649=CARTESIAN_POINT('',(0.829156197588849,-21.,-10.));
#5650=CARTESIAN_POINT('Origin',(0.,-21.,4.44089209850063E-15));
#5651=CARTESIAN_POINT('Origin',(-1.11022302462516E-15,-2.46519032881566E-31,
-7.5));
#5652=CARTESIAN_POINT('',(-6.,-2.46519032881566E-31,-7.5));
#5653=CARTESIAN_POINT('',(-6.,-2.46519032881566E-31,-7.5));
#5654=CARTESIAN_POINT('Origin',(-1.11022302462516E-15,0.,-7.5));
#5655=CARTESIAN_POINT('Origin',(0.,0.,0.));
#5656=CARTESIAN_POINT('',(-18.5,0.,2.2655965784226E-15));
#5657=CARTESIAN_POINT('Origin',(0.,0.,0.));
#5658=CARTESIAN_POINT('Origin',(0.,35.,-1.99840144432528E-15));
#5659=CARTESIAN_POINT('',(-16.,46.,-2.48145721986486E-15));
#5660=CARTESIAN_POINT('Origin',(0.,46.,-4.44089209850063E-15));
#5661=CARTESIAN_POINT('',(-16.,24.,2.40352408848583E-15));
#5662=CARTESIAN_POINT('',(-16.,35.,-3.89665656895168E-17));
#5663=CARTESIAN_POINT('Origin',(0.,24.,4.44089209850062E-16));
#5664=CARTESIAN_POINT('Origin',(0.,46.,-4.44089209850063E-15));
#5665=CARTESIAN_POINT('Origin',(0.,12.,-2.66453525910038E-15));
#5666=CARTESIAN_POINT('',(-18.5,24.,-3.06347393977815E-15));
#5667=CARTESIAN_POINT('Origin',(0.,24.,-5.32907051820075E-15));
#5668=CARTESIAN_POINT('',(-18.5,12.,-3.98938680677772E-16));
#5669=CARTESIAN_POINT('Origin',(0.,24.,-5.32907051820075E-15));
#5670=CARTESIAN_POINT('Origin',(0.,51.5,-1.22124532708767E-15));
#5671=CARTESIAN_POINT('',(-16.,57.,-4.83055775539579E-16));
#5672=CARTESIAN_POINT('Origin',(0.,57.,-2.44249065417534E-15));
#5673=CARTESIAN_POINT('',(-16.,46.,1.95943487863577E-15));
#5674=CARTESIAN_POINT('',(-16.,51.5,7.38189551548093E-16));
#5675=CARTESIAN_POINT('Origin',(0.,46.,0.));
#5676=CARTESIAN_POINT('Origin',(0.,46.,0.));
#5677=CARTESIAN_POINT('Origin',(0.,57.,-2.44249065417534E-15));
#5678=CARTESIAN_POINT('',(0.,0.,0.));
#5679=CARTESIAN_POINT('Origin',(0.,5.9,1.31006316905768E-15));
#5680=CARTESIAN_POINT('',(-3.67394039744206E-16,11.8,3.));
#5681=CARTESIAN_POINT('Origin',(0.,11.8,0.));
#5682=CARTESIAN_POINT('',(-3.67394039744206E-16,1.11022302462516E-15,3.));
#5683=CARTESIAN_POINT('',(-3.67394039744206E-16,5.9,3.));
#5684=CARTESIAN_POINT('Origin',(0.,0.,2.62012633811537E-15));
#5685=CARTESIAN_POINT('Origin',(0.,11.8,0.));
#5686=CARTESIAN_POINT('',(-2.44929359829471E-16,11.8,2.));
#5687=CARTESIAN_POINT('Origin',(0.,11.8,1.26565424807268E-15));
#5688=CARTESIAN_POINT('Origin',(0.,14.65,6.32827124036339E-16));
#5689=CARTESIAN_POINT('',(-2.44929359829471E-16,17.5,2.));
#5690=CARTESIAN_POINT('Origin',(0.,17.5,-2.46519032881566E-31));
#5691=CARTESIAN_POINT('',(-2.44929359829471E-16,14.65,2.));
#5692=CARTESIAN_POINT('Origin',(-3.46410161513229,11.,-6.));
#5693=CARTESIAN_POINT('',(-6.92820323029288,11.,-5.15698594938385E-12));
#5694=CARTESIAN_POINT('',(-3.46410161513229,11.,-6.));
#5695=CARTESIAN_POINT('',(-4.33012701891741,11.,-4.50000000000999));
#5696=CARTESIAN_POINT('',(-6.92820323029288,17.5,-5.15698594938385E-12));
#5697=CARTESIAN_POINT('',(-6.92820323029288,11.,-5.15698594938385E-12));
#5698=CARTESIAN_POINT('',(-3.46410161513229,17.5,-6.));
#5699=CARTESIAN_POINT('',(-6.92820323029288,17.5,-5.15698594938385E-12));
#5700=CARTESIAN_POINT('',(-3.46410161513229,11.,-6.));
#5701=CARTESIAN_POINT('Origin',(3.46410161515016,11.,-6.));
#5702=CARTESIAN_POINT('',(3.46410161515016,11.,-6.));
#5703=CARTESIAN_POINT('',(1.73205080757508,11.,-6.));
#5704=CARTESIAN_POINT('',(3.46410161515016,17.5,-6.));
#5705=CARTESIAN_POINT('',(-3.46410161513229,17.5,-6.));
#5706=CARTESIAN_POINT('',(3.46410161515016,11.,-6.));
#5707=CARTESIAN_POINT('Origin',(6.92820323029287,11.,5.1636472875316E-12));
#5708=CARTESIAN_POINT('',(6.92820323029287,11.,5.16420239904392E-12));
#5709=CARTESIAN_POINT('',(6.0621778265044,11.,-1.50000000000096));
#5710=CARTESIAN_POINT('',(6.92820323029287,17.5,5.16475751055623E-12));
#5711=CARTESIAN_POINT('',(3.46410161515016,17.5,-6.));
#5712=CARTESIAN_POINT('',(6.92820323029287,11.,5.16420239904392E-12));
#5713=CARTESIAN_POINT('Origin',(3.46410161513229,11.,6.));
#5714=CARTESIAN_POINT('',(3.46410161513229,11.,6.));
#5715=CARTESIAN_POINT('',(4.33012701891741,11.,4.50000000000999));
#5716=CARTESIAN_POINT('',(3.46410161513229,17.5,6.));
#5717=CARTESIAN_POINT('',(6.92820323029287,17.5,5.16420239904392E-12));
#5718=CARTESIAN_POINT('',(3.46410161513229,11.,6.));
#5719=CARTESIAN_POINT('Origin',(-3.46410161515016,11.,6.));
#5720=CARTESIAN_POINT('',(-3.46410161515016,11.,6.));
#5721=CARTESIAN_POINT('',(-1.73205080757508,11.,6.));
#5722=CARTESIAN_POINT('',(-3.46410161515016,17.5,6.));
#5723=CARTESIAN_POINT('',(3.46410161513229,17.5,6.));
#5724=CARTESIAN_POINT('',(-3.46410161515016,11.,6.));
#5725=CARTESIAN_POINT('Origin',(-6.92820323029288,11.,-5.15698594938385E-12));
#5726=CARTESIAN_POINT('',(-6.06217782650441,11.,1.50000000000097));
#5727=CARTESIAN_POINT('',(-3.46410161515016,17.5,6.));
#5728=CARTESIAN_POINT('Origin',(-5.55111512312578E-15,17.5,0.));
#5729=CARTESIAN_POINT('Origin',(0.,5.5,-1.22124532708767E-15));
#5730=CARTESIAN_POINT('',(-10.,11.,-1.21784385502799E-15));
#5731=CARTESIAN_POINT('Origin',(0.,11.,-2.44249065417534E-15));
#5732=CARTESIAN_POINT('',(-10.,0.,1.22464679914735E-15));
#5733=CARTESIAN_POINT('',(-10.,5.5,3.40147205968116E-18));
#5734=CARTESIAN_POINT('Origin',(0.,0.,0.));
#5735=CARTESIAN_POINT('Origin',(0.,0.,0.));
#5736=CARTESIAN_POINT('Origin',(0.,11.,-2.44249065417534E-15));
#5737=CARTESIAN_POINT('',(0.,0.,0.));
#5738=CARTESIAN_POINT('Origin',(-3.46410161513775,0.,-6.));
#5739=CARTESIAN_POINT('',(-3.46410161513775,-8.3,-6.));
#5740=CARTESIAN_POINT('',(3.46410161513776,-8.3,-5.99999999999999));
#5741=CARTESIAN_POINT('',(-1.73205080756887,-8.3,-6.));
#5742=CARTESIAN_POINT('',(-3.46410161513775,-15.3,-6.00000000000001));
#5743=CARTESIAN_POINT('',(-3.46410161513775,0.,-6.));
#5744=CARTESIAN_POINT('',(3.46410161513776,-15.3,-5.99999999999999));
#5745=CARTESIAN_POINT('',(-3.46410161513775,-15.3,-6.));
#5746=CARTESIAN_POINT('',(3.46410161513776,0.,-5.99999999999999));
#5747=CARTESIAN_POINT('Origin',(3.46410161513776,0.,-5.99999999999999));
#5748=CARTESIAN_POINT('',(6.92820323027551,-8.3,7.12310768806728E-15));
#5749=CARTESIAN_POINT('',(4.3301270189222,-8.3,-4.49999999999999));
#5750=CARTESIAN_POINT('',(6.92820323027551,-15.3,6.66133814775094E-15));
#5751=CARTESIAN_POINT('',(3.46410161513776,-15.3,-5.99999999999999));
#5752=CARTESIAN_POINT('',(6.92820323027551,0.,7.12310768806728E-15));
#5753=CARTESIAN_POINT('Origin',(6.92820323027551,0.,7.12310768806728E-15));
#5754=CARTESIAN_POINT('',(3.46410161513775,-8.3,6.));
#5755=CARTESIAN_POINT('',(6.06217782649107,-8.3,1.50000000000001));
#5756=CARTESIAN_POINT('',(3.46410161513775,-15.3,6.));
#5757=CARTESIAN_POINT('',(6.92820323027551,-15.3,7.12310768806728E-15));
#5758=CARTESIAN_POINT('',(3.46410161513775,0.,6.));
#5759=CARTESIAN_POINT('Origin',(3.46410161513775,0.,6.));
#5760=CARTESIAN_POINT('',(-3.46410161513775,-8.3,6.));
#5761=CARTESIAN_POINT('',(1.73205080756887,-8.3,6.));
#5762=CARTESIAN_POINT('',(-3.46410161513775,-15.3,6.));
#5763=CARTESIAN_POINT('',(3.46410161513775,-15.3,6.));
#5764=CARTESIAN_POINT('',(-3.46410161513775,0.,6.));
#5765=CARTESIAN_POINT('Origin',(-6.9282032302755,0.,-5.74893966795702E-15));
#5766=CARTESIAN_POINT('',(-6.9282032302755,-8.3,-5.74893966795702E-15));
#5767=CARTESIAN_POINT('',(-6.06217782649106,-8.3,-1.5));
#5768=CARTESIAN_POINT('',(-6.9282032302755,-15.3,-5.55111512312578E-15));
#5769=CARTESIAN_POINT('',(-6.9282032302755,0.,-5.74893966795702E-15));
#5770=CARTESIAN_POINT('',(-6.9282032302755,-15.3,-5.74893966795702E-15));
#5771=CARTESIAN_POINT('Origin',(-3.46410161513775,0.,6.));
#5772=CARTESIAN_POINT('',(-4.33012701892219,-8.3,4.49999999999999));
#5773=CARTESIAN_POINT('',(-3.46410161513775,-15.3,6.));
#5774=CARTESIAN_POINT('Origin',(7.7715611723761E-15,-15.3,-2.22044604925031E-15));
#5775=CARTESIAN_POINT('Origin',(0.,-8.3,0.));
#5776=CARTESIAN_POINT('',(-10.,-8.3,1.22464679914735E-15));
#5777=CARTESIAN_POINT('Origin',(0.,-8.3,0.));
#5778=CARTESIAN_POINT('Origin',(0.,0.,0.));
#5779=CARTESIAN_POINT('',(-10.,-17.,1.22464679914735E-15));
#5780=CARTESIAN_POINT('',(-10.,0.,-1.22464679914735E-15));
#5781=CARTESIAN_POINT('Origin',(0.,-17.,0.));
#5782=CARTESIAN_POINT('Origin',(0.,0.,0.));
#5783=CARTESIAN_POINT('',(-28.8,0.,3.52698278154438E-15));
#5784=CARTESIAN_POINT('Origin',(0.,0.,0.));
#5785=CARTESIAN_POINT('',(-28.8,-17.,3.52698278154438E-15));
#5786=CARTESIAN_POINT('',(-28.8,0.,-3.52698278154438E-15));
#5787=CARTESIAN_POINT('Origin',(0.,-17.,0.));
#5788=CARTESIAN_POINT('Origin',(0.,-17.,0.));
#5789=CARTESIAN_POINT('Origin',(0.,0.,0.));
#5790=CARTESIAN_POINT('',(-42.5,0.,5.20474889637625E-15));
#5791=CARTESIAN_POINT('Origin',(0.,0.,0.));
#5792=CARTESIAN_POINT('Origin',(0.,0.,0.));
#5793=CARTESIAN_POINT('',(-42.5,-33.4,5.20474889637625E-15));
#5794=CARTESIAN_POINT('Origin',(0.,-33.4,0.));
#5795=CARTESIAN_POINT('',(-42.5,0.,-5.20474889637625E-15));
#5796=CARTESIAN_POINT('Origin',(0.,-33.4,0.));
#5797=CARTESIAN_POINT('',(50.9268020868808,-9.73940678260471,0.696610470844319));
#5798=CARTESIAN_POINT('',(50.9268020868808,16.6839869760561,-19.3476181632174));
#5799=CARTESIAN_POINT('',(41.7268020868806,23.9339869760562,-19.3476181632174));
#5800=CARTESIAN_POINT('',(38.8268020868806,23.9339869760561,-19.3476181632174));
#5801=CARTESIAN_POINT('',(74.3786691561631,45.7956247564002,45.3254985793326));
#5802=CARTESIAN_POINT('',(74.3786691561638,72.2190185150611,65.3697272133943));
#5803=CARTESIAN_POINT('',(83.5786691561637,79.4690185150611,65.3697272133938));
#5804=CARTESIAN_POINT('',(86.4786691561634,79.4690185150609,65.3697272133938));
#5805=CARTESIAN_POINT('',(116.443340313584,74.681847719961,-3.64744310913071));
#5806=CARTESIAN_POINT('',(116.443340313587,101.105241478622,-23.6916717431918));
#5807=CARTESIAN_POINT('',(107.243340313587,108.355241478622,-23.6916717431927));
#5808=CARTESIAN_POINT('',(104.343340313587,108.355241478622,-23.691671743193));
#5809=CARTESIAN_POINT('',(190.3068007245,2.84670394486626,12.7451283979118));
#5810=CARTESIAN_POINT('',(190.3068007245,29.2700977035274,-7.29910023614945));
#5811=CARTESIAN_POINT('',(181.1068007245,36.5200977035274,-7.29910023614931));
#5812=CARTESIAN_POINT('',(178.2068007245,36.5200977035272,-7.2991002361492));
#5813=CARTESIAN_POINT('',(0.,0.,0.));
#5814=CARTESIAN_POINT('Origin',(23.1875,33.25,2.4));
#5815=CARTESIAN_POINT('',(46.375,33.25,3.));
#5816=CARTESIAN_POINT('',(46.375,33.85,2.4));
#5817=CARTESIAN_POINT('Origin',(46.375,33.25,2.4));
#5818=CARTESIAN_POINT('',(20.375,33.85,2.4));
#5819=CARTESIAN_POINT('',(23.1875,33.85,2.4));
#5820=CARTESIAN_POINT('',(20.375,33.25,3.));
#5821=CARTESIAN_POINT('Origin',(20.375,33.25,2.4));
#5822=CARTESIAN_POINT('',(23.1875,33.25,3.));
#5823=CARTESIAN_POINT('Origin',(20.375,35.85,2.4));
#5824=CARTESIAN_POINT('',(20.375,37.85,2.4));
#5825=CARTESIAN_POINT('',(20.375,38.45,3.));
#5826=CARTESIAN_POINT('Origin',(20.375,38.45,2.4));
#5827=CARTESIAN_POINT('Origin',(20.375,35.85,3.));
#5828=CARTESIAN_POINT('Origin',(20.375,35.85,2.4));
#5829=CARTESIAN_POINT('Origin',(10.1875,38.45,2.4));
#5830=CARTESIAN_POINT('',(46.375,37.85,2.4));
#5831=CARTESIAN_POINT('',(46.375,38.45,3.));
#5832=CARTESIAN_POINT('Origin',(46.375,38.45,2.4));
#5833=CARTESIAN_POINT('',(10.1875,38.45,3.));
#5834=CARTESIAN_POINT('',(10.1875,37.85,2.4));
#5835=CARTESIAN_POINT('Origin',(46.375,35.85,2.4));
#5836=CARTESIAN_POINT('Origin',(46.375,35.85,3.));
#5837=CARTESIAN_POINT('Origin',(46.375,35.85,2.4));
#5838=CARTESIAN_POINT('Origin',(20.375,35.85,3.));
#5839=CARTESIAN_POINT('',(20.375,33.85,0.));
#5840=CARTESIAN_POINT('',(20.375,33.85,3.));
#5841=CARTESIAN_POINT('',(20.375,37.85,0.));
#5842=CARTESIAN_POINT('Origin',(20.375,35.85,0.));
#5843=CARTESIAN_POINT('',(20.375,37.85,3.));
#5844=CARTESIAN_POINT('Origin',(46.375,33.85,3.));
#5845=CARTESIAN_POINT('',(46.375,33.85,0.));
#5846=CARTESIAN_POINT('',(46.375,33.85,3.));
#5847=CARTESIAN_POINT('',(23.1875,33.85,0.));
#5848=CARTESIAN_POINT('Origin',(0.,0.,3.));
#5849=CARTESIAN_POINT('',(66.75,37.85,3.));
#5850=CARTESIAN_POINT('',(52.375,37.85,3.));
#5851=CARTESIAN_POINT('',(26.1875,37.85,3.));
#5852=CARTESIAN_POINT('',(52.375,40.85,3.));
#5853=CARTESIAN_POINT('',(52.375,20.425,3.));
#5854=CARTESIAN_POINT('',(14.375,40.85,3.));
#5855=CARTESIAN_POINT('',(69.75,40.85,3.));
#5856=CARTESIAN_POINT('',(14.375,37.85,3.));
#5857=CARTESIAN_POINT('',(14.375,18.925,3.));
#5858=CARTESIAN_POINT('',(-14.375,37.85,3.));
#5859=CARTESIAN_POINT('',(-7.1875,37.85,3.));
#5860=CARTESIAN_POINT('',(-14.375,40.85,3.));
#5861=CARTESIAN_POINT('',(-14.375,20.425,3.));
#5862=CARTESIAN_POINT('',(-52.375,40.85,3.));
#5863=CARTESIAN_POINT('',(69.75,40.85,3.));
#5864=CARTESIAN_POINT('',(-52.375,37.85,3.));
#5865=CARTESIAN_POINT('',(-52.375,18.925,3.));
#5866=CARTESIAN_POINT('',(-66.75,37.85,3.));
#5867=CARTESIAN_POINT('',(-33.375,37.85,3.));
#5868=CARTESIAN_POINT('',(-66.75,-37.85,3.));
#5869=CARTESIAN_POINT('',(-66.75,-20.425,3.));
#5870=CARTESIAN_POINT('',(-52.375,-37.85,3.));
#5871=CARTESIAN_POINT('',(-26.1875,-37.85,3.));
#5872=CARTESIAN_POINT('',(-52.375,-40.85,3.));
#5873=CARTESIAN_POINT('',(-52.375,-20.425,3.));
#5874=CARTESIAN_POINT('',(-14.375,-40.85,3.));
#5875=CARTESIAN_POINT('',(-69.75,-40.85,3.));
#5876=CARTESIAN_POINT('',(-14.375,-37.85,3.));
#5877=CARTESIAN_POINT('',(-14.375,-18.925,3.));
#5878=CARTESIAN_POINT('',(14.375,-37.85,3.));
#5879=CARTESIAN_POINT('',(7.1875,-37.85,3.));
#5880=CARTESIAN_POINT('',(14.375,-40.85,3.));
#5881=CARTESIAN_POINT('',(14.375,-20.425,3.));
#5882=CARTESIAN_POINT('',(52.375,-40.85,3.));
#5883=CARTESIAN_POINT('',(-69.75,-40.85,3.));
#5884=CARTESIAN_POINT('',(52.375,-37.85,3.));
#5885=CARTESIAN_POINT('',(52.375,-18.925,3.));
#5886=CARTESIAN_POINT('',(66.75,-37.85,3.));
#5887=CARTESIAN_POINT('',(33.375,-37.85,3.));
#5888=CARTESIAN_POINT('',(66.75,20.425,3.));
#5889=CARTESIAN_POINT('',(-46.375,-38.45,3.));
#5890=CARTESIAN_POINT('',(-20.375,-38.45,3.));
#5891=CARTESIAN_POINT('',(-10.1875,-38.45,3.));
#5892=CARTESIAN_POINT('',(-46.375,-33.25,3.));
#5893=CARTESIAN_POINT('Origin',(-46.375,-35.85,3.));
#5894=CARTESIAN_POINT('',(-20.375,-33.25,3.));
#5895=CARTESIAN_POINT('',(-23.1875,-33.25,3.));
#5896=CARTESIAN_POINT('Origin',(-20.375,-35.85,3.));
#5897=CARTESIAN_POINT('',(20.375,-38.45,3.));
#5898=CARTESIAN_POINT('',(46.375,-38.45,3.));
#5899=CARTESIAN_POINT('',(23.1875,-38.45,3.));
#5900=CARTESIAN_POINT('',(20.375,-33.25,3.));
#5901=CARTESIAN_POINT('Origin',(20.375,-35.85,3.));
#5902=CARTESIAN_POINT('',(46.375,-33.25,3.));
#5903=CARTESIAN_POINT('',(10.1875,-33.25,3.));
#5904=CARTESIAN_POINT('Origin',(46.375,-35.85,3.));
#5905=CARTESIAN_POINT('',(-59.55,-32.85,3.));
#5906=CARTESIAN_POINT('Origin',(-61.75,-32.85,3.));
#5907=CARTESIAN_POINT('',(63.95,-32.85,3.));
#5908=CARTESIAN_POINT('Origin',(61.75,-32.85,3.));
#5909=CARTESIAN_POINT('',(-59.55,32.85,3.));
#5910=CARTESIAN_POINT('Origin',(-61.75,32.85,3.));
#5911=CARTESIAN_POINT('',(63.95,32.85,3.));
#5912=CARTESIAN_POINT('Origin',(61.75,32.85,3.));
#5913=CARTESIAN_POINT('',(-46.375,33.25,3.));
#5914=CARTESIAN_POINT('',(-20.375,33.25,3.));
#5915=CARTESIAN_POINT('',(-10.1875,33.25,3.));
#5916=CARTESIAN_POINT('',(-46.375,38.45,3.));
#5917=CARTESIAN_POINT('Origin',(-46.375,35.85,3.));
#5918=CARTESIAN_POINT('',(-20.375,38.45,3.));
#5919=CARTESIAN_POINT('',(-23.1875,38.45,3.));
#5920=CARTESIAN_POINT('Origin',(-20.375,35.85,3.));
#5921=CARTESIAN_POINT('Origin',(-10.1875,-38.45,2.4));
#5922=CARTESIAN_POINT('',(-20.375,-37.85,2.4));
#5923=CARTESIAN_POINT('Origin',(-20.375,-38.45,2.4));
#5924=CARTESIAN_POINT('',(-46.375,-37.85,2.4));
#5925=CARTESIAN_POINT('',(-10.1875,-37.85,2.4));
#5926=CARTESIAN_POINT('Origin',(-46.375,-38.45,2.4));
#5927=CARTESIAN_POINT('Origin',(-46.375,-35.85,2.4));
#5928=CARTESIAN_POINT('',(-46.375,-33.85,2.4));
#5929=CARTESIAN_POINT('Origin',(-46.375,-33.25,2.4));
#5930=CARTESIAN_POINT('Origin',(-46.375,-35.85,2.4));
#5931=CARTESIAN_POINT('Origin',(-23.1875,-33.25,2.4));
#5932=CARTESIAN_POINT('',(-20.375,-33.85,2.4));
#5933=CARTESIAN_POINT('Origin',(-20.375,-33.25,2.4));
#5934=CARTESIAN_POINT('',(-23.1875,-33.85,2.4));
#5935=CARTESIAN_POINT('Origin',(-20.375,-35.85,2.4));
#5936=CARTESIAN_POINT('Origin',(-20.375,-35.85,2.4));
#5937=CARTESIAN_POINT('Origin',(-46.375,-35.85,3.));
#5938=CARTESIAN_POINT('',(-46.375,-37.85,0.));
#5939=CARTESIAN_POINT('',(-46.375,-37.85,3.));
#5940=CARTESIAN_POINT('',(-46.375,-33.85,0.));
#5941=CARTESIAN_POINT('Origin',(-46.375,-35.85,0.));
#5942=CARTESIAN_POINT('',(-46.375,-33.85,3.));
#5943=CARTESIAN_POINT('Origin',(-20.375,-37.85,3.));
#5944=CARTESIAN_POINT('',(-20.375,-37.85,0.));
#5945=CARTESIAN_POINT('',(-20.375,-37.85,3.));
#5946=CARTESIAN_POINT('',(-10.1875,-37.85,0.));
#5947=CARTESIAN_POINT('Origin',(-10.1875,33.25,2.4));
#5948=CARTESIAN_POINT('',(-20.375,33.85,2.4));
#5949=CARTESIAN_POINT('Origin',(-20.375,33.25,2.4));
#5950=CARTESIAN_POINT('',(-46.375,33.85,2.4));
#5951=CARTESIAN_POINT('',(-10.1875,33.85,2.4));
#5952=CARTESIAN_POINT('Origin',(-46.375,33.25,2.4));
#5953=CARTESIAN_POINT('Origin',(-46.375,35.85,2.4));
#5954=CARTESIAN_POINT('',(-46.375,37.85,2.4));
#5955=CARTESIAN_POINT('Origin',(-46.375,38.45,2.4));
#5956=CARTESIAN_POINT('Origin',(-46.375,35.85,2.4));
#5957=CARTESIAN_POINT('Origin',(-23.1875,38.45,2.4));
#5958=CARTESIAN_POINT('',(-20.375,37.85,2.4));
#5959=CARTESIAN_POINT('Origin',(-20.375,38.45,2.4));
#5960=CARTESIAN_POINT('',(-23.1875,37.85,2.4));
#5961=CARTESIAN_POINT('Origin',(-20.375,35.85,2.4));
#5962=CARTESIAN_POINT('Origin',(-20.375,35.85,2.4));
#5963=CARTESIAN_POINT('Origin',(-46.375,35.85,3.));
#5964=CARTESIAN_POINT('',(-46.375,33.85,0.));
#5965=CARTESIAN_POINT('',(-46.375,33.85,3.));
#5966=CARTESIAN_POINT('',(-46.375,37.85,0.));
#5967=CARTESIAN_POINT('Origin',(-46.375,35.85,0.));
#5968=CARTESIAN_POINT('',(-46.375,37.85,3.));
#5969=CARTESIAN_POINT('Origin',(-20.375,33.85,3.));
#5970=CARTESIAN_POINT('',(-20.375,33.85,0.));
#5971=CARTESIAN_POINT('',(-20.375,33.85,3.));
#5972=CARTESIAN_POINT('',(-10.1875,33.85,0.));
#5973=CARTESIAN_POINT('Origin',(23.1875,-38.45,2.4));
#5974=CARTESIAN_POINT('',(46.375,-37.85,2.4));
#5975=CARTESIAN_POINT('Origin',(46.375,-38.45,2.4));
#5976=CARTESIAN_POINT('',(20.375,-37.85,2.4));
#5977=CARTESIAN_POINT('',(23.1875,-37.85,2.4));
#5978=CARTESIAN_POINT('Origin',(20.375,-38.45,2.4));
#5979=CARTESIAN_POINT('Origin',(20.375,-35.85,2.4));
#5980=CARTESIAN_POINT('',(20.375,-33.85,2.4));
#5981=CARTESIAN_POINT('Origin',(20.375,-33.25,2.4));
#5982=CARTESIAN_POINT('Origin',(20.375,-35.85,2.4));
#5983=CARTESIAN_POINT('Origin',(10.1875,-33.25,2.4));
#5984=CARTESIAN_POINT('',(46.375,-33.85,2.4));
#5985=CARTESIAN_POINT('Origin',(46.375,-33.25,2.4));
#5986=CARTESIAN_POINT('',(10.1875,-33.85,2.4));
#5987=CARTESIAN_POINT('Origin',(46.375,-35.85,2.4));
#5988=CARTESIAN_POINT('Origin',(46.375,-35.85,2.4));
#5989=CARTESIAN_POINT('Origin',(20.375,-35.85,3.));
#5990=CARTESIAN_POINT('',(20.375,-37.85,0.));
#5991=CARTESIAN_POINT('',(20.375,-37.85,3.));
#5992=CARTESIAN_POINT('',(20.375,-33.85,0.));
#5993=CARTESIAN_POINT('Origin',(20.375,-35.85,0.));
#5994=CARTESIAN_POINT('',(20.375,-33.85,3.));
#5995=CARTESIAN_POINT('Origin',(46.375,-37.85,3.));
#5996=CARTESIAN_POINT('',(46.375,-37.85,0.));
#5997=CARTESIAN_POINT('',(46.375,-37.85,3.));
#5998=CARTESIAN_POINT('',(23.1875,-37.85,0.));
#5999=CARTESIAN_POINT('Origin',(61.75,32.85,2.4));
#6000=CARTESIAN_POINT('',(63.35,32.85,2.4));
#6001=CARTESIAN_POINT('Origin',(63.95,32.85,2.4));
#6002=CARTESIAN_POINT('',(60.15,32.85,2.4));
#6003=CARTESIAN_POINT('Origin',(61.75,32.85,2.4));
#6004=CARTESIAN_POINT('Origin',(61.75,32.85,2.4));
#6005=CARTESIAN_POINT('Origin',(61.75,32.85,3.));
#6006=CARTESIAN_POINT('',(60.15,32.85,0.));
#6007=CARTESIAN_POINT('',(60.15,32.85,3.));
#6008=CARTESIAN_POINT('Origin',(61.75,32.85,0.));
#6009=CARTESIAN_POINT('Origin',(-61.75,-32.85,2.4));
#6010=CARTESIAN_POINT('',(-60.15,-32.85,2.4));
#6011=CARTESIAN_POINT('Origin',(-59.55,-32.85,2.4));
#6012=CARTESIAN_POINT('',(-63.35,-32.85,2.4));
#6013=CARTESIAN_POINT('Origin',(-61.75,-32.85,2.4));
#6014=CARTESIAN_POINT('Origin',(-61.75,-32.85,2.4));
#6015=CARTESIAN_POINT('Origin',(-61.75,-32.85,3.));
#6016=CARTESIAN_POINT('',(-63.35,-32.85,0.));
#6017=CARTESIAN_POINT('',(-63.35,-32.85,3.));
#6018=CARTESIAN_POINT('Origin',(-61.75,-32.85,0.));
#6019=CARTESIAN_POINT('Origin',(-61.75,32.85,2.4));
#6020=CARTESIAN_POINT('',(-60.15,32.85,2.4));
#6021=CARTESIAN_POINT('Origin',(-59.55,32.85,2.4));
#6022=CARTESIAN_POINT('',(-63.35,32.85,2.4));
#6023=CARTESIAN_POINT('Origin',(-61.75,32.85,2.4));
#6024=CARTESIAN_POINT('Origin',(-61.75,32.85,2.4));
#6025=CARTESIAN_POINT('Origin',(-61.75,32.85,3.));
#6026=CARTESIAN_POINT('',(-63.35,32.85,0.));
#6027=CARTESIAN_POINT('',(-63.35,32.85,3.));
#6028=CARTESIAN_POINT('Origin',(-61.75,32.85,0.));
#6029=CARTESIAN_POINT('Origin',(61.75,-32.85,2.4));
#6030=CARTESIAN_POINT('',(63.35,-32.85,2.4));
#6031=CARTESIAN_POINT('Origin',(63.95,-32.85,2.4));
#6032=CARTESIAN_POINT('',(60.15,-32.85,2.4));
#6033=CARTESIAN_POINT('Origin',(61.75,-32.85,2.4));
#6034=CARTESIAN_POINT('Origin',(61.75,-32.85,2.4));
#6035=CARTESIAN_POINT('Origin',(61.75,-32.85,3.));
#6036=CARTESIAN_POINT('',(60.15,-32.85,0.));
#6037=CARTESIAN_POINT('',(60.15,-32.85,3.));
#6038=CARTESIAN_POINT('Origin',(61.75,-32.85,0.));
#6039=CARTESIAN_POINT('Origin',(-34.875,-39.85,17.));
#6040=CARTESIAN_POINT('',(13.375,-39.85,18.));
#6041=CARTESIAN_POINT('',(-13.375,-39.85,18.));
#6042=CARTESIAN_POINT('',(-34.875,-39.85,18.));
#6043=CARTESIAN_POINT('',(-14.375,-40.85,17.));
#6044=CARTESIAN_POINT('Origin',(-13.375,-39.85,17.));
#6045=CARTESIAN_POINT('',(14.375,-40.85,17.));
#6046=CARTESIAN_POINT('',(-34.875,-40.85,17.));
#6047=CARTESIAN_POINT('Origin',(13.375,-39.85,17.));
#6048=CARTESIAN_POINT('Origin',(-13.375,-38.6,17.));
#6049=CARTESIAN_POINT('',(-13.375,-38.85,18.));
#6050=CARTESIAN_POINT('',(-13.375,-38.6,18.));
#6051=CARTESIAN_POINT('',(-14.375,-37.85,17.));
#6052=CARTESIAN_POINT('Origin',(-13.375,-38.85,17.));
#6053=CARTESIAN_POINT('',(-14.375,-38.6,17.));
#6054=CARTESIAN_POINT('Origin',(7.1875,-38.85,17.));
#6055=CARTESIAN_POINT('',(13.375,-38.85,18.));
#6056=CARTESIAN_POINT('',(7.1875,-38.85,18.));
#6057=CARTESIAN_POINT('',(14.375,-37.85,17.));
#6058=CARTESIAN_POINT('Origin',(13.375,-38.85,17.));
#6059=CARTESIAN_POINT('',(7.1875,-37.85,17.));
#6060=CARTESIAN_POINT('Origin',(13.375,-40.1,17.));
#6061=CARTESIAN_POINT('',(14.375,-40.1,17.));
#6062=CARTESIAN_POINT('',(13.375,-40.1,18.));
#6063=CARTESIAN_POINT('Origin',(14.375,-40.85,3.));
#6064=CARTESIAN_POINT('',(14.375,-40.85,3.));
#6065=CARTESIAN_POINT('',(14.375,-37.85,3.));
#6066=CARTESIAN_POINT('Origin',(-69.75,-40.85,0.));
#6067=CARTESIAN_POINT('',(-14.375,-40.85,3.));
#6068=CARTESIAN_POINT('',(-52.375,-40.85,17.));
#6069=CARTESIAN_POINT('',(-52.375,-40.85,3.));
#6070=CARTESIAN_POINT('',(-69.75,-40.85,17.));
#6071=CARTESIAN_POINT('',(-69.,-40.85,17.));
#6072=CARTESIAN_POINT('',(-69.75,-40.85,0.));
#6073=CARTESIAN_POINT('',(-69.75,-40.85,0.));
#6074=CARTESIAN_POINT('',(69.75,-40.85,0.));
#6075=CARTESIAN_POINT('',(-69.75,-40.85,0.));
#6076=CARTESIAN_POINT('',(69.75,-40.85,17.));
#6077=CARTESIAN_POINT('',(69.75,-40.85,0.));
#6078=CARTESIAN_POINT('',(52.375,-40.85,17.));
#6079=CARTESIAN_POINT('',(-0.750000000000002,-40.85,17.));
#6080=CARTESIAN_POINT('',(52.375,-40.85,3.));
#6081=CARTESIAN_POINT('Origin',(0.,-39.35,18.));
#6082=CARTESIAN_POINT('Origin',(-53.375,-20.425,17.));
#6083=CARTESIAN_POINT('',(-53.375,-38.85,18.));
#6084=CARTESIAN_POINT('',(-53.375,-39.85,18.));
#6085=CARTESIAN_POINT('',(-53.375,-20.425,18.));
#6086=CARTESIAN_POINT('Origin',(-53.375,-39.85,17.));
#6087=CARTESIAN_POINT('',(-52.375,-37.85,17.));
#6088=CARTESIAN_POINT('',(-52.375,-20.425,17.));
#6089=CARTESIAN_POINT('Origin',(-53.375,-38.85,17.));
#6090=CARTESIAN_POINT('Origin',(-69.,-39.85,17.));
#6091=CARTESIAN_POINT('',(-68.75,-39.85,18.));
#6092=CARTESIAN_POINT('',(-69.,-39.85,18.));
#6093=CARTESIAN_POINT('Origin',(-68.75,-39.85,17.));
#6094=CARTESIAN_POINT('Origin',(-68.75,20.425,17.));
#6095=CARTESIAN_POINT('',(-68.75,39.85,18.));
#6096=CARTESIAN_POINT('',(-68.75,20.425,18.));
#6097=CARTESIAN_POINT('',(-69.75,40.85,17.));
#6098=CARTESIAN_POINT('Origin',(-68.75,39.85,17.));
#6099=CARTESIAN_POINT('',(-69.75,20.425,17.));
#6100=CARTESIAN_POINT('Origin',(0.750000000000002,39.85,17.));
#6101=CARTESIAN_POINT('',(-53.375,39.85,18.));
#6102=CARTESIAN_POINT('',(0.750000000000002,39.85,18.));
#6103=CARTESIAN_POINT('',(-52.375,40.85,17.));
#6104=CARTESIAN_POINT('Origin',(-53.375,39.85,17.));
#6105=CARTESIAN_POINT('',(0.750000000000002,40.85,17.));
#6106=CARTESIAN_POINT('Origin',(-53.375,18.925,17.));
#6107=CARTESIAN_POINT('',(-53.375,38.85,18.));
#6108=CARTESIAN_POINT('',(-53.375,18.925,18.));
#6109=CARTESIAN_POINT('',(-52.375,37.85,17.));
#6110=CARTESIAN_POINT('Origin',(-53.375,38.85,17.));
#6111=CARTESIAN_POINT('',(-52.375,18.925,17.));
#6112=CARTESIAN_POINT('Origin',(-67.5,38.85,17.));
#6113=CARTESIAN_POINT('',(-66.75,37.85,17.));
#6114=CARTESIAN_POINT('',(-67.5,37.85,17.));
#6115=CARTESIAN_POINT('',(-67.75,38.85,18.));
#6116=CARTESIAN_POINT('',(-67.5,38.85,18.));
#6117=CARTESIAN_POINT('Origin',(-67.75,38.85,17.));
#6118=CARTESIAN_POINT('Origin',(-67.75,-20.425,17.));
#6119=CARTESIAN_POINT('',(-66.75,-37.85,17.));
#6120=CARTESIAN_POINT('',(-66.75,-20.425,17.));
#6121=CARTESIAN_POINT('',(-67.75,-38.85,18.));
#6122=CARTESIAN_POINT('',(-67.75,-20.425,18.));
#6123=CARTESIAN_POINT('Origin',(-67.75,-38.85,17.));
#6124=CARTESIAN_POINT('Origin',(-60.3125,-38.85,17.));
#6125=CARTESIAN_POINT('',(-60.3125,-37.85,17.));
#6126=CARTESIAN_POINT('',(-60.3125,-38.85,18.));
#6127=CARTESIAN_POINT('Origin',(-66.75,37.85,3.));
#6128=CARTESIAN_POINT('',(-66.75,37.85,3.));
#6129=CARTESIAN_POINT('',(-52.375,37.85,3.));
#6130=CARTESIAN_POINT('Origin',(-66.75,-40.85,3.));
#6131=CARTESIAN_POINT('',(-66.75,-37.85,3.));
#6132=CARTESIAN_POINT('Origin',(-52.375,-37.85,3.));
#6133=CARTESIAN_POINT('',(-52.375,-37.85,3.));
#6134=CARTESIAN_POINT('Origin',(-52.375,-40.85,3.));
#6135=CARTESIAN_POINT('Origin',(-68.25,0.,18.));
#6136=CARTESIAN_POINT('Origin',(-13.375,40.1,17.));
#6137=CARTESIAN_POINT('',(-13.375,38.85,18.));
#6138=CARTESIAN_POINT('',(-13.375,39.85,18.));
#6139=CARTESIAN_POINT('',(-13.375,40.1,18.));
#6140=CARTESIAN_POINT('',(-14.375,40.85,17.));
#6141=CARTESIAN_POINT('Origin',(-13.375,39.85,17.));
#6142=CARTESIAN_POINT('',(-14.375,37.85,17.));
#6143=CARTESIAN_POINT('',(-14.375,40.1,17.));
#6144=CARTESIAN_POINT('Origin',(-13.375,38.85,17.));
#6145=CARTESIAN_POINT('Origin',(34.875,39.85,17.));
#6146=CARTESIAN_POINT('',(13.375,39.85,18.));
#6147=CARTESIAN_POINT('',(34.875,39.85,18.));
#6148=CARTESIAN_POINT('',(14.375,40.85,17.));
#6149=CARTESIAN_POINT('Origin',(13.375,39.85,17.));
#6150=CARTESIAN_POINT('',(34.875,40.85,17.));
#6151=CARTESIAN_POINT('Origin',(13.375,38.6,17.));
#6152=CARTESIAN_POINT('',(13.375,38.85,18.));
#6153=CARTESIAN_POINT('',(13.375,38.6,18.));
#6154=CARTESIAN_POINT('',(14.375,37.85,17.));
#6155=CARTESIAN_POINT('Origin',(13.375,38.85,17.));
#6156=CARTESIAN_POINT('',(14.375,38.6,17.));
#6157=CARTESIAN_POINT('Origin',(-7.1875,38.85,17.));
#6158=CARTESIAN_POINT('',(-7.1875,37.85,17.));
#6159=CARTESIAN_POINT('',(-7.1875,38.85,18.));
#6160=CARTESIAN_POINT('Origin',(-14.375,37.85,3.));
#6161=CARTESIAN_POINT('',(-14.375,37.85,3.));
#6162=CARTESIAN_POINT('',(14.375,37.85,3.));
#6163=CARTESIAN_POINT('Origin',(-14.375,40.85,3.));
#6164=CARTESIAN_POINT('',(-14.375,40.85,3.));
#6165=CARTESIAN_POINT('Origin',(0.,39.35,18.));
#6166=CARTESIAN_POINT('Origin',(-0.750000000000002,-39.85,17.));
#6167=CARTESIAN_POINT('',(68.75,-39.85,18.));
#6168=CARTESIAN_POINT('',(53.375,-39.85,18.));
#6169=CARTESIAN_POINT('',(-0.750000000000002,-39.85,18.));
#6170=CARTESIAN_POINT('Origin',(53.375,-39.85,17.));
#6171=CARTESIAN_POINT('Origin',(68.75,-39.85,17.));
#6172=CARTESIAN_POINT('Origin',(53.375,-18.925,17.));
#6173=CARTESIAN_POINT('',(53.375,-38.85,18.));
#6174=CARTESIAN_POINT('',(53.375,-18.925,18.));
#6175=CARTESIAN_POINT('',(52.375,-37.85,17.));
#6176=CARTESIAN_POINT('Origin',(53.375,-38.85,17.));
#6177=CARTESIAN_POINT('',(52.375,-18.925,17.));
#6178=CARTESIAN_POINT('Origin',(67.5,-38.85,17.));
#6179=CARTESIAN_POINT('',(67.75,-38.85,18.));
#6180=CARTESIAN_POINT('',(67.5,-38.85,18.));
#6181=CARTESIAN_POINT('',(66.75,-37.85,17.));
#6182=CARTESIAN_POINT('Origin',(67.75,-38.85,17.));
#6183=CARTESIAN_POINT('',(67.5,-37.85,17.));
#6184=CARTESIAN_POINT('Origin',(67.75,20.425,17.));
#6185=CARTESIAN_POINT('',(67.75,38.85,18.));
#6186=CARTESIAN_POINT('',(67.75,20.425,18.));
#6187=CARTESIAN_POINT('',(66.75,37.85,17.));
#6188=CARTESIAN_POINT('Origin',(67.75,38.85,17.));
#6189=CARTESIAN_POINT('',(66.75,20.425,17.));
#6190=CARTESIAN_POINT('Origin',(60.3125,38.85,17.));
#6191=CARTESIAN_POINT('',(53.375,38.85,18.));
#6192=CARTESIAN_POINT('',(60.3125,38.85,18.));
#6193=CARTESIAN_POINT('',(52.375,37.85,17.));
#6194=CARTESIAN_POINT('Origin',(53.375,38.85,17.));
#6195=CARTESIAN_POINT('',(60.3125,37.85,17.));
#6196=CARTESIAN_POINT('Origin',(53.375,20.425,17.));
#6197=CARTESIAN_POINT('',(52.375,40.85,17.));
#6198=CARTESIAN_POINT('',(52.375,20.425,17.));
#6199=CARTESIAN_POINT('',(53.375,39.85,18.));
#6200=CARTESIAN_POINT('',(53.375,20.425,18.));
#6201=CARTESIAN_POINT('Origin',(53.375,39.85,17.));
#6202=CARTESIAN_POINT('Origin',(69.,39.85,17.));
#6203=CARTESIAN_POINT('',(69.75,40.85,17.));
#6204=CARTESIAN_POINT('',(69.,40.85,17.));
#6205=CARTESIAN_POINT('',(68.75,39.85,18.));
#6206=CARTESIAN_POINT('',(69.,39.85,18.));
#6207=CARTESIAN_POINT('Origin',(68.75,39.85,17.));
#6208=CARTESIAN_POINT('Origin',(68.75,-20.425,17.));
#6209=CARTESIAN_POINT('',(69.75,-20.425,17.));
#6210=CARTESIAN_POINT('',(68.75,-20.425,18.));
#6211=CARTESIAN_POINT('Origin',(52.375,40.85,3.));
#6212=CARTESIAN_POINT('',(52.375,40.85,3.));
#6213=CARTESIAN_POINT('',(52.375,37.85,3.));
#6214=CARTESIAN_POINT('Origin',(69.75,40.85,0.));
#6215=CARTESIAN_POINT('',(-52.375,40.85,3.));
#6216=CARTESIAN_POINT('',(14.375,40.85,3.));
#6217=CARTESIAN_POINT('',(69.75,40.85,0.));
#6218=CARTESIAN_POINT('',(69.75,40.85,0.));
#6219=CARTESIAN_POINT('',(-69.75,40.85,0.));
#6220=CARTESIAN_POINT('',(69.75,40.85,0.));
#6221=CARTESIAN_POINT('',(-69.75,40.85,0.));
#6222=CARTESIAN_POINT('Origin',(69.75,-40.85,0.));
#6223=CARTESIAN_POINT('',(69.75,-40.85,0.));
#6224=CARTESIAN_POINT('Origin',(68.25,0.,18.));
#6225=CARTESIAN_POINT('Origin',(46.375,-35.85,3.));
#6226=CARTESIAN_POINT('',(46.375,-33.85,0.));
#6227=CARTESIAN_POINT('',(46.375,-33.85,3.));
#6228=CARTESIAN_POINT('Origin',(46.375,-35.85,0.));
#6229=CARTESIAN_POINT('Origin',(20.375,-33.85,3.));
#6230=CARTESIAN_POINT('',(10.1875,-33.85,0.));
#6231=CARTESIAN_POINT('Origin',(-20.375,35.85,3.));
#6232=CARTESIAN_POINT('',(-20.375,37.85,0.));
#6233=CARTESIAN_POINT('',(-20.375,37.85,3.));
#6234=CARTESIAN_POINT('Origin',(-20.375,35.85,0.));
#6235=CARTESIAN_POINT('Origin',(-46.375,37.85,3.));
#6236=CARTESIAN_POINT('',(-23.1875,37.85,0.));
#6237=CARTESIAN_POINT('Origin',(-20.375,-35.85,3.));
#6238=CARTESIAN_POINT('',(-20.375,-33.85,0.));
#6239=CARTESIAN_POINT('',(-20.375,-33.85,3.));
#6240=CARTESIAN_POINT('Origin',(-20.375,-35.85,0.));
#6241=CARTESIAN_POINT('Origin',(-46.375,-33.85,3.));
#6242=CARTESIAN_POINT('',(-23.1875,-33.85,0.));
#6243=CARTESIAN_POINT('Origin',(46.375,35.85,3.));
#6244=CARTESIAN_POINT('',(46.375,37.85,0.));
#6245=CARTESIAN_POINT('',(46.375,37.85,3.));
#6246=CARTESIAN_POINT('Origin',(46.375,35.85,0.));
#6247=CARTESIAN_POINT('Origin',(20.375,37.85,3.));
#6248=CARTESIAN_POINT('',(10.1875,37.85,0.));
#6249=CARTESIAN_POINT('Origin',(52.375,37.85,3.));
#6250=CARTESIAN_POINT('',(66.75,37.85,3.));
#6251=CARTESIAN_POINT('Origin',(66.75,40.85,3.));
#6252=CARTESIAN_POINT('',(66.75,-37.85,3.));
#6253=CARTESIAN_POINT('Origin',(14.375,37.85,3.));
#6254=CARTESIAN_POINT('Origin',(-52.375,37.85,3.));
#6255=CARTESIAN_POINT('Origin',(66.75,-37.85,3.));
#6256=CARTESIAN_POINT('',(52.375,-37.85,3.));
#6257=CARTESIAN_POINT('Origin',(52.375,-37.85,3.));
#6258=CARTESIAN_POINT('Origin',(14.375,-37.85,3.));
#6259=CARTESIAN_POINT('',(-14.375,-37.85,3.));
#6260=CARTESIAN_POINT('Origin',(-14.375,-37.85,3.));
#6261=CARTESIAN_POINT('Origin',(-69.75,40.85,0.));
#6262=CARTESIAN_POINT('',(-69.75,40.85,0.));
#6263=CARTESIAN_POINT('Origin',(0.,0.,0.));
#6264=CARTESIAN_POINT('',(0.,0.,0.));
#6265=CARTESIAN_POINT('Origin',(77.,0.,80.85));
#6266=CARTESIAN_POINT('',(75.,0.,80.85));
#6267=CARTESIAN_POINT('Origin',(77.,0.,80.85));
#6268=CARTESIAN_POINT('',(75.,12.3,80.85));
#6269=CARTESIAN_POINT('',(75.,0.,80.85));
#6270=CARTESIAN_POINT('Origin',(77.,12.3,80.85));
#6271=CARTESIAN_POINT('Origin',(77.,12.3,80.85));
#6272=CARTESIAN_POINT('Origin',(7.19999999999999,0.,7.15));
#6273=CARTESIAN_POINT('',(5.2,0.,7.15));
#6274=CARTESIAN_POINT('Origin',(7.19999999999999,0.,7.15));
#6275=CARTESIAN_POINT('',(5.2,12.3,7.15));
#6276=CARTESIAN_POINT('',(5.2,0.,7.15));
#6277=CARTESIAN_POINT('Origin',(7.19999999999999,12.3,7.15));
#6278=CARTESIAN_POINT('Origin',(7.19999999999999,12.3,7.15));
#6279=CARTESIAN_POINT('Origin',(7.19999999999999,0.,80.85));
#6280=CARTESIAN_POINT('',(5.2,0.,80.85));
#6281=CARTESIAN_POINT('Origin',(7.19999999999999,0.,80.85));
#6282=CARTESIAN_POINT('',(5.2,12.3,80.85));
#6283=CARTESIAN_POINT('',(5.2,0.,80.85));
#6284=CARTESIAN_POINT('Origin',(7.19999999999999,12.3,80.85));
#6285=CARTESIAN_POINT('Origin',(7.19999999999999,12.3,80.85));
#6286=CARTESIAN_POINT('Origin',(77.,0.,7.15));
#6287=CARTESIAN_POINT('',(75.,0.,7.15));
#6288=CARTESIAN_POINT('Origin',(77.,0.,7.15));
#6289=CARTESIAN_POINT('',(75.,12.3,7.15));
#6290=CARTESIAN_POINT('',(75.,0.,7.15));
#6291=CARTESIAN_POINT('Origin',(77.,12.3,7.15));
#6292=CARTESIAN_POINT('Origin',(77.,12.3,7.15));
#6293=CARTESIAN_POINT('Origin',(42.1,36.2,44.));
#6294=CARTESIAN_POINT('',(0.,36.2,88.));
#6295=CARTESIAN_POINT('',(84.2,36.2,88.));
#6296=CARTESIAN_POINT('',(42.1,36.2,88.));
#6297=CARTESIAN_POINT('',(84.2,36.2,0.));
#6298=CARTESIAN_POINT('',(84.2,36.2,44.));
#6299=CARTESIAN_POINT('',(0.,36.2,0.));
#6300=CARTESIAN_POINT('',(42.1,36.2,0.));
#6301=CARTESIAN_POINT('',(0.,36.2,44.));
#6302=CARTESIAN_POINT('Origin',(42.1,0.,44.));
#6303=CARTESIAN_POINT('',(84.2,0.,88.));
#6304=CARTESIAN_POINT('',(0.,0.,88.));
#6305=CARTESIAN_POINT('',(42.1,0.,88.));
#6306=CARTESIAN_POINT('',(0.,0.,0.));
#6307=CARTESIAN_POINT('',(0.,0.,44.));
#6308=CARTESIAN_POINT('',(84.2,0.,0.));
#6309=CARTESIAN_POINT('',(42.1,0.,0.));
#6310=CARTESIAN_POINT('',(84.2,0.,44.));
#6311=CARTESIAN_POINT('Origin',(0.,18.1,44.));
#6312=CARTESIAN_POINT('',(0.,18.1,0.));
#6313=CARTESIAN_POINT('',(0.,18.1,88.));
#6314=CARTESIAN_POINT('Origin',(42.1,18.1,0.));
#6315=CARTESIAN_POINT('',(84.2,18.1,0.));
#6316=CARTESIAN_POINT('Origin',(84.2,18.1,44.));
#6317=CARTESIAN_POINT('',(84.2,18.1,88.));
#6318=CARTESIAN_POINT('Origin',(42.1,18.1,88.));
#6319=CARTESIAN_POINT('',(0.,0.,0.));
#6320=CARTESIAN_POINT('Origin',(50.,0.,-42.5));
#6321=CARTESIAN_POINT('',(50.,9.,-7.5));
#6322=CARTESIAN_POINT('',(50.,9.,-42.5));
#6323=CARTESIAN_POINT('',(50.,9.,0.));
#6324=CARTESIAN_POINT('',(50.,12.6,-7.5));
#6325=CARTESIAN_POINT('',(50.,0.,-7.5));
#6326=CARTESIAN_POINT('',(50.,12.6,-42.5));
#6327=CARTESIAN_POINT('',(50.,12.6,0.));
#6328=CARTESIAN_POINT('',(50.,0.,-42.5));
#6329=CARTESIAN_POINT('Origin',(58.,0.,-42.5));
#6330=CARTESIAN_POINT('',(50.,0.,-42.5));
#6331=CARTESIAN_POINT('',(58.,0.,-42.5));
#6332=CARTESIAN_POINT('',(50.,0.,-42.5));
#6333=CARTESIAN_POINT('',(50.,0.,-42.5));
#6334=CARTESIAN_POINT('',(58.,12.6,-42.5));
#6335=CARTESIAN_POINT('',(50.,12.6,-42.5));
#6336=CARTESIAN_POINT('',(58.,0.,-42.5));
#6337=CARTESIAN_POINT('Origin',(58.,0.,-7.5));
#6338=CARTESIAN_POINT('',(58.,0.,-7.5));
#6339=CARTESIAN_POINT('',(58.,0.,-7.5));
#6340=CARTESIAN_POINT('',(58.,12.6,-7.5));
#6341=CARTESIAN_POINT('',(58.,12.6,-7.5));
#6342=CARTESIAN_POINT('',(58.,0.,-7.5));
#6343=CARTESIAN_POINT('Origin',(50.,0.,-7.5));
#6344=CARTESIAN_POINT('',(50.,0.,-7.5));
#6345=CARTESIAN_POINT('',(50.,0.,-7.5));
#6346=CARTESIAN_POINT('',(50.,12.6,-7.5));
#6347=CARTESIAN_POINT('',(50.,0.,-7.5));
#6348=CARTESIAN_POINT('Origin',(54.,12.6,-25.));
#6349=CARTESIAN_POINT('Origin',(50.,0.,0.));
#6350=CARTESIAN_POINT('',(50.,9.,0.));
#6351=CARTESIAN_POINT('',(50.,9.,0.));
#6352=CARTESIAN_POINT('',(50.,0.,0.));
#6353=CARTESIAN_POINT('',(50.,0.,0.));
#6354=CARTESIAN_POINT('',(50.,0.,0.));
#6355=CARTESIAN_POINT('Origin',(50.,0.,0.));
#6356=CARTESIAN_POINT('',(50.,0.,-50.));
#6357=CARTESIAN_POINT('',(50.,0.,0.));
#6358=CARTESIAN_POINT('',(50.,9.,-50.));
#6359=CARTESIAN_POINT('',(50.,0.,-50.));
#6360=CARTESIAN_POINT('',(50.,9.,0.));
#6361=CARTESIAN_POINT('Origin',(2.5,0.,-47.5));
#6362=CARTESIAN_POINT('',(0.899999999999999,9.,-47.5));
#6363=CARTESIAN_POINT('Origin',(2.5,9.,-47.5));
#6364=CARTESIAN_POINT('',(0.899999999999996,0.,-47.5));
#6365=CARTESIAN_POINT('',(0.899999999999996,0.,-47.5));
#6366=CARTESIAN_POINT('Origin',(2.5,0.,-47.5));
#6367=CARTESIAN_POINT('Origin',(47.5,0.,-47.5));
#6368=CARTESIAN_POINT('',(45.9,9.,-47.5));
#6369=CARTESIAN_POINT('Origin',(47.5,9.,-47.5));
#6370=CARTESIAN_POINT('',(45.9,0.,-47.5));
#6371=CARTESIAN_POINT('',(45.9,0.,-47.5));
#6372=CARTESIAN_POINT('Origin',(47.5,0.,-47.5));
#6373=CARTESIAN_POINT('Origin',(2.5,0.,-2.5));
#6374=CARTESIAN_POINT('',(0.899999999999999,9.,-2.5));
#6375=CARTESIAN_POINT('Origin',(2.5,9.,-2.5));
#6376=CARTESIAN_POINT('',(0.899999999999996,0.,-2.5));
#6377=CARTESIAN_POINT('',(0.899999999999996,0.,-2.5));
#6378=CARTESIAN_POINT('Origin',(2.5,0.,-2.5));
#6379=CARTESIAN_POINT('Origin',(47.5,0.,-2.5));
#6380=CARTESIAN_POINT('',(45.9,9.,-2.5));
#6381=CARTESIAN_POINT('Origin',(47.5,9.,-2.5));
#6382=CARTESIAN_POINT('',(45.9,0.,-2.5));
#6383=CARTESIAN_POINT('',(45.9,0.,-2.5));
#6384=CARTESIAN_POINT('Origin',(47.5,0.,-2.5));
#6385=CARTESIAN_POINT('Origin',(50.,0.,-50.));
#6386=CARTESIAN_POINT('',(0.,0.,-50.));
#6387=CARTESIAN_POINT('',(50.,0.,-50.));
#6388=CARTESIAN_POINT('',(0.,9.,-50.));
#6389=CARTESIAN_POINT('',(0.,0.,-50.));
#6390=CARTESIAN_POINT('',(50.,9.,-50.));
#6391=CARTESIAN_POINT('Origin',(0.,0.,0.));
#6392=CARTESIAN_POINT('',(0.,0.,0.));
#6393=CARTESIAN_POINT('',(0.,0.,0.));
#6394=CARTESIAN_POINT('',(0.,9.,0.));
#6395=CARTESIAN_POINT('',(0.,9.,0.));
#6396=CARTESIAN_POINT('',(0.,0.,0.));
#6397=CARTESIAN_POINT('Origin',(0.,0.,-50.));
#6398=CARTESIAN_POINT('',(0.,0.,-50.));
#6399=CARTESIAN_POINT('',(0.,9.,-50.));
#6400=CARTESIAN_POINT('Origin',(25.,9.,-25.));
#6401=CARTESIAN_POINT('Origin',(25.,0.,-25.));
#6402=CARTESIAN_POINT('',(0.,0.,0.));
#6403=CARTESIAN_POINT('Origin',(33.85,56.,66.));
#6404=CARTESIAN_POINT('',(0.,56.,132.));
#6405=CARTESIAN_POINT('',(67.7,56.,132.));
#6406=CARTESIAN_POINT('',(33.85,56.,132.));
#6407=CARTESIAN_POINT('',(67.7,56.,0.));
#6408=CARTESIAN_POINT('',(67.7,56.,66.));
#6409=CARTESIAN_POINT('',(0.,56.,0.));
#6410=CARTESIAN_POINT('',(33.85,56.,0.));
#6411=CARTESIAN_POINT('',(0.,56.,66.));
#6412=CARTESIAN_POINT('Origin',(33.85,0.,66.));
#6413=CARTESIAN_POINT('',(67.7,0.,132.));
#6414=CARTESIAN_POINT('',(0.,0.,132.));
#6415=CARTESIAN_POINT('',(33.85,0.,132.));
#6416=CARTESIAN_POINT('',(0.,0.,0.));
#6417=CARTESIAN_POINT('',(0.,0.,66.));
#6418=CARTESIAN_POINT('',(67.7,0.,0.));
#6419=CARTESIAN_POINT('',(33.85,0.,0.));
#6420=CARTESIAN_POINT('',(67.7,0.,66.));
#6421=CARTESIAN_POINT('Origin',(0.,28.,66.));
#6422=CARTESIAN_POINT('',(0.,28.,0.));
#6423=CARTESIAN_POINT('',(0.,28.,132.));
#6424=CARTESIAN_POINT('Origin',(33.85,28.,0.));
#6425=CARTESIAN_POINT('',(67.7,28.,0.));
#6426=CARTESIAN_POINT('Origin',(67.7,28.,66.));
#6427=CARTESIAN_POINT('',(67.7,28.,132.));
#6428=CARTESIAN_POINT('Origin',(33.85,28.,132.));
#6429=CARTESIAN_POINT('Origin',(40.,3.,190.));
#6430=CARTESIAN_POINT('',(40.,0.,260.));
#6431=CARTESIAN_POINT('',(40.,0.,190.));
#6432=CARTESIAN_POINT('',(40.,0.,162.5));
#6433=CARTESIAN_POINT('',(40.,3.,260.));
#6434=CARTESIAN_POINT('',(40.,3.,260.));
#6435=CARTESIAN_POINT('',(40.,3.,190.));
#6436=CARTESIAN_POINT('',(40.,3.,162.5));
#6437=CARTESIAN_POINT('',(40.,3.,190.));
#6438=CARTESIAN_POINT('Origin',(0.,3.,190.));
#6439=CARTESIAN_POINT('',(0.,0.,190.));
#6440=CARTESIAN_POINT('',(52.1,0.,190.));
#6441=CARTESIAN_POINT('',(0.,3.,190.));
#6442=CARTESIAN_POINT('',(52.1,3.,190.));
#6443=CARTESIAN_POINT('',(0.,2.25,190.));
#6444=CARTESIAN_POINT('Origin',(40.,3.,260.));
#6445=CARTESIAN_POINT('',(0.,0.,260.));
#6446=CARTESIAN_POINT('',(72.1,0.,260.));
#6447=CARTESIAN_POINT('',(0.,3.,260.));
#6448=CARTESIAN_POINT('',(0.,2.25,260.));
#6449=CARTESIAN_POINT('',(72.1,3.,260.));
#6450=CARTESIAN_POINT('Origin',(40.,3.,80.));
#6451=CARTESIAN_POINT('',(0.,0.,80.));
#6452=CARTESIAN_POINT('',(40.,0.,80.));
#6453=CARTESIAN_POINT('',(72.1,0.,80.));
#6454=CARTESIAN_POINT('',(0.,3.,80.));
#6455=CARTESIAN_POINT('',(0.,2.25,80.));
#6456=CARTESIAN_POINT('',(40.,3.,80.));
#6457=CARTESIAN_POINT('',(72.1,3.,80.));
#6458=CARTESIAN_POINT('',(40.,3.,80.));
#6459=CARTESIAN_POINT('Origin',(40.,3.,10.));
#6460=CARTESIAN_POINT('',(40.,0.,10.));
#6461=CARTESIAN_POINT('',(40.,0.,72.5));
#6462=CARTESIAN_POINT('',(40.,3.,10.));
#6463=CARTESIAN_POINT('',(40.,3.,72.5));
#6464=CARTESIAN_POINT('',(40.,3.,10.));
#6465=CARTESIAN_POINT('Origin',(0.,3.,10.));
#6466=CARTESIAN_POINT('',(0.,0.,10.));
#6467=CARTESIAN_POINT('',(52.1,0.,10.));
#6468=CARTESIAN_POINT('',(0.,3.,10.));
#6469=CARTESIAN_POINT('',(52.1,3.,10.));
#6470=CARTESIAN_POINT('',(0.,2.25,10.));
#6471=CARTESIAN_POINT('Origin',(168.4,3.,260.));
#6472=CARTESIAN_POINT('',(168.4,0.,190.));
#6473=CARTESIAN_POINT('',(168.4,0.,260.));
#6474=CARTESIAN_POINT('',(168.4,0.,197.5));
#6475=CARTESIAN_POINT('',(168.4,3.,190.));
#6476=CARTESIAN_POINT('',(168.4,3.,190.));
#6477=CARTESIAN_POINT('',(168.4,3.,260.));
#6478=CARTESIAN_POINT('',(168.4,3.,197.5));
#6479=CARTESIAN_POINT('',(168.4,3.,260.));
#6480=CARTESIAN_POINT('Origin',(208.4,3.,260.));
#6481=CARTESIAN_POINT('',(208.4,0.,260.));
#6482=CARTESIAN_POINT('',(156.3,0.,260.));
#6483=CARTESIAN_POINT('',(208.4,3.,260.));
#6484=CARTESIAN_POINT('',(156.3,3.,260.));
#6485=CARTESIAN_POINT('',(208.4,2.25,260.));
#6486=CARTESIAN_POINT('Origin',(168.4,3.,190.));
#6487=CARTESIAN_POINT('',(208.4,0.,190.));
#6488=CARTESIAN_POINT('',(136.3,0.,190.));
#6489=CARTESIAN_POINT('',(208.4,3.,190.));
#6490=CARTESIAN_POINT('',(208.4,2.25,190.));
#6491=CARTESIAN_POINT('',(136.3,3.,190.));
#6492=CARTESIAN_POINT('Origin',(168.4,3.,80.));
#6493=CARTESIAN_POINT('',(168.4,0.,10.));
#6494=CARTESIAN_POINT('',(168.4,0.,80.));
#6495=CARTESIAN_POINT('',(168.4,0.,107.5));
#6496=CARTESIAN_POINT('',(168.4,3.,10.));
#6497=CARTESIAN_POINT('',(168.4,3.,10.));
#6498=CARTESIAN_POINT('',(168.4,3.,80.));
#6499=CARTESIAN_POINT('',(168.4,3.,107.5));
#6500=CARTESIAN_POINT('',(168.4,3.,80.));
#6501=CARTESIAN_POINT('Origin',(208.4,3.,80.));
#6502=CARTESIAN_POINT('',(208.4,0.,80.));
#6503=CARTESIAN_POINT('',(156.3,0.,80.));
#6504=CARTESIAN_POINT('',(208.4,3.,80.));
#6505=CARTESIAN_POINT('',(156.3,3.,80.));
#6506=CARTESIAN_POINT('',(208.4,2.25,80.));
#6507=CARTESIAN_POINT('Origin',(168.4,3.,10.));
#6508=CARTESIAN_POINT('',(208.4,0.,10.));
#6509=CARTESIAN_POINT('',(136.3,0.,10.));
#6510=CARTESIAN_POINT('',(208.4,3.,10.));
#6511=CARTESIAN_POINT('',(208.4,2.25,10.));
#6512=CARTESIAN_POINT('',(136.3,3.,10.));
#6513=CARTESIAN_POINT('Origin',(0.,1.5,135.));
#6514=CARTESIAN_POINT('',(0.,3.,0.));
#6515=CARTESIAN_POINT('',(0.,3.,135.));
#6516=CARTESIAN_POINT('',(0.,0.,0.));
#6517=CARTESIAN_POINT('',(0.,1.5,0.));
#6518=CARTESIAN_POINT('',(0.,0.,135.));
#6519=CARTESIAN_POINT('Origin',(0.,1.5,135.));
#6520=CARTESIAN_POINT('',(0.,0.,270.));
#6521=CARTESIAN_POINT('',(0.,0.,135.));
#6522=CARTESIAN_POINT('',(0.,3.,270.));
#6523=CARTESIAN_POINT('',(0.,1.5,270.));
#6524=CARTESIAN_POINT('',(0.,3.,135.));
#6525=CARTESIAN_POINT('Origin',(104.2,3.,135.));
#6526=CARTESIAN_POINT('',(208.4,3.,270.));
#6527=CARTESIAN_POINT('',(104.2,3.,270.));
#6528=CARTESIAN_POINT('',(208.4,3.,135.));
#6529=CARTESIAN_POINT('',(208.4,3.,135.));
#6530=CARTESIAN_POINT('',(208.4,3.,0.));
#6531=CARTESIAN_POINT('',(208.4,3.,135.));
#6532=CARTESIAN_POINT('',(104.2,3.,0.));
#6533=CARTESIAN_POINT('',(0.,3.,135.));
#6534=CARTESIAN_POINT('Origin',(208.4,1.5,135.));
#6535=CARTESIAN_POINT('',(208.4,0.,0.));
#6536=CARTESIAN_POINT('',(208.4,0.,135.));
#6537=CARTESIAN_POINT('',(208.4,1.5,0.));
#6538=CARTESIAN_POINT('Origin',(208.4,1.5,135.));
#6539=CARTESIAN_POINT('',(208.4,0.,135.));
#6540=CARTESIAN_POINT('Origin',(104.2,0.,135.));
#6541=CARTESIAN_POINT('',(0.,0.,135.));
#6542=CARTESIAN_POINT('',(104.2,0.,0.));
#6543=CARTESIAN_POINT('',(208.4,0.,270.));
#6544=CARTESIAN_POINT('',(208.4,0.,135.));
#6545=CARTESIAN_POINT('',(104.2,0.,270.));
#6546=CARTESIAN_POINT('Origin',(0.,1.5,135.));
#6547=CARTESIAN_POINT('Origin',(104.2,1.5,0.));
#6548=CARTESIAN_POINT('Origin',(208.4,1.5,135.));
#6549=CARTESIAN_POINT('',(208.4,1.5,270.));
#6550=CARTESIAN_POINT('Origin',(104.2,1.5,270.));
#6551=CARTESIAN_POINT('',(-5.42680208688111,-9.7394067826049,25.6966104708443));
#6552=CARTESIAN_POINT('',(88.5213308438379,45.7956247563996,110.325498579335));
#6553=CARTESIAN_POINT('',(279.343340313584,74.6818477199608,248.647443109147));
#6554=CARTESIAN_POINT('',(-144.8068007245,2.84670394486656,217.745128397912));
#6555=CARTESIAN_POINT('',(104.2,3.,127.000971001922));
#6556=CARTESIAN_POINT('',(97.1383539672956,3.,69.3450763034078));
#6557=CARTESIAN_POINT('',(60.2,2.99999999999994,267.216687346804));
#6558=CARTESIAN_POINT('',(161.261646032704,3.,69.3450763034078));
#6559=CARTESIAN_POINT('',(38.1999999999999,6.,160.850971001922));
#6560=UNCERTAINTY_MEASURE_WITH_UNIT(LENGTH_MEASURE(0.01),#6588,
'DISTANCE_ACCURACY_VALUE',
'Maximum model space distance between geometric entities at asserted c
onnectivities');
#6561=UNCERTAINTY_MEASURE_WITH_UNIT(LENGTH_MEASURE(0.01),#6588,
'DISTANCE_ACCURACY_VALUE',
'Maximum model space distance between geometric entities at asserted c
onnectivities');
#6562=UNCERTAINTY_MEASURE_WITH_UNIT(LENGTH_MEASURE(0.01),#6588,
'DISTANCE_ACCURACY_VALUE',
'Maximum model space distance between geometric entities at asserted c
onnectivities');
#6563=UNCERTAINTY_MEASURE_WITH_UNIT(LENGTH_MEASURE(0.01),#6588,
'DISTANCE_ACCURACY_VALUE',
'Maximum model space distance between geometric entities at asserted c
onnectivities');
#6564=UNCERTAINTY_MEASURE_WITH_UNIT(LENGTH_MEASURE(0.01),#6588,
'DISTANCE_ACCURACY_VALUE',
'Maximum model space distance between geometric entities at asserted c
onnectivities');
#6565=UNCERTAINTY_MEASURE_WITH_UNIT(LENGTH_MEASURE(0.01),#6588,
'DISTANCE_ACCURACY_VALUE',
'Maximum model space distance between geometric entities at asserted c
onnectivities');
#6566=UNCERTAINTY_MEASURE_WITH_UNIT(LENGTH_MEASURE(0.01),#6588,
'DISTANCE_ACCURACY_VALUE',
'Maximum model space distance between geometric entities at asserted c
onnectivities');
#6567=UNCERTAINTY_MEASURE_WITH_UNIT(LENGTH_MEASURE(0.01),#6588,
'DISTANCE_ACCURACY_VALUE',
'Maximum model space distance between geometric entities at asserted c
onnectivities');
#6568=UNCERTAINTY_MEASURE_WITH_UNIT(LENGTH_MEASURE(0.01),#6588,
'DISTANCE_ACCURACY_VALUE',
'Maximum model space distance between geometric entities at asserted c
onnectivities');
#6569=UNCERTAINTY_MEASURE_WITH_UNIT(LENGTH_MEASURE(0.01),#6588,
'DISTANCE_ACCURACY_VALUE',
'Maximum model space distance between geometric entities at asserted c
onnectivities');
#6570=UNCERTAINTY_MEASURE_WITH_UNIT(LENGTH_MEASURE(0.01),#6588,
'DISTANCE_ACCURACY_VALUE',
'Maximum model space distance between geometric entities at asserted c
onnectivities');
#6571=UNCERTAINTY_MEASURE_WITH_UNIT(LENGTH_MEASURE(0.01),#6588,
'DISTANCE_ACCURACY_VALUE',
'Maximum model space distance between geometric entities at asserted c
onnectivities');
#6572=UNCERTAINTY_MEASURE_WITH_UNIT(LENGTH_MEASURE(0.01),#6588,
'DISTANCE_ACCURACY_VALUE',
'Maximum model space distance between geometric entities at asserted c
onnectivities');
#6573=UNCERTAINTY_MEASURE_WITH_UNIT(LENGTH_MEASURE(0.01),#6588,
'DISTANCE_ACCURACY_VALUE',
'Maximum model space distance between geometric entities at asserted c
onnectivities');
#6574=(
GEOMETRIC_REPRESENTATION_CONTEXT(3)
GLOBAL_UNCERTAINTY_ASSIGNED_CONTEXT((#6560))
GLOBAL_UNIT_ASSIGNED_CONTEXT((#6588,#6590,#6591))
REPRESENTATION_CONTEXT('','3D')
);
#6575=(
GEOMETRIC_REPRESENTATION_CONTEXT(3)
GLOBAL_UNCERTAINTY_ASSIGNED_CONTEXT((#6561))
GLOBAL_UNIT_ASSIGNED_CONTEXT((#6588,#6590,#6591))
REPRESENTATION_CONTEXT('','3D')
);
#6576=(
GEOMETRIC_REPRESENTATION_CONTEXT(3)
GLOBAL_UNCERTAINTY_ASSIGNED_CONTEXT((#6562))
GLOBAL_UNIT_ASSIGNED_CONTEXT((#6588,#6590,#6591))
REPRESENTATION_CONTEXT('','3D')
);
#6577=(
GEOMETRIC_REPRESENTATION_CONTEXT(3)
GLOBAL_UNCERTAINTY_ASSIGNED_CONTEXT((#6563))
GLOBAL_UNIT_ASSIGNED_CONTEXT((#6588,#6590,#6591))
REPRESENTATION_CONTEXT('','3D')
);
#6578=(
GEOMETRIC_REPRESENTATION_CONTEXT(3)
GLOBAL_UNCERTAINTY_ASSIGNED_CONTEXT((#6564))
GLOBAL_UNIT_ASSIGNED_CONTEXT((#6588,#6590,#6591))
REPRESENTATION_CONTEXT('','3D')
);
#6579=(
GEOMETRIC_REPRESENTATION_CONTEXT(3)
GLOBAL_UNCERTAINTY_ASSIGNED_CONTEXT((#6565))
GLOBAL_UNIT_ASSIGNED_CONTEXT((#6588,#6590,#6591))
REPRESENTATION_CONTEXT('','3D')
);
#6580=(
GEOMETRIC_REPRESENTATION_CONTEXT(3)
GLOBAL_UNCERTAINTY_ASSIGNED_CONTEXT((#6566))
GLOBAL_UNIT_ASSIGNED_CONTEXT((#6588,#6590,#6591))
REPRESENTATION_CONTEXT('','3D')
);
#6581=(
GEOMETRIC_REPRESENTATION_CONTEXT(3)
GLOBAL_UNCERTAINTY_ASSIGNED_CONTEXT((#6567))
GLOBAL_UNIT_ASSIGNED_CONTEXT((#6588,#6590,#6591))
REPRESENTATION_CONTEXT('','3D')
);
#6582=(
GEOMETRIC_REPRESENTATION_CONTEXT(3)
GLOBAL_UNCERTAINTY_ASSIGNED_CONTEXT((#6568))
GLOBAL_UNIT_ASSIGNED_CONTEXT((#6588,#6590,#6591))
REPRESENTATION_CONTEXT('','3D')
);
#6583=(
GEOMETRIC_REPRESENTATION_CONTEXT(3)
GLOBAL_UNCERTAINTY_ASSIGNED_CONTEXT((#6569))
GLOBAL_UNIT_ASSIGNED_CONTEXT((#6588,#6590,#6591))
REPRESENTATION_CONTEXT('','3D')
);
#6584=(
GEOMETRIC_REPRESENTATION_CONTEXT(3)
GLOBAL_UNCERTAINTY_ASSIGNED_CONTEXT((#6570))
GLOBAL_UNIT_ASSIGNED_CONTEXT((#6588,#6590,#6591))
REPRESENTATION_CONTEXT('','3D')
);
#6585=(
GEOMETRIC_REPRESENTATION_CONTEXT(3)
GLOBAL_UNCERTAINTY_ASSIGNED_CONTEXT((#6571))
GLOBAL_UNIT_ASSIGNED_CONTEXT((#6588,#6590,#6591))
REPRESENTATION_CONTEXT('','3D')
);
#6586=(
GEOMETRIC_REPRESENTATION_CONTEXT(3)
GLOBAL_UNCERTAINTY_ASSIGNED_CONTEXT((#6572))
GLOBAL_UNIT_ASSIGNED_CONTEXT((#6588,#6590,#6591))
REPRESENTATION_CONTEXT('','3D')
);
#6587=(
GEOMETRIC_REPRESENTATION_CONTEXT(3)
GLOBAL_UNCERTAINTY_ASSIGNED_CONTEXT((#6573))
GLOBAL_UNIT_ASSIGNED_CONTEXT((#6588,#6590,#6591))
REPRESENTATION_CONTEXT('','3D')
);
#6588=(
LENGTH_UNIT()
NAMED_UNIT(*)
SI_UNIT(.MILLI.,.METRE.)
);
#6589=(
LENGTH_UNIT()
NAMED_UNIT(*)
SI_UNIT($,.METRE.)
);
#6590=(
NAMED_UNIT(*)
PLANE_ANGLE_UNIT()
SI_UNIT($,.RADIAN.)
);
#6591=(
NAMED_UNIT(*)
SI_UNIT($,.STERADIAN.)
SOLID_ANGLE_UNIT()
);
#6592=SHAPE_DEFINITION_REPRESENTATION(#6605,#6643);
#6593=SHAPE_DEFINITION_REPRESENTATION(#6606,#6644);
#6594=SHAPE_DEFINITION_REPRESENTATION(#6607,#6645);
#6595=SHAPE_DEFINITION_REPRESENTATION(#6608,#6646);
#6596=SHAPE_DEFINITION_REPRESENTATION(#6609,#6647);
#6597=SHAPE_DEFINITION_REPRESENTATION(#6610,#6648);
#6598=SHAPE_DEFINITION_REPRESENTATION(#6611,#6649);
#6599=SHAPE_DEFINITION_REPRESENTATION(#6612,#6650);
#6600=SHAPE_DEFINITION_REPRESENTATION(#6613,#6651);
#6601=SHAPE_DEFINITION_REPRESENTATION(#6630,#6652);
#6602=SHAPE_DEFINITION_REPRESENTATION(#6631,#6653);
#6603=SHAPE_DEFINITION_REPRESENTATION(#6632,#6654);
#6604=SHAPE_DEFINITION_REPRESENTATION(#6633,#6655);
#6605=PRODUCT_DEFINITION_SHAPE('',$,#6657);
#6606=PRODUCT_DEFINITION_SHAPE('',$,#6658);
#6607=PRODUCT_DEFINITION_SHAPE('',$,#6659);
#6608=PRODUCT_DEFINITION_SHAPE('',$,#6660);
#6609=PRODUCT_DEFINITION_SHAPE('',$,#6661);
#6610=PRODUCT_DEFINITION_SHAPE('',$,#6662);
#6611=PRODUCT_DEFINITION_SHAPE('',$,#6663);
#6612=PRODUCT_DEFINITION_SHAPE('',$,#6664);
#6613=PRODUCT_DEFINITION_SHAPE('',$,#6665);
#6614=PRODUCT_DEFINITION_SHAPE($,$,#122);
#6615=PRODUCT_DEFINITION_SHAPE($,$,#123);
#6616=PRODUCT_DEFINITION_SHAPE($,$,#124);
#6617=PRODUCT_DEFINITION_SHAPE($,$,#125);
#6618=PRODUCT_DEFINITION_SHAPE($,$,#126);
#6619=PRODUCT_DEFINITION_SHAPE($,$,#127);
#6620=PRODUCT_DEFINITION_SHAPE($,$,#128);
#6621=PRODUCT_DEFINITION_SHAPE($,$,#129);
#6622=PRODUCT_DEFINITION_SHAPE($,$,#130);
#6623=PRODUCT_DEFINITION_SHAPE($,$,#131);
#6624=PRODUCT_DEFINITION_SHAPE($,$,#132);
#6625=PRODUCT_DEFINITION_SHAPE($,$,#133);
#6626=PRODUCT_DEFINITION_SHAPE($,$,#134);
#6627=PRODUCT_DEFINITION_SHAPE($,$,#135);
#6628=PRODUCT_DEFINITION_SHAPE($,$,#136);
#6629=PRODUCT_DEFINITION_SHAPE($,$,#137);
#6630=PRODUCT_DEFINITION_SHAPE('',$,#6666);
#6631=PRODUCT_DEFINITION_SHAPE('',$,#6667);
#6632=PRODUCT_DEFINITION_SHAPE('',$,#6668);
#6633=PRODUCT_DEFINITION_SHAPE('',$,#6669);
#6634=PRODUCT_DEFINITION_SHAPE($,$,#138);
#6635=PRODUCT_DEFINITION_SHAPE($,$,#139);
#6636=PRODUCT_DEFINITION_SHAPE($,$,#140);
#6637=PRODUCT_DEFINITION_SHAPE($,$,#141);
#6638=PRODUCT_DEFINITION_SHAPE($,$,#142);
#6639=PRODUCT_DEFINITION_SHAPE($,$,#143);
#6640=PRODUCT_DEFINITION_SHAPE($,$,#144);
#6641=PRODUCT_DEFINITION_SHAPE($,$,#145);
#6642=PRODUCT_DEFINITION_SHAPE($,$,#146);
#6643=SHAPE_REPRESENTATION('',(#3910,#4309,#4310,#4311,#4312,#4313,#4314,
#4315,#4316,#4317),#6574);
#6644=SHAPE_REPRESENTATION('',(#3911,#4041,#4042,#4043,#4044),#6575);
#6645=SHAPE_REPRESENTATION('',(#3912,#4045,#4046,#4047,#4048),#6576);
#6646=SHAPE_REPRESENTATION('',(#3913,#4049,#4050,#4051,#4052),#6577);
#6647=SHAPE_REPRESENTATION('',(#3914,#4053,#4054,#4055,#4056),#6578);
#6648=SHAPE_REPRESENTATION('',(#3915),#6579);
#6649=SHAPE_REPRESENTATION('',(#3973),#6580);
#6650=SHAPE_REPRESENTATION('',(#4000),#6581);
#6651=SHAPE_REPRESENTATION('',(#4020),#6582);
#6652=SHAPE_REPRESENTATION('',(#4057),#6583);
#6653=SHAPE_REPRESENTATION('',(#4232),#6584);
#6654=SHAPE_REPRESENTATION('',(#4255),#6585);
#6655=SHAPE_REPRESENTATION('',(#4280),#6586);
#6656=PRODUCT_DEFINITION_CONTEXT('part definition',#6697,'design');
#6657=PRODUCT_DEFINITION('2026-05-28-10-26-20-570','\X2\65E068079898\X0\',
#6670,#6656);
#6658=PRODUCT_DEFINITION('2026-05-27-22-23-51-898',
'wheel_motor_single_side_v0_1',#6671,#6656);
#6659=PRODUCT_DEFINITION('2026-05-27-22-23-51-898_1',
'wheel_motor_single_side_v0_1',#6672,#6656);
#6660=PRODUCT_DEFINITION('2026-05-27-22-23-51-898_2',
'wheel_motor_single_side_v0_1',#6673,#6656);
#6661=PRODUCT_DEFINITION('2026-05-27-22-23-51-898_3',
'wheel_motor_single_side_v0_1',#6674,#6656);
#6662=PRODUCT_DEFINITION('2026-05-27-13-57-29-652',
'jgb37_motor_bracket_v0_1',#6675,#6656);
#6663=PRODUCT_DEFINITION('2026-05-27-19-27-58-394','\X2\7535673A\X0\',#6676,
#6656);
#6664=PRODUCT_DEFINITION('2026-05-27-20-20-33-516','\X2\80548F745668\X0\',
#6677,#6656);
#6665=PRODUCT_DEFINITION('2026-05-27-21-11-46-557','\X2\8F6E80CE\X0\',#6678,
#6656);
#6666=PRODUCT_DEFINITION('2026-05-26-08-43-21-523',
'power_tray_v0_1_fusion_final',#6679,#6656);
#6667=PRODUCT_DEFINITION('2026-05-28-09-32-34-860','\X2\4FDD966976D2\X0\',
#6680,#6656);
#6668=PRODUCT_DEFINITION('2026-05-28-00-46-10-485','\X2\75359A71\X0\',#6681,
#6656);
#6669=PRODUCT_DEFINITION('2026-05-28-00-42-13-153','\X2\75356C60\X0\',#6682,
#6656);
#6670=PRODUCT_DEFINITION_FORMATION('',$,#6699);
#6671=PRODUCT_DEFINITION_FORMATION('',$,#6700);
#6672=PRODUCT_DEFINITION_FORMATION('',$,#6701);
#6673=PRODUCT_DEFINITION_FORMATION('',$,#6702);
#6674=PRODUCT_DEFINITION_FORMATION('',$,#6703);
#6675=PRODUCT_DEFINITION_FORMATION('',$,#6704);
#6676=PRODUCT_DEFINITION_FORMATION('',$,#6705);
#6677=PRODUCT_DEFINITION_FORMATION('',$,#6706);
#6678=PRODUCT_DEFINITION_FORMATION('',$,#6707);
#6679=PRODUCT_DEFINITION_FORMATION('',$,#6708);
#6680=PRODUCT_DEFINITION_FORMATION('',$,#6709);
#6681=PRODUCT_DEFINITION_FORMATION('',$,#6710);
#6682=PRODUCT_DEFINITION_FORMATION('',$,#6711);
#6683=PRODUCT_RELATED_PRODUCT_CATEGORY('\X2\65E068079898\X0\',
'\X2\65E068079898\X0\',(#6699));
#6684=PRODUCT_RELATED_PRODUCT_CATEGORY('wheel_motor_single_side_v0_1',
'wheel_motor_single_side_v0_1',(#6700));
#6685=PRODUCT_RELATED_PRODUCT_CATEGORY('wheel_motor_single_side_v0_1',
'wheel_motor_single_side_v0_1',(#6701));
#6686=PRODUCT_RELATED_PRODUCT_CATEGORY('wheel_motor_single_side_v0_1',
'wheel_motor_single_side_v0_1',(#6702));
#6687=PRODUCT_RELATED_PRODUCT_CATEGORY('wheel_motor_single_side_v0_1',
'wheel_motor_single_side_v0_1',(#6703));
#6688=PRODUCT_RELATED_PRODUCT_CATEGORY('jgb37_motor_bracket_v0_1',
'jgb37_motor_bracket_v0_1',(#6704));
#6689=PRODUCT_RELATED_PRODUCT_CATEGORY('\X2\7535673A\X0\','\X2\7535673A\X0\',
(#6705));
#6690=PRODUCT_RELATED_PRODUCT_CATEGORY('\X2\80548F745668\X0\',
'\X2\80548F745668\X0\',(#6706));
#6691=PRODUCT_RELATED_PRODUCT_CATEGORY('\X2\8F6E80CE\X0\','\X2\8F6E80CE\X0\',
(#6707));
#6692=PRODUCT_RELATED_PRODUCT_CATEGORY('power_tray_v0_1_fusion_final',
'power_tray_v0_1_fusion_final',(#6708));
#6693=PRODUCT_RELATED_PRODUCT_CATEGORY('\X2\4FDD966976D2\X0\',
'\X2\4FDD966976D2\X0\',(#6709));
#6694=PRODUCT_RELATED_PRODUCT_CATEGORY('\X2\75359A71\X0\','\X2\75359A71\X0\',
(#6710));
#6695=PRODUCT_RELATED_PRODUCT_CATEGORY('\X2\75356C60\X0\','\X2\75356C60\X0\',
(#6711));
#6696=APPLICATION_PROTOCOL_DEFINITION('international standard',
'automotive_design',2009,#6697);
#6697=APPLICATION_CONTEXT(
'Core Data for Automotive Mechanical Design Process');
#6698=PRODUCT_CONTEXT('part definition',#6697,'mechanical');
#6699=PRODUCT('2026-05-28-10-26-20-570','\X2\65E068079898\X0\',$,(#6698));
#6700=PRODUCT('2026-05-27-22-23-51-898','wheel_motor_single_side_v0_1',
$,(#6698));
#6701=PRODUCT('2026-05-27-22-23-51-898_1',
'wheel_motor_single_side_v0_1',$,(#6698));
#6702=PRODUCT('2026-05-27-22-23-51-898_2',
'wheel_motor_single_side_v0_1',$,(#6698));
#6703=PRODUCT('2026-05-27-22-23-51-898_3',
'wheel_motor_single_side_v0_1',$,(#6698));
#6704=PRODUCT('2026-05-27-13-57-29-652','jgb37_motor_bracket_v0_1',$,(#6698));
#6705=PRODUCT('2026-05-27-19-27-58-394','\X2\7535673A\X0\',$,(#6698));
#6706=PRODUCT('2026-05-27-20-20-33-516','\X2\80548F745668\X0\',$,(#6698));
#6707=PRODUCT('2026-05-27-21-11-46-557','\X2\8F6E80CE\X0\',$,(#6698));
#6708=PRODUCT('2026-05-26-08-43-21-523','power_tray_v0_1_fusion_final',
$,(#6698));
#6709=PRODUCT('2026-05-28-09-32-34-860','\X2\4FDD966976D2\X0\',$,(#6698));
#6710=PRODUCT('2026-05-28-00-46-10-485','\X2\75359A71\X0\',$,(#6698));
#6711=PRODUCT('2026-05-28-00-42-13-153','\X2\75356C60\X0\',$,(#6698));
#6712=PRESENTATION_STYLE_ASSIGNMENT((#6714));
#6713=PRESENTATION_STYLE_ASSIGNMENT((#6715));
#6714=SURFACE_STYLE_USAGE(.BOTH.,#6716);
#6715=SURFACE_STYLE_USAGE(.BOTH.,#6717);
#6716=SURFACE_SIDE_STYLE('',(#6718));
#6717=SURFACE_SIDE_STYLE('',(#6719));
#6718=SURFACE_STYLE_FILL_AREA(#6720);
#6719=SURFACE_STYLE_FILL_AREA(#6721);
#6720=FILL_AREA_STYLE('\X2\94A2\X0\ - \X2\7F0E5149\X0\',(#6722));
#6721=FILL_AREA_STYLE('Opaque(160,160,160)',(#6723));
#6722=FILL_AREA_STYLE_COLOUR('\X2\94A2\X0\ - \X2\7F0E5149\X0\',#6724);
#6723=FILL_AREA_STYLE_COLOUR('Opaque(160,160,160)',#6725);
#6724=COLOUR_RGB('\X2\94A2\X0\ - \X2\7F0E5149\X0\',0.627450980392157,0.627450980392157,
0.627450980392157);
#6725=COLOUR_RGB('Opaque(160,160,160)',0.627450980392157,0.627450980392157,
0.627450980392157);
ENDSEC;
END-ISO-10303-21;
