ISO-10303-21;
HEADER;
/* Generated by software containing ST-Developer
 * from STEP Tools, Inc. (www.steptools.com) 
 */

FILE_DESCRIPTION(
/* description */ (''),
/* implementation_level */ '2;1');

FILE_NAME(
/* name */ '',
/* time_stamp */ '2026-06-02T01:06:27+08:00',
/* author */ (''),
/* organization */ (''),
/* preprocessor_version */ 'ST-DEVELOPER v20.1',
/* originating_system */ 'Autodesk Translation Framework v15.8.0.0',
/* authorisation */ '');

FILE_SCHEMA (('AUTOMOTIVE_DESIGN { 1 0 10303 214 3 1 1 }'));
ENDSEC;

DATA;
#10=MECHANICAL_DESIGN_GEOMETRIC_PRESENTATION_REPRESENTATION('',(#13),#7709);
#11=SHAPE_REPRESENTATION_RELATIONSHIP('SRR','None',#7716,#12);
#12=ADVANCED_BREP_SHAPE_REPRESENTATION('',(#14),#7708);
#13=STYLED_ITEM('',(#7725),#14);
#14=MANIFOLD_SOLID_BREP('\X2\5B9E4F53\X0\1',#4281);
#15=FACE_BOUND('',#944,.T.);
#16=FACE_BOUND('',#945,.T.);
#17=FACE_BOUND('',#946,.T.);
#18=FACE_BOUND('',#947,.T.);
#19=FACE_BOUND('',#948,.T.);
#20=FACE_BOUND('',#949,.T.);
#21=FACE_BOUND('',#950,.T.);
#22=FACE_BOUND('',#951,.T.);
#23=FACE_BOUND('',#952,.T.);
#24=FACE_BOUND('',#953,.T.);
#25=FACE_BOUND('',#954,.T.);
#26=FACE_BOUND('',#955,.T.);
#27=FACE_BOUND('',#956,.T.);
#28=FACE_BOUND('',#957,.T.);
#29=FACE_BOUND('',#958,.T.);
#30=FACE_BOUND('',#959,.T.);
#31=FACE_BOUND('',#960,.T.);
#32=FACE_BOUND('',#961,.T.);
#33=FACE_BOUND('',#962,.T.);
#34=FACE_BOUND('',#963,.T.);
#35=FACE_BOUND('',#964,.T.);
#36=FACE_BOUND('',#965,.T.);
#37=FACE_BOUND('',#966,.T.);
#38=FACE_BOUND('',#967,.T.);
#39=FACE_BOUND('',#968,.T.);
#40=FACE_BOUND('',#969,.T.);
#41=FACE_BOUND('',#970,.T.);
#42=FACE_BOUND('',#971,.T.);
#43=FACE_BOUND('',#972,.T.);
#44=FACE_BOUND('',#973,.T.);
#45=FACE_BOUND('',#974,.T.);
#46=FACE_BOUND('',#975,.T.);
#47=FACE_BOUND('',#976,.T.);
#48=FACE_BOUND('',#977,.T.);
#49=FACE_BOUND('',#978,.T.);
#50=FACE_BOUND('',#979,.T.);
#51=FACE_BOUND('',#980,.T.);
#52=FACE_BOUND('',#981,.T.);
#53=FACE_BOUND('',#982,.T.);
#54=FACE_BOUND('',#983,.T.);
#55=FACE_BOUND('',#984,.T.);
#56=FACE_BOUND('',#985,.T.);
#57=FACE_BOUND('',#986,.T.);
#58=FACE_BOUND('',#987,.T.);
#59=FACE_BOUND('',#988,.T.);
#60=FACE_BOUND('',#989,.T.);
#61=FACE_BOUND('',#990,.T.);
#62=FACE_BOUND('',#991,.T.);
#63=FACE_BOUND('',#992,.T.);
#64=FACE_BOUND('',#993,.T.);
#65=FACE_BOUND('',#994,.T.);
#66=FACE_BOUND('',#995,.T.);
#67=FACE_BOUND('',#996,.T.);
#68=FACE_BOUND('',#997,.T.);
#69=FACE_BOUND('',#998,.T.);
#70=FACE_BOUND('',#999,.T.);
#71=FACE_BOUND('',#1000,.T.);
#72=FACE_BOUND('',#1001,.T.);
#73=FACE_BOUND('',#1002,.T.);
#74=FACE_BOUND('',#1003,.T.);
#75=FACE_BOUND('',#1004,.T.);
#76=FACE_BOUND('',#1005,.T.);
#77=FACE_BOUND('',#1006,.T.);
#78=FACE_BOUND('',#1009,.T.);
#79=FACE_BOUND('',#1010,.T.);
#80=FACE_BOUND('',#1011,.T.);
#81=FACE_BOUND('',#1012,.T.);
#82=FACE_BOUND('',#1013,.T.);
#83=FACE_BOUND('',#1014,.T.);
#84=FACE_BOUND('',#1015,.T.);
#85=FACE_BOUND('',#1016,.T.);
#86=FACE_BOUND('',#1017,.T.);
#87=FACE_BOUND('',#1018,.T.);
#88=FACE_BOUND('',#1019,.T.);
#89=FACE_BOUND('',#1020,.T.);
#90=FACE_BOUND('',#1021,.T.);
#91=FACE_BOUND('',#1022,.T.);
#92=FACE_BOUND('',#1023,.T.);
#93=FACE_BOUND('',#1024,.T.);
#94=FACE_BOUND('',#1025,.T.);
#95=FACE_BOUND('',#1026,.T.);
#96=FACE_BOUND('',#1027,.T.);
#97=FACE_BOUND('',#1028,.T.);
#98=FACE_BOUND('',#1029,.T.);
#99=FACE_BOUND('',#1030,.T.);
#100=FACE_BOUND('',#1031,.T.);
#101=FACE_BOUND('',#1032,.T.);
#102=FACE_BOUND('',#1033,.T.);
#103=FACE_BOUND('',#1034,.T.);
#104=FACE_BOUND('',#1035,.T.);
#105=FACE_BOUND('',#1036,.T.);
#106=FACE_BOUND('',#1037,.T.);
#107=FACE_BOUND('',#1038,.T.);
#108=FACE_BOUND('',#1039,.T.);
#109=FACE_BOUND('',#1040,.T.);
#110=FACE_BOUND('',#1041,.T.);
#111=FACE_BOUND('',#1042,.T.);
#112=FACE_BOUND('',#1043,.T.);
#113=FACE_BOUND('',#1044,.T.);
#114=FACE_BOUND('',#1045,.T.);
#115=FACE_BOUND('',#1046,.T.);
#116=FACE_BOUND('',#1047,.T.);
#117=FACE_BOUND('',#1048,.T.);
#118=FACE_BOUND('',#1049,.T.);
#119=FACE_BOUND('',#1050,.T.);
#120=FACE_BOUND('',#1051,.T.);
#121=FACE_BOUND('',#1052,.T.);
#122=FACE_BOUND('',#1053,.T.);
#123=FACE_BOUND('',#1054,.T.);
#124=FACE_BOUND('',#1055,.T.);
#125=FACE_BOUND('',#1056,.T.);
#126=FACE_BOUND('',#1057,.T.);
#127=FACE_BOUND('',#1058,.T.);
#128=FACE_BOUND('',#1059,.T.);
#129=FACE_BOUND('',#1060,.T.);
#130=FACE_BOUND('',#1061,.T.);
#131=FACE_BOUND('',#1062,.T.);
#132=FACE_BOUND('',#1063,.T.);
#133=FACE_BOUND('',#1064,.T.);
#134=FACE_BOUND('',#1065,.T.);
#135=FACE_BOUND('',#1066,.T.);
#136=FACE_BOUND('',#1067,.T.);
#137=FACE_BOUND('',#1068,.T.);
#138=FACE_BOUND('',#1069,.T.);
#139=FACE_BOUND('',#1070,.T.);
#140=FACE_BOUND('',#1071,.T.);
#141=PLANE('',#4303);
#142=PLANE('',#4388);
#143=PLANE('',#4681);
#144=PLANE('',#4684);
#145=PLANE('',#4708);
#146=PLANE('',#4710);
#147=PLANE('',#4733);
#148=PLANE('',#4736);
#149=PLANE('',#4776);
#150=PLANE('',#4779);
#151=PLANE('',#4801);
#152=PLANE('',#4823);
#153=PLANE('',#4826);
#154=PLANE('',#4848);
#155=PLANE('',#4869);
#156=PLANE('',#4872);
#157=PLANE('',#4915);
#158=PLANE('',#4918);
#159=PLANE('',#4937);
#160=PLANE('',#4939);
#161=PLANE('',#4940);
#162=PLANE('',#4942);
#163=PLANE('',#4944);
#164=PLANE('',#4946);
#165=PLANE('',#4948);
#166=PLANE('',#4950);
#167=LINE('',#6478,#369);
#168=LINE('',#6485,#370);
#169=LINE('',#6489,#371);
#170=LINE('',#6493,#372);
#171=LINE('',#6497,#373);
#172=LINE('',#6585,#374);
#173=LINE('',#6589,#375);
#174=LINE('',#6593,#376);
#175=LINE('',#6596,#377);
#176=LINE('',#6599,#378);
#177=LINE('',#6603,#379);
#178=LINE('',#6607,#380);
#179=LINE('',#6611,#381);
#180=LINE('',#6615,#382);
#181=LINE('',#6619,#383);
#182=LINE('',#6623,#384);
#183=LINE('',#6627,#385);
#184=LINE('',#6633,#386);
#185=LINE('',#6637,#387);
#186=LINE('',#6641,#388);
#187=LINE('',#6644,#389);
#188=LINE('',#6647,#390);
#189=LINE('',#6651,#391);
#190=LINE('',#6655,#392);
#191=LINE('',#6659,#393);
#192=LINE('',#6700,#394);
#193=LINE('',#6704,#395);
#194=LINE('',#6708,#396);
#195=LINE('',#6712,#397);
#196=LINE('',#6800,#398);
#197=LINE('',#6804,#399);
#198=LINE('',#6808,#400);
#199=LINE('',#6811,#401);
#200=LINE('',#6816,#402);
#201=LINE('',#6820,#403);
#202=LINE('',#6824,#404);
#203=LINE('',#6827,#405);
#204=LINE('',#6830,#406);
#205=LINE('',#6834,#407);
#206=LINE('',#6838,#408);
#207=LINE('',#6842,#409);
#208=LINE('',#6846,#410);
#209=LINE('',#6850,#411);
#210=LINE('',#6854,#412);
#211=LINE('',#6858,#413);
#212=LINE('',#6862,#414);
#213=LINE('',#6866,#415);
#214=LINE('',#6870,#416);
#215=LINE('',#6874,#417);
#216=LINE('',#6916,#418);
#217=LINE('',#6930,#419);
#218=LINE('',#6946,#420);
#219=LINE('',#6958,#421);
#220=LINE('',#6972,#422);
#221=LINE('',#6986,#423);
#222=LINE('',#7000,#424);
#223=LINE('',#7016,#425);
#224=LINE('',#7028,#426);
#225=LINE('',#7042,#427);
#226=LINE('',#7054,#428);
#227=LINE('',#7072,#429);
#228=LINE('',#7086,#430);
#229=LINE('',#7098,#431);
#230=LINE('',#7114,#432);
#231=LINE('',#7126,#433);
#232=LINE('',#7142,#434);
#233=LINE('',#7147,#435);
#234=LINE('',#7149,#436);
#235=LINE('',#7151,#437);
#236=LINE('',#7153,#438);
#237=LINE('',#7155,#439);
#238=LINE('',#7157,#440);
#239=LINE('',#7159,#441);
#240=LINE('',#7161,#442);
#241=LINE('',#7163,#443);
#242=LINE('',#7165,#444);
#243=LINE('',#7167,#445);
#244=LINE('',#7169,#446);
#245=LINE('',#7171,#447);
#246=LINE('',#7173,#448);
#247=LINE('',#7175,#449);
#248=LINE('',#7177,#450);
#249=LINE('',#7179,#451);
#250=LINE('',#7181,#452);
#251=LINE('',#7183,#453);
#252=LINE('',#7185,#454);
#253=LINE('',#7187,#455);
#254=LINE('',#7189,#456);
#255=LINE('',#7191,#457);
#256=LINE('',#7193,#458);
#257=LINE('',#7195,#459);
#258=LINE('',#7197,#460);
#259=LINE('',#7199,#461);
#260=LINE('',#7201,#462);
#261=LINE('',#7203,#463);
#262=LINE('',#7205,#464);
#263=LINE('',#7207,#465);
#264=LINE('',#7209,#466);
#265=LINE('',#7211,#467);
#266=LINE('',#7213,#468);
#267=LINE('',#7215,#469);
#268=LINE('',#7217,#470);
#269=LINE('',#7222,#471);
#270=LINE('',#7231,#472);
#271=LINE('',#7239,#473);
#272=LINE('',#7247,#474);
#273=LINE('',#7252,#475);
#274=LINE('',#7255,#476);
#275=LINE('',#7258,#477);
#276=LINE('',#7259,#478);
#277=LINE('',#7262,#479);
#278=LINE('',#7266,#480);
#279=LINE('',#7267,#481);
#280=LINE('',#7282,#482);
#281=LINE('',#7289,#483);
#282=LINE('',#7292,#484);
#283=LINE('',#7294,#485);
#284=LINE('',#7296,#486);
#285=LINE('',#7298,#487);
#286=LINE('',#7300,#488);
#287=LINE('',#7302,#489);
#288=LINE('',#7304,#490);
#289=LINE('',#7310,#491);
#290=LINE('',#7319,#492);
#291=LINE('',#7327,#493);
#292=LINE('',#7335,#494);
#293=LINE('',#7340,#495);
#294=LINE('',#7343,#496);
#295=LINE('',#7346,#497);
#296=LINE('',#7347,#498);
#297=LINE('',#7350,#499);
#298=LINE('',#7354,#500);
#299=LINE('',#7355,#501);
#300=LINE('',#7370,#502);
#301=LINE('',#7377,#503);
#302=LINE('',#7380,#504);
#303=LINE('',#7390,#505);
#304=LINE('',#7398,#506);
#305=LINE('',#7406,#507);
#306=LINE('',#7412,#508);
#307=LINE('',#7415,#509);
#308=LINE('',#7417,#510);
#309=LINE('',#7418,#511);
#310=LINE('',#7421,#512);
#311=LINE('',#7425,#513);
#312=LINE('',#7426,#514);
#313=LINE('',#7429,#515);
#314=LINE('',#7440,#516);
#315=LINE('',#7453,#517);
#316=LINE('',#7455,#518);
#317=LINE('',#7457,#519);
#318=LINE('',#7459,#520);
#319=LINE('',#7469,#521);
#320=LINE('',#7477,#522);
#321=LINE('',#7485,#523);
#322=LINE('',#7491,#524);
#323=LINE('',#7494,#525);
#324=LINE('',#7496,#526);
#325=LINE('',#7497,#527);
#326=LINE('',#7500,#528);
#327=LINE('',#7504,#529);
#328=LINE('',#7505,#530);
#329=LINE('',#7508,#531);
#330=LINE('',#7514,#532);
#331=LINE('',#7530,#533);
#332=LINE('',#7534,#534);
#333=LINE('',#7536,#535);
#334=LINE('',#7546,#536);
#335=LINE('',#7554,#537);
#336=LINE('',#7562,#538);
#337=LINE('',#7568,#539);
#338=LINE('',#7571,#540);
#339=LINE('',#7573,#541);
#340=LINE('',#7574,#542);
#341=LINE('',#7577,#543);
#342=LINE('',#7581,#544);
#343=LINE('',#7582,#545);
#344=LINE('',#7585,#546);
#345=LINE('',#7599,#547);
#346=LINE('',#7607,#548);
#347=LINE('',#7614,#549);
#348=LINE('',#7623,#550);
#349=LINE('',#7631,#551);
#350=LINE('',#7639,#552);
#351=LINE('',#7644,#553);
#352=LINE('',#7647,#554);
#353=LINE('',#7650,#555);
#354=LINE('',#7651,#556);
#355=LINE('',#7654,#557);
#356=LINE('',#7658,#558);
#357=LINE('',#7659,#559);
#358=LINE('',#7663,#560);
#359=LINE('',#7680,#561);
#360=LINE('',#7684,#562);
#361=LINE('',#7686,#563);
#362=LINE('',#7687,#564);
#363=LINE('',#7690,#565);
#364=LINE('',#7693,#566);
#365=LINE('',#7695,#567);
#366=LINE('',#7697,#568);
#367=LINE('',#7701,#569);
#368=LINE('',#7703,#570);
#369=VECTOR('',#4965,1.75000000000001);
#370=VECTOR('',#4972,10.);
#371=VECTOR('',#4975,10.);
#372=VECTOR('',#4978,10.);
#373=VECTOR('',#4981,10.);
#374=VECTOR('',#5068,10.);
#375=VECTOR('',#5071,10.);
#376=VECTOR('',#5074,10.);
#377=VECTOR('',#5077,10.);
#378=VECTOR('',#5078,10.);
#379=VECTOR('',#5081,10.);
#380=VECTOR('',#5084,10.);
#381=VECTOR('',#5087,10.);
#382=VECTOR('',#5090,10.);
#383=VECTOR('',#5093,10.);
#384=VECTOR('',#5096,10.);
#385=VECTOR('',#5099,10.);
#386=VECTOR('',#5104,10.);
#387=VECTOR('',#5107,10.);
#388=VECTOR('',#5110,10.);
#389=VECTOR('',#5113,10.);
#390=VECTOR('',#5114,10.);
#391=VECTOR('',#5117,10.);
#392=VECTOR('',#5120,10.);
#393=VECTOR('',#5123,10.);
#394=VECTOR('',#5166,10.);
#395=VECTOR('',#5169,10.);
#396=VECTOR('',#5172,10.);
#397=VECTOR('',#5175,10.);
#398=VECTOR('',#5262,10.);
#399=VECTOR('',#5265,10.);
#400=VECTOR('',#5268,10.);
#401=VECTOR('',#5271,10.);
#402=VECTOR('',#5274,10.);
#403=VECTOR('',#5277,10.);
#404=VECTOR('',#5280,10.);
#405=VECTOR('',#5283,10.);
#406=VECTOR('',#5284,10.);
#407=VECTOR('',#5287,10.);
#408=VECTOR('',#5290,10.);
#409=VECTOR('',#5293,10.);
#410=VECTOR('',#5296,10.);
#411=VECTOR('',#5299,10.);
#412=VECTOR('',#5302,10.);
#413=VECTOR('',#5305,10.);
#414=VECTOR('',#5308,10.);
#415=VECTOR('',#5311,10.);
#416=VECTOR('',#5314,10.);
#417=VECTOR('',#5317,10.);
#418=VECTOR('',#5362,1.75000000000001);
#419=VECTOR('',#5381,1.74999999999999);
#420=VECTOR('',#5402,1.75000000000001);
#421=VECTOR('',#5419,1.74999999999999);
#422=VECTOR('',#5438,1.75000000000001);
#423=VECTOR('',#5457,1.75);
#424=VECTOR('',#5476,1.75);
#425=VECTOR('',#5497,1.74999999999999);
#426=VECTOR('',#5512,1.74999999999999);
#427=VECTOR('',#5533,1.74999999999999);
#428=VECTOR('',#5548,1.74999999999999);
#429=VECTOR('',#5573,1.74999999999999);
#430=VECTOR('',#5592,1.74999999999999);
#431=VECTOR('',#5609,1.74999999999999);
#432=VECTOR('',#5630,1.74999999999999);
#433=VECTOR('',#5647,1.74999999999999);
#434=VECTOR('',#5668,1.74999999999999);
#435=VECTOR('',#5677,1.75);
#436=VECTOR('',#5680,2.5);
#437=VECTOR('',#5683,1.75000000000001);
#438=VECTOR('',#5686,2.65000000000001);
#439=VECTOR('',#5689,2.15);
#440=VECTOR('',#5692,1.75);
#441=VECTOR('',#5695,1.75);
#442=VECTOR('',#5698,2.15000000000001);
#443=VECTOR('',#5701,1.75000000000001);
#444=VECTOR('',#5704,2.5);
#445=VECTOR('',#5707,1.64999999999999);
#446=VECTOR('',#5710,1.75);
#447=VECTOR('',#5713,1.75);
#448=VECTOR('',#5716,2.5);
#449=VECTOR('',#5719,1.75000000000001);
#450=VECTOR('',#5722,2.65000000000001);
#451=VECTOR('',#5725,2.15000000000001);
#452=VECTOR('',#5728,1.75);
#453=VECTOR('',#5731,1.75);
#454=VECTOR('',#5734,2.15);
#455=VECTOR('',#5737,1.75000000000001);
#456=VECTOR('',#5740,2.5);
#457=VECTOR('',#5743,1.64999999999999);
#458=VECTOR('',#5746,1.75);
#459=VECTOR('',#5749,2.15);
#460=VECTOR('',#5752,2.15);
#461=VECTOR('',#5755,2.15);
#462=VECTOR('',#5758,2.15);
#463=VECTOR('',#5761,2.15);
#464=VECTOR('',#5764,2.15);
#465=VECTOR('',#5767,2.15);
#466=VECTOR('',#5770,2.15);
#467=VECTOR('',#5773,2.15);
#468=VECTOR('',#5776,2.15);
#469=VECTOR('',#5779,2.15);
#470=VECTOR('',#5782,2.15);
#471=VECTOR('',#5787,10.);
#472=VECTOR('',#5800,10.);
#473=VECTOR('',#5811,10.);
#474=VECTOR('',#5822,10.);
#475=VECTOR('',#5829,10.);
#476=VECTOR('',#5832,10.);
#477=VECTOR('',#5835,10.);
#478=VECTOR('',#5836,10.);
#479=VECTOR('',#5839,10.);
#480=VECTOR('',#5844,10.);
#481=VECTOR('',#5845,10.);
#482=VECTOR('',#5870,10.);
#483=VECTOR('',#5881,10.);
#484=VECTOR('',#5886,10.);
#485=VECTOR('',#5889,2.15);
#486=VECTOR('',#5892,2.15);
#487=VECTOR('',#5895,2.15);
#488=VECTOR('',#5898,2.15);
#489=VECTOR('',#5901,10.);
#490=VECTOR('',#5904,10.);
#491=VECTOR('',#5911,10.);
#492=VECTOR('',#5924,10.);
#493=VECTOR('',#5935,10.);
#494=VECTOR('',#5946,10.);
#495=VECTOR('',#5953,10.);
#496=VECTOR('',#5956,10.);
#497=VECTOR('',#5959,10.);
#498=VECTOR('',#5960,10.);
#499=VECTOR('',#5963,10.);
#500=VECTOR('',#5968,10.);
#501=VECTOR('',#5969,10.);
#502=VECTOR('',#5994,10.);
#503=VECTOR('',#6005,10.);
#504=VECTOR('',#6010,10.);
#505=VECTOR('',#6023,10.);
#506=VECTOR('',#6034,10.);
#507=VECTOR('',#6045,10.);
#508=VECTOR('',#6054,10.);
#509=VECTOR('',#6057,10.);
#510=VECTOR('',#6058,10.);
#511=VECTOR('',#6059,10.);
#512=VECTOR('',#6062,10.);
#513=VECTOR('',#6067,10.);
#514=VECTOR('',#6068,10.);
#515=VECTOR('',#6071,10.);
#516=VECTOR('',#6086,10.);
#517=VECTOR('',#6111,10.);
#518=VECTOR('',#6114,10.);
#519=VECTOR('',#6117,10.);
#520=VECTOR('',#6120,10.);
#521=VECTOR('',#6133,10.);
#522=VECTOR('',#6144,10.);
#523=VECTOR('',#6155,10.);
#524=VECTOR('',#6164,10.);
#525=VECTOR('',#6167,10.);
#526=VECTOR('',#6168,10.);
#527=VECTOR('',#6169,10.);
#528=VECTOR('',#6172,10.);
#529=VECTOR('',#6177,10.);
#530=VECTOR('',#6178,10.);
#531=VECTOR('',#6181,10.);
#532=VECTOR('',#6188,10.);
#533=VECTOR('',#6217,10.);
#534=VECTOR('',#6224,10.);
#535=VECTOR('',#6227,10.);
#536=VECTOR('',#6240,10.);
#537=VECTOR('',#6251,10.);
#538=VECTOR('',#6262,10.);
#539=VECTOR('',#6271,10.);
#540=VECTOR('',#6274,10.);
#541=VECTOR('',#6275,10.);
#542=VECTOR('',#6276,10.);
#543=VECTOR('',#6279,10.);
#544=VECTOR('',#6284,10.);
#545=VECTOR('',#6285,10.);
#546=VECTOR('',#6288,10.);
#547=VECTOR('',#6313,10.);
#548=VECTOR('',#6324,10.);
#549=VECTOR('',#6333,10.);
#550=VECTOR('',#6346,10.);
#551=VECTOR('',#6357,10.);
#552=VECTOR('',#6368,10.);
#553=VECTOR('',#6375,10.);
#554=VECTOR('',#6378,10.);
#555=VECTOR('',#6381,10.);
#556=VECTOR('',#6382,10.);
#557=VECTOR('',#6385,10.);
#558=VECTOR('',#6390,10.);
#559=VECTOR('',#6391,10.);
#560=VECTOR('',#6396,10.);
#561=VECTOR('',#6425,10.);
#562=VECTOR('',#6432,10.);
#563=VECTOR('',#6435,10.);
#564=VECTOR('',#6436,10.);
#565=VECTOR('',#6441,10.);
#566=VECTOR('',#6446,10.);
#567=VECTOR('',#6449,10.);
#568=VECTOR('',#6452,10.);
#569=VECTOR('',#6459,10.);
#570=VECTOR('',#6462,10.);
#571=CYLINDRICAL_SURFACE('',#4300,1.75000000000001);
#572=CYLINDRICAL_SURFACE('',#4474,1.75000000000001);
#573=CYLINDRICAL_SURFACE('',#4483,1.74999999999999);
#574=CYLINDRICAL_SURFACE('',#4492,1.75000000000001);
#575=CYLINDRICAL_SURFACE('',#4501,1.74999999999999);
#576=CYLINDRICAL_SURFACE('',#4510,1.75000000000001);
#577=CYLINDRICAL_SURFACE('',#4519,1.75);
#578=CYLINDRICAL_SURFACE('',#4528,1.75);
#579=CYLINDRICAL_SURFACE('',#4537,1.74999999999999);
#580=CYLINDRICAL_SURFACE('',#4544,1.74999999999999);
#581=CYLINDRICAL_SURFACE('',#4555,1.74999999999999);
#582=CYLINDRICAL_SURFACE('',#4562,1.74999999999999);
#583=CYLINDRICAL_SURFACE('',#4573,1.74999999999999);
#584=CYLINDRICAL_SURFACE('',#4582,1.74999999999999);
#585=CYLINDRICAL_SURFACE('',#4591,1.74999999999999);
#586=CYLINDRICAL_SURFACE('',#4600,1.74999999999999);
#587=CYLINDRICAL_SURFACE('',#4609,1.74999999999999);
#588=CYLINDRICAL_SURFACE('',#4618,1.74999999999999);
#589=CYLINDRICAL_SURFACE('',#4623,1.75);
#590=CYLINDRICAL_SURFACE('',#4624,2.5);
#591=CYLINDRICAL_SURFACE('',#4625,1.75000000000001);
#592=CYLINDRICAL_SURFACE('',#4626,2.65000000000001);
#593=CYLINDRICAL_SURFACE('',#4627,2.15);
#594=CYLINDRICAL_SURFACE('',#4628,1.75);
#595=CYLINDRICAL_SURFACE('',#4629,1.75);
#596=CYLINDRICAL_SURFACE('',#4630,2.15000000000001);
#597=CYLINDRICAL_SURFACE('',#4631,1.75000000000001);
#598=CYLINDRICAL_SURFACE('',#4632,2.5);
#599=CYLINDRICAL_SURFACE('',#4633,1.64999999999999);
#600=CYLINDRICAL_SURFACE('',#4634,1.75);
#601=CYLINDRICAL_SURFACE('',#4635,1.75);
#602=CYLINDRICAL_SURFACE('',#4636,2.5);
#603=CYLINDRICAL_SURFACE('',#4637,1.75000000000001);
#604=CYLINDRICAL_SURFACE('',#4638,2.65000000000001);
#605=CYLINDRICAL_SURFACE('',#4639,2.15000000000001);
#606=CYLINDRICAL_SURFACE('',#4640,1.75);
#607=CYLINDRICAL_SURFACE('',#4641,1.75);
#608=CYLINDRICAL_SURFACE('',#4642,2.15);
#609=CYLINDRICAL_SURFACE('',#4643,1.75000000000001);
#610=CYLINDRICAL_SURFACE('',#4644,2.5);
#611=CYLINDRICAL_SURFACE('',#4645,1.64999999999999);
#612=CYLINDRICAL_SURFACE('',#4646,1.75);
#613=CYLINDRICAL_SURFACE('',#4647,2.15);
#614=CYLINDRICAL_SURFACE('',#4648,2.15);
#615=CYLINDRICAL_SURFACE('',#4649,2.15);
#616=CYLINDRICAL_SURFACE('',#4650,2.15);
#617=CYLINDRICAL_SURFACE('',#4651,2.15);
#618=CYLINDRICAL_SURFACE('',#4652,2.15);
#619=CYLINDRICAL_SURFACE('',#4653,2.15);
#620=CYLINDRICAL_SURFACE('',#4654,2.15);
#621=CYLINDRICAL_SURFACE('',#4655,2.15);
#622=CYLINDRICAL_SURFACE('',#4656,2.15);
#623=CYLINDRICAL_SURFACE('',#4657,2.15);
#624=CYLINDRICAL_SURFACE('',#4658,2.15);
#625=CYLINDRICAL_SURFACE('',#4659,0.5);
#626=CYLINDRICAL_SURFACE('',#4665,0.5);
#627=CYLINDRICAL_SURFACE('',#4670,0.5);
#628=CYLINDRICAL_SURFACE('',#4675,0.5);
#629=CYLINDRICAL_SURFACE('',#4679,3.00000000000002);
#630=CYLINDRICAL_SURFACE('',#4682,3.00000000000002);
#631=CYLINDRICAL_SURFACE('',#4685,0.5);
#632=CYLINDRICAL_SURFACE('',#4690,0.5);
#633=CYLINDRICAL_SURFACE('',#4695,0.5);
#634=CYLINDRICAL_SURFACE('',#4700,0.5);
#635=CYLINDRICAL_SURFACE('',#4703,3.00000000000002);
#636=CYLINDRICAL_SURFACE('',#4704,2.15);
#637=CYLINDRICAL_SURFACE('',#4705,2.15);
#638=CYLINDRICAL_SURFACE('',#4706,2.15);
#639=CYLINDRICAL_SURFACE('',#4707,2.15);
#640=CYLINDRICAL_SURFACE('',#4709,3.00000000000002);
#641=CYLINDRICAL_SURFACE('',#4711,0.5);
#642=CYLINDRICAL_SURFACE('',#4717,0.5);
#643=CYLINDRICAL_SURFACE('',#4722,0.5);
#644=CYLINDRICAL_SURFACE('',#4727,0.5);
#645=CYLINDRICAL_SURFACE('',#4731,10.);
#646=CYLINDRICAL_SURFACE('',#4734,10.);
#647=CYLINDRICAL_SURFACE('',#4737,0.5);
#648=CYLINDRICAL_SURFACE('',#4742,0.5);
#649=CYLINDRICAL_SURFACE('',#4747,0.5);
#650=CYLINDRICAL_SURFACE('',#4752,0.5);
#651=CYLINDRICAL_SURFACE('',#4755,10.);
#652=CYLINDRICAL_SURFACE('',#4760,0.5);
#653=CYLINDRICAL_SURFACE('',#4765,0.5);
#654=CYLINDRICAL_SURFACE('',#4770,0.5);
#655=CYLINDRICAL_SURFACE('',#4775,0.5);
#656=CYLINDRICAL_SURFACE('',#4777,3.00000000000002);
#657=CYLINDRICAL_SURFACE('',#4780,3.00000000000001);
#658=CYLINDRICAL_SURFACE('',#4786,0.5);
#659=CYLINDRICAL_SURFACE('',#4791,0.5);
#660=CYLINDRICAL_SURFACE('',#4795,0.5);
#661=CYLINDRICAL_SURFACE('',#4799,0.5);
#662=CYLINDRICAL_SURFACE('',#4800,3.00000000000004);
#663=CYLINDRICAL_SURFACE('',#4802,3.00000000000002);
#664=CYLINDRICAL_SURFACE('',#4807,0.5);
#665=CYLINDRICAL_SURFACE('',#4812,0.5);
#666=CYLINDRICAL_SURFACE('',#4817,0.5);
#667=CYLINDRICAL_SURFACE('',#4822,0.5);
#668=CYLINDRICAL_SURFACE('',#4824,3.00000000000006);
#669=CYLINDRICAL_SURFACE('',#4827,3.00000000000001);
#670=CYLINDRICAL_SURFACE('',#4829,0.5);
#671=CYLINDRICAL_SURFACE('',#4835,0.5);
#672=CYLINDRICAL_SURFACE('',#4839,0.5);
#673=CYLINDRICAL_SURFACE('',#4843,0.5);
#674=CYLINDRICAL_SURFACE('',#4847,3.00000000000001);
#675=CYLINDRICAL_SURFACE('',#4853,0.5);
#676=CYLINDRICAL_SURFACE('',#4858,0.5);
#677=CYLINDRICAL_SURFACE('',#4863,0.5);
#678=CYLINDRICAL_SURFACE('',#4868,0.5);
#679=CYLINDRICAL_SURFACE('',#4870,3.00000000000004);
#680=CYLINDRICAL_SURFACE('',#4873,3.00000000000004);
#681=CYLINDRICAL_SURFACE('',#4875,0.5);
#682=CYLINDRICAL_SURFACE('',#4880,0.5);
#683=CYLINDRICAL_SURFACE('',#4884,0.5);
#684=CYLINDRICAL_SURFACE('',#4889,0.5);
#685=CYLINDRICAL_SURFACE('',#4893,0.5);
#686=CYLINDRICAL_SURFACE('',#4899,0.5);
#687=CYLINDRICAL_SURFACE('',#4904,0.5);
#688=CYLINDRICAL_SURFACE('',#4909,0.5);
#689=CYLINDRICAL_SURFACE('',#4913,3.00000000000004);
#690=CYLINDRICAL_SURFACE('',#4916,3.00000000000002);
#691=CYLINDRICAL_SURFACE('',#4919,0.5);
#692=CYLINDRICAL_SURFACE('',#4924,0.5);
#693=CYLINDRICAL_SURFACE('',#4928,0.5);
#694=CYLINDRICAL_SURFACE('',#4933,0.5);
#695=CYLINDRICAL_SURFACE('',#4938,10.);
#696=CYLINDRICAL_SURFACE('',#4941,3.00000000000002);
#697=CYLINDRICAL_SURFACE('',#4943,3.00000000000002);
#698=CYLINDRICAL_SURFACE('',#4945,3.00000000000001);
#699=CYLINDRICAL_SURFACE('',#4947,3.00000000000002);
#700=CYLINDRICAL_SURFACE('',#4949,3.00000000000001);
#701=FACE_OUTER_BOUND('',#941,.T.);
#702=FACE_OUTER_BOUND('',#942,.T.);
#703=FACE_OUTER_BOUND('',#943,.T.);
#704=FACE_OUTER_BOUND('',#1007,.T.);
#705=FACE_OUTER_BOUND('',#1008,.T.);
#706=FACE_OUTER_BOUND('',#1072,.T.);
#707=FACE_OUTER_BOUND('',#1073,.T.);
#708=FACE_OUTER_BOUND('',#1074,.T.);
#709=FACE_OUTER_BOUND('',#1075,.T.);
#710=FACE_OUTER_BOUND('',#1076,.T.);
#711=FACE_OUTER_BOUND('',#1077,.T.);
#712=FACE_OUTER_BOUND('',#1078,.T.);
#713=FACE_OUTER_BOUND('',#1079,.T.);
#714=FACE_OUTER_BOUND('',#1080,.T.);
#715=FACE_OUTER_BOUND('',#1081,.T.);
#716=FACE_OUTER_BOUND('',#1082,.T.);
#717=FACE_OUTER_BOUND('',#1083,.T.);
#718=FACE_OUTER_BOUND('',#1084,.T.);
#719=FACE_OUTER_BOUND('',#1085,.T.);
#720=FACE_OUTER_BOUND('',#1086,.T.);
#721=FACE_OUTER_BOUND('',#1087,.T.);
#722=FACE_OUTER_BOUND('',#1088,.T.);
#723=FACE_OUTER_BOUND('',#1089,.T.);
#724=FACE_OUTER_BOUND('',#1090,.T.);
#725=FACE_OUTER_BOUND('',#1091,.T.);
#726=FACE_OUTER_BOUND('',#1092,.T.);
#727=FACE_OUTER_BOUND('',#1093,.T.);
#728=FACE_OUTER_BOUND('',#1094,.T.);
#729=FACE_OUTER_BOUND('',#1095,.T.);
#730=FACE_OUTER_BOUND('',#1096,.T.);
#731=FACE_OUTER_BOUND('',#1097,.T.);
#732=FACE_OUTER_BOUND('',#1098,.T.);
#733=FACE_OUTER_BOUND('',#1099,.T.);
#734=FACE_OUTER_BOUND('',#1100,.T.);
#735=FACE_OUTER_BOUND('',#1101,.T.);
#736=FACE_OUTER_BOUND('',#1102,.T.);
#737=FACE_OUTER_BOUND('',#1103,.T.);
#738=FACE_OUTER_BOUND('',#1104,.T.);
#739=FACE_OUTER_BOUND('',#1105,.T.);
#740=FACE_OUTER_BOUND('',#1106,.T.);
#741=FACE_OUTER_BOUND('',#1107,.T.);
#742=FACE_OUTER_BOUND('',#1108,.T.);
#743=FACE_OUTER_BOUND('',#1109,.T.);
#744=FACE_OUTER_BOUND('',#1110,.T.);
#745=FACE_OUTER_BOUND('',#1111,.T.);
#746=FACE_OUTER_BOUND('',#1112,.T.);
#747=FACE_OUTER_BOUND('',#1113,.T.);
#748=FACE_OUTER_BOUND('',#1114,.T.);
#749=FACE_OUTER_BOUND('',#1115,.T.);
#750=FACE_OUTER_BOUND('',#1116,.T.);
#751=FACE_OUTER_BOUND('',#1117,.T.);
#752=FACE_OUTER_BOUND('',#1118,.T.);
#753=FACE_OUTER_BOUND('',#1119,.T.);
#754=FACE_OUTER_BOUND('',#1120,.T.);
#755=FACE_OUTER_BOUND('',#1121,.T.);
#756=FACE_OUTER_BOUND('',#1122,.T.);
#757=FACE_OUTER_BOUND('',#1123,.T.);
#758=FACE_OUTER_BOUND('',#1124,.T.);
#759=FACE_OUTER_BOUND('',#1125,.T.);
#760=FACE_OUTER_BOUND('',#1126,.T.);
#761=FACE_OUTER_BOUND('',#1127,.T.);
#762=FACE_OUTER_BOUND('',#1128,.T.);
#763=FACE_OUTER_BOUND('',#1129,.T.);
#764=FACE_OUTER_BOUND('',#1130,.T.);
#765=FACE_OUTER_BOUND('',#1131,.T.);
#766=FACE_OUTER_BOUND('',#1132,.T.);
#767=FACE_OUTER_BOUND('',#1133,.T.);
#768=FACE_OUTER_BOUND('',#1134,.T.);
#769=FACE_OUTER_BOUND('',#1135,.T.);
#770=FACE_OUTER_BOUND('',#1136,.T.);
#771=FACE_OUTER_BOUND('',#1137,.T.);
#772=FACE_OUTER_BOUND('',#1138,.T.);
#773=FACE_OUTER_BOUND('',#1139,.T.);
#774=FACE_OUTER_BOUND('',#1140,.T.);
#775=FACE_OUTER_BOUND('',#1141,.T.);
#776=FACE_OUTER_BOUND('',#1142,.T.);
#777=FACE_OUTER_BOUND('',#1143,.T.);
#778=FACE_OUTER_BOUND('',#1144,.T.);
#779=FACE_OUTER_BOUND('',#1145,.T.);
#780=FACE_OUTER_BOUND('',#1146,.T.);
#781=FACE_OUTER_BOUND('',#1147,.T.);
#782=FACE_OUTER_BOUND('',#1148,.T.);
#783=FACE_OUTER_BOUND('',#1149,.T.);
#784=FACE_OUTER_BOUND('',#1150,.T.);
#785=FACE_OUTER_BOUND('',#1151,.T.);
#786=FACE_OUTER_BOUND('',#1152,.T.);
#787=FACE_OUTER_BOUND('',#1153,.T.);
#788=FACE_OUTER_BOUND('',#1154,.T.);
#789=FACE_OUTER_BOUND('',#1155,.T.);
#790=FACE_OUTER_BOUND('',#1156,.T.);
#791=FACE_OUTER_BOUND('',#1157,.T.);
#792=FACE_OUTER_BOUND('',#1158,.T.);
#793=FACE_OUTER_BOUND('',#1159,.T.);
#794=FACE_OUTER_BOUND('',#1160,.T.);
#795=FACE_OUTER_BOUND('',#1161,.T.);
#796=FACE_OUTER_BOUND('',#1162,.T.);
#797=FACE_OUTER_BOUND('',#1163,.T.);
#798=FACE_OUTER_BOUND('',#1164,.T.);
#799=FACE_OUTER_BOUND('',#1165,.T.);
#800=FACE_OUTER_BOUND('',#1166,.T.);
#801=FACE_OUTER_BOUND('',#1167,.T.);
#802=FACE_OUTER_BOUND('',#1168,.T.);
#803=FACE_OUTER_BOUND('',#1169,.T.);
#804=FACE_OUTER_BOUND('',#1170,.T.);
#805=FACE_OUTER_BOUND('',#1171,.T.);
#806=FACE_OUTER_BOUND('',#1172,.T.);
#807=FACE_OUTER_BOUND('',#1173,.T.);
#808=FACE_OUTER_BOUND('',#1174,.T.);
#809=FACE_OUTER_BOUND('',#1175,.T.);
#810=FACE_OUTER_BOUND('',#1176,.T.);
#811=FACE_OUTER_BOUND('',#1177,.T.);
#812=FACE_OUTER_BOUND('',#1178,.T.);
#813=FACE_OUTER_BOUND('',#1179,.T.);
#814=FACE_OUTER_BOUND('',#1180,.T.);
#815=FACE_OUTER_BOUND('',#1181,.T.);
#816=FACE_OUTER_BOUND('',#1182,.T.);
#817=FACE_OUTER_BOUND('',#1183,.T.);
#818=FACE_OUTER_BOUND('',#1184,.T.);
#819=FACE_OUTER_BOUND('',#1185,.T.);
#820=FACE_OUTER_BOUND('',#1186,.T.);
#821=FACE_OUTER_BOUND('',#1187,.T.);
#822=FACE_OUTER_BOUND('',#1188,.T.);
#823=FACE_OUTER_BOUND('',#1189,.T.);
#824=FACE_OUTER_BOUND('',#1190,.T.);
#825=FACE_OUTER_BOUND('',#1191,.T.);
#826=FACE_OUTER_BOUND('',#1192,.T.);
#827=FACE_OUTER_BOUND('',#1193,.T.);
#828=FACE_OUTER_BOUND('',#1194,.T.);
#829=FACE_OUTER_BOUND('',#1195,.T.);
#830=FACE_OUTER_BOUND('',#1196,.T.);
#831=FACE_OUTER_BOUND('',#1197,.T.);
#832=FACE_OUTER_BOUND('',#1198,.T.);
#833=FACE_OUTER_BOUND('',#1199,.T.);
#834=FACE_OUTER_BOUND('',#1200,.T.);
#835=FACE_OUTER_BOUND('',#1201,.T.);
#836=FACE_OUTER_BOUND('',#1202,.T.);
#837=FACE_OUTER_BOUND('',#1203,.T.);
#838=FACE_OUTER_BOUND('',#1204,.T.);
#839=FACE_OUTER_BOUND('',#1205,.T.);
#840=FACE_OUTER_BOUND('',#1206,.T.);
#841=FACE_OUTER_BOUND('',#1207,.T.);
#842=FACE_OUTER_BOUND('',#1208,.T.);
#843=FACE_OUTER_BOUND('',#1209,.T.);
#844=FACE_OUTER_BOUND('',#1210,.T.);
#845=FACE_OUTER_BOUND('',#1211,.T.);
#846=FACE_OUTER_BOUND('',#1212,.T.);
#847=FACE_OUTER_BOUND('',#1213,.T.);
#848=FACE_OUTER_BOUND('',#1214,.T.);
#849=FACE_OUTER_BOUND('',#1215,.T.);
#850=FACE_OUTER_BOUND('',#1216,.T.);
#851=FACE_OUTER_BOUND('',#1217,.T.);
#852=FACE_OUTER_BOUND('',#1218,.T.);
#853=FACE_OUTER_BOUND('',#1219,.T.);
#854=FACE_OUTER_BOUND('',#1220,.T.);
#855=FACE_OUTER_BOUND('',#1221,.T.);
#856=FACE_OUTER_BOUND('',#1222,.T.);
#857=FACE_OUTER_BOUND('',#1223,.T.);
#858=FACE_OUTER_BOUND('',#1224,.T.);
#859=FACE_OUTER_BOUND('',#1225,.T.);
#860=FACE_OUTER_BOUND('',#1226,.T.);
#861=FACE_OUTER_BOUND('',#1227,.T.);
#862=FACE_OUTER_BOUND('',#1228,.T.);
#863=FACE_OUTER_BOUND('',#1229,.T.);
#864=FACE_OUTER_BOUND('',#1230,.T.);
#865=FACE_OUTER_BOUND('',#1231,.T.);
#866=FACE_OUTER_BOUND('',#1232,.T.);
#867=FACE_OUTER_BOUND('',#1233,.T.);
#868=FACE_OUTER_BOUND('',#1234,.T.);
#869=FACE_OUTER_BOUND('',#1235,.T.);
#870=FACE_OUTER_BOUND('',#1236,.T.);
#871=FACE_OUTER_BOUND('',#1237,.T.);
#872=FACE_OUTER_BOUND('',#1238,.T.);
#873=FACE_OUTER_BOUND('',#1239,.T.);
#874=FACE_OUTER_BOUND('',#1240,.T.);
#875=FACE_OUTER_BOUND('',#1241,.T.);
#876=FACE_OUTER_BOUND('',#1242,.T.);
#877=FACE_OUTER_BOUND('',#1243,.T.);
#878=FACE_OUTER_BOUND('',#1244,.T.);
#879=FACE_OUTER_BOUND('',#1245,.T.);
#880=FACE_OUTER_BOUND('',#1246,.T.);
#881=FACE_OUTER_BOUND('',#1247,.T.);
#882=FACE_OUTER_BOUND('',#1248,.T.);
#883=FACE_OUTER_BOUND('',#1249,.T.);
#884=FACE_OUTER_BOUND('',#1250,.T.);
#885=FACE_OUTER_BOUND('',#1251,.T.);
#886=FACE_OUTER_BOUND('',#1252,.T.);
#887=FACE_OUTER_BOUND('',#1253,.T.);
#888=FACE_OUTER_BOUND('',#1254,.T.);
#889=FACE_OUTER_BOUND('',#1255,.T.);
#890=FACE_OUTER_BOUND('',#1256,.T.);
#891=FACE_OUTER_BOUND('',#1257,.T.);
#892=FACE_OUTER_BOUND('',#1258,.T.);
#893=FACE_OUTER_BOUND('',#1259,.T.);
#894=FACE_OUTER_BOUND('',#1260,.T.);
#895=FACE_OUTER_BOUND('',#1261,.T.);
#896=FACE_OUTER_BOUND('',#1262,.T.);
#897=FACE_OUTER_BOUND('',#1263,.T.);
#898=FACE_OUTER_BOUND('',#1264,.T.);
#899=FACE_OUTER_BOUND('',#1265,.T.);
#900=FACE_OUTER_BOUND('',#1266,.T.);
#901=FACE_OUTER_BOUND('',#1267,.T.);
#902=FACE_OUTER_BOUND('',#1268,.T.);
#903=FACE_OUTER_BOUND('',#1269,.T.);
#904=FACE_OUTER_BOUND('',#1270,.T.);
#905=FACE_OUTER_BOUND('',#1271,.T.);
#906=FACE_OUTER_BOUND('',#1272,.T.);
#907=FACE_OUTER_BOUND('',#1273,.T.);
#908=FACE_OUTER_BOUND('',#1274,.T.);
#909=FACE_OUTER_BOUND('',#1275,.T.);
#910=FACE_OUTER_BOUND('',#1276,.T.);
#911=FACE_OUTER_BOUND('',#1277,.T.);
#912=FACE_OUTER_BOUND('',#1278,.T.);
#913=FACE_OUTER_BOUND('',#1279,.T.);
#914=FACE_OUTER_BOUND('',#1280,.T.);
#915=FACE_OUTER_BOUND('',#1281,.T.);
#916=FACE_OUTER_BOUND('',#1282,.T.);
#917=FACE_OUTER_BOUND('',#1283,.T.);
#918=FACE_OUTER_BOUND('',#1284,.T.);
#919=FACE_OUTER_BOUND('',#1285,.T.);
#920=FACE_OUTER_BOUND('',#1286,.T.);
#921=FACE_OUTER_BOUND('',#1287,.T.);
#922=FACE_OUTER_BOUND('',#1288,.T.);
#923=FACE_OUTER_BOUND('',#1289,.T.);
#924=FACE_OUTER_BOUND('',#1290,.T.);
#925=FACE_OUTER_BOUND('',#1291,.T.);
#926=FACE_OUTER_BOUND('',#1292,.T.);
#927=FACE_OUTER_BOUND('',#1293,.T.);
#928=FACE_OUTER_BOUND('',#1294,.T.);
#929=FACE_OUTER_BOUND('',#1295,.T.);
#930=FACE_OUTER_BOUND('',#1296,.T.);
#931=FACE_OUTER_BOUND('',#1297,.T.);
#932=FACE_OUTER_BOUND('',#1298,.T.);
#933=FACE_OUTER_BOUND('',#1299,.T.);
#934=FACE_OUTER_BOUND('',#1300,.T.);
#935=FACE_OUTER_BOUND('',#1301,.T.);
#936=FACE_OUTER_BOUND('',#1302,.T.);
#937=FACE_OUTER_BOUND('',#1303,.T.);
#938=FACE_OUTER_BOUND('',#1304,.T.);
#939=FACE_OUTER_BOUND('',#1305,.T.);
#940=FACE_OUTER_BOUND('',#1306,.T.);
#941=EDGE_LOOP('',(#2721,#2722,#2723,#2724,#2725));
#942=EDGE_LOOP('',(#2726,#2727,#2728,#2729,#2730,#2731));
#943=EDGE_LOOP('',(#2732,#2733,#2734,#2735,#2736,#2737,#2738,#2739));
#944=EDGE_LOOP('',(#2740));
#945=EDGE_LOOP('',(#2741));
#946=EDGE_LOOP('',(#2742));
#947=EDGE_LOOP('',(#2743));
#948=EDGE_LOOP('',(#2744));
#949=EDGE_LOOP('',(#2745));
#950=EDGE_LOOP('',(#2746));
#951=EDGE_LOOP('',(#2747));
#952=EDGE_LOOP('',(#2748));
#953=EDGE_LOOP('',(#2749));
#954=EDGE_LOOP('',(#2750));
#955=EDGE_LOOP('',(#2751));
#956=EDGE_LOOP('',(#2752));
#957=EDGE_LOOP('',(#2753));
#958=EDGE_LOOP('',(#2754));
#959=EDGE_LOOP('',(#2755));
#960=EDGE_LOOP('',(#2756));
#961=EDGE_LOOP('',(#2757));
#962=EDGE_LOOP('',(#2758));
#963=EDGE_LOOP('',(#2759));
#964=EDGE_LOOP('',(#2760));
#965=EDGE_LOOP('',(#2761));
#966=EDGE_LOOP('',(#2762));
#967=EDGE_LOOP('',(#2763));
#968=EDGE_LOOP('',(#2764));
#969=EDGE_LOOP('',(#2765));
#970=EDGE_LOOP('',(#2766));
#971=EDGE_LOOP('',(#2767));
#972=EDGE_LOOP('',(#2768));
#973=EDGE_LOOP('',(#2769));
#974=EDGE_LOOP('',(#2770));
#975=EDGE_LOOP('',(#2771));
#976=EDGE_LOOP('',(#2772));
#977=EDGE_LOOP('',(#2773));
#978=EDGE_LOOP('',(#2774));
#979=EDGE_LOOP('',(#2775));
#980=EDGE_LOOP('',(#2776));
#981=EDGE_LOOP('',(#2777));
#982=EDGE_LOOP('',(#2778));
#983=EDGE_LOOP('',(#2779));
#984=EDGE_LOOP('',(#2780));
#985=EDGE_LOOP('',(#2781,#2782,#2783,#2784,#2785,#2786,#2787,#2788));
#986=EDGE_LOOP('',(#2789,#2790,#2791,#2792,#2793,#2794,#2795,#2796));
#987=EDGE_LOOP('',(#2797,#2798,#2799,#2800,#2801,#2802,#2803,#2804));
#988=EDGE_LOOP('',(#2805,#2806,#2807,#2808,#2809,#2810,#2811,#2812));
#989=EDGE_LOOP('',(#2813,#2814,#2815,#2816,#2817,#2818,#2819,#2820));
#990=EDGE_LOOP('',(#2821));
#991=EDGE_LOOP('',(#2822));
#992=EDGE_LOOP('',(#2823));
#993=EDGE_LOOP('',(#2824));
#994=EDGE_LOOP('',(#2825));
#995=EDGE_LOOP('',(#2826));
#996=EDGE_LOOP('',(#2827));
#997=EDGE_LOOP('',(#2828));
#998=EDGE_LOOP('',(#2829));
#999=EDGE_LOOP('',(#2830));
#1000=EDGE_LOOP('',(#2831));
#1001=EDGE_LOOP('',(#2832));
#1002=EDGE_LOOP('',(#2833));
#1003=EDGE_LOOP('',(#2834));
#1004=EDGE_LOOP('',(#2835));
#1005=EDGE_LOOP('',(#2836));
#1006=EDGE_LOOP('',(#2837));
#1007=EDGE_LOOP('',(#2838,#2839,#2840,#2841,#2842));
#1008=EDGE_LOOP('',(#2843,#2844,#2845,#2846,#2847,#2848,#2849,#2850));
#1009=EDGE_LOOP('',(#2851));
#1010=EDGE_LOOP('',(#2852));
#1011=EDGE_LOOP('',(#2853));
#1012=EDGE_LOOP('',(#2854));
#1013=EDGE_LOOP('',(#2855));
#1014=EDGE_LOOP('',(#2856));
#1015=EDGE_LOOP('',(#2857));
#1016=EDGE_LOOP('',(#2858));
#1017=EDGE_LOOP('',(#2859));
#1018=EDGE_LOOP('',(#2860));
#1019=EDGE_LOOP('',(#2861));
#1020=EDGE_LOOP('',(#2862));
#1021=EDGE_LOOP('',(#2863));
#1022=EDGE_LOOP('',(#2864));
#1023=EDGE_LOOP('',(#2865));
#1024=EDGE_LOOP('',(#2866));
#1025=EDGE_LOOP('',(#2867));
#1026=EDGE_LOOP('',(#2868));
#1027=EDGE_LOOP('',(#2869));
#1028=EDGE_LOOP('',(#2870));
#1029=EDGE_LOOP('',(#2871));
#1030=EDGE_LOOP('',(#2872));
#1031=EDGE_LOOP('',(#2873));
#1032=EDGE_LOOP('',(#2874));
#1033=EDGE_LOOP('',(#2875));
#1034=EDGE_LOOP('',(#2876));
#1035=EDGE_LOOP('',(#2877));
#1036=EDGE_LOOP('',(#2878));
#1037=EDGE_LOOP('',(#2879));
#1038=EDGE_LOOP('',(#2880));
#1039=EDGE_LOOP('',(#2881));
#1040=EDGE_LOOP('',(#2882));
#1041=EDGE_LOOP('',(#2883));
#1042=EDGE_LOOP('',(#2884));
#1043=EDGE_LOOP('',(#2885));
#1044=EDGE_LOOP('',(#2886));
#1045=EDGE_LOOP('',(#2887));
#1046=EDGE_LOOP('',(#2888));
#1047=EDGE_LOOP('',(#2889));
#1048=EDGE_LOOP('',(#2890));
#1049=EDGE_LOOP('',(#2891));
#1050=EDGE_LOOP('',(#2892,#2893,#2894,#2895,#2896,#2897,#2898,#2899));
#1051=EDGE_LOOP('',(#2900,#2901,#2902,#2903,#2904,#2905,#2906,#2907));
#1052=EDGE_LOOP('',(#2908,#2909,#2910,#2911,#2912,#2913,#2914,#2915));
#1053=EDGE_LOOP('',(#2916,#2917,#2918,#2919,#2920,#2921,#2922,#2923));
#1054=EDGE_LOOP('',(#2924,#2925,#2926,#2927,#2928,#2929,#2930,#2931));
#1055=EDGE_LOOP('',(#2932));
#1056=EDGE_LOOP('',(#2933));
#1057=EDGE_LOOP('',(#2934));
#1058=EDGE_LOOP('',(#2935));
#1059=EDGE_LOOP('',(#2936));
#1060=EDGE_LOOP('',(#2937));
#1061=EDGE_LOOP('',(#2938));
#1062=EDGE_LOOP('',(#2939));
#1063=EDGE_LOOP('',(#2940));
#1064=EDGE_LOOP('',(#2941));
#1065=EDGE_LOOP('',(#2942));
#1066=EDGE_LOOP('',(#2943));
#1067=EDGE_LOOP('',(#2944));
#1068=EDGE_LOOP('',(#2945));
#1069=EDGE_LOOP('',(#2946));
#1070=EDGE_LOOP('',(#2947));
#1071=EDGE_LOOP('',(#2948));
#1072=EDGE_LOOP('',(#2949,#2950,#2951,#2952,#2953));
#1073=EDGE_LOOP('',(#2954,#2955,#2956,#2957,#2958,#2959));
#1074=EDGE_LOOP('',(#2960,#2961,#2962,#2963,#2964));
#1075=EDGE_LOOP('',(#2965,#2966,#2967,#2968,#2969));
#1076=EDGE_LOOP('',(#2970,#2971,#2972,#2973,#2974,#2975));
#1077=EDGE_LOOP('',(#2976,#2977,#2978,#2979,#2980));
#1078=EDGE_LOOP('',(#2981,#2982,#2983,#2984,#2985));
#1079=EDGE_LOOP('',(#2986,#2987,#2988,#2989,#2990,#2991));
#1080=EDGE_LOOP('',(#2992,#2993,#2994,#2995,#2996));
#1081=EDGE_LOOP('',(#2997,#2998,#2999,#3000,#3001));
#1082=EDGE_LOOP('',(#3002,#3003,#3004,#3005,#3006,#3007));
#1083=EDGE_LOOP('',(#3008,#3009,#3010,#3011,#3012));
#1084=EDGE_LOOP('',(#3013,#3014,#3015,#3016,#3017));
#1085=EDGE_LOOP('',(#3018,#3019,#3020,#3021,#3022,#3023));
#1086=EDGE_LOOP('',(#3024,#3025,#3026,#3027,#3028));
#1087=EDGE_LOOP('',(#3029,#3030,#3031,#3032,#3033));
#1088=EDGE_LOOP('',(#3034,#3035,#3036,#3037,#3038,#3039));
#1089=EDGE_LOOP('',(#3040,#3041,#3042,#3043,#3044));
#1090=EDGE_LOOP('',(#3045,#3046,#3047,#3048,#3049));
#1091=EDGE_LOOP('',(#3050,#3051,#3052,#3053,#3054,#3055));
#1092=EDGE_LOOP('',(#3056,#3057,#3058,#3059,#3060));
#1093=EDGE_LOOP('',(#3061,#3062,#3063,#3064,#3065));
#1094=EDGE_LOOP('',(#3066,#3067,#3068,#3069,#3070,#3071));
#1095=EDGE_LOOP('',(#3072,#3073,#3074,#3075,#3076));
#1096=EDGE_LOOP('',(#3077,#3078,#3079,#3080,#3081,#3082));
#1097=EDGE_LOOP('',(#3083,#3084,#3085,#3086,#3087));
#1098=EDGE_LOOP('',(#3088,#3089,#3090,#3091,#3092));
#1099=EDGE_LOOP('',(#3093,#3094,#3095,#3096,#3097));
#1100=EDGE_LOOP('',(#3098,#3099,#3100,#3101,#3102,#3103));
#1101=EDGE_LOOP('',(#3104,#3105,#3106,#3107,#3108));
#1102=EDGE_LOOP('',(#3109,#3110,#3111,#3112,#3113,#3114));
#1103=EDGE_LOOP('',(#3115,#3116,#3117,#3118,#3119));
#1104=EDGE_LOOP('',(#3120,#3121,#3122,#3123,#3124));
#1105=EDGE_LOOP('',(#3125,#3126,#3127,#3128,#3129));
#1106=EDGE_LOOP('',(#3130,#3131,#3132,#3133,#3134,#3135));
#1107=EDGE_LOOP('',(#3136,#3137,#3138,#3139,#3140));
#1108=EDGE_LOOP('',(#3141,#3142,#3143,#3144,#3145));
#1109=EDGE_LOOP('',(#3146,#3147,#3148,#3149,#3150,#3151));
#1110=EDGE_LOOP('',(#3152,#3153,#3154,#3155,#3156));
#1111=EDGE_LOOP('',(#3157,#3158,#3159,#3160,#3161));
#1112=EDGE_LOOP('',(#3162,#3163,#3164,#3165,#3166,#3167));
#1113=EDGE_LOOP('',(#3168,#3169,#3170,#3171,#3172));
#1114=EDGE_LOOP('',(#3173,#3174,#3175,#3176,#3177));
#1115=EDGE_LOOP('',(#3178,#3179,#3180,#3181,#3182,#3183));
#1116=EDGE_LOOP('',(#3184,#3185,#3186,#3187,#3188));
#1117=EDGE_LOOP('',(#3189,#3190,#3191,#3192,#3193));
#1118=EDGE_LOOP('',(#3194,#3195,#3196,#3197,#3198,#3199));
#1119=EDGE_LOOP('',(#3200,#3201,#3202,#3203,#3204));
#1120=EDGE_LOOP('',(#3205,#3206,#3207,#3208,#3209));
#1121=EDGE_LOOP('',(#3210,#3211,#3212,#3213,#3214,#3215));
#1122=EDGE_LOOP('',(#3216,#3217,#3218,#3219,#3220));
#1123=EDGE_LOOP('',(#3221,#3222,#3223,#3224));
#1124=EDGE_LOOP('',(#3225,#3226,#3227,#3228));
#1125=EDGE_LOOP('',(#3229,#3230,#3231,#3232));
#1126=EDGE_LOOP('',(#3233,#3234,#3235,#3236));
#1127=EDGE_LOOP('',(#3237,#3238,#3239,#3240));
#1128=EDGE_LOOP('',(#3241,#3242,#3243,#3244));
#1129=EDGE_LOOP('',(#3245,#3246,#3247,#3248));
#1130=EDGE_LOOP('',(#3249,#3250,#3251,#3252));
#1131=EDGE_LOOP('',(#3253,#3254,#3255,#3256));
#1132=EDGE_LOOP('',(#3257,#3258,#3259,#3260));
#1133=EDGE_LOOP('',(#3261,#3262,#3263,#3264));
#1134=EDGE_LOOP('',(#3265,#3266,#3267,#3268));
#1135=EDGE_LOOP('',(#3269,#3270,#3271,#3272));
#1136=EDGE_LOOP('',(#3273,#3274,#3275,#3276));
#1137=EDGE_LOOP('',(#3277,#3278,#3279,#3280));
#1138=EDGE_LOOP('',(#3281,#3282,#3283,#3284));
#1139=EDGE_LOOP('',(#3285,#3286,#3287,#3288));
#1140=EDGE_LOOP('',(#3289,#3290,#3291,#3292));
#1141=EDGE_LOOP('',(#3293,#3294,#3295,#3296));
#1142=EDGE_LOOP('',(#3297,#3298,#3299,#3300));
#1143=EDGE_LOOP('',(#3301,#3302,#3303,#3304));
#1144=EDGE_LOOP('',(#3305,#3306,#3307,#3308));
#1145=EDGE_LOOP('',(#3309,#3310,#3311,#3312));
#1146=EDGE_LOOP('',(#3313,#3314,#3315,#3316));
#1147=EDGE_LOOP('',(#3317,#3318,#3319,#3320));
#1148=EDGE_LOOP('',(#3321,#3322,#3323,#3324));
#1149=EDGE_LOOP('',(#3325,#3326,#3327,#3328));
#1150=EDGE_LOOP('',(#3329,#3330,#3331,#3332));
#1151=EDGE_LOOP('',(#3333,#3334,#3335,#3336));
#1152=EDGE_LOOP('',(#3337,#3338,#3339,#3340));
#1153=EDGE_LOOP('',(#3341,#3342,#3343,#3344));
#1154=EDGE_LOOP('',(#3345,#3346,#3347,#3348));
#1155=EDGE_LOOP('',(#3349,#3350,#3351,#3352));
#1156=EDGE_LOOP('',(#3353,#3354,#3355,#3356));
#1157=EDGE_LOOP('',(#3357,#3358,#3359,#3360));
#1158=EDGE_LOOP('',(#3361,#3362,#3363,#3364));
#1159=EDGE_LOOP('',(#3365,#3366,#3367,#3368));
#1160=EDGE_LOOP('',(#3369,#3370,#3371,#3372));
#1161=EDGE_LOOP('',(#3373,#3374,#3375,#3376));
#1162=EDGE_LOOP('',(#3377,#3378,#3379,#3380));
#1163=EDGE_LOOP('',(#3381,#3382,#3383,#3384));
#1164=EDGE_LOOP('',(#3385,#3386,#3387,#3388));
#1165=EDGE_LOOP('',(#3389,#3390,#3391,#3392));
#1166=EDGE_LOOP('',(#3393,#3394,#3395,#3396));
#1167=EDGE_LOOP('',(#3397,#3398,#3399,#3400));
#1168=EDGE_LOOP('',(#3401,#3402,#3403,#3404));
#1169=EDGE_LOOP('',(#3405,#3406,#3407,#3408));
#1170=EDGE_LOOP('',(#3409,#3410,#3411,#3412));
#1171=EDGE_LOOP('',(#3413,#3414,#3415,#3416));
#1172=EDGE_LOOP('',(#3417,#3418,#3419,#3420));
#1173=EDGE_LOOP('',(#3421,#3422,#3423,#3424));
#1174=EDGE_LOOP('',(#3425,#3426,#3427,#3428));
#1175=EDGE_LOOP('',(#3429,#3430,#3431,#3432));
#1176=EDGE_LOOP('',(#3433,#3434,#3435,#3436));
#1177=EDGE_LOOP('',(#3437,#3438,#3439,#3440));
#1178=EDGE_LOOP('',(#3441,#3442,#3443,#3444));
#1179=EDGE_LOOP('',(#3445,#3446,#3447,#3448));
#1180=EDGE_LOOP('',(#3449,#3450,#3451,#3452));
#1181=EDGE_LOOP('',(#3453,#3454,#3455,#3456));
#1182=EDGE_LOOP('',(#3457,#3458,#3459,#3460));
#1183=EDGE_LOOP('',(#3461,#3462,#3463,#3464));
#1184=EDGE_LOOP('',(#3465,#3466,#3467,#3468));
#1185=EDGE_LOOP('',(#3469,#3470,#3471,#3472));
#1186=EDGE_LOOP('',(#3473,#3474,#3475,#3476));
#1187=EDGE_LOOP('',(#3477,#3478,#3479,#3480));
#1188=EDGE_LOOP('',(#3481,#3482,#3483,#3484));
#1189=EDGE_LOOP('',(#3485,#3486,#3487,#3488));
#1190=EDGE_LOOP('',(#3489,#3490,#3491,#3492));
#1191=EDGE_LOOP('',(#3493,#3494,#3495,#3496));
#1192=EDGE_LOOP('',(#3497,#3498,#3499,#3500));
#1193=EDGE_LOOP('',(#3501,#3502,#3503,#3504));
#1194=EDGE_LOOP('',(#3505,#3506,#3507,#3508));
#1195=EDGE_LOOP('',(#3509,#3510,#3511,#3512));
#1196=EDGE_LOOP('',(#3513,#3514,#3515,#3516));
#1197=EDGE_LOOP('',(#3517,#3518,#3519,#3520));
#1198=EDGE_LOOP('',(#3521,#3522,#3523,#3524));
#1199=EDGE_LOOP('',(#3525,#3526,#3527,#3528));
#1200=EDGE_LOOP('',(#3529,#3530,#3531,#3532));
#1201=EDGE_LOOP('',(#3533,#3534,#3535,#3536));
#1202=EDGE_LOOP('',(#3537,#3538,#3539,#3540));
#1203=EDGE_LOOP('',(#3541,#3542,#3543,#3544));
#1204=EDGE_LOOP('',(#3545,#3546,#3547,#3548));
#1205=EDGE_LOOP('',(#3549,#3550,#3551,#3552));
#1206=EDGE_LOOP('',(#3553,#3554,#3555,#3556));
#1207=EDGE_LOOP('',(#3557,#3558,#3559,#3560));
#1208=EDGE_LOOP('',(#3561,#3562,#3563,#3564));
#1209=EDGE_LOOP('',(#3565,#3566,#3567,#3568));
#1210=EDGE_LOOP('',(#3569,#3570,#3571,#3572));
#1211=EDGE_LOOP('',(#3573,#3574,#3575,#3576));
#1212=EDGE_LOOP('',(#3577,#3578,#3579,#3580));
#1213=EDGE_LOOP('',(#3581,#3582,#3583,#3584));
#1214=EDGE_LOOP('',(#3585,#3586,#3587,#3588));
#1215=EDGE_LOOP('',(#3589,#3590,#3591,#3592));
#1216=EDGE_LOOP('',(#3593,#3594,#3595,#3596));
#1217=EDGE_LOOP('',(#3597,#3598,#3599,#3600));
#1218=EDGE_LOOP('',(#3601,#3602,#3603,#3604));
#1219=EDGE_LOOP('',(#3605,#3606,#3607,#3608));
#1220=EDGE_LOOP('',(#3609,#3610,#3611,#3612));
#1221=EDGE_LOOP('',(#3613,#3614,#3615,#3616));
#1222=EDGE_LOOP('',(#3617,#3618,#3619,#3620));
#1223=EDGE_LOOP('',(#3621,#3622,#3623,#3624));
#1224=EDGE_LOOP('',(#3625,#3626,#3627,#3628));
#1225=EDGE_LOOP('',(#3629,#3630,#3631,#3632));
#1226=EDGE_LOOP('',(#3633,#3634,#3635,#3636));
#1227=EDGE_LOOP('',(#3637,#3638,#3639,#3640));
#1228=EDGE_LOOP('',(#3641,#3642,#3643,#3644));
#1229=EDGE_LOOP('',(#3645,#3646,#3647,#3648));
#1230=EDGE_LOOP('',(#3649,#3650,#3651,#3652));
#1231=EDGE_LOOP('',(#3653,#3654,#3655,#3656));
#1232=EDGE_LOOP('',(#3657,#3658,#3659,#3660));
#1233=EDGE_LOOP('',(#3661,#3662,#3663,#3664));
#1234=EDGE_LOOP('',(#3665,#3666,#3667,#3668));
#1235=EDGE_LOOP('',(#3669,#3670,#3671,#3672));
#1236=EDGE_LOOP('',(#3673,#3674,#3675,#3676));
#1237=EDGE_LOOP('',(#3677,#3678,#3679,#3680));
#1238=EDGE_LOOP('',(#3681,#3682,#3683,#3684));
#1239=EDGE_LOOP('',(#3685,#3686,#3687,#3688));
#1240=EDGE_LOOP('',(#3689,#3690,#3691,#3692));
#1241=EDGE_LOOP('',(#3693,#3694,#3695,#3696));
#1242=EDGE_LOOP('',(#3697,#3698,#3699,#3700));
#1243=EDGE_LOOP('',(#3701,#3702,#3703,#3704));
#1244=EDGE_LOOP('',(#3705,#3706,#3707,#3708));
#1245=EDGE_LOOP('',(#3709,#3710,#3711,#3712));
#1246=EDGE_LOOP('',(#3713,#3714,#3715,#3716));
#1247=EDGE_LOOP('',(#3717,#3718,#3719,#3720));
#1248=EDGE_LOOP('',(#3721,#3722,#3723,#3724));
#1249=EDGE_LOOP('',(#3725,#3726,#3727,#3728));
#1250=EDGE_LOOP('',(#3729,#3730,#3731,#3732));
#1251=EDGE_LOOP('',(#3733,#3734,#3735,#3736));
#1252=EDGE_LOOP('',(#3737,#3738,#3739,#3740));
#1253=EDGE_LOOP('',(#3741,#3742,#3743,#3744));
#1254=EDGE_LOOP('',(#3745,#3746,#3747,#3748));
#1255=EDGE_LOOP('',(#3749,#3750,#3751,#3752));
#1256=EDGE_LOOP('',(#3753,#3754,#3755,#3756));
#1257=EDGE_LOOP('',(#3757,#3758,#3759,#3760));
#1258=EDGE_LOOP('',(#3761,#3762,#3763,#3764));
#1259=EDGE_LOOP('',(#3765,#3766,#3767,#3768));
#1260=EDGE_LOOP('',(#3769,#3770,#3771,#3772));
#1261=EDGE_LOOP('',(#3773,#3774,#3775,#3776));
#1262=EDGE_LOOP('',(#3777,#3778,#3779,#3780));
#1263=EDGE_LOOP('',(#3781,#3782,#3783,#3784));
#1264=EDGE_LOOP('',(#3785,#3786,#3787,#3788));
#1265=EDGE_LOOP('',(#3789,#3790,#3791,#3792));
#1266=EDGE_LOOP('',(#3793,#3794,#3795,#3796));
#1267=EDGE_LOOP('',(#3797,#3798,#3799,#3800));
#1268=EDGE_LOOP('',(#3801,#3802,#3803,#3804));
#1269=EDGE_LOOP('',(#3805,#3806,#3807,#3808));
#1270=EDGE_LOOP('',(#3809,#3810,#3811,#3812));
#1271=EDGE_LOOP('',(#3813,#3814,#3815,#3816));
#1272=EDGE_LOOP('',(#3817,#3818,#3819,#3820));
#1273=EDGE_LOOP('',(#3821,#3822,#3823,#3824));
#1274=EDGE_LOOP('',(#3825,#3826,#3827,#3828));
#1275=EDGE_LOOP('',(#3829,#3830,#3831,#3832));
#1276=EDGE_LOOP('',(#3833,#3834,#3835,#3836));
#1277=EDGE_LOOP('',(#3837,#3838,#3839,#3840));
#1278=EDGE_LOOP('',(#3841,#3842,#3843,#3844));
#1279=EDGE_LOOP('',(#3845,#3846,#3847,#3848));
#1280=EDGE_LOOP('',(#3849,#3850,#3851,#3852));
#1281=EDGE_LOOP('',(#3853,#3854,#3855,#3856));
#1282=EDGE_LOOP('',(#3857,#3858,#3859,#3860));
#1283=EDGE_LOOP('',(#3861,#3862,#3863,#3864));
#1284=EDGE_LOOP('',(#3865,#3866,#3867,#3868));
#1285=EDGE_LOOP('',(#3869,#3870,#3871,#3872));
#1286=EDGE_LOOP('',(#3873,#3874,#3875,#3876));
#1287=EDGE_LOOP('',(#3877,#3878,#3879,#3880));
#1288=EDGE_LOOP('',(#3881,#3882,#3883,#3884));
#1289=EDGE_LOOP('',(#3885,#3886,#3887,#3888));
#1290=EDGE_LOOP('',(#3889,#3890,#3891,#3892));
#1291=EDGE_LOOP('',(#3893,#3894,#3895,#3896));
#1292=EDGE_LOOP('',(#3897,#3898,#3899,#3900));
#1293=EDGE_LOOP('',(#3901,#3902,#3903,#3904));
#1294=EDGE_LOOP('',(#3905,#3906,#3907,#3908));
#1295=EDGE_LOOP('',(#3909,#3910,#3911,#3912));
#1296=EDGE_LOOP('',(#3913,#3914,#3915,#3916));
#1297=EDGE_LOOP('',(#3917,#3918,#3919,#3920));
#1298=EDGE_LOOP('',(#3921,#3922,#3923,#3924));
#1299=EDGE_LOOP('',(#3925,#3926,#3927,#3928));
#1300=EDGE_LOOP('',(#3929,#3930,#3931,#3932));
#1301=EDGE_LOOP('',(#3933,#3934,#3935,#3936));
#1302=EDGE_LOOP('',(#3937,#3938,#3939,#3940));
#1303=EDGE_LOOP('',(#3941,#3942,#3943,#3944));
#1304=EDGE_LOOP('',(#3945,#3946,#3947,#3948));
#1305=EDGE_LOOP('',(#3949,#3950,#3951,#3952));
#1306=EDGE_LOOP('',(#3953,#3954,#3955,#3956));
#1307=CIRCLE('',#4296,2.25000000000001);
#1308=CIRCLE('',#4297,0.5);
#1309=CIRCLE('',#4298,1.75000000000001);
#1310=CIRCLE('',#4299,1.75000000000001);
#1311=CIRCLE('',#4301,1.75000000000001);
#1312=CIRCLE('',#4302,1.75000000000001);
#1313=CIRCLE('',#4304,9.5);
#1314=CIRCLE('',#4305,9.5);
#1315=CIRCLE('',#4306,9.5);
#1316=CIRCLE('',#4307,9.5);
#1317=CIRCLE('',#4308,2.25000000000001);
#1318=CIRCLE('',#4309,2.25000000000001);
#1319=CIRCLE('',#4310,2.25000000000001);
#1320=CIRCLE('',#4311,2.25);
#1321=CIRCLE('',#4312,2.24999999999999);
#1322=CIRCLE('',#4313,2.24999999999999);
#1323=CIRCLE('',#4314,2.24999999999999);
#1324=CIRCLE('',#4315,2.24999999999999);
#1325=CIRCLE('',#4316,2.24999999999999);
#1326=CIRCLE('',#4317,1.75);
#1327=CIRCLE('',#4318,2.5);
#1328=CIRCLE('',#4319,1.75000000000001);
#1329=CIRCLE('',#4320,2.65000000000001);
#1330=CIRCLE('',#4321,2.15);
#1331=CIRCLE('',#4322,1.75);
#1332=CIRCLE('',#4323,1.75);
#1333=CIRCLE('',#4324,2.15000000000001);
#1334=CIRCLE('',#4325,1.75000000000001);
#1335=CIRCLE('',#4326,2.5);
#1336=CIRCLE('',#4327,1.64999999999999);
#1337=CIRCLE('',#4328,1.75);
#1338=CIRCLE('',#4329,1.75);
#1339=CIRCLE('',#4330,2.5);
#1340=CIRCLE('',#4331,1.75000000000001);
#1341=CIRCLE('',#4332,2.65000000000001);
#1342=CIRCLE('',#4333,2.15000000000001);
#1343=CIRCLE('',#4334,1.75);
#1344=CIRCLE('',#4335,1.75);
#1345=CIRCLE('',#4336,2.15);
#1346=CIRCLE('',#4337,1.75000000000001);
#1347=CIRCLE('',#4338,2.5);
#1348=CIRCLE('',#4339,1.64999999999999);
#1349=CIRCLE('',#4340,1.75);
#1350=CIRCLE('',#4341,2.15);
#1351=CIRCLE('',#4342,2.15);
#1352=CIRCLE('',#4343,2.15);
#1353=CIRCLE('',#4344,2.15);
#1354=CIRCLE('',#4345,2.15);
#1355=CIRCLE('',#4346,2.15);
#1356=CIRCLE('',#4347,2.15);
#1357=CIRCLE('',#4348,2.15);
#1358=CIRCLE('',#4349,3.50000000000002);
#1359=CIRCLE('',#4350,3.50000000000004);
#1360=CIRCLE('',#4351,3.50000000000002);
#1361=CIRCLE('',#4352,3.50000000000001);
#1362=CIRCLE('',#4353,3.50000000000004);
#1363=CIRCLE('',#4354,3.50000000000004);
#1364=CIRCLE('',#4355,3.50000000000001);
#1365=CIRCLE('',#4356,3.50000000000002);
#1366=CIRCLE('',#4357,3.50000000000004);
#1367=CIRCLE('',#4358,3.50000000000002);
#1368=CIRCLE('',#4359,3.50000000000001);
#1369=CIRCLE('',#4360,3.50000000000002);
#1370=CIRCLE('',#4361,3.50000000000001);
#1371=CIRCLE('',#4362,3.50000000000006);
#1372=CIRCLE('',#4363,3.50000000000001);
#1373=CIRCLE('',#4364,3.50000000000002);
#1374=CIRCLE('',#4365,3.50000000000002);
#1375=CIRCLE('',#4366,3.50000000000002);
#1376=CIRCLE('',#4367,3.50000000000002);
#1377=CIRCLE('',#4368,3.50000000000002);
#1378=CIRCLE('',#4369,2.15);
#1379=CIRCLE('',#4370,2.15);
#1380=CIRCLE('',#4371,2.15);
#1381=CIRCLE('',#4372,2.15);
#1382=CIRCLE('',#4373,2.15);
#1383=CIRCLE('',#4374,2.15);
#1384=CIRCLE('',#4375,2.15);
#1385=CIRCLE('',#4376,2.15);
#1386=CIRCLE('',#4377,2.24999999999999);
#1387=CIRCLE('',#4378,2.24999999999999);
#1388=CIRCLE('',#4379,2.24999999999999);
#1389=CIRCLE('',#4380,2.24999999999999);
#1390=CIRCLE('',#4381,2.24999999999999);
#1391=CIRCLE('',#4382,2.25);
#1392=CIRCLE('',#4383,2.24999999999999);
#1393=CIRCLE('',#4384,2.24999999999999);
#1394=CIRCLE('',#4386,2.25000000000001);
#1395=CIRCLE('',#4387,0.5);
#1396=CIRCLE('',#4389,9.5);
#1397=CIRCLE('',#4390,9.5);
#1398=CIRCLE('',#4391,9.5);
#1399=CIRCLE('',#4392,9.5);
#1400=CIRCLE('',#4393,2.25000000000001);
#1401=CIRCLE('',#4394,2.25000000000001);
#1402=CIRCLE('',#4395,2.25000000000001);
#1403=CIRCLE('',#4396,2.25);
#1404=CIRCLE('',#4397,2.24999999999999);
#1405=CIRCLE('',#4398,2.24999999999999);
#1406=CIRCLE('',#4399,2.24999999999999);
#1407=CIRCLE('',#4400,2.24999999999999);
#1408=CIRCLE('',#4401,2.24999999999999);
#1409=CIRCLE('',#4402,1.75);
#1410=CIRCLE('',#4403,2.5);
#1411=CIRCLE('',#4404,1.75000000000001);
#1412=CIRCLE('',#4405,2.65000000000001);
#1413=CIRCLE('',#4406,2.15);
#1414=CIRCLE('',#4407,1.75);
#1415=CIRCLE('',#4408,1.75);
#1416=CIRCLE('',#4409,2.15000000000001);
#1417=CIRCLE('',#4410,1.75000000000001);
#1418=CIRCLE('',#4411,2.5);
#1419=CIRCLE('',#4412,1.64999999999999);
#1420=CIRCLE('',#4413,1.75);
#1421=CIRCLE('',#4414,1.75);
#1422=CIRCLE('',#4415,2.5);
#1423=CIRCLE('',#4416,1.75000000000001);
#1424=CIRCLE('',#4417,2.65000000000001);
#1425=CIRCLE('',#4418,2.15000000000001);
#1426=CIRCLE('',#4419,1.75);
#1427=CIRCLE('',#4420,1.75);
#1428=CIRCLE('',#4421,2.15);
#1429=CIRCLE('',#4422,1.75000000000001);
#1430=CIRCLE('',#4423,2.5);
#1431=CIRCLE('',#4424,1.64999999999999);
#1432=CIRCLE('',#4425,1.75);
#1433=CIRCLE('',#4426,2.15);
#1434=CIRCLE('',#4427,2.15);
#1435=CIRCLE('',#4428,2.15);
#1436=CIRCLE('',#4429,2.15);
#1437=CIRCLE('',#4430,2.15);
#1438=CIRCLE('',#4431,2.15);
#1439=CIRCLE('',#4432,2.15);
#1440=CIRCLE('',#4433,2.15);
#1441=CIRCLE('',#4434,3.50000000000001);
#1442=CIRCLE('',#4435,3.50000000000002);
#1443=CIRCLE('',#4436,3.50000000000004);
#1444=CIRCLE('',#4437,3.50000000000002);
#1445=CIRCLE('',#4438,3.50000000000004);
#1446=CIRCLE('',#4439,3.50000000000004);
#1447=CIRCLE('',#4440,3.50000000000002);
#1448=CIRCLE('',#4441,3.50000000000001);
#1449=CIRCLE('',#4442,3.50000000000002);
#1450=CIRCLE('',#4443,3.50000000000004);
#1451=CIRCLE('',#4444,3.50000000000002);
#1452=CIRCLE('',#4445,3.50000000000001);
#1453=CIRCLE('',#4446,3.50000000000001);
#1454=CIRCLE('',#4447,3.50000000000006);
#1455=CIRCLE('',#4448,3.50000000000001);
#1456=CIRCLE('',#4449,3.50000000000002);
#1457=CIRCLE('',#4450,3.50000000000002);
#1458=CIRCLE('',#4451,3.50000000000002);
#1459=CIRCLE('',#4452,3.50000000000002);
#1460=CIRCLE('',#4453,3.50000000000002);
#1461=CIRCLE('',#4454,2.15);
#1462=CIRCLE('',#4455,2.15);
#1463=CIRCLE('',#4456,2.15);
#1464=CIRCLE('',#4457,2.15);
#1465=CIRCLE('',#4458,2.15);
#1466=CIRCLE('',#4459,2.15);
#1467=CIRCLE('',#4460,2.15);
#1468=CIRCLE('',#4461,2.15);
#1469=CIRCLE('',#4462,2.24999999999999);
#1470=CIRCLE('',#4463,2.24999999999999);
#1471=CIRCLE('',#4464,2.24999999999999);
#1472=CIRCLE('',#4465,2.24999999999999);
#1473=CIRCLE('',#4466,2.24999999999999);
#1474=CIRCLE('',#4467,2.25);
#1475=CIRCLE('',#4468,2.24999999999999);
#1476=CIRCLE('',#4469,2.24999999999999);
#1477=CIRCLE('',#4471,0.5);
#1478=CIRCLE('',#4472,1.75000000000001);
#1479=CIRCLE('',#4473,1.75000000000001);
#1480=CIRCLE('',#4475,1.75000000000001);
#1481=CIRCLE('',#4476,1.75000000000001);
#1482=CIRCLE('',#4478,0.5);
#1483=CIRCLE('',#4480,0.5);
#1484=CIRCLE('',#4481,1.74999999999999);
#1485=CIRCLE('',#4482,1.74999999999999);
#1486=CIRCLE('',#4484,1.74999999999999);
#1487=CIRCLE('',#4485,1.74999999999999);
#1488=CIRCLE('',#4487,0.5);
#1489=CIRCLE('',#4489,0.5);
#1490=CIRCLE('',#4490,1.75000000000001);
#1491=CIRCLE('',#4491,1.75000000000001);
#1492=CIRCLE('',#4493,1.75000000000001);
#1493=CIRCLE('',#4494,1.75000000000001);
#1494=CIRCLE('',#4496,0.5);
#1495=CIRCLE('',#4498,0.5);
#1496=CIRCLE('',#4499,1.74999999999999);
#1497=CIRCLE('',#4500,1.74999999999999);
#1498=CIRCLE('',#4502,1.74999999999999);
#1499=CIRCLE('',#4503,1.74999999999999);
#1500=CIRCLE('',#4505,0.5);
#1501=CIRCLE('',#4507,0.5);
#1502=CIRCLE('',#4508,1.75000000000001);
#1503=CIRCLE('',#4509,1.75000000000001);
#1504=CIRCLE('',#4511,1.75000000000001);
#1505=CIRCLE('',#4512,1.75000000000001);
#1506=CIRCLE('',#4514,0.5);
#1507=CIRCLE('',#4516,0.5);
#1508=CIRCLE('',#4517,1.75);
#1509=CIRCLE('',#4518,1.75);
#1510=CIRCLE('',#4520,1.75);
#1511=CIRCLE('',#4521,1.75);
#1512=CIRCLE('',#4523,0.5);
#1513=CIRCLE('',#4525,0.5);
#1514=CIRCLE('',#4526,1.75);
#1515=CIRCLE('',#4527,1.75);
#1516=CIRCLE('',#4529,1.75);
#1517=CIRCLE('',#4530,1.75);
#1518=CIRCLE('',#4532,0.5);
#1519=CIRCLE('',#4534,0.5);
#1520=CIRCLE('',#4535,1.74999999999999);
#1521=CIRCLE('',#4536,1.74999999999999);
#1522=CIRCLE('',#4538,1.74999999999999);
#1523=CIRCLE('',#4539,1.74999999999999);
#1524=CIRCLE('',#4541,0.5);
#1525=CIRCLE('',#4542,1.74999999999999);
#1526=CIRCLE('',#4543,1.74999999999999);
#1527=CIRCLE('',#4545,1.74999999999999);
#1528=CIRCLE('',#4546,1.74999999999999);
#1529=CIRCLE('',#4548,0.5);
#1530=CIRCLE('',#4550,0.5);
#1531=CIRCLE('',#4552,0.5);
#1532=CIRCLE('',#4553,1.74999999999999);
#1533=CIRCLE('',#4554,1.74999999999999);
#1534=CIRCLE('',#4556,1.74999999999999);
#1535=CIRCLE('',#4557,1.74999999999999);
#1536=CIRCLE('',#4559,0.5);
#1537=CIRCLE('',#4560,1.74999999999999);
#1538=CIRCLE('',#4561,1.74999999999999);
#1539=CIRCLE('',#4563,1.74999999999999);
#1540=CIRCLE('',#4564,1.74999999999999);
#1541=CIRCLE('',#4566,0.5);
#1542=CIRCLE('',#4568,0.5);
#1543=CIRCLE('',#4570,0.5);
#1544=CIRCLE('',#4571,1.74999999999999);
#1545=CIRCLE('',#4572,1.74999999999999);
#1546=CIRCLE('',#4574,1.74999999999999);
#1547=CIRCLE('',#4575,1.74999999999999);
#1548=CIRCLE('',#4577,0.5);
#1549=CIRCLE('',#4579,0.5);
#1550=CIRCLE('',#4580,1.74999999999999);
#1551=CIRCLE('',#4581,1.74999999999999);
#1552=CIRCLE('',#4583,1.74999999999999);
#1553=CIRCLE('',#4584,1.74999999999999);
#1554=CIRCLE('',#4586,0.5);
#1555=CIRCLE('',#4588,0.5);
#1556=CIRCLE('',#4589,1.74999999999999);
#1557=CIRCLE('',#4590,1.74999999999999);
#1558=CIRCLE('',#4592,1.74999999999999);
#1559=CIRCLE('',#4593,1.74999999999999);
#1560=CIRCLE('',#4595,0.5);
#1561=CIRCLE('',#4597,0.5);
#1562=CIRCLE('',#4598,1.74999999999999);
#1563=CIRCLE('',#4599,1.74999999999999);
#1564=CIRCLE('',#4601,1.74999999999999);
#1565=CIRCLE('',#4602,1.74999999999999);
#1566=CIRCLE('',#4604,0.5);
#1567=CIRCLE('',#4606,0.5);
#1568=CIRCLE('',#4607,1.74999999999999);
#1569=CIRCLE('',#4608,1.74999999999999);
#1570=CIRCLE('',#4610,1.74999999999999);
#1571=CIRCLE('',#4611,1.74999999999999);
#1572=CIRCLE('',#4613,0.5);
#1573=CIRCLE('',#4615,0.5);
#1574=CIRCLE('',#4616,1.74999999999999);
#1575=CIRCLE('',#4617,1.74999999999999);
#1576=CIRCLE('',#4619,1.74999999999999);
#1577=CIRCLE('',#4620,1.74999999999999);
#1578=CIRCLE('',#4622,0.5);
#1579=CIRCLE('',#4660,0.5);
#1580=CIRCLE('',#4661,0.499999999999994);
#1581=CIRCLE('',#4663,0.500000000000007);
#1582=CIRCLE('',#4664,3.00000000000002);
#1583=CIRCLE('',#4666,0.500000000000007);
#1584=CIRCLE('',#4668,0.499999999999998);
#1585=CIRCLE('',#4669,3.00000000000002);
#1586=CIRCLE('',#4671,0.499999999999998);
#1587=CIRCLE('',#4673,0.500000000000007);
#1588=CIRCLE('',#4674,3.00000000000002);
#1589=CIRCLE('',#4676,0.500000000000007);
#1590=CIRCLE('',#4678,3.00000000000002);
#1591=CIRCLE('',#4680,3.00000000000002);
#1592=CIRCLE('',#4683,3.00000000000002);
#1593=CIRCLE('',#4686,0.5);
#1594=CIRCLE('',#4687,0.500000000000007);
#1595=CIRCLE('',#4689,0.499999999999998);
#1596=CIRCLE('',#4691,0.499999999999994);
#1597=CIRCLE('',#4693,0.500000000000007);
#1598=CIRCLE('',#4694,3.00000000000002);
#1599=CIRCLE('',#4696,0.500000000000007);
#1600=CIRCLE('',#4698,0.499999999999998);
#1601=CIRCLE('',#4699,3.00000000000002);
#1602=CIRCLE('',#4701,0.499999999999998);
#1603=CIRCLE('',#4712,0.5);
#1604=CIRCLE('',#4713,0.500000000000007);
#1605=CIRCLE('',#4715,0.500000000000003);
#1606=CIRCLE('',#4716,10.);
#1607=CIRCLE('',#4718,0.499999999999998);
#1608=CIRCLE('',#4720,0.499999999999999);
#1609=CIRCLE('',#4721,10.);
#1610=CIRCLE('',#4723,0.499999999999998);
#1611=CIRCLE('',#4725,0.500000000000007);
#1612=CIRCLE('',#4726,10.);
#1613=CIRCLE('',#4728,0.500000000000007);
#1614=CIRCLE('',#4730,10.);
#1615=CIRCLE('',#4732,10.);
#1616=CIRCLE('',#4735,10.);
#1617=CIRCLE('',#4738,0.5);
#1618=CIRCLE('',#4739,0.499999999999998);
#1619=CIRCLE('',#4741,0.500000000000007);
#1620=CIRCLE('',#4743,0.500000000000007);
#1621=CIRCLE('',#4745,0.499999999999972);
#1622=CIRCLE('',#4746,10.);
#1623=CIRCLE('',#4748,0.500000000000007);
#1624=CIRCLE('',#4750,0.5);
#1625=CIRCLE('',#4751,10.);
#1626=CIRCLE('',#4753,0.499999999999998);
#1627=CIRCLE('',#4757,0.5);
#1628=CIRCLE('',#4758,3.00000000000001);
#1629=CIRCLE('',#4759,0.499999999999989);
#1630=CIRCLE('',#4761,0.500000000000007);
#1631=CIRCLE('',#4763,0.499999999999972);
#1632=CIRCLE('',#4764,3.00000000000002);
#1633=CIRCLE('',#4766,0.500000000000007);
#1634=CIRCLE('',#4768,0.500000000000007);
#1635=CIRCLE('',#4769,3.00000000000004);
#1636=CIRCLE('',#4771,0.500000000000007);
#1637=CIRCLE('',#4773,0.499999999999989);
#1638=CIRCLE('',#4774,3.00000000000002);
#1639=CIRCLE('',#4778,3.00000000000002);
#1640=CIRCLE('',#4781,3.00000000000001);
#1641=CIRCLE('',#4783,0.5);
#1642=CIRCLE('',#4784,3.00000000000002);
#1643=CIRCLE('',#4785,0.499999999999989);
#1644=CIRCLE('',#4787,0.499999999999989);
#1645=CIRCLE('',#4789,0.500000000000007);
#1646=CIRCLE('',#4790,3.00000000000004);
#1647=CIRCLE('',#4792,0.500000000000007);
#1648=CIRCLE('',#4794,0.499999999999989);
#1649=CIRCLE('',#4796,0.500000000000007);
#1650=CIRCLE('',#4798,0.500000000000007);
#1651=CIRCLE('',#4804,0.5);
#1652=CIRCLE('',#4805,3.00000000000001);
#1653=CIRCLE('',#4806,0.499999999999989);
#1654=CIRCLE('',#4808,0.500000000000025);
#1655=CIRCLE('',#4810,0.499999999999989);
#1656=CIRCLE('',#4811,3.00000000000006);
#1657=CIRCLE('',#4813,0.500000000000025);
#1658=CIRCLE('',#4815,0.499999999999972);
#1659=CIRCLE('',#4816,3.00000000000001);
#1660=CIRCLE('',#4818,0.499999999999972);
#1661=CIRCLE('',#4820,0.499999999999989);
#1662=CIRCLE('',#4821,3.00000000000002);
#1663=CIRCLE('',#4825,3.00000000000006);
#1664=CIRCLE('',#4828,3.00000000000001);
#1665=CIRCLE('',#4830,0.5);
#1666=CIRCLE('',#4831,0.500000000000007);
#1667=CIRCLE('',#4833,0.500000000000007);
#1668=CIRCLE('',#4834,3.00000000000001);
#1669=CIRCLE('',#4836,0.500000000000025);
#1670=CIRCLE('',#4838,0.500000000000007);
#1671=CIRCLE('',#4840,0.500000000000007);
#1672=CIRCLE('',#4842,0.500000000000007);
#1673=CIRCLE('',#4844,0.500000000000007);
#1674=CIRCLE('',#4846,3.00000000000002);
#1675=CIRCLE('',#4850,0.5);
#1676=CIRCLE('',#4851,3.00000000000004);
#1677=CIRCLE('',#4852,0.500000000000007);
#1678=CIRCLE('',#4854,0.500000000000007);
#1679=CIRCLE('',#4856,0.500000000000003);
#1680=CIRCLE('',#4857,3.00000000000004);
#1681=CIRCLE('',#4859,0.499999999999998);
#1682=CIRCLE('',#4861,0.500000000000007);
#1683=CIRCLE('',#4862,3.00000000000002);
#1684=CIRCLE('',#4864,0.500000000000007);
#1685=CIRCLE('',#4866,0.49999999999998);
#1686=CIRCLE('',#4867,3.00000000000001);
#1687=CIRCLE('',#4871,3.00000000000004);
#1688=CIRCLE('',#4874,3.00000000000004);
#1689=CIRCLE('',#4876,0.5);
#1690=CIRCLE('',#4877,0.49999999999998);
#1691=CIRCLE('',#4879,0.499999999999989);
#1692=CIRCLE('',#4881,0.500000000000007);
#1693=CIRCLE('',#4883,0.499999999999998);
#1694=CIRCLE('',#4885,0.499999999999998);
#1695=CIRCLE('',#4887,0.500000000000007);
#1696=CIRCLE('',#4888,3.00000000000001);
#1697=CIRCLE('',#4890,0.500000000000007);
#1698=CIRCLE('',#4892,3.00000000000002);
#1699=CIRCLE('',#4894,0.5);
#1700=CIRCLE('',#4895,0.499999999999998);
#1701=CIRCLE('',#4897,0.500000000000007);
#1702=CIRCLE('',#4898,3.00000000000002);
#1703=CIRCLE('',#4900,0.500000000000007);
#1704=CIRCLE('',#4902,0.500000000000007);
#1705=CIRCLE('',#4903,3.00000000000004);
#1706=CIRCLE('',#4905,0.499999999999998);
#1707=CIRCLE('',#4907,0.499999999999989);
#1708=CIRCLE('',#4908,3.00000000000002);
#1709=CIRCLE('',#4910,0.500000000000007);
#1710=CIRCLE('',#4912,3.00000000000001);
#1711=CIRCLE('',#4914,3.00000000000004);
#1712=CIRCLE('',#4917,3.00000000000002);
#1713=CIRCLE('',#4920,0.5);
#1714=CIRCLE('',#4921,0.49999999999998);
#1715=CIRCLE('',#4923,0.500000000000007);
#1716=CIRCLE('',#4925,0.500000000000025);
#1717=CIRCLE('',#4927,0.499999999999998);
#1718=CIRCLE('',#4929,0.500000000000016);
#1719=CIRCLE('',#4931,0.499999999999989);
#1720=CIRCLE('',#4932,3.00000000000001);
#1721=CIRCLE('',#4934,0.499999999999989);
#1722=CIRCLE('',#4936,3.00000000000002);
#1723=VERTEX_POINT('',#6469);
#1724=VERTEX_POINT('',#6471);
#1725=VERTEX_POINT('',#6473);
#1726=VERTEX_POINT('',#6477);
#1727=VERTEX_POINT('',#6479);
#1728=VERTEX_POINT('',#6483);
#1729=VERTEX_POINT('',#6484);
#1730=VERTEX_POINT('',#6486);
#1731=VERTEX_POINT('',#6488);
#1732=VERTEX_POINT('',#6490);
#1733=VERTEX_POINT('',#6492);
#1734=VERTEX_POINT('',#6494);
#1735=VERTEX_POINT('',#6496);
#1736=VERTEX_POINT('',#6499);
#1737=VERTEX_POINT('',#6501);
#1738=VERTEX_POINT('',#6503);
#1739=VERTEX_POINT('',#6505);
#1740=VERTEX_POINT('',#6507);
#1741=VERTEX_POINT('',#6509);
#1742=VERTEX_POINT('',#6511);
#1743=VERTEX_POINT('',#6513);
#1744=VERTEX_POINT('',#6515);
#1745=VERTEX_POINT('',#6517);
#1746=VERTEX_POINT('',#6519);
#1747=VERTEX_POINT('',#6521);
#1748=VERTEX_POINT('',#6523);
#1749=VERTEX_POINT('',#6525);
#1750=VERTEX_POINT('',#6527);
#1751=VERTEX_POINT('',#6529);
#1752=VERTEX_POINT('',#6531);
#1753=VERTEX_POINT('',#6533);
#1754=VERTEX_POINT('',#6535);
#1755=VERTEX_POINT('',#6537);
#1756=VERTEX_POINT('',#6539);
#1757=VERTEX_POINT('',#6541);
#1758=VERTEX_POINT('',#6543);
#1759=VERTEX_POINT('',#6545);
#1760=VERTEX_POINT('',#6547);
#1761=VERTEX_POINT('',#6549);
#1762=VERTEX_POINT('',#6551);
#1763=VERTEX_POINT('',#6553);
#1764=VERTEX_POINT('',#6555);
#1765=VERTEX_POINT('',#6557);
#1766=VERTEX_POINT('',#6559);
#1767=VERTEX_POINT('',#6561);
#1768=VERTEX_POINT('',#6563);
#1769=VERTEX_POINT('',#6565);
#1770=VERTEX_POINT('',#6567);
#1771=VERTEX_POINT('',#6569);
#1772=VERTEX_POINT('',#6571);
#1773=VERTEX_POINT('',#6573);
#1774=VERTEX_POINT('',#6575);
#1775=VERTEX_POINT('',#6577);
#1776=VERTEX_POINT('',#6579);
#1777=VERTEX_POINT('',#6581);
#1778=VERTEX_POINT('',#6582);
#1779=VERTEX_POINT('',#6584);
#1780=VERTEX_POINT('',#6586);
#1781=VERTEX_POINT('',#6588);
#1782=VERTEX_POINT('',#6590);
#1783=VERTEX_POINT('',#6592);
#1784=VERTEX_POINT('',#6594);
#1785=VERTEX_POINT('',#6597);
#1786=VERTEX_POINT('',#6598);
#1787=VERTEX_POINT('',#6600);
#1788=VERTEX_POINT('',#6602);
#1789=VERTEX_POINT('',#6604);
#1790=VERTEX_POINT('',#6606);
#1791=VERTEX_POINT('',#6608);
#1792=VERTEX_POINT('',#6610);
#1793=VERTEX_POINT('',#6613);
#1794=VERTEX_POINT('',#6614);
#1795=VERTEX_POINT('',#6616);
#1796=VERTEX_POINT('',#6618);
#1797=VERTEX_POINT('',#6620);
#1798=VERTEX_POINT('',#6622);
#1799=VERTEX_POINT('',#6624);
#1800=VERTEX_POINT('',#6626);
#1801=VERTEX_POINT('',#6629);
#1802=VERTEX_POINT('',#6630);
#1803=VERTEX_POINT('',#6632);
#1804=VERTEX_POINT('',#6634);
#1805=VERTEX_POINT('',#6636);
#1806=VERTEX_POINT('',#6638);
#1807=VERTEX_POINT('',#6640);
#1808=VERTEX_POINT('',#6642);
#1809=VERTEX_POINT('',#6645);
#1810=VERTEX_POINT('',#6646);
#1811=VERTEX_POINT('',#6648);
#1812=VERTEX_POINT('',#6650);
#1813=VERTEX_POINT('',#6652);
#1814=VERTEX_POINT('',#6654);
#1815=VERTEX_POINT('',#6656);
#1816=VERTEX_POINT('',#6658);
#1817=VERTEX_POINT('',#6661);
#1818=VERTEX_POINT('',#6663);
#1819=VERTEX_POINT('',#6665);
#1820=VERTEX_POINT('',#6667);
#1821=VERTEX_POINT('',#6669);
#1822=VERTEX_POINT('',#6671);
#1823=VERTEX_POINT('',#6673);
#1824=VERTEX_POINT('',#6675);
#1825=VERTEX_POINT('',#6677);
#1826=VERTEX_POINT('',#6679);
#1827=VERTEX_POINT('',#6681);
#1828=VERTEX_POINT('',#6683);
#1829=VERTEX_POINT('',#6685);
#1830=VERTEX_POINT('',#6687);
#1831=VERTEX_POINT('',#6689);
#1832=VERTEX_POINT('',#6691);
#1833=VERTEX_POINT('',#6694);
#1834=VERTEX_POINT('',#6698);
#1835=VERTEX_POINT('',#6699);
#1836=VERTEX_POINT('',#6701);
#1837=VERTEX_POINT('',#6703);
#1838=VERTEX_POINT('',#6705);
#1839=VERTEX_POINT('',#6707);
#1840=VERTEX_POINT('',#6709);
#1841=VERTEX_POINT('',#6711);
#1842=VERTEX_POINT('',#6714);
#1843=VERTEX_POINT('',#6716);
#1844=VERTEX_POINT('',#6718);
#1845=VERTEX_POINT('',#6720);
#1846=VERTEX_POINT('',#6722);
#1847=VERTEX_POINT('',#6724);
#1848=VERTEX_POINT('',#6726);
#1849=VERTEX_POINT('',#6728);
#1850=VERTEX_POINT('',#6730);
#1851=VERTEX_POINT('',#6732);
#1852=VERTEX_POINT('',#6734);
#1853=VERTEX_POINT('',#6736);
#1854=VERTEX_POINT('',#6738);
#1855=VERTEX_POINT('',#6740);
#1856=VERTEX_POINT('',#6742);
#1857=VERTEX_POINT('',#6744);
#1858=VERTEX_POINT('',#6746);
#1859=VERTEX_POINT('',#6748);
#1860=VERTEX_POINT('',#6750);
#1861=VERTEX_POINT('',#6752);
#1862=VERTEX_POINT('',#6754);
#1863=VERTEX_POINT('',#6756);
#1864=VERTEX_POINT('',#6758);
#1865=VERTEX_POINT('',#6760);
#1866=VERTEX_POINT('',#6762);
#1867=VERTEX_POINT('',#6764);
#1868=VERTEX_POINT('',#6766);
#1869=VERTEX_POINT('',#6768);
#1870=VERTEX_POINT('',#6770);
#1871=VERTEX_POINT('',#6772);
#1872=VERTEX_POINT('',#6774);
#1873=VERTEX_POINT('',#6776);
#1874=VERTEX_POINT('',#6778);
#1875=VERTEX_POINT('',#6780);
#1876=VERTEX_POINT('',#6782);
#1877=VERTEX_POINT('',#6784);
#1878=VERTEX_POINT('',#6786);
#1879=VERTEX_POINT('',#6788);
#1880=VERTEX_POINT('',#6790);
#1881=VERTEX_POINT('',#6792);
#1882=VERTEX_POINT('',#6794);
#1883=VERTEX_POINT('',#6796);
#1884=VERTEX_POINT('',#6797);
#1885=VERTEX_POINT('',#6799);
#1886=VERTEX_POINT('',#6801);
#1887=VERTEX_POINT('',#6803);
#1888=VERTEX_POINT('',#6805);
#1889=VERTEX_POINT('',#6807);
#1890=VERTEX_POINT('',#6809);
#1891=VERTEX_POINT('',#6812);
#1892=VERTEX_POINT('',#6813);
#1893=VERTEX_POINT('',#6815);
#1894=VERTEX_POINT('',#6817);
#1895=VERTEX_POINT('',#6819);
#1896=VERTEX_POINT('',#6821);
#1897=VERTEX_POINT('',#6823);
#1898=VERTEX_POINT('',#6825);
#1899=VERTEX_POINT('',#6828);
#1900=VERTEX_POINT('',#6829);
#1901=VERTEX_POINT('',#6831);
#1902=VERTEX_POINT('',#6833);
#1903=VERTEX_POINT('',#6835);
#1904=VERTEX_POINT('',#6837);
#1905=VERTEX_POINT('',#6839);
#1906=VERTEX_POINT('',#6841);
#1907=VERTEX_POINT('',#6844);
#1908=VERTEX_POINT('',#6845);
#1909=VERTEX_POINT('',#6847);
#1910=VERTEX_POINT('',#6849);
#1911=VERTEX_POINT('',#6851);
#1912=VERTEX_POINT('',#6853);
#1913=VERTEX_POINT('',#6855);
#1914=VERTEX_POINT('',#6857);
#1915=VERTEX_POINT('',#6860);
#1916=VERTEX_POINT('',#6861);
#1917=VERTEX_POINT('',#6863);
#1918=VERTEX_POINT('',#6865);
#1919=VERTEX_POINT('',#6867);
#1920=VERTEX_POINT('',#6869);
#1921=VERTEX_POINT('',#6871);
#1922=VERTEX_POINT('',#6873);
#1923=VERTEX_POINT('',#6876);
#1924=VERTEX_POINT('',#6878);
#1925=VERTEX_POINT('',#6880);
#1926=VERTEX_POINT('',#6882);
#1927=VERTEX_POINT('',#6884);
#1928=VERTEX_POINT('',#6886);
#1929=VERTEX_POINT('',#6888);
#1930=VERTEX_POINT('',#6890);
#1931=VERTEX_POINT('',#6892);
#1932=VERTEX_POINT('',#6894);
#1933=VERTEX_POINT('',#6896);
#1934=VERTEX_POINT('',#6898);
#1935=VERTEX_POINT('',#6900);
#1936=VERTEX_POINT('',#6902);
#1937=VERTEX_POINT('',#6904);
#1938=VERTEX_POINT('',#6906);
#1939=VERTEX_POINT('',#6909);
#1940=VERTEX_POINT('',#6911);
#1941=VERTEX_POINT('',#6915);
#1942=VERTEX_POINT('',#6917);
#1943=VERTEX_POINT('',#6923);
#1944=VERTEX_POINT('',#6925);
#1945=VERTEX_POINT('',#6929);
#1946=VERTEX_POINT('',#6931);
#1947=VERTEX_POINT('',#6937);
#1948=VERTEX_POINT('',#6939);
#1949=VERTEX_POINT('',#6943);
#1950=VERTEX_POINT('',#6944);
#1951=VERTEX_POINT('',#6951);
#1952=VERTEX_POINT('',#6953);
#1953=VERTEX_POINT('',#6957);
#1954=VERTEX_POINT('',#6959);
#1955=VERTEX_POINT('',#6965);
#1956=VERTEX_POINT('',#6967);
#1957=VERTEX_POINT('',#6971);
#1958=VERTEX_POINT('',#6973);
#1959=VERTEX_POINT('',#6979);
#1960=VERTEX_POINT('',#6981);
#1961=VERTEX_POINT('',#6985);
#1962=VERTEX_POINT('',#6987);
#1963=VERTEX_POINT('',#6993);
#1964=VERTEX_POINT('',#6995);
#1965=VERTEX_POINT('',#6999);
#1966=VERTEX_POINT('',#7001);
#1967=VERTEX_POINT('',#7007);
#1968=VERTEX_POINT('',#7009);
#1969=VERTEX_POINT('',#7013);
#1970=VERTEX_POINT('',#7014);
#1971=VERTEX_POINT('',#7019);
#1972=VERTEX_POINT('',#7021);
#1973=VERTEX_POINT('',#7025);
#1974=VERTEX_POINT('',#7026);
#1975=VERTEX_POINT('',#7035);
#1976=VERTEX_POINT('',#7037);
#1977=VERTEX_POINT('',#7041);
#1978=VERTEX_POINT('',#7043);
#1979=VERTEX_POINT('',#7047);
#1980=VERTEX_POINT('',#7049);
#1981=VERTEX_POINT('',#7053);
#1982=VERTEX_POINT('',#7055);
#1983=VERTEX_POINT('',#7063);
#1984=VERTEX_POINT('',#7065);
#1985=VERTEX_POINT('',#7069);
#1986=VERTEX_POINT('',#7070);
#1987=VERTEX_POINT('',#7077);
#1988=VERTEX_POINT('',#7079);
#1989=VERTEX_POINT('',#7083);
#1990=VERTEX_POINT('',#7084);
#1991=VERTEX_POINT('',#7091);
#1992=VERTEX_POINT('',#7093);
#1993=VERTEX_POINT('',#7097);
#1994=VERTEX_POINT('',#7099);
#1995=VERTEX_POINT('',#7105);
#1996=VERTEX_POINT('',#7107);
#1997=VERTEX_POINT('',#7111);
#1998=VERTEX_POINT('',#7112);
#1999=VERTEX_POINT('',#7119);
#2000=VERTEX_POINT('',#7121);
#2001=VERTEX_POINT('',#7125);
#2002=VERTEX_POINT('',#7127);
#2003=VERTEX_POINT('',#7133);
#2004=VERTEX_POINT('',#7135);
#2005=VERTEX_POINT('',#7139);
#2006=VERTEX_POINT('',#7140);
#2007=VERTEX_POINT('',#7219);
#2008=VERTEX_POINT('',#7221);
#2009=VERTEX_POINT('',#7225);
#2010=VERTEX_POINT('',#7229);
#2011=VERTEX_POINT('',#7233);
#2012=VERTEX_POINT('',#7237);
#2013=VERTEX_POINT('',#7241);
#2014=VERTEX_POINT('',#7245);
#2015=VERTEX_POINT('',#7251);
#2016=VERTEX_POINT('',#7253);
#2017=VERTEX_POINT('',#7257);
#2018=VERTEX_POINT('',#7261);
#2019=VERTEX_POINT('',#7265);
#2020=VERTEX_POINT('',#7276);
#2021=VERTEX_POINT('',#7280);
#2022=VERTEX_POINT('',#7284);
#2023=VERTEX_POINT('',#7307);
#2024=VERTEX_POINT('',#7309);
#2025=VERTEX_POINT('',#7313);
#2026=VERTEX_POINT('',#7317);
#2027=VERTEX_POINT('',#7321);
#2028=VERTEX_POINT('',#7325);
#2029=VERTEX_POINT('',#7329);
#2030=VERTEX_POINT('',#7333);
#2031=VERTEX_POINT('',#7339);
#2032=VERTEX_POINT('',#7341);
#2033=VERTEX_POINT('',#7345);
#2034=VERTEX_POINT('',#7349);
#2035=VERTEX_POINT('',#7353);
#2036=VERTEX_POINT('',#7364);
#2037=VERTEX_POINT('',#7368);
#2038=VERTEX_POINT('',#7372);
#2039=VERTEX_POINT('',#7382);
#2040=VERTEX_POINT('',#7384);
#2041=VERTEX_POINT('',#7388);
#2042=VERTEX_POINT('',#7392);
#2043=VERTEX_POINT('',#7396);
#2044=VERTEX_POINT('',#7400);
#2045=VERTEX_POINT('',#7404);
#2046=VERTEX_POINT('',#7408);
#2047=VERTEX_POINT('',#7414);
#2048=VERTEX_POINT('',#7416);
#2049=VERTEX_POINT('',#7420);
#2050=VERTEX_POINT('',#7424);
#2051=VERTEX_POINT('',#7428);
#2052=VERTEX_POINT('',#7432);
#2053=VERTEX_POINT('',#7434);
#2054=VERTEX_POINT('',#7438);
#2055=VERTEX_POINT('',#7461);
#2056=VERTEX_POINT('',#7463);
#2057=VERTEX_POINT('',#7467);
#2058=VERTEX_POINT('',#7471);
#2059=VERTEX_POINT('',#7475);
#2060=VERTEX_POINT('',#7479);
#2061=VERTEX_POINT('',#7483);
#2062=VERTEX_POINT('',#7487);
#2063=VERTEX_POINT('',#7493);
#2064=VERTEX_POINT('',#7495);
#2065=VERTEX_POINT('',#7499);
#2066=VERTEX_POINT('',#7503);
#2067=VERTEX_POINT('',#7507);
#2068=VERTEX_POINT('',#7511);
#2069=VERTEX_POINT('',#7513);
#2070=VERTEX_POINT('',#7528);
#2071=VERTEX_POINT('',#7538);
#2072=VERTEX_POINT('',#7540);
#2073=VERTEX_POINT('',#7544);
#2074=VERTEX_POINT('',#7548);
#2075=VERTEX_POINT('',#7552);
#2076=VERTEX_POINT('',#7556);
#2077=VERTEX_POINT('',#7560);
#2078=VERTEX_POINT('',#7564);
#2079=VERTEX_POINT('',#7570);
#2080=VERTEX_POINT('',#7572);
#2081=VERTEX_POINT('',#7576);
#2082=VERTEX_POINT('',#7580);
#2083=VERTEX_POINT('',#7584);
#2084=VERTEX_POINT('',#7597);
#2085=VERTEX_POINT('',#7601);
#2086=VERTEX_POINT('',#7605);
#2087=VERTEX_POINT('',#7611);
#2088=VERTEX_POINT('',#7613);
#2089=VERTEX_POINT('',#7617);
#2090=VERTEX_POINT('',#7621);
#2091=VERTEX_POINT('',#7625);
#2092=VERTEX_POINT('',#7629);
#2093=VERTEX_POINT('',#7633);
#2094=VERTEX_POINT('',#7637);
#2095=VERTEX_POINT('',#7643);
#2096=VERTEX_POINT('',#7645);
#2097=VERTEX_POINT('',#7649);
#2098=VERTEX_POINT('',#7653);
#2099=VERTEX_POINT('',#7657);
#2100=VERTEX_POINT('',#7661);
#2101=VERTEX_POINT('',#7674);
#2102=VERTEX_POINT('',#7678);
#2103=EDGE_CURVE('',#1723,#1723,#1307,.T.);
#2104=EDGE_CURVE('',#1723,#1724,#1308,.T.);
#2105=EDGE_CURVE('',#1724,#1725,#1309,.T.);
#2106=EDGE_CURVE('',#1725,#1724,#1310,.T.);
#2107=EDGE_CURVE('',#1725,#1726,#167,.T.);
#2108=EDGE_CURVE('',#1727,#1726,#1311,.T.);
#2109=EDGE_CURVE('',#1726,#1727,#1312,.T.);
#2110=EDGE_CURVE('',#1728,#1729,#168,.T.);
#2111=EDGE_CURVE('',#1730,#1728,#1313,.T.);
#2112=EDGE_CURVE('',#1731,#1730,#169,.T.);
#2113=EDGE_CURVE('',#1732,#1731,#1314,.T.);
#2114=EDGE_CURVE('',#1733,#1732,#170,.T.);
#2115=EDGE_CURVE('',#1734,#1733,#1315,.T.);
#2116=EDGE_CURVE('',#1735,#1734,#171,.T.);
#2117=EDGE_CURVE('',#1729,#1735,#1316,.T.);
#2118=EDGE_CURVE('',#1736,#1736,#1317,.T.);
#2119=EDGE_CURVE('',#1737,#1737,#1318,.T.);
#2120=EDGE_CURVE('',#1738,#1738,#1319,.T.);
#2121=EDGE_CURVE('',#1739,#1739,#1320,.T.);
#2122=EDGE_CURVE('',#1740,#1740,#1321,.T.);
#2123=EDGE_CURVE('',#1741,#1741,#1322,.T.);
#2124=EDGE_CURVE('',#1742,#1742,#1323,.T.);
#2125=EDGE_CURVE('',#1743,#1743,#1324,.T.);
#2126=EDGE_CURVE('',#1744,#1744,#1325,.T.);
#2127=EDGE_CURVE('',#1745,#1745,#1326,.T.);
#2128=EDGE_CURVE('',#1746,#1746,#1327,.T.);
#2129=EDGE_CURVE('',#1747,#1747,#1328,.T.);
#2130=EDGE_CURVE('',#1748,#1748,#1329,.T.);
#2131=EDGE_CURVE('',#1749,#1749,#1330,.T.);
#2132=EDGE_CURVE('',#1750,#1750,#1331,.T.);
#2133=EDGE_CURVE('',#1751,#1751,#1332,.T.);
#2134=EDGE_CURVE('',#1752,#1752,#1333,.T.);
#2135=EDGE_CURVE('',#1753,#1753,#1334,.T.);
#2136=EDGE_CURVE('',#1754,#1754,#1335,.T.);
#2137=EDGE_CURVE('',#1755,#1755,#1336,.T.);
#2138=EDGE_CURVE('',#1756,#1756,#1337,.T.);
#2139=EDGE_CURVE('',#1757,#1757,#1338,.T.);
#2140=EDGE_CURVE('',#1758,#1758,#1339,.T.);
#2141=EDGE_CURVE('',#1759,#1759,#1340,.T.);
#2142=EDGE_CURVE('',#1760,#1760,#1341,.T.);
#2143=EDGE_CURVE('',#1761,#1761,#1342,.T.);
#2144=EDGE_CURVE('',#1762,#1762,#1343,.T.);
#2145=EDGE_CURVE('',#1763,#1763,#1344,.T.);
#2146=EDGE_CURVE('',#1764,#1764,#1345,.T.);
#2147=EDGE_CURVE('',#1765,#1765,#1346,.T.);
#2148=EDGE_CURVE('',#1766,#1766,#1347,.T.);
#2149=EDGE_CURVE('',#1767,#1767,#1348,.T.);
#2150=EDGE_CURVE('',#1768,#1768,#1349,.T.);
#2151=EDGE_CURVE('',#1769,#1769,#1350,.T.);
#2152=EDGE_CURVE('',#1770,#1770,#1351,.T.);
#2153=EDGE_CURVE('',#1771,#1771,#1352,.T.);
#2154=EDGE_CURVE('',#1772,#1772,#1353,.T.);
#2155=EDGE_CURVE('',#1773,#1773,#1354,.T.);
#2156=EDGE_CURVE('',#1774,#1774,#1355,.T.);
#2157=EDGE_CURVE('',#1775,#1775,#1356,.T.);
#2158=EDGE_CURVE('',#1776,#1776,#1357,.T.);
#2159=EDGE_CURVE('',#1777,#1778,#1358,.T.);
#2160=EDGE_CURVE('',#1779,#1777,#172,.T.);
#2161=EDGE_CURVE('',#1780,#1779,#1359,.T.);
#2162=EDGE_CURVE('',#1781,#1780,#173,.T.);
#2163=EDGE_CURVE('',#1782,#1781,#1360,.T.);
#2164=EDGE_CURVE('',#1783,#1782,#174,.T.);
#2165=EDGE_CURVE('',#1784,#1783,#1361,.T.);
#2166=EDGE_CURVE('',#1778,#1784,#175,.T.);
#2167=EDGE_CURVE('',#1785,#1786,#176,.T.);
#2168=EDGE_CURVE('',#1787,#1785,#1362,.T.);
#2169=EDGE_CURVE('',#1788,#1787,#177,.T.);
#2170=EDGE_CURVE('',#1789,#1788,#1363,.T.);
#2171=EDGE_CURVE('',#1790,#1789,#178,.T.);
#2172=EDGE_CURVE('',#1791,#1790,#1364,.T.);
#2173=EDGE_CURVE('',#1792,#1791,#179,.T.);
#2174=EDGE_CURVE('',#1786,#1792,#1365,.T.);
#2175=EDGE_CURVE('',#1793,#1794,#180,.T.);
#2176=EDGE_CURVE('',#1795,#1793,#1366,.T.);
#2177=EDGE_CURVE('',#1796,#1795,#181,.T.);
#2178=EDGE_CURVE('',#1797,#1796,#1367,.T.);
#2179=EDGE_CURVE('',#1798,#1797,#182,.T.);
#2180=EDGE_CURVE('',#1799,#1798,#1368,.T.);
#2181=EDGE_CURVE('',#1800,#1799,#183,.T.);
#2182=EDGE_CURVE('',#1794,#1800,#1369,.T.);
#2183=EDGE_CURVE('',#1801,#1802,#1370,.T.);
#2184=EDGE_CURVE('',#1803,#1801,#184,.T.);
#2185=EDGE_CURVE('',#1804,#1803,#1371,.T.);
#2186=EDGE_CURVE('',#1805,#1804,#185,.T.);
#2187=EDGE_CURVE('',#1806,#1805,#1372,.T.);
#2188=EDGE_CURVE('',#1807,#1806,#186,.T.);
#2189=EDGE_CURVE('',#1808,#1807,#1373,.T.);
#2190=EDGE_CURVE('',#1802,#1808,#187,.T.);
#2191=EDGE_CURVE('',#1809,#1810,#188,.T.);
#2192=EDGE_CURVE('',#1811,#1809,#1374,.T.);
#2193=EDGE_CURVE('',#1812,#1811,#189,.T.);
#2194=EDGE_CURVE('',#1813,#1812,#1375,.T.);
#2195=EDGE_CURVE('',#1814,#1813,#190,.T.);
#2196=EDGE_CURVE('',#1815,#1814,#1376,.T.);
#2197=EDGE_CURVE('',#1816,#1815,#191,.T.);
#2198=EDGE_CURVE('',#1810,#1816,#1377,.T.);
#2199=EDGE_CURVE('',#1817,#1817,#1378,.T.);
#2200=EDGE_CURVE('',#1818,#1818,#1379,.T.);
#2201=EDGE_CURVE('',#1819,#1819,#1380,.T.);
#2202=EDGE_CURVE('',#1820,#1820,#1381,.T.);
#2203=EDGE_CURVE('',#1821,#1821,#1382,.T.);
#2204=EDGE_CURVE('',#1822,#1822,#1383,.T.);
#2205=EDGE_CURVE('',#1823,#1823,#1384,.T.);
#2206=EDGE_CURVE('',#1824,#1824,#1385,.T.);
#2207=EDGE_CURVE('',#1825,#1825,#1386,.T.);
#2208=EDGE_CURVE('',#1826,#1826,#1387,.T.);
#2209=EDGE_CURVE('',#1827,#1827,#1388,.T.);
#2210=EDGE_CURVE('',#1828,#1828,#1389,.T.);
#2211=EDGE_CURVE('',#1829,#1829,#1390,.T.);
#2212=EDGE_CURVE('',#1830,#1830,#1391,.T.);
#2213=EDGE_CURVE('',#1831,#1831,#1392,.T.);
#2214=EDGE_CURVE('',#1832,#1832,#1393,.T.);
#2215=EDGE_CURVE('',#1833,#1833,#1394,.T.);
#2216=EDGE_CURVE('',#1833,#1727,#1395,.T.);
#2217=EDGE_CURVE('',#1834,#1835,#192,.T.);
#2218=EDGE_CURVE('',#1836,#1834,#1396,.T.);
#2219=EDGE_CURVE('',#1837,#1836,#193,.T.);
#2220=EDGE_CURVE('',#1838,#1837,#1397,.T.);
#2221=EDGE_CURVE('',#1839,#1838,#194,.T.);
#2222=EDGE_CURVE('',#1840,#1839,#1398,.T.);
#2223=EDGE_CURVE('',#1841,#1840,#195,.T.);
#2224=EDGE_CURVE('',#1835,#1841,#1399,.T.);
#2225=EDGE_CURVE('',#1842,#1842,#1400,.T.);
#2226=EDGE_CURVE('',#1843,#1843,#1401,.T.);
#2227=EDGE_CURVE('',#1844,#1844,#1402,.T.);
#2228=EDGE_CURVE('',#1845,#1845,#1403,.T.);
#2229=EDGE_CURVE('',#1846,#1846,#1404,.T.);
#2230=EDGE_CURVE('',#1847,#1847,#1405,.T.);
#2231=EDGE_CURVE('',#1848,#1848,#1406,.T.);
#2232=EDGE_CURVE('',#1849,#1849,#1407,.T.);
#2233=EDGE_CURVE('',#1850,#1850,#1408,.T.);
#2234=EDGE_CURVE('',#1851,#1851,#1409,.T.);
#2235=EDGE_CURVE('',#1852,#1852,#1410,.T.);
#2236=EDGE_CURVE('',#1853,#1853,#1411,.T.);
#2237=EDGE_CURVE('',#1854,#1854,#1412,.T.);
#2238=EDGE_CURVE('',#1855,#1855,#1413,.T.);
#2239=EDGE_CURVE('',#1856,#1856,#1414,.T.);
#2240=EDGE_CURVE('',#1857,#1857,#1415,.T.);
#2241=EDGE_CURVE('',#1858,#1858,#1416,.T.);
#2242=EDGE_CURVE('',#1859,#1859,#1417,.T.);
#2243=EDGE_CURVE('',#1860,#1860,#1418,.T.);
#2244=EDGE_CURVE('',#1861,#1861,#1419,.T.);
#2245=EDGE_CURVE('',#1862,#1862,#1420,.T.);
#2246=EDGE_CURVE('',#1863,#1863,#1421,.T.);
#2247=EDGE_CURVE('',#1864,#1864,#1422,.T.);
#2248=EDGE_CURVE('',#1865,#1865,#1423,.T.);
#2249=EDGE_CURVE('',#1866,#1866,#1424,.T.);
#2250=EDGE_CURVE('',#1867,#1867,#1425,.T.);
#2251=EDGE_CURVE('',#1868,#1868,#1426,.T.);
#2252=EDGE_CURVE('',#1869,#1869,#1427,.T.);
#2253=EDGE_CURVE('',#1870,#1870,#1428,.T.);
#2254=EDGE_CURVE('',#1871,#1871,#1429,.T.);
#2255=EDGE_CURVE('',#1872,#1872,#1430,.T.);
#2256=EDGE_CURVE('',#1873,#1873,#1431,.T.);
#2257=EDGE_CURVE('',#1874,#1874,#1432,.T.);
#2258=EDGE_CURVE('',#1875,#1875,#1433,.T.);
#2259=EDGE_CURVE('',#1876,#1876,#1434,.T.);
#2260=EDGE_CURVE('',#1877,#1877,#1435,.T.);
#2261=EDGE_CURVE('',#1878,#1878,#1436,.T.);
#2262=EDGE_CURVE('',#1879,#1879,#1437,.T.);
#2263=EDGE_CURVE('',#1880,#1880,#1438,.T.);
#2264=EDGE_CURVE('',#1881,#1881,#1439,.T.);
#2265=EDGE_CURVE('',#1882,#1882,#1440,.T.);
#2266=EDGE_CURVE('',#1883,#1884,#1441,.T.);
#2267=EDGE_CURVE('',#1885,#1883,#196,.T.);
#2268=EDGE_CURVE('',#1886,#1885,#1442,.T.);
#2269=EDGE_CURVE('',#1887,#1886,#197,.T.);
#2270=EDGE_CURVE('',#1888,#1887,#1443,.T.);
#2271=EDGE_CURVE('',#1889,#1888,#198,.T.);
#2272=EDGE_CURVE('',#1890,#1889,#1444,.T.);
#2273=EDGE_CURVE('',#1884,#1890,#199,.T.);
#2274=EDGE_CURVE('',#1891,#1892,#1445,.T.);
#2275=EDGE_CURVE('',#1893,#1891,#200,.T.);
#2276=EDGE_CURVE('',#1894,#1893,#1446,.T.);
#2277=EDGE_CURVE('',#1895,#1894,#201,.T.);
#2278=EDGE_CURVE('',#1896,#1895,#1447,.T.);
#2279=EDGE_CURVE('',#1897,#1896,#202,.T.);
#2280=EDGE_CURVE('',#1898,#1897,#1448,.T.);
#2281=EDGE_CURVE('',#1892,#1898,#203,.T.);
#2282=EDGE_CURVE('',#1899,#1900,#204,.T.);
#2283=EDGE_CURVE('',#1901,#1899,#1449,.T.);
#2284=EDGE_CURVE('',#1902,#1901,#205,.T.);
#2285=EDGE_CURVE('',#1903,#1902,#1450,.T.);
#2286=EDGE_CURVE('',#1904,#1903,#206,.T.);
#2287=EDGE_CURVE('',#1905,#1904,#1451,.T.);
#2288=EDGE_CURVE('',#1906,#1905,#207,.T.);
#2289=EDGE_CURVE('',#1900,#1906,#1452,.T.);
#2290=EDGE_CURVE('',#1907,#1908,#208,.T.);
#2291=EDGE_CURVE('',#1909,#1907,#1453,.T.);
#2292=EDGE_CURVE('',#1910,#1909,#209,.T.);
#2293=EDGE_CURVE('',#1911,#1910,#1454,.T.);
#2294=EDGE_CURVE('',#1912,#1911,#210,.T.);
#2295=EDGE_CURVE('',#1913,#1912,#1455,.T.);
#2296=EDGE_CURVE('',#1914,#1913,#211,.T.);
#2297=EDGE_CURVE('',#1908,#1914,#1456,.T.);
#2298=EDGE_CURVE('',#1915,#1916,#212,.T.);
#2299=EDGE_CURVE('',#1917,#1915,#1457,.T.);
#2300=EDGE_CURVE('',#1918,#1917,#213,.T.);
#2301=EDGE_CURVE('',#1919,#1918,#1458,.T.);
#2302=EDGE_CURVE('',#1920,#1919,#214,.T.);
#2303=EDGE_CURVE('',#1921,#1920,#1459,.T.);
#2304=EDGE_CURVE('',#1922,#1921,#215,.T.);
#2305=EDGE_CURVE('',#1916,#1922,#1460,.T.);
#2306=EDGE_CURVE('',#1923,#1923,#1461,.T.);
#2307=EDGE_CURVE('',#1924,#1924,#1462,.T.);
#2308=EDGE_CURVE('',#1925,#1925,#1463,.T.);
#2309=EDGE_CURVE('',#1926,#1926,#1464,.T.);
#2310=EDGE_CURVE('',#1927,#1927,#1465,.T.);
#2311=EDGE_CURVE('',#1928,#1928,#1466,.T.);
#2312=EDGE_CURVE('',#1929,#1929,#1467,.T.);
#2313=EDGE_CURVE('',#1930,#1930,#1468,.T.);
#2314=EDGE_CURVE('',#1931,#1931,#1469,.T.);
#2315=EDGE_CURVE('',#1932,#1932,#1470,.T.);
#2316=EDGE_CURVE('',#1933,#1933,#1471,.T.);
#2317=EDGE_CURVE('',#1934,#1934,#1472,.T.);
#2318=EDGE_CURVE('',#1935,#1935,#1473,.T.);
#2319=EDGE_CURVE('',#1936,#1936,#1474,.T.);
#2320=EDGE_CURVE('',#1937,#1937,#1475,.T.);
#2321=EDGE_CURVE('',#1938,#1938,#1476,.T.);
#2322=EDGE_CURVE('',#1736,#1939,#1477,.T.);
#2323=EDGE_CURVE('',#1939,#1940,#1478,.T.);
#2324=EDGE_CURVE('',#1940,#1939,#1479,.T.);
#2325=EDGE_CURVE('',#1940,#1941,#216,.T.);
#2326=EDGE_CURVE('',#1942,#1941,#1480,.T.);
#2327=EDGE_CURVE('',#1941,#1942,#1481,.T.);
#2328=EDGE_CURVE('',#1842,#1942,#1482,.T.);
#2329=EDGE_CURVE('',#1832,#1943,#1483,.T.);
#2330=EDGE_CURVE('',#1943,#1944,#1484,.T.);
#2331=EDGE_CURVE('',#1944,#1943,#1485,.T.);
#2332=EDGE_CURVE('',#1944,#1945,#217,.T.);
#2333=EDGE_CURVE('',#1946,#1945,#1486,.T.);
#2334=EDGE_CURVE('',#1945,#1946,#1487,.T.);
#2335=EDGE_CURVE('',#1938,#1946,#1488,.T.);
#2336=EDGE_CURVE('',#1843,#1947,#1489,.T.);
#2337=EDGE_CURVE('',#1947,#1948,#1490,.T.);
#2338=EDGE_CURVE('',#1948,#1947,#1491,.T.);
#2339=EDGE_CURVE('',#1949,#1950,#1492,.T.);
#2340=EDGE_CURVE('',#1949,#1948,#218,.T.);
#2341=EDGE_CURVE('',#1950,#1949,#1493,.T.);
#2342=EDGE_CURVE('',#1737,#1950,#1494,.T.);
#2343=EDGE_CURVE('',#1831,#1951,#1495,.T.);
#2344=EDGE_CURVE('',#1951,#1952,#1496,.T.);
#2345=EDGE_CURVE('',#1952,#1951,#1497,.T.);
#2346=EDGE_CURVE('',#1952,#1953,#219,.T.);
#2347=EDGE_CURVE('',#1954,#1953,#1498,.T.);
#2348=EDGE_CURVE('',#1953,#1954,#1499,.T.);
#2349=EDGE_CURVE('',#1937,#1954,#1500,.T.);
#2350=EDGE_CURVE('',#1738,#1955,#1501,.T.);
#2351=EDGE_CURVE('',#1955,#1956,#1502,.T.);
#2352=EDGE_CURVE('',#1956,#1955,#1503,.T.);
#2353=EDGE_CURVE('',#1956,#1957,#220,.T.);
#2354=EDGE_CURVE('',#1958,#1957,#1504,.T.);
#2355=EDGE_CURVE('',#1957,#1958,#1505,.T.);
#2356=EDGE_CURVE('',#1844,#1958,#1506,.T.);
#2357=EDGE_CURVE('',#1830,#1959,#1507,.T.);
#2358=EDGE_CURVE('',#1959,#1960,#1508,.T.);
#2359=EDGE_CURVE('',#1960,#1959,#1509,.T.);
#2360=EDGE_CURVE('',#1960,#1961,#221,.T.);
#2361=EDGE_CURVE('',#1962,#1961,#1510,.T.);
#2362=EDGE_CURVE('',#1961,#1962,#1511,.T.);
#2363=EDGE_CURVE('',#1936,#1962,#1512,.T.);
#2364=EDGE_CURVE('',#1739,#1963,#1513,.T.);
#2365=EDGE_CURVE('',#1963,#1964,#1514,.T.);
#2366=EDGE_CURVE('',#1964,#1963,#1515,.T.);
#2367=EDGE_CURVE('',#1964,#1965,#222,.T.);
#2368=EDGE_CURVE('',#1966,#1965,#1516,.T.);
#2369=EDGE_CURVE('',#1965,#1966,#1517,.T.);
#2370=EDGE_CURVE('',#1845,#1966,#1518,.T.);
#2371=EDGE_CURVE('',#1935,#1967,#1519,.T.);
#2372=EDGE_CURVE('',#1967,#1968,#1520,.T.);
#2373=EDGE_CURVE('',#1968,#1967,#1521,.T.);
#2374=EDGE_CURVE('',#1969,#1970,#1522,.T.);
#2375=EDGE_CURVE('',#1969,#1968,#223,.T.);
#2376=EDGE_CURVE('',#1970,#1969,#1523,.T.);
#2377=EDGE_CURVE('',#1846,#1971,#1524,.T.);
#2378=EDGE_CURVE('',#1971,#1972,#1525,.T.);
#2379=EDGE_CURVE('',#1972,#1971,#1526,.T.);
#2380=EDGE_CURVE('',#1973,#1974,#1527,.T.);
#2381=EDGE_CURVE('',#1973,#1972,#224,.T.);
#2382=EDGE_CURVE('',#1974,#1973,#1528,.T.);
#2383=EDGE_CURVE('',#1829,#1974,#1529,.T.);
#2384=EDGE_CURVE('',#1740,#1970,#1530,.T.);
#2385=EDGE_CURVE('',#1828,#1975,#1531,.T.);
#2386=EDGE_CURVE('',#1975,#1976,#1532,.T.);
#2387=EDGE_CURVE('',#1976,#1975,#1533,.T.);
#2388=EDGE_CURVE('',#1976,#1977,#225,.T.);
#2389=EDGE_CURVE('',#1978,#1977,#1534,.T.);
#2390=EDGE_CURVE('',#1977,#1978,#1535,.T.);
#2391=EDGE_CURVE('',#1741,#1979,#1536,.T.);
#2392=EDGE_CURVE('',#1979,#1980,#1537,.T.);
#2393=EDGE_CURVE('',#1980,#1979,#1538,.T.);
#2394=EDGE_CURVE('',#1980,#1981,#226,.T.);
#2395=EDGE_CURVE('',#1982,#1981,#1539,.T.);
#2396=EDGE_CURVE('',#1981,#1982,#1540,.T.);
#2397=EDGE_CURVE('',#1934,#1982,#1541,.T.);
#2398=EDGE_CURVE('',#1847,#1978,#1542,.T.);
#2399=EDGE_CURVE('',#1933,#1983,#1543,.T.);
#2400=EDGE_CURVE('',#1983,#1984,#1544,.T.);
#2401=EDGE_CURVE('',#1984,#1983,#1545,.T.);
#2402=EDGE_CURVE('',#1985,#1986,#1546,.T.);
#2403=EDGE_CURVE('',#1985,#1984,#227,.T.);
#2404=EDGE_CURVE('',#1986,#1985,#1547,.T.);
#2405=EDGE_CURVE('',#1827,#1986,#1548,.T.);
#2406=EDGE_CURVE('',#1848,#1987,#1549,.T.);
#2407=EDGE_CURVE('',#1987,#1988,#1550,.T.);
#2408=EDGE_CURVE('',#1988,#1987,#1551,.T.);
#2409=EDGE_CURVE('',#1989,#1990,#1552,.T.);
#2410=EDGE_CURVE('',#1989,#1988,#228,.T.);
#2411=EDGE_CURVE('',#1990,#1989,#1553,.T.);
#2412=EDGE_CURVE('',#1742,#1990,#1554,.T.);
#2413=EDGE_CURVE('',#1826,#1991,#1555,.T.);
#2414=EDGE_CURVE('',#1991,#1992,#1556,.T.);
#2415=EDGE_CURVE('',#1992,#1991,#1557,.T.);
#2416=EDGE_CURVE('',#1992,#1993,#229,.T.);
#2417=EDGE_CURVE('',#1994,#1993,#1558,.T.);
#2418=EDGE_CURVE('',#1993,#1994,#1559,.T.);
#2419=EDGE_CURVE('',#1932,#1994,#1560,.T.);
#2420=EDGE_CURVE('',#1849,#1995,#1561,.T.);
#2421=EDGE_CURVE('',#1995,#1996,#1562,.T.);
#2422=EDGE_CURVE('',#1996,#1995,#1563,.T.);
#2423=EDGE_CURVE('',#1997,#1998,#1564,.T.);
#2424=EDGE_CURVE('',#1997,#1996,#230,.T.);
#2425=EDGE_CURVE('',#1998,#1997,#1565,.T.);
#2426=EDGE_CURVE('',#1743,#1998,#1566,.T.);
#2427=EDGE_CURVE('',#1825,#1999,#1567,.T.);
#2428=EDGE_CURVE('',#1999,#2000,#1568,.T.);
#2429=EDGE_CURVE('',#2000,#1999,#1569,.T.);
#2430=EDGE_CURVE('',#2000,#2001,#231,.T.);
#2431=EDGE_CURVE('',#2002,#2001,#1570,.T.);
#2432=EDGE_CURVE('',#2001,#2002,#1571,.T.);
#2433=EDGE_CURVE('',#1931,#2002,#1572,.T.);
#2434=EDGE_CURVE('',#1850,#2003,#1573,.T.);
#2435=EDGE_CURVE('',#2003,#2004,#1574,.T.);
#2436=EDGE_CURVE('',#2004,#2003,#1575,.T.);
#2437=EDGE_CURVE('',#2005,#2006,#1576,.T.);
#2438=EDGE_CURVE('',#2005,#2004,#232,.T.);
#2439=EDGE_CURVE('',#2006,#2005,#1577,.T.);
#2440=EDGE_CURVE('',#1744,#2006,#1578,.T.);
#2441=EDGE_CURVE('',#1745,#1851,#233,.T.);
#2442=EDGE_CURVE('',#1746,#1852,#234,.T.);
#2443=EDGE_CURVE('',#1747,#1853,#235,.T.);
#2444=EDGE_CURVE('',#1748,#1854,#236,.T.);
#2445=EDGE_CURVE('',#1749,#1855,#237,.T.);
#2446=EDGE_CURVE('',#1750,#1856,#238,.T.);
#2447=EDGE_CURVE('',#1751,#1857,#239,.T.);
#2448=EDGE_CURVE('',#1752,#1858,#240,.T.);
#2449=EDGE_CURVE('',#1753,#1859,#241,.T.);
#2450=EDGE_CURVE('',#1754,#1860,#242,.T.);
#2451=EDGE_CURVE('',#1755,#1861,#243,.T.);
#2452=EDGE_CURVE('',#1756,#1862,#244,.T.);
#2453=EDGE_CURVE('',#1757,#1863,#245,.T.);
#2454=EDGE_CURVE('',#1758,#1864,#246,.T.);
#2455=EDGE_CURVE('',#1759,#1865,#247,.T.);
#2456=EDGE_CURVE('',#1760,#1866,#248,.T.);
#2457=EDGE_CURVE('',#1761,#1867,#249,.T.);
#2458=EDGE_CURVE('',#1762,#1868,#250,.T.);
#2459=EDGE_CURVE('',#1763,#1869,#251,.T.);
#2460=EDGE_CURVE('',#1764,#1870,#252,.T.);
#2461=EDGE_CURVE('',#1765,#1871,#253,.T.);
#2462=EDGE_CURVE('',#1766,#1872,#254,.T.);
#2463=EDGE_CURVE('',#1767,#1873,#255,.T.);
#2464=EDGE_CURVE('',#1768,#1874,#256,.T.);
#2465=EDGE_CURVE('',#1824,#1930,#257,.T.);
#2466=EDGE_CURVE('',#1823,#1929,#258,.T.);
#2467=EDGE_CURVE('',#1822,#1928,#259,.T.);
#2468=EDGE_CURVE('',#1821,#1927,#260,.T.);
#2469=EDGE_CURVE('',#1820,#1926,#261,.T.);
#2470=EDGE_CURVE('',#1819,#1925,#262,.T.);
#2471=EDGE_CURVE('',#1818,#1924,#263,.T.);
#2472=EDGE_CURVE('',#1817,#1923,#264,.T.);
#2473=EDGE_CURVE('',#1769,#1875,#265,.T.);
#2474=EDGE_CURVE('',#1770,#1876,#266,.T.);
#2475=EDGE_CURVE('',#1771,#1877,#267,.T.);
#2476=EDGE_CURVE('',#1772,#1878,#268,.T.);
#2477=EDGE_CURVE('',#1810,#2007,#1579,.T.);
#2478=EDGE_CURVE('',#2007,#2008,#269,.T.);
#2479=EDGE_CURVE('',#2008,#1809,#1580,.T.);
#2480=EDGE_CURVE('',#2009,#1811,#1581,.T.);
#2481=EDGE_CURVE('',#2008,#2009,#1582,.T.);
#2482=EDGE_CURVE('',#2010,#1812,#1583,.T.);
#2483=EDGE_CURVE('',#2009,#2010,#270,.T.);
#2484=EDGE_CURVE('',#2011,#1813,#1584,.T.);
#2485=EDGE_CURVE('',#2010,#2011,#1585,.T.);
#2486=EDGE_CURVE('',#2012,#1814,#1586,.T.);
#2487=EDGE_CURVE('',#2011,#2012,#271,.T.);
#2488=EDGE_CURVE('',#2013,#1815,#1587,.T.);
#2489=EDGE_CURVE('',#2012,#2013,#1588,.T.);
#2490=EDGE_CURVE('',#2014,#1816,#1589,.T.);
#2491=EDGE_CURVE('',#2013,#2014,#272,.T.);
#2492=EDGE_CURVE('',#2014,#2007,#1590,.T.);
#2493=EDGE_CURVE('',#2010,#2015,#273,.T.);
#2494=EDGE_CURVE('',#2016,#2015,#1591,.T.);
#2495=EDGE_CURVE('',#2011,#2016,#274,.T.);
#2496=EDGE_CURVE('',#2009,#2017,#275,.T.);
#2497=EDGE_CURVE('',#2015,#2017,#276,.T.);
#2498=EDGE_CURVE('',#2008,#2018,#277,.T.);
#2499=EDGE_CURVE('',#2017,#2018,#1592,.T.);
#2500=EDGE_CURVE('',#2007,#2019,#278,.T.);
#2501=EDGE_CURVE('',#2018,#2019,#279,.T.);
#2502=EDGE_CURVE('',#1916,#2015,#1593,.T.);
#2503=EDGE_CURVE('',#2017,#1915,#1594,.T.);
#2504=EDGE_CURVE('',#2018,#1917,#1595,.T.);
#2505=EDGE_CURVE('',#2019,#1918,#1596,.T.);
#2506=EDGE_CURVE('',#2020,#1919,#1597,.T.);
#2507=EDGE_CURVE('',#2019,#2020,#1598,.T.);
#2508=EDGE_CURVE('',#2021,#1920,#1599,.T.);
#2509=EDGE_CURVE('',#2020,#2021,#280,.T.);
#2510=EDGE_CURVE('',#2022,#1921,#1600,.T.);
#2511=EDGE_CURVE('',#2021,#2022,#1601,.T.);
#2512=EDGE_CURVE('',#2016,#1922,#1602,.T.);
#2513=EDGE_CURVE('',#2022,#2016,#281,.T.);
#2514=EDGE_CURVE('',#2014,#2020,#282,.T.);
#2515=EDGE_CURVE('',#1773,#1879,#283,.T.);
#2516=EDGE_CURVE('',#1774,#1880,#284,.T.);
#2517=EDGE_CURVE('',#1775,#1881,#285,.T.);
#2518=EDGE_CURVE('',#1776,#1882,#286,.T.);
#2519=EDGE_CURVE('',#2013,#2021,#287,.T.);
#2520=EDGE_CURVE('',#2012,#2022,#288,.T.);
#2521=EDGE_CURVE('',#1835,#2023,#1603,.T.);
#2522=EDGE_CURVE('',#2023,#2024,#289,.T.);
#2523=EDGE_CURVE('',#2024,#1834,#1604,.T.);
#2524=EDGE_CURVE('',#2025,#1836,#1605,.T.);
#2525=EDGE_CURVE('',#2024,#2025,#1606,.T.);
#2526=EDGE_CURVE('',#2026,#1837,#1607,.T.);
#2527=EDGE_CURVE('',#2025,#2026,#290,.T.);
#2528=EDGE_CURVE('',#2027,#1838,#1608,.T.);
#2529=EDGE_CURVE('',#2026,#2027,#1609,.T.);
#2530=EDGE_CURVE('',#2028,#1839,#1610,.T.);
#2531=EDGE_CURVE('',#2027,#2028,#291,.T.);
#2532=EDGE_CURVE('',#2029,#1840,#1611,.T.);
#2533=EDGE_CURVE('',#2028,#2029,#1612,.T.);
#2534=EDGE_CURVE('',#2030,#1841,#1613,.T.);
#2535=EDGE_CURVE('',#2029,#2030,#292,.T.);
#2536=EDGE_CURVE('',#2030,#2023,#1614,.T.);
#2537=EDGE_CURVE('',#2026,#2031,#293,.T.);
#2538=EDGE_CURVE('',#2032,#2031,#1615,.T.);
#2539=EDGE_CURVE('',#2032,#2027,#294,.T.);
#2540=EDGE_CURVE('',#2033,#2025,#295,.T.);
#2541=EDGE_CURVE('',#2031,#2033,#296,.T.);
#2542=EDGE_CURVE('',#2024,#2034,#297,.T.);
#2543=EDGE_CURVE('',#2033,#2034,#1616,.T.);
#2544=EDGE_CURVE('',#2035,#2023,#298,.T.);
#2545=EDGE_CURVE('',#2034,#2035,#299,.T.);
#2546=EDGE_CURVE('',#1729,#2031,#1617,.T.);
#2547=EDGE_CURVE('',#2033,#1728,#1618,.T.);
#2548=EDGE_CURVE('',#2034,#1730,#1619,.T.);
#2549=EDGE_CURVE('',#2035,#1731,#1620,.T.);
#2550=EDGE_CURVE('',#2036,#1732,#1621,.T.);
#2551=EDGE_CURVE('',#2035,#2036,#1622,.T.);
#2552=EDGE_CURVE('',#2037,#1733,#1623,.T.);
#2553=EDGE_CURVE('',#2036,#2037,#300,.T.);
#2554=EDGE_CURVE('',#2038,#1734,#1624,.T.);
#2555=EDGE_CURVE('',#2037,#2038,#1625,.T.);
#2556=EDGE_CURVE('',#2032,#1735,#1626,.T.);
#2557=EDGE_CURVE('',#2038,#2032,#301,.T.);
#2558=EDGE_CURVE('',#2030,#2036,#302,.T.);
#2559=EDGE_CURVE('',#1884,#2039,#1627,.T.);
#2560=EDGE_CURVE('',#2039,#2040,#1628,.T.);
#2561=EDGE_CURVE('',#2040,#1883,#1629,.T.);
#2562=EDGE_CURVE('',#2041,#1885,#1630,.T.);
#2563=EDGE_CURVE('',#2040,#2041,#303,.T.);
#2564=EDGE_CURVE('',#2042,#1886,#1631,.T.);
#2565=EDGE_CURVE('',#2041,#2042,#1632,.T.);
#2566=EDGE_CURVE('',#2043,#1887,#1633,.T.);
#2567=EDGE_CURVE('',#2042,#2043,#304,.T.);
#2568=EDGE_CURVE('',#2044,#1888,#1634,.T.);
#2569=EDGE_CURVE('',#2043,#2044,#1635,.T.);
#2570=EDGE_CURVE('',#2045,#1889,#1636,.T.);
#2571=EDGE_CURVE('',#2044,#2045,#305,.T.);
#2572=EDGE_CURVE('',#2046,#1890,#1637,.T.);
#2573=EDGE_CURVE('',#2045,#2046,#1638,.T.);
#2574=EDGE_CURVE('',#2046,#2039,#306,.T.);
#2575=EDGE_CURVE('',#2047,#2042,#307,.T.);
#2576=EDGE_CURVE('',#2048,#2047,#308,.T.);
#2577=EDGE_CURVE('',#2048,#2043,#309,.T.);
#2578=EDGE_CURVE('',#2049,#2041,#310,.T.);
#2579=EDGE_CURVE('',#2047,#2049,#1639,.T.);
#2580=EDGE_CURVE('',#2050,#2040,#311,.T.);
#2581=EDGE_CURVE('',#2049,#2050,#312,.T.);
#2582=EDGE_CURVE('',#2051,#2039,#313,.T.);
#2583=EDGE_CURVE('',#2050,#2051,#1640,.T.);
#2584=EDGE_CURVE('',#1778,#2052,#1641,.T.);
#2585=EDGE_CURVE('',#2052,#2053,#1642,.T.);
#2586=EDGE_CURVE('',#2053,#1777,#1643,.T.);
#2587=EDGE_CURVE('',#2054,#1779,#1644,.T.);
#2588=EDGE_CURVE('',#2053,#2054,#314,.T.);
#2589=EDGE_CURVE('',#2048,#1780,#1645,.T.);
#2590=EDGE_CURVE('',#2054,#2048,#1646,.T.);
#2591=EDGE_CURVE('',#2047,#1781,#1647,.T.);
#2592=EDGE_CURVE('',#2049,#1782,#1648,.T.);
#2593=EDGE_CURVE('',#2050,#1783,#1649,.T.);
#2594=EDGE_CURVE('',#2051,#1784,#1650,.T.);
#2595=EDGE_CURVE('',#2051,#2052,#315,.T.);
#2596=EDGE_CURVE('',#2054,#2044,#316,.T.);
#2597=EDGE_CURVE('',#2053,#2045,#317,.T.);
#2598=EDGE_CURVE('',#2052,#2046,#318,.T.);
#2599=EDGE_CURVE('',#1802,#2055,#1651,.T.);
#2600=EDGE_CURVE('',#2055,#2056,#1652,.T.);
#2601=EDGE_CURVE('',#2056,#1801,#1653,.T.);
#2602=EDGE_CURVE('',#2057,#1803,#1654,.T.);
#2603=EDGE_CURVE('',#2056,#2057,#319,.T.);
#2604=EDGE_CURVE('',#2058,#1804,#1655,.T.);
#2605=EDGE_CURVE('',#2057,#2058,#1656,.T.);
#2606=EDGE_CURVE('',#2059,#1805,#1657,.T.);
#2607=EDGE_CURVE('',#2058,#2059,#320,.T.);
#2608=EDGE_CURVE('',#2060,#1806,#1658,.T.);
#2609=EDGE_CURVE('',#2059,#2060,#1659,.T.);
#2610=EDGE_CURVE('',#2061,#1807,#1660,.T.);
#2611=EDGE_CURVE('',#2060,#2061,#321,.T.);
#2612=EDGE_CURVE('',#2062,#1808,#1661,.T.);
#2613=EDGE_CURVE('',#2061,#2062,#1662,.T.);
#2614=EDGE_CURVE('',#2062,#2055,#322,.T.);
#2615=EDGE_CURVE('',#2058,#2063,#323,.T.);
#2616=EDGE_CURVE('',#2064,#2063,#324,.T.);
#2617=EDGE_CURVE('',#2059,#2064,#325,.T.);
#2618=EDGE_CURVE('',#2057,#2065,#326,.T.);
#2619=EDGE_CURVE('',#2063,#2065,#1663,.T.);
#2620=EDGE_CURVE('',#2056,#2066,#327,.T.);
#2621=EDGE_CURVE('',#2065,#2066,#328,.T.);
#2622=EDGE_CURVE('',#2055,#2067,#329,.T.);
#2623=EDGE_CURVE('',#2066,#2067,#1664,.T.);
#2624=EDGE_CURVE('',#1908,#2068,#1665,.T.);
#2625=EDGE_CURVE('',#2068,#2069,#330,.T.);
#2626=EDGE_CURVE('',#2069,#1907,#1666,.T.);
#2627=EDGE_CURVE('',#2064,#1909,#1667,.T.);
#2628=EDGE_CURVE('',#2069,#2064,#1668,.T.);
#2629=EDGE_CURVE('',#2063,#1910,#1669,.T.);
#2630=EDGE_CURVE('',#2065,#1911,#1670,.T.);
#2631=EDGE_CURVE('',#2066,#1912,#1671,.T.);
#2632=EDGE_CURVE('',#2067,#1913,#1672,.T.);
#2633=EDGE_CURVE('',#2070,#1914,#1673,.T.);
#2634=EDGE_CURVE('',#2067,#2070,#331,.T.);
#2635=EDGE_CURVE('',#2070,#2068,#1674,.T.);
#2636=EDGE_CURVE('',#2060,#2069,#332,.T.);
#2637=EDGE_CURVE('',#2061,#2068,#333,.T.);
#2638=EDGE_CURVE('',#1892,#2071,#1675,.T.);
#2639=EDGE_CURVE('',#2071,#2072,#1676,.T.);
#2640=EDGE_CURVE('',#2072,#1891,#1677,.T.);
#2641=EDGE_CURVE('',#2073,#1893,#1678,.T.);
#2642=EDGE_CURVE('',#2072,#2073,#334,.T.);
#2643=EDGE_CURVE('',#2074,#1894,#1679,.T.);
#2644=EDGE_CURVE('',#2073,#2074,#1680,.T.);
#2645=EDGE_CURVE('',#2075,#1895,#1681,.T.);
#2646=EDGE_CURVE('',#2074,#2075,#335,.T.);
#2647=EDGE_CURVE('',#2076,#1896,#1682,.T.);
#2648=EDGE_CURVE('',#2075,#2076,#1683,.T.);
#2649=EDGE_CURVE('',#2077,#1897,#1684,.T.);
#2650=EDGE_CURVE('',#2076,#2077,#336,.T.);
#2651=EDGE_CURVE('',#2078,#1898,#1685,.T.);
#2652=EDGE_CURVE('',#2077,#2078,#1686,.T.);
#2653=EDGE_CURVE('',#2078,#2071,#337,.T.);
#2654=EDGE_CURVE('',#2079,#2074,#338,.T.);
#2655=EDGE_CURVE('',#2080,#2079,#339,.T.);
#2656=EDGE_CURVE('',#2080,#2075,#340,.T.);
#2657=EDGE_CURVE('',#2081,#2073,#341,.T.);
#2658=EDGE_CURVE('',#2079,#2081,#1687,.T.);
#2659=EDGE_CURVE('',#2082,#2072,#342,.T.);
#2660=EDGE_CURVE('',#2081,#2082,#343,.T.);
#2661=EDGE_CURVE('',#2083,#2071,#344,.T.);
#2662=EDGE_CURVE('',#2082,#2083,#1688,.T.);
#2663=EDGE_CURVE('',#1786,#2080,#1689,.T.);
#2664=EDGE_CURVE('',#2079,#1785,#1690,.T.);
#2665=EDGE_CURVE('',#2081,#1787,#1691,.T.);
#2666=EDGE_CURVE('',#2082,#1788,#1692,.T.);
#2667=EDGE_CURVE('',#2083,#1789,#1693,.T.);
#2668=EDGE_CURVE('',#2084,#1790,#1694,.T.);
#2669=EDGE_CURVE('',#2083,#2084,#345,.T.);
#2670=EDGE_CURVE('',#2085,#1791,#1695,.T.);
#2671=EDGE_CURVE('',#2084,#2085,#1696,.T.);
#2672=EDGE_CURVE('',#2086,#1792,#1697,.T.);
#2673=EDGE_CURVE('',#2085,#2086,#346,.T.);
#2674=EDGE_CURVE('',#2086,#2080,#1698,.T.);
#2675=EDGE_CURVE('',#1900,#2087,#1699,.T.);
#2676=EDGE_CURVE('',#2087,#2088,#347,.T.);
#2677=EDGE_CURVE('',#2088,#1899,#1700,.T.);
#2678=EDGE_CURVE('',#2089,#1901,#1701,.T.);
#2679=EDGE_CURVE('',#2088,#2089,#1702,.T.);
#2680=EDGE_CURVE('',#2090,#1902,#1703,.T.);
#2681=EDGE_CURVE('',#2089,#2090,#348,.T.);
#2682=EDGE_CURVE('',#2091,#1903,#1704,.T.);
#2683=EDGE_CURVE('',#2090,#2091,#1705,.T.);
#2684=EDGE_CURVE('',#2092,#1904,#1706,.T.);
#2685=EDGE_CURVE('',#2091,#2092,#349,.T.);
#2686=EDGE_CURVE('',#2093,#1905,#1707,.T.);
#2687=EDGE_CURVE('',#2092,#2093,#1708,.T.);
#2688=EDGE_CURVE('',#2094,#1906,#1709,.T.);
#2689=EDGE_CURVE('',#2093,#2094,#350,.T.);
#2690=EDGE_CURVE('',#2094,#2087,#1710,.T.);
#2691=EDGE_CURVE('',#2095,#2090,#351,.T.);
#2692=EDGE_CURVE('',#2096,#2095,#1711,.T.);
#2693=EDGE_CURVE('',#2096,#2091,#352,.T.);
#2694=EDGE_CURVE('',#2097,#2089,#353,.T.);
#2695=EDGE_CURVE('',#2095,#2097,#354,.T.);
#2696=EDGE_CURVE('',#2098,#2088,#355,.T.);
#2697=EDGE_CURVE('',#2097,#2098,#1712,.T.);
#2698=EDGE_CURVE('',#2099,#2087,#356,.T.);
#2699=EDGE_CURVE('',#2098,#2099,#357,.T.);
#2700=EDGE_CURVE('',#1794,#2100,#1713,.T.);
#2701=EDGE_CURVE('',#2100,#2096,#358,.T.);
#2702=EDGE_CURVE('',#2096,#1793,#1714,.T.);
#2703=EDGE_CURVE('',#2095,#1795,#1715,.T.);
#2704=EDGE_CURVE('',#2097,#1796,#1716,.T.);
#2705=EDGE_CURVE('',#2098,#1797,#1717,.T.);
#2706=EDGE_CURVE('',#2099,#1798,#1718,.T.);
#2707=EDGE_CURVE('',#2101,#1799,#1719,.T.);
#2708=EDGE_CURVE('',#2099,#2101,#1720,.T.);
#2709=EDGE_CURVE('',#2102,#1800,#1721,.T.);
#2710=EDGE_CURVE('',#2101,#2102,#359,.T.);
#2711=EDGE_CURVE('',#2102,#2100,#1722,.T.);
#2712=EDGE_CURVE('',#2100,#2092,#360,.T.);
#2713=EDGE_CURVE('',#2028,#2038,#361,.T.);
#2714=EDGE_CURVE('',#2037,#2029,#362,.T.);
#2715=EDGE_CURVE('',#2062,#2070,#363,.T.);
#2716=EDGE_CURVE('',#2084,#2078,#364,.T.);
#2717=EDGE_CURVE('',#2086,#2076,#365,.T.);
#2718=EDGE_CURVE('',#2085,#2077,#366,.T.);
#2719=EDGE_CURVE('',#2102,#2093,#367,.T.);
#2720=EDGE_CURVE('',#2101,#2094,#368,.T.);
#2721=ORIENTED_EDGE('',*,*,#2103,.T.);
#2722=ORIENTED_EDGE('',*,*,#2104,.T.);
#2723=ORIENTED_EDGE('',*,*,#2105,.T.);
#2724=ORIENTED_EDGE('',*,*,#2106,.T.);
#2725=ORIENTED_EDGE('',*,*,#2104,.F.);
#2726=ORIENTED_EDGE('',*,*,#2106,.F.);
#2727=ORIENTED_EDGE('',*,*,#2107,.T.);
#2728=ORIENTED_EDGE('',*,*,#2108,.F.);
#2729=ORIENTED_EDGE('',*,*,#2109,.F.);
#2730=ORIENTED_EDGE('',*,*,#2107,.F.);
#2731=ORIENTED_EDGE('',*,*,#2105,.F.);
#2732=ORIENTED_EDGE('',*,*,#2110,.F.);
#2733=ORIENTED_EDGE('',*,*,#2111,.F.);
#2734=ORIENTED_EDGE('',*,*,#2112,.F.);
#2735=ORIENTED_EDGE('',*,*,#2113,.F.);
#2736=ORIENTED_EDGE('',*,*,#2114,.F.);
#2737=ORIENTED_EDGE('',*,*,#2115,.F.);
#2738=ORIENTED_EDGE('',*,*,#2116,.F.);
#2739=ORIENTED_EDGE('',*,*,#2117,.F.);
#2740=ORIENTED_EDGE('',*,*,#2118,.F.);
#2741=ORIENTED_EDGE('',*,*,#2119,.F.);
#2742=ORIENTED_EDGE('',*,*,#2120,.F.);
#2743=ORIENTED_EDGE('',*,*,#2121,.F.);
#2744=ORIENTED_EDGE('',*,*,#2122,.F.);
#2745=ORIENTED_EDGE('',*,*,#2123,.F.);
#2746=ORIENTED_EDGE('',*,*,#2124,.F.);
#2747=ORIENTED_EDGE('',*,*,#2125,.F.);
#2748=ORIENTED_EDGE('',*,*,#2126,.F.);
#2749=ORIENTED_EDGE('',*,*,#2127,.T.);
#2750=ORIENTED_EDGE('',*,*,#2128,.T.);
#2751=ORIENTED_EDGE('',*,*,#2129,.T.);
#2752=ORIENTED_EDGE('',*,*,#2130,.T.);
#2753=ORIENTED_EDGE('',*,*,#2131,.T.);
#2754=ORIENTED_EDGE('',*,*,#2132,.T.);
#2755=ORIENTED_EDGE('',*,*,#2133,.T.);
#2756=ORIENTED_EDGE('',*,*,#2134,.T.);
#2757=ORIENTED_EDGE('',*,*,#2135,.T.);
#2758=ORIENTED_EDGE('',*,*,#2136,.T.);
#2759=ORIENTED_EDGE('',*,*,#2137,.T.);
#2760=ORIENTED_EDGE('',*,*,#2138,.T.);
#2761=ORIENTED_EDGE('',*,*,#2139,.T.);
#2762=ORIENTED_EDGE('',*,*,#2140,.T.);
#2763=ORIENTED_EDGE('',*,*,#2141,.T.);
#2764=ORIENTED_EDGE('',*,*,#2142,.T.);
#2765=ORIENTED_EDGE('',*,*,#2143,.T.);
#2766=ORIENTED_EDGE('',*,*,#2144,.T.);
#2767=ORIENTED_EDGE('',*,*,#2145,.T.);
#2768=ORIENTED_EDGE('',*,*,#2146,.T.);
#2769=ORIENTED_EDGE('',*,*,#2147,.T.);
#2770=ORIENTED_EDGE('',*,*,#2148,.T.);
#2771=ORIENTED_EDGE('',*,*,#2149,.T.);
#2772=ORIENTED_EDGE('',*,*,#2150,.T.);
#2773=ORIENTED_EDGE('',*,*,#2151,.T.);
#2774=ORIENTED_EDGE('',*,*,#2152,.T.);
#2775=ORIENTED_EDGE('',*,*,#2153,.T.);
#2776=ORIENTED_EDGE('',*,*,#2154,.T.);
#2777=ORIENTED_EDGE('',*,*,#2155,.T.);
#2778=ORIENTED_EDGE('',*,*,#2156,.T.);
#2779=ORIENTED_EDGE('',*,*,#2157,.T.);
#2780=ORIENTED_EDGE('',*,*,#2158,.T.);
#2781=ORIENTED_EDGE('',*,*,#2159,.F.);
#2782=ORIENTED_EDGE('',*,*,#2160,.F.);
#2783=ORIENTED_EDGE('',*,*,#2161,.F.);
#2784=ORIENTED_EDGE('',*,*,#2162,.F.);
#2785=ORIENTED_EDGE('',*,*,#2163,.F.);
#2786=ORIENTED_EDGE('',*,*,#2164,.F.);
#2787=ORIENTED_EDGE('',*,*,#2165,.F.);
#2788=ORIENTED_EDGE('',*,*,#2166,.F.);
#2789=ORIENTED_EDGE('',*,*,#2167,.F.);
#2790=ORIENTED_EDGE('',*,*,#2168,.F.);
#2791=ORIENTED_EDGE('',*,*,#2169,.F.);
#2792=ORIENTED_EDGE('',*,*,#2170,.F.);
#2793=ORIENTED_EDGE('',*,*,#2171,.F.);
#2794=ORIENTED_EDGE('',*,*,#2172,.F.);
#2795=ORIENTED_EDGE('',*,*,#2173,.F.);
#2796=ORIENTED_EDGE('',*,*,#2174,.F.);
#2797=ORIENTED_EDGE('',*,*,#2175,.F.);
#2798=ORIENTED_EDGE('',*,*,#2176,.F.);
#2799=ORIENTED_EDGE('',*,*,#2177,.F.);
#2800=ORIENTED_EDGE('',*,*,#2178,.F.);
#2801=ORIENTED_EDGE('',*,*,#2179,.F.);
#2802=ORIENTED_EDGE('',*,*,#2180,.F.);
#2803=ORIENTED_EDGE('',*,*,#2181,.F.);
#2804=ORIENTED_EDGE('',*,*,#2182,.F.);
#2805=ORIENTED_EDGE('',*,*,#2183,.F.);
#2806=ORIENTED_EDGE('',*,*,#2184,.F.);
#2807=ORIENTED_EDGE('',*,*,#2185,.F.);
#2808=ORIENTED_EDGE('',*,*,#2186,.F.);
#2809=ORIENTED_EDGE('',*,*,#2187,.F.);
#2810=ORIENTED_EDGE('',*,*,#2188,.F.);
#2811=ORIENTED_EDGE('',*,*,#2189,.F.);
#2812=ORIENTED_EDGE('',*,*,#2190,.F.);
#2813=ORIENTED_EDGE('',*,*,#2191,.F.);
#2814=ORIENTED_EDGE('',*,*,#2192,.F.);
#2815=ORIENTED_EDGE('',*,*,#2193,.F.);
#2816=ORIENTED_EDGE('',*,*,#2194,.F.);
#2817=ORIENTED_EDGE('',*,*,#2195,.F.);
#2818=ORIENTED_EDGE('',*,*,#2196,.F.);
#2819=ORIENTED_EDGE('',*,*,#2197,.F.);
#2820=ORIENTED_EDGE('',*,*,#2198,.F.);
#2821=ORIENTED_EDGE('',*,*,#2199,.T.);
#2822=ORIENTED_EDGE('',*,*,#2200,.T.);
#2823=ORIENTED_EDGE('',*,*,#2201,.T.);
#2824=ORIENTED_EDGE('',*,*,#2202,.T.);
#2825=ORIENTED_EDGE('',*,*,#2203,.T.);
#2826=ORIENTED_EDGE('',*,*,#2204,.T.);
#2827=ORIENTED_EDGE('',*,*,#2205,.T.);
#2828=ORIENTED_EDGE('',*,*,#2206,.T.);
#2829=ORIENTED_EDGE('',*,*,#2207,.F.);
#2830=ORIENTED_EDGE('',*,*,#2208,.F.);
#2831=ORIENTED_EDGE('',*,*,#2209,.F.);
#2832=ORIENTED_EDGE('',*,*,#2210,.F.);
#2833=ORIENTED_EDGE('',*,*,#2211,.F.);
#2834=ORIENTED_EDGE('',*,*,#2212,.F.);
#2835=ORIENTED_EDGE('',*,*,#2213,.F.);
#2836=ORIENTED_EDGE('',*,*,#2214,.F.);
#2837=ORIENTED_EDGE('',*,*,#2103,.F.);
#2838=ORIENTED_EDGE('',*,*,#2215,.T.);
#2839=ORIENTED_EDGE('',*,*,#2216,.T.);
#2840=ORIENTED_EDGE('',*,*,#2108,.T.);
#2841=ORIENTED_EDGE('',*,*,#2109,.T.);
#2842=ORIENTED_EDGE('',*,*,#2216,.F.);
#2843=ORIENTED_EDGE('',*,*,#2217,.F.);
#2844=ORIENTED_EDGE('',*,*,#2218,.F.);
#2845=ORIENTED_EDGE('',*,*,#2219,.F.);
#2846=ORIENTED_EDGE('',*,*,#2220,.F.);
#2847=ORIENTED_EDGE('',*,*,#2221,.F.);
#2848=ORIENTED_EDGE('',*,*,#2222,.F.);
#2849=ORIENTED_EDGE('',*,*,#2223,.F.);
#2850=ORIENTED_EDGE('',*,*,#2224,.F.);
#2851=ORIENTED_EDGE('',*,*,#2225,.F.);
#2852=ORIENTED_EDGE('',*,*,#2226,.F.);
#2853=ORIENTED_EDGE('',*,*,#2227,.F.);
#2854=ORIENTED_EDGE('',*,*,#2228,.F.);
#2855=ORIENTED_EDGE('',*,*,#2229,.F.);
#2856=ORIENTED_EDGE('',*,*,#2230,.F.);
#2857=ORIENTED_EDGE('',*,*,#2231,.F.);
#2858=ORIENTED_EDGE('',*,*,#2232,.F.);
#2859=ORIENTED_EDGE('',*,*,#2233,.F.);
#2860=ORIENTED_EDGE('',*,*,#2234,.T.);
#2861=ORIENTED_EDGE('',*,*,#2235,.T.);
#2862=ORIENTED_EDGE('',*,*,#2236,.T.);
#2863=ORIENTED_EDGE('',*,*,#2237,.T.);
#2864=ORIENTED_EDGE('',*,*,#2238,.T.);
#2865=ORIENTED_EDGE('',*,*,#2239,.T.);
#2866=ORIENTED_EDGE('',*,*,#2240,.T.);
#2867=ORIENTED_EDGE('',*,*,#2241,.T.);
#2868=ORIENTED_EDGE('',*,*,#2242,.T.);
#2869=ORIENTED_EDGE('',*,*,#2243,.T.);
#2870=ORIENTED_EDGE('',*,*,#2244,.T.);
#2871=ORIENTED_EDGE('',*,*,#2245,.T.);
#2872=ORIENTED_EDGE('',*,*,#2246,.T.);
#2873=ORIENTED_EDGE('',*,*,#2247,.T.);
#2874=ORIENTED_EDGE('',*,*,#2248,.T.);
#2875=ORIENTED_EDGE('',*,*,#2249,.T.);
#2876=ORIENTED_EDGE('',*,*,#2250,.T.);
#2877=ORIENTED_EDGE('',*,*,#2251,.T.);
#2878=ORIENTED_EDGE('',*,*,#2252,.T.);
#2879=ORIENTED_EDGE('',*,*,#2253,.T.);
#2880=ORIENTED_EDGE('',*,*,#2254,.T.);
#2881=ORIENTED_EDGE('',*,*,#2255,.T.);
#2882=ORIENTED_EDGE('',*,*,#2256,.T.);
#2883=ORIENTED_EDGE('',*,*,#2257,.T.);
#2884=ORIENTED_EDGE('',*,*,#2258,.T.);
#2885=ORIENTED_EDGE('',*,*,#2259,.T.);
#2886=ORIENTED_EDGE('',*,*,#2260,.T.);
#2887=ORIENTED_EDGE('',*,*,#2261,.T.);
#2888=ORIENTED_EDGE('',*,*,#2262,.T.);
#2889=ORIENTED_EDGE('',*,*,#2263,.T.);
#2890=ORIENTED_EDGE('',*,*,#2264,.T.);
#2891=ORIENTED_EDGE('',*,*,#2265,.T.);
#2892=ORIENTED_EDGE('',*,*,#2266,.F.);
#2893=ORIENTED_EDGE('',*,*,#2267,.F.);
#2894=ORIENTED_EDGE('',*,*,#2268,.F.);
#2895=ORIENTED_EDGE('',*,*,#2269,.F.);
#2896=ORIENTED_EDGE('',*,*,#2270,.F.);
#2897=ORIENTED_EDGE('',*,*,#2271,.F.);
#2898=ORIENTED_EDGE('',*,*,#2272,.F.);
#2899=ORIENTED_EDGE('',*,*,#2273,.F.);
#2900=ORIENTED_EDGE('',*,*,#2274,.F.);
#2901=ORIENTED_EDGE('',*,*,#2275,.F.);
#2902=ORIENTED_EDGE('',*,*,#2276,.F.);
#2903=ORIENTED_EDGE('',*,*,#2277,.F.);
#2904=ORIENTED_EDGE('',*,*,#2278,.F.);
#2905=ORIENTED_EDGE('',*,*,#2279,.F.);
#2906=ORIENTED_EDGE('',*,*,#2280,.F.);
#2907=ORIENTED_EDGE('',*,*,#2281,.F.);
#2908=ORIENTED_EDGE('',*,*,#2282,.F.);
#2909=ORIENTED_EDGE('',*,*,#2283,.F.);
#2910=ORIENTED_EDGE('',*,*,#2284,.F.);
#2911=ORIENTED_EDGE('',*,*,#2285,.F.);
#2912=ORIENTED_EDGE('',*,*,#2286,.F.);
#2913=ORIENTED_EDGE('',*,*,#2287,.F.);
#2914=ORIENTED_EDGE('',*,*,#2288,.F.);
#2915=ORIENTED_EDGE('',*,*,#2289,.F.);
#2916=ORIENTED_EDGE('',*,*,#2290,.F.);
#2917=ORIENTED_EDGE('',*,*,#2291,.F.);
#2918=ORIENTED_EDGE('',*,*,#2292,.F.);
#2919=ORIENTED_EDGE('',*,*,#2293,.F.);
#2920=ORIENTED_EDGE('',*,*,#2294,.F.);
#2921=ORIENTED_EDGE('',*,*,#2295,.F.);
#2922=ORIENTED_EDGE('',*,*,#2296,.F.);
#2923=ORIENTED_EDGE('',*,*,#2297,.F.);
#2924=ORIENTED_EDGE('',*,*,#2298,.F.);
#2925=ORIENTED_EDGE('',*,*,#2299,.F.);
#2926=ORIENTED_EDGE('',*,*,#2300,.F.);
#2927=ORIENTED_EDGE('',*,*,#2301,.F.);
#2928=ORIENTED_EDGE('',*,*,#2302,.F.);
#2929=ORIENTED_EDGE('',*,*,#2303,.F.);
#2930=ORIENTED_EDGE('',*,*,#2304,.F.);
#2931=ORIENTED_EDGE('',*,*,#2305,.F.);
#2932=ORIENTED_EDGE('',*,*,#2306,.T.);
#2933=ORIENTED_EDGE('',*,*,#2307,.T.);
#2934=ORIENTED_EDGE('',*,*,#2308,.T.);
#2935=ORIENTED_EDGE('',*,*,#2309,.T.);
#2936=ORIENTED_EDGE('',*,*,#2310,.T.);
#2937=ORIENTED_EDGE('',*,*,#2311,.T.);
#2938=ORIENTED_EDGE('',*,*,#2312,.T.);
#2939=ORIENTED_EDGE('',*,*,#2313,.T.);
#2940=ORIENTED_EDGE('',*,*,#2314,.F.);
#2941=ORIENTED_EDGE('',*,*,#2315,.F.);
#2942=ORIENTED_EDGE('',*,*,#2316,.F.);
#2943=ORIENTED_EDGE('',*,*,#2317,.F.);
#2944=ORIENTED_EDGE('',*,*,#2318,.F.);
#2945=ORIENTED_EDGE('',*,*,#2319,.F.);
#2946=ORIENTED_EDGE('',*,*,#2320,.F.);
#2947=ORIENTED_EDGE('',*,*,#2321,.F.);
#2948=ORIENTED_EDGE('',*,*,#2215,.F.);
#2949=ORIENTED_EDGE('',*,*,#2118,.T.);
#2950=ORIENTED_EDGE('',*,*,#2322,.T.);
#2951=ORIENTED_EDGE('',*,*,#2323,.T.);
#2952=ORIENTED_EDGE('',*,*,#2324,.T.);
#2953=ORIENTED_EDGE('',*,*,#2322,.F.);
#2954=ORIENTED_EDGE('',*,*,#2324,.F.);
#2955=ORIENTED_EDGE('',*,*,#2325,.T.);
#2956=ORIENTED_EDGE('',*,*,#2326,.F.);
#2957=ORIENTED_EDGE('',*,*,#2327,.F.);
#2958=ORIENTED_EDGE('',*,*,#2325,.F.);
#2959=ORIENTED_EDGE('',*,*,#2323,.F.);
#2960=ORIENTED_EDGE('',*,*,#2225,.T.);
#2961=ORIENTED_EDGE('',*,*,#2328,.T.);
#2962=ORIENTED_EDGE('',*,*,#2326,.T.);
#2963=ORIENTED_EDGE('',*,*,#2327,.T.);
#2964=ORIENTED_EDGE('',*,*,#2328,.F.);
#2965=ORIENTED_EDGE('',*,*,#2214,.T.);
#2966=ORIENTED_EDGE('',*,*,#2329,.T.);
#2967=ORIENTED_EDGE('',*,*,#2330,.T.);
#2968=ORIENTED_EDGE('',*,*,#2331,.T.);
#2969=ORIENTED_EDGE('',*,*,#2329,.F.);
#2970=ORIENTED_EDGE('',*,*,#2331,.F.);
#2971=ORIENTED_EDGE('',*,*,#2332,.T.);
#2972=ORIENTED_EDGE('',*,*,#2333,.F.);
#2973=ORIENTED_EDGE('',*,*,#2334,.F.);
#2974=ORIENTED_EDGE('',*,*,#2332,.F.);
#2975=ORIENTED_EDGE('',*,*,#2330,.F.);
#2976=ORIENTED_EDGE('',*,*,#2321,.T.);
#2977=ORIENTED_EDGE('',*,*,#2335,.T.);
#2978=ORIENTED_EDGE('',*,*,#2333,.T.);
#2979=ORIENTED_EDGE('',*,*,#2334,.T.);
#2980=ORIENTED_EDGE('',*,*,#2335,.F.);
#2981=ORIENTED_EDGE('',*,*,#2226,.T.);
#2982=ORIENTED_EDGE('',*,*,#2336,.T.);
#2983=ORIENTED_EDGE('',*,*,#2337,.T.);
#2984=ORIENTED_EDGE('',*,*,#2338,.T.);
#2985=ORIENTED_EDGE('',*,*,#2336,.F.);
#2986=ORIENTED_EDGE('',*,*,#2339,.F.);
#2987=ORIENTED_EDGE('',*,*,#2340,.T.);
#2988=ORIENTED_EDGE('',*,*,#2337,.F.);
#2989=ORIENTED_EDGE('',*,*,#2338,.F.);
#2990=ORIENTED_EDGE('',*,*,#2340,.F.);
#2991=ORIENTED_EDGE('',*,*,#2341,.F.);
#2992=ORIENTED_EDGE('',*,*,#2119,.T.);
#2993=ORIENTED_EDGE('',*,*,#2342,.T.);
#2994=ORIENTED_EDGE('',*,*,#2341,.T.);
#2995=ORIENTED_EDGE('',*,*,#2339,.T.);
#2996=ORIENTED_EDGE('',*,*,#2342,.F.);
#2997=ORIENTED_EDGE('',*,*,#2213,.T.);
#2998=ORIENTED_EDGE('',*,*,#2343,.T.);
#2999=ORIENTED_EDGE('',*,*,#2344,.T.);
#3000=ORIENTED_EDGE('',*,*,#2345,.T.);
#3001=ORIENTED_EDGE('',*,*,#2343,.F.);
#3002=ORIENTED_EDGE('',*,*,#2345,.F.);
#3003=ORIENTED_EDGE('',*,*,#2346,.T.);
#3004=ORIENTED_EDGE('',*,*,#2347,.F.);
#3005=ORIENTED_EDGE('',*,*,#2348,.F.);
#3006=ORIENTED_EDGE('',*,*,#2346,.F.);
#3007=ORIENTED_EDGE('',*,*,#2344,.F.);
#3008=ORIENTED_EDGE('',*,*,#2320,.T.);
#3009=ORIENTED_EDGE('',*,*,#2349,.T.);
#3010=ORIENTED_EDGE('',*,*,#2347,.T.);
#3011=ORIENTED_EDGE('',*,*,#2348,.T.);
#3012=ORIENTED_EDGE('',*,*,#2349,.F.);
#3013=ORIENTED_EDGE('',*,*,#2120,.T.);
#3014=ORIENTED_EDGE('',*,*,#2350,.T.);
#3015=ORIENTED_EDGE('',*,*,#2351,.T.);
#3016=ORIENTED_EDGE('',*,*,#2352,.T.);
#3017=ORIENTED_EDGE('',*,*,#2350,.F.);
#3018=ORIENTED_EDGE('',*,*,#2352,.F.);
#3019=ORIENTED_EDGE('',*,*,#2353,.T.);
#3020=ORIENTED_EDGE('',*,*,#2354,.F.);
#3021=ORIENTED_EDGE('',*,*,#2355,.F.);
#3022=ORIENTED_EDGE('',*,*,#2353,.F.);
#3023=ORIENTED_EDGE('',*,*,#2351,.F.);
#3024=ORIENTED_EDGE('',*,*,#2227,.T.);
#3025=ORIENTED_EDGE('',*,*,#2356,.T.);
#3026=ORIENTED_EDGE('',*,*,#2354,.T.);
#3027=ORIENTED_EDGE('',*,*,#2355,.T.);
#3028=ORIENTED_EDGE('',*,*,#2356,.F.);
#3029=ORIENTED_EDGE('',*,*,#2212,.T.);
#3030=ORIENTED_EDGE('',*,*,#2357,.T.);
#3031=ORIENTED_EDGE('',*,*,#2358,.T.);
#3032=ORIENTED_EDGE('',*,*,#2359,.T.);
#3033=ORIENTED_EDGE('',*,*,#2357,.F.);
#3034=ORIENTED_EDGE('',*,*,#2359,.F.);
#3035=ORIENTED_EDGE('',*,*,#2360,.T.);
#3036=ORIENTED_EDGE('',*,*,#2361,.F.);
#3037=ORIENTED_EDGE('',*,*,#2362,.F.);
#3038=ORIENTED_EDGE('',*,*,#2360,.F.);
#3039=ORIENTED_EDGE('',*,*,#2358,.F.);
#3040=ORIENTED_EDGE('',*,*,#2319,.T.);
#3041=ORIENTED_EDGE('',*,*,#2363,.T.);
#3042=ORIENTED_EDGE('',*,*,#2361,.T.);
#3043=ORIENTED_EDGE('',*,*,#2362,.T.);
#3044=ORIENTED_EDGE('',*,*,#2363,.F.);
#3045=ORIENTED_EDGE('',*,*,#2121,.T.);
#3046=ORIENTED_EDGE('',*,*,#2364,.T.);
#3047=ORIENTED_EDGE('',*,*,#2365,.T.);
#3048=ORIENTED_EDGE('',*,*,#2366,.T.);
#3049=ORIENTED_EDGE('',*,*,#2364,.F.);
#3050=ORIENTED_EDGE('',*,*,#2366,.F.);
#3051=ORIENTED_EDGE('',*,*,#2367,.T.);
#3052=ORIENTED_EDGE('',*,*,#2368,.F.);
#3053=ORIENTED_EDGE('',*,*,#2369,.F.);
#3054=ORIENTED_EDGE('',*,*,#2367,.F.);
#3055=ORIENTED_EDGE('',*,*,#2365,.F.);
#3056=ORIENTED_EDGE('',*,*,#2228,.T.);
#3057=ORIENTED_EDGE('',*,*,#2370,.T.);
#3058=ORIENTED_EDGE('',*,*,#2368,.T.);
#3059=ORIENTED_EDGE('',*,*,#2369,.T.);
#3060=ORIENTED_EDGE('',*,*,#2370,.F.);
#3061=ORIENTED_EDGE('',*,*,#2318,.T.);
#3062=ORIENTED_EDGE('',*,*,#2371,.T.);
#3063=ORIENTED_EDGE('',*,*,#2372,.T.);
#3064=ORIENTED_EDGE('',*,*,#2373,.T.);
#3065=ORIENTED_EDGE('',*,*,#2371,.F.);
#3066=ORIENTED_EDGE('',*,*,#2374,.F.);
#3067=ORIENTED_EDGE('',*,*,#2375,.T.);
#3068=ORIENTED_EDGE('',*,*,#2372,.F.);
#3069=ORIENTED_EDGE('',*,*,#2373,.F.);
#3070=ORIENTED_EDGE('',*,*,#2375,.F.);
#3071=ORIENTED_EDGE('',*,*,#2376,.F.);
#3072=ORIENTED_EDGE('',*,*,#2229,.T.);
#3073=ORIENTED_EDGE('',*,*,#2377,.T.);
#3074=ORIENTED_EDGE('',*,*,#2378,.T.);
#3075=ORIENTED_EDGE('',*,*,#2379,.T.);
#3076=ORIENTED_EDGE('',*,*,#2377,.F.);
#3077=ORIENTED_EDGE('',*,*,#2380,.F.);
#3078=ORIENTED_EDGE('',*,*,#2381,.T.);
#3079=ORIENTED_EDGE('',*,*,#2378,.F.);
#3080=ORIENTED_EDGE('',*,*,#2379,.F.);
#3081=ORIENTED_EDGE('',*,*,#2381,.F.);
#3082=ORIENTED_EDGE('',*,*,#2382,.F.);
#3083=ORIENTED_EDGE('',*,*,#2211,.T.);
#3084=ORIENTED_EDGE('',*,*,#2383,.T.);
#3085=ORIENTED_EDGE('',*,*,#2382,.T.);
#3086=ORIENTED_EDGE('',*,*,#2380,.T.);
#3087=ORIENTED_EDGE('',*,*,#2383,.F.);
#3088=ORIENTED_EDGE('',*,*,#2122,.T.);
#3089=ORIENTED_EDGE('',*,*,#2384,.T.);
#3090=ORIENTED_EDGE('',*,*,#2376,.T.);
#3091=ORIENTED_EDGE('',*,*,#2374,.T.);
#3092=ORIENTED_EDGE('',*,*,#2384,.F.);
#3093=ORIENTED_EDGE('',*,*,#2210,.T.);
#3094=ORIENTED_EDGE('',*,*,#2385,.T.);
#3095=ORIENTED_EDGE('',*,*,#2386,.T.);
#3096=ORIENTED_EDGE('',*,*,#2387,.T.);
#3097=ORIENTED_EDGE('',*,*,#2385,.F.);
#3098=ORIENTED_EDGE('',*,*,#2387,.F.);
#3099=ORIENTED_EDGE('',*,*,#2388,.T.);
#3100=ORIENTED_EDGE('',*,*,#2389,.F.);
#3101=ORIENTED_EDGE('',*,*,#2390,.F.);
#3102=ORIENTED_EDGE('',*,*,#2388,.F.);
#3103=ORIENTED_EDGE('',*,*,#2386,.F.);
#3104=ORIENTED_EDGE('',*,*,#2123,.T.);
#3105=ORIENTED_EDGE('',*,*,#2391,.T.);
#3106=ORIENTED_EDGE('',*,*,#2392,.T.);
#3107=ORIENTED_EDGE('',*,*,#2393,.T.);
#3108=ORIENTED_EDGE('',*,*,#2391,.F.);
#3109=ORIENTED_EDGE('',*,*,#2393,.F.);
#3110=ORIENTED_EDGE('',*,*,#2394,.T.);
#3111=ORIENTED_EDGE('',*,*,#2395,.F.);
#3112=ORIENTED_EDGE('',*,*,#2396,.F.);
#3113=ORIENTED_EDGE('',*,*,#2394,.F.);
#3114=ORIENTED_EDGE('',*,*,#2392,.F.);
#3115=ORIENTED_EDGE('',*,*,#2317,.T.);
#3116=ORIENTED_EDGE('',*,*,#2397,.T.);
#3117=ORIENTED_EDGE('',*,*,#2395,.T.);
#3118=ORIENTED_EDGE('',*,*,#2396,.T.);
#3119=ORIENTED_EDGE('',*,*,#2397,.F.);
#3120=ORIENTED_EDGE('',*,*,#2230,.T.);
#3121=ORIENTED_EDGE('',*,*,#2398,.T.);
#3122=ORIENTED_EDGE('',*,*,#2389,.T.);
#3123=ORIENTED_EDGE('',*,*,#2390,.T.);
#3124=ORIENTED_EDGE('',*,*,#2398,.F.);
#3125=ORIENTED_EDGE('',*,*,#2316,.T.);
#3126=ORIENTED_EDGE('',*,*,#2399,.T.);
#3127=ORIENTED_EDGE('',*,*,#2400,.T.);
#3128=ORIENTED_EDGE('',*,*,#2401,.T.);
#3129=ORIENTED_EDGE('',*,*,#2399,.F.);
#3130=ORIENTED_EDGE('',*,*,#2402,.F.);
#3131=ORIENTED_EDGE('',*,*,#2403,.T.);
#3132=ORIENTED_EDGE('',*,*,#2400,.F.);
#3133=ORIENTED_EDGE('',*,*,#2401,.F.);
#3134=ORIENTED_EDGE('',*,*,#2403,.F.);
#3135=ORIENTED_EDGE('',*,*,#2404,.F.);
#3136=ORIENTED_EDGE('',*,*,#2209,.T.);
#3137=ORIENTED_EDGE('',*,*,#2405,.T.);
#3138=ORIENTED_EDGE('',*,*,#2404,.T.);
#3139=ORIENTED_EDGE('',*,*,#2402,.T.);
#3140=ORIENTED_EDGE('',*,*,#2405,.F.);
#3141=ORIENTED_EDGE('',*,*,#2231,.T.);
#3142=ORIENTED_EDGE('',*,*,#2406,.T.);
#3143=ORIENTED_EDGE('',*,*,#2407,.T.);
#3144=ORIENTED_EDGE('',*,*,#2408,.T.);
#3145=ORIENTED_EDGE('',*,*,#2406,.F.);
#3146=ORIENTED_EDGE('',*,*,#2409,.F.);
#3147=ORIENTED_EDGE('',*,*,#2410,.T.);
#3148=ORIENTED_EDGE('',*,*,#2407,.F.);
#3149=ORIENTED_EDGE('',*,*,#2408,.F.);
#3150=ORIENTED_EDGE('',*,*,#2410,.F.);
#3151=ORIENTED_EDGE('',*,*,#2411,.F.);
#3152=ORIENTED_EDGE('',*,*,#2124,.T.);
#3153=ORIENTED_EDGE('',*,*,#2412,.T.);
#3154=ORIENTED_EDGE('',*,*,#2411,.T.);
#3155=ORIENTED_EDGE('',*,*,#2409,.T.);
#3156=ORIENTED_EDGE('',*,*,#2412,.F.);
#3157=ORIENTED_EDGE('',*,*,#2208,.T.);
#3158=ORIENTED_EDGE('',*,*,#2413,.T.);
#3159=ORIENTED_EDGE('',*,*,#2414,.T.);
#3160=ORIENTED_EDGE('',*,*,#2415,.T.);
#3161=ORIENTED_EDGE('',*,*,#2413,.F.);
#3162=ORIENTED_EDGE('',*,*,#2415,.F.);
#3163=ORIENTED_EDGE('',*,*,#2416,.T.);
#3164=ORIENTED_EDGE('',*,*,#2417,.F.);
#3165=ORIENTED_EDGE('',*,*,#2418,.F.);
#3166=ORIENTED_EDGE('',*,*,#2416,.F.);
#3167=ORIENTED_EDGE('',*,*,#2414,.F.);
#3168=ORIENTED_EDGE('',*,*,#2315,.T.);
#3169=ORIENTED_EDGE('',*,*,#2419,.T.);
#3170=ORIENTED_EDGE('',*,*,#2417,.T.);
#3171=ORIENTED_EDGE('',*,*,#2418,.T.);
#3172=ORIENTED_EDGE('',*,*,#2419,.F.);
#3173=ORIENTED_EDGE('',*,*,#2232,.T.);
#3174=ORIENTED_EDGE('',*,*,#2420,.T.);
#3175=ORIENTED_EDGE('',*,*,#2421,.T.);
#3176=ORIENTED_EDGE('',*,*,#2422,.T.);
#3177=ORIENTED_EDGE('',*,*,#2420,.F.);
#3178=ORIENTED_EDGE('',*,*,#2423,.F.);
#3179=ORIENTED_EDGE('',*,*,#2424,.T.);
#3180=ORIENTED_EDGE('',*,*,#2421,.F.);
#3181=ORIENTED_EDGE('',*,*,#2422,.F.);
#3182=ORIENTED_EDGE('',*,*,#2424,.F.);
#3183=ORIENTED_EDGE('',*,*,#2425,.F.);
#3184=ORIENTED_EDGE('',*,*,#2125,.T.);
#3185=ORIENTED_EDGE('',*,*,#2426,.T.);
#3186=ORIENTED_EDGE('',*,*,#2425,.T.);
#3187=ORIENTED_EDGE('',*,*,#2423,.T.);
#3188=ORIENTED_EDGE('',*,*,#2426,.F.);
#3189=ORIENTED_EDGE('',*,*,#2207,.T.);
#3190=ORIENTED_EDGE('',*,*,#2427,.T.);
#3191=ORIENTED_EDGE('',*,*,#2428,.T.);
#3192=ORIENTED_EDGE('',*,*,#2429,.T.);
#3193=ORIENTED_EDGE('',*,*,#2427,.F.);
#3194=ORIENTED_EDGE('',*,*,#2429,.F.);
#3195=ORIENTED_EDGE('',*,*,#2430,.T.);
#3196=ORIENTED_EDGE('',*,*,#2431,.F.);
#3197=ORIENTED_EDGE('',*,*,#2432,.F.);
#3198=ORIENTED_EDGE('',*,*,#2430,.F.);
#3199=ORIENTED_EDGE('',*,*,#2428,.F.);
#3200=ORIENTED_EDGE('',*,*,#2314,.T.);
#3201=ORIENTED_EDGE('',*,*,#2433,.T.);
#3202=ORIENTED_EDGE('',*,*,#2431,.T.);
#3203=ORIENTED_EDGE('',*,*,#2432,.T.);
#3204=ORIENTED_EDGE('',*,*,#2433,.F.);
#3205=ORIENTED_EDGE('',*,*,#2233,.T.);
#3206=ORIENTED_EDGE('',*,*,#2434,.T.);
#3207=ORIENTED_EDGE('',*,*,#2435,.T.);
#3208=ORIENTED_EDGE('',*,*,#2436,.T.);
#3209=ORIENTED_EDGE('',*,*,#2434,.F.);
#3210=ORIENTED_EDGE('',*,*,#2437,.F.);
#3211=ORIENTED_EDGE('',*,*,#2438,.T.);
#3212=ORIENTED_EDGE('',*,*,#2435,.F.);
#3213=ORIENTED_EDGE('',*,*,#2436,.F.);
#3214=ORIENTED_EDGE('',*,*,#2438,.F.);
#3215=ORIENTED_EDGE('',*,*,#2439,.F.);
#3216=ORIENTED_EDGE('',*,*,#2126,.T.);
#3217=ORIENTED_EDGE('',*,*,#2440,.T.);
#3218=ORIENTED_EDGE('',*,*,#2439,.T.);
#3219=ORIENTED_EDGE('',*,*,#2437,.T.);
#3220=ORIENTED_EDGE('',*,*,#2440,.F.);
#3221=ORIENTED_EDGE('',*,*,#2127,.F.);
#3222=ORIENTED_EDGE('',*,*,#2441,.T.);
#3223=ORIENTED_EDGE('',*,*,#2234,.F.);
#3224=ORIENTED_EDGE('',*,*,#2441,.F.);
#3225=ORIENTED_EDGE('',*,*,#2128,.F.);
#3226=ORIENTED_EDGE('',*,*,#2442,.T.);
#3227=ORIENTED_EDGE('',*,*,#2235,.F.);
#3228=ORIENTED_EDGE('',*,*,#2442,.F.);
#3229=ORIENTED_EDGE('',*,*,#2129,.F.);
#3230=ORIENTED_EDGE('',*,*,#2443,.T.);
#3231=ORIENTED_EDGE('',*,*,#2236,.F.);
#3232=ORIENTED_EDGE('',*,*,#2443,.F.);
#3233=ORIENTED_EDGE('',*,*,#2130,.F.);
#3234=ORIENTED_EDGE('',*,*,#2444,.T.);
#3235=ORIENTED_EDGE('',*,*,#2237,.F.);
#3236=ORIENTED_EDGE('',*,*,#2444,.F.);
#3237=ORIENTED_EDGE('',*,*,#2131,.F.);
#3238=ORIENTED_EDGE('',*,*,#2445,.T.);
#3239=ORIENTED_EDGE('',*,*,#2238,.F.);
#3240=ORIENTED_EDGE('',*,*,#2445,.F.);
#3241=ORIENTED_EDGE('',*,*,#2132,.F.);
#3242=ORIENTED_EDGE('',*,*,#2446,.T.);
#3243=ORIENTED_EDGE('',*,*,#2239,.F.);
#3244=ORIENTED_EDGE('',*,*,#2446,.F.);
#3245=ORIENTED_EDGE('',*,*,#2133,.F.);
#3246=ORIENTED_EDGE('',*,*,#2447,.T.);
#3247=ORIENTED_EDGE('',*,*,#2240,.F.);
#3248=ORIENTED_EDGE('',*,*,#2447,.F.);
#3249=ORIENTED_EDGE('',*,*,#2134,.F.);
#3250=ORIENTED_EDGE('',*,*,#2448,.T.);
#3251=ORIENTED_EDGE('',*,*,#2241,.F.);
#3252=ORIENTED_EDGE('',*,*,#2448,.F.);
#3253=ORIENTED_EDGE('',*,*,#2135,.F.);
#3254=ORIENTED_EDGE('',*,*,#2449,.T.);
#3255=ORIENTED_EDGE('',*,*,#2242,.F.);
#3256=ORIENTED_EDGE('',*,*,#2449,.F.);
#3257=ORIENTED_EDGE('',*,*,#2136,.F.);
#3258=ORIENTED_EDGE('',*,*,#2450,.T.);
#3259=ORIENTED_EDGE('',*,*,#2243,.F.);
#3260=ORIENTED_EDGE('',*,*,#2450,.F.);
#3261=ORIENTED_EDGE('',*,*,#2137,.F.);
#3262=ORIENTED_EDGE('',*,*,#2451,.T.);
#3263=ORIENTED_EDGE('',*,*,#2244,.F.);
#3264=ORIENTED_EDGE('',*,*,#2451,.F.);
#3265=ORIENTED_EDGE('',*,*,#2138,.F.);
#3266=ORIENTED_EDGE('',*,*,#2452,.T.);
#3267=ORIENTED_EDGE('',*,*,#2245,.F.);
#3268=ORIENTED_EDGE('',*,*,#2452,.F.);
#3269=ORIENTED_EDGE('',*,*,#2139,.F.);
#3270=ORIENTED_EDGE('',*,*,#2453,.T.);
#3271=ORIENTED_EDGE('',*,*,#2246,.F.);
#3272=ORIENTED_EDGE('',*,*,#2453,.F.);
#3273=ORIENTED_EDGE('',*,*,#2140,.F.);
#3274=ORIENTED_EDGE('',*,*,#2454,.T.);
#3275=ORIENTED_EDGE('',*,*,#2247,.F.);
#3276=ORIENTED_EDGE('',*,*,#2454,.F.);
#3277=ORIENTED_EDGE('',*,*,#2141,.F.);
#3278=ORIENTED_EDGE('',*,*,#2455,.T.);
#3279=ORIENTED_EDGE('',*,*,#2248,.F.);
#3280=ORIENTED_EDGE('',*,*,#2455,.F.);
#3281=ORIENTED_EDGE('',*,*,#2142,.F.);
#3282=ORIENTED_EDGE('',*,*,#2456,.T.);
#3283=ORIENTED_EDGE('',*,*,#2249,.F.);
#3284=ORIENTED_EDGE('',*,*,#2456,.F.);
#3285=ORIENTED_EDGE('',*,*,#2143,.F.);
#3286=ORIENTED_EDGE('',*,*,#2457,.T.);
#3287=ORIENTED_EDGE('',*,*,#2250,.F.);
#3288=ORIENTED_EDGE('',*,*,#2457,.F.);
#3289=ORIENTED_EDGE('',*,*,#2144,.F.);
#3290=ORIENTED_EDGE('',*,*,#2458,.T.);
#3291=ORIENTED_EDGE('',*,*,#2251,.F.);
#3292=ORIENTED_EDGE('',*,*,#2458,.F.);
#3293=ORIENTED_EDGE('',*,*,#2145,.F.);
#3294=ORIENTED_EDGE('',*,*,#2459,.T.);
#3295=ORIENTED_EDGE('',*,*,#2252,.F.);
#3296=ORIENTED_EDGE('',*,*,#2459,.F.);
#3297=ORIENTED_EDGE('',*,*,#2146,.F.);
#3298=ORIENTED_EDGE('',*,*,#2460,.T.);
#3299=ORIENTED_EDGE('',*,*,#2253,.F.);
#3300=ORIENTED_EDGE('',*,*,#2460,.F.);
#3301=ORIENTED_EDGE('',*,*,#2147,.F.);
#3302=ORIENTED_EDGE('',*,*,#2461,.T.);
#3303=ORIENTED_EDGE('',*,*,#2254,.F.);
#3304=ORIENTED_EDGE('',*,*,#2461,.F.);
#3305=ORIENTED_EDGE('',*,*,#2148,.F.);
#3306=ORIENTED_EDGE('',*,*,#2462,.T.);
#3307=ORIENTED_EDGE('',*,*,#2255,.F.);
#3308=ORIENTED_EDGE('',*,*,#2462,.F.);
#3309=ORIENTED_EDGE('',*,*,#2149,.F.);
#3310=ORIENTED_EDGE('',*,*,#2463,.T.);
#3311=ORIENTED_EDGE('',*,*,#2256,.F.);
#3312=ORIENTED_EDGE('',*,*,#2463,.F.);
#3313=ORIENTED_EDGE('',*,*,#2150,.F.);
#3314=ORIENTED_EDGE('',*,*,#2464,.T.);
#3315=ORIENTED_EDGE('',*,*,#2257,.F.);
#3316=ORIENTED_EDGE('',*,*,#2464,.F.);
#3317=ORIENTED_EDGE('',*,*,#2206,.F.);
#3318=ORIENTED_EDGE('',*,*,#2465,.T.);
#3319=ORIENTED_EDGE('',*,*,#2313,.F.);
#3320=ORIENTED_EDGE('',*,*,#2465,.F.);
#3321=ORIENTED_EDGE('',*,*,#2205,.F.);
#3322=ORIENTED_EDGE('',*,*,#2466,.T.);
#3323=ORIENTED_EDGE('',*,*,#2312,.F.);
#3324=ORIENTED_EDGE('',*,*,#2466,.F.);
#3325=ORIENTED_EDGE('',*,*,#2204,.F.);
#3326=ORIENTED_EDGE('',*,*,#2467,.T.);
#3327=ORIENTED_EDGE('',*,*,#2311,.F.);
#3328=ORIENTED_EDGE('',*,*,#2467,.F.);
#3329=ORIENTED_EDGE('',*,*,#2203,.F.);
#3330=ORIENTED_EDGE('',*,*,#2468,.T.);
#3331=ORIENTED_EDGE('',*,*,#2310,.F.);
#3332=ORIENTED_EDGE('',*,*,#2468,.F.);
#3333=ORIENTED_EDGE('',*,*,#2202,.F.);
#3334=ORIENTED_EDGE('',*,*,#2469,.T.);
#3335=ORIENTED_EDGE('',*,*,#2309,.F.);
#3336=ORIENTED_EDGE('',*,*,#2469,.F.);
#3337=ORIENTED_EDGE('',*,*,#2201,.F.);
#3338=ORIENTED_EDGE('',*,*,#2470,.T.);
#3339=ORIENTED_EDGE('',*,*,#2308,.F.);
#3340=ORIENTED_EDGE('',*,*,#2470,.F.);
#3341=ORIENTED_EDGE('',*,*,#2200,.F.);
#3342=ORIENTED_EDGE('',*,*,#2471,.T.);
#3343=ORIENTED_EDGE('',*,*,#2307,.F.);
#3344=ORIENTED_EDGE('',*,*,#2471,.F.);
#3345=ORIENTED_EDGE('',*,*,#2199,.F.);
#3346=ORIENTED_EDGE('',*,*,#2472,.T.);
#3347=ORIENTED_EDGE('',*,*,#2306,.F.);
#3348=ORIENTED_EDGE('',*,*,#2472,.F.);
#3349=ORIENTED_EDGE('',*,*,#2151,.F.);
#3350=ORIENTED_EDGE('',*,*,#2473,.T.);
#3351=ORIENTED_EDGE('',*,*,#2258,.F.);
#3352=ORIENTED_EDGE('',*,*,#2473,.F.);
#3353=ORIENTED_EDGE('',*,*,#2152,.F.);
#3354=ORIENTED_EDGE('',*,*,#2474,.T.);
#3355=ORIENTED_EDGE('',*,*,#2259,.F.);
#3356=ORIENTED_EDGE('',*,*,#2474,.F.);
#3357=ORIENTED_EDGE('',*,*,#2153,.F.);
#3358=ORIENTED_EDGE('',*,*,#2475,.T.);
#3359=ORIENTED_EDGE('',*,*,#2260,.F.);
#3360=ORIENTED_EDGE('',*,*,#2475,.F.);
#3361=ORIENTED_EDGE('',*,*,#2154,.F.);
#3362=ORIENTED_EDGE('',*,*,#2476,.T.);
#3363=ORIENTED_EDGE('',*,*,#2261,.F.);
#3364=ORIENTED_EDGE('',*,*,#2476,.F.);
#3365=ORIENTED_EDGE('',*,*,#2477,.T.);
#3366=ORIENTED_EDGE('',*,*,#2478,.T.);
#3367=ORIENTED_EDGE('',*,*,#2479,.T.);
#3368=ORIENTED_EDGE('',*,*,#2191,.T.);
#3369=ORIENTED_EDGE('',*,*,#2480,.T.);
#3370=ORIENTED_EDGE('',*,*,#2192,.T.);
#3371=ORIENTED_EDGE('',*,*,#2479,.F.);
#3372=ORIENTED_EDGE('',*,*,#2481,.T.);
#3373=ORIENTED_EDGE('',*,*,#2482,.T.);
#3374=ORIENTED_EDGE('',*,*,#2193,.T.);
#3375=ORIENTED_EDGE('',*,*,#2480,.F.);
#3376=ORIENTED_EDGE('',*,*,#2483,.T.);
#3377=ORIENTED_EDGE('',*,*,#2484,.T.);
#3378=ORIENTED_EDGE('',*,*,#2194,.T.);
#3379=ORIENTED_EDGE('',*,*,#2482,.F.);
#3380=ORIENTED_EDGE('',*,*,#2485,.T.);
#3381=ORIENTED_EDGE('',*,*,#2486,.T.);
#3382=ORIENTED_EDGE('',*,*,#2195,.T.);
#3383=ORIENTED_EDGE('',*,*,#2484,.F.);
#3384=ORIENTED_EDGE('',*,*,#2487,.T.);
#3385=ORIENTED_EDGE('',*,*,#2488,.T.);
#3386=ORIENTED_EDGE('',*,*,#2196,.T.);
#3387=ORIENTED_EDGE('',*,*,#2486,.F.);
#3388=ORIENTED_EDGE('',*,*,#2489,.T.);
#3389=ORIENTED_EDGE('',*,*,#2490,.T.);
#3390=ORIENTED_EDGE('',*,*,#2197,.T.);
#3391=ORIENTED_EDGE('',*,*,#2488,.F.);
#3392=ORIENTED_EDGE('',*,*,#2491,.T.);
#3393=ORIENTED_EDGE('',*,*,#2477,.F.);
#3394=ORIENTED_EDGE('',*,*,#2198,.T.);
#3395=ORIENTED_EDGE('',*,*,#2490,.F.);
#3396=ORIENTED_EDGE('',*,*,#2492,.T.);
#3397=ORIENTED_EDGE('',*,*,#2485,.F.);
#3398=ORIENTED_EDGE('',*,*,#2493,.T.);
#3399=ORIENTED_EDGE('',*,*,#2494,.F.);
#3400=ORIENTED_EDGE('',*,*,#2495,.F.);
#3401=ORIENTED_EDGE('',*,*,#2483,.F.);
#3402=ORIENTED_EDGE('',*,*,#2496,.T.);
#3403=ORIENTED_EDGE('',*,*,#2497,.F.);
#3404=ORIENTED_EDGE('',*,*,#2493,.F.);
#3405=ORIENTED_EDGE('',*,*,#2481,.F.);
#3406=ORIENTED_EDGE('',*,*,#2498,.T.);
#3407=ORIENTED_EDGE('',*,*,#2499,.F.);
#3408=ORIENTED_EDGE('',*,*,#2496,.F.);
#3409=ORIENTED_EDGE('',*,*,#2478,.F.);
#3410=ORIENTED_EDGE('',*,*,#2500,.T.);
#3411=ORIENTED_EDGE('',*,*,#2501,.F.);
#3412=ORIENTED_EDGE('',*,*,#2498,.F.);
#3413=ORIENTED_EDGE('',*,*,#2502,.T.);
#3414=ORIENTED_EDGE('',*,*,#2497,.T.);
#3415=ORIENTED_EDGE('',*,*,#2503,.T.);
#3416=ORIENTED_EDGE('',*,*,#2298,.T.);
#3417=ORIENTED_EDGE('',*,*,#2504,.T.);
#3418=ORIENTED_EDGE('',*,*,#2299,.T.);
#3419=ORIENTED_EDGE('',*,*,#2503,.F.);
#3420=ORIENTED_EDGE('',*,*,#2499,.T.);
#3421=ORIENTED_EDGE('',*,*,#2505,.T.);
#3422=ORIENTED_EDGE('',*,*,#2300,.T.);
#3423=ORIENTED_EDGE('',*,*,#2504,.F.);
#3424=ORIENTED_EDGE('',*,*,#2501,.T.);
#3425=ORIENTED_EDGE('',*,*,#2506,.T.);
#3426=ORIENTED_EDGE('',*,*,#2301,.T.);
#3427=ORIENTED_EDGE('',*,*,#2505,.F.);
#3428=ORIENTED_EDGE('',*,*,#2507,.T.);
#3429=ORIENTED_EDGE('',*,*,#2508,.T.);
#3430=ORIENTED_EDGE('',*,*,#2302,.T.);
#3431=ORIENTED_EDGE('',*,*,#2506,.F.);
#3432=ORIENTED_EDGE('',*,*,#2509,.T.);
#3433=ORIENTED_EDGE('',*,*,#2510,.T.);
#3434=ORIENTED_EDGE('',*,*,#2303,.T.);
#3435=ORIENTED_EDGE('',*,*,#2508,.F.);
#3436=ORIENTED_EDGE('',*,*,#2511,.T.);
#3437=ORIENTED_EDGE('',*,*,#2512,.T.);
#3438=ORIENTED_EDGE('',*,*,#2304,.T.);
#3439=ORIENTED_EDGE('',*,*,#2510,.F.);
#3440=ORIENTED_EDGE('',*,*,#2513,.T.);
#3441=ORIENTED_EDGE('',*,*,#2502,.F.);
#3442=ORIENTED_EDGE('',*,*,#2305,.T.);
#3443=ORIENTED_EDGE('',*,*,#2512,.F.);
#3444=ORIENTED_EDGE('',*,*,#2494,.T.);
#3445=ORIENTED_EDGE('',*,*,#2492,.F.);
#3446=ORIENTED_EDGE('',*,*,#2514,.T.);
#3447=ORIENTED_EDGE('',*,*,#2507,.F.);
#3448=ORIENTED_EDGE('',*,*,#2500,.F.);
#3449=ORIENTED_EDGE('',*,*,#2155,.F.);
#3450=ORIENTED_EDGE('',*,*,#2515,.T.);
#3451=ORIENTED_EDGE('',*,*,#2262,.F.);
#3452=ORIENTED_EDGE('',*,*,#2515,.F.);
#3453=ORIENTED_EDGE('',*,*,#2156,.F.);
#3454=ORIENTED_EDGE('',*,*,#2516,.T.);
#3455=ORIENTED_EDGE('',*,*,#2263,.F.);
#3456=ORIENTED_EDGE('',*,*,#2516,.F.);
#3457=ORIENTED_EDGE('',*,*,#2157,.F.);
#3458=ORIENTED_EDGE('',*,*,#2517,.T.);
#3459=ORIENTED_EDGE('',*,*,#2264,.F.);
#3460=ORIENTED_EDGE('',*,*,#2517,.F.);
#3461=ORIENTED_EDGE('',*,*,#2158,.F.);
#3462=ORIENTED_EDGE('',*,*,#2518,.T.);
#3463=ORIENTED_EDGE('',*,*,#2265,.F.);
#3464=ORIENTED_EDGE('',*,*,#2518,.F.);
#3465=ORIENTED_EDGE('',*,*,#2491,.F.);
#3466=ORIENTED_EDGE('',*,*,#2519,.T.);
#3467=ORIENTED_EDGE('',*,*,#2509,.F.);
#3468=ORIENTED_EDGE('',*,*,#2514,.F.);
#3469=ORIENTED_EDGE('',*,*,#2489,.F.);
#3470=ORIENTED_EDGE('',*,*,#2520,.T.);
#3471=ORIENTED_EDGE('',*,*,#2511,.F.);
#3472=ORIENTED_EDGE('',*,*,#2519,.F.);
#3473=ORIENTED_EDGE('',*,*,#2487,.F.);
#3474=ORIENTED_EDGE('',*,*,#2495,.T.);
#3475=ORIENTED_EDGE('',*,*,#2513,.F.);
#3476=ORIENTED_EDGE('',*,*,#2520,.F.);
#3477=ORIENTED_EDGE('',*,*,#2521,.T.);
#3478=ORIENTED_EDGE('',*,*,#2522,.T.);
#3479=ORIENTED_EDGE('',*,*,#2523,.T.);
#3480=ORIENTED_EDGE('',*,*,#2217,.T.);
#3481=ORIENTED_EDGE('',*,*,#2524,.T.);
#3482=ORIENTED_EDGE('',*,*,#2218,.T.);
#3483=ORIENTED_EDGE('',*,*,#2523,.F.);
#3484=ORIENTED_EDGE('',*,*,#2525,.T.);
#3485=ORIENTED_EDGE('',*,*,#2526,.T.);
#3486=ORIENTED_EDGE('',*,*,#2219,.T.);
#3487=ORIENTED_EDGE('',*,*,#2524,.F.);
#3488=ORIENTED_EDGE('',*,*,#2527,.T.);
#3489=ORIENTED_EDGE('',*,*,#2528,.T.);
#3490=ORIENTED_EDGE('',*,*,#2220,.T.);
#3491=ORIENTED_EDGE('',*,*,#2526,.F.);
#3492=ORIENTED_EDGE('',*,*,#2529,.T.);
#3493=ORIENTED_EDGE('',*,*,#2530,.T.);
#3494=ORIENTED_EDGE('',*,*,#2221,.T.);
#3495=ORIENTED_EDGE('',*,*,#2528,.F.);
#3496=ORIENTED_EDGE('',*,*,#2531,.T.);
#3497=ORIENTED_EDGE('',*,*,#2532,.T.);
#3498=ORIENTED_EDGE('',*,*,#2222,.T.);
#3499=ORIENTED_EDGE('',*,*,#2530,.F.);
#3500=ORIENTED_EDGE('',*,*,#2533,.T.);
#3501=ORIENTED_EDGE('',*,*,#2534,.T.);
#3502=ORIENTED_EDGE('',*,*,#2223,.T.);
#3503=ORIENTED_EDGE('',*,*,#2532,.F.);
#3504=ORIENTED_EDGE('',*,*,#2535,.T.);
#3505=ORIENTED_EDGE('',*,*,#2534,.F.);
#3506=ORIENTED_EDGE('',*,*,#2536,.T.);
#3507=ORIENTED_EDGE('',*,*,#2521,.F.);
#3508=ORIENTED_EDGE('',*,*,#2224,.T.);
#3509=ORIENTED_EDGE('',*,*,#2529,.F.);
#3510=ORIENTED_EDGE('',*,*,#2537,.T.);
#3511=ORIENTED_EDGE('',*,*,#2538,.F.);
#3512=ORIENTED_EDGE('',*,*,#2539,.T.);
#3513=ORIENTED_EDGE('',*,*,#2527,.F.);
#3514=ORIENTED_EDGE('',*,*,#2540,.F.);
#3515=ORIENTED_EDGE('',*,*,#2541,.F.);
#3516=ORIENTED_EDGE('',*,*,#2537,.F.);
#3517=ORIENTED_EDGE('',*,*,#2525,.F.);
#3518=ORIENTED_EDGE('',*,*,#2542,.T.);
#3519=ORIENTED_EDGE('',*,*,#2543,.F.);
#3520=ORIENTED_EDGE('',*,*,#2540,.T.);
#3521=ORIENTED_EDGE('',*,*,#2522,.F.);
#3522=ORIENTED_EDGE('',*,*,#2544,.F.);
#3523=ORIENTED_EDGE('',*,*,#2545,.F.);
#3524=ORIENTED_EDGE('',*,*,#2542,.F.);
#3525=ORIENTED_EDGE('',*,*,#2546,.T.);
#3526=ORIENTED_EDGE('',*,*,#2541,.T.);
#3527=ORIENTED_EDGE('',*,*,#2547,.T.);
#3528=ORIENTED_EDGE('',*,*,#2110,.T.);
#3529=ORIENTED_EDGE('',*,*,#2548,.T.);
#3530=ORIENTED_EDGE('',*,*,#2111,.T.);
#3531=ORIENTED_EDGE('',*,*,#2547,.F.);
#3532=ORIENTED_EDGE('',*,*,#2543,.T.);
#3533=ORIENTED_EDGE('',*,*,#2549,.T.);
#3534=ORIENTED_EDGE('',*,*,#2112,.T.);
#3535=ORIENTED_EDGE('',*,*,#2548,.F.);
#3536=ORIENTED_EDGE('',*,*,#2545,.T.);
#3537=ORIENTED_EDGE('',*,*,#2550,.T.);
#3538=ORIENTED_EDGE('',*,*,#2113,.T.);
#3539=ORIENTED_EDGE('',*,*,#2549,.F.);
#3540=ORIENTED_EDGE('',*,*,#2551,.T.);
#3541=ORIENTED_EDGE('',*,*,#2552,.T.);
#3542=ORIENTED_EDGE('',*,*,#2114,.T.);
#3543=ORIENTED_EDGE('',*,*,#2550,.F.);
#3544=ORIENTED_EDGE('',*,*,#2553,.T.);
#3545=ORIENTED_EDGE('',*,*,#2554,.T.);
#3546=ORIENTED_EDGE('',*,*,#2115,.T.);
#3547=ORIENTED_EDGE('',*,*,#2552,.F.);
#3548=ORIENTED_EDGE('',*,*,#2555,.T.);
#3549=ORIENTED_EDGE('',*,*,#2556,.T.);
#3550=ORIENTED_EDGE('',*,*,#2116,.T.);
#3551=ORIENTED_EDGE('',*,*,#2554,.F.);
#3552=ORIENTED_EDGE('',*,*,#2557,.T.);
#3553=ORIENTED_EDGE('',*,*,#2556,.F.);
#3554=ORIENTED_EDGE('',*,*,#2538,.T.);
#3555=ORIENTED_EDGE('',*,*,#2546,.F.);
#3556=ORIENTED_EDGE('',*,*,#2117,.T.);
#3557=ORIENTED_EDGE('',*,*,#2536,.F.);
#3558=ORIENTED_EDGE('',*,*,#2558,.T.);
#3559=ORIENTED_EDGE('',*,*,#2551,.F.);
#3560=ORIENTED_EDGE('',*,*,#2544,.T.);
#3561=ORIENTED_EDGE('',*,*,#2559,.T.);
#3562=ORIENTED_EDGE('',*,*,#2560,.T.);
#3563=ORIENTED_EDGE('',*,*,#2561,.T.);
#3564=ORIENTED_EDGE('',*,*,#2266,.T.);
#3565=ORIENTED_EDGE('',*,*,#2562,.T.);
#3566=ORIENTED_EDGE('',*,*,#2267,.T.);
#3567=ORIENTED_EDGE('',*,*,#2561,.F.);
#3568=ORIENTED_EDGE('',*,*,#2563,.T.);
#3569=ORIENTED_EDGE('',*,*,#2564,.T.);
#3570=ORIENTED_EDGE('',*,*,#2268,.T.);
#3571=ORIENTED_EDGE('',*,*,#2562,.F.);
#3572=ORIENTED_EDGE('',*,*,#2565,.T.);
#3573=ORIENTED_EDGE('',*,*,#2566,.T.);
#3574=ORIENTED_EDGE('',*,*,#2269,.T.);
#3575=ORIENTED_EDGE('',*,*,#2564,.F.);
#3576=ORIENTED_EDGE('',*,*,#2567,.T.);
#3577=ORIENTED_EDGE('',*,*,#2568,.T.);
#3578=ORIENTED_EDGE('',*,*,#2270,.T.);
#3579=ORIENTED_EDGE('',*,*,#2566,.F.);
#3580=ORIENTED_EDGE('',*,*,#2569,.T.);
#3581=ORIENTED_EDGE('',*,*,#2570,.T.);
#3582=ORIENTED_EDGE('',*,*,#2271,.T.);
#3583=ORIENTED_EDGE('',*,*,#2568,.F.);
#3584=ORIENTED_EDGE('',*,*,#2571,.T.);
#3585=ORIENTED_EDGE('',*,*,#2572,.T.);
#3586=ORIENTED_EDGE('',*,*,#2272,.T.);
#3587=ORIENTED_EDGE('',*,*,#2570,.F.);
#3588=ORIENTED_EDGE('',*,*,#2573,.T.);
#3589=ORIENTED_EDGE('',*,*,#2559,.F.);
#3590=ORIENTED_EDGE('',*,*,#2273,.T.);
#3591=ORIENTED_EDGE('',*,*,#2572,.F.);
#3592=ORIENTED_EDGE('',*,*,#2574,.T.);
#3593=ORIENTED_EDGE('',*,*,#2567,.F.);
#3594=ORIENTED_EDGE('',*,*,#2575,.F.);
#3595=ORIENTED_EDGE('',*,*,#2576,.F.);
#3596=ORIENTED_EDGE('',*,*,#2577,.T.);
#3597=ORIENTED_EDGE('',*,*,#2565,.F.);
#3598=ORIENTED_EDGE('',*,*,#2578,.F.);
#3599=ORIENTED_EDGE('',*,*,#2579,.F.);
#3600=ORIENTED_EDGE('',*,*,#2575,.T.);
#3601=ORIENTED_EDGE('',*,*,#2563,.F.);
#3602=ORIENTED_EDGE('',*,*,#2580,.F.);
#3603=ORIENTED_EDGE('',*,*,#2581,.F.);
#3604=ORIENTED_EDGE('',*,*,#2578,.T.);
#3605=ORIENTED_EDGE('',*,*,#2560,.F.);
#3606=ORIENTED_EDGE('',*,*,#2582,.F.);
#3607=ORIENTED_EDGE('',*,*,#2583,.F.);
#3608=ORIENTED_EDGE('',*,*,#2580,.T.);
#3609=ORIENTED_EDGE('',*,*,#2584,.T.);
#3610=ORIENTED_EDGE('',*,*,#2585,.T.);
#3611=ORIENTED_EDGE('',*,*,#2586,.T.);
#3612=ORIENTED_EDGE('',*,*,#2159,.T.);
#3613=ORIENTED_EDGE('',*,*,#2587,.T.);
#3614=ORIENTED_EDGE('',*,*,#2160,.T.);
#3615=ORIENTED_EDGE('',*,*,#2586,.F.);
#3616=ORIENTED_EDGE('',*,*,#2588,.T.);
#3617=ORIENTED_EDGE('',*,*,#2589,.T.);
#3618=ORIENTED_EDGE('',*,*,#2161,.T.);
#3619=ORIENTED_EDGE('',*,*,#2587,.F.);
#3620=ORIENTED_EDGE('',*,*,#2590,.T.);
#3621=ORIENTED_EDGE('',*,*,#2591,.T.);
#3622=ORIENTED_EDGE('',*,*,#2162,.T.);
#3623=ORIENTED_EDGE('',*,*,#2589,.F.);
#3624=ORIENTED_EDGE('',*,*,#2576,.T.);
#3625=ORIENTED_EDGE('',*,*,#2592,.T.);
#3626=ORIENTED_EDGE('',*,*,#2163,.T.);
#3627=ORIENTED_EDGE('',*,*,#2591,.F.);
#3628=ORIENTED_EDGE('',*,*,#2579,.T.);
#3629=ORIENTED_EDGE('',*,*,#2593,.T.);
#3630=ORIENTED_EDGE('',*,*,#2164,.T.);
#3631=ORIENTED_EDGE('',*,*,#2592,.F.);
#3632=ORIENTED_EDGE('',*,*,#2581,.T.);
#3633=ORIENTED_EDGE('',*,*,#2594,.T.);
#3634=ORIENTED_EDGE('',*,*,#2165,.T.);
#3635=ORIENTED_EDGE('',*,*,#2593,.F.);
#3636=ORIENTED_EDGE('',*,*,#2583,.T.);
#3637=ORIENTED_EDGE('',*,*,#2584,.F.);
#3638=ORIENTED_EDGE('',*,*,#2166,.T.);
#3639=ORIENTED_EDGE('',*,*,#2594,.F.);
#3640=ORIENTED_EDGE('',*,*,#2595,.T.);
#3641=ORIENTED_EDGE('',*,*,#2569,.F.);
#3642=ORIENTED_EDGE('',*,*,#2577,.F.);
#3643=ORIENTED_EDGE('',*,*,#2590,.F.);
#3644=ORIENTED_EDGE('',*,*,#2596,.T.);
#3645=ORIENTED_EDGE('',*,*,#2571,.F.);
#3646=ORIENTED_EDGE('',*,*,#2596,.F.);
#3647=ORIENTED_EDGE('',*,*,#2588,.F.);
#3648=ORIENTED_EDGE('',*,*,#2597,.T.);
#3649=ORIENTED_EDGE('',*,*,#2573,.F.);
#3650=ORIENTED_EDGE('',*,*,#2597,.F.);
#3651=ORIENTED_EDGE('',*,*,#2585,.F.);
#3652=ORIENTED_EDGE('',*,*,#2598,.T.);
#3653=ORIENTED_EDGE('',*,*,#2599,.T.);
#3654=ORIENTED_EDGE('',*,*,#2600,.T.);
#3655=ORIENTED_EDGE('',*,*,#2601,.T.);
#3656=ORIENTED_EDGE('',*,*,#2183,.T.);
#3657=ORIENTED_EDGE('',*,*,#2602,.T.);
#3658=ORIENTED_EDGE('',*,*,#2184,.T.);
#3659=ORIENTED_EDGE('',*,*,#2601,.F.);
#3660=ORIENTED_EDGE('',*,*,#2603,.T.);
#3661=ORIENTED_EDGE('',*,*,#2604,.T.);
#3662=ORIENTED_EDGE('',*,*,#2185,.T.);
#3663=ORIENTED_EDGE('',*,*,#2602,.F.);
#3664=ORIENTED_EDGE('',*,*,#2605,.T.);
#3665=ORIENTED_EDGE('',*,*,#2606,.T.);
#3666=ORIENTED_EDGE('',*,*,#2186,.T.);
#3667=ORIENTED_EDGE('',*,*,#2604,.F.);
#3668=ORIENTED_EDGE('',*,*,#2607,.T.);
#3669=ORIENTED_EDGE('',*,*,#2608,.T.);
#3670=ORIENTED_EDGE('',*,*,#2187,.T.);
#3671=ORIENTED_EDGE('',*,*,#2606,.F.);
#3672=ORIENTED_EDGE('',*,*,#2609,.T.);
#3673=ORIENTED_EDGE('',*,*,#2610,.T.);
#3674=ORIENTED_EDGE('',*,*,#2188,.T.);
#3675=ORIENTED_EDGE('',*,*,#2608,.F.);
#3676=ORIENTED_EDGE('',*,*,#2611,.T.);
#3677=ORIENTED_EDGE('',*,*,#2612,.T.);
#3678=ORIENTED_EDGE('',*,*,#2189,.T.);
#3679=ORIENTED_EDGE('',*,*,#2610,.F.);
#3680=ORIENTED_EDGE('',*,*,#2613,.T.);
#3681=ORIENTED_EDGE('',*,*,#2599,.F.);
#3682=ORIENTED_EDGE('',*,*,#2190,.T.);
#3683=ORIENTED_EDGE('',*,*,#2612,.F.);
#3684=ORIENTED_EDGE('',*,*,#2614,.T.);
#3685=ORIENTED_EDGE('',*,*,#2607,.F.);
#3686=ORIENTED_EDGE('',*,*,#2615,.T.);
#3687=ORIENTED_EDGE('',*,*,#2616,.F.);
#3688=ORIENTED_EDGE('',*,*,#2617,.F.);
#3689=ORIENTED_EDGE('',*,*,#2605,.F.);
#3690=ORIENTED_EDGE('',*,*,#2618,.T.);
#3691=ORIENTED_EDGE('',*,*,#2619,.F.);
#3692=ORIENTED_EDGE('',*,*,#2615,.F.);
#3693=ORIENTED_EDGE('',*,*,#2603,.F.);
#3694=ORIENTED_EDGE('',*,*,#2620,.T.);
#3695=ORIENTED_EDGE('',*,*,#2621,.F.);
#3696=ORIENTED_EDGE('',*,*,#2618,.F.);
#3697=ORIENTED_EDGE('',*,*,#2600,.F.);
#3698=ORIENTED_EDGE('',*,*,#2622,.T.);
#3699=ORIENTED_EDGE('',*,*,#2623,.F.);
#3700=ORIENTED_EDGE('',*,*,#2620,.F.);
#3701=ORIENTED_EDGE('',*,*,#2624,.T.);
#3702=ORIENTED_EDGE('',*,*,#2625,.T.);
#3703=ORIENTED_EDGE('',*,*,#2626,.T.);
#3704=ORIENTED_EDGE('',*,*,#2290,.T.);
#3705=ORIENTED_EDGE('',*,*,#2627,.T.);
#3706=ORIENTED_EDGE('',*,*,#2291,.T.);
#3707=ORIENTED_EDGE('',*,*,#2626,.F.);
#3708=ORIENTED_EDGE('',*,*,#2628,.T.);
#3709=ORIENTED_EDGE('',*,*,#2629,.T.);
#3710=ORIENTED_EDGE('',*,*,#2292,.T.);
#3711=ORIENTED_EDGE('',*,*,#2627,.F.);
#3712=ORIENTED_EDGE('',*,*,#2616,.T.);
#3713=ORIENTED_EDGE('',*,*,#2630,.T.);
#3714=ORIENTED_EDGE('',*,*,#2293,.T.);
#3715=ORIENTED_EDGE('',*,*,#2629,.F.);
#3716=ORIENTED_EDGE('',*,*,#2619,.T.);
#3717=ORIENTED_EDGE('',*,*,#2631,.T.);
#3718=ORIENTED_EDGE('',*,*,#2294,.T.);
#3719=ORIENTED_EDGE('',*,*,#2630,.F.);
#3720=ORIENTED_EDGE('',*,*,#2621,.T.);
#3721=ORIENTED_EDGE('',*,*,#2632,.T.);
#3722=ORIENTED_EDGE('',*,*,#2295,.T.);
#3723=ORIENTED_EDGE('',*,*,#2631,.F.);
#3724=ORIENTED_EDGE('',*,*,#2623,.T.);
#3725=ORIENTED_EDGE('',*,*,#2633,.T.);
#3726=ORIENTED_EDGE('',*,*,#2296,.T.);
#3727=ORIENTED_EDGE('',*,*,#2632,.F.);
#3728=ORIENTED_EDGE('',*,*,#2634,.T.);
#3729=ORIENTED_EDGE('',*,*,#2624,.F.);
#3730=ORIENTED_EDGE('',*,*,#2297,.T.);
#3731=ORIENTED_EDGE('',*,*,#2633,.F.);
#3732=ORIENTED_EDGE('',*,*,#2635,.T.);
#3733=ORIENTED_EDGE('',*,*,#2609,.F.);
#3734=ORIENTED_EDGE('',*,*,#2617,.T.);
#3735=ORIENTED_EDGE('',*,*,#2628,.F.);
#3736=ORIENTED_EDGE('',*,*,#2636,.F.);
#3737=ORIENTED_EDGE('',*,*,#2611,.F.);
#3738=ORIENTED_EDGE('',*,*,#2636,.T.);
#3739=ORIENTED_EDGE('',*,*,#2625,.F.);
#3740=ORIENTED_EDGE('',*,*,#2637,.F.);
#3741=ORIENTED_EDGE('',*,*,#2638,.T.);
#3742=ORIENTED_EDGE('',*,*,#2639,.T.);
#3743=ORIENTED_EDGE('',*,*,#2640,.T.);
#3744=ORIENTED_EDGE('',*,*,#2274,.T.);
#3745=ORIENTED_EDGE('',*,*,#2641,.T.);
#3746=ORIENTED_EDGE('',*,*,#2275,.T.);
#3747=ORIENTED_EDGE('',*,*,#2640,.F.);
#3748=ORIENTED_EDGE('',*,*,#2642,.T.);
#3749=ORIENTED_EDGE('',*,*,#2643,.T.);
#3750=ORIENTED_EDGE('',*,*,#2276,.T.);
#3751=ORIENTED_EDGE('',*,*,#2641,.F.);
#3752=ORIENTED_EDGE('',*,*,#2644,.T.);
#3753=ORIENTED_EDGE('',*,*,#2645,.T.);
#3754=ORIENTED_EDGE('',*,*,#2277,.T.);
#3755=ORIENTED_EDGE('',*,*,#2643,.F.);
#3756=ORIENTED_EDGE('',*,*,#2646,.T.);
#3757=ORIENTED_EDGE('',*,*,#2647,.T.);
#3758=ORIENTED_EDGE('',*,*,#2278,.T.);
#3759=ORIENTED_EDGE('',*,*,#2645,.F.);
#3760=ORIENTED_EDGE('',*,*,#2648,.T.);
#3761=ORIENTED_EDGE('',*,*,#2649,.T.);
#3762=ORIENTED_EDGE('',*,*,#2279,.T.);
#3763=ORIENTED_EDGE('',*,*,#2647,.F.);
#3764=ORIENTED_EDGE('',*,*,#2650,.T.);
#3765=ORIENTED_EDGE('',*,*,#2651,.T.);
#3766=ORIENTED_EDGE('',*,*,#2280,.T.);
#3767=ORIENTED_EDGE('',*,*,#2649,.F.);
#3768=ORIENTED_EDGE('',*,*,#2652,.T.);
#3769=ORIENTED_EDGE('',*,*,#2638,.F.);
#3770=ORIENTED_EDGE('',*,*,#2281,.T.);
#3771=ORIENTED_EDGE('',*,*,#2651,.F.);
#3772=ORIENTED_EDGE('',*,*,#2653,.T.);
#3773=ORIENTED_EDGE('',*,*,#2646,.F.);
#3774=ORIENTED_EDGE('',*,*,#2654,.F.);
#3775=ORIENTED_EDGE('',*,*,#2655,.F.);
#3776=ORIENTED_EDGE('',*,*,#2656,.T.);
#3777=ORIENTED_EDGE('',*,*,#2644,.F.);
#3778=ORIENTED_EDGE('',*,*,#2657,.F.);
#3779=ORIENTED_EDGE('',*,*,#2658,.F.);
#3780=ORIENTED_EDGE('',*,*,#2654,.T.);
#3781=ORIENTED_EDGE('',*,*,#2642,.F.);
#3782=ORIENTED_EDGE('',*,*,#2659,.F.);
#3783=ORIENTED_EDGE('',*,*,#2660,.F.);
#3784=ORIENTED_EDGE('',*,*,#2657,.T.);
#3785=ORIENTED_EDGE('',*,*,#2639,.F.);
#3786=ORIENTED_EDGE('',*,*,#2661,.F.);
#3787=ORIENTED_EDGE('',*,*,#2662,.F.);
#3788=ORIENTED_EDGE('',*,*,#2659,.T.);
#3789=ORIENTED_EDGE('',*,*,#2663,.T.);
#3790=ORIENTED_EDGE('',*,*,#2655,.T.);
#3791=ORIENTED_EDGE('',*,*,#2664,.T.);
#3792=ORIENTED_EDGE('',*,*,#2167,.T.);
#3793=ORIENTED_EDGE('',*,*,#2665,.T.);
#3794=ORIENTED_EDGE('',*,*,#2168,.T.);
#3795=ORIENTED_EDGE('',*,*,#2664,.F.);
#3796=ORIENTED_EDGE('',*,*,#2658,.T.);
#3797=ORIENTED_EDGE('',*,*,#2666,.T.);
#3798=ORIENTED_EDGE('',*,*,#2169,.T.);
#3799=ORIENTED_EDGE('',*,*,#2665,.F.);
#3800=ORIENTED_EDGE('',*,*,#2660,.T.);
#3801=ORIENTED_EDGE('',*,*,#2667,.T.);
#3802=ORIENTED_EDGE('',*,*,#2170,.T.);
#3803=ORIENTED_EDGE('',*,*,#2666,.F.);
#3804=ORIENTED_EDGE('',*,*,#2662,.T.);
#3805=ORIENTED_EDGE('',*,*,#2668,.T.);
#3806=ORIENTED_EDGE('',*,*,#2171,.T.);
#3807=ORIENTED_EDGE('',*,*,#2667,.F.);
#3808=ORIENTED_EDGE('',*,*,#2669,.T.);
#3809=ORIENTED_EDGE('',*,*,#2670,.T.);
#3810=ORIENTED_EDGE('',*,*,#2172,.T.);
#3811=ORIENTED_EDGE('',*,*,#2668,.F.);
#3812=ORIENTED_EDGE('',*,*,#2671,.T.);
#3813=ORIENTED_EDGE('',*,*,#2672,.T.);
#3814=ORIENTED_EDGE('',*,*,#2173,.T.);
#3815=ORIENTED_EDGE('',*,*,#2670,.F.);
#3816=ORIENTED_EDGE('',*,*,#2673,.T.);
#3817=ORIENTED_EDGE('',*,*,#2663,.F.);
#3818=ORIENTED_EDGE('',*,*,#2174,.T.);
#3819=ORIENTED_EDGE('',*,*,#2672,.F.);
#3820=ORIENTED_EDGE('',*,*,#2674,.T.);
#3821=ORIENTED_EDGE('',*,*,#2675,.T.);
#3822=ORIENTED_EDGE('',*,*,#2676,.T.);
#3823=ORIENTED_EDGE('',*,*,#2677,.T.);
#3824=ORIENTED_EDGE('',*,*,#2282,.T.);
#3825=ORIENTED_EDGE('',*,*,#2678,.T.);
#3826=ORIENTED_EDGE('',*,*,#2283,.T.);
#3827=ORIENTED_EDGE('',*,*,#2677,.F.);
#3828=ORIENTED_EDGE('',*,*,#2679,.T.);
#3829=ORIENTED_EDGE('',*,*,#2680,.T.);
#3830=ORIENTED_EDGE('',*,*,#2284,.T.);
#3831=ORIENTED_EDGE('',*,*,#2678,.F.);
#3832=ORIENTED_EDGE('',*,*,#2681,.T.);
#3833=ORIENTED_EDGE('',*,*,#2682,.T.);
#3834=ORIENTED_EDGE('',*,*,#2285,.T.);
#3835=ORIENTED_EDGE('',*,*,#2680,.F.);
#3836=ORIENTED_EDGE('',*,*,#2683,.T.);
#3837=ORIENTED_EDGE('',*,*,#2684,.T.);
#3838=ORIENTED_EDGE('',*,*,#2286,.T.);
#3839=ORIENTED_EDGE('',*,*,#2682,.F.);
#3840=ORIENTED_EDGE('',*,*,#2685,.T.);
#3841=ORIENTED_EDGE('',*,*,#2686,.T.);
#3842=ORIENTED_EDGE('',*,*,#2287,.T.);
#3843=ORIENTED_EDGE('',*,*,#2684,.F.);
#3844=ORIENTED_EDGE('',*,*,#2687,.T.);
#3845=ORIENTED_EDGE('',*,*,#2688,.T.);
#3846=ORIENTED_EDGE('',*,*,#2288,.T.);
#3847=ORIENTED_EDGE('',*,*,#2686,.F.);
#3848=ORIENTED_EDGE('',*,*,#2689,.T.);
#3849=ORIENTED_EDGE('',*,*,#2675,.F.);
#3850=ORIENTED_EDGE('',*,*,#2289,.T.);
#3851=ORIENTED_EDGE('',*,*,#2688,.F.);
#3852=ORIENTED_EDGE('',*,*,#2690,.T.);
#3853=ORIENTED_EDGE('',*,*,#2683,.F.);
#3854=ORIENTED_EDGE('',*,*,#2691,.F.);
#3855=ORIENTED_EDGE('',*,*,#2692,.F.);
#3856=ORIENTED_EDGE('',*,*,#2693,.T.);
#3857=ORIENTED_EDGE('',*,*,#2681,.F.);
#3858=ORIENTED_EDGE('',*,*,#2694,.F.);
#3859=ORIENTED_EDGE('',*,*,#2695,.F.);
#3860=ORIENTED_EDGE('',*,*,#2691,.T.);
#3861=ORIENTED_EDGE('',*,*,#2679,.F.);
#3862=ORIENTED_EDGE('',*,*,#2696,.F.);
#3863=ORIENTED_EDGE('',*,*,#2697,.F.);
#3864=ORIENTED_EDGE('',*,*,#2694,.T.);
#3865=ORIENTED_EDGE('',*,*,#2676,.F.);
#3866=ORIENTED_EDGE('',*,*,#2698,.F.);
#3867=ORIENTED_EDGE('',*,*,#2699,.F.);
#3868=ORIENTED_EDGE('',*,*,#2696,.T.);
#3869=ORIENTED_EDGE('',*,*,#2700,.T.);
#3870=ORIENTED_EDGE('',*,*,#2701,.T.);
#3871=ORIENTED_EDGE('',*,*,#2702,.T.);
#3872=ORIENTED_EDGE('',*,*,#2175,.T.);
#3873=ORIENTED_EDGE('',*,*,#2703,.T.);
#3874=ORIENTED_EDGE('',*,*,#2176,.T.);
#3875=ORIENTED_EDGE('',*,*,#2702,.F.);
#3876=ORIENTED_EDGE('',*,*,#2692,.T.);
#3877=ORIENTED_EDGE('',*,*,#2704,.T.);
#3878=ORIENTED_EDGE('',*,*,#2177,.T.);
#3879=ORIENTED_EDGE('',*,*,#2703,.F.);
#3880=ORIENTED_EDGE('',*,*,#2695,.T.);
#3881=ORIENTED_EDGE('',*,*,#2705,.T.);
#3882=ORIENTED_EDGE('',*,*,#2178,.T.);
#3883=ORIENTED_EDGE('',*,*,#2704,.F.);
#3884=ORIENTED_EDGE('',*,*,#2697,.T.);
#3885=ORIENTED_EDGE('',*,*,#2706,.T.);
#3886=ORIENTED_EDGE('',*,*,#2179,.T.);
#3887=ORIENTED_EDGE('',*,*,#2705,.F.);
#3888=ORIENTED_EDGE('',*,*,#2699,.T.);
#3889=ORIENTED_EDGE('',*,*,#2707,.T.);
#3890=ORIENTED_EDGE('',*,*,#2180,.T.);
#3891=ORIENTED_EDGE('',*,*,#2706,.F.);
#3892=ORIENTED_EDGE('',*,*,#2708,.T.);
#3893=ORIENTED_EDGE('',*,*,#2709,.T.);
#3894=ORIENTED_EDGE('',*,*,#2181,.T.);
#3895=ORIENTED_EDGE('',*,*,#2707,.F.);
#3896=ORIENTED_EDGE('',*,*,#2710,.T.);
#3897=ORIENTED_EDGE('',*,*,#2700,.F.);
#3898=ORIENTED_EDGE('',*,*,#2182,.T.);
#3899=ORIENTED_EDGE('',*,*,#2709,.F.);
#3900=ORIENTED_EDGE('',*,*,#2711,.T.);
#3901=ORIENTED_EDGE('',*,*,#2685,.F.);
#3902=ORIENTED_EDGE('',*,*,#2693,.F.);
#3903=ORIENTED_EDGE('',*,*,#2701,.F.);
#3904=ORIENTED_EDGE('',*,*,#2712,.T.);
#3905=ORIENTED_EDGE('',*,*,#2533,.F.);
#3906=ORIENTED_EDGE('',*,*,#2713,.T.);
#3907=ORIENTED_EDGE('',*,*,#2555,.F.);
#3908=ORIENTED_EDGE('',*,*,#2714,.T.);
#3909=ORIENTED_EDGE('',*,*,#2535,.F.);
#3910=ORIENTED_EDGE('',*,*,#2714,.F.);
#3911=ORIENTED_EDGE('',*,*,#2553,.F.);
#3912=ORIENTED_EDGE('',*,*,#2558,.F.);
#3913=ORIENTED_EDGE('',*,*,#2614,.F.);
#3914=ORIENTED_EDGE('',*,*,#2715,.T.);
#3915=ORIENTED_EDGE('',*,*,#2634,.F.);
#3916=ORIENTED_EDGE('',*,*,#2622,.F.);
#3917=ORIENTED_EDGE('',*,*,#2613,.F.);
#3918=ORIENTED_EDGE('',*,*,#2637,.T.);
#3919=ORIENTED_EDGE('',*,*,#2635,.F.);
#3920=ORIENTED_EDGE('',*,*,#2715,.F.);
#3921=ORIENTED_EDGE('',*,*,#2653,.F.);
#3922=ORIENTED_EDGE('',*,*,#2716,.F.);
#3923=ORIENTED_EDGE('',*,*,#2669,.F.);
#3924=ORIENTED_EDGE('',*,*,#2661,.T.);
#3925=ORIENTED_EDGE('',*,*,#2648,.F.);
#3926=ORIENTED_EDGE('',*,*,#2656,.F.);
#3927=ORIENTED_EDGE('',*,*,#2674,.F.);
#3928=ORIENTED_EDGE('',*,*,#2717,.T.);
#3929=ORIENTED_EDGE('',*,*,#2650,.F.);
#3930=ORIENTED_EDGE('',*,*,#2717,.F.);
#3931=ORIENTED_EDGE('',*,*,#2673,.F.);
#3932=ORIENTED_EDGE('',*,*,#2718,.T.);
#3933=ORIENTED_EDGE('',*,*,#2652,.F.);
#3934=ORIENTED_EDGE('',*,*,#2718,.F.);
#3935=ORIENTED_EDGE('',*,*,#2671,.F.);
#3936=ORIENTED_EDGE('',*,*,#2716,.T.);
#3937=ORIENTED_EDGE('',*,*,#2574,.F.);
#3938=ORIENTED_EDGE('',*,*,#2598,.F.);
#3939=ORIENTED_EDGE('',*,*,#2595,.F.);
#3940=ORIENTED_EDGE('',*,*,#2582,.T.);
#3941=ORIENTED_EDGE('',*,*,#2687,.F.);
#3942=ORIENTED_EDGE('',*,*,#2712,.F.);
#3943=ORIENTED_EDGE('',*,*,#2711,.F.);
#3944=ORIENTED_EDGE('',*,*,#2719,.T.);
#3945=ORIENTED_EDGE('',*,*,#2689,.F.);
#3946=ORIENTED_EDGE('',*,*,#2719,.F.);
#3947=ORIENTED_EDGE('',*,*,#2710,.F.);
#3948=ORIENTED_EDGE('',*,*,#2720,.T.);
#3949=ORIENTED_EDGE('',*,*,#2690,.F.);
#3950=ORIENTED_EDGE('',*,*,#2720,.F.);
#3951=ORIENTED_EDGE('',*,*,#2708,.F.);
#3952=ORIENTED_EDGE('',*,*,#2698,.T.);
#3953=ORIENTED_EDGE('',*,*,#2531,.F.);
#3954=ORIENTED_EDGE('',*,*,#2539,.F.);
#3955=ORIENTED_EDGE('',*,*,#2557,.F.);
#3956=ORIENTED_EDGE('',*,*,#2713,.F.);
#3957=TOROIDAL_SURFACE('',#4295,2.25000000000001,0.5);
#3958=TOROIDAL_SURFACE('',#4385,2.25000000000001,0.5);
#3959=TOROIDAL_SURFACE('',#4470,2.25000000000001,0.5);
#3960=TOROIDAL_SURFACE('',#4477,2.25000000000001,0.5);
#3961=TOROIDAL_SURFACE('',#4479,2.24999999999999,0.5);
#3962=TOROIDAL_SURFACE('',#4486,2.24999999999999,0.5);
#3963=TOROIDAL_SURFACE('',#4488,2.25000000000001,0.5);
#3964=TOROIDAL_SURFACE('',#4495,2.25000000000001,0.5);
#3965=TOROIDAL_SURFACE('',#4497,2.24999999999999,0.5);
#3966=TOROIDAL_SURFACE('',#4504,2.24999999999999,0.5);
#3967=TOROIDAL_SURFACE('',#4506,2.25000000000001,0.5);
#3968=TOROIDAL_SURFACE('',#4513,2.25000000000001,0.5);
#3969=TOROIDAL_SURFACE('',#4515,2.25,0.5);
#3970=TOROIDAL_SURFACE('',#4522,2.25,0.5);
#3971=TOROIDAL_SURFACE('',#4524,2.25,0.5);
#3972=TOROIDAL_SURFACE('',#4531,2.25,0.5);
#3973=TOROIDAL_SURFACE('',#4533,2.24999999999999,0.5);
#3974=TOROIDAL_SURFACE('',#4540,2.24999999999999,0.5);
#3975=TOROIDAL_SURFACE('',#4547,2.24999999999999,0.5);
#3976=TOROIDAL_SURFACE('',#4549,2.24999999999999,0.5);
#3977=TOROIDAL_SURFACE('',#4551,2.24999999999999,0.5);
#3978=TOROIDAL_SURFACE('',#4558,2.24999999999999,0.5);
#3979=TOROIDAL_SURFACE('',#4565,2.24999999999999,0.5);
#3980=TOROIDAL_SURFACE('',#4567,2.24999999999999,0.5);
#3981=TOROIDAL_SURFACE('',#4569,2.24999999999999,0.5);
#3982=TOROIDAL_SURFACE('',#4576,2.24999999999999,0.5);
#3983=TOROIDAL_SURFACE('',#4578,2.24999999999999,0.5);
#3984=TOROIDAL_SURFACE('',#4585,2.24999999999999,0.5);
#3985=TOROIDAL_SURFACE('',#4587,2.24999999999999,0.5);
#3986=TOROIDAL_SURFACE('',#4594,2.24999999999999,0.5);
#3987=TOROIDAL_SURFACE('',#4596,2.24999999999999,0.5);
#3988=TOROIDAL_SURFACE('',#4603,2.24999999999999,0.5);
#3989=TOROIDAL_SURFACE('',#4605,2.24999999999999,0.5);
#3990=TOROIDAL_SURFACE('',#4612,2.24999999999999,0.5);
#3991=TOROIDAL_SURFACE('',#4614,2.24999999999999,0.5);
#3992=TOROIDAL_SURFACE('',#4621,2.24999999999999,0.5);
#3993=TOROIDAL_SURFACE('',#4662,3.50000000000002,0.5);
#3994=TOROIDAL_SURFACE('',#4667,3.50000000000002,0.5);
#3995=TOROIDAL_SURFACE('',#4672,3.50000000000002,0.5);
#3996=TOROIDAL_SURFACE('',#4677,3.50000000000002,0.5);
#3997=TOROIDAL_SURFACE('',#4688,3.50000000000002,0.5);
#3998=TOROIDAL_SURFACE('',#4692,3.50000000000002,0.5);
#3999=TOROIDAL_SURFACE('',#4697,3.50000000000002,0.5);
#4000=TOROIDAL_SURFACE('',#4702,3.50000000000002,0.5);
#4001=TOROIDAL_SURFACE('',#4714,9.5,0.5);
#4002=TOROIDAL_SURFACE('',#4719,9.5,0.5);
#4003=TOROIDAL_SURFACE('',#4724,9.5,0.5);
#4004=TOROIDAL_SURFACE('',#4729,9.5,0.5);
#4005=TOROIDAL_SURFACE('',#4740,9.5,0.5);
#4006=TOROIDAL_SURFACE('',#4744,9.5,0.5);
#4007=TOROIDAL_SURFACE('',#4749,9.5,0.5);
#4008=TOROIDAL_SURFACE('',#4754,9.5,0.5);
#4009=TOROIDAL_SURFACE('',#4756,3.50000000000001,0.5);
#4010=TOROIDAL_SURFACE('',#4762,3.50000000000002,0.5);
#4011=TOROIDAL_SURFACE('',#4767,3.50000000000004,0.5);
#4012=TOROIDAL_SURFACE('',#4772,3.50000000000002,0.5);
#4013=TOROIDAL_SURFACE('',#4782,3.50000000000002,0.5);
#4014=TOROIDAL_SURFACE('',#4788,3.50000000000004,0.5);
#4015=TOROIDAL_SURFACE('',#4793,3.50000000000002,0.5);
#4016=TOROIDAL_SURFACE('',#4797,3.50000000000001,0.5);
#4017=TOROIDAL_SURFACE('',#4803,3.50000000000001,0.5);
#4018=TOROIDAL_SURFACE('',#4809,3.50000000000006,0.5);
#4019=TOROIDAL_SURFACE('',#4814,3.50000000000001,0.5);
#4020=TOROIDAL_SURFACE('',#4819,3.50000000000002,0.5);
#4021=TOROIDAL_SURFACE('',#4832,3.50000000000001,0.5);
#4022=TOROIDAL_SURFACE('',#4837,3.50000000000006,0.5);
#4023=TOROIDAL_SURFACE('',#4841,3.50000000000001,0.5);
#4024=TOROIDAL_SURFACE('',#4845,3.50000000000002,0.5);
#4025=TOROIDAL_SURFACE('',#4849,3.50000000000004,0.5);
#4026=TOROIDAL_SURFACE('',#4855,3.50000000000004,0.5);
#4027=TOROIDAL_SURFACE('',#4860,3.50000000000002,0.5);
#4028=TOROIDAL_SURFACE('',#4865,3.50000000000001,0.5);
#4029=TOROIDAL_SURFACE('',#4878,3.50000000000004,0.5);
#4030=TOROIDAL_SURFACE('',#4882,3.50000000000004,0.5);
#4031=TOROIDAL_SURFACE('',#4886,3.50000000000001,0.5);
#4032=TOROIDAL_SURFACE('',#4891,3.50000000000002,0.5);
#4033=TOROIDAL_SURFACE('',#4896,3.50000000000002,0.5);
#4034=TOROIDAL_SURFACE('',#4901,3.50000000000004,0.5);
#4035=TOROIDAL_SURFACE('',#4906,3.50000000000002,0.5);
#4036=TOROIDAL_SURFACE('',#4911,3.50000000000001,0.5);
#4037=TOROIDAL_SURFACE('',#4922,3.50000000000004,0.5);
#4038=TOROIDAL_SURFACE('',#4926,3.50000000000002,0.5);
#4039=TOROIDAL_SURFACE('',#4930,3.50000000000001,0.5);
#4040=TOROIDAL_SURFACE('',#4935,3.50000000000002,0.5);
#4041=ADVANCED_FACE('',(#701),#3957,.T.);
#4042=ADVANCED_FACE('',(#702),#571,.F.);
#4043=ADVANCED_FACE('',(#703,#15,#16,#17,#18,#19,#20,#21,#22,#23,#24,#25,
#26,#27,#28,#29,#30,#31,#32,#33,#34,#35,#36,#37,#38,#39,#40,#41,#42,#43,
#44,#45,#46,#47,#48,#49,#50,#51,#52,#53,#54,#55,#56,#57,#58,#59,#60,#61,
#62,#63,#64,#65,#66,#67,#68,#69,#70,#71,#72,#73,#74,#75,#76,#77),#141,.T.);
#4044=ADVANCED_FACE('',(#704),#3958,.T.);
#4045=ADVANCED_FACE('',(#705,#78,#79,#80,#81,#82,#83,#84,#85,#86,#87,#88,
#89,#90,#91,#92,#93,#94,#95,#96,#97,#98,#99,#100,#101,#102,#103,#104,#105,
#106,#107,#108,#109,#110,#111,#112,#113,#114,#115,#116,#117,#118,#119,#120,
#121,#122,#123,#124,#125,#126,#127,#128,#129,#130,#131,#132,#133,#134,#135,
#136,#137,#138,#139,#140),#142,.F.);
#4046=ADVANCED_FACE('',(#706),#3959,.T.);
#4047=ADVANCED_FACE('',(#707),#572,.F.);
#4048=ADVANCED_FACE('',(#708),#3960,.T.);
#4049=ADVANCED_FACE('',(#709),#3961,.T.);
#4050=ADVANCED_FACE('',(#710),#573,.F.);
#4051=ADVANCED_FACE('',(#711),#3962,.T.);
#4052=ADVANCED_FACE('',(#712),#3963,.T.);
#4053=ADVANCED_FACE('',(#713),#574,.F.);
#4054=ADVANCED_FACE('',(#714),#3964,.T.);
#4055=ADVANCED_FACE('',(#715),#3965,.T.);
#4056=ADVANCED_FACE('',(#716),#575,.F.);
#4057=ADVANCED_FACE('',(#717),#3966,.T.);
#4058=ADVANCED_FACE('',(#718),#3967,.T.);
#4059=ADVANCED_FACE('',(#719),#576,.F.);
#4060=ADVANCED_FACE('',(#720),#3968,.T.);
#4061=ADVANCED_FACE('',(#721),#3969,.T.);
#4062=ADVANCED_FACE('',(#722),#577,.F.);
#4063=ADVANCED_FACE('',(#723),#3970,.T.);
#4064=ADVANCED_FACE('',(#724),#3971,.T.);
#4065=ADVANCED_FACE('',(#725),#578,.F.);
#4066=ADVANCED_FACE('',(#726),#3972,.T.);
#4067=ADVANCED_FACE('',(#727),#3973,.T.);
#4068=ADVANCED_FACE('',(#728),#579,.F.);
#4069=ADVANCED_FACE('',(#729),#3974,.T.);
#4070=ADVANCED_FACE('',(#730),#580,.F.);
#4071=ADVANCED_FACE('',(#731),#3975,.T.);
#4072=ADVANCED_FACE('',(#732),#3976,.T.);
#4073=ADVANCED_FACE('',(#733),#3977,.T.);
#4074=ADVANCED_FACE('',(#734),#581,.F.);
#4075=ADVANCED_FACE('',(#735),#3978,.T.);
#4076=ADVANCED_FACE('',(#736),#582,.F.);
#4077=ADVANCED_FACE('',(#737),#3979,.T.);
#4078=ADVANCED_FACE('',(#738),#3980,.T.);
#4079=ADVANCED_FACE('',(#739),#3981,.T.);
#4080=ADVANCED_FACE('',(#740),#583,.F.);
#4081=ADVANCED_FACE('',(#741),#3982,.T.);
#4082=ADVANCED_FACE('',(#742),#3983,.T.);
#4083=ADVANCED_FACE('',(#743),#584,.F.);
#4084=ADVANCED_FACE('',(#744),#3984,.T.);
#4085=ADVANCED_FACE('',(#745),#3985,.T.);
#4086=ADVANCED_FACE('',(#746),#585,.F.);
#4087=ADVANCED_FACE('',(#747),#3986,.T.);
#4088=ADVANCED_FACE('',(#748),#3987,.T.);
#4089=ADVANCED_FACE('',(#749),#586,.F.);
#4090=ADVANCED_FACE('',(#750),#3988,.T.);
#4091=ADVANCED_FACE('',(#751),#3989,.T.);
#4092=ADVANCED_FACE('',(#752),#587,.F.);
#4093=ADVANCED_FACE('',(#753),#3990,.T.);
#4094=ADVANCED_FACE('',(#754),#3991,.T.);
#4095=ADVANCED_FACE('',(#755),#588,.F.);
#4096=ADVANCED_FACE('',(#756),#3992,.T.);
#4097=ADVANCED_FACE('',(#757),#589,.F.);
#4098=ADVANCED_FACE('',(#758),#590,.F.);
#4099=ADVANCED_FACE('',(#759),#591,.F.);
#4100=ADVANCED_FACE('',(#760),#592,.F.);
#4101=ADVANCED_FACE('',(#761),#593,.F.);
#4102=ADVANCED_FACE('',(#762),#594,.F.);
#4103=ADVANCED_FACE('',(#763),#595,.F.);
#4104=ADVANCED_FACE('',(#764),#596,.F.);
#4105=ADVANCED_FACE('',(#765),#597,.F.);
#4106=ADVANCED_FACE('',(#766),#598,.F.);
#4107=ADVANCED_FACE('',(#767),#599,.F.);
#4108=ADVANCED_FACE('',(#768),#600,.F.);
#4109=ADVANCED_FACE('',(#769),#601,.F.);
#4110=ADVANCED_FACE('',(#770),#602,.F.);
#4111=ADVANCED_FACE('',(#771),#603,.F.);
#4112=ADVANCED_FACE('',(#772),#604,.F.);
#4113=ADVANCED_FACE('',(#773),#605,.F.);
#4114=ADVANCED_FACE('',(#774),#606,.F.);
#4115=ADVANCED_FACE('',(#775),#607,.F.);
#4116=ADVANCED_FACE('',(#776),#608,.F.);
#4117=ADVANCED_FACE('',(#777),#609,.F.);
#4118=ADVANCED_FACE('',(#778),#610,.F.);
#4119=ADVANCED_FACE('',(#779),#611,.F.);
#4120=ADVANCED_FACE('',(#780),#612,.F.);
#4121=ADVANCED_FACE('',(#781),#613,.F.);
#4122=ADVANCED_FACE('',(#782),#614,.F.);
#4123=ADVANCED_FACE('',(#783),#615,.F.);
#4124=ADVANCED_FACE('',(#784),#616,.F.);
#4125=ADVANCED_FACE('',(#785),#617,.F.);
#4126=ADVANCED_FACE('',(#786),#618,.F.);
#4127=ADVANCED_FACE('',(#787),#619,.F.);
#4128=ADVANCED_FACE('',(#788),#620,.F.);
#4129=ADVANCED_FACE('',(#789),#621,.F.);
#4130=ADVANCED_FACE('',(#790),#622,.F.);
#4131=ADVANCED_FACE('',(#791),#623,.F.);
#4132=ADVANCED_FACE('',(#792),#624,.F.);
#4133=ADVANCED_FACE('',(#793),#625,.T.);
#4134=ADVANCED_FACE('',(#794),#3993,.T.);
#4135=ADVANCED_FACE('',(#795),#626,.T.);
#4136=ADVANCED_FACE('',(#796),#3994,.T.);
#4137=ADVANCED_FACE('',(#797),#627,.T.);
#4138=ADVANCED_FACE('',(#798),#3995,.T.);
#4139=ADVANCED_FACE('',(#799),#628,.T.);
#4140=ADVANCED_FACE('',(#800),#3996,.T.);
#4141=ADVANCED_FACE('',(#801),#629,.F.);
#4142=ADVANCED_FACE('',(#802),#143,.F.);
#4143=ADVANCED_FACE('',(#803),#630,.F.);
#4144=ADVANCED_FACE('',(#804),#144,.F.);
#4145=ADVANCED_FACE('',(#805),#631,.T.);
#4146=ADVANCED_FACE('',(#806),#3997,.T.);
#4147=ADVANCED_FACE('',(#807),#632,.T.);
#4148=ADVANCED_FACE('',(#808),#3998,.T.);
#4149=ADVANCED_FACE('',(#809),#633,.T.);
#4150=ADVANCED_FACE('',(#810),#3999,.T.);
#4151=ADVANCED_FACE('',(#811),#634,.T.);
#4152=ADVANCED_FACE('',(#812),#4000,.T.);
#4153=ADVANCED_FACE('',(#813),#635,.F.);
#4154=ADVANCED_FACE('',(#814),#636,.F.);
#4155=ADVANCED_FACE('',(#815),#637,.F.);
#4156=ADVANCED_FACE('',(#816),#638,.F.);
#4157=ADVANCED_FACE('',(#817),#639,.F.);
#4158=ADVANCED_FACE('',(#818),#145,.F.);
#4159=ADVANCED_FACE('',(#819),#640,.F.);
#4160=ADVANCED_FACE('',(#820),#146,.F.);
#4161=ADVANCED_FACE('',(#821),#641,.T.);
#4162=ADVANCED_FACE('',(#822),#4001,.T.);
#4163=ADVANCED_FACE('',(#823),#642,.T.);
#4164=ADVANCED_FACE('',(#824),#4002,.T.);
#4165=ADVANCED_FACE('',(#825),#643,.T.);
#4166=ADVANCED_FACE('',(#826),#4003,.T.);
#4167=ADVANCED_FACE('',(#827),#644,.T.);
#4168=ADVANCED_FACE('',(#828),#4004,.T.);
#4169=ADVANCED_FACE('',(#829),#645,.T.);
#4170=ADVANCED_FACE('',(#830),#147,.T.);
#4171=ADVANCED_FACE('',(#831),#646,.T.);
#4172=ADVANCED_FACE('',(#832),#148,.F.);
#4173=ADVANCED_FACE('',(#833),#647,.T.);
#4174=ADVANCED_FACE('',(#834),#4005,.T.);
#4175=ADVANCED_FACE('',(#835),#648,.T.);
#4176=ADVANCED_FACE('',(#836),#4006,.T.);
#4177=ADVANCED_FACE('',(#837),#649,.T.);
#4178=ADVANCED_FACE('',(#838),#4007,.T.);
#4179=ADVANCED_FACE('',(#839),#650,.T.);
#4180=ADVANCED_FACE('',(#840),#4008,.T.);
#4181=ADVANCED_FACE('',(#841),#651,.T.);
#4182=ADVANCED_FACE('',(#842),#4009,.T.);
#4183=ADVANCED_FACE('',(#843),#652,.T.);
#4184=ADVANCED_FACE('',(#844),#4010,.T.);
#4185=ADVANCED_FACE('',(#845),#653,.T.);
#4186=ADVANCED_FACE('',(#846),#4011,.T.);
#4187=ADVANCED_FACE('',(#847),#654,.T.);
#4188=ADVANCED_FACE('',(#848),#4012,.T.);
#4189=ADVANCED_FACE('',(#849),#655,.T.);
#4190=ADVANCED_FACE('',(#850),#149,.F.);
#4191=ADVANCED_FACE('',(#851),#656,.F.);
#4192=ADVANCED_FACE('',(#852),#150,.F.);
#4193=ADVANCED_FACE('',(#853),#657,.F.);
#4194=ADVANCED_FACE('',(#854),#4013,.T.);
#4195=ADVANCED_FACE('',(#855),#658,.T.);
#4196=ADVANCED_FACE('',(#856),#4014,.T.);
#4197=ADVANCED_FACE('',(#857),#659,.T.);
#4198=ADVANCED_FACE('',(#858),#4015,.T.);
#4199=ADVANCED_FACE('',(#859),#660,.T.);
#4200=ADVANCED_FACE('',(#860),#4016,.T.);
#4201=ADVANCED_FACE('',(#861),#661,.T.);
#4202=ADVANCED_FACE('',(#862),#662,.F.);
#4203=ADVANCED_FACE('',(#863),#151,.F.);
#4204=ADVANCED_FACE('',(#864),#663,.F.);
#4205=ADVANCED_FACE('',(#865),#4017,.T.);
#4206=ADVANCED_FACE('',(#866),#664,.T.);
#4207=ADVANCED_FACE('',(#867),#4018,.T.);
#4208=ADVANCED_FACE('',(#868),#665,.T.);
#4209=ADVANCED_FACE('',(#869),#4019,.T.);
#4210=ADVANCED_FACE('',(#870),#666,.T.);
#4211=ADVANCED_FACE('',(#871),#4020,.T.);
#4212=ADVANCED_FACE('',(#872),#667,.T.);
#4213=ADVANCED_FACE('',(#873),#152,.F.);
#4214=ADVANCED_FACE('',(#874),#668,.F.);
#4215=ADVANCED_FACE('',(#875),#153,.F.);
#4216=ADVANCED_FACE('',(#876),#669,.F.);
#4217=ADVANCED_FACE('',(#877),#670,.T.);
#4218=ADVANCED_FACE('',(#878),#4021,.T.);
#4219=ADVANCED_FACE('',(#879),#671,.T.);
#4220=ADVANCED_FACE('',(#880),#4022,.T.);
#4221=ADVANCED_FACE('',(#881),#672,.T.);
#4222=ADVANCED_FACE('',(#882),#4023,.T.);
#4223=ADVANCED_FACE('',(#883),#673,.T.);
#4224=ADVANCED_FACE('',(#884),#4024,.T.);
#4225=ADVANCED_FACE('',(#885),#674,.F.);
#4226=ADVANCED_FACE('',(#886),#154,.F.);
#4227=ADVANCED_FACE('',(#887),#4025,.T.);
#4228=ADVANCED_FACE('',(#888),#675,.T.);
#4229=ADVANCED_FACE('',(#889),#4026,.T.);
#4230=ADVANCED_FACE('',(#890),#676,.T.);
#4231=ADVANCED_FACE('',(#891),#4027,.T.);
#4232=ADVANCED_FACE('',(#892),#677,.T.);
#4233=ADVANCED_FACE('',(#893),#4028,.T.);
#4234=ADVANCED_FACE('',(#894),#678,.T.);
#4235=ADVANCED_FACE('',(#895),#155,.F.);
#4236=ADVANCED_FACE('',(#896),#679,.F.);
#4237=ADVANCED_FACE('',(#897),#156,.F.);
#4238=ADVANCED_FACE('',(#898),#680,.F.);
#4239=ADVANCED_FACE('',(#899),#681,.T.);
#4240=ADVANCED_FACE('',(#900),#4029,.T.);
#4241=ADVANCED_FACE('',(#901),#682,.T.);
#4242=ADVANCED_FACE('',(#902),#4030,.T.);
#4243=ADVANCED_FACE('',(#903),#683,.T.);
#4244=ADVANCED_FACE('',(#904),#4031,.T.);
#4245=ADVANCED_FACE('',(#905),#684,.T.);
#4246=ADVANCED_FACE('',(#906),#4032,.T.);
#4247=ADVANCED_FACE('',(#907),#685,.T.);
#4248=ADVANCED_FACE('',(#908),#4033,.T.);
#4249=ADVANCED_FACE('',(#909),#686,.T.);
#4250=ADVANCED_FACE('',(#910),#4034,.T.);
#4251=ADVANCED_FACE('',(#911),#687,.T.);
#4252=ADVANCED_FACE('',(#912),#4035,.T.);
#4253=ADVANCED_FACE('',(#913),#688,.T.);
#4254=ADVANCED_FACE('',(#914),#4036,.T.);
#4255=ADVANCED_FACE('',(#915),#689,.F.);
#4256=ADVANCED_FACE('',(#916),#157,.F.);
#4257=ADVANCED_FACE('',(#917),#690,.F.);
#4258=ADVANCED_FACE('',(#918),#158,.F.);
#4259=ADVANCED_FACE('',(#919),#691,.T.);
#4260=ADVANCED_FACE('',(#920),#4037,.T.);
#4261=ADVANCED_FACE('',(#921),#692,.T.);
#4262=ADVANCED_FACE('',(#922),#4038,.T.);
#4263=ADVANCED_FACE('',(#923),#693,.T.);
#4264=ADVANCED_FACE('',(#924),#4039,.T.);
#4265=ADVANCED_FACE('',(#925),#694,.T.);
#4266=ADVANCED_FACE('',(#926),#4040,.T.);
#4267=ADVANCED_FACE('',(#927),#159,.F.);
#4268=ADVANCED_FACE('',(#928),#695,.T.);
#4269=ADVANCED_FACE('',(#929),#160,.T.);
#4270=ADVANCED_FACE('',(#930),#161,.F.);
#4271=ADVANCED_FACE('',(#931),#696,.F.);
#4272=ADVANCED_FACE('',(#932),#162,.F.);
#4273=ADVANCED_FACE('',(#933),#697,.F.);
#4274=ADVANCED_FACE('',(#934),#163,.F.);
#4275=ADVANCED_FACE('',(#935),#698,.F.);
#4276=ADVANCED_FACE('',(#936),#164,.F.);
#4277=ADVANCED_FACE('',(#937),#699,.F.);
#4278=ADVANCED_FACE('',(#938),#165,.F.);
#4279=ADVANCED_FACE('',(#939),#700,.F.);
#4280=ADVANCED_FACE('',(#940),#166,.F.);
#4281=CLOSED_SHELL('',(#4041,#4042,#4043,#4044,#4045,#4046,#4047,#4048,
#4049,#4050,#4051,#4052,#4053,#4054,#4055,#4056,#4057,#4058,#4059,#4060,
#4061,#4062,#4063,#4064,#4065,#4066,#4067,#4068,#4069,#4070,#4071,#4072,
#4073,#4074,#4075,#4076,#4077,#4078,#4079,#4080,#4081,#4082,#4083,#4084,
#4085,#4086,#4087,#4088,#4089,#4090,#4091,#4092,#4093,#4094,#4095,#4096,
#4097,#4098,#4099,#4100,#4101,#4102,#4103,#4104,#4105,#4106,#4107,#4108,
#4109,#4110,#4111,#4112,#4113,#4114,#4115,#4116,#4117,#4118,#4119,#4120,
#4121,#4122,#4123,#4124,#4125,#4126,#4127,#4128,#4129,#4130,#4131,#4132,
#4133,#4134,#4135,#4136,#4137,#4138,#4139,#4140,#4141,#4142,#4143,#4144,
#4145,#4146,#4147,#4148,#4149,#4150,#4151,#4152,#4153,#4154,#4155,#4156,
#4157,#4158,#4159,#4160,#4161,#4162,#4163,#4164,#4165,#4166,#4167,#4168,
#4169,#4170,#4171,#4172,#4173,#4174,#4175,#4176,#4177,#4178,#4179,#4180,
#4181,#4182,#4183,#4184,#4185,#4186,#4187,#4188,#4189,#4190,#4191,#4192,
#4193,#4194,#4195,#4196,#4197,#4198,#4199,#4200,#4201,#4202,#4203,#4204,
#4205,#4206,#4207,#4208,#4209,#4210,#4211,#4212,#4213,#4214,#4215,#4216,
#4217,#4218,#4219,#4220,#4221,#4222,#4223,#4224,#4225,#4226,#4227,#4228,
#4229,#4230,#4231,#4232,#4233,#4234,#4235,#4236,#4237,#4238,#4239,#4240,
#4241,#4242,#4243,#4244,#4245,#4246,#4247,#4248,#4249,#4250,#4251,#4252,
#4253,#4254,#4255,#4256,#4257,#4258,#4259,#4260,#4261,#4262,#4263,#4264,
#4265,#4266,#4267,#4268,#4269,#4270,#4271,#4272,#4273,#4274,#4275,#4276,
#4277,#4278,#4279,#4280));
#4282=DERIVED_UNIT_ELEMENT(#4284,1.);
#4283=DERIVED_UNIT_ELEMENT(#7711,-3.);
#4284=(
MASS_UNIT()
NAMED_UNIT(*)
SI_UNIT(.KILO.,.GRAM.)
);
#4285=DERIVED_UNIT((#4282,#4283));
#4286=MEASURE_REPRESENTATION_ITEM('density measure',
POSITIVE_RATIO_MEASURE(7850.),#4285);
#4287=PROPERTY_DEFINITION_REPRESENTATION(#4292,#4289);
#4288=PROPERTY_DEFINITION_REPRESENTATION(#4293,#4290);
#4289=REPRESENTATION('material name',(#4291),#7708);
#4290=REPRESENTATION('density',(#4286),#7708);
#4291=DESCRIPTIVE_REPRESENTATION_ITEM('\X2\94A2\X0\','\X2\94A2\X0\');
#4292=PROPERTY_DEFINITION('material property','material name',#7718);
#4293=PROPERTY_DEFINITION('material property','density of part',#7718);
#4294=AXIS2_PLACEMENT_3D('',#6467,#4951,#4952);
#4295=AXIS2_PLACEMENT_3D('',#6468,#4953,#4954);
#4296=AXIS2_PLACEMENT_3D('',#6470,#4955,#4956);
#4297=AXIS2_PLACEMENT_3D('',#6472,#4957,#4958);
#4298=AXIS2_PLACEMENT_3D('',#6474,#4959,#4960);
#4299=AXIS2_PLACEMENT_3D('',#6475,#4961,#4962);
#4300=AXIS2_PLACEMENT_3D('',#6476,#4963,#4964);
#4301=AXIS2_PLACEMENT_3D('',#6480,#4966,#4967);
#4302=AXIS2_PLACEMENT_3D('',#6481,#4968,#4969);
#4303=AXIS2_PLACEMENT_3D('',#6482,#4970,#4971);
#4304=AXIS2_PLACEMENT_3D('',#6487,#4973,#4974);
#4305=AXIS2_PLACEMENT_3D('',#6491,#4976,#4977);
#4306=AXIS2_PLACEMENT_3D('',#6495,#4979,#4980);
#4307=AXIS2_PLACEMENT_3D('',#6498,#4982,#4983);
#4308=AXIS2_PLACEMENT_3D('',#6500,#4984,#4985);
#4309=AXIS2_PLACEMENT_3D('',#6502,#4986,#4987);
#4310=AXIS2_PLACEMENT_3D('',#6504,#4988,#4989);
#4311=AXIS2_PLACEMENT_3D('',#6506,#4990,#4991);
#4312=AXIS2_PLACEMENT_3D('',#6508,#4992,#4993);
#4313=AXIS2_PLACEMENT_3D('',#6510,#4994,#4995);
#4314=AXIS2_PLACEMENT_3D('',#6512,#4996,#4997);
#4315=AXIS2_PLACEMENT_3D('',#6514,#4998,#4999);
#4316=AXIS2_PLACEMENT_3D('',#6516,#5000,#5001);
#4317=AXIS2_PLACEMENT_3D('',#6518,#5002,#5003);
#4318=AXIS2_PLACEMENT_3D('',#6520,#5004,#5005);
#4319=AXIS2_PLACEMENT_3D('',#6522,#5006,#5007);
#4320=AXIS2_PLACEMENT_3D('',#6524,#5008,#5009);
#4321=AXIS2_PLACEMENT_3D('',#6526,#5010,#5011);
#4322=AXIS2_PLACEMENT_3D('',#6528,#5012,#5013);
#4323=AXIS2_PLACEMENT_3D('',#6530,#5014,#5015);
#4324=AXIS2_PLACEMENT_3D('',#6532,#5016,#5017);
#4325=AXIS2_PLACEMENT_3D('',#6534,#5018,#5019);
#4326=AXIS2_PLACEMENT_3D('',#6536,#5020,#5021);
#4327=AXIS2_PLACEMENT_3D('',#6538,#5022,#5023);
#4328=AXIS2_PLACEMENT_3D('',#6540,#5024,#5025);
#4329=AXIS2_PLACEMENT_3D('',#6542,#5026,#5027);
#4330=AXIS2_PLACEMENT_3D('',#6544,#5028,#5029);
#4331=AXIS2_PLACEMENT_3D('',#6546,#5030,#5031);
#4332=AXIS2_PLACEMENT_3D('',#6548,#5032,#5033);
#4333=AXIS2_PLACEMENT_3D('',#6550,#5034,#5035);
#4334=AXIS2_PLACEMENT_3D('',#6552,#5036,#5037);
#4335=AXIS2_PLACEMENT_3D('',#6554,#5038,#5039);
#4336=AXIS2_PLACEMENT_3D('',#6556,#5040,#5041);
#4337=AXIS2_PLACEMENT_3D('',#6558,#5042,#5043);
#4338=AXIS2_PLACEMENT_3D('',#6560,#5044,#5045);
#4339=AXIS2_PLACEMENT_3D('',#6562,#5046,#5047);
#4340=AXIS2_PLACEMENT_3D('',#6564,#5048,#5049);
#4341=AXIS2_PLACEMENT_3D('',#6566,#5050,#5051);
#4342=AXIS2_PLACEMENT_3D('',#6568,#5052,#5053);
#4343=AXIS2_PLACEMENT_3D('',#6570,#5054,#5055);
#4344=AXIS2_PLACEMENT_3D('',#6572,#5056,#5057);
#4345=AXIS2_PLACEMENT_3D('',#6574,#5058,#5059);
#4346=AXIS2_PLACEMENT_3D('',#6576,#5060,#5061);
#4347=AXIS2_PLACEMENT_3D('',#6578,#5062,#5063);
#4348=AXIS2_PLACEMENT_3D('',#6580,#5064,#5065);
#4349=AXIS2_PLACEMENT_3D('',#6583,#5066,#5067);
#4350=AXIS2_PLACEMENT_3D('',#6587,#5069,#5070);
#4351=AXIS2_PLACEMENT_3D('',#6591,#5072,#5073);
#4352=AXIS2_PLACEMENT_3D('',#6595,#5075,#5076);
#4353=AXIS2_PLACEMENT_3D('',#6601,#5079,#5080);
#4354=AXIS2_PLACEMENT_3D('',#6605,#5082,#5083);
#4355=AXIS2_PLACEMENT_3D('',#6609,#5085,#5086);
#4356=AXIS2_PLACEMENT_3D('',#6612,#5088,#5089);
#4357=AXIS2_PLACEMENT_3D('',#6617,#5091,#5092);
#4358=AXIS2_PLACEMENT_3D('',#6621,#5094,#5095);
#4359=AXIS2_PLACEMENT_3D('',#6625,#5097,#5098);
#4360=AXIS2_PLACEMENT_3D('',#6628,#5100,#5101);
#4361=AXIS2_PLACEMENT_3D('',#6631,#5102,#5103);
#4362=AXIS2_PLACEMENT_3D('',#6635,#5105,#5106);
#4363=AXIS2_PLACEMENT_3D('',#6639,#5108,#5109);
#4364=AXIS2_PLACEMENT_3D('',#6643,#5111,#5112);
#4365=AXIS2_PLACEMENT_3D('',#6649,#5115,#5116);
#4366=AXIS2_PLACEMENT_3D('',#6653,#5118,#5119);
#4367=AXIS2_PLACEMENT_3D('',#6657,#5121,#5122);
#4368=AXIS2_PLACEMENT_3D('',#6660,#5124,#5125);
#4369=AXIS2_PLACEMENT_3D('',#6662,#5126,#5127);
#4370=AXIS2_PLACEMENT_3D('',#6664,#5128,#5129);
#4371=AXIS2_PLACEMENT_3D('',#6666,#5130,#5131);
#4372=AXIS2_PLACEMENT_3D('',#6668,#5132,#5133);
#4373=AXIS2_PLACEMENT_3D('',#6670,#5134,#5135);
#4374=AXIS2_PLACEMENT_3D('',#6672,#5136,#5137);
#4375=AXIS2_PLACEMENT_3D('',#6674,#5138,#5139);
#4376=AXIS2_PLACEMENT_3D('',#6676,#5140,#5141);
#4377=AXIS2_PLACEMENT_3D('',#6678,#5142,#5143);
#4378=AXIS2_PLACEMENT_3D('',#6680,#5144,#5145);
#4379=AXIS2_PLACEMENT_3D('',#6682,#5146,#5147);
#4380=AXIS2_PLACEMENT_3D('',#6684,#5148,#5149);
#4381=AXIS2_PLACEMENT_3D('',#6686,#5150,#5151);
#4382=AXIS2_PLACEMENT_3D('',#6688,#5152,#5153);
#4383=AXIS2_PLACEMENT_3D('',#6690,#5154,#5155);
#4384=AXIS2_PLACEMENT_3D('',#6692,#5156,#5157);
#4385=AXIS2_PLACEMENT_3D('',#6693,#5158,#5159);
#4386=AXIS2_PLACEMENT_3D('',#6695,#5160,#5161);
#4387=AXIS2_PLACEMENT_3D('',#6696,#5162,#5163);
#4388=AXIS2_PLACEMENT_3D('',#6697,#5164,#5165);
#4389=AXIS2_PLACEMENT_3D('',#6702,#5167,#5168);
#4390=AXIS2_PLACEMENT_3D('',#6706,#5170,#5171);
#4391=AXIS2_PLACEMENT_3D('',#6710,#5173,#5174);
#4392=AXIS2_PLACEMENT_3D('',#6713,#5176,#5177);
#4393=AXIS2_PLACEMENT_3D('',#6715,#5178,#5179);
#4394=AXIS2_PLACEMENT_3D('',#6717,#5180,#5181);
#4395=AXIS2_PLACEMENT_3D('',#6719,#5182,#5183);
#4396=AXIS2_PLACEMENT_3D('',#6721,#5184,#5185);
#4397=AXIS2_PLACEMENT_3D('',#6723,#5186,#5187);
#4398=AXIS2_PLACEMENT_3D('',#6725,#5188,#5189);
#4399=AXIS2_PLACEMENT_3D('',#6727,#5190,#5191);
#4400=AXIS2_PLACEMENT_3D('',#6729,#5192,#5193);
#4401=AXIS2_PLACEMENT_3D('',#6731,#5194,#5195);
#4402=AXIS2_PLACEMENT_3D('',#6733,#5196,#5197);
#4403=AXIS2_PLACEMENT_3D('',#6735,#5198,#5199);
#4404=AXIS2_PLACEMENT_3D('',#6737,#5200,#5201);
#4405=AXIS2_PLACEMENT_3D('',#6739,#5202,#5203);
#4406=AXIS2_PLACEMENT_3D('',#6741,#5204,#5205);
#4407=AXIS2_PLACEMENT_3D('',#6743,#5206,#5207);
#4408=AXIS2_PLACEMENT_3D('',#6745,#5208,#5209);
#4409=AXIS2_PLACEMENT_3D('',#6747,#5210,#5211);
#4410=AXIS2_PLACEMENT_3D('',#6749,#5212,#5213);
#4411=AXIS2_PLACEMENT_3D('',#6751,#5214,#5215);
#4412=AXIS2_PLACEMENT_3D('',#6753,#5216,#5217);
#4413=AXIS2_PLACEMENT_3D('',#6755,#5218,#5219);
#4414=AXIS2_PLACEMENT_3D('',#6757,#5220,#5221);
#4415=AXIS2_PLACEMENT_3D('',#6759,#5222,#5223);
#4416=AXIS2_PLACEMENT_3D('',#6761,#5224,#5225);
#4417=AXIS2_PLACEMENT_3D('',#6763,#5226,#5227);
#4418=AXIS2_PLACEMENT_3D('',#6765,#5228,#5229);
#4419=AXIS2_PLACEMENT_3D('',#6767,#5230,#5231);
#4420=AXIS2_PLACEMENT_3D('',#6769,#5232,#5233);
#4421=AXIS2_PLACEMENT_3D('',#6771,#5234,#5235);
#4422=AXIS2_PLACEMENT_3D('',#6773,#5236,#5237);
#4423=AXIS2_PLACEMENT_3D('',#6775,#5238,#5239);
#4424=AXIS2_PLACEMENT_3D('',#6777,#5240,#5241);
#4425=AXIS2_PLACEMENT_3D('',#6779,#5242,#5243);
#4426=AXIS2_PLACEMENT_3D('',#6781,#5244,#5245);
#4427=AXIS2_PLACEMENT_3D('',#6783,#5246,#5247);
#4428=AXIS2_PLACEMENT_3D('',#6785,#5248,#5249);
#4429=AXIS2_PLACEMENT_3D('',#6787,#5250,#5251);
#4430=AXIS2_PLACEMENT_3D('',#6789,#5252,#5253);
#4431=AXIS2_PLACEMENT_3D('',#6791,#5254,#5255);
#4432=AXIS2_PLACEMENT_3D('',#6793,#5256,#5257);
#4433=AXIS2_PLACEMENT_3D('',#6795,#5258,#5259);
#4434=AXIS2_PLACEMENT_3D('',#6798,#5260,#5261);
#4435=AXIS2_PLACEMENT_3D('',#6802,#5263,#5264);
#4436=AXIS2_PLACEMENT_3D('',#6806,#5266,#5267);
#4437=AXIS2_PLACEMENT_3D('',#6810,#5269,#5270);
#4438=AXIS2_PLACEMENT_3D('',#6814,#5272,#5273);
#4439=AXIS2_PLACEMENT_3D('',#6818,#5275,#5276);
#4440=AXIS2_PLACEMENT_3D('',#6822,#5278,#5279);
#4441=AXIS2_PLACEMENT_3D('',#6826,#5281,#5282);
#4442=AXIS2_PLACEMENT_3D('',#6832,#5285,#5286);
#4443=AXIS2_PLACEMENT_3D('',#6836,#5288,#5289);
#4444=AXIS2_PLACEMENT_3D('',#6840,#5291,#5292);
#4445=AXIS2_PLACEMENT_3D('',#6843,#5294,#5295);
#4446=AXIS2_PLACEMENT_3D('',#6848,#5297,#5298);
#4447=AXIS2_PLACEMENT_3D('',#6852,#5300,#5301);
#4448=AXIS2_PLACEMENT_3D('',#6856,#5303,#5304);
#4449=AXIS2_PLACEMENT_3D('',#6859,#5306,#5307);
#4450=AXIS2_PLACEMENT_3D('',#6864,#5309,#5310);
#4451=AXIS2_PLACEMENT_3D('',#6868,#5312,#5313);
#4452=AXIS2_PLACEMENT_3D('',#6872,#5315,#5316);
#4453=AXIS2_PLACEMENT_3D('',#6875,#5318,#5319);
#4454=AXIS2_PLACEMENT_3D('',#6877,#5320,#5321);
#4455=AXIS2_PLACEMENT_3D('',#6879,#5322,#5323);
#4456=AXIS2_PLACEMENT_3D('',#6881,#5324,#5325);
#4457=AXIS2_PLACEMENT_3D('',#6883,#5326,#5327);
#4458=AXIS2_PLACEMENT_3D('',#6885,#5328,#5329);
#4459=AXIS2_PLACEMENT_3D('',#6887,#5330,#5331);
#4460=AXIS2_PLACEMENT_3D('',#6889,#5332,#5333);
#4461=AXIS2_PLACEMENT_3D('',#6891,#5334,#5335);
#4462=AXIS2_PLACEMENT_3D('',#6893,#5336,#5337);
#4463=AXIS2_PLACEMENT_3D('',#6895,#5338,#5339);
#4464=AXIS2_PLACEMENT_3D('',#6897,#5340,#5341);
#4465=AXIS2_PLACEMENT_3D('',#6899,#5342,#5343);
#4466=AXIS2_PLACEMENT_3D('',#6901,#5344,#5345);
#4467=AXIS2_PLACEMENT_3D('',#6903,#5346,#5347);
#4468=AXIS2_PLACEMENT_3D('',#6905,#5348,#5349);
#4469=AXIS2_PLACEMENT_3D('',#6907,#5350,#5351);
#4470=AXIS2_PLACEMENT_3D('',#6908,#5352,#5353);
#4471=AXIS2_PLACEMENT_3D('',#6910,#5354,#5355);
#4472=AXIS2_PLACEMENT_3D('',#6912,#5356,#5357);
#4473=AXIS2_PLACEMENT_3D('',#6913,#5358,#5359);
#4474=AXIS2_PLACEMENT_3D('',#6914,#5360,#5361);
#4475=AXIS2_PLACEMENT_3D('',#6918,#5363,#5364);
#4476=AXIS2_PLACEMENT_3D('',#6919,#5365,#5366);
#4477=AXIS2_PLACEMENT_3D('',#6920,#5367,#5368);
#4478=AXIS2_PLACEMENT_3D('',#6921,#5369,#5370);
#4479=AXIS2_PLACEMENT_3D('',#6922,#5371,#5372);
#4480=AXIS2_PLACEMENT_3D('',#6924,#5373,#5374);
#4481=AXIS2_PLACEMENT_3D('',#6926,#5375,#5376);
#4482=AXIS2_PLACEMENT_3D('',#6927,#5377,#5378);
#4483=AXIS2_PLACEMENT_3D('',#6928,#5379,#5380);
#4484=AXIS2_PLACEMENT_3D('',#6932,#5382,#5383);
#4485=AXIS2_PLACEMENT_3D('',#6933,#5384,#5385);
#4486=AXIS2_PLACEMENT_3D('',#6934,#5386,#5387);
#4487=AXIS2_PLACEMENT_3D('',#6935,#5388,#5389);
#4488=AXIS2_PLACEMENT_3D('',#6936,#5390,#5391);
#4489=AXIS2_PLACEMENT_3D('',#6938,#5392,#5393);
#4490=AXIS2_PLACEMENT_3D('',#6940,#5394,#5395);
#4491=AXIS2_PLACEMENT_3D('',#6941,#5396,#5397);
#4492=AXIS2_PLACEMENT_3D('',#6942,#5398,#5399);
#4493=AXIS2_PLACEMENT_3D('',#6945,#5400,#5401);
#4494=AXIS2_PLACEMENT_3D('',#6947,#5403,#5404);
#4495=AXIS2_PLACEMENT_3D('',#6948,#5405,#5406);
#4496=AXIS2_PLACEMENT_3D('',#6949,#5407,#5408);
#4497=AXIS2_PLACEMENT_3D('',#6950,#5409,#5410);
#4498=AXIS2_PLACEMENT_3D('',#6952,#5411,#5412);
#4499=AXIS2_PLACEMENT_3D('',#6954,#5413,#5414);
#4500=AXIS2_PLACEMENT_3D('',#6955,#5415,#5416);
#4501=AXIS2_PLACEMENT_3D('',#6956,#5417,#5418);
#4502=AXIS2_PLACEMENT_3D('',#6960,#5420,#5421);
#4503=AXIS2_PLACEMENT_3D('',#6961,#5422,#5423);
#4504=AXIS2_PLACEMENT_3D('',#6962,#5424,#5425);
#4505=AXIS2_PLACEMENT_3D('',#6963,#5426,#5427);
#4506=AXIS2_PLACEMENT_3D('',#6964,#5428,#5429);
#4507=AXIS2_PLACEMENT_3D('',#6966,#5430,#5431);
#4508=AXIS2_PLACEMENT_3D('',#6968,#5432,#5433);
#4509=AXIS2_PLACEMENT_3D('',#6969,#5434,#5435);
#4510=AXIS2_PLACEMENT_3D('',#6970,#5436,#5437);
#4511=AXIS2_PLACEMENT_3D('',#6974,#5439,#5440);
#4512=AXIS2_PLACEMENT_3D('',#6975,#5441,#5442);
#4513=AXIS2_PLACEMENT_3D('',#6976,#5443,#5444);
#4514=AXIS2_PLACEMENT_3D('',#6977,#5445,#5446);
#4515=AXIS2_PLACEMENT_3D('',#6978,#5447,#5448);
#4516=AXIS2_PLACEMENT_3D('',#6980,#5449,#5450);
#4517=AXIS2_PLACEMENT_3D('',#6982,#5451,#5452);
#4518=AXIS2_PLACEMENT_3D('',#6983,#5453,#5454);
#4519=AXIS2_PLACEMENT_3D('',#6984,#5455,#5456);
#4520=AXIS2_PLACEMENT_3D('',#6988,#5458,#5459);
#4521=AXIS2_PLACEMENT_3D('',#6989,#5460,#5461);
#4522=AXIS2_PLACEMENT_3D('',#6990,#5462,#5463);
#4523=AXIS2_PLACEMENT_3D('',#6991,#5464,#5465);
#4524=AXIS2_PLACEMENT_3D('',#6992,#5466,#5467);
#4525=AXIS2_PLACEMENT_3D('',#6994,#5468,#5469);
#4526=AXIS2_PLACEMENT_3D('',#6996,#5470,#5471);
#4527=AXIS2_PLACEMENT_3D('',#6997,#5472,#5473);
#4528=AXIS2_PLACEMENT_3D('',#6998,#5474,#5475);
#4529=AXIS2_PLACEMENT_3D('',#7002,#5477,#5478);
#4530=AXIS2_PLACEMENT_3D('',#7003,#5479,#5480);
#4531=AXIS2_PLACEMENT_3D('',#7004,#5481,#5482);
#4532=AXIS2_PLACEMENT_3D('',#7005,#5483,#5484);
#4533=AXIS2_PLACEMENT_3D('',#7006,#5485,#5486);
#4534=AXIS2_PLACEMENT_3D('',#7008,#5487,#5488);
#4535=AXIS2_PLACEMENT_3D('',#7010,#5489,#5490);
#4536=AXIS2_PLACEMENT_3D('',#7011,#5491,#5492);
#4537=AXIS2_PLACEMENT_3D('',#7012,#5493,#5494);
#4538=AXIS2_PLACEMENT_3D('',#7015,#5495,#5496);
#4539=AXIS2_PLACEMENT_3D('',#7017,#5498,#5499);
#4540=AXIS2_PLACEMENT_3D('',#7018,#5500,#5501);
#4541=AXIS2_PLACEMENT_3D('',#7020,#5502,#5503);
#4542=AXIS2_PLACEMENT_3D('',#7022,#5504,#5505);
#4543=AXIS2_PLACEMENT_3D('',#7023,#5506,#5507);
#4544=AXIS2_PLACEMENT_3D('',#7024,#5508,#5509);
#4545=AXIS2_PLACEMENT_3D('',#7027,#5510,#5511);
#4546=AXIS2_PLACEMENT_3D('',#7029,#5513,#5514);
#4547=AXIS2_PLACEMENT_3D('',#7030,#5515,#5516);
#4548=AXIS2_PLACEMENT_3D('',#7031,#5517,#5518);
#4549=AXIS2_PLACEMENT_3D('',#7032,#5519,#5520);
#4550=AXIS2_PLACEMENT_3D('',#7033,#5521,#5522);
#4551=AXIS2_PLACEMENT_3D('',#7034,#5523,#5524);
#4552=AXIS2_PLACEMENT_3D('',#7036,#5525,#5526);
#4553=AXIS2_PLACEMENT_3D('',#7038,#5527,#5528);
#4554=AXIS2_PLACEMENT_3D('',#7039,#5529,#5530);
#4555=AXIS2_PLACEMENT_3D('',#7040,#5531,#5532);
#4556=AXIS2_PLACEMENT_3D('',#7044,#5534,#5535);
#4557=AXIS2_PLACEMENT_3D('',#7045,#5536,#5537);
#4558=AXIS2_PLACEMENT_3D('',#7046,#5538,#5539);
#4559=AXIS2_PLACEMENT_3D('',#7048,#5540,#5541);
#4560=AXIS2_PLACEMENT_3D('',#7050,#5542,#5543);
#4561=AXIS2_PLACEMENT_3D('',#7051,#5544,#5545);
#4562=AXIS2_PLACEMENT_3D('',#7052,#5546,#5547);
#4563=AXIS2_PLACEMENT_3D('',#7056,#5549,#5550);
#4564=AXIS2_PLACEMENT_3D('',#7057,#5551,#5552);
#4565=AXIS2_PLACEMENT_3D('',#7058,#5553,#5554);
#4566=AXIS2_PLACEMENT_3D('',#7059,#5555,#5556);
#4567=AXIS2_PLACEMENT_3D('',#7060,#5557,#5558);
#4568=AXIS2_PLACEMENT_3D('',#7061,#5559,#5560);
#4569=AXIS2_PLACEMENT_3D('',#7062,#5561,#5562);
#4570=AXIS2_PLACEMENT_3D('',#7064,#5563,#5564);
#4571=AXIS2_PLACEMENT_3D('',#7066,#5565,#5566);
#4572=AXIS2_PLACEMENT_3D('',#7067,#5567,#5568);
#4573=AXIS2_PLACEMENT_3D('',#7068,#5569,#5570);
#4574=AXIS2_PLACEMENT_3D('',#7071,#5571,#5572);
#4575=AXIS2_PLACEMENT_3D('',#7073,#5574,#5575);
#4576=AXIS2_PLACEMENT_3D('',#7074,#5576,#5577);
#4577=AXIS2_PLACEMENT_3D('',#7075,#5578,#5579);
#4578=AXIS2_PLACEMENT_3D('',#7076,#5580,#5581);
#4579=AXIS2_PLACEMENT_3D('',#7078,#5582,#5583);
#4580=AXIS2_PLACEMENT_3D('',#7080,#5584,#5585);
#4581=AXIS2_PLACEMENT_3D('',#7081,#5586,#5587);
#4582=AXIS2_PLACEMENT_3D('',#7082,#5588,#5589);
#4583=AXIS2_PLACEMENT_3D('',#7085,#5590,#5591);
#4584=AXIS2_PLACEMENT_3D('',#7087,#5593,#5594);
#4585=AXIS2_PLACEMENT_3D('',#7088,#5595,#5596);
#4586=AXIS2_PLACEMENT_3D('',#7089,#5597,#5598);
#4587=AXIS2_PLACEMENT_3D('',#7090,#5599,#5600);
#4588=AXIS2_PLACEMENT_3D('',#7092,#5601,#5602);
#4589=AXIS2_PLACEMENT_3D('',#7094,#5603,#5604);
#4590=AXIS2_PLACEMENT_3D('',#7095,#5605,#5606);
#4591=AXIS2_PLACEMENT_3D('',#7096,#5607,#5608);
#4592=AXIS2_PLACEMENT_3D('',#7100,#5610,#5611);
#4593=AXIS2_PLACEMENT_3D('',#7101,#5612,#5613);
#4594=AXIS2_PLACEMENT_3D('',#7102,#5614,#5615);
#4595=AXIS2_PLACEMENT_3D('',#7103,#5616,#5617);
#4596=AXIS2_PLACEMENT_3D('',#7104,#5618,#5619);
#4597=AXIS2_PLACEMENT_3D('',#7106,#5620,#5621);
#4598=AXIS2_PLACEMENT_3D('',#7108,#5622,#5623);
#4599=AXIS2_PLACEMENT_3D('',#7109,#5624,#5625);
#4600=AXIS2_PLACEMENT_3D('',#7110,#5626,#5627);
#4601=AXIS2_PLACEMENT_3D('',#7113,#5628,#5629);
#4602=AXIS2_PLACEMENT_3D('',#7115,#5631,#5632);
#4603=AXIS2_PLACEMENT_3D('',#7116,#5633,#5634);
#4604=AXIS2_PLACEMENT_3D('',#7117,#5635,#5636);
#4605=AXIS2_PLACEMENT_3D('',#7118,#5637,#5638);
#4606=AXIS2_PLACEMENT_3D('',#7120,#5639,#5640);
#4607=AXIS2_PLACEMENT_3D('',#7122,#5641,#5642);
#4608=AXIS2_PLACEMENT_3D('',#7123,#5643,#5644);
#4609=AXIS2_PLACEMENT_3D('',#7124,#5645,#5646);
#4610=AXIS2_PLACEMENT_3D('',#7128,#5648,#5649);
#4611=AXIS2_PLACEMENT_3D('',#7129,#5650,#5651);
#4612=AXIS2_PLACEMENT_3D('',#7130,#5652,#5653);
#4613=AXIS2_PLACEMENT_3D('',#7131,#5654,#5655);
#4614=AXIS2_PLACEMENT_3D('',#7132,#5656,#5657);
#4615=AXIS2_PLACEMENT_3D('',#7134,#5658,#5659);
#4616=AXIS2_PLACEMENT_3D('',#7136,#5660,#5661);
#4617=AXIS2_PLACEMENT_3D('',#7137,#5662,#5663);
#4618=AXIS2_PLACEMENT_3D('',#7138,#5664,#5665);
#4619=AXIS2_PLACEMENT_3D('',#7141,#5666,#5667);
#4620=AXIS2_PLACEMENT_3D('',#7143,#5669,#5670);
#4621=AXIS2_PLACEMENT_3D('',#7144,#5671,#5672);
#4622=AXIS2_PLACEMENT_3D('',#7145,#5673,#5674);
#4623=AXIS2_PLACEMENT_3D('',#7146,#5675,#5676);
#4624=AXIS2_PLACEMENT_3D('',#7148,#5678,#5679);
#4625=AXIS2_PLACEMENT_3D('',#7150,#5681,#5682);
#4626=AXIS2_PLACEMENT_3D('',#7152,#5684,#5685);
#4627=AXIS2_PLACEMENT_3D('',#7154,#5687,#5688);
#4628=AXIS2_PLACEMENT_3D('',#7156,#5690,#5691);
#4629=AXIS2_PLACEMENT_3D('',#7158,#5693,#5694);
#4630=AXIS2_PLACEMENT_3D('',#7160,#5696,#5697);
#4631=AXIS2_PLACEMENT_3D('',#7162,#5699,#5700);
#4632=AXIS2_PLACEMENT_3D('',#7164,#5702,#5703);
#4633=AXIS2_PLACEMENT_3D('',#7166,#5705,#5706);
#4634=AXIS2_PLACEMENT_3D('',#7168,#5708,#5709);
#4635=AXIS2_PLACEMENT_3D('',#7170,#5711,#5712);
#4636=AXIS2_PLACEMENT_3D('',#7172,#5714,#5715);
#4637=AXIS2_PLACEMENT_3D('',#7174,#5717,#5718);
#4638=AXIS2_PLACEMENT_3D('',#7176,#5720,#5721);
#4639=AXIS2_PLACEMENT_3D('',#7178,#5723,#5724);
#4640=AXIS2_PLACEMENT_3D('',#7180,#5726,#5727);
#4641=AXIS2_PLACEMENT_3D('',#7182,#5729,#5730);
#4642=AXIS2_PLACEMENT_3D('',#7184,#5732,#5733);
#4643=AXIS2_PLACEMENT_3D('',#7186,#5735,#5736);
#4644=AXIS2_PLACEMENT_3D('',#7188,#5738,#5739);
#4645=AXIS2_PLACEMENT_3D('',#7190,#5741,#5742);
#4646=AXIS2_PLACEMENT_3D('',#7192,#5744,#5745);
#4647=AXIS2_PLACEMENT_3D('',#7194,#5747,#5748);
#4648=AXIS2_PLACEMENT_3D('',#7196,#5750,#5751);
#4649=AXIS2_PLACEMENT_3D('',#7198,#5753,#5754);
#4650=AXIS2_PLACEMENT_3D('',#7200,#5756,#5757);
#4651=AXIS2_PLACEMENT_3D('',#7202,#5759,#5760);
#4652=AXIS2_PLACEMENT_3D('',#7204,#5762,#5763);
#4653=AXIS2_PLACEMENT_3D('',#7206,#5765,#5766);
#4654=AXIS2_PLACEMENT_3D('',#7208,#5768,#5769);
#4655=AXIS2_PLACEMENT_3D('',#7210,#5771,#5772);
#4656=AXIS2_PLACEMENT_3D('',#7212,#5774,#5775);
#4657=AXIS2_PLACEMENT_3D('',#7214,#5777,#5778);
#4658=AXIS2_PLACEMENT_3D('',#7216,#5780,#5781);
#4659=AXIS2_PLACEMENT_3D('',#7218,#5783,#5784);
#4660=AXIS2_PLACEMENT_3D('',#7220,#5785,#5786);
#4661=AXIS2_PLACEMENT_3D('',#7223,#5788,#5789);
#4662=AXIS2_PLACEMENT_3D('',#7224,#5790,#5791);
#4663=AXIS2_PLACEMENT_3D('',#7226,#5792,#5793);
#4664=AXIS2_PLACEMENT_3D('',#7227,#5794,#5795);
#4665=AXIS2_PLACEMENT_3D('',#7228,#5796,#5797);
#4666=AXIS2_PLACEMENT_3D('',#7230,#5798,#5799);
#4667=AXIS2_PLACEMENT_3D('',#7232,#5801,#5802);
#4668=AXIS2_PLACEMENT_3D('',#7234,#5803,#5804);
#4669=AXIS2_PLACEMENT_3D('',#7235,#5805,#5806);
#4670=AXIS2_PLACEMENT_3D('',#7236,#5807,#5808);
#4671=AXIS2_PLACEMENT_3D('',#7238,#5809,#5810);
#4672=AXIS2_PLACEMENT_3D('',#7240,#5812,#5813);
#4673=AXIS2_PLACEMENT_3D('',#7242,#5814,#5815);
#4674=AXIS2_PLACEMENT_3D('',#7243,#5816,#5817);
#4675=AXIS2_PLACEMENT_3D('',#7244,#5818,#5819);
#4676=AXIS2_PLACEMENT_3D('',#7246,#5820,#5821);
#4677=AXIS2_PLACEMENT_3D('',#7248,#5823,#5824);
#4678=AXIS2_PLACEMENT_3D('',#7249,#5825,#5826);
#4679=AXIS2_PLACEMENT_3D('',#7250,#5827,#5828);
#4680=AXIS2_PLACEMENT_3D('',#7254,#5830,#5831);
#4681=AXIS2_PLACEMENT_3D('',#7256,#5833,#5834);
#4682=AXIS2_PLACEMENT_3D('',#7260,#5837,#5838);
#4683=AXIS2_PLACEMENT_3D('',#7263,#5840,#5841);
#4684=AXIS2_PLACEMENT_3D('',#7264,#5842,#5843);
#4685=AXIS2_PLACEMENT_3D('',#7268,#5846,#5847);
#4686=AXIS2_PLACEMENT_3D('',#7269,#5848,#5849);
#4687=AXIS2_PLACEMENT_3D('',#7270,#5850,#5851);
#4688=AXIS2_PLACEMENT_3D('',#7271,#5852,#5853);
#4689=AXIS2_PLACEMENT_3D('',#7272,#5854,#5855);
#4690=AXIS2_PLACEMENT_3D('',#7273,#5856,#5857);
#4691=AXIS2_PLACEMENT_3D('',#7274,#5858,#5859);
#4692=AXIS2_PLACEMENT_3D('',#7275,#5860,#5861);
#4693=AXIS2_PLACEMENT_3D('',#7277,#5862,#5863);
#4694=AXIS2_PLACEMENT_3D('',#7278,#5864,#5865);
#4695=AXIS2_PLACEMENT_3D('',#7279,#5866,#5867);
#4696=AXIS2_PLACEMENT_3D('',#7281,#5868,#5869);
#4697=AXIS2_PLACEMENT_3D('',#7283,#5871,#5872);
#4698=AXIS2_PLACEMENT_3D('',#7285,#5873,#5874);
#4699=AXIS2_PLACEMENT_3D('',#7286,#5875,#5876);
#4700=AXIS2_PLACEMENT_3D('',#7287,#5877,#5878);
#4701=AXIS2_PLACEMENT_3D('',#7288,#5879,#5880);
#4702=AXIS2_PLACEMENT_3D('',#7290,#5882,#5883);
#4703=AXIS2_PLACEMENT_3D('',#7291,#5884,#5885);
#4704=AXIS2_PLACEMENT_3D('',#7293,#5887,#5888);
#4705=AXIS2_PLACEMENT_3D('',#7295,#5890,#5891);
#4706=AXIS2_PLACEMENT_3D('',#7297,#5893,#5894);
#4707=AXIS2_PLACEMENT_3D('',#7299,#5896,#5897);
#4708=AXIS2_PLACEMENT_3D('',#7301,#5899,#5900);
#4709=AXIS2_PLACEMENT_3D('',#7303,#5902,#5903);
#4710=AXIS2_PLACEMENT_3D('',#7305,#5905,#5906);
#4711=AXIS2_PLACEMENT_3D('',#7306,#5907,#5908);
#4712=AXIS2_PLACEMENT_3D('',#7308,#5909,#5910);
#4713=AXIS2_PLACEMENT_3D('',#7311,#5912,#5913);
#4714=AXIS2_PLACEMENT_3D('',#7312,#5914,#5915);
#4715=AXIS2_PLACEMENT_3D('',#7314,#5916,#5917);
#4716=AXIS2_PLACEMENT_3D('',#7315,#5918,#5919);
#4717=AXIS2_PLACEMENT_3D('',#7316,#5920,#5921);
#4718=AXIS2_PLACEMENT_3D('',#7318,#5922,#5923);
#4719=AXIS2_PLACEMENT_3D('',#7320,#5925,#5926);
#4720=AXIS2_PLACEMENT_3D('',#7322,#5927,#5928);
#4721=AXIS2_PLACEMENT_3D('',#7323,#5929,#5930);
#4722=AXIS2_PLACEMENT_3D('',#7324,#5931,#5932);
#4723=AXIS2_PLACEMENT_3D('',#7326,#5933,#5934);
#4724=AXIS2_PLACEMENT_3D('',#7328,#5936,#5937);
#4725=AXIS2_PLACEMENT_3D('',#7330,#5938,#5939);
#4726=AXIS2_PLACEMENT_3D('',#7331,#5940,#5941);
#4727=AXIS2_PLACEMENT_3D('',#7332,#5942,#5943);
#4728=AXIS2_PLACEMENT_3D('',#7334,#5944,#5945);
#4729=AXIS2_PLACEMENT_3D('',#7336,#5947,#5948);
#4730=AXIS2_PLACEMENT_3D('',#7337,#5949,#5950);
#4731=AXIS2_PLACEMENT_3D('',#7338,#5951,#5952);
#4732=AXIS2_PLACEMENT_3D('',#7342,#5954,#5955);
#4733=AXIS2_PLACEMENT_3D('',#7344,#5957,#5958);
#4734=AXIS2_PLACEMENT_3D('',#7348,#5961,#5962);
#4735=AXIS2_PLACEMENT_3D('',#7351,#5964,#5965);
#4736=AXIS2_PLACEMENT_3D('',#7352,#5966,#5967);
#4737=AXIS2_PLACEMENT_3D('',#7356,#5970,#5971);
#4738=AXIS2_PLACEMENT_3D('',#7357,#5972,#5973);
#4739=AXIS2_PLACEMENT_3D('',#7358,#5974,#5975);
#4740=AXIS2_PLACEMENT_3D('',#7359,#5976,#5977);
#4741=AXIS2_PLACEMENT_3D('',#7360,#5978,#5979);
#4742=AXIS2_PLACEMENT_3D('',#7361,#5980,#5981);
#4743=AXIS2_PLACEMENT_3D('',#7362,#5982,#5983);
#4744=AXIS2_PLACEMENT_3D('',#7363,#5984,#5985);
#4745=AXIS2_PLACEMENT_3D('',#7365,#5986,#5987);
#4746=AXIS2_PLACEMENT_3D('',#7366,#5988,#5989);
#4747=AXIS2_PLACEMENT_3D('',#7367,#5990,#5991);
#4748=AXIS2_PLACEMENT_3D('',#7369,#5992,#5993);
#4749=AXIS2_PLACEMENT_3D('',#7371,#5995,#5996);
#4750=AXIS2_PLACEMENT_3D('',#7373,#5997,#5998);
#4751=AXIS2_PLACEMENT_3D('',#7374,#5999,#6000);
#4752=AXIS2_PLACEMENT_3D('',#7375,#6001,#6002);
#4753=AXIS2_PLACEMENT_3D('',#7376,#6003,#6004);
#4754=AXIS2_PLACEMENT_3D('',#7378,#6006,#6007);
#4755=AXIS2_PLACEMENT_3D('',#7379,#6008,#6009);
#4756=AXIS2_PLACEMENT_3D('',#7381,#6011,#6012);
#4757=AXIS2_PLACEMENT_3D('',#7383,#6013,#6014);
#4758=AXIS2_PLACEMENT_3D('',#7385,#6015,#6016);
#4759=AXIS2_PLACEMENT_3D('',#7386,#6017,#6018);
#4760=AXIS2_PLACEMENT_3D('',#7387,#6019,#6020);
#4761=AXIS2_PLACEMENT_3D('',#7389,#6021,#6022);
#4762=AXIS2_PLACEMENT_3D('',#7391,#6024,#6025);
#4763=AXIS2_PLACEMENT_3D('',#7393,#6026,#6027);
#4764=AXIS2_PLACEMENT_3D('',#7394,#6028,#6029);
#4765=AXIS2_PLACEMENT_3D('',#7395,#6030,#6031);
#4766=AXIS2_PLACEMENT_3D('',#7397,#6032,#6033);
#4767=AXIS2_PLACEMENT_3D('',#7399,#6035,#6036);
#4768=AXIS2_PLACEMENT_3D('',#7401,#6037,#6038);
#4769=AXIS2_PLACEMENT_3D('',#7402,#6039,#6040);
#4770=AXIS2_PLACEMENT_3D('',#7403,#6041,#6042);
#4771=AXIS2_PLACEMENT_3D('',#7405,#6043,#6044);
#4772=AXIS2_PLACEMENT_3D('',#7407,#6046,#6047);
#4773=AXIS2_PLACEMENT_3D('',#7409,#6048,#6049);
#4774=AXIS2_PLACEMENT_3D('',#7410,#6050,#6051);
#4775=AXIS2_PLACEMENT_3D('',#7411,#6052,#6053);
#4776=AXIS2_PLACEMENT_3D('',#7413,#6055,#6056);
#4777=AXIS2_PLACEMENT_3D('',#7419,#6060,#6061);
#4778=AXIS2_PLACEMENT_3D('',#7422,#6063,#6064);
#4779=AXIS2_PLACEMENT_3D('',#7423,#6065,#6066);
#4780=AXIS2_PLACEMENT_3D('',#7427,#6069,#6070);
#4781=AXIS2_PLACEMENT_3D('',#7430,#6072,#6073);
#4782=AXIS2_PLACEMENT_3D('',#7431,#6074,#6075);
#4783=AXIS2_PLACEMENT_3D('',#7433,#6076,#6077);
#4784=AXIS2_PLACEMENT_3D('',#7435,#6078,#6079);
#4785=AXIS2_PLACEMENT_3D('',#7436,#6080,#6081);
#4786=AXIS2_PLACEMENT_3D('',#7437,#6082,#6083);
#4787=AXIS2_PLACEMENT_3D('',#7439,#6084,#6085);
#4788=AXIS2_PLACEMENT_3D('',#7441,#6087,#6088);
#4789=AXIS2_PLACEMENT_3D('',#7442,#6089,#6090);
#4790=AXIS2_PLACEMENT_3D('',#7443,#6091,#6092);
#4791=AXIS2_PLACEMENT_3D('',#7444,#6093,#6094);
#4792=AXIS2_PLACEMENT_3D('',#7445,#6095,#6096);
#4793=AXIS2_PLACEMENT_3D('',#7446,#6097,#6098);
#4794=AXIS2_PLACEMENT_3D('',#7447,#6099,#6100);
#4795=AXIS2_PLACEMENT_3D('',#7448,#6101,#6102);
#4796=AXIS2_PLACEMENT_3D('',#7449,#6103,#6104);
#4797=AXIS2_PLACEMENT_3D('',#7450,#6105,#6106);
#4798=AXIS2_PLACEMENT_3D('',#7451,#6107,#6108);
#4799=AXIS2_PLACEMENT_3D('',#7452,#6109,#6110);
#4800=AXIS2_PLACEMENT_3D('',#7454,#6112,#6113);
#4801=AXIS2_PLACEMENT_3D('',#7456,#6115,#6116);
#4802=AXIS2_PLACEMENT_3D('',#7458,#6118,#6119);
#4803=AXIS2_PLACEMENT_3D('',#7460,#6121,#6122);
#4804=AXIS2_PLACEMENT_3D('',#7462,#6123,#6124);
#4805=AXIS2_PLACEMENT_3D('',#7464,#6125,#6126);
#4806=AXIS2_PLACEMENT_3D('',#7465,#6127,#6128);
#4807=AXIS2_PLACEMENT_3D('',#7466,#6129,#6130);
#4808=AXIS2_PLACEMENT_3D('',#7468,#6131,#6132);
#4809=AXIS2_PLACEMENT_3D('',#7470,#6134,#6135);
#4810=AXIS2_PLACEMENT_3D('',#7472,#6136,#6137);
#4811=AXIS2_PLACEMENT_3D('',#7473,#6138,#6139);
#4812=AXIS2_PLACEMENT_3D('',#7474,#6140,#6141);
#4813=AXIS2_PLACEMENT_3D('',#7476,#6142,#6143);
#4814=AXIS2_PLACEMENT_3D('',#7478,#6145,#6146);
#4815=AXIS2_PLACEMENT_3D('',#7480,#6147,#6148);
#4816=AXIS2_PLACEMENT_3D('',#7481,#6149,#6150);
#4817=AXIS2_PLACEMENT_3D('',#7482,#6151,#6152);
#4818=AXIS2_PLACEMENT_3D('',#7484,#6153,#6154);
#4819=AXIS2_PLACEMENT_3D('',#7486,#6156,#6157);
#4820=AXIS2_PLACEMENT_3D('',#7488,#6158,#6159);
#4821=AXIS2_PLACEMENT_3D('',#7489,#6160,#6161);
#4822=AXIS2_PLACEMENT_3D('',#7490,#6162,#6163);
#4823=AXIS2_PLACEMENT_3D('',#7492,#6165,#6166);
#4824=AXIS2_PLACEMENT_3D('',#7498,#6170,#6171);
#4825=AXIS2_PLACEMENT_3D('',#7501,#6173,#6174);
#4826=AXIS2_PLACEMENT_3D('',#7502,#6175,#6176);
#4827=AXIS2_PLACEMENT_3D('',#7506,#6179,#6180);
#4828=AXIS2_PLACEMENT_3D('',#7509,#6182,#6183);
#4829=AXIS2_PLACEMENT_3D('',#7510,#6184,#6185);
#4830=AXIS2_PLACEMENT_3D('',#7512,#6186,#6187);
#4831=AXIS2_PLACEMENT_3D('',#7515,#6189,#6190);
#4832=AXIS2_PLACEMENT_3D('',#7516,#6191,#6192);
#4833=AXIS2_PLACEMENT_3D('',#7517,#6193,#6194);
#4834=AXIS2_PLACEMENT_3D('',#7518,#6195,#6196);
#4835=AXIS2_PLACEMENT_3D('',#7519,#6197,#6198);
#4836=AXIS2_PLACEMENT_3D('',#7520,#6199,#6200);
#4837=AXIS2_PLACEMENT_3D('',#7521,#6201,#6202);
#4838=AXIS2_PLACEMENT_3D('',#7522,#6203,#6204);
#4839=AXIS2_PLACEMENT_3D('',#7523,#6205,#6206);
#4840=AXIS2_PLACEMENT_3D('',#7524,#6207,#6208);
#4841=AXIS2_PLACEMENT_3D('',#7525,#6209,#6210);
#4842=AXIS2_PLACEMENT_3D('',#7526,#6211,#6212);
#4843=AXIS2_PLACEMENT_3D('',#7527,#6213,#6214);
#4844=AXIS2_PLACEMENT_3D('',#7529,#6215,#6216);
#4845=AXIS2_PLACEMENT_3D('',#7531,#6218,#6219);
#4846=AXIS2_PLACEMENT_3D('',#7532,#6220,#6221);
#4847=AXIS2_PLACEMENT_3D('',#7533,#6222,#6223);
#4848=AXIS2_PLACEMENT_3D('',#7535,#6225,#6226);
#4849=AXIS2_PLACEMENT_3D('',#7537,#6228,#6229);
#4850=AXIS2_PLACEMENT_3D('',#7539,#6230,#6231);
#4851=AXIS2_PLACEMENT_3D('',#7541,#6232,#6233);
#4852=AXIS2_PLACEMENT_3D('',#7542,#6234,#6235);
#4853=AXIS2_PLACEMENT_3D('',#7543,#6236,#6237);
#4854=AXIS2_PLACEMENT_3D('',#7545,#6238,#6239);
#4855=AXIS2_PLACEMENT_3D('',#7547,#6241,#6242);
#4856=AXIS2_PLACEMENT_3D('',#7549,#6243,#6244);
#4857=AXIS2_PLACEMENT_3D('',#7550,#6245,#6246);
#4858=AXIS2_PLACEMENT_3D('',#7551,#6247,#6248);
#4859=AXIS2_PLACEMENT_3D('',#7553,#6249,#6250);
#4860=AXIS2_PLACEMENT_3D('',#7555,#6252,#6253);
#4861=AXIS2_PLACEMENT_3D('',#7557,#6254,#6255);
#4862=AXIS2_PLACEMENT_3D('',#7558,#6256,#6257);
#4863=AXIS2_PLACEMENT_3D('',#7559,#6258,#6259);
#4864=AXIS2_PLACEMENT_3D('',#7561,#6260,#6261);
#4865=AXIS2_PLACEMENT_3D('',#7563,#6263,#6264);
#4866=AXIS2_PLACEMENT_3D('',#7565,#6265,#6266);
#4867=AXIS2_PLACEMENT_3D('',#7566,#6267,#6268);
#4868=AXIS2_PLACEMENT_3D('',#7567,#6269,#6270);
#4869=AXIS2_PLACEMENT_3D('',#7569,#6272,#6273);
#4870=AXIS2_PLACEMENT_3D('',#7575,#6277,#6278);
#4871=AXIS2_PLACEMENT_3D('',#7578,#6280,#6281);
#4872=AXIS2_PLACEMENT_3D('',#7579,#6282,#6283);
#4873=AXIS2_PLACEMENT_3D('',#7583,#6286,#6287);
#4874=AXIS2_PLACEMENT_3D('',#7586,#6289,#6290);
#4875=AXIS2_PLACEMENT_3D('',#7587,#6291,#6292);
#4876=AXIS2_PLACEMENT_3D('',#7588,#6293,#6294);
#4877=AXIS2_PLACEMENT_3D('',#7589,#6295,#6296);
#4878=AXIS2_PLACEMENT_3D('',#7590,#6297,#6298);
#4879=AXIS2_PLACEMENT_3D('',#7591,#6299,#6300);
#4880=AXIS2_PLACEMENT_3D('',#7592,#6301,#6302);
#4881=AXIS2_PLACEMENT_3D('',#7593,#6303,#6304);
#4882=AXIS2_PLACEMENT_3D('',#7594,#6305,#6306);
#4883=AXIS2_PLACEMENT_3D('',#7595,#6307,#6308);
#4884=AXIS2_PLACEMENT_3D('',#7596,#6309,#6310);
#4885=AXIS2_PLACEMENT_3D('',#7598,#6311,#6312);
#4886=AXIS2_PLACEMENT_3D('',#7600,#6314,#6315);
#4887=AXIS2_PLACEMENT_3D('',#7602,#6316,#6317);
#4888=AXIS2_PLACEMENT_3D('',#7603,#6318,#6319);
#4889=AXIS2_PLACEMENT_3D('',#7604,#6320,#6321);
#4890=AXIS2_PLACEMENT_3D('',#7606,#6322,#6323);
#4891=AXIS2_PLACEMENT_3D('',#7608,#6325,#6326);
#4892=AXIS2_PLACEMENT_3D('',#7609,#6327,#6328);
#4893=AXIS2_PLACEMENT_3D('',#7610,#6329,#6330);
#4894=AXIS2_PLACEMENT_3D('',#7612,#6331,#6332);
#4895=AXIS2_PLACEMENT_3D('',#7615,#6334,#6335);
#4896=AXIS2_PLACEMENT_3D('',#7616,#6336,#6337);
#4897=AXIS2_PLACEMENT_3D('',#7618,#6338,#6339);
#4898=AXIS2_PLACEMENT_3D('',#7619,#6340,#6341);
#4899=AXIS2_PLACEMENT_3D('',#7620,#6342,#6343);
#4900=AXIS2_PLACEMENT_3D('',#7622,#6344,#6345);
#4901=AXIS2_PLACEMENT_3D('',#7624,#6347,#6348);
#4902=AXIS2_PLACEMENT_3D('',#7626,#6349,#6350);
#4903=AXIS2_PLACEMENT_3D('',#7627,#6351,#6352);
#4904=AXIS2_PLACEMENT_3D('',#7628,#6353,#6354);
#4905=AXIS2_PLACEMENT_3D('',#7630,#6355,#6356);
#4906=AXIS2_PLACEMENT_3D('',#7632,#6358,#6359);
#4907=AXIS2_PLACEMENT_3D('',#7634,#6360,#6361);
#4908=AXIS2_PLACEMENT_3D('',#7635,#6362,#6363);
#4909=AXIS2_PLACEMENT_3D('',#7636,#6364,#6365);
#4910=AXIS2_PLACEMENT_3D('',#7638,#6366,#6367);
#4911=AXIS2_PLACEMENT_3D('',#7640,#6369,#6370);
#4912=AXIS2_PLACEMENT_3D('',#7641,#6371,#6372);
#4913=AXIS2_PLACEMENT_3D('',#7642,#6373,#6374);
#4914=AXIS2_PLACEMENT_3D('',#7646,#6376,#6377);
#4915=AXIS2_PLACEMENT_3D('',#7648,#6379,#6380);
#4916=AXIS2_PLACEMENT_3D('',#7652,#6383,#6384);
#4917=AXIS2_PLACEMENT_3D('',#7655,#6386,#6387);
#4918=AXIS2_PLACEMENT_3D('',#7656,#6388,#6389);
#4919=AXIS2_PLACEMENT_3D('',#7660,#6392,#6393);
#4920=AXIS2_PLACEMENT_3D('',#7662,#6394,#6395);
#4921=AXIS2_PLACEMENT_3D('',#7664,#6397,#6398);
#4922=AXIS2_PLACEMENT_3D('',#7665,#6399,#6400);
#4923=AXIS2_PLACEMENT_3D('',#7666,#6401,#6402);
#4924=AXIS2_PLACEMENT_3D('',#7667,#6403,#6404);
#4925=AXIS2_PLACEMENT_3D('',#7668,#6405,#6406);
#4926=AXIS2_PLACEMENT_3D('',#7669,#6407,#6408);
#4927=AXIS2_PLACEMENT_3D('',#7670,#6409,#6410);
#4928=AXIS2_PLACEMENT_3D('',#7671,#6411,#6412);
#4929=AXIS2_PLACEMENT_3D('',#7672,#6413,#6414);
#4930=AXIS2_PLACEMENT_3D('',#7673,#6415,#6416);
#4931=AXIS2_PLACEMENT_3D('',#7675,#6417,#6418);
#4932=AXIS2_PLACEMENT_3D('',#7676,#6419,#6420);
#4933=AXIS2_PLACEMENT_3D('',#7677,#6421,#6422);
#4934=AXIS2_PLACEMENT_3D('',#7679,#6423,#6424);
#4935=AXIS2_PLACEMENT_3D('',#7681,#6426,#6427);
#4936=AXIS2_PLACEMENT_3D('',#7682,#6428,#6429);
#4937=AXIS2_PLACEMENT_3D('',#7683,#6430,#6431);
#4938=AXIS2_PLACEMENT_3D('',#7685,#6433,#6434);
#4939=AXIS2_PLACEMENT_3D('',#7688,#6437,#6438);
#4940=AXIS2_PLACEMENT_3D('',#7689,#6439,#6440);
#4941=AXIS2_PLACEMENT_3D('',#7691,#6442,#6443);
#4942=AXIS2_PLACEMENT_3D('',#7692,#6444,#6445);
#4943=AXIS2_PLACEMENT_3D('',#7694,#6447,#6448);
#4944=AXIS2_PLACEMENT_3D('',#7696,#6450,#6451);
#4945=AXIS2_PLACEMENT_3D('',#7698,#6453,#6454);
#4946=AXIS2_PLACEMENT_3D('',#7699,#6455,#6456);
#4947=AXIS2_PLACEMENT_3D('',#7700,#6457,#6458);
#4948=AXIS2_PLACEMENT_3D('',#7702,#6460,#6461);
#4949=AXIS2_PLACEMENT_3D('',#7704,#6463,#6464);
#4950=AXIS2_PLACEMENT_3D('',#7705,#6465,#6466);
#4951=DIRECTION('axis',(0.,0.,1.));
#4952=DIRECTION('refdir',(1.,0.,0.));
#4953=DIRECTION('center_axis',(0.,-1.,0.));
#4954=DIRECTION('ref_axis',(0.,0.,-1.));
#4955=DIRECTION('center_axis',(0.,1.,0.));
#4956=DIRECTION('ref_axis',(-1.,0.,0.));
#4957=DIRECTION('center_axis',(-1.,0.,0.));
#4958=DIRECTION('ref_axis',(0.,0.,1.));
#4959=DIRECTION('center_axis',(0.,-1.,0.));
#4960=DIRECTION('ref_axis',(-1.,0.,0.));
#4961=DIRECTION('center_axis',(0.,-1.,0.));
#4962=DIRECTION('ref_axis',(-1.,0.,0.));
#4963=DIRECTION('center_axis',(0.,-1.,0.));
#4964=DIRECTION('ref_axis',(-1.,0.,0.));
#4965=DIRECTION('',(0.,-1.,0.));
#4966=DIRECTION('center_axis',(0.,1.,0.));
#4967=DIRECTION('ref_axis',(-1.,0.,0.));
#4968=DIRECTION('center_axis',(0.,1.,0.));
#4969=DIRECTION('ref_axis',(-1.,0.,0.));
#4970=DIRECTION('center_axis',(0.,1.,0.));
#4971=DIRECTION('ref_axis',(0.,0.,1.));
#4972=DIRECTION('',(0.,0.,-1.));
#4973=DIRECTION('center_axis',(0.,-1.,0.));
#4974=DIRECTION('ref_axis',(-0.707106781186548,0.,0.707106781186547));
#4975=DIRECTION('',(-1.,0.,0.));
#4976=DIRECTION('center_axis',(0.,-1.,0.));
#4977=DIRECTION('ref_axis',(0.707106781186548,0.,0.707106781186548));
#4978=DIRECTION('',(0.,0.,1.));
#4979=DIRECTION('center_axis',(0.,-1.,0.));
#4980=DIRECTION('ref_axis',(0.707106781186547,0.,-0.707106781186548));
#4981=DIRECTION('',(1.,0.,0.));
#4982=DIRECTION('center_axis',(0.,-1.,0.));
#4983=DIRECTION('ref_axis',(-0.707106781186547,0.,-0.707106781186548));
#4984=DIRECTION('center_axis',(0.,1.,0.));
#4985=DIRECTION('ref_axis',(-1.,0.,0.));
#4986=DIRECTION('center_axis',(0.,1.,0.));
#4987=DIRECTION('ref_axis',(-1.,0.,0.));
#4988=DIRECTION('center_axis',(0.,1.,0.));
#4989=DIRECTION('ref_axis',(-1.,0.,0.));
#4990=DIRECTION('center_axis',(0.,1.,0.));
#4991=DIRECTION('ref_axis',(-1.,0.,0.));
#4992=DIRECTION('center_axis',(0.,1.,0.));
#4993=DIRECTION('ref_axis',(-1.,0.,0.));
#4994=DIRECTION('center_axis',(0.,1.,0.));
#4995=DIRECTION('ref_axis',(-1.,0.,0.));
#4996=DIRECTION('center_axis',(0.,1.,0.));
#4997=DIRECTION('ref_axis',(-1.,0.,0.));
#4998=DIRECTION('center_axis',(0.,1.,0.));
#4999=DIRECTION('ref_axis',(-1.,0.,0.));
#5000=DIRECTION('center_axis',(0.,1.,0.));
#5001=DIRECTION('ref_axis',(-1.,0.,0.));
#5002=DIRECTION('center_axis',(0.,-1.,0.));
#5003=DIRECTION('ref_axis',(-1.,0.,0.));
#5004=DIRECTION('center_axis',(0.,-1.,0.));
#5005=DIRECTION('ref_axis',(-1.,0.,0.));
#5006=DIRECTION('center_axis',(0.,-1.,0.));
#5007=DIRECTION('ref_axis',(-1.,0.,0.));
#5008=DIRECTION('center_axis',(0.,-1.,0.));
#5009=DIRECTION('ref_axis',(-1.,0.,0.));
#5010=DIRECTION('center_axis',(0.,-1.,0.));
#5011=DIRECTION('ref_axis',(-1.,0.,0.));
#5012=DIRECTION('center_axis',(0.,-1.,0.));
#5013=DIRECTION('ref_axis',(-1.,0.,0.));
#5014=DIRECTION('center_axis',(0.,-1.,0.));
#5015=DIRECTION('ref_axis',(-1.,0.,0.));
#5016=DIRECTION('center_axis',(0.,-1.,0.));
#5017=DIRECTION('ref_axis',(-1.,0.,0.));
#5018=DIRECTION('center_axis',(0.,-1.,0.));
#5019=DIRECTION('ref_axis',(-1.,0.,0.));
#5020=DIRECTION('center_axis',(0.,-1.,0.));
#5021=DIRECTION('ref_axis',(-1.,0.,0.));
#5022=DIRECTION('center_axis',(0.,-1.,0.));
#5023=DIRECTION('ref_axis',(-1.,0.,0.));
#5024=DIRECTION('center_axis',(0.,-1.,0.));
#5025=DIRECTION('ref_axis',(-1.,0.,0.));
#5026=DIRECTION('center_axis',(0.,-1.,0.));
#5027=DIRECTION('ref_axis',(-1.,0.,0.));
#5028=DIRECTION('center_axis',(0.,-1.,0.));
#5029=DIRECTION('ref_axis',(-1.,0.,0.));
#5030=DIRECTION('center_axis',(0.,-1.,0.));
#5031=DIRECTION('ref_axis',(-1.,0.,0.));
#5032=DIRECTION('center_axis',(0.,-1.,0.));
#5033=DIRECTION('ref_axis',(-1.,0.,0.));
#5034=DIRECTION('center_axis',(0.,-1.,0.));
#5035=DIRECTION('ref_axis',(-1.,0.,0.));
#5036=DIRECTION('center_axis',(0.,-1.,0.));
#5037=DIRECTION('ref_axis',(-1.,0.,0.));
#5038=DIRECTION('center_axis',(0.,-1.,0.));
#5039=DIRECTION('ref_axis',(-1.,0.,0.));
#5040=DIRECTION('center_axis',(0.,-1.,0.));
#5041=DIRECTION('ref_axis',(-1.,0.,0.));
#5042=DIRECTION('center_axis',(0.,-1.,0.));
#5043=DIRECTION('ref_axis',(-1.,0.,0.));
#5044=DIRECTION('center_axis',(0.,-1.,0.));
#5045=DIRECTION('ref_axis',(-1.,0.,0.));
#5046=DIRECTION('center_axis',(0.,-1.,0.));
#5047=DIRECTION('ref_axis',(-1.,0.,0.));
#5048=DIRECTION('center_axis',(0.,-1.,0.));
#5049=DIRECTION('ref_axis',(-1.,0.,0.));
#5050=DIRECTION('center_axis',(0.,-1.,0.));
#5051=DIRECTION('ref_axis',(-1.,0.,0.));
#5052=DIRECTION('center_axis',(0.,-1.,0.));
#5053=DIRECTION('ref_axis',(-1.,0.,0.));
#5054=DIRECTION('center_axis',(0.,-1.,0.));
#5055=DIRECTION('ref_axis',(-1.,0.,0.));
#5056=DIRECTION('center_axis',(0.,-1.,0.));
#5057=DIRECTION('ref_axis',(-1.,0.,0.));
#5058=DIRECTION('center_axis',(0.,-1.,0.));
#5059=DIRECTION('ref_axis',(-1.,0.,0.));
#5060=DIRECTION('center_axis',(0.,-1.,0.));
#5061=DIRECTION('ref_axis',(-1.,0.,0.));
#5062=DIRECTION('center_axis',(0.,-1.,0.));
#5063=DIRECTION('ref_axis',(-1.,0.,0.));
#5064=DIRECTION('center_axis',(0.,-1.,0.));
#5065=DIRECTION('ref_axis',(-1.,0.,0.));
#5066=DIRECTION('center_axis',(0.,1.,0.));
#5067=DIRECTION('ref_axis',(0.707106781186548,0.,-0.707106781186548));
#5068=DIRECTION('',(0.,0.,-1.));
#5069=DIRECTION('center_axis',(0.,1.,0.));
#5070=DIRECTION('ref_axis',(0.707106781186548,0.,0.707106781186548));
#5071=DIRECTION('',(1.,0.,0.));
#5072=DIRECTION('center_axis',(0.,1.,0.));
#5073=DIRECTION('ref_axis',(-0.707106781186548,0.,0.707106781186548));
#5074=DIRECTION('',(0.,0.,1.));
#5075=DIRECTION('center_axis',(0.,1.,0.));
#5076=DIRECTION('ref_axis',(-0.707106781186548,0.,-0.707106781186548));
#5077=DIRECTION('',(-1.,0.,0.));
#5078=DIRECTION('',(0.,0.,1.));
#5079=DIRECTION('center_axis',(0.,1.,0.));
#5080=DIRECTION('ref_axis',(-0.70710678118655,0.,-0.707106781186545));
#5081=DIRECTION('',(-1.,0.,0.));
#5082=DIRECTION('center_axis',(0.,1.,0.));
#5083=DIRECTION('ref_axis',(0.707106781186549,0.,-0.707106781186546));
#5084=DIRECTION('',(0.,0.,-1.));
#5085=DIRECTION('center_axis',(0.,1.,0.));
#5086=DIRECTION('ref_axis',(0.707106781186549,0.,0.707106781186546));
#5087=DIRECTION('',(1.,0.,0.));
#5088=DIRECTION('center_axis',(0.,1.,0.));
#5089=DIRECTION('ref_axis',(-0.707106781186545,0.,0.70710678118655));
#5090=DIRECTION('',(0.,0.,-1.));
#5091=DIRECTION('center_axis',(0.,1.,0.));
#5092=DIRECTION('ref_axis',(0.707106781186548,0.,0.707106781186548));
#5093=DIRECTION('',(1.,0.,0.));
#5094=DIRECTION('center_axis',(0.,1.,0.));
#5095=DIRECTION('ref_axis',(-0.707106781186548,0.,0.707106781186547));
#5096=DIRECTION('',(0.,0.,1.));
#5097=DIRECTION('center_axis',(0.,1.,0.));
#5098=DIRECTION('ref_axis',(-0.707106781186546,0.,-0.707106781186549));
#5099=DIRECTION('',(-1.,0.,0.));
#5100=DIRECTION('center_axis',(0.,1.,0.));
#5101=DIRECTION('ref_axis',(0.707106781186548,0.,-0.707106781186548));
#5102=DIRECTION('center_axis',(0.,1.,0.));
#5103=DIRECTION('ref_axis',(-0.70710678118655,0.,-0.707106781186545));
#5104=DIRECTION('',(-1.,0.,8.8817841970012E-15));
#5105=DIRECTION('center_axis',(0.,1.,0.));
#5106=DIRECTION('ref_axis',(0.70710678118655,0.,-0.707106781186545));
#5107=DIRECTION('',(1.61486985400023E-15,0.,-1.));
#5108=DIRECTION('center_axis',(0.,1.,0.));
#5109=DIRECTION('ref_axis',(0.70710678118655,0.,0.707106781186545));
#5110=DIRECTION('',(1.,0.,0.));
#5111=DIRECTION('center_axis',(0.,1.,0.));
#5112=DIRECTION('ref_axis',(-0.707106781186544,0.,0.707106781186551));
#5113=DIRECTION('',(0.,0.,1.));
#5114=DIRECTION('',(1.,0.,0.));
#5115=DIRECTION('center_axis',(0.,1.,0.));
#5116=DIRECTION('ref_axis',(-0.707106781186547,0.,0.707106781186548));
#5117=DIRECTION('',(0.,0.,1.));
#5118=DIRECTION('center_axis',(0.,1.,0.));
#5119=DIRECTION('ref_axis',(-0.707106781186547,0.,-0.707106781186548));
#5120=DIRECTION('',(-1.,0.,-3.17206578464331E-16));
#5121=DIRECTION('center_axis',(0.,1.,0.));
#5122=DIRECTION('ref_axis',(0.707106781186547,0.,-0.707106781186548));
#5123=DIRECTION('',(0.,0.,-1.));
#5124=DIRECTION('center_axis',(0.,1.,0.));
#5125=DIRECTION('ref_axis',(0.707106781186547,0.,0.707106781186548));
#5126=DIRECTION('center_axis',(0.,-1.,0.));
#5127=DIRECTION('ref_axis',(-1.,0.,0.));
#5128=DIRECTION('center_axis',(0.,-1.,0.));
#5129=DIRECTION('ref_axis',(-1.,0.,0.));
#5130=DIRECTION('center_axis',(0.,-1.,0.));
#5131=DIRECTION('ref_axis',(-1.,0.,0.));
#5132=DIRECTION('center_axis',(0.,-1.,0.));
#5133=DIRECTION('ref_axis',(-1.,0.,0.));
#5134=DIRECTION('center_axis',(0.,-1.,0.));
#5135=DIRECTION('ref_axis',(-1.,0.,0.));
#5136=DIRECTION('center_axis',(0.,-1.,0.));
#5137=DIRECTION('ref_axis',(-1.,0.,0.));
#5138=DIRECTION('center_axis',(0.,-1.,0.));
#5139=DIRECTION('ref_axis',(-1.,0.,0.));
#5140=DIRECTION('center_axis',(0.,-1.,0.));
#5141=DIRECTION('ref_axis',(-1.,0.,0.));
#5142=DIRECTION('center_axis',(0.,1.,0.));
#5143=DIRECTION('ref_axis',(-1.,0.,0.));
#5144=DIRECTION('center_axis',(0.,1.,0.));
#5145=DIRECTION('ref_axis',(-1.,0.,0.));
#5146=DIRECTION('center_axis',(0.,1.,0.));
#5147=DIRECTION('ref_axis',(-1.,0.,0.));
#5148=DIRECTION('center_axis',(0.,1.,0.));
#5149=DIRECTION('ref_axis',(-1.,0.,0.));
#5150=DIRECTION('center_axis',(0.,1.,0.));
#5151=DIRECTION('ref_axis',(-1.,0.,0.));
#5152=DIRECTION('center_axis',(0.,1.,0.));
#5153=DIRECTION('ref_axis',(-1.,0.,0.));
#5154=DIRECTION('center_axis',(0.,1.,0.));
#5155=DIRECTION('ref_axis',(-1.,0.,0.));
#5156=DIRECTION('center_axis',(0.,1.,0.));
#5157=DIRECTION('ref_axis',(-1.,0.,0.));
#5158=DIRECTION('center_axis',(0.,1.,0.));
#5159=DIRECTION('ref_axis',(0.,0.,1.));
#5160=DIRECTION('center_axis',(0.,-1.,0.));
#5161=DIRECTION('ref_axis',(-1.,0.,0.));
#5162=DIRECTION('center_axis',(-1.,0.,0.));
#5163=DIRECTION('ref_axis',(0.,0.,-1.));
#5164=DIRECTION('center_axis',(0.,1.,0.));
#5165=DIRECTION('ref_axis',(0.,0.,1.));
#5166=DIRECTION('',(1.,0.,0.));
#5167=DIRECTION('center_axis',(0.,1.,0.));
#5168=DIRECTION('ref_axis',(-0.707106781186548,0.,0.707106781186547));
#5169=DIRECTION('',(0.,0.,1.));
#5170=DIRECTION('center_axis',(0.,1.,0.));
#5171=DIRECTION('ref_axis',(-0.707106781186548,0.,-0.707106781186548));
#5172=DIRECTION('',(-1.,0.,0.));
#5173=DIRECTION('center_axis',(0.,1.,0.));
#5174=DIRECTION('ref_axis',(0.707106781186547,0.,-0.707106781186548));
#5175=DIRECTION('',(0.,0.,-1.));
#5176=DIRECTION('center_axis',(0.,1.,0.));
#5177=DIRECTION('ref_axis',(0.707106781186548,0.,0.707106781186548));
#5178=DIRECTION('center_axis',(0.,-1.,0.));
#5179=DIRECTION('ref_axis',(-1.,0.,0.));
#5180=DIRECTION('center_axis',(0.,-1.,0.));
#5181=DIRECTION('ref_axis',(-1.,0.,0.));
#5182=DIRECTION('center_axis',(0.,-1.,0.));
#5183=DIRECTION('ref_axis',(-1.,0.,0.));
#5184=DIRECTION('center_axis',(0.,-1.,0.));
#5185=DIRECTION('ref_axis',(-1.,0.,0.));
#5186=DIRECTION('center_axis',(0.,-1.,0.));
#5187=DIRECTION('ref_axis',(-1.,0.,0.));
#5188=DIRECTION('center_axis',(0.,-1.,0.));
#5189=DIRECTION('ref_axis',(-1.,0.,0.));
#5190=DIRECTION('center_axis',(0.,-1.,0.));
#5191=DIRECTION('ref_axis',(-1.,0.,0.));
#5192=DIRECTION('center_axis',(0.,-1.,0.));
#5193=DIRECTION('ref_axis',(-1.,0.,0.));
#5194=DIRECTION('center_axis',(0.,-1.,0.));
#5195=DIRECTION('ref_axis',(-1.,0.,0.));
#5196=DIRECTION('center_axis',(0.,1.,0.));
#5197=DIRECTION('ref_axis',(-1.,0.,0.));
#5198=DIRECTION('center_axis',(0.,1.,0.));
#5199=DIRECTION('ref_axis',(-1.,0.,0.));
#5200=DIRECTION('center_axis',(0.,1.,0.));
#5201=DIRECTION('ref_axis',(-1.,0.,0.));
#5202=DIRECTION('center_axis',(0.,1.,0.));
#5203=DIRECTION('ref_axis',(-1.,0.,0.));
#5204=DIRECTION('center_axis',(0.,1.,0.));
#5205=DIRECTION('ref_axis',(-1.,0.,0.));
#5206=DIRECTION('center_axis',(0.,1.,0.));
#5207=DIRECTION('ref_axis',(-1.,0.,0.));
#5208=DIRECTION('center_axis',(0.,1.,0.));
#5209=DIRECTION('ref_axis',(-1.,0.,0.));
#5210=DIRECTION('center_axis',(0.,1.,0.));
#5211=DIRECTION('ref_axis',(-1.,0.,0.));
#5212=DIRECTION('center_axis',(0.,1.,0.));
#5213=DIRECTION('ref_axis',(-1.,0.,0.));
#5214=DIRECTION('center_axis',(0.,1.,0.));
#5215=DIRECTION('ref_axis',(-1.,0.,0.));
#5216=DIRECTION('center_axis',(0.,1.,0.));
#5217=DIRECTION('ref_axis',(-1.,0.,0.));
#5218=DIRECTION('center_axis',(0.,1.,0.));
#5219=DIRECTION('ref_axis',(-1.,0.,0.));
#5220=DIRECTION('center_axis',(0.,1.,0.));
#5221=DIRECTION('ref_axis',(-1.,0.,0.));
#5222=DIRECTION('center_axis',(0.,1.,0.));
#5223=DIRECTION('ref_axis',(-1.,0.,0.));
#5224=DIRECTION('center_axis',(0.,1.,0.));
#5225=DIRECTION('ref_axis',(-1.,0.,0.));
#5226=DIRECTION('center_axis',(0.,1.,0.));
#5227=DIRECTION('ref_axis',(-1.,0.,0.));
#5228=DIRECTION('center_axis',(0.,1.,0.));
#5229=DIRECTION('ref_axis',(-1.,0.,0.));
#5230=DIRECTION('center_axis',(0.,1.,0.));
#5231=DIRECTION('ref_axis',(-1.,0.,0.));
#5232=DIRECTION('center_axis',(0.,1.,0.));
#5233=DIRECTION('ref_axis',(-1.,0.,0.));
#5234=DIRECTION('center_axis',(0.,1.,0.));
#5235=DIRECTION('ref_axis',(-1.,0.,0.));
#5236=DIRECTION('center_axis',(0.,1.,0.));
#5237=DIRECTION('ref_axis',(-1.,0.,0.));
#5238=DIRECTION('center_axis',(0.,1.,0.));
#5239=DIRECTION('ref_axis',(-1.,0.,0.));
#5240=DIRECTION('center_axis',(0.,1.,0.));
#5241=DIRECTION('ref_axis',(-1.,0.,0.));
#5242=DIRECTION('center_axis',(0.,1.,0.));
#5243=DIRECTION('ref_axis',(-1.,0.,0.));
#5244=DIRECTION('center_axis',(0.,1.,0.));
#5245=DIRECTION('ref_axis',(-1.,0.,0.));
#5246=DIRECTION('center_axis',(0.,1.,0.));
#5247=DIRECTION('ref_axis',(-1.,0.,0.));
#5248=DIRECTION('center_axis',(0.,1.,0.));
#5249=DIRECTION('ref_axis',(-1.,0.,0.));
#5250=DIRECTION('center_axis',(0.,1.,0.));
#5251=DIRECTION('ref_axis',(-1.,0.,0.));
#5252=DIRECTION('center_axis',(0.,1.,0.));
#5253=DIRECTION('ref_axis',(-1.,0.,0.));
#5254=DIRECTION('center_axis',(0.,1.,0.));
#5255=DIRECTION('ref_axis',(-1.,0.,0.));
#5256=DIRECTION('center_axis',(0.,1.,0.));
#5257=DIRECTION('ref_axis',(-1.,0.,0.));
#5258=DIRECTION('center_axis',(0.,1.,0.));
#5259=DIRECTION('ref_axis',(-1.,0.,0.));
#5260=DIRECTION('center_axis',(0.,-1.,0.));
#5261=DIRECTION('ref_axis',(-0.707106781186548,0.,-0.707106781186548));
#5262=DIRECTION('',(0.,0.,-1.));
#5263=DIRECTION('center_axis',(0.,-1.,0.));
#5264=DIRECTION('ref_axis',(-0.707106781186548,0.,0.707106781186548));
#5265=DIRECTION('',(-1.,0.,0.));
#5266=DIRECTION('center_axis',(0.,-1.,0.));
#5267=DIRECTION('ref_axis',(0.707106781186548,0.,0.707106781186548));
#5268=DIRECTION('',(0.,0.,1.));
#5269=DIRECTION('center_axis',(0.,-1.,0.));
#5270=DIRECTION('ref_axis',(0.707106781186548,0.,-0.707106781186548));
#5271=DIRECTION('',(1.,0.,0.));
#5272=DIRECTION('center_axis',(0.,-1.,0.));
#5273=DIRECTION('ref_axis',(0.707106781186549,0.,-0.707106781186546));
#5274=DIRECTION('',(1.,0.,0.));
#5275=DIRECTION('center_axis',(0.,-1.,0.));
#5276=DIRECTION('ref_axis',(-0.70710678118655,0.,-0.707106781186545));
#5277=DIRECTION('',(0.,0.,-1.));
#5278=DIRECTION('center_axis',(0.,-1.,0.));
#5279=DIRECTION('ref_axis',(-0.707106781186545,0.,0.70710678118655));
#5280=DIRECTION('',(-1.,0.,0.));
#5281=DIRECTION('center_axis',(0.,-1.,0.));
#5282=DIRECTION('ref_axis',(0.707106781186549,0.,0.707106781186546));
#5283=DIRECTION('',(0.,0.,1.));
#5284=DIRECTION('',(0.,0.,-1.));
#5285=DIRECTION('center_axis',(0.,-1.,0.));
#5286=DIRECTION('ref_axis',(-0.707106781186548,0.,0.707106781186547));
#5287=DIRECTION('',(-1.,0.,0.));
#5288=DIRECTION('center_axis',(0.,-1.,0.));
#5289=DIRECTION('ref_axis',(0.707106781186548,0.,0.707106781186548));
#5290=DIRECTION('',(0.,0.,1.));
#5291=DIRECTION('center_axis',(0.,-1.,0.));
#5292=DIRECTION('ref_axis',(0.707106781186548,0.,-0.707106781186548));
#5293=DIRECTION('',(1.,0.,0.));
#5294=DIRECTION('center_axis',(0.,-1.,0.));
#5295=DIRECTION('ref_axis',(-0.707106781186546,0.,-0.707106781186549));
#5296=DIRECTION('',(-1.,0.,0.));
#5297=DIRECTION('center_axis',(0.,-1.,0.));
#5298=DIRECTION('ref_axis',(0.70710678118655,0.,0.707106781186545));
#5299=DIRECTION('',(-1.61486985400023E-15,0.,1.));
#5300=DIRECTION('center_axis',(0.,-1.,0.));
#5301=DIRECTION('ref_axis',(0.70710678118655,0.,-0.707106781186545));
#5302=DIRECTION('',(1.,0.,-8.8817841970012E-15));
#5303=DIRECTION('center_axis',(0.,-1.,0.));
#5304=DIRECTION('ref_axis',(-0.70710678118655,0.,-0.707106781186545));
#5305=DIRECTION('',(0.,0.,-1.));
#5306=DIRECTION('center_axis',(0.,-1.,0.));
#5307=DIRECTION('ref_axis',(-0.707106781186544,0.,0.707106781186551));
#5308=DIRECTION('',(0.,0.,-1.));
#5309=DIRECTION('center_axis',(0.,-1.,0.));
#5310=DIRECTION('ref_axis',(-0.707106781186547,0.,0.707106781186548));
#5311=DIRECTION('',(-1.,0.,0.));
#5312=DIRECTION('center_axis',(0.,-1.,0.));
#5313=DIRECTION('ref_axis',(0.707106781186547,0.,0.707106781186548));
#5314=DIRECTION('',(0.,0.,1.));
#5315=DIRECTION('center_axis',(0.,-1.,0.));
#5316=DIRECTION('ref_axis',(0.707106781186547,0.,-0.707106781186548));
#5317=DIRECTION('',(1.,0.,3.17206578464331E-16));
#5318=DIRECTION('center_axis',(0.,-1.,0.));
#5319=DIRECTION('ref_axis',(-0.707106781186547,0.,-0.707106781186548));
#5320=DIRECTION('center_axis',(0.,1.,0.));
#5321=DIRECTION('ref_axis',(-1.,0.,0.));
#5322=DIRECTION('center_axis',(0.,1.,0.));
#5323=DIRECTION('ref_axis',(-1.,0.,0.));
#5324=DIRECTION('center_axis',(0.,1.,0.));
#5325=DIRECTION('ref_axis',(-1.,0.,0.));
#5326=DIRECTION('center_axis',(0.,1.,0.));
#5327=DIRECTION('ref_axis',(-1.,0.,0.));
#5328=DIRECTION('center_axis',(0.,1.,0.));
#5329=DIRECTION('ref_axis',(-1.,0.,0.));
#5330=DIRECTION('center_axis',(0.,1.,0.));
#5331=DIRECTION('ref_axis',(-1.,0.,0.));
#5332=DIRECTION('center_axis',(0.,1.,0.));
#5333=DIRECTION('ref_axis',(-1.,0.,0.));
#5334=DIRECTION('center_axis',(0.,1.,0.));
#5335=DIRECTION('ref_axis',(-1.,0.,0.));
#5336=DIRECTION('center_axis',(0.,-1.,0.));
#5337=DIRECTION('ref_axis',(-1.,0.,0.));
#5338=DIRECTION('center_axis',(0.,-1.,0.));
#5339=DIRECTION('ref_axis',(-1.,0.,0.));
#5340=DIRECTION('center_axis',(0.,-1.,0.));
#5341=DIRECTION('ref_axis',(-1.,0.,0.));
#5342=DIRECTION('center_axis',(0.,-1.,0.));
#5343=DIRECTION('ref_axis',(-1.,0.,0.));
#5344=DIRECTION('center_axis',(0.,-1.,0.));
#5345=DIRECTION('ref_axis',(-1.,0.,0.));
#5346=DIRECTION('center_axis',(0.,-1.,0.));
#5347=DIRECTION('ref_axis',(-1.,0.,0.));
#5348=DIRECTION('center_axis',(0.,-1.,0.));
#5349=DIRECTION('ref_axis',(-1.,0.,0.));
#5350=DIRECTION('center_axis',(0.,-1.,0.));
#5351=DIRECTION('ref_axis',(-1.,0.,0.));
#5352=DIRECTION('center_axis',(0.,-1.,0.));
#5353=DIRECTION('ref_axis',(0.,0.,-1.));
#5354=DIRECTION('center_axis',(-1.,0.,0.));
#5355=DIRECTION('ref_axis',(0.,0.,1.));
#5356=DIRECTION('center_axis',(0.,-1.,0.));
#5357=DIRECTION('ref_axis',(-1.,0.,0.));
#5358=DIRECTION('center_axis',(0.,-1.,0.));
#5359=DIRECTION('ref_axis',(-1.,0.,0.));
#5360=DIRECTION('center_axis',(0.,-1.,0.));
#5361=DIRECTION('ref_axis',(-1.,0.,0.));
#5362=DIRECTION('',(0.,-1.,0.));
#5363=DIRECTION('center_axis',(0.,1.,0.));
#5364=DIRECTION('ref_axis',(-1.,0.,0.));
#5365=DIRECTION('center_axis',(0.,1.,0.));
#5366=DIRECTION('ref_axis',(-1.,0.,0.));
#5367=DIRECTION('center_axis',(0.,1.,0.));
#5368=DIRECTION('ref_axis',(0.,0.,1.));
#5369=DIRECTION('center_axis',(-1.,0.,0.));
#5370=DIRECTION('ref_axis',(0.,0.,-1.));
#5371=DIRECTION('center_axis',(0.,-1.,0.));
#5372=DIRECTION('ref_axis',(0.,0.,-1.));
#5373=DIRECTION('center_axis',(-1.,0.,0.));
#5374=DIRECTION('ref_axis',(0.,0.,1.));
#5375=DIRECTION('center_axis',(0.,-1.,0.));
#5376=DIRECTION('ref_axis',(-1.,0.,0.));
#5377=DIRECTION('center_axis',(0.,-1.,0.));
#5378=DIRECTION('ref_axis',(-1.,0.,0.));
#5379=DIRECTION('center_axis',(0.,-1.,0.));
#5380=DIRECTION('ref_axis',(-1.,0.,0.));
#5381=DIRECTION('',(0.,-1.,0.));
#5382=DIRECTION('center_axis',(0.,1.,0.));
#5383=DIRECTION('ref_axis',(-1.,0.,0.));
#5384=DIRECTION('center_axis',(0.,1.,0.));
#5385=DIRECTION('ref_axis',(-1.,0.,0.));
#5386=DIRECTION('center_axis',(0.,1.,0.));
#5387=DIRECTION('ref_axis',(0.,0.,1.));
#5388=DIRECTION('center_axis',(-1.,0.,0.));
#5389=DIRECTION('ref_axis',(0.,0.,-1.));
#5390=DIRECTION('center_axis',(0.,1.,0.));
#5391=DIRECTION('ref_axis',(0.,0.,1.));
#5392=DIRECTION('center_axis',(-1.,0.,0.));
#5393=DIRECTION('ref_axis',(0.,0.,-1.));
#5394=DIRECTION('center_axis',(0.,1.,0.));
#5395=DIRECTION('ref_axis',(-1.,0.,0.));
#5396=DIRECTION('center_axis',(0.,1.,0.));
#5397=DIRECTION('ref_axis',(-1.,0.,0.));
#5398=DIRECTION('center_axis',(0.,-1.,0.));
#5399=DIRECTION('ref_axis',(-1.,0.,0.));
#5400=DIRECTION('center_axis',(0.,-1.,0.));
#5401=DIRECTION('ref_axis',(-1.,0.,0.));
#5402=DIRECTION('',(0.,-1.,0.));
#5403=DIRECTION('center_axis',(0.,-1.,0.));
#5404=DIRECTION('ref_axis',(-1.,0.,0.));
#5405=DIRECTION('center_axis',(0.,-1.,0.));
#5406=DIRECTION('ref_axis',(0.,0.,-1.));
#5407=DIRECTION('center_axis',(-1.,0.,0.));
#5408=DIRECTION('ref_axis',(0.,0.,1.));
#5409=DIRECTION('center_axis',(0.,-1.,0.));
#5410=DIRECTION('ref_axis',(0.,0.,-1.));
#5411=DIRECTION('center_axis',(-1.,0.,0.));
#5412=DIRECTION('ref_axis',(0.,0.,1.));
#5413=DIRECTION('center_axis',(0.,-1.,0.));
#5414=DIRECTION('ref_axis',(-1.,0.,0.));
#5415=DIRECTION('center_axis',(0.,-1.,0.));
#5416=DIRECTION('ref_axis',(-1.,0.,0.));
#5417=DIRECTION('center_axis',(0.,-1.,0.));
#5418=DIRECTION('ref_axis',(-1.,0.,0.));
#5419=DIRECTION('',(0.,-1.,0.));
#5420=DIRECTION('center_axis',(0.,1.,0.));
#5421=DIRECTION('ref_axis',(-1.,0.,0.));
#5422=DIRECTION('center_axis',(0.,1.,0.));
#5423=DIRECTION('ref_axis',(-1.,0.,0.));
#5424=DIRECTION('center_axis',(0.,1.,0.));
#5425=DIRECTION('ref_axis',(0.,0.,1.));
#5426=DIRECTION('center_axis',(-1.,0.,0.));
#5427=DIRECTION('ref_axis',(0.,0.,-1.));
#5428=DIRECTION('center_axis',(0.,-1.,0.));
#5429=DIRECTION('ref_axis',(0.,0.,-1.));
#5430=DIRECTION('center_axis',(-1.,0.,0.));
#5431=DIRECTION('ref_axis',(0.,0.,1.));
#5432=DIRECTION('center_axis',(0.,-1.,0.));
#5433=DIRECTION('ref_axis',(-1.,0.,0.));
#5434=DIRECTION('center_axis',(0.,-1.,0.));
#5435=DIRECTION('ref_axis',(-1.,0.,0.));
#5436=DIRECTION('center_axis',(0.,-1.,0.));
#5437=DIRECTION('ref_axis',(-1.,0.,0.));
#5438=DIRECTION('',(0.,-1.,0.));
#5439=DIRECTION('center_axis',(0.,1.,0.));
#5440=DIRECTION('ref_axis',(-1.,0.,0.));
#5441=DIRECTION('center_axis',(0.,1.,0.));
#5442=DIRECTION('ref_axis',(-1.,0.,0.));
#5443=DIRECTION('center_axis',(0.,1.,0.));
#5444=DIRECTION('ref_axis',(0.,0.,1.));
#5445=DIRECTION('center_axis',(-1.,0.,0.));
#5446=DIRECTION('ref_axis',(0.,0.,-1.));
#5447=DIRECTION('center_axis',(0.,-1.,0.));
#5448=DIRECTION('ref_axis',(0.,0.,-1.));
#5449=DIRECTION('center_axis',(-1.,0.,0.));
#5450=DIRECTION('ref_axis',(0.,0.,1.));
#5451=DIRECTION('center_axis',(0.,-1.,0.));
#5452=DIRECTION('ref_axis',(-1.,0.,0.));
#5453=DIRECTION('center_axis',(0.,-1.,0.));
#5454=DIRECTION('ref_axis',(-1.,0.,0.));
#5455=DIRECTION('center_axis',(0.,-1.,0.));
#5456=DIRECTION('ref_axis',(-1.,0.,0.));
#5457=DIRECTION('',(0.,-1.,0.));
#5458=DIRECTION('center_axis',(0.,1.,0.));
#5459=DIRECTION('ref_axis',(-1.,0.,0.));
#5460=DIRECTION('center_axis',(0.,1.,0.));
#5461=DIRECTION('ref_axis',(-1.,0.,0.));
#5462=DIRECTION('center_axis',(0.,1.,0.));
#5463=DIRECTION('ref_axis',(0.,0.,1.));
#5464=DIRECTION('center_axis',(-1.,0.,0.));
#5465=DIRECTION('ref_axis',(0.,0.,-1.));
#5466=DIRECTION('center_axis',(0.,-1.,0.));
#5467=DIRECTION('ref_axis',(0.,0.,-1.));
#5468=DIRECTION('center_axis',(-1.,0.,0.));
#5469=DIRECTION('ref_axis',(0.,0.,1.));
#5470=DIRECTION('center_axis',(0.,-1.,0.));
#5471=DIRECTION('ref_axis',(-1.,0.,0.));
#5472=DIRECTION('center_axis',(0.,-1.,0.));
#5473=DIRECTION('ref_axis',(-1.,0.,0.));
#5474=DIRECTION('center_axis',(0.,-1.,0.));
#5475=DIRECTION('ref_axis',(-1.,0.,0.));
#5476=DIRECTION('',(0.,-1.,0.));
#5477=DIRECTION('center_axis',(0.,1.,0.));
#5478=DIRECTION('ref_axis',(-1.,0.,0.));
#5479=DIRECTION('center_axis',(0.,1.,0.));
#5480=DIRECTION('ref_axis',(-1.,0.,0.));
#5481=DIRECTION('center_axis',(0.,1.,0.));
#5482=DIRECTION('ref_axis',(0.,0.,1.));
#5483=DIRECTION('center_axis',(-1.,0.,0.));
#5484=DIRECTION('ref_axis',(0.,0.,-1.));
#5485=DIRECTION('center_axis',(0.,1.,0.));
#5486=DIRECTION('ref_axis',(0.,0.,1.));
#5487=DIRECTION('center_axis',(-1.,0.,0.));
#5488=DIRECTION('ref_axis',(0.,0.,-1.));
#5489=DIRECTION('center_axis',(0.,1.,0.));
#5490=DIRECTION('ref_axis',(-1.,0.,0.));
#5491=DIRECTION('center_axis',(0.,1.,0.));
#5492=DIRECTION('ref_axis',(-1.,0.,0.));
#5493=DIRECTION('center_axis',(0.,-1.,0.));
#5494=DIRECTION('ref_axis',(-1.,0.,0.));
#5495=DIRECTION('center_axis',(0.,-1.,0.));
#5496=DIRECTION('ref_axis',(-1.,0.,0.));
#5497=DIRECTION('',(0.,-1.,0.));
#5498=DIRECTION('center_axis',(0.,-1.,0.));
#5499=DIRECTION('ref_axis',(-1.,0.,0.));
#5500=DIRECTION('center_axis',(0.,1.,0.));
#5501=DIRECTION('ref_axis',(0.,0.,1.));
#5502=DIRECTION('center_axis',(-1.,0.,0.));
#5503=DIRECTION('ref_axis',(0.,0.,-1.));
#5504=DIRECTION('center_axis',(0.,1.,0.));
#5505=DIRECTION('ref_axis',(-1.,0.,0.));
#5506=DIRECTION('center_axis',(0.,1.,0.));
#5507=DIRECTION('ref_axis',(-1.,0.,0.));
#5508=DIRECTION('center_axis',(0.,-1.,0.));
#5509=DIRECTION('ref_axis',(-1.,0.,0.));
#5510=DIRECTION('center_axis',(0.,-1.,0.));
#5511=DIRECTION('ref_axis',(-1.,0.,0.));
#5512=DIRECTION('',(0.,-1.,0.));
#5513=DIRECTION('center_axis',(0.,-1.,0.));
#5514=DIRECTION('ref_axis',(-1.,0.,0.));
#5515=DIRECTION('center_axis',(0.,-1.,0.));
#5516=DIRECTION('ref_axis',(0.,0.,-1.));
#5517=DIRECTION('center_axis',(-1.,0.,0.));
#5518=DIRECTION('ref_axis',(0.,0.,1.));
#5519=DIRECTION('center_axis',(0.,-1.,0.));
#5520=DIRECTION('ref_axis',(0.,0.,-1.));
#5521=DIRECTION('center_axis',(-1.,0.,0.));
#5522=DIRECTION('ref_axis',(0.,0.,1.));
#5523=DIRECTION('center_axis',(0.,-1.,0.));
#5524=DIRECTION('ref_axis',(0.,0.,-1.));
#5525=DIRECTION('center_axis',(-1.,0.,0.));
#5526=DIRECTION('ref_axis',(0.,0.,1.));
#5527=DIRECTION('center_axis',(0.,-1.,0.));
#5528=DIRECTION('ref_axis',(-1.,0.,0.));
#5529=DIRECTION('center_axis',(0.,-1.,0.));
#5530=DIRECTION('ref_axis',(-1.,0.,0.));
#5531=DIRECTION('center_axis',(0.,-1.,0.));
#5532=DIRECTION('ref_axis',(-1.,0.,0.));
#5533=DIRECTION('',(0.,-1.,0.));
#5534=DIRECTION('center_axis',(0.,1.,0.));
#5535=DIRECTION('ref_axis',(-1.,0.,0.));
#5536=DIRECTION('center_axis',(0.,1.,0.));
#5537=DIRECTION('ref_axis',(-1.,0.,0.));
#5538=DIRECTION('center_axis',(0.,-1.,0.));
#5539=DIRECTION('ref_axis',(0.,0.,-1.));
#5540=DIRECTION('center_axis',(-1.,0.,0.));
#5541=DIRECTION('ref_axis',(0.,0.,1.));
#5542=DIRECTION('center_axis',(0.,-1.,0.));
#5543=DIRECTION('ref_axis',(-1.,0.,0.));
#5544=DIRECTION('center_axis',(0.,-1.,0.));
#5545=DIRECTION('ref_axis',(-1.,0.,0.));
#5546=DIRECTION('center_axis',(0.,-1.,0.));
#5547=DIRECTION('ref_axis',(-1.,0.,0.));
#5548=DIRECTION('',(0.,-1.,0.));
#5549=DIRECTION('center_axis',(0.,1.,0.));
#5550=DIRECTION('ref_axis',(-1.,0.,0.));
#5551=DIRECTION('center_axis',(0.,1.,0.));
#5552=DIRECTION('ref_axis',(-1.,0.,0.));
#5553=DIRECTION('center_axis',(0.,1.,0.));
#5554=DIRECTION('ref_axis',(0.,0.,1.));
#5555=DIRECTION('center_axis',(-1.,0.,0.));
#5556=DIRECTION('ref_axis',(0.,0.,-1.));
#5557=DIRECTION('center_axis',(0.,1.,0.));
#5558=DIRECTION('ref_axis',(0.,0.,1.));
#5559=DIRECTION('center_axis',(-1.,0.,0.));
#5560=DIRECTION('ref_axis',(0.,0.,-1.));
#5561=DIRECTION('center_axis',(0.,1.,0.));
#5562=DIRECTION('ref_axis',(0.,0.,1.));
#5563=DIRECTION('center_axis',(-1.,0.,0.));
#5564=DIRECTION('ref_axis',(0.,0.,-1.));
#5565=DIRECTION('center_axis',(0.,1.,0.));
#5566=DIRECTION('ref_axis',(-1.,0.,0.));
#5567=DIRECTION('center_axis',(0.,1.,0.));
#5568=DIRECTION('ref_axis',(-1.,0.,0.));
#5569=DIRECTION('center_axis',(0.,-1.,0.));
#5570=DIRECTION('ref_axis',(-1.,0.,0.));
#5571=DIRECTION('center_axis',(0.,-1.,0.));
#5572=DIRECTION('ref_axis',(-1.,0.,0.));
#5573=DIRECTION('',(0.,-1.,0.));
#5574=DIRECTION('center_axis',(0.,-1.,0.));
#5575=DIRECTION('ref_axis',(-1.,0.,0.));
#5576=DIRECTION('center_axis',(0.,-1.,0.));
#5577=DIRECTION('ref_axis',(0.,0.,-1.));
#5578=DIRECTION('center_axis',(-1.,0.,0.));
#5579=DIRECTION('ref_axis',(0.,0.,1.));
#5580=DIRECTION('center_axis',(0.,1.,0.));
#5581=DIRECTION('ref_axis',(0.,0.,1.));
#5582=DIRECTION('center_axis',(-1.,0.,0.));
#5583=DIRECTION('ref_axis',(0.,0.,-1.));
#5584=DIRECTION('center_axis',(0.,1.,0.));
#5585=DIRECTION('ref_axis',(-1.,0.,0.));
#5586=DIRECTION('center_axis',(0.,1.,0.));
#5587=DIRECTION('ref_axis',(-1.,0.,0.));
#5588=DIRECTION('center_axis',(0.,-1.,0.));
#5589=DIRECTION('ref_axis',(-1.,0.,0.));
#5590=DIRECTION('center_axis',(0.,-1.,0.));
#5591=DIRECTION('ref_axis',(-1.,0.,0.));
#5592=DIRECTION('',(0.,-1.,0.));
#5593=DIRECTION('center_axis',(0.,-1.,0.));
#5594=DIRECTION('ref_axis',(-1.,0.,0.));
#5595=DIRECTION('center_axis',(0.,-1.,0.));
#5596=DIRECTION('ref_axis',(0.,0.,-1.));
#5597=DIRECTION('center_axis',(-1.,0.,0.));
#5598=DIRECTION('ref_axis',(0.,0.,1.));
#5599=DIRECTION('center_axis',(0.,-1.,0.));
#5600=DIRECTION('ref_axis',(0.,0.,-1.));
#5601=DIRECTION('center_axis',(-1.,0.,0.));
#5602=DIRECTION('ref_axis',(0.,0.,1.));
#5603=DIRECTION('center_axis',(0.,-1.,0.));
#5604=DIRECTION('ref_axis',(-1.,0.,0.));
#5605=DIRECTION('center_axis',(0.,-1.,0.));
#5606=DIRECTION('ref_axis',(-1.,0.,0.));
#5607=DIRECTION('center_axis',(0.,-1.,0.));
#5608=DIRECTION('ref_axis',(-1.,0.,0.));
#5609=DIRECTION('',(0.,-1.,0.));
#5610=DIRECTION('center_axis',(0.,1.,0.));
#5611=DIRECTION('ref_axis',(-1.,0.,0.));
#5612=DIRECTION('center_axis',(0.,1.,0.));
#5613=DIRECTION('ref_axis',(-1.,0.,0.));
#5614=DIRECTION('center_axis',(0.,1.,0.));
#5615=DIRECTION('ref_axis',(0.,0.,1.));
#5616=DIRECTION('center_axis',(-1.,0.,0.));
#5617=DIRECTION('ref_axis',(0.,0.,-1.));
#5618=DIRECTION('center_axis',(0.,1.,0.));
#5619=DIRECTION('ref_axis',(0.,0.,1.));
#5620=DIRECTION('center_axis',(-1.,0.,0.));
#5621=DIRECTION('ref_axis',(0.,0.,-1.));
#5622=DIRECTION('center_axis',(0.,1.,0.));
#5623=DIRECTION('ref_axis',(-1.,0.,0.));
#5624=DIRECTION('center_axis',(0.,1.,0.));
#5625=DIRECTION('ref_axis',(-1.,0.,0.));
#5626=DIRECTION('center_axis',(0.,-1.,0.));
#5627=DIRECTION('ref_axis',(-1.,0.,0.));
#5628=DIRECTION('center_axis',(0.,-1.,0.));
#5629=DIRECTION('ref_axis',(-1.,0.,0.));
#5630=DIRECTION('',(0.,-1.,0.));
#5631=DIRECTION('center_axis',(0.,-1.,0.));
#5632=DIRECTION('ref_axis',(-1.,0.,0.));
#5633=DIRECTION('center_axis',(0.,-1.,0.));
#5634=DIRECTION('ref_axis',(0.,0.,-1.));
#5635=DIRECTION('center_axis',(-1.,0.,0.));
#5636=DIRECTION('ref_axis',(0.,0.,1.));
#5637=DIRECTION('center_axis',(0.,-1.,0.));
#5638=DIRECTION('ref_axis',(0.,0.,-1.));
#5639=DIRECTION('center_axis',(-1.,0.,0.));
#5640=DIRECTION('ref_axis',(0.,0.,1.));
#5641=DIRECTION('center_axis',(0.,-1.,0.));
#5642=DIRECTION('ref_axis',(-1.,0.,0.));
#5643=DIRECTION('center_axis',(0.,-1.,0.));
#5644=DIRECTION('ref_axis',(-1.,0.,0.));
#5645=DIRECTION('center_axis',(0.,-1.,0.));
#5646=DIRECTION('ref_axis',(-1.,0.,0.));
#5647=DIRECTION('',(0.,-1.,0.));
#5648=DIRECTION('center_axis',(0.,1.,0.));
#5649=DIRECTION('ref_axis',(-1.,0.,0.));
#5650=DIRECTION('center_axis',(0.,1.,0.));
#5651=DIRECTION('ref_axis',(-1.,0.,0.));
#5652=DIRECTION('center_axis',(0.,1.,0.));
#5653=DIRECTION('ref_axis',(0.,0.,1.));
#5654=DIRECTION('center_axis',(-1.,0.,0.));
#5655=DIRECTION('ref_axis',(0.,0.,-1.));
#5656=DIRECTION('center_axis',(0.,1.,0.));
#5657=DIRECTION('ref_axis',(0.,0.,1.));
#5658=DIRECTION('center_axis',(-1.,0.,0.));
#5659=DIRECTION('ref_axis',(0.,0.,-1.));
#5660=DIRECTION('center_axis',(0.,1.,0.));
#5661=DIRECTION('ref_axis',(-1.,0.,0.));
#5662=DIRECTION('center_axis',(0.,1.,0.));
#5663=DIRECTION('ref_axis',(-1.,0.,0.));
#5664=DIRECTION('center_axis',(0.,-1.,0.));
#5665=DIRECTION('ref_axis',(-1.,0.,0.));
#5666=DIRECTION('center_axis',(0.,-1.,0.));
#5667=DIRECTION('ref_axis',(-1.,0.,0.));
#5668=DIRECTION('',(0.,-1.,0.));
#5669=DIRECTION('center_axis',(0.,-1.,0.));
#5670=DIRECTION('ref_axis',(-1.,0.,0.));
#5671=DIRECTION('center_axis',(0.,-1.,0.));
#5672=DIRECTION('ref_axis',(0.,0.,-1.));
#5673=DIRECTION('center_axis',(-1.,0.,0.));
#5674=DIRECTION('ref_axis',(0.,0.,1.));
#5675=DIRECTION('center_axis',(0.,-1.,0.));
#5676=DIRECTION('ref_axis',(-1.,0.,0.));
#5677=DIRECTION('',(0.,-1.,0.));
#5678=DIRECTION('center_axis',(0.,-1.,0.));
#5679=DIRECTION('ref_axis',(-1.,0.,0.));
#5680=DIRECTION('',(0.,-1.,0.));
#5681=DIRECTION('center_axis',(0.,-1.,0.));
#5682=DIRECTION('ref_axis',(-1.,0.,0.));
#5683=DIRECTION('',(0.,-1.,0.));
#5684=DIRECTION('center_axis',(0.,-1.,0.));
#5685=DIRECTION('ref_axis',(-1.,0.,0.));
#5686=DIRECTION('',(0.,-1.,0.));
#5687=DIRECTION('center_axis',(0.,-1.,0.));
#5688=DIRECTION('ref_axis',(-1.,0.,0.));
#5689=DIRECTION('',(0.,-1.,0.));
#5690=DIRECTION('center_axis',(0.,-1.,0.));
#5691=DIRECTION('ref_axis',(-1.,0.,0.));
#5692=DIRECTION('',(0.,-1.,0.));
#5693=DIRECTION('center_axis',(0.,-1.,0.));
#5694=DIRECTION('ref_axis',(-1.,0.,0.));
#5695=DIRECTION('',(0.,-1.,0.));
#5696=DIRECTION('center_axis',(0.,-1.,0.));
#5697=DIRECTION('ref_axis',(-1.,0.,0.));
#5698=DIRECTION('',(0.,-1.,0.));
#5699=DIRECTION('center_axis',(0.,-1.,0.));
#5700=DIRECTION('ref_axis',(-1.,0.,0.));
#5701=DIRECTION('',(0.,-1.,0.));
#5702=DIRECTION('center_axis',(0.,-1.,0.));
#5703=DIRECTION('ref_axis',(-1.,0.,0.));
#5704=DIRECTION('',(0.,-1.,0.));
#5705=DIRECTION('center_axis',(0.,-1.,0.));
#5706=DIRECTION('ref_axis',(-1.,0.,0.));
#5707=DIRECTION('',(0.,-1.,0.));
#5708=DIRECTION('center_axis',(0.,-1.,0.));
#5709=DIRECTION('ref_axis',(-1.,0.,0.));
#5710=DIRECTION('',(0.,-1.,0.));
#5711=DIRECTION('center_axis',(0.,-1.,0.));
#5712=DIRECTION('ref_axis',(-1.,0.,0.));
#5713=DIRECTION('',(0.,-1.,0.));
#5714=DIRECTION('center_axis',(0.,-1.,0.));
#5715=DIRECTION('ref_axis',(-1.,0.,0.));
#5716=DIRECTION('',(0.,-1.,0.));
#5717=DIRECTION('center_axis',(0.,-1.,0.));
#5718=DIRECTION('ref_axis',(-1.,0.,0.));
#5719=DIRECTION('',(0.,-1.,0.));
#5720=DIRECTION('center_axis',(0.,-1.,0.));
#5721=DIRECTION('ref_axis',(-1.,0.,0.));
#5722=DIRECTION('',(0.,-1.,0.));
#5723=DIRECTION('center_axis',(0.,-1.,0.));
#5724=DIRECTION('ref_axis',(-1.,0.,0.));
#5725=DIRECTION('',(0.,-1.,0.));
#5726=DIRECTION('center_axis',(0.,-1.,0.));
#5727=DIRECTION('ref_axis',(-1.,0.,0.));
#5728=DIRECTION('',(0.,-1.,0.));
#5729=DIRECTION('center_axis',(0.,-1.,0.));
#5730=DIRECTION('ref_axis',(-1.,0.,0.));
#5731=DIRECTION('',(0.,-1.,0.));
#5732=DIRECTION('center_axis',(0.,-1.,0.));
#5733=DIRECTION('ref_axis',(-1.,0.,0.));
#5734=DIRECTION('',(0.,-1.,0.));
#5735=DIRECTION('center_axis',(0.,-1.,0.));
#5736=DIRECTION('ref_axis',(-1.,0.,0.));
#5737=DIRECTION('',(0.,-1.,0.));
#5738=DIRECTION('center_axis',(0.,-1.,0.));
#5739=DIRECTION('ref_axis',(-1.,0.,0.));
#5740=DIRECTION('',(0.,-1.,0.));
#5741=DIRECTION('center_axis',(0.,-1.,0.));
#5742=DIRECTION('ref_axis',(-1.,0.,0.));
#5743=DIRECTION('',(0.,-1.,0.));
#5744=DIRECTION('center_axis',(0.,-1.,0.));
#5745=DIRECTION('ref_axis',(-1.,0.,0.));
#5746=DIRECTION('',(0.,-1.,0.));
#5747=DIRECTION('center_axis',(0.,-1.,0.));
#5748=DIRECTION('ref_axis',(-1.,0.,0.));
#5749=DIRECTION('',(0.,-1.,0.));
#5750=DIRECTION('center_axis',(0.,-1.,0.));
#5751=DIRECTION('ref_axis',(-1.,0.,0.));
#5752=DIRECTION('',(0.,-1.,0.));
#5753=DIRECTION('center_axis',(0.,-1.,0.));
#5754=DIRECTION('ref_axis',(-1.,0.,0.));
#5755=DIRECTION('',(0.,-1.,0.));
#5756=DIRECTION('center_axis',(0.,-1.,0.));
#5757=DIRECTION('ref_axis',(-1.,0.,0.));
#5758=DIRECTION('',(0.,-1.,0.));
#5759=DIRECTION('center_axis',(0.,-1.,0.));
#5760=DIRECTION('ref_axis',(-1.,0.,0.));
#5761=DIRECTION('',(0.,-1.,0.));
#5762=DIRECTION('center_axis',(0.,-1.,0.));
#5763=DIRECTION('ref_axis',(-1.,0.,0.));
#5764=DIRECTION('',(0.,-1.,0.));
#5765=DIRECTION('center_axis',(0.,-1.,0.));
#5766=DIRECTION('ref_axis',(-1.,0.,0.));
#5767=DIRECTION('',(0.,-1.,0.));
#5768=DIRECTION('center_axis',(0.,-1.,0.));
#5769=DIRECTION('ref_axis',(-1.,0.,0.));
#5770=DIRECTION('',(0.,-1.,0.));
#5771=DIRECTION('center_axis',(0.,-1.,0.));
#5772=DIRECTION('ref_axis',(-1.,0.,0.));
#5773=DIRECTION('',(0.,-1.,0.));
#5774=DIRECTION('center_axis',(0.,-1.,0.));
#5775=DIRECTION('ref_axis',(-1.,0.,0.));
#5776=DIRECTION('',(0.,-1.,0.));
#5777=DIRECTION('center_axis',(0.,-1.,0.));
#5778=DIRECTION('ref_axis',(-1.,0.,0.));
#5779=DIRECTION('',(0.,-1.,0.));
#5780=DIRECTION('center_axis',(0.,-1.,0.));
#5781=DIRECTION('ref_axis',(-1.,0.,0.));
#5782=DIRECTION('',(0.,-1.,0.));
#5783=DIRECTION('center_axis',(-1.,0.,0.));
#5784=DIRECTION('ref_axis',(0.,0.707106781186555,-0.70710678118654));
#5785=DIRECTION('center_axis',(-1.,0.,0.));
#5786=DIRECTION('ref_axis',(0.,1.,0.));
#5787=DIRECTION('',(-1.,0.,0.));
#5788=DIRECTION('center_axis',(1.,0.,0.));
#5789=DIRECTION('ref_axis',(0.,0.,-1.));
#5790=DIRECTION('center_axis',(0.,-1.,0.));
#5791=DIRECTION('ref_axis',(0.,0.,-1.));
#5792=DIRECTION('center_axis',(8.88178419700113E-15,0.,1.));
#5793=DIRECTION('ref_axis',(1.,0.,-8.88178419700113E-15));
#5794=DIRECTION('center_axis',(0.,-1.,0.));
#5795=DIRECTION('ref_axis',(-0.707106781186547,0.,0.707106781186548));
#5796=DIRECTION('center_axis',(0.,0.,-1.));
#5797=DIRECTION('ref_axis',(0.707106781186552,0.707106781186543,0.));
#5798=DIRECTION('center_axis',(-8.88178419700113E-15,0.,1.));
#5799=DIRECTION('ref_axis',(1.,0.,8.88178419700113E-15));
#5800=DIRECTION('',(0.,0.,-1.));
#5801=DIRECTION('center_axis',(0.,-1.,0.));
#5802=DIRECTION('ref_axis',(0.,0.,-1.));
#5803=DIRECTION('center_axis',(-1.,0.,0.));
#5804=DIRECTION('ref_axis',(0.,0.,1.));
#5805=DIRECTION('center_axis',(0.,-1.,0.));
#5806=DIRECTION('ref_axis',(-0.707106781186547,0.,-0.707106781186548));
#5807=DIRECTION('center_axis',(1.,0.,3.17206578464331E-16));
#5808=DIRECTION('ref_axis',(0.,0.707106781186549,0.707106781186546));
#5809=DIRECTION('center_axis',(-1.,0.,0.));
#5810=DIRECTION('ref_axis',(0.,0.,1.));
#5811=DIRECTION('',(1.,0.,3.17206578464331E-16));
#5812=DIRECTION('center_axis',(0.,-1.,0.));
#5813=DIRECTION('ref_axis',(0.,0.,-1.));
#5814=DIRECTION('center_axis',(-8.88178419700113E-15,0.,-1.));
#5815=DIRECTION('ref_axis',(-1.,0.,8.88178419700113E-15));
#5816=DIRECTION('center_axis',(0.,-1.,0.));
#5817=DIRECTION('ref_axis',(0.707106781186547,0.,-0.707106781186548));
#5818=DIRECTION('center_axis',(0.,0.,1.));
#5819=DIRECTION('ref_axis',(-0.707106781186552,0.707106781186543,0.));
#5820=DIRECTION('center_axis',(-8.88178419700113E-15,0.,-1.));
#5821=DIRECTION('ref_axis',(-1.,0.,8.88178419700113E-15));
#5822=DIRECTION('',(0.,0.,1.));
#5823=DIRECTION('center_axis',(0.,-1.,0.));
#5824=DIRECTION('ref_axis',(0.,0.,-1.));
#5825=DIRECTION('center_axis',(0.,-1.,0.));
#5826=DIRECTION('ref_axis',(0.707106781186547,0.,0.707106781186548));
#5827=DIRECTION('center_axis',(0.,-1.,0.));
#5828=DIRECTION('ref_axis',(-5.92118946466745E-15,0.,-1.));
#5829=DIRECTION('',(0.,-1.,0.));
#5830=DIRECTION('center_axis',(0.,1.,0.));
#5831=DIRECTION('ref_axis',(-0.707106781186547,0.,-0.707106781186548));
#5832=DIRECTION('',(0.,-1.,0.));
#5833=DIRECTION('center_axis',(-1.,0.,0.));
#5834=DIRECTION('ref_axis',(0.,0.,-1.));
#5835=DIRECTION('',(0.,-1.,0.));
#5836=DIRECTION('',(0.,0.,1.));
#5837=DIRECTION('center_axis',(0.,-1.,0.));
#5838=DIRECTION('ref_axis',(-1.,0.,8.88178419700118E-15));
#5839=DIRECTION('',(0.,-1.,0.));
#5840=DIRECTION('center_axis',(0.,1.,0.));
#5841=DIRECTION('ref_axis',(-0.707106781186547,0.,0.707106781186548));
#5842=DIRECTION('center_axis',(0.,0.,1.));
#5843=DIRECTION('ref_axis',(-1.,0.,0.));
#5844=DIRECTION('',(0.,-1.,0.));
#5845=DIRECTION('',(1.,0.,0.));
#5846=DIRECTION('center_axis',(0.,0.,1.));
#5847=DIRECTION('ref_axis',(0.707106781186553,-0.707106781186542,0.));
#5848=DIRECTION('center_axis',(-8.88178419700113E-15,0.,1.));
#5849=DIRECTION('ref_axis',(0.,-1.,0.));
#5850=DIRECTION('center_axis',(8.88178419700113E-15,0.,-1.));
#5851=DIRECTION('ref_axis',(1.,0.,8.88178419700113E-15));
#5852=DIRECTION('center_axis',(0.,1.,0.));
#5853=DIRECTION('ref_axis',(0.,0.,1.));
#5854=DIRECTION('center_axis',(-1.,0.,0.));
#5855=DIRECTION('ref_axis',(0.,0.,-1.));
#5856=DIRECTION('center_axis',(1.,0.,0.));
#5857=DIRECTION('ref_axis',(0.,-0.707106781186555,-0.70710678118654));
#5858=DIRECTION('center_axis',(-1.,0.,0.));
#5859=DIRECTION('ref_axis',(0.,0.,-1.));
#5860=DIRECTION('center_axis',(0.,1.,0.));
#5861=DIRECTION('ref_axis',(0.,0.,1.));
#5862=DIRECTION('center_axis',(-8.88178419700113E-15,0.,1.));
#5863=DIRECTION('ref_axis',(-1.,0.,-8.88178419700113E-15));
#5864=DIRECTION('center_axis',(0.,1.,0.));
#5865=DIRECTION('ref_axis',(0.707106781186547,0.,0.707106781186548));
#5866=DIRECTION('center_axis',(0.,0.,-1.));
#5867=DIRECTION('ref_axis',(-0.707106781186553,-0.707106781186542,0.));
#5868=DIRECTION('center_axis',(8.88178419700113E-15,0.,1.));
#5869=DIRECTION('ref_axis',(-1.,0.,8.88178419700113E-15));
#5870=DIRECTION('',(0.,0.,-1.));
#5871=DIRECTION('center_axis',(0.,1.,0.));
#5872=DIRECTION('ref_axis',(0.,0.,1.));
#5873=DIRECTION('center_axis',(1.,0.,0.));
#5874=DIRECTION('ref_axis',(0.,0.,1.));
#5875=DIRECTION('center_axis',(0.,1.,0.));
#5876=DIRECTION('ref_axis',(0.707106781186547,0.,-0.707106781186548));
#5877=DIRECTION('center_axis',(-1.,0.,-3.17206578464331E-16));
#5878=DIRECTION('ref_axis',(0.,-0.707106781186549,0.707106781186546));
#5879=DIRECTION('center_axis',(1.,0.,0.));
#5880=DIRECTION('ref_axis',(0.,0.,1.));
#5881=DIRECTION('',(-1.,0.,-3.17206578464331E-16));
#5882=DIRECTION('center_axis',(0.,1.,0.));
#5883=DIRECTION('ref_axis',(0.,0.,1.));
#5884=DIRECTION('center_axis',(0.,-1.,0.));
#5885=DIRECTION('ref_axis',(5.92118946466745E-15,0.,1.));
#5886=DIRECTION('',(0.,-1.,0.));
#5887=DIRECTION('center_axis',(0.,-1.,0.));
#5888=DIRECTION('ref_axis',(-1.,0.,0.));
#5889=DIRECTION('',(0.,-1.,0.));
#5890=DIRECTION('center_axis',(0.,-1.,0.));
#5891=DIRECTION('ref_axis',(-1.,0.,0.));
#5892=DIRECTION('',(0.,-1.,0.));
#5893=DIRECTION('center_axis',(0.,-1.,0.));
#5894=DIRECTION('ref_axis',(-1.,0.,0.));
#5895=DIRECTION('',(0.,-1.,0.));
#5896=DIRECTION('center_axis',(0.,-1.,0.));
#5897=DIRECTION('ref_axis',(-1.,0.,0.));
#5898=DIRECTION('',(0.,-1.,0.));
#5899=DIRECTION('center_axis',(1.,0.,0.));
#5900=DIRECTION('ref_axis',(0.,0.,1.));
#5901=DIRECTION('',(0.,-1.,0.));
#5902=DIRECTION('center_axis',(0.,-1.,0.));
#5903=DIRECTION('ref_axis',(1.,0.,-8.88178419700118E-15));
#5904=DIRECTION('',(0.,-1.,0.));
#5905=DIRECTION('center_axis',(3.17206578464331E-16,0.,-1.));
#5906=DIRECTION('ref_axis',(1.,0.,3.17206578464331E-16));
#5907=DIRECTION('center_axis',(-1.,0.,0.));
#5908=DIRECTION('ref_axis',(0.,-0.707106781186517,0.707106781186578));
#5909=DIRECTION('center_axis',(-1.,0.,0.));
#5910=DIRECTION('ref_axis',(0.,-1.,0.));
#5911=DIRECTION('',(-1.,0.,0.));
#5912=DIRECTION('center_axis',(1.,0.,8.88178419700113E-15));
#5913=DIRECTION('ref_axis',(-8.88178419700113E-15,-1.38777878078143E-16,
1.));
#5914=DIRECTION('center_axis',(0.,1.,0.));
#5915=DIRECTION('ref_axis',(0.,0.,1.));
#5916=DIRECTION('center_axis',(0.,0.,1.));
#5917=DIRECTION('ref_axis',(-1.,0.,0.));
#5918=DIRECTION('center_axis',(0.,-1.,0.));
#5919=DIRECTION('ref_axis',(-0.707106781186548,0.,0.707106781186547));
#5920=DIRECTION('center_axis',(0.,0.,-1.));
#5921=DIRECTION('ref_axis',(-0.707106781186546,-0.707106781186549,0.));
#5922=DIRECTION('center_axis',(0.,0.,1.));
#5923=DIRECTION('ref_axis',(-1.,0.,0.));
#5924=DIRECTION('',(0.,0.,-1.));
#5925=DIRECTION('center_axis',(0.,1.,0.));
#5926=DIRECTION('ref_axis',(0.,0.,1.));
#5927=DIRECTION('center_axis',(-1.,0.,0.));
#5928=DIRECTION('ref_axis',(0.,0.,-1.));
#5929=DIRECTION('center_axis',(0.,-1.,0.));
#5930=DIRECTION('ref_axis',(-0.707106781186547,0.,-0.707106781186548));
#5931=DIRECTION('center_axis',(1.,0.,0.));
#5932=DIRECTION('ref_axis',(0.,-0.707106781186549,-0.707106781186546));
#5933=DIRECTION('center_axis',(-1.,0.,0.));
#5934=DIRECTION('ref_axis',(0.,-1.38777878078145E-16,-1.));
#5935=DIRECTION('',(1.,0.,0.));
#5936=DIRECTION('center_axis',(0.,1.,0.));
#5937=DIRECTION('ref_axis',(0.,0.,1.));
#5938=DIRECTION('center_axis',(0.,0.,-1.));
#5939=DIRECTION('ref_axis',(1.,0.,0.));
#5940=DIRECTION('center_axis',(0.,-1.,0.));
#5941=DIRECTION('ref_axis',(0.707106781186547,0.,-0.707106781186548));
#5942=DIRECTION('center_axis',(0.,0.,1.));
#5943=DIRECTION('ref_axis',(0.707106781186528,-0.707106781186568,0.));
#5944=DIRECTION('center_axis',(0.,0.,-1.));
#5945=DIRECTION('ref_axis',(1.,0.,0.));
#5946=DIRECTION('',(0.,0.,1.));
#5947=DIRECTION('center_axis',(0.,1.,0.));
#5948=DIRECTION('ref_axis',(0.,0.,1.));
#5949=DIRECTION('center_axis',(0.,-1.,0.));
#5950=DIRECTION('ref_axis',(0.707106781186547,0.,0.707106781186547));
#5951=DIRECTION('center_axis',(0.,-1.,0.));
#5952=DIRECTION('ref_axis',(-0.707106781186548,0.,-0.707106781186547));
#5953=DIRECTION('',(0.,1.,0.));
#5954=DIRECTION('center_axis',(0.,1.,0.));
#5955=DIRECTION('ref_axis',(-0.707106781186547,0.,-0.707106781186548));
#5956=DIRECTION('',(0.,-1.,0.));
#5957=DIRECTION('center_axis',(-1.,0.,0.));
#5958=DIRECTION('ref_axis',(0.,0.,-1.));
#5959=DIRECTION('',(0.,-1.,0.));
#5960=DIRECTION('',(0.,0.,1.));
#5961=DIRECTION('center_axis',(0.,-1.,0.));
#5962=DIRECTION('ref_axis',(-0.707106781186548,0.,0.707106781186547));
#5963=DIRECTION('',(0.,1.,0.));
#5964=DIRECTION('center_axis',(0.,1.,0.));
#5965=DIRECTION('ref_axis',(-0.707106781186548,0.,0.707106781186547));
#5966=DIRECTION('center_axis',(0.,0.,-1.));
#5967=DIRECTION('ref_axis',(0.,1.,0.));
#5968=DIRECTION('',(0.,-1.,0.));
#5969=DIRECTION('',(1.,0.,0.));
#5970=DIRECTION('center_axis',(0.,0.,1.));
#5971=DIRECTION('ref_axis',(-0.707106781186546,0.707106781186549,0.));
#5972=DIRECTION('center_axis',(0.,0.,1.));
#5973=DIRECTION('ref_axis',(0.,1.,0.));
#5974=DIRECTION('center_axis',(0.,0.,-1.));
#5975=DIRECTION('ref_axis',(-1.,0.,0.));
#5976=DIRECTION('center_axis',(0.,-1.,0.));
#5977=DIRECTION('ref_axis',(0.,0.,-1.));
#5978=DIRECTION('center_axis',(-1.,0.,0.));
#5979=DIRECTION('ref_axis',(0.,0.,1.));
#5980=DIRECTION('center_axis',(1.,0.,0.));
#5981=DIRECTION('ref_axis',(0.,0.707106781186517,0.707106781186578));
#5982=DIRECTION('center_axis',(-1.,0.,0.));
#5983=DIRECTION('ref_axis',(0.,0.,1.));
#5984=DIRECTION('center_axis',(0.,-1.,0.));
#5985=DIRECTION('ref_axis',(0.,0.,-1.));
#5986=DIRECTION('center_axis',(0.,0.,1.));
#5987=DIRECTION('ref_axis',(1.,0.,0.));
#5988=DIRECTION('center_axis',(0.,1.,0.));
#5989=DIRECTION('ref_axis',(0.707106781186547,0.,0.707106781186547));
#5990=DIRECTION('center_axis',(0.,0.,1.));
#5991=DIRECTION('ref_axis',(0.707106781186528,0.707106781186567,0.));
#5992=DIRECTION('center_axis',(0.,0.,1.));
#5993=DIRECTION('ref_axis',(1.,0.,0.));
#5994=DIRECTION('',(0.,0.,-1.));
#5995=DIRECTION('center_axis',(0.,-1.,0.));
#5996=DIRECTION('ref_axis',(0.,0.,-1.));
#5997=DIRECTION('center_axis',(1.,0.,0.));
#5998=DIRECTION('ref_axis',(0.,0.,-1.));
#5999=DIRECTION('center_axis',(0.,1.,0.));
#6000=DIRECTION('ref_axis',(0.707106781186547,0.,-0.707106781186548));
#6001=DIRECTION('center_axis',(-1.,0.,0.));
#6002=DIRECTION('ref_axis',(0.,0.707106781186548,-0.707106781186547));
#6003=DIRECTION('center_axis',(1.,0.,-8.88178419700128E-15));
#6004=DIRECTION('ref_axis',(-8.88178419700128E-15,0.,-1.));
#6005=DIRECTION('',(-1.,0.,0.));
#6006=DIRECTION('center_axis',(0.,-1.,0.));
#6007=DIRECTION('ref_axis',(0.,0.,-1.));
#6008=DIRECTION('center_axis',(0.,-1.,0.));
#6009=DIRECTION('ref_axis',(0.707106781186547,0.,0.707106781186547));
#6010=DIRECTION('',(0.,1.,0.));
#6011=DIRECTION('center_axis',(0.,1.,0.));
#6012=DIRECTION('ref_axis',(0.,0.,1.));
#6013=DIRECTION('center_axis',(-1.,0.,0.));
#6014=DIRECTION('ref_axis',(0.,-1.,0.));
#6015=DIRECTION('center_axis',(0.,1.,0.));
#6016=DIRECTION('ref_axis',(-0.707106781186547,0.,-0.707106781186547));
#6017=DIRECTION('center_axis',(0.,0.,-1.));
#6018=DIRECTION('ref_axis',(1.,0.,0.));
#6019=DIRECTION('center_axis',(0.,0.,1.));
#6020=DIRECTION('ref_axis',(0.707106781186553,-0.707106781186542,0.));
#6021=DIRECTION('center_axis',(0.,0.,-1.));
#6022=DIRECTION('ref_axis',(1.,0.,0.));
#6023=DIRECTION('',(0.,0.,1.));
#6024=DIRECTION('center_axis',(0.,1.,0.));
#6025=DIRECTION('ref_axis',(0.,0.,1.));
#6026=DIRECTION('center_axis',(-1.,0.,0.));
#6027=DIRECTION('ref_axis',(0.,0.,-1.));
#6028=DIRECTION('center_axis',(0.,1.,0.));
#6029=DIRECTION('ref_axis',(-0.707106781186548,0.,0.707106781186548));
#6030=DIRECTION('center_axis',(1.,0.,0.));
#6031=DIRECTION('ref_axis',(0.,-0.707106781186542,-0.707106781186553));
#6032=DIRECTION('center_axis',(-1.,0.,0.));
#6033=DIRECTION('ref_axis',(0.,0.,-1.));
#6034=DIRECTION('',(1.,0.,0.));
#6035=DIRECTION('center_axis',(0.,1.,0.));
#6036=DIRECTION('ref_axis',(0.,0.,1.));
#6037=DIRECTION('center_axis',(0.,0.,1.));
#6038=DIRECTION('ref_axis',(-1.,0.,0.));
#6039=DIRECTION('center_axis',(0.,1.,0.));
#6040=DIRECTION('ref_axis',(0.707106781186548,0.,0.707106781186548));
#6041=DIRECTION('center_axis',(0.,0.,-1.));
#6042=DIRECTION('ref_axis',(-0.707106781186553,-0.707106781186542,0.));
#6043=DIRECTION('center_axis',(0.,0.,1.));
#6044=DIRECTION('ref_axis',(-1.,0.,0.));
#6045=DIRECTION('',(0.,0.,-1.));
#6046=DIRECTION('center_axis',(0.,1.,0.));
#6047=DIRECTION('ref_axis',(0.,0.,1.));
#6048=DIRECTION('center_axis',(1.,0.,0.));
#6049=DIRECTION('ref_axis',(0.,0.,1.));
#6050=DIRECTION('center_axis',(0.,1.,0.));
#6051=DIRECTION('ref_axis',(0.707106781186548,0.,-0.707106781186548));
#6052=DIRECTION('center_axis',(-1.,0.,0.));
#6053=DIRECTION('ref_axis',(0.,-0.707106781186542,0.707106781186553));
#6054=DIRECTION('',(-1.,0.,0.));
#6055=DIRECTION('center_axis',(0.,0.,1.));
#6056=DIRECTION('ref_axis',(-1.,0.,0.));
#6057=DIRECTION('',(0.,-1.,0.));
#6058=DIRECTION('',(-1.,0.,0.));
#6059=DIRECTION('',(0.,-1.,0.));
#6060=DIRECTION('center_axis',(0.,-1.,0.));
#6061=DIRECTION('ref_axis',(-1.,0.,0.));
#6062=DIRECTION('',(0.,-1.,0.));
#6063=DIRECTION('center_axis',(0.,-1.,0.));
#6064=DIRECTION('ref_axis',(-0.707106781186548,0.,0.707106781186548));
#6065=DIRECTION('center_axis',(-1.,0.,0.));
#6066=DIRECTION('ref_axis',(0.,0.,-1.));
#6067=DIRECTION('',(0.,-1.,0.));
#6068=DIRECTION('',(0.,0.,-1.));
#6069=DIRECTION('center_axis',(0.,-1.,0.));
#6070=DIRECTION('ref_axis',(0.,0.,-1.));
#6071=DIRECTION('',(0.,-1.,0.));
#6072=DIRECTION('center_axis',(0.,-1.,0.));
#6073=DIRECTION('ref_axis',(-0.707106781186547,0.,-0.707106781186547));
#6074=DIRECTION('center_axis',(0.,-1.,0.));
#6075=DIRECTION('ref_axis',(0.,0.,-1.));
#6076=DIRECTION('center_axis',(1.,0.,0.));
#6077=DIRECTION('ref_axis',(0.,1.,0.));
#6078=DIRECTION('center_axis',(0.,-1.,0.));
#6079=DIRECTION('ref_axis',(0.707106781186548,0.,-0.707106781186548));
#6080=DIRECTION('center_axis',(0.,0.,-1.));
#6081=DIRECTION('ref_axis',(-1.,0.,0.));
#6082=DIRECTION('center_axis',(0.,0.,1.));
#6083=DIRECTION('ref_axis',(-0.707106781186552,0.707106781186543,0.));
#6084=DIRECTION('center_axis',(0.,0.,-1.));
#6085=DIRECTION('ref_axis',(-1.,0.,0.));
#6086=DIRECTION('',(0.,0.,1.));
#6087=DIRECTION('center_axis',(0.,-1.,0.));
#6088=DIRECTION('ref_axis',(0.,0.,-1.));
#6089=DIRECTION('center_axis',(1.,0.,0.));
#6090=DIRECTION('ref_axis',(0.,0.,-1.));
#6091=DIRECTION('center_axis',(0.,-1.,0.));
#6092=DIRECTION('ref_axis',(0.707106781186548,0.,0.707106781186548));
#6093=DIRECTION('center_axis',(-1.,0.,0.));
#6094=DIRECTION('ref_axis',(0.,0.707106781186543,-0.707106781186552));
#6095=DIRECTION('center_axis',(1.,0.,0.));
#6096=DIRECTION('ref_axis',(0.,0.,-1.));
#6097=DIRECTION('center_axis',(0.,-1.,0.));
#6098=DIRECTION('ref_axis',(0.,0.,-1.));
#6099=DIRECTION('center_axis',(0.,0.,1.));
#6100=DIRECTION('ref_axis',(1.,0.,0.));
#6101=DIRECTION('center_axis',(0.,0.,-1.));
#6102=DIRECTION('ref_axis',(0.707106781186552,0.707106781186543,0.));
#6103=DIRECTION('center_axis',(0.,0.,1.));
#6104=DIRECTION('ref_axis',(1.,0.,0.));
#6105=DIRECTION('center_axis',(0.,-1.,0.));
#6106=DIRECTION('ref_axis',(0.,0.,-1.));
#6107=DIRECTION('center_axis',(-1.,0.,0.));
#6108=DIRECTION('ref_axis',(0.,0.,1.));
#6109=DIRECTION('center_axis',(1.,0.,0.));
#6110=DIRECTION('ref_axis',(0.,0.707106781186543,0.707106781186552));
#6111=DIRECTION('',(1.,0.,0.));
#6112=DIRECTION('center_axis',(0.,-1.,0.));
#6113=DIRECTION('ref_axis',(0.,0.,1.));
#6114=DIRECTION('',(0.,-1.,0.));
#6115=DIRECTION('center_axis',(1.,0.,0.));
#6116=DIRECTION('ref_axis',(0.,0.,1.));
#6117=DIRECTION('',(0.,-1.,0.));
#6118=DIRECTION('center_axis',(0.,-1.,0.));
#6119=DIRECTION('ref_axis',(1.,0.,0.));
#6120=DIRECTION('',(0.,-1.,0.));
#6121=DIRECTION('center_axis',(0.,-1.,0.));
#6122=DIRECTION('ref_axis',(0.,0.,-1.));
#6123=DIRECTION('center_axis',(0.,0.,-1.));
#6124=DIRECTION('ref_axis',(0.,1.,0.));
#6125=DIRECTION('center_axis',(0.,-1.,0.));
#6126=DIRECTION('ref_axis',(-0.70710678118655,0.,-0.707106781186545));
#6127=DIRECTION('center_axis',(-1.,0.,0.));
#6128=DIRECTION('ref_axis',(0.,0.,1.));
#6129=DIRECTION('center_axis',(1.,0.,-8.8817841970012E-15));
#6130=DIRECTION('ref_axis',(0.,0.707106781186543,0.707106781186552));
#6131=DIRECTION('center_axis',(-1.,0.,0.));
#6132=DIRECTION('ref_axis',(0.,0.,1.));
#6133=DIRECTION('',(1.,0.,-8.8817841970012E-15));
#6134=DIRECTION('center_axis',(0.,-1.,0.));
#6135=DIRECTION('ref_axis',(0.,0.,-1.));
#6136=DIRECTION('center_axis',(0.,0.,-1.));
#6137=DIRECTION('ref_axis',(-1.,0.,0.));
#6138=DIRECTION('center_axis',(0.,-1.,0.));
#6139=DIRECTION('ref_axis',(0.707106781186551,0.,-0.707106781186545));
#6140=DIRECTION('center_axis',(-1.61486985400023E-15,0.,1.));
#6141=DIRECTION('ref_axis',(-0.707106781186577,0.707106781186518,0.));
#6142=DIRECTION('center_axis',(0.,0.,-1.));
#6143=DIRECTION('ref_axis',(-1.,0.,0.));
#6144=DIRECTION('',(-1.61486985400023E-15,0.,1.));
#6145=DIRECTION('center_axis',(0.,-1.,0.));
#6146=DIRECTION('ref_axis',(0.,0.,-1.));
#6147=DIRECTION('center_axis',(1.,0.,0.));
#6148=DIRECTION('ref_axis',(0.,0.,-1.));
#6149=DIRECTION('center_axis',(0.,-1.,0.));
#6150=DIRECTION('ref_axis',(0.70710678118655,0.,0.707106781186545));
#6151=DIRECTION('center_axis',(-1.,0.,0.));
#6152=DIRECTION('ref_axis',(0.,0.707106781186568,-0.707106781186527));
#6153=DIRECTION('center_axis',(1.,0.,0.));
#6154=DIRECTION('ref_axis',(0.,0.,-1.));
#6155=DIRECTION('',(-1.,0.,0.));
#6156=DIRECTION('center_axis',(0.,-1.,0.));
#6157=DIRECTION('ref_axis',(0.,0.,-1.));
#6158=DIRECTION('center_axis',(0.,0.,1.));
#6159=DIRECTION('ref_axis',(1.,0.,0.));
#6160=DIRECTION('center_axis',(0.,-1.,0.));
#6161=DIRECTION('ref_axis',(-0.707106781186544,0.,0.707106781186551));
#6162=DIRECTION('center_axis',(0.,0.,-1.));
#6163=DIRECTION('ref_axis',(0.707106781186552,0.707106781186543,0.));
#6164=DIRECTION('',(0.,0.,-1.));
#6165=DIRECTION('center_axis',(1.,0.,1.61486985400023E-15));
#6166=DIRECTION('ref_axis',(-1.61486985400023E-15,0.,1.));
#6167=DIRECTION('',(0.,-1.,0.));
#6168=DIRECTION('',(1.61486985400023E-15,0.,-1.));
#6169=DIRECTION('',(0.,-1.,0.));
#6170=DIRECTION('center_axis',(0.,-1.,0.));
#6171=DIRECTION('ref_axis',(1.,0.,0.));
#6172=DIRECTION('',(0.,-1.,0.));
#6173=DIRECTION('center_axis',(0.,1.,0.));
#6174=DIRECTION('ref_axis',(0.707106781186551,0.,-0.707106781186545));
#6175=DIRECTION('center_axis',(-8.8817841970012E-15,0.,-1.));
#6176=DIRECTION('ref_axis',(1.,0.,-8.8817841970012E-15));
#6177=DIRECTION('',(0.,-1.,0.));
#6178=DIRECTION('',(-1.,0.,8.8817841970012E-15));
#6179=DIRECTION('center_axis',(0.,-1.,0.));
#6180=DIRECTION('ref_axis',(-1.1842378929335E-14,0.,-1.));
#6181=DIRECTION('',(0.,-1.,0.));
#6182=DIRECTION('center_axis',(0.,1.,0.));
#6183=DIRECTION('ref_axis',(-0.70710678118655,0.,-0.707106781186545));
#6184=DIRECTION('center_axis',(1.,0.,0.));
#6185=DIRECTION('ref_axis',(0.,-0.707106781186568,-0.707106781186528));
#6186=DIRECTION('center_axis',(1.,0.,0.));
#6187=DIRECTION('ref_axis',(0.,-1.,0.));
#6188=DIRECTION('',(1.,0.,0.));
#6189=DIRECTION('center_axis',(-1.,0.,0.));
#6190=DIRECTION('ref_axis',(0.,0.,-1.));
#6191=DIRECTION('center_axis',(0.,1.,0.));
#6192=DIRECTION('ref_axis',(0.,0.,1.));
#6193=DIRECTION('center_axis',(0.,0.,1.));
#6194=DIRECTION('ref_axis',(-1.,0.,0.));
#6195=DIRECTION('center_axis',(0.,1.,0.));
#6196=DIRECTION('ref_axis',(0.70710678118655,0.,0.707106781186545));
#6197=DIRECTION('center_axis',(1.61486985400023E-15,0.,-1.));
#6198=DIRECTION('ref_axis',(-0.707106781186578,-0.707106781186517,0.));
#6199=DIRECTION('center_axis',(0.,0.,1.));
#6200=DIRECTION('ref_axis',(-1.,0.,0.));
#6201=DIRECTION('center_axis',(0.,1.,0.));
#6202=DIRECTION('ref_axis',(0.,0.,1.));
#6203=DIRECTION('center_axis',(1.,0.,0.));
#6204=DIRECTION('ref_axis',(0.,0.,1.));
#6205=DIRECTION('center_axis',(-1.,0.,8.8817841970012E-15));
#6206=DIRECTION('ref_axis',(0.,-0.707106781186542,0.707106781186553));
#6207=DIRECTION('center_axis',(1.,0.,0.));
#6208=DIRECTION('ref_axis',(0.,0.,1.));
#6209=DIRECTION('center_axis',(0.,1.,0.));
#6210=DIRECTION('ref_axis',(0.,0.,1.));
#6211=DIRECTION('center_axis',(0.,0.,-1.));
#6212=DIRECTION('ref_axis',(1.,0.,0.));
#6213=DIRECTION('center_axis',(0.,0.,1.));
#6214=DIRECTION('ref_axis',(0.707106781186553,-0.707106781186542,0.));
#6215=DIRECTION('center_axis',(0.,0.,-1.));
#6216=DIRECTION('ref_axis',(1.,0.,0.));
#6217=DIRECTION('',(0.,0.,1.));
#6218=DIRECTION('center_axis',(0.,1.,0.));
#6219=DIRECTION('ref_axis',(0.,0.,1.));
#6220=DIRECTION('center_axis',(0.,1.,0.));
#6221=DIRECTION('ref_axis',(-0.707106781186544,0.,0.707106781186551));
#6222=DIRECTION('center_axis',(0.,-1.,0.));
#6223=DIRECTION('ref_axis',(0.,0.,1.));
#6224=DIRECTION('',(0.,-1.,0.));
#6225=DIRECTION('center_axis',(0.,0.,1.));
#6226=DIRECTION('ref_axis',(-1.,0.,0.));
#6227=DIRECTION('',(0.,-1.,0.));
#6228=DIRECTION('center_axis',(0.,1.,0.));
#6229=DIRECTION('ref_axis',(0.,0.,1.));
#6230=DIRECTION('center_axis',(0.,0.,-1.));
#6231=DIRECTION('ref_axis',(0.,-1.,0.));
#6232=DIRECTION('center_axis',(0.,1.,0.));
#6233=DIRECTION('ref_axis',(0.707106781186549,0.,-0.707106781186546));
#6234=DIRECTION('center_axis',(1.,0.,1.77635683940023E-14));
#6235=DIRECTION('ref_axis',(-1.77635683940023E-14,0.,1.));
#6236=DIRECTION('center_axis',(-1.,0.,0.));
#6237=DIRECTION('ref_axis',(0.,-0.707106781186542,0.707106781186553));
#6238=DIRECTION('center_axis',(1.,0.,0.));
#6239=DIRECTION('ref_axis',(0.,0.,1.));
#6240=DIRECTION('',(-1.,0.,0.));
#6241=DIRECTION('center_axis',(0.,1.,0.));
#6242=DIRECTION('ref_axis',(0.,0.,1.));
#6243=DIRECTION('center_axis',(0.,0.,-1.));
#6244=DIRECTION('ref_axis',(1.,0.,0.));
#6245=DIRECTION('center_axis',(0.,1.,0.));
#6246=DIRECTION('ref_axis',(-0.70710678118655,0.,-0.707106781186545));
#6247=DIRECTION('center_axis',(0.,0.,1.));
#6248=DIRECTION('ref_axis',(0.707106781186546,-0.707106781186549,0.));
#6249=DIRECTION('center_axis',(0.,0.,-1.));
#6250=DIRECTION('ref_axis',(1.,0.,0.));
#6251=DIRECTION('',(0.,0.,1.));
#6252=DIRECTION('center_axis',(0.,1.,0.));
#6253=DIRECTION('ref_axis',(0.,0.,1.));
#6254=DIRECTION('center_axis',(-1.,0.,0.));
#6255=DIRECTION('ref_axis',(0.,0.,-1.));
#6256=DIRECTION('center_axis',(0.,1.,0.));
#6257=DIRECTION('ref_axis',(-0.707106781186545,0.,0.70710678118655));
#6258=DIRECTION('center_axis',(1.,0.,0.));
#6259=DIRECTION('ref_axis',(0.,-0.707106781186568,-0.707106781186528));
#6260=DIRECTION('center_axis',(-1.,0.,0.));
#6261=DIRECTION('ref_axis',(0.,0.,-1.));
#6262=DIRECTION('',(1.,0.,0.));
#6263=DIRECTION('center_axis',(0.,1.,0.));
#6264=DIRECTION('ref_axis',(0.,0.,1.));
#6265=DIRECTION('center_axis',(0.,0.,1.));
#6266=DIRECTION('ref_axis',(-1.,0.,0.));
#6267=DIRECTION('center_axis',(0.,1.,0.));
#6268=DIRECTION('ref_axis',(0.707106781186549,0.,0.707106781186546));
#6269=DIRECTION('center_axis',(0.,0.,-1.));
#6270=DIRECTION('ref_axis',(-0.70710678118654,-0.707106781186555,0.));
#6271=DIRECTION('',(0.,0.,-1.));
#6272=DIRECTION('center_axis',(-1.,0.,0.));
#6273=DIRECTION('ref_axis',(0.,0.,-1.));
#6274=DIRECTION('',(0.,-1.,0.));
#6275=DIRECTION('',(0.,0.,-1.));
#6276=DIRECTION('',(0.,-1.,0.));
#6277=DIRECTION('center_axis',(0.,-1.,0.));
#6278=DIRECTION('ref_axis',(-1.18423789293348E-14,0.,-1.));
#6279=DIRECTION('',(0.,-1.,0.));
#6280=DIRECTION('center_axis',(0.,-1.,0.));
#6281=DIRECTION('ref_axis',(-0.70710678118655,0.,-0.707106781186545));
#6282=DIRECTION('center_axis',(0.,0.,-1.));
#6283=DIRECTION('ref_axis',(1.,0.,0.));
#6284=DIRECTION('',(0.,-1.,0.));
#6285=DIRECTION('',(1.,0.,0.));
#6286=DIRECTION('center_axis',(0.,-1.,0.));
#6287=DIRECTION('ref_axis',(1.,0.,0.));
#6288=DIRECTION('',(0.,-1.,0.));
#6289=DIRECTION('center_axis',(0.,-1.,0.));
#6290=DIRECTION('ref_axis',(0.707106781186549,0.,-0.707106781186546));
#6291=DIRECTION('center_axis',(0.,0.,-1.));
#6292=DIRECTION('ref_axis',(0.707106781186546,0.707106781186549,0.));
#6293=DIRECTION('center_axis',(0.,0.,-1.));
#6294=DIRECTION('ref_axis',(0.,1.,0.));
#6295=DIRECTION('center_axis',(0.,0.,1.));
#6296=DIRECTION('ref_axis',(1.,0.,0.));
#6297=DIRECTION('center_axis',(0.,-1.,0.));
#6298=DIRECTION('ref_axis',(0.,0.,-1.));
#6299=DIRECTION('center_axis',(-1.,0.,8.88178419700144E-15));
#6300=DIRECTION('ref_axis',(8.88178419700144E-15,0.,1.));
#6301=DIRECTION('center_axis',(1.,0.,0.));
#6302=DIRECTION('ref_axis',(0.,0.707106781186543,0.707106781186552));
#6303=DIRECTION('center_axis',(-1.,0.,0.));
#6304=DIRECTION('ref_axis',(0.,0.,1.));
#6305=DIRECTION('center_axis',(0.,-1.,0.));
#6306=DIRECTION('ref_axis',(0.,0.,-1.));
#6307=DIRECTION('center_axis',(0.,0.,-1.));
#6308=DIRECTION('ref_axis',(-1.,0.,0.));
#6309=DIRECTION('center_axis',(0.,0.,1.));
#6310=DIRECTION('ref_axis',(-0.70710678118654,0.707106781186555,0.));
#6311=DIRECTION('center_axis',(0.,0.,-1.));
#6312=DIRECTION('ref_axis',(-1.,0.,0.));
#6313=DIRECTION('',(0.,0.,1.));
#6314=DIRECTION('center_axis',(0.,-1.,0.));
#6315=DIRECTION('ref_axis',(0.,0.,-1.));
#6316=DIRECTION('center_axis',(1.,0.,0.));
#6317=DIRECTION('ref_axis',(0.,0.,-1.));
#6318=DIRECTION('center_axis',(0.,-1.,0.));
#6319=DIRECTION('ref_axis',(0.707106781186549,0.,0.707106781186546));
#6320=DIRECTION('center_axis',(-1.,0.,0.));
#6321=DIRECTION('ref_axis',(0.,0.707106781186568,-0.707106781186527));
#6322=DIRECTION('center_axis',(1.,0.,0.));
#6323=DIRECTION('ref_axis',(0.,0.,-1.));
#6324=DIRECTION('',(-1.,0.,0.));
#6325=DIRECTION('center_axis',(0.,-1.,0.));
#6326=DIRECTION('ref_axis',(0.,0.,-1.));
#6327=DIRECTION('center_axis',(0.,-1.,0.));
#6328=DIRECTION('ref_axis',(-0.707106781186545,0.,0.70710678118655));
#6329=DIRECTION('center_axis',(0.,0.,1.));
#6330=DIRECTION('ref_axis',(0.707106781186546,-0.707106781186549,0.));
#6331=DIRECTION('center_axis',(0.,0.,1.));
#6332=DIRECTION('ref_axis',(0.,-1.,0.));
#6333=DIRECTION('',(0.,0.,1.));
#6334=DIRECTION('center_axis',(0.,0.,-1.));
#6335=DIRECTION('ref_axis',(1.,0.,0.));
#6336=DIRECTION('center_axis',(0.,1.,0.));
#6337=DIRECTION('ref_axis',(0.,0.,1.));
#6338=DIRECTION('center_axis',(-1.,0.,0.));
#6339=DIRECTION('ref_axis',(0.,0.,-1.));
#6340=DIRECTION('center_axis',(0.,1.,0.));
#6341=DIRECTION('ref_axis',(-0.707106781186548,0.,0.707106781186547));
#6342=DIRECTION('center_axis',(1.,0.,0.));
#6343=DIRECTION('ref_axis',(0.,-0.707106781186542,-0.707106781186553));
#6344=DIRECTION('center_axis',(-1.,0.,0.));
#6345=DIRECTION('ref_axis',(0.,0.,-1.));
#6346=DIRECTION('',(1.,0.,0.));
#6347=DIRECTION('center_axis',(0.,1.,0.));
#6348=DIRECTION('ref_axis',(0.,0.,1.));
#6349=DIRECTION('center_axis',(0.,0.,1.));
#6350=DIRECTION('ref_axis',(-1.,0.,0.));
#6351=DIRECTION('center_axis',(0.,1.,0.));
#6352=DIRECTION('ref_axis',(0.707106781186548,0.,0.707106781186548));
#6353=DIRECTION('center_axis',(0.,0.,-1.));
#6354=DIRECTION('ref_axis',(-0.70710678118654,-0.707106781186555,0.));
#6355=DIRECTION('center_axis',(0.,0.,1.));
#6356=DIRECTION('ref_axis',(-1.,0.,0.));
#6357=DIRECTION('',(0.,0.,-1.));
#6358=DIRECTION('center_axis',(0.,1.,0.));
#6359=DIRECTION('ref_axis',(0.,0.,1.));
#6360=DIRECTION('center_axis',(1.,0.,0.));
#6361=DIRECTION('ref_axis',(0.,0.,1.));
#6362=DIRECTION('center_axis',(0.,1.,0.));
#6363=DIRECTION('ref_axis',(0.707106781186548,0.,-0.707106781186548));
#6364=DIRECTION('center_axis',(-1.,0.,0.));
#6365=DIRECTION('ref_axis',(0.,-0.707106781186542,0.707106781186553));
#6366=DIRECTION('center_axis',(1.,0.,0.));
#6367=DIRECTION('ref_axis',(0.,0.,1.));
#6368=DIRECTION('',(-1.,0.,0.));
#6369=DIRECTION('center_axis',(0.,1.,0.));
#6370=DIRECTION('ref_axis',(0.,0.,1.));
#6371=DIRECTION('center_axis',(0.,1.,0.));
#6372=DIRECTION('ref_axis',(-0.707106781186546,0.,-0.707106781186549));
#6373=DIRECTION('center_axis',(0.,-1.,0.));
#6374=DIRECTION('ref_axis',(0.,0.,1.));
#6375=DIRECTION('',(0.,-1.,0.));
#6376=DIRECTION('center_axis',(0.,-1.,0.));
#6377=DIRECTION('ref_axis',(0.707106781186548,0.,0.707106781186548));
#6378=DIRECTION('',(0.,-1.,0.));
#6379=DIRECTION('center_axis',(0.,0.,1.));
#6380=DIRECTION('ref_axis',(-1.,0.,0.));
#6381=DIRECTION('',(0.,-1.,0.));
#6382=DIRECTION('',(-1.,0.,0.));
#6383=DIRECTION('center_axis',(0.,-1.,0.));
#6384=DIRECTION('ref_axis',(-1.,0.,0.));
#6385=DIRECTION('',(0.,-1.,0.));
#6386=DIRECTION('center_axis',(0.,-1.,0.));
#6387=DIRECTION('ref_axis',(-0.707106781186548,0.,0.707106781186547));
#6388=DIRECTION('center_axis',(-1.,0.,0.));
#6389=DIRECTION('ref_axis',(0.,0.,-1.));
#6390=DIRECTION('',(0.,-1.,0.));
#6391=DIRECTION('',(0.,0.,-1.));
#6392=DIRECTION('center_axis',(0.,0.,1.));
#6393=DIRECTION('ref_axis',(-0.70710678118654,0.707106781186555,0.));
#6394=DIRECTION('center_axis',(0.,0.,1.));
#6395=DIRECTION('ref_axis',(0.,1.,0.));
#6396=DIRECTION('',(0.,0.,1.));
#6397=DIRECTION('center_axis',(0.,0.,-1.));
#6398=DIRECTION('ref_axis',(-1.,0.,0.));
#6399=DIRECTION('center_axis',(0.,-1.,0.));
#6400=DIRECTION('ref_axis',(0.,0.,-1.));
#6401=DIRECTION('center_axis',(1.,0.,0.));
#6402=DIRECTION('ref_axis',(0.,0.,-1.));
#6403=DIRECTION('center_axis',(-1.,0.,0.));
#6404=DIRECTION('ref_axis',(0.,0.707106781186543,-0.707106781186552));
#6405=DIRECTION('center_axis',(1.,0.,0.));
#6406=DIRECTION('ref_axis',(0.,0.,-1.));
#6407=DIRECTION('center_axis',(0.,-1.,0.));
#6408=DIRECTION('ref_axis',(0.,0.,-1.));
#6409=DIRECTION('center_axis',(0.,0.,1.));
#6410=DIRECTION('ref_axis',(1.,0.,0.));
#6411=DIRECTION('center_axis',(0.,0.,-1.));
#6412=DIRECTION('ref_axis',(0.707106781186546,0.707106781186549,0.));
#6413=DIRECTION('center_axis',(0.,0.,1.));
#6414=DIRECTION('ref_axis',(1.,0.,0.));
#6415=DIRECTION('center_axis',(0.,-1.,0.));
#6416=DIRECTION('ref_axis',(0.,0.,-1.));
#6417=DIRECTION('center_axis',(-1.,0.,0.));
#6418=DIRECTION('ref_axis',(0.,0.,1.));
#6419=DIRECTION('center_axis',(0.,-1.,0.));
#6420=DIRECTION('ref_axis',(-0.707106781186546,0.,-0.707106781186549));
#6421=DIRECTION('center_axis',(1.,0.,0.));
#6422=DIRECTION('ref_axis',(0.,0.707106781186543,0.707106781186552));
#6423=DIRECTION('center_axis',(-1.,0.,0.));
#6424=DIRECTION('ref_axis',(0.,0.,1.));
#6425=DIRECTION('',(1.,0.,0.));
#6426=DIRECTION('center_axis',(0.,-1.,0.));
#6427=DIRECTION('ref_axis',(0.,0.,-1.));
#6428=DIRECTION('center_axis',(0.,-1.,0.));
#6429=DIRECTION('ref_axis',(0.707106781186548,0.,-0.707106781186548));
#6430=DIRECTION('center_axis',(1.,0.,0.));
#6431=DIRECTION('ref_axis',(0.,0.,1.));
#6432=DIRECTION('',(0.,-1.,0.));
#6433=DIRECTION('center_axis',(0.,-1.,0.));
#6434=DIRECTION('ref_axis',(0.707106781186547,0.,-0.707106781186547));
#6435=DIRECTION('',(0.,1.,0.));
#6436=DIRECTION('',(0.,-1.,0.));
#6437=DIRECTION('center_axis',(1.,0.,0.));
#6438=DIRECTION('ref_axis',(0.,0.,1.));
#6439=DIRECTION('center_axis',(-1.,0.,0.));
#6440=DIRECTION('ref_axis',(0.,0.,-1.));
#6441=DIRECTION('',(0.,-1.,0.));
#6442=DIRECTION('center_axis',(0.,-1.,0.));
#6443=DIRECTION('ref_axis',(-1.,0.,0.));
#6444=DIRECTION('center_axis',(1.,0.,0.));
#6445=DIRECTION('ref_axis',(0.,0.,1.));
#6446=DIRECTION('',(0.,-1.,0.));
#6447=DIRECTION('center_axis',(0.,-1.,0.));
#6448=DIRECTION('ref_axis',(-1.,0.,0.));
#6449=DIRECTION('',(0.,-1.,0.));
#6450=DIRECTION('center_axis',(0.,0.,1.));
#6451=DIRECTION('ref_axis',(-1.,0.,0.));
#6452=DIRECTION('',(0.,-1.,0.));
#6453=DIRECTION('center_axis',(0.,-1.,0.));
#6454=DIRECTION('ref_axis',(0.,0.,1.));
#6455=DIRECTION('center_axis',(0.,0.,-1.));
#6456=DIRECTION('ref_axis',(1.,0.,0.));
#6457=DIRECTION('center_axis',(0.,-1.,0.));
#6458=DIRECTION('ref_axis',(1.,0.,0.));
#6459=DIRECTION('',(0.,-1.,0.));
#6460=DIRECTION('center_axis',(0.,0.,-1.));
#6461=DIRECTION('ref_axis',(1.,0.,0.));
#6462=DIRECTION('',(0.,-1.,0.));
#6463=DIRECTION('center_axis',(0.,-1.,0.));
#6464=DIRECTION('ref_axis',(0.,0.,-1.));
#6465=DIRECTION('center_axis',(0.,0.,1.));
#6466=DIRECTION('ref_axis',(0.,-1.,0.));
#6467=CARTESIAN_POINT('',(0.,0.,0.));
#6468=CARTESIAN_POINT('Origin',(126.963952915337,2.5,100.));
#6469=CARTESIAN_POINT('',(126.963952915337,3.,102.25));
#6470=CARTESIAN_POINT('Origin',(126.963952915337,3.,100.));
#6471=CARTESIAN_POINT('',(126.963952915337,2.5,101.75));
#6472=CARTESIAN_POINT('Origin',(126.963952915337,2.5,102.25));
#6473=CARTESIAN_POINT('',(128.713952915337,2.5,100.));
#6474=CARTESIAN_POINT('Origin',(126.963952915337,2.5,100.));
#6475=CARTESIAN_POINT('Origin',(126.963952915337,2.5,100.));
#6476=CARTESIAN_POINT('Origin',(126.963952915337,3.,100.));
#6477=CARTESIAN_POINT('',(128.713952915337,0.5,100.));
#6478=CARTESIAN_POINT('',(128.713952915337,3.,100.));
#6479=CARTESIAN_POINT('',(126.963952915337,0.5,98.25));
#6480=CARTESIAN_POINT('Origin',(126.963952915337,0.5,100.));
#6481=CARTESIAN_POINT('Origin',(126.963952915337,0.5,100.));
#6482=CARTESIAN_POINT('Origin',(72.5,3.,142.5));
#6483=CARTESIAN_POINT('',(-31.8,3.,275.));
#6484=CARTESIAN_POINT('',(-31.8,3.,10.));
#6485=CARTESIAN_POINT('',(-31.8,3.,213.75));
#6486=CARTESIAN_POINT('',(-22.3,3.,284.5));
#6487=CARTESIAN_POINT('Origin',(-22.3,3.,275.));
#6488=CARTESIAN_POINT('',(167.3,3.,284.5));
#6489=CARTESIAN_POINT('',(72.5,3.,284.5));
#6490=CARTESIAN_POINT('',(176.8,3.,275.));
#6491=CARTESIAN_POINT('Origin',(167.3,3.,275.));
#6492=CARTESIAN_POINT('',(176.8,3.,10.));
#6493=CARTESIAN_POINT('',(176.8,3.,71.25));
#6494=CARTESIAN_POINT('',(167.3,3.,0.5));
#6495=CARTESIAN_POINT('Origin',(167.3,3.,10.));
#6496=CARTESIAN_POINT('',(-22.3,3.,0.499999999999998));
#6497=CARTESIAN_POINT('',(72.5,3.,0.499999999999998));
#6498=CARTESIAN_POINT('Origin',(-22.3,3.,10.));
#6499=CARTESIAN_POINT('',(126.714022721923,3.,112.25));
#6500=CARTESIAN_POINT('Origin',(126.714022721923,3.,110.));
#6501=CARTESIAN_POINT('',(121.1,3.,44.0747792354361));
#6502=CARTESIAN_POINT('Origin',(121.1,3.,41.8247792354361));
#6503=CARTESIAN_POINT('',(121.1,3.,77.4617466914788));
#6504=CARTESIAN_POINT('Origin',(121.1,3.,75.2117466914788));
#6505=CARTESIAN_POINT('',(18.0360470846629,3.,102.25));
#6506=CARTESIAN_POINT('Origin',(18.0360470846629,3.,100.));
#6507=CARTESIAN_POINT('',(85.75,3.,117.25));
#6508=CARTESIAN_POINT('Origin',(85.75,3.,115.));
#6509=CARTESIAN_POINT('',(59.25,3.,107.25));
#6510=CARTESIAN_POINT('Origin',(59.25,3.,105.));
#6511=CARTESIAN_POINT('',(99.31,3.,201.295981178116));
#6512=CARTESIAN_POINT('Origin',(99.31,3.,199.045981178116));
#6513=CARTESIAN_POINT('',(97.75,3.,190.25));
#6514=CARTESIAN_POINT('Origin',(97.75,3.,188.));
#6515=CARTESIAN_POINT('',(37.25,3.,190.25));
#6516=CARTESIAN_POINT('Origin',(37.25,3.,188.));
#6517=CARTESIAN_POINT('',(-17.55,3.,89.));
#6518=CARTESIAN_POINT('Origin',(-19.3,3.,89.));
#6519=CARTESIAN_POINT('',(109.9,3.,17.2));
#6520=CARTESIAN_POINT('Origin',(107.4,3.,17.2));
#6521=CARTESIAN_POINT('',(123.55,3.,120.));
#6522=CARTESIAN_POINT('Origin',(121.8,3.,120.));
#6523=CARTESIAN_POINT('',(115.27,3.,225.17));
#6524=CARTESIAN_POINT('Origin',(112.62,3.,225.17));
#6525=CARTESIAN_POINT('',(93.55,3.,125.165));
#6526=CARTESIAN_POINT('Origin',(91.4,3.,125.165));
#6527=CARTESIAN_POINT('',(24.95,3.,120.));
#6528=CARTESIAN_POINT('Origin',(23.2,3.,120.));
#6529=CARTESIAN_POINT('',(-20.0500000000001,3.,165.));
#6530=CARTESIAN_POINT('Origin',(-21.8000000000001,3.,165.));
#6531=CARTESIAN_POINT('',(55.75,3.,186.765));
#6532=CARTESIAN_POINT('Origin',(53.6,3.,186.765));
#6533=CARTESIAN_POINT('',(123.55,3.,165.));
#6534=CARTESIAN_POINT('Origin',(121.8,3.,165.));
#6535=CARTESIAN_POINT('',(109.9,3.,90.3));
#6536=CARTESIAN_POINT('Origin',(107.4,3.,90.3));
#6537=CARTESIAN_POINT('',(142.75,3.,84.));
#6538=CARTESIAN_POINT('Origin',(141.1,3.,84.));
#6539=CARTESIAN_POINT('',(6.45,3.,89.));
#6540=CARTESIAN_POINT('Origin',(4.7,3.,89.));
#6541=CARTESIAN_POINT('',(-17.55,3.,36.));
#6542=CARTESIAN_POINT('Origin',(-19.3,3.,36.));
#6543=CARTESIAN_POINT('',(40.1,3.,17.2));
#6544=CARTESIAN_POINT('Origin',(37.6,3.,17.2));
#6545=CARTESIAN_POINT('',(168.55,3.,120.));
#6546=CARTESIAN_POINT('Origin',(166.8,3.,120.));
#6547=CARTESIAN_POINT('',(98.65,3.,225.17));
#6548=CARTESIAN_POINT('Origin',(96.,3.,225.17));
#6549=CARTESIAN_POINT('',(55.75,3.,125.165));
#6550=CARTESIAN_POINT('Origin',(53.6,3.,125.165));
#6551=CARTESIAN_POINT('',(-20.05,3.,120.));
#6552=CARTESIAN_POINT('Origin',(-21.8,3.,120.));
#6553=CARTESIAN_POINT('',(24.95,3.,165.));
#6554=CARTESIAN_POINT('Origin',(23.2,3.,165.));
#6555=CARTESIAN_POINT('',(93.55,3.,186.765));
#6556=CARTESIAN_POINT('Origin',(91.4,3.,186.765));
#6557=CARTESIAN_POINT('',(168.55,3.,165.));
#6558=CARTESIAN_POINT('Origin',(166.8,3.,165.));
#6559=CARTESIAN_POINT('',(40.1,3.,90.3));
#6560=CARTESIAN_POINT('Origin',(37.6,3.,90.3));
#6561=CARTESIAN_POINT('',(157.75,3.,84.));
#6562=CARTESIAN_POINT('Origin',(156.1,3.,84.));
#6563=CARTESIAN_POINT('',(6.45,3.,36.));
#6564=CARTESIAN_POINT('Origin',(4.7,3.,36.));
#6565=CARTESIAN_POINT('',(17.15,3.,194.175));
#6566=CARTESIAN_POINT('Origin',(15.,3.,194.175));
#6567=CARTESIAN_POINT('',(132.15,3.,90.825));
#6568=CARTESIAN_POINT('Origin',(130.,3.,90.825));
#6569=CARTESIAN_POINT('',(17.15,3.,90.825));
#6570=CARTESIAN_POINT('Origin',(15.,3.,90.825));
#6571=CARTESIAN_POINT('',(132.15,3.,194.175));
#6572=CARTESIAN_POINT('Origin',(130.,3.,194.175));
#6573=CARTESIAN_POINT('',(132.15,3.,15.));
#6574=CARTESIAN_POINT('Origin',(130.,3.,15.));
#6575=CARTESIAN_POINT('',(132.15,3.,270.));
#6576=CARTESIAN_POINT('Origin',(130.,3.,270.));
#6577=CARTESIAN_POINT('',(17.15,3.,15.));
#6578=CARTESIAN_POINT('Origin',(15.,3.,15.));
#6579=CARTESIAN_POINT('',(17.15,3.,270.));
#6580=CARTESIAN_POINT('Origin',(15.,3.,270.));
#6581=CARTESIAN_POINT('',(110.25,3.,110.));
#6582=CARTESIAN_POINT('',(106.75,3.,106.5));
#6583=CARTESIAN_POINT('Origin',(106.75,3.,110.));
#6584=CARTESIAN_POINT('',(110.25,3.,132.));
#6585=CARTESIAN_POINT('',(110.25,3.,126.25));
#6586=CARTESIAN_POINT('',(106.75,3.,135.5));
#6587=CARTESIAN_POINT('Origin',(106.75,3.,132.));
#6588=CARTESIAN_POINT('',(98.7500000000001,3.,135.5));
#6589=CARTESIAN_POINT('',(89.625,3.,135.5));
#6590=CARTESIAN_POINT('',(95.25,3.,132.));
#6591=CARTESIAN_POINT('Origin',(98.7500000000001,3.,132.));
#6592=CARTESIAN_POINT('',(95.25,3.,110.));
#6593=CARTESIAN_POINT('',(95.25,3.,137.25));
#6594=CARTESIAN_POINT('',(98.7500000000001,3.,106.5));
#6595=CARTESIAN_POINT('Origin',(98.7500000000001,3.,110.));
#6596=CARTESIAN_POINT('',(85.625,3.,106.5));
#6597=CARTESIAN_POINT('',(34.75,3.,153.));
#6598=CARTESIAN_POINT('',(34.75,3.,175.));
#6599=CARTESIAN_POINT('',(34.75,3.,158.75));
#6600=CARTESIAN_POINT('',(38.25,3.,149.5));
#6601=CARTESIAN_POINT('Origin',(38.25,3.,153.));
#6602=CARTESIAN_POINT('',(46.2499999999999,3.,149.5));
#6603=CARTESIAN_POINT('',(55.375,3.,149.5));
#6604=CARTESIAN_POINT('',(49.75,3.,153.));
#6605=CARTESIAN_POINT('Origin',(46.2499999999999,3.,153.));
#6606=CARTESIAN_POINT('',(49.75,3.,175.));
#6607=CARTESIAN_POINT('',(49.75,3.,147.75));
#6608=CARTESIAN_POINT('',(46.2499999999999,3.,178.5));
#6609=CARTESIAN_POINT('Origin',(46.2499999999999,3.,175.));
#6610=CARTESIAN_POINT('',(38.25,3.,178.5));
#6611=CARTESIAN_POINT('',(59.375,3.,178.5));
#6612=CARTESIAN_POINT('Origin',(38.25,3.,175.));
#6613=CARTESIAN_POINT('',(49.75,3.,132.));
#6614=CARTESIAN_POINT('',(49.75,3.,110.));
#6615=CARTESIAN_POINT('',(49.75,3.,126.25));
#6616=CARTESIAN_POINT('',(46.2499999999999,3.,135.5));
#6617=CARTESIAN_POINT('Origin',(46.2499999999999,3.,132.));
#6618=CARTESIAN_POINT('',(38.25,3.,135.5));
#6619=CARTESIAN_POINT('',(59.375,3.,135.5));
#6620=CARTESIAN_POINT('',(34.75,3.,132.));
#6621=CARTESIAN_POINT('Origin',(38.25,3.,132.));
#6622=CARTESIAN_POINT('',(34.75,3.,110.));
#6623=CARTESIAN_POINT('',(34.75,3.,137.25));
#6624=CARTESIAN_POINT('',(38.25,3.,106.5));
#6625=CARTESIAN_POINT('Origin',(38.25,3.,110.));
#6626=CARTESIAN_POINT('',(46.2499999999999,3.,106.5));
#6627=CARTESIAN_POINT('',(55.375,3.,106.5));
#6628=CARTESIAN_POINT('Origin',(46.2499999999999,3.,110.));
#6629=CARTESIAN_POINT('',(98.75,3.,149.5));
#6630=CARTESIAN_POINT('',(95.25,3.,153.));
#6631=CARTESIAN_POINT('Origin',(98.75,3.,153.));
#6632=CARTESIAN_POINT('',(106.75,3.,149.5));
#6633=CARTESIAN_POINT('',(85.625,3.,149.5));
#6634=CARTESIAN_POINT('',(110.25,3.,153.));
#6635=CARTESIAN_POINT('Origin',(106.75,3.,153.));
#6636=CARTESIAN_POINT('',(110.25,3.,175.));
#6637=CARTESIAN_POINT('',(110.25,3.,147.75));
#6638=CARTESIAN_POINT('',(106.75,3.,178.5));
#6639=CARTESIAN_POINT('Origin',(106.75,3.,175.));
#6640=CARTESIAN_POINT('',(98.7500000000001,3.,178.5));
#6641=CARTESIAN_POINT('',(89.625,3.,178.5));
#6642=CARTESIAN_POINT('',(95.25,3.,175.));
#6643=CARTESIAN_POINT('Origin',(98.7500000000001,3.,175.));
#6644=CARTESIAN_POINT('',(95.25,3.,158.75));
#6645=CARTESIAN_POINT('',(140.3,3.,39.5));
#6646=CARTESIAN_POINT('',(154.3,3.,39.5));
#6647=CARTESIAN_POINT('',(113.4,3.,39.5));
#6648=CARTESIAN_POINT('',(136.8,3.,36.));
#6649=CARTESIAN_POINT('Origin',(140.3,3.,36.));
#6650=CARTESIAN_POINT('',(136.8,3.,28.));
#6651=CARTESIAN_POINT('',(136.8,3.,89.25));
#6652=CARTESIAN_POINT('',(140.3,3.,24.5));
#6653=CARTESIAN_POINT('Origin',(140.3,3.,28.));
#6654=CARTESIAN_POINT('',(154.3,3.,24.5));
#6655=CARTESIAN_POINT('',(106.4,3.,24.5));
#6656=CARTESIAN_POINT('',(157.8,3.,28.));
#6657=CARTESIAN_POINT('Origin',(154.3,3.,28.));
#6658=CARTESIAN_POINT('',(157.8,3.,36.));
#6659=CARTESIAN_POINT('',(157.8,3.,85.25));
#6660=CARTESIAN_POINT('Origin',(154.3,3.,36.));
#6661=CARTESIAN_POINT('',(164.45,3.,15.));
#6662=CARTESIAN_POINT('Origin',(162.3,3.,15.));
#6663=CARTESIAN_POINT('',(164.45,3.,270.));
#6664=CARTESIAN_POINT('Origin',(162.3,3.,270.));
#6665=CARTESIAN_POINT('',(-15.15,3.,182.5));
#6666=CARTESIAN_POINT('Origin',(-17.3,3.,182.5));
#6667=CARTESIAN_POINT('',(-15.15,3.,15.));
#6668=CARTESIAN_POINT('Origin',(-17.3,3.,15.));
#6669=CARTESIAN_POINT('',(164.45,3.,102.5));
#6670=CARTESIAN_POINT('Origin',(162.3,3.,102.5));
#6671=CARTESIAN_POINT('',(-15.15,3.,270.));
#6672=CARTESIAN_POINT('Origin',(-17.3,3.,270.));
#6673=CARTESIAN_POINT('',(164.45,3.,182.5));
#6674=CARTESIAN_POINT('Origin',(162.3,3.,182.5));
#6675=CARTESIAN_POINT('',(-15.15,3.,102.5));
#6676=CARTESIAN_POINT('Origin',(-17.3,3.,102.5));
#6677=CARTESIAN_POINT('',(47.25,3.,190.25));
#6678=CARTESIAN_POINT('Origin',(47.25,3.,188.));
#6679=CARTESIAN_POINT('',(107.75,3.,190.25));
#6680=CARTESIAN_POINT('Origin',(107.75,3.,188.));
#6681=CARTESIAN_POINT('',(109.31,3.,201.295981178116));
#6682=CARTESIAN_POINT('Origin',(109.31,3.,199.045981178116));
#6683=CARTESIAN_POINT('',(59.25,3.,117.25));
#6684=CARTESIAN_POINT('Origin',(59.25,3.,115.));
#6685=CARTESIAN_POINT('',(85.75,3.,107.25));
#6686=CARTESIAN_POINT('Origin',(85.75,3.,105.));
#6687=CARTESIAN_POINT('',(18.2859772780775,3.,112.25));
#6688=CARTESIAN_POINT('Origin',(18.2859772780775,3.,110.));
#6689=CARTESIAN_POINT('',(131.1,3.,77.4617466914788));
#6690=CARTESIAN_POINT('Origin',(131.1,3.,75.2117466914788));
#6691=CARTESIAN_POINT('',(131.1,3.,44.074779235436));
#6692=CARTESIAN_POINT('Origin',(131.1,3.,41.8247792354361));
#6693=CARTESIAN_POINT('Origin',(126.963952915337,0.5,100.));
#6694=CARTESIAN_POINT('',(126.963952915337,0.,97.75));
#6695=CARTESIAN_POINT('Origin',(126.963952915337,0.,100.));
#6696=CARTESIAN_POINT('Origin',(126.963952915337,0.5,97.75));
#6697=CARTESIAN_POINT('Origin',(72.5,0.,142.5));
#6698=CARTESIAN_POINT('',(-22.3,0.,284.5));
#6699=CARTESIAN_POINT('',(167.3,0.,284.5));
#6700=CARTESIAN_POINT('',(72.5,0.,284.5));
#6701=CARTESIAN_POINT('',(-31.8,0.,275.));
#6702=CARTESIAN_POINT('Origin',(-22.3,0.,275.));
#6703=CARTESIAN_POINT('',(-31.8,0.,10.));
#6704=CARTESIAN_POINT('',(-31.8,0.,213.75));
#6705=CARTESIAN_POINT('',(-22.3,0.,0.499999999999999));
#6706=CARTESIAN_POINT('Origin',(-22.3,0.,10.));
#6707=CARTESIAN_POINT('',(167.3,0.,0.499999999999998));
#6708=CARTESIAN_POINT('',(72.5,0.,0.499999999999998));
#6709=CARTESIAN_POINT('',(176.8,0.,10.));
#6710=CARTESIAN_POINT('Origin',(167.3,0.,10.));
#6711=CARTESIAN_POINT('',(176.8,0.,275.));
#6712=CARTESIAN_POINT('',(176.8,0.,71.25));
#6713=CARTESIAN_POINT('Origin',(167.3,0.,275.));
#6714=CARTESIAN_POINT('',(126.714022721923,0.,107.75));
#6715=CARTESIAN_POINT('Origin',(126.714022721923,0.,110.));
#6716=CARTESIAN_POINT('',(121.1,0.,39.5747792354361));
#6717=CARTESIAN_POINT('Origin',(121.1,0.,41.8247792354361));
#6718=CARTESIAN_POINT('',(121.1,0.,72.9617466914788));
#6719=CARTESIAN_POINT('Origin',(121.1,0.,75.2117466914788));
#6720=CARTESIAN_POINT('',(18.0360470846629,0.,97.75));
#6721=CARTESIAN_POINT('Origin',(18.0360470846629,0.,100.));
#6722=CARTESIAN_POINT('',(85.75,0.,102.75));
#6723=CARTESIAN_POINT('Origin',(85.75,0.,105.));
#6724=CARTESIAN_POINT('',(59.25,0.,112.75));
#6725=CARTESIAN_POINT('Origin',(59.25,0.,115.));
#6726=CARTESIAN_POINT('',(99.31,0.,196.795981178116));
#6727=CARTESIAN_POINT('Origin',(99.31,0.,199.045981178116));
#6728=CARTESIAN_POINT('',(97.75,0.,185.75));
#6729=CARTESIAN_POINT('Origin',(97.75,0.,188.));
#6730=CARTESIAN_POINT('',(37.25,0.,185.75));
#6731=CARTESIAN_POINT('Origin',(37.25,0.,188.));
#6732=CARTESIAN_POINT('',(-17.55,0.,89.));
#6733=CARTESIAN_POINT('Origin',(-19.3,0.,89.));
#6734=CARTESIAN_POINT('',(109.9,0.,17.2));
#6735=CARTESIAN_POINT('Origin',(107.4,0.,17.2));
#6736=CARTESIAN_POINT('',(123.55,0.,120.));
#6737=CARTESIAN_POINT('Origin',(121.8,0.,120.));
#6738=CARTESIAN_POINT('',(115.27,0.,225.17));
#6739=CARTESIAN_POINT('Origin',(112.62,0.,225.17));
#6740=CARTESIAN_POINT('',(93.55,0.,125.165));
#6741=CARTESIAN_POINT('Origin',(91.4,0.,125.165));
#6742=CARTESIAN_POINT('',(24.95,0.,120.));
#6743=CARTESIAN_POINT('Origin',(23.2,0.,120.));
#6744=CARTESIAN_POINT('',(-20.0500000000001,0.,165.));
#6745=CARTESIAN_POINT('Origin',(-21.8000000000001,0.,165.));
#6746=CARTESIAN_POINT('',(55.75,0.,186.765));
#6747=CARTESIAN_POINT('Origin',(53.6,0.,186.765));
#6748=CARTESIAN_POINT('',(123.55,0.,165.));
#6749=CARTESIAN_POINT('Origin',(121.8,0.,165.));
#6750=CARTESIAN_POINT('',(109.9,0.,90.3));
#6751=CARTESIAN_POINT('Origin',(107.4,0.,90.3));
#6752=CARTESIAN_POINT('',(142.75,0.,84.));
#6753=CARTESIAN_POINT('Origin',(141.1,0.,84.));
#6754=CARTESIAN_POINT('',(6.45,0.,89.));
#6755=CARTESIAN_POINT('Origin',(4.7,0.,89.));
#6756=CARTESIAN_POINT('',(-17.55,0.,36.));
#6757=CARTESIAN_POINT('Origin',(-19.3,0.,36.));
#6758=CARTESIAN_POINT('',(40.1,0.,17.2));
#6759=CARTESIAN_POINT('Origin',(37.6,0.,17.2));
#6760=CARTESIAN_POINT('',(168.55,0.,120.));
#6761=CARTESIAN_POINT('Origin',(166.8,0.,120.));
#6762=CARTESIAN_POINT('',(98.65,0.,225.17));
#6763=CARTESIAN_POINT('Origin',(96.,0.,225.17));
#6764=CARTESIAN_POINT('',(55.75,0.,125.165));
#6765=CARTESIAN_POINT('Origin',(53.6,0.,125.165));
#6766=CARTESIAN_POINT('',(-20.05,0.,120.));
#6767=CARTESIAN_POINT('Origin',(-21.8,0.,120.));
#6768=CARTESIAN_POINT('',(24.95,0.,165.));
#6769=CARTESIAN_POINT('Origin',(23.2,0.,165.));
#6770=CARTESIAN_POINT('',(93.55,0.,186.765));
#6771=CARTESIAN_POINT('Origin',(91.4,0.,186.765));
#6772=CARTESIAN_POINT('',(168.55,0.,165.));
#6773=CARTESIAN_POINT('Origin',(166.8,0.,165.));
#6774=CARTESIAN_POINT('',(40.1,0.,90.3));
#6775=CARTESIAN_POINT('Origin',(37.6,0.,90.3));
#6776=CARTESIAN_POINT('',(157.75,0.,84.));
#6777=CARTESIAN_POINT('Origin',(156.1,0.,84.));
#6778=CARTESIAN_POINT('',(6.45,0.,36.));
#6779=CARTESIAN_POINT('Origin',(4.7,0.,36.));
#6780=CARTESIAN_POINT('',(17.15,0.,194.175));
#6781=CARTESIAN_POINT('Origin',(15.,0.,194.175));
#6782=CARTESIAN_POINT('',(132.15,0.,90.825));
#6783=CARTESIAN_POINT('Origin',(130.,0.,90.825));
#6784=CARTESIAN_POINT('',(17.15,0.,90.825));
#6785=CARTESIAN_POINT('Origin',(15.,0.,90.825));
#6786=CARTESIAN_POINT('',(132.15,0.,194.175));
#6787=CARTESIAN_POINT('Origin',(130.,0.,194.175));
#6788=CARTESIAN_POINT('',(132.15,0.,15.));
#6789=CARTESIAN_POINT('Origin',(130.,0.,15.));
#6790=CARTESIAN_POINT('',(132.15,0.,270.));
#6791=CARTESIAN_POINT('Origin',(130.,0.,270.));
#6792=CARTESIAN_POINT('',(17.15,0.,15.));
#6793=CARTESIAN_POINT('Origin',(15.,0.,15.));
#6794=CARTESIAN_POINT('',(17.15,0.,270.));
#6795=CARTESIAN_POINT('Origin',(15.,0.,270.));
#6796=CARTESIAN_POINT('',(95.25,0.,110.));
#6797=CARTESIAN_POINT('',(98.7500000000001,0.,106.5));
#6798=CARTESIAN_POINT('Origin',(98.7500000000001,0.,110.));
#6799=CARTESIAN_POINT('',(95.25,0.,132.));
#6800=CARTESIAN_POINT('',(95.25,0.,137.25));
#6801=CARTESIAN_POINT('',(98.7500000000001,0.,135.5));
#6802=CARTESIAN_POINT('Origin',(98.7500000000001,0.,132.));
#6803=CARTESIAN_POINT('',(106.75,0.,135.5));
#6804=CARTESIAN_POINT('',(89.625,0.,135.5));
#6805=CARTESIAN_POINT('',(110.25,0.,132.));
#6806=CARTESIAN_POINT('Origin',(106.75,0.,132.));
#6807=CARTESIAN_POINT('',(110.25,0.,110.));
#6808=CARTESIAN_POINT('',(110.25,0.,126.25));
#6809=CARTESIAN_POINT('',(106.75,0.,106.5));
#6810=CARTESIAN_POINT('Origin',(106.75,0.,110.));
#6811=CARTESIAN_POINT('',(85.625,0.,106.5));
#6812=CARTESIAN_POINT('',(46.25,0.,149.5));
#6813=CARTESIAN_POINT('',(49.75,0.,153.));
#6814=CARTESIAN_POINT('Origin',(46.2499999999999,0.,153.));
#6815=CARTESIAN_POINT('',(38.25,0.,149.5));
#6816=CARTESIAN_POINT('',(55.375,0.,149.5));
#6817=CARTESIAN_POINT('',(34.75,0.,153.));
#6818=CARTESIAN_POINT('Origin',(38.25,0.,153.));
#6819=CARTESIAN_POINT('',(34.75,0.,175.));
#6820=CARTESIAN_POINT('',(34.75,0.,158.75));
#6821=CARTESIAN_POINT('',(38.25,0.,178.5));
#6822=CARTESIAN_POINT('Origin',(38.25,0.,175.));
#6823=CARTESIAN_POINT('',(46.2499999999999,0.,178.5));
#6824=CARTESIAN_POINT('',(59.375,0.,178.5));
#6825=CARTESIAN_POINT('',(49.75,0.,175.));
#6826=CARTESIAN_POINT('Origin',(46.2499999999999,0.,175.));
#6827=CARTESIAN_POINT('',(49.75,0.,147.75));
#6828=CARTESIAN_POINT('',(34.75,0.,132.));
#6829=CARTESIAN_POINT('',(34.75,0.,110.));
#6830=CARTESIAN_POINT('',(34.75,0.,137.25));
#6831=CARTESIAN_POINT('',(38.25,0.,135.5));
#6832=CARTESIAN_POINT('Origin',(38.25,0.,132.));
#6833=CARTESIAN_POINT('',(46.2499999999999,0.,135.5));
#6834=CARTESIAN_POINT('',(59.375,0.,135.5));
#6835=CARTESIAN_POINT('',(49.75,0.,132.));
#6836=CARTESIAN_POINT('Origin',(46.2499999999999,0.,132.));
#6837=CARTESIAN_POINT('',(49.75,0.,110.));
#6838=CARTESIAN_POINT('',(49.75,0.,126.25));
#6839=CARTESIAN_POINT('',(46.2499999999999,0.,106.5));
#6840=CARTESIAN_POINT('Origin',(46.2499999999999,0.,110.));
#6841=CARTESIAN_POINT('',(38.25,0.,106.5));
#6842=CARTESIAN_POINT('',(55.375,0.,106.5));
#6843=CARTESIAN_POINT('Origin',(38.25,0.,110.));
#6844=CARTESIAN_POINT('',(106.75,0.,178.5));
#6845=CARTESIAN_POINT('',(98.7500000000001,0.,178.5));
#6846=CARTESIAN_POINT('',(89.625,0.,178.5));
#6847=CARTESIAN_POINT('',(110.25,0.,175.));
#6848=CARTESIAN_POINT('Origin',(106.75,0.,175.));
#6849=CARTESIAN_POINT('',(110.25,0.,153.));
#6850=CARTESIAN_POINT('',(110.25,0.,147.75));
#6851=CARTESIAN_POINT('',(106.75,0.,149.5));
#6852=CARTESIAN_POINT('Origin',(106.75,0.,153.));
#6853=CARTESIAN_POINT('',(98.75,0.,149.5));
#6854=CARTESIAN_POINT('',(85.625,0.,149.5));
#6855=CARTESIAN_POINT('',(95.25,0.,153.));
#6856=CARTESIAN_POINT('Origin',(98.75,0.,153.));
#6857=CARTESIAN_POINT('',(95.25,0.,175.));
#6858=CARTESIAN_POINT('',(95.25,0.,158.75));
#6859=CARTESIAN_POINT('Origin',(98.7500000000001,0.,175.));
#6860=CARTESIAN_POINT('',(136.8,0.,36.));
#6861=CARTESIAN_POINT('',(136.8,0.,28.));
#6862=CARTESIAN_POINT('',(136.8,0.,89.25));
#6863=CARTESIAN_POINT('',(140.3,0.,39.5));
#6864=CARTESIAN_POINT('Origin',(140.3,0.,36.));
#6865=CARTESIAN_POINT('',(154.3,0.,39.5));
#6866=CARTESIAN_POINT('',(113.4,0.,39.5));
#6867=CARTESIAN_POINT('',(157.8,0.,36.));
#6868=CARTESIAN_POINT('Origin',(154.3,0.,36.));
#6869=CARTESIAN_POINT('',(157.8,0.,28.));
#6870=CARTESIAN_POINT('',(157.8,0.,85.25));
#6871=CARTESIAN_POINT('',(154.3,0.,24.5));
#6872=CARTESIAN_POINT('Origin',(154.3,0.,28.));
#6873=CARTESIAN_POINT('',(140.3,0.,24.5));
#6874=CARTESIAN_POINT('',(106.4,0.,24.5));
#6875=CARTESIAN_POINT('Origin',(140.3,0.,28.));
#6876=CARTESIAN_POINT('',(164.45,0.,15.));
#6877=CARTESIAN_POINT('Origin',(162.3,0.,15.));
#6878=CARTESIAN_POINT('',(164.45,0.,270.));
#6879=CARTESIAN_POINT('Origin',(162.3,0.,270.));
#6880=CARTESIAN_POINT('',(-15.15,0.,182.5));
#6881=CARTESIAN_POINT('Origin',(-17.3,0.,182.5));
#6882=CARTESIAN_POINT('',(-15.15,0.,15.));
#6883=CARTESIAN_POINT('Origin',(-17.3,0.,15.));
#6884=CARTESIAN_POINT('',(164.45,0.,102.5));
#6885=CARTESIAN_POINT('Origin',(162.3,0.,102.5));
#6886=CARTESIAN_POINT('',(-15.15,0.,270.));
#6887=CARTESIAN_POINT('Origin',(-17.3,0.,270.));
#6888=CARTESIAN_POINT('',(164.45,0.,182.5));
#6889=CARTESIAN_POINT('Origin',(162.3,0.,182.5));
#6890=CARTESIAN_POINT('',(-15.15,0.,102.5));
#6891=CARTESIAN_POINT('Origin',(-17.3,0.,102.5));
#6892=CARTESIAN_POINT('',(47.25,0.,185.75));
#6893=CARTESIAN_POINT('Origin',(47.25,0.,188.));
#6894=CARTESIAN_POINT('',(107.75,0.,185.75));
#6895=CARTESIAN_POINT('Origin',(107.75,0.,188.));
#6896=CARTESIAN_POINT('',(109.31,0.,196.795981178116));
#6897=CARTESIAN_POINT('Origin',(109.31,0.,199.045981178116));
#6898=CARTESIAN_POINT('',(59.25,0.,102.75));
#6899=CARTESIAN_POINT('Origin',(59.25,0.,105.));
#6900=CARTESIAN_POINT('',(85.75,0.,112.75));
#6901=CARTESIAN_POINT('Origin',(85.75,0.,115.));
#6902=CARTESIAN_POINT('',(18.2859772780775,0.,107.75));
#6903=CARTESIAN_POINT('Origin',(18.2859772780775,0.,110.));
#6904=CARTESIAN_POINT('',(131.1,0.,72.9617466914788));
#6905=CARTESIAN_POINT('Origin',(131.1,0.,75.2117466914788));
#6906=CARTESIAN_POINT('',(131.1,0.,39.5747792354361));
#6907=CARTESIAN_POINT('Origin',(131.1,0.,41.8247792354361));
#6908=CARTESIAN_POINT('Origin',(126.714022721923,2.5,110.));
#6909=CARTESIAN_POINT('',(126.714022721923,2.5,111.75));
#6910=CARTESIAN_POINT('Origin',(126.714022721923,2.5,112.25));
#6911=CARTESIAN_POINT('',(128.464022721923,2.5,110.));
#6912=CARTESIAN_POINT('Origin',(126.714022721923,2.5,110.));
#6913=CARTESIAN_POINT('Origin',(126.714022721923,2.5,110.));
#6914=CARTESIAN_POINT('Origin',(126.714022721923,3.,110.));
#6915=CARTESIAN_POINT('',(128.464022721923,0.5,110.));
#6916=CARTESIAN_POINT('',(128.464022721923,3.,110.));
#6917=CARTESIAN_POINT('',(126.714022721923,0.5,108.25));
#6918=CARTESIAN_POINT('Origin',(126.714022721923,0.5,110.));
#6919=CARTESIAN_POINT('Origin',(126.714022721923,0.5,110.));
#6920=CARTESIAN_POINT('Origin',(126.714022721923,0.5,110.));
#6921=CARTESIAN_POINT('Origin',(126.714022721923,0.5,107.75));
#6922=CARTESIAN_POINT('Origin',(131.1,2.5,41.8247792354361));
#6923=CARTESIAN_POINT('',(131.1,2.5,43.574779235436));
#6924=CARTESIAN_POINT('Origin',(131.1,2.5,44.074779235436));
#6925=CARTESIAN_POINT('',(132.85,2.5,41.8247792354361));
#6926=CARTESIAN_POINT('Origin',(131.1,2.5,41.8247792354361));
#6927=CARTESIAN_POINT('Origin',(131.1,2.5,41.8247792354361));
#6928=CARTESIAN_POINT('Origin',(131.1,3.,41.8247792354361));
#6929=CARTESIAN_POINT('',(132.85,0.5,41.8247792354361));
#6930=CARTESIAN_POINT('',(132.85,3.,41.8247792354361));
#6931=CARTESIAN_POINT('',(131.1,0.5,40.0747792354361));
#6932=CARTESIAN_POINT('Origin',(131.1,0.5,41.8247792354361));
#6933=CARTESIAN_POINT('Origin',(131.1,0.5,41.8247792354361));
#6934=CARTESIAN_POINT('Origin',(131.1,0.5,41.8247792354361));
#6935=CARTESIAN_POINT('Origin',(131.1,0.5,39.5747792354361));
#6936=CARTESIAN_POINT('Origin',(121.1,0.5,41.8247792354361));
#6937=CARTESIAN_POINT('',(121.1,0.5,40.074779235436));
#6938=CARTESIAN_POINT('Origin',(121.1,0.5,39.5747792354361));
#6939=CARTESIAN_POINT('',(122.85,0.5,41.8247792354361));
#6940=CARTESIAN_POINT('Origin',(121.1,0.5,41.8247792354361));
#6941=CARTESIAN_POINT('Origin',(121.1,0.5,41.8247792354361));
#6942=CARTESIAN_POINT('Origin',(121.1,3.,41.8247792354361));
#6943=CARTESIAN_POINT('',(122.85,2.5,41.8247792354361));
#6944=CARTESIAN_POINT('',(121.1,2.5,43.5747792354361));
#6945=CARTESIAN_POINT('Origin',(121.1,2.5,41.8247792354361));
#6946=CARTESIAN_POINT('',(122.85,3.,41.8247792354361));
#6947=CARTESIAN_POINT('Origin',(121.1,2.5,41.8247792354361));
#6948=CARTESIAN_POINT('Origin',(121.1,2.5,41.8247792354361));
#6949=CARTESIAN_POINT('Origin',(121.1,2.5,44.0747792354361));
#6950=CARTESIAN_POINT('Origin',(131.1,2.5,75.2117466914788));
#6951=CARTESIAN_POINT('',(131.1,2.5,76.9617466914788));
#6952=CARTESIAN_POINT('Origin',(131.1,2.5,77.4617466914788));
#6953=CARTESIAN_POINT('',(132.85,2.5,75.2117466914788));
#6954=CARTESIAN_POINT('Origin',(131.1,2.5,75.2117466914788));
#6955=CARTESIAN_POINT('Origin',(131.1,2.5,75.2117466914788));
#6956=CARTESIAN_POINT('Origin',(131.1,3.,75.2117466914788));
#6957=CARTESIAN_POINT('',(132.85,0.5,75.2117466914788));
#6958=CARTESIAN_POINT('',(132.85,3.,75.2117466914788));
#6959=CARTESIAN_POINT('',(131.1,0.5,73.4617466914788));
#6960=CARTESIAN_POINT('Origin',(131.1,0.5,75.2117466914788));
#6961=CARTESIAN_POINT('Origin',(131.1,0.5,75.2117466914788));
#6962=CARTESIAN_POINT('Origin',(131.1,0.5,75.2117466914788));
#6963=CARTESIAN_POINT('Origin',(131.1,0.5,72.9617466914788));
#6964=CARTESIAN_POINT('Origin',(121.1,2.5,75.2117466914788));
#6965=CARTESIAN_POINT('',(121.1,2.5,76.9617466914788));
#6966=CARTESIAN_POINT('Origin',(121.1,2.5,77.4617466914788));
#6967=CARTESIAN_POINT('',(122.85,2.5,75.2117466914788));
#6968=CARTESIAN_POINT('Origin',(121.1,2.5,75.2117466914788));
#6969=CARTESIAN_POINT('Origin',(121.1,2.5,75.2117466914788));
#6970=CARTESIAN_POINT('Origin',(121.1,3.,75.2117466914788));
#6971=CARTESIAN_POINT('',(122.85,0.5,75.2117466914788));
#6972=CARTESIAN_POINT('',(122.85,3.,75.2117466914788));
#6973=CARTESIAN_POINT('',(121.1,0.5,73.4617466914788));
#6974=CARTESIAN_POINT('Origin',(121.1,0.5,75.2117466914788));
#6975=CARTESIAN_POINT('Origin',(121.1,0.5,75.2117466914788));
#6976=CARTESIAN_POINT('Origin',(121.1,0.5,75.2117466914788));
#6977=CARTESIAN_POINT('Origin',(121.1,0.5,72.9617466914788));
#6978=CARTESIAN_POINT('Origin',(18.2859772780775,2.5,110.));
#6979=CARTESIAN_POINT('',(18.2859772780775,2.5,111.75));
#6980=CARTESIAN_POINT('Origin',(18.2859772780775,2.5,112.25));
#6981=CARTESIAN_POINT('',(20.0359772780775,2.5,110.));
#6982=CARTESIAN_POINT('Origin',(18.2859772780775,2.5,110.));
#6983=CARTESIAN_POINT('Origin',(18.2859772780775,2.5,110.));
#6984=CARTESIAN_POINT('Origin',(18.2859772780775,3.,110.));
#6985=CARTESIAN_POINT('',(20.0359772780775,0.5,110.));
#6986=CARTESIAN_POINT('',(20.0359772780775,3.,110.));
#6987=CARTESIAN_POINT('',(18.2859772780775,0.5,108.25));
#6988=CARTESIAN_POINT('Origin',(18.2859772780775,0.5,110.));
#6989=CARTESIAN_POINT('Origin',(18.2859772780775,0.5,110.));
#6990=CARTESIAN_POINT('Origin',(18.2859772780775,0.5,110.));
#6991=CARTESIAN_POINT('Origin',(18.2859772780775,0.5,107.75));
#6992=CARTESIAN_POINT('Origin',(18.0360470846629,2.5,100.));
#6993=CARTESIAN_POINT('',(18.0360470846629,2.5,101.75));
#6994=CARTESIAN_POINT('Origin',(18.0360470846629,2.5,102.25));
#6995=CARTESIAN_POINT('',(19.7860470846629,2.5,100.));
#6996=CARTESIAN_POINT('Origin',(18.0360470846629,2.5,100.));
#6997=CARTESIAN_POINT('Origin',(18.0360470846629,2.5,100.));
#6998=CARTESIAN_POINT('Origin',(18.0360470846629,3.,100.));
#6999=CARTESIAN_POINT('',(19.7860470846629,0.5,100.));
#7000=CARTESIAN_POINT('',(19.7860470846629,3.,100.));
#7001=CARTESIAN_POINT('',(18.0360470846629,0.5,98.25));
#7002=CARTESIAN_POINT('Origin',(18.0360470846629,0.5,100.));
#7003=CARTESIAN_POINT('Origin',(18.0360470846629,0.5,100.));
#7004=CARTESIAN_POINT('Origin',(18.0360470846629,0.5,100.));
#7005=CARTESIAN_POINT('Origin',(18.0360470846629,0.5,97.75));
#7006=CARTESIAN_POINT('Origin',(85.75,0.5,115.));
#7007=CARTESIAN_POINT('',(85.75,0.5,113.25));
#7008=CARTESIAN_POINT('Origin',(85.75,0.5,112.75));
#7009=CARTESIAN_POINT('',(87.5,0.5,115.));
#7010=CARTESIAN_POINT('Origin',(85.75,0.5,115.));
#7011=CARTESIAN_POINT('Origin',(85.75,0.5,115.));
#7012=CARTESIAN_POINT('Origin',(85.75,3.,115.));
#7013=CARTESIAN_POINT('',(87.5,2.5,115.));
#7014=CARTESIAN_POINT('',(85.75,2.5,116.75));
#7015=CARTESIAN_POINT('Origin',(85.75,2.5,115.));
#7016=CARTESIAN_POINT('',(87.5,3.,115.));
#7017=CARTESIAN_POINT('Origin',(85.75,2.5,115.));
#7018=CARTESIAN_POINT('Origin',(85.75,0.5,105.));
#7019=CARTESIAN_POINT('',(85.75,0.5,103.25));
#7020=CARTESIAN_POINT('Origin',(85.75,0.5,102.75));
#7021=CARTESIAN_POINT('',(87.5,0.5,105.));
#7022=CARTESIAN_POINT('Origin',(85.75,0.5,105.));
#7023=CARTESIAN_POINT('Origin',(85.75,0.5,105.));
#7024=CARTESIAN_POINT('Origin',(85.75,3.,105.));
#7025=CARTESIAN_POINT('',(87.5,2.5,105.));
#7026=CARTESIAN_POINT('',(85.75,2.5,106.75));
#7027=CARTESIAN_POINT('Origin',(85.75,2.5,105.));
#7028=CARTESIAN_POINT('',(87.5,3.,105.));
#7029=CARTESIAN_POINT('Origin',(85.75,2.5,105.));
#7030=CARTESIAN_POINT('Origin',(85.75,2.5,105.));
#7031=CARTESIAN_POINT('Origin',(85.75,2.5,107.25));
#7032=CARTESIAN_POINT('Origin',(85.75,2.5,115.));
#7033=CARTESIAN_POINT('Origin',(85.75,2.5,117.25));
#7034=CARTESIAN_POINT('Origin',(59.25,2.5,115.));
#7035=CARTESIAN_POINT('',(59.25,2.5,116.75));
#7036=CARTESIAN_POINT('Origin',(59.25,2.5,117.25));
#7037=CARTESIAN_POINT('',(61.,2.5,115.));
#7038=CARTESIAN_POINT('Origin',(59.25,2.5,115.));
#7039=CARTESIAN_POINT('Origin',(59.25,2.5,115.));
#7040=CARTESIAN_POINT('Origin',(59.25,3.,115.));
#7041=CARTESIAN_POINT('',(61.,0.5,115.));
#7042=CARTESIAN_POINT('',(61.,3.,115.));
#7043=CARTESIAN_POINT('',(59.25,0.5,113.25));
#7044=CARTESIAN_POINT('Origin',(59.25,0.5,115.));
#7045=CARTESIAN_POINT('Origin',(59.25,0.5,115.));
#7046=CARTESIAN_POINT('Origin',(59.25,2.5,105.));
#7047=CARTESIAN_POINT('',(59.25,2.5,106.75));
#7048=CARTESIAN_POINT('Origin',(59.25,2.5,107.25));
#7049=CARTESIAN_POINT('',(61.,2.5,105.));
#7050=CARTESIAN_POINT('Origin',(59.25,2.5,105.));
#7051=CARTESIAN_POINT('Origin',(59.25,2.5,105.));
#7052=CARTESIAN_POINT('Origin',(59.25,3.,105.));
#7053=CARTESIAN_POINT('',(61.,0.5,105.));
#7054=CARTESIAN_POINT('',(61.,3.,105.));
#7055=CARTESIAN_POINT('',(59.25,0.5,103.25));
#7056=CARTESIAN_POINT('Origin',(59.25,0.5,105.));
#7057=CARTESIAN_POINT('Origin',(59.25,0.5,105.));
#7058=CARTESIAN_POINT('Origin',(59.25,0.5,105.));
#7059=CARTESIAN_POINT('Origin',(59.25,0.5,102.75));
#7060=CARTESIAN_POINT('Origin',(59.25,0.5,115.));
#7061=CARTESIAN_POINT('Origin',(59.25,0.5,112.75));
#7062=CARTESIAN_POINT('Origin',(109.31,0.5,199.045981178116));
#7063=CARTESIAN_POINT('',(109.31,0.5,197.295981178116));
#7064=CARTESIAN_POINT('Origin',(109.31,0.5,196.795981178116));
#7065=CARTESIAN_POINT('',(111.06,0.5,199.045981178116));
#7066=CARTESIAN_POINT('Origin',(109.31,0.5,199.045981178116));
#7067=CARTESIAN_POINT('Origin',(109.31,0.5,199.045981178116));
#7068=CARTESIAN_POINT('Origin',(109.31,3.,199.045981178116));
#7069=CARTESIAN_POINT('',(111.06,2.5,199.045981178116));
#7070=CARTESIAN_POINT('',(109.31,2.5,200.795981178116));
#7071=CARTESIAN_POINT('Origin',(109.31,2.5,199.045981178116));
#7072=CARTESIAN_POINT('',(111.06,3.,199.045981178116));
#7073=CARTESIAN_POINT('Origin',(109.31,2.5,199.045981178116));
#7074=CARTESIAN_POINT('Origin',(109.31,2.5,199.045981178116));
#7075=CARTESIAN_POINT('Origin',(109.31,2.5,201.295981178116));
#7076=CARTESIAN_POINT('Origin',(99.31,0.5,199.045981178116));
#7077=CARTESIAN_POINT('',(99.31,0.5,197.295981178116));
#7078=CARTESIAN_POINT('Origin',(99.31,0.5,196.795981178116));
#7079=CARTESIAN_POINT('',(101.06,0.5,199.045981178116));
#7080=CARTESIAN_POINT('Origin',(99.31,0.5,199.045981178116));
#7081=CARTESIAN_POINT('Origin',(99.31,0.5,199.045981178116));
#7082=CARTESIAN_POINT('Origin',(99.31,3.,199.045981178116));
#7083=CARTESIAN_POINT('',(101.06,2.5,199.045981178116));
#7084=CARTESIAN_POINT('',(99.31,2.5,200.795981178116));
#7085=CARTESIAN_POINT('Origin',(99.31,2.5,199.045981178116));
#7086=CARTESIAN_POINT('',(101.06,3.,199.045981178116));
#7087=CARTESIAN_POINT('Origin',(99.31,2.5,199.045981178116));
#7088=CARTESIAN_POINT('Origin',(99.31,2.5,199.045981178116));
#7089=CARTESIAN_POINT('Origin',(99.31,2.5,201.295981178116));
#7090=CARTESIAN_POINT('Origin',(107.75,2.5,188.));
#7091=CARTESIAN_POINT('',(107.75,2.5,189.75));
#7092=CARTESIAN_POINT('Origin',(107.75,2.5,190.25));
#7093=CARTESIAN_POINT('',(109.5,2.5,188.));
#7094=CARTESIAN_POINT('Origin',(107.75,2.5,188.));
#7095=CARTESIAN_POINT('Origin',(107.75,2.5,188.));
#7096=CARTESIAN_POINT('Origin',(107.75,3.,188.));
#7097=CARTESIAN_POINT('',(109.5,0.5,188.));
#7098=CARTESIAN_POINT('',(109.5,3.,188.));
#7099=CARTESIAN_POINT('',(107.75,0.5,186.25));
#7100=CARTESIAN_POINT('Origin',(107.75,0.5,188.));
#7101=CARTESIAN_POINT('Origin',(107.75,0.5,188.));
#7102=CARTESIAN_POINT('Origin',(107.75,0.5,188.));
#7103=CARTESIAN_POINT('Origin',(107.75,0.5,185.75));
#7104=CARTESIAN_POINT('Origin',(97.75,0.5,188.));
#7105=CARTESIAN_POINT('',(97.75,0.5,186.25));
#7106=CARTESIAN_POINT('Origin',(97.75,0.5,185.75));
#7107=CARTESIAN_POINT('',(99.5,0.5,188.));
#7108=CARTESIAN_POINT('Origin',(97.75,0.5,188.));
#7109=CARTESIAN_POINT('Origin',(97.75,0.5,188.));
#7110=CARTESIAN_POINT('Origin',(97.75,3.,188.));
#7111=CARTESIAN_POINT('',(99.5,2.5,188.));
#7112=CARTESIAN_POINT('',(97.75,2.5,189.75));
#7113=CARTESIAN_POINT('Origin',(97.75,2.5,188.));
#7114=CARTESIAN_POINT('',(99.5,3.,188.));
#7115=CARTESIAN_POINT('Origin',(97.75,2.5,188.));
#7116=CARTESIAN_POINT('Origin',(97.75,2.5,188.));
#7117=CARTESIAN_POINT('Origin',(97.75,2.5,190.25));
#7118=CARTESIAN_POINT('Origin',(47.25,2.5,188.));
#7119=CARTESIAN_POINT('',(47.25,2.5,189.75));
#7120=CARTESIAN_POINT('Origin',(47.25,2.5,190.25));
#7121=CARTESIAN_POINT('',(49.,2.5,188.));
#7122=CARTESIAN_POINT('Origin',(47.25,2.5,188.));
#7123=CARTESIAN_POINT('Origin',(47.25,2.5,188.));
#7124=CARTESIAN_POINT('Origin',(47.25,3.,188.));
#7125=CARTESIAN_POINT('',(49.,0.5,188.));
#7126=CARTESIAN_POINT('',(49.,3.,188.));
#7127=CARTESIAN_POINT('',(47.25,0.5,186.25));
#7128=CARTESIAN_POINT('Origin',(47.25,0.5,188.));
#7129=CARTESIAN_POINT('Origin',(47.25,0.5,188.));
#7130=CARTESIAN_POINT('Origin',(47.25,0.5,188.));
#7131=CARTESIAN_POINT('Origin',(47.25,0.5,185.75));
#7132=CARTESIAN_POINT('Origin',(37.25,0.5,188.));
#7133=CARTESIAN_POINT('',(37.25,0.5,186.25));
#7134=CARTESIAN_POINT('Origin',(37.25,0.5,185.75));
#7135=CARTESIAN_POINT('',(39.,0.5,188.));
#7136=CARTESIAN_POINT('Origin',(37.25,0.5,188.));
#7137=CARTESIAN_POINT('Origin',(37.25,0.5,188.));
#7138=CARTESIAN_POINT('Origin',(37.25,3.,188.));
#7139=CARTESIAN_POINT('',(39.,2.5,188.));
#7140=CARTESIAN_POINT('',(37.25,2.5,189.75));
#7141=CARTESIAN_POINT('Origin',(37.25,2.5,188.));
#7142=CARTESIAN_POINT('',(39.,3.,188.));
#7143=CARTESIAN_POINT('Origin',(37.25,2.5,188.));
#7144=CARTESIAN_POINT('Origin',(37.25,2.5,188.));
#7145=CARTESIAN_POINT('Origin',(37.25,2.5,190.25));
#7146=CARTESIAN_POINT('Origin',(-19.3,3.,89.));
#7147=CARTESIAN_POINT('',(-17.55,3.,89.));
#7148=CARTESIAN_POINT('Origin',(107.4,3.,17.2));
#7149=CARTESIAN_POINT('',(109.9,3.,17.2));
#7150=CARTESIAN_POINT('Origin',(121.8,3.,120.));
#7151=CARTESIAN_POINT('',(123.55,3.,120.));
#7152=CARTESIAN_POINT('Origin',(112.62,3.,225.17));
#7153=CARTESIAN_POINT('',(115.27,3.,225.17));
#7154=CARTESIAN_POINT('Origin',(91.4,3.,125.165));
#7155=CARTESIAN_POINT('',(93.55,3.,125.165));
#7156=CARTESIAN_POINT('Origin',(23.2,3.,120.));
#7157=CARTESIAN_POINT('',(24.95,3.,120.));
#7158=CARTESIAN_POINT('Origin',(-21.8000000000001,3.,165.));
#7159=CARTESIAN_POINT('',(-20.0500000000001,3.,165.));
#7160=CARTESIAN_POINT('Origin',(53.6,3.,186.765));
#7161=CARTESIAN_POINT('',(55.75,3.,186.765));
#7162=CARTESIAN_POINT('Origin',(121.8,3.,165.));
#7163=CARTESIAN_POINT('',(123.55,3.,165.));
#7164=CARTESIAN_POINT('Origin',(107.4,3.,90.3));
#7165=CARTESIAN_POINT('',(109.9,3.,90.3));
#7166=CARTESIAN_POINT('Origin',(141.1,3.,84.));
#7167=CARTESIAN_POINT('',(142.75,3.,84.));
#7168=CARTESIAN_POINT('Origin',(4.7,3.,89.));
#7169=CARTESIAN_POINT('',(6.45,3.,89.));
#7170=CARTESIAN_POINT('Origin',(-19.3,3.,36.));
#7171=CARTESIAN_POINT('',(-17.55,3.,36.));
#7172=CARTESIAN_POINT('Origin',(37.6,3.,17.2));
#7173=CARTESIAN_POINT('',(40.1,3.,17.2));
#7174=CARTESIAN_POINT('Origin',(166.8,3.,120.));
#7175=CARTESIAN_POINT('',(168.55,3.,120.));
#7176=CARTESIAN_POINT('Origin',(96.,3.,225.17));
#7177=CARTESIAN_POINT('',(98.65,3.,225.17));
#7178=CARTESIAN_POINT('Origin',(53.6,3.,125.165));
#7179=CARTESIAN_POINT('',(55.75,3.,125.165));
#7180=CARTESIAN_POINT('Origin',(-21.8,3.,120.));
#7181=CARTESIAN_POINT('',(-20.05,3.,120.));
#7182=CARTESIAN_POINT('Origin',(23.2,3.,165.));
#7183=CARTESIAN_POINT('',(24.95,3.,165.));
#7184=CARTESIAN_POINT('Origin',(91.4,3.,186.765));
#7185=CARTESIAN_POINT('',(93.55,3.,186.765));
#7186=CARTESIAN_POINT('Origin',(166.8,3.,165.));
#7187=CARTESIAN_POINT('',(168.55,3.,165.));
#7188=CARTESIAN_POINT('Origin',(37.6,3.,90.3));
#7189=CARTESIAN_POINT('',(40.1,3.,90.3));
#7190=CARTESIAN_POINT('Origin',(156.1,3.,84.));
#7191=CARTESIAN_POINT('',(157.75,3.,84.));
#7192=CARTESIAN_POINT('Origin',(4.7,3.,36.));
#7193=CARTESIAN_POINT('',(6.45,3.,36.));
#7194=CARTESIAN_POINT('Origin',(-17.3,3.,102.5));
#7195=CARTESIAN_POINT('',(-15.15,3.,102.5));
#7196=CARTESIAN_POINT('Origin',(162.3,3.,182.5));
#7197=CARTESIAN_POINT('',(164.45,3.,182.5));
#7198=CARTESIAN_POINT('Origin',(-17.3,3.,270.));
#7199=CARTESIAN_POINT('',(-15.15,3.,270.));
#7200=CARTESIAN_POINT('Origin',(162.3,3.,102.5));
#7201=CARTESIAN_POINT('',(164.45,3.,102.5));
#7202=CARTESIAN_POINT('Origin',(-17.3,3.,15.));
#7203=CARTESIAN_POINT('',(-15.15,3.,15.));
#7204=CARTESIAN_POINT('Origin',(-17.3,3.,182.5));
#7205=CARTESIAN_POINT('',(-15.15,3.,182.5));
#7206=CARTESIAN_POINT('Origin',(162.3,3.,270.));
#7207=CARTESIAN_POINT('',(164.45,3.,270.));
#7208=CARTESIAN_POINT('Origin',(162.3,3.,15.));
#7209=CARTESIAN_POINT('',(164.45,3.,15.));
#7210=CARTESIAN_POINT('Origin',(15.,3.,194.175));
#7211=CARTESIAN_POINT('',(17.15,3.,194.175));
#7212=CARTESIAN_POINT('Origin',(130.,3.,90.825));
#7213=CARTESIAN_POINT('',(132.15,3.,90.825));
#7214=CARTESIAN_POINT('Origin',(15.,3.,90.825));
#7215=CARTESIAN_POINT('',(17.15,3.,90.825));
#7216=CARTESIAN_POINT('Origin',(130.,3.,194.175));
#7217=CARTESIAN_POINT('',(132.15,3.,194.175));
#7218=CARTESIAN_POINT('Origin',(113.4,2.5,39.5));
#7219=CARTESIAN_POINT('',(154.3,2.5,39.));
#7220=CARTESIAN_POINT('Origin',(154.3,2.5,39.5));
#7221=CARTESIAN_POINT('',(140.3,2.5,39.));
#7222=CARTESIAN_POINT('',(113.4,2.5,39.));
#7223=CARTESIAN_POINT('Origin',(140.3,2.5,39.5));
#7224=CARTESIAN_POINT('Origin',(140.3,2.5,36.));
#7225=CARTESIAN_POINT('',(137.3,2.5,36.));
#7226=CARTESIAN_POINT('Origin',(136.8,2.5,36.));
#7227=CARTESIAN_POINT('Origin',(140.3,2.5,36.));
#7228=CARTESIAN_POINT('Origin',(136.8,2.5,89.25));
#7229=CARTESIAN_POINT('',(137.3,2.5,28.));
#7230=CARTESIAN_POINT('Origin',(136.8,2.5,28.));
#7231=CARTESIAN_POINT('',(137.3,2.5,89.25));
#7232=CARTESIAN_POINT('Origin',(140.3,2.5,28.));
#7233=CARTESIAN_POINT('',(140.3,2.5,25.));
#7234=CARTESIAN_POINT('Origin',(140.3,2.5,24.5));
#7235=CARTESIAN_POINT('Origin',(140.3,2.5,28.));
#7236=CARTESIAN_POINT('Origin',(106.4,2.5,24.5));
#7237=CARTESIAN_POINT('',(154.3,2.5,25.));
#7238=CARTESIAN_POINT('Origin',(154.3,2.5,24.5));
#7239=CARTESIAN_POINT('',(106.4,2.5,25.));
#7240=CARTESIAN_POINT('Origin',(154.3,2.5,28.));
#7241=CARTESIAN_POINT('',(157.3,2.5,28.));
#7242=CARTESIAN_POINT('Origin',(157.8,2.5,28.));
#7243=CARTESIAN_POINT('Origin',(154.3,2.5,28.));
#7244=CARTESIAN_POINT('Origin',(157.8,2.5,85.25));
#7245=CARTESIAN_POINT('',(157.3,2.5,36.));
#7246=CARTESIAN_POINT('Origin',(157.8,2.5,36.));
#7247=CARTESIAN_POINT('',(157.3,2.5,85.25));
#7248=CARTESIAN_POINT('Origin',(154.3,2.5,36.));
#7249=CARTESIAN_POINT('Origin',(154.3,2.5,36.));
#7250=CARTESIAN_POINT('Origin',(140.3,3.,28.));
#7251=CARTESIAN_POINT('',(137.3,0.5,28.));
#7252=CARTESIAN_POINT('',(137.3,3.,28.));
#7253=CARTESIAN_POINT('',(140.3,0.5,25.));
#7254=CARTESIAN_POINT('Origin',(140.3,0.5,28.));
#7255=CARTESIAN_POINT('',(140.3,3.,25.));
#7256=CARTESIAN_POINT('Origin',(137.3,3.,36.));
#7257=CARTESIAN_POINT('',(137.3,0.5,36.));
#7258=CARTESIAN_POINT('',(137.3,3.,36.));
#7259=CARTESIAN_POINT('',(137.3,0.5,89.25));
#7260=CARTESIAN_POINT('Origin',(140.3,3.,36.));
#7261=CARTESIAN_POINT('',(140.3,0.5,39.));
#7262=CARTESIAN_POINT('',(140.3,3.,39.));
#7263=CARTESIAN_POINT('Origin',(140.3,0.5,36.));
#7264=CARTESIAN_POINT('Origin',(154.3,3.,39.));
#7265=CARTESIAN_POINT('',(154.3,0.5,39.));
#7266=CARTESIAN_POINT('',(154.3,3.,39.));
#7267=CARTESIAN_POINT('',(113.4,0.5,39.));
#7268=CARTESIAN_POINT('Origin',(136.8,0.5,89.25));
#7269=CARTESIAN_POINT('Origin',(136.8,0.5,28.));
#7270=CARTESIAN_POINT('Origin',(136.8,0.5,36.));
#7271=CARTESIAN_POINT('Origin',(140.3,0.5,36.));
#7272=CARTESIAN_POINT('Origin',(140.3,0.5,39.5));
#7273=CARTESIAN_POINT('Origin',(113.4,0.5,39.5));
#7274=CARTESIAN_POINT('Origin',(154.3,0.5,39.5));
#7275=CARTESIAN_POINT('Origin',(154.3,0.5,36.));
#7276=CARTESIAN_POINT('',(157.3,0.5,36.));
#7277=CARTESIAN_POINT('Origin',(157.8,0.5,36.));
#7278=CARTESIAN_POINT('Origin',(154.3,0.5,36.));
#7279=CARTESIAN_POINT('Origin',(157.8,0.5,85.25));
#7280=CARTESIAN_POINT('',(157.3,0.5,28.));
#7281=CARTESIAN_POINT('Origin',(157.8,0.5,28.));
#7282=CARTESIAN_POINT('',(157.3,0.5,85.25));
#7283=CARTESIAN_POINT('Origin',(154.3,0.5,28.));
#7284=CARTESIAN_POINT('',(154.3,0.5,25.));
#7285=CARTESIAN_POINT('Origin',(154.3,0.5,24.5));
#7286=CARTESIAN_POINT('Origin',(154.3,0.5,28.));
#7287=CARTESIAN_POINT('Origin',(106.4,0.5,24.5));
#7288=CARTESIAN_POINT('Origin',(140.3,0.5,24.5));
#7289=CARTESIAN_POINT('',(106.4,0.5,25.));
#7290=CARTESIAN_POINT('Origin',(140.3,0.5,28.));
#7291=CARTESIAN_POINT('Origin',(154.3,3.,36.));
#7292=CARTESIAN_POINT('',(157.3,3.,36.));
#7293=CARTESIAN_POINT('Origin',(130.,3.,15.));
#7294=CARTESIAN_POINT('',(132.15,3.,15.));
#7295=CARTESIAN_POINT('Origin',(130.,3.,270.));
#7296=CARTESIAN_POINT('',(132.15,3.,270.));
#7297=CARTESIAN_POINT('Origin',(15.,3.,15.));
#7298=CARTESIAN_POINT('',(17.15,3.,15.));
#7299=CARTESIAN_POINT('Origin',(15.,3.,270.));
#7300=CARTESIAN_POINT('',(17.15,3.,270.));
#7301=CARTESIAN_POINT('Origin',(157.3,3.,28.));
#7302=CARTESIAN_POINT('',(157.3,3.,28.));
#7303=CARTESIAN_POINT('Origin',(154.3,3.,28.));
#7304=CARTESIAN_POINT('',(154.3,3.,25.));
#7305=CARTESIAN_POINT('Origin',(140.3,3.,25.));
#7306=CARTESIAN_POINT('Origin',(72.5,0.5,284.5));
#7307=CARTESIAN_POINT('',(167.3,0.5,285.));
#7308=CARTESIAN_POINT('Origin',(167.3,0.5,284.5));
#7309=CARTESIAN_POINT('',(-22.3,0.5,285.));
#7310=CARTESIAN_POINT('',(72.5,0.5,285.));
#7311=CARTESIAN_POINT('Origin',(-22.3,0.5,284.5));
#7312=CARTESIAN_POINT('Origin',(-22.3,0.5,275.));
#7313=CARTESIAN_POINT('',(-32.3,0.5,275.));
#7314=CARTESIAN_POINT('Origin',(-31.8,0.5,275.));
#7315=CARTESIAN_POINT('Origin',(-22.3,0.5,275.));
#7316=CARTESIAN_POINT('Origin',(-31.8,0.5,213.75));
#7317=CARTESIAN_POINT('',(-32.3,0.5,10.));
#7318=CARTESIAN_POINT('Origin',(-31.8,0.5,10.));
#7319=CARTESIAN_POINT('',(-32.3,0.5,213.75));
#7320=CARTESIAN_POINT('Origin',(-22.3,0.5,10.));
#7321=CARTESIAN_POINT('',(-22.3,0.5,0.));
#7322=CARTESIAN_POINT('Origin',(-22.3,0.5,0.499999999999999));
#7323=CARTESIAN_POINT('Origin',(-22.3,0.5,10.));
#7324=CARTESIAN_POINT('Origin',(72.5,0.5,0.499999999999998));
#7325=CARTESIAN_POINT('',(167.3,0.5,0.));
#7326=CARTESIAN_POINT('Origin',(167.3,0.5,0.499999999999998));
#7327=CARTESIAN_POINT('',(72.5,0.5,0.));
#7328=CARTESIAN_POINT('Origin',(167.3,0.5,10.));
#7329=CARTESIAN_POINT('',(177.3,0.5,10.));
#7330=CARTESIAN_POINT('Origin',(176.8,0.5,10.));
#7331=CARTESIAN_POINT('Origin',(167.3,0.5,10.));
#7332=CARTESIAN_POINT('Origin',(176.8,0.5,71.25));
#7333=CARTESIAN_POINT('',(177.3,0.5,275.));
#7334=CARTESIAN_POINT('Origin',(176.8,0.5,275.));
#7335=CARTESIAN_POINT('',(177.3,0.5,71.25));
#7336=CARTESIAN_POINT('Origin',(167.3,0.5,275.));
#7337=CARTESIAN_POINT('Origin',(167.3,0.5,275.));
#7338=CARTESIAN_POINT('Origin',(-22.3,2.25,10.));
#7339=CARTESIAN_POINT('',(-32.3,2.5,10.));
#7340=CARTESIAN_POINT('',(-32.3,2.25,10.));
#7341=CARTESIAN_POINT('',(-22.3,2.5,0.));
#7342=CARTESIAN_POINT('Origin',(-22.3,2.5,10.));
#7343=CARTESIAN_POINT('',(-22.3,2.25,0.));
#7344=CARTESIAN_POINT('Origin',(-32.3,3.,285.));
#7345=CARTESIAN_POINT('',(-32.3,2.5,275.));
#7346=CARTESIAN_POINT('',(-32.3,2.25,275.));
#7347=CARTESIAN_POINT('',(-32.3,2.5,213.75));
#7348=CARTESIAN_POINT('Origin',(-22.3,2.25,275.));
#7349=CARTESIAN_POINT('',(-22.3,2.5,285.));
#7350=CARTESIAN_POINT('',(-22.3,2.25,285.));
#7351=CARTESIAN_POINT('Origin',(-22.3,2.5,275.));
#7352=CARTESIAN_POINT('Origin',(72.5,1.5,285.));
#7353=CARTESIAN_POINT('',(167.3,2.5,285.));
#7354=CARTESIAN_POINT('',(167.3,2.25,285.));
#7355=CARTESIAN_POINT('',(72.5,2.5,285.));
#7356=CARTESIAN_POINT('Origin',(-31.8,2.5,213.75));
#7357=CARTESIAN_POINT('Origin',(-31.8,2.5,10.));
#7358=CARTESIAN_POINT('Origin',(-31.8,2.5,275.));
#7359=CARTESIAN_POINT('Origin',(-22.3,2.5,275.));
#7360=CARTESIAN_POINT('Origin',(-22.3,2.5,284.5));
#7361=CARTESIAN_POINT('Origin',(72.5,2.5,284.5));
#7362=CARTESIAN_POINT('Origin',(167.3,2.5,284.5));
#7363=CARTESIAN_POINT('Origin',(167.3,2.5,275.));
#7364=CARTESIAN_POINT('',(177.3,2.5,275.));
#7365=CARTESIAN_POINT('Origin',(176.8,2.5,275.));
#7366=CARTESIAN_POINT('Origin',(167.3,2.5,275.));
#7367=CARTESIAN_POINT('Origin',(176.8,2.5,71.25));
#7368=CARTESIAN_POINT('',(177.3,2.5,10.));
#7369=CARTESIAN_POINT('Origin',(176.8,2.5,10.));
#7370=CARTESIAN_POINT('',(177.3,2.5,71.25));
#7371=CARTESIAN_POINT('Origin',(167.3,2.5,10.));
#7372=CARTESIAN_POINT('',(167.3,2.5,0.));
#7373=CARTESIAN_POINT('Origin',(167.3,2.5,0.5));
#7374=CARTESIAN_POINT('Origin',(167.3,2.5,10.));
#7375=CARTESIAN_POINT('Origin',(72.5,2.5,0.499999999999998));
#7376=CARTESIAN_POINT('Origin',(-22.3,2.5,0.499999999999998));
#7377=CARTESIAN_POINT('',(72.5,2.5,0.));
#7378=CARTESIAN_POINT('Origin',(-22.3,2.5,10.));
#7379=CARTESIAN_POINT('Origin',(167.3,2.25,275.));
#7380=CARTESIAN_POINT('',(177.3,2.25,275.));
#7381=CARTESIAN_POINT('Origin',(98.7500000000001,0.5,110.));
#7382=CARTESIAN_POINT('',(98.7500000000001,0.5,107.));
#7383=CARTESIAN_POINT('Origin',(98.7500000000001,0.5,106.5));
#7384=CARTESIAN_POINT('',(95.75,0.5,110.));
#7385=CARTESIAN_POINT('Origin',(98.7500000000001,0.5,110.));
#7386=CARTESIAN_POINT('Origin',(95.25,0.5,110.));
#7387=CARTESIAN_POINT('Origin',(95.25,0.5,137.25));
#7388=CARTESIAN_POINT('',(95.75,0.5,132.));
#7389=CARTESIAN_POINT('Origin',(95.25,0.5,132.));
#7390=CARTESIAN_POINT('',(95.75,0.5,137.25));
#7391=CARTESIAN_POINT('Origin',(98.7500000000001,0.5,132.));
#7392=CARTESIAN_POINT('',(98.7500000000001,0.5,135.));
#7393=CARTESIAN_POINT('Origin',(98.7500000000001,0.5,135.5));
#7394=CARTESIAN_POINT('Origin',(98.7500000000001,0.5,132.));
#7395=CARTESIAN_POINT('Origin',(89.625,0.5,135.5));
#7396=CARTESIAN_POINT('',(106.75,0.5,135.));
#7397=CARTESIAN_POINT('Origin',(106.75,0.5,135.5));
#7398=CARTESIAN_POINT('',(89.625,0.5,135.));
#7399=CARTESIAN_POINT('Origin',(106.75,0.5,132.));
#7400=CARTESIAN_POINT('',(109.75,0.5,132.));
#7401=CARTESIAN_POINT('Origin',(110.25,0.5,132.));
#7402=CARTESIAN_POINT('Origin',(106.75,0.5,132.));
#7403=CARTESIAN_POINT('Origin',(110.25,0.5,126.25));
#7404=CARTESIAN_POINT('',(109.75,0.5,110.));
#7405=CARTESIAN_POINT('Origin',(110.25,0.5,110.));
#7406=CARTESIAN_POINT('',(109.75,0.5,126.25));
#7407=CARTESIAN_POINT('Origin',(106.75,0.5,110.));
#7408=CARTESIAN_POINT('',(106.75,0.5,107.));
#7409=CARTESIAN_POINT('Origin',(106.75,0.5,106.5));
#7410=CARTESIAN_POINT('Origin',(106.75,0.5,110.));
#7411=CARTESIAN_POINT('Origin',(85.625,0.5,106.5));
#7412=CARTESIAN_POINT('',(85.625,0.5,107.));
#7413=CARTESIAN_POINT('Origin',(106.75,3.,135.));
#7414=CARTESIAN_POINT('',(98.7500000000001,2.5,135.));
#7415=CARTESIAN_POINT('',(98.7500000000001,3.,135.));
#7416=CARTESIAN_POINT('',(106.75,2.5,135.));
#7417=CARTESIAN_POINT('',(89.625,2.5,135.));
#7418=CARTESIAN_POINT('',(106.75,3.,135.));
#7419=CARTESIAN_POINT('Origin',(98.7500000000001,3.,132.));
#7420=CARTESIAN_POINT('',(95.75,2.5,132.));
#7421=CARTESIAN_POINT('',(95.75,3.,132.));
#7422=CARTESIAN_POINT('Origin',(98.7500000000001,2.5,132.));
#7423=CARTESIAN_POINT('Origin',(95.75,3.,132.));
#7424=CARTESIAN_POINT('',(95.75,2.5,110.));
#7425=CARTESIAN_POINT('',(95.75,3.,110.));
#7426=CARTESIAN_POINT('',(95.75,2.5,137.25));
#7427=CARTESIAN_POINT('Origin',(98.7500000000001,3.,110.));
#7428=CARTESIAN_POINT('',(98.7500000000001,2.5,107.));
#7429=CARTESIAN_POINT('',(98.7500000000001,3.,107.));
#7430=CARTESIAN_POINT('Origin',(98.7500000000001,2.5,110.));
#7431=CARTESIAN_POINT('Origin',(106.75,2.5,110.));
#7432=CARTESIAN_POINT('',(106.75,2.5,107.));
#7433=CARTESIAN_POINT('Origin',(106.75,2.5,106.5));
#7434=CARTESIAN_POINT('',(109.75,2.5,110.));
#7435=CARTESIAN_POINT('Origin',(106.75,2.5,110.));
#7436=CARTESIAN_POINT('Origin',(110.25,2.5,110.));
#7437=CARTESIAN_POINT('Origin',(110.25,2.5,126.25));
#7438=CARTESIAN_POINT('',(109.75,2.5,132.));
#7439=CARTESIAN_POINT('Origin',(110.25,2.5,132.));
#7440=CARTESIAN_POINT('',(109.75,2.5,126.25));
#7441=CARTESIAN_POINT('Origin',(106.75,2.5,132.));
#7442=CARTESIAN_POINT('Origin',(106.75,2.5,135.5));
#7443=CARTESIAN_POINT('Origin',(106.75,2.5,132.));
#7444=CARTESIAN_POINT('Origin',(89.625,2.5,135.5));
#7445=CARTESIAN_POINT('Origin',(98.7500000000001,2.5,135.5));
#7446=CARTESIAN_POINT('Origin',(98.7500000000001,2.5,132.));
#7447=CARTESIAN_POINT('Origin',(95.25,2.5,132.));
#7448=CARTESIAN_POINT('Origin',(95.25,2.5,137.25));
#7449=CARTESIAN_POINT('Origin',(95.25,2.5,110.));
#7450=CARTESIAN_POINT('Origin',(98.7500000000001,2.5,110.));
#7451=CARTESIAN_POINT('Origin',(98.7500000000001,2.5,106.5));
#7452=CARTESIAN_POINT('Origin',(85.625,2.5,106.5));
#7453=CARTESIAN_POINT('',(85.625,2.5,107.));
#7454=CARTESIAN_POINT('Origin',(106.75,3.,132.));
#7455=CARTESIAN_POINT('',(109.75,3.,132.));
#7456=CARTESIAN_POINT('Origin',(109.75,3.,110.));
#7457=CARTESIAN_POINT('',(109.75,3.,110.));
#7458=CARTESIAN_POINT('Origin',(106.75,3.,110.));
#7459=CARTESIAN_POINT('',(106.75,3.,107.));
#7460=CARTESIAN_POINT('Origin',(98.75,2.5,153.));
#7461=CARTESIAN_POINT('',(95.75,2.5,153.));
#7462=CARTESIAN_POINT('Origin',(95.25,2.5,153.));
#7463=CARTESIAN_POINT('',(98.75,2.5,150.));
#7464=CARTESIAN_POINT('Origin',(98.75,2.5,153.));
#7465=CARTESIAN_POINT('Origin',(98.75,2.5,149.5));
#7466=CARTESIAN_POINT('Origin',(85.625,2.5,149.5));
#7467=CARTESIAN_POINT('',(106.75,2.5,150.));
#7468=CARTESIAN_POINT('Origin',(106.75,2.5,149.5));
#7469=CARTESIAN_POINT('',(85.625,2.5,150.));
#7470=CARTESIAN_POINT('Origin',(106.75,2.5,153.));
#7471=CARTESIAN_POINT('',(109.75,2.5,153.));
#7472=CARTESIAN_POINT('Origin',(110.25,2.5,153.));
#7473=CARTESIAN_POINT('Origin',(106.75,2.5,153.));
#7474=CARTESIAN_POINT('Origin',(110.25,2.5,147.75));
#7475=CARTESIAN_POINT('',(109.75,2.5,175.));
#7476=CARTESIAN_POINT('Origin',(110.25,2.5,175.));
#7477=CARTESIAN_POINT('',(109.75,2.5,147.75));
#7478=CARTESIAN_POINT('Origin',(106.75,2.5,175.));
#7479=CARTESIAN_POINT('',(106.75,2.5,178.));
#7480=CARTESIAN_POINT('Origin',(106.75,2.5,178.5));
#7481=CARTESIAN_POINT('Origin',(106.75,2.5,175.));
#7482=CARTESIAN_POINT('Origin',(89.625,2.5,178.5));
#7483=CARTESIAN_POINT('',(98.7500000000001,2.5,178.));
#7484=CARTESIAN_POINT('Origin',(98.7500000000001,2.5,178.5));
#7485=CARTESIAN_POINT('',(89.625,2.5,178.));
#7486=CARTESIAN_POINT('Origin',(98.7500000000001,2.5,175.));
#7487=CARTESIAN_POINT('',(95.75,2.5,175.));
#7488=CARTESIAN_POINT('Origin',(95.25,2.5,175.));
#7489=CARTESIAN_POINT('Origin',(98.7500000000001,2.5,175.));
#7490=CARTESIAN_POINT('Origin',(95.25,2.5,158.75));
#7491=CARTESIAN_POINT('',(95.75,2.5,158.75));
#7492=CARTESIAN_POINT('Origin',(109.75,3.,153.));
#7493=CARTESIAN_POINT('',(109.75,0.5,153.));
#7494=CARTESIAN_POINT('',(109.75,3.,153.));
#7495=CARTESIAN_POINT('',(109.75,0.5,175.));
#7496=CARTESIAN_POINT('',(109.75,0.5,147.75));
#7497=CARTESIAN_POINT('',(109.75,3.,175.));
#7498=CARTESIAN_POINT('Origin',(106.75,3.,153.));
#7499=CARTESIAN_POINT('',(106.75,0.5,150.));
#7500=CARTESIAN_POINT('',(106.75,3.,150.));
#7501=CARTESIAN_POINT('Origin',(106.75,0.5,153.));
#7502=CARTESIAN_POINT('Origin',(98.75,3.,150.));
#7503=CARTESIAN_POINT('',(98.75,0.5,150.));
#7504=CARTESIAN_POINT('',(98.75,3.,150.));
#7505=CARTESIAN_POINT('',(85.625,0.5,150.));
#7506=CARTESIAN_POINT('Origin',(98.75,3.,153.));
#7507=CARTESIAN_POINT('',(95.75,0.5,153.));
#7508=CARTESIAN_POINT('',(95.75,3.,153.));
#7509=CARTESIAN_POINT('Origin',(98.75,0.5,153.));
#7510=CARTESIAN_POINT('Origin',(89.625,0.5,178.5));
#7511=CARTESIAN_POINT('',(98.7500000000001,0.5,178.));
#7512=CARTESIAN_POINT('Origin',(98.7500000000001,0.5,178.5));
#7513=CARTESIAN_POINT('',(106.75,0.5,178.));
#7514=CARTESIAN_POINT('',(89.625,0.5,178.));
#7515=CARTESIAN_POINT('Origin',(106.75,0.5,178.5));
#7516=CARTESIAN_POINT('Origin',(106.75,0.5,175.));
#7517=CARTESIAN_POINT('Origin',(110.25,0.5,175.));
#7518=CARTESIAN_POINT('Origin',(106.75,0.5,175.));
#7519=CARTESIAN_POINT('Origin',(110.25,0.5,147.75));
#7520=CARTESIAN_POINT('Origin',(110.25,0.5,153.));
#7521=CARTESIAN_POINT('Origin',(106.75,0.5,153.));
#7522=CARTESIAN_POINT('Origin',(106.75,0.5,149.5));
#7523=CARTESIAN_POINT('Origin',(85.625,0.5,149.5));
#7524=CARTESIAN_POINT('Origin',(98.75,0.5,149.5));
#7525=CARTESIAN_POINT('Origin',(98.75,0.5,153.));
#7526=CARTESIAN_POINT('Origin',(95.25,0.5,153.));
#7527=CARTESIAN_POINT('Origin',(95.25,0.5,158.75));
#7528=CARTESIAN_POINT('',(95.75,0.5,175.));
#7529=CARTESIAN_POINT('Origin',(95.25,0.5,175.));
#7530=CARTESIAN_POINT('',(95.75,0.5,158.75));
#7531=CARTESIAN_POINT('Origin',(98.7500000000001,0.5,175.));
#7532=CARTESIAN_POINT('Origin',(98.7500000000001,0.5,175.));
#7533=CARTESIAN_POINT('Origin',(106.75,3.,175.));
#7534=CARTESIAN_POINT('',(106.75,3.,178.));
#7535=CARTESIAN_POINT('Origin',(106.75,3.,178.));
#7536=CARTESIAN_POINT('',(98.7500000000001,3.,178.));
#7537=CARTESIAN_POINT('Origin',(46.2499999999999,0.5,153.));
#7538=CARTESIAN_POINT('',(49.25,0.5,153.));
#7539=CARTESIAN_POINT('Origin',(49.75,0.5,153.));
#7540=CARTESIAN_POINT('',(46.2499999999999,0.5,150.));
#7541=CARTESIAN_POINT('Origin',(46.2499999999999,0.5,153.));
#7542=CARTESIAN_POINT('Origin',(46.25,0.5,149.5));
#7543=CARTESIAN_POINT('Origin',(55.375,0.5,149.5));
#7544=CARTESIAN_POINT('',(38.25,0.5,150.));
#7545=CARTESIAN_POINT('Origin',(38.25,0.5,149.5));
#7546=CARTESIAN_POINT('',(55.375,0.5,150.));
#7547=CARTESIAN_POINT('Origin',(38.25,0.5,153.));
#7548=CARTESIAN_POINT('',(35.25,0.5,153.));
#7549=CARTESIAN_POINT('Origin',(34.75,0.5,153.));
#7550=CARTESIAN_POINT('Origin',(38.25,0.5,153.));
#7551=CARTESIAN_POINT('Origin',(34.75,0.5,158.75));
#7552=CARTESIAN_POINT('',(35.25,0.5,175.));
#7553=CARTESIAN_POINT('Origin',(34.75,0.5,175.));
#7554=CARTESIAN_POINT('',(35.25,0.5,158.75));
#7555=CARTESIAN_POINT('Origin',(38.25,0.5,175.));
#7556=CARTESIAN_POINT('',(38.25,0.5,178.));
#7557=CARTESIAN_POINT('Origin',(38.25,0.5,178.5));
#7558=CARTESIAN_POINT('Origin',(38.25,0.5,175.));
#7559=CARTESIAN_POINT('Origin',(59.375,0.5,178.5));
#7560=CARTESIAN_POINT('',(46.2499999999999,0.5,178.));
#7561=CARTESIAN_POINT('Origin',(46.2499999999999,0.5,178.5));
#7562=CARTESIAN_POINT('',(59.375,0.5,178.));
#7563=CARTESIAN_POINT('Origin',(46.2499999999999,0.5,175.));
#7564=CARTESIAN_POINT('',(49.25,0.5,175.));
#7565=CARTESIAN_POINT('Origin',(49.75,0.5,175.));
#7566=CARTESIAN_POINT('Origin',(46.2499999999999,0.5,175.));
#7567=CARTESIAN_POINT('Origin',(49.75,0.5,147.75));
#7568=CARTESIAN_POINT('',(49.25,0.5,147.75));
#7569=CARTESIAN_POINT('Origin',(35.25,3.,175.));
#7570=CARTESIAN_POINT('',(35.25,2.5,153.));
#7571=CARTESIAN_POINT('',(35.25,3.,153.));
#7572=CARTESIAN_POINT('',(35.25,2.5,175.));
#7573=CARTESIAN_POINT('',(35.25,2.5,158.75));
#7574=CARTESIAN_POINT('',(35.25,3.,175.));
#7575=CARTESIAN_POINT('Origin',(38.25,3.,153.));
#7576=CARTESIAN_POINT('',(38.25,2.5,150.));
#7577=CARTESIAN_POINT('',(38.25,3.,150.));
#7578=CARTESIAN_POINT('Origin',(38.25,2.5,153.));
#7579=CARTESIAN_POINT('Origin',(38.25,3.,150.));
#7580=CARTESIAN_POINT('',(46.2499999999999,2.5,150.));
#7581=CARTESIAN_POINT('',(46.2499999999999,3.,150.));
#7582=CARTESIAN_POINT('',(55.375,2.5,150.));
#7583=CARTESIAN_POINT('Origin',(46.2499999999999,3.,153.));
#7584=CARTESIAN_POINT('',(49.25,2.5,153.));
#7585=CARTESIAN_POINT('',(49.25,3.,153.));
#7586=CARTESIAN_POINT('Origin',(46.2499999999999,2.5,153.));
#7587=CARTESIAN_POINT('Origin',(34.75,2.5,158.75));
#7588=CARTESIAN_POINT('Origin',(34.75,2.5,175.));
#7589=CARTESIAN_POINT('Origin',(34.75,2.5,153.));
#7590=CARTESIAN_POINT('Origin',(38.25,2.5,153.));
#7591=CARTESIAN_POINT('Origin',(38.25,2.5,149.5));
#7592=CARTESIAN_POINT('Origin',(55.375,2.5,149.5));
#7593=CARTESIAN_POINT('Origin',(46.2499999999999,2.5,149.5));
#7594=CARTESIAN_POINT('Origin',(46.2499999999999,2.5,153.));
#7595=CARTESIAN_POINT('Origin',(49.75,2.5,153.));
#7596=CARTESIAN_POINT('Origin',(49.75,2.5,147.75));
#7597=CARTESIAN_POINT('',(49.25,2.5,175.));
#7598=CARTESIAN_POINT('Origin',(49.75,2.5,175.));
#7599=CARTESIAN_POINT('',(49.25,2.5,147.75));
#7600=CARTESIAN_POINT('Origin',(46.2499999999999,2.5,175.));
#7601=CARTESIAN_POINT('',(46.2499999999999,2.5,178.));
#7602=CARTESIAN_POINT('Origin',(46.2499999999999,2.5,178.5));
#7603=CARTESIAN_POINT('Origin',(46.2499999999999,2.5,175.));
#7604=CARTESIAN_POINT('Origin',(59.375,2.5,178.5));
#7605=CARTESIAN_POINT('',(38.25,2.5,178.));
#7606=CARTESIAN_POINT('Origin',(38.25,2.5,178.5));
#7607=CARTESIAN_POINT('',(59.375,2.5,178.));
#7608=CARTESIAN_POINT('Origin',(38.25,2.5,175.));
#7609=CARTESIAN_POINT('Origin',(38.25,2.5,175.));
#7610=CARTESIAN_POINT('Origin',(34.75,0.5,137.25));
#7611=CARTESIAN_POINT('',(35.25,0.5,110.));
#7612=CARTESIAN_POINT('Origin',(34.75,0.5,110.));
#7613=CARTESIAN_POINT('',(35.25,0.5,132.));
#7614=CARTESIAN_POINT('',(35.25,0.5,137.25));
#7615=CARTESIAN_POINT('Origin',(34.75,0.5,132.));
#7616=CARTESIAN_POINT('Origin',(38.25,0.5,132.));
#7617=CARTESIAN_POINT('',(38.25,0.5,135.));
#7618=CARTESIAN_POINT('Origin',(38.25,0.5,135.5));
#7619=CARTESIAN_POINT('Origin',(38.25,0.5,132.));
#7620=CARTESIAN_POINT('Origin',(59.375,0.5,135.5));
#7621=CARTESIAN_POINT('',(46.2499999999999,0.5,135.));
#7622=CARTESIAN_POINT('Origin',(46.2499999999999,0.5,135.5));
#7623=CARTESIAN_POINT('',(59.375,0.5,135.));
#7624=CARTESIAN_POINT('Origin',(46.2499999999999,0.5,132.));
#7625=CARTESIAN_POINT('',(49.25,0.5,132.));
#7626=CARTESIAN_POINT('Origin',(49.75,0.5,132.));
#7627=CARTESIAN_POINT('Origin',(46.2499999999999,0.5,132.));
#7628=CARTESIAN_POINT('Origin',(49.75,0.5,126.25));
#7629=CARTESIAN_POINT('',(49.25,0.5,110.));
#7630=CARTESIAN_POINT('Origin',(49.75,0.5,110.));
#7631=CARTESIAN_POINT('',(49.25,0.5,126.25));
#7632=CARTESIAN_POINT('Origin',(46.2499999999999,0.5,110.));
#7633=CARTESIAN_POINT('',(46.2499999999999,0.5,107.));
#7634=CARTESIAN_POINT('Origin',(46.2499999999999,0.5,106.5));
#7635=CARTESIAN_POINT('Origin',(46.2499999999999,0.5,110.));
#7636=CARTESIAN_POINT('Origin',(55.375,0.5,106.5));
#7637=CARTESIAN_POINT('',(38.25,0.5,107.));
#7638=CARTESIAN_POINT('Origin',(38.25,0.5,106.5));
#7639=CARTESIAN_POINT('',(55.375,0.5,107.));
#7640=CARTESIAN_POINT('Origin',(38.25,0.5,110.));
#7641=CARTESIAN_POINT('Origin',(38.25,0.5,110.));
#7642=CARTESIAN_POINT('Origin',(46.2499999999999,3.,132.));
#7643=CARTESIAN_POINT('',(46.2499999999999,2.5,135.));
#7644=CARTESIAN_POINT('',(46.2499999999999,3.,135.));
#7645=CARTESIAN_POINT('',(49.25,2.5,132.));
#7646=CARTESIAN_POINT('Origin',(46.2499999999999,2.5,132.));
#7647=CARTESIAN_POINT('',(49.25,3.,132.));
#7648=CARTESIAN_POINT('Origin',(46.2499999999999,3.,135.));
#7649=CARTESIAN_POINT('',(38.25,2.5,135.));
#7650=CARTESIAN_POINT('',(38.25,3.,135.));
#7651=CARTESIAN_POINT('',(59.375,2.5,135.));
#7652=CARTESIAN_POINT('Origin',(38.25,3.,132.));
#7653=CARTESIAN_POINT('',(35.25,2.5,132.));
#7654=CARTESIAN_POINT('',(35.25,3.,132.));
#7655=CARTESIAN_POINT('Origin',(38.25,2.5,132.));
#7656=CARTESIAN_POINT('Origin',(35.25,3.,132.));
#7657=CARTESIAN_POINT('',(35.25,2.5,110.));
#7658=CARTESIAN_POINT('',(35.25,3.,110.));
#7659=CARTESIAN_POINT('',(35.25,2.5,137.25));
#7660=CARTESIAN_POINT('Origin',(49.75,2.5,126.25));
#7661=CARTESIAN_POINT('',(49.25,2.5,110.));
#7662=CARTESIAN_POINT('Origin',(49.75,2.5,110.));
#7663=CARTESIAN_POINT('',(49.25,2.5,126.25));
#7664=CARTESIAN_POINT('Origin',(49.75,2.5,132.));
#7665=CARTESIAN_POINT('Origin',(46.2499999999999,2.5,132.));
#7666=CARTESIAN_POINT('Origin',(46.2499999999999,2.5,135.5));
#7667=CARTESIAN_POINT('Origin',(59.375,2.5,135.5));
#7668=CARTESIAN_POINT('Origin',(38.25,2.5,135.5));
#7669=CARTESIAN_POINT('Origin',(38.25,2.5,132.));
#7670=CARTESIAN_POINT('Origin',(34.75,2.5,132.));
#7671=CARTESIAN_POINT('Origin',(34.75,2.5,137.25));
#7672=CARTESIAN_POINT('Origin',(34.75,2.5,110.));
#7673=CARTESIAN_POINT('Origin',(38.25,2.5,110.));
#7674=CARTESIAN_POINT('',(38.25,2.5,107.));
#7675=CARTESIAN_POINT('Origin',(38.25,2.5,106.5));
#7676=CARTESIAN_POINT('Origin',(38.25,2.5,110.));
#7677=CARTESIAN_POINT('Origin',(55.375,2.5,106.5));
#7678=CARTESIAN_POINT('',(46.2499999999999,2.5,107.));
#7679=CARTESIAN_POINT('Origin',(46.2499999999999,2.5,106.5));
#7680=CARTESIAN_POINT('',(55.375,2.5,107.));
#7681=CARTESIAN_POINT('Origin',(46.2499999999999,2.5,110.));
#7682=CARTESIAN_POINT('Origin',(46.2499999999999,2.5,110.));
#7683=CARTESIAN_POINT('Origin',(49.25,3.,110.));
#7684=CARTESIAN_POINT('',(49.25,3.,110.));
#7685=CARTESIAN_POINT('Origin',(167.3,2.25,10.));
#7686=CARTESIAN_POINT('',(167.3,2.25,0.));
#7687=CARTESIAN_POINT('',(177.3,2.25,10.));
#7688=CARTESIAN_POINT('Origin',(177.3,3.,6.38378239159465E-15));
#7689=CARTESIAN_POINT('Origin',(95.75,3.,175.));
#7690=CARTESIAN_POINT('',(95.75,3.,175.));
#7691=CARTESIAN_POINT('Origin',(98.7500000000001,3.,175.));
#7692=CARTESIAN_POINT('Origin',(49.25,3.,153.));
#7693=CARTESIAN_POINT('',(49.25,3.,175.));
#7694=CARTESIAN_POINT('Origin',(38.25,3.,175.));
#7695=CARTESIAN_POINT('',(38.25,3.,178.));
#7696=CARTESIAN_POINT('Origin',(46.2499999999999,3.,178.));
#7697=CARTESIAN_POINT('',(46.2499999999999,3.,178.));
#7698=CARTESIAN_POINT('Origin',(46.2499999999999,3.,175.));
#7699=CARTESIAN_POINT('Origin',(98.7500000000001,3.,107.));
#7700=CARTESIAN_POINT('Origin',(46.2499999999999,3.,110.));
#7701=CARTESIAN_POINT('',(46.2499999999999,3.,107.));
#7702=CARTESIAN_POINT('Origin',(38.25,3.,107.));
#7703=CARTESIAN_POINT('',(38.25,3.,107.));
#7704=CARTESIAN_POINT('Origin',(38.25,3.,110.));
#7705=CARTESIAN_POINT('Origin',(72.5,1.5,0.));
#7706=UNCERTAINTY_MEASURE_WITH_UNIT(LENGTH_MEASURE(0.01),#7710,
'DISTANCE_ACCURACY_VALUE',
'Maximum model space distance between geometric entities at asserted c
onnectivities');
#7707=UNCERTAINTY_MEASURE_WITH_UNIT(LENGTH_MEASURE(0.01),#7710,
'DISTANCE_ACCURACY_VALUE',
'Maximum model space distance between geometric entities at asserted c
onnectivities');
#7708=(
GEOMETRIC_REPRESENTATION_CONTEXT(3)
GLOBAL_UNCERTAINTY_ASSIGNED_CONTEXT((#7706))
GLOBAL_UNIT_ASSIGNED_CONTEXT((#7710,#7712,#7713))
REPRESENTATION_CONTEXT('','3D')
);
#7709=(
GEOMETRIC_REPRESENTATION_CONTEXT(3)
GLOBAL_UNCERTAINTY_ASSIGNED_CONTEXT((#7707))
GLOBAL_UNIT_ASSIGNED_CONTEXT((#7710,#7712,#7713))
REPRESENTATION_CONTEXT('','3D')
);
#7710=(
LENGTH_UNIT()
NAMED_UNIT(*)
SI_UNIT(.MILLI.,.METRE.)
);
#7711=(
LENGTH_UNIT()
NAMED_UNIT(*)
SI_UNIT($,.METRE.)
);
#7712=(
NAMED_UNIT(*)
PLANE_ANGLE_UNIT()
SI_UNIT($,.RADIAN.)
);
#7713=(
NAMED_UNIT(*)
SI_UNIT($,.STERADIAN.)
SOLID_ANGLE_UNIT()
);
#7714=SHAPE_DEFINITION_REPRESENTATION(#7715,#7716);
#7715=PRODUCT_DEFINITION_SHAPE('',$,#7718);
#7716=SHAPE_REPRESENTATION('',(#4294),#7708);
#7717=PRODUCT_DEFINITION_CONTEXT('part definition',#7722,'design');
#7718=PRODUCT_DEFINITION('2026-05-30-13-28-22-122','\X2\7B2C4E8C5C425E9576D8\X0\',
#7719,#7717);
#7719=PRODUCT_DEFINITION_FORMATION('',$,#7724);
#7720=PRODUCT_RELATED_PRODUCT_CATEGORY('\X2\7B2C4E8C5C425E9576D8\X0\',
'\X2\7B2C4E8C5C425E9576D8\X0\',(#7724));
#7721=APPLICATION_PROTOCOL_DEFINITION('international standard',
'automotive_design',2009,#7722);
#7722=APPLICATION_CONTEXT(
'Core Data for Automotive Mechanical Design Process');
#7723=PRODUCT_CONTEXT('part definition',#7722,'mechanical');
#7724=PRODUCT('2026-05-30-13-28-22-122','\X2\7B2C4E8C5C425E9576D8\X0\',
$,(#7723));
#7725=PRESENTATION_STYLE_ASSIGNMENT((#7726));
#7726=SURFACE_STYLE_USAGE(.BOTH.,#7727);
#7727=SURFACE_SIDE_STYLE('',(#7728));
#7728=SURFACE_STYLE_FILL_AREA(#7729);
#7729=FILL_AREA_STYLE('\X2\94A2\X0\ - \X2\7F0E5149\X0\',(#7730));
#7730=FILL_AREA_STYLE_COLOUR('\X2\94A2\X0\ - \X2\7F0E5149\X0\',#7731);
#7731=COLOUR_RGB('\X2\94A2\X0\ - \X2\7F0E5149\X0\',0.627450980392157,0.627450980392157,
0.627450980392157);
ENDSEC;
END-ISO-10303-21;
