ISO-10303-21;
HEADER;
/* Generated by software containing ST-Developer
 * from STEP Tools, Inc. (www.steptools.com) 
 */

FILE_DESCRIPTION(
/* description */ (''),
/* implementation_level */ '2;1');

FILE_NAME(
/* name */ '',
/* time_stamp */ '2026-05-28T18:50:49+08:00',
/* author */ (''),
/* organization */ (''),
/* preprocessor_version */ 'ST-DEVELOPER v20.1',
/* originating_system */ 'Autodesk Translation Framework v15.8.0.0',
/* authorisation */ '');

FILE_SCHEMA (('AUTOMOTIVE_DESIGN { 1 0 10303 214 3 1 1 }'));
ENDSEC;

DATA;
#10=MECHANICAL_DESIGN_GEOMETRIC_PRESENTATION_REPRESENTATION('',(#13),#3488);
#11=SHAPE_REPRESENTATION_RELATIONSHIP('SRR','None',#3495,#12);
#12=ADVANCED_BREP_SHAPE_REPRESENTATION('',(#14),#3487);
#13=STYLED_ITEM('',(#3504),#14);
#14=MANIFOLD_SOLID_BREP('\X2\5B9E4F53\X0\1',#862);
#15=FACE_BOUND('',#135,.T.);
#16=FACE_BOUND('',#144,.T.);
#17=FACE_BOUND('',#147,.T.);
#18=FACE_BOUND('',#150,.T.);
#19=FACE_BOUND('',#152,.T.);
#20=PLANE('',#893);
#21=PLANE('',#894);
#22=PLANE('',#895);
#23=PLANE('',#896);
#24=PLANE('',#897);
#25=PLANE('',#898);
#26=PLANE('',#899);
#27=PLANE('',#900);
#28=PLANE('',#901);
#29=PLANE('',#902);
#30=PLANE('',#903);
#31=PLANE('',#904);
#32=PLANE('',#905);
#33=PLANE('',#906);
#34=PLANE('',#907);
#35=PLANE('',#908);
#36=PLANE('',#909);
#37=PLANE('',#910);
#38=PLANE('',#911);
#39=PLANE('',#912);
#40=PLANE('',#913);
#41=PLANE('',#915);
#42=PLANE('',#916);
#43=PLANE('',#923);
#44=PLANE('',#927);
#45=PLANE('',#931);
#46=PLANE('',#932);
#47=B_SPLINE_SURFACE_WITH_KNOTS('',3,3,((#1897,#1898,#1899,#1900,#1901,
#1902,#1903,#1904,#1905,#1906,#1907,#1908,#1909,#1910,#1911,#1912,#1913),
(#1914,#1915,#1916,#1917,#1918,#1919,#1920,#1921,#1922,#1923,#1924,#1925,
#1926,#1927,#1928,#1929,#1930),(#1931,#1932,#1933,#1934,#1935,#1936,#1937,
#1938,#1939,#1940,#1941,#1942,#1943,#1944,#1945,#1946,#1947),(#1948,#1949,
#1950,#1951,#1952,#1953,#1954,#1955,#1956,#1957,#1958,#1959,#1960,#1961,
#1962,#1963,#1964),(#1965,#1966,#1967,#1968,#1969,#1970,#1971,#1972,#1973,
#1974,#1975,#1976,#1977,#1978,#1979,#1980,#1981),(#1982,#1983,#1984,#1985,
#1986,#1987,#1988,#1989,#1990,#1991,#1992,#1993,#1994,#1995,#1996,#1997,
#1998),(#1999,#2000,#2001,#2002,#2003,#2004,#2005,#2006,#2007,#2008,#2009,
#2010,#2011,#2012,#2013,#2014,#2015)),.UNSPECIFIED.,.F.,.T.,.F.,(4,1,1,
1,4),(4,1,1,1,1,1,1,1,1,1,1,1,1,1,4),(0.,0.285714285714286,0.571428571428571,
0.857142857142857,1.),(0.,0.448798950512828,0.897597901025655,1.34639685153848,
1.79519580205131,2.0943951023932,2.69279370307697,2.99199300341885,3.59039160410262,
4.18879020478639,4.48798950512828,4.78718880547016,5.38558740615393,5.83438635666676,
6.28318530717959),.UNSPECIFIED.);
#48=B_SPLINE_SURFACE_WITH_KNOTS('',3,3,((#2437,#2438,#2439,#2440,#2441,
#2442,#2443,#2444,#2445,#2446,#2447,#2448,#2449,#2450,#2451,#2452,#2453,
#2454,#2455,#2456,#2457,#2458,#2459,#2460,#2461,#2462,#2463,#2464,#2465,
#2466,#2467,#2468,#2469,#2470,#2471,#2472,#2473,#2474,#2475,#2476,#2477,
#2478,#2479,#2480,#2481,#2482,#2483,#2484,#2485,#2486,#2487,#2488,#2489,
#2490,#2491,#2492,#2493,#2494,#2495,#2496,#2497,#2498,#2499,#2500,#2501,
#2502,#2503,#2504,#2505,#2506,#2507,#2508,#2509,#2510,#2511,#2512,#2513,
#2514,#2515,#2516,#2517,#2518,#2519,#2520,#2521,#2522,#2523,#2524,#2525),
(#2526,#2527,#2528,#2529,#2530,#2531,#2532,#2533,#2534,#2535,#2536,#2537,
#2538,#2539,#2540,#2541,#2542,#2543,#2544,#2545,#2546,#2547,#2548,#2549,
#2550,#2551,#2552,#2553,#2554,#2555,#2556,#2557,#2558,#2559,#2560,#2561,
#2562,#2563,#2564,#2565,#2566,#2567,#2568,#2569,#2570,#2571,#2572,#2573,
#2574,#2575,#2576,#2577,#2578,#2579,#2580,#2581,#2582,#2583,#2584,#2585,
#2586,#2587,#2588,#2589,#2590,#2591,#2592,#2593,#2594,#2595,#2596,#2597,
#2598,#2599,#2600,#2601,#2602,#2603,#2604,#2605,#2606,#2607,#2608,#2609,
#2610,#2611,#2612,#2613,#2614),(#2615,#2616,#2617,#2618,#2619,#2620,#2621,
#2622,#2623,#2624,#2625,#2626,#2627,#2628,#2629,#2630,#2631,#2632,#2633,
#2634,#2635,#2636,#2637,#2638,#2639,#2640,#2641,#2642,#2643,#2644,#2645,
#2646,#2647,#2648,#2649,#2650,#2651,#2652,#2653,#2654,#2655,#2656,#2657,
#2658,#2659,#2660,#2661,#2662,#2663,#2664,#2665,#2666,#2667,#2668,#2669,
#2670,#2671,#2672,#2673,#2674,#2675,#2676,#2677,#2678,#2679,#2680,#2681,
#2682,#2683,#2684,#2685,#2686,#2687,#2688,#2689,#2690,#2691,#2692,#2693,
#2694,#2695,#2696,#2697,#2698,#2699,#2700,#2701,#2702,#2703),(#2704,#2705,
#2706,#2707,#2708,#2709,#2710,#2711,#2712,#2713,#2714,#2715,#2716,#2717,
#2718,#2719,#2720,#2721,#2722,#2723,#2724,#2725,#2726,#2727,#2728,#2729,
#2730,#2731,#2732,#2733,#2734,#2735,#2736,#2737,#2738,#2739,#2740,#2741,
#2742,#2743,#2744,#2745,#2746,#2747,#2748,#2749,#2750,#2751,#2752,#2753,
#2754,#2755,#2756,#2757,#2758,#2759,#2760,#2761,#2762,#2763,#2764,#2765,
#2766,#2767,#2768,#2769,#2770,#2771,#2772,#2773,#2774,#2775,#2776,#2777,
#2778,#2779,#2780,#2781,#2782,#2783,#2784,#2785,#2786,#2787,#2788,#2789,
#2790,#2791,#2792)),.UNSPECIFIED.,.F.,.F.,.F.,(4,4),(4,1,1,1,1,1,1,1,1,
1,1,1,1,1,1,1,1,1,1,1,1,1,1,1,1,1,1,1,1,1,1,1,1,1,1,1,1,1,1,1,1,1,1,1,1,
1,1,1,1,1,1,1,1,1,1,1,1,1,1,1,1,1,1,1,1,1,1,1,1,1,1,1,1,1,1,1,1,1,1,1,1,
1,1,1,1,1,4),(0.,0.0659911357683744),(8.30294305399047,8.80194162573451,
9.30094019747854,9.79993876922258,10.2989373409666,10.7979359127107,11.2969344844547,
11.7959330561987,12.2949316279428,12.7939301996868,13.2929287714308,13.7919273431749,
14.2909259149189,14.789924486663,15.288923058407,15.787921630151,16.2869202018951,
16.7859187736391,17.2849173453831,17.7839159171272,18.2829144888712,18.7819130606152,
19.2809116323593,19.7799102041033,20.2789087758474,20.7779073475914,21.2769059193354,
21.7759044910795,22.2749030628235,22.7739016345675,23.2729002063116,23.7718987780556,
24.2708973497997,24.7698959215437,25.2688944932877,25.7678930650318,26.2668916367758,
26.7658902085198,27.2648887802639,27.7638873520079,28.262885923752,28.761884495496,
29.26088306724,29.7598816389841,30.2588802107281,30.7578787824721,31.2568773542162,
31.7558759259602,32.2548744977043,32.7538730694483,33.2528716411923,33.7518702129364,
34.2508687846804,34.7498673564244,35.2488659281685,35.7478644999125,36.2468630716565,
36.7458616434006,37.2448602151446,37.7438587868887,38.2428573586327,38.7418559303767,
39.2408545021208,39.7398530738648,40.2388516456088,40.7378502173529,41.2368487890969,
41.7358473608409,42.234845932585,42.733844504329,43.2328430760731,43.7318416478171,
44.2308402195611,44.7298387913052,45.2288373630492,45.7278359347932,46.2268345065373,
46.7258330782813,47.2248316500254,47.7238302217694,48.2228287935134,48.7218273652575,
49.2208259370015,49.7198245087455,50.2188230804896,50.7178216522336,51.2168202239777),
 .UNSPECIFIED.);
#49=B_SPLINE_SURFACE_WITH_KNOTS('',3,3,((#2966,#2967,#2968,#2969,#2970,
#2971,#2972,#2973,#2974,#2975,#2976,#2977,#2978,#2979,#2980,#2981,#2982,
#2983,#2984,#2985,#2986,#2987,#2988,#2989,#2990,#2991,#2992,#2993,#2994,
#2995,#2996,#2997,#2998,#2999,#3000,#3001,#3002,#3003,#3004,#3005,#3006,
#3007,#3008,#3009,#3010,#3011,#3012,#3013,#3014,#3015,#3016,#3017,#3018,
#3019,#3020,#3021,#3022,#3023,#3024,#3025,#3026,#3027,#3028,#3029,#3030,
#3031,#3032,#3033,#3034,#3035,#3036,#3037,#3038,#3039,#3040,#3041,#3042,
#3043,#3044,#3045,#3046,#3047,#3048,#3049,#3050,#3051,#3052,#3053,#3054),
(#3055,#3056,#3057,#3058,#3059,#3060,#3061,#3062,#3063,#3064,#3065,#3066,
#3067,#3068,#3069,#3070,#3071,#3072,#3073,#3074,#3075,#3076,#3077,#3078,
#3079,#3080,#3081,#3082,#3083,#3084,#3085,#3086,#3087,#3088,#3089,#3090,
#3091,#3092,#3093,#3094,#3095,#3096,#3097,#3098,#3099,#3100,#3101,#3102,
#3103,#3104,#3105,#3106,#3107,#3108,#3109,#3110,#3111,#3112,#3113,#3114,
#3115,#3116,#3117,#3118,#3119,#3120,#3121,#3122,#3123,#3124,#3125,#3126,
#3127,#3128,#3129,#3130,#3131,#3132,#3133,#3134,#3135,#3136,#3137,#3138,
#3139,#3140,#3141,#3142,#3143),(#3144,#3145,#3146,#3147,#3148,#3149,#3150,
#3151,#3152,#3153,#3154,#3155,#3156,#3157,#3158,#3159,#3160,#3161,#3162,
#3163,#3164,#3165,#3166,#3167,#3168,#3169,#3170,#3171,#3172,#3173,#3174,
#3175,#3176,#3177,#3178,#3179,#3180,#3181,#3182,#3183,#3184,#3185,#3186,
#3187,#3188,#3189,#3190,#3191,#3192,#3193,#3194,#3195,#3196,#3197,#3198,
#3199,#3200,#3201,#3202,#3203,#3204,#3205,#3206,#3207,#3208,#3209,#3210,
#3211,#3212,#3213,#3214,#3215,#3216,#3217,#3218,#3219,#3220,#3221,#3222,
#3223,#3224,#3225,#3226,#3227,#3228,#3229,#3230,#3231,#3232),(#3233,#3234,
#3235,#3236,#3237,#3238,#3239,#3240,#3241,#3242,#3243,#3244,#3245,#3246,
#3247,#3248,#3249,#3250,#3251,#3252,#3253,#3254,#3255,#3256,#3257,#3258,
#3259,#3260,#3261,#3262,#3263,#3264,#3265,#3266,#3267,#3268,#3269,#3270,
#3271,#3272,#3273,#3274,#3275,#3276,#3277,#3278,#3279,#3280,#3281,#3282,
#3283,#3284,#3285,#3286,#3287,#3288,#3289,#3290,#3291,#3292,#3293,#3294,
#3295,#3296,#3297,#3298,#3299,#3300,#3301,#3302,#3303,#3304,#3305,#3306,
#3307,#3308,#3309,#3310,#3311,#3312,#3313,#3314,#3315,#3316,#3317,#3318,
#3319,#3320,#3321)),.UNSPECIFIED.,.F.,.F.,.F.,(4,4),(4,1,1,1,1,1,1,1,1,
1,1,1,1,1,1,1,1,1,1,1,1,1,1,1,1,1,1,1,1,1,1,1,1,1,1,1,1,1,1,1,1,1,1,1,1,
1,1,1,1,1,1,1,1,1,1,1,1,1,1,1,1,1,1,1,1,1,1,1,1,1,1,1,1,1,1,1,1,1,1,1,1,
1,1,1,1,1,4),(0.,0.0659911357683744),(11.6150328478183,12.1140314195623,
12.6130299913063,13.1120285630504,13.6110271347944,14.1100257065384,14.6090242782825,
15.1080228500265,15.6070214217706,16.1060199935146,16.6050185652586,17.1040171370027,
17.6030157087467,18.1020142804907,18.6010128522348,19.1000114239788,19.5990099957229,
20.0980085674669,20.5970071392109,21.096005710955,21.595004282699,22.094002854443,
22.5930014261871,23.0919999979311,23.5909985696752,24.0899971414192,24.5889957131632,
25.0879942849073,25.5869928566513,26.0859914283953,26.5849900001394,27.0839885718834,
27.5829871436275,28.0819857153715,28.5809842871155,29.0799828588596,29.5789814306036,
30.0779800023476,30.5769785740917,31.0759771458357,31.5749757175798,32.0739742893238,
32.5729728610678,33.0719714328119,33.5709700045559,34.0699685762999,34.568967148044,
35.067965719788,35.566964291532,36.0659628632761,36.5649614350201,37.0639600067642,
37.5629585785082,38.0619571502522,38.5609557219963,39.0599542937403,39.5589528654843,
40.0579514372284,40.5569500089724,41.0559485807165,41.5549471524605,42.0539457242045,
42.5529442959486,43.0519428676926,43.5509414394366,44.0499400111807,44.5489385829247,
45.0479371546688,45.5469357264128,46.0459342981568,46.5449328699009,47.0439314416449,
47.5429300133889,48.041928585133,48.540927156877,49.0399257286211,49.5389243003651,
50.0379228721091,50.5369214438532,51.0359200155972,51.5349185873412,52.0339171590853,
52.5329157308293,53.0319143025734,53.5309128743174,54.0299114460614,54.5289100178055),
 .UNSPECIFIED.);
#50=FACE_OUTER_BOUND('',#99,.T.);
#51=FACE_OUTER_BOUND('',#100,.T.);
#52=FACE_OUTER_BOUND('',#101,.T.);
#53=FACE_OUTER_BOUND('',#102,.T.);
#54=FACE_OUTER_BOUND('',#103,.T.);
#55=FACE_OUTER_BOUND('',#104,.T.);
#56=FACE_OUTER_BOUND('',#105,.T.);
#57=FACE_OUTER_BOUND('',#106,.T.);
#58=FACE_OUTER_BOUND('',#107,.T.);
#59=FACE_OUTER_BOUND('',#108,.T.);
#60=FACE_OUTER_BOUND('',#109,.T.);
#61=FACE_OUTER_BOUND('',#110,.T.);
#62=FACE_OUTER_BOUND('',#111,.T.);
#63=FACE_OUTER_BOUND('',#112,.T.);
#64=FACE_OUTER_BOUND('',#113,.T.);
#65=FACE_OUTER_BOUND('',#114,.T.);
#66=FACE_OUTER_BOUND('',#115,.T.);
#67=FACE_OUTER_BOUND('',#116,.T.);
#68=FACE_OUTER_BOUND('',#117,.T.);
#69=FACE_OUTER_BOUND('',#118,.T.);
#70=FACE_OUTER_BOUND('',#119,.T.);
#71=FACE_OUTER_BOUND('',#120,.T.);
#72=FACE_OUTER_BOUND('',#121,.T.);
#73=FACE_OUTER_BOUND('',#122,.T.);
#74=FACE_OUTER_BOUND('',#123,.T.);
#75=FACE_OUTER_BOUND('',#124,.T.);
#76=FACE_OUTER_BOUND('',#125,.T.);
#77=FACE_OUTER_BOUND('',#126,.T.);
#78=FACE_OUTER_BOUND('',#127,.T.);
#79=FACE_OUTER_BOUND('',#128,.T.);
#80=FACE_OUTER_BOUND('',#129,.T.);
#81=FACE_OUTER_BOUND('',#130,.T.);
#82=FACE_OUTER_BOUND('',#131,.T.);
#83=FACE_OUTER_BOUND('',#132,.T.);
#84=FACE_OUTER_BOUND('',#133,.T.);
#85=FACE_OUTER_BOUND('',#134,.T.);
#86=FACE_OUTER_BOUND('',#136,.T.);
#87=FACE_OUTER_BOUND('',#137,.T.);
#88=FACE_OUTER_BOUND('',#138,.T.);
#89=FACE_OUTER_BOUND('',#139,.T.);
#90=FACE_OUTER_BOUND('',#140,.T.);
#91=FACE_OUTER_BOUND('',#141,.T.);
#92=FACE_OUTER_BOUND('',#142,.T.);
#93=FACE_OUTER_BOUND('',#143,.T.);
#94=FACE_OUTER_BOUND('',#145,.T.);
#95=FACE_OUTER_BOUND('',#146,.T.);
#96=FACE_OUTER_BOUND('',#148,.T.);
#97=FACE_OUTER_BOUND('',#149,.T.);
#98=FACE_OUTER_BOUND('',#151,.T.);
#99=EDGE_LOOP('',(#550,#551,#552,#553));
#100=EDGE_LOOP('',(#554,#555,#556,#557));
#101=EDGE_LOOP('',(#558,#559,#560,#561));
#102=EDGE_LOOP('',(#562,#563,#564,#565));
#103=EDGE_LOOP('',(#566,#567,#568,#569));
#104=EDGE_LOOP('',(#570,#571,#572,#573));
#105=EDGE_LOOP('',(#574,#575,#576,#577));
#106=EDGE_LOOP('',(#578,#579,#580,#581));
#107=EDGE_LOOP('',(#582,#583,#584,#585));
#108=EDGE_LOOP('',(#586,#587,#588,#589));
#109=EDGE_LOOP('',(#590,#591,#592,#593));
#110=EDGE_LOOP('',(#594,#595,#596,#597));
#111=EDGE_LOOP('',(#598,#599,#600,#601));
#112=EDGE_LOOP('',(#602,#603,#604,#605,#606));
#113=EDGE_LOOP('',(#607,#608,#609,#610,#611));
#114=EDGE_LOOP('',(#612));
#115=EDGE_LOOP('',(#613,#614,#615,#616));
#116=EDGE_LOOP('',(#617,#618,#619,#620));
#117=EDGE_LOOP('',(#621,#622,#623,#624));
#118=EDGE_LOOP('',(#625,#626,#627,#628));
#119=EDGE_LOOP('',(#629,#630,#631,#632));
#120=EDGE_LOOP('',(#633,#634,#635,#636,#637,#638,#639,#640,#641,#642));
#121=EDGE_LOOP('',(#643,#644,#645,#646,#647,#648,#649,#650));
#122=EDGE_LOOP('',(#651,#652,#653,#654));
#123=EDGE_LOOP('',(#655,#656,#657,#658));
#124=EDGE_LOOP('',(#659,#660,#661,#662));
#125=EDGE_LOOP('',(#663,#664,#665,#666));
#126=EDGE_LOOP('',(#667,#668,#669,#670));
#127=EDGE_LOOP('',(#671,#672,#673,#674));
#128=EDGE_LOOP('',(#675,#676,#677,#678));
#129=EDGE_LOOP('',(#679,#680,#681,#682));
#130=EDGE_LOOP('',(#683,#684,#685,#686,#687,#688,#689,#690));
#131=EDGE_LOOP('',(#691,#692,#693,#694));
#132=EDGE_LOOP('',(#695,#696,#697,#698));
#133=EDGE_LOOP('',(#699,#700,#701,#702,#703,#704,#705,#706,#707,#708));
#134=EDGE_LOOP('',(#709,#710,#711,#712));
#135=EDGE_LOOP('',(#713,#714,#715,#716));
#136=EDGE_LOOP('',(#717,#718,#719,#720,#721,#722));
#137=EDGE_LOOP('',(#723,#724,#725,#726,#727,#728));
#138=EDGE_LOOP('',(#729,#730,#731,#732,#733,#734,#735,#736,#737,#738,#739,
#740,#741,#742,#743,#744,#745));
#139=EDGE_LOOP('',(#746,#747,#748,#749));
#140=EDGE_LOOP('',(#750,#751,#752,#753,#754,#755,#756,#757,#758,#759,#760,
#761,#762,#763,#764,#765,#766));
#141=EDGE_LOOP('',(#767,#768,#769,#770));
#142=EDGE_LOOP('',(#771,#772,#773,#774));
#143=EDGE_LOOP('',(#775));
#144=EDGE_LOOP('',(#776,#777,#778,#779));
#145=EDGE_LOOP('',(#780,#781,#782,#783));
#146=EDGE_LOOP('',(#784));
#147=EDGE_LOOP('',(#785));
#148=EDGE_LOOP('',(#786,#787,#788,#789));
#149=EDGE_LOOP('',(#790));
#150=EDGE_LOOP('',(#791));
#151=EDGE_LOOP('',(#792));
#152=EDGE_LOOP('',(#793));
#153=CIRCLE('',#877,10.942);
#154=CIRCLE('',#885,10.3705);
#155=CIRCLE('',#892,20.);
#156=CIRCLE('',#914,10.942);
#157=CIRCLE('',#918,10.3705);
#158=CIRCLE('',#921,13.5);
#159=CIRCLE('',#922,13.5);
#160=CIRCLE('',#925,16.5);
#161=CIRCLE('',#926,16.5);
#162=CIRCLE('',#929,18.5);
#163=CIRCLE('',#930,18.5);
#164=B_SPLINE_CURVE_WITH_KNOTS('',3,(#1128,#1129,#1130,#1131,#1132,#1133,
#1134,#1135,#1136,#1137,#1138,#1139,#1140,#1141,#1142,#1143),
 .UNSPECIFIED.,.F.,.F.,(4,3,3,3,3,4),(-4.09293042013069,-3.9919885739523,
-3.49299000220826,-2.99399143046422,-2.49499285872019,-2.07317267331974),
 .UNSPECIFIED.);
#165=B_SPLINE_CURVE_WITH_KNOTS('',3,(#1146,#1147,#1148,#1149,#1150,#1151,
#1152,#1153,#1154,#1155),.UNSPECIFIED.,.F.,.F.,(4,3,3,4),(0.,0.498998571744038,
0.997997143488075,1.1218349067789),.UNSPECIFIED.);
#166=B_SPLINE_CURVE_WITH_KNOTS('',3,(#1160,#1161,#1162,#1163,#1164,#1165,
#1166,#1167,#1168,#1169,#1170,#1171,#1172,#1173,#1174,#1175,#1176,#1177,
#1178,#1179,#1180,#1181,#1182,#1183,#1184,#1185,#1186,#1187,#1188,#1189,
#1190,#1191,#1192,#1193,#1194,#1195,#1196,#1197,#1198,#1199),
 .UNSPECIFIED.,.F.,.F.,(4,3,3,3,3,3,3,3,3,3,3,3,3,4),(-10.3761157273103,
-9.97997143488075,-9.48097286313671,-8.98197429139267,-8.48297571964863,
-7.9839771479046,-7.48497857616056,-6.98598000441652,-6.48698143267249,
-5.98798286092845,-5.48898428918441,-4.98998571744037,-4.49098714569634,
-4.09293042013069),.UNSPECIFIED.);
#167=B_SPLINE_CURVE_WITH_KNOTS('',3,(#1200,#1201,#1202,#1203,#1204,#1205,
#1206,#1207,#1208,#1209,#1210,#1211,#1212,#1213,#1214,#1215,#1216,#1217,
#1218,#1219,#1220,#1221,#1222,#1223,#1224,#1225,#1226,#1227,#1228,#1229,
#1230,#1231,#1232,#1233,#1234,#1235,#1236,#1237,#1238,#1239),
 .UNSPECIFIED.,.F.,.F.,(4,3,3,3,3,3,3,3,3,3,3,3,3,4),(1.1218349067789,1.49699571523211,
1.99599428697615,2.49499285872019,2.99399143046422,3.49299000220826,3.9919885739523,
4.49098714569633,4.98998571744037,5.48898428918441,5.98798286092844,6.48698143267248,
6.98598000441652,7.40502021395849),.UNSPECIFIED.);
#168=B_SPLINE_CURVE_WITH_KNOTS('',3,(#1244,#1245,#1246,#1247,#1248,#1249,
#1250,#1251,#1252,#1253,#1254,#1255,#1256,#1257,#1258,#1259,#1260,#1261,
#1262,#1263,#1264,#1265,#1266,#1267,#1268,#1269,#1270,#1271,#1272,#1273,
#1274,#1275,#1276,#1277,#1278,#1279,#1280,#1281,#1282,#1283,#1284,#1285,
#1286),.UNSPECIFIED.,.F.,.F.,(4,3,3,3,3,3,3,3,3,3,3,3,3,3,4),(-16.6593010344899,
-16.4669528675532,-15.9679542958092,-15.4689557240652,-14.9699571523211,
-14.4709585805771,-13.971960008833,-13.472961437089,-12.973962865345,-12.4749642936009,
-11.9759657218569,-11.4769671501129,-10.9779685783688,-10.4789700066248,
-10.3761157273103),.UNSPECIFIED.);
#169=B_SPLINE_CURVE_WITH_KNOTS('',3,(#1287,#1288,#1289,#1290,#1291,#1292,
#1293,#1294,#1295,#1296,#1297,#1298,#1299,#1300,#1301,#1302,#1303,#1304,
#1305,#1306,#1307,#1308,#1309,#1310,#1311,#1312,#1313,#1314,#1315,#1316,
#1317,#1318,#1319,#1320,#1321,#1322,#1323,#1324,#1325,#1326,#1327,#1328,
#1329),.UNSPECIFIED.,.F.,.F.,(4,3,3,3,3,3,3,3,3,3,3,3,3,3,4),(7.40502021395849,
7.48497857616055,7.98397714790459,8.48297571964863,8.98197429139267,9.48097286313671,
9.97997143488075,10.4789700066248,10.9779685783688,11.4769671501129,11.9759657218569,
12.4749642936009,12.973962865345,13.472961437089,13.6882055211381),
 .UNSPECIFIED.);
#170=B_SPLINE_CURVE_WITH_KNOTS('',3,(#1334,#1335,#1336,#1337,#1338,#1339,
#1340,#1341,#1342,#1343,#1344,#1345,#1346,#1347,#1348,#1349,#1350,#1351,
#1352,#1353,#1354,#1355,#1356,#1357,#1358,#1359,#1360,#1361,#1362,#1363,
#1364,#1365,#1366,#1367,#1368,#1369,#1370,#1371,#1372,#1373),
 .UNSPECIFIED.,.F.,.F.,(4,3,3,3,3,3,3,3,3,3,3,3,3,4),(-22.9424863416694,
-22.4549357284817,-21.9559371567376,-21.4569385849936,-20.9579400132496,
-20.4589414415055,-19.9599428697615,-19.4609442980175,-18.9619457262734,
-18.4629471545294,-17.9639485827853,-17.4649500110413,-16.9659514392973,
-16.6593010344899),.UNSPECIFIED.);
#171=B_SPLINE_CURVE_WITH_KNOTS('',3,(#1374,#1375,#1376,#1377,#1378,#1379,
#1380,#1381,#1382,#1383,#1384,#1385,#1386,#1387,#1388,#1389,#1390,#1391,
#1392,#1393,#1394,#1395,#1396,#1397,#1398,#1399,#1400,#1401,#1402,#1403,
#1404,#1405,#1406,#1407,#1408,#1409,#1410,#1411,#1412,#1413,#1414,#1415,
#1416),.UNSPECIFIED.,.F.,.F.,(4,3,3,3,3,3,3,3,3,3,3,3,3,3,4),(13.6882055211381,
13.971960008833,14.4709585805771,14.9699571523211,15.4689557240652,15.9679542958092,
16.4669528675532,16.9659514392973,17.4649500110413,17.9639485827853,18.4629471545294,
18.9619457262734,19.4609442980174,19.9599428697615,19.9713908283176),
 .UNSPECIFIED.);
#172=B_SPLINE_CURVE_WITH_KNOTS('',3,(#1421,#1422,#1423,#1424,#1425,#1426,
#1427,#1428,#1429,#1430,#1431,#1432,#1433,#1434,#1435,#1436,#1437,#1438,
#1439,#1440,#1441,#1442,#1443,#1444,#1445,#1446,#1447,#1448,#1449,#1450,
#1451,#1452,#1453,#1454,#1455,#1456,#1457,#1458,#1459,#1460,#1461,#1462,
#1463),.UNSPECIFIED.,.F.,.F.,(4,3,3,3,3,3,3,3,3,3,3,3,3,3,4),(-29.2256716488491,
-28.9419171611542,-28.4429185894101,-27.9439200176661,-27.444921445922,
-26.945922874178,-26.446924302434,-25.9479257306899,-25.4489271589459,-24.9499285872019,
-24.4509300154578,-23.9519314437138,-23.4529328719697,-22.9539343002257,
-22.9424863416694),.UNSPECIFIED.);
#173=B_SPLINE_CURVE_WITH_KNOTS('',3,(#1464,#1465,#1466,#1467,#1468,#1469,
#1470,#1471,#1472,#1473,#1474,#1475,#1476,#1477,#1478,#1479,#1480,#1481,
#1482,#1483,#1484,#1485,#1486,#1487,#1488,#1489,#1490,#1491,#1492,#1493,
#1494,#1495,#1496,#1497,#1498,#1499,#1500,#1501,#1502,#1503),
 .UNSPECIFIED.,.F.,.F.,(4,3,3,3,3,3,3,3,3,3,3,3,3,4),(19.9713908283176,
20.4589414415055,20.9579400132496,21.4569385849936,21.9559371567376,22.4549357284817,
22.9539343002257,23.4529328719697,23.9519314437138,24.4509300154578,24.9499285872019,
25.4489271589459,25.9479257306899,26.2545761354972),.UNSPECIFIED.);
#174=B_SPLINE_CURVE_WITH_KNOTS('',3,(#1508,#1509,#1510,#1511,#1512,#1513,
#1514,#1515,#1516,#1517,#1518,#1519,#1520,#1521,#1522,#1523,#1524,#1525,
#1526,#1527,#1528,#1529,#1530,#1531,#1532,#1533,#1534,#1535,#1536,#1537,
#1538,#1539,#1540,#1541,#1542,#1543,#1544,#1545,#1546,#1547,#1548,#1549,
#1550),.UNSPECIFIED.,.F.,.F.,(4,3,3,3,3,3,3,3,3,3,3,3,3,3,4),(-35.5088569560286,
-35.4288985938266,-34.9299000220826,-34.4309014503386,-33.9319028785945,
-33.4329043068505,-32.9339057351065,-32.4349071633624,-31.9359085916184,
-31.4369100198743,-30.9379114481303,-30.4389128763863,-29.9399143046422,
-29.4409157328982,-29.2256716488491),.UNSPECIFIED.);
#175=B_SPLINE_CURVE_WITH_KNOTS('',3,(#1551,#1552,#1553,#1554,#1555,#1556,
#1557,#1558,#1559,#1560,#1561,#1562,#1563,#1564,#1565,#1566,#1567,#1568,
#1569,#1570,#1571,#1572,#1573,#1574,#1575,#1576,#1577,#1578,#1579,#1580,
#1581,#1582,#1583,#1584,#1585,#1586,#1587,#1588,#1589,#1590,#1591,#1592,
#1593),.UNSPECIFIED.,.F.,.F.,(4,3,3,3,3,3,3,3,3,3,3,3,3,3,4),(26.2545761354972,
26.446924302434,26.945922874178,27.444921445922,27.9439200176661,28.4429185894101,
28.9419171611542,29.4409157328982,29.9399143046422,30.4389128763863,30.9379114481303,
31.4369100198743,31.9359085916184,32.4349071633624,32.5377614426768),
 .UNSPECIFIED.);
#176=B_SPLINE_CURVE_WITH_KNOTS('',3,(#1598,#1599,#1600,#1601,#1602,#1603,
#1604,#1605,#1606,#1607,#1608,#1609,#1610,#1611,#1612,#1613,#1614,#1615,
#1616,#1617,#1618,#1619,#1620,#1621,#1622,#1623,#1624,#1625,#1626,#1627,
#1628,#1629,#1630,#1631,#1632,#1633,#1634,#1635,#1636,#1637),
 .UNSPECIFIED.,.F.,.F.,(4,3,3,3,3,3,3,3,3,3,3,3,3,4),(-41.7920422632082,
-41.4168814547551,-40.9178828830111,-40.418884311267,-39.919885739523,-39.4208871677789,
-38.9218885960349,-38.4228900242909,-37.9238914525468,-37.4248928808028,
-36.9258943090588,-36.4268957373147,-35.9278971655707,-35.5088569560286),
 .UNSPECIFIED.);
#177=B_SPLINE_CURVE_WITH_KNOTS('',3,(#1638,#1639,#1640,#1641,#1642,#1643,
#1644,#1645,#1646,#1647,#1648,#1649,#1650,#1651,#1652,#1653,#1654,#1655,
#1656,#1657,#1658,#1659,#1660,#1661,#1662,#1663,#1664,#1665,#1666,#1667,
#1668,#1669,#1670,#1671,#1672,#1673,#1674,#1675,#1676,#1677),
 .UNSPECIFIED.,.F.,.F.,(4,3,3,3,3,3,3,3,3,3,3,3,3,4),(32.5377614426768,
32.9339057351064,33.4329043068505,33.9319028785945,34.4309014503386,34.9299000220826,
35.4288985938266,35.9278971655707,36.4268957373147,36.9258943090587,37.4248928808028,
37.9238914525468,38.4228900242909,38.8209467498564),.UNSPECIFIED.);
#178=B_SPLINE_CURVE_WITH_KNOTS('',3,(#1683,#1684,#1685,#1686,#1687,#1688,
#1689,#1690,#1691,#1692,#1693,#1694,#1695,#1696),.UNSPECIFIED.,.F.,.F.,
(4,1,1,1,1,1,1,1,1,1,1,4),(47.1238898038469,47.5429300133889,48.041928585133,
48.540927156877,49.0399257286211,49.5389243003651,50.0379228721091,50.5369214438532,
51.0359200155972,51.5349185873412,52.0339171590853,52.4557373444857),
 .UNSPECIFIED.);
#179=B_SPLINE_CURVE_WITH_KNOTS('',3,(#1699,#1700,#1701,#1702,#1703,#1704,
#1705,#1706,#1707,#1708,#1709,#1710),.UNSPECIFIED.,.F.,.F.,(4,1,1,1,1,1,
1,1,1,4),(47.1238898038469,47.2248316500254,47.7238302217694,48.2228287935134,
48.7218273652575,49.2208259370015,49.7198245087455,50.2188230804896,50.7178216522336,
51.2168202239777),.UNSPECIFIED.);
#180=B_SPLINE_CURVE_WITH_KNOTS('',3,(#1715,#1716,#1717,#1718,#1719,#1720,
#1721,#1722,#1723,#1724,#1725,#1726,#1727,#1728,#1729,#1730,#1731),
 .UNSPECIFIED.,.F.,.F.,(4,1,1,1,1,1,1,1,1,1,1,1,1,1,4),(40.8407044966673,
41.0559485807165,41.5549471524605,42.0539457242045,42.5529442959486,43.0519428676926,
43.5509414394366,44.0499400111807,44.5489385829247,45.0479371546688,45.5469357264128,
46.0459342981568,46.5449328699009,47.0439314416449,47.1238898038469),
 .UNSPECIFIED.);
#181=B_SPLINE_CURVE_WITH_KNOTS('',3,(#1732,#1733,#1734,#1735,#1736,#1737,
#1738,#1739,#1740,#1741,#1742,#1743,#1744,#1745,#1746,#1747),
 .UNSPECIFIED.,.F.,.F.,(4,1,1,1,1,1,1,1,1,1,1,1,1,4),(40.8407044966673,
41.2368487890969,41.7358473608409,42.234845932585,42.733844504329,43.2328430760731,
43.7318416478171,44.2308402195611,44.7298387913052,45.2288373630492,45.7278359347932,
46.2268345065373,46.7258330782813,47.1238898038469),.UNSPECIFIED.);
#182=B_SPLINE_CURVE_WITH_KNOTS('',3,(#1752,#1753,#1754,#1755,#1756,#1757,
#1758,#1759,#1760,#1761,#1762,#1763,#1764,#1765,#1766,#1767,#1768),
 .UNSPECIFIED.,.F.,.F.,(4,1,1,1,1,1,1,1,1,1,1,1,1,1,4),(34.5575191894877,
34.568967148044,35.067965719788,35.566964291532,36.0659628632761,36.5649614350201,
37.0639600067642,37.5629585785082,38.0619571502522,38.5609557219963,39.0599542937403,
39.5589528654843,40.0579514372284,40.5569500089724,40.8407044966673),
 .UNSPECIFIED.);
#183=B_SPLINE_CURVE_WITH_KNOTS('',3,(#1769,#1770,#1771,#1772,#1773,#1774,
#1775,#1776,#1777,#1778,#1779,#1780,#1781,#1782,#1783,#1784,#1785),
 .UNSPECIFIED.,.F.,.F.,(4,1,1,1,1,1,1,1,1,1,1,1,1,1,4),(34.5575191894877,
34.7498673564244,35.2488659281685,35.7478644999125,36.2468630716565,36.7458616434006,
37.2448602151446,37.7438587868887,38.2428573586327,38.7418559303767,39.2408545021208,
39.7398530738648,40.2388516456088,40.7378502173529,40.8407044966673),
 .UNSPECIFIED.);
#184=B_SPLINE_CURVE_WITH_KNOTS('',3,(#1790,#1791,#1792,#1793,#1794,#1795,
#1796,#1797,#1798,#1799,#1800,#1801,#1802,#1803,#1804,#1805),
 .UNSPECIFIED.,.F.,.F.,(4,1,1,1,1,1,1,1,1,1,1,1,1,4),(28.2743338823081,
28.5809842871155,29.0799828588596,29.5789814306036,30.0779800023476,30.5769785740917,
31.0759771458357,31.5749757175798,32.0739742893238,32.5729728610678,33.0719714328119,
33.5709700045559,34.0699685762999,34.5575191894877),.UNSPECIFIED.);
#185=B_SPLINE_CURVE_WITH_KNOTS('',3,(#1806,#1807,#1808,#1809,#1810,#1811,
#1812,#1813,#1814,#1815,#1816,#1817,#1818,#1819,#1820,#1821),
 .UNSPECIFIED.,.F.,.F.,(4,1,1,1,1,1,1,1,1,1,1,1,1,4),(28.2743338823081,
28.761884495496,29.26088306724,29.7598816389841,30.2588802107281,30.7578787824721,
31.2568773542162,31.7558759259602,32.2548744977043,32.7538730694483,33.2528716411923,
33.7518702129364,34.2508687846804,34.5575191894877),.UNSPECIFIED.);
#186=B_SPLINE_CURVE_WITH_KNOTS('',3,(#1826,#1827,#1828,#1829,#1830,#1831,
#1832,#1833,#1834,#1835,#1836,#1837,#1838,#1839,#1840,#1841,#1842),
 .UNSPECIFIED.,.F.,.F.,(4,1,1,1,1,1,1,1,1,1,1,1,1,1,4),(21.9911485751285,
22.094002854443,22.5930014261871,23.0919999979311,23.5909985696752,24.0899971414192,
24.5889957131632,25.0879942849073,25.5869928566513,26.0859914283953,26.5849900001394,
27.0839885718834,27.5829871436275,28.0819857153715,28.2743338823081),
 .UNSPECIFIED.);
#187=B_SPLINE_CURVE_WITH_KNOTS('',3,(#1843,#1844,#1845,#1846,#1847,#1848,
#1849,#1850,#1851,#1852,#1853,#1854,#1855,#1856,#1857,#1858,#1859),
 .UNSPECIFIED.,.F.,.F.,(4,1,1,1,1,1,1,1,1,1,1,1,1,1,4),(21.9911485751285,
22.2749030628235,22.7739016345675,23.2729002063116,23.7718987780556,24.2708973497997,
24.7698959215437,25.2688944932877,25.7678930650318,26.2668916367758,26.7658902085198,
27.2648887802639,27.7638873520079,28.262885923752,28.2743338823081),
 .UNSPECIFIED.);
#188=B_SPLINE_CURVE_WITH_KNOTS('',3,(#1864,#1865,#1866,#1867,#1868,#1869,
#1870,#1871,#1872,#1873,#1874,#1875,#1876,#1877,#1878,#1879),
 .UNSPECIFIED.,.F.,.F.,(4,1,1,1,1,1,1,1,1,1,1,1,1,4),(15.7079632679489,
16.1060199935146,16.6050185652586,17.1040171370027,17.6030157087467,18.1020142804907,
18.6010128522348,19.1000114239788,19.5990099957229,20.0980085674669,20.5970071392109,
21.096005710955,21.595004282699,21.9911485751285),.UNSPECIFIED.);
#189=B_SPLINE_CURVE_WITH_KNOTS('',3,(#1880,#1881,#1882,#1883,#1884,#1885,
#1886,#1887,#1888,#1889,#1890,#1891,#1892,#1893,#1894,#1895,#1896),
 .UNSPECIFIED.,.F.,.F.,(4,1,1,1,1,1,1,1,1,1,1,1,1,1,4),(15.7079632679489,
15.787921630151,16.2869202018951,16.7859187736391,17.2849173453831,17.7839159171272,
18.2829144888712,18.7819130606152,19.2809116323593,19.7799102041033,20.2789087758474,
20.7779073475914,21.2769059193354,21.7759044910795,21.9911485751285),
 .UNSPECIFIED.);
#190=B_SPLINE_CURVE_WITH_KNOTS('',3,(#2018,#2019,#2020,#2021,#2022,#2023,
#2024),.UNSPECIFIED.,.F.,.F.,(4,1,1,1,4),(0.,0.285714285714286,0.571428571428571,
0.857142857142857,1.),.UNSPECIFIED.);
#191=B_SPLINE_CURVE_WITH_KNOTS('',3,(#2026,#2027,#2028,#2029,#2030,#2031,
#2032,#2033,#2034,#2035,#2036),.UNSPECIFIED.,.F.,.F.,(4,1,1,1,1,1,1,1,4),
(0.,0.448798950512828,0.897597901025655,1.34639685153848,1.79519580205131,
2.0943951023932,2.69279370307697,2.99199300341885,3.14159265358979),
 .UNSPECIFIED.);
#192=B_SPLINE_CURVE_WITH_KNOTS('',3,(#2037,#2038,#2039,#2040,#2041,#2042,
#2043,#2044,#2045,#2046),.UNSPECIFIED.,.F.,.F.,(4,1,1,1,1,1,1,4),(3.14159265358979,
3.59039160410262,4.18879020478639,4.48798950512828,4.78718880547016,5.38558740615393,
5.83438635666676,6.28318530717959),.UNSPECIFIED.);
#193=B_SPLINE_CURVE_WITH_KNOTS('',3,(#2047,#2048,#2049,#2050,#2051,#2052,
#2053,#2054,#2055,#2056,#2057,#2058,#2059,#2060,#2061,#2062,#2063),
 .UNSPECIFIED.,.T.,.F.,(4,1,1,1,1,1,1,1,1,1,1,1,1,1,4),(-6.28318530717959,
-5.83438635666676,-5.38558740615393,-4.78718880547016,-4.48798950512828,
-4.18879020478639,-3.59039160410262,-2.99199300341885,-2.69279370307697,
-2.0943951023932,-1.79519580205131,-1.34639685153848,-0.897597901025655,
-0.448798950512828,0.),.UNSPECIFIED.);
#194=B_SPLINE_CURVE_WITH_KNOTS('',3,(#2182,#2183,#2184,#2185,#2186,#2187,
#2188,#2189,#2190,#2191,#2192,#2193,#2194,#2195,#2196,#2197,#2198,#2199,
#2200,#2201,#2202,#2203,#2204,#2205,#2206,#2207,#2208,#2209,#2210,#2211,
#2212,#2213,#2214,#2215,#2216,#2217,#2218,#2219,#2220,#2221,#2222,#2223,
#2224,#2225,#2226,#2227,#2228,#2229,#2230,#2231,#2232,#2233,#2234,#2235,
#2236,#2237,#2238,#2239,#2240,#2241,#2242,#2243,#2244,#2245,#2246,#2247,
#2248,#2249,#2250,#2251,#2252,#2253,#2254,#2255,#2256,#2257,#2258,#2259,
#2260,#2261,#2262,#2263,#2264,#2265,#2266,#2267,#2268,#2269,#2270,#2271,
#2272,#2273,#2274,#2275,#2276,#2277,#2278,#2279,#2280,#2281,#2282,#2283,
#2284,#2285,#2286,#2287,#2288,#2289,#2290,#2291,#2292,#2293,#2294,#2295,
#2296,#2297,#2298,#2299,#2300,#2301,#2302,#2303,#2304,#2305,#2306,#2307,
#2308),.UNSPECIFIED.,.F.,.F.,(4,3,3,3,3,3,3,3,3,3,3,3,3,3,3,3,3,3,3,3,3,
3,3,3,3,3,3,3,3,3,3,3,3,3,3,3,3,3,3,3,3,3,4),(0.,0.0799001987148841,0.0845342486799688,
0.164076565336904,0.244101862905237,0.324035729159464,0.400065560926145,
0.420281886895004,0.43114449658975,0.51047218259561,0.589700540290456,0.628155056226188,
0.707591460796978,0.78687429214431,0.834147067403903,0.844597919118093,
0.852865264801076,0.931597380405826,1.01045906830796,1.08863192667978,1.16505649422106,
1.23128684490147,1.24920422706216,1.25973393311162,1.26909240317984,1.34662965295917,
1.42481854492433,1.50293736887363,1.58046844085213,1.63768387025823,1.66629158496127,
1.67551631783155,1.6854160483893,1.69489929966432,1.77215378976835,1.84984520742851,
1.92740852103753,1.94237166303496,1.95494854505602,2.03224918512313,2.10933270431202,
2.18542857878549,2.21722880151989),.UNSPECIFIED.);
#195=B_SPLINE_CURVE_WITH_KNOTS('',3,(#2310,#2311,#2312,#2313,#2314,#2315,
#2316,#2317,#2318,#2319,#2320,#2321,#2322,#2323,#2324,#2325,#2326,#2327,
#2328,#2329,#2330,#2331,#2332,#2333,#2334,#2335,#2336,#2337,#2338,#2339,
#2340,#2341,#2342,#2343,#2344,#2345,#2346,#2347,#2348,#2349,#2350,#2351,
#2352,#2353,#2354,#2355,#2356,#2357,#2358,#2359,#2360,#2361,#2362,#2363,
#2364,#2365,#2366,#2367,#2368,#2369,#2370,#2371,#2372,#2373,#2374,#2375,
#2376,#2377,#2378,#2379,#2380,#2381,#2382,#2383,#2384,#2385,#2386,#2387,
#2388,#2389,#2390,#2391,#2392,#2393,#2394,#2395,#2396,#2397,#2398,#2399,
#2400,#2401,#2402,#2403,#2404,#2405,#2406,#2407,#2408,#2409,#2410,#2411,
#2412,#2413,#2414,#2415,#2416,#2417,#2418,#2419,#2420,#2421,#2422,#2423,
#2424,#2425,#2426,#2427,#2428,#2429,#2430,#2431,#2432,#2433),
 .UNSPECIFIED.,.F.,.F.,(4,3,3,3,3,3,3,3,3,3,3,3,3,3,3,3,3,3,3,3,3,3,3,3,
3,3,3,3,3,3,3,3,3,3,3,3,3,3,3,3,3,4),(0.,0.0802764865120224,0.156752211608603,
0.233960122410419,0.311392472924878,0.384571965047692,0.403156669011131,
0.413038842609118,0.490723838199255,0.568722572387758,0.604110441416132,
0.681897918564973,0.759853355803102,0.806710271203255,0.818165142836854,
0.826163853260145,0.90434813040801,0.982925640854463,1.06123317860083,1.13470867900432,
1.20183508214836,1.2213446831332,1.23234468828394,1.24142226012645,1.31930951660385,
1.39809395662149,1.47727493708865,1.55610716928048,1.61391353671854,1.64281672043757,
1.6524686706678,1.66188612639294,1.67171990415661,1.75031900816974,1.82963690689343,
1.90916323091168,1.92618030286734,1.94002617021093,2.0198835870375,2.0998070240456,
2.17905979776102,2.21474111631441),.UNSPECIFIED.);
#196=B_SPLINE_CURVE_WITH_KNOTS('',3,(#2793,#2794,#2795,#2796,#2797,#2798,
#2799,#2800,#2801,#2802,#2803,#2804,#2805,#2806,#2807,#2808),
 .UNSPECIFIED.,.F.,.F.,(4,3,3,3,3,4),(38.8209467498564,38.9218885960349,
39.4208871677789,39.919885739523,40.418884311267,40.8407044966674),
 .UNSPECIFIED.);
#197=B_SPLINE_CURVE_WITH_KNOTS('',3,(#2810,#2811,#2812,#2813,#2814,#2815,
#2816,#2817,#2818,#2819,#2820,#2821,#2822,#2823,#2824,#2825,#2826,#2827,
#2828,#2829,#2830,#2831,#2832,#2833,#2834,#2835,#2836,#2837,#2838,#2839,
#2840,#2841,#2842,#2843,#2844,#2845,#2846,#2847,#2848,#2849,#2850,#2851,
#2852,#2853,#2854,#2855,#2856,#2857,#2858,#2859,#2860,#2861,#2862,#2863,
#2864,#2865,#2866,#2867,#2868,#2869,#2870,#2871,#2872,#2873,#2874,#2875,
#2876,#2877,#2878,#2879,#2880,#2881,#2882,#2883,#2884,#2885,#2886,#2887,
#2888,#2889,#2890,#2891,#2892,#2893,#2894,#2895,#2896,#2897,#2898,#2899,
#2900,#2901,#2902,#2903,#2904,#2905,#2906,#2907,#2908,#2909,#2910,#2911,
#2912,#2913,#2914,#2915,#2916,#2917,#2918,#2919,#2920,#2921,#2922,#2923,
#2924,#2925,#2926,#2927,#2928,#2929,#2930,#2931,#2932,#2933,#2934,#2935,
#2936),.UNSPECIFIED.,.F.,.F.,(4,3,3,3,3,3,3,3,3,3,3,3,3,3,3,3,3,3,3,3,3,
3,3,3,3,3,3,3,3,3,3,3,3,3,3,3,3,3,3,3,3,3,4),(-2.21722880151986,-2.13692248243695,
-2.06008525543539,-1.98283438502629,-1.95861375503803,-1.94848812348761,
-1.93777487456991,-1.85671491340471,-1.77902034827615,-1.70167435133664,
-1.68385621217775,-1.66994345858681,-1.61353502990914,-1.53636569167026,
-1.45838535332863,-1.38008518287064,-1.30566265029699,-1.27775420058188,
-1.26569951443681,-1.25749190683016,-1.17893490568841,-1.10008060027685,
-1.08239505257607,-1.00382590449591,-0.924990480642498,-0.877420127709095,
-0.856192626544189,-0.847364955394664,-0.838177418316371,-0.759119363391827,
-0.679679629551163,-0.600502215586303,-0.544427657175278,-0.476374200028368,
-0.446600812526595,-0.428213929127279,-0.419637737081959,-0.340872495220066,
-0.261219676197343,-0.181173051282849,-0.101459374670207,-0.0228701279599394,
0.),.UNSPECIFIED.);
#198=B_SPLINE_CURVE_WITH_KNOTS('',3,(#2937,#2938,#2939,#2940,#2941,#2942,
#2943,#2944,#2945,#2946,#2947,#2948,#2949,#2950),.UNSPECIFIED.,.F.,.F.,
(4,1,1,1,1,1,1,1,1,1,1,4),(10.3761157273102,10.7979359127107,11.2969344844547,
11.7959330561987,12.2949316279428,12.7939301996868,13.2929287714308,13.7919273431749,
14.2909259149189,14.789924486663,15.288923058407,15.7079632679489),
 .UNSPECIFIED.);
#199=B_SPLINE_CURVE_WITH_KNOTS('',3,(#2954,#2955,#2956,#2957,#2958,#2959,
#2960,#2961,#2962,#2963,#2964,#2965),.UNSPECIFIED.,.F.,.F.,(4,1,1,1,1,1,
1,1,1,4),(11.6150328478183,12.1140314195623,12.6130299913063,13.1120285630504,
13.6110271347944,14.1100257065384,14.6090242782825,15.1080228500265,15.6070214217706,
15.7079632679489),.UNSPECIFIED.);
#200=B_SPLINE_CURVE_WITH_KNOTS('',3,(#3322,#3323,#3324,#3325,#3326,#3327,
#3328,#3329,#3330,#3331,#3332,#3333,#3334,#3335,#3336,#3337,#3338,#3339,
#3340,#3341,#3342,#3343,#3344,#3345,#3346,#3347,#3348,#3349,#3350,#3351,
#3352,#3353,#3354,#3355,#3356,#3357,#3358,#3359,#3360,#3361,#3362,#3363,
#3364,#3365,#3366,#3367,#3368,#3369,#3370,#3371,#3372,#3373,#3374,#3375,
#3376,#3377,#3378,#3379,#3380,#3381,#3382,#3383,#3384,#3385,#3386,#3387,
#3388,#3389,#3390,#3391,#3392,#3393,#3394,#3395,#3396,#3397,#3398,#3399,
#3400,#3401,#3402,#3403,#3404,#3405,#3406,#3407,#3408,#3409,#3410,#3411,
#3412,#3413,#3414,#3415,#3416,#3417,#3418,#3419,#3420,#3421,#3422,#3423,
#3424,#3425,#3426,#3427,#3428,#3429,#3430,#3431,#3432,#3433,#3434,#3435,
#3436,#3437,#3438,#3439,#3440,#3441,#3442,#3443,#3444,#3445,#3446,#3447,
#3448,#3449,#3450,#3451),.UNSPECIFIED.,.F.,.F.,(4,3,3,3,3,3,3,3,3,3,3,3,
3,3,3,3,3,3,3,3,3,3,3,3,3,3,3,3,3,3,3,3,3,3,3,3,3,3,3,3,3,3,3,4),(-2.2147411163143,
-2.13500393793932,-2.13034562982382,-2.05054939044389,-1.9706472613209,
-1.94645783228846,-1.9348589383065,-1.92458727539746,-1.84516010793414,
-1.76579204439666,-1.68700015667267,-1.66138610777159,-1.65162685400504,
-1.58836906368793,-1.50980774159291,-1.43067964025552,-1.35154689291414,
-1.27669500700823,-1.24862554979352,-1.23459325200272,-1.22615664122504,
-1.14768364645134,-1.06931524177006,-1.05213934929051,-0.973588511077012,
-0.895095188885402,-0.848529031381354,-0.82760117615132,-0.818883164052362,
-0.809944770769674,-0.732057501107109,-0.654072360112259,-0.576756400565554,
-0.52256592885302,-0.457245187746393,-0.428667363512243,-0.410231967036916,
-0.401564426006296,-0.324834173503338,-0.243625630127503,-0.166383084027871,
-0.0897349582797549,-0.0144051836435388,0.),.UNSPECIFIED.);
#201=B_SPLINE_CURVE_WITH_KNOTS('',3,(#3452,#3453,#3454,#3455,#3456,#3457,
#3458,#3459,#3460,#3461),.UNSPECIFIED.,.F.,.F.,(4,3,3,4),(-42.9138771699872,
-42.4148785982432,-41.9158800264991,-41.7920422632082),.UNSPECIFIED.);
#202=LINE('',#1126,#275);
#203=LINE('',#1159,#276);
#204=LINE('',#1243,#277);
#205=LINE('',#1333,#278);
#206=LINE('',#1420,#279);
#207=LINE('',#1507,#280);
#208=LINE('',#1597,#281);
#209=LINE('',#1681,#282);
#210=LINE('',#1714,#283);
#211=LINE('',#1751,#284);
#212=LINE('',#1789,#285);
#213=LINE('',#1825,#286);
#214=LINE('',#1863,#287);
#215=LINE('',#2067,#288);
#216=LINE('',#2072,#289);
#217=LINE('',#2074,#290);
#218=LINE('',#2076,#291);
#219=LINE('',#2077,#292);
#220=LINE('',#2081,#293);
#221=LINE('',#2083,#294);
#222=LINE('',#2085,#295);
#223=LINE('',#2086,#296);
#224=LINE('',#2090,#297);
#225=LINE('',#2092,#298);
#226=LINE('',#2094,#299);
#227=LINE('',#2095,#300);
#228=LINE('',#2099,#301);
#229=LINE('',#2101,#302);
#230=LINE('',#2103,#303);
#231=LINE('',#2104,#304);
#232=LINE('',#2107,#305);
#233=LINE('',#2109,#306);
#234=LINE('',#2110,#307);
#235=LINE('',#2113,#308);
#236=LINE('',#2115,#309);
#237=LINE('',#2117,#310);
#238=LINE('',#2119,#311);
#239=LINE('',#2121,#312);
#240=LINE('',#2122,#313);
#241=LINE('',#2123,#314);
#242=LINE('',#2126,#315);
#243=LINE('',#2128,#316);
#244=LINE('',#2130,#317);
#245=LINE('',#2132,#318);
#246=LINE('',#2133,#319);
#247=LINE('',#2134,#320);
#248=LINE('',#2136,#321);
#249=LINE('',#2139,#322);
#250=LINE('',#2141,#323);
#251=LINE('',#2142,#324);
#252=LINE('',#2145,#325);
#253=LINE('',#2147,#326);
#254=LINE('',#2148,#327);
#255=LINE('',#2150,#328);
#256=LINE('',#2152,#329);
#257=LINE('',#2155,#330);
#258=LINE('',#2157,#331);
#259=LINE('',#2158,#332);
#260=LINE('',#2160,#333);
#261=LINE('',#2162,#334);
#262=LINE('',#2163,#335);
#263=LINE('',#2165,#336);
#264=LINE('',#2166,#337);
#265=LINE('',#2168,#338);
#266=LINE('',#2169,#339);
#267=LINE('',#2174,#340);
#268=LINE('',#2176,#341);
#269=LINE('',#2177,#342);
#270=LINE('',#2179,#343);
#271=LINE('',#2180,#344);
#272=LINE('',#3467,#345);
#273=LINE('',#3474,#346);
#274=LINE('',#3481,#347);
#275=VECTOR('',#937,10.5);
#276=VECTOR('',#942,10.5);
#277=VECTOR('',#945,10.5);
#278=VECTOR('',#948,10.5);
#279=VECTOR('',#951,10.5);
#280=VECTOR('',#954,10.5);
#281=VECTOR('',#957,10.5);
#282=VECTOR('',#960,10.3705);
#283=VECTOR('',#965,10.3705);
#284=VECTOR('',#968,10.3705);
#285=VECTOR('',#971,10.3705);
#286=VECTOR('',#974,10.3705);
#287=VECTOR('',#977,10.3705);
#288=VECTOR('',#982,20.);
#289=VECTOR('',#987,10.);
#290=VECTOR('',#988,10.);
#291=VECTOR('',#989,10.);
#292=VECTOR('',#990,10.);
#293=VECTOR('',#993,10.);
#294=VECTOR('',#994,10.);
#295=VECTOR('',#995,10.);
#296=VECTOR('',#996,10.);
#297=VECTOR('',#999,10.);
#298=VECTOR('',#1000,10.);
#299=VECTOR('',#1001,10.);
#300=VECTOR('',#1002,10.);
#301=VECTOR('',#1005,10.);
#302=VECTOR('',#1006,10.);
#303=VECTOR('',#1007,10.);
#304=VECTOR('',#1008,10.);
#305=VECTOR('',#1011,10.);
#306=VECTOR('',#1012,10.);
#307=VECTOR('',#1013,10.);
#308=VECTOR('',#1016,10.);
#309=VECTOR('',#1017,10.);
#310=VECTOR('',#1018,10.);
#311=VECTOR('',#1019,10.);
#312=VECTOR('',#1020,10.);
#313=VECTOR('',#1021,10.);
#314=VECTOR('',#1022,10.);
#315=VECTOR('',#1025,10.);
#316=VECTOR('',#1026,10.);
#317=VECTOR('',#1027,10.);
#318=VECTOR('',#1028,10.);
#319=VECTOR('',#1029,10.);
#320=VECTOR('',#1030,10.);
#321=VECTOR('',#1033,10.);
#322=VECTOR('',#1036,10.);
#323=VECTOR('',#1037,10.);
#324=VECTOR('',#1038,10.);
#325=VECTOR('',#1041,10.);
#326=VECTOR('',#1042,10.);
#327=VECTOR('',#1043,10.);
#328=VECTOR('',#1046,10.);
#329=VECTOR('',#1049,10.);
#330=VECTOR('',#1052,10.);
#331=VECTOR('',#1053,10.);
#332=VECTOR('',#1054,10.);
#333=VECTOR('',#1057,10.);
#334=VECTOR('',#1058,10.);
#335=VECTOR('',#1059,10.);
#336=VECTOR('',#1062,10.);
#337=VECTOR('',#1063,10.);
#338=VECTOR('',#1066,10.);
#339=VECTOR('',#1067,10.);
#340=VECTOR('',#1074,10.);
#341=VECTOR('',#1075,10.);
#342=VECTOR('',#1076,10.);
#343=VECTOR('',#1079,10.);
#344=VECTOR('',#1080,10.);
#345=VECTOR('',#1097,13.5);
#346=VECTOR('',#1106,16.5);
#347=VECTOR('',#1115,18.5);
#348=VERTEX_POINT('',#1124);
#349=VERTEX_POINT('',#1125);
#350=VERTEX_POINT('',#1127);
#351=VERTEX_POINT('',#1144);
#352=VERTEX_POINT('',#1157);
#353=VERTEX_POINT('',#1158);
#354=VERTEX_POINT('',#1241);
#355=VERTEX_POINT('',#1242);
#356=VERTEX_POINT('',#1331);
#357=VERTEX_POINT('',#1332);
#358=VERTEX_POINT('',#1418);
#359=VERTEX_POINT('',#1419);
#360=VERTEX_POINT('',#1505);
#361=VERTEX_POINT('',#1506);
#362=VERTEX_POINT('',#1595);
#363=VERTEX_POINT('',#1596);
#364=VERTEX_POINT('',#1679);
#365=VERTEX_POINT('',#1680);
#366=VERTEX_POINT('',#1682);
#367=VERTEX_POINT('',#1697);
#368=VERTEX_POINT('',#1712);
#369=VERTEX_POINT('',#1713);
#370=VERTEX_POINT('',#1749);
#371=VERTEX_POINT('',#1750);
#372=VERTEX_POINT('',#1787);
#373=VERTEX_POINT('',#1788);
#374=VERTEX_POINT('',#1823);
#375=VERTEX_POINT('',#1824);
#376=VERTEX_POINT('',#1861);
#377=VERTEX_POINT('',#1862);
#378=VERTEX_POINT('',#2016);
#379=VERTEX_POINT('',#2017);
#380=VERTEX_POINT('',#2025);
#381=VERTEX_POINT('',#2065);
#382=VERTEX_POINT('',#2070);
#383=VERTEX_POINT('',#2071);
#384=VERTEX_POINT('',#2073);
#385=VERTEX_POINT('',#2075);
#386=VERTEX_POINT('',#2079);
#387=VERTEX_POINT('',#2080);
#388=VERTEX_POINT('',#2082);
#389=VERTEX_POINT('',#2084);
#390=VERTEX_POINT('',#2088);
#391=VERTEX_POINT('',#2089);
#392=VERTEX_POINT('',#2091);
#393=VERTEX_POINT('',#2093);
#394=VERTEX_POINT('',#2097);
#395=VERTEX_POINT('',#2098);
#396=VERTEX_POINT('',#2100);
#397=VERTEX_POINT('',#2102);
#398=VERTEX_POINT('',#2106);
#399=VERTEX_POINT('',#2108);
#400=VERTEX_POINT('',#2112);
#401=VERTEX_POINT('',#2114);
#402=VERTEX_POINT('',#2116);
#403=VERTEX_POINT('',#2118);
#404=VERTEX_POINT('',#2120);
#405=VERTEX_POINT('',#2125);
#406=VERTEX_POINT('',#2127);
#407=VERTEX_POINT('',#2129);
#408=VERTEX_POINT('',#2131);
#409=VERTEX_POINT('',#2138);
#410=VERTEX_POINT('',#2140);
#411=VERTEX_POINT('',#2144);
#412=VERTEX_POINT('',#2146);
#413=VERTEX_POINT('',#2154);
#414=VERTEX_POINT('',#2156);
#415=VERTEX_POINT('',#2161);
#416=VERTEX_POINT('',#2173);
#417=VERTEX_POINT('',#2175);
#418=VERTEX_POINT('',#2181);
#419=VERTEX_POINT('',#2309);
#420=VERTEX_POINT('',#2809);
#421=VERTEX_POINT('',#2952);
#422=VERTEX_POINT('',#3464);
#423=VERTEX_POINT('',#3466);
#424=VERTEX_POINT('',#3471);
#425=VERTEX_POINT('',#3473);
#426=VERTEX_POINT('',#3478);
#427=VERTEX_POINT('',#3480);
#428=EDGE_CURVE('',#348,#349,#202,.T.);
#429=EDGE_CURVE('',#348,#350,#164,.T.);
#430=EDGE_CURVE('',#351,#350,#153,.T.);
#431=EDGE_CURVE('',#351,#349,#165,.T.);
#432=EDGE_CURVE('',#352,#353,#203,.T.);
#433=EDGE_CURVE('',#352,#348,#166,.T.);
#434=EDGE_CURVE('',#349,#353,#167,.T.);
#435=EDGE_CURVE('',#354,#355,#204,.T.);
#436=EDGE_CURVE('',#354,#352,#168,.T.);
#437=EDGE_CURVE('',#353,#355,#169,.T.);
#438=EDGE_CURVE('',#356,#357,#205,.T.);
#439=EDGE_CURVE('',#356,#354,#170,.T.);
#440=EDGE_CURVE('',#355,#357,#171,.T.);
#441=EDGE_CURVE('',#358,#359,#206,.T.);
#442=EDGE_CURVE('',#358,#356,#172,.T.);
#443=EDGE_CURVE('',#357,#359,#173,.T.);
#444=EDGE_CURVE('',#360,#361,#207,.T.);
#445=EDGE_CURVE('',#360,#358,#174,.T.);
#446=EDGE_CURVE('',#359,#361,#175,.T.);
#447=EDGE_CURVE('',#362,#363,#208,.T.);
#448=EDGE_CURVE('',#362,#360,#176,.T.);
#449=EDGE_CURVE('',#361,#363,#177,.T.);
#450=EDGE_CURVE('',#364,#365,#209,.T.);
#451=EDGE_CURVE('',#364,#366,#178,.T.);
#452=EDGE_CURVE('',#367,#366,#154,.T.);
#453=EDGE_CURVE('',#365,#367,#179,.T.);
#454=EDGE_CURVE('',#368,#369,#210,.T.);
#455=EDGE_CURVE('',#368,#364,#180,.T.);
#456=EDGE_CURVE('',#369,#365,#181,.T.);
#457=EDGE_CURVE('',#370,#371,#211,.T.);
#458=EDGE_CURVE('',#370,#368,#182,.T.);
#459=EDGE_CURVE('',#371,#369,#183,.T.);
#460=EDGE_CURVE('',#372,#373,#212,.T.);
#461=EDGE_CURVE('',#372,#370,#184,.T.);
#462=EDGE_CURVE('',#373,#371,#185,.T.);
#463=EDGE_CURVE('',#374,#375,#213,.T.);
#464=EDGE_CURVE('',#374,#372,#186,.T.);
#465=EDGE_CURVE('',#375,#373,#187,.T.);
#466=EDGE_CURVE('',#376,#377,#214,.T.);
#467=EDGE_CURVE('',#376,#374,#188,.T.);
#468=EDGE_CURVE('',#377,#375,#189,.T.);
#469=EDGE_CURVE('',#378,#379,#190,.T.);
#470=EDGE_CURVE('',#379,#380,#191,.T.);
#471=EDGE_CURVE('',#380,#379,#192,.T.);
#472=EDGE_CURVE('',#378,#378,#193,.T.);
#473=EDGE_CURVE('',#381,#381,#155,.T.);
#474=EDGE_CURVE('',#381,#380,#215,.T.);
#475=EDGE_CURVE('',#382,#383,#216,.T.);
#476=EDGE_CURVE('',#384,#382,#217,.T.);
#477=EDGE_CURVE('',#385,#384,#218,.T.);
#478=EDGE_CURVE('',#383,#385,#219,.T.);
#479=EDGE_CURVE('',#386,#387,#220,.T.);
#480=EDGE_CURVE('',#388,#386,#221,.T.);
#481=EDGE_CURVE('',#389,#388,#222,.T.);
#482=EDGE_CURVE('',#387,#389,#223,.T.);
#483=EDGE_CURVE('',#390,#391,#224,.T.);
#484=EDGE_CURVE('',#392,#390,#225,.T.);
#485=EDGE_CURVE('',#393,#392,#226,.T.);
#486=EDGE_CURVE('',#391,#393,#227,.T.);
#487=EDGE_CURVE('',#394,#395,#228,.T.);
#488=EDGE_CURVE('',#396,#394,#229,.T.);
#489=EDGE_CURVE('',#397,#396,#230,.T.);
#490=EDGE_CURVE('',#395,#397,#231,.T.);
#491=EDGE_CURVE('',#398,#382,#232,.T.);
#492=EDGE_CURVE('',#399,#398,#233,.T.);
#493=EDGE_CURVE('',#399,#384,#234,.T.);
#494=EDGE_CURVE('',#400,#399,#235,.T.);
#495=EDGE_CURVE('',#401,#400,#236,.T.);
#496=EDGE_CURVE('',#402,#401,#237,.T.);
#497=EDGE_CURVE('',#402,#403,#238,.T.);
#498=EDGE_CURVE('',#404,#403,#239,.T.);
#499=EDGE_CURVE('',#404,#397,#240,.T.);
#500=EDGE_CURVE('',#385,#396,#241,.T.);
#501=EDGE_CURVE('',#405,#388,#242,.T.);
#502=EDGE_CURVE('',#405,#406,#243,.T.);
#503=EDGE_CURVE('',#407,#406,#244,.T.);
#504=EDGE_CURVE('',#407,#408,#245,.T.);
#505=EDGE_CURVE('',#408,#390,#246,.T.);
#506=EDGE_CURVE('',#389,#391,#247,.T.);
#507=EDGE_CURVE('',#393,#387,#248,.T.);
#508=EDGE_CURVE('',#409,#406,#249,.T.);
#509=EDGE_CURVE('',#405,#410,#250,.T.);
#510=EDGE_CURVE('',#409,#410,#251,.T.);
#511=EDGE_CURVE('',#407,#411,#252,.T.);
#512=EDGE_CURVE('',#412,#411,#253,.T.);
#513=EDGE_CURVE('',#412,#408,#254,.T.);
#514=EDGE_CURVE('',#412,#392,#255,.T.);
#515=EDGE_CURVE('',#410,#386,#256,.T.);
#516=EDGE_CURVE('',#406,#413,#257,.T.);
#517=EDGE_CURVE('',#413,#414,#258,.T.);
#518=EDGE_CURVE('',#414,#407,#259,.T.);
#519=EDGE_CURVE('',#403,#414,#260,.T.);
#520=EDGE_CURVE('',#414,#415,#261,.T.);
#521=EDGE_CURVE('',#415,#404,#262,.T.);
#522=EDGE_CURVE('',#413,#400,#263,.T.);
#523=EDGE_CURVE('',#398,#413,#264,.T.);
#524=EDGE_CURVE('',#394,#383,#265,.T.);
#525=EDGE_CURVE('',#415,#395,#266,.T.);
#526=EDGE_CURVE('',#416,#411,#267,.T.);
#527=EDGE_CURVE('',#417,#416,#268,.T.);
#528=EDGE_CURVE('',#417,#409,#269,.T.);
#529=EDGE_CURVE('',#401,#417,#270,.T.);
#530=EDGE_CURVE('',#416,#402,#271,.T.);
#531=EDGE_CURVE('',#418,#367,#194,.T.);
#532=EDGE_CURVE('',#366,#419,#195,.T.);
#533=EDGE_CURVE('',#419,#418,#156,.F.);
#534=EDGE_CURVE('',#363,#418,#196,.T.);
#535=EDGE_CURVE('',#420,#351,#197,.T.);
#536=EDGE_CURVE('',#420,#377,#198,.T.);
#537=EDGE_CURVE('',#421,#420,#157,.T.);
#538=EDGE_CURVE('',#421,#376,#199,.T.);
#539=EDGE_CURVE('',#350,#421,#200,.T.);
#540=EDGE_CURVE('',#419,#362,#201,.T.);
#541=EDGE_CURVE('',#422,#422,#158,.T.);
#542=EDGE_CURVE('',#422,#423,#272,.T.);
#543=EDGE_CURVE('',#423,#423,#159,.T.);
#544=EDGE_CURVE('',#424,#424,#160,.T.);
#545=EDGE_CURVE('',#424,#425,#273,.T.);
#546=EDGE_CURVE('',#425,#425,#161,.T.);
#547=EDGE_CURVE('',#426,#426,#162,.T.);
#548=EDGE_CURVE('',#426,#427,#274,.T.);
#549=EDGE_CURVE('',#427,#427,#163,.T.);
#550=ORIENTED_EDGE('',*,*,#428,.F.);
#551=ORIENTED_EDGE('',*,*,#429,.T.);
#552=ORIENTED_EDGE('',*,*,#430,.F.);
#553=ORIENTED_EDGE('',*,*,#431,.T.);
#554=ORIENTED_EDGE('',*,*,#432,.F.);
#555=ORIENTED_EDGE('',*,*,#433,.T.);
#556=ORIENTED_EDGE('',*,*,#428,.T.);
#557=ORIENTED_EDGE('',*,*,#434,.T.);
#558=ORIENTED_EDGE('',*,*,#435,.F.);
#559=ORIENTED_EDGE('',*,*,#436,.T.);
#560=ORIENTED_EDGE('',*,*,#432,.T.);
#561=ORIENTED_EDGE('',*,*,#437,.T.);
#562=ORIENTED_EDGE('',*,*,#438,.F.);
#563=ORIENTED_EDGE('',*,*,#439,.T.);
#564=ORIENTED_EDGE('',*,*,#435,.T.);
#565=ORIENTED_EDGE('',*,*,#440,.T.);
#566=ORIENTED_EDGE('',*,*,#441,.F.);
#567=ORIENTED_EDGE('',*,*,#442,.T.);
#568=ORIENTED_EDGE('',*,*,#438,.T.);
#569=ORIENTED_EDGE('',*,*,#443,.T.);
#570=ORIENTED_EDGE('',*,*,#444,.F.);
#571=ORIENTED_EDGE('',*,*,#445,.T.);
#572=ORIENTED_EDGE('',*,*,#441,.T.);
#573=ORIENTED_EDGE('',*,*,#446,.T.);
#574=ORIENTED_EDGE('',*,*,#447,.F.);
#575=ORIENTED_EDGE('',*,*,#448,.T.);
#576=ORIENTED_EDGE('',*,*,#444,.T.);
#577=ORIENTED_EDGE('',*,*,#449,.T.);
#578=ORIENTED_EDGE('',*,*,#450,.F.);
#579=ORIENTED_EDGE('',*,*,#451,.T.);
#580=ORIENTED_EDGE('',*,*,#452,.F.);
#581=ORIENTED_EDGE('',*,*,#453,.F.);
#582=ORIENTED_EDGE('',*,*,#454,.F.);
#583=ORIENTED_EDGE('',*,*,#455,.T.);
#584=ORIENTED_EDGE('',*,*,#450,.T.);
#585=ORIENTED_EDGE('',*,*,#456,.F.);
#586=ORIENTED_EDGE('',*,*,#457,.F.);
#587=ORIENTED_EDGE('',*,*,#458,.T.);
#588=ORIENTED_EDGE('',*,*,#454,.T.);
#589=ORIENTED_EDGE('',*,*,#459,.F.);
#590=ORIENTED_EDGE('',*,*,#460,.F.);
#591=ORIENTED_EDGE('',*,*,#461,.T.);
#592=ORIENTED_EDGE('',*,*,#457,.T.);
#593=ORIENTED_EDGE('',*,*,#462,.F.);
#594=ORIENTED_EDGE('',*,*,#463,.F.);
#595=ORIENTED_EDGE('',*,*,#464,.T.);
#596=ORIENTED_EDGE('',*,*,#460,.T.);
#597=ORIENTED_EDGE('',*,*,#465,.F.);
#598=ORIENTED_EDGE('',*,*,#466,.F.);
#599=ORIENTED_EDGE('',*,*,#467,.T.);
#600=ORIENTED_EDGE('',*,*,#463,.T.);
#601=ORIENTED_EDGE('',*,*,#468,.F.);
#602=ORIENTED_EDGE('',*,*,#469,.T.);
#603=ORIENTED_EDGE('',*,*,#470,.T.);
#604=ORIENTED_EDGE('',*,*,#471,.T.);
#605=ORIENTED_EDGE('',*,*,#469,.F.);
#606=ORIENTED_EDGE('',*,*,#472,.T.);
#607=ORIENTED_EDGE('',*,*,#473,.F.);
#608=ORIENTED_EDGE('',*,*,#474,.T.);
#609=ORIENTED_EDGE('',*,*,#470,.F.);
#610=ORIENTED_EDGE('',*,*,#471,.F.);
#611=ORIENTED_EDGE('',*,*,#474,.F.);
#612=ORIENTED_EDGE('',*,*,#472,.F.);
#613=ORIENTED_EDGE('',*,*,#475,.F.);
#614=ORIENTED_EDGE('',*,*,#476,.F.);
#615=ORIENTED_EDGE('',*,*,#477,.F.);
#616=ORIENTED_EDGE('',*,*,#478,.F.);
#617=ORIENTED_EDGE('',*,*,#479,.F.);
#618=ORIENTED_EDGE('',*,*,#480,.F.);
#619=ORIENTED_EDGE('',*,*,#481,.F.);
#620=ORIENTED_EDGE('',*,*,#482,.F.);
#621=ORIENTED_EDGE('',*,*,#483,.F.);
#622=ORIENTED_EDGE('',*,*,#484,.F.);
#623=ORIENTED_EDGE('',*,*,#485,.F.);
#624=ORIENTED_EDGE('',*,*,#486,.F.);
#625=ORIENTED_EDGE('',*,*,#487,.F.);
#626=ORIENTED_EDGE('',*,*,#488,.F.);
#627=ORIENTED_EDGE('',*,*,#489,.F.);
#628=ORIENTED_EDGE('',*,*,#490,.F.);
#629=ORIENTED_EDGE('',*,*,#476,.T.);
#630=ORIENTED_EDGE('',*,*,#491,.F.);
#631=ORIENTED_EDGE('',*,*,#492,.F.);
#632=ORIENTED_EDGE('',*,*,#493,.T.);
#633=ORIENTED_EDGE('',*,*,#477,.T.);
#634=ORIENTED_EDGE('',*,*,#493,.F.);
#635=ORIENTED_EDGE('',*,*,#494,.F.);
#636=ORIENTED_EDGE('',*,*,#495,.F.);
#637=ORIENTED_EDGE('',*,*,#496,.F.);
#638=ORIENTED_EDGE('',*,*,#497,.T.);
#639=ORIENTED_EDGE('',*,*,#498,.F.);
#640=ORIENTED_EDGE('',*,*,#499,.T.);
#641=ORIENTED_EDGE('',*,*,#489,.T.);
#642=ORIENTED_EDGE('',*,*,#500,.F.);
#643=ORIENTED_EDGE('',*,*,#481,.T.);
#644=ORIENTED_EDGE('',*,*,#501,.F.);
#645=ORIENTED_EDGE('',*,*,#502,.T.);
#646=ORIENTED_EDGE('',*,*,#503,.F.);
#647=ORIENTED_EDGE('',*,*,#504,.T.);
#648=ORIENTED_EDGE('',*,*,#505,.T.);
#649=ORIENTED_EDGE('',*,*,#483,.T.);
#650=ORIENTED_EDGE('',*,*,#506,.F.);
#651=ORIENTED_EDGE('',*,*,#482,.T.);
#652=ORIENTED_EDGE('',*,*,#506,.T.);
#653=ORIENTED_EDGE('',*,*,#486,.T.);
#654=ORIENTED_EDGE('',*,*,#507,.T.);
#655=ORIENTED_EDGE('',*,*,#508,.T.);
#656=ORIENTED_EDGE('',*,*,#502,.F.);
#657=ORIENTED_EDGE('',*,*,#509,.T.);
#658=ORIENTED_EDGE('',*,*,#510,.F.);
#659=ORIENTED_EDGE('',*,*,#511,.T.);
#660=ORIENTED_EDGE('',*,*,#512,.F.);
#661=ORIENTED_EDGE('',*,*,#513,.T.);
#662=ORIENTED_EDGE('',*,*,#504,.F.);
#663=ORIENTED_EDGE('',*,*,#484,.T.);
#664=ORIENTED_EDGE('',*,*,#505,.F.);
#665=ORIENTED_EDGE('',*,*,#513,.F.);
#666=ORIENTED_EDGE('',*,*,#514,.T.);
#667=ORIENTED_EDGE('',*,*,#480,.T.);
#668=ORIENTED_EDGE('',*,*,#515,.F.);
#669=ORIENTED_EDGE('',*,*,#509,.F.);
#670=ORIENTED_EDGE('',*,*,#501,.T.);
#671=ORIENTED_EDGE('',*,*,#503,.T.);
#672=ORIENTED_EDGE('',*,*,#516,.T.);
#673=ORIENTED_EDGE('',*,*,#517,.T.);
#674=ORIENTED_EDGE('',*,*,#518,.T.);
#675=ORIENTED_EDGE('',*,*,#519,.T.);
#676=ORIENTED_EDGE('',*,*,#520,.T.);
#677=ORIENTED_EDGE('',*,*,#521,.T.);
#678=ORIENTED_EDGE('',*,*,#498,.T.);
#679=ORIENTED_EDGE('',*,*,#522,.T.);
#680=ORIENTED_EDGE('',*,*,#494,.T.);
#681=ORIENTED_EDGE('',*,*,#492,.T.);
#682=ORIENTED_EDGE('',*,*,#523,.T.);
#683=ORIENTED_EDGE('',*,*,#475,.T.);
#684=ORIENTED_EDGE('',*,*,#524,.F.);
#685=ORIENTED_EDGE('',*,*,#487,.T.);
#686=ORIENTED_EDGE('',*,*,#525,.F.);
#687=ORIENTED_EDGE('',*,*,#520,.F.);
#688=ORIENTED_EDGE('',*,*,#517,.F.);
#689=ORIENTED_EDGE('',*,*,#523,.F.);
#690=ORIENTED_EDGE('',*,*,#491,.T.);
#691=ORIENTED_EDGE('',*,*,#490,.T.);
#692=ORIENTED_EDGE('',*,*,#499,.F.);
#693=ORIENTED_EDGE('',*,*,#521,.F.);
#694=ORIENTED_EDGE('',*,*,#525,.T.);
#695=ORIENTED_EDGE('',*,*,#478,.T.);
#696=ORIENTED_EDGE('',*,*,#500,.T.);
#697=ORIENTED_EDGE('',*,*,#488,.T.);
#698=ORIENTED_EDGE('',*,*,#524,.T.);
#699=ORIENTED_EDGE('',*,*,#479,.T.);
#700=ORIENTED_EDGE('',*,*,#507,.F.);
#701=ORIENTED_EDGE('',*,*,#485,.T.);
#702=ORIENTED_EDGE('',*,*,#514,.F.);
#703=ORIENTED_EDGE('',*,*,#512,.T.);
#704=ORIENTED_EDGE('',*,*,#526,.F.);
#705=ORIENTED_EDGE('',*,*,#527,.F.);
#706=ORIENTED_EDGE('',*,*,#528,.T.);
#707=ORIENTED_EDGE('',*,*,#510,.T.);
#708=ORIENTED_EDGE('',*,*,#515,.T.);
#709=ORIENTED_EDGE('',*,*,#529,.T.);
#710=ORIENTED_EDGE('',*,*,#527,.T.);
#711=ORIENTED_EDGE('',*,*,#530,.T.);
#712=ORIENTED_EDGE('',*,*,#496,.T.);
#713=ORIENTED_EDGE('',*,*,#531,.T.);
#714=ORIENTED_EDGE('',*,*,#452,.T.);
#715=ORIENTED_EDGE('',*,*,#532,.T.);
#716=ORIENTED_EDGE('',*,*,#533,.T.);
#717=ORIENTED_EDGE('',*,*,#530,.F.);
#718=ORIENTED_EDGE('',*,*,#526,.T.);
#719=ORIENTED_EDGE('',*,*,#511,.F.);
#720=ORIENTED_EDGE('',*,*,#518,.F.);
#721=ORIENTED_EDGE('',*,*,#519,.F.);
#722=ORIENTED_EDGE('',*,*,#497,.F.);
#723=ORIENTED_EDGE('',*,*,#529,.F.);
#724=ORIENTED_EDGE('',*,*,#495,.T.);
#725=ORIENTED_EDGE('',*,*,#522,.F.);
#726=ORIENTED_EDGE('',*,*,#516,.F.);
#727=ORIENTED_EDGE('',*,*,#508,.F.);
#728=ORIENTED_EDGE('',*,*,#528,.F.);
#729=ORIENTED_EDGE('',*,*,#531,.F.);
#730=ORIENTED_EDGE('',*,*,#534,.F.);
#731=ORIENTED_EDGE('',*,*,#449,.F.);
#732=ORIENTED_EDGE('',*,*,#446,.F.);
#733=ORIENTED_EDGE('',*,*,#443,.F.);
#734=ORIENTED_EDGE('',*,*,#440,.F.);
#735=ORIENTED_EDGE('',*,*,#437,.F.);
#736=ORIENTED_EDGE('',*,*,#434,.F.);
#737=ORIENTED_EDGE('',*,*,#431,.F.);
#738=ORIENTED_EDGE('',*,*,#535,.F.);
#739=ORIENTED_EDGE('',*,*,#536,.T.);
#740=ORIENTED_EDGE('',*,*,#468,.T.);
#741=ORIENTED_EDGE('',*,*,#465,.T.);
#742=ORIENTED_EDGE('',*,*,#462,.T.);
#743=ORIENTED_EDGE('',*,*,#459,.T.);
#744=ORIENTED_EDGE('',*,*,#456,.T.);
#745=ORIENTED_EDGE('',*,*,#453,.T.);
#746=ORIENTED_EDGE('',*,*,#466,.T.);
#747=ORIENTED_EDGE('',*,*,#536,.F.);
#748=ORIENTED_EDGE('',*,*,#537,.F.);
#749=ORIENTED_EDGE('',*,*,#538,.T.);
#750=ORIENTED_EDGE('',*,*,#532,.F.);
#751=ORIENTED_EDGE('',*,*,#451,.F.);
#752=ORIENTED_EDGE('',*,*,#455,.F.);
#753=ORIENTED_EDGE('',*,*,#458,.F.);
#754=ORIENTED_EDGE('',*,*,#461,.F.);
#755=ORIENTED_EDGE('',*,*,#464,.F.);
#756=ORIENTED_EDGE('',*,*,#467,.F.);
#757=ORIENTED_EDGE('',*,*,#538,.F.);
#758=ORIENTED_EDGE('',*,*,#539,.F.);
#759=ORIENTED_EDGE('',*,*,#429,.F.);
#760=ORIENTED_EDGE('',*,*,#433,.F.);
#761=ORIENTED_EDGE('',*,*,#436,.F.);
#762=ORIENTED_EDGE('',*,*,#439,.F.);
#763=ORIENTED_EDGE('',*,*,#442,.F.);
#764=ORIENTED_EDGE('',*,*,#445,.F.);
#765=ORIENTED_EDGE('',*,*,#448,.F.);
#766=ORIENTED_EDGE('',*,*,#540,.F.);
#767=ORIENTED_EDGE('',*,*,#447,.T.);
#768=ORIENTED_EDGE('',*,*,#534,.T.);
#769=ORIENTED_EDGE('',*,*,#533,.F.);
#770=ORIENTED_EDGE('',*,*,#540,.T.);
#771=ORIENTED_EDGE('',*,*,#541,.F.);
#772=ORIENTED_EDGE('',*,*,#542,.T.);
#773=ORIENTED_EDGE('',*,*,#543,.F.);
#774=ORIENTED_EDGE('',*,*,#542,.F.);
#775=ORIENTED_EDGE('',*,*,#541,.T.);
#776=ORIENTED_EDGE('',*,*,#430,.T.);
#777=ORIENTED_EDGE('',*,*,#539,.T.);
#778=ORIENTED_EDGE('',*,*,#537,.T.);
#779=ORIENTED_EDGE('',*,*,#535,.T.);
#780=ORIENTED_EDGE('',*,*,#544,.F.);
#781=ORIENTED_EDGE('',*,*,#545,.T.);
#782=ORIENTED_EDGE('',*,*,#546,.F.);
#783=ORIENTED_EDGE('',*,*,#545,.F.);
#784=ORIENTED_EDGE('',*,*,#544,.T.);
#785=ORIENTED_EDGE('',*,*,#543,.T.);
#786=ORIENTED_EDGE('',*,*,#547,.F.);
#787=ORIENTED_EDGE('',*,*,#548,.T.);
#788=ORIENTED_EDGE('',*,*,#549,.F.);
#789=ORIENTED_EDGE('',*,*,#548,.F.);
#790=ORIENTED_EDGE('',*,*,#547,.T.);
#791=ORIENTED_EDGE('',*,*,#546,.T.);
#792=ORIENTED_EDGE('',*,*,#473,.T.);
#793=ORIENTED_EDGE('',*,*,#549,.T.);
#794=CYLINDRICAL_SURFACE('',#876,10.942);
#795=CYLINDRICAL_SURFACE('',#878,10.942);
#796=CYLINDRICAL_SURFACE('',#879,10.942);
#797=CYLINDRICAL_SURFACE('',#880,10.942);
#798=CYLINDRICAL_SURFACE('',#881,10.942);
#799=CYLINDRICAL_SURFACE('',#882,10.942);
#800=CYLINDRICAL_SURFACE('',#883,10.942);
#801=CYLINDRICAL_SURFACE('',#884,10.3705);
#802=CYLINDRICAL_SURFACE('',#886,10.3705);
#803=CYLINDRICAL_SURFACE('',#887,10.3705);
#804=CYLINDRICAL_SURFACE('',#888,10.3705);
#805=CYLINDRICAL_SURFACE('',#889,10.3705);
#806=CYLINDRICAL_SURFACE('',#890,10.3705);
#807=CYLINDRICAL_SURFACE('',#891,20.);
#808=CYLINDRICAL_SURFACE('',#917,10.3705);
#809=CYLINDRICAL_SURFACE('',#919,10.942);
#810=CYLINDRICAL_SURFACE('',#920,13.5);
#811=CYLINDRICAL_SURFACE('',#924,16.5);
#812=CYLINDRICAL_SURFACE('',#928,18.5);
#813=ADVANCED_FACE('',(#50),#794,.T.);
#814=ADVANCED_FACE('',(#51),#795,.T.);
#815=ADVANCED_FACE('',(#52),#796,.T.);
#816=ADVANCED_FACE('',(#53),#797,.T.);
#817=ADVANCED_FACE('',(#54),#798,.T.);
#818=ADVANCED_FACE('',(#55),#799,.T.);
#819=ADVANCED_FACE('',(#56),#800,.T.);
#820=ADVANCED_FACE('',(#57),#801,.T.);
#821=ADVANCED_FACE('',(#58),#802,.T.);
#822=ADVANCED_FACE('',(#59),#803,.T.);
#823=ADVANCED_FACE('',(#60),#804,.T.);
#824=ADVANCED_FACE('',(#61),#805,.T.);
#825=ADVANCED_FACE('',(#62),#806,.T.);
#826=ADVANCED_FACE('',(#63),#47,.T.);
#827=ADVANCED_FACE('',(#64),#807,.T.);
#828=ADVANCED_FACE('',(#65),#20,.T.);
#829=ADVANCED_FACE('',(#66),#21,.F.);
#830=ADVANCED_FACE('',(#67),#22,.F.);
#831=ADVANCED_FACE('',(#68),#23,.F.);
#832=ADVANCED_FACE('',(#69),#24,.F.);
#833=ADVANCED_FACE('',(#70),#25,.T.);
#834=ADVANCED_FACE('',(#71),#26,.T.);
#835=ADVANCED_FACE('',(#72),#27,.T.);
#836=ADVANCED_FACE('',(#73),#28,.T.);
#837=ADVANCED_FACE('',(#74),#29,.F.);
#838=ADVANCED_FACE('',(#75),#30,.F.);
#839=ADVANCED_FACE('',(#76),#31,.T.);
#840=ADVANCED_FACE('',(#77),#32,.T.);
#841=ADVANCED_FACE('',(#78),#33,.F.);
#842=ADVANCED_FACE('',(#79),#34,.F.);
#843=ADVANCED_FACE('',(#80),#35,.F.);
#844=ADVANCED_FACE('',(#81),#36,.T.);
#845=ADVANCED_FACE('',(#82),#37,.T.);
#846=ADVANCED_FACE('',(#83),#38,.T.);
#847=ADVANCED_FACE('',(#84),#39,.T.);
#848=ADVANCED_FACE('',(#85,#15),#40,.F.);
#849=ADVANCED_FACE('',(#86),#41,.T.);
#850=ADVANCED_FACE('',(#87),#42,.T.);
#851=ADVANCED_FACE('',(#88),#48,.F.);
#852=ADVANCED_FACE('',(#89),#808,.T.);
#853=ADVANCED_FACE('',(#90),#49,.F.);
#854=ADVANCED_FACE('',(#91),#809,.T.);
#855=ADVANCED_FACE('',(#92),#810,.T.);
#856=ADVANCED_FACE('',(#93,#16),#43,.T.);
#857=ADVANCED_FACE('',(#94),#811,.T.);
#858=ADVANCED_FACE('',(#95,#17),#44,.T.);
#859=ADVANCED_FACE('',(#96),#812,.T.);
#860=ADVANCED_FACE('',(#97,#18),#45,.T.);
#861=ADVANCED_FACE('',(#98,#19),#46,.T.);
#862=CLOSED_SHELL('',(#813,#814,#815,#816,#817,#818,#819,#820,#821,#822,
#823,#824,#825,#826,#827,#828,#829,#830,#831,#832,#833,#834,#835,#836,#837,
#838,#839,#840,#841,#842,#843,#844,#845,#846,#847,#848,#849,#850,#851,#852,
#853,#854,#855,#856,#857,#858,#859,#860,#861));
#863=DERIVED_UNIT_ELEMENT(#865,1.);
#864=DERIVED_UNIT_ELEMENT(#3490,-3.);
#865=(
MASS_UNIT()
NAMED_UNIT(*)
SI_UNIT(.KILO.,.GRAM.)
);
#866=DERIVED_UNIT((#863,#864));
#867=MEASURE_REPRESENTATION_ITEM('density measure',
POSITIVE_RATIO_MEASURE(7850.),#866);
#868=PROPERTY_DEFINITION_REPRESENTATION(#873,#870);
#869=PROPERTY_DEFINITION_REPRESENTATION(#874,#871);
#870=REPRESENTATION('material name',(#872),#3487);
#871=REPRESENTATION('density',(#867),#3487);
#872=DESCRIPTIVE_REPRESENTATION_ITEM('\X2\94A2\X0\','\X2\94A2\X0\');
#873=PROPERTY_DEFINITION('material property','material name',#3497);
#874=PROPERTY_DEFINITION('material property','density of part',#3497);
#875=AXIS2_PLACEMENT_3D('',#1122,#933,#934);
#876=AXIS2_PLACEMENT_3D('',#1123,#935,#936);
#877=AXIS2_PLACEMENT_3D('',#1145,#938,#939);
#878=AXIS2_PLACEMENT_3D('',#1156,#940,#941);
#879=AXIS2_PLACEMENT_3D('',#1240,#943,#944);
#880=AXIS2_PLACEMENT_3D('',#1330,#946,#947);
#881=AXIS2_PLACEMENT_3D('',#1417,#949,#950);
#882=AXIS2_PLACEMENT_3D('',#1504,#952,#953);
#883=AXIS2_PLACEMENT_3D('',#1594,#955,#956);
#884=AXIS2_PLACEMENT_3D('',#1678,#958,#959);
#885=AXIS2_PLACEMENT_3D('',#1698,#961,#962);
#886=AXIS2_PLACEMENT_3D('',#1711,#963,#964);
#887=AXIS2_PLACEMENT_3D('',#1748,#966,#967);
#888=AXIS2_PLACEMENT_3D('',#1786,#969,#970);
#889=AXIS2_PLACEMENT_3D('',#1822,#972,#973);
#890=AXIS2_PLACEMENT_3D('',#1860,#975,#976);
#891=AXIS2_PLACEMENT_3D('',#2064,#978,#979);
#892=AXIS2_PLACEMENT_3D('',#2066,#980,#981);
#893=AXIS2_PLACEMENT_3D('',#2068,#983,#984);
#894=AXIS2_PLACEMENT_3D('',#2069,#985,#986);
#895=AXIS2_PLACEMENT_3D('',#2078,#991,#992);
#896=AXIS2_PLACEMENT_3D('',#2087,#997,#998);
#897=AXIS2_PLACEMENT_3D('',#2096,#1003,#1004);
#898=AXIS2_PLACEMENT_3D('',#2105,#1009,#1010);
#899=AXIS2_PLACEMENT_3D('',#2111,#1014,#1015);
#900=AXIS2_PLACEMENT_3D('',#2124,#1023,#1024);
#901=AXIS2_PLACEMENT_3D('',#2135,#1031,#1032);
#902=AXIS2_PLACEMENT_3D('',#2137,#1034,#1035);
#903=AXIS2_PLACEMENT_3D('',#2143,#1039,#1040);
#904=AXIS2_PLACEMENT_3D('',#2149,#1044,#1045);
#905=AXIS2_PLACEMENT_3D('',#2151,#1047,#1048);
#906=AXIS2_PLACEMENT_3D('',#2153,#1050,#1051);
#907=AXIS2_PLACEMENT_3D('',#2159,#1055,#1056);
#908=AXIS2_PLACEMENT_3D('',#2164,#1060,#1061);
#909=AXIS2_PLACEMENT_3D('',#2167,#1064,#1065);
#910=AXIS2_PLACEMENT_3D('',#2170,#1068,#1069);
#911=AXIS2_PLACEMENT_3D('',#2171,#1070,#1071);
#912=AXIS2_PLACEMENT_3D('',#2172,#1072,#1073);
#913=AXIS2_PLACEMENT_3D('',#2178,#1077,#1078);
#914=AXIS2_PLACEMENT_3D('',#2434,#1081,#1082);
#915=AXIS2_PLACEMENT_3D('',#2435,#1083,#1084);
#916=AXIS2_PLACEMENT_3D('',#2436,#1085,#1086);
#917=AXIS2_PLACEMENT_3D('',#2951,#1087,#1088);
#918=AXIS2_PLACEMENT_3D('',#2953,#1089,#1090);
#919=AXIS2_PLACEMENT_3D('',#3462,#1091,#1092);
#920=AXIS2_PLACEMENT_3D('',#3463,#1093,#1094);
#921=AXIS2_PLACEMENT_3D('',#3465,#1095,#1096);
#922=AXIS2_PLACEMENT_3D('',#3468,#1098,#1099);
#923=AXIS2_PLACEMENT_3D('',#3469,#1100,#1101);
#924=AXIS2_PLACEMENT_3D('',#3470,#1102,#1103);
#925=AXIS2_PLACEMENT_3D('',#3472,#1104,#1105);
#926=AXIS2_PLACEMENT_3D('',#3475,#1107,#1108);
#927=AXIS2_PLACEMENT_3D('',#3476,#1109,#1110);
#928=AXIS2_PLACEMENT_3D('',#3477,#1111,#1112);
#929=AXIS2_PLACEMENT_3D('',#3479,#1113,#1114);
#930=AXIS2_PLACEMENT_3D('',#3482,#1116,#1117);
#931=AXIS2_PLACEMENT_3D('',#3483,#1118,#1119);
#932=AXIS2_PLACEMENT_3D('',#3484,#1120,#1121);
#933=DIRECTION('axis',(0.,0.,1.));
#934=DIRECTION('refdir',(1.,0.,0.));
#935=DIRECTION('center_axis',(0.,1.,-2.22044604925031E-16));
#936=DIRECTION('ref_axis',(1.,0.,0.));
#937=DIRECTION('',(0.,-1.,2.22044604925031E-16));
#938=DIRECTION('center_axis',(0.,-1.,2.22044604925031E-16));
#939=DIRECTION('ref_axis',(1.,0.,0.));
#940=DIRECTION('center_axis',(0.,1.,-2.22044604925031E-16));
#941=DIRECTION('ref_axis',(1.,0.,0.));
#942=DIRECTION('',(0.,-1.,2.22044604925031E-16));
#943=DIRECTION('center_axis',(0.,1.,-2.22044604925031E-16));
#944=DIRECTION('ref_axis',(1.,0.,0.));
#945=DIRECTION('',(0.,-1.,2.22044604925031E-16));
#946=DIRECTION('center_axis',(0.,1.,-2.22044604925031E-16));
#947=DIRECTION('ref_axis',(1.,0.,0.));
#948=DIRECTION('',(0.,-1.,2.22044604925031E-16));
#949=DIRECTION('center_axis',(0.,1.,-2.22044604925031E-16));
#950=DIRECTION('ref_axis',(1.,0.,0.));
#951=DIRECTION('',(0.,-1.,2.22044604925031E-16));
#952=DIRECTION('center_axis',(0.,1.,-2.22044604925031E-16));
#953=DIRECTION('ref_axis',(1.,0.,0.));
#954=DIRECTION('',(0.,-1.,2.22044604925031E-16));
#955=DIRECTION('center_axis',(0.,1.,-2.22044604925031E-16));
#956=DIRECTION('ref_axis',(1.,0.,0.));
#957=DIRECTION('',(0.,-1.,2.22044604925031E-16));
#958=DIRECTION('center_axis',(0.,1.,-2.22044604925031E-16));
#959=DIRECTION('ref_axis',(0.888986339541189,1.01681711017032E-16,0.457933715846692));
#960=DIRECTION('',(-5.43662489091038E-43,1.,-2.22044604925031E-16));
#961=DIRECTION('center_axis',(0.,1.,-2.22044604925031E-16));
#962=DIRECTION('ref_axis',(1.,0.,-7.75542193743062E-15));
#963=DIRECTION('center_axis',(0.,1.,-2.22044604925031E-16));
#964=DIRECTION('ref_axis',(1.,0.,-7.75542193743062E-15));
#965=DIRECTION('',(-5.43662489091038E-43,1.,-2.22044604925031E-16));
#966=DIRECTION('center_axis',(0.,1.,-2.22044604925031E-16));
#967=DIRECTION('ref_axis',(1.,0.,-7.75542193743062E-15));
#968=DIRECTION('',(-5.43662489091038E-43,1.,-2.22044604925031E-16));
#969=DIRECTION('center_axis',(0.,1.,-2.22044604925031E-16));
#970=DIRECTION('ref_axis',(1.,0.,-7.75542193743062E-15));
#971=DIRECTION('',(-5.43662489091038E-43,1.,-2.22044604925031E-16));
#972=DIRECTION('center_axis',(0.,1.,-2.22044604925031E-16));
#973=DIRECTION('ref_axis',(1.,0.,-7.75542193743062E-15));
#974=DIRECTION('',(-5.43662489091038E-43,1.,-2.22044604925031E-16));
#975=DIRECTION('center_axis',(0.,1.,-2.22044604925031E-16));
#976=DIRECTION('ref_axis',(1.,0.,-7.75542193743062E-15));
#977=DIRECTION('',(-5.43662489091038E-43,1.,-2.22044604925031E-16));
#978=DIRECTION('center_axis',(0.,1.,-2.22044604925031E-16));
#979=DIRECTION('ref_axis',(1.,0.,0.));
#980=DIRECTION('center_axis',(0.,1.,-2.22044604925031E-16));
#981=DIRECTION('ref_axis',(1.,0.,0.));
#982=DIRECTION('',(0.,-1.,2.22044604925031E-16));
#983=DIRECTION('center_axis',(0.,-1.,2.22044604925031E-16));
#984=DIRECTION('ref_axis',(-1.,0.,0.));
#985=DIRECTION('center_axis',(0.,-0.90630778703665,0.4226182617407));
#986=DIRECTION('ref_axis',(0.,-0.4226182617407,-0.90630778703665));
#987=DIRECTION('',(7.05569718567026E-14,0.4226182617407,0.90630778703665));
#988=DIRECTION('',(1.,-4.60412756792921E-14,-9.87358343233302E-14));
#989=DIRECTION('',(-7.82471404312437E-14,-0.4226182617407,-0.90630778703665));
#990=DIRECTION('',(-1.,0.,0.));
#991=DIRECTION('center_axis',(0.,-0.90630778703665,0.4226182617407));
#992=DIRECTION('ref_axis',(0.,-0.4226182617407,-0.90630778703665));
#993=DIRECTION('',(7.82471404312454E-14,0.4226182617407,0.90630778703665));
#994=DIRECTION('',(1.,-4.60412756792921E-14,-9.87358343233302E-14));
#995=DIRECTION('',(-7.05569718567029E-14,-0.4226182617407,-0.90630778703665));
#996=DIRECTION('',(-1.,0.,0.));
#997=DIRECTION('center_axis',(0.,-0.906307787036661,-0.422618261740676));
#998=DIRECTION('ref_axis',(0.,0.422618261740676,-0.906307787036661));
#999=DIRECTION('',(-7.05569718567038E-14,0.422618261740676,-0.906307787036661));
#1000=DIRECTION('',(-1.,-5.52909472550382E-14,1.18571819029966E-13));
#1001=DIRECTION('',(7.82471404312463E-14,-0.422618261740676,0.906307787036661));
#1002=DIRECTION('',(1.,0.,0.));
#1003=DIRECTION('center_axis',(0.,-0.906307787036661,-0.422618261740676));
#1004=DIRECTION('ref_axis',(0.,0.422618261740676,-0.906307787036661));
#1005=DIRECTION('',(7.05569718567034E-14,-0.422618261740676,0.906307787036661));
#1006=DIRECTION('',(1.,0.,0.));
#1007=DIRECTION('',(-7.82471404312447E-14,0.422618261740676,-0.906307787036661));
#1008=DIRECTION('',(-1.,-5.52909472550382E-14,1.18571819029966E-13));
#1009=DIRECTION('center_axis',(-9.87358343233302E-14,0.,-1.));
#1010=DIRECTION('ref_axis',(-1.,0.,9.87358343233302E-14));
#1011=DIRECTION('',(0.,1.,0.));
#1012=DIRECTION('',(1.,0.,-9.87358343233302E-14));
#1013=DIRECTION('',(0.,1.,0.));
#1014=DIRECTION('center_axis',(-1.,0.,8.63361669737916E-14));
#1015=DIRECTION('ref_axis',(8.63361669737916E-14,0.,1.));
#1016=DIRECTION('',(-1.60955259960289E-13,0.,-1.));
#1017=DIRECTION('',(0.,1.,0.));
#1018=DIRECTION('',(-8.63361669737916E-14,0.,-1.));
#1019=DIRECTION('',(0.,1.,0.));
#1020=DIRECTION('',(-1.60955259960289E-13,0.,-1.));
#1021=DIRECTION('',(0.,1.,0.));
#1022=DIRECTION('',(1.60955259960289E-13,0.,1.));
#1023=DIRECTION('center_axis',(-1.,0.,7.7851004775544E-14));
#1024=DIRECTION('ref_axis',(7.7851004775544E-14,0.,1.));
#1025=DIRECTION('',(0.,1.,0.));
#1026=DIRECTION('',(7.7851004775544E-14,0.,1.));
#1027=DIRECTION('',(-7.7851004775544E-14,0.,-1.));
#1028=DIRECTION('',(7.7851004775544E-14,0.,1.));
#1029=DIRECTION('',(0.,1.,0.));
#1030=DIRECTION('',(7.7851004775544E-14,0.,1.));
#1031=DIRECTION('center_axis',(0.,1.,0.));
#1032=DIRECTION('ref_axis',(0.,0.,1.));
#1033=DIRECTION('',(-1.59926272766736E-13,0.,-1.));
#1034=DIRECTION('center_axis',(0.,1.,0.));
#1035=DIRECTION('ref_axis',(-1.,0.,0.));
#1036=DIRECTION('',(-1.,0.,7.45329723865022E-14));
#1037=DIRECTION('',(1.,0.,-9.87358343233302E-14));
#1038=DIRECTION('',(-1.59926272766736E-13,0.,-1.));
#1039=DIRECTION('center_axis',(0.,1.,0.));
#1040=DIRECTION('ref_axis',(-1.,0.,0.));
#1041=DIRECTION('',(1.,0.,-9.82917451134805E-14));
#1042=DIRECTION('',(-1.59926272766736E-13,0.,-1.));
#1043=DIRECTION('',(-1.,0.,1.18571819029966E-13));
#1044=DIRECTION('center_axis',(1.18571819029966E-13,0.,1.));
#1045=DIRECTION('ref_axis',(1.,0.,-1.18571819029966E-13));
#1046=DIRECTION('',(0.,1.,0.));
#1047=DIRECTION('center_axis',(-9.87358343233302E-14,0.,-1.));
#1048=DIRECTION('ref_axis',(-1.,0.,9.87358343233302E-14));
#1049=DIRECTION('',(0.,1.,0.));
#1050=DIRECTION('center_axis',(0.,-1.,0.));
#1051=DIRECTION('ref_axis',(0.,0.,-1.));
#1052=DIRECTION('',(-1.,0.,7.45329723865022E-14));
#1053=DIRECTION('',(7.78510047755436E-14,0.,1.));
#1054=DIRECTION('',(1.,0.,-9.82917451134805E-14));
#1055=DIRECTION('center_axis',(0.,1.,0.));
#1056=DIRECTION('ref_axis',(-1.,0.,0.));
#1057=DIRECTION('',(1.,0.,-9.82917451134805E-14));
#1058=DIRECTION('',(7.78510047755436E-14,0.,1.));
#1059=DIRECTION('',(-1.,0.,1.18571819029966E-13));
#1060=DIRECTION('center_axis',(0.,1.,0.));
#1061=DIRECTION('ref_axis',(-1.,0.,0.));
#1062=DIRECTION('',(-1.,0.,7.45329723865022E-14));
#1063=DIRECTION('',(7.78510047755436E-14,0.,1.));
#1064=DIRECTION('center_axis',(1.,0.,-7.78510047755436E-14));
#1065=DIRECTION('ref_axis',(-7.78510047755436E-14,0.,-1.));
#1066=DIRECTION('',(-7.78510047755436E-14,0.,-1.));
#1067=DIRECTION('',(0.,1.,0.));
#1068=DIRECTION('center_axis',(1.18571819029966E-13,0.,1.));
#1069=DIRECTION('ref_axis',(1.,0.,-1.18571819029966E-13));
#1070=DIRECTION('center_axis',(0.,1.,0.));
#1071=DIRECTION('ref_axis',(0.,0.,1.));
#1072=DIRECTION('center_axis',(1.,0.,-8.63361669737934E-14));
#1073=DIRECTION('ref_axis',(-8.63361669737934E-14,0.,-1.));
#1074=DIRECTION('',(0.,1.,0.));
#1075=DIRECTION('',(8.63361669737934E-14,0.,1.));
#1076=DIRECTION('',(0.,1.,0.));
#1077=DIRECTION('center_axis',(0.,1.,0.));
#1078=DIRECTION('ref_axis',(-1.,0.,0.));
#1079=DIRECTION('',(1.,0.,-7.45329723865022E-14));
#1080=DIRECTION('',(-1.,0.,9.82917451134805E-14));
#1081=DIRECTION('center_axis',(0.,-1.,2.22044604925031E-16));
#1082=DIRECTION('ref_axis',(1.,0.,0.));
#1083=DIRECTION('center_axis',(9.82917451134805E-14,0.,1.));
#1084=DIRECTION('ref_axis',(1.,0.,-9.82917451134805E-14));
#1085=DIRECTION('center_axis',(-7.45329723865022E-14,0.,-1.));
#1086=DIRECTION('ref_axis',(-1.,0.,7.45329723865022E-14));
#1087=DIRECTION('center_axis',(0.,1.,-2.22044604925031E-16));
#1088=DIRECTION('ref_axis',(0.888986340233613,-1.01681710718555E-16,-0.457933714502489));
#1089=DIRECTION('center_axis',(0.,-1.,2.22044604925031E-16));
#1090=DIRECTION('ref_axis',(1.,0.,-7.75542193743062E-15));
#1091=DIRECTION('center_axis',(0.,1.,-2.22044604925031E-16));
#1092=DIRECTION('ref_axis',(1.,0.,0.));
#1093=DIRECTION('center_axis',(0.,1.,-2.22044604925031E-16));
#1094=DIRECTION('ref_axis',(1.,0.,0.));
#1095=DIRECTION('center_axis',(0.,1.,-2.22044604925031E-16));
#1096=DIRECTION('ref_axis',(1.,0.,0.));
#1097=DIRECTION('',(0.,-1.,2.22044604925031E-16));
#1098=DIRECTION('center_axis',(0.,-1.,2.22044604925031E-16));
#1099=DIRECTION('ref_axis',(1.,0.,0.));
#1100=DIRECTION('center_axis',(0.,1.,-2.22044604925031E-16));
#1101=DIRECTION('ref_axis',(1.,0.,0.));
#1102=DIRECTION('center_axis',(0.,1.,-2.22044604925031E-16));
#1103=DIRECTION('ref_axis',(1.,0.,0.));
#1104=DIRECTION('center_axis',(0.,1.,-2.22044604925031E-16));
#1105=DIRECTION('ref_axis',(1.,0.,0.));
#1106=DIRECTION('',(0.,-1.,2.22044604925031E-16));
#1107=DIRECTION('center_axis',(0.,-1.,2.22044604925031E-16));
#1108=DIRECTION('ref_axis',(1.,0.,0.));
#1109=DIRECTION('center_axis',(0.,1.,-2.22044604925031E-16));
#1110=DIRECTION('ref_axis',(1.,0.,0.));
#1111=DIRECTION('center_axis',(0.,1.,-2.22044604925031E-16));
#1112=DIRECTION('ref_axis',(1.,0.,0.));
#1113=DIRECTION('center_axis',(0.,1.,-2.22044604925031E-16));
#1114=DIRECTION('ref_axis',(1.,0.,0.));
#1115=DIRECTION('',(0.,-1.,2.22044604925031E-16));
#1116=DIRECTION('center_axis',(0.,-1.,2.22044604925031E-16));
#1117=DIRECTION('ref_axis',(1.,0.,0.));
#1118=DIRECTION('center_axis',(0.,1.,-2.22044604925031E-16));
#1119=DIRECTION('ref_axis',(1.,0.,0.));
#1120=DIRECTION('center_axis',(0.,1.,-2.22044604925031E-16));
#1121=DIRECTION('ref_axis',(1.,0.,0.));
#1122=CARTESIAN_POINT('',(0.,0.,0.));
#1123=CARTESIAN_POINT('Origin',(0.,39.05,6.0507154842071E-15));
#1124=CARTESIAN_POINT('',(-10.9421669965279,36.1214544292531,-0.000278009071914831));
#1125=CARTESIAN_POINT('',(-10.9419234797879,35.9785455707469,-0.000199176806414829));
#1126=CARTESIAN_POINT('',(-10.942,39.05,7.39072401183414E-15));
#1127=CARTESIAN_POINT('',(4.74915750032867,35.8,-9.85762988943447));
#1128=CARTESIAN_POINT('Ctrl Pts',(-10.9421669965279,36.1214544292531,-0.000278009071914831));
#1129=CARTESIAN_POINT('Ctrl Pts',(-10.9425470173829,36.1160992979917,-0.368423386976898));
#1130=CARTESIAN_POINT('Ctrl Pts',(-10.9243320085827,36.1107441667304,-0.736531244525028));
#1131=CARTESIAN_POINT('Ctrl Pts',(-10.8872414498999,36.105389035469,-1.10272714380921));
#1132=CARTESIAN_POINT('Ctrl Pts',(-10.7038870086187,36.0789163390394,-2.91298956360283));
#1133=CARTESIAN_POINT('Ctrl Pts',(-10.0592620144917,36.0524436426097,-4.67652857396377));
#1134=CARTESIAN_POINT('Ctrl Pts',(-9.03197003204801,36.0259709461801,-6.17831101603273));
#1135=CARTESIAN_POINT('Ctrl Pts',(-8.00467804960436,35.9994982497505,-7.68009345810168));
#1136=CARTESIAN_POINT('Ctrl Pts',(-6.59471907884412,35.9730255533209,-8.92011933187864));
#1137=CARTESIAN_POINT('Ctrl Pts',(-4.97402151768079,35.9465528568913,-9.74716477040625));
#1138=CARTESIAN_POINT('Ctrl Pts',(-3.35332395651747,35.9200801604617,-10.5742102089339));
#1139=CARTESIAN_POINT('Ctrl Pts',(-1.52188780495105,35.893607464032,-10.9882752122121));
#1140=CARTESIAN_POINT('Ctrl Pts',(0.2969680190242,35.8671347676024,-10.9389057349146));
#1141=CARTESIAN_POINT('Ctrl Pts',(1.8345076921427,35.8447565117349,-10.897172064227));
#1142=CARTESIAN_POINT('Ctrl Pts',(3.36305760600455,35.8223782558675,-10.524273375664));
#1143=CARTESIAN_POINT('Ctrl Pts',(4.74956753418963,35.8,-9.85793791519615));
#1144=CARTESIAN_POINT('',(-4.74915750032805,35.8,-9.85762988943477));
#1145=CARTESIAN_POINT('Origin',(0.,35.8,6.77236045021345E-15));
#1146=CARTESIAN_POINT('Ctrl Pts',(-4.749157500328,35.8,-9.85762988943479));
#1147=CARTESIAN_POINT('Ctrl Pts',(-6.3888052455311,35.8264726964296,-9.06768895288441));
#1148=CARTESIAN_POINT('Ctrl Pts',(-7.82670219963437,35.8529453928592,-7.86109594775433));
#1149=CARTESIAN_POINT('Ctrl Pts',(-8.88809872828899,35.8794180892888,-6.38349599342592));
#1150=CARTESIAN_POINT('Ctrl Pts',(-9.94949525694361,35.9058907857185,-4.90589603909751));
#1151=CARTESIAN_POINT('Ctrl Pts',(-10.6343913601496,35.9323634821481,-3.15728913557078));
#1152=CARTESIAN_POINT('Ctrl Pts',(-10.8591583173549,35.9588361785777,-1.35162413629193));
#1153=CARTESIAN_POINT('Ctrl Pts',(-10.9149393131696,35.9654059759674,-0.903507593629915));
#1154=CARTESIAN_POINT('Ctrl Pts',(-10.942381125228,35.9719757733572,-0.45187686397418));
#1155=CARTESIAN_POINT('Ctrl Pts',(-10.9419234797879,35.9785455707469,-0.000199176806414829));
#1156=CARTESIAN_POINT('Origin',(0.,39.05,6.0507154842071E-15));
#1157=CARTESIAN_POINT('',(-10.942144937061,37.1214544292531,0.000278252123919742));
#1158=CARTESIAN_POINT('',(-10.9424050906588,36.9785455707469,0.000248949531525002));
#1159=CARTESIAN_POINT('',(-10.942,39.05,7.39072401183414E-15));
#1160=CARTESIAN_POINT('Ctrl Pts',(-10.942144937061,37.1214544292531,0.000278252123919742));
#1161=CARTESIAN_POINT('Ctrl Pts',(-10.9406518175039,37.1004383218138,-1.44450946131481));
#1162=CARTESIAN_POINT('Ctrl Pts',(-10.6528488401713,37.0794222143746,-2.88987429100695));
#1163=CARTESIAN_POINT('Ctrl Pts',(-10.0954749573251,37.0584061069353,-4.22248956269645));
#1164=CARTESIAN_POINT('Ctrl Pts',(-9.39338539858909,37.0319334105057,-5.901102961817));
#1165=CARTESIAN_POINT('Ctrl Pts',(-8.26357066111751,37.0054607140761,-7.40081788241972));
#1166=CARTESIAN_POINT('Ctrl Pts',(-6.84379783207645,36.9789880176464,-8.53876243643746));
#1167=CARTESIAN_POINT('Ctrl Pts',(-5.4240250030354,36.9525153212168,-9.67670699045521));
#1168=CARTESIAN_POINT('Ctrl Pts',(-3.71429408242487,36.9260426247872,-10.452881177888));
#1169=CARTESIAN_POINT('Ctrl Pts',(-1.92308584275573,36.8995699283576,-10.7726400468999));
#1170=CARTESIAN_POINT('Ctrl Pts',(-0.131877603086595,36.873097231928,-11.0923989159119));
#1171=CARTESIAN_POINT('Ctrl Pts',(1.74080795564115,36.8466245354983,-10.9557424665031));
#1172=CARTESIAN_POINT('Ctrl Pts',(3.46661973681854,36.8201518390687,-10.3793342889209));
#1173=CARTESIAN_POINT('Ctrl Pts',(5.19243151799594,36.7936791426391,-9.8029261113387));
#1174=CARTESIAN_POINT('Ctrl Pts',(6.77136952162297,36.7672064462095,-8.78676620558311));
#1175=CARTESIAN_POINT('Ctrl Pts',(8.01090157078333,36.7407337497799,-7.45476282663123));
#1176=CARTESIAN_POINT('Ctrl Pts',(9.2504336199437,36.7142610533502,-6.12275944767934));
#1177=CARTESIAN_POINT('Ctrl Pts',(10.1505597146374,36.6877883569206,-4.47491259553115));
#1178=CARTESIAN_POINT('Ctrl Pts',(10.6015204900513,36.661315660491,-2.71215706921398));
#1179=CARTESIAN_POINT('Ctrl Pts',(11.0524812654652,36.6348429640614,-0.949401542896813));
#1180=CARTESIAN_POINT('Ctrl Pts',(11.0542767215994,36.6083702676317,0.928262657589337));
#1181=CARTESIAN_POINT('Ctrl Pts',(10.6066879203968,36.5818975712021,2.6918774151958));
#1182=CARTESIAN_POINT('Ctrl Pts',(10.1590991191941,36.5554248747725,4.45549217280226));
#1183=CARTESIAN_POINT('Ctrl Pts',(9.26212606065455,36.5289521783429,6.10505748752904));
#1184=CARTESIAN_POINT('Ctrl Pts',(8.02514364582144,36.5024794819133,7.43942891646687));
#1185=CARTESIAN_POINT('Ctrl Pts',(6.78816123098832,36.4760067854837,8.7738003454047));
#1186=CARTESIAN_POINT('Ctrl Pts',(5.21116945986162,36.449534089054,9.79297788855358));
#1187=CARTESIAN_POINT('Ctrl Pts',(3.4864631721892,36.4230613926244,10.3726855744176));
#1188=CARTESIAN_POINT('Ctrl Pts',(1.76175688451675,36.3965886961948,10.9523932602816));
#1189=CARTESIAN_POINT('Ctrl Pts',(-0.110663919701435,36.3701159997652,11.0926310888608));
#1190=CARTESIAN_POINT('Ctrl Pts',(-1.9024803927796,36.3436433033356,10.7762982405897));
#1191=CARTESIAN_POINT('Ctrl Pts',(-3.69429686585775,36.317170606906,10.4599653923186));
#1192=CARTESIAN_POINT('Ctrl Pts',(-5.40550900779589,36.2906979104763,9.68706186719725));
#1193=CARTESIAN_POINT('Ctrl Pts',(-6.82745549848452,36.2642252140467,8.55183487003009));
#1194=CARTESIAN_POINT('Ctrl Pts',(-8.24940198917315,36.2377525176171,7.41660787286293));
#1195=CARTESIAN_POINT('Ctrl Pts',(-9.38208282861228,36.2112798211875,5.91905740364996));
#1196=CARTESIAN_POINT('Ctrl Pts',(-10.0873813041142,36.1848071247579,4.24178925443034));
#1197=CARTESIAN_POINT('Ctrl Pts',(-10.6500057635862,36.1636895595896,2.90381374672409));
#1198=CARTESIAN_POINT('Ctrl Pts',(-10.9406684123142,36.1425719944214,1.45147613659733));
#1199=CARTESIAN_POINT('Ctrl Pts',(-10.9421669965279,36.1214544292531,-0.000278009071914831));
#1200=CARTESIAN_POINT('Ctrl Pts',(-10.9419234797879,35.9785455707469,-0.000199176806414829));
#1201=CARTESIAN_POINT('Ctrl Pts',(-10.9405370639748,35.9984484697868,1.3681376033096));
#1202=CARTESIAN_POINT('Ctrl Pts',(-10.6831008216035,36.0183513688267,2.73690534029322));
#1203=CARTESIAN_POINT('Ctrl Pts',(-10.1818405021195,36.0382542678666,4.00970433512726));
#1204=CARTESIAN_POINT('Ctrl Pts',(-9.51511791847404,36.0647269642962,5.70264471223662));
#1205=CARTESIAN_POINT('Ctrl Pts',(-8.41703493997835,36.0911996607258,7.22580237142434));
#1206=CARTESIAN_POINT('Ctrl Pts',(-7.02145501809739,36.1176723571554,8.39330298518956));
#1207=CARTESIAN_POINT('Ctrl Pts',(-5.62587509621643,36.144145053585,9.56080359895478));
#1208=CARTESIAN_POINT('Ctrl Pts',(-3.9327982309502,36.1706177500147,10.3726471672975));
#1209=CARTESIAN_POINT('Ctrl Pts',(-2.14869146210292,36.1970904464443,10.7299102846022));
#1210=CARTESIAN_POINT('Ctrl Pts',(-0.364584693255643,36.2235631428739,11.0871734019069));
#1211=CARTESIAN_POINT('Ctrl Pts',(1.51055197917268,36.2500358393035,10.9898560681736));
#1212=CARTESIAN_POINT('Ctrl Pts',(3.24807700313345,36.2765085357332,10.4497898198081));
#1213=CARTESIAN_POINT('Ctrl Pts',(4.98560202709423,36.3029812321628,9.90972357144255));
#1214=CARTESIAN_POINT('Ctrl Pts',(6.58551540258744,36.3294539285924,8.92690840844473));
#1215=CARTESIAN_POINT('Ctrl Pts',(7.85272309186775,36.355926625022,7.62120400104308));
#1216=CARTESIAN_POINT('Ctrl Pts',(9.11993078114805,36.3823993214516,6.31549959364143));
#1217=CARTESIAN_POINT('Ctrl Pts',(10.0544327842154,36.4088720178812,4.68690594183595));
#1218=CARTESIAN_POINT('Ctrl Pts',(10.5422800775479,36.4353447143109,2.93400151667506));
#1219=CARTESIAN_POINT('Ctrl Pts',(11.0301273708803,36.4618174107405,1.18109709151418));
#1220=CARTESIAN_POINT('Ctrl Pts',(11.0713199544778,36.4882901071701,-0.696118107002114));
#1221=CARTESIAN_POINT('Ctrl Pts',(10.6608338746105,36.5147628035997,-2.46873638910356));
#1222=CARTESIAN_POINT('Ctrl Pts',(10.2503477947433,36.5412355000293,-4.24135467120501));
#1223=CARTESIAN_POINT('Ctrl Pts',(9.3881830514113,36.567708196459,-5.9093760368916));
#1224=CARTESIAN_POINT('Ctrl Pts',(8.17947059488715,36.5941808928886,-7.26940779170562));
#1225=CARTESIAN_POINT('Ctrl Pts',(6.970758138363,36.6206535893182,-8.62943954651963));
#1226=CARTESIAN_POINT('Ctrl Pts',(5.41549796864668,36.6471262857478,-9.68148169046106));
#1227=CARTESIAN_POINT('Ctrl Pts',(3.70333478904164,36.6735989821775,-10.2972495094441));
#1228=CARTESIAN_POINT('Ctrl Pts',(1.99117160943659,36.7000716786071,-10.9130173284272));
#1229=CARTESIAN_POINT('Ctrl Pts',(0.122105419942812,36.7265443750367,-11.092510822452));
#1230=CARTESIAN_POINT('Ctrl Pts',(-1.67595389620606,36.7530170714663,-10.8138434718642));
#1231=CARTESIAN_POINT('Ctrl Pts',(-3.47401321235493,36.7794897678959,-10.5351761212764));
#1232=CARTESIAN_POINT('Ctrl Pts',(-5.2010656551589,36.8059624643256,-9.79834792607605));
#1233=CARTESIAN_POINT('Ctrl Pts',(-6.64651836594115,36.8324351607552,-8.69320581617065));
#1234=CARTESIAN_POINT('Ctrl Pts',(-8.09197107672341,36.8589078571848,-7.58806370626525));
#1235=CARTESIAN_POINT('Ctrl Pts',(-9.25582405548395,36.8853805536144,-6.11460768165477));
#1236=CARTESIAN_POINT('Ctrl Pts',(-9.9961596374054,36.911853250044,-4.45250780766115));
#1237=CARTESIAN_POINT('Ctrl Pts',(-10.6178655799604,36.9340840236116,-3.05673892390723));
#1238=CARTESIAN_POINT('Ctrl Pts',(-10.9409067188463,36.9563147971793,-1.52793824816574));
#1239=CARTESIAN_POINT('Ctrl Pts',(-10.9424050906588,36.9785455707469,0.000248949531525002));
#1240=CARTESIAN_POINT('Origin',(0.,39.05,6.0507154842071E-15));
#1241=CARTESIAN_POINT('',(-10.9412590965369,38.1214544292531,-0.000180355708493118));
#1242=CARTESIAN_POINT('',(-10.9411361861004,37.9785455707469,-0.000113605646205905));
#1243=CARTESIAN_POINT('',(-10.942,39.05,7.39072401183414E-15));
#1244=CARTESIAN_POINT('Ctrl Pts',(-10.9412590965369,38.1214544292531,-0.000180355708493118));
#1245=CARTESIAN_POINT('Ctrl Pts',(-10.9416703165952,38.1112500420656,-0.701861247515325));
#1246=CARTESIAN_POINT('Ctrl Pts',(-10.8752120537804,38.101045654878,-1.40346523738965));
#1247=CARTESIAN_POINT('Ctrl Pts',(-10.7411352579109,38.0908412676905,-2.09190011490573));
#1248=CARTESIAN_POINT('Ctrl Pts',(-10.3933069905123,38.0643685712609,-3.87786993250453));
#1249=CARTESIAN_POINT('Ctrl Pts',(-9.59039820259437,38.0378958748312,-5.57521010618707));
#1250=CARTESIAN_POINT('Ctrl Pts',(-8.43031379962681,38.0114231784016,-6.9769507637149));
#1251=CARTESIAN_POINT('Ctrl Pts',(-7.27022939665923,37.984950481972,-8.37869142124274));
#1252=CARTESIAN_POINT('Ctrl Pts',(-5.75296937864207,37.9584777855424,-9.48483256261585));
#1253=CARTESIAN_POINT('Ctrl Pts',(-4.06354504557876,37.9320050891127,-10.1604938060131));
#1254=CARTESIAN_POINT('Ctrl Pts',(-2.37412071251544,37.9055323926831,-10.8361550494103));
#1255=CARTESIAN_POINT('Ctrl Pts',(-0.512532064405953,37.8790596962535,-11.0813363948316));
#1256=CARTESIAN_POINT('Ctrl Pts',(1.29422293414977,37.8525869998239,-10.8661409762714));
#1257=CARTESIAN_POINT('Ctrl Pts',(3.10097793270549,37.8261143033943,-10.6509455577112));
#1258=CARTESIAN_POINT('Ctrl Pts',(4.85289928170748,37.7996416069647,-9.97537337516954));
#1259=CARTESIAN_POINT('Ctrl Pts',(6.33636160222684,37.773168910535,-8.92180219267931));
#1260=CARTESIAN_POINT('Ctrl Pts',(7.8198239227462,37.7466962141054,-7.86823101018909));
#1261=CARTESIAN_POINT('Ctrl Pts',(9.03482721478292,37.7202235176758,-6.43666082775031));
#1262=CARTESIAN_POINT('Ctrl Pts',(9.83321668884854,37.6937508212462,-4.80165411807627));
#1263=CARTESIAN_POINT('Ctrl Pts',(10.6316061629142,37.6672781248165,-3.16664740840222));
#1264=CARTESIAN_POINT('Ctrl Pts',(11.0133818190087,37.6408054283869,-1.3282041714929));
#1265=CARTESIAN_POINT('Ctrl Pts',(10.931990785769,37.6143327319573,0.489499927825114));
#1266=CARTESIAN_POINT('Ctrl Pts',(10.8505997525293,37.5878600355277,2.30720402714313));
#1267=CARTESIAN_POINT('Ctrl Pts',(10.3060420299555,37.5613873390981,4.10416898886983));
#1268=CARTESIAN_POINT('Ctrl Pts',(9.36471977125957,37.5349146426685,5.66127691649392));
#1269=CARTESIAN_POINT('Ctrl Pts',(8.42339751256367,37.5084419462388,7.218384844118));
#1270=CARTESIAN_POINT('Ctrl Pts',(7.0853107177457,37.4819692498092,8.53563573763948));
#1271=CARTESIAN_POINT('Ctrl Pts',(5.5136227038969,37.4554965533796,9.45240696323809));
#1272=CARTESIAN_POINT('Ctrl Pts',(3.9419346900481,37.42902385695,10.3691781888367));
#1273=CARTESIAN_POINT('Ctrl Pts',(2.13664545716846,37.4025511605204,10.8854697465125));
#1274=CARTESIAN_POINT('Ctrl Pts',(0.317887944823843,37.3760784640908,10.9383261961657));
#1275=CARTESIAN_POINT('Ctrl Pts',(-1.50086956752079,37.3496057676611,10.991182645819));
#1276=CARTESIAN_POINT('Ctrl Pts',(-3.3330953593304,37.3231330712315,10.5806039874498));
#1277=CARTESIAN_POINT('Ctrl Pts',(-4.95537190715577,37.2966603748019,9.75665526611406));
#1278=CARTESIAN_POINT('Ctrl Pts',(-6.57764845498116,37.2701876783723,8.93270654477833));
#1279=CARTESIAN_POINT('Ctrl Pts',(-7.9899757588223,37.2437149819427,7.69538776047608));
#1280=CARTESIAN_POINT('Ctrl Pts',(-9.02013777964265,37.217242285513,6.19557480424611));
#1281=CARTESIAN_POINT('Ctrl Pts',(-10.050299800463,37.1907695890834,4.69576184801617));
#1282=CARTESIAN_POINT('Ctrl Pts',(-10.6982965382625,37.1642968926538,2.93345471985852));
#1283=CARTESIAN_POINT('Ctrl Pts',(-10.8851127171621,37.1378241962242,1.12354521696051));
#1284=CARTESIAN_POINT('Ctrl Pts',(-10.9236195276682,37.1323676072338,0.750484154091312));
#1285=CARTESIAN_POINT('Ctrl Pts',(-10.9425326082679,37.1269110182434,0.375400655419977));
#1286=CARTESIAN_POINT('Ctrl Pts',(-10.942144937061,37.1214544292531,0.000278252123919742));
#1287=CARTESIAN_POINT('Ctrl Pts',(-10.9424050906588,36.9785455707469,0.000248949531525002));
#1288=CARTESIAN_POINT('Ctrl Pts',(-10.9426909996321,36.9827874936089,0.291847089002661));
#1289=CARTESIAN_POINT('Ctrl Pts',(-10.9312696522582,36.9870294164709,0.583422891959148));
#1290=CARTESIAN_POINT('Ctrl Pts',(-10.9079821053432,36.9912713393329,0.874047866398006));
#1291=CARTESIAN_POINT('Ctrl Pts',(-10.7626508062771,37.0177440357625,2.68775994308679));
#1292=CARTESIAN_POINT('Ctrl Pts',(-10.1551700230627,37.0442167321921,4.46444037308758));
#1293=CARTESIAN_POINT('Ctrl Pts',(-9.15961459904246,37.0706894286217,5.9874446794069));
#1294=CARTESIAN_POINT('Ctrl Pts',(-8.16405917502226,37.0971621250513,7.51044898572622));
#1295=CARTESIAN_POINT('Ctrl Pts',(-6.78042911019632,37.123634821481,8.77977716836405));
#1296=CARTESIAN_POINT('Ctrl Pts',(-5.17744117002552,37.1501075179106,9.64065019726708));
#1297=CARTESIAN_POINT('Ctrl Pts',(-3.57445322985471,37.1765802143402,10.5015232261701));
#1298=CARTESIAN_POINT('Ctrl Pts',(-1.75210741433905,37.2030529107698,10.9539411013383));
#1299=CARTESIAN_POINT('Ctrl Pts',(0.0673834971584961,37.2295256071995,10.9427369892987));
#1300=CARTESIAN_POINT('Ctrl Pts',(1.88687440865605,37.2559983036291,10.9315328772592));
#1301=CARTESIAN_POINT('Ctrl Pts',(3.7035104161355,37.2824710000587,10.4567067780119));
#1302=CARTESIAN_POINT('Ctrl Pts',(5.29577497875725,37.3089436964883,9.57615793002332));
#1303=CARTESIAN_POINT('Ctrl Pts',(6.88803954137901,37.3354163929179,8.69560908203479));
#1304=CARTESIAN_POINT('Ctrl Pts',(8.25593265914308,37.3618890893475,7.40933748530508));
#1305=CARTESIAN_POINT('Ctrl Pts',(9.23265649891546,37.3883617857772,5.8741882254626));
#1306=CARTESIAN_POINT('Ctrl Pts',(10.2093803386878,37.4148344822068,4.33903896562013));
#1307=CARTESIAN_POINT('Ctrl Pts',(10.7949349004685,37.4413071786364,2.55501204266491));
#1308=CARTESIAN_POINT('Ctrl Pts',(10.9179189677575,37.4677798750661,0.73964771847333));
#1309=CARTESIAN_POINT('Ctrl Pts',(11.0409030350465,37.4942525714957,-1.07571660571826));
#1310=CARTESIAN_POINT('Ctrl Pts',(10.7013166078437,37.5207252679253,-2.92241833114619));
#1311=CARTESIAN_POINT('Ctrl Pts',(9.9405680972194,37.5471979643549,-4.57527477178987));
#1312=CARTESIAN_POINT('Ctrl Pts',(9.17981958659505,37.5736706607845,-6.22813121243356));
#1313=CARTESIAN_POINT('Ctrl Pts',(7.99790899254906,37.6001433572141,-7.68714236829298));
#1314=CARTESIAN_POINT('Ctrl Pts',(6.538955854787,37.6266160536438,-8.77439967537647));
#1315=CARTESIAN_POINT('Ctrl Pts',(5.08000271702493,37.6530887500734,-9.86165698245996));
#1316=CARTESIAN_POINT('Ctrl Pts',(3.34400703554678,37.679561446503,-10.5771604407675));
#1317=CARTESIAN_POINT('Ctrl Pts',(1.54265224895732,37.7060341429326,-10.8336631557411));
#1318=CARTESIAN_POINT('Ctrl Pts',(-0.258702537632102,37.7325068393622,-11.0901658707146));
#1319=CARTESIAN_POINT('Ctrl Pts',(-2.12541642933281,37.7589795357919,-10.8876678423542));
#1320=CARTESIAN_POINT('Ctrl Pts',(-3.82986650079458,37.7854522322215,-10.250861228198));
#1321=CARTESIAN_POINT('Ctrl Pts',(-5.5343165722564,37.8119249286511,-9.61405461404177));
#1322=CARTESIAN_POINT('Ctrl Pts',(-7.07650282347926,37.8383976250807,-8.5429394140897));
#1323=CARTESIAN_POINT('Ctrl Pts',(-8.26837450521243,37.8648703215103,-7.1681250250734));
#1324=CARTESIAN_POINT('Ctrl Pts',(-9.46024618694557,37.8913430179399,-5.79331063605713));
#1325=CARTESIAN_POINT('Ctrl Pts',(-10.301803299189,37.9178157143696,-4.11479705797666));
#1326=CARTESIAN_POINT('Ctrl Pts',(-10.690428246073,37.9442884107992,-2.33725849001076));
#1327=CARTESIAN_POINT('Ctrl Pts',(-10.8580624347607,37.9557074641151,-1.57051348794301));
#1328=CARTESIAN_POINT('Ctrl Pts',(-10.9414219640485,37.967126517431,-0.785343436976274));
#1329=CARTESIAN_POINT('Ctrl Pts',(-10.9411361861004,37.9785455707469,-0.000113605646205905));
#1330=CARTESIAN_POINT('Origin',(0.,39.05,6.0507154842071E-15));
#1331=CARTESIAN_POINT('',(-10.9429295946236,39.1214544292531,4.42241205511618E-5));
#1332=CARTESIAN_POINT('',(-10.942929622682,38.9785455707469,-4.42241210237132E-5));
#1333=CARTESIAN_POINT('',(-10.942,39.05,7.39072401183414E-15));
#1334=CARTESIAN_POINT('Ctrl Pts',(-10.9429295946236,39.1214544292531,4.42241205511618E-5));
#1335=CARTESIAN_POINT('Ctrl Pts',(-10.9425251870196,39.0955890658877,-1.77774489643549));
#1336=CARTESIAN_POINT('Ctrl Pts',(-10.500730558001,39.0697237025222,-3.55572772346882));
#1337=CARTESIAN_POINT('Ctrl Pts',(-9.66790488400791,39.0438583391568,-5.1263679026437));
#1338=CARTESIAN_POINT('Ctrl Pts',(-8.81552400170911,39.0173856427272,-6.73388758353935));
#1339=CARTESIAN_POINT('Ctrl Pts',(-7.55353323355531,38.9909129462975,-8.12421326049669));
#1340=CARTESIAN_POINT('Ctrl Pts',(-6.03581691699431,38.9644402498679,-9.12781172373777));
#1341=CARTESIAN_POINT('Ctrl Pts',(-4.51810060043331,38.9379675534383,-10.1314101869789));
#1342=CARTESIAN_POINT('Ctrl Pts',(-2.7446587354651,38.9114948570087,-10.7482814365037));
#1343=CARTESIAN_POINT('Ctrl Pts',(-0.931740864700867,38.8850221605791,-10.90320556903));
#1344=CARTESIAN_POINT('Ctrl Pts',(0.881177006063369,38.8585494641494,-11.0581297015562));
#1345=CARTESIAN_POINT('Ctrl Pts',(2.73357088262364,38.8320767677198,-10.7511067170839));
#1346=CARTESIAN_POINT('Ctrl Pts',(4.39956399029971,38.8056040712902,-10.0195743130503));
#1347=CARTESIAN_POINT('Ctrl Pts',(6.06555709797579,38.7791313748606,-9.28804190901669));
#1348=CARTESIAN_POINT('Ctrl Pts',(7.54514943676764,38.752658678431,-8.13200008542179));
#1349=CARTESIAN_POINT('Ctrl Pts',(8.65792281940054,38.7261859820014,-6.69241400189669));
#1350=CARTESIAN_POINT('Ctrl Pts',(9.77069620203343,38.6997132855717,-5.25282791837163));
#1351=CARTESIAN_POINT('Ctrl Pts',(10.5166506285074,38.6732405891421,-3.52969757491637));
#1352=CARTESIAN_POINT('Ctrl Pts',(10.8048260810624,38.6467678927125,-1.73313763950648));
#1353=CARTESIAN_POINT('Ctrl Pts',(11.0930015336174,38.6202951962829,0.0634222959034297));
#1354=CARTESIAN_POINT('Ctrl Pts',(10.9233980122534,38.5938224998533,1.93341182326798));
#1355=CARTESIAN_POINT('Ctrl Pts',(10.3166965918029,38.5673498034236,3.64880859352221));
#1356=CARTESIAN_POINT('Ctrl Pts',(9.7099951713524,38.540877106994,5.36420536377645));
#1357=CARTESIAN_POINT('Ctrl Pts',(8.66619585181528,38.5144044105644,6.92500937692035));
#1358=CARTESIAN_POINT('Ctrl Pts',(7.31257719240827,38.4879317141348,8.1408996753768));
#1359=CARTESIAN_POINT('Ctrl Pts',(5.95895853300126,38.4614590177052,9.35678997383326));
#1360=CARTESIAN_POINT('Ctrl Pts',(4.29552053372436,38.4349863212755,10.2277665576023));
#1361=CARTESIAN_POINT('Ctrl Pts',(2.52509911134001,38.4085136248459,10.6476244861185));
#1362=CARTESIAN_POINT('Ctrl Pts',(0.754677688955677,38.3820409284163,11.0674824146347));
#1363=CARTESIAN_POINT('Ctrl Pts',(-1.12272715653611,38.3555682319867,11.0362216878981));
#1364=CARTESIAN_POINT('Ctrl Pts',(-2.87818886872925,38.3290955355571,10.5576541691515));
#1365=CARTESIAN_POINT('Ctrl Pts',(-4.63365058092241,38.3026228391274,10.079086650405));
#1366=CARTESIAN_POINT('Ctrl Pts',(-6.26716915981692,38.2761501426978,9.15321233964858));
#1367=CARTESIAN_POINT('Ctrl Pts',(-7.57955699599027,38.2496774462682,7.8929302837422));
#1368=CARTESIAN_POINT('Ctrl Pts',(-8.89194483216362,38.2232047498386,6.63264822783582));
#1369=CARTESIAN_POINT('Ctrl Pts',(-9.88320192561581,38.196732053409,5.03795842677951));
#1370=CARTESIAN_POINT('Ctrl Pts',(-10.4324565989023,38.1702593569793,3.30331379549381));
#1371=CARTESIAN_POINT('Ctrl Pts',(-10.769990967622,38.1539910477373,2.23731980572829));
#1372=CARTESIAN_POINT('Ctrl Pts',(-10.9406035103705,38.1377227384952,1.11847199718367));
#1373=CARTESIAN_POINT('Ctrl Pts',(-10.9412590965369,38.1214544292531,-0.000180355708493118));
#1374=CARTESIAN_POINT('Ctrl Pts',(-10.9411361861004,37.9785455707469,-0.000113605646205905));
#1375=CARTESIAN_POINT('Ctrl Pts',(-10.9407594474057,37.9935992138606,1.03504835709146));
#1376=CARTESIAN_POINT('Ctrl Pts',(-10.7950161160814,38.0086528569743,2.07031421170318));
#1377=CARTESIAN_POINT('Ctrl Pts',(-10.5053480693288,38.023706500088,3.06360821186757));
#1378=CARTESIAN_POINT('Ctrl Pts',(-9.99595016417622,38.0501791965177,4.81037278792861));
#1379=CARTESIAN_POINT('Ctrl Pts',(-9.04146157234678,38.0766518929473,6.42733838219933));
#1380=CARTESIAN_POINT('Ctrl Pts',(-7.75827050226689,38.1031245893769,7.71733581925856));
#1381=CARTESIAN_POINT('Ctrl Pts',(-6.47507943218701,38.1295972858065,9.00733325631779));
#1382=CARTESIAN_POINT('Ctrl Pts',(-4.86318588385667,38.1560699822362,9.97036253616553));
#1383=CARTESIAN_POINT('Ctrl Pts',(-3.11914055873906,38.1825426786658,10.4889940179407));
#1384=CARTESIAN_POINT('Ctrl Pts',(-1.37509523362145,38.2090153750954,11.0076254997159));
#1385=CARTESIAN_POINT('Ctrl Pts',(0.501101868283431,38.235488071525,11.0818591834186));
#1386=CARTESIAN_POINT('Ctrl Pts',(2.28067146012654,38.2619607679546,10.7026431793518));
#1387=CARTESIAN_POINT('Ctrl Pts',(4.06024105196964,38.2884334643843,10.323427175285));
#1388=CARTESIAN_POINT('Ctrl Pts',(5.74318313375097,38.3149061608139,9.49076148344875));
#1389=CARTESIAN_POINT('Ctrl Pts',(7.12428350442161,38.3413788572435,8.30617949975739));
#1390=CARTESIAN_POINT('Ctrl Pts',(8.50538387509225,38.3678515536731,7.12159751606602));
#1391=CARTESIAN_POINT('Ctrl Pts',(9.5846425346522,38.3943242501027,5.58509924051954));
#1392=CARTESIAN_POINT('Ctrl Pts',(10.2304570911092,38.4207969465323,3.88404184330412));
#1393=CARTESIAN_POINT('Ctrl Pts',(10.8762716475661,38.447269642962,2.1829844460887));
#1394=CARTESIAN_POINT('Ctrl Pts',(11.0886421009201,38.4737423393916,0.317367927204349));
#1395=CARTESIAN_POINT('Ctrl Pts',(10.8416724721097,38.5002150358212,-1.48531859917735));
#1396=CARTESIAN_POINT('Ctrl Pts',(10.5947028432992,38.5266877322508,-3.28800512555905));
#1397=CARTESIAN_POINT('Ctrl Pts',(9.8883931323244,38.5531604286805,-5.02776165943809));
#1398=CARTESIAN_POINT('Ctrl Pts',(8.80886916882594,38.5796331251101,-6.49244617228907));
#1399=CARTESIAN_POINT('Ctrl Pts',(7.7293452053275,38.6061058215397,-7.95713068514002));
#1400=CARTESIAN_POINT('Ctrl Pts',(6.27660698930547,38.6325785179693,-9.14674317696291));
#1401=CARTESIAN_POINT('Ctrl Pts',(4.62779817624368,38.6590512143989,-9.91622495577418));
#1402=CARTESIAN_POINT('Ctrl Pts',(2.97898936318184,38.6855239108285,-10.6857067345855));
#1403=CARTESIAN_POINT('Ctrl Pts',(1.13410995308021,38.7119966072582,-11.0350578003851));
#1404=CARTESIAN_POINT('Ctrl Pts',(-0.681879576648273,38.7384693036878,-10.921679063977));
#1405=CARTESIAN_POINT('Ctrl Pts',(-2.49786910637673,38.7649420001174,-10.8083003275688));
#1406=CARTESIAN_POINT('Ctrl Pts',(-4.28496875573205,38.791414696547,-10.2321917889529));
#1407=CARTESIAN_POINT('Ctrl Pts',(-5.8252635823597,38.8178873929767,-9.2636028374276));
#1408=CARTESIAN_POINT('Ctrl Pts',(-7.36555840898736,38.8443600894063,-8.29501388590226));
#1409=CARTESIAN_POINT('Ctrl Pts',(-8.65904841288734,38.8708327858359,-6.93394452146749));
#1410=CARTESIAN_POINT('Ctrl Pts',(-9.54800831011272,38.8973054822655,-5.34636050445361));
#1411=CARTESIAN_POINT('Ctrl Pts',(-10.4369682073381,38.9237781786951,-3.75877648743972));
#1412=CARTESIAN_POINT('Ctrl Pts',(-10.9213979978889,38.9502508751248,-1.94467781784673));
#1413=CARTESIAN_POINT('Ctrl Pts',(-10.9422273943746,38.9767235715544,-0.125271638293913));
#1414=CARTESIAN_POINT('Ctrl Pts',(-10.9427052596055,38.9773309046185,-0.0835310648338595));
#1415=CARTESIAN_POINT('Ctrl Pts',(-10.9429391183967,38.9779382376827,-0.0417876978761598));
#1416=CARTESIAN_POINT('Ctrl Pts',(-10.942929622682,38.9785455707469,-4.42241210237132E-5));
#1417=CARTESIAN_POINT('Origin',(0.,39.05,6.0507154842071E-15));
#1418=CARTESIAN_POINT('',(-10.9411361580466,40.1214544292531,0.000113605645721826));
#1419=CARTESIAN_POINT('',(-10.941259124591,39.9785455707469,0.000180355708907153));
#1420=CARTESIAN_POINT('',(-10.942,39.05,7.39072401183414E-15));
#1421=CARTESIAN_POINT('Ctrl Pts',(-10.9411361580466,40.1214544292531,0.000113605645721826));
#1422=CARTESIAN_POINT('Ctrl Pts',(-10.9407594193528,40.1064007861394,-1.03504835443738));
#1423=CARTESIAN_POINT('Ctrl Pts',(-10.7950160884023,40.0913471430257,-2.07031420639426));
#1424=CARTESIAN_POINT('Ctrl Pts',(-10.5053480423926,40.0762934999119,-3.06360820401147));
#1425=CARTESIAN_POINT('Ctrl Pts',(-9.99595013854631,40.0498208034823,-4.81037277559374));
#1426=CARTESIAN_POINT('Ctrl Pts',(-9.04146154916437,40.0233481070527,-6.42733836571851));
#1427=CARTESIAN_POINT('Ctrl Pts',(-7.75827048237477,39.9968754106231,-7.7173357994702));
#1428=CARTESIAN_POINT('Ctrl Pts',(-6.47507941558517,39.9704027141935,-9.00733323322189));
#1429=CARTESIAN_POINT('Ctrl Pts',(-4.86318587138791,39.9439300177639,-9.97036251060049));
#1430=CARTESIAN_POINT('Ctrl Pts',(-3.11914055074218,39.9174573213342,-10.488993991046));
#1431=CARTESIAN_POINT('Ctrl Pts',(-1.37509523009644,39.8909846249046,-11.0076254714916));
#1432=CARTESIAN_POINT('Ctrl Pts',(0.501101866997759,39.864511928475,-11.081859155004));
#1433=CARTESIAN_POINT('Ctrl Pts',(2.28067145427797,39.8380392320454,-10.7026431519097));
#1434=CARTESIAN_POINT('Ctrl Pts',(4.06024104155816,39.8115665356158,-10.3234271488154));
#1435=CARTESIAN_POINT('Ctrl Pts',(5.74318311902436,39.7850938391861,-9.49076145911424));
#1436=CARTESIAN_POINT('Ctrl Pts',(7.12428348615384,39.7586211427565,-8.30617947846034));
#1437=CARTESIAN_POINT('Ctrl Pts',(8.50538385328333,39.7321484463269,-7.12159749780644));
#1438=CARTESIAN_POINT('Ctrl Pts',(9.58464251007609,39.7056757498973,-5.58509922619974));
#1439=CARTESIAN_POINT('Ctrl Pts',(10.2304570648773,39.6792030534677,-3.88404183334602));
#1440=CARTESIAN_POINT('Ctrl Pts',(10.8762716196785,39.652730357038,-2.18298444049228));
#1441=CARTESIAN_POINT('Ctrl Pts',(11.0886420724881,39.6262576606084,-0.317367926391506));
#1442=CARTESIAN_POINT('Ctrl Pts',(10.8416724443111,39.5997849641788,1.48531859536801));
#1443=CARTESIAN_POINT('Ctrl Pts',(10.594702816134,39.5733122677492,3.28800511712752));
#1444=CARTESIAN_POINT('Ctrl Pts',(9.88839310697033,39.5468395713196,5.02776164654577));
#1445=CARTESIAN_POINT('Ctrl Pts',(8.80886914623996,39.5203668748899,6.49244615564129));
#1446=CARTESIAN_POINT('Ctrl Pts',(7.7293451855096,39.4938941784603,7.95713066473681));
#1447=CARTESIAN_POINT('Ctrl Pts',(6.27660697321254,39.4674214820307,9.1467431535096));
#1448=CARTESIAN_POINT('Ctrl Pts',(4.62779816437842,39.4409487856011,9.91622493034801));
#1449=CARTESIAN_POINT('Ctrl Pts',(2.97898935554431,39.4144760891715,10.6857067071864));
#1450=CARTESIAN_POINT('Ctrl Pts',(1.13410995017314,39.3880033927418,11.0350577720904));
#1451=CARTESIAN_POINT('Ctrl Pts',(-0.681879574899019,39.3615306963122,10.9216790359731));
#1452=CARTESIAN_POINT('Ctrl Pts',(-2.49786909997118,39.3350579998826,10.8083002998559));
#1453=CARTESIAN_POINT('Ctrl Pts',(-4.28496874474432,39.308585303453,10.2321917627173));
#1454=CARTESIAN_POINT('Ctrl Pts',(-5.82526356742265,39.2821126070234,9.26360281367558));
#1455=CARTESIAN_POINT('Ctrl Pts',(-7.36555839010097,39.2556399105937,8.29501386463388));
#1456=CARTESIAN_POINT('Ctrl Pts',(-8.65904839068447,39.2291672141641,6.93394450368906));
#1457=CARTESIAN_POINT('Ctrl Pts',(-9.54800828563062,39.2026945177345,5.3463604907459));
#1458=CARTESIAN_POINT('Ctrl Pts',(-10.4369681805767,39.1762218213049,3.75877647780277));
#1459=CARTESIAN_POINT('Ctrl Pts',(-10.9213979698855,39.1497491248753,1.9446778128613));
#1460=CARTESIAN_POINT('Ctrl Pts',(-10.942227366318,39.1232764284456,0.125271637973593));
#1461=CARTESIAN_POINT('Ctrl Pts',(-10.9427052315477,39.1226690953815,0.0835310646201503));
#1462=CARTESIAN_POINT('Ctrl Pts',(-10.9429390903383,39.1220617623173,0.0417876977690688));
#1463=CARTESIAN_POINT('Ctrl Pts',(-10.9429295946236,39.1214544292531,4.42241205511618E-5));
#1464=CARTESIAN_POINT('Ctrl Pts',(-10.942929622682,38.9785455707469,-4.42241210237132E-5));
#1465=CARTESIAN_POINT('Ctrl Pts',(-10.942525215077,39.0044109341123,1.7777449009938));
#1466=CARTESIAN_POINT('Ctrl Pts',(-10.5007305849254,39.0302762974778,3.55572773258642));
#1467=CARTESIAN_POINT('Ctrl Pts',(-9.66790490879663,39.0561416608432,5.12636791578882));
#1468=CARTESIAN_POINT('Ctrl Pts',(-8.81552402431215,39.0826143572728,6.73388760080618));
#1469=CARTESIAN_POINT('Ctrl Pts',(-7.55353325292241,39.1090870537025,8.12421328132832));
#1470=CARTESIAN_POINT('Ctrl Pts',(-6.03581693246982,39.1355597501321,9.12781174714257));
#1471=CARTESIAN_POINT('Ctrl Pts',(-4.51810061201721,39.1620324465617,10.1314102129568));
#1472=CARTESIAN_POINT('Ctrl Pts',(-2.74465874250177,39.1885051429913,10.7482814640632));
#1473=CARTESIAN_POINT('Ctrl Pts',(-0.931740867089078,39.2149778394209,10.9032055969866));
#1474=CARTESIAN_POINT('Ctrl Pts',(0.881177008323611,39.2414505358506,11.0581297299099));
#1475=CARTESIAN_POINT('Ctrl Pts',(2.73357088963351,39.2679232322802,10.7511067446503));
#1476=CARTESIAN_POINT('Ctrl Pts',(4.39956400158124,39.2943959287098,10.0195743387408));
#1477=CARTESIAN_POINT('Ctrl Pts',(6.06555711352895,39.3208686251394,9.28804193283139));
#1478=CARTESIAN_POINT('Ctrl Pts',(7.5451494561145,39.3473413215691,8.13200010627221));
#1479=CARTESIAN_POINT('Ctrl Pts',(8.65792284160051,39.3738140179987,6.69241401905586));
#1480=CARTESIAN_POINT('Ctrl Pts',(9.77069622708652,39.4002867144283,5.25282793183951));
#1481=CARTESIAN_POINT('Ctrl Pts',(10.516650655473,39.4267594108579,3.52969758396601));
#1482=CARTESIAN_POINT('Ctrl Pts',(10.8048261087668,39.4532321072875,1.73313764394959));
#1483=CARTESIAN_POINT('Ctrl Pts',(11.0930015620605,39.4797048037171,-0.0634222960668449));
#1484=CARTESIAN_POINT('Ctrl Pts',(10.9233980402616,39.5061775001468,-1.93341182822619));
#1485=CARTESIAN_POINT('Ctrl Pts',(10.3166966182553,39.5326501965764,-3.64880860287877));
#1486=CARTESIAN_POINT('Ctrl Pts',(9.70999519624905,39.559122893006,-5.36420537753135));
#1487=CARTESIAN_POINT('Ctrl Pts',(8.66619587403543,39.5855955894356,-6.92500939467717));
#1488=CARTESIAN_POINT('Ctrl Pts',(7.31257721115757,39.6120682858652,-8.14089969625114));
#1489=CARTESIAN_POINT('Ctrl Pts',(5.9589585482797,39.6385409822949,-9.35678999782512));
#1490=CARTESIAN_POINT('Ctrl Pts',(4.29552054473758,39.6650136787245,-10.2277665838273));
#1491=CARTESIAN_POINT('Ctrl Pts',(2.52509911781372,39.6914863751541,-10.6476245134199));
#1492=CARTESIAN_POINT('Ctrl Pts',(0.754677690889879,39.7179590715837,-11.0674824430125));
#1493=CARTESIAN_POINT('Ctrl Pts',(-1.1227271594157,39.7444317680133,-11.0362217161955));
#1494=CARTESIAN_POINT('Ctrl Pts',(-2.87818887610992,39.770904464443,-10.5576541962218));
#1495=CARTESIAN_POINT('Ctrl Pts',(-4.63365059280416,39.7973771608726,-10.0790866762481));
#1496=CARTESIAN_POINT('Ctrl Pts',(-6.26716917588705,39.8238498573022,-9.15321236311752));
#1497=CARTESIAN_POINT('Ctrl Pts',(-7.57955701542535,39.8503225537318,-7.8929303039796));
#1498=CARTESIAN_POINT('Ctrl Pts',(-8.89194485496365,39.8767952501614,-6.63264824484167));
#1499=CARTESIAN_POINT('Ctrl Pts',(-9.88320195095736,39.903267946591,-5.03795843969639));
#1500=CARTESIAN_POINT('Ctrl Pts',(-10.432456625652,39.9297406430207,-3.30331380396291));
#1501=CARTESIAN_POINT('Ctrl Pts',(-10.769990995237,39.9460089522627,-2.23731981146438));
#1502=CARTESIAN_POINT('Ctrl Pts',(-10.9406035384229,39.9622772615048,-1.11847200005126));
#1503=CARTESIAN_POINT('Ctrl Pts',(-10.941259124591,39.9785455707469,0.000180355708907153));
#1504=CARTESIAN_POINT('Origin',(0.,39.05,6.0507154842071E-15));
#1505=CARTESIAN_POINT('',(-10.9424050626006,41.1214544292531,-0.000248949517349245));
#1506=CARTESIAN_POINT('',(-10.9421449651173,40.9785455707469,-0.000278252124898272));
#1507=CARTESIAN_POINT('',(-10.942,39.05,7.39072401183414E-15));
#1508=CARTESIAN_POINT('Ctrl Pts',(-10.9424050626006,41.1214544292531,-0.000248949517349245));
#1509=CARTESIAN_POINT('Ctrl Pts',(-10.9426909715731,41.1172125063911,-0.291847088231516));
#1510=CARTESIAN_POINT('Ctrl Pts',(-10.9312696242283,41.1129705835291,-0.583422890432456));
#1511=CARTESIAN_POINT('Ctrl Pts',(-10.907982077373,41.1087286606671,-0.874047864120773));
#1512=CARTESIAN_POINT('Ctrl Pts',(-10.7626507786795,41.0822559642375,-2.68775993612772));
#1513=CARTESIAN_POINT('Ctrl Pts',(-10.1551699970251,41.0557832678079,-4.46444036164148));
#1514=CARTESIAN_POINT('Ctrl Pts',(-9.15961457555802,41.0293105713783,-5.98744466407222));
#1515=CARTESIAN_POINT('Ctrl Pts',(-8.16405915409099,41.0028378749487,-7.51044896650293));
#1516=CARTESIAN_POINT('Ctrl Pts',(-6.78042909281134,40.976365178519,-8.77977714585063));
#1517=CARTESIAN_POINT('Ctrl Pts',(-5.1774411567505,40.9498924820894,-9.64065017253789));
#1518=CARTESIAN_POINT('Ctrl Pts',(-3.57445322068962,40.9234197856598,-10.5015231992252));
#1519=CARTESIAN_POINT('Ctrl Pts',(-1.75210740984754,40.8969470892302,-10.953941073252));
#1520=CARTESIAN_POINT('Ctrl Pts',(0.0673834969845623,40.8704743928006,-10.9427369612458));
#1521=CARTESIAN_POINT('Ctrl Pts',(1.88687440381661,40.8440016963709,-10.9315328492395));
#1522=CARTESIAN_POINT('Ctrl Pts',(3.70351040663867,40.8175289999413,-10.4567067512002));
#1523=CARTESIAN_POINT('Ctrl Pts',(5.29577496517793,40.7910563035117,-9.57615790546733));
#1524=CARTESIAN_POINT('Ctrl Pts',(6.88803952371721,40.7645836070821,-8.69560905973441));
#1525=CARTESIAN_POINT('Ctrl Pts',(8.25593263797369,40.7381109106524,-7.40933746630784));
#1526=CARTESIAN_POINT('Ctrl Pts',(9.23265647524174,40.7116382142228,-5.87418821040286));
#1527=CARTESIAN_POINT('Ctrl Pts',(10.2093803125098,40.6851655177932,-4.33903895449788));
#1528=CARTESIAN_POINT('Ctrl Pts',(10.7949348727894,40.6586928213636,-2.5550120361145));
#1529=CARTESIAN_POINT('Ctrl Pts',(10.9179189397632,40.632220124934,-0.73964771657701));
#1530=CARTESIAN_POINT('Ctrl Pts',(11.0409030067371,40.6057474285044,1.07571660296048));
#1531=CARTESIAN_POINT('Ctrl Pts',(10.7013165804051,40.5792747320747,2.92241832365208));
#1532=CARTESIAN_POINT('Ctrl Pts',(9.94056807173145,40.5528020356451,4.57527476005748));
#1533=CARTESIAN_POINT('Ctrl Pts',(9.17981956305782,40.5263293392155,6.22813119646286));
#1534=CARTESIAN_POINT('Ctrl Pts',(7.99790897204249,40.4998566427859,7.68714234858207));
#1535=CARTESIAN_POINT('Ctrl Pts',(6.53895583802138,40.4733839463563,8.77439965287803));
#1536=CARTESIAN_POINT('Ctrl Pts',(5.08000270400025,40.4469112499266,9.861656957174));
#1537=CARTESIAN_POINT('Ctrl Pts',(3.3440070269734,40.420438553497,10.5771604136467));
#1538=CARTESIAN_POINT('Ctrl Pts',(1.54265224500275,40.3939658570674,10.8336631279627));
#1539=CARTESIAN_POINT('Ctrl Pts',(-0.258702536967872,40.3674931606378,11.0901658422786));
#1540=CARTESIAN_POINT('Ctrl Pts',(-2.12541642388231,40.3410204642082,10.8876678144377));
#1541=CARTESIAN_POINT('Ctrl Pts',(-3.8298664909738,40.3145477677785,10.2508612019145));
#1542=CARTESIAN_POINT('Ctrl Pts',(-5.5343165580653,40.2880750713489,9.61405458939123));
#1543=CARTESIAN_POINT('Ctrl Pts',(-7.07650280533394,40.2616023749193,8.54293939218564));
#1544=CARTESIAN_POINT('Ctrl Pts',(-8.26837448401116,40.2351296784897,7.16812500669456));
#1545=CARTESIAN_POINT('Ctrl Pts',(-9.46024616268841,40.20865698206,5.79331062120346));
#1546=CARTESIAN_POINT('Ctrl Pts',(-10.3018032727742,40.1821842856304,4.11479704742688));
#1547=CARTESIAN_POINT('Ctrl Pts',(-10.6904282186618,40.1557115892008,2.33725848401872));
#1548=CARTESIAN_POINT('Ctrl Pts',(-10.8580624069199,40.1442925358849,1.57051348391662));
#1549=CARTESIAN_POINT('Ctrl Pts',(-10.941421935994,40.132873482569,0.785343434962766));
#1550=CARTESIAN_POINT('Ctrl Pts',(-10.9411361580466,40.1214544292531,0.000113605645721826));
#1551=CARTESIAN_POINT('Ctrl Pts',(-10.941259124591,39.9785455707469,0.000180355708907153));
#1552=CARTESIAN_POINT('Ctrl Pts',(-10.9416703446504,39.9887499579345,0.701861249315179));
#1553=CARTESIAN_POINT('Ctrl Pts',(-10.8752120816651,39.998954345122,1.40346524098875));
#1554=CARTESIAN_POINT('Ctrl Pts',(-10.7411352854517,40.0091587323096,2.09190012027029));
#1555=CARTESIAN_POINT('Ctrl Pts',(-10.3933070171611,40.0356314287392,3.87786994244842));
#1556=CARTESIAN_POINT('Ctrl Pts',(-9.59039822718435,40.0621041251688,5.575210120483));
#1557=CARTESIAN_POINT('Ctrl Pts',(-8.43031382124214,40.0885768215984,6.97695078160491));
#1558=CARTESIAN_POINT('Ctrl Pts',(-7.27022941529993,40.115049518028,8.37869144272682));
#1559=CARTESIAN_POINT('Ctrl Pts',(-5.7529693933923,40.1415222144577,9.48483258693605));
#1560=CARTESIAN_POINT('Ctrl Pts',(-4.06354505599714,40.1679949108873,10.1604938320656));
#1561=CARTESIAN_POINT('Ctrl Pts',(-2.374120718602,40.1944676073169,10.8361550771951));
#1562=CARTESIAN_POINT('Ctrl Pts',(-0.512532065719326,40.2209403037465,11.0813364232449));
#1563=CARTESIAN_POINT('Ctrl Pts',(1.294222937469,40.2474130001761,10.8661410041328));
#1564=CARTESIAN_POINT('Ctrl Pts',(3.10097794065734,40.2738856966057,10.6509455850207));
#1565=CARTESIAN_POINT('Ctrl Pts',(4.85289929415134,40.3003583930354,9.97537340074672));
#1566=CARTESIAN_POINT('Ctrl Pts',(6.33636161847433,40.326831089465,8.92180221555495));
#1567=CARTESIAN_POINT('Ctrl Pts',(7.81982394279734,40.3533037858946,7.86823103036317));
#1568=CARTESIAN_POINT('Ctrl Pts',(9.03482723794933,40.3797764823242,6.43666084425362));
#1569=CARTESIAN_POINT('Ctrl Pts',(9.83321671406194,40.4062491787538,4.80165413038722));
#1570=CARTESIAN_POINT('Ctrl Pts',(10.6316061901745,40.4327218751835,3.16664741652088));
#1571=CARTESIAN_POINT('Ctrl Pts',(11.0133818472478,40.4591945716131,1.32820417489772));
#1572=CARTESIAN_POINT('Ctrl Pts',(10.9319908137993,40.4856672680427,-0.489499929080957));
#1573=CARTESIAN_POINT('Ctrl Pts',(10.8505997803508,40.5121399644723,-2.30720403305969));
#1574=CARTESIAN_POINT('Ctrl Pts',(10.3060420563806,40.5386126609019,-4.10416899939393));
#1575=CARTESIAN_POINT('Ctrl Pts',(9.36471979527093,40.5650853573315,-5.66127693101046));
#1576=CARTESIAN_POINT('Ctrl Pts',(8.4233975341613,40.5915580537611,-7.21838486262699));
#1577=CARTESIAN_POINT('Ctrl Pts',(7.08531073591228,40.6180307501908,-8.5356357595258));
#1578=CARTESIAN_POINT('Ctrl Pts',(5.5136227180335,40.6445034466204,-9.45240698747502));
#1579=CARTESIAN_POINT('Ctrl Pts',(3.94193470015471,40.67097614305,-10.3691782154242));
#1580=CARTESIAN_POINT('Ctrl Pts',(2.13664546264616,40.6974488394796,-10.8854697744238));
#1581=CARTESIAN_POINT('Ctrl Pts',(0.317887945638101,40.7239215359092,-10.9383262242124));
#1582=CARTESIAN_POINT('Ctrl Pts',(-1.50086957136995,40.7503942323389,-10.991182674001));
#1583=CARTESIAN_POINT('Ctrl Pts',(-3.33309536787751,40.7768669287685,-10.5806040145785));
#1584=CARTESIAN_POINT('Ctrl Pts',(-4.95537191986242,40.8033396251981,-9.7566552911302));
#1585=CARTESIAN_POINT('Ctrl Pts',(-6.57764847184732,40.8298123216278,-8.93270656768187));
#1586=CARTESIAN_POINT('Ctrl Pts',(-7.98997577930958,40.8562850180574,-7.69538778020765));
#1587=CARTESIAN_POINT('Ctrl Pts',(-9.02013780277125,40.882757714487,-6.19557482013171));
#1588=CARTESIAN_POINT('Ctrl Pts',(-10.0502998262329,40.9092304109166,-4.69576186005576));
#1589=CARTESIAN_POINT('Ctrl Pts',(-10.698296565694,40.9357031073462,-2.93345472737808));
#1590=CARTESIAN_POINT('Ctrl Pts',(-10.8851127450723,40.9621758037758,-1.12354521983995));
#1591=CARTESIAN_POINT('Ctrl Pts',(-10.9236195556772,40.9676323927662,-0.75048415601469));
#1592=CARTESIAN_POINT('Ctrl Pts',(-10.9425326363253,40.9730889817565,-0.375400656382189));
#1593=CARTESIAN_POINT('Ctrl Pts',(-10.9421449651173,40.9785455707469,-0.000278252124898272));
#1594=CARTESIAN_POINT('Origin',(0.,39.05,6.0507154842071E-15));
#1595=CARTESIAN_POINT('',(-10.941923405535,42.1214544292531,0.000199067318386592));
#1596=CARTESIAN_POINT('',(-10.9421670236143,41.9785455707469,0.000278005397918591));
#1597=CARTESIAN_POINT('',(-10.942,39.05,7.39072401183414E-15));
#1598=CARTESIAN_POINT('Ctrl Pts',(-10.941923405535,42.1214544292531,0.000199067318386592));
#1599=CARTESIAN_POINT('Ctrl Pts',(-10.9405369864726,42.1015515302132,-1.36813770248407));
#1600=CARTESIAN_POINT('Ctrl Pts',(-10.6831007943481,42.0816486311733,-2.73690530353782));
#1601=CARTESIAN_POINT('Ctrl Pts',(-10.1818404928192,42.0617457321334,-4.00970425915855));
#1602=CARTESIAN_POINT('Ctrl Pts',(-9.51511793305526,42.0352730357038,-5.70264458411111));
#1603=CARTESIAN_POINT('Ctrl Pts',(-8.4170349213119,42.0088003392742,-7.22580236224775));
#1604=CARTESIAN_POINT('Ctrl Pts',(-7.0214549929193,41.9823276428446,-8.39330300018877));
#1605=CARTESIAN_POINT('Ctrl Pts',(-5.6258750645267,41.955854946415,-9.5608036381298));
#1606=CARTESIAN_POINT('Ctrl Pts',(-3.93279821948489,41.9293822499854,-10.3726471358751));
#1607=CARTESIAN_POINT('Ctrl Pts',(-2.14869145969776,41.9029095535558,-10.7299102369355));
#1608=CARTESIAN_POINT('Ctrl Pts',(-0.364584699910667,41.8764368571261,-11.0871733379958));
#1609=CARTESIAN_POINT('Ctrl Pts',(1.51055197462182,41.8499641606965,-10.9898560423711));
#1610=CARTESIAN_POINT('Ctrl Pts',(3.24807699610765,41.8234914642668,-10.4497898039701));
#1611=CARTESIAN_POINT('Ctrl Pts',(4.98560201759352,41.7970187678372,-9.90972356556899));
#1612=CARTESIAN_POINT('Ctrl Pts',(6.58551538603276,41.7705460714076,-8.92690838439154));
#1613=CARTESIAN_POINT('Ctrl Pts',(7.85272307120246,41.744073374978,-7.6212039755966));
#1614=CARTESIAN_POINT('Ctrl Pts',(9.1199307563721,41.7176006785484,-6.3154995668017));
#1615=CARTESIAN_POINT('Ctrl Pts',(10.0544327582722,41.6911279821187,-4.68690593038937));
#1616=CARTESIAN_POINT('Ctrl Pts',(10.5422800507216,41.6646552856891,-2.93400151231516));
#1617=CARTESIAN_POINT('Ctrl Pts',(11.0301273431711,41.6381825892595,-1.18109709424087));
#1618=CARTESIAN_POINT('Ctrl Pts',(11.07131992617,41.6117098928299,0.696118105495314));
#1619=CARTESIAN_POINT('Ctrl Pts',(10.6608338472024,41.5852371964003,2.46873638445612));
#1620=CARTESIAN_POINT('Ctrl Pts',(10.2503477682348,41.5587644999707,4.24135466341688));
#1621=CARTESIAN_POINT('Ctrl Pts',(9.38818302730079,41.5322918035411,5.90937602160226));
#1622=CARTESIAN_POINT('Ctrl Pts',(8.17947057393735,41.5058191071114,7.2694077721739));
#1623=CARTESIAN_POINT('Ctrl Pts',(6.97075812057388,41.4793464106818,8.62943952274556));
#1624=CARTESIAN_POINT('Ctrl Pts',(5.41549795478099,41.4528737142522,9.68148166570346));
#1625=CARTESIAN_POINT('Ctrl Pts',(3.70333477954284,41.4264010178226,10.2972494835114));
#1626=CARTESIAN_POINT('Ctrl Pts',(1.99117160430468,41.399928321393,10.9130173013194));
#1627=CARTESIAN_POINT('Ctrl Pts',(0.12210541962126,41.3734556249633,11.0925107939774));
#1628=CARTESIAN_POINT('Ctrl Pts',(-1.67595389190932,41.3469829285337,10.8138434438897));
#1629=CARTESIAN_POINT('Ctrl Pts',(-3.47401320343989,41.3205102321041,10.5351760938021));
#1630=CARTESIAN_POINT('Ctrl Pts',(-5.20106564181762,41.2940375356744,9.79834790096886));
#1631=CARTESIAN_POINT('Ctrl Pts',(-6.64651834889595,41.2675648392448,8.6932057940107));
#1632=CARTESIAN_POINT('Ctrl Pts',(-8.09197105597427,41.2410921428152,7.58806368705253));
#1633=CARTESIAN_POINT('Ctrl Pts',(-9.2558240317532,41.2146194463856,6.11460766596944));
#1634=CARTESIAN_POINT('Ctrl Pts',(-9.99615961177628,41.188146749956,4.45250779617783));
#1635=CARTESIAN_POINT('Ctrl Pts',(-10.6178655527373,41.1659159763884,3.05673891595232));
#1636=CARTESIAN_POINT('Ctrl Pts',(-10.9409066907929,41.1436852028207,1.52793824421493));
#1637=CARTESIAN_POINT('Ctrl Pts',(-10.9424050626006,41.1214544292531,-0.000248949517349245));
#1638=CARTESIAN_POINT('Ctrl Pts',(-10.9421449651173,40.9785455707469,-0.000278252124898272));
#1639=CARTESIAN_POINT('Ctrl Pts',(-10.9406518455564,40.9995616781862,1.44450946501778));
#1640=CARTESIAN_POINT('Ctrl Pts',(-10.6528488674856,41.0205777856254,2.88987429841488));
#1641=CARTESIAN_POINT('Ctrl Pts',(-10.0954749832102,41.0415938930647,4.22248957352252));
#1642=CARTESIAN_POINT('Ctrl Pts',(-9.39338542267398,41.0680665894943,5.90110297694832));
#1643=CARTESIAN_POINT('Ctrl Pts',(-8.26357068230587,41.0945392859239,7.40081790140129));
#1644=CARTESIAN_POINT('Ctrl Pts',(-6.84379784962406,41.1210119823536,8.53876245833442));
#1645=CARTESIAN_POINT('Ctrl Pts',(-5.42402501694226,41.1474846787832,9.67670701526752));
#1646=CARTESIAN_POINT('Ctrl Pts',(-3.71429409194676,41.1739573752128,10.4528812046808));
#1647=CARTESIAN_POINT('Ctrl Pts',(-1.92308584768539,41.2004300716424,10.7726400745169));
#1648=CARTESIAN_POINT('Ctrl Pts',(-0.131877603424011,41.226902768072,11.0923989443531));
#1649=CARTESIAN_POINT('Ctrl Pts',(1.74080796010324,41.2533754645017,10.9557424946121));
#1650=CARTESIAN_POINT('Ctrl Pts',(3.46661974570687,41.2798481609313,10.3793343155434));
#1651=CARTESIAN_POINT('Ctrl Pts',(5.19243153131045,41.3063208573609,9.80292613647463));
#1652=CARTESIAN_POINT('Ctrl Pts',(6.77136953899041,41.3327935537905,8.78676622807811));
#1653=CARTESIAN_POINT('Ctrl Pts',(8.01090159132648,41.3592662502202,7.45476284572707));
#1654=CARTESIAN_POINT('Ctrl Pts',(9.2504336436626,41.3857389466498,6.12275946337598));
#1655=CARTESIAN_POINT('Ctrl Pts',(10.1505597406548,41.4122116430794,4.47491260707036));
#1656=CARTESIAN_POINT('Ctrl Pts',(10.6015205172299,41.438684339509,2.71215707620233));
#1657=CARTESIAN_POINT('Ctrl Pts',(11.052481293805,41.4651570359386,0.949401545334331));
#1658=CARTESIAN_POINT('Ctrl Pts',(11.0542767499631,41.4916297323682,-0.928262660096065));
#1659=CARTESIAN_POINT('Ctrl Pts',(10.6066879476023,41.5181024287978,-2.69187742216566));
#1660=CARTESIAN_POINT('Ctrl Pts',(10.1590991452415,41.5445751252275,-4.45549218423524));
#1661=CARTESIAN_POINT('Ctrl Pts',(9.26212608436178,41.5710478216571,-6.10505750294402));
#1662=CARTESIAN_POINT('Ctrl Pts',(8.02514366637831,41.5975205180867,-7.43942893541461));
#1663=CARTESIAN_POINT('Ctrl Pts',(6.78816124839482,41.6239932145163,-8.77380036788523));
#1664=CARTESIAN_POINT('Ctrl Pts',(5.21116947330752,41.6504659109459,-9.79297791411765));
#1665=CARTESIAN_POINT('Ctrl Pts',(3.48646318116852,41.6769386073756,-10.3726856012579));
#1666=CARTESIAN_POINT('Ctrl Pts',(1.76175688902952,41.7034113038052,-10.9523932883982));
#1667=CARTESIAN_POINT('Ctrl Pts',(-0.110663920161191,41.7298840002348,-11.0926311164463));
#1668=CARTESIAN_POINT('Ctrl Pts',(-1.90248039774227,41.7563566966645,-10.7762982677578));
#1669=CARTESIAN_POINT('Ctrl Pts',(-3.69429687532335,41.7828293930941,-10.4599654190693));
#1670=CARTESIAN_POINT('Ctrl Pts',(-5.4055090212948,41.8093020895237,-9.68706189364409));
#1671=CARTESIAN_POINT('Ctrl Pts',(-6.82745551581794,41.8357747859533,-8.55183489283213));
#1672=CARTESIAN_POINT('Ctrl Pts',(-8.24940201034105,41.8622474823829,-7.41660789202018));
#1673=CARTESIAN_POINT('Ctrl Pts',(-9.38208285341585,41.8887201788125,-5.91905741582148));
#1674=CARTESIAN_POINT('Ctrl Pts',(-10.0873813303371,41.9151928752422,-4.24178926365927));
#1675=CARTESIAN_POINT('Ctrl Pts',(-10.650005790941,41.9363104404104,-2.90381375360593));
#1676=CARTESIAN_POINT('Ctrl Pts',(-10.9406684393908,41.9574280055786,-1.45147614370495));
#1677=CARTESIAN_POINT('Ctrl Pts',(-10.9421670236143,41.9785455707469,0.000278005397918591));
#1678=CARTESIAN_POINT('Origin',(0.,33.951410108095,7.18282986242991E-15));
#1679=CARTESIAN_POINT('',(-10.3708839062054,41.451410108095,-0.000235946898924502));
#1680=CARTESIAN_POINT('',(-10.370658299981,41.648589891905,0.000263485192757429));
#1681=CARTESIAN_POINT('',(-10.3705,33.951410108095,8.88804530276099E-14));
#1682=CARTESIAN_POINT('',(-6.02148683788599,42.3,-8.44380957740623));
#1683=CARTESIAN_POINT('Ctrl Pts',(-10.3708839062054,41.451410108095,-0.000235946898924609));
#1684=CARTESIAN_POINT('Ctrl Pts',(-10.3694637942668,41.4736408816626,1.44813412188192));
#1685=CARTESIAN_POINT('Ctrl Pts',(-9.6987053535095,41.5223443516599,4.62251606275637));
#1686=CARTESIAN_POINT('Ctrl Pts',(-6.56626289075725,41.5975205180867,8.58823708035281));
#1687=CARTESIAN_POINT('Ctrl Pts',(-1.65571710967621,41.6769386073756,10.6832681826496));
#1688=CARTESIAN_POINT('Ctrl Pts',(3.65861780211122,41.7563566966644,10.1729125075601));
#1689=CARTESIAN_POINT('Ctrl Pts',(8.0807048655425,41.8357747859533,7.18163037169514));
#1690=CARTESIAN_POINT('Ctrl Pts',(10.5321066511,41.9151928752421,2.43892826191767));
#1691=CARTESIAN_POINT('Ctrl Pts',(10.4149833604795,41.994610964531,-2.89857682733393));
#1692=CARTESIAN_POINT('Ctrl Pts',(7.75790430435499,42.0740290538198,-7.52917369438234));
#1693=CARTESIAN_POINT('Ctrl Pts',(3.20885433522699,42.1534471431087,-10.3236221050205));
#1694=CARTESIAN_POINT('Ctrl Pts',(-1.84786772137765,42.2287707918355,-10.5860597832751));
#1695=CARTESIAN_POINT('Ctrl Pts',(-4.83360149949874,42.2776217441325,-9.28915060716044));
#1696=CARTESIAN_POINT('Ctrl Pts',(-6.02148683788599,42.3,-8.44380957740622));
#1697=CARTESIAN_POINT('',(6.02105432109265,42.3,-8.44358781043055));
#1698=CARTESIAN_POINT('Origin',(0.,42.3,5.32907051820075E-15));
#1699=CARTESIAN_POINT('Ctrl Pts',(-10.370658299981,41.648589891905,0.000263485192756457));
#1700=CARTESIAN_POINT('Ctrl Pts',(-10.371018472372,41.6539450231664,0.349180653041135));
#1701=CARTESIAN_POINT('Ctrl Pts',(-10.2684133014717,41.6857728508574,2.42273275530102));
#1702=CARTESIAN_POINT('Ctrl Pts',(-8.92291112550507,41.744073374978,6.1037032784992));
#1703=CARTESIAN_POINT('Ctrl Pts',(-4.91396040067821,41.8234914642669,9.6294814225173));
#1704=CARTESIAN_POINT('Ctrl Pts',(0.293380630557561,41.9029095535557,10.8067967676828));
#1705=CARTESIAN_POINT('Ctrl Pts',(5.42918222976309,41.9823276428445,9.34873586536447));
#1706=CARTESIAN_POINT('Ctrl Pts',(9.24092110642912,42.0617457321334,5.6104698486436));
#1707=CARTESIAN_POINT('Ctrl Pts',(10.7990609971855,42.1411638214223,0.504509815662201));
#1708=CARTESIAN_POINT('Ctrl Pts',(9.72350693023413,42.2205819107111,-4.72564820882092));
#1709=CARTESIAN_POINT('Ctrl Pts',(7.42550040702596,42.2735273035704,-7.44208864155782));
#1710=CARTESIAN_POINT('Ctrl Pts',(6.02105432109253,42.3,-8.44358781043064));
#1711=CARTESIAN_POINT('Origin',(0.,33.951410108095,7.18282986242991E-15));
#1712=CARTESIAN_POINT('',(-10.3696812764597,40.451410108095,0.000107672029259656));
#1713=CARTESIAN_POINT('',(-10.370637393598,40.648589891905,-0.000263719033194304));
#1714=CARTESIAN_POINT('',(-10.3705,33.951410108095,8.88804530276099E-14));
#1715=CARTESIAN_POINT('Ctrl Pts',(-10.3696812764597,40.451410108095,0.000107672029259487));
#1716=CARTESIAN_POINT('Ctrl Pts',(-10.3699521282422,40.4628291614109,0.744324994724745));
#1717=CARTESIAN_POINT('Ctrl Pts',(-10.1077882834914,40.5007209111564,3.21366714556431));
#1718=CARTESIAN_POINT('Ctrl Pts',(-8.16853544324759,40.5650853573315,7.08157126796205));
#1719=CARTESIAN_POINT('Ctrl Pts',(-3.78362158546118,40.6445034466204,10.1270840131514));
#1720=CARTESIAN_POINT('Ctrl Pts',(1.52402501413087,40.7239215359093,10.7028487173345));
#1721=CARTESIAN_POINT('Ctrl Pts',(6.45999919671382,40.8033396251981,8.66845045503766));
#1722=CARTESIAN_POINT('Ctrl Pts',(9.82053761312514,40.882757714487,4.52002919209159));
#1723=CARTESIAN_POINT('Ctrl Pts',(10.7860871564287,40.9621758037758,-0.730716611536344));
#1724=CARTESIAN_POINT('Ctrl Pts',(9.12117391368147,41.0415938930648,-5.80325851167201));
#1725=CARTESIAN_POINT('Ctrl Pts',(5.23182949545905,41.1210119823535,-9.46052762873385));
#1726=CARTESIAN_POINT('Ctrl Pts',(0.0665698535472065,41.2004300716425,-10.8106055074716));
#1727=CARTESIAN_POINT('Ctrl Pts',(-5.11492454363907,41.2798481609313,-9.52424116020561));
#1728=CARTESIAN_POINT('Ctrl Pts',(-9.04901398354974,41.3592662502201,-5.91514742489431));
#1729=CARTESIAN_POINT('Ctrl Pts',(-10.2927753449916,41.4164535659414,-2.27755668685315));
#1730=CARTESIAN_POINT('Ctrl Pts',(-10.3711548821695,41.447168185233,-0.276603932416752));
#1731=CARTESIAN_POINT('Ctrl Pts',(-10.3708839062054,41.451410108095,-0.000235946898924609));
#1732=CARTESIAN_POINT('Ctrl Pts',(-10.370637393598,40.648589891905,-0.000263719033194339));
#1733=CARTESIAN_POINT('Ctrl Pts',(-10.3692222595817,40.6696059993443,1.36906282278991));
#1734=CARTESIAN_POINT('Ctrl Pts',(-9.75285832365212,40.7170948032131,4.464481652499));
#1735=CARTESIAN_POINT('Ctrl Pts',(-6.76116029938453,40.7910563035117,8.4356585332226));
#1736=CARTESIAN_POINT('Ctrl Pts',(-1.89986495365271,40.8704743928006,10.6425625081751));
#1737=CARTESIAN_POINT('Ctrl Pts',(3.4247609748501,40.9498924820894,10.2540058333336));
#1738=CARTESIAN_POINT('Ctrl Pts',(7.91417148718204,41.0293105713783,7.3647480203123));
#1739=CARTESIAN_POINT('Ctrl Pts',(10.4735091829024,41.1087286606671,2.67940827712534));
#1740=CARTESIAN_POINT('Ctrl Pts',(10.478614221676,41.188146749956,-2.659373474588));
#1741=CARTESIAN_POINT('Ctrl Pts',(7.92824158563527,41.2675648392448,-7.34959933942155));
#1742=CARTESIAN_POINT('Ctrl Pts',(3.44436481624865,41.3469829285337,-10.247437232824));
#1743=CARTESIAN_POINT('Ctrl Pts',(-1.87950833355363,41.4264010178226,-10.6461768770682));
#1744=CARTESIAN_POINT('Ctrl Pts',(-6.74501524996662,41.5058191071114,-8.4485724143314));
#1745=CARTESIAN_POINT('Ctrl Pts',(-9.748416898402,41.5798820651389,-4.47768723839714));
#1746=CARTESIAN_POINT('Ctrl Pts',(-10.3692379867211,41.6274723267368,-1.37566563226941));
#1747=CARTESIAN_POINT('Ctrl Pts',(-10.370658299981,41.648589891905,0.000263485192756457));
#1748=CARTESIAN_POINT('Origin',(0.,33.951410108095,7.18282986242991E-15));
#1749=CARTESIAN_POINT('',(-10.3713810419525,39.451410108095,4.19142975535582E-5));
#1750=CARTESIAN_POINT('',(-10.3697978204689,39.648589891905,0.000170935741187206));
#1751=CARTESIAN_POINT('',(-10.3705,33.951410108095,8.88804530276099E-14));
#1752=CARTESIAN_POINT('Ctrl Pts',(-10.3713810419525,39.451410108095,4.19142975537166E-5));
#1753=CARTESIAN_POINT('Ctrl Pts',(-10.3713900417065,39.4520174411592,0.0396051288352448));
#1754=CARTESIAN_POINT('Ctrl Pts',(-10.3615072670642,39.479097470653,1.80366234671787));
#1755=CARTESIAN_POINT('Ctrl Pts',(-9.43271791140964,39.5326501965763,5.28180421018364));
#1756=CARTESIAN_POINT('Ctrl Pts',(-5.75492462378824,39.6120682858653,9.15174658114274));
#1757=CARTESIAN_POINT('Ctrl Pts',(-0.673646009425251,39.6914863751541,10.7898018501235));
#1758=CARTESIAN_POINT('Ctrl Pts',(4.57191838649917,39.770904464443,9.7964884105547));
#1759=CARTESIAN_POINT('Ctrl Pts',(8.7025037357845,39.8503225537318,6.41405110983686));
#1760=CARTESIAN_POINT('Ctrl Pts',(10.7107613227563,39.9297406430207,1.46738365736053));
#1761=CARTESIAN_POINT('Ctrl Pts',(10.1069262521489,40.0091587323095,-3.83714277093831));
#1762=CARTESIAN_POINT('Ctrl Pts',(7.03825912540717,40.0885768215984,-8.20588394961606));
#1763=CARTESIAN_POINT('Ctrl Pts',(2.25313278259142,40.1679949108873,-10.5734107824744));
#1764=CARTESIAN_POINT('Ctrl Pts',(-3.08147752505307,40.2474130001761,-10.3623413943737));
#1765=CARTESIAN_POINT('Ctrl Pts',(-7.66459084988336,40.3268310894649,-7.62415044544624));
#1766=CARTESIAN_POINT('Ctrl Pts',(-9.98828145728289,40.3948301254379,-3.68766781374276));
#1767=CARTESIAN_POINT('Ctrl Pts',(-10.3693242148052,40.4363564649813,-0.980987841317492));
#1768=CARTESIAN_POINT('Ctrl Pts',(-10.3696812764597,40.451410108095,0.000107672029259487));
#1769=CARTESIAN_POINT('Ctrl Pts',(-10.3697978204689,39.648589891905,0.000170935741186859));
#1770=CARTESIAN_POINT('Ctrl Pts',(-10.3701875625294,39.6587942790926,0.665203078598396));
#1771=CARTESIAN_POINT('Ctrl Pts',(-10.1437962079822,39.6954713627097,3.05523060708973));
#1772=CARTESIAN_POINT('Ctrl Pts',(-8.32851939394635,39.7586211427565,6.892705435092));
#1773=CARTESIAN_POINT('Ctrl Pts',(-4.01447852650173,39.8380392320454,10.0378078119943));
#1774=CARTESIAN_POINT('Ctrl Pts',(1.27859544298828,39.9174573213343,10.7349344293978));
#1775=CARTESIAN_POINT('Ctrl Pts',(6.25985126360867,39.9968754106231,8.81407315988212));
#1776=CARTESIAN_POINT('Ctrl Pts',(9.71448250260707,40.076293499912,4.74367507496654));
#1777=CARTESIAN_POINT('Ctrl Pts',(10.7999891152039,40.1557115892008,-0.483589311047021));
#1778=CARTESIAN_POINT('Ctrl Pts',(9.25164259452213,40.2351296784897,-5.59291809464303));
#1779=CARTESIAN_POINT('Ctrl Pts',(5.4470467780604,40.3145477677786,-9.33827098066639));
#1780=CARTESIAN_POINT('Ctrl Pts',(0.314049509485418,40.3939658570674,-10.8062480267106));
#1781=CARTESIAN_POINT('Ctrl Pts',(-4.89553675153126,40.4733839463563,-9.63884554429229));
#1782=CARTESIAN_POINT('Ctrl Pts',(-8.91122136367825,40.552802035645,-6.12076443878104));
#1783=CARTESIAN_POINT('Ctrl Pts',(-10.2661150266116,40.6112040174947,-2.43596385136907));
#1784=CARTESIAN_POINT('Ctrl Pts',(-10.3710048167622,40.6431333029147,-0.355793502742775));
#1785=CARTESIAN_POINT('Ctrl Pts',(-10.370637393598,40.648589891905,-0.000263719033194339));
#1786=CARTESIAN_POINT('Origin',(0.,33.951410108095,7.18282986242991E-15));
#1787=CARTESIAN_POINT('',(-10.3697977938801,38.451410108095,-0.00017093574089634));
#1788=CARTESIAN_POINT('',(-10.3713810685454,38.648589891905,-4.19142978077408E-5));
#1789=CARTESIAN_POINT('',(-10.3705,33.951410108095,8.88804530276099E-14));
#1790=CARTESIAN_POINT('Ctrl Pts',(-10.3697977938801,38.451410108095,-0.000170935740896605));
#1791=CARTESIAN_POINT('Ctrl Pts',(-10.3691764489397,38.4676784173371,1.06005427223469));
#1792=CARTESIAN_POINT('Ctrl Pts',(-9.94434539162289,38.5104194230088,3.8460235205864));
#1793=CARTESIAN_POINT('Ctrl Pts',(-7.48803529467254,38.5796331251101,7.79762465990001));
#1794=CARTESIAN_POINT('Ctrl Pts',(-2.8434352885241,38.6590512143989,10.4301725139576));
#1795=CARTESIAN_POINT('Ctrl Pts',(2.49460902243536,38.7384693036878,10.5190564565519));
#1796=CARTESIAN_POINT('Ctrl Pts',(7.22427922116529,38.8178873929766,8.04259986854882));
#1797=CARTESIAN_POINT('Ctrl Pts',(10.1921244532782,38.8973054822655,3.60474992750274));
#1798=CARTESIAN_POINT('Ctrl Pts',(10.6743598722979,38.9767235715544,-1.71221033393053));
#1799=CARTESIAN_POINT('Ctrl Pts',(8.55338005697677,39.0561416608432,-6.61160438258778));
#1800=CARTESIAN_POINT('Ctrl Pts',(4.34644009642813,39.1355597501321,-9.89858986922398));
#1801=CARTESIAN_POINT('Ctrl Pts',(-0.920490271932743,39.2149778394209,-10.771551446761));
#1802=CARTESIAN_POINT('Ctrl Pts',(-5.96293558192712,39.2943959287098,-9.01759514264914));
#1803=CARTESIAN_POINT('Ctrl Pts',(-9.52372654105132,39.3732066849344,-5.09469869548226));
#1804=CARTESIAN_POINT('Ctrl Pts',(-10.3709977565333,39.4255447447296,-1.68489338772465));
#1805=CARTESIAN_POINT('Ctrl Pts',(-10.3713810419525,39.451410108095,4.19142975537166E-5));
#1806=CARTESIAN_POINT('Ctrl Pts',(-10.3713810685454,38.648589891905,-4.19142978077451E-5));
#1807=CARTESIAN_POINT('Ctrl Pts',(-10.3709977831252,38.6744552552705,1.68489339204501));
#1808=CARTESIAN_POINT('Ctrl Pts',(-9.5237265654706,38.7267933150655,5.09469870854591));
#1809=CARTESIAN_POINT('Ctrl Pts',(-5.96293559721577,38.8056040712902,9.01759516577132));
#1810=CARTESIAN_POINT('Ctrl Pts',(-0.92049027429211,38.8850221605791,10.77155147438));
#1811=CARTESIAN_POINT('Ctrl Pts',(4.34644010757344,38.9644402498679,9.89858989460429));
#1812=CARTESIAN_POINT('Ctrl Pts',(8.55338007890868,39.0438583391568,6.61160439953974));
#1813=CARTESIAN_POINT('Ctrl Pts',(10.6743598996678,39.1232764284456,1.71221033831997));
#1814=CARTESIAN_POINT('Ctrl Pts',(10.1921244794112,39.2026945177345,-3.60474993674632));
#1815=CARTESIAN_POINT('Ctrl Pts',(7.22427923968819,39.2821126070234,-8.04259988917111));
#1816=CARTESIAN_POINT('Ctrl Pts',(2.4946090288309,39.3615306963122,-10.5190564835236));
#1817=CARTESIAN_POINT('Ctrl Pts',(-2.84343529581565,39.4409487856011,-10.4301725407011));
#1818=CARTESIAN_POINT('Ctrl Pts',(-7.48803531387294,39.52036687489,-7.79762467989304));
#1819=CARTESIAN_POINT('Ctrl Pts',(-9.94434541712096,39.5895805769912,-3.84602353044736));
#1820=CARTESIAN_POINT('Ctrl Pts',(-10.3691764755269,39.6323215826629,-1.06005427495257));
#1821=CARTESIAN_POINT('Ctrl Pts',(-10.3697978204689,39.648589891905,0.000170935741186859));
#1822=CARTESIAN_POINT('Origin',(0.,33.951410108095,7.18282986242991E-15));
#1823=CARTESIAN_POINT('',(-10.370637367007,37.451410108095,0.000263719032090617));
#1824=CARTESIAN_POINT('',(-10.3696813030483,37.648589891905,-0.000107672030043027));
#1825=CARTESIAN_POINT('',(-10.3705,33.951410108095,8.88804530276099E-14));
#1826=CARTESIAN_POINT('Ctrl Pts',(-10.370637367007,37.451410108095,0.000263719032090326));
#1827=CARTESIAN_POINT('Ctrl Pts',(-10.3710047901702,37.4568666970853,0.355793501830704));
#1828=CARTESIAN_POINT('Ctrl Pts',(-10.2661150002884,37.4887959825053,2.43596384512489));
#1829=CARTESIAN_POINT('Ctrl Pts',(-8.91122134082899,37.5471979643549,6.12076442308639));
#1830=CARTESIAN_POINT('Ctrl Pts',(-4.89553673897802,37.6266160536437,9.63884551957869));
#1831=CARTESIAN_POINT('Ctrl Pts',(0.314049508680971,37.7060341429326,10.8062479990024));
#1832=CARTESIAN_POINT('Ctrl Pts',(5.44704676409451,37.7854522322215,9.33827095672222));
#1833=CARTESIAN_POINT('Ctrl Pts',(9.2516425708007,37.8648703215103,5.5929180803017));
#1834=CARTESIAN_POINT('Ctrl Pts',(10.7999890875121,37.9442884107992,0.483589309806342));
#1835=CARTESIAN_POINT('Ctrl Pts',(9.71448247769814,38.023706500088,-4.74367506280417));
#1836=CARTESIAN_POINT('Ctrl Pts',(6.25985124755736,38.1031245893769,-8.8140731372827));
#1837=CARTESIAN_POINT('Ctrl Pts',(1.27859543970909,38.1825426786658,-10.7349344018728));
#1838=CARTESIAN_POINT('Ctrl Pts',(-4.0144785162091,38.2619607679546,-10.0378077862564));
#1839=CARTESIAN_POINT('Ctrl Pts',(-8.32851937259201,38.3413788572435,-6.89270541741801));
#1840=CARTESIAN_POINT('Ctrl Pts',(-10.143796181973,38.4045286372903,-3.05523059925543));
#1841=CARTESIAN_POINT('Ctrl Pts',(-10.3701875359396,38.4412057209074,-0.665203076892612));
#1842=CARTESIAN_POINT('Ctrl Pts',(-10.3697977938801,38.451410108095,-0.000170935740896605));
#1843=CARTESIAN_POINT('Ctrl Pts',(-10.3696813030483,37.648589891905,-0.00010767203004261));
#1844=CARTESIAN_POINT('Ctrl Pts',(-10.3693242413928,37.6636435350187,0.980987843832738));
#1845=CARTESIAN_POINT('Ctrl Pts',(-9.98828148289343,37.7051698745621,3.68766782319855));
#1846=CARTESIAN_POINT('Ctrl Pts',(-7.66459086953529,37.773168910535,7.62415046499568));
#1847=CARTESIAN_POINT('Ctrl Pts',(-3.08147753295339,37.8525869998239,10.3623414209437));
#1848=CARTESIAN_POINT('Ctrl Pts',(2.2531327883694,37.9320050891127,10.5734108095852));
#1849=CARTESIAN_POINT('Ctrl Pts',(7.03825914345437,38.0114231784016,8.20588397065595));
#1850=CARTESIAN_POINT('Ctrl Pts',(10.1069262780641,38.0908412676905,3.83714278077618));
#1851=CARTESIAN_POINT('Ctrl Pts',(10.7107613502193,38.1702593569793,-1.46738366112387));
#1852=CARTESIAN_POINT('Ctrl Pts',(8.70250375809775,38.2496774462682,-6.41405112628359));
#1853=CARTESIAN_POINT('Ctrl Pts',(4.57191839822111,38.329095535557,-9.79648843567387));
#1854=CARTESIAN_POINT('Ctrl Pts',(-0.673646011153359,38.4085136248459,-10.7898018777891));
#1855=CARTESIAN_POINT('Ctrl Pts',(-5.75492463854493,38.4879317141348,-9.15174660460796));
#1856=CARTESIAN_POINT('Ctrl Pts',(-9.43271793559614,38.5673498034236,-5.2818042237258));
#1857=CARTESIAN_POINT('Ctrl Pts',(-10.3615072936318,38.6209025293471,-1.8036623513421));
#1858=CARTESIAN_POINT('Ctrl Pts',(-10.3713900682995,38.6479825588409,-0.0396051289366221));
#1859=CARTESIAN_POINT('Ctrl Pts',(-10.3713810685454,38.648589891905,-4.19142978077451E-5));
#1860=CARTESIAN_POINT('Origin',(0.,33.951410108095,7.18282986242991E-15));
#1861=CARTESIAN_POINT('',(-10.3706582743094,36.451410108095,-0.000263488675018654));
#1862=CARTESIAN_POINT('',(-10.3708839327981,36.648589891905,0.000235946912256479));
#1863=CARTESIAN_POINT('',(-10.3705,33.951410108095,8.88804530276099E-14));
#1864=CARTESIAN_POINT('Ctrl Pts',(-10.3706582743094,36.451410108095,-0.000263488675019061));
#1865=CARTESIAN_POINT('Ctrl Pts',(-10.3692379610587,36.4725276732632,1.37566562553294));
#1866=CARTESIAN_POINT('Ctrl Pts',(-9.74841687214535,36.5201179348611,4.47768723214268));
#1867=CARTESIAN_POINT('Ctrl Pts',(-6.74501523335009,36.5941808928886,8.44857238955386));
#1868=CARTESIAN_POINT('Ctrl Pts',(-1.87950832840506,36.6735989821775,10.6461768514267));
#1869=CARTESIAN_POINT('Ctrl Pts',(3.44436480725875,36.7530170714663,10.2474372056727));
#1870=CARTESIAN_POINT('Ctrl Pts',(7.92824156538418,36.8324351607552,7.34959932103766));
#1871=CARTESIAN_POINT('Ctrl Pts',(10.4786141947712,36.911853250044,2.65937346752622));
#1872=CARTESIAN_POINT('Ctrl Pts',(10.4735091560654,36.9912713393329,-2.67940827012916));
#1873=CARTESIAN_POINT('Ctrl Pts',(7.9141714668804,37.0706894286217,-7.36474800149527));
#1874=CARTESIAN_POINT('Ctrl Pts',(3.42476096607225,37.1501075179106,-10.2540058070075));
#1875=CARTESIAN_POINT('Ctrl Pts',(-1.89986494878411,37.2295256071995,-10.6425624809046));
#1876=CARTESIAN_POINT('Ctrl Pts',(-6.76116028204809,37.3089436964883,-8.43565851158328));
#1877=CARTESIAN_POINT('Ctrl Pts',(-9.75285829864558,37.3829051967868,-4.46448164105525));
#1878=CARTESIAN_POINT('Ctrl Pts',(-10.3692222329943,37.4303940006557,-1.36906281928043));
#1879=CARTESIAN_POINT('Ctrl Pts',(-10.370637367007,37.451410108095,0.000263719032090326));
#1880=CARTESIAN_POINT('Ctrl Pts',(-10.3708839327981,36.648589891905,0.000235946912256063));
#1881=CARTESIAN_POINT('Ctrl Pts',(-10.371154908763,36.652831814767,0.276603933147529));
#1882=CARTESIAN_POINT('Ctrl Pts',(-10.2927753713849,36.6835464340586,2.27755669276694));
#1883=CARTESIAN_POINT('Ctrl Pts',(-9.04901400674886,36.7407337497799,5.91514743999524));
#1884=CARTESIAN_POINT('Ctrl Pts',(-5.11492455675501,36.8201518390687,9.52424118466142));
#1885=CARTESIAN_POINT('Ctrl Pts',(0.0665698537198086,36.8995699283576,10.8106055351728));
#1886=CARTESIAN_POINT('Ctrl Pts',(5.23182950887396,36.9789880176464,9.46052765300013));
#1887=CARTESIAN_POINT('Ctrl Pts',(9.12117393706959,37.0584061069353,5.8032585265464));
#1888=CARTESIAN_POINT('Ctrl Pts',(10.7860871840847,37.1378241962242,0.730716613411568));
#1889=CARTESIAN_POINT('Ctrl Pts',(9.8205376383054,37.217242285513,-4.52002920368327));
#1890=CARTESIAN_POINT('Ctrl Pts',(6.45999921327693,37.2966603748019,-8.66845047726396));
#1891=CARTESIAN_POINT('Ctrl Pts',(1.52402501803775,37.3760784640908,-10.7028487447778));
#1892=CARTESIAN_POINT('Ctrl Pts',(-3.7836215951635,37.4554965533796,-10.1270840391174));
#1893=CARTESIAN_POINT('Ctrl Pts',(-8.16853546419281,37.5349146426685,-7.08157128611905));
#1894=CARTESIAN_POINT('Ctrl Pts',(-10.1077883094085,37.5992790888436,-3.21366715380393));
#1895=CARTESIAN_POINT('Ctrl Pts',(-10.3699521548314,37.6371708385891,-0.744324996633292));
#1896=CARTESIAN_POINT('Ctrl Pts',(-10.3696813030483,37.648589891905,-0.00010767203004261));
#1897=CARTESIAN_POINT('Ctrl Pts',(15.,0.,0.));
#1898=CARTESIAN_POINT('Ctrl Pts',(15.,4.98266928286947E-16,2.24399475256414));
#1899=CARTESIAN_POINT('Ctrl Pts',(13.976260557103,1.49463063847849E-15,
6.73121798650826));
#1900=CARTESIAN_POINT('Ctrl Pts',(9.67331868285394,2.69280472391656E-15,
12.1273143512121));
#1901=CARTESIAN_POINT('Ctrl Pts',(3.44955129446423,3.35863279601956E-15,
15.125937408628));
#1902=CARTESIAN_POINT('Ctrl Pts',(-2.680460229886,3.35729152570584E-15,
15.1198968641429));
#1903=CARTESIAN_POINT('Ctrl Pts',(-9.02882075092002,2.80615612017533E-15,
12.6378036571651));
#1904=CARTESIAN_POINT('Ctrl Pts',(-13.2747296949035,1.78937564694933E-15,
8.05863149682685));
#1905=CARTESIAN_POINT('Ctrl Pts',(-15.5071580381987,1.8243476489743E-16,
0.821613139211489));
#1906=CARTESIAN_POINT('Ctrl Pts',(-14.3531658460196,-1.53381567270669E-15,
-6.90769169205685));
#1907=CARTESIAN_POINT('Ctrl Pts',(-9.02416896839912,-2.80759026097356E-15,
-12.6442624531295));
#1908=CARTESIAN_POINT('Ctrl Pts',(-3.38808348716554,-3.29462260244253E-15,
-14.8376611246866));
#1909=CARTESIAN_POINT('Ctrl Pts',(2.6494055818622,-3.39909363868712E-15,
-15.3081568445888));
#1910=CARTESIAN_POINT('Ctrl Pts',(9.19648162072748,-2.82800369016371E-15,
-12.7361963652237));
#1911=CARTESIAN_POINT('Ctrl Pts',(13.9754655741152,-1.49359154755326E-15,
-6.72653833700459));
#1912=CARTESIAN_POINT('Ctrl Pts',(15.,-4.98266928286948E-16,-2.24399475256414));
#1913=CARTESIAN_POINT('Ctrl Pts',(15.,-8.15778644068134E-31,-3.67394039744206E-15));
#1914=CARTESIAN_POINT('Ctrl Pts',(15.6734350297015,0.,0.));
#1915=CARTESIAN_POINT('Ctrl Pts',(15.6734350297015,5.20498634072184E-16,
2.34411745445434));
#1916=CARTESIAN_POINT('Ctrl Pts',(14.6036202527974,1.59715823634068E-15,
7.03372311430038));
#1917=CARTESIAN_POINT('Ctrl Pts',(10.1074793882026,2.88211978494228E-15,
12.6714673745504));
#1918=CARTESIAN_POINT('Ctrl Pts',(3.60437727722833,3.66799759788627E-15,
15.8051187364864));
#1919=CARTESIAN_POINT('Ctrl Pts',(-2.80094304569465,3.45934029870589E-15,
15.7983983331534));
#1920=CARTESIAN_POINT('Ctrl Pts',(-9.43392711166174,2.98259970998793E-15,
13.2053534886382));
#1921=CARTESIAN_POINT('Ctrl Pts',(-13.8706175790116,1.84198394099998E-15,
8.42018877524293));
#1922=CARTESIAN_POINT('Ctrl Pts',(-16.2032580473485,1.85130269782615E-16,
0.858514925775227));
#1923=CARTESIAN_POINT('Ctrl Pts',(-14.9974400033036,-1.59087073875054E-15,
-7.21777428321614));
#1924=CARTESIAN_POINT('Ctrl Pts',(-9.42924359517652,-3.03471937307051E-15,
-13.2118357289542));
#1925=CARTESIAN_POINT('Ctrl Pts',(-3.5401762714808,-3.34919859917804E-15,
-15.5036821134942));
#1926=CARTESIAN_POINT('Ctrl Pts',(2.76836076786877,-3.49311687297056E-15,
-15.9953409514244));
#1927=CARTESIAN_POINT('Ctrl Pts',(9.60918947187133,-3.17710517367638E-15,
-13.3078473259482));
#1928=CARTESIAN_POINT('Ctrl Pts',(14.6027757169911,-1.54381819588115E-15,
-7.02875291321674));
#1929=CARTESIAN_POINT('Ctrl Pts',(15.6734350297015,-5.20498634072184E-16,
-2.34411745445434));
#1930=CARTESIAN_POINT('Ctrl Pts',(15.6734350297015,-7.05903860988564E-31,
-3.83888440815358E-15));
#1931=CARTESIAN_POINT('Ctrl Pts',(17.1488566537108,0.168292156198266,-3.73683653350257E-17));
#1932=CARTESIAN_POINT('Ctrl Pts',(17.1488566537108,0.168292156198267,2.56559105749405));
#1933=CARTESIAN_POINT('Ctrl Pts',(15.9784826720964,0.168292156198268,7.69545059831783));
#1934=CARTESIAN_POINT('Ctrl Pts',(11.0591169745454,0.168292156198269,13.8647022858061));
#1935=CARTESIAN_POINT('Ctrl Pts',(3.94373307809497,0.16829215619827,17.2928165205679));
#1936=CARTESIAN_POINT('Ctrl Pts',(-3.06442606488106,0.16829215619827,17.2859946624414));
#1937=CARTESIAN_POINT('Ctrl Pts',(-10.3223146391555,0.168292156198269,14.4482245090177));
#1938=CARTESIAN_POINT('Ctrl Pts',(-15.1764476140324,0.168292156198268,9.21313718722625));
#1939=CARTESIAN_POINT('Ctrl Pts',(-17.7286901185362,0.168292156198266,0.939311996109229));
#1940=CARTESIAN_POINT('Ctrl Pts',(-16.4093837534235,0.168292156198265,-7.89727645317559));
#1941=CARTESIAN_POINT('Ctrl Pts',(-10.316960034829,0.168292156198262,-14.455663381856));
#1942=CARTESIAN_POINT('Ctrl Pts',(-3.87345413328734,0.168292156198263,-16.9632874349098));
#1943=CARTESIAN_POINT('Ctrl Pts',(3.02895005212527,0.168292156198262,-17.5011768074326));
#1944=CARTESIAN_POINT('Ctrl Pts',(10.5139788533166,0.168292156198262,-14.5607777109711));
#1945=CARTESIAN_POINT('Ctrl Pts',(15.977576652611,0.168292156198264,-7.69011710054254));
#1946=CARTESIAN_POINT('Ctrl Pts',(17.1488566537108,0.168292156198266,-2.56559105749406));
#1947=CARTESIAN_POINT('Ctrl Pts',(17.1488566537108,0.168292156198266,-4.23762684733577E-15));
#1948=CARTESIAN_POINT('Ctrl Pts',(19.0911126760403,1.07667427200348,-2.39069713359958E-16));
#1949=CARTESIAN_POINT('Ctrl Pts',(19.0911126760403,1.07667427200348,2.85571251978367));
#1950=CARTESIAN_POINT('Ctrl Pts',(17.7881007777936,1.07667427200348,8.56724726249929));
#1951=CARTESIAN_POINT('Ctrl Pts',(12.3115631369276,1.07667427200348,15.434772990679));
#1952=CARTESIAN_POINT('Ctrl Pts',(4.39036288012015,1.07667427200348,19.2514444552914));
#1953=CARTESIAN_POINT('Ctrl Pts',(-3.41160205031472,1.07667427200348,19.2435522154148));
#1954=CARTESIAN_POINT('Ctrl Pts',(-11.4912247457438,1.07667427200348,16.0847324421553));
#1955=CARTESIAN_POINT('Ctrl Pts',(-16.8952457299814,1.07667427200348,10.2564293582719));
#1956=CARTESIAN_POINT('Ctrl Pts',(-19.7365413519966,1.07667427200348,1.0457080536618));
#1957=CARTESIAN_POINT('Ctrl Pts',(-18.2678000594177,1.07667427200348,-8.79167995323485));
#1958=CARTESIAN_POINT('Ctrl Pts',(-11.4853927268712,1.07667427200348,-16.0928196431542));
#1959=CARTESIAN_POINT('Ctrl Pts',(-4.31214350198021,1.07667427200348,-18.8844345375189));
#1960=CARTESIAN_POINT('Ctrl Pts',(3.37201087177412,1.07667427200348,-19.4832735930346));
#1961=CARTESIAN_POINT('Ctrl Pts',(11.7046506791886,1.07667427200348,-16.209802830401));
#1962=CARTESIAN_POINT('Ctrl Pts',(17.787082044463,1.07667427200348,-8.56125108122387));
#1963=CARTESIAN_POINT('Ctrl Pts',(19.0911126760403,1.07667427200348,-2.85571251978367));
#1964=CARTESIAN_POINT('Ctrl Pts',(19.0911126760403,1.07667427200348,-4.91504371953481E-15));
#1965=CARTESIAN_POINT('Ctrl Pts',(19.9018273961963,2.16735641446401,-4.81249798781394E-16));
#1966=CARTESIAN_POINT('Ctrl Pts',(19.9018273961963,2.16735641446401,2.9774999611296));
#1967=CARTESIAN_POINT('Ctrl Pts',(18.5435770613505,2.16735641446401,8.93080855418681));
#1968=CARTESIAN_POINT('Ctrl Pts',(12.8344881236988,2.16735641446402,16.0904777166534));
#1969=CARTESIAN_POINT('Ctrl Pts',(4.57683861231923,2.16735641446401,20.0688910380137));
#1970=CARTESIAN_POINT('Ctrl Pts',(-3.55635974466317,2.16735641446402,20.0610034828939));
#1971=CARTESIAN_POINT('Ctrl Pts',(-11.9794127120475,2.16735641446402,16.7676405263544));
#1972=CARTESIAN_POINT('Ctrl Pts',(-17.6127865647375,2.16735641446401,10.6921742218892));
#1973=CARTESIAN_POINT('Ctrl Pts',(-20.5747512259559,2.16735641446401,1.09010222476557));
#1974=CARTESIAN_POINT('Ctrl Pts',(-19.0436528220398,2.16735641446401,-9.16505916282637));
#1975=CARTESIAN_POINT('Ctrl Pts',(-11.9731857531533,2.16735641446401,-16.7762927911579));
#1976=CARTESIAN_POINT('Ctrl Pts',(-4.4952756181838,2.16735641446401,-19.686477107605));
#1977=CARTESIAN_POINT('Ctrl Pts',(3.51519824494047,2.16735641446401,-20.3107130187018));
#1978=CARTESIAN_POINT('Ctrl Pts',(12.2018401577931,2.16735641446401,-16.8982851047567));
#1979=CARTESIAN_POINT('Ctrl Pts',(18.5425265937685,2.16735641446401,-8.92462464617451));
#1980=CARTESIAN_POINT('Ctrl Pts',(19.9018273961963,2.16735641446401,-2.97749996112961));
#1981=CARTESIAN_POINT('Ctrl Pts',(19.9018273961963,2.16735641446401,-5.35579164236836E-15));
#1982=CARTESIAN_POINT('Ctrl Pts',(20.,2.79796949108956,-6.21274030241272E-16));
#1983=CARTESIAN_POINT('Ctrl Pts',(20.,2.79796949108956,2.99167392416347));
#1984=CARTESIAN_POINT('Ctrl Pts',(18.6349557519202,2.79796949108956,8.97511230857153));
#1985=CARTESIAN_POINT('Ctrl Pts',(12.8976919609547,2.79796949108956,16.1695932401491));
#1986=CARTESIAN_POINT('Ctrl Pts',(4.59937922489594,2.79796949108956,20.1679637984957));
#1987=CARTESIAN_POINT('Ctrl Pts',(-3.57401958521569,2.79796949108956,20.1597004160307));
#1988=CARTESIAN_POINT('Ctrl Pts',(-12.0383003400479,2.79796949108956,16.8504905110308));
#1989=CARTESIAN_POINT('Ctrl Pts',(-17.6995935034672,2.79796949108956,10.7447188747008));
#1990=CARTESIAN_POINT('Ctrl Pts',(-20.6761573349074,2.79796949108956,1.09549182542543));
#1991=CARTESIAN_POINT('Ctrl Pts',(-19.137492575537,2.79796949108955,-9.21023364306414));
#1992=CARTESIAN_POINT('Ctrl Pts',(-12.0321886818048,2.79796949108956,-16.8589657201741));
#1993=CARTESIAN_POINT('Ctrl Pts',(-4.51743569132798,2.79796949108955,-19.7834837665029));
#1994=CARTESIAN_POINT('Ctrl Pts',(3.53254505324883,2.79796949108955,-20.4108318293436));
#1995=CARTESIAN_POINT('Ctrl Pts',(12.26188619494,2.79796949108956,-16.9815187872826));
#1996=CARTESIAN_POINT('Ctrl Pts',(18.6338886745546,2.79796949108955,-8.9688315655324));
#1997=CARTESIAN_POINT('Ctrl Pts',(20.,2.79796949108956,-2.99167392416348));
#1998=CARTESIAN_POINT('Ctrl Pts',(20.,2.79796949108956,-5.51986122683068E-15));
#1999=CARTESIAN_POINT('Ctrl Pts',(20.,3.,-6.66133814775094E-16));
#2000=CARTESIAN_POINT('Ctrl Pts',(20.,3.,2.99199300341885));
#2001=CARTESIAN_POINT('Ctrl Pts',(18.6350140761374,3.,8.97495731534435));
#2002=CARTESIAN_POINT('Ctrl Pts',(12.8977582438053,3.,16.1697524682828));
#2003=CARTESIAN_POINT('Ctrl Pts',(4.59940172595231,3.,20.1679165448374));
#2004=CARTESIAN_POINT('Ctrl Pts',(-3.57394697318133,3.,20.1598624855239));
#2005=CARTESIAN_POINT('Ctrl Pts',(-12.0384276678934,3.,16.8504048762201));
#2006=CARTESIAN_POINT('Ctrl Pts',(-17.6996395932047,3.,10.7448419957691));
#2007=CARTESIAN_POINT('Ctrl Pts',(-20.6762107175982,3.,1.09548418561532));
#2008=CARTESIAN_POINT('Ctrl Pts',(-19.1375544613594,3.,-9.21025558940914));
#2009=CARTESIAN_POINT('Ctrl Pts',(-12.0322252911988,3.,-16.8590166041727));
#2010=CARTESIAN_POINT('Ctrl Pts',(-4.51744464955406,3.,-19.7835481662488));
#2011=CARTESIAN_POINT('Ctrl Pts',(3.53254077581628,3.,-20.410875792785));
#2012=CARTESIAN_POINT('Ctrl Pts',(12.2619754943033,3.,-16.9815951536315));
#2013=CARTESIAN_POINT('Ctrl Pts',(18.6339540988202,3.,-8.96871778267279));
#2014=CARTESIAN_POINT('Ctrl Pts',(20.,3.,-2.99199300341886));
#2015=CARTESIAN_POINT('Ctrl Pts',(20.,3.,-5.56472101136451E-15));
#2016=CARTESIAN_POINT('',(15.,-8.15778644068134E-31,-3.67394039744206E-15));
#2017=CARTESIAN_POINT('',(20.,3.,-6.66133814775094E-16));
#2018=CARTESIAN_POINT('Ctrl Pts',(15.,0.,0.));
#2019=CARTESIAN_POINT('Ctrl Pts',(15.6734350297015,0.,0.));
#2020=CARTESIAN_POINT('Ctrl Pts',(17.1488566537108,0.168292156198266,-3.73683653350257E-17));
#2021=CARTESIAN_POINT('Ctrl Pts',(19.0911126760403,1.07667427200348,-2.39069713359958E-16));
#2022=CARTESIAN_POINT('Ctrl Pts',(19.9018273961963,2.16735641446401,-4.81249798781394E-16));
#2023=CARTESIAN_POINT('Ctrl Pts',(20.,2.79796949108956,-6.21274030241272E-16));
#2024=CARTESIAN_POINT('Ctrl Pts',(20.,3.,-6.66133814775094E-16));
#2025=CARTESIAN_POINT('',(-19.9969861587972,3.,-0.000629704309258332));
#2026=CARTESIAN_POINT('Ctrl Pts',(20.,3.,-6.66133814775094E-16));
#2027=CARTESIAN_POINT('Ctrl Pts',(20.,3.,2.99199300341885));
#2028=CARTESIAN_POINT('Ctrl Pts',(18.6350140761374,3.,8.97495731534435));
#2029=CARTESIAN_POINT('Ctrl Pts',(12.8977582438053,3.,16.1697524682828));
#2030=CARTESIAN_POINT('Ctrl Pts',(4.59940172595231,3.,20.1679165448374));
#2031=CARTESIAN_POINT('Ctrl Pts',(-3.57394697318133,3.,20.1598624855239));
#2032=CARTESIAN_POINT('Ctrl Pts',(-12.0384276678934,3.,16.8504048762201));
#2033=CARTESIAN_POINT('Ctrl Pts',(-17.6996395932047,3.,10.7448419957691));
#2034=CARTESIAN_POINT('Ctrl Pts',(-19.7832393802802,3.,3.99029152866146));
#2035=CARTESIAN_POINT('Ctrl Pts',(-19.9989266105034,3.,0.997026890884724));
#2036=CARTESIAN_POINT('Ctrl Pts',(-19.9969861587972,3.,-0.0006297043092586));
#2037=CARTESIAN_POINT('Ctrl Pts',(-19.9969861587972,3.,-0.0006297043092586));
#2038=CARTESIAN_POINT('Ctrl Pts',(-19.9911648036787,3.,-2.9935994898912));
#2039=CARTESIAN_POINT('Ctrl Pts',(-18.4270215443434,3.,-9.9751316908855));
#2040=CARTESIAN_POINT('Ctrl Pts',(-12.0322252911988,3.,-16.8590166041727));
#2041=CARTESIAN_POINT('Ctrl Pts',(-4.51744464955406,3.,-19.7835481662488));
#2042=CARTESIAN_POINT('Ctrl Pts',(3.53254077581628,3.,-20.410875792785));
#2043=CARTESIAN_POINT('Ctrl Pts',(12.2619754943033,3.,-16.9815951536315));
#2044=CARTESIAN_POINT('Ctrl Pts',(18.6339540988202,3.,-8.96871778267279));
#2045=CARTESIAN_POINT('Ctrl Pts',(20.,3.,-2.99199300341886));
#2046=CARTESIAN_POINT('Ctrl Pts',(20.,3.,-5.56472101136451E-15));
#2047=CARTESIAN_POINT('Ctrl Pts',(15.,-8.15778644068134E-31,-3.67394039744206E-15));
#2048=CARTESIAN_POINT('Ctrl Pts',(15.,-4.98266928286948E-16,-2.24399475256414));
#2049=CARTESIAN_POINT('Ctrl Pts',(13.9754655741152,-1.49359154755326E-15,
-6.72653833700459));
#2050=CARTESIAN_POINT('Ctrl Pts',(9.19648162072748,-2.82800369016371E-15,
-12.7361963652237));
#2051=CARTESIAN_POINT('Ctrl Pts',(2.6494055818622,-3.39909363868712E-15,
-15.3081568445888));
#2052=CARTESIAN_POINT('Ctrl Pts',(-3.38808348716554,-3.29462260244253E-15,
-14.8376611246866));
#2053=CARTESIAN_POINT('Ctrl Pts',(-9.02416896839912,-2.80759026097356E-15,
-12.6442624531295));
#2054=CARTESIAN_POINT('Ctrl Pts',(-14.3531658460196,-1.53381567270669E-15,
-6.90769169205685));
#2055=CARTESIAN_POINT('Ctrl Pts',(-15.5071580381987,1.8243476489743E-16,
0.821613139211489));
#2056=CARTESIAN_POINT('Ctrl Pts',(-13.2747296949035,1.78937564694933E-15,
8.05863149682685));
#2057=CARTESIAN_POINT('Ctrl Pts',(-9.02882075092002,2.80615612017533E-15,
12.6378036571651));
#2058=CARTESIAN_POINT('Ctrl Pts',(-2.680460229886,3.35729152570584E-15,
15.1198968641429));
#2059=CARTESIAN_POINT('Ctrl Pts',(3.44955129446423,3.35863279601956E-15,
15.125937408628));
#2060=CARTESIAN_POINT('Ctrl Pts',(9.67331868285394,2.69280472391656E-15,
12.1273143512121));
#2061=CARTESIAN_POINT('Ctrl Pts',(13.976260557103,1.49463063847849E-15,
6.73121798650826));
#2062=CARTESIAN_POINT('Ctrl Pts',(15.,4.98266928286947E-16,2.24399475256414));
#2063=CARTESIAN_POINT('Ctrl Pts',(15.,0.,0.));
#2064=CARTESIAN_POINT('Origin',(0.,5.25,-1.16573417585641E-15));
#2065=CARTESIAN_POINT('',(-20.,10.5,1.17825246581878E-16));
#2066=CARTESIAN_POINT('Origin',(0.,10.5,-2.33146835171283E-15));
#2067=CARTESIAN_POINT('',(-20.,5.25,1.28355942243829E-15));
#2068=CARTESIAN_POINT('Origin',(0.,0.,0.));
#2069=CARTESIAN_POINT('Origin',(-15.,76.5,-14.9999999999981));
#2070=CARTESIAN_POINT('',(-5.0000000000016,73.9353078801463,-20.5000000000006));
#2071=CARTESIAN_POINT('',(-5.00000000000117,76.5,-14.9999999999981));
#2072=CARTESIAN_POINT('',(-5.0000000000003,81.6733280567542,-3.90576218022244));
#2073=CARTESIAN_POINT('',(-15.,73.9353078801463,-20.5000000000006));
#2074=CARTESIAN_POINT('',(-10.0000000000008,73.9353078801467,-20.4999999999998));
#2075=CARTESIAN_POINT('',(-15.,76.5,-14.9999999999981));
#2076=CARTESIAN_POINT('',(-15.0000000000019,73.0628118412603,-22.3710737935089));
#2077=CARTESIAN_POINT('',(-12.5000000000007,76.5,-14.9999999999981));
#2078=CARTESIAN_POINT('Origin',(-15.,76.5,-14.9999999999981));
#2079=CARTESIAN_POINT('',(14.9999999999982,73.9353078801463,-20.5000000000006));
#2080=CARTESIAN_POINT('',(14.9999999999965,76.5,-14.9999999999981));
#2081=CARTESIAN_POINT('',(14.9999999999993,79.5741896077706,-8.40737911117555));
#2082=CARTESIAN_POINT('',(4.9999999999984,73.9353078801463,-20.5000000000006));
#2083=CARTESIAN_POINT('',(-2.18108367465904E-12,73.9353078801463,-20.5000000000007));
#2084=CARTESIAN_POINT('',(4.99999999999883,76.5,-14.9999999999981));
#2085=CARTESIAN_POINT('',(4.99999999999838,73.8213725147842,-20.7443351795104));
#2086=CARTESIAN_POINT('',(-2.49999999999986,76.5,-14.9999999999981));
#2087=CARTESIAN_POINT('Origin',(-15.,73.9353078801486,20.5));
#2088=CARTESIAN_POINT('',(5.0000000000016,73.9353078801491,20.499999999999));
#2089=CARTESIAN_POINT('',(5.00000000000117,76.5,15.0000000000019));
#2090=CARTESIAN_POINT('',(5.00000000000052,80.3909819968298,6.65576218022183));
#2091=CARTESIAN_POINT('',(15.0000000000021,73.9353078801496,20.4999999999978));
#2092=CARTESIAN_POINT('',(-4.99999999999963,73.9353078801485,20.5000000000002));
#2093=CARTESIAN_POINT('',(15.0000000000013,76.5,15.0000000000019));
#2094=CARTESIAN_POINT('',(15.0000000000022,71.7804657813362,25.1210737935087));
#2095=CARTESIAN_POINT('',(-2.49999999999986,76.5,15.000000000002));
#2096=CARTESIAN_POINT('Origin',(-15.,73.9353078801486,20.5));
#2097=CARTESIAN_POINT('',(-4.99999999999883,76.5,15.0000000000019));
#2098=CARTESIAN_POINT('',(-4.99999999999841,73.9353078801486,20.5));
#2099=CARTESIAN_POINT('',(-4.99999999999817,72.5390264548602,23.4943351795102));
#2100=CARTESIAN_POINT('',(-15.,76.5,15.0000000000019));
#2101=CARTESIAN_POINT('',(-12.5000000000007,76.5,15.000000000002));
#2102=CARTESIAN_POINT('',(-15.,73.9353078801486,20.5));
#2103=CARTESIAN_POINT('',(-14.999999999999,78.2918435478462,11.1573791111751));
#2104=CARTESIAN_POINT('',(-14.9999999999994,73.935307880148,20.5000000000013));
#2105=CARTESIAN_POINT('Origin',(-5.0000000000016,58.3,-20.5000000000002));
#2106=CARTESIAN_POINT('',(-5.0000000000016,58.3,-20.5000000000003));
#2107=CARTESIAN_POINT('',(-5.0000000000016,58.3,-20.5000000000003));
#2108=CARTESIAN_POINT('',(-15.0000000000045,58.3,-20.4999999999993));
#2109=CARTESIAN_POINT('',(-15.0000000000045,58.3,-20.4999999999993));
#2110=CARTESIAN_POINT('',(-15.0000000000045,58.3,-20.4999999999993));
#2111=CARTESIAN_POINT('Origin',(-15.0000000000015,42.3,-16.9999999999987));
#2112=CARTESIAN_POINT('',(-15.0000000000015,58.3,-16.9999999999987));
#2113=CARTESIAN_POINT('',(-14.9999999999979,58.3,20.5000000000013));
#2114=CARTESIAN_POINT('',(-15.0000000000015,42.3,-16.9999999999987));
#2115=CARTESIAN_POINT('',(-15.0000000000015,42.3,-16.9999999999987));
#2116=CARTESIAN_POINT('',(-14.9999999999985,42.3,17.0000000000013));
#2117=CARTESIAN_POINT('',(-14.9999999999985,42.3,17.0000000000013));
#2118=CARTESIAN_POINT('',(-14.9999999999985,58.3,17.0000000000013));
#2119=CARTESIAN_POINT('',(-14.9999999999985,42.3,17.0000000000013));
#2120=CARTESIAN_POINT('',(-14.9999999999979,58.3,20.5000000000013));
#2121=CARTESIAN_POINT('',(-14.9999999999979,58.3,20.5000000000013));
#2122=CARTESIAN_POINT('',(-14.9999999999979,58.3,20.5000000000013));
#2123=CARTESIAN_POINT('',(-14.9999999999979,76.5,20.5000000000013));
#2124=CARTESIAN_POINT('Origin',(4.9999999999984,58.3,-20.5000000000013));
#2125=CARTESIAN_POINT('',(4.9999999999984,58.3,-20.5000000000013));
#2126=CARTESIAN_POINT('',(4.9999999999984,58.3,-20.5000000000013));
#2127=CARTESIAN_POINT('',(4.99999999999867,58.3,-17.0000000000002));
#2128=CARTESIAN_POINT('',(4.9999999999984,58.3,-20.5000000000013));
#2129=CARTESIAN_POINT('',(5.00000000000132,58.3,16.9999999999993));
#2130=CARTESIAN_POINT('',(4.9999999999992,58.3,-10.2500000000011));
#2131=CARTESIAN_POINT('',(5.0000000000016,58.3,20.499999999999));
#2132=CARTESIAN_POINT('',(4.9999999999984,58.3,-20.5000000000013));
#2133=CARTESIAN_POINT('',(5.0000000000016,58.3,20.499999999999));
#2134=CARTESIAN_POINT('',(4.9999999999984,76.5,-20.5000000000013));
#2135=CARTESIAN_POINT('Origin',(10.0000000000003,76.5,-1.62536650805123E-12));
#2136=CARTESIAN_POINT('',(15.0000000000021,76.5,20.4999999999978));
#2137=CARTESIAN_POINT('Origin',(10.0000000000003,58.3,-1.62536650805123E-12));
#2138=CARTESIAN_POINT('',(14.9999999999985,58.3,-17.0000000000009));
#2139=CARTESIAN_POINT('',(-15.0000000000015,58.3,-16.9999999999987));
#2140=CARTESIAN_POINT('',(14.9999999999956,58.3,-20.5000000000022));
#2141=CARTESIAN_POINT('',(-15.0000000000045,58.3,-20.4999999999993));
#2142=CARTESIAN_POINT('',(15.0000000000021,58.3,20.4999999999978));
#2143=CARTESIAN_POINT('Origin',(10.0000000000003,58.3,-1.62536650805123E-12));
#2144=CARTESIAN_POINT('',(15.0000000000015,58.3,16.9999999999984));
#2145=CARTESIAN_POINT('',(15.0000000000015,58.3,16.9999999999984));
#2146=CARTESIAN_POINT('',(15.0000000000021,58.3,20.4999999999978));
#2147=CARTESIAN_POINT('',(15.0000000000021,58.3,20.4999999999978));
#2148=CARTESIAN_POINT('',(15.0000000000021,58.3,20.4999999999978));
#2149=CARTESIAN_POINT('Origin',(5.00000000000159,58.3,20.499999999999));
#2150=CARTESIAN_POINT('',(15.0000000000021,58.3,20.4999999999978));
#2151=CARTESIAN_POINT('Origin',(14.9999999999956,58.3,-20.5000000000022));
#2152=CARTESIAN_POINT('',(14.9999999999956,58.3,-20.5000000000022));
#2153=CARTESIAN_POINT('Origin',(-1.20348175869367E-12,58.3,-4.39648317751562E-13));
#2154=CARTESIAN_POINT('',(-5.00000000000132,58.3,-16.9999999999994));
#2155=CARTESIAN_POINT('',(-15.0000000000015,58.3,-16.9999999999987));
#2156=CARTESIAN_POINT('',(-4.99999999999867,58.3,17.0000000000003));
#2157=CARTESIAN_POINT('',(-4.9999999999992,58.3,10.2500000000001));
#2158=CARTESIAN_POINT('',(15.0000000000015,58.3,16.9999999999984));
#2159=CARTESIAN_POINT('Origin',(-10.0000000000015,58.3,5.10702591327572E-13));
#2160=CARTESIAN_POINT('',(15.0000000000015,58.3,16.9999999999984));
#2161=CARTESIAN_POINT('',(-4.9999999999984,58.3,20.5000000000002));
#2162=CARTESIAN_POINT('',(-5.0000000000016,58.3,-20.5000000000003));
#2163=CARTESIAN_POINT('',(15.0000000000021,58.3,20.4999999999978));
#2164=CARTESIAN_POINT('Origin',(-10.0000000000015,58.3,5.10702591327572E-13));
#2165=CARTESIAN_POINT('',(-15.0000000000015,58.3,-16.9999999999987));
#2166=CARTESIAN_POINT('',(-5.0000000000016,58.3,-20.5000000000003));
#2167=CARTESIAN_POINT('Origin',(-4.9999999999984,58.3,20.5000000000002));
#2168=CARTESIAN_POINT('',(-5.0000000000016,76.5,-20.5000000000003));
#2169=CARTESIAN_POINT('',(-4.9999999999984,58.3,20.5000000000002));
#2170=CARTESIAN_POINT('Origin',(-14.9999999999979,58.3,20.5000000000013));
#2171=CARTESIAN_POINT('Origin',(-10.0000000000015,76.5,5.10702591327572E-13));
#2172=CARTESIAN_POINT('Origin',(15.0000000000015,42.3,16.9999999999984));
#2173=CARTESIAN_POINT('',(15.0000000000015,42.3,16.9999999999984));
#2174=CARTESIAN_POINT('',(15.0000000000015,42.3,16.9999999999984));
#2175=CARTESIAN_POINT('',(14.9999999999985,42.3,-17.0000000000009));
#2176=CARTESIAN_POINT('',(14.9999999999985,42.3,-17.0000000000009));
#2177=CARTESIAN_POINT('',(14.9999999999985,42.3,-17.0000000000009));
#2178=CARTESIAN_POINT('Origin',(0.,42.3,1.95399252334028E-13));
#2179=CARTESIAN_POINT('',(-15.0000000000015,42.3,-16.9999999999987));
#2180=CARTESIAN_POINT('',(15.0000000000015,42.3,16.9999999999984));
#2181=CARTESIAN_POINT('',(4.74915750032933,42.3,9.85762988943416));
#2182=CARTESIAN_POINT('Ctrl Pts',(4.74956756361664,42.3,9.85793790000086));
#2183=CARTESIAN_POINT('Ctrl Pts',(4.98659947668855,42.3,9.73658158870357));
#2184=CARTESIAN_POINT('Ctrl Pts',(5.21872490193184,42.3,9.60676246424801));
#2185=CARTESIAN_POINT('Ctrl Pts',(5.44545599440224,42.3,9.46866347878082));
#2186=CARTESIAN_POINT('Ctrl Pts',(5.45860593930908,42.3,9.46065401686363));
#2187=CARTESIAN_POINT('Ctrl Pts',(5.47173773372136,42.3,9.45261668984358));
#2188=CARTESIAN_POINT('Ctrl Pts',(5.48485128042471,42.3,9.4445515284336));
#2189=CARTESIAN_POINT('Ctrl Pts',(5.70994205247777,42.3,9.30611503603605));
#2190=CARTESIAN_POINT('Ctrl Pts',(5.92965873808902,42.3,9.15948157099845));
#2191=CARTESIAN_POINT('Ctrl Pts',(6.14367056052177,42.3,9.00508275404534));
#2192=CARTESIAN_POINT('Ctrl Pts',(6.35898186264524,42.3,8.84974642754429));
#2193=CARTESIAN_POINT('Ctrl Pts',(6.56851927911119,42.3,8.68654972004055));
#2194=CARTESIAN_POINT('Ctrl Pts',(6.77191484331083,42.3,8.51588935832257));
#2195=CARTESIAN_POINT('Ctrl Pts',(6.97507802194886,42.3,8.34542398121085));
#2196=CARTESIAN_POINT('Ctrl Pts',(7.17211381126175,42.3,8.16751151343146));
#2197=CARTESIAN_POINT('Ctrl Pts',(7.36261780828427,42.3,7.98251174647233));
#2198=CARTESIAN_POINT('Ctrl Pts',(7.54381743646735,42.3,7.80654751731765));
#2199=CARTESIAN_POINT('Ctrl Pts',(7.71910778854263,42.3,7.62417078332843));
#2200=CARTESIAN_POINT('Ctrl Pts',(7.88810369220483,42.3,7.43566714175707));
#2201=CARTESIAN_POINT('Ctrl Pts',(7.9330396889899,42.3,7.38554403907787));
#2202=CARTESIAN_POINT('Ctrl Pts',(7.97753043566953,42.3,7.3349876361367));
#2203=CARTESIAN_POINT('Ctrl Pts',(8.02156820941385,42.3,7.28400307511874));
#2204=CARTESIAN_POINT('Ctrl Pts',(8.04523052811345,42.3,7.25660811781299));
#2205=CARTESIAN_POINT('Ctrl Pts',(8.06876435536762,42.3,7.22908675962744));
#2206=CARTESIAN_POINT('Ctrl Pts',(8.09215158903476,42.3,7.20145996495189));
#2207=CARTESIAN_POINT('Ctrl Pts',(8.26294435256287,42.3,6.9997064494564));
#2208=CARTESIAN_POINT('Ctrl Pts',(8.42609952292526,42.3,6.79213052474654));
#2209=CARTESIAN_POINT('Ctrl Pts',(8.58128420519923,42.3,6.57914122378766));
#2210=CARTESIAN_POINT('Ctrl Pts',(8.73627457659434,42.3,6.36641861241212));
#2211=CARTESIAN_POINT('Ctrl Pts',(8.88331482005546,42.3,6.14829568112408));
#2212=CARTESIAN_POINT('Ctrl Pts',(9.02203466197817,42.3,5.92514553718786));
#2213=CARTESIAN_POINT('Ctrl Pts',(9.08936414509538,42.3,5.81683670666651));
#2214=CARTESIAN_POINT('Ctrl Pts',(9.15473291201908,42.3,5.70734310877845));
#2215=CARTESIAN_POINT('Ctrl Pts',(9.21809489356639,42.3,5.59670500175168));
#2216=CARTESIAN_POINT('Ctrl Pts',(9.3489832399185,42.3,5.36815724300694));
#2217=CARTESIAN_POINT('Ctrl Pts',(9.47131133481071,42.3,5.13472676499883));
#2218=CARTESIAN_POINT('Ctrl Pts',(9.58493880117922,42.3,4.89693362914193));
#2219=CARTESIAN_POINT('Ctrl Pts',(9.69834659325131,42.3,4.65960021522974));
#2220=CARTESIAN_POINT('Ctrl Pts',(9.80308751827631,42.3,4.41792036282991));
#2221=CARTESIAN_POINT('Ctrl Pts',(9.89897218497932,42.3,4.17239719838905));
#2222=CARTESIAN_POINT('Ctrl Pts',(9.95614388562198,42.3,4.02600281291624));
#2223=CARTESIAN_POINT('Ctrl Pts',(10.0101660485225,42.3,3.87824183247954));
#2224=CARTESIAN_POINT('Ctrl Pts',(10.0609897193304,42.3,3.72921995412672));
#2225=CARTESIAN_POINT('Ctrl Pts',(10.0722255869998,42.3,3.69627487010568));
#2226=CARTESIAN_POINT('Ctrl Pts',(10.0833051042833,42.3,3.66326815986296));
#2227=CARTESIAN_POINT('Ctrl Pts',(10.0942276975227,42.3,3.63020096527098));
#2228=CARTESIAN_POINT('Ctrl Pts',(10.1028682233415,42.3,3.60404252996497));
#2229=CARTESIAN_POINT('Ctrl Pts',(10.1114096846327,42.3,3.5778487688745));
#2230=CARTESIAN_POINT('Ctrl Pts',(10.1198486420774,42.3,3.55163049430655));
#2231=CARTESIAN_POINT('Ctrl Pts',(10.2002150617967,42.3,3.30194694369743));
#2232=CARTESIAN_POINT('Ctrl Pts',(10.271376604829,42.3,3.04977830067068));
#2233=CARTESIAN_POINT('Ctrl Pts',(10.3332528518901,42.3,2.79565273215701));
#2234=CARTESIAN_POINT('Ctrl Pts',(10.3952309309346,42.3,2.54110893998094));
#2235=CARTESIAN_POINT('Ctrl Pts',(10.4478932809085,42.3,2.28460114247941));
#2236=CARTESIAN_POINT('Ctrl Pts',(10.4911096304526,42.3,2.02664275951547));
#2237=CARTESIAN_POINT('Ctrl Pts',(10.5339485001514,42.3,1.77093755368359));
#2238=CARTESIAN_POINT('Ctrl Pts',(10.5675057361436,42.3,1.51380637052719));
#2239=CARTESIAN_POINT('Ctrl Pts',(10.5916043391386,42.3,1.255741643731));
#2240=CARTESIAN_POINT('Ctrl Pts',(10.6151639907952,42.3,1.00344838551023));
#2241=CARTESIAN_POINT('Ctrl Pts',(10.629683311056,42.3,0.750262324458815));
#2242=CARTESIAN_POINT('Ctrl Pts',(10.6349487591456,42.3,0.496644839040603));
#2243=CARTESIAN_POINT('Ctrl Pts',(10.6395118529868,42.3,0.276857203489271));
#2244=CARTESIAN_POINT('Ctrl Pts',(10.6371241852733,42.3,0.0567453588118674));
#2245=CARTESIAN_POINT('Ctrl Pts',(10.62782845678,42.3,-0.163373008665739));
#2246=CARTESIAN_POINT('Ctrl Pts',(10.6253136713657,42.3,-0.222921914419186));
#2247=CARTESIAN_POINT('Ctrl Pts',(10.6222931637598,42.3,-0.28247125418936));
#2248=CARTESIAN_POINT('Ctrl Pts',(10.6187674688104,42.3,-0.342014630139071));
#2249=CARTESIAN_POINT('Ctrl Pts',(10.6166954846832,42.3,-0.377007144130213));
#2250=CARTESIAN_POINT('Ctrl Pts',(10.6144490220313,42.3,-0.411997597417848));
#2251=CARTESIAN_POINT('Ctrl Pts',(10.6120281684503,42.3,-0.446984682449441));
#2252=CARTESIAN_POINT('Ctrl Pts',(10.6098765902703,42.3,-0.478080098266788));
#2253=CARTESIAN_POINT('Ctrl Pts',(10.6075870879458,42.3,-0.50917450237215));
#2254=CARTESIAN_POINT('Ctrl Pts',(10.6051613387583,42.3,-0.540247764606184));
#2255=CARTESIAN_POINT('Ctrl Pts',(10.5850634040225,42.3,-0.797697462872708));
#2256=CARTESIAN_POINT('Ctrl Pts',(10.5555982057045,42.3,-1.05398772521584));
#2257=CARTESIAN_POINT('Ctrl Pts',(10.5169649860216,42.3,-1.30862080082211));
#2258=CARTESIAN_POINT('Ctrl Pts',(10.4780070832246,42.3,-1.5653938756474));
#2259=CARTESIAN_POINT('Ctrl Pts',(10.4297263027918,42.3,-1.82048242340666));
#2260=CARTESIAN_POINT('Ctrl Pts',(10.3722741422629,42.3,-2.07337343598651));
#2261=CARTESIAN_POINT('Ctrl Pts',(10.3148734667826,42.3,-2.32603782338935));
#2262=CARTESIAN_POINT('Ctrl Pts',(10.2483176640623,42.3,-2.57650923876833));
#2263=CARTESIAN_POINT('Ctrl Pts',(10.1727075983721,42.3,-2.82426401460717));
#2264=CARTESIAN_POINT('Ctrl Pts',(10.0976664092071,42.3,-3.07015472810598));
#2265=CARTESIAN_POINT('Ctrl Pts',(10.0137064770299,42.3,-3.31337011209423));
#2266=CARTESIAN_POINT('Ctrl Pts',(9.92087990037235,42.3,-3.5533773702841));
#2267=CARTESIAN_POINT('Ctrl Pts',(9.85237688205693,42.3,-3.73049498245537));
#2268=CARTESIAN_POINT('Ctrl Pts',(9.77904415482625,42.3,-3.90586507553204));
#2269=CARTESIAN_POINT('Ctrl Pts',(9.70088719232582,42.3,-4.07926332983004));
#2270=CARTESIAN_POINT('Ctrl Pts',(9.66180871107561,42.3,-4.16596245697904));
#2271=CARTESIAN_POINT('Ctrl Pts',(9.62152396953873,42.3,-4.25216847337989));
#2272=CARTESIAN_POINT('Ctrl Pts',(9.58003246218628,42.3,-4.33785234742146));
#2273=CARTESIAN_POINT('Ctrl Pts',(9.56665327144405,42.3,-4.36548163754577));
#2274=CARTESIAN_POINT('Ctrl Pts',(9.55314859759555,42.3,-4.393056630831));
#2275=CARTESIAN_POINT('Ctrl Pts',(9.5395184064474,42.3,-4.42057633769724));
#2276=CARTESIAN_POINT('Ctrl Pts',(9.52489085877585,42.3,-4.45010973306329));
#2277=CARTESIAN_POINT('Ctrl Pts',(9.51012231078317,42.3,-4.4795722254323));
#2278=CARTESIAN_POINT('Ctrl Pts',(9.49521588078836,42.3,-4.50895697913596));
#2279=CARTESIAN_POINT('Ctrl Pts',(9.48093656071702,42.3,-4.53710552332115));
#2280=CARTESIAN_POINT('Ctrl Pts',(9.46652988712029,42.3,-4.56518440760252));
#2281=CARTESIAN_POINT('Ctrl Pts',(9.45199607579885,42.3,-4.59319270150397));
#2282=CARTESIAN_POINT('Ctrl Pts',(9.33359763307653,42.3,-4.82135985655336));
#2283=CARTESIAN_POINT('Ctrl Pts',(9.20676572412911,42.3,-5.04484431003215));
#2284=CARTESIAN_POINT('Ctrl Pts',(9.07189971384543,42.3,-5.26328868891759));
#2285=CARTESIAN_POINT('Ctrl Pts',(8.93627094302576,42.3,-5.48296852180046));
#2286=CARTESIAN_POINT('Ctrl Pts',(8.79251652477755,42.3,-5.69755160701066));
#2287=CARTESIAN_POINT('Ctrl Pts',(8.6409981818019,42.3,-5.90664590438215));
#2288=CARTESIAN_POINT('Ctrl Pts',(8.48972967483314,42.3,-6.1153954297393));
#2289=CARTESIAN_POINT('Ctrl Pts',(8.33072237128908,42.3,-6.31867472072085));
#2290=CARTESIAN_POINT('Ctrl Pts',(8.16429860720706,42.3,-6.51605808112885));
#2291=CARTESIAN_POINT('Ctrl Pts',(8.132192933818,42.3,-6.55413633117115));
#2292=CARTESIAN_POINT('Ctrl Pts',(8.09981114672599,42.3,-6.59199503800515));
#2293=CARTESIAN_POINT('Ctrl Pts',(8.06715542073353,42.3,-6.62963096969397));
#2294=CARTESIAN_POINT('Ctrl Pts',(8.03970749481063,42.3,-6.66126487871417));
#2295=CARTESIAN_POINT('Ctrl Pts',(8.0120642278346,42.3,-6.69274333871012));
#2296=CARTESIAN_POINT('Ctrl Pts',(7.98424293967195,42.3,-6.72404662413849));
#2297=CARTESIAN_POINT('Ctrl Pts',(7.81324639387757,42.3,-6.91644438979813));
#2298=CARTESIAN_POINT('Ctrl Pts',(7.63540531044299,42.3,-7.10237099652651));
#2299=CARTESIAN_POINT('Ctrl Pts',(7.45108723125297,42.3,-7.28144897308149));
#2300=CARTESIAN_POINT('Ctrl Pts',(7.26728686191882,42.3,-7.46002395810227));
#2301=CARTESIAN_POINT('Ctrl Pts',(7.07704536465324,42.3,-7.63178917700693));
#2302=CARTESIAN_POINT('Ctrl Pts',(6.88069144948653,42.3,-7.79633305031727));
#2303=CARTESIAN_POINT('Ctrl Pts',(6.68685334974578,42.3,-7.95876867936687));
#2304=CARTESIAN_POINT('Ctrl Pts',(6.48705798274455,42.3,-8.11416718177617));
#2305=CARTESIAN_POINT('Ctrl Pts',(6.28159378853651,42.3,-8.26209038150986));
#2306=CARTESIAN_POINT('Ctrl Pts',(6.1957309584558,42.3,-8.32390701390504));
#2307=CARTESIAN_POINT('Ctrl Pts',(6.1088778412086,42.3,-8.38441763433467));
#2308=CARTESIAN_POINT('Ctrl Pts',(6.02105432109253,42.3,-8.44358781043064));
#2309=CARTESIAN_POINT('',(-4.74915750032737,42.3,9.85762988943511));
#2310=CARTESIAN_POINT('Ctrl Pts',(-6.02148683788533,42.3,-8.44380957740669));
#2311=CARTESIAN_POINT('Ctrl Pts',(-6.24352805218674,42.3,-8.29452466145608));
#2312=CARTESIAN_POINT('Ctrl Pts',(-6.45932959276262,42.3,-8.13689903072655));
#2313=CARTESIAN_POINT('Ctrl Pts',(-6.66837715472547,42.3,-7.97124100853592));
#2314=CARTESIAN_POINT('Ctrl Pts',(-6.86752717455585,42.3,-7.81342621225436));
#2315=CARTESIAN_POINT('Ctrl Pts',(-7.06054827316891,42.3,-7.64832120300338));
#2316=CARTESIAN_POINT('Ctrl Pts',(-7.24719300562116,42.3,-7.47640645437846));
#2317=CARTESIAN_POINT('Ctrl Pts',(-7.4356246921021,42.3,-7.30284577796006));
#2318=CARTESIAN_POINT('Ctrl Pts',(-7.61755777210375,42.3,-7.12234391541444));
#2319=CARTESIAN_POINT('Ctrl Pts',(-7.79270728233692,42.3,-6.9353512526283));
#2320=CARTESIAN_POINT('Ctrl Pts',(-7.9683659438389,42.3,-6.747815011094));
#2321=CARTESIAN_POINT('Ctrl Pts',(-8.13720196792321,42.3,-6.55374969189261));
#2322=CARTESIAN_POINT('Ctrl Pts',(-8.2988910211963,42.3,-6.35357252271745));
#2323=CARTESIAN_POINT('Ctrl Pts',(-8.45169954013871,42.3,-6.1643897912429));
#2324=CARTESIAN_POINT('Ctrl Pts',(-8.59812460951198,42.3,-5.9697474914346));
#2325=CARTESIAN_POINT('Ctrl Pts',(-8.7378570684646,42.3,-5.76997341691248));
#2326=CARTESIAN_POINT('Ctrl Pts',(-8.77334360039296,42.3,-5.71923868335718));
#2327=CARTESIAN_POINT('Ctrl Pts',(-8.80839829888391,42.3,-5.66817286857609));
#2328=CARTESIAN_POINT('Ctrl Pts',(-8.84301570719329,42.3,-5.61678114468082));
#2329=CARTESIAN_POINT('Ctrl Pts',(-8.86142306192429,42.3,-5.58945426672613));
#2330=CARTESIAN_POINT('Ctrl Pts',(-8.87970762977397,42.3,-5.56203384519478));
#2331=CARTESIAN_POINT('Ctrl Pts',(-8.89785676549695,42.3,-5.53453881908686));
#2332=CARTESIAN_POINT('Ctrl Pts',(-9.04052937842209,42.3,-5.31839699960099));
#2333=CARTESIAN_POINT('Ctrl Pts',(-9.17500516520457,42.3,-5.09739854481331));
#2334=CARTESIAN_POINT('Ctrl Pts',(-9.30102352160838,42.3,-4.87201710740245));
#2335=CARTESIAN_POINT('Ctrl Pts',(-9.4275508157061,42.3,-4.64572544459048));
#2336=CARTESIAN_POINT('Ctrl Pts',(-9.54555265208902,42.3,-4.41501482527422));
#2337=CARTESIAN_POINT('Ctrl Pts',(-9.65472739756357,42.3,-4.18032858538499));
#2338=CARTESIAN_POINT('Ctrl Pts',(-9.70425976029041,42.3,-4.07385190975215));
#2339=CARTESIAN_POINT('Ctrl Pts',(-9.75197458476969,42.3,-3.96655644074395));
#2340=CARTESIAN_POINT('Ctrl Pts',(-9.79784078403404,42.3,-3.85848157315017));
#2341=CARTESIAN_POINT('Ctrl Pts',(-9.89866109407643,42.3,-3.62091792424623));
#2342=CARTESIAN_POINT('Ctrl Pts',(-9.99055244090003,42.3,-3.37958969433137));
#2343=CARTESIAN_POINT('Ctrl Pts',(-10.0734737043548,42.3,-3.13502445356946));
#2344=CARTESIAN_POINT('Ctrl Pts',(-10.1565740128605,42.3,-2.88993114323671));
#2345=CARTESIAN_POINT('Ctrl Pts',(-10.2306656020907,42.3,-2.64158620291084));
#2346=CARTESIAN_POINT('Ctrl Pts',(-10.2956571888657,42.3,-2.39050481302929));
#2347=CARTESIAN_POINT('Ctrl Pts',(-10.3347218826334,42.3,-2.23958654663185));
#2348=CARTESIAN_POINT('Ctrl Pts',(-10.3704978785476,42.3,-2.08767936995642));
#2349=CARTESIAN_POINT('Ctrl Pts',(-10.402956370901,42.3,-1.93489386455679));
#2350=CARTESIAN_POINT('Ctrl Pts',(-10.4108913333319,42.3,-1.89754316964055));
#2351=CARTESIAN_POINT('Ctrl Pts',(-10.4186279993238,42.3,-1.86013998123244));
#2352=CARTESIAN_POINT('Ctrl Pts',(-10.4261658852616,42.3,-1.82268591274516));
#2353=CARTESIAN_POINT('Ctrl Pts',(-10.431429442004,42.3,-1.79653247710776));
#2354=CARTESIAN_POINT('Ctrl Pts',(-10.4365941440029,42.3,-1.77036382162277));
#2355=CARTESIAN_POINT('Ctrl Pts',(-10.4416600227798,42.3,-1.74418060360772));
#2356=CARTESIAN_POINT('Ctrl Pts',(-10.4911770135602,42.3,-1.48824985157667));
#2357=CARTESIAN_POINT('Ctrl Pts',(-10.5312564253834,42.3,-1.23092803078993));
#2358=CARTESIAN_POINT('Ctrl Pts',(-10.5619116648352,42.3,-0.972764150706717));
#2359=CARTESIAN_POINT('Ctrl Pts',(-10.5927210869611,42.3,-0.713301817304698));
#2360=CARTESIAN_POINT('Ctrl Pts',(-10.6140114386274,42.3,-0.452988303910001));
#2361=CARTESIAN_POINT('Ctrl Pts',(-10.6257468337871,42.3,-0.192361951632537));
#2362=CARTESIAN_POINT('Ctrl Pts',(-10.6374419090601,42.3,0.0673689535935088));
#2363=CARTESIAN_POINT('Ctrl Pts',(-10.639647650988,42.3,0.327411195022142));
#2364=CARTESIAN_POINT('Ctrl Pts',(-10.632277977877,42.3,0.587241205488128));
#2365=CARTESIAN_POINT('Ctrl Pts',(-10.6253630571016,42.3,0.831038170483586));
#2366=CARTESIAN_POINT('Ctrl Pts',(-10.6100176187834,42.3,1.07464879717966));
#2367=CARTESIAN_POINT('Ctrl Pts',(-10.5861288072328,42.3,1.31764047509646));
#2368=CARTESIAN_POINT('Ctrl Pts',(-10.5643042536609,42.3,1.53963497997109));
#2369=CARTESIAN_POINT('Ctrl Pts',(-10.53534841364,42.3,1.76111312148993));
#2370=CARTESIAN_POINT('Ctrl Pts',(-10.4993634853658,42.3,1.98176497440004));
#2371=CARTESIAN_POINT('Ctrl Pts',(-10.4889048348316,42.3,2.04589517362439));
#2372=CARTESIAN_POINT('Ctrl Pts',(-10.477852253133,42.3,2.10995552864068));
#2373=CARTESIAN_POINT('Ctrl Pts',(-10.4662078267183,42.3,2.17393830058446));
#2374=CARTESIAN_POINT('Ctrl Pts',(-10.4596424053835,42.3,2.21001340132524));
#2375=CARTESIAN_POINT('Ctrl Pts',(-10.4528888338835,42.3,2.24606383726929));
#2376=CARTESIAN_POINT('Ctrl Pts',(-10.4459474600935,42.3,2.28208821110736));
#2377=CARTESIAN_POINT('Ctrl Pts',(-10.4402192064791,42.3,2.31181672824123));
#2378=CARTESIAN_POINT('Ctrl Pts',(-10.4343643893385,42.3,2.34152046672725));
#2379=CARTESIAN_POINT('Ctrl Pts',(-10.4283849803099,42.3,2.37119103644089));
#2380=CARTESIAN_POINT('Ctrl Pts',(-10.3770805375933,42.3,2.62577004867129));
#2381=CARTESIAN_POINT('Ctrl Pts',(-10.316574407651,42.3,2.87808204047256));
#2382=CARTESIAN_POINT('Ctrl Pts',(-10.2471543145135,42.3,3.12766010046648));
#2383=CARTESIAN_POINT('Ctrl Pts',(-10.1769345711155,42.3,3.38011305087967));
#2384=CARTESIAN_POINT('Ctrl Pts',(-10.0975942076046,42.3,3.6297693178465));
#2385=CARTESIAN_POINT('Ctrl Pts',(-10.0093777774074,42.3,3.87614426273079));
#2386=CARTESIAN_POINT('Ctrl Pts',(-9.92071733335575,42.3,4.12375927013728));
#2387=CARTESIAN_POINT('Ctrl Pts',(-9.82309107852655,42.3,4.36806046388637));
#2388=CARTESIAN_POINT('Ctrl Pts',(-9.71669604373496,42.3,4.6085452268883));
#2389=CARTESIAN_POINT('Ctrl Pts',(-9.61076962002484,42.3,4.8479707879727));
#2390=CARTESIAN_POINT('Ctrl Pts',(-9.49615125443036,42.3,5.08361406344046));
#2391=CARTESIAN_POINT('Ctrl Pts',(-9.37298787295298,42.3,5.31495941054205));
#2392=CARTESIAN_POINT('Ctrl Pts',(-9.28267420953582,42.3,5.48460111378724));
#2393=CARTESIAN_POINT('Ctrl Pts',(-9.18776485900968,42.3,5.6519314367258));
#2394=CARTESIAN_POINT('Ctrl Pts',(-9.08830247425695,42.3,5.81673746317922));
#2395=CARTESIAN_POINT('Ctrl Pts',(-9.03857128188059,42.3,5.89914047640593));
#2396=CARTESIAN_POINT('Ctrl Pts',(-8.9877016337984,42.3,5.98091227284226));
#2397=CARTESIAN_POINT('Ctrl Pts',(-8.93569770379444,42.3,6.06202529707034));
#2398=CARTESIAN_POINT('Ctrl Pts',(-8.91833147351844,42.3,6.08911223948066));
#2399=CARTESIAN_POINT('Ctrl Pts',(-8.90083874594851,42.3,6.11612571236624));
#2400=CARTESIAN_POINT('Ctrl Pts',(-8.88321965784854,42.3,6.14306467226013));
#2401=CARTESIAN_POINT('Ctrl Pts',(-8.86602862617711,42.3,6.16934914907887));
#2402=CARTESIAN_POINT('Ctrl Pts',(-8.84872270568932,42.3,6.19555441245575));
#2403=CARTESIAN_POINT('Ctrl Pts',(-8.83130333292305,42.3,6.22167801544827));
#2404=CARTESIAN_POINT('Ctrl Pts',(-8.81311389348574,42.3,6.24895647724439));
#2405=CARTESIAN_POINT('Ctrl Pts',(-8.794800369199,42.3,6.27614648036136));
#2406=CARTESIAN_POINT('Ctrl Pts',(-8.77636317524543,42.3,6.30324708412921));
#2407=CARTESIAN_POINT('Ctrl Pts',(-8.62899896180754,42.3,6.5198559221118));
#2408=CARTESIAN_POINT('Ctrl Pts',(-8.47373816858644,42.3,6.73075543360998));
#2409=CARTESIAN_POINT('Ctrl Pts',(-8.31104410233981,42.3,6.93566205413099));
#2410=CARTESIAN_POINT('Ctrl Pts',(-8.14686218663581,42.3,7.14244256108922));
#2411=CARTESIAN_POINT('Ctrl Pts',(-7.97511002693262,42.3,7.34312052652058));
#2412=CARTESIAN_POINT('Ctrl Pts',(-7.79621795440844,42.3,7.5373770392547));
#2413=CARTESIAN_POINT('Ctrl Pts',(-7.6168558034592,42.3,7.73214400387345));
#2414=CARTESIAN_POINT('Ctrl Pts',(-7.43031571777617,42.3,7.92045617720958));
#2415=CARTESIAN_POINT('Ctrl Pts',(-7.23699202529192,42.3,8.10195775820916));
#2416=CARTESIAN_POINT('Ctrl Pts',(-7.1956245507311,42.3,8.1407955330223));
#2417=CARTESIAN_POINT('Ctrl Pts',(-7.15394634215715,42.3,8.17932132796617));
#2418=CARTESIAN_POINT('Ctrl Pts',(-7.11196106020618,42.3,8.21753142213136));
#2419=CARTESIAN_POINT('Ctrl Pts',(-7.07779991628021,42.3,8.24862090076643));
#2420=CARTESIAN_POINT('Ctrl Pts',(-7.04343216472048,42.3,8.27950423490681));
#2421=CARTESIAN_POINT('Ctrl Pts',(-7.00888124200789,42.3,8.31016056366502));
#2422=CARTESIAN_POINT('Ctrl Pts',(-6.80960535929622,42.3,8.48697398844125));
#2423=CARTESIAN_POINT('Ctrl Pts',(-6.60411517599609,42.3,8.65635439679553));
#2424=CARTESIAN_POINT('Ctrl Pts',(-6.39285564698181,42.3,8.81798867379383));
#2425=CARTESIAN_POINT('Ctrl Pts',(-6.18142146427833,42.3,8.97975657800843));
#2426=CARTESIAN_POINT('Ctrl Pts',(-5.96420791670655,42.3,9.13376597602702));
#2427=CARTESIAN_POINT('Ctrl Pts',(-5.74162350250753,42.3,9.27966678019671));
#2428=CARTESIAN_POINT('Ctrl Pts',(-5.52090686579302,42.3,9.42434328374327));
#2429=CARTESIAN_POINT('Ctrl Pts',(-5.29490861767971,42.3,9.56104707857283));
#2430=CARTESIAN_POINT('Ctrl Pts',(-5.06399752516813,42.3,9.68939528762402));
#2431=CARTESIAN_POINT('Ctrl Pts',(-4.9600363404277,42.3,9.74718043656225));
#2432=CARTESIAN_POINT('Ctrl Pts',(-4.85507897004635,42.3,9.80327131572115));
#2433=CARTESIAN_POINT('Ctrl Pts',(-4.74915750032716,42.3,9.85762988943521));
#2434=CARTESIAN_POINT('Origin',(0.,42.3,5.32907051820075E-15));
#2435=CARTESIAN_POINT('Origin',(-14.9999999999985,42.3,17.0000000000013));
#2436=CARTESIAN_POINT('Origin',(14.9999999999985,42.3,-17.0000000000009));
#2437=CARTESIAN_POINT('Ctrl Pts',(-4.50110929054575,35.4700443211581,-9.34276647490253));
#2438=CARTESIAN_POINT('Ctrl Pts',(-6.05511833291723,35.4965170175877,-8.59408410582048));
#2439=CARTESIAN_POINT('Ctrl Pts',(-8.78070969876039,35.5494624104469,-6.30693865531755));
#2440=CARTESIAN_POINT('Ctrl Pts',(-10.7280817619017,35.6288804997358,-1.33510684403334));
#2441=CARTESIAN_POINT('Ctrl Pts',(-10.0588740542885,35.7082985890247,3.9611926963666));
#2442=CARTESIAN_POINT('Ctrl Pts',(-6.93668354199927,35.7877166783136,8.29200237593333));
#2443=CARTESIAN_POINT('Ctrl Pts',(-2.1227408538499,35.8671347676024,10.6003254591443));
#2444=CARTESIAN_POINT('Ctrl Pts',(3.208854337546,35.9465528568913,10.3236220933571));
#2445=CARTESIAN_POINT('Ctrl Pts',(7.75790432673053,36.0259709461801,7.52917373440936));
#2446=CARTESIAN_POINT('Ctrl Pts',(10.4149833861741,36.105389035469,2.89857682359357));
#2447=CARTESIAN_POINT('Ctrl Pts',(10.5321066784966,36.1848071247578,-2.4389282621896));
#2448=CARTESIAN_POINT('Ctrl Pts',(8.08070488612104,36.2642252140467,-7.18163039329531));
#2449=CARTESIAN_POINT('Ctrl Pts',(3.65861781153421,36.3436433033356,-10.1729125319568));
#2450=CARTESIAN_POINT('Ctrl Pts',(-1.65571711393057,36.4230613926244,-10.6832682109323));
#2451=CARTESIAN_POINT('Ctrl Pts',(-6.56626290759677,36.5024794819133,-8.5882371019052));
#2452=CARTESIAN_POINT('Ctrl Pts',(-9.87545793124042,36.5818975712021,-4.39874458594203));
#2453=CARTESIAN_POINT('Ctrl Pts',(-10.7762703023965,36.661315660491,0.86349388507205));
#2454=CARTESIAN_POINT('Ctrl Pts',(-9.04901400674886,36.7407337497799,5.91514743999524));
#2455=CARTESIAN_POINT('Ctrl Pts',(-5.11492455675501,36.8201518390687,9.52424118466142));
#2456=CARTESIAN_POINT('Ctrl Pts',(0.0665698537198086,36.8995699283576,10.8106055351728));
#2457=CARTESIAN_POINT('Ctrl Pts',(5.23182950887396,36.9789880176464,9.46052765300013));
#2458=CARTESIAN_POINT('Ctrl Pts',(9.12117393706959,37.0584061069353,5.8032585265464));
#2459=CARTESIAN_POINT('Ctrl Pts',(10.7860871840847,37.1378241962242,0.730716613411568));
#2460=CARTESIAN_POINT('Ctrl Pts',(9.8205376383054,37.217242285513,-4.52002920368327));
#2461=CARTESIAN_POINT('Ctrl Pts',(6.45999921327693,37.2966603748019,-8.66845047726396));
#2462=CARTESIAN_POINT('Ctrl Pts',(1.52402501803775,37.3760784640908,-10.7028487447778));
#2463=CARTESIAN_POINT('Ctrl Pts',(-3.7836215951635,37.4554965533796,-10.1270840391174));
#2464=CARTESIAN_POINT('Ctrl Pts',(-8.16853546419281,37.5349146426685,-7.08157128611905));
#2465=CARTESIAN_POINT('Ctrl Pts',(-10.5613433692891,37.6143327319573,-2.309036540693));
#2466=CARTESIAN_POINT('Ctrl Pts',(-10.3784980002885,37.6937508212462,3.02661572855321));
#2467=CARTESIAN_POINT('Ctrl Pts',(-7.66459086953529,37.773168910535,7.62415046499568));
#2468=CARTESIAN_POINT('Ctrl Pts',(-3.08147753295339,37.8525869998239,10.3623414209437));
#2469=CARTESIAN_POINT('Ctrl Pts',(2.2531327883694,37.9320050891127,10.5734108095852));
#2470=CARTESIAN_POINT('Ctrl Pts',(7.03825914345437,38.0114231784016,8.20588397065595));
#2471=CARTESIAN_POINT('Ctrl Pts',(10.1069262780641,38.0908412676905,3.83714278077618));
#2472=CARTESIAN_POINT('Ctrl Pts',(10.7107613502193,38.1702593569793,-1.46738366112387));
#2473=CARTESIAN_POINT('Ctrl Pts',(8.70250375809775,38.2496774462682,-6.41405112628359));
#2474=CARTESIAN_POINT('Ctrl Pts',(4.57191839822111,38.329095535557,-9.79648843567387));
#2475=CARTESIAN_POINT('Ctrl Pts',(-0.673646011153359,38.4085136248459,-10.7898018777891));
#2476=CARTESIAN_POINT('Ctrl Pts',(-5.75492463854493,38.4879317141348,-9.15174660460796));
#2477=CARTESIAN_POINT('Ctrl Pts',(-9.43271793559614,38.5673498034236,-5.2818042237258));
#2478=CARTESIAN_POINT('Ctrl Pts',(-10.8101020910266,38.6467678927125,-0.123759007216746));
#2479=CARTESIAN_POINT('Ctrl Pts',(-9.5511668057783,38.7261859820013,5.06446800350083));
#2480=CARTESIAN_POINT('Ctrl Pts',(-5.96293559721577,38.8056040712902,9.01759516577132));
#2481=CARTESIAN_POINT('Ctrl Pts',(-0.92049027429211,38.8850221605791,10.77155147438));
#2482=CARTESIAN_POINT('Ctrl Pts',(4.34644010757344,38.9644402498679,9.89858989460429));
#2483=CARTESIAN_POINT('Ctrl Pts',(8.55338007890868,39.0438583391568,6.61160439953974));
#2484=CARTESIAN_POINT('Ctrl Pts',(10.6743598996678,39.1232764284456,1.71221033831997));
#2485=CARTESIAN_POINT('Ctrl Pts',(10.1921244794112,39.2026945177345,-3.60474993674632));
#2486=CARTESIAN_POINT('Ctrl Pts',(7.22427923968819,39.2821126070234,-8.04259988917111));
#2487=CARTESIAN_POINT('Ctrl Pts',(2.4946090288309,39.3615306963122,-10.5190564835236));
#2488=CARTESIAN_POINT('Ctrl Pts',(-2.84343529581565,39.4409487856011,-10.4301725407011));
#2489=CARTESIAN_POINT('Ctrl Pts',(-7.48803531387294,39.52036687489,-7.79762467989304));
#2490=CARTESIAN_POINT('Ctrl Pts',(-10.3064867068549,39.5997849641788,-3.26342692145974));
#2491=CARTESIAN_POINT('Ctrl Pts',(-10.6114381308649,39.6792030534677,2.06664082634381));
#2492=CARTESIAN_POINT('Ctrl Pts',(-8.32851939394635,39.7586211427565,6.892705435092));
#2493=CARTESIAN_POINT('Ctrl Pts',(-4.01447852650173,39.8380392320454,10.0378078119943));
#2494=CARTESIAN_POINT('Ctrl Pts',(1.27859544298828,39.9174573213343,10.7349344293978));
#2495=CARTESIAN_POINT('Ctrl Pts',(6.25985126360867,39.9968754106231,8.81407315988212));
#2496=CARTESIAN_POINT('Ctrl Pts',(9.71448250260707,40.076293499912,4.74367507496654));
#2497=CARTESIAN_POINT('Ctrl Pts',(10.7999891152039,40.1557115892008,-0.483589311047021));
#2498=CARTESIAN_POINT('Ctrl Pts',(9.25164259452213,40.2351296784897,-5.59291809464303));
#2499=CARTESIAN_POINT('Ctrl Pts',(5.4470467780604,40.3145477677786,-9.33827098066639));
#2500=CARTESIAN_POINT('Ctrl Pts',(0.314049509485418,40.3939658570674,-10.8062480267106));
#2501=CARTESIAN_POINT('Ctrl Pts',(-4.89553675153126,40.4733839463563,-9.63884554429229));
#2502=CARTESIAN_POINT('Ctrl Pts',(-8.91122136367825,40.552802035645,-6.12076443878104));
#2503=CARTESIAN_POINT('Ctrl Pts',(-10.753677090213,40.632220124934,-1.1099786264705));
#2504=CARTESIAN_POINT('Ctrl Pts',(-9.97357405326516,40.7116382142228,4.17150381999669));
#2505=CARTESIAN_POINT('Ctrl Pts',(-6.76116029938453,40.7910563035117,8.4356585332226));
#2506=CARTESIAN_POINT('Ctrl Pts',(-1.89986495365271,40.8704743928006,10.6425625081751));
#2507=CARTESIAN_POINT('Ctrl Pts',(3.4247609748501,40.9498924820894,10.2540058333336));
#2508=CARTESIAN_POINT('Ctrl Pts',(7.91417148718204,41.0293105713783,7.3647480203123));
#2509=CARTESIAN_POINT('Ctrl Pts',(10.4735091829024,41.1087286606671,2.67940827712534));
#2510=CARTESIAN_POINT('Ctrl Pts',(10.478614221676,41.188146749956,-2.659373474588));
#2511=CARTESIAN_POINT('Ctrl Pts',(7.92824158563527,41.2675648392448,-7.34959933942155));
#2512=CARTESIAN_POINT('Ctrl Pts',(3.44436481624865,41.3469829285337,-10.247437232824));
#2513=CARTESIAN_POINT('Ctrl Pts',(-1.87950833355363,41.4264010178226,-10.6461768770682));
#2514=CARTESIAN_POINT('Ctrl Pts',(-6.74501524996662,41.5058191071114,-8.4485724143314));
#2515=CARTESIAN_POINT('Ctrl Pts',(-9.96557822285291,41.5852371964003,-4.19057189886285));
#2516=CARTESIAN_POINT('Ctrl Pts',(-10.7557799300496,41.6646552856891,1.08941481213454));
#2517=CARTESIAN_POINT('Ctrl Pts',(-8.92291112550507,41.744073374978,6.1037032784992));
#2518=CARTESIAN_POINT('Ctrl Pts',(-4.91396040067821,41.8234914642669,9.6294814225173));
#2519=CARTESIAN_POINT('Ctrl Pts',(0.293380630557561,41.9029095535557,10.8067967676828));
#2520=CARTESIAN_POINT('Ctrl Pts',(5.42918222976309,41.9823276428445,9.34873586536447));
#2521=CARTESIAN_POINT('Ctrl Pts',(9.24092110642912,42.0617457321334,5.6104698486436));
#2522=CARTESIAN_POINT('Ctrl Pts',(10.7990609971855,42.1411638214223,0.504509815662201));
#2523=CARTESIAN_POINT('Ctrl Pts',(9.72350693023413,42.2205819107111,-4.72564820882092));
#2524=CARTESIAN_POINT('Ctrl Pts',(7.42550040702596,42.2735273035704,-7.44208864155782));
#2525=CARTESIAN_POINT('Ctrl Pts',(6.02105432109253,42.3,-8.44358781043064));
#2526=CARTESIAN_POINT('Ctrl Pts',(-4.58379202713983,35.5800295474387,-9.51438761307995));
#2527=CARTESIAN_POINT('Ctrl Pts',(-6.16634730378852,35.6065022438684,-8.75195238817513));
#2528=CARTESIAN_POINT('Ctrl Pts',(-8.94200618375279,35.6594476367276,-6.42279341775311));
#2529=CARTESIAN_POINT('Ctrl Pts',(-10.925150329053,35.7388657260165,-1.35963197337024));
#2530=CARTESIAN_POINT('Ctrl Pts',(-10.2436496685155,35.8182838153053,4.03395748192736));
#2531=CARTESIAN_POINT('Ctrl Pts',(-7.06410634849375,35.8977019045942,8.44432159415957));
#2532=CARTESIAN_POINT('Ctrl Pts',(-2.16173435779458,35.977119993883,10.7950472179762));
#2533=CARTESIAN_POINT('Ctrl Pts',(3.26779910889767,36.0565380831719,10.5132609737182));
#2534=CARTESIAN_POINT('Ctrl Pts',(7.90041247718057,36.1359561724607,7.66748023808854));
#2535=CARTESIAN_POINT('Ctrl Pts',(10.606300519877,36.2153742617496,2.95182197907254));
#2536=CARTESIAN_POINT('Ctrl Pts',(10.7255752983561,36.2947923510385,-2.48372994329921));
#2537=CARTESIAN_POINT('Ctrl Pts',(8.22914269344046,36.3742104403273,-7.31355272972294));
#2538=CARTESIAN_POINT('Ctrl Pts',(3.7258244739996,36.4536285296162,-10.3597829661053));
#2539=CARTESIAN_POINT('Ctrl Pts',(-1.68613166580403,36.533046618905,-10.8795135794471));
#2540=CARTESIAN_POINT('Ctrl Pts',(-6.68688130438546,36.6124647081939,-8.74599797822871));
#2541=CARTESIAN_POINT('Ctrl Pts',(-10.0568642989084,36.6918827974827,-4.47954694297611));
#2542=CARTESIAN_POINT('Ctrl Pts',(-10.9742240647615,36.7713008867717,0.879355761076699));
#2543=CARTESIAN_POINT('Ctrl Pts',(-9.21523908444864,36.8507189760605,6.02380522769295));
#2544=CARTESIAN_POINT('Ctrl Pts',(-5.2088827196268,36.9301370653494,9.69919590677491));
#2545=CARTESIAN_POINT('Ctrl Pts',(0.0677927028720781,37.0095551546382,11.0091900156174));
#2546=CARTESIAN_POINT('Ctrl Pts',(5.32793514712096,37.088973243927,9.63431199492159));
#2547=CARTESIAN_POINT('Ctrl Pts',(9.28872455034877,37.1683913332159,5.90986098055606));
#2548=CARTESIAN_POINT('Ctrl Pts',(10.9842212768062,37.2478094225048,0.744139448844271));
#2549=CARTESIAN_POINT('Ctrl Pts',(10.0009351524173,37.3272275117936,-4.60305948798023));
#2550=CARTESIAN_POINT('Ctrl Pts',(6.57866560835232,37.4066456010825,-8.82768482622677));
#2551=CARTESIAN_POINT('Ctrl Pts',(1.55202046338139,37.4860636903714,-10.8994537962102));
#2552=CARTESIAN_POINT('Ctrl Pts',(-3.85312450378686,37.5654817796602,-10.3131126307429));
#2553=CARTESIAN_POINT('Ctrl Pts',(-8.31858666769589,37.6448998689491,-7.2116555954586));
#2554=CARTESIAN_POINT('Ctrl Pts',(-10.7553490500036,37.7243179582379,-2.35145218709404));
#2555=CARTESIAN_POINT('Ctrl Pts',(-10.5691449188609,37.8037360475268,3.0822128835881));
#2556=CARTESIAN_POINT('Ctrl Pts',(-7.8053849065293,37.8831541368157,7.76420163548714));
#2557=CARTESIAN_POINT('Ctrl Pts',(-3.13808246714438,37.9625722261045,10.5526915526335));
#2558=CARTESIAN_POINT('Ctrl Pts',(2.29452151564238,38.0419903153934,10.7676381620972));
#2559=CARTESIAN_POINT('Ctrl Pts',(7.16754783414702,38.1214084046822,8.35662124430813));
#2560=CARTESIAN_POINT('Ctrl Pts',(10.2925845834468,38.2008264939711,3.90762884217514));
#2561=CARTESIAN_POINT('Ctrl Pts',(10.9075117515709,38.28024458326,-1.49433863797591));
#2562=CARTESIAN_POINT('Ctrl Pts',(8.86236364584836,38.3596626725488,-6.53187348196142));
#2563=CARTESIAN_POINT('Ctrl Pts',(4.6559018565752,38.4390807618377,-9.97644418004453));
#2564=CARTESIAN_POINT('Ctrl Pts',(-0.686020493109357,38.5184988511265,-10.9880042072543));
#2565=CARTESIAN_POINT('Ctrl Pts',(-5.86063922739241,38.5979169404154,-9.31985881985099));
#2566=CARTESIAN_POINT('Ctrl Pts',(-9.60599142932654,38.6773350297043,-5.37882786816144));
#2567=CARTESIAN_POINT('Ctrl Pts',(-11.0086773234976,38.7567531189931,-0.126032387562422));
#2568=CARTESIAN_POINT('Ctrl Pts',(-9.72661613575283,38.836171208282,5.15749930909525));
#2569=CARTESIAN_POINT('Ctrl Pts',(-6.07247122532141,38.9155892975708,9.18324309779768));
#2570=CARTESIAN_POINT('Ctrl Pts',(-0.937399140523506,38.9950073868597,10.9694185546432));
#2571=CARTESIAN_POINT('Ctrl Pts',(4.4262816620301,39.0744254761485,10.0804211828664));
#2572=CARTESIAN_POINT('Ctrl Pts',(8.71050065217246,39.1538435654374,6.73305569293084));
#2573=CARTESIAN_POINT('Ctrl Pts',(10.8704416277317,39.2332616547263,1.74366263757747));
#2574=CARTESIAN_POINT('Ctrl Pts',(10.3793478257617,39.3126797440151,-3.67096707795939));
#2575=CARTESIAN_POINT('Ctrl Pts',(7.3569850103994,39.392097833304,-8.19033773005507));
#2576=CARTESIAN_POINT('Ctrl Pts',(2.54043353295243,39.4715159225929,-10.7122853789589));
#2577=CARTESIAN_POINT('Ctrl Pts',(-2.8956675337842,39.5509340118817,-10.6217686902603));
#2578=CARTESIAN_POINT('Ctrl Pts',(-7.62558612890527,39.6303521011706,-7.94086246992434));
#2579=CARTESIAN_POINT('Ctrl Pts',(-10.4958108202203,39.7097701904594,-3.32337415915688));
#2580=CARTESIAN_POINT('Ctrl Pts',(-10.8063640229559,39.7891882797483,2.1046038057005));
#2581=CARTESIAN_POINT('Ctrl Pts',(-8.48150940836676,39.8686063690371,7.01932038956719));
#2582=CARTESIAN_POINT('Ctrl Pts',(-4.08822214149605,39.948024458326,10.2221964517113));
#2583=CARTESIAN_POINT('Ctrl Pts',(1.30208249104664,40.0274425476149,10.9321288760301));
#2584=CARTESIAN_POINT('Ctrl Pts',(6.37484105828756,40.1068606369037,8.97598251207898));
#2585=CARTESIAN_POINT('Ctrl Pts',(9.89293184610513,40.1862787261926,4.83081360269241));
#2586=CARTESIAN_POINT('Ctrl Pts',(10.998378578243,40.2656968154814,-0.492472562939833));
#2587=CARTESIAN_POINT('Ctrl Pts',(9.42158984048486,40.3451149047703,-5.69565671833808));
#2588=CARTESIAN_POINT('Ctrl Pts',(5.54710583126135,40.4245329940591,-9.50980953925246));
#2589=CARTESIAN_POINT('Ctrl Pts',(0.319818414702813,40.503951083348,-11.0047524622816));
#2590=CARTESIAN_POINT('Ctrl Pts',(-4.98546488914919,40.5833691726369,-9.81590548124689));
#2591=CARTESIAN_POINT('Ctrl Pts',(-9.07491527137611,40.6627872619257,-6.23319929009851));
#2592=CARTESIAN_POINT('Ctrl Pts',(-10.951215828527,40.7422053512146,-1.13036828254713));
#2593=CARTESIAN_POINT('Ctrl Pts',(-10.1567827565241,40.8216234405034,4.24813189749627));
#2594=CARTESIAN_POINT('Ctrl Pts',(-6.88535884690228,40.9010415297923,8.59061663076648));
#2595=CARTESIAN_POINT('Ctrl Pts',(-1.93476435808556,40.9804596190812,10.8380601368148));
#2596=CARTESIAN_POINT('Ctrl Pts',(3.48767182444356,41.05987770837,10.4423659038461));
#2597=CARTESIAN_POINT('Ctrl Pts',(8.05955017367818,41.1392957976589,7.50003412010204));
#2598=CARTESIAN_POINT('Ctrl Pts',(10.6659014011506,41.2187138869477,2.72862743500514));
#2599=CARTESIAN_POINT('Ctrl Pts',(10.6711002164911,41.2981319762366,-2.70822460490081));
#2600=CARTESIAN_POINT('Ctrl Pts',(8.07387873158421,41.3775500655255,-7.48460716683198));
#2601=CARTESIAN_POINT('Ctrl Pts',(3.50763577690584,41.4569681548143,-10.4356766419994));
#2602=CARTESIAN_POINT('Ctrl Pts',(-1.91403379881972,41.5363862441032,-10.8417408995436));
#2603=CARTESIAN_POINT('Ctrl Pts',(-6.86891722239983,41.6158043333921,-8.60376773229389));
#2604=CARTESIAN_POINT('Ctrl Pts',(-10.1486400473988,41.6952224226809,-4.26755024578281));
#2605=CARTESIAN_POINT('Ctrl Pts',(-10.9533572962976,41.7746405119698,1.10942672300785));
#2606=CARTESIAN_POINT('Ctrl Pts',(-9.0868197672686,41.8540586012586,6.2158247263131));
#2607=CARTESIAN_POINT('Ctrl Pts',(-5.0042269699207,41.9334766905475,9.8063693460494));
#2608=CARTESIAN_POINT('Ctrl Pts',(0.298769860596728,42.0128947798364,11.0053112833034));
#2609=CARTESIAN_POINT('Ctrl Pts',(5.52891312169404,42.0923128691251,9.52046665774208));
#2610=CARTESIAN_POINT('Ctrl Pts',(9.41067140494653,42.1717309584141,5.71353088776095));
#2611=CARTESIAN_POINT('Ctrl Pts',(10.9974334112412,42.2511490477029,0.513777364949479));
#2612=CARTESIAN_POINT('Ctrl Pts',(9.90212204717253,42.3305671369918,-4.81245559359315));
#2613=CARTESIAN_POINT('Ctrl Pts',(7.56190249251252,42.383512529851,-7.57879544317942));
#2614=CARTESIAN_POINT('Ctrl Pts',(6.13165755605402,42.4099852262806,-8.59869156414425));
#2615=CARTESIAN_POINT('Ctrl Pts',(-4.66647476373391,35.6900147737194,-9.68600875125737));
#2616=CARTESIAN_POINT('Ctrl Pts',(-6.27757627465981,35.716487470149,-8.90982067052977));
#2617=CARTESIAN_POINT('Ctrl Pts',(-9.10330266874522,35.7694328630082,-6.53864818018867));
#2618=CARTESIAN_POINT('Ctrl Pts',(-11.1222188962043,35.8488509522971,-1.38415710270715));
#2619=CARTESIAN_POINT('Ctrl Pts',(-10.4284252827426,35.9282690415859,4.10672226748812));
#2620=CARTESIAN_POINT('Ctrl Pts',(-7.19152915498821,36.0076871308748,8.59664081238581));
#2621=CARTESIAN_POINT('Ctrl Pts',(-2.20072786173927,36.0871052201637,10.9897689768082));
#2622=CARTESIAN_POINT('Ctrl Pts',(3.32674388024934,36.1665233094525,10.7028998540793));
#2623=CARTESIAN_POINT('Ctrl Pts',(8.04292062763062,36.2459413987414,7.80578674176772));
#2624=CARTESIAN_POINT('Ctrl Pts',(10.7976176535799,36.3253594880302,3.00506713455151));
#2625=CARTESIAN_POINT('Ctrl Pts',(10.9190439182157,36.4047775773191,-2.52853162440881));
#2626=CARTESIAN_POINT('Ctrl Pts',(8.37758050075989,36.484195666608,-7.44547506615058));
#2627=CARTESIAN_POINT('Ctrl Pts',(3.79303113646498,36.5636137558968,-10.5466534002539));
#2628=CARTESIAN_POINT('Ctrl Pts',(-1.7165462176775,36.6430318451857,-11.0757589479619));
#2629=CARTESIAN_POINT('Ctrl Pts',(-6.80749970117416,36.7224499344746,-8.90375885455221));
#2630=CARTESIAN_POINT('Ctrl Pts',(-10.2382706665765,36.8018680237634,-4.5603493000102));
#2631=CARTESIAN_POINT('Ctrl Pts',(-11.1721778271265,36.8812861130523,0.895217637081351));
#2632=CARTESIAN_POINT('Ctrl Pts',(-9.38146416214843,36.9607042023411,6.13246301539065));
#2633=CARTESIAN_POINT('Ctrl Pts',(-5.30284088249858,37.04012229163,9.87415062888841));
#2634=CARTESIAN_POINT('Ctrl Pts',(0.0690155520243501,37.1195403809188,11.2077744960619));
#2635=CARTESIAN_POINT('Ctrl Pts',(5.42404078536795,37.1989584702077,9.80809633684306));
#2636=CARTESIAN_POINT('Ctrl Pts',(9.45627516362795,37.2783765594965,6.0164634345657));
#2637=CARTESIAN_POINT('Ctrl Pts',(11.1823553695277,37.3577946487854,0.757562284276984));
#2638=CARTESIAN_POINT('Ctrl Pts',(10.1813326665292,37.4372127380743,-4.68608977227719));
#2639=CARTESIAN_POINT('Ctrl Pts',(6.6973320034277,37.5166308273631,-8.98691917518958));
#2640=CARTESIAN_POINT('Ctrl Pts',(1.58001590872503,37.596048916652,-11.0960588476426));
#2641=CARTESIAN_POINT('Ctrl Pts',(-3.92262741241023,37.6754670059409,-10.4991412223683));
#2642=CARTESIAN_POINT('Ctrl Pts',(-8.46863787119897,37.7548850952297,-7.34173990479813));
#2643=CARTESIAN_POINT('Ctrl Pts',(-10.9493547307181,37.8343031845186,-2.39386783349509));
#2644=CARTESIAN_POINT('Ctrl Pts',(-10.7597918374332,37.9137212738074,3.137810038623));
#2645=CARTESIAN_POINT('Ctrl Pts',(-7.94617894352332,37.9931393630963,7.90425280597859));
#2646=CARTESIAN_POINT('Ctrl Pts',(-3.19468740133536,38.0725574523851,10.7430416843234));
#2647=CARTESIAN_POINT('Ctrl Pts',(2.33591024291534,38.151975541674,10.9618655146092));
#2648=CARTESIAN_POINT('Ctrl Pts',(7.29683652483968,38.2313936309629,8.50735851796032));
#2649=CARTESIAN_POINT('Ctrl Pts',(10.4782428888294,38.3108117202517,3.97811490357409));
#2650=CARTESIAN_POINT('Ctrl Pts',(11.1042621529225,38.3902298095406,-1.52129361482795));
#2651=CARTESIAN_POINT('Ctrl Pts',(9.02222353359896,38.4696478988295,-6.64969583763926));
#2652=CARTESIAN_POINT('Ctrl Pts',(4.7398853149293,38.5490659881183,-10.1563999244152));
#2653=CARTESIAN_POINT('Ctrl Pts',(-0.698394975065358,38.6284840774072,-11.1862065367195));
#2654=CARTESIAN_POINT('Ctrl Pts',(-5.96635381623989,38.707902166696,-9.48797103509402));
#2655=CARTESIAN_POINT('Ctrl Pts',(-9.77926492305693,38.7873202559849,-5.47585151259708));
#2656=CARTESIAN_POINT('Ctrl Pts',(-11.2072525559686,38.8667383452737,-0.128305767908093));
#2657=CARTESIAN_POINT('Ctrl Pts',(-9.90206546572735,38.9461564345626,5.25053061468966));
#2658=CARTESIAN_POINT('Ctrl Pts',(-6.18200685342707,39.0255745238515,9.34889102982405));
#2659=CARTESIAN_POINT('Ctrl Pts',(-0.954308006754895,39.1049926131403,11.1672856349064));
#2660=CARTESIAN_POINT('Ctrl Pts',(4.50612321648674,39.1844107024291,10.2622524711285));
#2661=CARTESIAN_POINT('Ctrl Pts',(8.86762122543626,39.263828791718,6.85450698632192));
#2662=CARTESIAN_POINT('Ctrl Pts',(11.0665233557956,39.3432468810069,1.77511493683498));
#2663=CARTESIAN_POINT('Ctrl Pts',(10.5665711721122,39.4226649702958,-3.73718421917247));
#2664=CARTESIAN_POINT('Ctrl Pts',(7.48969078111061,39.5020830595846,-8.33807557093903));
#2665=CARTESIAN_POINT('Ctrl Pts',(2.58625803707395,39.5815011488735,-10.9055142743941));
#2666=CARTESIAN_POINT('Ctrl Pts',(-2.94789977175275,39.6609192381624,-10.8133648398194));
#2667=CARTESIAN_POINT('Ctrl Pts',(-7.7631369439376,39.7403373274512,-8.08410025995565));
#2668=CARTESIAN_POINT('Ctrl Pts',(-10.6851349335857,39.81975541674,-3.383321396854));
#2669=CARTESIAN_POINT('Ctrl Pts',(-11.0012899150469,39.899173506029,2.14256678505718));
#2670=CARTESIAN_POINT('Ctrl Pts',(-8.63449942278717,39.9785915953177,7.14593534404239));
#2671=CARTESIAN_POINT('Ctrl Pts',(-4.16196575649037,40.0580096846066,10.4065850914283));
#2672=CARTESIAN_POINT('Ctrl Pts',(1.325569539105,40.1374277738955,11.1293233226624));
#2673=CARTESIAN_POINT('Ctrl Pts',(6.48983085296645,40.2168458631843,9.13789186427583));
#2674=CARTESIAN_POINT('Ctrl Pts',(10.0713811896032,40.2962639524732,4.91795213041828));
#2675=CARTESIAN_POINT('Ctrl Pts',(11.196768041282,40.3756820417621,-0.501355814832653));
#2676=CARTESIAN_POINT('Ctrl Pts',(9.59153708644758,40.4551001310509,-5.79839534203313));
#2677=CARTESIAN_POINT('Ctrl Pts',(5.64716488446231,40.5345182203397,-9.68134809783854));
#2678=CARTESIAN_POINT('Ctrl Pts',(0.325587319920204,40.6139363096287,-11.2032568978525));
#2679=CARTESIAN_POINT('Ctrl Pts',(-5.07539302676711,40.6933543989175,-9.99296541820149));
#2680=CARTESIAN_POINT('Ctrl Pts',(-9.23860917907398,40.7727724882064,-6.34563414141597));
#2681=CARTESIAN_POINT('Ctrl Pts',(-11.148754566841,40.8521905774952,-1.15075793862375));
#2682=CARTESIAN_POINT('Ctrl Pts',(-10.3399914597831,40.9316086667841,4.32475997499584));
#2683=CARTESIAN_POINT('Ctrl Pts',(-7.00955739442002,41.011026756073,8.74557472831037));
#2684=CARTESIAN_POINT('Ctrl Pts',(-1.96966376251841,41.0904448453618,11.0335577654544));
#2685=CARTESIAN_POINT('Ctrl Pts',(3.55058267403701,41.1698629346507,10.6307259743587));
#2686=CARTESIAN_POINT('Ctrl Pts',(8.20492886017432,41.2492810239396,7.63532021989179));
#2687=CARTESIAN_POINT('Ctrl Pts',(10.8582936193988,41.3286991132284,2.77784659288493));
#2688=CARTESIAN_POINT('Ctrl Pts',(10.8635862113061,41.4081172025173,-2.75707573521362));
#2689=CARTESIAN_POINT('Ctrl Pts',(8.21951587753315,41.4875352918061,-7.6196149942424));
#2690=CARTESIAN_POINT('Ctrl Pts',(3.57090673756303,41.566953381095,-10.6239160511747));
#2691=CARTESIAN_POINT('Ctrl Pts',(-1.94855926408581,41.6463714703838,-11.037304922019));
#2692=CARTESIAN_POINT('Ctrl Pts',(-6.99281919483304,41.7257895596727,-8.75896305025639));
#2693=CARTESIAN_POINT('Ctrl Pts',(-10.3317018719448,41.8052076489615,-4.34452859270277));
#2694=CARTESIAN_POINT('Ctrl Pts',(-11.1509346625455,41.8846257382504,1.12943863388116));
#2695=CARTESIAN_POINT('Ctrl Pts',(-9.25072840903214,41.9640438275392,6.327946174127));
#2696=CARTESIAN_POINT('Ctrl Pts',(-5.09449353916318,42.0434619168282,9.98325726958148));
#2697=CARTESIAN_POINT('Ctrl Pts',(0.304159090635899,42.122880006117,11.203825798924));
#2698=CARTESIAN_POINT('Ctrl Pts',(5.62864401362498,42.2022980954058,9.69219745011969));
#2699=CARTESIAN_POINT('Ctrl Pts',(9.58042170346393,42.2817161846947,5.81659192687832));
#2700=CARTESIAN_POINT('Ctrl Pts',(11.1958058252968,42.3611342739836,0.523044914236752));
#2701=CARTESIAN_POINT('Ctrl Pts',(10.0807371641109,42.4405523632724,-4.89926297836538));
#2702=CARTESIAN_POINT('Ctrl Pts',(7.69830457799909,42.4934977561316,-7.71550224480101));
#2703=CARTESIAN_POINT('Ctrl Pts',(6.24226079101551,42.5199704525613,-8.75379531785787));
#2704=CARTESIAN_POINT('Ctrl Pts',(-4.749157500328,35.8,-9.8576298894348));
#2705=CARTESIAN_POINT('Ctrl Pts',(-6.3888052455311,35.8264726964296,-9.06768895288441));
#2706=CARTESIAN_POINT('Ctrl Pts',(-9.26459915373763,35.8794180892888,-6.65450294262424));
#2707=CARTESIAN_POINT('Ctrl Pts',(-11.3192874633556,35.9588361785777,-1.40868223204405));
#2708=CARTESIAN_POINT('Ctrl Pts',(-10.6132008969697,36.0382542678666,4.17948705304888));
#2709=CARTESIAN_POINT('Ctrl Pts',(-7.31895196148268,36.1176723571554,8.74896003061206));
#2710=CARTESIAN_POINT('Ctrl Pts',(-2.23972136568397,36.1970904464443,11.1844907356402));
#2711=CARTESIAN_POINT('Ctrl Pts',(3.38568865160101,36.2765085357331,10.8925387344404));
#2712=CARTESIAN_POINT('Ctrl Pts',(8.18542877808066,36.355926625022,7.94409324544691));
#2713=CARTESIAN_POINT('Ctrl Pts',(10.9889347872828,36.4353447143108,3.05831229003047));
#2714=CARTESIAN_POINT('Ctrl Pts',(11.1125125380753,36.5147628035997,-2.57333330551841));
#2715=CARTESIAN_POINT('Ctrl Pts',(8.52601830807931,36.5941808928886,-7.5773974025782));
#2716=CARTESIAN_POINT('Ctrl Pts',(3.86023779893037,36.6735989821775,-10.7335238344025));
#2717=CARTESIAN_POINT('Ctrl Pts',(-1.74696076955096,36.7530170714663,-11.2720043164767));
#2718=CARTESIAN_POINT('Ctrl Pts',(-6.92811809796287,36.8324351607552,-9.06151973087573));
#2719=CARTESIAN_POINT('Ctrl Pts',(-10.4196770342445,36.911853250044,-4.64115165704428));
#2720=CARTESIAN_POINT('Ctrl Pts',(-11.3701315894916,36.9912713393329,0.911079513085997));
#2721=CARTESIAN_POINT('Ctrl Pts',(-9.54768923984821,37.0706894286217,6.24112080308837));
#2722=CARTESIAN_POINT('Ctrl Pts',(-5.39679904537038,37.1501075179106,10.0491053510019));
#2723=CARTESIAN_POINT('Ctrl Pts',(0.0702384011766257,37.2295256071995,11.4063589765065));
#2724=CARTESIAN_POINT('Ctrl Pts',(5.52014642361494,37.3089436964883,9.98188067876452));
#2725=CARTESIAN_POINT('Ctrl Pts',(9.62382577690714,37.3883617857772,6.12306588857536));
#2726=CARTESIAN_POINT('Ctrl Pts',(11.3804894622492,37.4677798750661,0.770985119709694));
#2727=CARTESIAN_POINT('Ctrl Pts',(10.361730180641,37.5471979643549,-4.76912005657416));
#2728=CARTESIAN_POINT('Ctrl Pts',(6.81599839850309,37.6266160536438,-9.14615352415239));
#2729=CARTESIAN_POINT('Ctrl Pts',(1.60801135406866,37.7060341429326,-11.2926638990751));
#2730=CARTESIAN_POINT('Ctrl Pts',(-3.9921303210336,37.7854522322215,-10.6851698139938));
#2731=CARTESIAN_POINT('Ctrl Pts',(-8.61868907470206,37.8648703215103,-7.47182421413767));
#2732=CARTESIAN_POINT('Ctrl Pts',(-11.1433604114325,37.9442884107992,-2.43628347989614));
#2733=CARTESIAN_POINT('Ctrl Pts',(-10.9504387560057,38.023706500088,3.1934071936579));
#2734=CARTESIAN_POINT('Ctrl Pts',(-8.08697298051734,38.1031245893769,8.04430397647005));
#2735=CARTESIAN_POINT('Ctrl Pts',(-3.25129233552636,38.1825426786658,10.9333918160133));
#2736=CARTESIAN_POINT('Ctrl Pts',(2.37729897018832,38.2619607679546,11.1560928671213));
#2737=CARTESIAN_POINT('Ctrl Pts',(7.42612521553231,38.3413788572435,8.6580957916125));
#2738=CARTESIAN_POINT('Ctrl Pts',(10.6639011942121,38.4207969465323,4.04860096497305));
#2739=CARTESIAN_POINT('Ctrl Pts',(11.3010125542741,38.5002150358212,-1.54824859167999));
#2740=CARTESIAN_POINT('Ctrl Pts',(9.18208342134957,38.5796331251101,-6.7675181933171));
#2741=CARTESIAN_POINT('Ctrl Pts',(4.82386877328339,38.6590512143989,-10.3363556687858));
#2742=CARTESIAN_POINT('Ctrl Pts',(-0.710769457021358,38.7384693036878,-11.3844088661847));
#2743=CARTESIAN_POINT('Ctrl Pts',(-6.07206840508737,38.8178873929767,-9.65608325033705));
#2744=CARTESIAN_POINT('Ctrl Pts',(-9.95253841678733,38.8973054822655,-5.57287515703271));
#2745=CARTESIAN_POINT('Ctrl Pts',(-11.4058277884396,38.9767235715544,-0.130579148253769));
#2746=CARTESIAN_POINT('Ctrl Pts',(-10.0775147957019,39.0561416608432,5.34356192028407));
#2747=CARTESIAN_POINT('Ctrl Pts',(-6.29154248153271,39.1355597501321,9.51453896185041));
#2748=CARTESIAN_POINT('Ctrl Pts',(-0.971216872986286,39.2149778394209,11.3651527151696));
#2749=CARTESIAN_POINT('Ctrl Pts',(4.58596477094339,39.2943959287098,10.4440837593906));
#2750=CARTESIAN_POINT('Ctrl Pts',(9.02474179870005,39.3738140179987,6.97595827971302));
#2751=CARTESIAN_POINT('Ctrl Pts',(11.2626050838595,39.4532321072875,1.80656723609249));
#2752=CARTESIAN_POINT('Ctrl Pts',(10.7537945184627,39.5326501965764,-3.80340136038554));
#2753=CARTESIAN_POINT('Ctrl Pts',(7.62239655182181,39.6120682858652,-8.48581341182298));
#2754=CARTESIAN_POINT('Ctrl Pts',(2.63208254119548,39.6914863751541,-11.0987431698294));
#2755=CARTESIAN_POINT('Ctrl Pts',(-3.0001320097213,39.7709044644429,-11.0049609893786));
#2756=CARTESIAN_POINT('Ctrl Pts',(-7.90068775896994,39.8503225537318,-8.22733804998695));
#2757=CARTESIAN_POINT('Ctrl Pts',(-10.8744590469511,39.9297406430206,-3.44326863455113));
#2758=CARTESIAN_POINT('Ctrl Pts',(-11.1962158071379,40.0091587323096,2.18052976441386));
#2759=CARTESIAN_POINT('Ctrl Pts',(-8.78748943720756,40.0885768215984,7.27255029851758));
#2760=CARTESIAN_POINT('Ctrl Pts',(-4.23570937148469,40.1679949108873,10.5909737311453));
#2761=CARTESIAN_POINT('Ctrl Pts',(1.34905658716337,40.2474130001761,11.3265177692947));
#2762=CARTESIAN_POINT('Ctrl Pts',(6.60482064764534,40.326831089465,9.29980121647271));
#2763=CARTESIAN_POINT('Ctrl Pts',(10.2498305331013,40.4062491787538,5.00509065814415));
#2764=CARTESIAN_POINT('Ctrl Pts',(11.395157504321,40.4856672680427,-0.510239066725468));
#2765=CARTESIAN_POINT('Ctrl Pts',(9.76148433241032,40.5650853573315,-5.90113396572817));
#2766=CARTESIAN_POINT('Ctrl Pts',(5.74722393766326,40.6445034466205,-9.85288665642462));
#2767=CARTESIAN_POINT('Ctrl Pts',(0.331356225137601,40.7239215359092,-11.4017613334234));
#2768=CARTESIAN_POINT('Ctrl Pts',(-5.16532116438503,40.8033396251982,-10.1700253551561));
#2769=CARTESIAN_POINT('Ctrl Pts',(-9.40230308677185,40.882757714487,-6.45806899273344));
#2770=CARTESIAN_POINT('Ctrl Pts',(-11.346293305155,40.9621758037759,-1.17114759470038));
#2771=CARTESIAN_POINT('Ctrl Pts',(-10.523200163042,41.0415938930647,4.40138805249542));
#2772=CARTESIAN_POINT('Ctrl Pts',(-7.13375594193775,41.1210119823536,8.90053282585426));
#2773=CARTESIAN_POINT('Ctrl Pts',(-2.00456316695126,41.2004300716424,11.2290553940941));
#2774=CARTESIAN_POINT('Ctrl Pts',(3.61349352363046,41.2798481609313,10.8190860448712));
#2775=CARTESIAN_POINT('Ctrl Pts',(8.35030754667046,41.3592662502202,7.77060631968152));
#2776=CARTESIAN_POINT('Ctrl Pts',(11.050685837647,41.438684339509,2.82706575076473));
#2777=CARTESIAN_POINT('Ctrl Pts',(11.0560722061211,41.5181024287978,-2.80592686552643));
#2778=CARTESIAN_POINT('Ctrl Pts',(8.36515302348209,41.5975205180868,-7.75462282165282));
#2779=CARTESIAN_POINT('Ctrl Pts',(3.63417769822022,41.6769386073755,-10.8121554603501));
#2780=CARTESIAN_POINT('Ctrl Pts',(-1.9830847293519,41.7563566966645,-11.2328689444945));
#2781=CARTESIAN_POINT('Ctrl Pts',(-7.11672116726626,41.8357747859533,-8.9141583682189));
#2782=CARTESIAN_POINT('Ctrl Pts',(-10.5147636964907,41.9151928752422,-4.42150693962272));
#2783=CARTESIAN_POINT('Ctrl Pts',(-11.3485120287935,41.994610964531,1.14945054475446));
#2784=CARTESIAN_POINT('Ctrl Pts',(-9.41463705079567,42.0740290538199,6.4400676219409));
#2785=CARTESIAN_POINT('Ctrl Pts',(-5.18476010840567,42.1534471431087,10.1601451931136));
#2786=CARTESIAN_POINT('Ctrl Pts',(0.30954832067507,42.2328652323977,11.4023403145446));
#2787=CARTESIAN_POINT('Ctrl Pts',(5.72837490555592,42.3122833216864,9.86392824249729));
#2788=CARTESIAN_POINT('Ctrl Pts',(9.75017200198133,42.3917014109754,5.91965296599568));
#2789=CARTESIAN_POINT('Ctrl Pts',(11.3941782393524,42.4711195002641,0.532312463524025));
#2790=CARTESIAN_POINT('Ctrl Pts',(10.2593522810493,42.5505375895531,-4.9860703631376));
#2791=CARTESIAN_POINT('Ctrl Pts',(7.83470666348566,42.6034829824123,-7.85220904642261));
#2792=CARTESIAN_POINT('Ctrl Pts',(6.35286402597701,42.6299556788419,-8.90889907157148));
#2793=CARTESIAN_POINT('Ctrl Pts',(-10.9421670236143,41.9785455707469,0.000278005397918591));
#2794=CARTESIAN_POINT('Ctrl Pts',(-10.9425470444717,41.9839007020083,0.368423384173962));
#2795=CARTESIAN_POINT('Ctrl Pts',(-10.9243320356924,41.9892558332696,0.736531242828473));
#2796=CARTESIAN_POINT('Ctrl Pts',(-10.8872414770767,41.994610964531,1.10272714355598));
#2797=CARTESIAN_POINT('Ctrl Pts',(-10.7038870361275,42.0210836609606,2.91298957048328));
#2798=CARTESIAN_POINT('Ctrl Pts',(-10.0592620434616,42.0475563573903,4.67652859621213));
#2799=CARTESIAN_POINT('Ctrl Pts',(-9.03197005673026,42.0740290538199,6.17831103760534));
#2800=CARTESIAN_POINT('Ctrl Pts',(-8.00467806999896,42.1005017502495,7.6800934789985));
#2801=CARTESIAN_POINT('Ctrl Pts',(-6.5947190892023,42.1269744466791,8.92011933605604));
#2802=CARTESIAN_POINT('Ctrl Pts',(-4.97402152729053,42.1534471431087,9.74716478482332));
#2803=CARTESIAN_POINT('Ctrl Pts',(-3.35332396537875,42.1799198395384,10.5742102335906));
#2804=CARTESIAN_POINT('Ctrl Pts',(-1.52188782235185,42.206392535968,10.9882752740676));
#2805=CARTESIAN_POINT('Ctrl Pts',(0.296968013308395,42.2328652323976,10.9389057822982));
#2806=CARTESIAN_POINT('Ctrl Pts',(1.83450769630458,42.2552434882651,10.8971720993771));
#2807=CARTESIAN_POINT('Ctrl Pts',(3.36305763449633,42.2776217441325,10.5242733616573));
#2808=CARTESIAN_POINT('Ctrl Pts',(4.74956756361678,42.3,9.8579379000008));
#2809=CARTESIAN_POINT('',(-6.02148686292714,35.8,8.44380955848191));
#2810=CARTESIAN_POINT('Ctrl Pts',(-6.02148686292699,35.8,8.44380955848201));
#2811=CARTESIAN_POINT('Ctrl Pts',(-6.24339226959062,35.8,8.29461594989929));
#2812=CARTESIAN_POINT('Ctrl Pts',(-6.45920076200222,35.8,8.13700112351608));
#2813=CARTESIAN_POINT('Ctrl Pts',(-6.66837717863746,35.8,7.97124099429092));
#2814=CARTESIAN_POINT('Ctrl Pts',(-6.86851754108863,35.8,7.81264141181062));
#2815=CARTESIAN_POINT('Ctrl Pts',(-7.06258695735091,35.8,7.6465845269588));
#2816=CARTESIAN_POINT('Ctrl Pts',(-7.25031267520739,35.8,7.47353182600909));
#2817=CARTESIAN_POINT('Ctrl Pts',(-7.43904899051318,35.8,7.29954751792438));
#2818=CARTESIAN_POINT('Ctrl Pts',(-7.62137355910625,35.8,7.1184914053798));
#2819=CARTESIAN_POINT('Ctrl Pts',(-7.79697529220569,35.8,6.93079196810612));
#2820=CARTESIAN_POINT('Ctrl Pts',(-7.8520320777173,35.8,6.87194216362967));
#2821=CARTESIAN_POINT('Ctrl Pts',(-7.90642771659942,35.8,6.81243903459406));
#2822=CARTESIAN_POINT('Ctrl Pts',(-7.96015183309432,35.8,6.75229508596664));
#2823=CARTESIAN_POINT('Ctrl Pts',(-7.9826116373712,35.8,6.72715141860193));
#2824=CARTESIAN_POINT('Ctrl Pts',(-8.00495407314784,35.8,6.70189574981257));
#2825=CARTESIAN_POINT('Ctrl Pts',(-8.0271783613675,35.8,6.67652897768059));
#2826=CARTESIAN_POINT('Ctrl Pts',(-8.05069238422428,35.8,6.64969010420041));
#2827=CARTESIAN_POINT('Ctrl Pts',(-8.07406835831952,35.8,6.62273344420194));
#2828=CARTESIAN_POINT('Ctrl Pts',(-8.09730262738178,35.8,6.59566369863374));
#2829=CARTESIAN_POINT('Ctrl Pts',(-8.27310074076056,35.8,6.39084510985956));
#2830=CARTESIAN_POINT('Ctrl Pts',(-8.4408443586451,35.8,6.17949401719288));
#2831=CARTESIAN_POINT('Ctrl Pts',(-8.60021812454335,35.8,5.96214638899693));
#2832=CARTESIAN_POINT('Ctrl Pts',(-8.7529751115487,35.8,5.75382246172542));
#2833=CARTESIAN_POINT('Ctrl Pts',(-8.89804296663183,35.8,5.5399887602581));
#2834=CARTESIAN_POINT('Ctrl Pts',(-9.03510593005357,35.8,5.32107963287436));
#2835=CARTESIAN_POINT('Ctrl Pts',(-9.1715539754451,35.8,5.10315261740507));
#2836=CARTESIAN_POINT('Ctrl Pts',(-9.30006917287211,35.8,4.88019508867098));
#2837=CARTESIAN_POINT('Ctrl Pts',(-9.42029715947501,35.8,4.65260703690191));
#2838=CARTESIAN_POINT('Ctrl Pts',(-9.44799399034991,35.8,4.60017774853818));
#2839=CARTESIAN_POINT('Ctrl Pts',(-9.47525082525106,35.8,4.54750261716269));
#2840=CARTESIAN_POINT('Ctrl Pts',(-9.50206297455642,35.8,4.49458636229128));
#2841=CARTESIAN_POINT('Ctrl Pts',(-9.5229984282086,35.8,4.45326830946791));
#2842=CARTESIAN_POINT('Ctrl Pts',(-9.54366572164554,35.8,4.41179704718146));
#2843=CARTESIAN_POINT('Ctrl Pts',(-9.56404655210974,35.8,4.37020796120453));
#2844=CARTESIAN_POINT('Ctrl Pts',(-9.64667941224895,35.8,4.20158749547394));
#2845=CARTESIAN_POINT('Ctrl Pts',(-9.72464478226356,35.8,4.03095395205627));
#2846=CARTESIAN_POINT('Ctrl Pts',(-9.79784079298357,35.8,3.85848164625392));
#2847=CARTESIAN_POINT('Ctrl Pts',(-9.89797631956001,35.8,3.62253155838046));
#2848=CARTESIAN_POINT('Ctrl Pts',(-9.98918784032054,35.8,3.3831411344316));
#2849=CARTESIAN_POINT('Ctrl Pts',(-10.071495666167,35.8,3.1408528959156));
#2850=CARTESIAN_POINT('Ctrl Pts',(-10.1546684943155,35.8,2.89601836387401));
#2851=CARTESIAN_POINT('Ctrl Pts',(-10.2287496843553,35.8,2.64822421370803));
#2852=CARTESIAN_POINT('Ctrl Pts',(-10.2937129264682,35.8,2.39800493402489));
#2853=CARTESIAN_POINT('Ctrl Pts',(-10.3589426117852,35.8,2.14675939357554));
#2854=CARTESIAN_POINT('Ctrl Pts',(-10.4149795526589,35.8,1.89306816569121));
#2855=CARTESIAN_POINT('Ctrl Pts',(-10.4617472525277,35.8,1.63745604894968));
#2856=CARTESIAN_POINT('Ctrl Pts',(-10.5061988884121,35.8,1.39450254101805));
#2857=CARTESIAN_POINT('Ctrl Pts',(-10.5422763583571,35.8,1.14981310044467));
#2858=CARTESIAN_POINT('Ctrl Pts',(-10.5698706161735,35.8,0.903832595140115));
#2859=CARTESIAN_POINT('Ctrl Pts',(-10.5802184628547,35.8,0.811589905650906));
#2860=CARTESIAN_POINT('Ctrl Pts',(-10.5893729241907,35.8,0.719165643240978));
#2861=CARTESIAN_POINT('Ctrl Pts',(-10.597326670802,35.8,0.626583289518213));
#2862=CARTESIAN_POINT('Ctrl Pts',(-10.6007621865708,35.8,0.586593564969106));
#2863=CARTESIAN_POINT('Ctrl Pts',(-10.6039736746862,35.8,0.546574346257242));
#2864=CARTESIAN_POINT('Ctrl Pts',(-10.6069604938699,35.8,0.506527530670503));
#2865=CARTESIAN_POINT('Ctrl Pts',(-10.6089941129585,35.8,0.479261076423925));
#2866=CARTESIAN_POINT('Ctrl Pts',(-10.6109234392586,35.8,0.451983302399358));
#2867=CARTESIAN_POINT('Ctrl Pts',(-10.612747581169,35.8,0.424706893852977));
#2868=CARTESIAN_POINT('Ctrl Pts',(-10.6302068853909,35.8,0.163637778464565));
#2869=CARTESIAN_POINT('Ctrl Pts',(-10.6380573970909,35.8,-0.0976056064665927));
#2870=CARTESIAN_POINT('Ctrl Pts',(-10.6362936937802,35.8,-0.358483370101121));
#2871=CARTESIAN_POINT('Ctrl Pts',(-10.6345233156154,35.8,-0.620348443229336));
#2872=CARTESIAN_POINT('Ctrl Pts',(-10.6230659431298,35.8,-0.881845762091415));
#2873=CARTESIAN_POINT('Ctrl Pts',(-10.6018654158684,35.8,-1.14244189924823));
#2874=CARTESIAN_POINT('Ctrl Pts',(-10.5971105336308,35.8,-1.20088874486146));
#2875=CARTESIAN_POINT('Ctrl Pts',(-10.5918653445878,35.8,-1.25929028720497));
#2876=CARTESIAN_POINT('Ctrl Pts',(-10.5861288564268,35.8,-1.31764054396145));
#2877=CARTESIAN_POINT('Ctrl Pts',(-10.5606441501905,35.8,-1.57686519683504));
#2878=CARTESIAN_POINT('Ctrl Pts',(-10.5254671820443,35.8,-1.835077927978));
#2879=CARTESIAN_POINT('Ctrl Pts',(-10.480825068245,35.8,-2.0917929907051));
#2880=CARTESIAN_POINT('Ctrl Pts',(-10.4360316595207,35.8,-2.34937807688931));
#2881=CARTESIAN_POINT('Ctrl Pts',(-10.3817086740373,35.8,-2.60545594376549));
#2882=CARTESIAN_POINT('Ctrl Pts',(-10.3180337407138,35.8,-2.85952719109206));
#2883=CARTESIAN_POINT('Ctrl Pts',(-10.2796114312602,35.8,-3.01283719203819));
#2884=CARTESIAN_POINT('Ctrl Pts',(-10.2377830174817,35.8,-3.165416358453));
#2885=CARTESIAN_POINT('Ctrl Pts',(-10.1925788339262,35.8,-3.31715199280204));
#2886=CARTESIAN_POINT('Ctrl Pts',(-10.1724071976042,35.8,-3.38486156728032));
#2887=CARTESIAN_POINT('Ctrl Pts',(-10.1515632773687,35.8,-3.45240313746405));
#2888=CARTESIAN_POINT('Ctrl Pts',(-10.1300493631382,35.8,-3.51976649564448));
#2889=CARTESIAN_POINT('Ctrl Pts',(-10.1211025842173,35.8,-3.54778022975877));
#2890=CARTESIAN_POINT('Ctrl Pts',(-10.1120399338345,35.8,-3.57576314239082));
#2891=CARTESIAN_POINT('Ctrl Pts',(-10.1028615641751,35.8,-3.60371449250292));
#2892=CARTESIAN_POINT('Ctrl Pts',(-10.0933090321271,35.8,-3.63280529812917));
#2893=CARTESIAN_POINT('Ctrl Pts',(-10.0836336318962,35.8,-3.66185430590818));
#2894=CARTESIAN_POINT('Ctrl Pts',(-10.073838001262,35.8,-3.69085416925568));
#2895=CARTESIAN_POINT('Ctrl Pts',(-9.98954734772767,35.8,-3.94039577869828));
#2896=CARTESIAN_POINT('Ctrl Pts',(-9.89630829786713,35.8,-4.18645232193562));
#2897=CARTESIAN_POINT('Ctrl Pts',(-9.7943941278581,35.8,-4.42854346794781));
#2898=CARTESIAN_POINT('Ctrl Pts',(-9.69198793347554,35.8,-4.67180338906206));
#2899=CARTESIAN_POINT('Ctrl Pts',(-9.580822471215,35.8,-4.91106015270954));
#2900=CARTESIAN_POINT('Ctrl Pts',(-9.46112272641558,35.8,-5.14581850630922));
#2901=CARTESIAN_POINT('Ctrl Pts',(-9.34181824505263,35.8,-5.37980165864395));
#2902=CARTESIAN_POINT('Ctrl Pts',(-9.21403551240189,35.8,-5.6093166644748));
#2903=CARTESIAN_POINT('Ctrl Pts',(-9.07794874537601,35.8,-5.83385614238152));
#2904=CARTESIAN_POINT('Ctrl Pts',(-8.98157018254562,35.8,-5.99287815938058));
#2905=CARTESIAN_POINT('Ctrl Pts',(-8.88102557476271,35.8,-6.14940427868319));
#2906=CARTESIAN_POINT('Ctrl Pts',(-8.77636295957002,35.8,-6.30324656621495));
#2907=CARTESIAN_POINT('Ctrl Pts',(-8.64934184697042,35.8,-6.48995333339417));
#2908=CARTESIAN_POINT('Ctrl Pts',(-8.51625581122523,35.8,-6.67270773414684));
#2909=CARTESIAN_POINT('Ctrl Pts',(-8.37734851339582,35.8,-6.85129166343166));
#2910=CARTESIAN_POINT('Ctrl Pts',(-8.31657657059546,35.8,-6.92942213249377));
#2911=CARTESIAN_POINT('Ctrl Pts',(-8.25469012781814,35.8,-7.00675410665595));
#2912=CARTESIAN_POINT('Ctrl Pts',(-8.19170838037186,35.8,-7.08326812980123));
#2913=CARTESIAN_POINT('Ctrl Pts',(-8.15281330850572,35.8,-7.13052020758046));
#2914=CARTESIAN_POINT('Ctrl Pts',(-8.11350049370127,35.8,-7.17746031904577));
#2915=CARTESIAN_POINT('Ctrl Pts',(-8.07377432905113,35.8,-7.22408373133153));
#2916=CARTESIAN_POINT('Ctrl Pts',(-8.05524485834832,35.8,-7.2458302845068));
#2917=CARTESIAN_POINT('Ctrl Pts',(-8.03662529042865,35.8,-7.26750807347128));
#2918=CARTESIAN_POINT('Ctrl Pts',(-8.01792589871323,35.8,-7.28910542262576));
#2919=CARTESIAN_POINT('Ctrl Pts',(-7.84618742744862,35.8,-7.48745923988393));
#2920=CARTESIAN_POINT('Ctrl Pts',(-7.66752003273678,35.8,-7.67926573858234));
#2921=CARTESIAN_POINT('Ctrl Pts',(-7.48239708719599,35.8,-7.86425772467888));
#2922=CARTESIAN_POINT('Ctrl Pts',(-7.29518805781259,35.8,-8.0513343188832));
#2923=CARTESIAN_POINT('Ctrl Pts',(-7.101376782267,35.8,-8.23144241563413));
#2924=CARTESIAN_POINT('Ctrl Pts',(-6.90140720334979,35.8,-8.40427840218185));
#2925=CARTESIAN_POINT('Ctrl Pts',(-6.70044896892336,35.8,-8.57796889495605));
#2926=CARTESIAN_POINT('Ctrl Pts',(-6.49327094319705,35.8,-8.74431565113349));
#2927=CARTESIAN_POINT('Ctrl Pts',(-6.28028421638969,35.8,-8.90297622226606));
#2928=CARTESIAN_POINT('Ctrl Pts',(-6.06818339288036,35.8,-9.06097685592112));
#2929=CARTESIAN_POINT('Ctrl Pts',(-5.85032160032163,35.8,-9.21135552071633));
#2930=CARTESIAN_POINT('Ctrl Pts',(-5.62707285055255,35.8,-9.35373366728805));
#2931=CARTESIAN_POINT('Ctrl Pts',(-5.40697321622483,35.8,-9.49410344776436));
#2932=CARTESIAN_POINT('Ctrl Pts',(-5.18163703119438,35.8,-9.62669714646054));
#2933=CARTESIAN_POINT('Ctrl Pts',(-4.95139893563096,35.8,-9.75110741527581));
#2934=CARTESIAN_POINT('Ctrl Pts',(-4.88439772455942,35.8,-9.78731184382601));
#2935=CARTESIAN_POINT('Ctrl Pts',(-4.81698126176132,35.8,-9.82282294288078));
#2936=CARTESIAN_POINT('Ctrl Pts',(-4.749157500328,35.8,-9.8576298894348));
#2937=CARTESIAN_POINT('Ctrl Pts',(-6.02148686292714,35.8,8.44380955848191));
#2938=CARTESIAN_POINT('Ctrl Pts',(-4.8336015238572,35.8223782558675,9.28915058949668));
#2939=CARTESIAN_POINT('Ctrl Pts',(-1.84786771338452,35.8712292081646,10.5860598743801));
#2940=CARTESIAN_POINT('Ctrl Pts',(3.208854337546,35.9465528568913,10.3236220933571));
#2941=CARTESIAN_POINT('Ctrl Pts',(7.75790432673053,36.0259709461801,7.52917373440936));
#2942=CARTESIAN_POINT('Ctrl Pts',(10.4149833861741,36.105389035469,2.89857682359357));
#2943=CARTESIAN_POINT('Ctrl Pts',(10.5321066784966,36.1848071247578,-2.4389282621896));
#2944=CARTESIAN_POINT('Ctrl Pts',(8.08070488612104,36.2642252140467,-7.18163039329531));
#2945=CARTESIAN_POINT('Ctrl Pts',(3.65861781153421,36.3436433033356,-10.1729125319568));
#2946=CARTESIAN_POINT('Ctrl Pts',(-1.65571711393057,36.4230613926244,-10.6832682109323));
#2947=CARTESIAN_POINT('Ctrl Pts',(-6.56626290759677,36.5024794819133,-8.5882371019052));
#2948=CARTESIAN_POINT('Ctrl Pts',(-9.69870537837368,36.5776556483401,-4.62251607481525));
#2949=CARTESIAN_POINT('Ctrl Pts',(-10.369463820855,36.6263591183374,-1.44813412562646));
#2950=CARTESIAN_POINT('Ctrl Pts',(-10.3708839327981,36.648589891905,0.000235946912256063));
#2951=CARTESIAN_POINT('Origin',(0.,33.951410108095,7.18282986242991E-15));
#2952=CARTESIAN_POINT('',(6.02105432109322,35.8,8.44358781043016));
#2953=CARTESIAN_POINT('Origin',(0.,35.8,6.77236045021346E-15));
#2954=CARTESIAN_POINT('Ctrl Pts',(6.02105432109312,35.8,8.44358781043023));
#2955=CARTESIAN_POINT('Ctrl Pts',(7.42550040702647,35.8264726964296,7.44208864155732));
#2956=CARTESIAN_POINT('Ctrl Pts',(9.72350749607781,35.8794180892888,4.72564909228196));
#2957=CARTESIAN_POINT('Ctrl Pts',(10.7990607468831,35.9588361785777,-0.504510179098949));
#2958=CARTESIAN_POINT('Ctrl Pts',(9.24092119083397,36.0382542678665,-5.61046962556191));
#2959=CARTESIAN_POINT('Ctrl Pts',(5.42918216361983,36.1176723571554,-9.34873595954745));
#2960=CARTESIAN_POINT('Ctrl Pts',(0.293380655142989,36.1970904464443,-10.8067966738021));
#2961=CARTESIAN_POINT('Ctrl Pts',(-4.91396040037324,36.2765085357332,-9.62948143440427));
#2962=CARTESIAN_POINT('Ctrl Pts',(-8.92291109666342,36.355926625022,-6.10370324284769));
#2963=CARTESIAN_POINT('Ctrl Pts',(-10.2684132756797,36.4142271491426,-2.42273275172663));
#2964=CARTESIAN_POINT('Ctrl Pts',(-10.371018446698,36.4460549768336,-0.349180655697784));
#2965=CARTESIAN_POINT('Ctrl Pts',(-10.3706582743094,36.451410108095,-0.000263488675019061));
#2966=CARTESIAN_POINT('Ctrl Pts',(6.35286402597762,35.4700443211581,8.90889907157105));
#2967=CARTESIAN_POINT('Ctrl Pts',(7.8347066634862,35.4965170175877,7.85220904642208));
#2968=CARTESIAN_POINT('Ctrl Pts',(10.2593528780756,35.549462410447,4.98607129528463));
#2969=CARTESIAN_POINT('Ctrl Pts',(11.3941779752562,35.6288804997358,-0.532312846989118));
#2970=CARTESIAN_POINT('Ctrl Pts',(9.7501720910376,35.7082985890247,-5.91965273062036));
#2971=CARTESIAN_POINT('Ctrl Pts',(5.72837483576763,35.7877166783136,-9.86392834187052));
#2972=CARTESIAN_POINT('Ctrl Pts',(0.309548346615363,35.8671347676024,-11.4023402154904));
#2973=CARTESIAN_POINT('Ctrl Pts',(-5.18476010808388,35.9465528568913,-10.1601452056556));
#2974=CARTESIAN_POINT('Ctrl Pts',(-9.4146370203646,36.0259709461801,-6.44006758432472));
#2975=CARTESIAN_POINT('Ctrl Pts',(-11.3485120027458,36.105389035469,-1.1494505532419));
#2976=CARTESIAN_POINT('Ctrl Pts',(-10.5147636680514,36.1848071247578,4.42150693443699));
#2977=CARTESIAN_POINT('Ctrl Pts',(-7.11672114973403,36.2642252140467,8.9141583420759));
#2978=CARTESIAN_POINT('Ctrl Pts',(-1.9830847239196,36.3436433033356,11.23286891744));
#2979=CARTESIAN_POINT('Ctrl Pts',(3.63417768873489,36.4230613926244,10.8121554317025));
#2980=CARTESIAN_POINT('Ctrl Pts',(8.36515300211502,36.5024794819133,7.75462280225583));
#2981=CARTESIAN_POINT('Ctrl Pts',(11.0560721777336,36.5818975712021,2.80592685807549));
#2982=CARTESIAN_POINT('Ctrl Pts',(11.0506858093311,36.661315660491,-2.82706574338298));
#2983=CARTESIAN_POINT('Ctrl Pts',(8.35030752525002,36.7407337497798,-7.77060629982751));
#2984=CARTESIAN_POINT('Ctrl Pts',(3.61349351436889,36.8201518390687,-10.8190860170943));
#2985=CARTESIAN_POINT('Ctrl Pts',(-2.00456316181435,36.8995699283576,-11.2290553653207));
#2986=CARTESIAN_POINT('Ctrl Pts',(-7.13375592364593,36.9789880176464,-8.90053280302245));
#2987=CARTESIAN_POINT('Ctrl Pts',(-10.5232001360607,37.0584061069353,-4.40138804121429));
#2988=CARTESIAN_POINT('Ctrl Pts',(-11.3462932760621,37.1378241962241,1.17114759170086));
#2989=CARTESIAN_POINT('Ctrl Pts',(-9.40230306266341,37.2172422855131,6.45806897617387));
#2990=CARTESIAN_POINT('Ctrl Pts',(-5.16532115114001,37.2966603748019,10.1700253290806));
#2991=CARTESIAN_POINT('Ctrl Pts',(0.33135622428881,37.3760784640908,11.4017613041882));
#2992=CARTESIAN_POINT('Ctrl Pts',(5.74722392292774,37.4554965533796,9.85288663116095));
#2993=CARTESIAN_POINT('Ctrl Pts',(9.76148430738164,37.5349146426685,5.90113395059652));
#2994=CARTESIAN_POINT('Ctrl Pts',(11.3951574751032,37.6143327319573,0.510239065416424));
#2995=CARTESIAN_POINT('Ctrl Pts',(10.2498305068197,37.6937508212462,-5.00509064531153));
#2996=CARTESIAN_POINT('Ctrl Pts',(6.60482063070947,37.7731689105351,-9.29980119262786));
#2997=CARTESIAN_POINT('Ctrl Pts',(1.34905658370348,37.8525869998239,-11.3265177402529));
#2998=CARTESIAN_POINT('Ctrl Pts',(-4.23570936062484,37.9320050891127,-10.590973703989));
#2999=CARTESIAN_POINT('Ctrl Pts',(-8.78748941467642,38.0114231784016,-7.27255027986962));
#3000=CARTESIAN_POINT('Ctrl Pts',(-11.1962157784303,38.0908412676905,-2.18052975882199));
#3001=CARTESIAN_POINT('Ctrl Pts',(-10.874459019068,38.1702593569793,3.4432686257232));
#3002=CARTESIAN_POINT('Ctrl Pts',(-7.90068773871144,38.2496774462682,8.22733802889213));
#3003=CARTESIAN_POINT('Ctrl Pts',(-3.00013200202794,38.3290955355571,11.0049609611614));
#3004=CARTESIAN_POINT('Ctrl Pts',(2.63208253444748,38.4085136248459,11.0987431413713));
#3005=CARTESIAN_POINT('Ctrl Pts',(7.62239653227816,38.4879317141348,8.48581339006424));
#3006=CARTESIAN_POINT('Ctrl Pts',(10.7537944908895,38.5673498034236,3.80340135063257));
#3007=CARTESIAN_POINT('Ctrl Pts',(11.2626050549813,38.6467678927125,-1.80656723146115));
#3008=CARTESIAN_POINT('Ctrl Pts',(9.0247417755595,38.7261859820014,-6.97595826182686));
#3009=CARTESIAN_POINT('Ctrl Pts',(4.58596475918391,38.8056040712902,-10.4440837326116));
#3010=CARTESIAN_POINT('Ctrl Pts',(-0.971216870496898,38.8850221605791,-11.3651526860285));
#3011=CARTESIAN_POINT('Ctrl Pts',(-6.29154246540152,38.9644402498679,-9.51453893745402));
#3012=CARTESIAN_POINT('Ctrl Pts',(-10.0775147698629,39.0438583391568,-5.34356190658204));
#3013=CARTESIAN_POINT('Ctrl Pts',(-11.4058277591943,39.1232764284456,0.130579147919836));
#3014=CARTESIAN_POINT('Ctrl Pts',(-9.95253839126796,39.2026945177345,5.57287514274426));
#3015=CARTESIAN_POINT('Ctrl Pts',(-6.07206838951747,39.2821126070234,9.6560832255787));
#3016=CARTESIAN_POINT('Ctrl Pts',(-0.710769455198031,39.3615306963122,11.3844088369944));
#3017=CARTESIAN_POINT('Ctrl Pts',(4.82386876091548,39.4409487856011,10.3363556422824));
#3018=CARTESIAN_POINT('Ctrl Pts',(9.18208339780665,39.5203668748899,6.76751817596402));
#3019=CARTESIAN_POINT('Ctrl Pts',(11.3010125252977,39.5997849641788,1.54824858770927));
#3020=CARTESIAN_POINT('Ctrl Pts',(10.6639011668689,39.6792030534677,-4.04860095459303));
#3021=CARTESIAN_POINT('Ctrl Pts',(7.42612519649056,39.7586211427565,-8.65809576941313));
#3022=CARTESIAN_POINT('Ctrl Pts',(2.37729896409193,39.8380392320454,-11.1560928385165));
#3023=CARTESIAN_POINT('Ctrl Pts',(-3.25129232719065,39.9174573213343,-10.9333917879791));
#3024=CARTESIAN_POINT('Ctrl Pts',(-8.08697295978243,39.9968754106231,-8.04430395584329));
#3025=CARTESIAN_POINT('Ctrl Pts',(-10.9504387279283,40.0762934999119,-3.19340718546896));
#3026=CARTESIAN_POINT('Ctrl Pts',(-11.1433603828601,40.1557115892008,2.4362834736503));
#3027=CARTESIAN_POINT('Ctrl Pts',(-8.61868905260258,40.2351296784897,7.47182419498005));
#3028=CARTESIAN_POINT('Ctrl Pts',(-3.99213031079661,40.3145477677785,10.6851697865969));
#3029=CARTESIAN_POINT('Ctrl Pts',(1.60801134994648,40.3939658570674,11.2926638701195));
#3030=CARTESIAN_POINT('Ctrl Pts',(6.8159983810272,40.4733839463563,9.14615350070123));
#3031=CARTESIAN_POINT('Ctrl Pts',(10.3617301540731,40.5528020356451,4.76912004434369));
#3032=CARTESIAN_POINT('Ctrl Pts',(11.380489433069,40.632220124934,-0.77098511773112));
#3033=CARTESIAN_POINT('Ctrl Pts',(9.62382575223016,40.7116382142228,-6.12306587288127));
#3034=CARTESIAN_POINT('Ctrl Pts',(5.52014640946076,40.7910563035117,-9.98188065316096));
#3035=CARTESIAN_POINT('Ctrl Pts',(0.0702384009945217,40.8704743928006,-11.4063589472788));
#3036=CARTESIAN_POINT('Ctrl Pts',(-5.39679903153163,40.9498924820894,-10.0491053251984));
#3037=CARTESIAN_POINT('Ctrl Pts',(-9.54768921537063,41.0293105713783,-6.24112078715527));
#3038=CARTESIAN_POINT('Ctrl Pts',(-11.3701315603339,41.1087286606671,-0.911079510614006));
#3039=CARTESIAN_POINT('Ctrl Pts',(-10.4196770075321,41.188146749956,4.64115164488635));
#3040=CARTESIAN_POINT('Ctrl Pts',(-6.92811808019535,41.2675648392448,9.06151970813562));
#3041=CARTESIAN_POINT('Ctrl Pts',(-1.74696076506216,41.3469829285337,11.2720042866354));
#3042=CARTESIAN_POINT('Ctrl Pts',(3.86023778898807,41.4264010178226,10.7335238086614));
#3043=CARTESIAN_POINT('Ctrl Pts',(8.52601828636673,41.5058191071114,7.5773973797877));
#3044=CARTESIAN_POINT('Ctrl Pts',(11.1125125091689,41.5852371964003,2.57333330523149));
#3045=CARTESIAN_POINT('Ctrl Pts',(10.9889347601723,41.6646552856891,-3.05831229397694));
#3046=CARTESIAN_POINT('Ctrl Pts',(8.18542875447203,41.744073374978,-7.94409320321407));
#3047=CARTESIAN_POINT('Ctrl Pts',(3.38568864915422,41.8234914642668,-10.8925387467465));
#3048=CARTESIAN_POINT('Ctrl Pts',(-2.23972137444307,41.9029095535558,-11.1844906336205));
#3049=CARTESIAN_POINT('Ctrl Pts',(-7.31895190956851,41.9823276428445,-8.74896014038446));
#3050=CARTESIAN_POINT('Ctrl Pts',(-10.6132009447987,42.0617457321335,-4.17948680597437));
#3051=CARTESIAN_POINT('Ctrl Pts',(-11.3192872681519,42.1411638214223,1.40868180933091));
#3052=CARTESIAN_POINT('Ctrl Pts',(-9.26459958394687,42.2205819107112,6.65450396255586));
#3053=CARTESIAN_POINT('Ctrl Pts',(-6.38880524553033,42.2735273035704,9.06768895288496));
#3054=CARTESIAN_POINT('Ctrl Pts',(-4.74915750032716,42.3,9.85762988943521));
#3055=CARTESIAN_POINT('Ctrl Pts',(6.24226079101612,35.5800295474387,8.75379531785745));
#3056=CARTESIAN_POINT('Ctrl Pts',(7.69830457799962,35.6065022438684,7.7155022448005));
#3057=CARTESIAN_POINT('Ctrl Pts',(10.080737750743,35.6594476367276,4.89926389428374));
#3058=CARTESIAN_POINT('Ctrl Pts',(11.1958055657985,35.7388657260164,-0.523045291025734));
#3059=CARTESIAN_POINT('Ctrl Pts',(9.58042179096972,35.8182838153053,-5.81659169560087));
#3060=CARTESIAN_POINT('Ctrl Pts',(5.6286439450517,35.8977019045942,-9.69219754776283));
#3061=CARTESIAN_POINT('Ctrl Pts',(0.304159116124572,35.977119993883,-11.2038257015943));
#3062=CARTESIAN_POINT('Ctrl Pts',(-5.094493538847,36.0565380831719,-9.98325728190516));
#3063=CARTESIAN_POINT('Ctrl Pts',(-9.25072837913087,36.1359561724607,-6.32794613716571));
#3064=CARTESIAN_POINT('Ctrl Pts',(-11.1509346369513,36.2153742617496,-1.12943864222082));
#3065=CARTESIAN_POINT('Ctrl Pts',(-10.3317018440006,36.2947923510385,4.34452858760731));
#3066=CARTESIAN_POINT('Ctrl Pts',(-6.99281917760605,36.3742104403273,8.75896302456856));
#3067=CARTESIAN_POINT('Ctrl Pts',(-1.94855925874809,36.4536285296162,11.0373048954355));
#3068=CARTESIAN_POINT('Ctrl Pts',(3.57090672824285,36.533046618905,10.6239160230259));
#3069=CARTESIAN_POINT('Ctrl Pts',(8.21951585653806,36.6124647081939,7.6196149751831));
#3070=CARTESIAN_POINT('Ctrl Pts',(10.8635861834128,36.6918827974828,2.7570757278924));
#3071=CARTESIAN_POINT('Ctrl Pts',(10.8582935915758,36.7713008867716,-2.7778465856317));
#3072=CARTESIAN_POINT('Ctrl Pts',(8.20492883912682,36.8507189760605,-7.63532020038344));
#3073=CARTESIAN_POINT('Ctrl Pts',(3.55058266493668,36.9301370653493,-10.6307259470654));
#3074=CARTESIAN_POINT('Ctrl Pts',(-1.96966375747094,37.0095551546382,-11.033557737182));
#3075=CARTESIAN_POINT('Ctrl Pts',(-7.00955737644665,37.0889732439271,-8.74557470587606));
#3076=CARTESIAN_POINT('Ctrl Pts',(-10.3399914332714,37.1683913332159,-4.32475996391112));
#3077=CARTESIAN_POINT('Ctrl Pts',(-11.1487545382546,37.2478094225048,1.15075793567646));
#3078=CARTESIAN_POINT('Ctrl Pts',(-9.23860915538526,37.3272275117936,6.34563412514471));
#3079=CARTESIAN_POINT('Ctrl Pts',(-5.07539301375268,37.4066456010825,9.99296539257995));
#3080=CARTESIAN_POINT('Ctrl Pts',(0.325587319086196,37.4860636903714,11.2032568691263));
#3081=CARTESIAN_POINT('Ctrl Pts',(5.64716486998333,37.5654817796603,9.68134807301471));
#3082=CARTESIAN_POINT('Ctrl Pts',(9.59153706185466,37.6448998689491,5.79839532716491));
#3083=CARTESIAN_POINT('Ctrl Pts',(11.1967680125728,37.724317958238,0.501355813546396));
#3084=CARTESIAN_POINT('Ctrl Pts',(10.0713811637791,37.8037360475268,-4.91795211780908));
#3085=CARTESIAN_POINT('Ctrl Pts',(6.48983083632544,37.8831541368157,-9.13789184084614));
#3086=CARTESIAN_POINT('Ctrl Pts',(1.32556953570534,37.9625722261045,-11.1293232941262));
#3087=CARTESIAN_POINT('Ctrl Pts',(-4.16196574581959,38.0419903153934,-10.4065850647448));
#3088=CARTESIAN_POINT('Ctrl Pts',(-8.63449940064828,38.1214084046822,-7.14593532571909));
#3089=CARTESIAN_POINT('Ctrl Pts',(-11.0012898868391,38.2008264939711,-2.14256677956266));
#3090=CARTESIAN_POINT('Ctrl Pts',(-10.685134906188,38.28024458326,3.38332138817976));
#3091=CARTESIAN_POINT('Ctrl Pts',(-7.76313692403181,38.3596626725488,8.0841002392281));
#3092=CARTESIAN_POINT('Ctrl Pts',(-2.94789976419332,38.4390807618377,10.8133648120935));
#3093=CARTESIAN_POINT('Ctrl Pts',(2.58625803044344,38.5184988511266,10.9055142464315));
#3094=CARTESIAN_POINT('Ctrl Pts',(7.4896907619072,38.5979169404154,8.3380755495591));
#3095=CARTESIAN_POINT('Ctrl Pts',(10.5665711450191,38.6773350297042,3.73718420958929));
#3096=CARTESIAN_POINT('Ctrl Pts',(11.0665233274202,38.7567531189931,-1.77511493228428));
#3097=CARTESIAN_POINT('Ctrl Pts',(8.86762120269858,38.836171208282,-6.85450696874717));
#3098=CARTESIAN_POINT('Ctrl Pts',(4.50612320493198,38.9155892975709,-10.2622524448157));
#3099=CARTESIAN_POINT('Ctrl Pts',(-0.954308004308847,38.9950073868597,-11.1672856062727));
#3100=CARTESIAN_POINT('Ctrl Pts',(-6.18200683757672,39.0744254761486,-9.3488910058524));
#3101=CARTESIAN_POINT('Ctrl Pts',(-9.90206544033821,39.1538435654374,-5.25053060122617));
#3102=CARTESIAN_POINT('Ctrl Pts',(-11.2072525272325,39.2332616547263,0.128305767579979));
#3103=CARTESIAN_POINT('Ctrl Pts',(-9.77926489798185,39.3126797440151,5.47585149855738));
#3104=CARTESIAN_POINT('Ctrl Pts',(-5.96635380094106,39.392097833304,9.48797101076672));
#3105=CARTESIAN_POINT('Ctrl Pts',(-0.698394973273771,39.4715159225928,11.1862065080374));
#3106=CARTESIAN_POINT('Ctrl Pts',(4.73988530277671,39.5509340118817,10.1563998983732));
#3107=CARTESIAN_POINT('Ctrl Pts',(9.02222351046592,39.6303521011705,6.6496958205883));
#3108=CARTESIAN_POINT('Ctrl Pts',(11.1042621244506,39.7097701904595,1.52129361092635));
#3109=CARTESIAN_POINT('Ctrl Pts',(10.4782428619622,39.7891882797483,-3.97811489337479));
#3110=CARTESIAN_POINT('Ctrl Pts',(7.29683650612944,39.8686063690372,-8.50735849614744));
#3111=CARTESIAN_POINT('Ctrl Pts',(2.3359102369251,39.948024458326,-10.9618654865025));
#3112=CARTESIAN_POINT('Ctrl Pts',(-3.19468739314479,40.0274425476149,-10.7430416567773));
#3113=CARTESIAN_POINT('Ctrl Pts',(-7.94617892314941,40.1068606369037,-7.90425278571095));
#3114=CARTESIAN_POINT('Ctrl Pts',(-10.7597918098447,40.1862787261926,-3.13781003057663));
#3115=CARTESIAN_POINT('Ctrl Pts',(-10.949354702643,40.2656968154815,2.39386782735799));
#3116=CARTESIAN_POINT('Ctrl Pts',(-8.46863784948424,40.3451149047703,7.34173988597406));
#3117=CARTESIAN_POINT('Ctrl Pts',(-3.92262740235147,40.4245329940592,10.4991411954484));
#3118=CARTESIAN_POINT('Ctrl Pts',(1.58001590467461,40.503951083348,11.0960588191911));
#3119=CARTESIAN_POINT('Ctrl Pts',(6.69733198625608,40.5833691726369,8.9869191521467));
#3120=CARTESIAN_POINT('Ctrl Pts',(10.1813326404238,40.6627872619257,4.68608976025966));
#3121=CARTESIAN_POINT('Ctrl Pts',(11.1823553408556,40.7422053512146,-0.757562282332869));
#3122=CARTESIAN_POINT('Ctrl Pts',(9.45627513938059,40.8216234405035,-6.01646341914484));
#3123=CARTESIAN_POINT('Ctrl Pts',(5.4240407714602,40.9010415297923,-9.80809631168527));
#3124=CARTESIAN_POINT('Ctrl Pts',(0.0690155518454121,40.9804596190812,-11.2077744673431));
#3125=CARTESIAN_POINT('Ctrl Pts',(-5.30284086890077,41.05987770837,-9.87415060353412));
#3126=CARTESIAN_POINT('Ctrl Pts',(-9.381464138097,41.1392957976589,-6.13246299973494));
#3127=CARTESIAN_POINT('Ctrl Pts',(-11.1721777984765,41.2187138869478,-0.895217634652395));
#3128=CARTESIAN_POINT('Ctrl Pts',(-10.2382706403292,41.2981319762366,4.56034928806393));
#3129=CARTESIAN_POINT('Ctrl Pts',(-6.80749968371598,41.3775500655255,8.90375883220801));
#3130=CARTESIAN_POINT('Ctrl Pts',(-1.71654621326685,41.4569681548143,11.0757589186401));
#3131=CARTESIAN_POINT('Ctrl Pts',(3.79303112669579,41.5363862441032,10.5466533749609));
#3132=CARTESIAN_POINT('Ctrl Pts',(8.37758047942532,41.6158043333921,7.44547504375684));
#3133=CARTESIAN_POINT('Ctrl Pts',(10.9190438898126,41.6952224226809,2.52853162412689));
#3134=CARTESIAN_POINT('Ctrl Pts',(10.7976176269414,41.7746405119698,-3.00506713842927));
#3135=CARTESIAN_POINT('Ctrl Pts',(8.04292060443301,41.8540586012586,-7.80578670027016));
#3136=CARTESIAN_POINT('Ctrl Pts',(3.32674387784515,41.9334766905475,-10.7028998661711));
#3137=CARTESIAN_POINT('Ctrl Pts',(-2.20072787034589,42.0128947798363,-10.9897688765647));
#3138=CARTESIAN_POINT('Ctrl Pts',(-7.19152910397786,42.0923128691253,-8.59664092024707));
#3139=CARTESIAN_POINT('Ctrl Pts',(-10.4284253297389,42.171730958414,-4.10672202471517));
#3140=CARTESIAN_POINT('Ctrl Pts',(-11.1222187043991,42.251149047703,1.38415668735344));
#3141=CARTESIAN_POINT('Ctrl Pts',(-9.10330309146451,42.3305671369917,6.53864918236331));
#3142=CARTESIAN_POINT('Ctrl Pts',(-6.27757627465905,42.383512529851,8.90982067053031));
#3143=CARTESIAN_POINT('Ctrl Pts',(-4.66647476373309,42.4099852262806,9.68600875125778));
#3144=CARTESIAN_POINT('Ctrl Pts',(6.13165755605462,35.6900147737194,8.59869156414384));
#3145=CARTESIAN_POINT('Ctrl Pts',(7.56190249251304,35.716487470149,7.57879544317891));
#3146=CARTESIAN_POINT('Ctrl Pts',(9.90212262341042,35.7694328630082,4.81245649328285));
#3147=CARTESIAN_POINT('Ctrl Pts',(10.9974331563408,35.8488509522971,-0.51377773506234));
#3148=CARTESIAN_POINT('Ctrl Pts',(9.41067149090184,35.9282690415859,-5.71353066058139));
#3149=CARTESIAN_POINT('Ctrl Pts',(5.52891305433577,36.0076871308748,-9.52046675365514));
#3150=CARTESIAN_POINT('Ctrl Pts',(0.298769885633777,36.0871052201637,-11.0053111876982));
#3151=CARTESIAN_POINT('Ctrl Pts',(-5.00422696961011,36.1665233094525,-9.80636935815471));
#3152=CARTESIAN_POINT('Ctrl Pts',(-9.08681973789715,36.2459413987414,-6.2158246900067));
#3153=CARTESIAN_POINT('Ctrl Pts',(-10.9533572711568,36.3253594880302,-1.10942673119974));
#3154=CARTESIAN_POINT('Ctrl Pts',(-10.1486400199498,36.4047775773191,4.26755024077764));
#3155=CARTESIAN_POINT('Ctrl Pts',(-6.86891720547806,36.4841956666079,8.6037677070612));
#3156=CARTESIAN_POINT('Ctrl Pts',(-1.91403379357657,36.5636137558968,10.8417408734311));
#3157=CARTESIAN_POINT('Ctrl Pts',(3.50763576775079,36.6430318451856,10.4356766143493));
#3158=CARTESIAN_POINT('Ctrl Pts',(8.07387871096113,36.7224499344746,7.48460714811038));
#3159=CARTESIAN_POINT('Ctrl Pts',(10.671100189092,36.8018680237634,2.70822459770931));
#3160=CARTESIAN_POINT('Ctrl Pts',(10.6659013738206,36.8812861130523,-2.72862742788043));
#3161=CARTESIAN_POINT('Ctrl Pts',(8.05955015300361,36.9607042023411,-7.50003410093935));
#3162=CARTESIAN_POINT('Ctrl Pts',(3.48767181550446,37.04012229163,-10.4423658770364));
#3163=CARTESIAN_POINT('Ctrl Pts',(-1.93476435312752,37.1195403809188,-10.8380601090433));
#3164=CARTESIAN_POINT('Ctrl Pts',(-6.88535882924738,37.1989584702077,-8.59061660872967));
#3165=CARTESIAN_POINT('Ctrl Pts',(-10.1567827304822,37.2783765594965,-4.24813188660795));
#3166=CARTESIAN_POINT('Ctrl Pts',(-10.9512158004471,37.3577946487854,1.13036827965207));
#3167=CARTESIAN_POINT('Ctrl Pts',(-9.07491524810712,37.4372127380743,6.23319927411554));
#3168=CARTESIAN_POINT('Ctrl Pts',(-4.98546487636535,37.5166308273632,9.81590545607933));
#3169=CARTESIAN_POINT('Ctrl Pts',(0.319818413883582,37.596048916652,11.0047524340643));
#3170=CARTESIAN_POINT('Ctrl Pts',(5.54710581703892,37.6754670059409,9.50980951486847));
#3171=CARTESIAN_POINT('Ctrl Pts',(9.42158981632768,37.7548850952297,5.6956567037333));
#3172=CARTESIAN_POINT('Ctrl Pts',(10.9983785500425,37.8343031845186,0.492472561676369));
#3173=CARTESIAN_POINT('Ctrl Pts',(9.89293182073864,37.9137212738074,-4.83081359030662));
#3174=CARTESIAN_POINT('Ctrl Pts',(6.3748410419414,37.9931393630963,-8.97598248906442));
#3175=CARTESIAN_POINT('Ctrl Pts',(1.30208248770722,38.0725574523851,-10.9321288479995));
#3176=CARTESIAN_POINT('Ctrl Pts',(-4.08822213101434,38.151975541674,-10.2221964255006));
#3177=CARTESIAN_POINT('Ctrl Pts',(-8.48150938662015,38.2313936309628,-7.01932037156855));
#3178=CARTESIAN_POINT('Ctrl Pts',(-10.8063639952479,38.3108117202518,-2.10460380030333));
#3179=CARTESIAN_POINT('Ctrl Pts',(-10.4958107933081,38.3902298095405,3.32337415063633));
#3180=CARTESIAN_POINT('Ctrl Pts',(-7.62558610935217,38.4696478988295,7.94086244956405));
#3181=CARTESIAN_POINT('Ctrl Pts',(-2.89566752635871,38.5490659881183,10.6217686630256));
#3182=CARTESIAN_POINT('Ctrl Pts',(2.5404335264394,38.6284840774072,10.7122853514917));
#3183=CARTESIAN_POINT('Ctrl Pts',(7.35698499153624,38.707902166696,8.19033770905396));
#3184=CARTESIAN_POINT('Ctrl Pts',(10.3793477991486,38.7873202559849,3.67096706854602));
#3185=CARTESIAN_POINT('Ctrl Pts',(10.870441599859,38.8667383452738,-1.74366263310741));
#3186=CARTESIAN_POINT('Ctrl Pts',(8.71050062983768,38.9461564345626,-6.73305567566747));
#3187=CARTESIAN_POINT('Ctrl Pts',(4.42628165068006,39.0255745238515,-10.0804211570199));
#3188=CARTESIAN_POINT('Ctrl Pts',(-0.937399138120802,39.1049926131403,-10.9694185265168));
#3189=CARTESIAN_POINT('Ctrl Pts',(-6.07247120975191,39.1844107024292,-9.18324307425078));
#3190=CARTESIAN_POINT('Ctrl Pts',(-9.72661611081356,39.263828791718,-5.1574992958703));
#3191=CARTESIAN_POINT('Ctrl Pts',(-11.0086772952706,39.3432468810069,0.126032387240123));
#3192=CARTESIAN_POINT('Ctrl Pts',(-9.60599140469576,39.4226649702957,5.3788278543705));
#3193=CARTESIAN_POINT('Ctrl Pts',(-5.86063921236464,39.5020830595846,9.31985879595473));
#3194=CARTESIAN_POINT('Ctrl Pts',(-0.686020491349514,39.5815011488735,10.9880041790804));
#3195=CARTESIAN_POINT('Ctrl Pts',(4.65590184463795,39.6609192381623,9.97644415446394));
#3196=CARTESIAN_POINT('Ctrl Pts',(8.86236362312521,39.7403373274512,6.53187346521257));
#3197=CARTESIAN_POINT('Ctrl Pts',(10.9075117236034,39.8197554167401,1.49433863414345));
#3198=CARTESIAN_POINT('Ctrl Pts',(10.2925845570556,39.8991735060289,-3.90762883215656));
#3199=CARTESIAN_POINT('Ctrl Pts',(7.16754781576831,39.9785915953178,-8.35662122288175));
#3200=CARTESIAN_POINT('Ctrl Pts',(2.29452150975826,40.0580096846066,-10.7676381344884));
#3201=CARTESIAN_POINT('Ctrl Pts',(-3.13808245909893,40.1374277738955,-10.5526915255755));
#3202=CARTESIAN_POINT('Ctrl Pts',(-7.80538488651639,40.2168458631843,-7.7642016155786));
#3203=CARTESIAN_POINT('Ctrl Pts',(-10.5691448917611,40.2962639524732,-3.0822128756843));
#3204=CARTESIAN_POINT('Ctrl Pts',(-10.755349022426,40.375682041762,2.35145218106569));
#3205=CARTESIAN_POINT('Ctrl Pts',(-8.31858664636591,40.4551001310509,7.21165557696805));
#3206=CARTESIAN_POINT('Ctrl Pts',(-3.85312449390633,40.5345182203398,10.3131126042999));
#3207=CARTESIAN_POINT('Ctrl Pts',(1.55202045940275,40.6139363096286,10.8994537682628));
#3208=CARTESIAN_POINT('Ctrl Pts',(6.57866559148495,40.6933543989175,8.82768480359218));
#3209=CARTESIAN_POINT('Ctrl Pts',(10.0009351267745,40.7727724882064,4.60305947617563));
#3210=CARTESIAN_POINT('Ctrl Pts',(10.9842212486421,40.8521905774952,-0.744139446934607));
#3211=CARTESIAN_POINT('Ctrl Pts',(9.28872452653103,40.9316086667841,-5.90986096540842));
#3212=CARTESIAN_POINT('Ctrl Pts',(5.32793513345962,41.0110267560729,-9.63431197020957));
#3213=CARTESIAN_POINT('Ctrl Pts',(0.0677927026963064,41.0904448453618,-11.0091899874074));
#3214=CARTESIAN_POINT('Ctrl Pts',(-5.20888270626991,41.1698629346507,-9.69919588186987));
#3215=CARTESIAN_POINT('Ctrl Pts',(-9.21523906082338,41.2492810239395,-6.02380521231463));
#3216=CARTESIAN_POINT('Ctrl Pts',(-10.9742240366191,41.3286991132284,-0.879355758690782));
#3217=CARTESIAN_POINT('Ctrl Pts',(-10.0568642731262,41.4081172025173,4.47954693124152));
#3218=CARTESIAN_POINT('Ctrl Pts',(-6.68688128723662,41.4875352918061,8.74599795628042));
#3219=CARTESIAN_POINT('Ctrl Pts',(-1.68613166147152,41.566953381095,10.8795135506448));
#3220=CARTESIAN_POINT('Ctrl Pts',(3.7258244644035,41.6463714703838,10.3597829412605));
#3221=CARTESIAN_POINT('Ctrl Pts',(8.22914267248392,41.7257895596727,7.31355270772599));
#3222=CARTESIAN_POINT('Ctrl Pts',(10.7255752704563,41.8052076489615,2.48372994302228));
#3223=CARTESIAN_POINT('Ctrl Pts',(10.6063004937104,41.8846257382503,-2.95182198288161));
#3224=CARTESIAN_POINT('Ctrl Pts',(7.900412454394,41.9640438275393,-7.66748019732624));
#3225=CARTESIAN_POINT('Ctrl Pts',(3.26779910653607,42.0434619168281,-10.5132609855958));
#3226=CARTESIAN_POINT('Ctrl Pts',(-2.16173436624871,42.122880006117,-10.7950471195088));
#3227=CARTESIAN_POINT('Ctrl Pts',(-7.06410629838722,42.2022980954058,-8.44432170010969));
#3228=CARTESIAN_POINT('Ctrl Pts',(-10.2436497146791,42.2817161846947,-4.03395724345597));
#3229=CARTESIAN_POINT('Ctrl Pts',(-10.9251501406463,42.3611342739835,1.35963156537596));
#3230=CARTESIAN_POINT('Ctrl Pts',(-8.94200659898217,42.4405523632724,6.42279440217077));
#3231=CARTESIAN_POINT('Ctrl Pts',(-6.16634730378777,42.4934977561316,8.75195238817566));
#3232=CARTESIAN_POINT('Ctrl Pts',(-4.58379202713901,42.5199704525613,9.51438761308036));
#3233=CARTESIAN_POINT('Ctrl Pts',(6.02105432109312,35.8,8.44358781043023));
#3234=CARTESIAN_POINT('Ctrl Pts',(7.42550040702647,35.8264726964296,7.44208864155732));
#3235=CARTESIAN_POINT('Ctrl Pts',(9.72350749607781,35.8794180892888,4.72564909228196));
#3236=CARTESIAN_POINT('Ctrl Pts',(10.7990607468831,35.9588361785777,-0.504510179098949));
#3237=CARTESIAN_POINT('Ctrl Pts',(9.24092119083397,36.0382542678665,-5.61046962556191));
#3238=CARTESIAN_POINT('Ctrl Pts',(5.42918216361983,36.1176723571554,-9.34873595954745));
#3239=CARTESIAN_POINT('Ctrl Pts',(0.293380655142989,36.1970904464443,-10.8067966738021));
#3240=CARTESIAN_POINT('Ctrl Pts',(-4.91396040037324,36.2765085357332,-9.62948143440427));
#3241=CARTESIAN_POINT('Ctrl Pts',(-8.92291109666342,36.355926625022,-6.10370324284769));
#3242=CARTESIAN_POINT('Ctrl Pts',(-10.7557799053624,36.4353447143109,-1.08941482017867));
#3243=CARTESIAN_POINT('Ctrl Pts',(-9.96557819589903,36.5147628035997,4.19057189394797));
#3244=CARTESIAN_POINT('Ctrl Pts',(-6.74501523335009,36.5941808928886,8.44857238955386));
#3245=CARTESIAN_POINT('Ctrl Pts',(-1.87950832840506,36.6735989821775,10.6461768514267));
#3246=CARTESIAN_POINT('Ctrl Pts',(3.44436480725875,36.7530170714663,10.2474372056727));
#3247=CARTESIAN_POINT('Ctrl Pts',(7.92824156538418,36.8324351607552,7.34959932103766));
#3248=CARTESIAN_POINT('Ctrl Pts',(10.4786141947712,36.911853250044,2.65937346752622));
#3249=CARTESIAN_POINT('Ctrl Pts',(10.4735091560654,36.9912713393329,-2.67940827012916));
#3250=CARTESIAN_POINT('Ctrl Pts',(7.9141714668804,37.0706894286217,-7.36474800149527));
#3251=CARTESIAN_POINT('Ctrl Pts',(3.42476096607225,37.1501075179106,-10.2540058070075));
#3252=CARTESIAN_POINT('Ctrl Pts',(-1.89986494878411,37.2295256071995,-10.6425624809046));
#3253=CARTESIAN_POINT('Ctrl Pts',(-6.76116028204809,37.3089436964883,-8.43565851158328));
#3254=CARTESIAN_POINT('Ctrl Pts',(-9.97357402769302,37.3883617857772,-4.17150380930476));
#3255=CARTESIAN_POINT('Ctrl Pts',(-10.7536770626396,37.467779875066,1.10997862362766));
#3256=CARTESIAN_POINT('Ctrl Pts',(-8.91122134082899,37.5471979643549,6.12076442308639));
#3257=CARTESIAN_POINT('Ctrl Pts',(-4.89553673897802,37.6266160536437,9.63884551957869));
#3258=CARTESIAN_POINT('Ctrl Pts',(0.314049508680971,37.7060341429326,10.8062479990024));
#3259=CARTESIAN_POINT('Ctrl Pts',(5.44704676409451,37.7854522322215,9.33827095672222));
#3260=CARTESIAN_POINT('Ctrl Pts',(9.2516425708007,37.8648703215103,5.5929180803017));
#3261=CARTESIAN_POINT('Ctrl Pts',(10.7999890875121,37.9442884107992,0.483589309806342));
#3262=CARTESIAN_POINT('Ctrl Pts',(9.71448247769814,38.023706500088,-4.74367506280417));
#3263=CARTESIAN_POINT('Ctrl Pts',(6.25985124755736,38.1031245893769,-8.8140731372827));
#3264=CARTESIAN_POINT('Ctrl Pts',(1.27859543970909,38.1825426786658,-10.7349344018728));
#3265=CARTESIAN_POINT('Ctrl Pts',(-4.0144785162091,38.2619607679546,-10.0378077862564));
#3266=CARTESIAN_POINT('Ctrl Pts',(-8.32851937259201,38.3413788572435,-6.89270541741801));
#3267=CARTESIAN_POINT('Ctrl Pts',(-10.6114381036566,38.4207969465323,-2.06664082104399));
#3268=CARTESIAN_POINT('Ctrl Pts',(-10.3064866804281,38.5002150358212,3.26342691309289));
#3269=CARTESIAN_POINT('Ctrl Pts',(-7.48803529467254,38.5796331251101,7.79762465990001));
#3270=CARTESIAN_POINT('Ctrl Pts',(-2.8434352885241,38.6590512143989,10.4301725139576));
#3271=CARTESIAN_POINT('Ctrl Pts',(2.49460902243536,38.7384693036878,10.5190564565519));
#3272=CARTESIAN_POINT('Ctrl Pts',(7.22427922116529,38.8178873929766,8.04259986854882));
#3273=CARTESIAN_POINT('Ctrl Pts',(10.1921244532782,38.8973054822655,3.60474992750274));
#3274=CARTESIAN_POINT('Ctrl Pts',(10.6743598722979,38.9767235715544,-1.71221033393053));
#3275=CARTESIAN_POINT('Ctrl Pts',(8.55338005697677,39.0561416608432,-6.61160438258778));
#3276=CARTESIAN_POINT('Ctrl Pts',(4.34644009642813,39.1355597501321,-9.89858986922398));
#3277=CARTESIAN_POINT('Ctrl Pts',(-0.920490271932743,39.2149778394209,-10.771551446761));
#3278=CARTESIAN_POINT('Ctrl Pts',(-5.96293558192712,39.2943959287098,-9.01759514264914));
#3279=CARTESIAN_POINT('Ctrl Pts',(-9.55116678128889,39.3738140179986,-5.06446799051444));
#3280=CARTESIAN_POINT('Ctrl Pts',(-10.8101020633088,39.4532321072876,0.123759006900265));
#3281=CARTESIAN_POINT('Ctrl Pts',(-9.43271791140964,39.5326501965763,5.28180421018364));
#3282=CARTESIAN_POINT('Ctrl Pts',(-5.75492462378824,39.6120682858653,9.15174658114274));
#3283=CARTESIAN_POINT('Ctrl Pts',(-0.673646009425251,39.6914863751541,10.7898018501235));
#3284=CARTESIAN_POINT('Ctrl Pts',(4.57191838649917,39.770904464443,9.7964884105547));
#3285=CARTESIAN_POINT('Ctrl Pts',(8.7025037357845,39.8503225537318,6.41405110983686));
#3286=CARTESIAN_POINT('Ctrl Pts',(10.7107613227563,39.9297406430207,1.46738365736053));
#3287=CARTESIAN_POINT('Ctrl Pts',(10.1069262521489,40.0091587323095,-3.83714277093831));
#3288=CARTESIAN_POINT('Ctrl Pts',(7.03825912540717,40.0885768215984,-8.20588394961606));
#3289=CARTESIAN_POINT('Ctrl Pts',(2.25313278259142,40.1679949108873,-10.5734107824744));
#3290=CARTESIAN_POINT('Ctrl Pts',(-3.08147752505307,40.2474130001761,-10.3623413943737));
#3291=CARTESIAN_POINT('Ctrl Pts',(-7.66459084988336,40.3268310894649,-7.62415044544624));
#3292=CARTESIAN_POINT('Ctrl Pts',(-10.3784979736776,40.4062491787539,-3.02661572079197));
#3293=CARTESIAN_POINT('Ctrl Pts',(-10.5613433422089,40.4856672680427,2.30903653477339));
#3294=CARTESIAN_POINT('Ctrl Pts',(-8.16853544324759,40.5650853573315,7.08157126796205));
#3295=CARTESIAN_POINT('Ctrl Pts',(-3.78362158546118,40.6445034466204,10.1270840131514));
#3296=CARTESIAN_POINT('Ctrl Pts',(1.52402501413087,40.7239215359093,10.7028487173345));
#3297=CARTESIAN_POINT('Ctrl Pts',(6.45999919671382,40.8033396251981,8.66845045503766));
#3298=CARTESIAN_POINT('Ctrl Pts',(9.82053761312514,40.882757714487,4.52002919209159));
#3299=CARTESIAN_POINT('Ctrl Pts',(10.7860871564287,40.9621758037758,-0.730716611536344));
#3300=CARTESIAN_POINT('Ctrl Pts',(9.12117391368147,41.0415938930648,-5.80325851167201));
#3301=CARTESIAN_POINT('Ctrl Pts',(5.23182949545905,41.1210119823535,-9.46052762873385));
#3302=CARTESIAN_POINT('Ctrl Pts',(0.0665698535472065,41.2004300716425,-10.8106055074716));
#3303=CARTESIAN_POINT('Ctrl Pts',(-5.11492454363907,41.2798481609313,-9.52424116020561));
#3304=CARTESIAN_POINT('Ctrl Pts',(-9.04901398354974,41.3592662502201,-5.91514742489431));
#3305=CARTESIAN_POINT('Ctrl Pts',(-10.7762702747617,41.438684339509,-0.863493882729169));
#3306=CARTESIAN_POINT('Ctrl Pts',(-9.87545790592321,41.5181024287979,4.39874457441911));
#3307=CARTESIAN_POINT('Ctrl Pts',(-6.56626289075725,41.5975205180867,8.58823708035281));
#3308=CARTESIAN_POINT('Ctrl Pts',(-1.65571710967621,41.6769386073756,10.6832681826496));
#3309=CARTESIAN_POINT('Ctrl Pts',(3.65861780211122,41.7563566966644,10.1729125075601));
#3310=CARTESIAN_POINT('Ctrl Pts',(8.0807048655425,41.8357747859533,7.18163037169514));
#3311=CARTESIAN_POINT('Ctrl Pts',(10.5321066511,41.9151928752421,2.43892826191767));
#3312=CARTESIAN_POINT('Ctrl Pts',(10.4149833604795,41.994610964531,-2.89857682733393));
#3313=CARTESIAN_POINT('Ctrl Pts',(7.75790430435499,42.0740290538198,-7.52917369438234));
#3314=CARTESIAN_POINT('Ctrl Pts',(3.20885433522699,42.1534471431087,-10.3236221050205));
#3315=CARTESIAN_POINT('Ctrl Pts',(-2.12274086215152,42.2328652323976,-10.600325362453));
#3316=CARTESIAN_POINT('Ctrl Pts',(-6.93668349279659,42.3122833216865,-8.29200247997231));
#3317=CARTESIAN_POINT('Ctrl Pts',(-10.0588740996193,42.3917014109753,-3.96119246219677));
#3318=CARTESIAN_POINT('Ctrl Pts',(-10.7280815768935,42.4711195002642,1.33510644339848));
#3319=CARTESIAN_POINT('Ctrl Pts',(-8.78071010649981,42.5505375895531,6.30693962197822));
#3320=CARTESIAN_POINT('Ctrl Pts',(-6.05511833291649,42.6034829824123,8.59408410582101));
#3321=CARTESIAN_POINT('Ctrl Pts',(-4.50110929054494,42.6299556788419,9.34276647490293));
#3322=CARTESIAN_POINT('Ctrl Pts',(4.74956753418968,35.8,-9.85793791519612));
#3323=CARTESIAN_POINT('Ctrl Pts',(4.98635006154118,35.8,-9.73670928527215));
#3324=CARTESIAN_POINT('Ctrl Pts',(5.21838287293571,35.8,-9.60696070015167));
#3325=CARTESIAN_POINT('Ctrl Pts',(5.44515974672649,35.8,-9.46884390709892));
#3326=CARTESIAN_POINT('Ctrl Pts',(5.45840822846509,35.8,-9.46077501638724));
#3327=CARTESIAN_POINT('Ctrl Pts',(5.47163876510359,35.8,-9.45267755186982));
#3328=CARTESIAN_POINT('Ctrl Pts',(5.48485125311851,35.8,-9.44455153892372));
#3329=CARTESIAN_POINT('Ctrl Pts',(5.71117953160539,35.8,-9.3053539465416));
#3330=CARTESIAN_POINT('Ctrl Pts',(5.93221430343171,35.8,-9.1577828862873));
#3331=CARTESIAN_POINT('Ctrl Pts',(6.14759679209706,35.8,-9.0022488214813));
#3332=CARTESIAN_POINT('Ctrl Pts',(6.36326509368493,35.8,-8.8465083627113));
#3333=CARTESIAN_POINT('Ctrl Pts',(6.57326655407318,35.8,-8.6827832822116));
#3334=CARTESIAN_POINT('Ctrl Pts',(6.7772061458808,35.8,-8.51144677303144));
#3335=CARTESIAN_POINT('Ctrl Pts',(6.83894645664702,35.8,-8.45957666174691));
#3336=CARTESIAN_POINT('Ctrl Pts',(6.90013092732618,35.8,-8.40700871678682));
#3337=CARTESIAN_POINT('Ctrl Pts',(6.96074787155685,35.8,-8.35375269114037));
#3338=CARTESIAN_POINT('Ctrl Pts',(6.98981385358971,35.8,-8.32821628866699));
#3339=CARTESIAN_POINT('Ctrl Pts',(7.0187493431256,35.8,-8.30252167696814));
#3340=CARTESIAN_POINT('Ctrl Pts',(7.04755302207709,35.8,-8.27666991074194));
#3341=CARTESIAN_POINT('Ctrl Pts',(7.07306077145302,35.8,-8.25377629444614));
#3342=CARTESIAN_POINT('Ctrl Pts',(7.09846256544068,35.8,-8.23076170880319));
#3343=CARTESIAN_POINT('Ctrl Pts',(7.12375026343053,35.8,-8.20763373195726));
#3344=CARTESIAN_POINT('Ctrl Pts',(7.31929116472272,35.8,-8.0287931969535));
#3345=CARTESIAN_POINT('Ctrl Pts',(7.50814239129431,35.8,-7.84305964499034));
#3346=CARTESIAN_POINT('Ctrl Pts',(7.68995296275345,35.8,-7.65084110883457));
#3347=CARTESIAN_POINT('Ctrl Pts',(7.87162824399796,35.8,-7.45876560774439));
#3348=CARTESIAN_POINT('Ctrl Pts',(8.04627377152013,35.8,-7.26021428585008));
#3349=CARTESIAN_POINT('Ctrl Pts',(8.21350170065738,35.8,-7.05555886244526));
#3350=CARTESIAN_POINT('Ctrl Pts',(8.3795156315715,35.8,-6.85238914374092));
#3351=CARTESIAN_POINT('Ctrl Pts',(8.53821964397584,35.8,-6.64320313615445));
#3352=CARTESIAN_POINT('Ctrl Pts',(8.68919125788601,35.8,-6.4283369453125));
#3353=CARTESIAN_POINT('Ctrl Pts',(8.73826984215495,35.8,-6.3584872021677));
#3354=CARTESIAN_POINT('Ctrl Pts',(8.78653090075903,35.8,-6.28803698876162));
#3355=CARTESIAN_POINT('Ctrl Pts',(8.83395882769238,35.8,-6.21699734972822));
#3356=CARTESIAN_POINT('Ctrl Pts',(8.85202942544722,35.8,-6.18993041206878));
#3357=CARTESIAN_POINT('Ctrl Pts',(8.86998032316088,35.8,-6.1627759906105));
#3358=CARTESIAN_POINT('Ctrl Pts',(8.88780662035312,35.8,-6.13554083109527));
#3359=CARTESIAN_POINT('Ctrl Pts',(9.00335358704654,35.8,-5.95900725065171));
#3360=CARTESIAN_POINT('Ctrl Pts',(9.1135073804082,35.8,-5.77932808091922));
#3361=CARTESIAN_POINT('Ctrl Pts',(9.21809489723576,35.8,-5.59670492641752));
#3362=CARTESIAN_POINT('Ctrl Pts',(9.34798456861723,35.8,-5.36990098035973));
#3363=CARTESIAN_POINT('Ctrl Pts',(9.46929061169471,35.8,-5.13855694032074));
#3364=CARTESIAN_POINT('Ctrl Pts',(9.58193787759946,35.8,-4.90320847209025));
#3365=CARTESIAN_POINT('Ctrl Pts',(9.69539783517387,35.8,-4.66616208657731));
#3366=CARTESIAN_POINT('Ctrl Pts',(9.80007383357156,35.8,-4.4250526797339));
#3367=CARTESIAN_POINT('Ctrl Pts',(9.89584168375576,35.8,-4.18040367566879));
#3368=CARTESIAN_POINT('Ctrl Pts',(9.99161515694627,35.8,-3.93574030704509));
#3369=CARTESIAN_POINT('Ctrl Pts',(10.0784795967045,35.8,-3.68753629375317));
#3370=CARTESIAN_POINT('Ctrl Pts',(10.1562608813412,35.8,-3.43630065904463));
#3371=CARTESIAN_POINT('Ctrl Pts',(10.2298344149143,35.8,-3.19865617308262));
#3372=CARTESIAN_POINT('Ctrl Pts',(10.2952806882908,35.8,-2.9582986388323));
#3373=CARTESIAN_POINT('Ctrl Pts',(10.3524092249936,35.8,-2.71565458186331));
#3374=CARTESIAN_POINT('Ctrl Pts',(10.3738324262571,35.8,-2.62466306049994));
#3375=CARTESIAN_POINT('Ctrl Pts',(10.3940855133051,35.8,-2.53334999295973));
#3376=CARTESIAN_POINT('Ctrl Pts',(10.4131568620458,35.8,-2.44173793630524));
#3377=CARTESIAN_POINT('Ctrl Pts',(10.4226908848364,35.8,-2.39593984158721));
#3378=CARTESIAN_POINT('Ctrl Pts',(10.4319295617075,35.8,-2.35006702677821));
#3379=CARTESIAN_POINT('Ctrl Pts',(10.4408713577351,35.8,-2.30412232007847));
#3380=CARTESIAN_POINT('Ctrl Pts',(10.4462474161585,35.8,-2.27649907451318));
#3381=CARTESIAN_POINT('Ctrl Pts',(10.4515151083785,35.8,-2.24885513055336));
#3382=CARTESIAN_POINT('Ctrl Pts',(10.4566728447789,35.8,-2.22119881385754));
#3383=CARTESIAN_POINT('Ctrl Pts',(10.5046474440881,35.8,-1.96395404427864));
#3384=CARTESIAN_POINT('Ctrl Pts',(10.5431527415508,35.8,-1.70543682298424));
#3385=CARTESIAN_POINT('Ctrl Pts',(10.5720884675698,35.8,-1.44616017823157));
#3386=CARTESIAN_POINT('Ctrl Pts',(10.6009856275793,35.8,-1.18722910163662));
#3387=CARTESIAN_POINT('Ctrl Pts',(10.6203388345258,35.8,-0.927539995900486));
#3388=CARTESIAN_POINT('Ctrl Pts',(10.6299975618498,35.8,-0.667593289206622));
#3389=CARTESIAN_POINT('Ctrl Pts',(10.6321144514647,35.8,-0.610621136937547));
#3390=CARTESIAN_POINT('Ctrl Pts',(10.6337654705291,35.8,-0.553636591162183));
#3391=CARTESIAN_POINT('Ctrl Pts',(10.6349486991003,35.8,-0.496644898443078));
#3392=CARTESIAN_POINT('Ctrl Pts',(10.6403599809989,35.8,-0.236003698015103));
#3393=CARTESIAN_POINT('Ctrl Pts',(10.6359914642945,35.8,0.0247873709968616));
#3394=CARTESIAN_POINT('Ctrl Pts',(10.6219778968011,35.8,0.285204830111627));
#3395=CARTESIAN_POINT('Ctrl Pts',(10.6079745902377,35.8,0.545431607922181));
#3396=CARTESIAN_POINT('Ctrl Pts',(10.5843401889127,35.8,0.805285959523475));
#3397=CARTESIAN_POINT('Ctrl Pts',(10.5511582875754,35.8,1.06423516776708));
#3398=CARTESIAN_POINT('Ctrl Pts',(10.5314731270953,35.8,1.21785676613929));
#3399=CARTESIAN_POINT('Ctrl Pts',(10.508426812802,35.8,1.37115956014588));
#3400=CARTESIAN_POINT('Ctrl Pts',(10.4820286768753,35.8,1.52402919622162));
#3401=CARTESIAN_POINT('Ctrl Pts',(10.470164774062,35.8,1.59273217246747));
#3402=CARTESIAN_POINT('Ctrl Pts',(10.4576237900877,35.8,1.6613476218875));
#3403=CARTESIAN_POINT('Ctrl Pts',(10.4444061851578,35.8,1.72986496241979));
#3404=CARTESIAN_POINT('Ctrl Pts',(10.4389000671905,35.8,1.75840754345273));
#3405=CARTESIAN_POINT('Ctrl Pts',(10.4332765293969,35.8,1.78693309759472));
#3406=CARTESIAN_POINT('Ctrl Pts',(10.4275355929338,35.8,1.81544085266502));
#3407=CARTESIAN_POINT('Ctrl Pts',(10.4216495322888,35.8,1.84466925055351));
#3408=CARTESIAN_POINT('Ctrl Pts',(10.4156417451726,35.8,1.87387050711576));
#3409=CARTESIAN_POINT('Ctrl Pts',(10.4095136052958,35.8,1.90303858602334));
#3410=CARTESIAN_POINT('Ctrl Pts',(10.3561142897796,35.8,2.15720306005848));
#3411=CARTESIAN_POINT('Ctrl Pts',(10.2935552273384,35.8,2.40897649873113));
#3412=CARTESIAN_POINT('Ctrl Pts',(10.2220137314973,35.8,2.65785565289453));
#3413=CARTESIAN_POINT('Ctrl Pts',(10.1503823382757,35.8,2.90704754281695));
#3414=CARTESIAN_POINT('Ctrl Pts',(10.069745751396,35.8,3.15333850311927));
#3415=CARTESIAN_POINT('Ctrl Pts',(9.9802305798582,35.8,3.39621371984416));
#3416=CARTESIAN_POINT('Ctrl Pts',(9.89148352762309,35.8,3.63700485250928));
#3417=CARTESIAN_POINT('Ctrl Pts',(9.79400937597853,35.8,3.87443919329449));
#3418=CARTESIAN_POINT('Ctrl Pts',(9.68788418270633,35.8,4.10799654101721));
#3419=CARTESIAN_POINT('Ctrl Pts',(9.61350142502316,35.8,4.2716960271159));
#3420=CARTESIAN_POINT('Ctrl Pts',(9.53486781175001,35.8,4.43349054478474));
#3421=CARTESIAN_POINT('Ctrl Pts',(9.45199636798231,35.8,4.59319316231542));
#3422=CARTESIAN_POINT('Ctrl Pts',(9.35210382317853,35.8,4.78569736100759));
#3423=CARTESIAN_POINT('Ctrl Pts',(9.2460541338099,35.8,4.97516262976484));
#3424=CARTESIAN_POINT('Ctrl Pts',(9.13403737460636,35.8,5.16134142026748));
#3425=CARTESIAN_POINT('Ctrl Pts',(9.08503004245481,35.8,5.24279464111238));
#3426=CARTESIAN_POINT('Ctrl Pts',(9.03488033488849,35.8,5.32361858241469));
#3427=CARTESIAN_POINT('Ctrl Pts',(8.98360310416299,35.8,5.40379138733922));
#3428=CARTESIAN_POINT('Ctrl Pts',(8.95052444601057,35.8,5.45551042071324));
#3429=CARTESIAN_POINT('Ctrl Pts',(8.91697655994668,35.8,5.50695847131576));
#3430=CARTESIAN_POINT('Ctrl Pts',(8.88296330224266,35.8,5.55812950622038));
#3431=CARTESIAN_POINT('Ctrl Pts',(8.86697171198154,35.8,5.58218795515088));
#3432=CARTESIAN_POINT('Ctrl Pts',(8.85087678216599,35.8,5.60618579242471));
#3433=CARTESIAN_POINT('Ctrl Pts',(8.83468810624892,35.8,5.63010899025107));
#3434=CARTESIAN_POINT('Ctrl Pts',(8.69137627346762,35.8,5.84189143274654));
#3435=CARTESIAN_POINT('Ctrl Pts',(8.54055599377568,35.8,6.04807742448956));
#3436=CARTESIAN_POINT('Ctrl Pts',(8.38263407630832,35.8,6.24833221469217));
#3437=CARTESIAN_POINT('Ctrl Pts',(8.21549519084526,35.8,6.46027469221445));
#3438=CARTESIAN_POINT('Ctrl Pts',(8.04040145358829,35.8,6.6655742822506));
#3439=CARTESIAN_POINT('Ctrl Pts',(7.85778250737688,35.8,6.86380031066501));
#3440=CARTESIAN_POINT('Ctrl Pts',(7.68408215781983,35.8,7.05234553634508));
#3441=CARTESIAN_POINT('Ctrl Pts',(7.50357286031272,35.8,7.2344914233706));
#3442=CARTESIAN_POINT('Ctrl Pts',(7.31658601902207,35.8,7.40983092072987));
#3443=CARTESIAN_POINT('Ctrl Pts',(7.13103813578682,35.8,7.58382109221995));
#3444=CARTESIAN_POINT('Ctrl Pts',(6.93911155639131,35.8,7.75110963161513));
#3445=CARTESIAN_POINT('Ctrl Pts',(6.74110027840572,35.8,7.91125733337938));
#3446=CARTESIAN_POINT('Ctrl Pts',(6.54649480305332,35.8,8.06865048767586));
#3447=CARTESIAN_POINT('Ctrl Pts',(6.34601168724245,35.8,8.21914663955923));
#3448=CARTESIAN_POINT('Ctrl Pts',(6.139907956895,35.8,8.36228354699311));
#3449=CARTESIAN_POINT('Ctrl Pts',(6.10049509392533,35.8,8.38965537237969));
#3450=CARTESIAN_POINT('Ctrl Pts',(6.06087664052212,35.8,8.41675794013978));
#3451=CARTESIAN_POINT('Ctrl Pts',(6.02105432109327,35.8,8.44358781043012));
#3452=CARTESIAN_POINT('Ctrl Pts',(-4.74915750032744,42.3,9.85762988943507));
#3453=CARTESIAN_POINT('Ctrl Pts',(-6.38880524553049,42.2735273035704,9.06768895288482));
#3454=CARTESIAN_POINT('Ctrl Pts',(-7.82670241473866,42.2470546071408,7.86109645772033));
#3455=CARTESIAN_POINT('Ctrl Pts',(-8.88809894671023,42.2205819107112,6.38349651793398));
#3456=CARTESIAN_POINT('Ctrl Pts',(-9.94949547868187,42.1941092142816,4.90589657814754));
#3457=CARTESIAN_POINT('Ctrl Pts',(-10.6343913734169,42.1676365178519,3.15728919373921));
#3458=CARTESIAN_POINT('Ctrl Pts',(-10.8591582668922,42.1411638214223,1.35162406565083));
#3459=CARTESIAN_POINT('Ctrl Pts',(-10.9149392468909,42.1345940240326,0.903507491021422));
#3460=CARTESIAN_POINT('Ctrl Pts',(-10.9423810520477,42.1280242266428,0.451876751082273));
#3461=CARTESIAN_POINT('Ctrl Pts',(-10.941923405535,42.1214544292531,0.000199067318386592));
#3462=CARTESIAN_POINT('Origin',(0.,39.05,6.0507154842071E-15));
#3463=CARTESIAN_POINT('Origin',(0.,33.15,-5.88418203051333E-16));
#3464=CARTESIAN_POINT('',(-13.5,35.8,4.7643677274626E-16));
#3465=CARTESIAN_POINT('Origin',(0.,35.8,-1.17683640610267E-15));
#3466=CARTESIAN_POINT('',(-13.5,30.5,1.65327317884893E-15));
#3467=CARTESIAN_POINT('',(-13.5,33.15,1.06485497579759E-15));
#3468=CARTESIAN_POINT('Origin',(0.,30.5,2.46519032881566E-31));
#3469=CARTESIAN_POINT('Origin',(0.,35.8,-1.17683640610267E-15));
#3470=CARTESIAN_POINT('Origin',(0.,25.9,-1.02140518265514E-15));
#3471=CARTESIAN_POINT('',(-16.5,30.5,-2.21431467171544E-17));
#3472=CARTESIAN_POINT('Origin',(0.,30.5,-2.04281036531029E-15));
#3473=CARTESIAN_POINT('',(-16.5,21.3,2.02066721859313E-15));
#3474=CARTESIAN_POINT('',(-16.5,25.9,9.99262035937989E-16));
#3475=CARTESIAN_POINT('Origin',(0.,21.3,0.));
#3476=CARTESIAN_POINT('Origin',(0.,30.5,-2.04281036531029E-15));
#3477=CARTESIAN_POINT('Origin',(0.,15.9,-1.19904086659517E-15));
#3478=CARTESIAN_POINT('',(-18.5,21.3,-1.32485154767734E-16));
#3479=CARTESIAN_POINT('Origin',(0.,21.3,-2.39808173319034E-15));
#3480=CARTESIAN_POINT('',(-18.5,10.5,2.2655965784226E-15));
#3481=CARTESIAN_POINT('',(-18.5,15.9,1.06655571182743E-15));
#3482=CARTESIAN_POINT('Origin',(0.,10.5,0.));
#3483=CARTESIAN_POINT('Origin',(0.,21.3,-2.39808173319034E-15));
#3484=CARTESIAN_POINT('Origin',(0.,10.5,-2.33146835171283E-15));
#3485=UNCERTAINTY_MEASURE_WITH_UNIT(LENGTH_MEASURE(0.01),#3489,
'DISTANCE_ACCURACY_VALUE',
'Maximum model space distance between geometric entities at asserted c
onnectivities');
#3486=UNCERTAINTY_MEASURE_WITH_UNIT(LENGTH_MEASURE(0.01),#3489,
'DISTANCE_ACCURACY_VALUE',
'Maximum model space distance between geometric entities at asserted c
onnectivities');
#3487=(
GEOMETRIC_REPRESENTATION_CONTEXT(3)
GLOBAL_UNCERTAINTY_ASSIGNED_CONTEXT((#3485))
GLOBAL_UNIT_ASSIGNED_CONTEXT((#3489,#3491,#3492))
REPRESENTATION_CONTEXT('','3D')
);
#3488=(
GEOMETRIC_REPRESENTATION_CONTEXT(3)
GLOBAL_UNCERTAINTY_ASSIGNED_CONTEXT((#3486))
GLOBAL_UNIT_ASSIGNED_CONTEXT((#3489,#3491,#3492))
REPRESENTATION_CONTEXT('','3D')
);
#3489=(
LENGTH_UNIT()
NAMED_UNIT(*)
SI_UNIT(.MILLI.,.METRE.)
);
#3490=(
LENGTH_UNIT()
NAMED_UNIT(*)
SI_UNIT($,.METRE.)
);
#3491=(
NAMED_UNIT(*)
PLANE_ANGLE_UNIT()
SI_UNIT($,.RADIAN.)
);
#3492=(
NAMED_UNIT(*)
SI_UNIT($,.STERADIAN.)
SOLID_ANGLE_UNIT()
);
#3493=SHAPE_DEFINITION_REPRESENTATION(#3494,#3495);
#3494=PRODUCT_DEFINITION_SHAPE('',$,#3497);
#3495=SHAPE_REPRESENTATION('',(#875),#3487);
#3496=PRODUCT_DEFINITION_CONTEXT('part definition',#3501,'design');
#3497=PRODUCT_DEFINITION('2026-05-28-13-16-48-895','\X2\6025505C630994AE\X0\',
#3498,#3496);
#3498=PRODUCT_DEFINITION_FORMATION('',$,#3503);
#3499=PRODUCT_RELATED_PRODUCT_CATEGORY('\X2\6025505C630994AE\X0\',
'\X2\6025505C630994AE\X0\',(#3503));
#3500=APPLICATION_PROTOCOL_DEFINITION('international standard',
'automotive_design',2009,#3501);
#3501=APPLICATION_CONTEXT(
'Core Data for Automotive Mechanical Design Process');
#3502=PRODUCT_CONTEXT('part definition',#3501,'mechanical');
#3503=PRODUCT('2026-05-28-13-16-48-895','\X2\6025505C630994AE\X0\',$,(#3502));
#3504=PRESENTATION_STYLE_ASSIGNMENT((#3505));
#3505=SURFACE_STYLE_USAGE(.BOTH.,#3506);
#3506=SURFACE_SIDE_STYLE('',(#3507));
#3507=SURFACE_STYLE_FILL_AREA(#3508);
#3508=FILL_AREA_STYLE('\X2\94A2\X0\ - \X2\7F0E5149\X0\',(#3509));
#3509=FILL_AREA_STYLE_COLOUR('\X2\94A2\X0\ - \X2\7F0E5149\X0\',#3510);
#3510=COLOUR_RGB('\X2\94A2\X0\ - \X2\7F0E5149\X0\',0.627450980392157,0.627450980392157,
0.627450980392157);
ENDSEC;
END-ISO-10303-21;
