ISO-10303-21;
HEADER;
/* Generated by software containing ST-Developer
 * from STEP Tools, Inc. (www.steptools.com)
 */

FILE_DESCRIPTION(
/* description */ (''),
/* implementation_level */ '2;1');

FILE_NAME(
/* name */ 'power_tray_v0_1_fusion_final.step',
/* time_stamp */ '2026-05-26T09:40:22+08:00',
/* author */ (''),
/* organization */ (''),
/* preprocessor_version */ 'ST-DEVELOPER v20.1',
/* originating_system */ 'Autodesk Translation Framework v15.8.0.0',
/* authorisation */ '');

FILE_SCHEMA (('AUTOMOTIVE_DESIGN { 1 0 10303 214 3 1 1 }'));
ENDSEC;

DATA;
#10=MECHANICAL_DESIGN_GEOMETRIC_PRESENTATION_REPRESENTATION('',(#13),#2711);
#11=SHAPE_REPRESENTATION_RELATIONSHIP('SRR','None',#2718,#12);
#12=ADVANCED_BREP_SHAPE_REPRESENTATION('',(#14),#2710);
#13=STYLED_ITEM('',(#2727),#14);
#14=MANIFOLD_SOLID_BREP('power_tray_body',#1579);
#15=ELLIPSE('',#1683,1.4142135623731,1.);
#16=ELLIPSE('',#1684,1.4142135623731,1.);
#17=ELLIPSE('',#1686,1.4142135623731,1.);
#18=ELLIPSE('',#1688,1.4142135623731,1.);
#19=ELLIPSE('',#1694,1.4142135623731,1.);
#20=ELLIPSE('',#1695,1.41421356237309,1.);
#21=ELLIPSE('',#1697,1.41421356237309,1.);
#22=ELLIPSE('',#1699,1.4142135623731,1.);
#23=ELLIPSE('',#1701,1.41421356237309,1.);
#24=ELLIPSE('',#1703,1.4142135623731,1.);
#25=ELLIPSE('',#1705,1.41421356237309,1.);
#26=ELLIPSE('',#1707,1.4142135623731,1.);
#27=ELLIPSE('',#1715,1.4142135623731,1.);
#28=ELLIPSE('',#1716,1.4142135623731,1.);
#29=ELLIPSE('',#1718,1.4142135623731,1.);
#30=ELLIPSE('',#1720,1.4142135623731,1.);
#31=ELLIPSE('',#1726,1.41421356237309,1.);
#32=ELLIPSE('',#1727,1.4142135623731,1.);
#33=ELLIPSE('',#1729,1.4142135623731,1.);
#34=ELLIPSE('',#1731,1.41421356237309,1.);
#35=ELLIPSE('',#1733,1.4142135623731,1.);
#36=ELLIPSE('',#1735,1.41421356237309,1.);
#37=ELLIPSE('',#1737,1.4142135623731,1.);
#38=ELLIPSE('',#1739,1.41421356237309,1.);
#39=FACE_BOUND('',#198,.T.);
#40=FACE_BOUND('',#199,.T.);
#41=FACE_BOUND('',#200,.T.);
#42=FACE_BOUND('',#201,.T.);
#43=FACE_BOUND('',#202,.T.);
#44=FACE_BOUND('',#203,.T.);
#45=FACE_BOUND('',#204,.T.);
#46=FACE_BOUND('',#205,.T.);
#47=FACE_BOUND('',#289,.T.);
#48=FACE_BOUND('',#290,.T.);
#49=FACE_BOUND('',#291,.T.);
#50=FACE_BOUND('',#292,.T.);
#51=FACE_BOUND('',#293,.T.);
#52=FACE_BOUND('',#294,.T.);
#53=FACE_BOUND('',#295,.T.);
#54=FACE_BOUND('',#296,.T.);
#55=PLANE('',#1607);
#56=PLANE('',#1608);
#57=PLANE('',#1631);
#58=PLANE('',#1644);
#59=PLANE('',#1657);
#60=PLANE('',#1690);
#61=PLANE('',#1691);
#62=PLANE('',#1692);
#63=PLANE('',#1709);
#64=PLANE('',#1710);
#65=PLANE('',#1711);
#66=PLANE('',#1712);
#67=PLANE('',#1713);
#68=PLANE('',#1722);
#69=PLANE('',#1723);
#70=PLANE('',#1724);
#71=PLANE('',#1741);
#72=PLANE('',#1742);
#73=PLANE('',#1743);
#74=PLANE('',#1744);
#75=PLANE('',#1747);
#76=PLANE('',#1750);
#77=PLANE('',#1753);
#78=PLANE('',#1756);
#79=PLANE('',#1757);
#80=PLANE('',#1758);
#81=PLANE('',#1759);
#82=PLANE('',#1760);
#83=PLANE('',#1761);
#84=PLANE('',#1762);
#85=PLANE('',#1763);
#86=PLANE('',#1764);
#87=PLANE('',#1765);
#88=PLANE('',#1766);
#89=TOROIDAL_SURFACE('',#1596,2.6,0.6);
#90=TOROIDAL_SURFACE('',#1602,2.6,0.6);
#91=TOROIDAL_SURFACE('',#1622,2.6,0.6);
#92=TOROIDAL_SURFACE('',#1627,2.6,0.6);
#93=TOROIDAL_SURFACE('',#1635,2.6,0.6);
#94=TOROIDAL_SURFACE('',#1640,2.6,0.6);
#95=TOROIDAL_SURFACE('',#1648,2.6,0.6);
#96=TOROIDAL_SURFACE('',#1653,2.6,0.6);
#97=TOROIDAL_SURFACE('',#1658,2.2,0.6);
#98=TOROIDAL_SURFACE('',#1664,2.2,0.6);
#99=TOROIDAL_SURFACE('',#1670,2.2,0.6);
#100=TOROIDAL_SURFACE('',#1676,2.2,0.6);
#101=FACE_OUTER_BOUND('',#191,.T.);
#102=FACE_OUTER_BOUND('',#192,.T.);
#103=FACE_OUTER_BOUND('',#193,.T.);
#104=FACE_OUTER_BOUND('',#194,.T.);
#105=FACE_OUTER_BOUND('',#195,.T.);
#106=FACE_OUTER_BOUND('',#196,.T.);
#107=FACE_OUTER_BOUND('',#197,.T.);
#108=FACE_OUTER_BOUND('',#206,.T.);
#109=FACE_OUTER_BOUND('',#207,.T.);
#110=FACE_OUTER_BOUND('',#208,.T.);
#111=FACE_OUTER_BOUND('',#209,.T.);
#112=FACE_OUTER_BOUND('',#210,.T.);
#113=FACE_OUTER_BOUND('',#211,.T.);
#114=FACE_OUTER_BOUND('',#212,.T.);
#115=FACE_OUTER_BOUND('',#213,.T.);
#116=FACE_OUTER_BOUND('',#214,.T.);
#117=FACE_OUTER_BOUND('',#215,.T.);
#118=FACE_OUTER_BOUND('',#216,.T.);
#119=FACE_OUTER_BOUND('',#217,.T.);
#120=FACE_OUTER_BOUND('',#218,.T.);
#121=FACE_OUTER_BOUND('',#219,.T.);
#122=FACE_OUTER_BOUND('',#220,.T.);
#123=FACE_OUTER_BOUND('',#221,.T.);
#124=FACE_OUTER_BOUND('',#222,.T.);
#125=FACE_OUTER_BOUND('',#223,.T.);
#126=FACE_OUTER_BOUND('',#224,.T.);
#127=FACE_OUTER_BOUND('',#225,.T.);
#128=FACE_OUTER_BOUND('',#226,.T.);
#129=FACE_OUTER_BOUND('',#227,.T.);
#130=FACE_OUTER_BOUND('',#228,.T.);
#131=FACE_OUTER_BOUND('',#229,.T.);
#132=FACE_OUTER_BOUND('',#230,.T.);
#133=FACE_OUTER_BOUND('',#231,.T.);
#134=FACE_OUTER_BOUND('',#232,.T.);
#135=FACE_OUTER_BOUND('',#233,.T.);
#136=FACE_OUTER_BOUND('',#234,.T.);
#137=FACE_OUTER_BOUND('',#235,.T.);
#138=FACE_OUTER_BOUND('',#236,.T.);
#139=FACE_OUTER_BOUND('',#237,.T.);
#140=FACE_OUTER_BOUND('',#238,.T.);
#141=FACE_OUTER_BOUND('',#239,.T.);
#142=FACE_OUTER_BOUND('',#240,.T.);
#143=FACE_OUTER_BOUND('',#241,.T.);
#144=FACE_OUTER_BOUND('',#242,.T.);
#145=FACE_OUTER_BOUND('',#243,.T.);
#146=FACE_OUTER_BOUND('',#244,.T.);
#147=FACE_OUTER_BOUND('',#245,.T.);
#148=FACE_OUTER_BOUND('',#246,.T.);
#149=FACE_OUTER_BOUND('',#247,.T.);
#150=FACE_OUTER_BOUND('',#248,.T.);
#151=FACE_OUTER_BOUND('',#249,.T.);
#152=FACE_OUTER_BOUND('',#250,.T.);
#153=FACE_OUTER_BOUND('',#251,.T.);
#154=FACE_OUTER_BOUND('',#252,.T.);
#155=FACE_OUTER_BOUND('',#253,.T.);
#156=FACE_OUTER_BOUND('',#254,.T.);
#157=FACE_OUTER_BOUND('',#255,.T.);
#158=FACE_OUTER_BOUND('',#256,.T.);
#159=FACE_OUTER_BOUND('',#257,.T.);
#160=FACE_OUTER_BOUND('',#258,.T.);
#161=FACE_OUTER_BOUND('',#259,.T.);
#162=FACE_OUTER_BOUND('',#260,.T.);
#163=FACE_OUTER_BOUND('',#261,.T.);
#164=FACE_OUTER_BOUND('',#262,.T.);
#165=FACE_OUTER_BOUND('',#263,.T.);
#166=FACE_OUTER_BOUND('',#264,.T.);
#167=FACE_OUTER_BOUND('',#265,.T.);
#168=FACE_OUTER_BOUND('',#266,.T.);
#169=FACE_OUTER_BOUND('',#267,.T.);
#170=FACE_OUTER_BOUND('',#268,.T.);
#171=FACE_OUTER_BOUND('',#269,.T.);
#172=FACE_OUTER_BOUND('',#270,.T.);
#173=FACE_OUTER_BOUND('',#271,.T.);
#174=FACE_OUTER_BOUND('',#272,.T.);
#175=FACE_OUTER_BOUND('',#273,.T.);
#176=FACE_OUTER_BOUND('',#274,.T.);
#177=FACE_OUTER_BOUND('',#275,.T.);
#178=FACE_OUTER_BOUND('',#276,.T.);
#179=FACE_OUTER_BOUND('',#277,.T.);
#180=FACE_OUTER_BOUND('',#278,.T.);
#181=FACE_OUTER_BOUND('',#279,.T.);
#182=FACE_OUTER_BOUND('',#280,.T.);
#183=FACE_OUTER_BOUND('',#281,.T.);
#184=FACE_OUTER_BOUND('',#282,.T.);
#185=FACE_OUTER_BOUND('',#283,.T.);
#186=FACE_OUTER_BOUND('',#284,.T.);
#187=FACE_OUTER_BOUND('',#285,.T.);
#188=FACE_OUTER_BOUND('',#286,.T.);
#189=FACE_OUTER_BOUND('',#287,.T.);
#190=FACE_OUTER_BOUND('',#288,.T.);
#191=EDGE_LOOP('',(#997,#998,#999,#1000));
#192=EDGE_LOOP('',(#1001,#1002,#1003,#1004));
#193=EDGE_LOOP('',(#1005,#1006,#1007,#1008));
#194=EDGE_LOOP('',(#1009,#1010,#1011,#1012));
#195=EDGE_LOOP('',(#1013,#1014,#1015,#1016));
#196=EDGE_LOOP('',(#1017,#1018,#1019,#1020));
#197=EDGE_LOOP('',(#1021,#1022,#1023,#1024,#1025,#1026,#1027,#1028,#1029,
#1030,#1031,#1032,#1033,#1034,#1035,#1036,#1037,#1038,#1039,#1040));
#198=EDGE_LOOP('',(#1041,#1042,#1043,#1044));
#199=EDGE_LOOP('',(#1045,#1046,#1047,#1048));
#200=EDGE_LOOP('',(#1049));
#201=EDGE_LOOP('',(#1050));
#202=EDGE_LOOP('',(#1051));
#203=EDGE_LOOP('',(#1052));
#204=EDGE_LOOP('',(#1053,#1054,#1055,#1056));
#205=EDGE_LOOP('',(#1057,#1058,#1059,#1060));
#206=EDGE_LOOP('',(#1061,#1062,#1063,#1064));
#207=EDGE_LOOP('',(#1065,#1066,#1067,#1068));
#208=EDGE_LOOP('',(#1069,#1070,#1071,#1072));
#209=EDGE_LOOP('',(#1073,#1074,#1075,#1076));
#210=EDGE_LOOP('',(#1077,#1078,#1079,#1080));
#211=EDGE_LOOP('',(#1081,#1082,#1083,#1084));
#212=EDGE_LOOP('',(#1085,#1086,#1087,#1088));
#213=EDGE_LOOP('',(#1089,#1090,#1091,#1092));
#214=EDGE_LOOP('',(#1093,#1094,#1095,#1096));
#215=EDGE_LOOP('',(#1097,#1098,#1099,#1100));
#216=EDGE_LOOP('',(#1101,#1102,#1103,#1104));
#217=EDGE_LOOP('',(#1105,#1106,#1107,#1108));
#218=EDGE_LOOP('',(#1109,#1110,#1111,#1112));
#219=EDGE_LOOP('',(#1113,#1114,#1115,#1116));
#220=EDGE_LOOP('',(#1117,#1118,#1119,#1120));
#221=EDGE_LOOP('',(#1121,#1122,#1123,#1124));
#222=EDGE_LOOP('',(#1125,#1126,#1127,#1128));
#223=EDGE_LOOP('',(#1129,#1130,#1131,#1132));
#224=EDGE_LOOP('',(#1133,#1134,#1135,#1136,#1137));
#225=EDGE_LOOP('',(#1138,#1139,#1140,#1141,#1142));
#226=EDGE_LOOP('',(#1143,#1144,#1145,#1146,#1147));
#227=EDGE_LOOP('',(#1148,#1149,#1150,#1151,#1152));
#228=EDGE_LOOP('',(#1153,#1154,#1155,#1156,#1157));
#229=EDGE_LOOP('',(#1158,#1159,#1160,#1161,#1162));
#230=EDGE_LOOP('',(#1163,#1164,#1165,#1166,#1167));
#231=EDGE_LOOP('',(#1168,#1169,#1170,#1171,#1172));
#232=EDGE_LOOP('',(#1173,#1174,#1175,#1176));
#233=EDGE_LOOP('',(#1177,#1178,#1179,#1180));
#234=EDGE_LOOP('',(#1181,#1182,#1183,#1184));
#235=EDGE_LOOP('',(#1185,#1186,#1187,#1188));
#236=EDGE_LOOP('',(#1189,#1190,#1191,#1192));
#237=EDGE_LOOP('',(#1193,#1194,#1195,#1196,#1197,#1198,#1199,#1200,#1201,
#1202,#1203,#1204));
#238=EDGE_LOOP('',(#1205,#1206,#1207,#1208));
#239=EDGE_LOOP('',(#1209,#1210,#1211,#1212));
#240=EDGE_LOOP('',(#1213,#1214,#1215,#1216));
#241=EDGE_LOOP('',(#1217,#1218,#1219,#1220));
#242=EDGE_LOOP('',(#1221,#1222,#1223,#1224));
#243=EDGE_LOOP('',(#1225,#1226,#1227,#1228));
#244=EDGE_LOOP('',(#1229,#1230,#1231,#1232));
#245=EDGE_LOOP('',(#1233,#1234,#1235,#1236));
#246=EDGE_LOOP('',(#1237,#1238,#1239,#1240));
#247=EDGE_LOOP('',(#1241,#1242,#1243,#1244));
#248=EDGE_LOOP('',(#1245,#1246,#1247,#1248));
#249=EDGE_LOOP('',(#1249,#1250,#1251,#1252));
#250=EDGE_LOOP('',(#1253,#1254,#1255,#1256));
#251=EDGE_LOOP('',(#1257,#1258,#1259,#1260,#1261,#1262,#1263,#1264));
#252=EDGE_LOOP('',(#1265,#1266,#1267,#1268));
#253=EDGE_LOOP('',(#1269,#1270,#1271,#1272));
#254=EDGE_LOOP('',(#1273,#1274,#1275,#1276));
#255=EDGE_LOOP('',(#1277,#1278,#1279,#1280));
#256=EDGE_LOOP('',(#1281,#1282,#1283,#1284));
#257=EDGE_LOOP('',(#1285,#1286,#1287,#1288));
#258=EDGE_LOOP('',(#1289,#1290,#1291,#1292));
#259=EDGE_LOOP('',(#1293,#1294,#1295,#1296));
#260=EDGE_LOOP('',(#1297,#1298,#1299,#1300));
#261=EDGE_LOOP('',(#1301,#1302,#1303,#1304));
#262=EDGE_LOOP('',(#1305,#1306,#1307,#1308));
#263=EDGE_LOOP('',(#1309,#1310,#1311,#1312));
#264=EDGE_LOOP('',(#1313,#1314,#1315,#1316));
#265=EDGE_LOOP('',(#1317,#1318,#1319,#1320));
#266=EDGE_LOOP('',(#1321,#1322,#1323,#1324));
#267=EDGE_LOOP('',(#1325,#1326,#1327,#1328));
#268=EDGE_LOOP('',(#1329,#1330,#1331,#1332,#1333,#1334,#1335,#1336,#1337,
#1338,#1339,#1340));
#269=EDGE_LOOP('',(#1341,#1342,#1343,#1344));
#270=EDGE_LOOP('',(#1345,#1346,#1347,#1348,#1349,#1350,#1351,#1352));
#271=EDGE_LOOP('',(#1353,#1354,#1355,#1356));
#272=EDGE_LOOP('',(#1357,#1358,#1359,#1360));
#273=EDGE_LOOP('',(#1361,#1362,#1363,#1364));
#274=EDGE_LOOP('',(#1365,#1366,#1367,#1368));
#275=EDGE_LOOP('',(#1369,#1370,#1371,#1372));
#276=EDGE_LOOP('',(#1373,#1374,#1375,#1376));
#277=EDGE_LOOP('',(#1377,#1378,#1379,#1380));
#278=EDGE_LOOP('',(#1381,#1382,#1383,#1384));
#279=EDGE_LOOP('',(#1385,#1386,#1387,#1388));
#280=EDGE_LOOP('',(#1389,#1390,#1391,#1392));
#281=EDGE_LOOP('',(#1393,#1394,#1395,#1396));
#282=EDGE_LOOP('',(#1397,#1398,#1399,#1400));
#283=EDGE_LOOP('',(#1401,#1402,#1403,#1404));
#284=EDGE_LOOP('',(#1405,#1406,#1407,#1408));
#285=EDGE_LOOP('',(#1409,#1410,#1411,#1412));
#286=EDGE_LOOP('',(#1413,#1414,#1415,#1416));
#287=EDGE_LOOP('',(#1417,#1418,#1419,#1420));
#288=EDGE_LOOP('',(#1421,#1422,#1423,#1424));
#289=EDGE_LOOP('',(#1425,#1426,#1427,#1428));
#290=EDGE_LOOP('',(#1429,#1430,#1431,#1432));
#291=EDGE_LOOP('',(#1433,#1434,#1435,#1436));
#292=EDGE_LOOP('',(#1437,#1438,#1439,#1440));
#293=EDGE_LOOP('',(#1441));
#294=EDGE_LOOP('',(#1442));
#295=EDGE_LOOP('',(#1443));
#296=EDGE_LOOP('',(#1444));
#297=LINE('',#2263,#437);
#298=LINE('',#2266,#438);
#299=LINE('',#2277,#439);
#300=LINE('',#2278,#440);
#301=LINE('',#2284,#441);
#302=LINE('',#2287,#442);
#303=LINE('',#2290,#443);
#304=LINE('',#2291,#444);
#305=LINE('',#2295,#445);
#306=LINE('',#2297,#446);
#307=LINE('',#2299,#447);
#308=LINE('',#2301,#448);
#309=LINE('',#2303,#449);
#310=LINE('',#2305,#450);
#311=LINE('',#2307,#451);
#312=LINE('',#2309,#452);
#313=LINE('',#2311,#453);
#314=LINE('',#2313,#454);
#315=LINE('',#2315,#455);
#316=LINE('',#2317,#456);
#317=LINE('',#2319,#457);
#318=LINE('',#2321,#458);
#319=LINE('',#2323,#459);
#320=LINE('',#2325,#460);
#321=LINE('',#2327,#461);
#322=LINE('',#2329,#462);
#323=LINE('',#2331,#463);
#324=LINE('',#2332,#464);
#325=LINE('',#2335,#465);
#326=LINE('',#2339,#466);
#327=LINE('',#2343,#467);
#328=LINE('',#2347,#468);
#329=LINE('',#2359,#469);
#330=LINE('',#2363,#470);
#331=LINE('',#2369,#471);
#332=LINE('',#2378,#472);
#333=LINE('',#2383,#473);
#334=LINE('',#2386,#474);
#335=LINE('',#2389,#475);
#336=LINE('',#2390,#476);
#337=LINE('',#2395,#477);
#338=LINE('',#2404,#478);
#339=LINE('',#2409,#479);
#340=LINE('',#2412,#480);
#341=LINE('',#2415,#481);
#342=LINE('',#2416,#482);
#343=LINE('',#2421,#483);
#344=LINE('',#2430,#484);
#345=LINE('',#2435,#485);
#346=LINE('',#2438,#486);
#347=LINE('',#2441,#487);
#348=LINE('',#2442,#488);
#349=LINE('',#2451,#489);
#350=LINE('',#2461,#490);
#351=LINE('',#2471,#491);
#352=LINE('',#2481,#492);
#353=LINE('',#2486,#493);
#354=LINE('',#2490,#494);
#355=LINE('',#2494,#495);
#356=LINE('',#2497,#496);
#357=LINE('',#2500,#497);
#358=LINE('',#2503,#498);
#359=LINE('',#2505,#499);
#360=LINE('',#2506,#500);
#361=LINE('',#2508,#501);
#362=LINE('',#2509,#502);
#363=LINE('',#2511,#503);
#364=LINE('',#2513,#504);
#365=LINE('',#2515,#505);
#366=LINE('',#2517,#506);
#367=LINE('',#2519,#507);
#368=LINE('',#2521,#508);
#369=LINE('',#2523,#509);
#370=LINE('',#2524,#510);
#371=LINE('',#2529,#511);
#372=LINE('',#2532,#512);
#373=LINE('',#2536,#513);
#374=LINE('',#2540,#514);
#375=LINE('',#2543,#515);
#376=LINE('',#2546,#516);
#377=LINE('',#2549,#517);
#378=LINE('',#2552,#518);
#379=LINE('',#2555,#519);
#380=LINE('',#2558,#520);
#381=LINE('',#2560,#521);
#382=LINE('',#2564,#522);
#383=LINE('',#2566,#523);
#384=LINE('',#2569,#524);
#385=LINE('',#2570,#525);
#386=LINE('',#2572,#526);
#387=LINE('',#2573,#527);
#388=LINE('',#2575,#528);
#389=LINE('',#2577,#529);
#390=LINE('',#2583,#530);
#391=LINE('',#2587,#531);
#392=LINE('',#2591,#532);
#393=LINE('',#2594,#533);
#394=LINE('',#2597,#534);
#395=LINE('',#2600,#535);
#396=LINE('',#2602,#536);
#397=LINE('',#2603,#537);
#398=LINE('',#2605,#538);
#399=LINE('',#2606,#539);
#400=LINE('',#2608,#540);
#401=LINE('',#2613,#541);
#402=LINE('',#2618,#542);
#403=LINE('',#2621,#543);
#404=LINE('',#2624,#544);
#405=LINE('',#2627,#545);
#406=LINE('',#2630,#546);
#407=LINE('',#2633,#547);
#408=LINE('',#2636,#548);
#409=LINE('',#2639,#549);
#410=LINE('',#2642,#550);
#411=LINE('',#2644,#551);
#412=LINE('',#2648,#552);
#413=LINE('',#2650,#553);
#414=LINE('',#2653,#554);
#415=LINE('',#2654,#555);
#416=LINE('',#2656,#556);
#417=LINE('',#2657,#557);
#418=LINE('',#2659,#558);
#419=LINE('',#2660,#559);
#420=LINE('',#2662,#560);
#421=LINE('',#2664,#561);
#422=LINE('',#2665,#562);
#423=LINE('',#2667,#563);
#424=LINE('',#2671,#564);
#425=LINE('',#2674,#565);
#426=LINE('',#2677,#566);
#427=LINE('',#2680,#567);
#428=LINE('',#2683,#568);
#429=LINE('',#2686,#569);
#430=LINE('',#2689,#570);
#431=LINE('',#2692,#571);
#432=LINE('',#2694,#572);
#433=LINE('',#2696,#573);
#434=LINE('',#2700,#574);
#435=LINE('',#2703,#575);
#436=LINE('',#2706,#576);
#437=VECTOR('',#1773,10.);
#438=VECTOR('',#1776,10.);
#439=VECTOR('',#1789,10.);
#440=VECTOR('',#1790,10.);
#441=VECTOR('',#1799,10.);
#442=VECTOR('',#1802,10.);
#443=VECTOR('',#1805,10.);
#444=VECTOR('',#1806,10.);
#445=VECTOR('',#1809,10.);
#446=VECTOR('',#1810,10.);
#447=VECTOR('',#1811,10.);
#448=VECTOR('',#1812,10.);
#449=VECTOR('',#1813,10.);
#450=VECTOR('',#1814,10.);
#451=VECTOR('',#1815,10.);
#452=VECTOR('',#1816,10.);
#453=VECTOR('',#1817,10.);
#454=VECTOR('',#1818,10.);
#455=VECTOR('',#1819,10.);
#456=VECTOR('',#1820,10.);
#457=VECTOR('',#1821,10.);
#458=VECTOR('',#1822,10.);
#459=VECTOR('',#1823,10.);
#460=VECTOR('',#1824,10.);
#461=VECTOR('',#1825,10.);
#462=VECTOR('',#1826,10.);
#463=VECTOR('',#1827,10.);
#464=VECTOR('',#1828,10.);
#465=VECTOR('',#1829,10.);
#466=VECTOR('',#1832,10.);
#467=VECTOR('',#1835,10.);
#468=VECTOR('',#1838,10.);
#469=VECTOR('',#1849,10.);
#470=VECTOR('',#1852,10.);
#471=VECTOR('',#1859,10.);
#472=VECTOR('',#1872,10.);
#473=VECTOR('',#1879,10.);
#474=VECTOR('',#1882,10.);
#475=VECTOR('',#1885,10.);
#476=VECTOR('',#1886,10.);
#477=VECTOR('',#1891,10.);
#478=VECTOR('',#1904,10.);
#479=VECTOR('',#1911,10.);
#480=VECTOR('',#1914,10.);
#481=VECTOR('',#1917,10.);
#482=VECTOR('',#1918,10.);
#483=VECTOR('',#1923,10.);
#484=VECTOR('',#1936,10.);
#485=VECTOR('',#1943,10.);
#486=VECTOR('',#1946,10.);
#487=VECTOR('',#1949,10.);
#488=VECTOR('',#1950,10.);
#489=VECTOR('',#1961,1.6);
#490=VECTOR('',#1974,1.6);
#491=VECTOR('',#1987,1.6);
#492=VECTOR('',#2000,1.6);
#493=VECTOR('',#2005,10.);
#494=VECTOR('',#2008,10.);
#495=VECTOR('',#2013,10.);
#496=VECTOR('',#2016,10.);
#497=VECTOR('',#2019,10.);
#498=VECTOR('',#2022,10.);
#499=VECTOR('',#2025,10.);
#500=VECTOR('',#2026,10.);
#501=VECTOR('',#2029,10.);
#502=VECTOR('',#2030,10.);
#503=VECTOR('',#2033,10.);
#504=VECTOR('',#2034,10.);
#505=VECTOR('',#2035,10.);
#506=VECTOR('',#2036,10.);
#507=VECTOR('',#2037,10.);
#508=VECTOR('',#2038,10.);
#509=VECTOR('',#2039,10.);
#510=VECTOR('',#2040,10.);
#511=VECTOR('',#2045,10.);
#512=VECTOR('',#2048,10.);
#513=VECTOR('',#2053,10.);
#514=VECTOR('',#2058,10.);
#515=VECTOR('',#2061,10.);
#516=VECTOR('',#2064,10.);
#517=VECTOR('',#2067,10.);
#518=VECTOR('',#2070,10.);
#519=VECTOR('',#2073,10.);
#520=VECTOR('',#2076,10.);
#521=VECTOR('',#2077,10.);
#522=VECTOR('',#2082,10.);
#523=VECTOR('',#2083,10.);
#524=VECTOR('',#2088,10.);
#525=VECTOR('',#2089,10.);
#526=VECTOR('',#2092,10.);
#527=VECTOR('',#2093,10.);
#528=VECTOR('',#2096,10.);
#529=VECTOR('',#2099,10.);
#530=VECTOR('',#2106,10.);
#531=VECTOR('',#2109,10.);
#532=VECTOR('',#2114,10.);
#533=VECTOR('',#2117,10.);
#534=VECTOR('',#2120,10.);
#535=VECTOR('',#2123,10.);
#536=VECTOR('',#2126,10.);
#537=VECTOR('',#2127,10.);
#538=VECTOR('',#2130,10.);
#539=VECTOR('',#2131,10.);
#540=VECTOR('',#2134,10.);
#541=VECTOR('',#2139,10.);
#542=VECTOR('',#2146,10.);
#543=VECTOR('',#2149,10.);
#544=VECTOR('',#2152,10.);
#545=VECTOR('',#2155,10.);
#546=VECTOR('',#2158,10.);
#547=VECTOR('',#2161,10.);
#548=VECTOR('',#2164,10.);
#549=VECTOR('',#2167,10.);
#550=VECTOR('',#2170,10.);
#551=VECTOR('',#2171,10.);
#552=VECTOR('',#2176,10.);
#553=VECTOR('',#2177,10.);
#554=VECTOR('',#2182,10.);
#555=VECTOR('',#2183,10.);
#556=VECTOR('',#2186,10.);
#557=VECTOR('',#2187,10.);
#558=VECTOR('',#2190,10.);
#559=VECTOR('',#2191,10.);
#560=VECTOR('',#2192,10.);
#561=VECTOR('',#2193,10.);
#562=VECTOR('',#2194,10.);
#563=VECTOR('',#2197,10.);
#564=VECTOR('',#2202,10.);
#565=VECTOR('',#2207,10.);
#566=VECTOR('',#2210,10.);
#567=VECTOR('',#2215,10.);
#568=VECTOR('',#2218,10.);
#569=VECTOR('',#2223,10.);
#570=VECTOR('',#2226,10.);
#571=VECTOR('',#2231,10.);
#572=VECTOR('',#2234,10.);
#573=VECTOR('',#2237,10.);
#574=VECTOR('',#2244,10.);
#575=VECTOR('',#2249,10.);
#576=VECTOR('',#2254,10.);
#577=CIRCLE('',#1594,0.6);
#578=CIRCLE('',#1595,0.600000000000001);
#579=CIRCLE('',#1597,0.600000000000001);
#580=CIRCLE('',#1598,2.6);
#581=CIRCLE('',#1599,2.);
#582=CIRCLE('',#1601,0.600000000000001);
#583=CIRCLE('',#1603,2.6);
#584=CIRCLE('',#1604,2.);
#585=CIRCLE('',#1606,2.);
#586=CIRCLE('',#1609,2.6);
#587=CIRCLE('',#1610,2.6);
#588=CIRCLE('',#1611,2.6);
#589=CIRCLE('',#1612,2.6);
#590=CIRCLE('',#1613,2.2);
#591=CIRCLE('',#1614,2.2);
#592=CIRCLE('',#1615,2.2);
#593=CIRCLE('',#1616,2.2);
#594=CIRCLE('',#1617,2.6);
#595=CIRCLE('',#1618,2.6);
#596=CIRCLE('',#1620,0.6);
#597=CIRCLE('',#1621,0.600000000000001);
#598=CIRCLE('',#1623,0.600000000000001);
#599=CIRCLE('',#1624,2.);
#600=CIRCLE('',#1626,0.600000000000001);
#601=CIRCLE('',#1628,2.);
#602=CIRCLE('',#1630,2.);
#603=CIRCLE('',#1633,0.6);
#604=CIRCLE('',#1634,0.600000000000001);
#605=CIRCLE('',#1636,0.600000000000001);
#606=CIRCLE('',#1637,2.);
#607=CIRCLE('',#1639,0.600000000000001);
#608=CIRCLE('',#1641,2.);
#609=CIRCLE('',#1643,2.);
#610=CIRCLE('',#1646,0.6);
#611=CIRCLE('',#1647,0.600000000000001);
#612=CIRCLE('',#1649,0.600000000000001);
#613=CIRCLE('',#1650,2.);
#614=CIRCLE('',#1652,0.600000000000001);
#615=CIRCLE('',#1654,2.);
#616=CIRCLE('',#1656,2.);
#617=CIRCLE('',#1659,0.6);
#618=CIRCLE('',#1660,1.6);
#619=CIRCLE('',#1661,1.6);
#620=CIRCLE('',#1663,1.6);
#621=CIRCLE('',#1665,0.6);
#622=CIRCLE('',#1666,1.6);
#623=CIRCLE('',#1667,1.6);
#624=CIRCLE('',#1669,1.6);
#625=CIRCLE('',#1671,0.6);
#626=CIRCLE('',#1672,1.6);
#627=CIRCLE('',#1673,1.6);
#628=CIRCLE('',#1675,1.6);
#629=CIRCLE('',#1677,0.6);
#630=CIRCLE('',#1678,1.6);
#631=CIRCLE('',#1679,1.6);
#632=CIRCLE('',#1681,1.6);
#633=CIRCLE('',#1746,2.);
#634=CIRCLE('',#1749,2.);
#635=CIRCLE('',#1752,2.);
#636=CIRCLE('',#1755,2.);
#637=VERTEX_POINT('',#2259);
#638=VERTEX_POINT('',#2260);
#639=VERTEX_POINT('',#2262);
#640=VERTEX_POINT('',#2264);
#641=VERTEX_POINT('',#2268);
#642=VERTEX_POINT('',#2269);
#643=VERTEX_POINT('',#2274);
#644=VERTEX_POINT('',#2275);
#645=VERTEX_POINT('',#2283);
#646=VERTEX_POINT('',#2285);
#647=VERTEX_POINT('',#2289);
#648=VERTEX_POINT('',#2293);
#649=VERTEX_POINT('',#2294);
#650=VERTEX_POINT('',#2296);
#651=VERTEX_POINT('',#2298);
#652=VERTEX_POINT('',#2300);
#653=VERTEX_POINT('',#2302);
#654=VERTEX_POINT('',#2304);
#655=VERTEX_POINT('',#2306);
#656=VERTEX_POINT('',#2308);
#657=VERTEX_POINT('',#2310);
#658=VERTEX_POINT('',#2312);
#659=VERTEX_POINT('',#2314);
#660=VERTEX_POINT('',#2316);
#661=VERTEX_POINT('',#2318);
#662=VERTEX_POINT('',#2320);
#663=VERTEX_POINT('',#2322);
#664=VERTEX_POINT('',#2324);
#665=VERTEX_POINT('',#2326);
#666=VERTEX_POINT('',#2328);
#667=VERTEX_POINT('',#2330);
#668=VERTEX_POINT('',#2333);
#669=VERTEX_POINT('',#2334);
#670=VERTEX_POINT('',#2336);
#671=VERTEX_POINT('',#2338);
#672=VERTEX_POINT('',#2341);
#673=VERTEX_POINT('',#2342);
#674=VERTEX_POINT('',#2344);
#675=VERTEX_POINT('',#2346);
#676=VERTEX_POINT('',#2349);
#677=VERTEX_POINT('',#2351);
#678=VERTEX_POINT('',#2353);
#679=VERTEX_POINT('',#2355);
#680=VERTEX_POINT('',#2357);
#681=VERTEX_POINT('',#2358);
#682=VERTEX_POINT('',#2360);
#683=VERTEX_POINT('',#2362);
#684=VERTEX_POINT('',#2366);
#685=VERTEX_POINT('',#2368);
#686=VERTEX_POINT('',#2372);
#687=VERTEX_POINT('',#2376);
#688=VERTEX_POINT('',#2382);
#689=VERTEX_POINT('',#2384);
#690=VERTEX_POINT('',#2388);
#691=VERTEX_POINT('',#2392);
#692=VERTEX_POINT('',#2394);
#693=VERTEX_POINT('',#2398);
#694=VERTEX_POINT('',#2402);
#695=VERTEX_POINT('',#2408);
#696=VERTEX_POINT('',#2410);
#697=VERTEX_POINT('',#2414);
#698=VERTEX_POINT('',#2418);
#699=VERTEX_POINT('',#2420);
#700=VERTEX_POINT('',#2424);
#701=VERTEX_POINT('',#2428);
#702=VERTEX_POINT('',#2434);
#703=VERTEX_POINT('',#2436);
#704=VERTEX_POINT('',#2440);
#705=VERTEX_POINT('',#2444);
#706=VERTEX_POINT('',#2446);
#707=VERTEX_POINT('',#2450);
#708=VERTEX_POINT('',#2454);
#709=VERTEX_POINT('',#2456);
#710=VERTEX_POINT('',#2460);
#711=VERTEX_POINT('',#2464);
#712=VERTEX_POINT('',#2466);
#713=VERTEX_POINT('',#2470);
#714=VERTEX_POINT('',#2474);
#715=VERTEX_POINT('',#2476);
#716=VERTEX_POINT('',#2480);
#717=VERTEX_POINT('',#2484);
#718=VERTEX_POINT('',#2485);
#719=VERTEX_POINT('',#2487);
#720=VERTEX_POINT('',#2489);
#721=VERTEX_POINT('',#2493);
#722=VERTEX_POINT('',#2495);
#723=VERTEX_POINT('',#2499);
#724=VERTEX_POINT('',#2501);
#725=VERTEX_POINT('',#2512);
#726=VERTEX_POINT('',#2514);
#727=VERTEX_POINT('',#2516);
#728=VERTEX_POINT('',#2518);
#729=VERTEX_POINT('',#2520);
#730=VERTEX_POINT('',#2522);
#731=VERTEX_POINT('',#2527);
#732=VERTEX_POINT('',#2528);
#733=VERTEX_POINT('',#2531);
#734=VERTEX_POINT('',#2535);
#735=VERTEX_POINT('',#2539);
#736=VERTEX_POINT('',#2541);
#737=VERTEX_POINT('',#2545);
#738=VERTEX_POINT('',#2547);
#739=VERTEX_POINT('',#2551);
#740=VERTEX_POINT('',#2553);
#741=VERTEX_POINT('',#2557);
#742=VERTEX_POINT('',#2559);
#743=VERTEX_POINT('',#2563);
#744=VERTEX_POINT('',#2565);
#745=VERTEX_POINT('',#2581);
#746=VERTEX_POINT('',#2582);
#747=VERTEX_POINT('',#2584);
#748=VERTEX_POINT('',#2586);
#749=VERTEX_POINT('',#2590);
#750=VERTEX_POINT('',#2592);
#751=VERTEX_POINT('',#2596);
#752=VERTEX_POINT('',#2598);
#753=VERTEX_POINT('',#2611);
#754=VERTEX_POINT('',#2612);
#755=VERTEX_POINT('',#2617);
#756=VERTEX_POINT('',#2619);
#757=VERTEX_POINT('',#2623);
#758=VERTEX_POINT('',#2625);
#759=VERTEX_POINT('',#2629);
#760=VERTEX_POINT('',#2631);
#761=VERTEX_POINT('',#2635);
#762=VERTEX_POINT('',#2637);
#763=VERTEX_POINT('',#2641);
#764=VERTEX_POINT('',#2643);
#765=VERTEX_POINT('',#2647);
#766=VERTEX_POINT('',#2649);
#767=VERTEX_POINT('',#2661);
#768=VERTEX_POINT('',#2663);
#769=VERTEX_POINT('',#2670);
#770=VERTEX_POINT('',#2676);
#771=VERTEX_POINT('',#2682);
#772=VERTEX_POINT('',#2688);
#773=EDGE_CURVE('',#637,#638,#577,.T.);
#774=EDGE_CURVE('',#638,#639,#297,.T.);
#775=EDGE_CURVE('',#639,#640,#578,.T.);
#776=EDGE_CURVE('',#640,#637,#298,.T.);
#777=EDGE_CURVE('',#641,#642,#579,.T.);
#778=EDGE_CURVE('',#642,#640,#580,.T.);
#779=EDGE_CURVE('',#639,#641,#581,.T.);
#780=EDGE_CURVE('',#643,#644,#582,.T.);
#781=EDGE_CURVE('',#644,#642,#299,.T.);
#782=EDGE_CURVE('',#641,#643,#300,.T.);
#783=EDGE_CURVE('',#637,#644,#583,.T.);
#784=EDGE_CURVE('',#643,#638,#584,.T.);
#785=EDGE_CURVE('',#639,#645,#301,.T.);
#786=EDGE_CURVE('',#646,#645,#585,.T.);
#787=EDGE_CURVE('',#641,#646,#302,.T.);
#788=EDGE_CURVE('',#638,#647,#303,.T.);
#789=EDGE_CURVE('',#645,#647,#304,.T.);
#790=EDGE_CURVE('',#648,#649,#305,.T.);
#791=EDGE_CURVE('',#649,#650,#306,.T.);
#792=EDGE_CURVE('',#650,#651,#307,.T.);
#793=EDGE_CURVE('',#651,#652,#308,.T.);
#794=EDGE_CURVE('',#652,#653,#309,.T.);
#795=EDGE_CURVE('',#653,#654,#310,.T.);
#796=EDGE_CURVE('',#654,#655,#311,.T.);
#797=EDGE_CURVE('',#655,#656,#312,.T.);
#798=EDGE_CURVE('',#656,#657,#313,.T.);
#799=EDGE_CURVE('',#657,#658,#314,.T.);
#800=EDGE_CURVE('',#658,#659,#315,.T.);
#801=EDGE_CURVE('',#659,#660,#316,.T.);
#802=EDGE_CURVE('',#660,#661,#317,.T.);
#803=EDGE_CURVE('',#661,#662,#318,.T.);
#804=EDGE_CURVE('',#662,#663,#319,.T.);
#805=EDGE_CURVE('',#663,#664,#320,.T.);
#806=EDGE_CURVE('',#664,#665,#321,.T.);
#807=EDGE_CURVE('',#665,#666,#322,.T.);
#808=EDGE_CURVE('',#666,#667,#323,.T.);
#809=EDGE_CURVE('',#667,#648,#324,.T.);
#810=EDGE_CURVE('',#668,#669,#325,.T.);
#811=EDGE_CURVE('',#670,#668,#586,.T.);
#812=EDGE_CURVE('',#671,#670,#326,.T.);
#813=EDGE_CURVE('',#669,#671,#587,.T.);
#814=EDGE_CURVE('',#672,#673,#327,.T.);
#815=EDGE_CURVE('',#674,#672,#588,.T.);
#816=EDGE_CURVE('',#675,#674,#328,.T.);
#817=EDGE_CURVE('',#673,#675,#589,.T.);
#818=EDGE_CURVE('',#676,#676,#590,.T.);
#819=EDGE_CURVE('',#677,#677,#591,.T.);
#820=EDGE_CURVE('',#678,#678,#592,.T.);
#821=EDGE_CURVE('',#679,#679,#593,.T.);
#822=EDGE_CURVE('',#680,#681,#329,.T.);
#823=EDGE_CURVE('',#682,#680,#594,.T.);
#824=EDGE_CURVE('',#683,#682,#330,.T.);
#825=EDGE_CURVE('',#681,#683,#595,.T.);
#826=EDGE_CURVE('',#669,#684,#596,.T.);
#827=EDGE_CURVE('',#684,#685,#331,.T.);
#828=EDGE_CURVE('',#685,#668,#597,.T.);
#829=EDGE_CURVE('',#686,#670,#598,.T.);
#830=EDGE_CURVE('',#685,#686,#599,.T.);
#831=EDGE_CURVE('',#687,#671,#600,.T.);
#832=EDGE_CURVE('',#686,#687,#332,.T.);
#833=EDGE_CURVE('',#687,#684,#601,.T.);
#834=EDGE_CURVE('',#685,#688,#333,.T.);
#835=EDGE_CURVE('',#689,#688,#602,.T.);
#836=EDGE_CURVE('',#686,#689,#334,.T.);
#837=EDGE_CURVE('',#684,#690,#335,.T.);
#838=EDGE_CURVE('',#688,#690,#336,.T.);
#839=EDGE_CURVE('',#681,#691,#603,.T.);
#840=EDGE_CURVE('',#691,#692,#337,.T.);
#841=EDGE_CURVE('',#692,#680,#604,.T.);
#842=EDGE_CURVE('',#693,#682,#605,.T.);
#843=EDGE_CURVE('',#692,#693,#606,.T.);
#844=EDGE_CURVE('',#694,#683,#607,.T.);
#845=EDGE_CURVE('',#693,#694,#338,.T.);
#846=EDGE_CURVE('',#694,#691,#608,.T.);
#847=EDGE_CURVE('',#692,#695,#339,.T.);
#848=EDGE_CURVE('',#696,#695,#609,.T.);
#849=EDGE_CURVE('',#693,#696,#340,.T.);
#850=EDGE_CURVE('',#691,#697,#341,.T.);
#851=EDGE_CURVE('',#695,#697,#342,.T.);
#852=EDGE_CURVE('',#673,#698,#610,.T.);
#853=EDGE_CURVE('',#698,#699,#343,.T.);
#854=EDGE_CURVE('',#699,#672,#611,.T.);
#855=EDGE_CURVE('',#700,#674,#612,.T.);
#856=EDGE_CURVE('',#699,#700,#613,.T.);
#857=EDGE_CURVE('',#701,#675,#614,.T.);
#858=EDGE_CURVE('',#700,#701,#344,.T.);
#859=EDGE_CURVE('',#701,#698,#615,.T.);
#860=EDGE_CURVE('',#699,#702,#345,.T.);
#861=EDGE_CURVE('',#703,#702,#616,.T.);
#862=EDGE_CURVE('',#700,#703,#346,.T.);
#863=EDGE_CURVE('',#698,#704,#347,.T.);
#864=EDGE_CURVE('',#702,#704,#348,.T.);
#865=EDGE_CURVE('',#679,#705,#617,.T.);
#866=EDGE_CURVE('',#705,#706,#618,.T.);
#867=EDGE_CURVE('',#706,#705,#619,.T.);
#868=EDGE_CURVE('',#706,#707,#349,.T.);
#869=EDGE_CURVE('',#707,#707,#620,.T.);
#870=EDGE_CURVE('',#676,#708,#621,.T.);
#871=EDGE_CURVE('',#708,#709,#622,.T.);
#872=EDGE_CURVE('',#709,#708,#623,.T.);
#873=EDGE_CURVE('',#709,#710,#350,.T.);
#874=EDGE_CURVE('',#710,#710,#624,.T.);
#875=EDGE_CURVE('',#678,#711,#625,.T.);
#876=EDGE_CURVE('',#711,#712,#626,.T.);
#877=EDGE_CURVE('',#712,#711,#627,.T.);
#878=EDGE_CURVE('',#712,#713,#351,.T.);
#879=EDGE_CURVE('',#713,#713,#628,.T.);
#880=EDGE_CURVE('',#677,#714,#629,.T.);
#881=EDGE_CURVE('',#714,#715,#630,.T.);
#882=EDGE_CURVE('',#715,#714,#631,.T.);
#883=EDGE_CURVE('',#715,#716,#352,.T.);
#884=EDGE_CURVE('',#716,#716,#632,.T.);
#885=EDGE_CURVE('',#717,#718,#353,.T.);
#886=EDGE_CURVE('',#718,#719,#15,.T.);
#887=EDGE_CURVE('',#719,#720,#354,.T.);
#888=EDGE_CURVE('',#717,#720,#16,.T.);
#889=EDGE_CURVE('',#718,#721,#355,.T.);
#890=EDGE_CURVE('',#721,#722,#17,.T.);
#891=EDGE_CURVE('',#722,#719,#356,.T.);
#892=EDGE_CURVE('',#721,#723,#357,.T.);
#893=EDGE_CURVE('',#723,#724,#18,.T.);
#894=EDGE_CURVE('',#724,#722,#358,.T.);
#895=EDGE_CURVE('',#720,#724,#359,.T.);
#896=EDGE_CURVE('',#723,#717,#360,.T.);
#897=EDGE_CURVE('',#664,#720,#361,.T.);
#898=EDGE_CURVE('',#663,#724,#362,.T.);
#899=EDGE_CURVE('',#661,#719,#363,.T.);
#900=EDGE_CURVE('',#660,#725,#364,.T.);
#901=EDGE_CURVE('',#726,#725,#365,.T.);
#902=EDGE_CURVE('',#727,#726,#366,.T.);
#903=EDGE_CURVE('',#727,#728,#367,.T.);
#904=EDGE_CURVE('',#728,#729,#368,.T.);
#905=EDGE_CURVE('',#730,#729,#369,.T.);
#906=EDGE_CURVE('',#665,#730,#370,.T.);
#907=EDGE_CURVE('',#731,#732,#371,.T.);
#908=EDGE_CURVE('',#732,#725,#19,.T.);
#909=EDGE_CURVE('',#725,#733,#372,.T.);
#910=EDGE_CURVE('',#731,#733,#20,.T.);
#911=EDGE_CURVE('',#732,#734,#373,.T.);
#912=EDGE_CURVE('',#734,#726,#21,.T.);
#913=EDGE_CURVE('',#734,#735,#374,.T.);
#914=EDGE_CURVE('',#735,#736,#22,.T.);
#915=EDGE_CURVE('',#736,#726,#375,.T.);
#916=EDGE_CURVE('',#735,#737,#376,.T.);
#917=EDGE_CURVE('',#737,#738,#23,.T.);
#918=EDGE_CURVE('',#738,#736,#377,.T.);
#919=EDGE_CURVE('',#737,#739,#378,.T.);
#920=EDGE_CURVE('',#739,#740,#24,.T.);
#921=EDGE_CURVE('',#740,#738,#379,.T.);
#922=EDGE_CURVE('',#741,#740,#380,.T.);
#923=EDGE_CURVE('',#739,#742,#381,.T.);
#924=EDGE_CURVE('',#742,#741,#25,.T.);
#925=EDGE_CURVE('',#743,#741,#382,.T.);
#926=EDGE_CURVE('',#742,#744,#383,.T.);
#927=EDGE_CURVE('',#744,#743,#26,.T.);
#928=EDGE_CURVE('',#733,#743,#384,.T.);
#929=EDGE_CURVE('',#744,#731,#385,.T.);
#930=EDGE_CURVE('',#657,#741,#386,.T.);
#931=EDGE_CURVE('',#656,#740,#387,.T.);
#932=EDGE_CURVE('',#743,#658,#388,.T.);
#933=EDGE_CURVE('',#659,#733,#389,.T.);
#934=EDGE_CURVE('',#745,#746,#390,.T.);
#935=EDGE_CURVE('',#746,#747,#27,.T.);
#936=EDGE_CURVE('',#747,#748,#391,.T.);
#937=EDGE_CURVE('',#745,#748,#28,.T.);
#938=EDGE_CURVE('',#746,#749,#392,.T.);
#939=EDGE_CURVE('',#749,#750,#29,.T.);
#940=EDGE_CURVE('',#750,#747,#393,.T.);
#941=EDGE_CURVE('',#749,#751,#394,.T.);
#942=EDGE_CURVE('',#751,#752,#30,.T.);
#943=EDGE_CURVE('',#752,#750,#395,.T.);
#944=EDGE_CURVE('',#748,#752,#396,.T.);
#945=EDGE_CURVE('',#751,#745,#397,.T.);
#946=EDGE_CURVE('',#653,#748,#398,.T.);
#947=EDGE_CURVE('',#652,#752,#399,.T.);
#948=EDGE_CURVE('',#654,#747,#400,.T.);
#949=EDGE_CURVE('',#753,#754,#401,.T.);
#950=EDGE_CURVE('',#754,#730,#31,.T.);
#951=EDGE_CURVE('',#753,#729,#32,.T.);
#952=EDGE_CURVE('',#754,#755,#402,.T.);
#953=EDGE_CURVE('',#755,#756,#33,.T.);
#954=EDGE_CURVE('',#756,#730,#403,.T.);
#955=EDGE_CURVE('',#755,#757,#404,.T.);
#956=EDGE_CURVE('',#757,#758,#34,.T.);
#957=EDGE_CURVE('',#758,#756,#405,.T.);
#958=EDGE_CURVE('',#757,#759,#406,.T.);
#959=EDGE_CURVE('',#759,#760,#35,.T.);
#960=EDGE_CURVE('',#760,#758,#407,.T.);
#961=EDGE_CURVE('',#759,#761,#408,.T.);
#962=EDGE_CURVE('',#761,#762,#36,.T.);
#963=EDGE_CURVE('',#762,#760,#409,.T.);
#964=EDGE_CURVE('',#763,#762,#410,.T.);
#965=EDGE_CURVE('',#761,#764,#411,.T.);
#966=EDGE_CURVE('',#764,#763,#37,.T.);
#967=EDGE_CURVE('',#765,#763,#412,.T.);
#968=EDGE_CURVE('',#764,#766,#413,.T.);
#969=EDGE_CURVE('',#766,#765,#38,.T.);
#970=EDGE_CURVE('',#729,#765,#414,.T.);
#971=EDGE_CURVE('',#766,#753,#415,.T.);
#972=EDGE_CURVE('',#650,#763,#416,.T.);
#973=EDGE_CURVE('',#649,#762,#417,.T.);
#974=EDGE_CURVE('',#655,#738,#418,.T.);
#975=EDGE_CURVE('',#651,#750,#419,.T.);
#976=EDGE_CURVE('',#767,#765,#420,.T.);
#977=EDGE_CURVE('',#767,#768,#421,.T.);
#978=EDGE_CURVE('',#768,#736,#422,.T.);
#979=EDGE_CURVE('',#728,#767,#423,.T.);
#980=EDGE_CURVE('',#701,#769,#424,.T.);
#981=EDGE_CURVE('',#704,#769,#633,.T.);
#982=EDGE_CURVE('',#769,#703,#425,.T.);
#983=EDGE_CURVE('',#694,#770,#426,.T.);
#984=EDGE_CURVE('',#697,#770,#634,.T.);
#985=EDGE_CURVE('',#770,#696,#427,.T.);
#986=EDGE_CURVE('',#687,#771,#428,.T.);
#987=EDGE_CURVE('',#690,#771,#635,.T.);
#988=EDGE_CURVE('',#771,#689,#429,.T.);
#989=EDGE_CURVE('',#643,#772,#430,.T.);
#990=EDGE_CURVE('',#647,#772,#636,.T.);
#991=EDGE_CURVE('',#772,#646,#431,.T.);
#992=EDGE_CURVE('',#760,#648,#432,.T.);
#993=EDGE_CURVE('',#667,#758,#433,.T.);
#994=EDGE_CURVE('',#666,#756,#434,.T.);
#995=EDGE_CURVE('',#662,#722,#435,.T.);
#996=EDGE_CURVE('',#768,#727,#436,.T.);
#997=ORIENTED_EDGE('',*,*,#773,.T.);
#998=ORIENTED_EDGE('',*,*,#774,.T.);
#999=ORIENTED_EDGE('',*,*,#775,.T.);
#1000=ORIENTED_EDGE('',*,*,#776,.T.);
#1001=ORIENTED_EDGE('',*,*,#777,.T.);
#1002=ORIENTED_EDGE('',*,*,#778,.T.);
#1003=ORIENTED_EDGE('',*,*,#775,.F.);
#1004=ORIENTED_EDGE('',*,*,#779,.T.);
#1005=ORIENTED_EDGE('',*,*,#780,.T.);
#1006=ORIENTED_EDGE('',*,*,#781,.T.);
#1007=ORIENTED_EDGE('',*,*,#777,.F.);
#1008=ORIENTED_EDGE('',*,*,#782,.T.);
#1009=ORIENTED_EDGE('',*,*,#773,.F.);
#1010=ORIENTED_EDGE('',*,*,#783,.T.);
#1011=ORIENTED_EDGE('',*,*,#780,.F.);
#1012=ORIENTED_EDGE('',*,*,#784,.T.);
#1013=ORIENTED_EDGE('',*,*,#779,.F.);
#1014=ORIENTED_EDGE('',*,*,#785,.T.);
#1015=ORIENTED_EDGE('',*,*,#786,.F.);
#1016=ORIENTED_EDGE('',*,*,#787,.F.);
#1017=ORIENTED_EDGE('',*,*,#774,.F.);
#1018=ORIENTED_EDGE('',*,*,#788,.T.);
#1019=ORIENTED_EDGE('',*,*,#789,.F.);
#1020=ORIENTED_EDGE('',*,*,#785,.F.);
#1021=ORIENTED_EDGE('',*,*,#790,.T.);
#1022=ORIENTED_EDGE('',*,*,#791,.T.);
#1023=ORIENTED_EDGE('',*,*,#792,.T.);
#1024=ORIENTED_EDGE('',*,*,#793,.T.);
#1025=ORIENTED_EDGE('',*,*,#794,.T.);
#1026=ORIENTED_EDGE('',*,*,#795,.T.);
#1027=ORIENTED_EDGE('',*,*,#796,.T.);
#1028=ORIENTED_EDGE('',*,*,#797,.T.);
#1029=ORIENTED_EDGE('',*,*,#798,.T.);
#1030=ORIENTED_EDGE('',*,*,#799,.T.);
#1031=ORIENTED_EDGE('',*,*,#800,.T.);
#1032=ORIENTED_EDGE('',*,*,#801,.T.);
#1033=ORIENTED_EDGE('',*,*,#802,.T.);
#1034=ORIENTED_EDGE('',*,*,#803,.T.);
#1035=ORIENTED_EDGE('',*,*,#804,.T.);
#1036=ORIENTED_EDGE('',*,*,#805,.T.);
#1037=ORIENTED_EDGE('',*,*,#806,.T.);
#1038=ORIENTED_EDGE('',*,*,#807,.T.);
#1039=ORIENTED_EDGE('',*,*,#808,.T.);
#1040=ORIENTED_EDGE('',*,*,#809,.T.);
#1041=ORIENTED_EDGE('',*,*,#810,.F.);
#1042=ORIENTED_EDGE('',*,*,#811,.F.);
#1043=ORIENTED_EDGE('',*,*,#812,.F.);
#1044=ORIENTED_EDGE('',*,*,#813,.F.);
#1045=ORIENTED_EDGE('',*,*,#814,.F.);
#1046=ORIENTED_EDGE('',*,*,#815,.F.);
#1047=ORIENTED_EDGE('',*,*,#816,.F.);
#1048=ORIENTED_EDGE('',*,*,#817,.F.);
#1049=ORIENTED_EDGE('',*,*,#818,.F.);
#1050=ORIENTED_EDGE('',*,*,#819,.F.);
#1051=ORIENTED_EDGE('',*,*,#820,.F.);
#1052=ORIENTED_EDGE('',*,*,#821,.F.);
#1053=ORIENTED_EDGE('',*,*,#822,.F.);
#1054=ORIENTED_EDGE('',*,*,#823,.F.);
#1055=ORIENTED_EDGE('',*,*,#824,.F.);
#1056=ORIENTED_EDGE('',*,*,#825,.F.);
#1057=ORIENTED_EDGE('',*,*,#776,.F.);
#1058=ORIENTED_EDGE('',*,*,#778,.F.);
#1059=ORIENTED_EDGE('',*,*,#781,.F.);
#1060=ORIENTED_EDGE('',*,*,#783,.F.);
#1061=ORIENTED_EDGE('',*,*,#826,.T.);
#1062=ORIENTED_EDGE('',*,*,#827,.T.);
#1063=ORIENTED_EDGE('',*,*,#828,.T.);
#1064=ORIENTED_EDGE('',*,*,#810,.T.);
#1065=ORIENTED_EDGE('',*,*,#829,.T.);
#1066=ORIENTED_EDGE('',*,*,#811,.T.);
#1067=ORIENTED_EDGE('',*,*,#828,.F.);
#1068=ORIENTED_EDGE('',*,*,#830,.T.);
#1069=ORIENTED_EDGE('',*,*,#831,.T.);
#1070=ORIENTED_EDGE('',*,*,#812,.T.);
#1071=ORIENTED_EDGE('',*,*,#829,.F.);
#1072=ORIENTED_EDGE('',*,*,#832,.T.);
#1073=ORIENTED_EDGE('',*,*,#826,.F.);
#1074=ORIENTED_EDGE('',*,*,#813,.T.);
#1075=ORIENTED_EDGE('',*,*,#831,.F.);
#1076=ORIENTED_EDGE('',*,*,#833,.T.);
#1077=ORIENTED_EDGE('',*,*,#830,.F.);
#1078=ORIENTED_EDGE('',*,*,#834,.T.);
#1079=ORIENTED_EDGE('',*,*,#835,.F.);
#1080=ORIENTED_EDGE('',*,*,#836,.F.);
#1081=ORIENTED_EDGE('',*,*,#827,.F.);
#1082=ORIENTED_EDGE('',*,*,#837,.T.);
#1083=ORIENTED_EDGE('',*,*,#838,.F.);
#1084=ORIENTED_EDGE('',*,*,#834,.F.);
#1085=ORIENTED_EDGE('',*,*,#839,.T.);
#1086=ORIENTED_EDGE('',*,*,#840,.T.);
#1087=ORIENTED_EDGE('',*,*,#841,.T.);
#1088=ORIENTED_EDGE('',*,*,#822,.T.);
#1089=ORIENTED_EDGE('',*,*,#842,.T.);
#1090=ORIENTED_EDGE('',*,*,#823,.T.);
#1091=ORIENTED_EDGE('',*,*,#841,.F.);
#1092=ORIENTED_EDGE('',*,*,#843,.T.);
#1093=ORIENTED_EDGE('',*,*,#844,.T.);
#1094=ORIENTED_EDGE('',*,*,#824,.T.);
#1095=ORIENTED_EDGE('',*,*,#842,.F.);
#1096=ORIENTED_EDGE('',*,*,#845,.T.);
#1097=ORIENTED_EDGE('',*,*,#839,.F.);
#1098=ORIENTED_EDGE('',*,*,#825,.T.);
#1099=ORIENTED_EDGE('',*,*,#844,.F.);
#1100=ORIENTED_EDGE('',*,*,#846,.T.);
#1101=ORIENTED_EDGE('',*,*,#843,.F.);
#1102=ORIENTED_EDGE('',*,*,#847,.T.);
#1103=ORIENTED_EDGE('',*,*,#848,.F.);
#1104=ORIENTED_EDGE('',*,*,#849,.F.);
#1105=ORIENTED_EDGE('',*,*,#840,.F.);
#1106=ORIENTED_EDGE('',*,*,#850,.T.);
#1107=ORIENTED_EDGE('',*,*,#851,.F.);
#1108=ORIENTED_EDGE('',*,*,#847,.F.);
#1109=ORIENTED_EDGE('',*,*,#852,.T.);
#1110=ORIENTED_EDGE('',*,*,#853,.T.);
#1111=ORIENTED_EDGE('',*,*,#854,.T.);
#1112=ORIENTED_EDGE('',*,*,#814,.T.);
#1113=ORIENTED_EDGE('',*,*,#855,.T.);
#1114=ORIENTED_EDGE('',*,*,#815,.T.);
#1115=ORIENTED_EDGE('',*,*,#854,.F.);
#1116=ORIENTED_EDGE('',*,*,#856,.T.);
#1117=ORIENTED_EDGE('',*,*,#857,.T.);
#1118=ORIENTED_EDGE('',*,*,#816,.T.);
#1119=ORIENTED_EDGE('',*,*,#855,.F.);
#1120=ORIENTED_EDGE('',*,*,#858,.T.);
#1121=ORIENTED_EDGE('',*,*,#852,.F.);
#1122=ORIENTED_EDGE('',*,*,#817,.T.);
#1123=ORIENTED_EDGE('',*,*,#857,.F.);
#1124=ORIENTED_EDGE('',*,*,#859,.T.);
#1125=ORIENTED_EDGE('',*,*,#856,.F.);
#1126=ORIENTED_EDGE('',*,*,#860,.T.);
#1127=ORIENTED_EDGE('',*,*,#861,.F.);
#1128=ORIENTED_EDGE('',*,*,#862,.F.);
#1129=ORIENTED_EDGE('',*,*,#853,.F.);
#1130=ORIENTED_EDGE('',*,*,#863,.T.);
#1131=ORIENTED_EDGE('',*,*,#864,.F.);
#1132=ORIENTED_EDGE('',*,*,#860,.F.);
#1133=ORIENTED_EDGE('',*,*,#821,.T.);
#1134=ORIENTED_EDGE('',*,*,#865,.T.);
#1135=ORIENTED_EDGE('',*,*,#866,.T.);
#1136=ORIENTED_EDGE('',*,*,#867,.T.);
#1137=ORIENTED_EDGE('',*,*,#865,.F.);
#1138=ORIENTED_EDGE('',*,*,#867,.F.);
#1139=ORIENTED_EDGE('',*,*,#868,.T.);
#1140=ORIENTED_EDGE('',*,*,#869,.F.);
#1141=ORIENTED_EDGE('',*,*,#868,.F.);
#1142=ORIENTED_EDGE('',*,*,#866,.F.);
#1143=ORIENTED_EDGE('',*,*,#818,.T.);
#1144=ORIENTED_EDGE('',*,*,#870,.T.);
#1145=ORIENTED_EDGE('',*,*,#871,.T.);
#1146=ORIENTED_EDGE('',*,*,#872,.T.);
#1147=ORIENTED_EDGE('',*,*,#870,.F.);
#1148=ORIENTED_EDGE('',*,*,#872,.F.);
#1149=ORIENTED_EDGE('',*,*,#873,.T.);
#1150=ORIENTED_EDGE('',*,*,#874,.F.);
#1151=ORIENTED_EDGE('',*,*,#873,.F.);
#1152=ORIENTED_EDGE('',*,*,#871,.F.);
#1153=ORIENTED_EDGE('',*,*,#820,.T.);
#1154=ORIENTED_EDGE('',*,*,#875,.T.);
#1155=ORIENTED_EDGE('',*,*,#876,.T.);
#1156=ORIENTED_EDGE('',*,*,#877,.T.);
#1157=ORIENTED_EDGE('',*,*,#875,.F.);
#1158=ORIENTED_EDGE('',*,*,#877,.F.);
#1159=ORIENTED_EDGE('',*,*,#878,.T.);
#1160=ORIENTED_EDGE('',*,*,#879,.F.);
#1161=ORIENTED_EDGE('',*,*,#878,.F.);
#1162=ORIENTED_EDGE('',*,*,#876,.F.);
#1163=ORIENTED_EDGE('',*,*,#819,.T.);
#1164=ORIENTED_EDGE('',*,*,#880,.T.);
#1165=ORIENTED_EDGE('',*,*,#881,.T.);
#1166=ORIENTED_EDGE('',*,*,#882,.T.);
#1167=ORIENTED_EDGE('',*,*,#880,.F.);
#1168=ORIENTED_EDGE('',*,*,#882,.F.);
#1169=ORIENTED_EDGE('',*,*,#883,.T.);
#1170=ORIENTED_EDGE('',*,*,#884,.F.);
#1171=ORIENTED_EDGE('',*,*,#883,.F.);
#1172=ORIENTED_EDGE('',*,*,#881,.F.);
#1173=ORIENTED_EDGE('',*,*,#885,.T.);
#1174=ORIENTED_EDGE('',*,*,#886,.T.);
#1175=ORIENTED_EDGE('',*,*,#887,.T.);
#1176=ORIENTED_EDGE('',*,*,#888,.F.);
#1177=ORIENTED_EDGE('',*,*,#889,.T.);
#1178=ORIENTED_EDGE('',*,*,#890,.T.);
#1179=ORIENTED_EDGE('',*,*,#891,.T.);
#1180=ORIENTED_EDGE('',*,*,#886,.F.);
#1181=ORIENTED_EDGE('',*,*,#892,.T.);
#1182=ORIENTED_EDGE('',*,*,#893,.T.);
#1183=ORIENTED_EDGE('',*,*,#894,.T.);
#1184=ORIENTED_EDGE('',*,*,#890,.F.);
#1185=ORIENTED_EDGE('',*,*,#895,.T.);
#1186=ORIENTED_EDGE('',*,*,#893,.F.);
#1187=ORIENTED_EDGE('',*,*,#896,.T.);
#1188=ORIENTED_EDGE('',*,*,#888,.T.);
#1189=ORIENTED_EDGE('',*,*,#895,.F.);
#1190=ORIENTED_EDGE('',*,*,#897,.F.);
#1191=ORIENTED_EDGE('',*,*,#805,.F.);
#1192=ORIENTED_EDGE('',*,*,#898,.T.);
#1193=ORIENTED_EDGE('',*,*,#887,.F.);
#1194=ORIENTED_EDGE('',*,*,#899,.F.);
#1195=ORIENTED_EDGE('',*,*,#802,.F.);
#1196=ORIENTED_EDGE('',*,*,#900,.T.);
#1197=ORIENTED_EDGE('',*,*,#901,.F.);
#1198=ORIENTED_EDGE('',*,*,#902,.F.);
#1199=ORIENTED_EDGE('',*,*,#903,.T.);
#1200=ORIENTED_EDGE('',*,*,#904,.T.);
#1201=ORIENTED_EDGE('',*,*,#905,.F.);
#1202=ORIENTED_EDGE('',*,*,#906,.F.);
#1203=ORIENTED_EDGE('',*,*,#806,.F.);
#1204=ORIENTED_EDGE('',*,*,#897,.T.);
#1205=ORIENTED_EDGE('',*,*,#885,.F.);
#1206=ORIENTED_EDGE('',*,*,#896,.F.);
#1207=ORIENTED_EDGE('',*,*,#892,.F.);
#1208=ORIENTED_EDGE('',*,*,#889,.F.);
#1209=ORIENTED_EDGE('',*,*,#907,.T.);
#1210=ORIENTED_EDGE('',*,*,#908,.T.);
#1211=ORIENTED_EDGE('',*,*,#909,.T.);
#1212=ORIENTED_EDGE('',*,*,#910,.F.);
#1213=ORIENTED_EDGE('',*,*,#911,.T.);
#1214=ORIENTED_EDGE('',*,*,#912,.T.);
#1215=ORIENTED_EDGE('',*,*,#901,.T.);
#1216=ORIENTED_EDGE('',*,*,#908,.F.);
#1217=ORIENTED_EDGE('',*,*,#913,.T.);
#1218=ORIENTED_EDGE('',*,*,#914,.T.);
#1219=ORIENTED_EDGE('',*,*,#915,.T.);
#1220=ORIENTED_EDGE('',*,*,#912,.F.);
#1221=ORIENTED_EDGE('',*,*,#916,.T.);
#1222=ORIENTED_EDGE('',*,*,#917,.T.);
#1223=ORIENTED_EDGE('',*,*,#918,.T.);
#1224=ORIENTED_EDGE('',*,*,#914,.F.);
#1225=ORIENTED_EDGE('',*,*,#919,.T.);
#1226=ORIENTED_EDGE('',*,*,#920,.T.);
#1227=ORIENTED_EDGE('',*,*,#921,.T.);
#1228=ORIENTED_EDGE('',*,*,#917,.F.);
#1229=ORIENTED_EDGE('',*,*,#922,.T.);
#1230=ORIENTED_EDGE('',*,*,#920,.F.);
#1231=ORIENTED_EDGE('',*,*,#923,.T.);
#1232=ORIENTED_EDGE('',*,*,#924,.T.);
#1233=ORIENTED_EDGE('',*,*,#925,.T.);
#1234=ORIENTED_EDGE('',*,*,#924,.F.);
#1235=ORIENTED_EDGE('',*,*,#926,.T.);
#1236=ORIENTED_EDGE('',*,*,#927,.T.);
#1237=ORIENTED_EDGE('',*,*,#928,.T.);
#1238=ORIENTED_EDGE('',*,*,#927,.F.);
#1239=ORIENTED_EDGE('',*,*,#929,.T.);
#1240=ORIENTED_EDGE('',*,*,#910,.T.);
#1241=ORIENTED_EDGE('',*,*,#922,.F.);
#1242=ORIENTED_EDGE('',*,*,#930,.F.);
#1243=ORIENTED_EDGE('',*,*,#798,.F.);
#1244=ORIENTED_EDGE('',*,*,#931,.T.);
#1245=ORIENTED_EDGE('',*,*,#925,.F.);
#1246=ORIENTED_EDGE('',*,*,#932,.T.);
#1247=ORIENTED_EDGE('',*,*,#799,.F.);
#1248=ORIENTED_EDGE('',*,*,#930,.T.);
#1249=ORIENTED_EDGE('',*,*,#928,.F.);
#1250=ORIENTED_EDGE('',*,*,#933,.F.);
#1251=ORIENTED_EDGE('',*,*,#800,.F.);
#1252=ORIENTED_EDGE('',*,*,#932,.F.);
#1253=ORIENTED_EDGE('',*,*,#909,.F.);
#1254=ORIENTED_EDGE('',*,*,#900,.F.);
#1255=ORIENTED_EDGE('',*,*,#801,.F.);
#1256=ORIENTED_EDGE('',*,*,#933,.T.);
#1257=ORIENTED_EDGE('',*,*,#907,.F.);
#1258=ORIENTED_EDGE('',*,*,#929,.F.);
#1259=ORIENTED_EDGE('',*,*,#926,.F.);
#1260=ORIENTED_EDGE('',*,*,#923,.F.);
#1261=ORIENTED_EDGE('',*,*,#919,.F.);
#1262=ORIENTED_EDGE('',*,*,#916,.F.);
#1263=ORIENTED_EDGE('',*,*,#913,.F.);
#1264=ORIENTED_EDGE('',*,*,#911,.F.);
#1265=ORIENTED_EDGE('',*,*,#934,.T.);
#1266=ORIENTED_EDGE('',*,*,#935,.T.);
#1267=ORIENTED_EDGE('',*,*,#936,.T.);
#1268=ORIENTED_EDGE('',*,*,#937,.F.);
#1269=ORIENTED_EDGE('',*,*,#938,.T.);
#1270=ORIENTED_EDGE('',*,*,#939,.T.);
#1271=ORIENTED_EDGE('',*,*,#940,.T.);
#1272=ORIENTED_EDGE('',*,*,#935,.F.);
#1273=ORIENTED_EDGE('',*,*,#941,.T.);
#1274=ORIENTED_EDGE('',*,*,#942,.T.);
#1275=ORIENTED_EDGE('',*,*,#943,.T.);
#1276=ORIENTED_EDGE('',*,*,#939,.F.);
#1277=ORIENTED_EDGE('',*,*,#944,.T.);
#1278=ORIENTED_EDGE('',*,*,#942,.F.);
#1279=ORIENTED_EDGE('',*,*,#945,.T.);
#1280=ORIENTED_EDGE('',*,*,#937,.T.);
#1281=ORIENTED_EDGE('',*,*,#944,.F.);
#1282=ORIENTED_EDGE('',*,*,#946,.F.);
#1283=ORIENTED_EDGE('',*,*,#794,.F.);
#1284=ORIENTED_EDGE('',*,*,#947,.T.);
#1285=ORIENTED_EDGE('',*,*,#936,.F.);
#1286=ORIENTED_EDGE('',*,*,#948,.F.);
#1287=ORIENTED_EDGE('',*,*,#795,.F.);
#1288=ORIENTED_EDGE('',*,*,#946,.T.);
#1289=ORIENTED_EDGE('',*,*,#934,.F.);
#1290=ORIENTED_EDGE('',*,*,#945,.F.);
#1291=ORIENTED_EDGE('',*,*,#941,.F.);
#1292=ORIENTED_EDGE('',*,*,#938,.F.);
#1293=ORIENTED_EDGE('',*,*,#949,.T.);
#1294=ORIENTED_EDGE('',*,*,#950,.T.);
#1295=ORIENTED_EDGE('',*,*,#905,.T.);
#1296=ORIENTED_EDGE('',*,*,#951,.F.);
#1297=ORIENTED_EDGE('',*,*,#952,.T.);
#1298=ORIENTED_EDGE('',*,*,#953,.T.);
#1299=ORIENTED_EDGE('',*,*,#954,.T.);
#1300=ORIENTED_EDGE('',*,*,#950,.F.);
#1301=ORIENTED_EDGE('',*,*,#955,.T.);
#1302=ORIENTED_EDGE('',*,*,#956,.T.);
#1303=ORIENTED_EDGE('',*,*,#957,.T.);
#1304=ORIENTED_EDGE('',*,*,#953,.F.);
#1305=ORIENTED_EDGE('',*,*,#958,.T.);
#1306=ORIENTED_EDGE('',*,*,#959,.T.);
#1307=ORIENTED_EDGE('',*,*,#960,.T.);
#1308=ORIENTED_EDGE('',*,*,#956,.F.);
#1309=ORIENTED_EDGE('',*,*,#961,.T.);
#1310=ORIENTED_EDGE('',*,*,#962,.T.);
#1311=ORIENTED_EDGE('',*,*,#963,.T.);
#1312=ORIENTED_EDGE('',*,*,#959,.F.);
#1313=ORIENTED_EDGE('',*,*,#964,.T.);
#1314=ORIENTED_EDGE('',*,*,#962,.F.);
#1315=ORIENTED_EDGE('',*,*,#965,.T.);
#1316=ORIENTED_EDGE('',*,*,#966,.T.);
#1317=ORIENTED_EDGE('',*,*,#967,.T.);
#1318=ORIENTED_EDGE('',*,*,#966,.F.);
#1319=ORIENTED_EDGE('',*,*,#968,.T.);
#1320=ORIENTED_EDGE('',*,*,#969,.T.);
#1321=ORIENTED_EDGE('',*,*,#970,.T.);
#1322=ORIENTED_EDGE('',*,*,#969,.F.);
#1323=ORIENTED_EDGE('',*,*,#971,.T.);
#1324=ORIENTED_EDGE('',*,*,#951,.T.);
#1325=ORIENTED_EDGE('',*,*,#964,.F.);
#1326=ORIENTED_EDGE('',*,*,#972,.F.);
#1327=ORIENTED_EDGE('',*,*,#791,.F.);
#1328=ORIENTED_EDGE('',*,*,#973,.T.);
#1329=ORIENTED_EDGE('',*,*,#918,.F.);
#1330=ORIENTED_EDGE('',*,*,#974,.F.);
#1331=ORIENTED_EDGE('',*,*,#796,.F.);
#1332=ORIENTED_EDGE('',*,*,#948,.T.);
#1333=ORIENTED_EDGE('',*,*,#940,.F.);
#1334=ORIENTED_EDGE('',*,*,#975,.F.);
#1335=ORIENTED_EDGE('',*,*,#792,.F.);
#1336=ORIENTED_EDGE('',*,*,#972,.T.);
#1337=ORIENTED_EDGE('',*,*,#967,.F.);
#1338=ORIENTED_EDGE('',*,*,#976,.F.);
#1339=ORIENTED_EDGE('',*,*,#977,.T.);
#1340=ORIENTED_EDGE('',*,*,#978,.T.);
#1341=ORIENTED_EDGE('',*,*,#970,.F.);
#1342=ORIENTED_EDGE('',*,*,#904,.F.);
#1343=ORIENTED_EDGE('',*,*,#979,.T.);
#1344=ORIENTED_EDGE('',*,*,#976,.T.);
#1345=ORIENTED_EDGE('',*,*,#949,.F.);
#1346=ORIENTED_EDGE('',*,*,#971,.F.);
#1347=ORIENTED_EDGE('',*,*,#968,.F.);
#1348=ORIENTED_EDGE('',*,*,#965,.F.);
#1349=ORIENTED_EDGE('',*,*,#961,.F.);
#1350=ORIENTED_EDGE('',*,*,#958,.F.);
#1351=ORIENTED_EDGE('',*,*,#955,.F.);
#1352=ORIENTED_EDGE('',*,*,#952,.F.);
#1353=ORIENTED_EDGE('',*,*,#859,.F.);
#1354=ORIENTED_EDGE('',*,*,#980,.T.);
#1355=ORIENTED_EDGE('',*,*,#981,.F.);
#1356=ORIENTED_EDGE('',*,*,#863,.F.);
#1357=ORIENTED_EDGE('',*,*,#858,.F.);
#1358=ORIENTED_EDGE('',*,*,#862,.T.);
#1359=ORIENTED_EDGE('',*,*,#982,.F.);
#1360=ORIENTED_EDGE('',*,*,#980,.F.);
#1361=ORIENTED_EDGE('',*,*,#846,.F.);
#1362=ORIENTED_EDGE('',*,*,#983,.T.);
#1363=ORIENTED_EDGE('',*,*,#984,.F.);
#1364=ORIENTED_EDGE('',*,*,#850,.F.);
#1365=ORIENTED_EDGE('',*,*,#845,.F.);
#1366=ORIENTED_EDGE('',*,*,#849,.T.);
#1367=ORIENTED_EDGE('',*,*,#985,.F.);
#1368=ORIENTED_EDGE('',*,*,#983,.F.);
#1369=ORIENTED_EDGE('',*,*,#833,.F.);
#1370=ORIENTED_EDGE('',*,*,#986,.T.);
#1371=ORIENTED_EDGE('',*,*,#987,.F.);
#1372=ORIENTED_EDGE('',*,*,#837,.F.);
#1373=ORIENTED_EDGE('',*,*,#832,.F.);
#1374=ORIENTED_EDGE('',*,*,#836,.T.);
#1375=ORIENTED_EDGE('',*,*,#988,.F.);
#1376=ORIENTED_EDGE('',*,*,#986,.F.);
#1377=ORIENTED_EDGE('',*,*,#784,.F.);
#1378=ORIENTED_EDGE('',*,*,#989,.T.);
#1379=ORIENTED_EDGE('',*,*,#990,.F.);
#1380=ORIENTED_EDGE('',*,*,#788,.F.);
#1381=ORIENTED_EDGE('',*,*,#782,.F.);
#1382=ORIENTED_EDGE('',*,*,#787,.T.);
#1383=ORIENTED_EDGE('',*,*,#991,.F.);
#1384=ORIENTED_EDGE('',*,*,#989,.F.);
#1385=ORIENTED_EDGE('',*,*,#963,.F.);
#1386=ORIENTED_EDGE('',*,*,#973,.F.);
#1387=ORIENTED_EDGE('',*,*,#790,.F.);
#1388=ORIENTED_EDGE('',*,*,#992,.F.);
#1389=ORIENTED_EDGE('',*,*,#960,.F.);
#1390=ORIENTED_EDGE('',*,*,#992,.T.);
#1391=ORIENTED_EDGE('',*,*,#809,.F.);
#1392=ORIENTED_EDGE('',*,*,#993,.T.);
#1393=ORIENTED_EDGE('',*,*,#943,.F.);
#1394=ORIENTED_EDGE('',*,*,#947,.F.);
#1395=ORIENTED_EDGE('',*,*,#793,.F.);
#1396=ORIENTED_EDGE('',*,*,#975,.T.);
#1397=ORIENTED_EDGE('',*,*,#921,.F.);
#1398=ORIENTED_EDGE('',*,*,#931,.F.);
#1399=ORIENTED_EDGE('',*,*,#797,.F.);
#1400=ORIENTED_EDGE('',*,*,#974,.T.);
#1401=ORIENTED_EDGE('',*,*,#957,.F.);
#1402=ORIENTED_EDGE('',*,*,#993,.F.);
#1403=ORIENTED_EDGE('',*,*,#808,.F.);
#1404=ORIENTED_EDGE('',*,*,#994,.T.);
#1405=ORIENTED_EDGE('',*,*,#954,.F.);
#1406=ORIENTED_EDGE('',*,*,#994,.F.);
#1407=ORIENTED_EDGE('',*,*,#807,.F.);
#1408=ORIENTED_EDGE('',*,*,#906,.T.);
#1409=ORIENTED_EDGE('',*,*,#894,.F.);
#1410=ORIENTED_EDGE('',*,*,#898,.F.);
#1411=ORIENTED_EDGE('',*,*,#804,.F.);
#1412=ORIENTED_EDGE('',*,*,#995,.T.);
#1413=ORIENTED_EDGE('',*,*,#891,.F.);
#1414=ORIENTED_EDGE('',*,*,#995,.F.);
#1415=ORIENTED_EDGE('',*,*,#803,.F.);
#1416=ORIENTED_EDGE('',*,*,#899,.T.);
#1417=ORIENTED_EDGE('',*,*,#915,.F.);
#1418=ORIENTED_EDGE('',*,*,#978,.F.);
#1419=ORIENTED_EDGE('',*,*,#996,.T.);
#1420=ORIENTED_EDGE('',*,*,#902,.T.);
#1421=ORIENTED_EDGE('',*,*,#996,.F.);
#1422=ORIENTED_EDGE('',*,*,#977,.F.);
#1423=ORIENTED_EDGE('',*,*,#979,.F.);
#1424=ORIENTED_EDGE('',*,*,#903,.F.);
#1425=ORIENTED_EDGE('',*,*,#991,.T.);
#1426=ORIENTED_EDGE('',*,*,#786,.T.);
#1427=ORIENTED_EDGE('',*,*,#789,.T.);
#1428=ORIENTED_EDGE('',*,*,#990,.T.);
#1429=ORIENTED_EDGE('',*,*,#988,.T.);
#1430=ORIENTED_EDGE('',*,*,#835,.T.);
#1431=ORIENTED_EDGE('',*,*,#838,.T.);
#1432=ORIENTED_EDGE('',*,*,#987,.T.);
#1433=ORIENTED_EDGE('',*,*,#985,.T.);
#1434=ORIENTED_EDGE('',*,*,#848,.T.);
#1435=ORIENTED_EDGE('',*,*,#851,.T.);
#1436=ORIENTED_EDGE('',*,*,#984,.T.);
#1437=ORIENTED_EDGE('',*,*,#982,.T.);
#1438=ORIENTED_EDGE('',*,*,#861,.T.);
#1439=ORIENTED_EDGE('',*,*,#864,.T.);
#1440=ORIENTED_EDGE('',*,*,#981,.T.);
#1441=ORIENTED_EDGE('',*,*,#869,.T.);
#1442=ORIENTED_EDGE('',*,*,#874,.T.);
#1443=ORIENTED_EDGE('',*,*,#879,.T.);
#1444=ORIENTED_EDGE('',*,*,#884,.T.);
#1445=CYLINDRICAL_SURFACE('',#1593,0.6);
#1446=CYLINDRICAL_SURFACE('',#1600,0.6);
#1447=CYLINDRICAL_SURFACE('',#1605,2.);
#1448=CYLINDRICAL_SURFACE('',#1619,0.6);
#1449=CYLINDRICAL_SURFACE('',#1625,0.6);
#1450=CYLINDRICAL_SURFACE('',#1629,2.);
#1451=CYLINDRICAL_SURFACE('',#1632,0.6);
#1452=CYLINDRICAL_SURFACE('',#1638,0.6);
#1453=CYLINDRICAL_SURFACE('',#1642,2.);
#1454=CYLINDRICAL_SURFACE('',#1645,0.6);
#1455=CYLINDRICAL_SURFACE('',#1651,0.6);
#1456=CYLINDRICAL_SURFACE('',#1655,2.);
#1457=CYLINDRICAL_SURFACE('',#1662,1.6);
#1458=CYLINDRICAL_SURFACE('',#1668,1.6);
#1459=CYLINDRICAL_SURFACE('',#1674,1.6);
#1460=CYLINDRICAL_SURFACE('',#1680,1.6);
#1461=CYLINDRICAL_SURFACE('',#1682,1.);
#1462=CYLINDRICAL_SURFACE('',#1685,1.);
#1463=CYLINDRICAL_SURFACE('',#1687,1.);
#1464=CYLINDRICAL_SURFACE('',#1689,1.);
#1465=CYLINDRICAL_SURFACE('',#1693,1.);
#1466=CYLINDRICAL_SURFACE('',#1696,1.);
#1467=CYLINDRICAL_SURFACE('',#1698,1.);
#1468=CYLINDRICAL_SURFACE('',#1700,1.);
#1469=CYLINDRICAL_SURFACE('',#1702,1.);
#1470=CYLINDRICAL_SURFACE('',#1704,1.);
#1471=CYLINDRICAL_SURFACE('',#1706,1.);
#1472=CYLINDRICAL_SURFACE('',#1708,1.);
#1473=CYLINDRICAL_SURFACE('',#1714,1.);
#1474=CYLINDRICAL_SURFACE('',#1717,1.);
#1475=CYLINDRICAL_SURFACE('',#1719,1.);
#1476=CYLINDRICAL_SURFACE('',#1721,1.);
#1477=CYLINDRICAL_SURFACE('',#1725,1.);
#1478=CYLINDRICAL_SURFACE('',#1728,1.);
#1479=CYLINDRICAL_SURFACE('',#1730,1.);
#1480=CYLINDRICAL_SURFACE('',#1732,1.);
#1481=CYLINDRICAL_SURFACE('',#1734,1.);
#1482=CYLINDRICAL_SURFACE('',#1736,1.);
#1483=CYLINDRICAL_SURFACE('',#1738,1.);
#1484=CYLINDRICAL_SURFACE('',#1740,1.);
#1485=CYLINDRICAL_SURFACE('',#1745,2.);
#1486=CYLINDRICAL_SURFACE('',#1748,2.);
#1487=CYLINDRICAL_SURFACE('',#1751,2.);
#1488=CYLINDRICAL_SURFACE('',#1754,2.);
#1489=ADVANCED_FACE('',(#101),#1445,.T.);
#1490=ADVANCED_FACE('',(#102),#89,.T.);
#1491=ADVANCED_FACE('',(#103),#1446,.T.);
#1492=ADVANCED_FACE('',(#104),#90,.T.);
#1493=ADVANCED_FACE('',(#105),#1447,.F.);
#1494=ADVANCED_FACE('',(#106),#55,.F.);
#1495=ADVANCED_FACE('',(#107,#39,#40,#41,#42,#43,#44,#45,#46),#56,.T.);
#1496=ADVANCED_FACE('',(#108),#1448,.T.);
#1497=ADVANCED_FACE('',(#109),#91,.T.);
#1498=ADVANCED_FACE('',(#110),#1449,.T.);
#1499=ADVANCED_FACE('',(#111),#92,.T.);
#1500=ADVANCED_FACE('',(#112),#1450,.F.);
#1501=ADVANCED_FACE('',(#113),#57,.F.);
#1502=ADVANCED_FACE('',(#114),#1451,.T.);
#1503=ADVANCED_FACE('',(#115),#93,.T.);
#1504=ADVANCED_FACE('',(#116),#1452,.T.);
#1505=ADVANCED_FACE('',(#117),#94,.T.);
#1506=ADVANCED_FACE('',(#118),#1453,.F.);
#1507=ADVANCED_FACE('',(#119),#58,.F.);
#1508=ADVANCED_FACE('',(#120),#1454,.T.);
#1509=ADVANCED_FACE('',(#121),#95,.T.);
#1510=ADVANCED_FACE('',(#122),#1455,.T.);
#1511=ADVANCED_FACE('',(#123),#96,.T.);
#1512=ADVANCED_FACE('',(#124),#1456,.F.);
#1513=ADVANCED_FACE('',(#125),#59,.F.);
#1514=ADVANCED_FACE('',(#126),#97,.T.);
#1515=ADVANCED_FACE('',(#127),#1457,.F.);
#1516=ADVANCED_FACE('',(#128),#98,.T.);
#1517=ADVANCED_FACE('',(#129),#1458,.F.);
#1518=ADVANCED_FACE('',(#130),#99,.T.);
#1519=ADVANCED_FACE('',(#131),#1459,.F.);
#1520=ADVANCED_FACE('',(#132),#100,.T.);
#1521=ADVANCED_FACE('',(#133),#1460,.F.);
#1522=ADVANCED_FACE('',(#134),#1461,.T.);
#1523=ADVANCED_FACE('',(#135),#1462,.T.);
#1524=ADVANCED_FACE('',(#136),#1463,.T.);
#1525=ADVANCED_FACE('',(#137),#1464,.T.);
#1526=ADVANCED_FACE('',(#138),#60,.T.);
#1527=ADVANCED_FACE('',(#139),#61,.T.);
#1528=ADVANCED_FACE('',(#140),#62,.T.);
#1529=ADVANCED_FACE('',(#141),#1465,.T.);
#1530=ADVANCED_FACE('',(#142),#1466,.T.);
#1531=ADVANCED_FACE('',(#143),#1467,.T.);
#1532=ADVANCED_FACE('',(#144),#1468,.T.);
#1533=ADVANCED_FACE('',(#145),#1469,.T.);
#1534=ADVANCED_FACE('',(#146),#1470,.T.);
#1535=ADVANCED_FACE('',(#147),#1471,.T.);
#1536=ADVANCED_FACE('',(#148),#1472,.T.);
#1537=ADVANCED_FACE('',(#149),#63,.T.);
#1538=ADVANCED_FACE('',(#150),#64,.T.);
#1539=ADVANCED_FACE('',(#151),#65,.T.);
#1540=ADVANCED_FACE('',(#152),#66,.T.);
#1541=ADVANCED_FACE('',(#153),#67,.T.);
#1542=ADVANCED_FACE('',(#154),#1473,.T.);
#1543=ADVANCED_FACE('',(#155),#1474,.T.);
#1544=ADVANCED_FACE('',(#156),#1475,.T.);
#1545=ADVANCED_FACE('',(#157),#1476,.T.);
#1546=ADVANCED_FACE('',(#158),#68,.T.);
#1547=ADVANCED_FACE('',(#159),#69,.T.);
#1548=ADVANCED_FACE('',(#160),#70,.T.);
#1549=ADVANCED_FACE('',(#161),#1477,.T.);
#1550=ADVANCED_FACE('',(#162),#1478,.T.);
#1551=ADVANCED_FACE('',(#163),#1479,.T.);
#1552=ADVANCED_FACE('',(#164),#1480,.T.);
#1553=ADVANCED_FACE('',(#165),#1481,.T.);
#1554=ADVANCED_FACE('',(#166),#1482,.T.);
#1555=ADVANCED_FACE('',(#167),#1483,.T.);
#1556=ADVANCED_FACE('',(#168),#1484,.T.);
#1557=ADVANCED_FACE('',(#169),#71,.T.);
#1558=ADVANCED_FACE('',(#170),#72,.T.);
#1559=ADVANCED_FACE('',(#171),#73,.T.);
#1560=ADVANCED_FACE('',(#172),#74,.T.);
#1561=ADVANCED_FACE('',(#173),#1485,.F.);
#1562=ADVANCED_FACE('',(#174),#75,.F.);
#1563=ADVANCED_FACE('',(#175),#1486,.F.);
#1564=ADVANCED_FACE('',(#176),#76,.F.);
#1565=ADVANCED_FACE('',(#177),#1487,.F.);
#1566=ADVANCED_FACE('',(#178),#77,.F.);
#1567=ADVANCED_FACE('',(#179),#1488,.F.);
#1568=ADVANCED_FACE('',(#180),#78,.F.);
#1569=ADVANCED_FACE('',(#181),#79,.T.);
#1570=ADVANCED_FACE('',(#182),#80,.T.);
#1571=ADVANCED_FACE('',(#183),#81,.T.);
#1572=ADVANCED_FACE('',(#184),#82,.T.);
#1573=ADVANCED_FACE('',(#185),#83,.T.);
#1574=ADVANCED_FACE('',(#186),#84,.T.);
#1575=ADVANCED_FACE('',(#187),#85,.T.);
#1576=ADVANCED_FACE('',(#188),#86,.T.);
#1577=ADVANCED_FACE('',(#189),#87,.T.);
#1578=ADVANCED_FACE('',(#190,#47,#48,#49,#50,#51,#52,#53,#54),#88,.F.);
#1579=CLOSED_SHELL('',(#1489,#1490,#1491,#1492,#1493,#1494,#1495,#1496,
#1497,#1498,#1499,#1500,#1501,#1502,#1503,#1504,#1505,#1506,#1507,#1508,
#1509,#1510,#1511,#1512,#1513,#1514,#1515,#1516,#1517,#1518,#1519,#1520,
#1521,#1522,#1523,#1524,#1525,#1526,#1527,#1528,#1529,#1530,#1531,#1532,
#1533,#1534,#1535,#1536,#1537,#1538,#1539,#1540,#1541,#1542,#1543,#1544,
#1545,#1546,#1547,#1548,#1549,#1550,#1551,#1552,#1553,#1554,#1555,#1556,
#1557,#1558,#1559,#1560,#1561,#1562,#1563,#1564,#1565,#1566,#1567,#1568,
#1569,#1570,#1571,#1572,#1573,#1574,#1575,#1576,#1577,#1578));
#1580=DERIVED_UNIT_ELEMENT(#1582,1.);
#1581=DERIVED_UNIT_ELEMENT(#2713,-3.);
#1582=(
MASS_UNIT()
NAMED_UNIT(*)
SI_UNIT(.KILO.,.GRAM.)
);
#1583=DERIVED_UNIT((#1580,#1581));
#1584=MEASURE_REPRESENTATION_ITEM('density measure',
POSITIVE_RATIO_MEASURE(7850.),#1583);
#1585=PROPERTY_DEFINITION_REPRESENTATION(#1590,#1587);
#1586=PROPERTY_DEFINITION_REPRESENTATION(#1591,#1588);
#1587=REPRESENTATION('material name',(#1589),#2710);
#1588=REPRESENTATION('density',(#1584),#2710);
#1589=DESCRIPTIVE_REPRESENTATION_ITEM('\X2\94A2\X0\','\X2\94A2\X0\');
#1590=PROPERTY_DEFINITION('material property','material name',#2720);
#1591=PROPERTY_DEFINITION('material property','density of part',#2720);
#1592=AXIS2_PLACEMENT_3D('',#2257,#1767,#1768);
#1593=AXIS2_PLACEMENT_3D('',#2258,#1769,#1770);
#1594=AXIS2_PLACEMENT_3D('',#2261,#1771,#1772);
#1595=AXIS2_PLACEMENT_3D('',#2265,#1774,#1775);
#1596=AXIS2_PLACEMENT_3D('',#2267,#1777,#1778);
#1597=AXIS2_PLACEMENT_3D('',#2270,#1779,#1780);
#1598=AXIS2_PLACEMENT_3D('',#2271,#1781,#1782);
#1599=AXIS2_PLACEMENT_3D('',#2272,#1783,#1784);
#1600=AXIS2_PLACEMENT_3D('',#2273,#1785,#1786);
#1601=AXIS2_PLACEMENT_3D('',#2276,#1787,#1788);
#1602=AXIS2_PLACEMENT_3D('',#2279,#1791,#1792);
#1603=AXIS2_PLACEMENT_3D('',#2280,#1793,#1794);
#1604=AXIS2_PLACEMENT_3D('',#2281,#1795,#1796);
#1605=AXIS2_PLACEMENT_3D('',#2282,#1797,#1798);
#1606=AXIS2_PLACEMENT_3D('',#2286,#1800,#1801);
#1607=AXIS2_PLACEMENT_3D('',#2288,#1803,#1804);
#1608=AXIS2_PLACEMENT_3D('',#2292,#1807,#1808);
#1609=AXIS2_PLACEMENT_3D('',#2337,#1830,#1831);
#1610=AXIS2_PLACEMENT_3D('',#2340,#1833,#1834);
#1611=AXIS2_PLACEMENT_3D('',#2345,#1836,#1837);
#1612=AXIS2_PLACEMENT_3D('',#2348,#1839,#1840);
#1613=AXIS2_PLACEMENT_3D('',#2350,#1841,#1842);
#1614=AXIS2_PLACEMENT_3D('',#2352,#1843,#1844);
#1615=AXIS2_PLACEMENT_3D('',#2354,#1845,#1846);
#1616=AXIS2_PLACEMENT_3D('',#2356,#1847,#1848);
#1617=AXIS2_PLACEMENT_3D('',#2361,#1850,#1851);
#1618=AXIS2_PLACEMENT_3D('',#2364,#1853,#1854);
#1619=AXIS2_PLACEMENT_3D('',#2365,#1855,#1856);
#1620=AXIS2_PLACEMENT_3D('',#2367,#1857,#1858);
#1621=AXIS2_PLACEMENT_3D('',#2370,#1860,#1861);
#1622=AXIS2_PLACEMENT_3D('',#2371,#1862,#1863);
#1623=AXIS2_PLACEMENT_3D('',#2373,#1864,#1865);
#1624=AXIS2_PLACEMENT_3D('',#2374,#1866,#1867);
#1625=AXIS2_PLACEMENT_3D('',#2375,#1868,#1869);
#1626=AXIS2_PLACEMENT_3D('',#2377,#1870,#1871);
#1627=AXIS2_PLACEMENT_3D('',#2379,#1873,#1874);
#1628=AXIS2_PLACEMENT_3D('',#2380,#1875,#1876);
#1629=AXIS2_PLACEMENT_3D('',#2381,#1877,#1878);
#1630=AXIS2_PLACEMENT_3D('',#2385,#1880,#1881);
#1631=AXIS2_PLACEMENT_3D('',#2387,#1883,#1884);
#1632=AXIS2_PLACEMENT_3D('',#2391,#1887,#1888);
#1633=AXIS2_PLACEMENT_3D('',#2393,#1889,#1890);
#1634=AXIS2_PLACEMENT_3D('',#2396,#1892,#1893);
#1635=AXIS2_PLACEMENT_3D('',#2397,#1894,#1895);
#1636=AXIS2_PLACEMENT_3D('',#2399,#1896,#1897);
#1637=AXIS2_PLACEMENT_3D('',#2400,#1898,#1899);
#1638=AXIS2_PLACEMENT_3D('',#2401,#1900,#1901);
#1639=AXIS2_PLACEMENT_3D('',#2403,#1902,#1903);
#1640=AXIS2_PLACEMENT_3D('',#2405,#1905,#1906);
#1641=AXIS2_PLACEMENT_3D('',#2406,#1907,#1908);
#1642=AXIS2_PLACEMENT_3D('',#2407,#1909,#1910);
#1643=AXIS2_PLACEMENT_3D('',#2411,#1912,#1913);
#1644=AXIS2_PLACEMENT_3D('',#2413,#1915,#1916);
#1645=AXIS2_PLACEMENT_3D('',#2417,#1919,#1920);
#1646=AXIS2_PLACEMENT_3D('',#2419,#1921,#1922);
#1647=AXIS2_PLACEMENT_3D('',#2422,#1924,#1925);
#1648=AXIS2_PLACEMENT_3D('',#2423,#1926,#1927);
#1649=AXIS2_PLACEMENT_3D('',#2425,#1928,#1929);
#1650=AXIS2_PLACEMENT_3D('',#2426,#1930,#1931);
#1651=AXIS2_PLACEMENT_3D('',#2427,#1932,#1933);
#1652=AXIS2_PLACEMENT_3D('',#2429,#1934,#1935);
#1653=AXIS2_PLACEMENT_3D('',#2431,#1937,#1938);
#1654=AXIS2_PLACEMENT_3D('',#2432,#1939,#1940);
#1655=AXIS2_PLACEMENT_3D('',#2433,#1941,#1942);
#1656=AXIS2_PLACEMENT_3D('',#2437,#1944,#1945);
#1657=AXIS2_PLACEMENT_3D('',#2439,#1947,#1948);
#1658=AXIS2_PLACEMENT_3D('',#2443,#1951,#1952);
#1659=AXIS2_PLACEMENT_3D('',#2445,#1953,#1954);
#1660=AXIS2_PLACEMENT_3D('',#2447,#1955,#1956);
#1661=AXIS2_PLACEMENT_3D('',#2448,#1957,#1958);
#1662=AXIS2_PLACEMENT_3D('',#2449,#1959,#1960);
#1663=AXIS2_PLACEMENT_3D('',#2452,#1962,#1963);
#1664=AXIS2_PLACEMENT_3D('',#2453,#1964,#1965);
#1665=AXIS2_PLACEMENT_3D('',#2455,#1966,#1967);
#1666=AXIS2_PLACEMENT_3D('',#2457,#1968,#1969);
#1667=AXIS2_PLACEMENT_3D('',#2458,#1970,#1971);
#1668=AXIS2_PLACEMENT_3D('',#2459,#1972,#1973);
#1669=AXIS2_PLACEMENT_3D('',#2462,#1975,#1976);
#1670=AXIS2_PLACEMENT_3D('',#2463,#1977,#1978);
#1671=AXIS2_PLACEMENT_3D('',#2465,#1979,#1980);
#1672=AXIS2_PLACEMENT_3D('',#2467,#1981,#1982);
#1673=AXIS2_PLACEMENT_3D('',#2468,#1983,#1984);
#1674=AXIS2_PLACEMENT_3D('',#2469,#1985,#1986);
#1675=AXIS2_PLACEMENT_3D('',#2472,#1988,#1989);
#1676=AXIS2_PLACEMENT_3D('',#2473,#1990,#1991);
#1677=AXIS2_PLACEMENT_3D('',#2475,#1992,#1993);
#1678=AXIS2_PLACEMENT_3D('',#2477,#1994,#1995);
#1679=AXIS2_PLACEMENT_3D('',#2478,#1996,#1997);
#1680=AXIS2_PLACEMENT_3D('',#2479,#1998,#1999);
#1681=AXIS2_PLACEMENT_3D('',#2482,#2001,#2002);
#1682=AXIS2_PLACEMENT_3D('',#2483,#2003,#2004);
#1683=AXIS2_PLACEMENT_3D('',#2488,#2006,#2007);
#1684=AXIS2_PLACEMENT_3D('',#2491,#2009,#2010);
#1685=AXIS2_PLACEMENT_3D('',#2492,#2011,#2012);
#1686=AXIS2_PLACEMENT_3D('',#2496,#2014,#2015);
#1687=AXIS2_PLACEMENT_3D('',#2498,#2017,#2018);
#1688=AXIS2_PLACEMENT_3D('',#2502,#2020,#2021);
#1689=AXIS2_PLACEMENT_3D('',#2504,#2023,#2024);
#1690=AXIS2_PLACEMENT_3D('',#2507,#2027,#2028);
#1691=AXIS2_PLACEMENT_3D('',#2510,#2031,#2032);
#1692=AXIS2_PLACEMENT_3D('',#2525,#2041,#2042);
#1693=AXIS2_PLACEMENT_3D('',#2526,#2043,#2044);
#1694=AXIS2_PLACEMENT_3D('',#2530,#2046,#2047);
#1695=AXIS2_PLACEMENT_3D('',#2533,#2049,#2050);
#1696=AXIS2_PLACEMENT_3D('',#2534,#2051,#2052);
#1697=AXIS2_PLACEMENT_3D('',#2537,#2054,#2055);
#1698=AXIS2_PLACEMENT_3D('',#2538,#2056,#2057);
#1699=AXIS2_PLACEMENT_3D('',#2542,#2059,#2060);
#1700=AXIS2_PLACEMENT_3D('',#2544,#2062,#2063);
#1701=AXIS2_PLACEMENT_3D('',#2548,#2065,#2066);
#1702=AXIS2_PLACEMENT_3D('',#2550,#2068,#2069);
#1703=AXIS2_PLACEMENT_3D('',#2554,#2071,#2072);
#1704=AXIS2_PLACEMENT_3D('',#2556,#2074,#2075);
#1705=AXIS2_PLACEMENT_3D('',#2561,#2078,#2079);
#1706=AXIS2_PLACEMENT_3D('',#2562,#2080,#2081);
#1707=AXIS2_PLACEMENT_3D('',#2567,#2084,#2085);
#1708=AXIS2_PLACEMENT_3D('',#2568,#2086,#2087);
#1709=AXIS2_PLACEMENT_3D('',#2571,#2090,#2091);
#1710=AXIS2_PLACEMENT_3D('',#2574,#2094,#2095);
#1711=AXIS2_PLACEMENT_3D('',#2576,#2097,#2098);
#1712=AXIS2_PLACEMENT_3D('',#2578,#2100,#2101);
#1713=AXIS2_PLACEMENT_3D('',#2579,#2102,#2103);
#1714=AXIS2_PLACEMENT_3D('',#2580,#2104,#2105);
#1715=AXIS2_PLACEMENT_3D('',#2585,#2107,#2108);
#1716=AXIS2_PLACEMENT_3D('',#2588,#2110,#2111);
#1717=AXIS2_PLACEMENT_3D('',#2589,#2112,#2113);
#1718=AXIS2_PLACEMENT_3D('',#2593,#2115,#2116);
#1719=AXIS2_PLACEMENT_3D('',#2595,#2118,#2119);
#1720=AXIS2_PLACEMENT_3D('',#2599,#2121,#2122);
#1721=AXIS2_PLACEMENT_3D('',#2601,#2124,#2125);
#1722=AXIS2_PLACEMENT_3D('',#2604,#2128,#2129);
#1723=AXIS2_PLACEMENT_3D('',#2607,#2132,#2133);
#1724=AXIS2_PLACEMENT_3D('',#2609,#2135,#2136);
#1725=AXIS2_PLACEMENT_3D('',#2610,#2137,#2138);
#1726=AXIS2_PLACEMENT_3D('',#2614,#2140,#2141);
#1727=AXIS2_PLACEMENT_3D('',#2615,#2142,#2143);
#1728=AXIS2_PLACEMENT_3D('',#2616,#2144,#2145);
#1729=AXIS2_PLACEMENT_3D('',#2620,#2147,#2148);
#1730=AXIS2_PLACEMENT_3D('',#2622,#2150,#2151);
#1731=AXIS2_PLACEMENT_3D('',#2626,#2153,#2154);
#1732=AXIS2_PLACEMENT_3D('',#2628,#2156,#2157);
#1733=AXIS2_PLACEMENT_3D('',#2632,#2159,#2160);
#1734=AXIS2_PLACEMENT_3D('',#2634,#2162,#2163);
#1735=AXIS2_PLACEMENT_3D('',#2638,#2165,#2166);
#1736=AXIS2_PLACEMENT_3D('',#2640,#2168,#2169);
#1737=AXIS2_PLACEMENT_3D('',#2645,#2172,#2173);
#1738=AXIS2_PLACEMENT_3D('',#2646,#2174,#2175);
#1739=AXIS2_PLACEMENT_3D('',#2651,#2178,#2179);
#1740=AXIS2_PLACEMENT_3D('',#2652,#2180,#2181);
#1741=AXIS2_PLACEMENT_3D('',#2655,#2184,#2185);
#1742=AXIS2_PLACEMENT_3D('',#2658,#2188,#2189);
#1743=AXIS2_PLACEMENT_3D('',#2666,#2195,#2196);
#1744=AXIS2_PLACEMENT_3D('',#2668,#2198,#2199);
#1745=AXIS2_PLACEMENT_3D('',#2669,#2200,#2201);
#1746=AXIS2_PLACEMENT_3D('',#2672,#2203,#2204);
#1747=AXIS2_PLACEMENT_3D('',#2673,#2205,#2206);
#1748=AXIS2_PLACEMENT_3D('',#2675,#2208,#2209);
#1749=AXIS2_PLACEMENT_3D('',#2678,#2211,#2212);
#1750=AXIS2_PLACEMENT_3D('',#2679,#2213,#2214);
#1751=AXIS2_PLACEMENT_3D('',#2681,#2216,#2217);
#1752=AXIS2_PLACEMENT_3D('',#2684,#2219,#2220);
#1753=AXIS2_PLACEMENT_3D('',#2685,#2221,#2222);
#1754=AXIS2_PLACEMENT_3D('',#2687,#2224,#2225);
#1755=AXIS2_PLACEMENT_3D('',#2690,#2227,#2228);
#1756=AXIS2_PLACEMENT_3D('',#2691,#2229,#2230);
#1757=AXIS2_PLACEMENT_3D('',#2693,#2232,#2233);
#1758=AXIS2_PLACEMENT_3D('',#2695,#2235,#2236);
#1759=AXIS2_PLACEMENT_3D('',#2697,#2238,#2239);
#1760=AXIS2_PLACEMENT_3D('',#2698,#2240,#2241);
#1761=AXIS2_PLACEMENT_3D('',#2699,#2242,#2243);
#1762=AXIS2_PLACEMENT_3D('',#2701,#2245,#2246);
#1763=AXIS2_PLACEMENT_3D('',#2702,#2247,#2248);
#1764=AXIS2_PLACEMENT_3D('',#2704,#2250,#2251);
#1765=AXIS2_PLACEMENT_3D('',#2705,#2252,#2253);
#1766=AXIS2_PLACEMENT_3D('',#2707,#2255,#2256);
#1767=DIRECTION('axis',(0.,0.,1.));
#1768=DIRECTION('refdir',(1.,0.,0.));
#1769=DIRECTION('center_axis',(-1.,0.,0.));
#1770=DIRECTION('ref_axis',(0.,0.70710678118655,0.707106781186545));
#1771=DIRECTION('center_axis',(-1.,0.,0.));
#1772=DIRECTION('ref_axis',(0.,0.,1.));
#1773=DIRECTION('',(-1.,0.,0.));
#1774=DIRECTION('center_axis',(1.,0.,0.));
#1775=DIRECTION('ref_axis',(0.,1.,0.));
#1776=DIRECTION('',(1.,0.,0.));
#1777=DIRECTION('center_axis',(0.,0.,-1.));
#1778=DIRECTION('ref_axis',(-1.,0.,0.));
#1779=DIRECTION('center_axis',(-1.,0.,0.));
#1780=DIRECTION('ref_axis',(0.,-1.,0.));
#1781=DIRECTION('center_axis',(0.,0.,1.));
#1782=DIRECTION('ref_axis',(-1.,0.,0.));
#1783=DIRECTION('center_axis',(0.,0.,-1.));
#1784=DIRECTION('ref_axis',(-1.,0.,0.));
#1785=DIRECTION('center_axis',(1.,0.,0.));
#1786=DIRECTION('ref_axis',(0.,-0.707106781186545,0.70710678118655));
#1787=DIRECTION('center_axis',(-1.,0.,0.));
#1788=DIRECTION('ref_axis',(0.,-1.,0.));
#1789=DIRECTION('',(-1.,0.,0.));
#1790=DIRECTION('',(1.,0.,0.));
#1791=DIRECTION('center_axis',(0.,0.,-1.));
#1792=DIRECTION('ref_axis',(1.,0.,0.));
#1793=DIRECTION('center_axis',(0.,0.,1.));
#1794=DIRECTION('ref_axis',(1.,0.,0.));
#1795=DIRECTION('center_axis',(0.,0.,-1.));
#1796=DIRECTION('ref_axis',(1.,0.,0.));
#1797=DIRECTION('center_axis',(0.,0.,-1.));
#1798=DIRECTION('ref_axis',(0.,1.,0.));
#1799=DIRECTION('',(0.,0.,-1.));
#1800=DIRECTION('center_axis',(0.,0.,1.));
#1801=DIRECTION('ref_axis',(0.,1.,0.));
#1802=DIRECTION('',(0.,0.,-1.));
#1803=DIRECTION('center_axis',(0.,-1.,0.));
#1804=DIRECTION('ref_axis',(-1.,0.,0.));
#1805=DIRECTION('',(0.,0.,-1.));
#1806=DIRECTION('',(1.,0.,0.));
#1807=DIRECTION('center_axis',(0.,0.,1.));
#1808=DIRECTION('ref_axis',(1.,0.,0.));
#1809=DIRECTION('',(-1.,0.,0.));
#1810=DIRECTION('',(0.,1.,0.));
#1811=DIRECTION('',(-1.,0.,0.));
#1812=DIRECTION('',(0.,-1.,0.));
#1813=DIRECTION('',(-1.,0.,0.));
#1814=DIRECTION('',(0.,1.,0.));
#1815=DIRECTION('',(-1.,0.,0.));
#1816=DIRECTION('',(0.,-1.,0.));
#1817=DIRECTION('',(-1.,0.,0.));
#1818=DIRECTION('',(0.,-1.,0.));
#1819=DIRECTION('',(1.,0.,0.));
#1820=DIRECTION('',(0.,-1.,0.));
#1821=DIRECTION('',(1.,0.,0.));
#1822=DIRECTION('',(0.,1.,0.));
#1823=DIRECTION('',(1.,0.,0.));
#1824=DIRECTION('',(0.,-1.,0.));
#1825=DIRECTION('',(1.,0.,0.));
#1826=DIRECTION('',(0.,1.,0.));
#1827=DIRECTION('',(1.,0.,0.));
#1828=DIRECTION('',(0.,1.,0.));
#1829=DIRECTION('',(1.,0.,0.));
#1830=DIRECTION('center_axis',(0.,0.,1.));
#1831=DIRECTION('ref_axis',(-1.,0.,0.));
#1832=DIRECTION('',(-1.,0.,0.));
#1833=DIRECTION('center_axis',(0.,0.,1.));
#1834=DIRECTION('ref_axis',(1.,0.,0.));
#1835=DIRECTION('',(1.,0.,0.));
#1836=DIRECTION('center_axis',(0.,0.,1.));
#1837=DIRECTION('ref_axis',(-1.,0.,0.));
#1838=DIRECTION('',(-1.,0.,0.));
#1839=DIRECTION('center_axis',(0.,0.,1.));
#1840=DIRECTION('ref_axis',(1.,0.,0.));
#1841=DIRECTION('center_axis',(0.,0.,1.));
#1842=DIRECTION('ref_axis',(1.,0.,0.));
#1843=DIRECTION('center_axis',(0.,0.,1.));
#1844=DIRECTION('ref_axis',(1.,0.,0.));
#1845=DIRECTION('center_axis',(0.,0.,1.));
#1846=DIRECTION('ref_axis',(1.,0.,0.));
#1847=DIRECTION('center_axis',(0.,0.,1.));
#1848=DIRECTION('ref_axis',(1.,0.,0.));
#1849=DIRECTION('',(1.,0.,0.));
#1850=DIRECTION('center_axis',(0.,0.,1.));
#1851=DIRECTION('ref_axis',(-1.,0.,0.));
#1852=DIRECTION('',(-1.,0.,0.));
#1853=DIRECTION('center_axis',(0.,0.,1.));
#1854=DIRECTION('ref_axis',(1.,0.,0.));
#1855=DIRECTION('center_axis',(-1.,0.,0.));
#1856=DIRECTION('ref_axis',(0.,0.707106781186545,0.70710678118655));
#1857=DIRECTION('center_axis',(-1.,0.,0.));
#1858=DIRECTION('ref_axis',(0.,0.,1.));
#1859=DIRECTION('',(-1.,0.,0.));
#1860=DIRECTION('center_axis',(1.,0.,0.));
#1861=DIRECTION('ref_axis',(0.,1.,0.));
#1862=DIRECTION('center_axis',(0.,0.,-1.));
#1863=DIRECTION('ref_axis',(-1.,0.,0.));
#1864=DIRECTION('center_axis',(-1.,0.,0.));
#1865=DIRECTION('ref_axis',(0.,-1.,0.));
#1866=DIRECTION('center_axis',(0.,0.,-1.));
#1867=DIRECTION('ref_axis',(-1.,0.,0.));
#1868=DIRECTION('center_axis',(1.,0.,0.));
#1869=DIRECTION('ref_axis',(0.,-0.70710678118655,0.707106781186545));
#1870=DIRECTION('center_axis',(-1.,0.,0.));
#1871=DIRECTION('ref_axis',(0.,-1.,0.));
#1872=DIRECTION('',(1.,0.,0.));
#1873=DIRECTION('center_axis',(0.,0.,-1.));
#1874=DIRECTION('ref_axis',(1.,0.,0.));
#1875=DIRECTION('center_axis',(0.,0.,-1.));
#1876=DIRECTION('ref_axis',(1.,0.,0.));
#1877=DIRECTION('center_axis',(0.,0.,-1.));
#1878=DIRECTION('ref_axis',(0.,1.,0.));
#1879=DIRECTION('',(0.,0.,-1.));
#1880=DIRECTION('center_axis',(0.,0.,1.));
#1881=DIRECTION('ref_axis',(0.,1.,0.));
#1882=DIRECTION('',(0.,0.,-1.));
#1883=DIRECTION('center_axis',(0.,-1.,0.));
#1884=DIRECTION('ref_axis',(-1.,0.,0.));
#1885=DIRECTION('',(0.,0.,-1.));
#1886=DIRECTION('',(1.,0.,0.));
#1887=DIRECTION('center_axis',(-1.,0.,0.));
#1888=DIRECTION('ref_axis',(0.,0.70710678118655,0.707106781186545));
#1889=DIRECTION('center_axis',(-1.,0.,0.));
#1890=DIRECTION('ref_axis',(0.,0.,1.));
#1891=DIRECTION('',(-1.,0.,0.));
#1892=DIRECTION('center_axis',(1.,0.,0.));
#1893=DIRECTION('ref_axis',(0.,1.,0.));
#1894=DIRECTION('center_axis',(0.,0.,-1.));
#1895=DIRECTION('ref_axis',(-1.,0.,0.));
#1896=DIRECTION('center_axis',(-1.,0.,0.));
#1897=DIRECTION('ref_axis',(0.,-1.,0.));
#1898=DIRECTION('center_axis',(0.,0.,-1.));
#1899=DIRECTION('ref_axis',(-1.,0.,0.));
#1900=DIRECTION('center_axis',(1.,0.,0.));
#1901=DIRECTION('ref_axis',(0.,-0.707106781186545,0.70710678118655));
#1902=DIRECTION('center_axis',(-1.,0.,0.));
#1903=DIRECTION('ref_axis',(0.,-1.,0.));
#1904=DIRECTION('',(1.,0.,0.));
#1905=DIRECTION('center_axis',(0.,0.,-1.));
#1906=DIRECTION('ref_axis',(1.,0.,0.));
#1907=DIRECTION('center_axis',(0.,0.,-1.));
#1908=DIRECTION('ref_axis',(1.,0.,0.));
#1909=DIRECTION('center_axis',(0.,0.,-1.));
#1910=DIRECTION('ref_axis',(0.,1.,0.));
#1911=DIRECTION('',(0.,0.,-1.));
#1912=DIRECTION('center_axis',(0.,0.,1.));
#1913=DIRECTION('ref_axis',(0.,1.,0.));
#1914=DIRECTION('',(0.,0.,-1.));
#1915=DIRECTION('center_axis',(0.,-1.,0.));
#1916=DIRECTION('ref_axis',(-1.,0.,0.));
#1917=DIRECTION('',(0.,0.,-1.));
#1918=DIRECTION('',(1.,0.,0.));
#1919=DIRECTION('center_axis',(-1.,0.,0.));
#1920=DIRECTION('ref_axis',(0.,0.707106781186545,0.70710678118655));
#1921=DIRECTION('center_axis',(-1.,0.,0.));
#1922=DIRECTION('ref_axis',(0.,0.,1.));
#1923=DIRECTION('',(-1.,0.,0.));
#1924=DIRECTION('center_axis',(1.,0.,0.));
#1925=DIRECTION('ref_axis',(0.,1.,0.));
#1926=DIRECTION('center_axis',(0.,0.,-1.));
#1927=DIRECTION('ref_axis',(-1.,0.,0.));
#1928=DIRECTION('center_axis',(-1.,0.,0.));
#1929=DIRECTION('ref_axis',(0.,-1.,0.));
#1930=DIRECTION('center_axis',(0.,0.,-1.));
#1931=DIRECTION('ref_axis',(-1.,0.,0.));
#1932=DIRECTION('center_axis',(1.,0.,0.));
#1933=DIRECTION('ref_axis',(0.,-0.70710678118655,0.707106781186545));
#1934=DIRECTION('center_axis',(-1.,0.,0.));
#1935=DIRECTION('ref_axis',(0.,-1.,0.));
#1936=DIRECTION('',(1.,0.,0.));
#1937=DIRECTION('center_axis',(0.,0.,-1.));
#1938=DIRECTION('ref_axis',(1.,0.,0.));
#1939=DIRECTION('center_axis',(0.,0.,-1.));
#1940=DIRECTION('ref_axis',(1.,0.,0.));
#1941=DIRECTION('center_axis',(0.,0.,-1.));
#1942=DIRECTION('ref_axis',(0.,1.,0.));
#1943=DIRECTION('',(0.,0.,-1.));
#1944=DIRECTION('center_axis',(0.,0.,1.));
#1945=DIRECTION('ref_axis',(0.,1.,0.));
#1946=DIRECTION('',(0.,0.,-1.));
#1947=DIRECTION('center_axis',(0.,-1.,0.));
#1948=DIRECTION('ref_axis',(-1.,0.,0.));
#1949=DIRECTION('',(0.,0.,-1.));
#1950=DIRECTION('',(1.,0.,0.));
#1951=DIRECTION('center_axis',(0.,0.,-1.));
#1952=DIRECTION('ref_axis',(-1.,0.,0.));
#1953=DIRECTION('center_axis',(0.,-1.,0.));
#1954=DIRECTION('ref_axis',(1.,0.,0.));
#1955=DIRECTION('center_axis',(0.,0.,-1.));
#1956=DIRECTION('ref_axis',(1.,0.,0.));
#1957=DIRECTION('center_axis',(0.,0.,-1.));
#1958=DIRECTION('ref_axis',(1.,0.,0.));
#1959=DIRECTION('center_axis',(0.,0.,-1.));
#1960=DIRECTION('ref_axis',(1.,0.,0.));
#1961=DIRECTION('',(0.,0.,-1.));
#1962=DIRECTION('center_axis',(0.,0.,1.));
#1963=DIRECTION('ref_axis',(1.,0.,0.));
#1964=DIRECTION('center_axis',(0.,0.,-1.));
#1965=DIRECTION('ref_axis',(-1.,0.,0.));
#1966=DIRECTION('center_axis',(0.,-1.,0.));
#1967=DIRECTION('ref_axis',(1.,0.,0.));
#1968=DIRECTION('center_axis',(0.,0.,-1.));
#1969=DIRECTION('ref_axis',(1.,0.,0.));
#1970=DIRECTION('center_axis',(0.,0.,-1.));
#1971=DIRECTION('ref_axis',(1.,0.,0.));
#1972=DIRECTION('center_axis',(0.,0.,-1.));
#1973=DIRECTION('ref_axis',(1.,0.,0.));
#1974=DIRECTION('',(0.,0.,-1.));
#1975=DIRECTION('center_axis',(0.,0.,1.));
#1976=DIRECTION('ref_axis',(1.,0.,0.));
#1977=DIRECTION('center_axis',(0.,0.,-1.));
#1978=DIRECTION('ref_axis',(-1.,0.,0.));
#1979=DIRECTION('center_axis',(0.,-1.,0.));
#1980=DIRECTION('ref_axis',(1.,0.,0.));
#1981=DIRECTION('center_axis',(0.,0.,-1.));
#1982=DIRECTION('ref_axis',(1.,0.,0.));
#1983=DIRECTION('center_axis',(0.,0.,-1.));
#1984=DIRECTION('ref_axis',(1.,0.,0.));
#1985=DIRECTION('center_axis',(0.,0.,-1.));
#1986=DIRECTION('ref_axis',(1.,0.,0.));
#1987=DIRECTION('',(0.,0.,-1.));
#1988=DIRECTION('center_axis',(0.,0.,1.));
#1989=DIRECTION('ref_axis',(1.,0.,0.));
#1990=DIRECTION('center_axis',(0.,0.,-1.));
#1991=DIRECTION('ref_axis',(-1.,0.,0.));
#1992=DIRECTION('center_axis',(0.,-1.,0.));
#1993=DIRECTION('ref_axis',(1.,0.,0.));
#1994=DIRECTION('center_axis',(0.,0.,-1.));
#1995=DIRECTION('ref_axis',(1.,0.,0.));
#1996=DIRECTION('center_axis',(0.,0.,-1.));
#1997=DIRECTION('ref_axis',(1.,0.,0.));
#1998=DIRECTION('center_axis',(0.,0.,-1.));
#1999=DIRECTION('ref_axis',(1.,0.,0.));
#2000=DIRECTION('',(0.,0.,-1.));
#2001=DIRECTION('center_axis',(0.,0.,1.));
#2002=DIRECTION('ref_axis',(1.,0.,0.));
#2003=DIRECTION('center_axis',(1.,0.,0.));
#2004=DIRECTION('ref_axis',(0.,-0.707106781186549,0.707106781186546));
#2005=DIRECTION('',(-1.,0.,0.));
#2006=DIRECTION('center_axis',(0.707106781186548,-0.707106781186548,0.));
#2007=DIRECTION('ref_axis',(-0.707106781186548,-0.707106781186548,0.));
#2008=DIRECTION('',(1.,0.,0.));
#2009=DIRECTION('center_axis',(0.707106781186548,0.707106781186548,3.14018491736755E-15));
#2010=DIRECTION('ref_axis',(0.707106781186548,-0.707106781186548,3.14018491736755E-15));
#2011=DIRECTION('center_axis',(0.,-1.,0.));
#2012=DIRECTION('ref_axis',(-0.707106781186548,0.,0.707106781186548));
#2013=DIRECTION('',(0.,1.,0.));
#2014=DIRECTION('center_axis',(-0.707106781186548,-0.707106781186548,0.));
#2015=DIRECTION('ref_axis',(-0.707106781186548,0.707106781186548,0.));
#2016=DIRECTION('',(0.,-1.,0.));
#2017=DIRECTION('center_axis',(-1.,0.,0.));
#2018=DIRECTION('ref_axis',(0.,0.707106781186549,0.707106781186546));
#2019=DIRECTION('',(1.,0.,0.));
#2020=DIRECTION('center_axis',(-0.707106781186548,0.707106781186548,0.));
#2021=DIRECTION('ref_axis',(0.707106781186548,0.707106781186548,0.));
#2022=DIRECTION('',(-1.,0.,0.));
#2023=DIRECTION('center_axis',(0.,1.,0.));
#2024=DIRECTION('ref_axis',(0.707106781186548,0.,0.707106781186548));
#2025=DIRECTION('',(0.,1.,0.));
#2026=DIRECTION('',(0.,-1.,0.));
#2027=DIRECTION('center_axis',(1.,0.,0.));
#2028=DIRECTION('ref_axis',(0.,1.,0.));
#2029=DIRECTION('',(0.,0.,1.));
#2030=DIRECTION('',(0.,0.,1.));
#2031=DIRECTION('center_axis',(0.,-1.,0.));
#2032=DIRECTION('ref_axis',(1.,0.,0.));
#2033=DIRECTION('',(0.,0.,1.));
#2034=DIRECTION('',(0.,0.,1.));
#2035=DIRECTION('',(1.,0.,0.));
#2036=DIRECTION('',(0.,0.,1.));
#2037=DIRECTION('',(1.,0.,0.));
#2038=DIRECTION('',(0.,0.,1.));
#2039=DIRECTION('',(1.,0.,0.));
#2040=DIRECTION('',(0.,0.,1.));
#2041=DIRECTION('center_axis',(0.,0.,1.));
#2042=DIRECTION('ref_axis',(1.,0.,0.));
#2043=DIRECTION('center_axis',(0.,1.,0.));
#2044=DIRECTION('ref_axis',(0.707106781186546,0.,0.707106781186549));
#2045=DIRECTION('',(0.,-1.,0.));
#2046=DIRECTION('center_axis',(0.707106781186549,0.707106781186546,0.));
#2047=DIRECTION('ref_axis',(0.707106781186546,-0.707106781186549,0.));
#2048=DIRECTION('',(0.,1.,0.));
#2049=DIRECTION('center_axis',(-0.707106781186549,0.707106781186546,0.));
#2050=DIRECTION('ref_axis',(0.707106781186546,0.707106781186549,0.));
#2051=DIRECTION('center_axis',(1.,0.,0.));
#2052=DIRECTION('ref_axis',(0.,-0.707106781186549,0.707106781186546));
#2053=DIRECTION('',(-1.,0.,0.));
#2054=DIRECTION('center_axis',(0.707106781186549,-0.707106781186546,0.));
#2055=DIRECTION('ref_axis',(-0.707106781186546,-0.707106781186549,0.));
#2056=DIRECTION('center_axis',(0.,-1.,0.));
#2057=DIRECTION('ref_axis',(-0.707106781186546,0.,0.707106781186549));
#2058=DIRECTION('',(0.,1.,0.));
#2059=DIRECTION('center_axis',(-0.707106781186549,-0.707106781186546,0.));
#2060=DIRECTION('ref_axis',(-0.707106781186546,0.707106781186549,0.));
#2061=DIRECTION('',(0.,-1.,0.));
#2062=DIRECTION('center_axis',(-1.,0.,0.));
#2063=DIRECTION('ref_axis',(0.,0.707106781186549,0.707106781186546));
#2064=DIRECTION('',(1.,0.,0.));
#2065=DIRECTION('center_axis',(-0.707106781186549,0.707106781186546,0.));
#2066=DIRECTION('ref_axis',(0.707106781186546,0.707106781186549,0.));
#2067=DIRECTION('',(-1.,0.,0.));
#2068=DIRECTION('center_axis',(0.,1.,0.));
#2069=DIRECTION('ref_axis',(0.707106781186546,0.,0.707106781186549));
#2070=DIRECTION('',(0.,-1.,0.));
#2071=DIRECTION('center_axis',(0.707106781186549,0.707106781186546,0.));
#2072=DIRECTION('ref_axis',(0.707106781186546,-0.707106781186549,0.));
#2073=DIRECTION('',(0.,1.,0.));
#2074=DIRECTION('center_axis',(1.,0.,0.));
#2075=DIRECTION('ref_axis',(0.,-0.707106781186549,0.707106781186546));
#2076=DIRECTION('',(1.,0.,0.));
#2077=DIRECTION('',(-1.,0.,0.));
#2078=DIRECTION('center_axis',(0.707106781186549,0.707106781186546,0.));
#2079=DIRECTION('ref_axis',(-0.707106781186546,0.707106781186549,0.));
#2080=DIRECTION('center_axis',(0.,1.,0.));
#2081=DIRECTION('ref_axis',(0.707106781186546,0.,0.707106781186549));
#2082=DIRECTION('',(0.,1.,0.));
#2083=DIRECTION('',(0.,-1.,0.));
#2084=DIRECTION('center_axis',(-0.707106781186549,0.707106781186546,0.));
#2085=DIRECTION('ref_axis',(-0.707106781186546,-0.707106781186549,0.));
#2086=DIRECTION('center_axis',(-1.,0.,0.));
#2087=DIRECTION('ref_axis',(0.,0.707106781186549,0.707106781186546));
#2088=DIRECTION('',(-1.,0.,0.));
#2089=DIRECTION('',(1.,0.,0.));
#2090=DIRECTION('center_axis',(0.,-1.,0.));
#2091=DIRECTION('ref_axis',(1.,0.,0.));
#2092=DIRECTION('',(0.,0.,1.));
#2093=DIRECTION('',(0.,0.,1.));
#2094=DIRECTION('center_axis',(1.,0.,0.));
#2095=DIRECTION('ref_axis',(0.,1.,0.));
#2096=DIRECTION('',(0.,0.,-1.));
#2097=DIRECTION('center_axis',(0.,1.,0.));
#2098=DIRECTION('ref_axis',(-1.,0.,0.));
#2099=DIRECTION('',(0.,0.,1.));
#2100=DIRECTION('center_axis',(1.,0.,0.));
#2101=DIRECTION('ref_axis',(0.,1.,0.));
#2102=DIRECTION('center_axis',(0.,0.,1.));
#2103=DIRECTION('ref_axis',(1.,0.,0.));
#2104=DIRECTION('center_axis',(0.,-1.,0.));
#2105=DIRECTION('ref_axis',(-0.707106781186548,0.,0.707106781186548));
#2106=DIRECTION('',(0.,1.,0.));
#2107=DIRECTION('center_axis',(-0.707106781186548,-0.707106781186548,3.14018491736755E-15));
#2108=DIRECTION('ref_axis',(-0.707106781186548,0.707106781186548,3.14018491736755E-15));
#2109=DIRECTION('',(0.,-1.,0.));
#2110=DIRECTION('center_axis',(0.707106781186548,-0.707106781186548,0.));
#2111=DIRECTION('ref_axis',(-0.707106781186548,-0.707106781186548,0.));
#2112=DIRECTION('center_axis',(-1.,0.,0.));
#2113=DIRECTION('ref_axis',(0.,0.707106781186549,0.707106781186546));
#2114=DIRECTION('',(1.,0.,0.));
#2115=DIRECTION('center_axis',(-0.707106781186548,0.707106781186548,0.));
#2116=DIRECTION('ref_axis',(0.707106781186548,0.707106781186548,0.));
#2117=DIRECTION('',(-1.,0.,0.));
#2118=DIRECTION('center_axis',(0.,1.,0.));
#2119=DIRECTION('ref_axis',(0.707106781186548,0.,0.707106781186548));
#2120=DIRECTION('',(0.,-1.,0.));
#2121=DIRECTION('center_axis',(0.707106781186548,0.707106781186548,0.));
#2122=DIRECTION('ref_axis',(0.707106781186548,-0.707106781186548,0.));
#2123=DIRECTION('',(0.,1.,0.));
#2124=DIRECTION('center_axis',(1.,0.,0.));
#2125=DIRECTION('ref_axis',(0.,-0.707106781186549,0.707106781186546));
#2126=DIRECTION('',(1.,0.,0.));
#2127=DIRECTION('',(-1.,0.,0.));
#2128=DIRECTION('center_axis',(0.,-1.,0.));
#2129=DIRECTION('ref_axis',(1.,0.,0.));
#2130=DIRECTION('',(0.,0.,1.));
#2131=DIRECTION('',(0.,0.,1.));
#2132=DIRECTION('center_axis',(-1.,0.,0.));
#2133=DIRECTION('ref_axis',(0.,-1.,0.));
#2134=DIRECTION('',(0.,0.,1.));
#2135=DIRECTION('center_axis',(0.,0.,1.));
#2136=DIRECTION('ref_axis',(1.,0.,0.));
#2137=DIRECTION('center_axis',(1.,0.,0.));
#2138=DIRECTION('ref_axis',(0.,-0.707106781186549,0.707106781186546));
#2139=DIRECTION('',(-1.,0.,0.));
#2140=DIRECTION('center_axis',(0.707106781186549,-0.707106781186546,0.));
#2141=DIRECTION('ref_axis',(-0.707106781186546,-0.707106781186549,0.));
#2142=DIRECTION('center_axis',(0.707106781186549,0.707106781186546,0.));
#2143=DIRECTION('ref_axis',(0.707106781186546,-0.707106781186549,0.));
#2144=DIRECTION('center_axis',(0.,-1.,0.));
#2145=DIRECTION('ref_axis',(-0.707106781186546,0.,0.707106781186549));
#2146=DIRECTION('',(0.,1.,0.));
#2147=DIRECTION('center_axis',(-0.707106781186549,-0.707106781186546,0.));
#2148=DIRECTION('ref_axis',(-0.707106781186546,0.707106781186549,0.));
#2149=DIRECTION('',(0.,-1.,0.));
#2150=DIRECTION('center_axis',(-1.,0.,0.));
#2151=DIRECTION('ref_axis',(0.,0.707106781186549,0.707106781186546));
#2152=DIRECTION('',(1.,0.,0.));
#2153=DIRECTION('center_axis',(-0.707106781186549,-0.707106781186546,0.));
#2154=DIRECTION('ref_axis',(0.707106781186546,-0.707106781186549,0.));
#2155=DIRECTION('',(-1.,0.,0.));
#2156=DIRECTION('center_axis',(0.,-1.,0.));
#2157=DIRECTION('ref_axis',(-0.707106781186546,0.,0.707106781186549));
#2158=DIRECTION('',(0.,1.,0.));
#2159=DIRECTION('center_axis',(0.707106781186549,-0.707106781186546,0.));
#2160=DIRECTION('ref_axis',(0.707106781186546,0.707106781186549,0.));
#2161=DIRECTION('',(0.,-1.,0.));
#2162=DIRECTION('center_axis',(1.,0.,0.));
#2163=DIRECTION('ref_axis',(0.,-0.707106781186549,0.707106781186546));
#2164=DIRECTION('',(-1.,0.,0.));
#2165=DIRECTION('center_axis',(0.707106781186549,-0.707106781186546,0.));
#2166=DIRECTION('ref_axis',(-0.707106781186546,-0.707106781186549,0.));
#2167=DIRECTION('',(1.,0.,0.));
#2168=DIRECTION('center_axis',(0.,-1.,0.));
#2169=DIRECTION('ref_axis',(-0.707106781186546,0.,0.707106781186549));
#2170=DIRECTION('',(0.,-1.,0.));
#2171=DIRECTION('',(0.,1.,0.));
#2172=DIRECTION('center_axis',(-0.707106781186549,-0.707106781186546,0.));
#2173=DIRECTION('ref_axis',(-0.707106781186546,0.707106781186549,0.));
#2174=DIRECTION('center_axis',(-1.,0.,0.));
#2175=DIRECTION('ref_axis',(0.,0.707106781186549,0.707106781186546));
#2176=DIRECTION('',(-1.,0.,0.));
#2177=DIRECTION('',(1.,0.,0.));
#2178=DIRECTION('center_axis',(-0.707106781186549,0.707106781186546,0.));
#2179=DIRECTION('ref_axis',(0.707106781186546,0.707106781186549,0.));
#2180=DIRECTION('center_axis',(0.,1.,0.));
#2181=DIRECTION('ref_axis',(0.707106781186546,0.,0.707106781186549));
#2182=DIRECTION('',(0.,1.,0.));
#2183=DIRECTION('',(0.,-1.,0.));
#2184=DIRECTION('center_axis',(-1.,0.,0.));
#2185=DIRECTION('ref_axis',(0.,-1.,0.));
#2186=DIRECTION('',(0.,0.,1.));
#2187=DIRECTION('',(0.,0.,1.));
#2188=DIRECTION('center_axis',(0.,1.,0.));
#2189=DIRECTION('ref_axis',(-1.,0.,0.));
#2190=DIRECTION('',(0.,0.,1.));
#2191=DIRECTION('',(0.,0.,1.));
#2192=DIRECTION('',(0.,0.,1.));
#2193=DIRECTION('',(-1.,0.,0.));
#2194=DIRECTION('',(0.,0.,1.));
#2195=DIRECTION('center_axis',(1.,0.,0.));
#2196=DIRECTION('ref_axis',(0.,1.,0.));
#2197=DIRECTION('',(0.,1.,0.));
#2198=DIRECTION('center_axis',(0.,0.,1.));
#2199=DIRECTION('ref_axis',(1.,0.,0.));
#2200=DIRECTION('center_axis',(0.,0.,-1.));
#2201=DIRECTION('ref_axis',(0.,-1.,0.));
#2202=DIRECTION('',(0.,0.,-1.));
#2203=DIRECTION('center_axis',(0.,0.,1.));
#2204=DIRECTION('ref_axis',(0.,-1.,0.));
#2205=DIRECTION('center_axis',(0.,1.,0.));
#2206=DIRECTION('ref_axis',(1.,0.,0.));
#2207=DIRECTION('',(-1.,0.,0.));
#2208=DIRECTION('center_axis',(0.,0.,-1.));
#2209=DIRECTION('ref_axis',(0.,-1.,0.));
#2210=DIRECTION('',(0.,0.,-1.));
#2211=DIRECTION('center_axis',(0.,0.,1.));
#2212=DIRECTION('ref_axis',(0.,-1.,0.));
#2213=DIRECTION('center_axis',(0.,1.,0.));
#2214=DIRECTION('ref_axis',(1.,0.,0.));
#2215=DIRECTION('',(-1.,0.,0.));
#2216=DIRECTION('center_axis',(0.,0.,-1.));
#2217=DIRECTION('ref_axis',(0.,-1.,0.));
#2218=DIRECTION('',(0.,0.,-1.));
#2219=DIRECTION('center_axis',(0.,0.,1.));
#2220=DIRECTION('ref_axis',(0.,-1.,0.));
#2221=DIRECTION('center_axis',(0.,1.,0.));
#2222=DIRECTION('ref_axis',(1.,0.,0.));
#2223=DIRECTION('',(-1.,0.,0.));
#2224=DIRECTION('center_axis',(0.,0.,-1.));
#2225=DIRECTION('ref_axis',(0.,-1.,0.));
#2226=DIRECTION('',(0.,0.,-1.));
#2227=DIRECTION('center_axis',(0.,0.,1.));
#2228=DIRECTION('ref_axis',(0.,-1.,0.));
#2229=DIRECTION('center_axis',(0.,1.,0.));
#2230=DIRECTION('ref_axis',(1.,0.,0.));
#2231=DIRECTION('',(-1.,0.,0.));
#2232=DIRECTION('center_axis',(0.,-1.,0.));
#2233=DIRECTION('ref_axis',(1.,0.,0.));
#2234=DIRECTION('',(0.,0.,-1.));
#2235=DIRECTION('center_axis',(-1.,0.,0.));
#2236=DIRECTION('ref_axis',(0.,-1.,0.));
#2237=DIRECTION('',(0.,0.,1.));
#2238=DIRECTION('center_axis',(1.,0.,0.));
#2239=DIRECTION('ref_axis',(0.,1.,0.));
#2240=DIRECTION('center_axis',(1.,0.,0.));
#2241=DIRECTION('ref_axis',(0.,1.,0.));
#2242=DIRECTION('center_axis',(0.,1.,0.));
#2243=DIRECTION('ref_axis',(-1.,0.,0.));
#2244=DIRECTION('',(0.,0.,1.));
#2245=DIRECTION('center_axis',(-1.,0.,0.));
#2246=DIRECTION('ref_axis',(0.,-1.,0.));
#2247=DIRECTION('center_axis',(0.,1.,0.));
#2248=DIRECTION('ref_axis',(-1.,0.,0.));
#2249=DIRECTION('',(0.,0.,1.));
#2250=DIRECTION('center_axis',(-1.,0.,0.));
#2251=DIRECTION('ref_axis',(0.,-1.,0.));
#2252=DIRECTION('center_axis',(-1.,0.,0.));
#2253=DIRECTION('ref_axis',(0.,-1.,0.));
#2254=DIRECTION('',(0.,-1.,0.));
#2255=DIRECTION('center_axis',(0.,0.,1.));
#2256=DIRECTION('ref_axis',(1.,0.,0.));
#2257=CARTESIAN_POINT('',(0.,0.,0.));
#2258=CARTESIAN_POINT('Origin',(23.1875,33.25,2.4));
#2259=CARTESIAN_POINT('',(46.375,33.25,3.));
#2260=CARTESIAN_POINT('',(46.375,33.85,2.4));
#2261=CARTESIAN_POINT('Origin',(46.375,33.25,2.4));
#2262=CARTESIAN_POINT('',(20.375,33.85,2.4));
#2263=CARTESIAN_POINT('',(23.1875,33.85,2.4));
#2264=CARTESIAN_POINT('',(20.375,33.25,3.));
#2265=CARTESIAN_POINT('Origin',(20.375,33.25,2.4));
#2266=CARTESIAN_POINT('',(23.1875,33.25,3.));
#2267=CARTESIAN_POINT('Origin',(20.375,35.85,2.4));
#2268=CARTESIAN_POINT('',(20.375,37.85,2.4));
#2269=CARTESIAN_POINT('',(20.375,38.45,3.));
#2270=CARTESIAN_POINT('Origin',(20.375,38.45,2.4));
#2271=CARTESIAN_POINT('Origin',(20.375,35.85,3.));
#2272=CARTESIAN_POINT('Origin',(20.375,35.85,2.4));
#2273=CARTESIAN_POINT('Origin',(10.1875,38.45,2.4));
#2274=CARTESIAN_POINT('',(46.375,37.85,2.4));
#2275=CARTESIAN_POINT('',(46.375,38.45,3.));
#2276=CARTESIAN_POINT('Origin',(46.375,38.45,2.4));
#2277=CARTESIAN_POINT('',(10.1875,38.45,3.));
#2278=CARTESIAN_POINT('',(10.1875,37.85,2.4));
#2279=CARTESIAN_POINT('Origin',(46.375,35.85,2.4));
#2280=CARTESIAN_POINT('Origin',(46.375,35.85,3.));
#2281=CARTESIAN_POINT('Origin',(46.375,35.85,2.4));
#2282=CARTESIAN_POINT('Origin',(20.375,35.85,3.));
#2283=CARTESIAN_POINT('',(20.375,33.85,0.));
#2284=CARTESIAN_POINT('',(20.375,33.85,3.));
#2285=CARTESIAN_POINT('',(20.375,37.85,0.));
#2286=CARTESIAN_POINT('Origin',(20.375,35.85,0.));
#2287=CARTESIAN_POINT('',(20.375,37.85,3.));
#2288=CARTESIAN_POINT('Origin',(46.375,33.85,3.));
#2289=CARTESIAN_POINT('',(46.375,33.85,0.));
#2290=CARTESIAN_POINT('',(46.375,33.85,3.));
#2291=CARTESIAN_POINT('',(23.1875,33.85,0.));
#2292=CARTESIAN_POINT('Origin',(0.,0.,3.));
#2293=CARTESIAN_POINT('',(66.75,37.85,3.));
#2294=CARTESIAN_POINT('',(52.375,37.85,3.));
#2295=CARTESIAN_POINT('',(26.1875,37.85,3.));
#2296=CARTESIAN_POINT('',(52.375,40.85,3.));
#2297=CARTESIAN_POINT('',(52.375,20.425,3.));
#2298=CARTESIAN_POINT('',(14.375,40.85,3.));
#2299=CARTESIAN_POINT('',(69.75,40.85,3.));
#2300=CARTESIAN_POINT('',(14.375,37.85,3.));
#2301=CARTESIAN_POINT('',(14.375,18.925,3.));
#2302=CARTESIAN_POINT('',(-14.375,37.85,3.));
#2303=CARTESIAN_POINT('',(-7.1875,37.85,3.));
#2304=CARTESIAN_POINT('',(-14.375,40.85,3.));
#2305=CARTESIAN_POINT('',(-14.375,20.425,3.));
#2306=CARTESIAN_POINT('',(-52.375,40.85,3.));
#2307=CARTESIAN_POINT('',(69.75,40.85,3.));
#2308=CARTESIAN_POINT('',(-52.375,37.85,3.));
#2309=CARTESIAN_POINT('',(-52.375,18.925,3.));
#2310=CARTESIAN_POINT('',(-66.75,37.85,3.));
#2311=CARTESIAN_POINT('',(-33.375,37.85,3.));
#2312=CARTESIAN_POINT('',(-66.75,-37.85,3.));
#2313=CARTESIAN_POINT('',(-66.75,-20.425,3.));
#2314=CARTESIAN_POINT('',(-52.375,-37.85,3.));
#2315=CARTESIAN_POINT('',(-26.1875,-37.85,3.));
#2316=CARTESIAN_POINT('',(-52.375,-40.85,3.));
#2317=CARTESIAN_POINT('',(-52.375,-20.425,3.));
#2318=CARTESIAN_POINT('',(-14.375,-40.85,3.));
#2319=CARTESIAN_POINT('',(-69.75,-40.85,3.));
#2320=CARTESIAN_POINT('',(-14.375,-37.85,3.));
#2321=CARTESIAN_POINT('',(-14.375,-18.925,3.));
#2322=CARTESIAN_POINT('',(14.375,-37.85,3.));
#2323=CARTESIAN_POINT('',(7.1875,-37.85,3.));
#2324=CARTESIAN_POINT('',(14.375,-40.85,3.));
#2325=CARTESIAN_POINT('',(14.375,-20.425,3.));
#2326=CARTESIAN_POINT('',(52.375,-40.85,3.));
#2327=CARTESIAN_POINT('',(-69.75,-40.85,3.));
#2328=CARTESIAN_POINT('',(52.375,-37.85,3.));
#2329=CARTESIAN_POINT('',(52.375,-18.925,3.));
#2330=CARTESIAN_POINT('',(66.75,-37.85,3.));
#2331=CARTESIAN_POINT('',(33.375,-37.85,3.));
#2332=CARTESIAN_POINT('',(66.75,20.425,3.));
#2333=CARTESIAN_POINT('',(-46.375,-38.45,3.));
#2334=CARTESIAN_POINT('',(-20.375,-38.45,3.));
#2335=CARTESIAN_POINT('',(-10.1875,-38.45,3.));
#2336=CARTESIAN_POINT('',(-46.375,-33.25,3.));
#2337=CARTESIAN_POINT('Origin',(-46.375,-35.85,3.));
#2338=CARTESIAN_POINT('',(-20.375,-33.25,3.));
#2339=CARTESIAN_POINT('',(-23.1875,-33.25,3.));
#2340=CARTESIAN_POINT('Origin',(-20.375,-35.85,3.));
#2341=CARTESIAN_POINT('',(20.375,-38.45,3.));
#2342=CARTESIAN_POINT('',(46.375,-38.45,3.));
#2343=CARTESIAN_POINT('',(23.1875,-38.45,3.));
#2344=CARTESIAN_POINT('',(20.375,-33.25,3.));
#2345=CARTESIAN_POINT('Origin',(20.375,-35.85,3.));
#2346=CARTESIAN_POINT('',(46.375,-33.25,3.));
#2347=CARTESIAN_POINT('',(10.1875,-33.25,3.));
#2348=CARTESIAN_POINT('Origin',(46.375,-35.85,3.));
#2349=CARTESIAN_POINT('',(-59.55,-32.85,3.));
#2350=CARTESIAN_POINT('Origin',(-61.75,-32.85,3.));
#2351=CARTESIAN_POINT('',(63.95,-32.85,3.));
#2352=CARTESIAN_POINT('Origin',(61.75,-32.85,3.));
#2353=CARTESIAN_POINT('',(-59.55,32.85,3.));
#2354=CARTESIAN_POINT('Origin',(-61.75,32.85,3.));
#2355=CARTESIAN_POINT('',(63.95,32.85,3.));
#2356=CARTESIAN_POINT('Origin',(61.75,32.85,3.));
#2357=CARTESIAN_POINT('',(-46.375,33.25,3.));
#2358=CARTESIAN_POINT('',(-20.375,33.25,3.));
#2359=CARTESIAN_POINT('',(-10.1875,33.25,3.));
#2360=CARTESIAN_POINT('',(-46.375,38.45,3.));
#2361=CARTESIAN_POINT('Origin',(-46.375,35.85,3.));
#2362=CARTESIAN_POINT('',(-20.375,38.45,3.));
#2363=CARTESIAN_POINT('',(-23.1875,38.45,3.));
#2364=CARTESIAN_POINT('Origin',(-20.375,35.85,3.));
#2365=CARTESIAN_POINT('Origin',(-10.1875,-38.45,2.4));
#2366=CARTESIAN_POINT('',(-20.375,-37.85,2.4));
#2367=CARTESIAN_POINT('Origin',(-20.375,-38.45,2.4));
#2368=CARTESIAN_POINT('',(-46.375,-37.85,2.4));
#2369=CARTESIAN_POINT('',(-10.1875,-37.85,2.4));
#2370=CARTESIAN_POINT('Origin',(-46.375,-38.45,2.4));
#2371=CARTESIAN_POINT('Origin',(-46.375,-35.85,2.4));
#2372=CARTESIAN_POINT('',(-46.375,-33.85,2.4));
#2373=CARTESIAN_POINT('Origin',(-46.375,-33.25,2.4));
#2374=CARTESIAN_POINT('Origin',(-46.375,-35.85,2.4));
#2375=CARTESIAN_POINT('Origin',(-23.1875,-33.25,2.4));
#2376=CARTESIAN_POINT('',(-20.375,-33.85,2.4));
#2377=CARTESIAN_POINT('Origin',(-20.375,-33.25,2.4));
#2378=CARTESIAN_POINT('',(-23.1875,-33.85,2.4));
#2379=CARTESIAN_POINT('Origin',(-20.375,-35.85,2.4));
#2380=CARTESIAN_POINT('Origin',(-20.375,-35.85,2.4));
#2381=CARTESIAN_POINT('Origin',(-46.375,-35.85,3.));
#2382=CARTESIAN_POINT('',(-46.375,-37.85,0.));
#2383=CARTESIAN_POINT('',(-46.375,-37.85,3.));
#2384=CARTESIAN_POINT('',(-46.375,-33.85,0.));
#2385=CARTESIAN_POINT('Origin',(-46.375,-35.85,0.));
#2386=CARTESIAN_POINT('',(-46.375,-33.85,3.));
#2387=CARTESIAN_POINT('Origin',(-20.375,-37.85,3.));
#2388=CARTESIAN_POINT('',(-20.375,-37.85,0.));
#2389=CARTESIAN_POINT('',(-20.375,-37.85,3.));
#2390=CARTESIAN_POINT('',(-10.1875,-37.85,0.));
#2391=CARTESIAN_POINT('Origin',(-10.1875,33.25,2.4));
#2392=CARTESIAN_POINT('',(-20.375,33.85,2.4));
#2393=CARTESIAN_POINT('Origin',(-20.375,33.25,2.4));
#2394=CARTESIAN_POINT('',(-46.375,33.85,2.4));
#2395=CARTESIAN_POINT('',(-10.1875,33.85,2.4));
#2396=CARTESIAN_POINT('Origin',(-46.375,33.25,2.4));
#2397=CARTESIAN_POINT('Origin',(-46.375,35.85,2.4));
#2398=CARTESIAN_POINT('',(-46.375,37.85,2.4));
#2399=CARTESIAN_POINT('Origin',(-46.375,38.45,2.4));
#2400=CARTESIAN_POINT('Origin',(-46.375,35.85,2.4));
#2401=CARTESIAN_POINT('Origin',(-23.1875,38.45,2.4));
#2402=CARTESIAN_POINT('',(-20.375,37.85,2.4));
#2403=CARTESIAN_POINT('Origin',(-20.375,38.45,2.4));
#2404=CARTESIAN_POINT('',(-23.1875,37.85,2.4));
#2405=CARTESIAN_POINT('Origin',(-20.375,35.85,2.4));
#2406=CARTESIAN_POINT('Origin',(-20.375,35.85,2.4));
#2407=CARTESIAN_POINT('Origin',(-46.375,35.85,3.));
#2408=CARTESIAN_POINT('',(-46.375,33.85,0.));
#2409=CARTESIAN_POINT('',(-46.375,33.85,3.));
#2410=CARTESIAN_POINT('',(-46.375,37.85,0.));
#2411=CARTESIAN_POINT('Origin',(-46.375,35.85,0.));
#2412=CARTESIAN_POINT('',(-46.375,37.85,3.));
#2413=CARTESIAN_POINT('Origin',(-20.375,33.85,3.));
#2414=CARTESIAN_POINT('',(-20.375,33.85,0.));
#2415=CARTESIAN_POINT('',(-20.375,33.85,3.));
#2416=CARTESIAN_POINT('',(-10.1875,33.85,0.));
#2417=CARTESIAN_POINT('Origin',(23.1875,-38.45,2.4));
#2418=CARTESIAN_POINT('',(46.375,-37.85,2.4));
#2419=CARTESIAN_POINT('Origin',(46.375,-38.45,2.4));
#2420=CARTESIAN_POINT('',(20.375,-37.85,2.4));
#2421=CARTESIAN_POINT('',(23.1875,-37.85,2.4));
#2422=CARTESIAN_POINT('Origin',(20.375,-38.45,2.4));
#2423=CARTESIAN_POINT('Origin',(20.375,-35.85,2.4));
#2424=CARTESIAN_POINT('',(20.375,-33.85,2.4));
#2425=CARTESIAN_POINT('Origin',(20.375,-33.25,2.4));
#2426=CARTESIAN_POINT('Origin',(20.375,-35.85,2.4));
#2427=CARTESIAN_POINT('Origin',(10.1875,-33.25,2.4));
#2428=CARTESIAN_POINT('',(46.375,-33.85,2.4));
#2429=CARTESIAN_POINT('Origin',(46.375,-33.25,2.4));
#2430=CARTESIAN_POINT('',(10.1875,-33.85,2.4));
#2431=CARTESIAN_POINT('Origin',(46.375,-35.85,2.4));
#2432=CARTESIAN_POINT('Origin',(46.375,-35.85,2.4));
#2433=CARTESIAN_POINT('Origin',(20.375,-35.85,3.));
#2434=CARTESIAN_POINT('',(20.375,-37.85,0.));
#2435=CARTESIAN_POINT('',(20.375,-37.85,3.));
#2436=CARTESIAN_POINT('',(20.375,-33.85,0.));
#2437=CARTESIAN_POINT('Origin',(20.375,-35.85,0.));
#2438=CARTESIAN_POINT('',(20.375,-33.85,3.));
#2439=CARTESIAN_POINT('Origin',(46.375,-37.85,3.));
#2440=CARTESIAN_POINT('',(46.375,-37.85,0.));
#2441=CARTESIAN_POINT('',(46.375,-37.85,3.));
#2442=CARTESIAN_POINT('',(23.1875,-37.85,0.));
#2443=CARTESIAN_POINT('Origin',(61.75,32.85,2.4));
#2444=CARTESIAN_POINT('',(63.35,32.85,2.4));
#2445=CARTESIAN_POINT('Origin',(63.95,32.85,2.4));
#2446=CARTESIAN_POINT('',(60.15,32.85,2.4));
#2447=CARTESIAN_POINT('Origin',(61.75,32.85,2.4));
#2448=CARTESIAN_POINT('Origin',(61.75,32.85,2.4));
#2449=CARTESIAN_POINT('Origin',(61.75,32.85,3.));
#2450=CARTESIAN_POINT('',(60.15,32.85,0.));
#2451=CARTESIAN_POINT('',(60.15,32.85,3.));
#2452=CARTESIAN_POINT('Origin',(61.75,32.85,0.));
#2453=CARTESIAN_POINT('Origin',(-61.75,-32.85,2.4));
#2454=CARTESIAN_POINT('',(-60.15,-32.85,2.4));
#2455=CARTESIAN_POINT('Origin',(-59.55,-32.85,2.4));
#2456=CARTESIAN_POINT('',(-63.35,-32.85,2.4));
#2457=CARTESIAN_POINT('Origin',(-61.75,-32.85,2.4));
#2458=CARTESIAN_POINT('Origin',(-61.75,-32.85,2.4));
#2459=CARTESIAN_POINT('Origin',(-61.75,-32.85,3.));
#2460=CARTESIAN_POINT('',(-63.35,-32.85,0.));
#2461=CARTESIAN_POINT('',(-63.35,-32.85,3.));
#2462=CARTESIAN_POINT('Origin',(-61.75,-32.85,0.));
#2463=CARTESIAN_POINT('Origin',(-61.75,32.85,2.4));
#2464=CARTESIAN_POINT('',(-60.15,32.85,2.4));
#2465=CARTESIAN_POINT('Origin',(-59.55,32.85,2.4));
#2466=CARTESIAN_POINT('',(-63.35,32.85,2.4));
#2467=CARTESIAN_POINT('Origin',(-61.75,32.85,2.4));
#2468=CARTESIAN_POINT('Origin',(-61.75,32.85,2.4));
#2469=CARTESIAN_POINT('Origin',(-61.75,32.85,3.));
#2470=CARTESIAN_POINT('',(-63.35,32.85,0.));
#2471=CARTESIAN_POINT('',(-63.35,32.85,3.));
#2472=CARTESIAN_POINT('Origin',(-61.75,32.85,0.));
#2473=CARTESIAN_POINT('Origin',(61.75,-32.85,2.4));
#2474=CARTESIAN_POINT('',(63.35,-32.85,2.4));
#2475=CARTESIAN_POINT('Origin',(63.95,-32.85,2.4));
#2476=CARTESIAN_POINT('',(60.15,-32.85,2.4));
#2477=CARTESIAN_POINT('Origin',(61.75,-32.85,2.4));
#2478=CARTESIAN_POINT('Origin',(61.75,-32.85,2.4));
#2479=CARTESIAN_POINT('Origin',(61.75,-32.85,3.));
#2480=CARTESIAN_POINT('',(60.15,-32.85,0.));
#2481=CARTESIAN_POINT('',(60.15,-32.85,3.));
#2482=CARTESIAN_POINT('Origin',(61.75,-32.85,0.));
#2483=CARTESIAN_POINT('Origin',(-34.875,-39.85,17.));
#2484=CARTESIAN_POINT('',(13.375,-39.85,18.));
#2485=CARTESIAN_POINT('',(-13.375,-39.85,18.));
#2486=CARTESIAN_POINT('',(-34.875,-39.85,18.));
#2487=CARTESIAN_POINT('',(-14.375,-40.85,17.));
#2488=CARTESIAN_POINT('Origin',(-13.375,-39.85,17.));
#2489=CARTESIAN_POINT('',(14.375,-40.85,17.));
#2490=CARTESIAN_POINT('',(-34.875,-40.85,17.));
#2491=CARTESIAN_POINT('Origin',(13.375,-39.85,17.));
#2492=CARTESIAN_POINT('Origin',(-13.375,-38.6,17.));
#2493=CARTESIAN_POINT('',(-13.375,-38.85,18.));
#2494=CARTESIAN_POINT('',(-13.375,-38.6,18.));
#2495=CARTESIAN_POINT('',(-14.375,-37.85,17.));
#2496=CARTESIAN_POINT('Origin',(-13.375,-38.85,17.));
#2497=CARTESIAN_POINT('',(-14.375,-38.6,17.));
#2498=CARTESIAN_POINT('Origin',(7.1875,-38.85,17.));
#2499=CARTESIAN_POINT('',(13.375,-38.85,18.));
#2500=CARTESIAN_POINT('',(7.1875,-38.85,18.));
#2501=CARTESIAN_POINT('',(14.375,-37.85,17.));
#2502=CARTESIAN_POINT('Origin',(13.375,-38.85,17.));
#2503=CARTESIAN_POINT('',(7.1875,-37.85,17.));
#2504=CARTESIAN_POINT('Origin',(13.375,-40.1,17.));
#2505=CARTESIAN_POINT('',(14.375,-40.1,17.));
#2506=CARTESIAN_POINT('',(13.375,-40.1,18.));
#2507=CARTESIAN_POINT('Origin',(14.375,-40.85,3.));
#2508=CARTESIAN_POINT('',(14.375,-40.85,3.));
#2509=CARTESIAN_POINT('',(14.375,-37.85,3.));
#2510=CARTESIAN_POINT('Origin',(-69.75,-40.85,0.));
#2511=CARTESIAN_POINT('',(-14.375,-40.85,3.));
#2512=CARTESIAN_POINT('',(-52.375,-40.85,17.));
#2513=CARTESIAN_POINT('',(-52.375,-40.85,3.));
#2514=CARTESIAN_POINT('',(-69.75,-40.85,17.));
#2515=CARTESIAN_POINT('',(-69.,-40.85,17.));
#2516=CARTESIAN_POINT('',(-69.75,-40.85,0.));
#2517=CARTESIAN_POINT('',(-69.75,-40.85,0.));
#2518=CARTESIAN_POINT('',(69.75,-40.85,0.));
#2519=CARTESIAN_POINT('',(-69.75,-40.85,0.));
#2520=CARTESIAN_POINT('',(69.75,-40.85,17.));
#2521=CARTESIAN_POINT('',(69.75,-40.85,0.));
#2522=CARTESIAN_POINT('',(52.375,-40.85,17.));
#2523=CARTESIAN_POINT('',(-0.750000000000002,-40.85,17.));
#2524=CARTESIAN_POINT('',(52.375,-40.85,3.));
#2525=CARTESIAN_POINT('Origin',(0.,-39.35,18.));
#2526=CARTESIAN_POINT('Origin',(-53.375,-20.425,17.));
#2527=CARTESIAN_POINT('',(-53.375,-38.85,18.));
#2528=CARTESIAN_POINT('',(-53.375,-39.85,18.));
#2529=CARTESIAN_POINT('',(-53.375,-20.425,18.));
#2530=CARTESIAN_POINT('Origin',(-53.375,-39.85,17.));
#2531=CARTESIAN_POINT('',(-52.375,-37.85,17.));
#2532=CARTESIAN_POINT('',(-52.375,-20.425,17.));
#2533=CARTESIAN_POINT('Origin',(-53.375,-38.85,17.));
#2534=CARTESIAN_POINT('Origin',(-69.,-39.85,17.));
#2535=CARTESIAN_POINT('',(-68.75,-39.85,18.));
#2536=CARTESIAN_POINT('',(-69.,-39.85,18.));
#2537=CARTESIAN_POINT('Origin',(-68.75,-39.85,17.));
#2538=CARTESIAN_POINT('Origin',(-68.75,20.425,17.));
#2539=CARTESIAN_POINT('',(-68.75,39.85,18.));
#2540=CARTESIAN_POINT('',(-68.75,20.425,18.));
#2541=CARTESIAN_POINT('',(-69.75,40.85,17.));
#2542=CARTESIAN_POINT('Origin',(-68.75,39.85,17.));
#2543=CARTESIAN_POINT('',(-69.75,20.425,17.));
#2544=CARTESIAN_POINT('Origin',(0.750000000000002,39.85,17.));
#2545=CARTESIAN_POINT('',(-53.375,39.85,18.));
#2546=CARTESIAN_POINT('',(0.750000000000002,39.85,18.));
#2547=CARTESIAN_POINT('',(-52.375,40.85,17.));
#2548=CARTESIAN_POINT('Origin',(-53.375,39.85,17.));
#2549=CARTESIAN_POINT('',(0.750000000000002,40.85,17.));
#2550=CARTESIAN_POINT('Origin',(-53.375,18.925,17.));
#2551=CARTESIAN_POINT('',(-53.375,38.85,18.));
#2552=CARTESIAN_POINT('',(-53.375,18.925,18.));
#2553=CARTESIAN_POINT('',(-52.375,37.85,17.));
#2554=CARTESIAN_POINT('Origin',(-53.375,38.85,17.));
#2555=CARTESIAN_POINT('',(-52.375,18.925,17.));
#2556=CARTESIAN_POINT('Origin',(-67.5,38.85,17.));
#2557=CARTESIAN_POINT('',(-66.75,37.85,17.));
#2558=CARTESIAN_POINT('',(-67.5,37.85,17.));
#2559=CARTESIAN_POINT('',(-67.75,38.85,18.));
#2560=CARTESIAN_POINT('',(-67.5,38.85,18.));
#2561=CARTESIAN_POINT('Origin',(-67.75,38.85,17.));
#2562=CARTESIAN_POINT('Origin',(-67.75,-20.425,17.));
#2563=CARTESIAN_POINT('',(-66.75,-37.85,17.));
#2564=CARTESIAN_POINT('',(-66.75,-20.425,17.));
#2565=CARTESIAN_POINT('',(-67.75,-38.85,18.));
#2566=CARTESIAN_POINT('',(-67.75,-20.425,18.));
#2567=CARTESIAN_POINT('Origin',(-67.75,-38.85,17.));
#2568=CARTESIAN_POINT('Origin',(-60.3125,-38.85,17.));
#2569=CARTESIAN_POINT('',(-60.3125,-37.85,17.));
#2570=CARTESIAN_POINT('',(-60.3125,-38.85,18.));
#2571=CARTESIAN_POINT('Origin',(-66.75,37.85,3.));
#2572=CARTESIAN_POINT('',(-66.75,37.85,3.));
#2573=CARTESIAN_POINT('',(-52.375,37.85,3.));
#2574=CARTESIAN_POINT('Origin',(-66.75,-40.85,3.));
#2575=CARTESIAN_POINT('',(-66.75,-37.85,3.));
#2576=CARTESIAN_POINT('Origin',(-52.375,-37.85,3.));
#2577=CARTESIAN_POINT('',(-52.375,-37.85,3.));
#2578=CARTESIAN_POINT('Origin',(-52.375,-40.85,3.));
#2579=CARTESIAN_POINT('Origin',(-68.25,0.,18.));
#2580=CARTESIAN_POINT('Origin',(-13.375,40.1,17.));
#2581=CARTESIAN_POINT('',(-13.375,38.85,18.));
#2582=CARTESIAN_POINT('',(-13.375,39.85,18.));
#2583=CARTESIAN_POINT('',(-13.375,40.1,18.));
#2584=CARTESIAN_POINT('',(-14.375,40.85,17.));
#2585=CARTESIAN_POINT('Origin',(-13.375,39.85,17.));
#2586=CARTESIAN_POINT('',(-14.375,37.85,17.));
#2587=CARTESIAN_POINT('',(-14.375,40.1,17.));
#2588=CARTESIAN_POINT('Origin',(-13.375,38.85,17.));
#2589=CARTESIAN_POINT('Origin',(34.875,39.85,17.));
#2590=CARTESIAN_POINT('',(13.375,39.85,18.));
#2591=CARTESIAN_POINT('',(34.875,39.85,18.));
#2592=CARTESIAN_POINT('',(14.375,40.85,17.));
#2593=CARTESIAN_POINT('Origin',(13.375,39.85,17.));
#2594=CARTESIAN_POINT('',(34.875,40.85,17.));
#2595=CARTESIAN_POINT('Origin',(13.375,38.6,17.));
#2596=CARTESIAN_POINT('',(13.375,38.85,18.));
#2597=CARTESIAN_POINT('',(13.375,38.6,18.));
#2598=CARTESIAN_POINT('',(14.375,37.85,17.));
#2599=CARTESIAN_POINT('Origin',(13.375,38.85,17.));
#2600=CARTESIAN_POINT('',(14.375,38.6,17.));
#2601=CARTESIAN_POINT('Origin',(-7.1875,38.85,17.));
#2602=CARTESIAN_POINT('',(-7.1875,37.85,17.));
#2603=CARTESIAN_POINT('',(-7.1875,38.85,18.));
#2604=CARTESIAN_POINT('Origin',(-14.375,37.85,3.));
#2605=CARTESIAN_POINT('',(-14.375,37.85,3.));
#2606=CARTESIAN_POINT('',(14.375,37.85,3.));
#2607=CARTESIAN_POINT('Origin',(-14.375,40.85,3.));
#2608=CARTESIAN_POINT('',(-14.375,40.85,3.));
#2609=CARTESIAN_POINT('Origin',(0.,39.35,18.));
#2610=CARTESIAN_POINT('Origin',(-0.750000000000002,-39.85,17.));
#2611=CARTESIAN_POINT('',(68.75,-39.85,18.));
#2612=CARTESIAN_POINT('',(53.375,-39.85,18.));
#2613=CARTESIAN_POINT('',(-0.750000000000002,-39.85,18.));
#2614=CARTESIAN_POINT('Origin',(53.375,-39.85,17.));
#2615=CARTESIAN_POINT('Origin',(68.75,-39.85,17.));
#2616=CARTESIAN_POINT('Origin',(53.375,-18.925,17.));
#2617=CARTESIAN_POINT('',(53.375,-38.85,18.));
#2618=CARTESIAN_POINT('',(53.375,-18.925,18.));
#2619=CARTESIAN_POINT('',(52.375,-37.85,17.));
#2620=CARTESIAN_POINT('Origin',(53.375,-38.85,17.));
#2621=CARTESIAN_POINT('',(52.375,-18.925,17.));
#2622=CARTESIAN_POINT('Origin',(67.5,-38.85,17.));
#2623=CARTESIAN_POINT('',(67.75,-38.85,18.));
#2624=CARTESIAN_POINT('',(67.5,-38.85,18.));
#2625=CARTESIAN_POINT('',(66.75,-37.85,17.));
#2626=CARTESIAN_POINT('Origin',(67.75,-38.85,17.));
#2627=CARTESIAN_POINT('',(67.5,-37.85,17.));
#2628=CARTESIAN_POINT('Origin',(67.75,20.425,17.));
#2629=CARTESIAN_POINT('',(67.75,38.85,18.));
#2630=CARTESIAN_POINT('',(67.75,20.425,18.));
#2631=CARTESIAN_POINT('',(66.75,37.85,17.));
#2632=CARTESIAN_POINT('Origin',(67.75,38.85,17.));
#2633=CARTESIAN_POINT('',(66.75,20.425,17.));
#2634=CARTESIAN_POINT('Origin',(60.3125,38.85,17.));
#2635=CARTESIAN_POINT('',(53.375,38.85,18.));
#2636=CARTESIAN_POINT('',(60.3125,38.85,18.));
#2637=CARTESIAN_POINT('',(52.375,37.85,17.));
#2638=CARTESIAN_POINT('Origin',(53.375,38.85,17.));
#2639=CARTESIAN_POINT('',(60.3125,37.85,17.));
#2640=CARTESIAN_POINT('Origin',(53.375,20.425,17.));
#2641=CARTESIAN_POINT('',(52.375,40.85,17.));
#2642=CARTESIAN_POINT('',(52.375,20.425,17.));
#2643=CARTESIAN_POINT('',(53.375,39.85,18.));
#2644=CARTESIAN_POINT('',(53.375,20.425,18.));
#2645=CARTESIAN_POINT('Origin',(53.375,39.85,17.));
#2646=CARTESIAN_POINT('Origin',(69.,39.85,17.));
#2647=CARTESIAN_POINT('',(69.75,40.85,17.));
#2648=CARTESIAN_POINT('',(69.,40.85,17.));
#2649=CARTESIAN_POINT('',(68.75,39.85,18.));
#2650=CARTESIAN_POINT('',(69.,39.85,18.));
#2651=CARTESIAN_POINT('Origin',(68.75,39.85,17.));
#2652=CARTESIAN_POINT('Origin',(68.75,-20.425,17.));
#2653=CARTESIAN_POINT('',(69.75,-20.425,17.));
#2654=CARTESIAN_POINT('',(68.75,-20.425,18.));
#2655=CARTESIAN_POINT('Origin',(52.375,40.85,3.));
#2656=CARTESIAN_POINT('',(52.375,40.85,3.));
#2657=CARTESIAN_POINT('',(52.375,37.85,3.));
#2658=CARTESIAN_POINT('Origin',(69.75,40.85,0.));
#2659=CARTESIAN_POINT('',(-52.375,40.85,3.));
#2660=CARTESIAN_POINT('',(14.375,40.85,3.));
#2661=CARTESIAN_POINT('',(69.75,40.85,0.));
#2662=CARTESIAN_POINT('',(69.75,40.85,0.));
#2663=CARTESIAN_POINT('',(-69.75,40.85,0.));
#2664=CARTESIAN_POINT('',(69.75,40.85,0.));
#2665=CARTESIAN_POINT('',(-69.75,40.85,0.));
#2666=CARTESIAN_POINT('Origin',(69.75,-40.85,0.));
#2667=CARTESIAN_POINT('',(69.75,-40.85,0.));
#2668=CARTESIAN_POINT('Origin',(68.25,0.,18.));
#2669=CARTESIAN_POINT('Origin',(46.375,-35.85,3.));
#2670=CARTESIAN_POINT('',(46.375,-33.85,0.));
#2671=CARTESIAN_POINT('',(46.375,-33.85,3.));
#2672=CARTESIAN_POINT('Origin',(46.375,-35.85,0.));
#2673=CARTESIAN_POINT('Origin',(20.375,-33.85,3.));
#2674=CARTESIAN_POINT('',(10.1875,-33.85,0.));
#2675=CARTESIAN_POINT('Origin',(-20.375,35.85,3.));
#2676=CARTESIAN_POINT('',(-20.375,37.85,0.));
#2677=CARTESIAN_POINT('',(-20.375,37.85,3.));
#2678=CARTESIAN_POINT('Origin',(-20.375,35.85,0.));
#2679=CARTESIAN_POINT('Origin',(-46.375,37.85,3.));
#2680=CARTESIAN_POINT('',(-23.1875,37.85,0.));
#2681=CARTESIAN_POINT('Origin',(-20.375,-35.85,3.));
#2682=CARTESIAN_POINT('',(-20.375,-33.85,0.));
#2683=CARTESIAN_POINT('',(-20.375,-33.85,3.));
#2684=CARTESIAN_POINT('Origin',(-20.375,-35.85,0.));
#2685=CARTESIAN_POINT('Origin',(-46.375,-33.85,3.));
#2686=CARTESIAN_POINT('',(-23.1875,-33.85,0.));
#2687=CARTESIAN_POINT('Origin',(46.375,35.85,3.));
#2688=CARTESIAN_POINT('',(46.375,37.85,0.));
#2689=CARTESIAN_POINT('',(46.375,37.85,3.));
#2690=CARTESIAN_POINT('Origin',(46.375,35.85,0.));
#2691=CARTESIAN_POINT('Origin',(20.375,37.85,3.));
#2692=CARTESIAN_POINT('',(10.1875,37.85,0.));
#2693=CARTESIAN_POINT('Origin',(52.375,37.85,3.));
#2694=CARTESIAN_POINT('',(66.75,37.85,3.));
#2695=CARTESIAN_POINT('Origin',(66.75,40.85,3.));
#2696=CARTESIAN_POINT('',(66.75,-37.85,3.));
#2697=CARTESIAN_POINT('Origin',(14.375,37.85,3.));
#2698=CARTESIAN_POINT('Origin',(-52.375,37.85,3.));
#2699=CARTESIAN_POINT('Origin',(66.75,-37.85,3.));
#2700=CARTESIAN_POINT('',(52.375,-37.85,3.));
#2701=CARTESIAN_POINT('Origin',(52.375,-37.85,3.));
#2702=CARTESIAN_POINT('Origin',(14.375,-37.85,3.));
#2703=CARTESIAN_POINT('',(-14.375,-37.85,3.));
#2704=CARTESIAN_POINT('Origin',(-14.375,-37.85,3.));
#2705=CARTESIAN_POINT('Origin',(-69.75,40.85,0.));
#2706=CARTESIAN_POINT('',(-69.75,40.85,0.));
#2707=CARTESIAN_POINT('Origin',(0.,0.,0.));
#2708=UNCERTAINTY_MEASURE_WITH_UNIT(LENGTH_MEASURE(0.01),#2712,
'DISTANCE_ACCURACY_VALUE',
'Maximum model space distance between geometric entities at asserted c
onnectivities');
#2709=UNCERTAINTY_MEASURE_WITH_UNIT(LENGTH_MEASURE(0.01),#2712,
'DISTANCE_ACCURACY_VALUE',
'Maximum model space distance between geometric entities at asserted c
onnectivities');
#2710=(
GEOMETRIC_REPRESENTATION_CONTEXT(3)
GLOBAL_UNCERTAINTY_ASSIGNED_CONTEXT((#2708))
GLOBAL_UNIT_ASSIGNED_CONTEXT((#2712,#2714,#2715))
REPRESENTATION_CONTEXT('','3D')
);
#2711=(
GEOMETRIC_REPRESENTATION_CONTEXT(3)
GLOBAL_UNCERTAINTY_ASSIGNED_CONTEXT((#2709))
GLOBAL_UNIT_ASSIGNED_CONTEXT((#2712,#2714,#2715))
REPRESENTATION_CONTEXT('','3D')
);
#2712=(
LENGTH_UNIT()
NAMED_UNIT(*)
SI_UNIT(.MILLI.,.METRE.)
);
#2713=(
LENGTH_UNIT()
NAMED_UNIT(*)
SI_UNIT($,.METRE.)
);
#2714=(
NAMED_UNIT(*)
PLANE_ANGLE_UNIT()
SI_UNIT($,.RADIAN.)
);
#2715=(
NAMED_UNIT(*)
SI_UNIT($,.STERADIAN.)
SOLID_ANGLE_UNIT()
);
#2716=SHAPE_DEFINITION_REPRESENTATION(#2717,#2718);
#2717=PRODUCT_DEFINITION_SHAPE('',$,#2720);
#2718=SHAPE_REPRESENTATION('',(#1592),#2710);
#2719=PRODUCT_DEFINITION_CONTEXT('part definition',#2724,'design');
#2720=PRODUCT_DEFINITION('2026-05-26-08-43-21-523',
'power_tray_v0_1_fusion_final',#2721,#2719);
#2721=PRODUCT_DEFINITION_FORMATION('',$,#2726);
#2722=PRODUCT_RELATED_PRODUCT_CATEGORY('power_tray_v0_1_fusion_final',
'power_tray_v0_1_fusion_final',(#2726));
#2723=APPLICATION_PROTOCOL_DEFINITION('international standard',
'automotive_design',2009,#2724);
#2724=APPLICATION_CONTEXT(
'Core Data for Automotive Mechanical Design Process');
#2725=PRODUCT_CONTEXT('part definition',#2724,'mechanical');
#2726=PRODUCT('2026-05-26-08-43-21-523','power_tray_v0_1_fusion_final',
$,(#2725));
#2727=PRESENTATION_STYLE_ASSIGNMENT((#2728));
#2728=SURFACE_STYLE_USAGE(.BOTH.,#2729);
#2729=SURFACE_SIDE_STYLE('',(#2730));
#2730=SURFACE_STYLE_FILL_AREA(#2731);
#2731=FILL_AREA_STYLE('\X2\94A2\X0\ - \X2\7F0E5149\X0\',(#2732));
#2732=FILL_AREA_STYLE_COLOUR('\X2\94A2\X0\ - \X2\7F0E5149\X0\',#2733);
#2733=COLOUR_RGB('\X2\94A2\X0\ - \X2\7F0E5149\X0\',0.627450980392157,0.627450980392157,
0.627450980392157);
ENDSEC;
END-ISO-10303-21;
