ISO-10303-21;
HEADER;
/* Generated by software containing ST-Developer
 * from STEP Tools, Inc. (www.steptools.com) 
 */

FILE_DESCRIPTION(
/* description */ (''),
/* implementation_level */ '2;1');

FILE_NAME(
/* name */ '',
/* time_stamp */ '2026-06-02T01:36:15+08:00',
/* author */ (''),
/* organization */ (''),
/* preprocessor_version */ 'ST-DEVELOPER v20.1',
/* originating_system */ 'Autodesk Translation Framework v15.8.0.0',
/* authorisation */ '');

FILE_SCHEMA (('AUTOMOTIVE_DESIGN { 1 0 10303 214 3 1 1 }'));
ENDSEC;

DATA;
#10=MECHANICAL_DESIGN_GEOMETRIC_PRESENTATION_REPRESENTATION('',(#13),#4752);
#11=SHAPE_REPRESENTATION_RELATIONSHIP('SRR','None',#4759,#12);
#12=ADVANCED_BREP_SHAPE_REPRESENTATION('',(#14),#4751);
#13=STYLED_ITEM('',(#4768),#14);
#14=MANIFOLD_SOLID_BREP('\X2\5B9E4F53\X0\1',#2636);
#15=FACE_BOUND('',#590,.T.);
#16=FACE_BOUND('',#591,.T.);
#17=FACE_BOUND('',#592,.T.);
#18=FACE_BOUND('',#593,.T.);
#19=FACE_BOUND('',#594,.T.);
#20=FACE_BOUND('',#595,.T.);
#21=FACE_BOUND('',#596,.T.);
#22=FACE_BOUND('',#597,.T.);
#23=FACE_BOUND('',#598,.T.);
#24=FACE_BOUND('',#599,.T.);
#25=FACE_BOUND('',#600,.T.);
#26=FACE_BOUND('',#601,.T.);
#27=FACE_BOUND('',#602,.T.);
#28=FACE_BOUND('',#603,.T.);
#29=FACE_BOUND('',#604,.T.);
#30=FACE_BOUND('',#605,.T.);
#31=FACE_BOUND('',#606,.T.);
#32=FACE_BOUND('',#607,.T.);
#33=FACE_BOUND('',#608,.T.);
#34=FACE_BOUND('',#609,.T.);
#35=FACE_BOUND('',#610,.T.);
#36=FACE_BOUND('',#611,.T.);
#37=FACE_BOUND('',#612,.T.);
#38=FACE_BOUND('',#613,.T.);
#39=FACE_BOUND('',#614,.T.);
#40=FACE_BOUND('',#615,.T.);
#41=FACE_BOUND('',#616,.T.);
#42=FACE_BOUND('',#617,.T.);
#43=FACE_BOUND('',#618,.T.);
#44=FACE_BOUND('',#619,.T.);
#45=FACE_BOUND('',#620,.T.);
#46=FACE_BOUND('',#621,.T.);
#47=FACE_BOUND('',#622,.T.);
#48=FACE_BOUND('',#623,.T.);
#49=FACE_BOUND('',#624,.T.);
#50=FACE_BOUND('',#625,.T.);
#51=FACE_BOUND('',#626,.T.);
#52=FACE_BOUND('',#627,.T.);
#53=FACE_BOUND('',#628,.T.);
#54=FACE_BOUND('',#641,.T.);
#55=FACE_BOUND('',#642,.T.);
#56=FACE_BOUND('',#643,.T.);
#57=FACE_BOUND('',#644,.T.);
#58=FACE_BOUND('',#645,.T.);
#59=FACE_BOUND('',#646,.T.);
#60=FACE_BOUND('',#647,.T.);
#61=FACE_BOUND('',#648,.T.);
#62=FACE_BOUND('',#649,.T.);
#63=FACE_BOUND('',#650,.T.);
#64=FACE_BOUND('',#651,.T.);
#65=FACE_BOUND('',#652,.T.);
#66=FACE_BOUND('',#653,.T.);
#67=FACE_BOUND('',#654,.T.);
#68=FACE_BOUND('',#655,.T.);
#69=FACE_BOUND('',#656,.T.);
#70=FACE_BOUND('',#657,.T.);
#71=FACE_BOUND('',#658,.T.);
#72=FACE_BOUND('',#659,.T.);
#73=FACE_BOUND('',#660,.T.);
#74=FACE_BOUND('',#661,.T.);
#75=FACE_BOUND('',#662,.T.);
#76=FACE_BOUND('',#663,.T.);
#77=FACE_BOUND('',#664,.T.);
#78=FACE_BOUND('',#665,.T.);
#79=FACE_BOUND('',#666,.T.);
#80=FACE_BOUND('',#667,.T.);
#81=FACE_BOUND('',#668,.T.);
#82=FACE_BOUND('',#669,.T.);
#83=FACE_BOUND('',#670,.T.);
#84=FACE_BOUND('',#671,.T.);
#85=FACE_BOUND('',#672,.T.);
#86=FACE_BOUND('',#673,.T.);
#87=FACE_BOUND('',#674,.T.);
#88=FACE_BOUND('',#675,.T.);
#89=FACE_BOUND('',#676,.T.);
#90=FACE_BOUND('',#677,.T.);
#91=FACE_BOUND('',#678,.T.);
#92=FACE_BOUND('',#679,.T.);
#93=PLANE('',#2674);
#94=PLANE('',#2677);
#95=PLANE('',#2680);
#96=PLANE('',#2751);
#97=PLANE('',#2753);
#98=PLANE('',#2949);
#99=PLANE('',#2952);
#100=PLANE('',#2971);
#101=PLANE('',#2994);
#102=PLANE('',#2997);
#103=PLANE('',#3016);
#104=PLANE('',#3017);
#105=PLANE('',#3019);
#106=PLANE('',#3021);
#107=PLANE('',#3023);
#108=PLANE('',#3026);
#109=PLANE('',#3028);
#110=PLANE('',#3030);
#111=LINE('',#3998,#234);
#112=LINE('',#3999,#235);
#113=LINE('',#4010,#236);
#114=LINE('',#4011,#237);
#115=LINE('',#4022,#238);
#116=LINE('',#4023,#239);
#117=LINE('',#4031,#240);
#118=LINE('',#4032,#241);
#119=LINE('',#4035,#242);
#120=LINE('',#4037,#243);
#121=LINE('',#4038,#244);
#122=LINE('',#4041,#245);
#123=LINE('',#4045,#246);
#124=LINE('',#4046,#247);
#125=LINE('',#4049,#248);
#126=LINE('',#4068,#249);
#127=LINE('',#4072,#250);
#128=LINE('',#4076,#251);
#129=LINE('',#4080,#252);
#130=LINE('',#4084,#253);
#131=LINE('',#4088,#254);
#132=LINE('',#4094,#255);
#133=LINE('',#4097,#256);
#134=LINE('',#4142,#257);
#135=LINE('',#4146,#258);
#136=LINE('',#4150,#259);
#137=LINE('',#4154,#260);
#138=LINE('',#4182,#261);
#139=LINE('',#4183,#262);
#140=LINE('',#4191,#263);
#141=LINE('',#4199,#264);
#142=LINE('',#4207,#265);
#143=LINE('',#4208,#266);
#144=LINE('',#4210,#267);
#145=LINE('',#4212,#268);
#146=LINE('',#4214,#269);
#147=LINE('',#4232,#270);
#148=LINE('',#4236,#271);
#149=LINE('',#4240,#272);
#150=LINE('',#4244,#273);
#151=LINE('',#4248,#274);
#152=LINE('',#4252,#275);
#153=LINE('',#4258,#276);
#154=LINE('',#4261,#277);
#155=LINE('',#4306,#278);
#156=LINE('',#4310,#279);
#157=LINE('',#4314,#280);
#158=LINE('',#4318,#281);
#159=LINE('',#4344,#282);
#160=LINE('',#4358,#283);
#161=LINE('',#4370,#284);
#162=LINE('',#4382,#285);
#163=LINE('',#4394,#286);
#164=LINE('',#4410,#287);
#165=LINE('',#4422,#288);
#166=LINE('',#4438,#289);
#167=LINE('',#4450,#290);
#168=LINE('',#4466,#291);
#169=LINE('',#4480,#292);
#170=LINE('',#4496,#293);
#171=LINE('',#4510,#294);
#172=LINE('',#4526,#295);
#173=LINE('',#4534,#296);
#174=LINE('',#4543,#297);
#175=LINE('',#4551,#298);
#176=LINE('',#4559,#299);
#177=LINE('',#4564,#300);
#178=LINE('',#4567,#301);
#179=LINE('',#4570,#302);
#180=LINE('',#4571,#303);
#181=LINE('',#4574,#304);
#182=LINE('',#4578,#305);
#183=LINE('',#4579,#306);
#184=LINE('',#4583,#307);
#185=LINE('',#4600,#308);
#186=LINE('',#4604,#309);
#187=LINE('',#4609,#310);
#188=LINE('',#4618,#311);
#189=LINE('',#4626,#312);
#190=LINE('',#4634,#313);
#191=LINE('',#4639,#314);
#192=LINE('',#4642,#315);
#193=LINE('',#4645,#316);
#194=LINE('',#4646,#317);
#195=LINE('',#4649,#318);
#196=LINE('',#4653,#319);
#197=LINE('',#4654,#320);
#198=LINE('',#4658,#321);
#199=LINE('',#4675,#322);
#200=LINE('',#4679,#323);
#201=LINE('',#4682,#324);
#202=LINE('',#4684,#325);
#203=LINE('',#4687,#326);
#204=LINE('',#4688,#327);
#205=LINE('',#4690,#328);
#206=LINE('',#4692,#329);
#207=LINE('',#4695,#330);
#208=LINE('',#4696,#331);
#209=LINE('',#4698,#332);
#210=LINE('',#4700,#333);
#211=LINE('',#4703,#334);
#212=LINE('',#4705,#335);
#213=LINE('',#4706,#336);
#214=LINE('',#4710,#337);
#215=LINE('',#4712,#338);
#216=LINE('',#4714,#339);
#217=LINE('',#4716,#340);
#218=LINE('',#4718,#341);
#219=LINE('',#4720,#342);
#220=LINE('',#4722,#343);
#221=LINE('',#4724,#344);
#222=LINE('',#4726,#345);
#223=LINE('',#4728,#346);
#224=LINE('',#4730,#347);
#225=LINE('',#4732,#348);
#226=LINE('',#4734,#349);
#227=LINE('',#4736,#350);
#228=LINE('',#4738,#351);
#229=LINE('',#4740,#352);
#230=LINE('',#4742,#353);
#231=LINE('',#4744,#354);
#232=LINE('',#4746,#355);
#233=LINE('',#4748,#356);
#234=VECTOR('',#3069,10.);
#235=VECTOR('',#3070,10.);
#236=VECTOR('',#3083,10.);
#237=VECTOR('',#3084,10.);
#238=VECTOR('',#3097,10.);
#239=VECTOR('',#3098,10.);
#240=VECTOR('',#3109,10.);
#241=VECTOR('',#3110,10.);
#242=VECTOR('',#3113,10.);
#243=VECTOR('',#3114,10.);
#244=VECTOR('',#3115,10.);
#245=VECTOR('',#3118,10.);
#246=VECTOR('',#3123,10.);
#247=VECTOR('',#3124,10.);
#248=VECTOR('',#3127,10.);
#249=VECTOR('',#3146,10.);
#250=VECTOR('',#3149,10.);
#251=VECTOR('',#3152,10.);
#252=VECTOR('',#3155,10.);
#253=VECTOR('',#3158,10.);
#254=VECTOR('',#3161,10.);
#255=VECTOR('',#3166,10.);
#256=VECTOR('',#3169,10.);
#257=VECTOR('',#3212,10.);
#258=VECTOR('',#3215,10.);
#259=VECTOR('',#3218,10.);
#260=VECTOR('',#3221,10.);
#261=VECTOR('',#3252,10.);
#262=VECTOR('',#3253,10.);
#263=VECTOR('',#3264,10.);
#264=VECTOR('',#3275,10.);
#265=VECTOR('',#3286,10.);
#266=VECTOR('',#3287,10.);
#267=VECTOR('',#3290,10.);
#268=VECTOR('',#3293,10.);
#269=VECTOR('',#3296,10.);
#270=VECTOR('',#3313,10.);
#271=VECTOR('',#3316,10.);
#272=VECTOR('',#3319,10.);
#273=VECTOR('',#3322,10.);
#274=VECTOR('',#3325,10.);
#275=VECTOR('',#3328,10.);
#276=VECTOR('',#3333,10.);
#277=VECTOR('',#3336,10.);
#278=VECTOR('',#3379,10.);
#279=VECTOR('',#3382,10.);
#280=VECTOR('',#3385,10.);
#281=VECTOR('',#3388,10.);
#282=VECTOR('',#3417,1.75000000000001);
#283=VECTOR('',#3436,1.75000000000001);
#284=VECTOR('',#3453,1.75000000000001);
#285=VECTOR('',#3468,1.75000000000001);
#286=VECTOR('',#3483,1.75000000000001);
#287=VECTOR('',#3504,1.75000000000001);
#288=VECTOR('',#3521,1.74999999999999);
#289=VECTOR('',#3542,1.74999999999999);
#290=VECTOR('',#3559,1.75000000000001);
#291=VECTOR('',#3582,1.75000000000001);
#292=VECTOR('',#3601,1.75000000000001);
#293=VECTOR('',#3622,1.75000000000001);
#294=VECTOR('',#3641,1.75000000000001);
#295=VECTOR('',#3664,1.75000000000001);
#296=VECTOR('',#3675,10.);
#297=VECTOR('',#3688,10.);
#298=VECTOR('',#3699,10.);
#299=VECTOR('',#3710,10.);
#300=VECTOR('',#3717,10.);
#301=VECTOR('',#3720,10.);
#302=VECTOR('',#3723,10.);
#303=VECTOR('',#3724,10.);
#304=VECTOR('',#3727,10.);
#305=VECTOR('',#3732,10.);
#306=VECTOR('',#3733,10.);
#307=VECTOR('',#3738,10.);
#308=VECTOR('',#3767,10.);
#309=VECTOR('',#3774,10.);
#310=VECTOR('',#3779,10.);
#311=VECTOR('',#3792,10.);
#312=VECTOR('',#3803,10.);
#313=VECTOR('',#3814,10.);
#314=VECTOR('',#3821,10.);
#315=VECTOR('',#3824,10.);
#316=VECTOR('',#3827,10.);
#317=VECTOR('',#3828,10.);
#318=VECTOR('',#3831,10.);
#319=VECTOR('',#3836,10.);
#320=VECTOR('',#3837,10.);
#321=VECTOR('',#3842,10.);
#322=VECTOR('',#3871,10.);
#323=VECTOR('',#3878,10.);
#324=VECTOR('',#3883,10.);
#325=VECTOR('',#3886,10.);
#326=VECTOR('',#3891,10.);
#327=VECTOR('',#3892,10.);
#328=VECTOR('',#3895,10.);
#329=VECTOR('',#3898,10.);
#330=VECTOR('',#3903,10.);
#331=VECTOR('',#3904,10.);
#332=VECTOR('',#3907,10.);
#333=VECTOR('',#3910,10.);
#334=VECTOR('',#3915,1.6);
#335=VECTOR('',#3918,10.);
#336=VECTOR('',#3919,10.);
#337=VECTOR('',#3926,2.9);
#338=VECTOR('',#3929,2.15);
#339=VECTOR('',#3932,1.99000000000002);
#340=VECTOR('',#3935,2.15);
#341=VECTOR('',#3938,1.6);
#342=VECTOR('',#3941,2.15);
#343=VECTOR('',#3944,1.6);
#344=VECTOR('',#3947,1.99000000000002);
#345=VECTOR('',#3950,2.15);
#346=VECTOR('',#3953,2.15);
#347=VECTOR('',#3956,1.99000000000002);
#348=VECTOR('',#3959,2.15);
#349=VECTOR('',#3962,2.15);
#350=VECTOR('',#3965,2.15);
#351=VECTOR('',#3968,1.6);
#352=VECTOR('',#3971,2.15);
#353=VECTOR('',#3974,1.99000000000002);
#354=VECTOR('',#3977,2.15);
#355=VECTOR('',#3980,10.68);
#356=VECTOR('',#3983,11.05);
#357=CYLINDRICAL_SURFACE('',#2655,0.5);
#358=CYLINDRICAL_SURFACE('',#2661,0.5);
#359=CYLINDRICAL_SURFACE('',#2667,0.5);
#360=CYLINDRICAL_SURFACE('',#2673,0.5);
#361=CYLINDRICAL_SURFACE('',#2675,10.);
#362=CYLINDRICAL_SURFACE('',#2678,10.);
#363=CYLINDRICAL_SURFACE('',#2733,0.5);
#364=CYLINDRICAL_SURFACE('',#2738,0.5);
#365=CYLINDRICAL_SURFACE('',#2743,0.5);
#366=CYLINDRICAL_SURFACE('',#2749,0.5);
#367=CYLINDRICAL_SURFACE('',#2750,10.);
#368=CYLINDRICAL_SURFACE('',#2752,10.);
#369=CYLINDRICAL_SURFACE('',#2805,1.75000000000001);
#370=CYLINDRICAL_SURFACE('',#2814,1.75000000000001);
#371=CYLINDRICAL_SURFACE('',#2823,1.75000000000001);
#372=CYLINDRICAL_SURFACE('',#2830,1.75000000000001);
#373=CYLINDRICAL_SURFACE('',#2837,1.75000000000001);
#374=CYLINDRICAL_SURFACE('',#2846,1.75000000000001);
#375=CYLINDRICAL_SURFACE('',#2855,1.74999999999999);
#376=CYLINDRICAL_SURFACE('',#2864,1.74999999999999);
#377=CYLINDRICAL_SURFACE('',#2873,1.75000000000001);
#378=CYLINDRICAL_SURFACE('',#2884,1.75000000000001);
#379=CYLINDRICAL_SURFACE('',#2893,1.75000000000001);
#380=CYLINDRICAL_SURFACE('',#2902,1.75000000000001);
#381=CYLINDRICAL_SURFACE('',#2911,1.75000000000001);
#382=CYLINDRICAL_SURFACE('',#2922,1.75000000000001);
#383=CYLINDRICAL_SURFACE('',#2927,0.5);
#384=CYLINDRICAL_SURFACE('',#2933,0.5);
#385=CYLINDRICAL_SURFACE('',#2938,0.5);
#386=CYLINDRICAL_SURFACE('',#2943,0.5);
#387=CYLINDRICAL_SURFACE('',#2947,1.99999999999998);
#388=CYLINDRICAL_SURFACE('',#2950,2.00000000000001);
#389=CYLINDRICAL_SURFACE('',#2953,0.5);
#390=CYLINDRICAL_SURFACE('',#2958,0.5);
#391=CYLINDRICAL_SURFACE('',#2962,0.5);
#392=CYLINDRICAL_SURFACE('',#2967,0.5);
#393=CYLINDRICAL_SURFACE('',#2972,0.5);
#394=CYLINDRICAL_SURFACE('',#2978,0.5);
#395=CYLINDRICAL_SURFACE('',#2983,0.5);
#396=CYLINDRICAL_SURFACE('',#2988,0.5);
#397=CYLINDRICAL_SURFACE('',#2992,1.99999999999999);
#398=CYLINDRICAL_SURFACE('',#2995,1.99999999999996);
#399=CYLINDRICAL_SURFACE('',#2998,0.5);
#400=CYLINDRICAL_SURFACE('',#3003,0.5);
#401=CYLINDRICAL_SURFACE('',#3007,0.5);
#402=CYLINDRICAL_SURFACE('',#3012,0.5);
#403=CYLINDRICAL_SURFACE('',#3018,1.99999999999999);
#404=CYLINDRICAL_SURFACE('',#3020,1.99999999999999);
#405=CYLINDRICAL_SURFACE('',#3022,2.15000000000046);
#406=CYLINDRICAL_SURFACE('',#3024,2.14999999998476);
#407=CYLINDRICAL_SURFACE('',#3025,2.15000000000348);
#408=CYLINDRICAL_SURFACE('',#3027,2.14999999998451);
#409=CYLINDRICAL_SURFACE('',#3029,1.6);
#410=CYLINDRICAL_SURFACE('',#3031,1.99999999999999);
#411=CYLINDRICAL_SURFACE('',#3032,1.99999999999999);
#412=CYLINDRICAL_SURFACE('',#3033,2.9);
#413=CYLINDRICAL_SURFACE('',#3034,2.15);
#414=CYLINDRICAL_SURFACE('',#3035,1.99000000000002);
#415=CYLINDRICAL_SURFACE('',#3036,2.15);
#416=CYLINDRICAL_SURFACE('',#3037,1.6);
#417=CYLINDRICAL_SURFACE('',#3038,2.15);
#418=CYLINDRICAL_SURFACE('',#3039,1.6);
#419=CYLINDRICAL_SURFACE('',#3040,1.99000000000002);
#420=CYLINDRICAL_SURFACE('',#3041,2.15);
#421=CYLINDRICAL_SURFACE('',#3042,2.15);
#422=CYLINDRICAL_SURFACE('',#3043,1.99000000000002);
#423=CYLINDRICAL_SURFACE('',#3044,2.15);
#424=CYLINDRICAL_SURFACE('',#3045,2.15);
#425=CYLINDRICAL_SURFACE('',#3046,2.15);
#426=CYLINDRICAL_SURFACE('',#3047,1.6);
#427=CYLINDRICAL_SURFACE('',#3048,2.15);
#428=CYLINDRICAL_SURFACE('',#3049,1.99000000000002);
#429=CYLINDRICAL_SURFACE('',#3050,2.15);
#430=CYLINDRICAL_SURFACE('',#3051,10.68);
#431=CYLINDRICAL_SURFACE('',#3052,11.05);
#432=FACE_OUTER_BOUND('',#577,.T.);
#433=FACE_OUTER_BOUND('',#578,.T.);
#434=FACE_OUTER_BOUND('',#579,.T.);
#435=FACE_OUTER_BOUND('',#580,.T.);
#436=FACE_OUTER_BOUND('',#581,.T.);
#437=FACE_OUTER_BOUND('',#582,.T.);
#438=FACE_OUTER_BOUND('',#583,.T.);
#439=FACE_OUTER_BOUND('',#584,.T.);
#440=FACE_OUTER_BOUND('',#585,.T.);
#441=FACE_OUTER_BOUND('',#586,.T.);
#442=FACE_OUTER_BOUND('',#587,.T.);
#443=FACE_OUTER_BOUND('',#588,.T.);
#444=FACE_OUTER_BOUND('',#589,.T.);
#445=FACE_OUTER_BOUND('',#629,.T.);
#446=FACE_OUTER_BOUND('',#630,.T.);
#447=FACE_OUTER_BOUND('',#631,.T.);
#448=FACE_OUTER_BOUND('',#632,.T.);
#449=FACE_OUTER_BOUND('',#633,.T.);
#450=FACE_OUTER_BOUND('',#634,.T.);
#451=FACE_OUTER_BOUND('',#635,.T.);
#452=FACE_OUTER_BOUND('',#636,.T.);
#453=FACE_OUTER_BOUND('',#637,.T.);
#454=FACE_OUTER_BOUND('',#638,.T.);
#455=FACE_OUTER_BOUND('',#639,.T.);
#456=FACE_OUTER_BOUND('',#640,.T.);
#457=FACE_OUTER_BOUND('',#680,.T.);
#458=FACE_OUTER_BOUND('',#681,.T.);
#459=FACE_OUTER_BOUND('',#682,.T.);
#460=FACE_OUTER_BOUND('',#683,.T.);
#461=FACE_OUTER_BOUND('',#684,.T.);
#462=FACE_OUTER_BOUND('',#685,.T.);
#463=FACE_OUTER_BOUND('',#686,.T.);
#464=FACE_OUTER_BOUND('',#687,.T.);
#465=FACE_OUTER_BOUND('',#688,.T.);
#466=FACE_OUTER_BOUND('',#689,.T.);
#467=FACE_OUTER_BOUND('',#690,.T.);
#468=FACE_OUTER_BOUND('',#691,.T.);
#469=FACE_OUTER_BOUND('',#692,.T.);
#470=FACE_OUTER_BOUND('',#693,.T.);
#471=FACE_OUTER_BOUND('',#694,.T.);
#472=FACE_OUTER_BOUND('',#695,.T.);
#473=FACE_OUTER_BOUND('',#696,.T.);
#474=FACE_OUTER_BOUND('',#697,.T.);
#475=FACE_OUTER_BOUND('',#698,.T.);
#476=FACE_OUTER_BOUND('',#699,.T.);
#477=FACE_OUTER_BOUND('',#700,.T.);
#478=FACE_OUTER_BOUND('',#701,.T.);
#479=FACE_OUTER_BOUND('',#702,.T.);
#480=FACE_OUTER_BOUND('',#703,.T.);
#481=FACE_OUTER_BOUND('',#704,.T.);
#482=FACE_OUTER_BOUND('',#705,.T.);
#483=FACE_OUTER_BOUND('',#706,.T.);
#484=FACE_OUTER_BOUND('',#707,.T.);
#485=FACE_OUTER_BOUND('',#708,.T.);
#486=FACE_OUTER_BOUND('',#709,.T.);
#487=FACE_OUTER_BOUND('',#710,.T.);
#488=FACE_OUTER_BOUND('',#711,.T.);
#489=FACE_OUTER_BOUND('',#712,.T.);
#490=FACE_OUTER_BOUND('',#713,.T.);
#491=FACE_OUTER_BOUND('',#714,.T.);
#492=FACE_OUTER_BOUND('',#715,.T.);
#493=FACE_OUTER_BOUND('',#716,.T.);
#494=FACE_OUTER_BOUND('',#717,.T.);
#495=FACE_OUTER_BOUND('',#718,.T.);
#496=FACE_OUTER_BOUND('',#719,.T.);
#497=FACE_OUTER_BOUND('',#720,.T.);
#498=FACE_OUTER_BOUND('',#721,.T.);
#499=FACE_OUTER_BOUND('',#722,.T.);
#500=FACE_OUTER_BOUND('',#723,.T.);
#501=FACE_OUTER_BOUND('',#724,.T.);
#502=FACE_OUTER_BOUND('',#725,.T.);
#503=FACE_OUTER_BOUND('',#726,.T.);
#504=FACE_OUTER_BOUND('',#727,.T.);
#505=FACE_OUTER_BOUND('',#728,.T.);
#506=FACE_OUTER_BOUND('',#729,.T.);
#507=FACE_OUTER_BOUND('',#730,.T.);
#508=FACE_OUTER_BOUND('',#731,.T.);
#509=FACE_OUTER_BOUND('',#732,.T.);
#510=FACE_OUTER_BOUND('',#733,.T.);
#511=FACE_OUTER_BOUND('',#734,.T.);
#512=FACE_OUTER_BOUND('',#735,.T.);
#513=FACE_OUTER_BOUND('',#736,.T.);
#514=FACE_OUTER_BOUND('',#737,.T.);
#515=FACE_OUTER_BOUND('',#738,.T.);
#516=FACE_OUTER_BOUND('',#739,.T.);
#517=FACE_OUTER_BOUND('',#740,.T.);
#518=FACE_OUTER_BOUND('',#741,.T.);
#519=FACE_OUTER_BOUND('',#742,.T.);
#520=FACE_OUTER_BOUND('',#743,.T.);
#521=FACE_OUTER_BOUND('',#744,.T.);
#522=FACE_OUTER_BOUND('',#745,.T.);
#523=FACE_OUTER_BOUND('',#746,.T.);
#524=FACE_OUTER_BOUND('',#747,.T.);
#525=FACE_OUTER_BOUND('',#748,.T.);
#526=FACE_OUTER_BOUND('',#749,.T.);
#527=FACE_OUTER_BOUND('',#750,.T.);
#528=FACE_OUTER_BOUND('',#751,.T.);
#529=FACE_OUTER_BOUND('',#752,.T.);
#530=FACE_OUTER_BOUND('',#753,.T.);
#531=FACE_OUTER_BOUND('',#754,.T.);
#532=FACE_OUTER_BOUND('',#755,.T.);
#533=FACE_OUTER_BOUND('',#756,.T.);
#534=FACE_OUTER_BOUND('',#757,.T.);
#535=FACE_OUTER_BOUND('',#758,.T.);
#536=FACE_OUTER_BOUND('',#759,.T.);
#537=FACE_OUTER_BOUND('',#760,.T.);
#538=FACE_OUTER_BOUND('',#761,.T.);
#539=FACE_OUTER_BOUND('',#762,.T.);
#540=FACE_OUTER_BOUND('',#763,.T.);
#541=FACE_OUTER_BOUND('',#764,.T.);
#542=FACE_OUTER_BOUND('',#765,.T.);
#543=FACE_OUTER_BOUND('',#766,.T.);
#544=FACE_OUTER_BOUND('',#767,.T.);
#545=FACE_OUTER_BOUND('',#768,.T.);
#546=FACE_OUTER_BOUND('',#769,.T.);
#547=FACE_OUTER_BOUND('',#770,.T.);
#548=FACE_OUTER_BOUND('',#771,.T.);
#549=FACE_OUTER_BOUND('',#772,.T.);
#550=FACE_OUTER_BOUND('',#773,.T.);
#551=FACE_OUTER_BOUND('',#774,.T.);
#552=FACE_OUTER_BOUND('',#775,.T.);
#553=FACE_OUTER_BOUND('',#776,.T.);
#554=FACE_OUTER_BOUND('',#777,.T.);
#555=FACE_OUTER_BOUND('',#778,.T.);
#556=FACE_OUTER_BOUND('',#779,.T.);
#557=FACE_OUTER_BOUND('',#780,.T.);
#558=FACE_OUTER_BOUND('',#781,.T.);
#559=FACE_OUTER_BOUND('',#782,.T.);
#560=FACE_OUTER_BOUND('',#783,.T.);
#561=FACE_OUTER_BOUND('',#784,.T.);
#562=FACE_OUTER_BOUND('',#785,.T.);
#563=FACE_OUTER_BOUND('',#786,.T.);
#564=FACE_OUTER_BOUND('',#787,.T.);
#565=FACE_OUTER_BOUND('',#788,.T.);
#566=FACE_OUTER_BOUND('',#789,.T.);
#567=FACE_OUTER_BOUND('',#790,.T.);
#568=FACE_OUTER_BOUND('',#791,.T.);
#569=FACE_OUTER_BOUND('',#792,.T.);
#570=FACE_OUTER_BOUND('',#793,.T.);
#571=FACE_OUTER_BOUND('',#794,.T.);
#572=FACE_OUTER_BOUND('',#795,.T.);
#573=FACE_OUTER_BOUND('',#796,.T.);
#574=FACE_OUTER_BOUND('',#797,.T.);
#575=FACE_OUTER_BOUND('',#798,.T.);
#576=FACE_OUTER_BOUND('',#799,.T.);
#577=EDGE_LOOP('',(#1677,#1678,#1679,#1680));
#578=EDGE_LOOP('',(#1681,#1682,#1683,#1684));
#579=EDGE_LOOP('',(#1685,#1686,#1687,#1688));
#580=EDGE_LOOP('',(#1689,#1690,#1691,#1692));
#581=EDGE_LOOP('',(#1693,#1694,#1695,#1696));
#582=EDGE_LOOP('',(#1697,#1698,#1699,#1700));
#583=EDGE_LOOP('',(#1701,#1702,#1703,#1704));
#584=EDGE_LOOP('',(#1705,#1706,#1707,#1708));
#585=EDGE_LOOP('',(#1709,#1710,#1711,#1712));
#586=EDGE_LOOP('',(#1713,#1714,#1715,#1716));
#587=EDGE_LOOP('',(#1717,#1718,#1719,#1720));
#588=EDGE_LOOP('',(#1721,#1722,#1723,#1724));
#589=EDGE_LOOP('',(#1725,#1726,#1727,#1728,#1729,#1730,#1731,#1732));
#590=EDGE_LOOP('',(#1733));
#591=EDGE_LOOP('',(#1734));
#592=EDGE_LOOP('',(#1735));
#593=EDGE_LOOP('',(#1736));
#594=EDGE_LOOP('',(#1737));
#595=EDGE_LOOP('',(#1738));
#596=EDGE_LOOP('',(#1739));
#597=EDGE_LOOP('',(#1740,#1741,#1742,#1743,#1744,#1745,#1746,#1747));
#598=EDGE_LOOP('',(#1748,#1749,#1750,#1751));
#599=EDGE_LOOP('',(#1752,#1753,#1754,#1755));
#600=EDGE_LOOP('',(#1756));
#601=EDGE_LOOP('',(#1757));
#602=EDGE_LOOP('',(#1758));
#603=EDGE_LOOP('',(#1759));
#604=EDGE_LOOP('',(#1760));
#605=EDGE_LOOP('',(#1761));
#606=EDGE_LOOP('',(#1762));
#607=EDGE_LOOP('',(#1763));
#608=EDGE_LOOP('',(#1764));
#609=EDGE_LOOP('',(#1765));
#610=EDGE_LOOP('',(#1766));
#611=EDGE_LOOP('',(#1767));
#612=EDGE_LOOP('',(#1768));
#613=EDGE_LOOP('',(#1769));
#614=EDGE_LOOP('',(#1770));
#615=EDGE_LOOP('',(#1771));
#616=EDGE_LOOP('',(#1772));
#617=EDGE_LOOP('',(#1773));
#618=EDGE_LOOP('',(#1774));
#619=EDGE_LOOP('',(#1775));
#620=EDGE_LOOP('',(#1776));
#621=EDGE_LOOP('',(#1777,#1778,#1779,#1780,#1781,#1782,#1783,#1784));
#622=EDGE_LOOP('',(#1785));
#623=EDGE_LOOP('',(#1786));
#624=EDGE_LOOP('',(#1787));
#625=EDGE_LOOP('',(#1788));
#626=EDGE_LOOP('',(#1789));
#627=EDGE_LOOP('',(#1790));
#628=EDGE_LOOP('',(#1791));
#629=EDGE_LOOP('',(#1792,#1793,#1794,#1795));
#630=EDGE_LOOP('',(#1796,#1797,#1798,#1799));
#631=EDGE_LOOP('',(#1800,#1801,#1802,#1803));
#632=EDGE_LOOP('',(#1804,#1805,#1806,#1807));
#633=EDGE_LOOP('',(#1808,#1809,#1810,#1811));
#634=EDGE_LOOP('',(#1812,#1813,#1814,#1815));
#635=EDGE_LOOP('',(#1816,#1817,#1818,#1819));
#636=EDGE_LOOP('',(#1820,#1821,#1822,#1823));
#637=EDGE_LOOP('',(#1824,#1825,#1826,#1827));
#638=EDGE_LOOP('',(#1828,#1829,#1830,#1831));
#639=EDGE_LOOP('',(#1832,#1833,#1834,#1835));
#640=EDGE_LOOP('',(#1836,#1837,#1838,#1839,#1840,#1841,#1842,#1843));
#641=EDGE_LOOP('',(#1844));
#642=EDGE_LOOP('',(#1845));
#643=EDGE_LOOP('',(#1846));
#644=EDGE_LOOP('',(#1847));
#645=EDGE_LOOP('',(#1848));
#646=EDGE_LOOP('',(#1849));
#647=EDGE_LOOP('',(#1850));
#648=EDGE_LOOP('',(#1851,#1852,#1853,#1854,#1855,#1856,#1857,#1858));
#649=EDGE_LOOP('',(#1859,#1860,#1861,#1862));
#650=EDGE_LOOP('',(#1863,#1864,#1865,#1866));
#651=EDGE_LOOP('',(#1867));
#652=EDGE_LOOP('',(#1868));
#653=EDGE_LOOP('',(#1869));
#654=EDGE_LOOP('',(#1870));
#655=EDGE_LOOP('',(#1871));
#656=EDGE_LOOP('',(#1872));
#657=EDGE_LOOP('',(#1873));
#658=EDGE_LOOP('',(#1874));
#659=EDGE_LOOP('',(#1875));
#660=EDGE_LOOP('',(#1876));
#661=EDGE_LOOP('',(#1877));
#662=EDGE_LOOP('',(#1878));
#663=EDGE_LOOP('',(#1879));
#664=EDGE_LOOP('',(#1880));
#665=EDGE_LOOP('',(#1881));
#666=EDGE_LOOP('',(#1882));
#667=EDGE_LOOP('',(#1883));
#668=EDGE_LOOP('',(#1884));
#669=EDGE_LOOP('',(#1885));
#670=EDGE_LOOP('',(#1886));
#671=EDGE_LOOP('',(#1887));
#672=EDGE_LOOP('',(#1888,#1889,#1890,#1891,#1892,#1893,#1894,#1895));
#673=EDGE_LOOP('',(#1896));
#674=EDGE_LOOP('',(#1897));
#675=EDGE_LOOP('',(#1898));
#676=EDGE_LOOP('',(#1899));
#677=EDGE_LOOP('',(#1900));
#678=EDGE_LOOP('',(#1901));
#679=EDGE_LOOP('',(#1902));
#680=EDGE_LOOP('',(#1903,#1904,#1905,#1906,#1907));
#681=EDGE_LOOP('',(#1908,#1909,#1910,#1911,#1912,#1913));
#682=EDGE_LOOP('',(#1914,#1915,#1916,#1917,#1918));
#683=EDGE_LOOP('',(#1919,#1920,#1921,#1922,#1923));
#684=EDGE_LOOP('',(#1924,#1925,#1926,#1927,#1928,#1929));
#685=EDGE_LOOP('',(#1930,#1931,#1932,#1933,#1934));
#686=EDGE_LOOP('',(#1935,#1936,#1937,#1938,#1939));
#687=EDGE_LOOP('',(#1940,#1941,#1942,#1943,#1944,#1945));
#688=EDGE_LOOP('',(#1946,#1947,#1948,#1949,#1950));
#689=EDGE_LOOP('',(#1951,#1952,#1953,#1954,#1955,#1956));
#690=EDGE_LOOP('',(#1957,#1958,#1959,#1960,#1961));
#691=EDGE_LOOP('',(#1962,#1963,#1964,#1965,#1966,#1967));
#692=EDGE_LOOP('',(#1968,#1969,#1970,#1971,#1972));
#693=EDGE_LOOP('',(#1973,#1974,#1975,#1976,#1977));
#694=EDGE_LOOP('',(#1978,#1979,#1980,#1981,#1982,#1983));
#695=EDGE_LOOP('',(#1984,#1985,#1986,#1987,#1988));
#696=EDGE_LOOP('',(#1989,#1990,#1991,#1992,#1993));
#697=EDGE_LOOP('',(#1994,#1995,#1996,#1997,#1998,#1999));
#698=EDGE_LOOP('',(#2000,#2001,#2002,#2003,#2004));
#699=EDGE_LOOP('',(#2005,#2006,#2007,#2008,#2009));
#700=EDGE_LOOP('',(#2010,#2011,#2012,#2013,#2014,#2015));
#701=EDGE_LOOP('',(#2016,#2017,#2018,#2019,#2020));
#702=EDGE_LOOP('',(#2021,#2022,#2023,#2024,#2025));
#703=EDGE_LOOP('',(#2026,#2027,#2028,#2029,#2030,#2031));
#704=EDGE_LOOP('',(#2032,#2033,#2034,#2035,#2036));
#705=EDGE_LOOP('',(#2037,#2038,#2039,#2040,#2041));
#706=EDGE_LOOP('',(#2042,#2043,#2044,#2045,#2046));
#707=EDGE_LOOP('',(#2047,#2048,#2049,#2050,#2051,#2052));
#708=EDGE_LOOP('',(#2053,#2054,#2055,#2056,#2057));
#709=EDGE_LOOP('',(#2058,#2059,#2060,#2061,#2062));
#710=EDGE_LOOP('',(#2063,#2064,#2065,#2066,#2067,#2068));
#711=EDGE_LOOP('',(#2069,#2070,#2071,#2072,#2073));
#712=EDGE_LOOP('',(#2074,#2075,#2076,#2077,#2078));
#713=EDGE_LOOP('',(#2079,#2080,#2081,#2082,#2083,#2084));
#714=EDGE_LOOP('',(#2085,#2086,#2087,#2088,#2089));
#715=EDGE_LOOP('',(#2090,#2091,#2092,#2093,#2094));
#716=EDGE_LOOP('',(#2095,#2096,#2097,#2098,#2099,#2100));
#717=EDGE_LOOP('',(#2101,#2102,#2103,#2104,#2105));
#718=EDGE_LOOP('',(#2106,#2107,#2108,#2109,#2110));
#719=EDGE_LOOP('',(#2111,#2112,#2113,#2114,#2115));
#720=EDGE_LOOP('',(#2116,#2117,#2118,#2119,#2120,#2121));
#721=EDGE_LOOP('',(#2122,#2123,#2124,#2125,#2126));
#722=EDGE_LOOP('',(#2127,#2128,#2129,#2130));
#723=EDGE_LOOP('',(#2131,#2132,#2133,#2134));
#724=EDGE_LOOP('',(#2135,#2136,#2137,#2138));
#725=EDGE_LOOP('',(#2139,#2140,#2141,#2142));
#726=EDGE_LOOP('',(#2143,#2144,#2145,#2146));
#727=EDGE_LOOP('',(#2147,#2148,#2149,#2150));
#728=EDGE_LOOP('',(#2151,#2152,#2153,#2154));
#729=EDGE_LOOP('',(#2155,#2156,#2157,#2158));
#730=EDGE_LOOP('',(#2159,#2160,#2161,#2162));
#731=EDGE_LOOP('',(#2163,#2164,#2165,#2166));
#732=EDGE_LOOP('',(#2167,#2168,#2169,#2170));
#733=EDGE_LOOP('',(#2171,#2172,#2173,#2174));
#734=EDGE_LOOP('',(#2175,#2176,#2177,#2178));
#735=EDGE_LOOP('',(#2179,#2180,#2181,#2182));
#736=EDGE_LOOP('',(#2183,#2184,#2185,#2186));
#737=EDGE_LOOP('',(#2187,#2188,#2189,#2190));
#738=EDGE_LOOP('',(#2191,#2192,#2193,#2194));
#739=EDGE_LOOP('',(#2195,#2196,#2197,#2198));
#740=EDGE_LOOP('',(#2199,#2200,#2201,#2202));
#741=EDGE_LOOP('',(#2203,#2204,#2205,#2206));
#742=EDGE_LOOP('',(#2207,#2208,#2209,#2210));
#743=EDGE_LOOP('',(#2211,#2212,#2213,#2214));
#744=EDGE_LOOP('',(#2215,#2216,#2217,#2218));
#745=EDGE_LOOP('',(#2219,#2220,#2221,#2222));
#746=EDGE_LOOP('',(#2223,#2224,#2225,#2226));
#747=EDGE_LOOP('',(#2227,#2228,#2229,#2230));
#748=EDGE_LOOP('',(#2231,#2232,#2233,#2234));
#749=EDGE_LOOP('',(#2235,#2236,#2237,#2238));
#750=EDGE_LOOP('',(#2239,#2240,#2241,#2242));
#751=EDGE_LOOP('',(#2243,#2244,#2245,#2246));
#752=EDGE_LOOP('',(#2247,#2248,#2249,#2250));
#753=EDGE_LOOP('',(#2251,#2252,#2253,#2254));
#754=EDGE_LOOP('',(#2255,#2256,#2257,#2258));
#755=EDGE_LOOP('',(#2259,#2260,#2261,#2262));
#756=EDGE_LOOP('',(#2263,#2264,#2265,#2266));
#757=EDGE_LOOP('',(#2267,#2268,#2269,#2270));
#758=EDGE_LOOP('',(#2271,#2272,#2273,#2274));
#759=EDGE_LOOP('',(#2275,#2276,#2277,#2278));
#760=EDGE_LOOP('',(#2279,#2280,#2281,#2282));
#761=EDGE_LOOP('',(#2283,#2284,#2285,#2286));
#762=EDGE_LOOP('',(#2287,#2288,#2289,#2290));
#763=EDGE_LOOP('',(#2291,#2292,#2293,#2294));
#764=EDGE_LOOP('',(#2295,#2296,#2297,#2298));
#765=EDGE_LOOP('',(#2299,#2300,#2301,#2302));
#766=EDGE_LOOP('',(#2303,#2304,#2305,#2306));
#767=EDGE_LOOP('',(#2307,#2308,#2309,#2310));
#768=EDGE_LOOP('',(#2311,#2312,#2313,#2314));
#769=EDGE_LOOP('',(#2315,#2316,#2317,#2318));
#770=EDGE_LOOP('',(#2319,#2320,#2321,#2322));
#771=EDGE_LOOP('',(#2323,#2324,#2325,#2326));
#772=EDGE_LOOP('',(#2327,#2328,#2329,#2330));
#773=EDGE_LOOP('',(#2331,#2332,#2333,#2334));
#774=EDGE_LOOP('',(#2335,#2336,#2337,#2338));
#775=EDGE_LOOP('',(#2339,#2340,#2341,#2342));
#776=EDGE_LOOP('',(#2343,#2344,#2345,#2346));
#777=EDGE_LOOP('',(#2347,#2348,#2349,#2350));
#778=EDGE_LOOP('',(#2351,#2352,#2353,#2354));
#779=EDGE_LOOP('',(#2355,#2356,#2357,#2358));
#780=EDGE_LOOP('',(#2359,#2360,#2361,#2362));
#781=EDGE_LOOP('',(#2363,#2364,#2365,#2366));
#782=EDGE_LOOP('',(#2367,#2368,#2369,#2370));
#783=EDGE_LOOP('',(#2371,#2372,#2373,#2374));
#784=EDGE_LOOP('',(#2375,#2376,#2377,#2378));
#785=EDGE_LOOP('',(#2379,#2380,#2381,#2382));
#786=EDGE_LOOP('',(#2383,#2384,#2385,#2386));
#787=EDGE_LOOP('',(#2387,#2388,#2389,#2390));
#788=EDGE_LOOP('',(#2391,#2392,#2393,#2394));
#789=EDGE_LOOP('',(#2395,#2396,#2397,#2398));
#790=EDGE_LOOP('',(#2399,#2400,#2401,#2402));
#791=EDGE_LOOP('',(#2403,#2404,#2405,#2406));
#792=EDGE_LOOP('',(#2407,#2408,#2409,#2410));
#793=EDGE_LOOP('',(#2411,#2412,#2413,#2414));
#794=EDGE_LOOP('',(#2415,#2416,#2417,#2418));
#795=EDGE_LOOP('',(#2419,#2420,#2421,#2422));
#796=EDGE_LOOP('',(#2423,#2424,#2425,#2426));
#797=EDGE_LOOP('',(#2427,#2428,#2429,#2430));
#798=EDGE_LOOP('',(#2431,#2432,#2433,#2434));
#799=EDGE_LOOP('',(#2435,#2436,#2437,#2438));
#800=CIRCLE('',#2651,0.499999999999972);
#801=CIRCLE('',#2652,9.5);
#802=CIRCLE('',#2653,0.5);
#803=CIRCLE('',#2654,10.);
#804=CIRCLE('',#2656,0.5);
#805=CIRCLE('',#2658,0.5);
#806=CIRCLE('',#2659,10.);
#807=CIRCLE('',#2660,9.5);
#808=CIRCLE('',#2662,0.5);
#809=CIRCLE('',#2664,0.5);
#810=CIRCLE('',#2665,10.);
#811=CIRCLE('',#2666,9.5);
#812=CIRCLE('',#2668,0.5);
#813=CIRCLE('',#2670,0.5);
#814=CIRCLE('',#2671,10.);
#815=CIRCLE('',#2672,9.5);
#816=CIRCLE('',#2676,10.);
#817=CIRCLE('',#2679,10.);
#818=CIRCLE('',#2681,2.25000000000001);
#819=CIRCLE('',#2682,2.25000000000001);
#820=CIRCLE('',#2683,2.24999999999999);
#821=CIRCLE('',#2684,2.25000000000001);
#822=CIRCLE('',#2685,2.25000000000001);
#823=CIRCLE('',#2686,2.25000000000001);
#824=CIRCLE('',#2687,2.25000000000001);
#825=CIRCLE('',#2688,2.50000000000001);
#826=CIRCLE('',#2689,2.49999999999997);
#827=CIRCLE('',#2690,2.49999999999999);
#828=CIRCLE('',#2691,2.49999999999999);
#829=CIRCLE('',#2692,2.15000000000046);
#830=CIRCLE('',#2693,2.14999999998476);
#831=CIRCLE('',#2694,2.15000000000348);
#832=CIRCLE('',#2695,2.14999999998451);
#833=CIRCLE('',#2696,2.15);
#834=CIRCLE('',#2697,1.99000000000002);
#835=CIRCLE('',#2698,2.15);
#836=CIRCLE('',#2699,1.6);
#837=CIRCLE('',#2700,2.15);
#838=CIRCLE('',#2701,1.6);
#839=CIRCLE('',#2702,1.99000000000002);
#840=CIRCLE('',#2703,2.15);
#841=CIRCLE('',#2704,2.15);
#842=CIRCLE('',#2705,1.99000000000002);
#843=CIRCLE('',#2706,2.15);
#844=CIRCLE('',#2707,2.15);
#845=CIRCLE('',#2708,2.15);
#846=CIRCLE('',#2709,1.6);
#847=CIRCLE('',#2710,2.15);
#848=CIRCLE('',#2711,1.99000000000002);
#849=CIRCLE('',#2712,2.15);
#850=CIRCLE('',#2713,10.68);
#851=CIRCLE('',#2714,11.05);
#852=CIRCLE('',#2715,2.9);
#853=CIRCLE('',#2716,1.6);
#854=CIRCLE('',#2717,2.49999999999996);
#855=CIRCLE('',#2718,2.49999999999999);
#856=CIRCLE('',#2719,2.49999999999999);
#857=CIRCLE('',#2720,2.49999999999999);
#858=CIRCLE('',#2721,2.25000000000001);
#859=CIRCLE('',#2722,2.25000000000001);
#860=CIRCLE('',#2723,2.25000000000001);
#861=CIRCLE('',#2724,2.25000000000001);
#862=CIRCLE('',#2725,2.24999999999999);
#863=CIRCLE('',#2726,2.25000000000001);
#864=CIRCLE('',#2727,2.25000000000001);
#865=CIRCLE('',#2729,0.500000000000002);
#866=CIRCLE('',#2730,9.5);
#867=CIRCLE('',#2731,0.5);
#868=CIRCLE('',#2732,10.);
#869=CIRCLE('',#2734,0.5);
#870=CIRCLE('',#2736,0.5);
#871=CIRCLE('',#2737,9.5);
#872=CIRCLE('',#2739,0.499999999999999);
#873=CIRCLE('',#2741,0.5);
#874=CIRCLE('',#2742,9.5);
#875=CIRCLE('',#2744,0.5);
#876=CIRCLE('',#2746,0.5);
#877=CIRCLE('',#2747,10.);
#878=CIRCLE('',#2748,9.5);
#879=CIRCLE('',#2754,2.25000000000001);
#880=CIRCLE('',#2755,2.25000000000001);
#881=CIRCLE('',#2756,2.25000000000001);
#882=CIRCLE('',#2757,2.24999999999999);
#883=CIRCLE('',#2758,2.25000000000001);
#884=CIRCLE('',#2759,2.25000000000001);
#885=CIRCLE('',#2760,2.25000000000001);
#886=CIRCLE('',#2761,2.49999999999997);
#887=CIRCLE('',#2762,2.50000000000001);
#888=CIRCLE('',#2763,2.49999999999999);
#889=CIRCLE('',#2764,2.49999999999999);
#890=CIRCLE('',#2765,2.14999999998476);
#891=CIRCLE('',#2766,2.15000000000046);
#892=CIRCLE('',#2767,2.15000000000348);
#893=CIRCLE('',#2768,2.14999999998451);
#894=CIRCLE('',#2769,2.15);
#895=CIRCLE('',#2770,1.99000000000002);
#896=CIRCLE('',#2771,2.15);
#897=CIRCLE('',#2772,1.6);
#898=CIRCLE('',#2773,2.15);
#899=CIRCLE('',#2774,1.6);
#900=CIRCLE('',#2775,1.99000000000002);
#901=CIRCLE('',#2776,2.15);
#902=CIRCLE('',#2777,2.15);
#903=CIRCLE('',#2778,1.99000000000002);
#904=CIRCLE('',#2779,2.15);
#905=CIRCLE('',#2780,2.15);
#906=CIRCLE('',#2781,2.15);
#907=CIRCLE('',#2782,1.6);
#908=CIRCLE('',#2783,2.15);
#909=CIRCLE('',#2784,1.99000000000002);
#910=CIRCLE('',#2785,2.15);
#911=CIRCLE('',#2786,10.68);
#912=CIRCLE('',#2787,11.05);
#913=CIRCLE('',#2788,2.9);
#914=CIRCLE('',#2789,1.6);
#915=CIRCLE('',#2790,2.49999999999999);
#916=CIRCLE('',#2791,2.49999999999996);
#917=CIRCLE('',#2792,2.49999999999999);
#918=CIRCLE('',#2793,2.49999999999999);
#919=CIRCLE('',#2794,2.25000000000001);
#920=CIRCLE('',#2795,2.25000000000001);
#921=CIRCLE('',#2796,2.25000000000001);
#922=CIRCLE('',#2797,2.24999999999999);
#923=CIRCLE('',#2798,2.25000000000001);
#924=CIRCLE('',#2799,2.25000000000001);
#925=CIRCLE('',#2800,2.25000000000001);
#926=CIRCLE('',#2802,0.5);
#927=CIRCLE('',#2803,1.75000000000001);
#928=CIRCLE('',#2804,1.75000000000001);
#929=CIRCLE('',#2806,1.75000000000001);
#930=CIRCLE('',#2807,1.75000000000001);
#931=CIRCLE('',#2809,0.5);
#932=CIRCLE('',#2811,0.5);
#933=CIRCLE('',#2812,1.75000000000001);
#934=CIRCLE('',#2813,1.75000000000001);
#935=CIRCLE('',#2815,1.75000000000001);
#936=CIRCLE('',#2816,1.75000000000001);
#937=CIRCLE('',#2818,0.5);
#938=CIRCLE('',#2820,0.5);
#939=CIRCLE('',#2821,1.75000000000001);
#940=CIRCLE('',#2822,1.75000000000001);
#941=CIRCLE('',#2824,1.75000000000001);
#942=CIRCLE('',#2825,1.75000000000001);
#943=CIRCLE('',#2827,0.5);
#944=CIRCLE('',#2828,1.75000000000001);
#945=CIRCLE('',#2829,1.75000000000001);
#946=CIRCLE('',#2831,1.75000000000001);
#947=CIRCLE('',#2832,1.75000000000001);
#948=CIRCLE('',#2834,0.5);
#949=CIRCLE('',#2835,1.75000000000001);
#950=CIRCLE('',#2836,1.75000000000001);
#951=CIRCLE('',#2838,1.75000000000001);
#952=CIRCLE('',#2839,1.75000000000001);
#953=CIRCLE('',#2841,0.5);
#954=CIRCLE('',#2843,0.5);
#955=CIRCLE('',#2844,1.75000000000001);
#956=CIRCLE('',#2845,1.75000000000001);
#957=CIRCLE('',#2847,1.75000000000001);
#958=CIRCLE('',#2848,1.75000000000001);
#959=CIRCLE('',#2850,0.5);
#960=CIRCLE('',#2852,0.5);
#961=CIRCLE('',#2853,1.74999999999999);
#962=CIRCLE('',#2854,1.74999999999999);
#963=CIRCLE('',#2856,1.74999999999999);
#964=CIRCLE('',#2857,1.74999999999999);
#965=CIRCLE('',#2859,0.5);
#966=CIRCLE('',#2861,0.5);
#967=CIRCLE('',#2862,1.74999999999999);
#968=CIRCLE('',#2863,1.74999999999999);
#969=CIRCLE('',#2865,1.74999999999999);
#970=CIRCLE('',#2866,1.74999999999999);
#971=CIRCLE('',#2868,0.5);
#972=CIRCLE('',#2870,0.5);
#973=CIRCLE('',#2871,1.75000000000001);
#974=CIRCLE('',#2872,1.75000000000001);
#975=CIRCLE('',#2874,1.75000000000001);
#976=CIRCLE('',#2875,1.75000000000001);
#977=CIRCLE('',#2877,0.5);
#978=CIRCLE('',#2879,0.5);
#979=CIRCLE('',#2881,0.5);
#980=CIRCLE('',#2882,1.75000000000001);
#981=CIRCLE('',#2883,1.75000000000001);
#982=CIRCLE('',#2885,1.75000000000001);
#983=CIRCLE('',#2886,1.75000000000001);
#984=CIRCLE('',#2888,0.5);
#985=CIRCLE('',#2890,0.5);
#986=CIRCLE('',#2891,1.75000000000001);
#987=CIRCLE('',#2892,1.75000000000001);
#988=CIRCLE('',#2894,1.75000000000001);
#989=CIRCLE('',#2895,1.75000000000001);
#990=CIRCLE('',#2897,0.5);
#991=CIRCLE('',#2899,0.5);
#992=CIRCLE('',#2900,1.75000000000001);
#993=CIRCLE('',#2901,1.75000000000001);
#994=CIRCLE('',#2903,1.75000000000001);
#995=CIRCLE('',#2904,1.75000000000001);
#996=CIRCLE('',#2906,0.5);
#997=CIRCLE('',#2908,0.5);
#998=CIRCLE('',#2909,1.75000000000001);
#999=CIRCLE('',#2910,1.75000000000001);
#1000=CIRCLE('',#2912,1.75000000000001);
#1001=CIRCLE('',#2913,1.75000000000001);
#1002=CIRCLE('',#2915,0.5);
#1003=CIRCLE('',#2917,0.5);
#1004=CIRCLE('',#2919,0.5);
#1005=CIRCLE('',#2920,1.75000000000001);
#1006=CIRCLE('',#2921,1.75000000000001);
#1007=CIRCLE('',#2923,1.75000000000001);
#1008=CIRCLE('',#2924,1.75000000000001);
#1009=CIRCLE('',#2926,0.5);
#1010=CIRCLE('',#2928,0.5);
#1011=CIRCLE('',#2929,0.500000000000007);
#1012=CIRCLE('',#2931,0.499999999999989);
#1013=CIRCLE('',#2932,2.00000000000001);
#1014=CIRCLE('',#2934,0.500000000000007);
#1015=CIRCLE('',#2936,0.500000000000007);
#1016=CIRCLE('',#2937,1.99999999999997);
#1017=CIRCLE('',#2939,0.500000000000007);
#1018=CIRCLE('',#2941,0.500000000000007);
#1019=CIRCLE('',#2942,1.99999999999999);
#1020=CIRCLE('',#2944,0.500000000000007);
#1021=CIRCLE('',#2946,1.99999999999999);
#1022=CIRCLE('',#2948,1.99999999999997);
#1023=CIRCLE('',#2951,2.00000000000001);
#1024=CIRCLE('',#2954,0.499999999999999);
#1025=CIRCLE('',#2955,0.500000000000007);
#1026=CIRCLE('',#2957,0.499999999999989);
#1027=CIRCLE('',#2959,0.500000000000007);
#1028=CIRCLE('',#2961,0.499999999999989);
#1029=CIRCLE('',#2963,0.500000000000025);
#1030=CIRCLE('',#2965,0.499999999999989);
#1031=CIRCLE('',#2966,1.99999999999999);
#1032=CIRCLE('',#2968,0.500000000000007);
#1033=CIRCLE('',#2970,1.99999999999999);
#1034=CIRCLE('',#2973,0.5);
#1035=CIRCLE('',#2974,0.500000000000007);
#1036=CIRCLE('',#2976,0.500000000000007);
#1037=CIRCLE('',#2977,1.99999999999996);
#1038=CIRCLE('',#2979,0.500000000000007);
#1039=CIRCLE('',#2981,0.499999999999972);
#1040=CIRCLE('',#2982,1.99999999999999);
#1041=CIRCLE('',#2984,0.500000000000007);
#1042=CIRCLE('',#2986,0.499999999999998);
#1043=CIRCLE('',#2987,1.99999999999999);
#1044=CIRCLE('',#2989,0.499999999999998);
#1045=CIRCLE('',#2991,1.99999999999999);
#1046=CIRCLE('',#2993,1.99999999999999);
#1047=CIRCLE('',#2996,1.99999999999996);
#1048=CIRCLE('',#2999,0.5);
#1049=CIRCLE('',#3000,0.500000000000007);
#1050=CIRCLE('',#3002,0.500000000000007);
#1051=CIRCLE('',#3004,0.500000000000025);
#1052=CIRCLE('',#3006,0.499999999999972);
#1053=CIRCLE('',#3008,0.500000000000007);
#1054=CIRCLE('',#3010,0.499999999999998);
#1055=CIRCLE('',#3011,1.99999999999999);
#1056=CIRCLE('',#3013,0.499999999999998);
#1057=CIRCLE('',#3015,1.99999999999999);
#1058=VERTEX_POINT('',#3986);
#1059=VERTEX_POINT('',#3987);
#1060=VERTEX_POINT('',#3989);
#1061=VERTEX_POINT('',#3991);
#1062=VERTEX_POINT('',#3995);
#1063=VERTEX_POINT('',#3996);
#1064=VERTEX_POINT('',#4001);
#1065=VERTEX_POINT('',#4002);
#1066=VERTEX_POINT('',#4007);
#1067=VERTEX_POINT('',#4008);
#1068=VERTEX_POINT('',#4013);
#1069=VERTEX_POINT('',#4014);
#1070=VERTEX_POINT('',#4019);
#1071=VERTEX_POINT('',#4020);
#1072=VERTEX_POINT('',#4025);
#1073=VERTEX_POINT('',#4026);
#1074=VERTEX_POINT('',#4034);
#1075=VERTEX_POINT('',#4036);
#1076=VERTEX_POINT('',#4040);
#1077=VERTEX_POINT('',#4044);
#1078=VERTEX_POINT('',#4048);
#1079=VERTEX_POINT('',#4052);
#1080=VERTEX_POINT('',#4054);
#1081=VERTEX_POINT('',#4056);
#1082=VERTEX_POINT('',#4058);
#1083=VERTEX_POINT('',#4060);
#1084=VERTEX_POINT('',#4062);
#1085=VERTEX_POINT('',#4064);
#1086=VERTEX_POINT('',#4066);
#1087=VERTEX_POINT('',#4067);
#1088=VERTEX_POINT('',#4069);
#1089=VERTEX_POINT('',#4071);
#1090=VERTEX_POINT('',#4073);
#1091=VERTEX_POINT('',#4075);
#1092=VERTEX_POINT('',#4077);
#1093=VERTEX_POINT('',#4079);
#1094=VERTEX_POINT('',#4082);
#1095=VERTEX_POINT('',#4083);
#1096=VERTEX_POINT('',#4085);
#1097=VERTEX_POINT('',#4087);
#1098=VERTEX_POINT('',#4090);
#1099=VERTEX_POINT('',#4091);
#1100=VERTEX_POINT('',#4093);
#1101=VERTEX_POINT('',#4095);
#1102=VERTEX_POINT('',#4098);
#1103=VERTEX_POINT('',#4100);
#1104=VERTEX_POINT('',#4102);
#1105=VERTEX_POINT('',#4104);
#1106=VERTEX_POINT('',#4106);
#1107=VERTEX_POINT('',#4108);
#1108=VERTEX_POINT('',#4110);
#1109=VERTEX_POINT('',#4112);
#1110=VERTEX_POINT('',#4114);
#1111=VERTEX_POINT('',#4116);
#1112=VERTEX_POINT('',#4118);
#1113=VERTEX_POINT('',#4120);
#1114=VERTEX_POINT('',#4122);
#1115=VERTEX_POINT('',#4124);
#1116=VERTEX_POINT('',#4126);
#1117=VERTEX_POINT('',#4128);
#1118=VERTEX_POINT('',#4130);
#1119=VERTEX_POINT('',#4132);
#1120=VERTEX_POINT('',#4134);
#1121=VERTEX_POINT('',#4136);
#1122=VERTEX_POINT('',#4138);
#1123=VERTEX_POINT('',#4140);
#1124=VERTEX_POINT('',#4141);
#1125=VERTEX_POINT('',#4143);
#1126=VERTEX_POINT('',#4145);
#1127=VERTEX_POINT('',#4147);
#1128=VERTEX_POINT('',#4149);
#1129=VERTEX_POINT('',#4151);
#1130=VERTEX_POINT('',#4153);
#1131=VERTEX_POINT('',#4156);
#1132=VERTEX_POINT('',#4158);
#1133=VERTEX_POINT('',#4160);
#1134=VERTEX_POINT('',#4162);
#1135=VERTEX_POINT('',#4164);
#1136=VERTEX_POINT('',#4166);
#1137=VERTEX_POINT('',#4168);
#1138=VERTEX_POINT('',#4171);
#1139=VERTEX_POINT('',#4172);
#1140=VERTEX_POINT('',#4174);
#1141=VERTEX_POINT('',#4176);
#1142=VERTEX_POINT('',#4180);
#1143=VERTEX_POINT('',#4185);
#1144=VERTEX_POINT('',#4189);
#1145=VERTEX_POINT('',#4193);
#1146=VERTEX_POINT('',#4197);
#1147=VERTEX_POINT('',#4201);
#1148=VERTEX_POINT('',#4202);
#1149=VERTEX_POINT('',#4216);
#1150=VERTEX_POINT('',#4218);
#1151=VERTEX_POINT('',#4220);
#1152=VERTEX_POINT('',#4222);
#1153=VERTEX_POINT('',#4224);
#1154=VERTEX_POINT('',#4226);
#1155=VERTEX_POINT('',#4228);
#1156=VERTEX_POINT('',#4230);
#1157=VERTEX_POINT('',#4231);
#1158=VERTEX_POINT('',#4233);
#1159=VERTEX_POINT('',#4235);
#1160=VERTEX_POINT('',#4237);
#1161=VERTEX_POINT('',#4239);
#1162=VERTEX_POINT('',#4241);
#1163=VERTEX_POINT('',#4243);
#1164=VERTEX_POINT('',#4246);
#1165=VERTEX_POINT('',#4247);
#1166=VERTEX_POINT('',#4249);
#1167=VERTEX_POINT('',#4251);
#1168=VERTEX_POINT('',#4254);
#1169=VERTEX_POINT('',#4255);
#1170=VERTEX_POINT('',#4257);
#1171=VERTEX_POINT('',#4259);
#1172=VERTEX_POINT('',#4262);
#1173=VERTEX_POINT('',#4264);
#1174=VERTEX_POINT('',#4266);
#1175=VERTEX_POINT('',#4268);
#1176=VERTEX_POINT('',#4270);
#1177=VERTEX_POINT('',#4272);
#1178=VERTEX_POINT('',#4274);
#1179=VERTEX_POINT('',#4276);
#1180=VERTEX_POINT('',#4278);
#1181=VERTEX_POINT('',#4280);
#1182=VERTEX_POINT('',#4282);
#1183=VERTEX_POINT('',#4284);
#1184=VERTEX_POINT('',#4286);
#1185=VERTEX_POINT('',#4288);
#1186=VERTEX_POINT('',#4290);
#1187=VERTEX_POINT('',#4292);
#1188=VERTEX_POINT('',#4294);
#1189=VERTEX_POINT('',#4296);
#1190=VERTEX_POINT('',#4298);
#1191=VERTEX_POINT('',#4300);
#1192=VERTEX_POINT('',#4302);
#1193=VERTEX_POINT('',#4304);
#1194=VERTEX_POINT('',#4305);
#1195=VERTEX_POINT('',#4307);
#1196=VERTEX_POINT('',#4309);
#1197=VERTEX_POINT('',#4311);
#1198=VERTEX_POINT('',#4313);
#1199=VERTEX_POINT('',#4315);
#1200=VERTEX_POINT('',#4317);
#1201=VERTEX_POINT('',#4320);
#1202=VERTEX_POINT('',#4322);
#1203=VERTEX_POINT('',#4324);
#1204=VERTEX_POINT('',#4326);
#1205=VERTEX_POINT('',#4328);
#1206=VERTEX_POINT('',#4330);
#1207=VERTEX_POINT('',#4332);
#1208=VERTEX_POINT('',#4335);
#1209=VERTEX_POINT('',#4337);
#1210=VERTEX_POINT('',#4341);
#1211=VERTEX_POINT('',#4342);
#1212=VERTEX_POINT('',#4349);
#1213=VERTEX_POINT('',#4351);
#1214=VERTEX_POINT('',#4355);
#1215=VERTEX_POINT('',#4356);
#1216=VERTEX_POINT('',#4363);
#1217=VERTEX_POINT('',#4365);
#1218=VERTEX_POINT('',#4369);
#1219=VERTEX_POINT('',#4371);
#1220=VERTEX_POINT('',#4375);
#1221=VERTEX_POINT('',#4377);
#1222=VERTEX_POINT('',#4381);
#1223=VERTEX_POINT('',#4383);
#1224=VERTEX_POINT('',#4387);
#1225=VERTEX_POINT('',#4389);
#1226=VERTEX_POINT('',#4393);
#1227=VERTEX_POINT('',#4395);
#1228=VERTEX_POINT('',#4401);
#1229=VERTEX_POINT('',#4403);
#1230=VERTEX_POINT('',#4407);
#1231=VERTEX_POINT('',#4408);
#1232=VERTEX_POINT('',#4415);
#1233=VERTEX_POINT('',#4417);
#1234=VERTEX_POINT('',#4421);
#1235=VERTEX_POINT('',#4423);
#1236=VERTEX_POINT('',#4429);
#1237=VERTEX_POINT('',#4431);
#1238=VERTEX_POINT('',#4435);
#1239=VERTEX_POINT('',#4436);
#1240=VERTEX_POINT('',#4443);
#1241=VERTEX_POINT('',#4445);
#1242=VERTEX_POINT('',#4449);
#1243=VERTEX_POINT('',#4451);
#1244=VERTEX_POINT('',#4459);
#1245=VERTEX_POINT('',#4461);
#1246=VERTEX_POINT('',#4465);
#1247=VERTEX_POINT('',#4467);
#1248=VERTEX_POINT('',#4473);
#1249=VERTEX_POINT('',#4475);
#1250=VERTEX_POINT('',#4479);
#1251=VERTEX_POINT('',#4481);
#1252=VERTEX_POINT('',#4487);
#1253=VERTEX_POINT('',#4489);
#1254=VERTEX_POINT('',#4493);
#1255=VERTEX_POINT('',#4494);
#1256=VERTEX_POINT('',#4501);
#1257=VERTEX_POINT('',#4503);
#1258=VERTEX_POINT('',#4507);
#1259=VERTEX_POINT('',#4508);
#1260=VERTEX_POINT('',#4517);
#1261=VERTEX_POINT('',#4519);
#1262=VERTEX_POINT('',#4523);
#1263=VERTEX_POINT('',#4524);
#1264=VERTEX_POINT('',#4531);
#1265=VERTEX_POINT('',#4533);
#1266=VERTEX_POINT('',#4537);
#1267=VERTEX_POINT('',#4541);
#1268=VERTEX_POINT('',#4545);
#1269=VERTEX_POINT('',#4549);
#1270=VERTEX_POINT('',#4553);
#1271=VERTEX_POINT('',#4557);
#1272=VERTEX_POINT('',#4563);
#1273=VERTEX_POINT('',#4565);
#1274=VERTEX_POINT('',#4569);
#1275=VERTEX_POINT('',#4573);
#1276=VERTEX_POINT('',#4577);
#1277=VERTEX_POINT('',#4581);
#1278=VERTEX_POINT('',#4594);
#1279=VERTEX_POINT('',#4598);
#1280=VERTEX_POINT('',#4606);
#1281=VERTEX_POINT('',#4608);
#1282=VERTEX_POINT('',#4612);
#1283=VERTEX_POINT('',#4616);
#1284=VERTEX_POINT('',#4620);
#1285=VERTEX_POINT('',#4624);
#1286=VERTEX_POINT('',#4628);
#1287=VERTEX_POINT('',#4632);
#1288=VERTEX_POINT('',#4638);
#1289=VERTEX_POINT('',#4640);
#1290=VERTEX_POINT('',#4644);
#1291=VERTEX_POINT('',#4648);
#1292=VERTEX_POINT('',#4652);
#1293=VERTEX_POINT('',#4656);
#1294=VERTEX_POINT('',#4669);
#1295=VERTEX_POINT('',#4673);
#1296=EDGE_CURVE('',#1058,#1059,#800,.T.);
#1297=EDGE_CURVE('',#1059,#1060,#801,.T.);
#1298=EDGE_CURVE('',#1060,#1061,#802,.T.);
#1299=EDGE_CURVE('',#1061,#1058,#803,.T.);
#1300=EDGE_CURVE('',#1062,#1063,#804,.T.);
#1301=EDGE_CURVE('',#1063,#1061,#111,.T.);
#1302=EDGE_CURVE('',#1060,#1062,#112,.T.);
#1303=EDGE_CURVE('',#1064,#1065,#805,.T.);
#1304=EDGE_CURVE('',#1065,#1063,#806,.T.);
#1305=EDGE_CURVE('',#1062,#1064,#807,.T.);
#1306=EDGE_CURVE('',#1066,#1067,#808,.T.);
#1307=EDGE_CURVE('',#1067,#1065,#113,.T.);
#1308=EDGE_CURVE('',#1064,#1066,#114,.T.);
#1309=EDGE_CURVE('',#1068,#1069,#809,.T.);
#1310=EDGE_CURVE('',#1069,#1067,#810,.T.);
#1311=EDGE_CURVE('',#1066,#1068,#811,.T.);
#1312=EDGE_CURVE('',#1070,#1071,#812,.T.);
#1313=EDGE_CURVE('',#1071,#1069,#115,.T.);
#1314=EDGE_CURVE('',#1068,#1070,#116,.T.);
#1315=EDGE_CURVE('',#1072,#1073,#813,.T.);
#1316=EDGE_CURVE('',#1073,#1071,#814,.T.);
#1317=EDGE_CURVE('',#1070,#1072,#815,.T.);
#1318=EDGE_CURVE('',#1072,#1059,#117,.T.);
#1319=EDGE_CURVE('',#1058,#1073,#118,.T.);
#1320=EDGE_CURVE('',#1074,#1071,#119,.T.);
#1321=EDGE_CURVE('',#1075,#1074,#120,.T.);
#1322=EDGE_CURVE('',#1069,#1075,#121,.T.);
#1323=EDGE_CURVE('',#1073,#1076,#122,.T.);
#1324=EDGE_CURVE('',#1074,#1076,#816,.T.);
#1325=EDGE_CURVE('',#1077,#1058,#123,.T.);
#1326=EDGE_CURVE('',#1076,#1077,#124,.T.);
#1327=EDGE_CURVE('',#1061,#1078,#125,.T.);
#1328=EDGE_CURVE('',#1077,#1078,#817,.T.);
#1329=EDGE_CURVE('',#1079,#1079,#818,.T.);
#1330=EDGE_CURVE('',#1080,#1080,#819,.T.);
#1331=EDGE_CURVE('',#1081,#1081,#820,.T.);
#1332=EDGE_CURVE('',#1082,#1082,#821,.T.);
#1333=EDGE_CURVE('',#1083,#1083,#822,.T.);
#1334=EDGE_CURVE('',#1084,#1084,#823,.T.);
#1335=EDGE_CURVE('',#1085,#1085,#824,.T.);
#1336=EDGE_CURVE('',#1086,#1087,#126,.T.);
#1337=EDGE_CURVE('',#1088,#1086,#825,.T.);
#1338=EDGE_CURVE('',#1089,#1088,#127,.T.);
#1339=EDGE_CURVE('',#1090,#1089,#826,.T.);
#1340=EDGE_CURVE('',#1091,#1090,#128,.T.);
#1341=EDGE_CURVE('',#1092,#1091,#827,.T.);
#1342=EDGE_CURVE('',#1093,#1092,#129,.T.);
#1343=EDGE_CURVE('',#1087,#1093,#828,.T.);
#1344=EDGE_CURVE('',#1094,#1095,#130,.T.);
#1345=EDGE_CURVE('',#1095,#1096,#829,.T.);
#1346=EDGE_CURVE('',#1096,#1097,#131,.T.);
#1347=EDGE_CURVE('',#1097,#1094,#830,.T.);
#1348=EDGE_CURVE('',#1098,#1099,#831,.T.);
#1349=EDGE_CURVE('',#1099,#1100,#132,.T.);
#1350=EDGE_CURVE('',#1100,#1101,#832,.T.);
#1351=EDGE_CURVE('',#1101,#1098,#133,.T.);
#1352=EDGE_CURVE('',#1102,#1102,#833,.T.);
#1353=EDGE_CURVE('',#1103,#1103,#834,.T.);
#1354=EDGE_CURVE('',#1104,#1104,#835,.T.);
#1355=EDGE_CURVE('',#1105,#1105,#836,.T.);
#1356=EDGE_CURVE('',#1106,#1106,#837,.T.);
#1357=EDGE_CURVE('',#1107,#1107,#838,.T.);
#1358=EDGE_CURVE('',#1108,#1108,#839,.T.);
#1359=EDGE_CURVE('',#1109,#1109,#840,.T.);
#1360=EDGE_CURVE('',#1110,#1110,#841,.T.);
#1361=EDGE_CURVE('',#1111,#1111,#842,.T.);
#1362=EDGE_CURVE('',#1112,#1112,#843,.T.);
#1363=EDGE_CURVE('',#1113,#1113,#844,.T.);
#1364=EDGE_CURVE('',#1114,#1114,#845,.T.);
#1365=EDGE_CURVE('',#1115,#1115,#846,.T.);
#1366=EDGE_CURVE('',#1116,#1116,#847,.T.);
#1367=EDGE_CURVE('',#1117,#1117,#848,.T.);
#1368=EDGE_CURVE('',#1118,#1118,#849,.T.);
#1369=EDGE_CURVE('',#1119,#1119,#850,.T.);
#1370=EDGE_CURVE('',#1120,#1120,#851,.T.);
#1371=EDGE_CURVE('',#1121,#1121,#852,.T.);
#1372=EDGE_CURVE('',#1122,#1122,#853,.T.);
#1373=EDGE_CURVE('',#1123,#1124,#134,.T.);
#1374=EDGE_CURVE('',#1125,#1123,#854,.T.);
#1375=EDGE_CURVE('',#1126,#1125,#135,.T.);
#1376=EDGE_CURVE('',#1127,#1126,#855,.T.);
#1377=EDGE_CURVE('',#1128,#1127,#136,.T.);
#1378=EDGE_CURVE('',#1129,#1128,#856,.T.);
#1379=EDGE_CURVE('',#1130,#1129,#137,.T.);
#1380=EDGE_CURVE('',#1124,#1130,#857,.T.);
#1381=EDGE_CURVE('',#1131,#1131,#858,.T.);
#1382=EDGE_CURVE('',#1132,#1132,#859,.T.);
#1383=EDGE_CURVE('',#1133,#1133,#860,.T.);
#1384=EDGE_CURVE('',#1134,#1134,#861,.T.);
#1385=EDGE_CURVE('',#1135,#1135,#862,.T.);
#1386=EDGE_CURVE('',#1136,#1136,#863,.T.);
#1387=EDGE_CURVE('',#1137,#1137,#864,.T.);
#1388=EDGE_CURVE('',#1138,#1139,#865,.T.);
#1389=EDGE_CURVE('',#1139,#1140,#866,.T.);
#1390=EDGE_CURVE('',#1140,#1141,#867,.T.);
#1391=EDGE_CURVE('',#1141,#1138,#868,.T.);
#1392=EDGE_CURVE('',#1142,#1078,#869,.T.);
#1393=EDGE_CURVE('',#1078,#1141,#138,.T.);
#1394=EDGE_CURVE('',#1140,#1142,#139,.T.);
#1395=EDGE_CURVE('',#1143,#1077,#870,.T.);
#1396=EDGE_CURVE('',#1142,#1143,#871,.T.);
#1397=EDGE_CURVE('',#1144,#1076,#872,.T.);
#1398=EDGE_CURVE('',#1143,#1144,#140,.T.);
#1399=EDGE_CURVE('',#1145,#1074,#873,.T.);
#1400=EDGE_CURVE('',#1144,#1145,#874,.T.);
#1401=EDGE_CURVE('',#1146,#1075,#875,.T.);
#1402=EDGE_CURVE('',#1145,#1146,#141,.T.);
#1403=EDGE_CURVE('',#1147,#1148,#876,.T.);
#1404=EDGE_CURVE('',#1148,#1075,#877,.T.);
#1405=EDGE_CURVE('',#1146,#1147,#878,.T.);
#1406=EDGE_CURVE('',#1147,#1139,#142,.T.);
#1407=EDGE_CURVE('',#1138,#1148,#143,.T.);
#1408=EDGE_CURVE('',#1148,#1067,#144,.T.);
#1409=EDGE_CURVE('',#1065,#1138,#145,.T.);
#1410=EDGE_CURVE('',#1141,#1063,#146,.T.);
#1411=EDGE_CURVE('',#1149,#1149,#879,.T.);
#1412=EDGE_CURVE('',#1150,#1150,#880,.T.);
#1413=EDGE_CURVE('',#1151,#1151,#881,.T.);
#1414=EDGE_CURVE('',#1152,#1152,#882,.T.);
#1415=EDGE_CURVE('',#1153,#1153,#883,.T.);
#1416=EDGE_CURVE('',#1154,#1154,#884,.T.);
#1417=EDGE_CURVE('',#1155,#1155,#885,.T.);
#1418=EDGE_CURVE('',#1156,#1157,#147,.T.);
#1419=EDGE_CURVE('',#1158,#1156,#886,.T.);
#1420=EDGE_CURVE('',#1159,#1158,#148,.T.);
#1421=EDGE_CURVE('',#1160,#1159,#887,.T.);
#1422=EDGE_CURVE('',#1161,#1160,#149,.T.);
#1423=EDGE_CURVE('',#1162,#1161,#888,.T.);
#1424=EDGE_CURVE('',#1163,#1162,#150,.T.);
#1425=EDGE_CURVE('',#1157,#1163,#889,.T.);
#1426=EDGE_CURVE('',#1164,#1165,#151,.T.);
#1427=EDGE_CURVE('',#1165,#1166,#890,.T.);
#1428=EDGE_CURVE('',#1166,#1167,#152,.T.);
#1429=EDGE_CURVE('',#1167,#1164,#891,.T.);
#1430=EDGE_CURVE('',#1168,#1169,#892,.T.);
#1431=EDGE_CURVE('',#1169,#1170,#153,.T.);
#1432=EDGE_CURVE('',#1170,#1171,#893,.T.);
#1433=EDGE_CURVE('',#1171,#1168,#154,.T.);
#1434=EDGE_CURVE('',#1172,#1172,#894,.T.);
#1435=EDGE_CURVE('',#1173,#1173,#895,.T.);
#1436=EDGE_CURVE('',#1174,#1174,#896,.T.);
#1437=EDGE_CURVE('',#1175,#1175,#897,.T.);
#1438=EDGE_CURVE('',#1176,#1176,#898,.T.);
#1439=EDGE_CURVE('',#1177,#1177,#899,.T.);
#1440=EDGE_CURVE('',#1178,#1178,#900,.T.);
#1441=EDGE_CURVE('',#1179,#1179,#901,.T.);
#1442=EDGE_CURVE('',#1180,#1180,#902,.T.);
#1443=EDGE_CURVE('',#1181,#1181,#903,.T.);
#1444=EDGE_CURVE('',#1182,#1182,#904,.T.);
#1445=EDGE_CURVE('',#1183,#1183,#905,.T.);
#1446=EDGE_CURVE('',#1184,#1184,#906,.T.);
#1447=EDGE_CURVE('',#1185,#1185,#907,.T.);
#1448=EDGE_CURVE('',#1186,#1186,#908,.T.);
#1449=EDGE_CURVE('',#1187,#1187,#909,.T.);
#1450=EDGE_CURVE('',#1188,#1188,#910,.T.);
#1451=EDGE_CURVE('',#1189,#1189,#911,.T.);
#1452=EDGE_CURVE('',#1190,#1190,#912,.T.);
#1453=EDGE_CURVE('',#1191,#1191,#913,.T.);
#1454=EDGE_CURVE('',#1192,#1192,#914,.T.);
#1455=EDGE_CURVE('',#1193,#1194,#155,.T.);
#1456=EDGE_CURVE('',#1195,#1193,#915,.T.);
#1457=EDGE_CURVE('',#1196,#1195,#156,.T.);
#1458=EDGE_CURVE('',#1197,#1196,#916,.T.);
#1459=EDGE_CURVE('',#1198,#1197,#157,.T.);
#1460=EDGE_CURVE('',#1199,#1198,#917,.T.);
#1461=EDGE_CURVE('',#1200,#1199,#158,.T.);
#1462=EDGE_CURVE('',#1194,#1200,#918,.T.);
#1463=EDGE_CURVE('',#1201,#1201,#919,.T.);
#1464=EDGE_CURVE('',#1202,#1202,#920,.T.);
#1465=EDGE_CURVE('',#1203,#1203,#921,.T.);
#1466=EDGE_CURVE('',#1204,#1204,#922,.T.);
#1467=EDGE_CURVE('',#1205,#1205,#923,.T.);
#1468=EDGE_CURVE('',#1206,#1206,#924,.T.);
#1469=EDGE_CURVE('',#1207,#1207,#925,.T.);
#1470=EDGE_CURVE('',#1079,#1208,#926,.T.);
#1471=EDGE_CURVE('',#1208,#1209,#927,.T.);
#1472=EDGE_CURVE('',#1209,#1208,#928,.T.);
#1473=EDGE_CURVE('',#1210,#1211,#929,.T.);
#1474=EDGE_CURVE('',#1210,#1209,#159,.T.);
#1475=EDGE_CURVE('',#1211,#1210,#930,.T.);
#1476=EDGE_CURVE('',#1149,#1211,#931,.T.);
#1477=EDGE_CURVE('',#1137,#1212,#932,.T.);
#1478=EDGE_CURVE('',#1212,#1213,#933,.T.);
#1479=EDGE_CURVE('',#1213,#1212,#934,.T.);
#1480=EDGE_CURVE('',#1214,#1215,#935,.T.);
#1481=EDGE_CURVE('',#1214,#1213,#160,.T.);
#1482=EDGE_CURVE('',#1215,#1214,#936,.T.);
#1483=EDGE_CURVE('',#1207,#1215,#937,.T.);
#1484=EDGE_CURVE('',#1150,#1216,#938,.T.);
#1485=EDGE_CURVE('',#1216,#1217,#939,.T.);
#1486=EDGE_CURVE('',#1217,#1216,#940,.T.);
#1487=EDGE_CURVE('',#1217,#1218,#161,.T.);
#1488=EDGE_CURVE('',#1219,#1218,#941,.T.);
#1489=EDGE_CURVE('',#1218,#1219,#942,.T.);
#1490=EDGE_CURVE('',#1206,#1220,#943,.T.);
#1491=EDGE_CURVE('',#1220,#1221,#944,.T.);
#1492=EDGE_CURVE('',#1221,#1220,#945,.T.);
#1493=EDGE_CURVE('',#1221,#1222,#162,.T.);
#1494=EDGE_CURVE('',#1223,#1222,#946,.T.);
#1495=EDGE_CURVE('',#1222,#1223,#947,.T.);
#1496=EDGE_CURVE('',#1151,#1224,#948,.T.);
#1497=EDGE_CURVE('',#1224,#1225,#949,.T.);
#1498=EDGE_CURVE('',#1225,#1224,#950,.T.);
#1499=EDGE_CURVE('',#1225,#1226,#163,.T.);
#1500=EDGE_CURVE('',#1227,#1226,#951,.T.);
#1501=EDGE_CURVE('',#1226,#1227,#952,.T.);
#1502=EDGE_CURVE('',#1080,#1227,#953,.T.);
#1503=EDGE_CURVE('',#1136,#1228,#954,.T.);
#1504=EDGE_CURVE('',#1228,#1229,#955,.T.);
#1505=EDGE_CURVE('',#1229,#1228,#956,.T.);
#1506=EDGE_CURVE('',#1230,#1231,#957,.T.);
#1507=EDGE_CURVE('',#1230,#1229,#164,.T.);
#1508=EDGE_CURVE('',#1231,#1230,#958,.T.);
#1509=EDGE_CURVE('',#1205,#1231,#959,.T.);
#1510=EDGE_CURVE('',#1152,#1232,#960,.T.);
#1511=EDGE_CURVE('',#1232,#1233,#961,.T.);
#1512=EDGE_CURVE('',#1233,#1232,#962,.T.);
#1513=EDGE_CURVE('',#1233,#1234,#165,.T.);
#1514=EDGE_CURVE('',#1235,#1234,#963,.T.);
#1515=EDGE_CURVE('',#1234,#1235,#964,.T.);
#1516=EDGE_CURVE('',#1081,#1235,#965,.T.);
#1517=EDGE_CURVE('',#1135,#1236,#966,.T.);
#1518=EDGE_CURVE('',#1236,#1237,#967,.T.);
#1519=EDGE_CURVE('',#1237,#1236,#968,.T.);
#1520=EDGE_CURVE('',#1238,#1239,#969,.T.);
#1521=EDGE_CURVE('',#1238,#1237,#166,.T.);
#1522=EDGE_CURVE('',#1239,#1238,#970,.T.);
#1523=EDGE_CURVE('',#1204,#1239,#971,.T.);
#1524=EDGE_CURVE('',#1153,#1240,#972,.T.);
#1525=EDGE_CURVE('',#1240,#1241,#973,.T.);
#1526=EDGE_CURVE('',#1241,#1240,#974,.T.);
#1527=EDGE_CURVE('',#1241,#1242,#167,.T.);
#1528=EDGE_CURVE('',#1243,#1242,#975,.T.);
#1529=EDGE_CURVE('',#1242,#1243,#976,.T.);
#1530=EDGE_CURVE('',#1082,#1243,#977,.T.);
#1531=EDGE_CURVE('',#1134,#1223,#978,.T.);
#1532=EDGE_CURVE('',#1203,#1244,#979,.T.);
#1533=EDGE_CURVE('',#1244,#1245,#980,.T.);
#1534=EDGE_CURVE('',#1245,#1244,#981,.T.);
#1535=EDGE_CURVE('',#1245,#1246,#168,.T.);
#1536=EDGE_CURVE('',#1247,#1246,#982,.T.);
#1537=EDGE_CURVE('',#1246,#1247,#983,.T.);
#1538=EDGE_CURVE('',#1083,#1247,#984,.T.);
#1539=EDGE_CURVE('',#1154,#1248,#985,.T.);
#1540=EDGE_CURVE('',#1248,#1249,#986,.T.);
#1541=EDGE_CURVE('',#1249,#1248,#987,.T.);
#1542=EDGE_CURVE('',#1249,#1250,#169,.T.);
#1543=EDGE_CURVE('',#1251,#1250,#988,.T.);
#1544=EDGE_CURVE('',#1250,#1251,#989,.T.);
#1545=EDGE_CURVE('',#1133,#1251,#990,.T.);
#1546=EDGE_CURVE('',#1084,#1252,#991,.T.);
#1547=EDGE_CURVE('',#1252,#1253,#992,.T.);
#1548=EDGE_CURVE('',#1253,#1252,#993,.T.);
#1549=EDGE_CURVE('',#1254,#1255,#994,.T.);
#1550=EDGE_CURVE('',#1254,#1253,#170,.T.);
#1551=EDGE_CURVE('',#1255,#1254,#995,.T.);
#1552=EDGE_CURVE('',#1202,#1255,#996,.T.);
#1553=EDGE_CURVE('',#1132,#1256,#997,.T.);
#1554=EDGE_CURVE('',#1256,#1257,#998,.T.);
#1555=EDGE_CURVE('',#1257,#1256,#999,.T.);
#1556=EDGE_CURVE('',#1258,#1259,#1000,.T.);
#1557=EDGE_CURVE('',#1258,#1257,#171,.T.);
#1558=EDGE_CURVE('',#1259,#1258,#1001,.T.);
#1559=EDGE_CURVE('',#1155,#1259,#1002,.T.);
#1560=EDGE_CURVE('',#1085,#1219,#1003,.T.);
#1561=EDGE_CURVE('',#1131,#1260,#1004,.T.);
#1562=EDGE_CURVE('',#1260,#1261,#1005,.T.);
#1563=EDGE_CURVE('',#1261,#1260,#1006,.T.);
#1564=EDGE_CURVE('',#1262,#1263,#1007,.T.);
#1565=EDGE_CURVE('',#1262,#1261,#172,.T.);
#1566=EDGE_CURVE('',#1263,#1262,#1008,.T.);
#1567=EDGE_CURVE('',#1201,#1263,#1009,.T.);
#1568=EDGE_CURVE('',#1087,#1264,#1010,.T.);
#1569=EDGE_CURVE('',#1264,#1265,#173,.T.);
#1570=EDGE_CURVE('',#1265,#1086,#1011,.T.);
#1571=EDGE_CURVE('',#1266,#1088,#1012,.T.);
#1572=EDGE_CURVE('',#1265,#1266,#1013,.T.);
#1573=EDGE_CURVE('',#1267,#1089,#1014,.T.);
#1574=EDGE_CURVE('',#1266,#1267,#174,.T.);
#1575=EDGE_CURVE('',#1268,#1090,#1015,.T.);
#1576=EDGE_CURVE('',#1267,#1268,#1016,.T.);
#1577=EDGE_CURVE('',#1269,#1091,#1017,.T.);
#1578=EDGE_CURVE('',#1268,#1269,#175,.T.);
#1579=EDGE_CURVE('',#1270,#1092,#1018,.T.);
#1580=EDGE_CURVE('',#1269,#1270,#1019,.T.);
#1581=EDGE_CURVE('',#1271,#1093,#1020,.T.);
#1582=EDGE_CURVE('',#1270,#1271,#176,.T.);
#1583=EDGE_CURVE('',#1271,#1264,#1021,.T.);
#1584=EDGE_CURVE('',#1272,#1267,#177,.T.);
#1585=EDGE_CURVE('',#1273,#1272,#1022,.T.);
#1586=EDGE_CURVE('',#1273,#1268,#178,.T.);
#1587=EDGE_CURVE('',#1274,#1266,#179,.T.);
#1588=EDGE_CURVE('',#1272,#1274,#180,.T.);
#1589=EDGE_CURVE('',#1275,#1265,#181,.T.);
#1590=EDGE_CURVE('',#1274,#1275,#1023,.T.);
#1591=EDGE_CURVE('',#1276,#1264,#182,.T.);
#1592=EDGE_CURVE('',#1275,#1276,#183,.T.);
#1593=EDGE_CURVE('',#1157,#1277,#1024,.T.);
#1594=EDGE_CURVE('',#1277,#1273,#184,.T.);
#1595=EDGE_CURVE('',#1273,#1156,#1025,.T.);
#1596=EDGE_CURVE('',#1272,#1158,#1026,.T.);
#1597=EDGE_CURVE('',#1274,#1159,#1027,.T.);
#1598=EDGE_CURVE('',#1275,#1160,#1028,.T.);
#1599=EDGE_CURVE('',#1276,#1161,#1029,.T.);
#1600=EDGE_CURVE('',#1278,#1162,#1030,.T.);
#1601=EDGE_CURVE('',#1276,#1278,#1031,.T.);
#1602=EDGE_CURVE('',#1279,#1163,#1032,.T.);
#1603=EDGE_CURVE('',#1278,#1279,#185,.T.);
#1604=EDGE_CURVE('',#1279,#1277,#1033,.T.);
#1605=EDGE_CURVE('',#1277,#1269,#186,.T.);
#1606=EDGE_CURVE('',#1124,#1280,#1034,.T.);
#1607=EDGE_CURVE('',#1280,#1281,#187,.T.);
#1608=EDGE_CURVE('',#1281,#1123,#1035,.T.);
#1609=EDGE_CURVE('',#1282,#1125,#1036,.T.);
#1610=EDGE_CURVE('',#1281,#1282,#1037,.T.);
#1611=EDGE_CURVE('',#1283,#1126,#1038,.T.);
#1612=EDGE_CURVE('',#1282,#1283,#188,.T.);
#1613=EDGE_CURVE('',#1284,#1127,#1039,.T.);
#1614=EDGE_CURVE('',#1283,#1284,#1040,.T.);
#1615=EDGE_CURVE('',#1285,#1128,#1041,.T.);
#1616=EDGE_CURVE('',#1284,#1285,#189,.T.);
#1617=EDGE_CURVE('',#1286,#1129,#1042,.T.);
#1618=EDGE_CURVE('',#1285,#1286,#1043,.T.);
#1619=EDGE_CURVE('',#1287,#1130,#1044,.T.);
#1620=EDGE_CURVE('',#1286,#1287,#190,.T.);
#1621=EDGE_CURVE('',#1287,#1280,#1045,.T.);
#1622=EDGE_CURVE('',#1288,#1283,#191,.T.);
#1623=EDGE_CURVE('',#1289,#1288,#1046,.T.);
#1624=EDGE_CURVE('',#1289,#1284,#192,.T.);
#1625=EDGE_CURVE('',#1290,#1282,#193,.T.);
#1626=EDGE_CURVE('',#1288,#1290,#194,.T.);
#1627=EDGE_CURVE('',#1291,#1281,#195,.T.);
#1628=EDGE_CURVE('',#1290,#1291,#1047,.T.);
#1629=EDGE_CURVE('',#1292,#1280,#196,.T.);
#1630=EDGE_CURVE('',#1291,#1292,#197,.T.);
#1631=EDGE_CURVE('',#1194,#1293,#1048,.T.);
#1632=EDGE_CURVE('',#1293,#1289,#198,.T.);
#1633=EDGE_CURVE('',#1289,#1193,#1049,.T.);
#1634=EDGE_CURVE('',#1288,#1195,#1050,.T.);
#1635=EDGE_CURVE('',#1290,#1196,#1051,.T.);
#1636=EDGE_CURVE('',#1291,#1197,#1052,.T.);
#1637=EDGE_CURVE('',#1292,#1198,#1053,.T.);
#1638=EDGE_CURVE('',#1294,#1199,#1054,.T.);
#1639=EDGE_CURVE('',#1292,#1294,#1055,.T.);
#1640=EDGE_CURVE('',#1295,#1200,#1056,.T.);
#1641=EDGE_CURVE('',#1294,#1295,#199,.T.);
#1642=EDGE_CURVE('',#1295,#1293,#1057,.T.);
#1643=EDGE_CURVE('',#1293,#1285,#200,.T.);
#1644=EDGE_CURVE('',#1279,#1270,#201,.T.);
#1645=EDGE_CURVE('',#1278,#1271,#202,.T.);
#1646=EDGE_CURVE('',#1164,#1095,#203,.T.);
#1647=EDGE_CURVE('',#1165,#1094,#204,.T.);
#1648=EDGE_CURVE('',#1167,#1096,#205,.T.);
#1649=EDGE_CURVE('',#1166,#1097,#206,.T.);
#1650=EDGE_CURVE('',#1168,#1099,#207,.T.);
#1651=EDGE_CURVE('',#1169,#1098,#208,.T.);
#1652=EDGE_CURVE('',#1171,#1100,#209,.T.);
#1653=EDGE_CURVE('',#1170,#1101,#210,.T.);
#1654=EDGE_CURVE('',#1192,#1122,#211,.T.);
#1655=EDGE_CURVE('',#1295,#1286,#212,.T.);
#1656=EDGE_CURVE('',#1294,#1287,#213,.T.);
#1657=EDGE_CURVE('',#1121,#1191,#214,.T.);
#1658=EDGE_CURVE('',#1172,#1102,#215,.T.);
#1659=EDGE_CURVE('',#1173,#1103,#216,.T.);
#1660=EDGE_CURVE('',#1174,#1104,#217,.T.);
#1661=EDGE_CURVE('',#1175,#1105,#218,.T.);
#1662=EDGE_CURVE('',#1176,#1106,#219,.T.);
#1663=EDGE_CURVE('',#1177,#1107,#220,.T.);
#1664=EDGE_CURVE('',#1178,#1108,#221,.T.);
#1665=EDGE_CURVE('',#1179,#1109,#222,.T.);
#1666=EDGE_CURVE('',#1180,#1110,#223,.T.);
#1667=EDGE_CURVE('',#1181,#1111,#224,.T.);
#1668=EDGE_CURVE('',#1182,#1112,#225,.T.);
#1669=EDGE_CURVE('',#1183,#1113,#226,.T.);
#1670=EDGE_CURVE('',#1184,#1114,#227,.T.);
#1671=EDGE_CURVE('',#1185,#1115,#228,.T.);
#1672=EDGE_CURVE('',#1186,#1116,#229,.T.);
#1673=EDGE_CURVE('',#1187,#1117,#230,.T.);
#1674=EDGE_CURVE('',#1188,#1118,#231,.T.);
#1675=EDGE_CURVE('',#1189,#1119,#232,.T.);
#1676=EDGE_CURVE('',#1190,#1120,#233,.T.);
#1677=ORIENTED_EDGE('',*,*,#1296,.T.);
#1678=ORIENTED_EDGE('',*,*,#1297,.T.);
#1679=ORIENTED_EDGE('',*,*,#1298,.T.);
#1680=ORIENTED_EDGE('',*,*,#1299,.T.);
#1681=ORIENTED_EDGE('',*,*,#1300,.T.);
#1682=ORIENTED_EDGE('',*,*,#1301,.T.);
#1683=ORIENTED_EDGE('',*,*,#1298,.F.);
#1684=ORIENTED_EDGE('',*,*,#1302,.T.);
#1685=ORIENTED_EDGE('',*,*,#1303,.T.);
#1686=ORIENTED_EDGE('',*,*,#1304,.T.);
#1687=ORIENTED_EDGE('',*,*,#1300,.F.);
#1688=ORIENTED_EDGE('',*,*,#1305,.T.);
#1689=ORIENTED_EDGE('',*,*,#1306,.T.);
#1690=ORIENTED_EDGE('',*,*,#1307,.T.);
#1691=ORIENTED_EDGE('',*,*,#1303,.F.);
#1692=ORIENTED_EDGE('',*,*,#1308,.T.);
#1693=ORIENTED_EDGE('',*,*,#1309,.T.);
#1694=ORIENTED_EDGE('',*,*,#1310,.T.);
#1695=ORIENTED_EDGE('',*,*,#1306,.F.);
#1696=ORIENTED_EDGE('',*,*,#1311,.T.);
#1697=ORIENTED_EDGE('',*,*,#1312,.T.);
#1698=ORIENTED_EDGE('',*,*,#1313,.T.);
#1699=ORIENTED_EDGE('',*,*,#1309,.F.);
#1700=ORIENTED_EDGE('',*,*,#1314,.T.);
#1701=ORIENTED_EDGE('',*,*,#1315,.T.);
#1702=ORIENTED_EDGE('',*,*,#1316,.T.);
#1703=ORIENTED_EDGE('',*,*,#1312,.F.);
#1704=ORIENTED_EDGE('',*,*,#1317,.T.);
#1705=ORIENTED_EDGE('',*,*,#1315,.F.);
#1706=ORIENTED_EDGE('',*,*,#1318,.T.);
#1707=ORIENTED_EDGE('',*,*,#1296,.F.);
#1708=ORIENTED_EDGE('',*,*,#1319,.T.);
#1709=ORIENTED_EDGE('',*,*,#1313,.F.);
#1710=ORIENTED_EDGE('',*,*,#1320,.F.);
#1711=ORIENTED_EDGE('',*,*,#1321,.F.);
#1712=ORIENTED_EDGE('',*,*,#1322,.F.);
#1713=ORIENTED_EDGE('',*,*,#1316,.F.);
#1714=ORIENTED_EDGE('',*,*,#1323,.T.);
#1715=ORIENTED_EDGE('',*,*,#1324,.F.);
#1716=ORIENTED_EDGE('',*,*,#1320,.T.);
#1717=ORIENTED_EDGE('',*,*,#1319,.F.);
#1718=ORIENTED_EDGE('',*,*,#1325,.F.);
#1719=ORIENTED_EDGE('',*,*,#1326,.F.);
#1720=ORIENTED_EDGE('',*,*,#1323,.F.);
#1721=ORIENTED_EDGE('',*,*,#1299,.F.);
#1722=ORIENTED_EDGE('',*,*,#1327,.T.);
#1723=ORIENTED_EDGE('',*,*,#1328,.F.);
#1724=ORIENTED_EDGE('',*,*,#1325,.T.);
#1725=ORIENTED_EDGE('',*,*,#1297,.F.);
#1726=ORIENTED_EDGE('',*,*,#1318,.F.);
#1727=ORIENTED_EDGE('',*,*,#1317,.F.);
#1728=ORIENTED_EDGE('',*,*,#1314,.F.);
#1729=ORIENTED_EDGE('',*,*,#1311,.F.);
#1730=ORIENTED_EDGE('',*,*,#1308,.F.);
#1731=ORIENTED_EDGE('',*,*,#1305,.F.);
#1732=ORIENTED_EDGE('',*,*,#1302,.F.);
#1733=ORIENTED_EDGE('',*,*,#1329,.F.);
#1734=ORIENTED_EDGE('',*,*,#1330,.F.);
#1735=ORIENTED_EDGE('',*,*,#1331,.F.);
#1736=ORIENTED_EDGE('',*,*,#1332,.F.);
#1737=ORIENTED_EDGE('',*,*,#1333,.F.);
#1738=ORIENTED_EDGE('',*,*,#1334,.F.);
#1739=ORIENTED_EDGE('',*,*,#1335,.F.);
#1740=ORIENTED_EDGE('',*,*,#1336,.F.);
#1741=ORIENTED_EDGE('',*,*,#1337,.F.);
#1742=ORIENTED_EDGE('',*,*,#1338,.F.);
#1743=ORIENTED_EDGE('',*,*,#1339,.F.);
#1744=ORIENTED_EDGE('',*,*,#1340,.F.);
#1745=ORIENTED_EDGE('',*,*,#1341,.F.);
#1746=ORIENTED_EDGE('',*,*,#1342,.F.);
#1747=ORIENTED_EDGE('',*,*,#1343,.F.);
#1748=ORIENTED_EDGE('',*,*,#1344,.T.);
#1749=ORIENTED_EDGE('',*,*,#1345,.T.);
#1750=ORIENTED_EDGE('',*,*,#1346,.T.);
#1751=ORIENTED_EDGE('',*,*,#1347,.T.);
#1752=ORIENTED_EDGE('',*,*,#1348,.T.);
#1753=ORIENTED_EDGE('',*,*,#1349,.T.);
#1754=ORIENTED_EDGE('',*,*,#1350,.T.);
#1755=ORIENTED_EDGE('',*,*,#1351,.T.);
#1756=ORIENTED_EDGE('',*,*,#1352,.T.);
#1757=ORIENTED_EDGE('',*,*,#1353,.T.);
#1758=ORIENTED_EDGE('',*,*,#1354,.T.);
#1759=ORIENTED_EDGE('',*,*,#1355,.T.);
#1760=ORIENTED_EDGE('',*,*,#1356,.T.);
#1761=ORIENTED_EDGE('',*,*,#1357,.T.);
#1762=ORIENTED_EDGE('',*,*,#1358,.T.);
#1763=ORIENTED_EDGE('',*,*,#1359,.T.);
#1764=ORIENTED_EDGE('',*,*,#1360,.T.);
#1765=ORIENTED_EDGE('',*,*,#1361,.T.);
#1766=ORIENTED_EDGE('',*,*,#1362,.T.);
#1767=ORIENTED_EDGE('',*,*,#1363,.T.);
#1768=ORIENTED_EDGE('',*,*,#1364,.T.);
#1769=ORIENTED_EDGE('',*,*,#1365,.T.);
#1770=ORIENTED_EDGE('',*,*,#1366,.T.);
#1771=ORIENTED_EDGE('',*,*,#1367,.T.);
#1772=ORIENTED_EDGE('',*,*,#1368,.T.);
#1773=ORIENTED_EDGE('',*,*,#1369,.T.);
#1774=ORIENTED_EDGE('',*,*,#1370,.T.);
#1775=ORIENTED_EDGE('',*,*,#1371,.T.);
#1776=ORIENTED_EDGE('',*,*,#1372,.T.);
#1777=ORIENTED_EDGE('',*,*,#1373,.F.);
#1778=ORIENTED_EDGE('',*,*,#1374,.F.);
#1779=ORIENTED_EDGE('',*,*,#1375,.F.);
#1780=ORIENTED_EDGE('',*,*,#1376,.F.);
#1781=ORIENTED_EDGE('',*,*,#1377,.F.);
#1782=ORIENTED_EDGE('',*,*,#1378,.F.);
#1783=ORIENTED_EDGE('',*,*,#1379,.F.);
#1784=ORIENTED_EDGE('',*,*,#1380,.F.);
#1785=ORIENTED_EDGE('',*,*,#1381,.F.);
#1786=ORIENTED_EDGE('',*,*,#1382,.F.);
#1787=ORIENTED_EDGE('',*,*,#1383,.F.);
#1788=ORIENTED_EDGE('',*,*,#1384,.F.);
#1789=ORIENTED_EDGE('',*,*,#1385,.F.);
#1790=ORIENTED_EDGE('',*,*,#1386,.F.);
#1791=ORIENTED_EDGE('',*,*,#1387,.F.);
#1792=ORIENTED_EDGE('',*,*,#1388,.T.);
#1793=ORIENTED_EDGE('',*,*,#1389,.T.);
#1794=ORIENTED_EDGE('',*,*,#1390,.T.);
#1795=ORIENTED_EDGE('',*,*,#1391,.T.);
#1796=ORIENTED_EDGE('',*,*,#1392,.T.);
#1797=ORIENTED_EDGE('',*,*,#1393,.T.);
#1798=ORIENTED_EDGE('',*,*,#1390,.F.);
#1799=ORIENTED_EDGE('',*,*,#1394,.T.);
#1800=ORIENTED_EDGE('',*,*,#1395,.T.);
#1801=ORIENTED_EDGE('',*,*,#1328,.T.);
#1802=ORIENTED_EDGE('',*,*,#1392,.F.);
#1803=ORIENTED_EDGE('',*,*,#1396,.T.);
#1804=ORIENTED_EDGE('',*,*,#1397,.T.);
#1805=ORIENTED_EDGE('',*,*,#1326,.T.);
#1806=ORIENTED_EDGE('',*,*,#1395,.F.);
#1807=ORIENTED_EDGE('',*,*,#1398,.T.);
#1808=ORIENTED_EDGE('',*,*,#1399,.T.);
#1809=ORIENTED_EDGE('',*,*,#1324,.T.);
#1810=ORIENTED_EDGE('',*,*,#1397,.F.);
#1811=ORIENTED_EDGE('',*,*,#1400,.T.);
#1812=ORIENTED_EDGE('',*,*,#1401,.T.);
#1813=ORIENTED_EDGE('',*,*,#1321,.T.);
#1814=ORIENTED_EDGE('',*,*,#1399,.F.);
#1815=ORIENTED_EDGE('',*,*,#1402,.T.);
#1816=ORIENTED_EDGE('',*,*,#1403,.T.);
#1817=ORIENTED_EDGE('',*,*,#1404,.T.);
#1818=ORIENTED_EDGE('',*,*,#1401,.F.);
#1819=ORIENTED_EDGE('',*,*,#1405,.T.);
#1820=ORIENTED_EDGE('',*,*,#1403,.F.);
#1821=ORIENTED_EDGE('',*,*,#1406,.T.);
#1822=ORIENTED_EDGE('',*,*,#1388,.F.);
#1823=ORIENTED_EDGE('',*,*,#1407,.T.);
#1824=ORIENTED_EDGE('',*,*,#1310,.F.);
#1825=ORIENTED_EDGE('',*,*,#1322,.T.);
#1826=ORIENTED_EDGE('',*,*,#1404,.F.);
#1827=ORIENTED_EDGE('',*,*,#1408,.T.);
#1828=ORIENTED_EDGE('',*,*,#1307,.F.);
#1829=ORIENTED_EDGE('',*,*,#1408,.F.);
#1830=ORIENTED_EDGE('',*,*,#1407,.F.);
#1831=ORIENTED_EDGE('',*,*,#1409,.F.);
#1832=ORIENTED_EDGE('',*,*,#1304,.F.);
#1833=ORIENTED_EDGE('',*,*,#1409,.T.);
#1834=ORIENTED_EDGE('',*,*,#1391,.F.);
#1835=ORIENTED_EDGE('',*,*,#1410,.T.);
#1836=ORIENTED_EDGE('',*,*,#1389,.F.);
#1837=ORIENTED_EDGE('',*,*,#1406,.F.);
#1838=ORIENTED_EDGE('',*,*,#1405,.F.);
#1839=ORIENTED_EDGE('',*,*,#1402,.F.);
#1840=ORIENTED_EDGE('',*,*,#1400,.F.);
#1841=ORIENTED_EDGE('',*,*,#1398,.F.);
#1842=ORIENTED_EDGE('',*,*,#1396,.F.);
#1843=ORIENTED_EDGE('',*,*,#1394,.F.);
#1844=ORIENTED_EDGE('',*,*,#1411,.F.);
#1845=ORIENTED_EDGE('',*,*,#1412,.F.);
#1846=ORIENTED_EDGE('',*,*,#1413,.F.);
#1847=ORIENTED_EDGE('',*,*,#1414,.F.);
#1848=ORIENTED_EDGE('',*,*,#1415,.F.);
#1849=ORIENTED_EDGE('',*,*,#1416,.F.);
#1850=ORIENTED_EDGE('',*,*,#1417,.F.);
#1851=ORIENTED_EDGE('',*,*,#1418,.F.);
#1852=ORIENTED_EDGE('',*,*,#1419,.F.);
#1853=ORIENTED_EDGE('',*,*,#1420,.F.);
#1854=ORIENTED_EDGE('',*,*,#1421,.F.);
#1855=ORIENTED_EDGE('',*,*,#1422,.F.);
#1856=ORIENTED_EDGE('',*,*,#1423,.F.);
#1857=ORIENTED_EDGE('',*,*,#1424,.F.);
#1858=ORIENTED_EDGE('',*,*,#1425,.F.);
#1859=ORIENTED_EDGE('',*,*,#1426,.T.);
#1860=ORIENTED_EDGE('',*,*,#1427,.T.);
#1861=ORIENTED_EDGE('',*,*,#1428,.T.);
#1862=ORIENTED_EDGE('',*,*,#1429,.T.);
#1863=ORIENTED_EDGE('',*,*,#1430,.T.);
#1864=ORIENTED_EDGE('',*,*,#1431,.T.);
#1865=ORIENTED_EDGE('',*,*,#1432,.T.);
#1866=ORIENTED_EDGE('',*,*,#1433,.T.);
#1867=ORIENTED_EDGE('',*,*,#1434,.T.);
#1868=ORIENTED_EDGE('',*,*,#1435,.T.);
#1869=ORIENTED_EDGE('',*,*,#1436,.T.);
#1870=ORIENTED_EDGE('',*,*,#1437,.T.);
#1871=ORIENTED_EDGE('',*,*,#1438,.T.);
#1872=ORIENTED_EDGE('',*,*,#1439,.T.);
#1873=ORIENTED_EDGE('',*,*,#1440,.T.);
#1874=ORIENTED_EDGE('',*,*,#1441,.T.);
#1875=ORIENTED_EDGE('',*,*,#1442,.T.);
#1876=ORIENTED_EDGE('',*,*,#1443,.T.);
#1877=ORIENTED_EDGE('',*,*,#1444,.T.);
#1878=ORIENTED_EDGE('',*,*,#1445,.T.);
#1879=ORIENTED_EDGE('',*,*,#1446,.T.);
#1880=ORIENTED_EDGE('',*,*,#1447,.T.);
#1881=ORIENTED_EDGE('',*,*,#1448,.T.);
#1882=ORIENTED_EDGE('',*,*,#1449,.T.);
#1883=ORIENTED_EDGE('',*,*,#1450,.T.);
#1884=ORIENTED_EDGE('',*,*,#1451,.T.);
#1885=ORIENTED_EDGE('',*,*,#1452,.T.);
#1886=ORIENTED_EDGE('',*,*,#1453,.T.);
#1887=ORIENTED_EDGE('',*,*,#1454,.T.);
#1888=ORIENTED_EDGE('',*,*,#1455,.F.);
#1889=ORIENTED_EDGE('',*,*,#1456,.F.);
#1890=ORIENTED_EDGE('',*,*,#1457,.F.);
#1891=ORIENTED_EDGE('',*,*,#1458,.F.);
#1892=ORIENTED_EDGE('',*,*,#1459,.F.);
#1893=ORIENTED_EDGE('',*,*,#1460,.F.);
#1894=ORIENTED_EDGE('',*,*,#1461,.F.);
#1895=ORIENTED_EDGE('',*,*,#1462,.F.);
#1896=ORIENTED_EDGE('',*,*,#1463,.F.);
#1897=ORIENTED_EDGE('',*,*,#1464,.F.);
#1898=ORIENTED_EDGE('',*,*,#1465,.F.);
#1899=ORIENTED_EDGE('',*,*,#1466,.F.);
#1900=ORIENTED_EDGE('',*,*,#1467,.F.);
#1901=ORIENTED_EDGE('',*,*,#1468,.F.);
#1902=ORIENTED_EDGE('',*,*,#1469,.F.);
#1903=ORIENTED_EDGE('',*,*,#1329,.T.);
#1904=ORIENTED_EDGE('',*,*,#1470,.T.);
#1905=ORIENTED_EDGE('',*,*,#1471,.T.);
#1906=ORIENTED_EDGE('',*,*,#1472,.T.);
#1907=ORIENTED_EDGE('',*,*,#1470,.F.);
#1908=ORIENTED_EDGE('',*,*,#1473,.F.);
#1909=ORIENTED_EDGE('',*,*,#1474,.T.);
#1910=ORIENTED_EDGE('',*,*,#1471,.F.);
#1911=ORIENTED_EDGE('',*,*,#1472,.F.);
#1912=ORIENTED_EDGE('',*,*,#1474,.F.);
#1913=ORIENTED_EDGE('',*,*,#1475,.F.);
#1914=ORIENTED_EDGE('',*,*,#1411,.T.);
#1915=ORIENTED_EDGE('',*,*,#1476,.T.);
#1916=ORIENTED_EDGE('',*,*,#1475,.T.);
#1917=ORIENTED_EDGE('',*,*,#1473,.T.);
#1918=ORIENTED_EDGE('',*,*,#1476,.F.);
#1919=ORIENTED_EDGE('',*,*,#1387,.T.);
#1920=ORIENTED_EDGE('',*,*,#1477,.T.);
#1921=ORIENTED_EDGE('',*,*,#1478,.T.);
#1922=ORIENTED_EDGE('',*,*,#1479,.T.);
#1923=ORIENTED_EDGE('',*,*,#1477,.F.);
#1924=ORIENTED_EDGE('',*,*,#1480,.F.);
#1925=ORIENTED_EDGE('',*,*,#1481,.T.);
#1926=ORIENTED_EDGE('',*,*,#1478,.F.);
#1927=ORIENTED_EDGE('',*,*,#1479,.F.);
#1928=ORIENTED_EDGE('',*,*,#1481,.F.);
#1929=ORIENTED_EDGE('',*,*,#1482,.F.);
#1930=ORIENTED_EDGE('',*,*,#1469,.T.);
#1931=ORIENTED_EDGE('',*,*,#1483,.T.);
#1932=ORIENTED_EDGE('',*,*,#1482,.T.);
#1933=ORIENTED_EDGE('',*,*,#1480,.T.);
#1934=ORIENTED_EDGE('',*,*,#1483,.F.);
#1935=ORIENTED_EDGE('',*,*,#1412,.T.);
#1936=ORIENTED_EDGE('',*,*,#1484,.T.);
#1937=ORIENTED_EDGE('',*,*,#1485,.T.);
#1938=ORIENTED_EDGE('',*,*,#1486,.T.);
#1939=ORIENTED_EDGE('',*,*,#1484,.F.);
#1940=ORIENTED_EDGE('',*,*,#1486,.F.);
#1941=ORIENTED_EDGE('',*,*,#1487,.T.);
#1942=ORIENTED_EDGE('',*,*,#1488,.F.);
#1943=ORIENTED_EDGE('',*,*,#1489,.F.);
#1944=ORIENTED_EDGE('',*,*,#1487,.F.);
#1945=ORIENTED_EDGE('',*,*,#1485,.F.);
#1946=ORIENTED_EDGE('',*,*,#1468,.T.);
#1947=ORIENTED_EDGE('',*,*,#1490,.T.);
#1948=ORIENTED_EDGE('',*,*,#1491,.T.);
#1949=ORIENTED_EDGE('',*,*,#1492,.T.);
#1950=ORIENTED_EDGE('',*,*,#1490,.F.);
#1951=ORIENTED_EDGE('',*,*,#1492,.F.);
#1952=ORIENTED_EDGE('',*,*,#1493,.T.);
#1953=ORIENTED_EDGE('',*,*,#1494,.F.);
#1954=ORIENTED_EDGE('',*,*,#1495,.F.);
#1955=ORIENTED_EDGE('',*,*,#1493,.F.);
#1956=ORIENTED_EDGE('',*,*,#1491,.F.);
#1957=ORIENTED_EDGE('',*,*,#1413,.T.);
#1958=ORIENTED_EDGE('',*,*,#1496,.T.);
#1959=ORIENTED_EDGE('',*,*,#1497,.T.);
#1960=ORIENTED_EDGE('',*,*,#1498,.T.);
#1961=ORIENTED_EDGE('',*,*,#1496,.F.);
#1962=ORIENTED_EDGE('',*,*,#1498,.F.);
#1963=ORIENTED_EDGE('',*,*,#1499,.T.);
#1964=ORIENTED_EDGE('',*,*,#1500,.F.);
#1965=ORIENTED_EDGE('',*,*,#1501,.F.);
#1966=ORIENTED_EDGE('',*,*,#1499,.F.);
#1967=ORIENTED_EDGE('',*,*,#1497,.F.);
#1968=ORIENTED_EDGE('',*,*,#1330,.T.);
#1969=ORIENTED_EDGE('',*,*,#1502,.T.);
#1970=ORIENTED_EDGE('',*,*,#1500,.T.);
#1971=ORIENTED_EDGE('',*,*,#1501,.T.);
#1972=ORIENTED_EDGE('',*,*,#1502,.F.);
#1973=ORIENTED_EDGE('',*,*,#1386,.T.);
#1974=ORIENTED_EDGE('',*,*,#1503,.T.);
#1975=ORIENTED_EDGE('',*,*,#1504,.T.);
#1976=ORIENTED_EDGE('',*,*,#1505,.T.);
#1977=ORIENTED_EDGE('',*,*,#1503,.F.);
#1978=ORIENTED_EDGE('',*,*,#1506,.F.);
#1979=ORIENTED_EDGE('',*,*,#1507,.T.);
#1980=ORIENTED_EDGE('',*,*,#1504,.F.);
#1981=ORIENTED_EDGE('',*,*,#1505,.F.);
#1982=ORIENTED_EDGE('',*,*,#1507,.F.);
#1983=ORIENTED_EDGE('',*,*,#1508,.F.);
#1984=ORIENTED_EDGE('',*,*,#1467,.T.);
#1985=ORIENTED_EDGE('',*,*,#1509,.T.);
#1986=ORIENTED_EDGE('',*,*,#1508,.T.);
#1987=ORIENTED_EDGE('',*,*,#1506,.T.);
#1988=ORIENTED_EDGE('',*,*,#1509,.F.);
#1989=ORIENTED_EDGE('',*,*,#1414,.T.);
#1990=ORIENTED_EDGE('',*,*,#1510,.T.);
#1991=ORIENTED_EDGE('',*,*,#1511,.T.);
#1992=ORIENTED_EDGE('',*,*,#1512,.T.);
#1993=ORIENTED_EDGE('',*,*,#1510,.F.);
#1994=ORIENTED_EDGE('',*,*,#1512,.F.);
#1995=ORIENTED_EDGE('',*,*,#1513,.T.);
#1996=ORIENTED_EDGE('',*,*,#1514,.F.);
#1997=ORIENTED_EDGE('',*,*,#1515,.F.);
#1998=ORIENTED_EDGE('',*,*,#1513,.F.);
#1999=ORIENTED_EDGE('',*,*,#1511,.F.);
#2000=ORIENTED_EDGE('',*,*,#1331,.T.);
#2001=ORIENTED_EDGE('',*,*,#1516,.T.);
#2002=ORIENTED_EDGE('',*,*,#1514,.T.);
#2003=ORIENTED_EDGE('',*,*,#1515,.T.);
#2004=ORIENTED_EDGE('',*,*,#1516,.F.);
#2005=ORIENTED_EDGE('',*,*,#1385,.T.);
#2006=ORIENTED_EDGE('',*,*,#1517,.T.);
#2007=ORIENTED_EDGE('',*,*,#1518,.T.);
#2008=ORIENTED_EDGE('',*,*,#1519,.T.);
#2009=ORIENTED_EDGE('',*,*,#1517,.F.);
#2010=ORIENTED_EDGE('',*,*,#1520,.F.);
#2011=ORIENTED_EDGE('',*,*,#1521,.T.);
#2012=ORIENTED_EDGE('',*,*,#1518,.F.);
#2013=ORIENTED_EDGE('',*,*,#1519,.F.);
#2014=ORIENTED_EDGE('',*,*,#1521,.F.);
#2015=ORIENTED_EDGE('',*,*,#1522,.F.);
#2016=ORIENTED_EDGE('',*,*,#1466,.T.);
#2017=ORIENTED_EDGE('',*,*,#1523,.T.);
#2018=ORIENTED_EDGE('',*,*,#1522,.T.);
#2019=ORIENTED_EDGE('',*,*,#1520,.T.);
#2020=ORIENTED_EDGE('',*,*,#1523,.F.);
#2021=ORIENTED_EDGE('',*,*,#1415,.T.);
#2022=ORIENTED_EDGE('',*,*,#1524,.T.);
#2023=ORIENTED_EDGE('',*,*,#1525,.T.);
#2024=ORIENTED_EDGE('',*,*,#1526,.T.);
#2025=ORIENTED_EDGE('',*,*,#1524,.F.);
#2026=ORIENTED_EDGE('',*,*,#1526,.F.);
#2027=ORIENTED_EDGE('',*,*,#1527,.T.);
#2028=ORIENTED_EDGE('',*,*,#1528,.F.);
#2029=ORIENTED_EDGE('',*,*,#1529,.F.);
#2030=ORIENTED_EDGE('',*,*,#1527,.F.);
#2031=ORIENTED_EDGE('',*,*,#1525,.F.);
#2032=ORIENTED_EDGE('',*,*,#1332,.T.);
#2033=ORIENTED_EDGE('',*,*,#1530,.T.);
#2034=ORIENTED_EDGE('',*,*,#1528,.T.);
#2035=ORIENTED_EDGE('',*,*,#1529,.T.);
#2036=ORIENTED_EDGE('',*,*,#1530,.F.);
#2037=ORIENTED_EDGE('',*,*,#1384,.T.);
#2038=ORIENTED_EDGE('',*,*,#1531,.T.);
#2039=ORIENTED_EDGE('',*,*,#1494,.T.);
#2040=ORIENTED_EDGE('',*,*,#1495,.T.);
#2041=ORIENTED_EDGE('',*,*,#1531,.F.);
#2042=ORIENTED_EDGE('',*,*,#1465,.T.);
#2043=ORIENTED_EDGE('',*,*,#1532,.T.);
#2044=ORIENTED_EDGE('',*,*,#1533,.T.);
#2045=ORIENTED_EDGE('',*,*,#1534,.T.);
#2046=ORIENTED_EDGE('',*,*,#1532,.F.);
#2047=ORIENTED_EDGE('',*,*,#1534,.F.);
#2048=ORIENTED_EDGE('',*,*,#1535,.T.);
#2049=ORIENTED_EDGE('',*,*,#1536,.F.);
#2050=ORIENTED_EDGE('',*,*,#1537,.F.);
#2051=ORIENTED_EDGE('',*,*,#1535,.F.);
#2052=ORIENTED_EDGE('',*,*,#1533,.F.);
#2053=ORIENTED_EDGE('',*,*,#1333,.T.);
#2054=ORIENTED_EDGE('',*,*,#1538,.T.);
#2055=ORIENTED_EDGE('',*,*,#1536,.T.);
#2056=ORIENTED_EDGE('',*,*,#1537,.T.);
#2057=ORIENTED_EDGE('',*,*,#1538,.F.);
#2058=ORIENTED_EDGE('',*,*,#1416,.T.);
#2059=ORIENTED_EDGE('',*,*,#1539,.T.);
#2060=ORIENTED_EDGE('',*,*,#1540,.T.);
#2061=ORIENTED_EDGE('',*,*,#1541,.T.);
#2062=ORIENTED_EDGE('',*,*,#1539,.F.);
#2063=ORIENTED_EDGE('',*,*,#1541,.F.);
#2064=ORIENTED_EDGE('',*,*,#1542,.T.);
#2065=ORIENTED_EDGE('',*,*,#1543,.F.);
#2066=ORIENTED_EDGE('',*,*,#1544,.F.);
#2067=ORIENTED_EDGE('',*,*,#1542,.F.);
#2068=ORIENTED_EDGE('',*,*,#1540,.F.);
#2069=ORIENTED_EDGE('',*,*,#1383,.T.);
#2070=ORIENTED_EDGE('',*,*,#1545,.T.);
#2071=ORIENTED_EDGE('',*,*,#1543,.T.);
#2072=ORIENTED_EDGE('',*,*,#1544,.T.);
#2073=ORIENTED_EDGE('',*,*,#1545,.F.);
#2074=ORIENTED_EDGE('',*,*,#1334,.T.);
#2075=ORIENTED_EDGE('',*,*,#1546,.T.);
#2076=ORIENTED_EDGE('',*,*,#1547,.T.);
#2077=ORIENTED_EDGE('',*,*,#1548,.T.);
#2078=ORIENTED_EDGE('',*,*,#1546,.F.);
#2079=ORIENTED_EDGE('',*,*,#1549,.F.);
#2080=ORIENTED_EDGE('',*,*,#1550,.T.);
#2081=ORIENTED_EDGE('',*,*,#1547,.F.);
#2082=ORIENTED_EDGE('',*,*,#1548,.F.);
#2083=ORIENTED_EDGE('',*,*,#1550,.F.);
#2084=ORIENTED_EDGE('',*,*,#1551,.F.);
#2085=ORIENTED_EDGE('',*,*,#1464,.T.);
#2086=ORIENTED_EDGE('',*,*,#1552,.T.);
#2087=ORIENTED_EDGE('',*,*,#1551,.T.);
#2088=ORIENTED_EDGE('',*,*,#1549,.T.);
#2089=ORIENTED_EDGE('',*,*,#1552,.F.);
#2090=ORIENTED_EDGE('',*,*,#1382,.T.);
#2091=ORIENTED_EDGE('',*,*,#1553,.T.);
#2092=ORIENTED_EDGE('',*,*,#1554,.T.);
#2093=ORIENTED_EDGE('',*,*,#1555,.T.);
#2094=ORIENTED_EDGE('',*,*,#1553,.F.);
#2095=ORIENTED_EDGE('',*,*,#1556,.F.);
#2096=ORIENTED_EDGE('',*,*,#1557,.T.);
#2097=ORIENTED_EDGE('',*,*,#1554,.F.);
#2098=ORIENTED_EDGE('',*,*,#1555,.F.);
#2099=ORIENTED_EDGE('',*,*,#1557,.F.);
#2100=ORIENTED_EDGE('',*,*,#1558,.F.);
#2101=ORIENTED_EDGE('',*,*,#1417,.T.);
#2102=ORIENTED_EDGE('',*,*,#1559,.T.);
#2103=ORIENTED_EDGE('',*,*,#1558,.T.);
#2104=ORIENTED_EDGE('',*,*,#1556,.T.);
#2105=ORIENTED_EDGE('',*,*,#1559,.F.);
#2106=ORIENTED_EDGE('',*,*,#1335,.T.);
#2107=ORIENTED_EDGE('',*,*,#1560,.T.);
#2108=ORIENTED_EDGE('',*,*,#1488,.T.);
#2109=ORIENTED_EDGE('',*,*,#1489,.T.);
#2110=ORIENTED_EDGE('',*,*,#1560,.F.);
#2111=ORIENTED_EDGE('',*,*,#1381,.T.);
#2112=ORIENTED_EDGE('',*,*,#1561,.T.);
#2113=ORIENTED_EDGE('',*,*,#1562,.T.);
#2114=ORIENTED_EDGE('',*,*,#1563,.T.);
#2115=ORIENTED_EDGE('',*,*,#1561,.F.);
#2116=ORIENTED_EDGE('',*,*,#1564,.F.);
#2117=ORIENTED_EDGE('',*,*,#1565,.T.);
#2118=ORIENTED_EDGE('',*,*,#1562,.F.);
#2119=ORIENTED_EDGE('',*,*,#1563,.F.);
#2120=ORIENTED_EDGE('',*,*,#1565,.F.);
#2121=ORIENTED_EDGE('',*,*,#1566,.F.);
#2122=ORIENTED_EDGE('',*,*,#1463,.T.);
#2123=ORIENTED_EDGE('',*,*,#1567,.T.);
#2124=ORIENTED_EDGE('',*,*,#1566,.T.);
#2125=ORIENTED_EDGE('',*,*,#1564,.T.);
#2126=ORIENTED_EDGE('',*,*,#1567,.F.);
#2127=ORIENTED_EDGE('',*,*,#1568,.T.);
#2128=ORIENTED_EDGE('',*,*,#1569,.T.);
#2129=ORIENTED_EDGE('',*,*,#1570,.T.);
#2130=ORIENTED_EDGE('',*,*,#1336,.T.);
#2131=ORIENTED_EDGE('',*,*,#1571,.T.);
#2132=ORIENTED_EDGE('',*,*,#1337,.T.);
#2133=ORIENTED_EDGE('',*,*,#1570,.F.);
#2134=ORIENTED_EDGE('',*,*,#1572,.T.);
#2135=ORIENTED_EDGE('',*,*,#1573,.T.);
#2136=ORIENTED_EDGE('',*,*,#1338,.T.);
#2137=ORIENTED_EDGE('',*,*,#1571,.F.);
#2138=ORIENTED_EDGE('',*,*,#1574,.T.);
#2139=ORIENTED_EDGE('',*,*,#1575,.T.);
#2140=ORIENTED_EDGE('',*,*,#1339,.T.);
#2141=ORIENTED_EDGE('',*,*,#1573,.F.);
#2142=ORIENTED_EDGE('',*,*,#1576,.T.);
#2143=ORIENTED_EDGE('',*,*,#1577,.T.);
#2144=ORIENTED_EDGE('',*,*,#1340,.T.);
#2145=ORIENTED_EDGE('',*,*,#1575,.F.);
#2146=ORIENTED_EDGE('',*,*,#1578,.T.);
#2147=ORIENTED_EDGE('',*,*,#1579,.T.);
#2148=ORIENTED_EDGE('',*,*,#1341,.T.);
#2149=ORIENTED_EDGE('',*,*,#1577,.F.);
#2150=ORIENTED_EDGE('',*,*,#1580,.T.);
#2151=ORIENTED_EDGE('',*,*,#1581,.T.);
#2152=ORIENTED_EDGE('',*,*,#1342,.T.);
#2153=ORIENTED_EDGE('',*,*,#1579,.F.);
#2154=ORIENTED_EDGE('',*,*,#1582,.T.);
#2155=ORIENTED_EDGE('',*,*,#1568,.F.);
#2156=ORIENTED_EDGE('',*,*,#1343,.T.);
#2157=ORIENTED_EDGE('',*,*,#1581,.F.);
#2158=ORIENTED_EDGE('',*,*,#1583,.T.);
#2159=ORIENTED_EDGE('',*,*,#1576,.F.);
#2160=ORIENTED_EDGE('',*,*,#1584,.F.);
#2161=ORIENTED_EDGE('',*,*,#1585,.F.);
#2162=ORIENTED_EDGE('',*,*,#1586,.T.);
#2163=ORIENTED_EDGE('',*,*,#1574,.F.);
#2164=ORIENTED_EDGE('',*,*,#1587,.F.);
#2165=ORIENTED_EDGE('',*,*,#1588,.F.);
#2166=ORIENTED_EDGE('',*,*,#1584,.T.);
#2167=ORIENTED_EDGE('',*,*,#1572,.F.);
#2168=ORIENTED_EDGE('',*,*,#1589,.F.);
#2169=ORIENTED_EDGE('',*,*,#1590,.F.);
#2170=ORIENTED_EDGE('',*,*,#1587,.T.);
#2171=ORIENTED_EDGE('',*,*,#1569,.F.);
#2172=ORIENTED_EDGE('',*,*,#1591,.F.);
#2173=ORIENTED_EDGE('',*,*,#1592,.F.);
#2174=ORIENTED_EDGE('',*,*,#1589,.T.);
#2175=ORIENTED_EDGE('',*,*,#1593,.T.);
#2176=ORIENTED_EDGE('',*,*,#1594,.T.);
#2177=ORIENTED_EDGE('',*,*,#1595,.T.);
#2178=ORIENTED_EDGE('',*,*,#1418,.T.);
#2179=ORIENTED_EDGE('',*,*,#1596,.T.);
#2180=ORIENTED_EDGE('',*,*,#1419,.T.);
#2181=ORIENTED_EDGE('',*,*,#1595,.F.);
#2182=ORIENTED_EDGE('',*,*,#1585,.T.);
#2183=ORIENTED_EDGE('',*,*,#1597,.T.);
#2184=ORIENTED_EDGE('',*,*,#1420,.T.);
#2185=ORIENTED_EDGE('',*,*,#1596,.F.);
#2186=ORIENTED_EDGE('',*,*,#1588,.T.);
#2187=ORIENTED_EDGE('',*,*,#1598,.T.);
#2188=ORIENTED_EDGE('',*,*,#1421,.T.);
#2189=ORIENTED_EDGE('',*,*,#1597,.F.);
#2190=ORIENTED_EDGE('',*,*,#1590,.T.);
#2191=ORIENTED_EDGE('',*,*,#1599,.T.);
#2192=ORIENTED_EDGE('',*,*,#1422,.T.);
#2193=ORIENTED_EDGE('',*,*,#1598,.F.);
#2194=ORIENTED_EDGE('',*,*,#1592,.T.);
#2195=ORIENTED_EDGE('',*,*,#1600,.T.);
#2196=ORIENTED_EDGE('',*,*,#1423,.T.);
#2197=ORIENTED_EDGE('',*,*,#1599,.F.);
#2198=ORIENTED_EDGE('',*,*,#1601,.T.);
#2199=ORIENTED_EDGE('',*,*,#1602,.T.);
#2200=ORIENTED_EDGE('',*,*,#1424,.T.);
#2201=ORIENTED_EDGE('',*,*,#1600,.F.);
#2202=ORIENTED_EDGE('',*,*,#1603,.T.);
#2203=ORIENTED_EDGE('',*,*,#1593,.F.);
#2204=ORIENTED_EDGE('',*,*,#1425,.T.);
#2205=ORIENTED_EDGE('',*,*,#1602,.F.);
#2206=ORIENTED_EDGE('',*,*,#1604,.T.);
#2207=ORIENTED_EDGE('',*,*,#1578,.F.);
#2208=ORIENTED_EDGE('',*,*,#1586,.F.);
#2209=ORIENTED_EDGE('',*,*,#1594,.F.);
#2210=ORIENTED_EDGE('',*,*,#1605,.T.);
#2211=ORIENTED_EDGE('',*,*,#1606,.T.);
#2212=ORIENTED_EDGE('',*,*,#1607,.T.);
#2213=ORIENTED_EDGE('',*,*,#1608,.T.);
#2214=ORIENTED_EDGE('',*,*,#1373,.T.);
#2215=ORIENTED_EDGE('',*,*,#1609,.T.);
#2216=ORIENTED_EDGE('',*,*,#1374,.T.);
#2217=ORIENTED_EDGE('',*,*,#1608,.F.);
#2218=ORIENTED_EDGE('',*,*,#1610,.T.);
#2219=ORIENTED_EDGE('',*,*,#1611,.T.);
#2220=ORIENTED_EDGE('',*,*,#1375,.T.);
#2221=ORIENTED_EDGE('',*,*,#1609,.F.);
#2222=ORIENTED_EDGE('',*,*,#1612,.T.);
#2223=ORIENTED_EDGE('',*,*,#1613,.T.);
#2224=ORIENTED_EDGE('',*,*,#1376,.T.);
#2225=ORIENTED_EDGE('',*,*,#1611,.F.);
#2226=ORIENTED_EDGE('',*,*,#1614,.T.);
#2227=ORIENTED_EDGE('',*,*,#1615,.T.);
#2228=ORIENTED_EDGE('',*,*,#1377,.T.);
#2229=ORIENTED_EDGE('',*,*,#1613,.F.);
#2230=ORIENTED_EDGE('',*,*,#1616,.T.);
#2231=ORIENTED_EDGE('',*,*,#1617,.T.);
#2232=ORIENTED_EDGE('',*,*,#1378,.T.);
#2233=ORIENTED_EDGE('',*,*,#1615,.F.);
#2234=ORIENTED_EDGE('',*,*,#1618,.T.);
#2235=ORIENTED_EDGE('',*,*,#1619,.T.);
#2236=ORIENTED_EDGE('',*,*,#1379,.T.);
#2237=ORIENTED_EDGE('',*,*,#1617,.F.);
#2238=ORIENTED_EDGE('',*,*,#1620,.T.);
#2239=ORIENTED_EDGE('',*,*,#1606,.F.);
#2240=ORIENTED_EDGE('',*,*,#1380,.T.);
#2241=ORIENTED_EDGE('',*,*,#1619,.F.);
#2242=ORIENTED_EDGE('',*,*,#1621,.T.);
#2243=ORIENTED_EDGE('',*,*,#1614,.F.);
#2244=ORIENTED_EDGE('',*,*,#1622,.F.);
#2245=ORIENTED_EDGE('',*,*,#1623,.F.);
#2246=ORIENTED_EDGE('',*,*,#1624,.T.);
#2247=ORIENTED_EDGE('',*,*,#1612,.F.);
#2248=ORIENTED_EDGE('',*,*,#1625,.F.);
#2249=ORIENTED_EDGE('',*,*,#1626,.F.);
#2250=ORIENTED_EDGE('',*,*,#1622,.T.);
#2251=ORIENTED_EDGE('',*,*,#1610,.F.);
#2252=ORIENTED_EDGE('',*,*,#1627,.F.);
#2253=ORIENTED_EDGE('',*,*,#1628,.F.);
#2254=ORIENTED_EDGE('',*,*,#1625,.T.);
#2255=ORIENTED_EDGE('',*,*,#1607,.F.);
#2256=ORIENTED_EDGE('',*,*,#1629,.F.);
#2257=ORIENTED_EDGE('',*,*,#1630,.F.);
#2258=ORIENTED_EDGE('',*,*,#1627,.T.);
#2259=ORIENTED_EDGE('',*,*,#1631,.T.);
#2260=ORIENTED_EDGE('',*,*,#1632,.T.);
#2261=ORIENTED_EDGE('',*,*,#1633,.T.);
#2262=ORIENTED_EDGE('',*,*,#1455,.T.);
#2263=ORIENTED_EDGE('',*,*,#1634,.T.);
#2264=ORIENTED_EDGE('',*,*,#1456,.T.);
#2265=ORIENTED_EDGE('',*,*,#1633,.F.);
#2266=ORIENTED_EDGE('',*,*,#1623,.T.);
#2267=ORIENTED_EDGE('',*,*,#1635,.T.);
#2268=ORIENTED_EDGE('',*,*,#1457,.T.);
#2269=ORIENTED_EDGE('',*,*,#1634,.F.);
#2270=ORIENTED_EDGE('',*,*,#1626,.T.);
#2271=ORIENTED_EDGE('',*,*,#1636,.T.);
#2272=ORIENTED_EDGE('',*,*,#1458,.T.);
#2273=ORIENTED_EDGE('',*,*,#1635,.F.);
#2274=ORIENTED_EDGE('',*,*,#1628,.T.);
#2275=ORIENTED_EDGE('',*,*,#1637,.T.);
#2276=ORIENTED_EDGE('',*,*,#1459,.T.);
#2277=ORIENTED_EDGE('',*,*,#1636,.F.);
#2278=ORIENTED_EDGE('',*,*,#1630,.T.);
#2279=ORIENTED_EDGE('',*,*,#1638,.T.);
#2280=ORIENTED_EDGE('',*,*,#1460,.T.);
#2281=ORIENTED_EDGE('',*,*,#1637,.F.);
#2282=ORIENTED_EDGE('',*,*,#1639,.T.);
#2283=ORIENTED_EDGE('',*,*,#1640,.T.);
#2284=ORIENTED_EDGE('',*,*,#1461,.T.);
#2285=ORIENTED_EDGE('',*,*,#1638,.F.);
#2286=ORIENTED_EDGE('',*,*,#1641,.T.);
#2287=ORIENTED_EDGE('',*,*,#1631,.F.);
#2288=ORIENTED_EDGE('',*,*,#1462,.T.);
#2289=ORIENTED_EDGE('',*,*,#1640,.F.);
#2290=ORIENTED_EDGE('',*,*,#1642,.T.);
#2291=ORIENTED_EDGE('',*,*,#1616,.F.);
#2292=ORIENTED_EDGE('',*,*,#1624,.F.);
#2293=ORIENTED_EDGE('',*,*,#1632,.F.);
#2294=ORIENTED_EDGE('',*,*,#1643,.T.);
#2295=ORIENTED_EDGE('',*,*,#1301,.F.);
#2296=ORIENTED_EDGE('',*,*,#1410,.F.);
#2297=ORIENTED_EDGE('',*,*,#1393,.F.);
#2298=ORIENTED_EDGE('',*,*,#1327,.F.);
#2299=ORIENTED_EDGE('',*,*,#1580,.F.);
#2300=ORIENTED_EDGE('',*,*,#1605,.F.);
#2301=ORIENTED_EDGE('',*,*,#1604,.F.);
#2302=ORIENTED_EDGE('',*,*,#1644,.T.);
#2303=ORIENTED_EDGE('',*,*,#1582,.F.);
#2304=ORIENTED_EDGE('',*,*,#1644,.F.);
#2305=ORIENTED_EDGE('',*,*,#1603,.F.);
#2306=ORIENTED_EDGE('',*,*,#1645,.T.);
#2307=ORIENTED_EDGE('',*,*,#1583,.F.);
#2308=ORIENTED_EDGE('',*,*,#1645,.F.);
#2309=ORIENTED_EDGE('',*,*,#1601,.F.);
#2310=ORIENTED_EDGE('',*,*,#1591,.T.);
#2311=ORIENTED_EDGE('',*,*,#1426,.F.);
#2312=ORIENTED_EDGE('',*,*,#1646,.T.);
#2313=ORIENTED_EDGE('',*,*,#1344,.F.);
#2314=ORIENTED_EDGE('',*,*,#1647,.F.);
#2315=ORIENTED_EDGE('',*,*,#1429,.F.);
#2316=ORIENTED_EDGE('',*,*,#1648,.T.);
#2317=ORIENTED_EDGE('',*,*,#1345,.F.);
#2318=ORIENTED_EDGE('',*,*,#1646,.F.);
#2319=ORIENTED_EDGE('',*,*,#1428,.F.);
#2320=ORIENTED_EDGE('',*,*,#1649,.T.);
#2321=ORIENTED_EDGE('',*,*,#1346,.F.);
#2322=ORIENTED_EDGE('',*,*,#1648,.F.);
#2323=ORIENTED_EDGE('',*,*,#1427,.F.);
#2324=ORIENTED_EDGE('',*,*,#1647,.T.);
#2325=ORIENTED_EDGE('',*,*,#1347,.F.);
#2326=ORIENTED_EDGE('',*,*,#1649,.F.);
#2327=ORIENTED_EDGE('',*,*,#1430,.F.);
#2328=ORIENTED_EDGE('',*,*,#1650,.T.);
#2329=ORIENTED_EDGE('',*,*,#1348,.F.);
#2330=ORIENTED_EDGE('',*,*,#1651,.F.);
#2331=ORIENTED_EDGE('',*,*,#1433,.F.);
#2332=ORIENTED_EDGE('',*,*,#1652,.T.);
#2333=ORIENTED_EDGE('',*,*,#1349,.F.);
#2334=ORIENTED_EDGE('',*,*,#1650,.F.);
#2335=ORIENTED_EDGE('',*,*,#1432,.F.);
#2336=ORIENTED_EDGE('',*,*,#1653,.T.);
#2337=ORIENTED_EDGE('',*,*,#1350,.F.);
#2338=ORIENTED_EDGE('',*,*,#1652,.F.);
#2339=ORIENTED_EDGE('',*,*,#1431,.F.);
#2340=ORIENTED_EDGE('',*,*,#1651,.T.);
#2341=ORIENTED_EDGE('',*,*,#1351,.F.);
#2342=ORIENTED_EDGE('',*,*,#1653,.F.);
#2343=ORIENTED_EDGE('',*,*,#1454,.F.);
#2344=ORIENTED_EDGE('',*,*,#1654,.T.);
#2345=ORIENTED_EDGE('',*,*,#1372,.F.);
#2346=ORIENTED_EDGE('',*,*,#1654,.F.);
#2347=ORIENTED_EDGE('',*,*,#1620,.F.);
#2348=ORIENTED_EDGE('',*,*,#1655,.F.);
#2349=ORIENTED_EDGE('',*,*,#1641,.F.);
#2350=ORIENTED_EDGE('',*,*,#1656,.T.);
#2351=ORIENTED_EDGE('',*,*,#1621,.F.);
#2352=ORIENTED_EDGE('',*,*,#1656,.F.);
#2353=ORIENTED_EDGE('',*,*,#1639,.F.);
#2354=ORIENTED_EDGE('',*,*,#1629,.T.);
#2355=ORIENTED_EDGE('',*,*,#1618,.F.);
#2356=ORIENTED_EDGE('',*,*,#1643,.F.);
#2357=ORIENTED_EDGE('',*,*,#1642,.F.);
#2358=ORIENTED_EDGE('',*,*,#1655,.T.);
#2359=ORIENTED_EDGE('',*,*,#1371,.F.);
#2360=ORIENTED_EDGE('',*,*,#1657,.T.);
#2361=ORIENTED_EDGE('',*,*,#1453,.F.);
#2362=ORIENTED_EDGE('',*,*,#1657,.F.);
#2363=ORIENTED_EDGE('',*,*,#1434,.F.);
#2364=ORIENTED_EDGE('',*,*,#1658,.T.);
#2365=ORIENTED_EDGE('',*,*,#1352,.F.);
#2366=ORIENTED_EDGE('',*,*,#1658,.F.);
#2367=ORIENTED_EDGE('',*,*,#1435,.F.);
#2368=ORIENTED_EDGE('',*,*,#1659,.T.);
#2369=ORIENTED_EDGE('',*,*,#1353,.F.);
#2370=ORIENTED_EDGE('',*,*,#1659,.F.);
#2371=ORIENTED_EDGE('',*,*,#1436,.F.);
#2372=ORIENTED_EDGE('',*,*,#1660,.T.);
#2373=ORIENTED_EDGE('',*,*,#1354,.F.);
#2374=ORIENTED_EDGE('',*,*,#1660,.F.);
#2375=ORIENTED_EDGE('',*,*,#1437,.F.);
#2376=ORIENTED_EDGE('',*,*,#1661,.T.);
#2377=ORIENTED_EDGE('',*,*,#1355,.F.);
#2378=ORIENTED_EDGE('',*,*,#1661,.F.);
#2379=ORIENTED_EDGE('',*,*,#1438,.F.);
#2380=ORIENTED_EDGE('',*,*,#1662,.T.);
#2381=ORIENTED_EDGE('',*,*,#1356,.F.);
#2382=ORIENTED_EDGE('',*,*,#1662,.F.);
#2383=ORIENTED_EDGE('',*,*,#1439,.F.);
#2384=ORIENTED_EDGE('',*,*,#1663,.T.);
#2385=ORIENTED_EDGE('',*,*,#1357,.F.);
#2386=ORIENTED_EDGE('',*,*,#1663,.F.);
#2387=ORIENTED_EDGE('',*,*,#1440,.F.);
#2388=ORIENTED_EDGE('',*,*,#1664,.T.);
#2389=ORIENTED_EDGE('',*,*,#1358,.F.);
#2390=ORIENTED_EDGE('',*,*,#1664,.F.);
#2391=ORIENTED_EDGE('',*,*,#1441,.F.);
#2392=ORIENTED_EDGE('',*,*,#1665,.T.);
#2393=ORIENTED_EDGE('',*,*,#1359,.F.);
#2394=ORIENTED_EDGE('',*,*,#1665,.F.);
#2395=ORIENTED_EDGE('',*,*,#1442,.F.);
#2396=ORIENTED_EDGE('',*,*,#1666,.T.);
#2397=ORIENTED_EDGE('',*,*,#1360,.F.);
#2398=ORIENTED_EDGE('',*,*,#1666,.F.);
#2399=ORIENTED_EDGE('',*,*,#1443,.F.);
#2400=ORIENTED_EDGE('',*,*,#1667,.T.);
#2401=ORIENTED_EDGE('',*,*,#1361,.F.);
#2402=ORIENTED_EDGE('',*,*,#1667,.F.);
#2403=ORIENTED_EDGE('',*,*,#1444,.F.);
#2404=ORIENTED_EDGE('',*,*,#1668,.T.);
#2405=ORIENTED_EDGE('',*,*,#1362,.F.);
#2406=ORIENTED_EDGE('',*,*,#1668,.F.);
#2407=ORIENTED_EDGE('',*,*,#1445,.F.);
#2408=ORIENTED_EDGE('',*,*,#1669,.T.);
#2409=ORIENTED_EDGE('',*,*,#1363,.F.);
#2410=ORIENTED_EDGE('',*,*,#1669,.F.);
#2411=ORIENTED_EDGE('',*,*,#1446,.F.);
#2412=ORIENTED_EDGE('',*,*,#1670,.T.);
#2413=ORIENTED_EDGE('',*,*,#1364,.F.);
#2414=ORIENTED_EDGE('',*,*,#1670,.F.);
#2415=ORIENTED_EDGE('',*,*,#1447,.F.);
#2416=ORIENTED_EDGE('',*,*,#1671,.T.);
#2417=ORIENTED_EDGE('',*,*,#1365,.F.);
#2418=ORIENTED_EDGE('',*,*,#1671,.F.);
#2419=ORIENTED_EDGE('',*,*,#1448,.F.);
#2420=ORIENTED_EDGE('',*,*,#1672,.T.);
#2421=ORIENTED_EDGE('',*,*,#1366,.F.);
#2422=ORIENTED_EDGE('',*,*,#1672,.F.);
#2423=ORIENTED_EDGE('',*,*,#1449,.F.);
#2424=ORIENTED_EDGE('',*,*,#1673,.T.);
#2425=ORIENTED_EDGE('',*,*,#1367,.F.);
#2426=ORIENTED_EDGE('',*,*,#1673,.F.);
#2427=ORIENTED_EDGE('',*,*,#1450,.F.);
#2428=ORIENTED_EDGE('',*,*,#1674,.T.);
#2429=ORIENTED_EDGE('',*,*,#1368,.F.);
#2430=ORIENTED_EDGE('',*,*,#1674,.F.);
#2431=ORIENTED_EDGE('',*,*,#1451,.F.);
#2432=ORIENTED_EDGE('',*,*,#1675,.T.);
#2433=ORIENTED_EDGE('',*,*,#1369,.F.);
#2434=ORIENTED_EDGE('',*,*,#1675,.F.);
#2435=ORIENTED_EDGE('',*,*,#1452,.F.);
#2436=ORIENTED_EDGE('',*,*,#1676,.T.);
#2437=ORIENTED_EDGE('',*,*,#1370,.F.);
#2438=ORIENTED_EDGE('',*,*,#1676,.F.);
#2439=TOROIDAL_SURFACE('',#2650,9.5,0.5);
#2440=TOROIDAL_SURFACE('',#2657,9.5,0.5);
#2441=TOROIDAL_SURFACE('',#2663,9.5,0.5);
#2442=TOROIDAL_SURFACE('',#2669,9.5,0.5);
#2443=TOROIDAL_SURFACE('',#2728,9.5,0.5);
#2444=TOROIDAL_SURFACE('',#2735,9.5,0.5);
#2445=TOROIDAL_SURFACE('',#2740,9.5,0.5);
#2446=TOROIDAL_SURFACE('',#2745,9.5,0.5);
#2447=TOROIDAL_SURFACE('',#2801,2.25000000000001,0.5);
#2448=TOROIDAL_SURFACE('',#2808,2.25000000000001,0.5);
#2449=TOROIDAL_SURFACE('',#2810,2.25000000000001,0.5);
#2450=TOROIDAL_SURFACE('',#2817,2.25000000000001,0.5);
#2451=TOROIDAL_SURFACE('',#2819,2.25000000000001,0.5);
#2452=TOROIDAL_SURFACE('',#2826,2.25000000000001,0.5);
#2453=TOROIDAL_SURFACE('',#2833,2.25000000000001,0.5);
#2454=TOROIDAL_SURFACE('',#2840,2.25000000000001,0.5);
#2455=TOROIDAL_SURFACE('',#2842,2.25000000000001,0.5);
#2456=TOROIDAL_SURFACE('',#2849,2.25000000000001,0.5);
#2457=TOROIDAL_SURFACE('',#2851,2.24999999999999,0.5);
#2458=TOROIDAL_SURFACE('',#2858,2.24999999999999,0.5);
#2459=TOROIDAL_SURFACE('',#2860,2.24999999999999,0.5);
#2460=TOROIDAL_SURFACE('',#2867,2.24999999999999,0.5);
#2461=TOROIDAL_SURFACE('',#2869,2.25000000000001,0.5);
#2462=TOROIDAL_SURFACE('',#2876,2.25000000000001,0.5);
#2463=TOROIDAL_SURFACE('',#2878,2.25000000000001,0.5);
#2464=TOROIDAL_SURFACE('',#2880,2.25000000000001,0.5);
#2465=TOROIDAL_SURFACE('',#2887,2.25000000000001,0.5);
#2466=TOROIDAL_SURFACE('',#2889,2.25000000000001,0.5);
#2467=TOROIDAL_SURFACE('',#2896,2.25000000000001,0.5);
#2468=TOROIDAL_SURFACE('',#2898,2.25000000000001,0.5);
#2469=TOROIDAL_SURFACE('',#2905,2.25000000000001,0.5);
#2470=TOROIDAL_SURFACE('',#2907,2.25000000000001,0.5);
#2471=TOROIDAL_SURFACE('',#2914,2.25000000000001,0.5);
#2472=TOROIDAL_SURFACE('',#2916,2.25000000000001,0.5);
#2473=TOROIDAL_SURFACE('',#2918,2.25000000000001,0.5);
#2474=TOROIDAL_SURFACE('',#2925,2.25000000000001,0.5);
#2475=TOROIDAL_SURFACE('',#2930,2.50000000000001,0.5);
#2476=TOROIDAL_SURFACE('',#2935,2.49999999999997,0.5);
#2477=TOROIDAL_SURFACE('',#2940,2.49999999999999,0.5);
#2478=TOROIDAL_SURFACE('',#2945,2.49999999999999,0.5);
#2479=TOROIDAL_SURFACE('',#2956,2.49999999999997,0.5);
#2480=TOROIDAL_SURFACE('',#2960,2.50000000000001,0.5);
#2481=TOROIDAL_SURFACE('',#2964,2.49999999999999,0.5);
#2482=TOROIDAL_SURFACE('',#2969,2.49999999999999,0.5);
#2483=TOROIDAL_SURFACE('',#2975,2.49999999999996,0.5);
#2484=TOROIDAL_SURFACE('',#2980,2.49999999999999,0.5);
#2485=TOROIDAL_SURFACE('',#2985,2.49999999999999,0.5);
#2486=TOROIDAL_SURFACE('',#2990,2.49999999999999,0.5);
#2487=TOROIDAL_SURFACE('',#3001,2.49999999999999,0.5);
#2488=TOROIDAL_SURFACE('',#3005,2.49999999999996,0.5);
#2489=TOROIDAL_SURFACE('',#3009,2.49999999999999,0.5);
#2490=TOROIDAL_SURFACE('',#3014,2.49999999999999,0.5);
#2491=ADVANCED_FACE('',(#432),#2439,.T.);
#2492=ADVANCED_FACE('',(#433),#357,.T.);
#2493=ADVANCED_FACE('',(#434),#2440,.T.);
#2494=ADVANCED_FACE('',(#435),#358,.T.);
#2495=ADVANCED_FACE('',(#436),#2441,.T.);
#2496=ADVANCED_FACE('',(#437),#359,.T.);
#2497=ADVANCED_FACE('',(#438),#2442,.T.);
#2498=ADVANCED_FACE('',(#439),#360,.T.);
#2499=ADVANCED_FACE('',(#440),#93,.F.);
#2500=ADVANCED_FACE('',(#441),#361,.T.);
#2501=ADVANCED_FACE('',(#442),#94,.F.);
#2502=ADVANCED_FACE('',(#443),#362,.T.);
#2503=ADVANCED_FACE('',(#444,#15,#16,#17,#18,#19,#20,#21,#22,#23,#24,#25,
#26,#27,#28,#29,#30,#31,#32,#33,#34,#35,#36,#37,#38,#39,#40,#41,#42,#43,
#44,#45,#46,#47,#48,#49,#50,#51,#52,#53),#95,.F.);
#2504=ADVANCED_FACE('',(#445),#2443,.T.);
#2505=ADVANCED_FACE('',(#446),#363,.T.);
#2506=ADVANCED_FACE('',(#447),#2444,.T.);
#2507=ADVANCED_FACE('',(#448),#364,.T.);
#2508=ADVANCED_FACE('',(#449),#2445,.T.);
#2509=ADVANCED_FACE('',(#450),#365,.T.);
#2510=ADVANCED_FACE('',(#451),#2446,.T.);
#2511=ADVANCED_FACE('',(#452),#366,.T.);
#2512=ADVANCED_FACE('',(#453),#367,.T.);
#2513=ADVANCED_FACE('',(#454),#96,.F.);
#2514=ADVANCED_FACE('',(#455),#368,.T.);
#2515=ADVANCED_FACE('',(#456,#54,#55,#56,#57,#58,#59,#60,#61,#62,#63,#64,
#65,#66,#67,#68,#69,#70,#71,#72,#73,#74,#75,#76,#77,#78,#79,#80,#81,#82,
#83,#84,#85,#86,#87,#88,#89,#90,#91,#92),#97,.T.);
#2516=ADVANCED_FACE('',(#457),#2447,.T.);
#2517=ADVANCED_FACE('',(#458),#369,.F.);
#2518=ADVANCED_FACE('',(#459),#2448,.T.);
#2519=ADVANCED_FACE('',(#460),#2449,.T.);
#2520=ADVANCED_FACE('',(#461),#370,.F.);
#2521=ADVANCED_FACE('',(#462),#2450,.T.);
#2522=ADVANCED_FACE('',(#463),#2451,.T.);
#2523=ADVANCED_FACE('',(#464),#371,.F.);
#2524=ADVANCED_FACE('',(#465),#2452,.T.);
#2525=ADVANCED_FACE('',(#466),#372,.F.);
#2526=ADVANCED_FACE('',(#467),#2453,.T.);
#2527=ADVANCED_FACE('',(#468),#373,.F.);
#2528=ADVANCED_FACE('',(#469),#2454,.T.);
#2529=ADVANCED_FACE('',(#470),#2455,.T.);
#2530=ADVANCED_FACE('',(#471),#374,.F.);
#2531=ADVANCED_FACE('',(#472),#2456,.T.);
#2532=ADVANCED_FACE('',(#473),#2457,.T.);
#2533=ADVANCED_FACE('',(#474),#375,.F.);
#2534=ADVANCED_FACE('',(#475),#2458,.T.);
#2535=ADVANCED_FACE('',(#476),#2459,.T.);
#2536=ADVANCED_FACE('',(#477),#376,.F.);
#2537=ADVANCED_FACE('',(#478),#2460,.T.);
#2538=ADVANCED_FACE('',(#479),#2461,.T.);
#2539=ADVANCED_FACE('',(#480),#377,.F.);
#2540=ADVANCED_FACE('',(#481),#2462,.T.);
#2541=ADVANCED_FACE('',(#482),#2463,.T.);
#2542=ADVANCED_FACE('',(#483),#2464,.T.);
#2543=ADVANCED_FACE('',(#484),#378,.F.);
#2544=ADVANCED_FACE('',(#485),#2465,.T.);
#2545=ADVANCED_FACE('',(#486),#2466,.T.);
#2546=ADVANCED_FACE('',(#487),#379,.F.);
#2547=ADVANCED_FACE('',(#488),#2467,.T.);
#2548=ADVANCED_FACE('',(#489),#2468,.T.);
#2549=ADVANCED_FACE('',(#490),#380,.F.);
#2550=ADVANCED_FACE('',(#491),#2469,.T.);
#2551=ADVANCED_FACE('',(#492),#2470,.T.);
#2552=ADVANCED_FACE('',(#493),#381,.F.);
#2553=ADVANCED_FACE('',(#494),#2471,.T.);
#2554=ADVANCED_FACE('',(#495),#2472,.T.);
#2555=ADVANCED_FACE('',(#496),#2473,.T.);
#2556=ADVANCED_FACE('',(#497),#382,.F.);
#2557=ADVANCED_FACE('',(#498),#2474,.T.);
#2558=ADVANCED_FACE('',(#499),#383,.T.);
#2559=ADVANCED_FACE('',(#500),#2475,.T.);
#2560=ADVANCED_FACE('',(#501),#384,.T.);
#2561=ADVANCED_FACE('',(#502),#2476,.T.);
#2562=ADVANCED_FACE('',(#503),#385,.T.);
#2563=ADVANCED_FACE('',(#504),#2477,.T.);
#2564=ADVANCED_FACE('',(#505),#386,.T.);
#2565=ADVANCED_FACE('',(#506),#2478,.T.);
#2566=ADVANCED_FACE('',(#507),#387,.F.);
#2567=ADVANCED_FACE('',(#508),#98,.F.);
#2568=ADVANCED_FACE('',(#509),#388,.F.);
#2569=ADVANCED_FACE('',(#510),#99,.F.);
#2570=ADVANCED_FACE('',(#511),#389,.T.);
#2571=ADVANCED_FACE('',(#512),#2479,.T.);
#2572=ADVANCED_FACE('',(#513),#390,.T.);
#2573=ADVANCED_FACE('',(#514),#2480,.T.);
#2574=ADVANCED_FACE('',(#515),#391,.T.);
#2575=ADVANCED_FACE('',(#516),#2481,.T.);
#2576=ADVANCED_FACE('',(#517),#392,.T.);
#2577=ADVANCED_FACE('',(#518),#2482,.T.);
#2578=ADVANCED_FACE('',(#519),#100,.F.);
#2579=ADVANCED_FACE('',(#520),#393,.T.);
#2580=ADVANCED_FACE('',(#521),#2483,.T.);
#2581=ADVANCED_FACE('',(#522),#394,.T.);
#2582=ADVANCED_FACE('',(#523),#2484,.T.);
#2583=ADVANCED_FACE('',(#524),#395,.T.);
#2584=ADVANCED_FACE('',(#525),#2485,.T.);
#2585=ADVANCED_FACE('',(#526),#396,.T.);
#2586=ADVANCED_FACE('',(#527),#2486,.T.);
#2587=ADVANCED_FACE('',(#528),#397,.F.);
#2588=ADVANCED_FACE('',(#529),#101,.F.);
#2589=ADVANCED_FACE('',(#530),#398,.F.);
#2590=ADVANCED_FACE('',(#531),#102,.F.);
#2591=ADVANCED_FACE('',(#532),#399,.T.);
#2592=ADVANCED_FACE('',(#533),#2487,.T.);
#2593=ADVANCED_FACE('',(#534),#400,.T.);
#2594=ADVANCED_FACE('',(#535),#2488,.T.);
#2595=ADVANCED_FACE('',(#536),#401,.T.);
#2596=ADVANCED_FACE('',(#537),#2489,.T.);
#2597=ADVANCED_FACE('',(#538),#402,.T.);
#2598=ADVANCED_FACE('',(#539),#2490,.T.);
#2599=ADVANCED_FACE('',(#540),#103,.F.);
#2600=ADVANCED_FACE('',(#541),#104,.F.);
#2601=ADVANCED_FACE('',(#542),#403,.F.);
#2602=ADVANCED_FACE('',(#543),#105,.F.);
#2603=ADVANCED_FACE('',(#544),#404,.F.);
#2604=ADVANCED_FACE('',(#545),#106,.F.);
#2605=ADVANCED_FACE('',(#546),#405,.F.);
#2606=ADVANCED_FACE('',(#547),#107,.F.);
#2607=ADVANCED_FACE('',(#548),#406,.F.);
#2608=ADVANCED_FACE('',(#549),#407,.F.);
#2609=ADVANCED_FACE('',(#550),#108,.F.);
#2610=ADVANCED_FACE('',(#551),#408,.F.);
#2611=ADVANCED_FACE('',(#552),#109,.F.);
#2612=ADVANCED_FACE('',(#553),#409,.F.);
#2613=ADVANCED_FACE('',(#554),#110,.F.);
#2614=ADVANCED_FACE('',(#555),#410,.F.);
#2615=ADVANCED_FACE('',(#556),#411,.F.);
#2616=ADVANCED_FACE('',(#557),#412,.F.);
#2617=ADVANCED_FACE('',(#558),#413,.F.);
#2618=ADVANCED_FACE('',(#559),#414,.F.);
#2619=ADVANCED_FACE('',(#560),#415,.F.);
#2620=ADVANCED_FACE('',(#561),#416,.F.);
#2621=ADVANCED_FACE('',(#562),#417,.F.);
#2622=ADVANCED_FACE('',(#563),#418,.F.);
#2623=ADVANCED_FACE('',(#564),#419,.F.);
#2624=ADVANCED_FACE('',(#565),#420,.F.);
#2625=ADVANCED_FACE('',(#566),#421,.F.);
#2626=ADVANCED_FACE('',(#567),#422,.F.);
#2627=ADVANCED_FACE('',(#568),#423,.F.);
#2628=ADVANCED_FACE('',(#569),#424,.F.);
#2629=ADVANCED_FACE('',(#570),#425,.F.);
#2630=ADVANCED_FACE('',(#571),#426,.F.);
#2631=ADVANCED_FACE('',(#572),#427,.F.);
#2632=ADVANCED_FACE('',(#573),#428,.F.);
#2633=ADVANCED_FACE('',(#574),#429,.F.);
#2634=ADVANCED_FACE('',(#575),#430,.F.);
#2635=ADVANCED_FACE('',(#576),#431,.F.);
#2636=CLOSED_SHELL('',(#2491,#2492,#2493,#2494,#2495,#2496,#2497,#2498,
#2499,#2500,#2501,#2502,#2503,#2504,#2505,#2506,#2507,#2508,#2509,#2510,
#2511,#2512,#2513,#2514,#2515,#2516,#2517,#2518,#2519,#2520,#2521,#2522,
#2523,#2524,#2525,#2526,#2527,#2528,#2529,#2530,#2531,#2532,#2533,#2534,
#2535,#2536,#2537,#2538,#2539,#2540,#2541,#2542,#2543,#2544,#2545,#2546,
#2547,#2548,#2549,#2550,#2551,#2552,#2553,#2554,#2555,#2556,#2557,#2558,
#2559,#2560,#2561,#2562,#2563,#2564,#2565,#2566,#2567,#2568,#2569,#2570,
#2571,#2572,#2573,#2574,#2575,#2576,#2577,#2578,#2579,#2580,#2581,#2582,
#2583,#2584,#2585,#2586,#2587,#2588,#2589,#2590,#2591,#2592,#2593,#2594,
#2595,#2596,#2597,#2598,#2599,#2600,#2601,#2602,#2603,#2604,#2605,#2606,
#2607,#2608,#2609,#2610,#2611,#2612,#2613,#2614,#2615,#2616,#2617,#2618,
#2619,#2620,#2621,#2622,#2623,#2624,#2625,#2626,#2627,#2628,#2629,#2630,
#2631,#2632,#2633,#2634,#2635));
#2637=DERIVED_UNIT_ELEMENT(#2639,1.);
#2638=DERIVED_UNIT_ELEMENT(#4754,-3.);
#2639=(
MASS_UNIT()
NAMED_UNIT(*)
SI_UNIT(.KILO.,.GRAM.)
);
#2640=DERIVED_UNIT((#2637,#2638));
#2641=MEASURE_REPRESENTATION_ITEM('density measure',
POSITIVE_RATIO_MEASURE(7850.),#2640);
#2642=PROPERTY_DEFINITION_REPRESENTATION(#2647,#2644);
#2643=PROPERTY_DEFINITION_REPRESENTATION(#2648,#2645);
#2644=REPRESENTATION('material name',(#2646),#4751);
#2645=REPRESENTATION('density',(#2641),#4751);
#2646=DESCRIPTIVE_REPRESENTATION_ITEM('\X2\94A2\X0\','\X2\94A2\X0\');
#2647=PROPERTY_DEFINITION('material property','material name',#4761);
#2648=PROPERTY_DEFINITION('material property','density of part',#4761);
#2649=AXIS2_PLACEMENT_3D('',#3984,#3053,#3054);
#2650=AXIS2_PLACEMENT_3D('',#3985,#3055,#3056);
#2651=AXIS2_PLACEMENT_3D('',#3988,#3057,#3058);
#2652=AXIS2_PLACEMENT_3D('',#3990,#3059,#3060);
#2653=AXIS2_PLACEMENT_3D('',#3992,#3061,#3062);
#2654=AXIS2_PLACEMENT_3D('',#3993,#3063,#3064);
#2655=AXIS2_PLACEMENT_3D('',#3994,#3065,#3066);
#2656=AXIS2_PLACEMENT_3D('',#3997,#3067,#3068);
#2657=AXIS2_PLACEMENT_3D('',#4000,#3071,#3072);
#2658=AXIS2_PLACEMENT_3D('',#4003,#3073,#3074);
#2659=AXIS2_PLACEMENT_3D('',#4004,#3075,#3076);
#2660=AXIS2_PLACEMENT_3D('',#4005,#3077,#3078);
#2661=AXIS2_PLACEMENT_3D('',#4006,#3079,#3080);
#2662=AXIS2_PLACEMENT_3D('',#4009,#3081,#3082);
#2663=AXIS2_PLACEMENT_3D('',#4012,#3085,#3086);
#2664=AXIS2_PLACEMENT_3D('',#4015,#3087,#3088);
#2665=AXIS2_PLACEMENT_3D('',#4016,#3089,#3090);
#2666=AXIS2_PLACEMENT_3D('',#4017,#3091,#3092);
#2667=AXIS2_PLACEMENT_3D('',#4018,#3093,#3094);
#2668=AXIS2_PLACEMENT_3D('',#4021,#3095,#3096);
#2669=AXIS2_PLACEMENT_3D('',#4024,#3099,#3100);
#2670=AXIS2_PLACEMENT_3D('',#4027,#3101,#3102);
#2671=AXIS2_PLACEMENT_3D('',#4028,#3103,#3104);
#2672=AXIS2_PLACEMENT_3D('',#4029,#3105,#3106);
#2673=AXIS2_PLACEMENT_3D('',#4030,#3107,#3108);
#2674=AXIS2_PLACEMENT_3D('',#4033,#3111,#3112);
#2675=AXIS2_PLACEMENT_3D('',#4039,#3116,#3117);
#2676=AXIS2_PLACEMENT_3D('',#4042,#3119,#3120);
#2677=AXIS2_PLACEMENT_3D('',#4043,#3121,#3122);
#2678=AXIS2_PLACEMENT_3D('',#4047,#3125,#3126);
#2679=AXIS2_PLACEMENT_3D('',#4050,#3128,#3129);
#2680=AXIS2_PLACEMENT_3D('',#4051,#3130,#3131);
#2681=AXIS2_PLACEMENT_3D('',#4053,#3132,#3133);
#2682=AXIS2_PLACEMENT_3D('',#4055,#3134,#3135);
#2683=AXIS2_PLACEMENT_3D('',#4057,#3136,#3137);
#2684=AXIS2_PLACEMENT_3D('',#4059,#3138,#3139);
#2685=AXIS2_PLACEMENT_3D('',#4061,#3140,#3141);
#2686=AXIS2_PLACEMENT_3D('',#4063,#3142,#3143);
#2687=AXIS2_PLACEMENT_3D('',#4065,#3144,#3145);
#2688=AXIS2_PLACEMENT_3D('',#4070,#3147,#3148);
#2689=AXIS2_PLACEMENT_3D('',#4074,#3150,#3151);
#2690=AXIS2_PLACEMENT_3D('',#4078,#3153,#3154);
#2691=AXIS2_PLACEMENT_3D('',#4081,#3156,#3157);
#2692=AXIS2_PLACEMENT_3D('',#4086,#3159,#3160);
#2693=AXIS2_PLACEMENT_3D('',#4089,#3162,#3163);
#2694=AXIS2_PLACEMENT_3D('',#4092,#3164,#3165);
#2695=AXIS2_PLACEMENT_3D('',#4096,#3167,#3168);
#2696=AXIS2_PLACEMENT_3D('',#4099,#3170,#3171);
#2697=AXIS2_PLACEMENT_3D('',#4101,#3172,#3173);
#2698=AXIS2_PLACEMENT_3D('',#4103,#3174,#3175);
#2699=AXIS2_PLACEMENT_3D('',#4105,#3176,#3177);
#2700=AXIS2_PLACEMENT_3D('',#4107,#3178,#3179);
#2701=AXIS2_PLACEMENT_3D('',#4109,#3180,#3181);
#2702=AXIS2_PLACEMENT_3D('',#4111,#3182,#3183);
#2703=AXIS2_PLACEMENT_3D('',#4113,#3184,#3185);
#2704=AXIS2_PLACEMENT_3D('',#4115,#3186,#3187);
#2705=AXIS2_PLACEMENT_3D('',#4117,#3188,#3189);
#2706=AXIS2_PLACEMENT_3D('',#4119,#3190,#3191);
#2707=AXIS2_PLACEMENT_3D('',#4121,#3192,#3193);
#2708=AXIS2_PLACEMENT_3D('',#4123,#3194,#3195);
#2709=AXIS2_PLACEMENT_3D('',#4125,#3196,#3197);
#2710=AXIS2_PLACEMENT_3D('',#4127,#3198,#3199);
#2711=AXIS2_PLACEMENT_3D('',#4129,#3200,#3201);
#2712=AXIS2_PLACEMENT_3D('',#4131,#3202,#3203);
#2713=AXIS2_PLACEMENT_3D('',#4133,#3204,#3205);
#2714=AXIS2_PLACEMENT_3D('',#4135,#3206,#3207);
#2715=AXIS2_PLACEMENT_3D('',#4137,#3208,#3209);
#2716=AXIS2_PLACEMENT_3D('',#4139,#3210,#3211);
#2717=AXIS2_PLACEMENT_3D('',#4144,#3213,#3214);
#2718=AXIS2_PLACEMENT_3D('',#4148,#3216,#3217);
#2719=AXIS2_PLACEMENT_3D('',#4152,#3219,#3220);
#2720=AXIS2_PLACEMENT_3D('',#4155,#3222,#3223);
#2721=AXIS2_PLACEMENT_3D('',#4157,#3224,#3225);
#2722=AXIS2_PLACEMENT_3D('',#4159,#3226,#3227);
#2723=AXIS2_PLACEMENT_3D('',#4161,#3228,#3229);
#2724=AXIS2_PLACEMENT_3D('',#4163,#3230,#3231);
#2725=AXIS2_PLACEMENT_3D('',#4165,#3232,#3233);
#2726=AXIS2_PLACEMENT_3D('',#4167,#3234,#3235);
#2727=AXIS2_PLACEMENT_3D('',#4169,#3236,#3237);
#2728=AXIS2_PLACEMENT_3D('',#4170,#3238,#3239);
#2729=AXIS2_PLACEMENT_3D('',#4173,#3240,#3241);
#2730=AXIS2_PLACEMENT_3D('',#4175,#3242,#3243);
#2731=AXIS2_PLACEMENT_3D('',#4177,#3244,#3245);
#2732=AXIS2_PLACEMENT_3D('',#4178,#3246,#3247);
#2733=AXIS2_PLACEMENT_3D('',#4179,#3248,#3249);
#2734=AXIS2_PLACEMENT_3D('',#4181,#3250,#3251);
#2735=AXIS2_PLACEMENT_3D('',#4184,#3254,#3255);
#2736=AXIS2_PLACEMENT_3D('',#4186,#3256,#3257);
#2737=AXIS2_PLACEMENT_3D('',#4187,#3258,#3259);
#2738=AXIS2_PLACEMENT_3D('',#4188,#3260,#3261);
#2739=AXIS2_PLACEMENT_3D('',#4190,#3262,#3263);
#2740=AXIS2_PLACEMENT_3D('',#4192,#3265,#3266);
#2741=AXIS2_PLACEMENT_3D('',#4194,#3267,#3268);
#2742=AXIS2_PLACEMENT_3D('',#4195,#3269,#3270);
#2743=AXIS2_PLACEMENT_3D('',#4196,#3271,#3272);
#2744=AXIS2_PLACEMENT_3D('',#4198,#3273,#3274);
#2745=AXIS2_PLACEMENT_3D('',#4200,#3276,#3277);
#2746=AXIS2_PLACEMENT_3D('',#4203,#3278,#3279);
#2747=AXIS2_PLACEMENT_3D('',#4204,#3280,#3281);
#2748=AXIS2_PLACEMENT_3D('',#4205,#3282,#3283);
#2749=AXIS2_PLACEMENT_3D('',#4206,#3284,#3285);
#2750=AXIS2_PLACEMENT_3D('',#4209,#3288,#3289);
#2751=AXIS2_PLACEMENT_3D('',#4211,#3291,#3292);
#2752=AXIS2_PLACEMENT_3D('',#4213,#3294,#3295);
#2753=AXIS2_PLACEMENT_3D('',#4215,#3297,#3298);
#2754=AXIS2_PLACEMENT_3D('',#4217,#3299,#3300);
#2755=AXIS2_PLACEMENT_3D('',#4219,#3301,#3302);
#2756=AXIS2_PLACEMENT_3D('',#4221,#3303,#3304);
#2757=AXIS2_PLACEMENT_3D('',#4223,#3305,#3306);
#2758=AXIS2_PLACEMENT_3D('',#4225,#3307,#3308);
#2759=AXIS2_PLACEMENT_3D('',#4227,#3309,#3310);
#2760=AXIS2_PLACEMENT_3D('',#4229,#3311,#3312);
#2761=AXIS2_PLACEMENT_3D('',#4234,#3314,#3315);
#2762=AXIS2_PLACEMENT_3D('',#4238,#3317,#3318);
#2763=AXIS2_PLACEMENT_3D('',#4242,#3320,#3321);
#2764=AXIS2_PLACEMENT_3D('',#4245,#3323,#3324);
#2765=AXIS2_PLACEMENT_3D('',#4250,#3326,#3327);
#2766=AXIS2_PLACEMENT_3D('',#4253,#3329,#3330);
#2767=AXIS2_PLACEMENT_3D('',#4256,#3331,#3332);
#2768=AXIS2_PLACEMENT_3D('',#4260,#3334,#3335);
#2769=AXIS2_PLACEMENT_3D('',#4263,#3337,#3338);
#2770=AXIS2_PLACEMENT_3D('',#4265,#3339,#3340);
#2771=AXIS2_PLACEMENT_3D('',#4267,#3341,#3342);
#2772=AXIS2_PLACEMENT_3D('',#4269,#3343,#3344);
#2773=AXIS2_PLACEMENT_3D('',#4271,#3345,#3346);
#2774=AXIS2_PLACEMENT_3D('',#4273,#3347,#3348);
#2775=AXIS2_PLACEMENT_3D('',#4275,#3349,#3350);
#2776=AXIS2_PLACEMENT_3D('',#4277,#3351,#3352);
#2777=AXIS2_PLACEMENT_3D('',#4279,#3353,#3354);
#2778=AXIS2_PLACEMENT_3D('',#4281,#3355,#3356);
#2779=AXIS2_PLACEMENT_3D('',#4283,#3357,#3358);
#2780=AXIS2_PLACEMENT_3D('',#4285,#3359,#3360);
#2781=AXIS2_PLACEMENT_3D('',#4287,#3361,#3362);
#2782=AXIS2_PLACEMENT_3D('',#4289,#3363,#3364);
#2783=AXIS2_PLACEMENT_3D('',#4291,#3365,#3366);
#2784=AXIS2_PLACEMENT_3D('',#4293,#3367,#3368);
#2785=AXIS2_PLACEMENT_3D('',#4295,#3369,#3370);
#2786=AXIS2_PLACEMENT_3D('',#4297,#3371,#3372);
#2787=AXIS2_PLACEMENT_3D('',#4299,#3373,#3374);
#2788=AXIS2_PLACEMENT_3D('',#4301,#3375,#3376);
#2789=AXIS2_PLACEMENT_3D('',#4303,#3377,#3378);
#2790=AXIS2_PLACEMENT_3D('',#4308,#3380,#3381);
#2791=AXIS2_PLACEMENT_3D('',#4312,#3383,#3384);
#2792=AXIS2_PLACEMENT_3D('',#4316,#3386,#3387);
#2793=AXIS2_PLACEMENT_3D('',#4319,#3389,#3390);
#2794=AXIS2_PLACEMENT_3D('',#4321,#3391,#3392);
#2795=AXIS2_PLACEMENT_3D('',#4323,#3393,#3394);
#2796=AXIS2_PLACEMENT_3D('',#4325,#3395,#3396);
#2797=AXIS2_PLACEMENT_3D('',#4327,#3397,#3398);
#2798=AXIS2_PLACEMENT_3D('',#4329,#3399,#3400);
#2799=AXIS2_PLACEMENT_3D('',#4331,#3401,#3402);
#2800=AXIS2_PLACEMENT_3D('',#4333,#3403,#3404);
#2801=AXIS2_PLACEMENT_3D('',#4334,#3405,#3406);
#2802=AXIS2_PLACEMENT_3D('',#4336,#3407,#3408);
#2803=AXIS2_PLACEMENT_3D('',#4338,#3409,#3410);
#2804=AXIS2_PLACEMENT_3D('',#4339,#3411,#3412);
#2805=AXIS2_PLACEMENT_3D('',#4340,#3413,#3414);
#2806=AXIS2_PLACEMENT_3D('',#4343,#3415,#3416);
#2807=AXIS2_PLACEMENT_3D('',#4345,#3418,#3419);
#2808=AXIS2_PLACEMENT_3D('',#4346,#3420,#3421);
#2809=AXIS2_PLACEMENT_3D('',#4347,#3422,#3423);
#2810=AXIS2_PLACEMENT_3D('',#4348,#3424,#3425);
#2811=AXIS2_PLACEMENT_3D('',#4350,#3426,#3427);
#2812=AXIS2_PLACEMENT_3D('',#4352,#3428,#3429);
#2813=AXIS2_PLACEMENT_3D('',#4353,#3430,#3431);
#2814=AXIS2_PLACEMENT_3D('',#4354,#3432,#3433);
#2815=AXIS2_PLACEMENT_3D('',#4357,#3434,#3435);
#2816=AXIS2_PLACEMENT_3D('',#4359,#3437,#3438);
#2817=AXIS2_PLACEMENT_3D('',#4360,#3439,#3440);
#2818=AXIS2_PLACEMENT_3D('',#4361,#3441,#3442);
#2819=AXIS2_PLACEMENT_3D('',#4362,#3443,#3444);
#2820=AXIS2_PLACEMENT_3D('',#4364,#3445,#3446);
#2821=AXIS2_PLACEMENT_3D('',#4366,#3447,#3448);
#2822=AXIS2_PLACEMENT_3D('',#4367,#3449,#3450);
#2823=AXIS2_PLACEMENT_3D('',#4368,#3451,#3452);
#2824=AXIS2_PLACEMENT_3D('',#4372,#3454,#3455);
#2825=AXIS2_PLACEMENT_3D('',#4373,#3456,#3457);
#2826=AXIS2_PLACEMENT_3D('',#4374,#3458,#3459);
#2827=AXIS2_PLACEMENT_3D('',#4376,#3460,#3461);
#2828=AXIS2_PLACEMENT_3D('',#4378,#3462,#3463);
#2829=AXIS2_PLACEMENT_3D('',#4379,#3464,#3465);
#2830=AXIS2_PLACEMENT_3D('',#4380,#3466,#3467);
#2831=AXIS2_PLACEMENT_3D('',#4384,#3469,#3470);
#2832=AXIS2_PLACEMENT_3D('',#4385,#3471,#3472);
#2833=AXIS2_PLACEMENT_3D('',#4386,#3473,#3474);
#2834=AXIS2_PLACEMENT_3D('',#4388,#3475,#3476);
#2835=AXIS2_PLACEMENT_3D('',#4390,#3477,#3478);
#2836=AXIS2_PLACEMENT_3D('',#4391,#3479,#3480);
#2837=AXIS2_PLACEMENT_3D('',#4392,#3481,#3482);
#2838=AXIS2_PLACEMENT_3D('',#4396,#3484,#3485);
#2839=AXIS2_PLACEMENT_3D('',#4397,#3486,#3487);
#2840=AXIS2_PLACEMENT_3D('',#4398,#3488,#3489);
#2841=AXIS2_PLACEMENT_3D('',#4399,#3490,#3491);
#2842=AXIS2_PLACEMENT_3D('',#4400,#3492,#3493);
#2843=AXIS2_PLACEMENT_3D('',#4402,#3494,#3495);
#2844=AXIS2_PLACEMENT_3D('',#4404,#3496,#3497);
#2845=AXIS2_PLACEMENT_3D('',#4405,#3498,#3499);
#2846=AXIS2_PLACEMENT_3D('',#4406,#3500,#3501);
#2847=AXIS2_PLACEMENT_3D('',#4409,#3502,#3503);
#2848=AXIS2_PLACEMENT_3D('',#4411,#3505,#3506);
#2849=AXIS2_PLACEMENT_3D('',#4412,#3507,#3508);
#2850=AXIS2_PLACEMENT_3D('',#4413,#3509,#3510);
#2851=AXIS2_PLACEMENT_3D('',#4414,#3511,#3512);
#2852=AXIS2_PLACEMENT_3D('',#4416,#3513,#3514);
#2853=AXIS2_PLACEMENT_3D('',#4418,#3515,#3516);
#2854=AXIS2_PLACEMENT_3D('',#4419,#3517,#3518);
#2855=AXIS2_PLACEMENT_3D('',#4420,#3519,#3520);
#2856=AXIS2_PLACEMENT_3D('',#4424,#3522,#3523);
#2857=AXIS2_PLACEMENT_3D('',#4425,#3524,#3525);
#2858=AXIS2_PLACEMENT_3D('',#4426,#3526,#3527);
#2859=AXIS2_PLACEMENT_3D('',#4427,#3528,#3529);
#2860=AXIS2_PLACEMENT_3D('',#4428,#3530,#3531);
#2861=AXIS2_PLACEMENT_3D('',#4430,#3532,#3533);
#2862=AXIS2_PLACEMENT_3D('',#4432,#3534,#3535);
#2863=AXIS2_PLACEMENT_3D('',#4433,#3536,#3537);
#2864=AXIS2_PLACEMENT_3D('',#4434,#3538,#3539);
#2865=AXIS2_PLACEMENT_3D('',#4437,#3540,#3541);
#2866=AXIS2_PLACEMENT_3D('',#4439,#3543,#3544);
#2867=AXIS2_PLACEMENT_3D('',#4440,#3545,#3546);
#2868=AXIS2_PLACEMENT_3D('',#4441,#3547,#3548);
#2869=AXIS2_PLACEMENT_3D('',#4442,#3549,#3550);
#2870=AXIS2_PLACEMENT_3D('',#4444,#3551,#3552);
#2871=AXIS2_PLACEMENT_3D('',#4446,#3553,#3554);
#2872=AXIS2_PLACEMENT_3D('',#4447,#3555,#3556);
#2873=AXIS2_PLACEMENT_3D('',#4448,#3557,#3558);
#2874=AXIS2_PLACEMENT_3D('',#4452,#3560,#3561);
#2875=AXIS2_PLACEMENT_3D('',#4453,#3562,#3563);
#2876=AXIS2_PLACEMENT_3D('',#4454,#3564,#3565);
#2877=AXIS2_PLACEMENT_3D('',#4455,#3566,#3567);
#2878=AXIS2_PLACEMENT_3D('',#4456,#3568,#3569);
#2879=AXIS2_PLACEMENT_3D('',#4457,#3570,#3571);
#2880=AXIS2_PLACEMENT_3D('',#4458,#3572,#3573);
#2881=AXIS2_PLACEMENT_3D('',#4460,#3574,#3575);
#2882=AXIS2_PLACEMENT_3D('',#4462,#3576,#3577);
#2883=AXIS2_PLACEMENT_3D('',#4463,#3578,#3579);
#2884=AXIS2_PLACEMENT_3D('',#4464,#3580,#3581);
#2885=AXIS2_PLACEMENT_3D('',#4468,#3583,#3584);
#2886=AXIS2_PLACEMENT_3D('',#4469,#3585,#3586);
#2887=AXIS2_PLACEMENT_3D('',#4470,#3587,#3588);
#2888=AXIS2_PLACEMENT_3D('',#4471,#3589,#3590);
#2889=AXIS2_PLACEMENT_3D('',#4472,#3591,#3592);
#2890=AXIS2_PLACEMENT_3D('',#4474,#3593,#3594);
#2891=AXIS2_PLACEMENT_3D('',#4476,#3595,#3596);
#2892=AXIS2_PLACEMENT_3D('',#4477,#3597,#3598);
#2893=AXIS2_PLACEMENT_3D('',#4478,#3599,#3600);
#2894=AXIS2_PLACEMENT_3D('',#4482,#3602,#3603);
#2895=AXIS2_PLACEMENT_3D('',#4483,#3604,#3605);
#2896=AXIS2_PLACEMENT_3D('',#4484,#3606,#3607);
#2897=AXIS2_PLACEMENT_3D('',#4485,#3608,#3609);
#2898=AXIS2_PLACEMENT_3D('',#4486,#3610,#3611);
#2899=AXIS2_PLACEMENT_3D('',#4488,#3612,#3613);
#2900=AXIS2_PLACEMENT_3D('',#4490,#3614,#3615);
#2901=AXIS2_PLACEMENT_3D('',#4491,#3616,#3617);
#2902=AXIS2_PLACEMENT_3D('',#4492,#3618,#3619);
#2903=AXIS2_PLACEMENT_3D('',#4495,#3620,#3621);
#2904=AXIS2_PLACEMENT_3D('',#4497,#3623,#3624);
#2905=AXIS2_PLACEMENT_3D('',#4498,#3625,#3626);
#2906=AXIS2_PLACEMENT_3D('',#4499,#3627,#3628);
#2907=AXIS2_PLACEMENT_3D('',#4500,#3629,#3630);
#2908=AXIS2_PLACEMENT_3D('',#4502,#3631,#3632);
#2909=AXIS2_PLACEMENT_3D('',#4504,#3633,#3634);
#2910=AXIS2_PLACEMENT_3D('',#4505,#3635,#3636);
#2911=AXIS2_PLACEMENT_3D('',#4506,#3637,#3638);
#2912=AXIS2_PLACEMENT_3D('',#4509,#3639,#3640);
#2913=AXIS2_PLACEMENT_3D('',#4511,#3642,#3643);
#2914=AXIS2_PLACEMENT_3D('',#4512,#3644,#3645);
#2915=AXIS2_PLACEMENT_3D('',#4513,#3646,#3647);
#2916=AXIS2_PLACEMENT_3D('',#4514,#3648,#3649);
#2917=AXIS2_PLACEMENT_3D('',#4515,#3650,#3651);
#2918=AXIS2_PLACEMENT_3D('',#4516,#3652,#3653);
#2919=AXIS2_PLACEMENT_3D('',#4518,#3654,#3655);
#2920=AXIS2_PLACEMENT_3D('',#4520,#3656,#3657);
#2921=AXIS2_PLACEMENT_3D('',#4521,#3658,#3659);
#2922=AXIS2_PLACEMENT_3D('',#4522,#3660,#3661);
#2923=AXIS2_PLACEMENT_3D('',#4525,#3662,#3663);
#2924=AXIS2_PLACEMENT_3D('',#4527,#3665,#3666);
#2925=AXIS2_PLACEMENT_3D('',#4528,#3667,#3668);
#2926=AXIS2_PLACEMENT_3D('',#4529,#3669,#3670);
#2927=AXIS2_PLACEMENT_3D('',#4530,#3671,#3672);
#2928=AXIS2_PLACEMENT_3D('',#4532,#3673,#3674);
#2929=AXIS2_PLACEMENT_3D('',#4535,#3676,#3677);
#2930=AXIS2_PLACEMENT_3D('',#4536,#3678,#3679);
#2931=AXIS2_PLACEMENT_3D('',#4538,#3680,#3681);
#2932=AXIS2_PLACEMENT_3D('',#4539,#3682,#3683);
#2933=AXIS2_PLACEMENT_3D('',#4540,#3684,#3685);
#2934=AXIS2_PLACEMENT_3D('',#4542,#3686,#3687);
#2935=AXIS2_PLACEMENT_3D('',#4544,#3689,#3690);
#2936=AXIS2_PLACEMENT_3D('',#4546,#3691,#3692);
#2937=AXIS2_PLACEMENT_3D('',#4547,#3693,#3694);
#2938=AXIS2_PLACEMENT_3D('',#4548,#3695,#3696);
#2939=AXIS2_PLACEMENT_3D('',#4550,#3697,#3698);
#2940=AXIS2_PLACEMENT_3D('',#4552,#3700,#3701);
#2941=AXIS2_PLACEMENT_3D('',#4554,#3702,#3703);
#2942=AXIS2_PLACEMENT_3D('',#4555,#3704,#3705);
#2943=AXIS2_PLACEMENT_3D('',#4556,#3706,#3707);
#2944=AXIS2_PLACEMENT_3D('',#4558,#3708,#3709);
#2945=AXIS2_PLACEMENT_3D('',#4560,#3711,#3712);
#2946=AXIS2_PLACEMENT_3D('',#4561,#3713,#3714);
#2947=AXIS2_PLACEMENT_3D('',#4562,#3715,#3716);
#2948=AXIS2_PLACEMENT_3D('',#4566,#3718,#3719);
#2949=AXIS2_PLACEMENT_3D('',#4568,#3721,#3722);
#2950=AXIS2_PLACEMENT_3D('',#4572,#3725,#3726);
#2951=AXIS2_PLACEMENT_3D('',#4575,#3728,#3729);
#2952=AXIS2_PLACEMENT_3D('',#4576,#3730,#3731);
#2953=AXIS2_PLACEMENT_3D('',#4580,#3734,#3735);
#2954=AXIS2_PLACEMENT_3D('',#4582,#3736,#3737);
#2955=AXIS2_PLACEMENT_3D('',#4584,#3739,#3740);
#2956=AXIS2_PLACEMENT_3D('',#4585,#3741,#3742);
#2957=AXIS2_PLACEMENT_3D('',#4586,#3743,#3744);
#2958=AXIS2_PLACEMENT_3D('',#4587,#3745,#3746);
#2959=AXIS2_PLACEMENT_3D('',#4588,#3747,#3748);
#2960=AXIS2_PLACEMENT_3D('',#4589,#3749,#3750);
#2961=AXIS2_PLACEMENT_3D('',#4590,#3751,#3752);
#2962=AXIS2_PLACEMENT_3D('',#4591,#3753,#3754);
#2963=AXIS2_PLACEMENT_3D('',#4592,#3755,#3756);
#2964=AXIS2_PLACEMENT_3D('',#4593,#3757,#3758);
#2965=AXIS2_PLACEMENT_3D('',#4595,#3759,#3760);
#2966=AXIS2_PLACEMENT_3D('',#4596,#3761,#3762);
#2967=AXIS2_PLACEMENT_3D('',#4597,#3763,#3764);
#2968=AXIS2_PLACEMENT_3D('',#4599,#3765,#3766);
#2969=AXIS2_PLACEMENT_3D('',#4601,#3768,#3769);
#2970=AXIS2_PLACEMENT_3D('',#4602,#3770,#3771);
#2971=AXIS2_PLACEMENT_3D('',#4603,#3772,#3773);
#2972=AXIS2_PLACEMENT_3D('',#4605,#3775,#3776);
#2973=AXIS2_PLACEMENT_3D('',#4607,#3777,#3778);
#2974=AXIS2_PLACEMENT_3D('',#4610,#3780,#3781);
#2975=AXIS2_PLACEMENT_3D('',#4611,#3782,#3783);
#2976=AXIS2_PLACEMENT_3D('',#4613,#3784,#3785);
#2977=AXIS2_PLACEMENT_3D('',#4614,#3786,#3787);
#2978=AXIS2_PLACEMENT_3D('',#4615,#3788,#3789);
#2979=AXIS2_PLACEMENT_3D('',#4617,#3790,#3791);
#2980=AXIS2_PLACEMENT_3D('',#4619,#3793,#3794);
#2981=AXIS2_PLACEMENT_3D('',#4621,#3795,#3796);
#2982=AXIS2_PLACEMENT_3D('',#4622,#3797,#3798);
#2983=AXIS2_PLACEMENT_3D('',#4623,#3799,#3800);
#2984=AXIS2_PLACEMENT_3D('',#4625,#3801,#3802);
#2985=AXIS2_PLACEMENT_3D('',#4627,#3804,#3805);
#2986=AXIS2_PLACEMENT_3D('',#4629,#3806,#3807);
#2987=AXIS2_PLACEMENT_3D('',#4630,#3808,#3809);
#2988=AXIS2_PLACEMENT_3D('',#4631,#3810,#3811);
#2989=AXIS2_PLACEMENT_3D('',#4633,#3812,#3813);
#2990=AXIS2_PLACEMENT_3D('',#4635,#3815,#3816);
#2991=AXIS2_PLACEMENT_3D('',#4636,#3817,#3818);
#2992=AXIS2_PLACEMENT_3D('',#4637,#3819,#3820);
#2993=AXIS2_PLACEMENT_3D('',#4641,#3822,#3823);
#2994=AXIS2_PLACEMENT_3D('',#4643,#3825,#3826);
#2995=AXIS2_PLACEMENT_3D('',#4647,#3829,#3830);
#2996=AXIS2_PLACEMENT_3D('',#4650,#3832,#3833);
#2997=AXIS2_PLACEMENT_3D('',#4651,#3834,#3835);
#2998=AXIS2_PLACEMENT_3D('',#4655,#3838,#3839);
#2999=AXIS2_PLACEMENT_3D('',#4657,#3840,#3841);
#3000=AXIS2_PLACEMENT_3D('',#4659,#3843,#3844);
#3001=AXIS2_PLACEMENT_3D('',#4660,#3845,#3846);
#3002=AXIS2_PLACEMENT_3D('',#4661,#3847,#3848);
#3003=AXIS2_PLACEMENT_3D('',#4662,#3849,#3850);
#3004=AXIS2_PLACEMENT_3D('',#4663,#3851,#3852);
#3005=AXIS2_PLACEMENT_3D('',#4664,#3853,#3854);
#3006=AXIS2_PLACEMENT_3D('',#4665,#3855,#3856);
#3007=AXIS2_PLACEMENT_3D('',#4666,#3857,#3858);
#3008=AXIS2_PLACEMENT_3D('',#4667,#3859,#3860);
#3009=AXIS2_PLACEMENT_3D('',#4668,#3861,#3862);
#3010=AXIS2_PLACEMENT_3D('',#4670,#3863,#3864);
#3011=AXIS2_PLACEMENT_3D('',#4671,#3865,#3866);
#3012=AXIS2_PLACEMENT_3D('',#4672,#3867,#3868);
#3013=AXIS2_PLACEMENT_3D('',#4674,#3869,#3870);
#3014=AXIS2_PLACEMENT_3D('',#4676,#3872,#3873);
#3015=AXIS2_PLACEMENT_3D('',#4677,#3874,#3875);
#3016=AXIS2_PLACEMENT_3D('',#4678,#3876,#3877);
#3017=AXIS2_PLACEMENT_3D('',#4680,#3879,#3880);
#3018=AXIS2_PLACEMENT_3D('',#4681,#3881,#3882);
#3019=AXIS2_PLACEMENT_3D('',#4683,#3884,#3885);
#3020=AXIS2_PLACEMENT_3D('',#4685,#3887,#3888);
#3021=AXIS2_PLACEMENT_3D('',#4686,#3889,#3890);
#3022=AXIS2_PLACEMENT_3D('',#4689,#3893,#3894);
#3023=AXIS2_PLACEMENT_3D('',#4691,#3896,#3897);
#3024=AXIS2_PLACEMENT_3D('',#4693,#3899,#3900);
#3025=AXIS2_PLACEMENT_3D('',#4694,#3901,#3902);
#3026=AXIS2_PLACEMENT_3D('',#4697,#3905,#3906);
#3027=AXIS2_PLACEMENT_3D('',#4699,#3908,#3909);
#3028=AXIS2_PLACEMENT_3D('',#4701,#3911,#3912);
#3029=AXIS2_PLACEMENT_3D('',#4702,#3913,#3914);
#3030=AXIS2_PLACEMENT_3D('',#4704,#3916,#3917);
#3031=AXIS2_PLACEMENT_3D('',#4707,#3920,#3921);
#3032=AXIS2_PLACEMENT_3D('',#4708,#3922,#3923);
#3033=AXIS2_PLACEMENT_3D('',#4709,#3924,#3925);
#3034=AXIS2_PLACEMENT_3D('',#4711,#3927,#3928);
#3035=AXIS2_PLACEMENT_3D('',#4713,#3930,#3931);
#3036=AXIS2_PLACEMENT_3D('',#4715,#3933,#3934);
#3037=AXIS2_PLACEMENT_3D('',#4717,#3936,#3937);
#3038=AXIS2_PLACEMENT_3D('',#4719,#3939,#3940);
#3039=AXIS2_PLACEMENT_3D('',#4721,#3942,#3943);
#3040=AXIS2_PLACEMENT_3D('',#4723,#3945,#3946);
#3041=AXIS2_PLACEMENT_3D('',#4725,#3948,#3949);
#3042=AXIS2_PLACEMENT_3D('',#4727,#3951,#3952);
#3043=AXIS2_PLACEMENT_3D('',#4729,#3954,#3955);
#3044=AXIS2_PLACEMENT_3D('',#4731,#3957,#3958);
#3045=AXIS2_PLACEMENT_3D('',#4733,#3960,#3961);
#3046=AXIS2_PLACEMENT_3D('',#4735,#3963,#3964);
#3047=AXIS2_PLACEMENT_3D('',#4737,#3966,#3967);
#3048=AXIS2_PLACEMENT_3D('',#4739,#3969,#3970);
#3049=AXIS2_PLACEMENT_3D('',#4741,#3972,#3973);
#3050=AXIS2_PLACEMENT_3D('',#4743,#3975,#3976);
#3051=AXIS2_PLACEMENT_3D('',#4745,#3978,#3979);
#3052=AXIS2_PLACEMENT_3D('',#4747,#3981,#3982);
#3053=DIRECTION('axis',(0.,0.,1.));
#3054=DIRECTION('refdir',(1.,0.,0.));
#3055=DIRECTION('center_axis',(-1.25392468091809E-12,1.,0.));
#3056=DIRECTION('ref_axis',(0.,0.,1.));
#3057=DIRECTION('center_axis',(0.,0.,-1.));
#3058=DIRECTION('ref_axis',(1.,1.25399690631419E-12,0.));
#3059=DIRECTION('center_axis',(-1.25392468091809E-12,1.,0.));
#3060=DIRECTION('ref_axis',(0.707106781186547,8.8665864497436E-13,-0.707106781186548));
#3061=DIRECTION('center_axis',(1.,1.27897692436818E-12,0.));
#3062=DIRECTION('ref_axis',(1.27897692436818E-12,-1.,0.));
#3063=DIRECTION('center_axis',(1.25392468091809E-12,-1.,0.));
#3064=DIRECTION('ref_axis',(0.707106781186547,8.8665880193517E-13,-0.707106781186548));
#3065=DIRECTION('center_axis',(1.,1.25392468091809E-12,0.));
#3066=DIRECTION('ref_axis',(8.54130297523975E-13,-0.707106781186549,-0.707106781186546));
#3067=DIRECTION('center_axis',(1.,1.24344978758018E-12,-1.55431223447524E-14));
#3068=DIRECTION('ref_axis',(1.24344978758018E-12,-1.,0.));
#3069=DIRECTION('',(1.,1.25392468091809E-12,0.));
#3070=DIRECTION('',(-1.,-1.25392468091809E-12,0.));
#3071=DIRECTION('center_axis',(-1.25392468091809E-12,1.,0.));
#3072=DIRECTION('ref_axis',(0.,0.,1.));
#3073=DIRECTION('center_axis',(0.,0.,-1.));
#3074=DIRECTION('ref_axis',(1.25233157177718E-12,-1.,0.));
#3075=DIRECTION('center_axis',(1.25392468091809E-12,-1.,0.));
#3076=DIRECTION('ref_axis',(-0.707106781186547,-8.8665880193517E-13,-0.707106781186548));
#3077=DIRECTION('center_axis',(-1.25392468091809E-12,1.,0.));
#3078=DIRECTION('ref_axis',(-0.707106781186547,-8.8665864497436E-13,-0.707106781186548));
#3079=DIRECTION('center_axis',(0.,0.,-1.));
#3080=DIRECTION('ref_axis',(-0.707106781185659,-0.707106781187437,0.));
#3081=DIRECTION('center_axis',(0.,0.,-1.));
#3082=DIRECTION('ref_axis',(1.25385812843604E-12,-1.,0.));
#3083=DIRECTION('',(0.,0.,-1.));
#3084=DIRECTION('',(0.,0.,1.));
#3085=DIRECTION('center_axis',(-1.25392468091809E-12,1.,0.));
#3086=DIRECTION('ref_axis',(0.,0.,1.));
#3087=DIRECTION('center_axis',(-1.,-1.25677246387568E-12,2.22044604925028E-15));
#3088=DIRECTION('ref_axis',(1.25677246387568E-12,-1.,0.));
#3089=DIRECTION('center_axis',(1.25392468091809E-12,-1.,0.));
#3090=DIRECTION('ref_axis',(-0.707106781186548,-8.86658801935171E-13,0.707106781186547));
#3091=DIRECTION('center_axis',(-1.25392468091809E-12,1.,0.));
#3092=DIRECTION('ref_axis',(-0.707106781186548,-8.86658644974361E-13,0.707106781186547));
#3093=DIRECTION('center_axis',(-1.,-1.25392468091809E-12,0.));
#3094=DIRECTION('ref_axis',(8.54130297523937E-13,-0.707106781186517,0.707106781186578));
#3095=DIRECTION('center_axis',(-1.,-1.27897692436818E-12,-1.77493703674725E-28));
#3096=DIRECTION('ref_axis',(1.27897692436818E-12,-1.,0.));
#3097=DIRECTION('',(-1.,-1.25392468091809E-12,0.));
#3098=DIRECTION('',(1.,1.25392468091809E-12,0.));
#3099=DIRECTION('center_axis',(-1.25392468091809E-12,1.,0.));
#3100=DIRECTION('ref_axis',(0.,0.,1.));
#3101=DIRECTION('center_axis',(0.,0.,1.));
#3102=DIRECTION('ref_axis',(1.27897692436818E-12,-1.,0.));
#3103=DIRECTION('center_axis',(1.25392468091809E-12,-1.,0.));
#3104=DIRECTION('ref_axis',(0.707106781186548,8.86658801935171E-13,0.707106781186547));
#3105=DIRECTION('center_axis',(-1.25392468091809E-12,1.,0.));
#3106=DIRECTION('ref_axis',(0.707106781186548,8.86658644974361E-13,0.707106781186547));
#3107=DIRECTION('center_axis',(0.,0.,1.));
#3108=DIRECTION('ref_axis',(0.707106781187423,-0.707106781185672,0.));
#3109=DIRECTION('',(0.,0.,-1.));
#3110=DIRECTION('',(0.,0.,1.));
#3111=DIRECTION('center_axis',(0.,0.,-1.));
#3112=DIRECTION('ref_axis',(-1.25392468091809E-12,1.,0.));
#3113=DIRECTION('',(1.25392468091809E-12,-1.,0.));
#3114=DIRECTION('',(1.,1.25392468091809E-12,0.));
#3115=DIRECTION('',(-1.25392468091809E-12,1.,0.));
#3116=DIRECTION('center_axis',(1.25392468091809E-12,-1.,0.));
#3117=DIRECTION('ref_axis',(0.707106781186547,8.86631211418728E-13,0.707106781186547));
#3118=DIRECTION('',(-1.25392468091809E-12,1.,0.));
#3119=DIRECTION('center_axis',(-1.25392468091809E-12,1.,0.));
#3120=DIRECTION('ref_axis',(0.707106781186547,8.86658801935172E-13,0.707106781186548));
#3121=DIRECTION('center_axis',(-1.,-1.25392468091809E-12,0.));
#3122=DIRECTION('ref_axis',(1.25392468091809E-12,-1.,0.));
#3123=DIRECTION('',(1.25392468091809E-12,-1.,0.));
#3124=DIRECTION('',(0.,0.,-1.));
#3125=DIRECTION('center_axis',(1.25392468091809E-12,-1.,0.));
#3126=DIRECTION('ref_axis',(0.707106781186547,8.86631211418728E-13,-0.707106781186547));
#3127=DIRECTION('',(-1.25392468091809E-12,1.,0.));
#3128=DIRECTION('center_axis',(-1.25392468091809E-12,1.,0.));
#3129=DIRECTION('ref_axis',(0.707106781186546,8.86658801935171E-13,-0.707106781186549));
#3130=DIRECTION('center_axis',(-1.25392468091809E-12,1.,0.));
#3131=DIRECTION('ref_axis',(0.,0.,1.));
#3132=DIRECTION('center_axis',(1.25392468091809E-12,-1.,0.));
#3133=DIRECTION('ref_axis',(-1.,-1.25392468091809E-12,0.));
#3134=DIRECTION('center_axis',(1.25392468091809E-12,-1.,0.));
#3135=DIRECTION('ref_axis',(-1.,-1.25392468091809E-12,0.));
#3136=DIRECTION('center_axis',(1.25392468091809E-12,-1.,0.));
#3137=DIRECTION('ref_axis',(-1.,-1.25392468091809E-12,0.));
#3138=DIRECTION('center_axis',(1.25392468091809E-12,-1.,0.));
#3139=DIRECTION('ref_axis',(-1.,-1.25392468091809E-12,0.));
#3140=DIRECTION('center_axis',(1.25392468091809E-12,-1.,0.));
#3141=DIRECTION('ref_axis',(-1.,-1.25392468091809E-12,0.));
#3142=DIRECTION('center_axis',(1.25392468091809E-12,-1.,0.));
#3143=DIRECTION('ref_axis',(-1.,-1.25392468091809E-12,0.));
#3144=DIRECTION('center_axis',(1.25392468091809E-12,-1.,0.));
#3145=DIRECTION('ref_axis',(-1.,-1.25392468091809E-12,0.));
#3146=DIRECTION('',(0.,0.,-1.));
#3147=DIRECTION('center_axis',(1.25392468091809E-12,-1.,0.));
#3148=DIRECTION('ref_axis',(-0.707106781186704,-8.86658644974557E-13,0.707106781186391));
#3149=DIRECTION('',(-1.,-1.25392468091809E-12,0.));
#3150=DIRECTION('center_axis',(1.25392468091809E-12,-1.,0.));
#3151=DIRECTION('ref_axis',(0.707106781186395,8.86658644974169E-13,0.7071067811867));
#3152=DIRECTION('',(0.,0.,1.));
#3153=DIRECTION('center_axis',(1.25392468091809E-12,-1.,0.));
#3154=DIRECTION('ref_axis',(0.707106781186391,8.86658644974163E-13,-0.707106781186704));
#3155=DIRECTION('',(1.,1.25392468091809E-12,0.));
#3156=DIRECTION('center_axis',(1.25392468091809E-12,-1.,0.));
#3157=DIRECTION('ref_axis',(-0.707106781186709,-8.86658644974562E-13,-0.707106781186386));
#3158=DIRECTION('',(8.44004466551018E-12,1.05831803141343E-23,-1.));
#3159=DIRECTION('center_axis',(-1.25392468091809E-12,1.,0.));
#3160=DIRECTION('ref_axis',(1.,0.,8.42736733110636E-12));
#3161=DIRECTION('',(9.90624396152309E-12,1.24216837985496E-23,1.));
#3162=DIRECTION('center_axis',(-1.25392468091809E-12,1.,0.));
#3163=DIRECTION('ref_axis',(-1.,0.,1.13356352729043E-11));
#3164=DIRECTION('center_axis',(-1.25392468091809E-12,1.,0.));
#3165=DIRECTION('ref_axis',(-1.,0.,-1.13356352728056E-11));
#3166=DIRECTION('',(-8.44004466551018E-12,-1.05831803141343E-23,-1.));
#3167=DIRECTION('center_axis',(-1.25392468091809E-12,1.,0.));
#3168=DIRECTION('ref_axis',(1.,0.,-8.44389158083785E-12));
#3169=DIRECTION('',(-9.90624396152309E-12,-1.24216837985496E-23,1.));
#3170=DIRECTION('center_axis',(-1.25392468091809E-12,1.,0.));
#3171=DIRECTION('ref_axis',(-1.,0.,0.));
#3172=DIRECTION('center_axis',(-1.25392468091809E-12,1.,0.));
#3173=DIRECTION('ref_axis',(-1.,0.,0.));
#3174=DIRECTION('center_axis',(-1.25392468091809E-12,1.,0.));
#3175=DIRECTION('ref_axis',(-1.,0.,0.));
#3176=DIRECTION('center_axis',(-1.25392468091809E-12,1.,0.));
#3177=DIRECTION('ref_axis',(-1.,0.,0.));
#3178=DIRECTION('center_axis',(-1.25392468091809E-12,1.,0.));
#3179=DIRECTION('ref_axis',(-1.,0.,0.));
#3180=DIRECTION('center_axis',(-1.25392468091809E-12,1.,0.));
#3181=DIRECTION('ref_axis',(-1.,0.,0.));
#3182=DIRECTION('center_axis',(-1.25392468091809E-12,1.,0.));
#3183=DIRECTION('ref_axis',(-1.,0.,0.));
#3184=DIRECTION('center_axis',(-1.25392468091809E-12,1.,0.));
#3185=DIRECTION('ref_axis',(-1.,0.,0.));
#3186=DIRECTION('center_axis',(-1.25392468091809E-12,1.,0.));
#3187=DIRECTION('ref_axis',(-1.,0.,0.));
#3188=DIRECTION('center_axis',(-1.25392468091809E-12,1.,0.));
#3189=DIRECTION('ref_axis',(-1.,0.,0.));
#3190=DIRECTION('center_axis',(-1.25392468091809E-12,1.,0.));
#3191=DIRECTION('ref_axis',(-1.,0.,0.));
#3192=DIRECTION('center_axis',(-1.25392468091809E-12,1.,0.));
#3193=DIRECTION('ref_axis',(-1.,0.,0.));
#3194=DIRECTION('center_axis',(-1.25392468091809E-12,1.,0.));
#3195=DIRECTION('ref_axis',(-1.,0.,0.));
#3196=DIRECTION('center_axis',(-1.25392468091809E-12,1.,0.));
#3197=DIRECTION('ref_axis',(-1.,0.,0.));
#3198=DIRECTION('center_axis',(-1.25392468091809E-12,1.,0.));
#3199=DIRECTION('ref_axis',(-1.,0.,0.));
#3200=DIRECTION('center_axis',(-1.25392468091809E-12,1.,0.));
#3201=DIRECTION('ref_axis',(-1.,0.,0.));
#3202=DIRECTION('center_axis',(-1.25392468091809E-12,1.,0.));
#3203=DIRECTION('ref_axis',(-1.,0.,0.));
#3204=DIRECTION('center_axis',(-1.25392468091809E-12,1.,0.));
#3205=DIRECTION('ref_axis',(-1.,0.,0.));
#3206=DIRECTION('center_axis',(-1.25392468091809E-12,1.,0.));
#3207=DIRECTION('ref_axis',(-1.,0.,0.));
#3208=DIRECTION('center_axis',(-1.25392468091809E-12,1.,0.));
#3209=DIRECTION('ref_axis',(1.,0.,0.));
#3210=DIRECTION('center_axis',(-1.25392468091809E-12,1.,0.));
#3211=DIRECTION('ref_axis',(-1.,0.,0.));
#3212=DIRECTION('',(-2.53765262771464E-15,-3.18202526148804E-27,-1.));
#3213=DIRECTION('center_axis',(1.25392468091809E-12,-1.,0.));
#3214=DIRECTION('ref_axis',(-0.707106781186704,-8.86658644974557E-13,0.707106781186391));
#3215=DIRECTION('',(-1.,-1.25392468091809E-12,0.));
#3216=DIRECTION('center_axis',(1.25392468091809E-12,-1.,0.));
#3217=DIRECTION('ref_axis',(0.707106781186391,8.86658644974163E-13,0.707106781186704));
#3218=DIRECTION('',(0.,0.,1.));
#3219=DIRECTION('center_axis',(1.25392468091809E-12,-1.,0.));
#3220=DIRECTION('ref_axis',(0.707106781186391,8.86658644974163E-13,-0.707106781186704));
#3221=DIRECTION('',(1.,1.25392468091809E-12,2.22044604925031E-15));
#3222=DIRECTION('center_axis',(1.25392468091809E-12,-1.,0.));
#3223=DIRECTION('ref_axis',(-0.707106781186706,-8.86658644974559E-13,-0.707106781186388));
#3224=DIRECTION('center_axis',(1.25392468091809E-12,-1.,0.));
#3225=DIRECTION('ref_axis',(-1.,-1.25392468091809E-12,0.));
#3226=DIRECTION('center_axis',(1.25392468091809E-12,-1.,0.));
#3227=DIRECTION('ref_axis',(-1.,-1.25392468091809E-12,0.));
#3228=DIRECTION('center_axis',(1.25392468091809E-12,-1.,0.));
#3229=DIRECTION('ref_axis',(-1.,-1.25392468091809E-12,0.));
#3230=DIRECTION('center_axis',(1.25392468091809E-12,-1.,0.));
#3231=DIRECTION('ref_axis',(-1.,-1.25392468091809E-12,0.));
#3232=DIRECTION('center_axis',(1.25392468091809E-12,-1.,0.));
#3233=DIRECTION('ref_axis',(-1.,-1.25392468091809E-12,0.));
#3234=DIRECTION('center_axis',(1.25392468091809E-12,-1.,0.));
#3235=DIRECTION('ref_axis',(-1.,-1.25392468091809E-12,0.));
#3236=DIRECTION('center_axis',(1.25392468091809E-12,-1.,0.));
#3237=DIRECTION('ref_axis',(-1.,-1.25392468091809E-12,0.));
#3238=DIRECTION('center_axis',(1.25392468091809E-12,-1.,0.));
#3239=DIRECTION('ref_axis',(0.,0.,-1.));
#3240=DIRECTION('center_axis',(0.,0.,-1.));
#3241=DIRECTION('ref_axis',(-1.,-1.2534417948018E-12,0.));
#3242=DIRECTION('center_axis',(1.25392468091809E-12,-1.,0.));
#3243=DIRECTION('ref_axis',(-0.707106781186548,-8.8665864497436E-13,-0.707106781186547));
#3244=DIRECTION('center_axis',(-1.,-1.25455201782643E-12,0.));
#3245=DIRECTION('ref_axis',(-1.25455201782643E-12,1.,0.));
#3246=DIRECTION('center_axis',(-1.25392468091809E-12,1.,0.));
#3247=DIRECTION('ref_axis',(-0.707106781186548,-8.8665880193517E-13,-0.707106781186547));
#3248=DIRECTION('center_axis',(-1.,-1.25392468091809E-12,0.));
#3249=DIRECTION('ref_axis',(-8.54130297523975E-13,0.707106781186549,-0.707106781186546));
#3250=DIRECTION('center_axis',(-1.,-1.27897692436818E-12,0.));
#3251=DIRECTION('ref_axis',(-1.27897692436818E-12,1.,0.));
#3252=DIRECTION('',(-1.,-1.25392468091809E-12,0.));
#3253=DIRECTION('',(1.,1.25392468091809E-12,0.));
#3254=DIRECTION('center_axis',(1.25392468091809E-12,-1.,0.));
#3255=DIRECTION('ref_axis',(0.,0.,-1.));
#3256=DIRECTION('center_axis',(0.,0.,-1.));
#3257=DIRECTION('ref_axis',(-1.27897692436818E-12,1.,0.));
#3258=DIRECTION('center_axis',(1.25392468091809E-12,-1.,0.));
#3259=DIRECTION('ref_axis',(0.707106781186546,8.86658644974358E-13,-0.707106781186549));
#3260=DIRECTION('center_axis',(0.,0.,-1.));
#3261=DIRECTION('ref_axis',(0.707106781185632,0.707106781187463,0.));
#3262=DIRECTION('center_axis',(0.,0.,-1.));
#3263=DIRECTION('ref_axis',(-1.27897692436818E-12,1.,0.));
#3264=DIRECTION('',(0.,0.,1.));
#3265=DIRECTION('center_axis',(1.25392468091809E-12,-1.,0.));
#3266=DIRECTION('ref_axis',(0.,0.,-1.));
#3267=DIRECTION('center_axis',(1.,1.27897692436818E-12,0.));
#3268=DIRECTION('ref_axis',(-1.27897692436818E-12,1.,0.));
#3269=DIRECTION('center_axis',(1.25392468091809E-12,-1.,0.));
#3270=DIRECTION('ref_axis',(0.707106781186547,8.86658644974359E-13,0.707106781186548));
#3271=DIRECTION('center_axis',(1.,1.25392468091809E-12,0.));
#3272=DIRECTION('ref_axis',(-8.54130297523937E-13,0.707106781186518,0.707106781186577));
#3273=DIRECTION('center_axis',(1.,1.24344978758018E-12,-1.5543122344752E-14));
#3274=DIRECTION('ref_axis',(-1.24344978758018E-12,1.,0.));
#3275=DIRECTION('',(-1.,-1.25392468091809E-12,0.));
#3276=DIRECTION('center_axis',(1.25392468091809E-12,-1.,0.));
#3277=DIRECTION('ref_axis',(0.,0.,-1.));
#3278=DIRECTION('center_axis',(0.,0.,1.));
#3279=DIRECTION('ref_axis',(-1.25455201782643E-12,1.,0.));
#3280=DIRECTION('center_axis',(-1.25392468091809E-12,1.,0.));
#3281=DIRECTION('ref_axis',(-0.707106781186548,-8.86658801935171E-13,0.707106781186547));
#3282=DIRECTION('center_axis',(1.25392468091809E-12,-1.,0.));
#3283=DIRECTION('ref_axis',(-0.707106781186548,-8.86658644974361E-13,0.707106781186547));
#3284=DIRECTION('center_axis',(0.,0.,1.));
#3285=DIRECTION('ref_axis',(-0.707106781187433,0.707106781185662,0.));
#3286=DIRECTION('',(0.,0.,-1.));
#3287=DIRECTION('',(0.,0.,1.));
#3288=DIRECTION('center_axis',(1.25392468091809E-12,-1.,0.));
#3289=DIRECTION('ref_axis',(-0.707106781186547,-8.86631211418728E-13,0.707106781186547));
#3290=DIRECTION('',(1.25392468091809E-12,-1.,0.));
#3291=DIRECTION('center_axis',(1.,1.25392468091809E-12,0.));
#3292=DIRECTION('ref_axis',(-1.25392468091809E-12,1.,0.));
#3293=DIRECTION('',(-1.25392468091809E-12,1.,0.));
#3294=DIRECTION('center_axis',(1.25392468091809E-12,-1.,0.));
#3295=DIRECTION('ref_axis',(-0.707106781186547,-8.86631211418728E-13,-0.707106781186547));
#3296=DIRECTION('',(1.25392468091809E-12,-1.,0.));
#3297=DIRECTION('center_axis',(-1.25392468091809E-12,1.,0.));
#3298=DIRECTION('ref_axis',(0.,0.,1.));
#3299=DIRECTION('center_axis',(-1.25392468091809E-12,1.,0.));
#3300=DIRECTION('ref_axis',(-1.,-1.25392468091809E-12,0.));
#3301=DIRECTION('center_axis',(-1.25392468091809E-12,1.,0.));
#3302=DIRECTION('ref_axis',(-1.,-1.25392468091809E-12,0.));
#3303=DIRECTION('center_axis',(-1.25392468091809E-12,1.,0.));
#3304=DIRECTION('ref_axis',(-1.,-1.25392468091809E-12,0.));
#3305=DIRECTION('center_axis',(-1.25392468091809E-12,1.,0.));
#3306=DIRECTION('ref_axis',(-1.,-1.25392468091809E-12,0.));
#3307=DIRECTION('center_axis',(-1.25392468091809E-12,1.,0.));
#3308=DIRECTION('ref_axis',(-1.,-1.25392468091809E-12,0.));
#3309=DIRECTION('center_axis',(-1.25392468091809E-12,1.,0.));
#3310=DIRECTION('ref_axis',(-1.,-1.25392468091809E-12,0.));
#3311=DIRECTION('center_axis',(-1.25392468091809E-12,1.,0.));
#3312=DIRECTION('ref_axis',(-1.,-1.25392468091809E-12,0.));
#3313=DIRECTION('',(0.,0.,-1.));
#3314=DIRECTION('center_axis',(-1.25392468091809E-12,1.,0.));
#3315=DIRECTION('ref_axis',(0.707106781186709,8.86658644974562E-13,0.707106781186386));
#3316=DIRECTION('',(1.,1.25392468091809E-12,0.));
#3317=DIRECTION('center_axis',(-1.25392468091809E-12,1.,0.));
#3318=DIRECTION('ref_axis',(-0.707106781186391,-8.86658644974163E-13,0.707106781186704));
#3319=DIRECTION('',(0.,0.,1.));
#3320=DIRECTION('center_axis',(-1.25392468091809E-12,1.,0.));
#3321=DIRECTION('ref_axis',(-0.707106781186395,-8.86658644974169E-13,-0.7071067811867));
#3322=DIRECTION('',(-1.,-1.25392468091809E-12,0.));
#3323=DIRECTION('center_axis',(-1.25392468091809E-12,1.,0.));
#3324=DIRECTION('ref_axis',(0.707106781186704,8.86658644974556E-13,-0.707106781186391));
#3325=DIRECTION('',(-8.44004466551018E-12,-1.05831803141343E-23,1.));
#3326=DIRECTION('center_axis',(1.25392468091809E-12,-1.,0.));
#3327=DIRECTION('ref_axis',(-1.,0.,1.13356352729043E-11));
#3328=DIRECTION('',(-9.90624396152309E-12,-1.24216837985496E-23,-1.));
#3329=DIRECTION('center_axis',(1.25392468091809E-12,-1.,0.));
#3330=DIRECTION('ref_axis',(1.,0.,8.42736733110636E-12));
#3331=DIRECTION('center_axis',(1.25392468091809E-12,-1.,0.));
#3332=DIRECTION('ref_axis',(-1.,0.,-1.13356352728056E-11));
#3333=DIRECTION('',(9.90624396152309E-12,1.24216837985496E-23,-1.));
#3334=DIRECTION('center_axis',(1.25392468091809E-12,-1.,0.));
#3335=DIRECTION('ref_axis',(1.,0.,-8.44389158083785E-12));
#3336=DIRECTION('',(8.44004466551018E-12,1.05831803141343E-23,1.));
#3337=DIRECTION('center_axis',(1.25392468091809E-12,-1.,0.));
#3338=DIRECTION('ref_axis',(-1.,0.,0.));
#3339=DIRECTION('center_axis',(1.25392468091809E-12,-1.,0.));
#3340=DIRECTION('ref_axis',(-1.,0.,0.));
#3341=DIRECTION('center_axis',(1.25392468091809E-12,-1.,0.));
#3342=DIRECTION('ref_axis',(-1.,0.,0.));
#3343=DIRECTION('center_axis',(1.25392468091809E-12,-1.,0.));
#3344=DIRECTION('ref_axis',(-1.,0.,0.));
#3345=DIRECTION('center_axis',(1.25392468091809E-12,-1.,0.));
#3346=DIRECTION('ref_axis',(-1.,0.,0.));
#3347=DIRECTION('center_axis',(1.25392468091809E-12,-1.,0.));
#3348=DIRECTION('ref_axis',(-1.,0.,0.));
#3349=DIRECTION('center_axis',(1.25392468091809E-12,-1.,0.));
#3350=DIRECTION('ref_axis',(-1.,0.,0.));
#3351=DIRECTION('center_axis',(1.25392468091809E-12,-1.,0.));
#3352=DIRECTION('ref_axis',(-1.,0.,0.));
#3353=DIRECTION('center_axis',(1.25392468091809E-12,-1.,0.));
#3354=DIRECTION('ref_axis',(-1.,0.,0.));
#3355=DIRECTION('center_axis',(1.25392468091809E-12,-1.,0.));
#3356=DIRECTION('ref_axis',(-1.,0.,0.));
#3357=DIRECTION('center_axis',(1.25392468091809E-12,-1.,0.));
#3358=DIRECTION('ref_axis',(-1.,0.,0.));
#3359=DIRECTION('center_axis',(1.25392468091809E-12,-1.,0.));
#3360=DIRECTION('ref_axis',(-1.,0.,0.));
#3361=DIRECTION('center_axis',(1.25392468091809E-12,-1.,0.));
#3362=DIRECTION('ref_axis',(-1.,0.,0.));
#3363=DIRECTION('center_axis',(1.25392468091809E-12,-1.,0.));
#3364=DIRECTION('ref_axis',(-1.,0.,0.));
#3365=DIRECTION('center_axis',(1.25392468091809E-12,-1.,0.));
#3366=DIRECTION('ref_axis',(-1.,0.,0.));
#3367=DIRECTION('center_axis',(1.25392468091809E-12,-1.,0.));
#3368=DIRECTION('ref_axis',(-1.,0.,0.));
#3369=DIRECTION('center_axis',(1.25392468091809E-12,-1.,0.));
#3370=DIRECTION('ref_axis',(-1.,0.,0.));
#3371=DIRECTION('center_axis',(1.25392468091809E-12,-1.,0.));
#3372=DIRECTION('ref_axis',(-1.,0.,0.));
#3373=DIRECTION('center_axis',(1.25392468091809E-12,-1.,0.));
#3374=DIRECTION('ref_axis',(-1.,0.,0.));
#3375=DIRECTION('center_axis',(1.25392468091809E-12,-1.,0.));
#3376=DIRECTION('ref_axis',(1.,0.,0.));
#3377=DIRECTION('center_axis',(1.25392468091809E-12,-1.,0.));
#3378=DIRECTION('ref_axis',(-1.,0.,0.));
#3379=DIRECTION('',(0.,0.,-1.));
#3380=DIRECTION('center_axis',(-1.25392468091809E-12,1.,0.));
#3381=DIRECTION('ref_axis',(0.707106781186704,8.86658644974556E-13,0.707106781186391));
#3382=DIRECTION('',(1.,1.25392468091809E-12,0.));
#3383=DIRECTION('center_axis',(-1.25392468091809E-12,1.,0.));
#3384=DIRECTION('ref_axis',(-0.707106781186391,-8.86658644974163E-13,0.707106781186704));
#3385=DIRECTION('',(2.53765262771464E-15,3.18202526148804E-27,1.));
#3386=DIRECTION('center_axis',(-1.25392468091809E-12,1.,0.));
#3387=DIRECTION('ref_axis',(-0.707106781186393,-8.86658644974166E-13,-0.707106781186702));
#3388=DIRECTION('',(-1.,-1.25392468091809E-12,-2.22044604925031E-15));
#3389=DIRECTION('center_axis',(-1.25392468091809E-12,1.,0.));
#3390=DIRECTION('ref_axis',(0.707106781186704,8.86658644974556E-13,-0.707106781186391));
#3391=DIRECTION('center_axis',(-1.25392468091809E-12,1.,0.));
#3392=DIRECTION('ref_axis',(-1.,-1.25392468091809E-12,0.));
#3393=DIRECTION('center_axis',(-1.25392468091809E-12,1.,0.));
#3394=DIRECTION('ref_axis',(-1.,-1.25392468091809E-12,0.));
#3395=DIRECTION('center_axis',(-1.25392468091809E-12,1.,0.));
#3396=DIRECTION('ref_axis',(-1.,-1.25392468091809E-12,0.));
#3397=DIRECTION('center_axis',(-1.25392468091809E-12,1.,0.));
#3398=DIRECTION('ref_axis',(-1.,-1.25392468091809E-12,0.));
#3399=DIRECTION('center_axis',(-1.25392468091809E-12,1.,0.));
#3400=DIRECTION('ref_axis',(-1.,-1.25392468091809E-12,0.));
#3401=DIRECTION('center_axis',(-1.25392468091809E-12,1.,0.));
#3402=DIRECTION('ref_axis',(-1.,-1.25392468091809E-12,0.));
#3403=DIRECTION('center_axis',(-1.25392468091809E-12,1.,0.));
#3404=DIRECTION('ref_axis',(-1.,-1.25392468091809E-12,0.));
#3405=DIRECTION('center_axis',(-1.25392468091809E-12,1.,0.));
#3406=DIRECTION('ref_axis',(0.,0.,1.));
#3407=DIRECTION('center_axis',(-1.,-1.25392468091809E-12,0.));
#3408=DIRECTION('ref_axis',(0.,0.,-1.));
#3409=DIRECTION('center_axis',(-1.25392468091809E-12,1.,0.));
#3410=DIRECTION('ref_axis',(-1.,-1.25391760466904E-12,0.));
#3411=DIRECTION('center_axis',(-1.25392468091809E-12,1.,0.));
#3412=DIRECTION('ref_axis',(-1.,-1.25391760466904E-12,0.));
#3413=DIRECTION('center_axis',(0.,-1.,0.));
#3414=DIRECTION('ref_axis',(-1.,0.,0.));
#3415=DIRECTION('center_axis',(1.25392468091809E-12,-1.,0.));
#3416=DIRECTION('ref_axis',(-1.,-1.25391760466994E-12,0.));
#3417=DIRECTION('',(0.,-1.,0.));
#3418=DIRECTION('center_axis',(1.25392468091809E-12,-1.,0.));
#3419=DIRECTION('ref_axis',(-1.,-1.25391760466994E-12,0.));
#3420=DIRECTION('center_axis',(1.25392468091809E-12,-1.,0.));
#3421=DIRECTION('ref_axis',(0.,0.,-1.));
#3422=DIRECTION('center_axis',(-1.,-1.25392468091809E-12,0.));
#3423=DIRECTION('ref_axis',(0.,0.,1.));
#3424=DIRECTION('center_axis',(-1.25392468091809E-12,1.,0.));
#3425=DIRECTION('ref_axis',(0.,0.,1.));
#3426=DIRECTION('center_axis',(-1.,-1.25392468091809E-12,0.));
#3427=DIRECTION('ref_axis',(0.,0.,-1.));
#3428=DIRECTION('center_axis',(-1.25392468091809E-12,1.,0.));
#3429=DIRECTION('ref_axis',(-1.,-1.25391760466904E-12,0.));
#3430=DIRECTION('center_axis',(-1.25392468091809E-12,1.,0.));
#3431=DIRECTION('ref_axis',(-1.,-1.25391760466904E-12,0.));
#3432=DIRECTION('center_axis',(0.,-1.,0.));
#3433=DIRECTION('ref_axis',(-1.,0.,0.));
#3434=DIRECTION('center_axis',(1.25392468091809E-12,-1.,0.));
#3435=DIRECTION('ref_axis',(-1.,-1.25391760466994E-12,0.));
#3436=DIRECTION('',(0.,-1.,0.));
#3437=DIRECTION('center_axis',(1.25392468091809E-12,-1.,0.));
#3438=DIRECTION('ref_axis',(-1.,-1.25391760466994E-12,0.));
#3439=DIRECTION('center_axis',(1.25392468091809E-12,-1.,0.));
#3440=DIRECTION('ref_axis',(0.,0.,-1.));
#3441=DIRECTION('center_axis',(-1.,-1.25392468091809E-12,0.));
#3442=DIRECTION('ref_axis',(0.,0.,1.));
#3443=DIRECTION('center_axis',(1.25392468091809E-12,-1.,0.));
#3444=DIRECTION('ref_axis',(0.,0.,-1.));
#3445=DIRECTION('center_axis',(-1.,-1.25392468091809E-12,0.));
#3446=DIRECTION('ref_axis',(0.,0.,1.));
#3447=DIRECTION('center_axis',(1.25392468091809E-12,-1.,0.));
#3448=DIRECTION('ref_axis',(-1.,-1.25391760466994E-12,0.));
#3449=DIRECTION('center_axis',(1.25392468091809E-12,-1.,0.));
#3450=DIRECTION('ref_axis',(-1.,-1.25391760466994E-12,0.));
#3451=DIRECTION('center_axis',(0.,-1.,0.));
#3452=DIRECTION('ref_axis',(-1.,0.,0.));
#3453=DIRECTION('',(0.,-1.,0.));
#3454=DIRECTION('center_axis',(-1.25392468091809E-12,1.,0.));
#3455=DIRECTION('ref_axis',(-1.,-1.25391760466904E-12,0.));
#3456=DIRECTION('center_axis',(-1.25392468091809E-12,1.,0.));
#3457=DIRECTION('ref_axis',(-1.,-1.25391760466904E-12,0.));
#3458=DIRECTION('center_axis',(1.25392468091809E-12,-1.,0.));
#3459=DIRECTION('ref_axis',(0.,0.,-1.));
#3460=DIRECTION('center_axis',(-1.,-1.25392468091809E-12,0.));
#3461=DIRECTION('ref_axis',(0.,0.,1.));
#3462=DIRECTION('center_axis',(1.25392468091809E-12,-1.,0.));
#3463=DIRECTION('ref_axis',(-1.,-1.25391760466994E-12,0.));
#3464=DIRECTION('center_axis',(1.25392468091809E-12,-1.,0.));
#3465=DIRECTION('ref_axis',(-1.,-1.25391760466994E-12,0.));
#3466=DIRECTION('center_axis',(0.,-1.,0.));
#3467=DIRECTION('ref_axis',(-1.,0.,0.));
#3468=DIRECTION('',(0.,-1.,0.));
#3469=DIRECTION('center_axis',(-1.25392468091809E-12,1.,0.));
#3470=DIRECTION('ref_axis',(-1.,-1.25391760466904E-12,0.));
#3471=DIRECTION('center_axis',(-1.25392468091809E-12,1.,0.));
#3472=DIRECTION('ref_axis',(-1.,-1.25391760466904E-12,0.));
#3473=DIRECTION('center_axis',(1.25392468091809E-12,-1.,0.));
#3474=DIRECTION('ref_axis',(0.,0.,-1.));
#3475=DIRECTION('center_axis',(-1.,-1.25392468091809E-12,0.));
#3476=DIRECTION('ref_axis',(0.,0.,1.));
#3477=DIRECTION('center_axis',(1.25392468091809E-12,-1.,0.));
#3478=DIRECTION('ref_axis',(-1.,-1.25391760466994E-12,0.));
#3479=DIRECTION('center_axis',(1.25392468091809E-12,-1.,0.));
#3480=DIRECTION('ref_axis',(-1.,-1.25391760466994E-12,0.));
#3481=DIRECTION('center_axis',(0.,-1.,0.));
#3482=DIRECTION('ref_axis',(-1.,0.,0.));
#3483=DIRECTION('',(0.,-1.,0.));
#3484=DIRECTION('center_axis',(-1.25392468091809E-12,1.,0.));
#3485=DIRECTION('ref_axis',(-1.,-1.25391760466904E-12,0.));
#3486=DIRECTION('center_axis',(-1.25392468091809E-12,1.,0.));
#3487=DIRECTION('ref_axis',(-1.,-1.25391760466904E-12,0.));
#3488=DIRECTION('center_axis',(-1.25392468091809E-12,1.,0.));
#3489=DIRECTION('ref_axis',(0.,0.,1.));
#3490=DIRECTION('center_axis',(-1.,-1.25392468091809E-12,0.));
#3491=DIRECTION('ref_axis',(0.,0.,-1.));
#3492=DIRECTION('center_axis',(-1.25392468091809E-12,1.,0.));
#3493=DIRECTION('ref_axis',(0.,0.,1.));
#3494=DIRECTION('center_axis',(-1.,-1.25392468091809E-12,0.));
#3495=DIRECTION('ref_axis',(0.,0.,-1.));
#3496=DIRECTION('center_axis',(-1.25392468091809E-12,1.,0.));
#3497=DIRECTION('ref_axis',(-1.,-1.25391760466904E-12,0.));
#3498=DIRECTION('center_axis',(-1.25392468091809E-12,1.,0.));
#3499=DIRECTION('ref_axis',(-1.,-1.25391760466904E-12,0.));
#3500=DIRECTION('center_axis',(0.,-1.,0.));
#3501=DIRECTION('ref_axis',(-1.,0.,0.));
#3502=DIRECTION('center_axis',(1.25392468091809E-12,-1.,0.));
#3503=DIRECTION('ref_axis',(-1.,-1.25391760466994E-12,0.));
#3504=DIRECTION('',(0.,-1.,0.));
#3505=DIRECTION('center_axis',(1.25392468091809E-12,-1.,0.));
#3506=DIRECTION('ref_axis',(-1.,-1.25391760466994E-12,0.));
#3507=DIRECTION('center_axis',(1.25392468091809E-12,-1.,0.));
#3508=DIRECTION('ref_axis',(0.,0.,-1.));
#3509=DIRECTION('center_axis',(-1.,-1.25392468091809E-12,0.));
#3510=DIRECTION('ref_axis',(0.,0.,1.));
#3511=DIRECTION('center_axis',(1.25392468091809E-12,-1.,0.));
#3512=DIRECTION('ref_axis',(0.,0.,-1.));
#3513=DIRECTION('center_axis',(-1.,-1.25392468091809E-12,0.));
#3514=DIRECTION('ref_axis',(0.,0.,1.));
#3515=DIRECTION('center_axis',(1.25392468091809E-12,-1.,0.));
#3516=DIRECTION('ref_axis',(-1.,-1.25391760466996E-12,0.));
#3517=DIRECTION('center_axis',(1.25392468091809E-12,-1.,0.));
#3518=DIRECTION('ref_axis',(-1.,-1.25391760466996E-12,0.));
#3519=DIRECTION('center_axis',(0.,-1.,0.));
#3520=DIRECTION('ref_axis',(-1.,0.,0.));
#3521=DIRECTION('',(0.,-1.,0.));
#3522=DIRECTION('center_axis',(-1.25392468091809E-12,1.,0.));
#3523=DIRECTION('ref_axis',(-1.,-1.25391760466906E-12,0.));
#3524=DIRECTION('center_axis',(-1.25392468091809E-12,1.,0.));
#3525=DIRECTION('ref_axis',(-1.,-1.25391760466906E-12,0.));
#3526=DIRECTION('center_axis',(-1.25392468091809E-12,1.,0.));
#3527=DIRECTION('ref_axis',(0.,0.,1.));
#3528=DIRECTION('center_axis',(-1.,-1.25392468091809E-12,0.));
#3529=DIRECTION('ref_axis',(0.,0.,-1.));
#3530=DIRECTION('center_axis',(-1.25392468091809E-12,1.,0.));
#3531=DIRECTION('ref_axis',(0.,0.,1.));
#3532=DIRECTION('center_axis',(-1.,-1.25392468091809E-12,0.));
#3533=DIRECTION('ref_axis',(0.,0.,-1.));
#3534=DIRECTION('center_axis',(-1.25392468091809E-12,1.,0.));
#3535=DIRECTION('ref_axis',(-1.,-1.25391760466906E-12,0.));
#3536=DIRECTION('center_axis',(-1.25392468091809E-12,1.,0.));
#3537=DIRECTION('ref_axis',(-1.,-1.25391760466906E-12,0.));
#3538=DIRECTION('center_axis',(0.,-1.,0.));
#3539=DIRECTION('ref_axis',(-1.,0.,0.));
#3540=DIRECTION('center_axis',(1.25392468091809E-12,-1.,0.));
#3541=DIRECTION('ref_axis',(-1.,-1.25391760466996E-12,0.));
#3542=DIRECTION('',(0.,-1.,0.));
#3543=DIRECTION('center_axis',(1.25392468091809E-12,-1.,0.));
#3544=DIRECTION('ref_axis',(-1.,-1.25391760466996E-12,0.));
#3545=DIRECTION('center_axis',(1.25392468091809E-12,-1.,0.));
#3546=DIRECTION('ref_axis',(0.,0.,-1.));
#3547=DIRECTION('center_axis',(-1.,-1.25392468091809E-12,0.));
#3548=DIRECTION('ref_axis',(0.,0.,1.));
#3549=DIRECTION('center_axis',(1.25392468091809E-12,-1.,0.));
#3550=DIRECTION('ref_axis',(0.,0.,-1.));
#3551=DIRECTION('center_axis',(-1.,-1.25392468091809E-12,0.));
#3552=DIRECTION('ref_axis',(0.,0.,1.));
#3553=DIRECTION('center_axis',(1.25392468091809E-12,-1.,0.));
#3554=DIRECTION('ref_axis',(-1.,-1.25391760466994E-12,0.));
#3555=DIRECTION('center_axis',(1.25392468091809E-12,-1.,0.));
#3556=DIRECTION('ref_axis',(-1.,-1.25391760466994E-12,0.));
#3557=DIRECTION('center_axis',(0.,-1.,0.));
#3558=DIRECTION('ref_axis',(-1.,0.,0.));
#3559=DIRECTION('',(0.,-1.,0.));
#3560=DIRECTION('center_axis',(-1.25392468091809E-12,1.,0.));
#3561=DIRECTION('ref_axis',(-1.,-1.25391760466904E-12,0.));
#3562=DIRECTION('center_axis',(-1.25392468091809E-12,1.,0.));
#3563=DIRECTION('ref_axis',(-1.,-1.25391760466904E-12,0.));
#3564=DIRECTION('center_axis',(-1.25392468091809E-12,1.,0.));
#3565=DIRECTION('ref_axis',(0.,0.,1.));
#3566=DIRECTION('center_axis',(-1.,-1.25392468091809E-12,0.));
#3567=DIRECTION('ref_axis',(0.,0.,-1.));
#3568=DIRECTION('center_axis',(-1.25392468091809E-12,1.,0.));
#3569=DIRECTION('ref_axis',(0.,0.,1.));
#3570=DIRECTION('center_axis',(-1.,-1.25392468091809E-12,0.));
#3571=DIRECTION('ref_axis',(0.,0.,-1.));
#3572=DIRECTION('center_axis',(1.25392468091809E-12,-1.,0.));
#3573=DIRECTION('ref_axis',(0.,0.,-1.));
#3574=DIRECTION('center_axis',(-1.,-1.25392468091809E-12,0.));
#3575=DIRECTION('ref_axis',(0.,0.,1.));
#3576=DIRECTION('center_axis',(1.25392468091809E-12,-1.,0.));
#3577=DIRECTION('ref_axis',(-1.,-1.25391760466994E-12,0.));
#3578=DIRECTION('center_axis',(1.25392468091809E-12,-1.,0.));
#3579=DIRECTION('ref_axis',(-1.,-1.25391760466994E-12,0.));
#3580=DIRECTION('center_axis',(0.,-1.,0.));
#3581=DIRECTION('ref_axis',(-1.,0.,0.));
#3582=DIRECTION('',(0.,-1.,0.));
#3583=DIRECTION('center_axis',(-1.25392468091809E-12,1.,0.));
#3584=DIRECTION('ref_axis',(-1.,-1.25391760466904E-12,0.));
#3585=DIRECTION('center_axis',(-1.25392468091809E-12,1.,0.));
#3586=DIRECTION('ref_axis',(-1.,-1.25391760466904E-12,0.));
#3587=DIRECTION('center_axis',(-1.25392468091809E-12,1.,0.));
#3588=DIRECTION('ref_axis',(0.,0.,1.));
#3589=DIRECTION('center_axis',(-1.,-1.25392468091809E-12,0.));
#3590=DIRECTION('ref_axis',(0.,0.,-1.));
#3591=DIRECTION('center_axis',(1.25392468091809E-12,-1.,0.));
#3592=DIRECTION('ref_axis',(0.,0.,-1.));
#3593=DIRECTION('center_axis',(-1.,-1.25392468091809E-12,0.));
#3594=DIRECTION('ref_axis',(0.,0.,1.));
#3595=DIRECTION('center_axis',(1.25392468091809E-12,-1.,0.));
#3596=DIRECTION('ref_axis',(-1.,-1.25391760466994E-12,0.));
#3597=DIRECTION('center_axis',(1.25392468091809E-12,-1.,0.));
#3598=DIRECTION('ref_axis',(-1.,-1.25391760466994E-12,0.));
#3599=DIRECTION('center_axis',(0.,-1.,0.));
#3600=DIRECTION('ref_axis',(-1.,0.,0.));
#3601=DIRECTION('',(0.,-1.,0.));
#3602=DIRECTION('center_axis',(-1.25392468091809E-12,1.,0.));
#3603=DIRECTION('ref_axis',(-1.,-1.25391760466904E-12,0.));
#3604=DIRECTION('center_axis',(-1.25392468091809E-12,1.,0.));
#3605=DIRECTION('ref_axis',(-1.,-1.25391760466904E-12,0.));
#3606=DIRECTION('center_axis',(-1.25392468091809E-12,1.,0.));
#3607=DIRECTION('ref_axis',(0.,0.,1.));
#3608=DIRECTION('center_axis',(-1.,-1.25392468091809E-12,0.));
#3609=DIRECTION('ref_axis',(0.,0.,-1.));
#3610=DIRECTION('center_axis',(-1.25392468091809E-12,1.,0.));
#3611=DIRECTION('ref_axis',(0.,0.,1.));
#3612=DIRECTION('center_axis',(-1.,-1.25392468091809E-12,0.));
#3613=DIRECTION('ref_axis',(0.,0.,-1.));
#3614=DIRECTION('center_axis',(-1.25392468091809E-12,1.,0.));
#3615=DIRECTION('ref_axis',(-1.,-1.25391760466904E-12,0.));
#3616=DIRECTION('center_axis',(-1.25392468091809E-12,1.,0.));
#3617=DIRECTION('ref_axis',(-1.,-1.25391760466904E-12,0.));
#3618=DIRECTION('center_axis',(0.,-1.,0.));
#3619=DIRECTION('ref_axis',(-1.,0.,0.));
#3620=DIRECTION('center_axis',(1.25392468091809E-12,-1.,0.));
#3621=DIRECTION('ref_axis',(-1.,-1.25391760466994E-12,0.));
#3622=DIRECTION('',(0.,-1.,0.));
#3623=DIRECTION('center_axis',(1.25392468091809E-12,-1.,0.));
#3624=DIRECTION('ref_axis',(-1.,-1.25391760466994E-12,0.));
#3625=DIRECTION('center_axis',(1.25392468091809E-12,-1.,0.));
#3626=DIRECTION('ref_axis',(0.,0.,-1.));
#3627=DIRECTION('center_axis',(-1.,-1.25392468091809E-12,0.));
#3628=DIRECTION('ref_axis',(0.,0.,1.));
#3629=DIRECTION('center_axis',(-1.25392468091809E-12,1.,0.));
#3630=DIRECTION('ref_axis',(0.,0.,1.));
#3631=DIRECTION('center_axis',(-1.,-1.25392468091809E-12,0.));
#3632=DIRECTION('ref_axis',(0.,0.,-1.));
#3633=DIRECTION('center_axis',(-1.25392468091809E-12,1.,0.));
#3634=DIRECTION('ref_axis',(-1.,-1.25391760466904E-12,0.));
#3635=DIRECTION('center_axis',(-1.25392468091809E-12,1.,0.));
#3636=DIRECTION('ref_axis',(-1.,-1.25391760466904E-12,0.));
#3637=DIRECTION('center_axis',(0.,-1.,0.));
#3638=DIRECTION('ref_axis',(-1.,0.,0.));
#3639=DIRECTION('center_axis',(1.25392468091809E-12,-1.,0.));
#3640=DIRECTION('ref_axis',(-1.,-1.25391760466994E-12,0.));
#3641=DIRECTION('',(0.,-1.,0.));
#3642=DIRECTION('center_axis',(1.25392468091809E-12,-1.,0.));
#3643=DIRECTION('ref_axis',(-1.,-1.25391760466994E-12,0.));
#3644=DIRECTION('center_axis',(1.25392468091809E-12,-1.,0.));
#3645=DIRECTION('ref_axis',(0.,0.,-1.));
#3646=DIRECTION('center_axis',(-1.,-1.25392468091809E-12,0.));
#3647=DIRECTION('ref_axis',(0.,0.,1.));
#3648=DIRECTION('center_axis',(-1.25392468091809E-12,1.,0.));
#3649=DIRECTION('ref_axis',(0.,0.,1.));
#3650=DIRECTION('center_axis',(-1.,-1.25392468091809E-12,0.));
#3651=DIRECTION('ref_axis',(0.,0.,-1.));
#3652=DIRECTION('center_axis',(-1.25392468091809E-12,1.,0.));
#3653=DIRECTION('ref_axis',(0.,0.,1.));
#3654=DIRECTION('center_axis',(-1.,-1.25392468091809E-12,0.));
#3655=DIRECTION('ref_axis',(0.,0.,-1.));
#3656=DIRECTION('center_axis',(-1.25392468091809E-12,1.,0.));
#3657=DIRECTION('ref_axis',(-1.,-1.25391760466904E-12,0.));
#3658=DIRECTION('center_axis',(-1.25392468091809E-12,1.,0.));
#3659=DIRECTION('ref_axis',(-1.,-1.25391760466904E-12,0.));
#3660=DIRECTION('center_axis',(0.,-1.,0.));
#3661=DIRECTION('ref_axis',(-1.,0.,0.));
#3662=DIRECTION('center_axis',(1.25392468091809E-12,-1.,0.));
#3663=DIRECTION('ref_axis',(-1.,-1.25391760466994E-12,0.));
#3664=DIRECTION('',(0.,-1.,0.));
#3665=DIRECTION('center_axis',(1.25392468091809E-12,-1.,0.));
#3666=DIRECTION('ref_axis',(-1.,-1.25391760466994E-12,0.));
#3667=DIRECTION('center_axis',(1.25392468091809E-12,-1.,0.));
#3668=DIRECTION('ref_axis',(0.,0.,-1.));
#3669=DIRECTION('center_axis',(-1.,-1.25392468091809E-12,0.));
#3670=DIRECTION('ref_axis',(0.,0.,1.));
#3671=DIRECTION('center_axis',(0.,0.,1.));
#3672=DIRECTION('ref_axis',(0.707106781187005,-0.70710678118609,0.));
#3673=DIRECTION('center_axis',(0.,0.,1.));
#3674=DIRECTION('ref_axis',(1.24344978758018E-12,-1.,0.));
#3675=DIRECTION('',(0.,0.,1.));
#3676=DIRECTION('center_axis',(0.,0.,-1.));
#3677=DIRECTION('ref_axis',(1.,0.,0.));
#3678=DIRECTION('center_axis',(-1.25392468091809E-12,1.,0.));
#3679=DIRECTION('ref_axis',(0.,0.,1.));
#3680=DIRECTION('center_axis',(-1.,-1.27897692442752E-12,0.));
#3681=DIRECTION('ref_axis',(0.,0.,-1.));
#3682=DIRECTION('center_axis',(-1.25392468091809E-12,1.,0.));
#3683=DIRECTION('ref_axis',(-0.707106781186704,-8.8665186304106E-13,0.707106781186391));
#3684=DIRECTION('center_axis',(1.,1.25392468091809E-12,0.));
#3685=DIRECTION('ref_axis',(9.04373256201848E-13,-0.707106781186542,-0.707106781186553));
#3686=DIRECTION('center_axis',(-1.,-1.27897692436818E-12,0.));
#3687=DIRECTION('ref_axis',(0.,0.,-1.));
#3688=DIRECTION('',(1.,1.25392468091809E-12,0.));
#3689=DIRECTION('center_axis',(-1.25392468091809E-12,1.,0.));
#3690=DIRECTION('ref_axis',(0.,0.,1.));
#3691=DIRECTION('center_axis',(0.,0.,1.));
#3692=DIRECTION('ref_axis',(-1.,-1.25427446207025E-12,0.));
#3693=DIRECTION('center_axis',(-1.25392468091809E-12,1.,0.));
#3694=DIRECTION('ref_axis',(0.707106781186395,8.8665186304147E-13,0.7071067811867));
#3695=DIRECTION('center_axis',(0.,0.,-1.));
#3696=DIRECTION('ref_axis',(-0.707106781186075,-0.70710678118702,0.));
#3697=DIRECTION('center_axis',(0.,0.,1.));
#3698=DIRECTION('ref_axis',(-1.,-1.38777878078143E-16,0.));
#3699=DIRECTION('',(0.,0.,-1.));
#3700=DIRECTION('center_axis',(-1.25392468091809E-12,1.,0.));
#3701=DIRECTION('ref_axis',(0.,0.,1.));
#3702=DIRECTION('center_axis',(1.,1.27897692445318E-12,0.));
#3703=DIRECTION('ref_axis',(0.,0.,1.));
#3704=DIRECTION('center_axis',(-1.25392468091809E-12,1.,0.));
#3705=DIRECTION('ref_axis',(0.707106781186391,8.86651863041464E-13,-0.707106781186704));
#3706=DIRECTION('center_axis',(-1.,-1.25392468091809E-12,0.));
#3707=DIRECTION('ref_axis',(9.04373256201848E-13,-0.707106781186542,0.707106781186553));
#3708=DIRECTION('center_axis',(1.,1.20792265079217E-12,0.));
#3709=DIRECTION('ref_axis',(0.,0.,1.));
#3710=DIRECTION('',(-1.,-1.25392468091809E-12,0.));
#3711=DIRECTION('center_axis',(-1.25392468091809E-12,1.,0.));
#3712=DIRECTION('ref_axis',(0.,0.,1.));
#3713=DIRECTION('center_axis',(-1.25392468091809E-12,1.,0.));
#3714=DIRECTION('ref_axis',(-0.707106781186709,-8.86651863041065E-13,-0.707106781186386));
#3715=DIRECTION('center_axis',(0.,-1.,0.));
#3716=DIRECTION('ref_axis',(0.,0.,1.));
#3717=DIRECTION('',(0.,-1.,0.));
#3718=DIRECTION('center_axis',(1.25392468091809E-12,-1.,0.));
#3719=DIRECTION('ref_axis',(0.707106781186709,8.86651863041076E-13,0.707106781186386));
#3720=DIRECTION('',(0.,-1.,0.));
#3721=DIRECTION('center_axis',(0.,0.,1.));
#3722=DIRECTION('ref_axis',(-1.,0.,0.));
#3723=DIRECTION('',(0.,-1.,0.));
#3724=DIRECTION('',(-1.,-1.25392468091809E-12,0.));
#3725=DIRECTION('center_axis',(0.,-1.,0.));
#3726=DIRECTION('ref_axis',(-1.,0.,0.));
#3727=DIRECTION('',(0.,-1.,0.));
#3728=DIRECTION('center_axis',(1.25392468091809E-12,-1.,0.));
#3729=DIRECTION('ref_axis',(-0.707106781186391,-8.86651863041453E-13,0.707106781186704));
#3730=DIRECTION('center_axis',(-1.,0.,0.));
#3731=DIRECTION('ref_axis',(0.,0.,-1.));
#3732=DIRECTION('',(0.,-1.,0.));
#3733=DIRECTION('',(0.,0.,-1.));
#3734=DIRECTION('center_axis',(0.,0.,1.));
#3735=DIRECTION('ref_axis',(-0.70710678118698,0.707106781186115,0.));
#3736=DIRECTION('center_axis',(0.,0.,1.));
#3737=DIRECTION('ref_axis',(-1.27897692436818E-12,1.,0.));
#3738=DIRECTION('',(0.,0.,1.));
#3739=DIRECTION('center_axis',(0.,0.,-1.));
#3740=DIRECTION('ref_axis',(-1.,0.,0.));
#3741=DIRECTION('center_axis',(1.25392468091809E-12,-1.,0.));
#3742=DIRECTION('ref_axis',(0.,0.,-1.));
#3743=DIRECTION('center_axis',(1.,1.27897692428318E-12,0.));
#3744=DIRECTION('ref_axis',(0.,0.,-1.));
#3745=DIRECTION('center_axis',(-1.,-1.25392468091809E-12,0.));
#3746=DIRECTION('ref_axis',(-9.04373256201848E-13,0.707106781186543,-0.707106781186552));
#3747=DIRECTION('center_axis',(1.,1.27897692436818E-12,0.));
#3748=DIRECTION('ref_axis',(0.,0.,-1.));
#3749=DIRECTION('center_axis',(1.25392468091809E-12,-1.,0.));
#3750=DIRECTION('ref_axis',(0.,0.,-1.));
#3751=DIRECTION('center_axis',(0.,0.,1.));
#3752=DIRECTION('ref_axis',(1.,1.25455201782645E-12,0.));
#3753=DIRECTION('center_axis',(0.,0.,-1.));
#3754=DIRECTION('ref_axis',(0.7071067811861,0.707106781186995,0.));
#3755=DIRECTION('center_axis',(0.,0.,1.));
#3756=DIRECTION('ref_axis',(1.,0.,0.));
#3757=DIRECTION('center_axis',(1.25392468091809E-12,-1.,0.));
#3758=DIRECTION('ref_axis',(0.,0.,-1.));
#3759=DIRECTION('center_axis',(-1.,-1.27897692430884E-12,0.));
#3760=DIRECTION('ref_axis',(0.,0.,1.));
#3761=DIRECTION('center_axis',(1.25392468091809E-12,-1.,0.));
#3762=DIRECTION('ref_axis',(-0.707106781186395,-8.86651863041458E-13,-0.7071067811867));
#3763=DIRECTION('center_axis',(1.,1.25392468091809E-12,0.));
#3764=DIRECTION('ref_axis',(-9.04373256201849E-13,0.707106781186542,0.707106781186553));
#3765=DIRECTION('center_axis',(-1.,-1.20792265079217E-12,-1.3410635388757E-27));
#3766=DIRECTION('ref_axis',(0.,-1.11022302462514E-15,1.));
#3767=DIRECTION('',(1.,1.25392468091809E-12,0.));
#3768=DIRECTION('center_axis',(1.25392468091809E-12,-1.,0.));
#3769=DIRECTION('ref_axis',(0.,0.,-1.));
#3770=DIRECTION('center_axis',(1.25392468091809E-12,-1.,0.));
#3771=DIRECTION('ref_axis',(0.707106781186704,8.86651863041071E-13,-0.707106781186391));
#3772=DIRECTION('center_axis',(1.,0.,0.));
#3773=DIRECTION('ref_axis',(0.,0.,1.));
#3774=DIRECTION('',(0.,-1.,0.));
#3775=DIRECTION('center_axis',(2.53765262771464E-15,3.18202526148804E-27,
1.));
#3776=DIRECTION('ref_axis',(0.70710678118703,-0.707106781186065,0.));
#3777=DIRECTION('center_axis',(0.,0.,1.));
#3778=DIRECTION('ref_axis',(1.27897692436818E-12,-1.,0.));
#3779=DIRECTION('',(2.53765262771464E-15,3.18202526148804E-27,1.));
#3780=DIRECTION('center_axis',(0.,0.,-1.));
#3781=DIRECTION('ref_axis',(1.,0.,0.));
#3782=DIRECTION('center_axis',(-1.25392468091809E-12,1.,0.));
#3783=DIRECTION('ref_axis',(0.,0.,1.));
#3784=DIRECTION('center_axis',(-1.,-1.2789769247611E-12,0.));
#3785=DIRECTION('ref_axis',(0.,0.,-1.));
#3786=DIRECTION('center_axis',(-1.25392468091809E-12,1.,0.));
#3787=DIRECTION('ref_axis',(-0.707106781186704,-8.86651863041093E-13,0.707106781186391));
#3788=DIRECTION('center_axis',(1.,1.25392468091809E-12,0.));
#3789=DIRECTION('ref_axis',(9.04373256201848E-13,-0.707106781186542,-0.707106781186553));
#3790=DIRECTION('center_axis',(-1.,-1.27897692436818E-12,0.));
#3791=DIRECTION('ref_axis',(0.,0.,-1.));
#3792=DIRECTION('',(1.,1.25392468091809E-12,0.));
#3793=DIRECTION('center_axis',(-1.25392468091809E-12,1.,0.));
#3794=DIRECTION('ref_axis',(0.,0.,1.));
#3795=DIRECTION('center_axis',(0.,0.,1.));
#3796=DIRECTION('ref_axis',(-1.,-1.25427446207034E-12,0.));
#3797=DIRECTION('center_axis',(-1.25392468091809E-12,1.,0.));
#3798=DIRECTION('ref_axis',(0.707106781186391,8.86651863041464E-13,0.707106781186704));
#3799=DIRECTION('center_axis',(0.,0.,-1.));
#3800=DIRECTION('ref_axis',(-0.707106781186075,-0.70710678118702,0.));
#3801=DIRECTION('center_axis',(0.,0.,1.));
#3802=DIRECTION('ref_axis',(-1.,-1.38777878078143E-16,0.));
#3803=DIRECTION('',(0.,0.,-1.));
#3804=DIRECTION('center_axis',(-1.25392468091809E-12,1.,0.));
#3805=DIRECTION('ref_axis',(0.,0.,1.));
#3806=DIRECTION('center_axis',(1.,1.27897692478676E-12,0.));
#3807=DIRECTION('ref_axis',(0.,0.,1.));
#3808=DIRECTION('center_axis',(-1.25392468091809E-12,1.,0.));
#3809=DIRECTION('ref_axis',(0.707106781186391,8.86651863041464E-13,-0.707106781186704));
#3810=DIRECTION('center_axis',(-1.,-1.25392468091809E-12,-2.22044604925031E-15));
#3811=DIRECTION('ref_axis',(9.04373256201848E-13,-0.707106781186542,0.707106781186553));
#3812=DIRECTION('center_axis',(1.,1.27897692436818E-12,-7.09974814698913E-28));
#3813=DIRECTION('ref_axis',(0.,5.5511151231258E-16,1.));
#3814=DIRECTION('',(-1.,-1.25392468091809E-12,-2.22044604925031E-15));
#3815=DIRECTION('center_axis',(-1.25392468091809E-12,1.,0.));
#3816=DIRECTION('ref_axis',(0.,0.,1.));
#3817=DIRECTION('center_axis',(-1.25392468091809E-12,1.,0.));
#3818=DIRECTION('ref_axis',(-0.707106781186706,-8.86651863041073E-13,-0.707106781186389));
#3819=DIRECTION('center_axis',(0.,-1.,0.));
#3820=DIRECTION('ref_axis',(0.,0.,1.));
#3821=DIRECTION('',(0.,-1.,0.));
#3822=DIRECTION('center_axis',(1.25392468091809E-12,-1.,0.));
#3823=DIRECTION('ref_axis',(0.707106781186704,8.86651863041071E-13,0.707106781186391));
#3824=DIRECTION('',(0.,-1.,0.));
#3825=DIRECTION('center_axis',(0.,0.,1.));
#3826=DIRECTION('ref_axis',(-1.,0.,0.));
#3827=DIRECTION('',(0.,-1.,0.));
#3828=DIRECTION('',(-1.,-1.25392468091809E-12,0.));
#3829=DIRECTION('center_axis',(0.,-1.,0.));
#3830=DIRECTION('ref_axis',(-1.,0.,-8.88178419700144E-15));
#3831=DIRECTION('',(0.,-1.,0.));
#3832=DIRECTION('center_axis',(1.25392468091809E-12,-1.,0.));
#3833=DIRECTION('ref_axis',(-0.707106781186391,-8.86651863041486E-13,0.707106781186704));
#3834=DIRECTION('center_axis',(-1.,0.,2.53765262771464E-15));
#3835=DIRECTION('ref_axis',(-2.53765262771464E-15,0.,-1.));
#3836=DIRECTION('',(0.,-1.,0.));
#3837=DIRECTION('',(-2.53765262771464E-15,-3.18202526148804E-27,-1.));
#3838=DIRECTION('center_axis',(0.,0.,1.));
#3839=DIRECTION('ref_axis',(-0.707106781186979,0.707106781186116,0.));
#3840=DIRECTION('center_axis',(0.,0.,1.));
#3841=DIRECTION('ref_axis',(-1.27897692436818E-12,1.,0.));
#3842=DIRECTION('',(0.,0.,1.));
#3843=DIRECTION('center_axis',(0.,0.,-1.));
#3844=DIRECTION('ref_axis',(-1.,0.,0.));
#3845=DIRECTION('center_axis',(1.25392468091809E-12,-1.,0.));
#3846=DIRECTION('ref_axis',(0.,0.,-1.));
#3847=DIRECTION('center_axis',(1.,1.2789769239496E-12,0.));
#3848=DIRECTION('ref_axis',(0.,0.,-1.));
#3849=DIRECTION('center_axis',(-1.,-1.25392468091809E-12,0.));
#3850=DIRECTION('ref_axis',(-9.04373256201849E-13,0.707106781186542,-0.707106781186553));
#3851=DIRECTION('center_axis',(1.,1.27897692436818E-12,0.));
#3852=DIRECTION('ref_axis',(0.,0.,-1.));
#3853=DIRECTION('center_axis',(1.25392468091809E-12,-1.,0.));
#3854=DIRECTION('ref_axis',(0.,0.,-1.));
#3855=DIRECTION('center_axis',(0.,0.,1.));
#3856=DIRECTION('ref_axis',(1.,1.2545520178265E-12,0.));
#3857=DIRECTION('center_axis',(-2.53765262771464E-15,-3.18202526148804E-27,
-1.));
#3858=DIRECTION('ref_axis',(0.707106781186125,0.70710678118697,0.));
#3859=DIRECTION('center_axis',(0.,0.,1.));
#3860=DIRECTION('ref_axis',(1.,0.,0.));
#3861=DIRECTION('center_axis',(1.25392468091809E-12,-1.,0.));
#3862=DIRECTION('ref_axis',(0.,0.,-1.));
#3863=DIRECTION('center_axis',(-1.,-1.27897692397526E-12,0.));
#3864=DIRECTION('ref_axis',(0.,0.,1.));
#3865=DIRECTION('center_axis',(1.25392468091809E-12,-1.,0.));
#3866=DIRECTION('ref_axis',(-0.707106781186393,-8.86651863041467E-13,-0.707106781186702));
#3867=DIRECTION('center_axis',(1.,1.25392468091809E-12,2.22044604925031E-15));
#3868=DIRECTION('ref_axis',(-9.04373256201848E-13,0.707106781186543,0.707106781186552));
#3869=DIRECTION('center_axis',(-1.,-1.27897692436818E-12,0.));
#3870=DIRECTION('ref_axis',(0.,0.,1.));
#3871=DIRECTION('',(1.,1.25392468091809E-12,2.22044604925031E-15));
#3872=DIRECTION('center_axis',(1.25392468091809E-12,-1.,0.));
#3873=DIRECTION('ref_axis',(0.,0.,-1.));
#3874=DIRECTION('center_axis',(1.25392468091809E-12,-1.,0.));
#3875=DIRECTION('ref_axis',(0.707106781186704,8.86651863041071E-13,-0.707106781186391));
#3876=DIRECTION('center_axis',(1.,0.,0.));
#3877=DIRECTION('ref_axis',(0.,0.,1.));
#3878=DIRECTION('',(0.,-1.,0.));
#3879=DIRECTION('center_axis',(0.,0.,1.));
#3880=DIRECTION('ref_axis',(1.25392468091809E-12,-1.,0.));
#3881=DIRECTION('center_axis',(0.,-1.,0.));
#3882=DIRECTION('ref_axis',(1.,0.,0.));
#3883=DIRECTION('',(0.,-1.,0.));
#3884=DIRECTION('center_axis',(0.,0.,-1.));
#3885=DIRECTION('ref_axis',(1.,0.,0.));
#3886=DIRECTION('',(0.,-1.,0.));
#3887=DIRECTION('center_axis',(0.,-1.,0.));
#3888=DIRECTION('ref_axis',(-1.77635683940026E-14,0.,-1.));
#3889=DIRECTION('center_axis',(1.,0.,8.44004466551018E-12));
#3890=DIRECTION('ref_axis',(-8.44004466551018E-12,0.,1.));
#3891=DIRECTION('',(0.,-1.,0.));
#3892=DIRECTION('',(0.,-1.,0.));
#3893=DIRECTION('center_axis',(0.,-1.,0.));
#3894=DIRECTION('ref_axis',(1.,0.,8.42736733110636E-12));
#3895=DIRECTION('',(0.,-1.,0.));
#3896=DIRECTION('center_axis',(-1.,0.,9.90624396152309E-12));
#3897=DIRECTION('ref_axis',(-9.90624396152309E-12,0.,-1.));
#3898=DIRECTION('',(0.,-1.,0.));
#3899=DIRECTION('center_axis',(0.,-1.,0.));
#3900=DIRECTION('ref_axis',(-1.,0.,1.13356352729043E-11));
#3901=DIRECTION('center_axis',(0.,-1.,0.));
#3902=DIRECTION('ref_axis',(-1.44558487242481E-12,0.,1.));
#3903=DIRECTION('',(0.,-1.,0.));
#3904=DIRECTION('',(0.,-1.,0.));
#3905=DIRECTION('center_axis',(1.,0.,-8.44004466551018E-12));
#3906=DIRECTION('ref_axis',(8.44004466551018E-12,0.,1.));
#3907=DIRECTION('',(0.,-1.,0.));
#3908=DIRECTION('center_axis',(0.,-1.,0.));
#3909=DIRECTION('ref_axis',(1.,0.,-8.44389158083785E-12));
#3910=DIRECTION('',(0.,-1.,0.));
#3911=DIRECTION('center_axis',(-1.,0.,-9.90624396152309E-12));
#3912=DIRECTION('ref_axis',(9.90624396152309E-12,0.,-1.));
#3913=DIRECTION('center_axis',(0.,-1.,0.));
#3914=DIRECTION('ref_axis',(-1.,0.,0.));
#3915=DIRECTION('',(0.,-1.,0.));
#3916=DIRECTION('center_axis',(2.22044604925031E-15,0.,-1.));
#3917=DIRECTION('ref_axis',(1.,0.,2.22044604925031E-15));
#3918=DIRECTION('',(0.,-1.,0.));
#3919=DIRECTION('',(0.,-1.,0.));
#3920=DIRECTION('center_axis',(0.,-1.,0.));
#3921=DIRECTION('ref_axis',(0.,0.,-1.));
#3922=DIRECTION('center_axis',(0.,-1.,0.));
#3923=DIRECTION('ref_axis',(1.,0.,0.));
#3924=DIRECTION('center_axis',(0.,1.,0.));
#3925=DIRECTION('ref_axis',(1.,0.,0.));
#3926=DIRECTION('',(0.,1.,0.));
#3927=DIRECTION('center_axis',(0.,-1.,0.));
#3928=DIRECTION('ref_axis',(-1.,0.,0.));
#3929=DIRECTION('',(0.,-1.,0.));
#3930=DIRECTION('center_axis',(0.,-1.,0.));
#3931=DIRECTION('ref_axis',(-1.,0.,0.));
#3932=DIRECTION('',(0.,-1.,0.));
#3933=DIRECTION('center_axis',(0.,-1.,0.));
#3934=DIRECTION('ref_axis',(-1.,0.,0.));
#3935=DIRECTION('',(0.,-1.,0.));
#3936=DIRECTION('center_axis',(0.,-1.,0.));
#3937=DIRECTION('ref_axis',(-1.,0.,0.));
#3938=DIRECTION('',(0.,-1.,0.));
#3939=DIRECTION('center_axis',(0.,-1.,0.));
#3940=DIRECTION('ref_axis',(-1.,0.,0.));
#3941=DIRECTION('',(0.,-1.,0.));
#3942=DIRECTION('center_axis',(0.,-1.,0.));
#3943=DIRECTION('ref_axis',(-1.,0.,0.));
#3944=DIRECTION('',(0.,-1.,0.));
#3945=DIRECTION('center_axis',(0.,-1.,0.));
#3946=DIRECTION('ref_axis',(-1.,0.,0.));
#3947=DIRECTION('',(0.,-1.,0.));
#3948=DIRECTION('center_axis',(0.,-1.,0.));
#3949=DIRECTION('ref_axis',(-1.,0.,0.));
#3950=DIRECTION('',(0.,-1.,0.));
#3951=DIRECTION('center_axis',(0.,-1.,0.));
#3952=DIRECTION('ref_axis',(-1.,0.,0.));
#3953=DIRECTION('',(0.,-1.,0.));
#3954=DIRECTION('center_axis',(0.,-1.,0.));
#3955=DIRECTION('ref_axis',(-1.,0.,0.));
#3956=DIRECTION('',(0.,-1.,0.));
#3957=DIRECTION('center_axis',(0.,-1.,0.));
#3958=DIRECTION('ref_axis',(-1.,0.,0.));
#3959=DIRECTION('',(0.,-1.,0.));
#3960=DIRECTION('center_axis',(0.,-1.,0.));
#3961=DIRECTION('ref_axis',(-1.,0.,0.));
#3962=DIRECTION('',(0.,-1.,0.));
#3963=DIRECTION('center_axis',(0.,-1.,0.));
#3964=DIRECTION('ref_axis',(-1.,0.,0.));
#3965=DIRECTION('',(0.,-1.,0.));
#3966=DIRECTION('center_axis',(0.,-1.,0.));
#3967=DIRECTION('ref_axis',(-1.,0.,0.));
#3968=DIRECTION('',(0.,-1.,0.));
#3969=DIRECTION('center_axis',(0.,-1.,0.));
#3970=DIRECTION('ref_axis',(-1.,0.,0.));
#3971=DIRECTION('',(0.,-1.,0.));
#3972=DIRECTION('center_axis',(0.,-1.,0.));
#3973=DIRECTION('ref_axis',(-1.,0.,0.));
#3974=DIRECTION('',(0.,-1.,0.));
#3975=DIRECTION('center_axis',(0.,-1.,0.));
#3976=DIRECTION('ref_axis',(-1.,0.,0.));
#3977=DIRECTION('',(0.,-1.,0.));
#3978=DIRECTION('center_axis',(0.,-1.,0.));
#3979=DIRECTION('ref_axis',(-1.,0.,0.));
#3980=DIRECTION('',(0.,-1.,0.));
#3981=DIRECTION('center_axis',(0.,-1.,0.));
#3982=DIRECTION('ref_axis',(-1.,0.,0.));
#3983=DIRECTION('',(0.,-1.,0.));
#3984=CARTESIAN_POINT('',(0.,0.,0.));
#3985=CARTESIAN_POINT('Origin',(274.999999999999,0.500000000344829,10.));
#3986=CARTESIAN_POINT('',(284.999999999999,0.500000000357369,10.));
#3987=CARTESIAN_POINT('',(284.5,3.56741588468538E-10,10.));
#3988=CARTESIAN_POINT('Origin',(284.499999999999,0.500000000356742,10.));
#3989=CARTESIAN_POINT('',(275.,3.44829303999816E-10,0.500000000000002));
#3990=CARTESIAN_POINT('Origin',(275.,3.44829303999816E-10,10.));
#3991=CARTESIAN_POINT('',(274.999999999999,0.500000000344829,0.));
#3992=CARTESIAN_POINT('Origin',(274.999999999999,0.500000000344829,0.500000000000002));
#3993=CARTESIAN_POINT('Origin',(274.999999999999,0.500000000344829,10.));
#3994=CARTESIAN_POINT('Origin',(142.499999999999,0.500000000178684,0.499999999999998));
#3995=CARTESIAN_POINT('',(10.,1.25392693651365E-11,0.499999999999998));
#3996=CARTESIAN_POINT('',(9.99999999999937,0.500000000012539,0.));
#3997=CARTESIAN_POINT('Origin',(9.99999999999938,0.500000000012539,0.499999999999998));
#3998=CARTESIAN_POINT('',(142.499999999999,0.500000000178684,0.));
#3999=CARTESIAN_POINT('',(142.5,1.78684289586784E-10,0.499999999999998));
#4000=CARTESIAN_POINT('Origin',(9.99999999999937,0.500000000012539,10.));
#4001=CARTESIAN_POINT('',(0.499999999999999,6.26990705028891E-13,10.));
#4002=CARTESIAN_POINT('',(-6.29013568846174E-13,0.5,10.));
#4003=CARTESIAN_POINT('Origin',(0.499999999999373,0.500000000000627,10.));
#4004=CARTESIAN_POINT('Origin',(9.99999999999937,0.500000000012539,10.));
#4005=CARTESIAN_POINT('Origin',(10.,1.25392751737508E-11,10.));
#4006=CARTESIAN_POINT('Origin',(0.499999999999368,0.500000000000627,104.8));
#4007=CARTESIAN_POINT('',(0.499999999999995,6.26998453157057E-13,199.6));
#4008=CARTESIAN_POINT('',(-6.29013568846174E-13,0.5,199.6));
#4009=CARTESIAN_POINT('Origin',(0.499999999999368,0.500000000000627,199.6));
#4010=CARTESIAN_POINT('',(-6.2901073238919E-13,0.5,104.8));
#4011=CARTESIAN_POINT('',(0.499999999999995,6.26998453157057E-13,104.8));
#4012=CARTESIAN_POINT('Origin',(9.99999999999937,0.500000000012539,199.6));
#4013=CARTESIAN_POINT('',(10.,1.25392751737508E-11,209.1));
#4014=CARTESIAN_POINT('',(9.99999999999937,0.500000000012539,209.6));
#4015=CARTESIAN_POINT('Origin',(9.99999999999937,0.500000000012539,209.1));
#4016=CARTESIAN_POINT('Origin',(9.99999999999937,0.500000000012539,199.6));
#4017=CARTESIAN_POINT('Origin',(10.,1.25392751737508E-11,199.6));
#4018=CARTESIAN_POINT('Origin',(142.499999999999,0.500000000178684,209.1));
#4019=CARTESIAN_POINT('',(275.,3.44829309808431E-10,209.1));
#4020=CARTESIAN_POINT('',(274.999999999999,0.500000000344829,209.6));
#4021=CARTESIAN_POINT('Origin',(274.999999999999,0.500000000344829,209.1));
#4022=CARTESIAN_POINT('',(142.499999999999,0.500000000178684,209.6));
#4023=CARTESIAN_POINT('',(142.5,1.78684289586784E-10,209.1));
#4024=CARTESIAN_POINT('Origin',(274.999999999999,0.500000000344829,199.6));
#4025=CARTESIAN_POINT('',(284.5,3.56741588468538E-10,199.6));
#4026=CARTESIAN_POINT('',(284.999999999999,0.500000000357369,199.6));
#4027=CARTESIAN_POINT('Origin',(284.499999999999,0.500000000356742,199.6));
#4028=CARTESIAN_POINT('Origin',(274.999999999999,0.500000000344829,199.6));
#4029=CARTESIAN_POINT('Origin',(275.,3.44829303999816E-10,199.6));
#4030=CARTESIAN_POINT('Origin',(284.499999999999,0.500000000356742,104.8));
#4031=CARTESIAN_POINT('',(284.5,3.5674158072041E-10,104.8));
#4032=CARTESIAN_POINT('',(284.999999999999,0.500000000357369,104.8));
#4033=CARTESIAN_POINT('Origin',(142.499999999998,1.50000000017868,209.6));
#4034=CARTESIAN_POINT('',(274.999999999997,2.50000000034483,209.6));
#4035=CARTESIAN_POINT('',(274.999999999998,1.50000000034483,209.6));
#4036=CARTESIAN_POINT('',(9.99999999999686,2.50000000001254,209.6));
#4037=CARTESIAN_POINT('',(142.499999999997,2.50000000017868,209.6));
#4038=CARTESIAN_POINT('',(9.99999999999812,1.50000000001254,209.6));
#4039=CARTESIAN_POINT('Origin',(274.999999999998,1.50000000034483,199.6));
#4040=CARTESIAN_POINT('',(284.999999999997,2.50000000035737,199.6));
#4041=CARTESIAN_POINT('',(284.999999999998,1.50000000035737,199.6));
#4042=CARTESIAN_POINT('Origin',(274.999999999997,2.50000000034483,199.6));
#4043=CARTESIAN_POINT('Origin',(284.999999999998,1.50000000035737,104.8));
#4044=CARTESIAN_POINT('',(284.999999999997,2.50000000035737,10.));
#4045=CARTESIAN_POINT('',(284.999999999998,1.50000000035737,10.));
#4046=CARTESIAN_POINT('',(284.999999999997,2.50000000035737,104.8));
#4047=CARTESIAN_POINT('Origin',(274.999999999998,1.50000000034483,10.));
#4048=CARTESIAN_POINT('',(274.999999999997,2.50000000034483,0.));
#4049=CARTESIAN_POINT('',(274.999999999998,1.50000000034483,0.));
#4050=CARTESIAN_POINT('Origin',(274.999999999997,2.50000000034483,10.));
#4051=CARTESIAN_POINT('Origin',(142.5,1.78684289586784E-10,104.8));
#4052=CARTESIAN_POINT('',(179.347533592754,2.24888302424731E-10,125.603922724295));
#4053=CARTESIAN_POINT('Origin',(179.347533592754,2.24888302424731E-10,127.853922724295));
#4054=CARTESIAN_POINT('',(158.970556950379,1.99337144013434E-10,179.3));
#4055=CARTESIAN_POINT('Origin',(158.970556950379,1.99337144013434E-10,181.55));
#4056=CARTESIAN_POINT('',(109.499999999997,1.37304750902345E-10,162.55));
#4057=CARTESIAN_POINT('Origin',(109.499999999997,1.37304750902345E-10,164.8));
#4058=CARTESIAN_POINT('',(58.3945229867235,7.32223309762858E-11,45.753122874494));
#4059=CARTESIAN_POINT('Origin',(58.3945229867235,7.32223309762858E-11,48.003122874494));
#4060=CARTESIAN_POINT('',(82.9944645314014,1.0406883688141E-10,28.2339962283413));
#4061=CARTESIAN_POINT('Origin',(82.9944645314014,1.0406883688141E-10,30.4839962283413));
#4062=CARTESIAN_POINT('',(139.65362008056,1.75115130729431E-10,28.2339962283412));
#4063=CARTESIAN_POINT('Origin',(139.65362008056,1.75115130729431E-10,30.4839962283412));
#4064=CARTESIAN_POINT('',(168.999999999997,2.11913264713814E-10,52.55));
#4065=CARTESIAN_POINT('Origin',(168.999999999997,2.11913264713814E-10,54.8));
#4066=CARTESIAN_POINT('',(158.499999999997,1.98747060475846E-10,129.853922724295));
#4067=CARTESIAN_POINT('',(158.499999999997,1.98747060475846E-10,115.853922724295));
#4068=CARTESIAN_POINT('',(158.499999999997,1.98747060475846E-10,117.326961362147));
#4069=CARTESIAN_POINT('',(160.999999999997,2.01881913963753E-10,132.353922724295));
#4070=CARTESIAN_POINT('Origin',(160.999999999997,2.01881913963753E-10,129.853922724295));
#4071=CARTESIAN_POINT('',(168.999999999997,2.1191327917246E-10,132.353922724295));
#4072=CARTESIAN_POINT('',(155.75,1.95298777150299E-10,132.353922724295));
#4073=CARTESIAN_POINT('',(171.499999999997,2.1504807641611E-10,129.853922724295));
#4074=CARTESIAN_POINT('Origin',(168.999999999997,2.11913264713814E-10,129.853922724295));
#4075=CARTESIAN_POINT('',(171.499999999997,2.15048118201722E-10,115.853922724295));
#4076=CARTESIAN_POINT('',(171.499999999997,2.15048118201722E-10,110.326961362147));
#4077=CARTESIAN_POINT('',(168.999999999997,2.11913264713814E-10,113.353922724295));
#4078=CARTESIAN_POINT('Origin',(168.999999999997,2.11913264713814E-10,115.853922724295));
#4079=CARTESIAN_POINT('',(160.999999999997,2.01881870379287E-10,113.353922724295));
#4080=CARTESIAN_POINT('',(151.75,1.90283067080799E-10,113.353922724295));
#4081=CARTESIAN_POINT('Origin',(160.999999999997,2.01881913963753E-10,115.853922724295));
#4082=CARTESIAN_POINT('',(208.376320920955,0.,168.74392272427));
#4083=CARTESIAN_POINT('',(208.376320920971,0.,166.853922724313));
#4084=CARTESIAN_POINT('',(208.376320921233,2.61288213287969E-10,135.826961362434));
#4085=CARTESIAN_POINT('',(204.07632092097,0.,166.853922724277));
#4086=CARTESIAN_POINT('Origin',(206.22632092097,1.78684289586784E-10,166.853922724295));
#4087=CARTESIAN_POINT('',(204.076320920985,0.,168.743922724319));
#4088=CARTESIAN_POINT('',(204.076320920669,2.55896415168877E-10,136.771961361855));
#4089=CARTESIAN_POINT('Origin',(206.22632092097,1.78684289586784E-10,168.743922724295));
#4090=CARTESIAN_POINT('',(204.076320920967,0.,110.85392272427));
#4091=CARTESIAN_POINT('',(208.376320920971,0.,110.853922724276));
#4092=CARTESIAN_POINT('Origin',(206.22632092097,1.78684289586784E-10,110.853922724295));
#4093=CARTESIAN_POINT('',(208.376320920955,0.,108.963922724276));
#4094=CARTESIAN_POINT('',(208.376320920937,2.61288213287969E-10,106.88196136186));
#4095=CARTESIAN_POINT('',(204.076320920985,0.,108.96392272427));
#4096=CARTESIAN_POINT('Origin',(206.22632092097,1.78684289586784E-10,108.963922724295));
#4097=CARTESIAN_POINT('',(204.076320920997,2.55896415168877E-10,107.82696136244));
#4098=CARTESIAN_POINT('',(272.149999999996,0.,15.));
#4099=CARTESIAN_POINT('Origin',(269.999999999996,1.78684289586784E-10,15.));
#4100=CARTESIAN_POINT('',(187.684999999996,0.,63.695));
#4101=CARTESIAN_POINT('Origin',(185.694999999996,1.78684289586784E-10,63.695));
#4102=CARTESIAN_POINT('',(17.1499999999962,0.,194.6));
#4103=CARTESIAN_POINT('Origin',(14.9999999999962,1.78684289586784E-10,194.6));
#4104=CARTESIAN_POINT('',(88.5999999999962,0.,150.8));
#4105=CARTESIAN_POINT('Origin',(86.9999999999962,1.78684289586784E-10,150.8));
#4106=CARTESIAN_POINT('',(17.1499999999962,0.,124.8));
#4107=CARTESIAN_POINT('Origin',(14.9999999999962,1.78684289586784E-10,124.8));
#4108=CARTESIAN_POINT('',(88.5999999999962,0.,58.8));
#4109=CARTESIAN_POINT('Origin',(86.9999999999962,1.78684289586784E-10,58.8));
#4110=CARTESIAN_POINT('',(234.364999999996,0.,63.695));
#4111=CARTESIAN_POINT('Origin',(232.374999999996,1.78684289586784E-10,63.695));
#4112=CARTESIAN_POINT('',(184.649999999996,0.,15.));
#4113=CARTESIAN_POINT('Origin',(182.499999999996,1.78684289586784E-10,15.));
#4114=CARTESIAN_POINT('',(272.149999999996,0.,194.6));
#4115=CARTESIAN_POINT('Origin',(269.999999999996,1.78684289586784E-10,194.6));
#4116=CARTESIAN_POINT('',(234.364999999996,0.,90.975));
#4117=CARTESIAN_POINT('Origin',(232.374999999996,1.78684289586784E-10,90.975));
#4118=CARTESIAN_POINT('',(17.1499999999962,0.,15.));
#4119=CARTESIAN_POINT('Origin',(14.9999999999962,1.78684289586784E-10,15.));
#4120=CARTESIAN_POINT('',(104.649999999996,0.,194.6));
#4121=CARTESIAN_POINT('Origin',(102.499999999996,1.78684289586784E-10,194.6));
#4122=CARTESIAN_POINT('',(17.1499999999962,0.,84.8));
#4123=CARTESIAN_POINT('Origin',(14.9999999999962,1.78684289586784E-10,84.8));
#4124=CARTESIAN_POINT('',(146.599999999996,0.,150.8));
#4125=CARTESIAN_POINT('Origin',(144.999999999996,1.78684289586784E-10,150.8));
#4126=CARTESIAN_POINT('',(104.649999999996,0.,15.));
#4127=CARTESIAN_POINT('Origin',(102.499999999996,1.78684289586784E-10,15.));
#4128=CARTESIAN_POINT('',(187.684999999996,0.,90.975));
#4129=CARTESIAN_POINT('Origin',(185.694999999996,1.78684289586784E-10,90.975));
#4130=CARTESIAN_POINT('',(184.649999999996,0.,194.6));
#4131=CARTESIAN_POINT('Origin',(182.499999999996,1.78684289586784E-10,194.6));
#4132=CARTESIAN_POINT('',(262.68961894323,1.78684289586784E-10,35.));
#4133=CARTESIAN_POINT('Origin',(252.00961894323,1.78684289586784E-10,35.));
#4134=CARTESIAN_POINT('',(263.05961894323,1.78684289586784E-10,174.6));
#4135=CARTESIAN_POINT('Origin',(252.00961894323,1.78684289586784E-10,174.6));
#4136=CARTESIAN_POINT('',(33.35,2.25559555340975E-17,104.8));
#4137=CARTESIAN_POINT('Origin',(36.25,1.78684289586784E-10,104.8));
#4138=CARTESIAN_POINT('',(146.599999999996,0.,58.8));
#4139=CARTESIAN_POINT('Origin',(144.999999999996,1.78684289586784E-10,58.8));
#4140=CARTESIAN_POINT('',(262.499999999997,3.29155244727097E-10,84.335));
#4141=CARTESIAN_POINT('',(262.499999999997,3.29155244727097E-10,70.335));
#4142=CARTESIAN_POINT('',(262.499999999997,3.29155244727097E-10,94.5674999999999));
#4143=CARTESIAN_POINT('',(264.999999999997,3.32290028826066E-10,86.835));
#4144=CARTESIAN_POINT('Origin',(264.999999999997,3.32290028826066E-10,84.335));
#4145=CARTESIAN_POINT('',(272.999999999997,3.42321454705826E-10,86.835));
#4146=CARTESIAN_POINT('',(207.75,2.60502869275925E-10,86.835));
#4147=CARTESIAN_POINT('',(275.499999999997,3.45456260667361E-10,84.335));
#4148=CARTESIAN_POINT('Origin',(272.999999999997,3.42321448965066E-10,84.335));
#4149=CARTESIAN_POINT('',(275.499999999997,3.45456302452973E-10,70.335));
#4150=CARTESIAN_POINT('',(275.499999999997,3.45456302452973E-10,87.5675));
#4151=CARTESIAN_POINT('',(272.999999999997,3.42321448965066E-10,67.835));
#4152=CARTESIAN_POINT('Origin',(272.999999999997,3.42321448965066E-10,70.335));
#4153=CARTESIAN_POINT('',(264.999999999997,3.32290045912654E-10,67.835));
#4154=CARTESIAN_POINT('',(203.75,2.55487159206425E-10,67.8349999999999));
#4155=CARTESIAN_POINT('Origin',(264.999999999997,3.32290028826066E-10,70.335));
#4156=CARTESIAN_POINT('',(158.999999999997,1.99374058929003E-10,52.55));
#4157=CARTESIAN_POINT('Origin',(158.999999999997,1.99374058929003E-10,54.8));
#4158=CARTESIAN_POINT('',(139.65362008056,1.75115130729431E-10,38.2339962283412));
#4159=CARTESIAN_POINT('Origin',(139.65362008056,1.75115130729431E-10,40.4839962283412));
#4160=CARTESIAN_POINT('',(82.9944645314014,1.0406883688141E-10,38.2339962283412));
#4161=CARTESIAN_POINT('Origin',(82.9944645314014,1.0406883688141E-10,40.4839962283412));
#4162=CARTESIAN_POINT('',(48.3945229867235,6.06831251914741E-11,45.753122874494));
#4163=CARTESIAN_POINT('Origin',(48.3945229867235,6.06831251914741E-11,48.003122874494));
#4164=CARTESIAN_POINT('',(109.499999999997,1.37304750902345E-10,186.05));
#4165=CARTESIAN_POINT('Origin',(109.499999999997,1.37304750902345E-10,188.3));
#4166=CARTESIAN_POINT('',(158.970556950379,1.99337144013434E-10,169.3));
#4167=CARTESIAN_POINT('Origin',(158.970556950379,1.99337144013434E-10,171.55));
#4168=CARTESIAN_POINT('',(179.347533592754,2.24888302424731E-10,115.603922724295));
#4169=CARTESIAN_POINT('Origin',(179.347533592754,2.24888302424731E-10,117.853922724295));
#4170=CARTESIAN_POINT('Origin',(9.99999999999686,2.50000000001254,10.));
#4171=CARTESIAN_POINT('',(-3.13686293068236E-12,2.5,10.));
#4172=CARTESIAN_POINT('',(0.499999999996238,3.00000000000063,10.));
#4173=CARTESIAN_POINT('Origin',(0.499999999996865,2.50000000000063,10.));
#4174=CARTESIAN_POINT('',(9.99999999999624,3.00000000001254,0.500000000000002));
#4175=CARTESIAN_POINT('Origin',(9.99999999999624,3.00000000001254,10.));
#4176=CARTESIAN_POINT('',(9.99999999999686,2.50000000001254,0.));
#4177=CARTESIAN_POINT('Origin',(9.99999999999686,2.50000000001254,0.500000000000002));
#4178=CARTESIAN_POINT('Origin',(9.99999999999686,2.50000000001254,10.));
#4179=CARTESIAN_POINT('Origin',(142.499999999997,2.50000000017868,0.499999999999998));
#4180=CARTESIAN_POINT('',(274.999999999996,3.00000000034483,0.499999999999998));
#4181=CARTESIAN_POINT('Origin',(274.999999999997,2.50000000034483,0.499999999999998));
#4182=CARTESIAN_POINT('',(142.499999999997,2.50000000017868,0.));
#4183=CARTESIAN_POINT('',(142.499999999996,3.00000000017868,0.499999999999998));
#4184=CARTESIAN_POINT('Origin',(274.999999999997,2.50000000034483,10.));
#4185=CARTESIAN_POINT('',(284.499999999996,3.00000000035674,10.));
#4186=CARTESIAN_POINT('Origin',(284.499999999997,2.50000000035674,10.));
#4187=CARTESIAN_POINT('Origin',(274.999999999996,3.00000000034483,10.));
#4188=CARTESIAN_POINT('Origin',(284.499999999997,2.50000000035674,104.8));
#4189=CARTESIAN_POINT('',(284.499999999996,3.00000000035674,199.6));
#4190=CARTESIAN_POINT('Origin',(284.499999999997,2.50000000035674,199.6));
#4191=CARTESIAN_POINT('',(284.499999999996,3.00000000035674,104.8));
#4192=CARTESIAN_POINT('Origin',(274.999999999997,2.50000000034483,199.6));
#4193=CARTESIAN_POINT('',(274.999999999996,3.00000000034483,209.1));
#4194=CARTESIAN_POINT('Origin',(274.999999999997,2.50000000034483,209.1));
#4195=CARTESIAN_POINT('Origin',(274.999999999996,3.00000000034483,199.6));
#4196=CARTESIAN_POINT('Origin',(142.499999999997,2.50000000017868,209.1));
#4197=CARTESIAN_POINT('',(9.99999999999623,3.00000000001254,209.1));
#4198=CARTESIAN_POINT('Origin',(9.99999999999686,2.50000000001254,209.1));
#4199=CARTESIAN_POINT('',(142.499999999996,3.00000000017868,209.1));
#4200=CARTESIAN_POINT('Origin',(9.99999999999686,2.50000000001254,199.6));
#4201=CARTESIAN_POINT('',(0.499999999996238,3.00000000000063,199.6));
#4202=CARTESIAN_POINT('',(-3.13686293068236E-12,2.5,199.6));
#4203=CARTESIAN_POINT('Origin',(0.499999999996865,2.50000000000063,199.6));
#4204=CARTESIAN_POINT('Origin',(9.99999999999686,2.50000000001254,199.6));
#4205=CARTESIAN_POINT('Origin',(9.99999999999624,3.00000000001254,199.6));
#4206=CARTESIAN_POINT('Origin',(0.499999999996863,2.50000000000063,104.8));
#4207=CARTESIAN_POINT('',(0.499999999996236,3.00000000000063,104.8));
#4208=CARTESIAN_POINT('',(-3.13686576713934E-12,2.5,104.8));
#4209=CARTESIAN_POINT('Origin',(9.99999999999812,1.50000000001254,199.6));
#4210=CARTESIAN_POINT('',(-1.88293824976427E-12,1.5,199.6));
#4211=CARTESIAN_POINT('Origin',(-1.88293824976427E-12,1.5,104.8));
#4212=CARTESIAN_POINT('',(-1.88293824976427E-12,1.5,10.));
#4213=CARTESIAN_POINT('Origin',(9.99999999999812,1.50000000001254,10.));
#4214=CARTESIAN_POINT('',(9.99999999999812,1.50000000001254,0.));
#4215=CARTESIAN_POINT('Origin',(142.499999999996,3.00000000017868,104.8));
#4216=CARTESIAN_POINT('',(179.347533592753,3.00000000022489,130.103922724295));
#4217=CARTESIAN_POINT('Origin',(179.347533592753,3.00000000022489,127.853922724295));
#4218=CARTESIAN_POINT('',(168.999999999996,3.00000000021191,57.05));
#4219=CARTESIAN_POINT('Origin',(168.999999999996,3.00000000021191,54.8));
#4220=CARTESIAN_POINT('',(158.970556950378,3.00000000019934,183.8));
#4221=CARTESIAN_POINT('Origin',(158.970556950378,3.00000000019934,181.55));
#4222=CARTESIAN_POINT('',(109.499999999996,3.00000000013731,167.05));
#4223=CARTESIAN_POINT('Origin',(109.499999999996,3.00000000013731,164.8));
#4224=CARTESIAN_POINT('',(58.3945229867223,3.00000000007322,50.253122874494));
#4225=CARTESIAN_POINT('Origin',(58.3945229867223,3.00000000007322,48.003122874494));
#4226=CARTESIAN_POINT('',(82.9944645314002,3.00000000010407,42.7339962283412));
#4227=CARTESIAN_POINT('Origin',(82.9944645314002,3.00000000010407,40.4839962283412));
#4228=CARTESIAN_POINT('',(139.653620080559,3.00000000017512,42.7339962283412));
#4229=CARTESIAN_POINT('Origin',(139.653620080559,3.00000000017512,40.4839962283412));
#4230=CARTESIAN_POINT('',(171.499999999996,3.00000000021505,129.853922724295));
#4231=CARTESIAN_POINT('',(171.499999999996,3.00000000021505,115.853922724295));
#4232=CARTESIAN_POINT('',(171.499999999996,3.00000000021505,110.326961362147));
#4233=CARTESIAN_POINT('',(168.999999999996,3.00000000021191,132.353922724295));
#4234=CARTESIAN_POINT('Origin',(168.999999999996,3.00000000021191,129.853922724295));
#4235=CARTESIAN_POINT('',(160.999999999996,3.00000000020188,132.353922724295));
#4236=CARTESIAN_POINT('',(155.749999999996,3.0000000001953,132.353922724295));
#4237=CARTESIAN_POINT('',(158.499999999996,3.00000000019875,129.853922724295));
#4238=CARTESIAN_POINT('Origin',(160.999999999996,3.00000000020188,129.853922724295));
#4239=CARTESIAN_POINT('',(158.499999999996,3.00000000019875,115.853922724295));
#4240=CARTESIAN_POINT('',(158.499999999996,3.00000000019875,117.326961362147));
#4241=CARTESIAN_POINT('',(160.999999999996,3.00000000020188,113.353922724295));
#4242=CARTESIAN_POINT('Origin',(160.999999999996,3.00000000020188,115.853922724295));
#4243=CARTESIAN_POINT('',(168.999999999996,3.00000000021191,113.353922724295));
#4244=CARTESIAN_POINT('',(151.749999999996,3.00000000019028,113.353922724295));
#4245=CARTESIAN_POINT('Origin',(168.999999999996,3.00000000021191,115.853922724295));
#4246=CARTESIAN_POINT('',(208.376320920971,3.,166.853922724313));
#4247=CARTESIAN_POINT('',(208.376320920955,3.,168.74392272427));
#4248=CARTESIAN_POINT('',(208.376320921233,3.00000000026129,135.826961362434));
#4249=CARTESIAN_POINT('',(204.076320920985,3.,168.743922724319));
#4250=CARTESIAN_POINT('Origin',(206.22632092097,3.00000000017868,168.743922724295));
#4251=CARTESIAN_POINT('',(204.07632092097,3.,166.853922724277));
#4252=CARTESIAN_POINT('',(204.076320920669,3.0000000002559,136.771961361855));
#4253=CARTESIAN_POINT('Origin',(206.22632092097,3.00000000017868,166.853922724295));
#4254=CARTESIAN_POINT('',(208.376320920971,3.,110.853922724276));
#4255=CARTESIAN_POINT('',(204.076320920967,3.,110.85392272427));
#4256=CARTESIAN_POINT('Origin',(206.22632092097,3.00000000017868,110.853922724295));
#4257=CARTESIAN_POINT('',(204.076320920985,3.,108.96392272427));
#4258=CARTESIAN_POINT('',(204.076320920997,3.0000000002559,107.82696136244));
#4259=CARTESIAN_POINT('',(208.376320920955,3.,108.963922724276));
#4260=CARTESIAN_POINT('Origin',(206.22632092097,3.00000000017868,108.963922724295));
#4261=CARTESIAN_POINT('',(208.376320920937,3.00000000026129,106.88196136186));
#4262=CARTESIAN_POINT('',(272.149999999996,3.,15.));
#4263=CARTESIAN_POINT('Origin',(269.999999999996,3.00000000017868,15.));
#4264=CARTESIAN_POINT('',(187.684999999996,3.,63.695));
#4265=CARTESIAN_POINT('Origin',(185.694999999996,3.00000000017868,63.695));
#4266=CARTESIAN_POINT('',(17.1499999999962,3.,194.6));
#4267=CARTESIAN_POINT('Origin',(14.9999999999962,3.00000000017868,194.6));
#4268=CARTESIAN_POINT('',(88.5999999999962,3.,150.8));
#4269=CARTESIAN_POINT('Origin',(86.9999999999962,3.00000000017868,150.8));
#4270=CARTESIAN_POINT('',(17.1499999999962,3.,124.8));
#4271=CARTESIAN_POINT('Origin',(14.9999999999962,3.00000000017868,124.8));
#4272=CARTESIAN_POINT('',(88.5999999999962,3.,58.8));
#4273=CARTESIAN_POINT('Origin',(86.9999999999962,3.00000000017868,58.8));
#4274=CARTESIAN_POINT('',(234.364999999996,3.,63.695));
#4275=CARTESIAN_POINT('Origin',(232.374999999996,3.00000000017868,63.695));
#4276=CARTESIAN_POINT('',(184.649999999996,3.,15.));
#4277=CARTESIAN_POINT('Origin',(182.499999999996,3.00000000017868,15.));
#4278=CARTESIAN_POINT('',(272.149999999996,3.,194.6));
#4279=CARTESIAN_POINT('Origin',(269.999999999996,3.00000000017868,194.6));
#4280=CARTESIAN_POINT('',(234.364999999996,3.,90.975));
#4281=CARTESIAN_POINT('Origin',(232.374999999996,3.00000000017868,90.975));
#4282=CARTESIAN_POINT('',(17.1499999999962,3.,15.));
#4283=CARTESIAN_POINT('Origin',(14.9999999999962,3.00000000017868,15.));
#4284=CARTESIAN_POINT('',(104.649999999996,3.,194.6));
#4285=CARTESIAN_POINT('Origin',(102.499999999996,3.00000000017868,194.6));
#4286=CARTESIAN_POINT('',(17.1499999999962,3.,84.8));
#4287=CARTESIAN_POINT('Origin',(14.9999999999962,3.00000000017868,84.8));
#4288=CARTESIAN_POINT('',(146.599999999996,3.,150.8));
#4289=CARTESIAN_POINT('Origin',(144.999999999996,3.00000000017868,150.8));
#4290=CARTESIAN_POINT('',(104.649999999996,3.,15.));
#4291=CARTESIAN_POINT('Origin',(102.499999999996,3.00000000017868,15.));
#4292=CARTESIAN_POINT('',(187.684999999996,3.,90.975));
#4293=CARTESIAN_POINT('Origin',(185.694999999996,3.00000000017868,90.975));
#4294=CARTESIAN_POINT('',(184.649999999996,3.,194.6));
#4295=CARTESIAN_POINT('Origin',(182.499999999996,3.00000000017868,194.6));
#4296=CARTESIAN_POINT('',(262.68961894323,3.,35.));
#4297=CARTESIAN_POINT('Origin',(252.00961894323,3.00000000017868,35.));
#4298=CARTESIAN_POINT('',(263.05961894323,3.,174.6));
#4299=CARTESIAN_POINT('Origin',(252.00961894323,3.00000000017868,174.6));
#4300=CARTESIAN_POINT('',(33.35,3.,104.8));
#4301=CARTESIAN_POINT('Origin',(36.25,3.00000000017868,104.8));
#4302=CARTESIAN_POINT('',(146.599999999996,3.,58.8));
#4303=CARTESIAN_POINT('Origin',(144.999999999996,3.00000000017868,58.8));
#4304=CARTESIAN_POINT('',(275.499999999996,3.00000000034546,84.335));
#4305=CARTESIAN_POINT('',(275.499999999996,3.00000000034546,70.335));
#4306=CARTESIAN_POINT('',(275.499999999996,3.00000000034546,87.5675));
#4307=CARTESIAN_POINT('',(272.999999999996,3.00000000034232,86.835));
#4308=CARTESIAN_POINT('Origin',(272.999999999996,3.00000000034232,84.335));
#4309=CARTESIAN_POINT('',(264.999999999996,3.00000000033229,86.835));
#4310=CARTESIAN_POINT('',(207.749999999996,3.0000000002605,86.835));
#4311=CARTESIAN_POINT('',(262.499999999996,3.00000000032915,84.335));
#4312=CARTESIAN_POINT('Origin',(264.999999999996,3.00000000033229,84.335));
#4313=CARTESIAN_POINT('',(262.499999999996,3.00000000032916,70.335));
#4314=CARTESIAN_POINT('',(262.499999999996,3.00000000032916,94.5674999999999));
#4315=CARTESIAN_POINT('',(264.999999999996,3.00000000033229,67.835));
#4316=CARTESIAN_POINT('Origin',(264.999999999996,3.00000000033229,70.335));
#4317=CARTESIAN_POINT('',(272.999999999996,3.00000000034232,67.835));
#4318=CARTESIAN_POINT('',(203.749999999996,3.00000000025549,67.8349999999999));
#4319=CARTESIAN_POINT('Origin',(272.999999999996,3.00000000034232,70.335));
#4320=CARTESIAN_POINT('',(158.999999999996,3.00000000019937,57.05));
#4321=CARTESIAN_POINT('Origin',(158.999999999996,3.00000000019937,54.8));
#4322=CARTESIAN_POINT('',(139.653620080559,3.00000000017512,32.7339962283412));
#4323=CARTESIAN_POINT('Origin',(139.653620080559,3.00000000017512,30.4839962283412));
#4324=CARTESIAN_POINT('',(82.9944645314002,3.00000000010407,32.7339962283413));
#4325=CARTESIAN_POINT('Origin',(82.9944645314002,3.00000000010407,30.4839962283413));
#4326=CARTESIAN_POINT('',(109.499999999996,3.00000000013731,190.55));
#4327=CARTESIAN_POINT('Origin',(109.499999999996,3.00000000013731,188.3));
#4328=CARTESIAN_POINT('',(158.970556950378,3.00000000019934,173.8));
#4329=CARTESIAN_POINT('Origin',(158.970556950378,3.00000000019934,171.55));
#4330=CARTESIAN_POINT('',(48.3945229867223,3.00000000006068,50.253122874494));
#4331=CARTESIAN_POINT('Origin',(48.3945229867223,3.00000000006068,48.003122874494));
#4332=CARTESIAN_POINT('',(179.347533592753,3.00000000022489,120.103922724295));
#4333=CARTESIAN_POINT('Origin',(179.347533592753,3.00000000022489,117.853922724295));
#4334=CARTESIAN_POINT('Origin',(179.347533592753,0.500000000178684,127.853922724295));
#4335=CARTESIAN_POINT('',(179.347533592753,0.500000000178684,126.103922724295));
#4336=CARTESIAN_POINT('Origin',(179.347533592753,0.500000000178684,125.603922724295));
#4337=CARTESIAN_POINT('',(181.097533592753,0.500000000180879,127.853922724295));
#4338=CARTESIAN_POINT('Origin',(179.347533592753,0.500000000178684,127.853922724295));
#4339=CARTESIAN_POINT('Origin',(179.347533592753,0.500000000178684,127.853922724295));
#4340=CARTESIAN_POINT('Origin',(179.347533592753,3.,127.853922724295));
#4341=CARTESIAN_POINT('',(181.097533592753,2.50000000018088,127.853922724295));
#4342=CARTESIAN_POINT('',(179.347533592753,2.50000000017868,129.603922724295));
#4343=CARTESIAN_POINT('Origin',(179.347533592753,2.50000000017868,127.853922724295));
#4344=CARTESIAN_POINT('',(181.097533592753,3.,127.853922724295));
#4345=CARTESIAN_POINT('Origin',(179.347533592753,2.50000000017868,127.853922724295));
#4346=CARTESIAN_POINT('Origin',(179.347533592753,2.50000000017868,127.853922724295));
#4347=CARTESIAN_POINT('Origin',(179.347533592753,2.50000000017868,130.103922724295));
#4348=CARTESIAN_POINT('Origin',(179.347533592753,0.500000000178684,117.853922724295));
#4349=CARTESIAN_POINT('',(179.347533592753,0.500000000178684,116.103922724295));
#4350=CARTESIAN_POINT('Origin',(179.347533592753,0.500000000178684,115.603922724295));
#4351=CARTESIAN_POINT('',(181.097533592753,0.500000000180879,117.853922724295));
#4352=CARTESIAN_POINT('Origin',(179.347533592753,0.500000000178684,117.853922724295));
#4353=CARTESIAN_POINT('Origin',(179.347533592753,0.500000000178684,117.853922724295));
#4354=CARTESIAN_POINT('Origin',(179.347533592753,3.,117.853922724295));
#4355=CARTESIAN_POINT('',(181.097533592753,2.50000000018088,117.853922724295));
#4356=CARTESIAN_POINT('',(179.347533592753,2.50000000017868,119.603922724295));
#4357=CARTESIAN_POINT('Origin',(179.347533592753,2.50000000017868,117.853922724295));
#4358=CARTESIAN_POINT('',(181.097533592753,3.,117.853922724295));
#4359=CARTESIAN_POINT('Origin',(179.347533592753,2.50000000017868,117.853922724295));
#4360=CARTESIAN_POINT('Origin',(179.347533592753,2.50000000017868,117.853922724295));
#4361=CARTESIAN_POINT('Origin',(179.347533592753,2.50000000017868,120.103922724295));
#4362=CARTESIAN_POINT('Origin',(168.999999999996,2.50000000017868,54.8));
#4363=CARTESIAN_POINT('',(168.999999999996,2.50000000017868,56.55));
#4364=CARTESIAN_POINT('Origin',(168.999999999996,2.50000000017868,57.05));
#4365=CARTESIAN_POINT('',(170.749999999996,2.50000000018088,54.8));
#4366=CARTESIAN_POINT('Origin',(168.999999999996,2.50000000017868,54.8));
#4367=CARTESIAN_POINT('Origin',(168.999999999996,2.50000000017868,54.8));
#4368=CARTESIAN_POINT('Origin',(168.999999999996,3.,54.8));
#4369=CARTESIAN_POINT('',(170.749999999996,0.500000000180879,54.8));
#4370=CARTESIAN_POINT('',(170.749999999996,3.,54.8));
#4371=CARTESIAN_POINT('',(168.999999999996,0.500000000178684,53.05));
#4372=CARTESIAN_POINT('Origin',(168.999999999996,0.500000000178684,54.8));
#4373=CARTESIAN_POINT('Origin',(168.999999999996,0.500000000178684,54.8));
#4374=CARTESIAN_POINT('Origin',(48.3945229867229,2.50000000017868,48.003122874494));
#4375=CARTESIAN_POINT('',(48.3945229867229,2.50000000017868,49.753122874494));
#4376=CARTESIAN_POINT('Origin',(48.3945229867229,2.50000000017868,50.253122874494));
#4377=CARTESIAN_POINT('',(50.1445229867229,2.50000000018088,48.003122874494));
#4378=CARTESIAN_POINT('Origin',(48.3945229867229,2.50000000017868,48.003122874494));
#4379=CARTESIAN_POINT('Origin',(48.3945229867229,2.50000000017868,48.003122874494));
#4380=CARTESIAN_POINT('Origin',(48.3945229867229,3.,48.003122874494));
#4381=CARTESIAN_POINT('',(50.1445229867229,0.500000000180879,48.003122874494));
#4382=CARTESIAN_POINT('',(50.1445229867229,3.,48.003122874494));
#4383=CARTESIAN_POINT('',(48.3945229867229,0.500000000178684,46.253122874494));
#4384=CARTESIAN_POINT('Origin',(48.3945229867229,0.500000000178684,48.003122874494));
#4385=CARTESIAN_POINT('Origin',(48.3945229867229,0.500000000178684,48.003122874494));
#4386=CARTESIAN_POINT('Origin',(158.970556950379,2.50000000017868,181.55));
#4387=CARTESIAN_POINT('',(158.970556950379,2.50000000017868,183.3));
#4388=CARTESIAN_POINT('Origin',(158.970556950379,2.50000000017868,183.8));
#4389=CARTESIAN_POINT('',(160.720556950379,2.50000000018088,181.55));
#4390=CARTESIAN_POINT('Origin',(158.970556950379,2.50000000017868,181.55));
#4391=CARTESIAN_POINT('Origin',(158.970556950379,2.50000000017868,181.55));
#4392=CARTESIAN_POINT('Origin',(158.970556950379,3.,181.55));
#4393=CARTESIAN_POINT('',(160.720556950379,0.500000000180879,181.55));
#4394=CARTESIAN_POINT('',(160.720556950379,3.,181.55));
#4395=CARTESIAN_POINT('',(158.970556950379,0.500000000178684,179.8));
#4396=CARTESIAN_POINT('Origin',(158.970556950379,0.500000000178684,181.55));
#4397=CARTESIAN_POINT('Origin',(158.970556950379,0.500000000178684,181.55));
#4398=CARTESIAN_POINT('Origin',(158.970556950379,0.500000000178684,181.55));
#4399=CARTESIAN_POINT('Origin',(158.970556950379,0.500000000178684,179.3));
#4400=CARTESIAN_POINT('Origin',(158.970556950379,0.500000000178684,171.55));
#4401=CARTESIAN_POINT('',(158.970556950379,0.500000000178684,169.8));
#4402=CARTESIAN_POINT('Origin',(158.970556950379,0.500000000178684,169.3));
#4403=CARTESIAN_POINT('',(160.720556950379,0.500000000180879,171.55));
#4404=CARTESIAN_POINT('Origin',(158.970556950379,0.500000000178684,171.55));
#4405=CARTESIAN_POINT('Origin',(158.970556950379,0.500000000178684,171.55));
#4406=CARTESIAN_POINT('Origin',(158.970556950379,3.,171.55));
#4407=CARTESIAN_POINT('',(160.720556950379,2.50000000018088,171.55));
#4408=CARTESIAN_POINT('',(158.970556950379,2.50000000017868,173.3));
#4409=CARTESIAN_POINT('Origin',(158.970556950379,2.50000000017868,171.55));
#4410=CARTESIAN_POINT('',(160.720556950379,3.,171.55));
#4411=CARTESIAN_POINT('Origin',(158.970556950379,2.50000000017868,171.55));
#4412=CARTESIAN_POINT('Origin',(158.970556950379,2.50000000017868,171.55));
#4413=CARTESIAN_POINT('Origin',(158.970556950379,2.50000000017868,173.8));
#4414=CARTESIAN_POINT('Origin',(109.499999999996,2.50000000017868,164.8));
#4415=CARTESIAN_POINT('',(109.499999999996,2.50000000017868,166.55));
#4416=CARTESIAN_POINT('Origin',(109.499999999996,2.50000000017868,167.05));
#4417=CARTESIAN_POINT('',(111.249999999996,2.50000000018088,164.8));
#4418=CARTESIAN_POINT('Origin',(109.499999999996,2.50000000017868,164.8));
#4419=CARTESIAN_POINT('Origin',(109.499999999996,2.50000000017868,164.8));
#4420=CARTESIAN_POINT('Origin',(109.499999999996,3.,164.8));
#4421=CARTESIAN_POINT('',(111.249999999996,0.500000000180879,164.8));
#4422=CARTESIAN_POINT('',(111.249999999996,3.,164.8));
#4423=CARTESIAN_POINT('',(109.499999999996,0.500000000178684,163.05));
#4424=CARTESIAN_POINT('Origin',(109.499999999996,0.500000000178684,164.8));
#4425=CARTESIAN_POINT('Origin',(109.499999999996,0.500000000178684,164.8));
#4426=CARTESIAN_POINT('Origin',(109.499999999996,0.500000000178684,164.8));
#4427=CARTESIAN_POINT('Origin',(109.499999999996,0.500000000178684,162.55));
#4428=CARTESIAN_POINT('Origin',(109.499999999996,0.500000000178684,188.3));
#4429=CARTESIAN_POINT('',(109.499999999996,0.500000000178684,186.55));
#4430=CARTESIAN_POINT('Origin',(109.499999999996,0.500000000178684,186.05));
#4431=CARTESIAN_POINT('',(111.249999999996,0.500000000180879,188.3));
#4432=CARTESIAN_POINT('Origin',(109.499999999996,0.500000000178684,188.3));
#4433=CARTESIAN_POINT('Origin',(109.499999999996,0.500000000178684,188.3));
#4434=CARTESIAN_POINT('Origin',(109.499999999996,3.,188.3));
#4435=CARTESIAN_POINT('',(111.249999999996,2.50000000018088,188.3));
#4436=CARTESIAN_POINT('',(109.499999999996,2.50000000017868,190.05));
#4437=CARTESIAN_POINT('Origin',(109.499999999996,2.50000000017868,188.3));
#4438=CARTESIAN_POINT('',(111.249999999996,3.,188.3));
#4439=CARTESIAN_POINT('Origin',(109.499999999996,2.50000000017868,188.3));
#4440=CARTESIAN_POINT('Origin',(109.499999999996,2.50000000017868,188.3));
#4441=CARTESIAN_POINT('Origin',(109.499999999996,2.50000000017868,190.55));
#4442=CARTESIAN_POINT('Origin',(58.3945229867229,2.50000000017868,48.003122874494));
#4443=CARTESIAN_POINT('',(58.3945229867229,2.50000000017868,49.753122874494));
#4444=CARTESIAN_POINT('Origin',(58.3945229867229,2.50000000017868,50.253122874494));
#4445=CARTESIAN_POINT('',(60.1445229867229,2.50000000018088,48.003122874494));
#4446=CARTESIAN_POINT('Origin',(58.3945229867229,2.50000000017868,48.003122874494));
#4447=CARTESIAN_POINT('Origin',(58.3945229867229,2.50000000017868,48.003122874494));
#4448=CARTESIAN_POINT('Origin',(58.3945229867229,3.,48.003122874494));
#4449=CARTESIAN_POINT('',(60.1445229867229,0.500000000180879,48.003122874494));
#4450=CARTESIAN_POINT('',(60.1445229867229,3.,48.003122874494));
#4451=CARTESIAN_POINT('',(58.3945229867229,0.500000000178684,46.253122874494));
#4452=CARTESIAN_POINT('Origin',(58.3945229867229,0.500000000178684,48.003122874494));
#4453=CARTESIAN_POINT('Origin',(58.3945229867229,0.500000000178684,48.003122874494));
#4454=CARTESIAN_POINT('Origin',(58.3945229867229,0.500000000178684,48.003122874494));
#4455=CARTESIAN_POINT('Origin',(58.3945229867229,0.500000000178684,45.753122874494));
#4456=CARTESIAN_POINT('Origin',(48.3945229867229,0.500000000178684,48.003122874494));
#4457=CARTESIAN_POINT('Origin',(48.3945229867229,0.500000000178684,45.753122874494));
#4458=CARTESIAN_POINT('Origin',(82.9944645314008,2.50000000017868,30.4839962283413));
#4459=CARTESIAN_POINT('',(82.9944645314008,2.50000000017868,32.2339962283413));
#4460=CARTESIAN_POINT('Origin',(82.9944645314008,2.50000000017868,32.7339962283413));
#4461=CARTESIAN_POINT('',(84.7444645314008,2.50000000018088,30.4839962283413));
#4462=CARTESIAN_POINT('Origin',(82.9944645314008,2.50000000017868,30.4839962283413));
#4463=CARTESIAN_POINT('Origin',(82.9944645314008,2.50000000017868,30.4839962283413));
#4464=CARTESIAN_POINT('Origin',(82.9944645314008,3.,30.4839962283413));
#4465=CARTESIAN_POINT('',(84.7444645314008,0.500000000180879,30.4839962283413));
#4466=CARTESIAN_POINT('',(84.7444645314008,3.,30.4839962283413));
#4467=CARTESIAN_POINT('',(82.9944645314008,0.500000000178684,28.7339962283413));
#4468=CARTESIAN_POINT('Origin',(82.9944645314008,0.500000000178684,30.4839962283413));
#4469=CARTESIAN_POINT('Origin',(82.9944645314008,0.500000000178684,30.4839962283413));
#4470=CARTESIAN_POINT('Origin',(82.9944645314008,0.500000000178684,30.4839962283413));
#4471=CARTESIAN_POINT('Origin',(82.9944645314008,0.500000000178684,28.2339962283413));
#4472=CARTESIAN_POINT('Origin',(82.9944645314008,2.50000000017868,40.4839962283412));
#4473=CARTESIAN_POINT('',(82.9944645314008,2.50000000017868,42.2339962283412));
#4474=CARTESIAN_POINT('Origin',(82.9944645314008,2.50000000017868,42.7339962283412));
#4475=CARTESIAN_POINT('',(84.7444645314008,2.50000000018088,40.4839962283412));
#4476=CARTESIAN_POINT('Origin',(82.9944645314008,2.50000000017868,40.4839962283412));
#4477=CARTESIAN_POINT('Origin',(82.9944645314008,2.50000000017868,40.4839962283412));
#4478=CARTESIAN_POINT('Origin',(82.9944645314008,3.,40.4839962283412));
#4479=CARTESIAN_POINT('',(84.7444645314008,0.500000000180879,40.4839962283412));
#4480=CARTESIAN_POINT('',(84.7444645314008,3.,40.4839962283412));
#4481=CARTESIAN_POINT('',(82.9944645314008,0.500000000178684,38.7339962283412));
#4482=CARTESIAN_POINT('Origin',(82.9944645314008,0.500000000178684,40.4839962283412));
#4483=CARTESIAN_POINT('Origin',(82.9944645314008,0.500000000178684,40.4839962283412));
#4484=CARTESIAN_POINT('Origin',(82.9944645314008,0.500000000178684,40.4839962283412));
#4485=CARTESIAN_POINT('Origin',(82.9944645314008,0.500000000178684,38.2339962283412));
#4486=CARTESIAN_POINT('Origin',(139.65362008056,0.500000000178684,30.4839962283412));
#4487=CARTESIAN_POINT('',(139.65362008056,0.500000000178684,28.7339962283412));
#4488=CARTESIAN_POINT('Origin',(139.65362008056,0.500000000178684,28.2339962283412));
#4489=CARTESIAN_POINT('',(141.40362008056,0.500000000180879,30.4839962283412));
#4490=CARTESIAN_POINT('Origin',(139.65362008056,0.500000000178684,30.4839962283412));
#4491=CARTESIAN_POINT('Origin',(139.65362008056,0.500000000178684,30.4839962283412));
#4492=CARTESIAN_POINT('Origin',(139.65362008056,3.,30.4839962283412));
#4493=CARTESIAN_POINT('',(141.40362008056,2.50000000018088,30.4839962283412));
#4494=CARTESIAN_POINT('',(139.65362008056,2.50000000017868,32.2339962283412));
#4495=CARTESIAN_POINT('Origin',(139.65362008056,2.50000000017868,30.4839962283412));
#4496=CARTESIAN_POINT('',(141.40362008056,3.,30.4839962283412));
#4497=CARTESIAN_POINT('Origin',(139.65362008056,2.50000000017868,30.4839962283412));
#4498=CARTESIAN_POINT('Origin',(139.65362008056,2.50000000017868,30.4839962283412));
#4499=CARTESIAN_POINT('Origin',(139.65362008056,2.50000000017868,32.7339962283412));
#4500=CARTESIAN_POINT('Origin',(139.65362008056,0.500000000178684,40.4839962283412));
#4501=CARTESIAN_POINT('',(139.65362008056,0.500000000178684,38.7339962283412));
#4502=CARTESIAN_POINT('Origin',(139.65362008056,0.500000000178684,38.2339962283412));
#4503=CARTESIAN_POINT('',(141.40362008056,0.500000000180879,40.4839962283412));
#4504=CARTESIAN_POINT('Origin',(139.65362008056,0.500000000178684,40.4839962283412));
#4505=CARTESIAN_POINT('Origin',(139.65362008056,0.500000000178684,40.4839962283412));
#4506=CARTESIAN_POINT('Origin',(139.65362008056,3.,40.4839962283412));
#4507=CARTESIAN_POINT('',(141.40362008056,2.50000000018088,40.4839962283412));
#4508=CARTESIAN_POINT('',(139.65362008056,2.50000000017868,42.2339962283412));
#4509=CARTESIAN_POINT('Origin',(139.65362008056,2.50000000017868,40.4839962283412));
#4510=CARTESIAN_POINT('',(141.40362008056,3.,40.4839962283412));
#4511=CARTESIAN_POINT('Origin',(139.65362008056,2.50000000017868,40.4839962283412));
#4512=CARTESIAN_POINT('Origin',(139.65362008056,2.50000000017868,40.4839962283412));
#4513=CARTESIAN_POINT('Origin',(139.65362008056,2.50000000017868,42.7339962283412));
#4514=CARTESIAN_POINT('Origin',(168.999999999996,0.500000000178684,54.8));
#4515=CARTESIAN_POINT('Origin',(168.999999999996,0.500000000178684,52.55));
#4516=CARTESIAN_POINT('Origin',(158.999999999996,0.500000000178684,54.8));
#4517=CARTESIAN_POINT('',(158.999999999996,0.500000000178684,53.05));
#4518=CARTESIAN_POINT('Origin',(158.999999999996,0.500000000178684,52.55));
#4519=CARTESIAN_POINT('',(160.749999999996,0.500000000180879,54.8));
#4520=CARTESIAN_POINT('Origin',(158.999999999996,0.500000000178684,54.8));
#4521=CARTESIAN_POINT('Origin',(158.999999999996,0.500000000178684,54.8));
#4522=CARTESIAN_POINT('Origin',(158.999999999996,3.,54.8));
#4523=CARTESIAN_POINT('',(160.749999999996,2.50000000018088,54.8));
#4524=CARTESIAN_POINT('',(158.999999999996,2.50000000017868,56.55));
#4525=CARTESIAN_POINT('Origin',(158.999999999996,2.50000000017868,54.8));
#4526=CARTESIAN_POINT('',(160.749999999996,3.,54.8));
#4527=CARTESIAN_POINT('Origin',(158.999999999996,2.50000000017868,54.8));
#4528=CARTESIAN_POINT('Origin',(158.999999999996,2.50000000017868,54.8));
#4529=CARTESIAN_POINT('Origin',(158.999999999996,2.50000000017868,57.05));
#4530=CARTESIAN_POINT('Origin',(158.499999999996,0.500000000198747,117.326961362147));
#4531=CARTESIAN_POINT('',(158.999999999996,0.500000000198747,115.853922724295));
#4532=CARTESIAN_POINT('Origin',(158.499999999996,0.500000000198747,115.853922724295));
#4533=CARTESIAN_POINT('',(158.999999999996,0.500000000198747,129.853922724295));
#4534=CARTESIAN_POINT('',(158.999999999996,0.500000000198747,117.326961362147));
#4535=CARTESIAN_POINT('Origin',(158.499999999996,0.500000000198747,129.853922724295));
#4536=CARTESIAN_POINT('Origin',(160.999999999996,0.500000000178684,129.853922724295));
#4537=CARTESIAN_POINT('',(160.999999999996,0.500000000178684,131.853922724295));
#4538=CARTESIAN_POINT('Origin',(160.999999999996,0.500000000178684,132.353922724295));
#4539=CARTESIAN_POINT('Origin',(160.999999999996,0.500000000178684,129.853922724295));
#4540=CARTESIAN_POINT('Origin',(155.749999999999,0.500000000195299,132.353922724295));
#4541=CARTESIAN_POINT('',(168.999999999996,0.500000000211913,131.853922724295));
#4542=CARTESIAN_POINT('Origin',(168.999999999996,0.500000000211913,132.353922724295));
#4543=CARTESIAN_POINT('',(155.749999999999,0.500000000195299,131.853922724295));
#4544=CARTESIAN_POINT('Origin',(168.999999999996,0.500000000178684,129.853922724295));
#4545=CARTESIAN_POINT('',(170.999999999996,0.500000000181192,129.853922724295));
#4546=CARTESIAN_POINT('Origin',(171.499999999996,0.500000000181819,129.853922724295));
#4547=CARTESIAN_POINT('Origin',(168.999999999996,0.500000000178684,129.853922724295));
#4548=CARTESIAN_POINT('Origin',(171.499999999996,0.500000000215048,110.326961362147));
#4549=CARTESIAN_POINT('',(170.999999999996,0.500000000215048,115.853922724295));
#4550=CARTESIAN_POINT('Origin',(171.499999999996,0.500000000215048,115.853922724295));
#4551=CARTESIAN_POINT('',(170.999999999996,0.500000000215048,110.326961362147));
#4552=CARTESIAN_POINT('Origin',(168.999999999996,0.500000000178684,115.853922724295));
#4553=CARTESIAN_POINT('',(168.999999999996,0.500000000178684,113.853922724295));
#4554=CARTESIAN_POINT('Origin',(168.999999999996,0.500000000178684,113.353922724295));
#4555=CARTESIAN_POINT('Origin',(168.999999999996,0.500000000178684,115.853922724295));
#4556=CARTESIAN_POINT('Origin',(151.749999999999,0.500000000190283,113.353922724295));
#4557=CARTESIAN_POINT('',(160.999999999996,0.500000000201882,113.853922724295));
#4558=CARTESIAN_POINT('Origin',(160.999999999996,0.500000000201882,113.353922724295));
#4559=CARTESIAN_POINT('',(151.749999999999,0.500000000190283,113.853922724295));
#4560=CARTESIAN_POINT('Origin',(160.999999999996,0.500000000178684,115.853922724295));
#4561=CARTESIAN_POINT('Origin',(160.999999999996,0.500000000178684,115.853922724295));
#4562=CARTESIAN_POINT('Origin',(168.999999999996,3.,129.853922724295));
#4563=CARTESIAN_POINT('',(168.999999999996,2.50000000017868,131.853922724295));
#4564=CARTESIAN_POINT('',(168.999999999996,3.,131.853922724295));
#4565=CARTESIAN_POINT('',(170.999999999996,2.50000000021505,129.853922724295));
#4566=CARTESIAN_POINT('Origin',(168.999999999996,2.50000000017868,129.853922724295));
#4567=CARTESIAN_POINT('',(170.999999999996,3.,129.853922724295));
#4568=CARTESIAN_POINT('Origin',(168.999999999996,3.,131.853922724295));
#4569=CARTESIAN_POINT('',(160.999999999996,2.50000000020188,131.853922724295));
#4570=CARTESIAN_POINT('',(160.999999999996,3.,131.853922724295));
#4571=CARTESIAN_POINT('',(155.749999999997,2.5000000001953,131.853922724295));
#4572=CARTESIAN_POINT('Origin',(160.999999999996,3.,129.853922724295));
#4573=CARTESIAN_POINT('',(158.999999999996,2.50000000017618,129.853922724295));
#4574=CARTESIAN_POINT('',(158.999999999996,3.,129.853922724295));
#4575=CARTESIAN_POINT('Origin',(160.999999999996,2.50000000017868,129.853922724295));
#4576=CARTESIAN_POINT('Origin',(158.999999999996,3.,129.853922724295));
#4577=CARTESIAN_POINT('',(158.999999999996,2.50000000019875,115.853922724295));
#4578=CARTESIAN_POINT('',(158.999999999996,3.,115.853922724295));
#4579=CARTESIAN_POINT('',(158.999999999996,2.50000000019875,117.326961362147));
#4580=CARTESIAN_POINT('Origin',(171.499999999996,2.50000000021505,110.326961362147));
#4581=CARTESIAN_POINT('',(170.999999999996,2.50000000021505,115.853922724295));
#4582=CARTESIAN_POINT('Origin',(171.499999999996,2.50000000021505,115.853922724295));
#4583=CARTESIAN_POINT('',(170.999999999996,2.50000000021505,110.326961362147));
#4584=CARTESIAN_POINT('Origin',(171.499999999996,2.50000000021505,129.853922724295));
#4585=CARTESIAN_POINT('Origin',(168.999999999996,2.50000000017868,129.853922724295));
#4586=CARTESIAN_POINT('Origin',(168.999999999996,2.50000000017868,132.353922724295));
#4587=CARTESIAN_POINT('Origin',(155.749999999997,2.5000000001953,132.353922724295));
#4588=CARTESIAN_POINT('Origin',(160.999999999996,2.50000000020188,132.353922724295));
#4589=CARTESIAN_POINT('Origin',(160.999999999996,2.50000000017868,129.853922724295));
#4590=CARTESIAN_POINT('Origin',(158.499999999996,2.50000000017555,129.853922724295));
#4591=CARTESIAN_POINT('Origin',(158.499999999996,2.50000000019875,117.326961362147));
#4592=CARTESIAN_POINT('Origin',(158.499999999996,2.50000000019875,115.853922724295));
#4593=CARTESIAN_POINT('Origin',(160.999999999996,2.50000000017868,115.853922724295));
#4594=CARTESIAN_POINT('',(160.999999999996,2.50000000017868,113.853922724295));
#4595=CARTESIAN_POINT('Origin',(160.999999999996,2.50000000017868,113.353922724295));
#4596=CARTESIAN_POINT('Origin',(160.999999999996,2.50000000017868,115.853922724295));
#4597=CARTESIAN_POINT('Origin',(151.749999999997,2.50000000019028,113.353922724295));
#4598=CARTESIAN_POINT('',(168.999999999996,2.50000000021191,113.853922724295));
#4599=CARTESIAN_POINT('Origin',(168.999999999996,2.50000000021191,113.353922724295));
#4600=CARTESIAN_POINT('',(151.749999999997,2.50000000019028,113.853922724295));
#4601=CARTESIAN_POINT('Origin',(168.999999999996,2.50000000017868,115.853922724295));
#4602=CARTESIAN_POINT('Origin',(168.999999999996,2.50000000017868,115.853922724295));
#4603=CARTESIAN_POINT('Origin',(170.999999999996,3.,115.853922724295));
#4604=CARTESIAN_POINT('',(170.999999999996,3.,115.853922724295));
#4605=CARTESIAN_POINT('Origin',(262.499999999996,0.500000000329155,94.5674999999999));
#4606=CARTESIAN_POINT('',(262.999999999996,0.500000000329155,70.335));
#4607=CARTESIAN_POINT('Origin',(262.499999999996,0.500000000329155,70.335));
#4608=CARTESIAN_POINT('',(262.999999999996,0.500000000329155,84.335));
#4609=CARTESIAN_POINT('',(262.999999999996,0.500000000329155,94.5674999999999));
#4610=CARTESIAN_POINT('Origin',(262.499999999996,0.500000000329155,84.335));
#4611=CARTESIAN_POINT('Origin',(264.999999999996,0.500000000178684,84.335));
#4612=CARTESIAN_POINT('',(264.999999999996,0.500000000178684,86.335));
#4613=CARTESIAN_POINT('Origin',(264.999999999996,0.500000000178684,86.835));
#4614=CARTESIAN_POINT('Origin',(264.999999999996,0.500000000178684,84.335));
#4615=CARTESIAN_POINT('Origin',(207.749999999999,0.500000000260503,86.835));
#4616=CARTESIAN_POINT('',(272.999999999996,0.500000000342321,86.335));
#4617=CARTESIAN_POINT('Origin',(272.999999999996,0.500000000342321,86.835));
#4618=CARTESIAN_POINT('',(207.749999999999,0.500000000260503,86.335));
#4619=CARTESIAN_POINT('Origin',(272.999999999996,0.500000000178684,84.335));
#4620=CARTESIAN_POINT('',(274.999999999996,0.500000000181192,84.335));
#4621=CARTESIAN_POINT('Origin',(275.499999999996,0.500000000181819,84.335));
#4622=CARTESIAN_POINT('Origin',(272.999999999996,0.500000000178684,84.335));
#4623=CARTESIAN_POINT('Origin',(275.499999999996,0.500000000345456,87.5675));
#4624=CARTESIAN_POINT('',(274.999999999996,0.500000000345456,70.335));
#4625=CARTESIAN_POINT('Origin',(275.499999999996,0.500000000345456,70.335));
#4626=CARTESIAN_POINT('',(274.999999999996,0.500000000345456,87.5675));
#4627=CARTESIAN_POINT('Origin',(272.999999999996,0.500000000178684,70.335));
#4628=CARTESIAN_POINT('',(272.999999999996,0.500000000178684,68.335));
#4629=CARTESIAN_POINT('Origin',(272.999999999996,0.500000000178684,67.835));
#4630=CARTESIAN_POINT('Origin',(272.999999999996,0.500000000178684,70.335));
#4631=CARTESIAN_POINT('Origin',(203.749999999999,0.500000000255487,67.8349999999999));
#4632=CARTESIAN_POINT('',(264.999999999996,0.50000000033229,68.335));
#4633=CARTESIAN_POINT('Origin',(264.999999999996,0.50000000033229,67.835));
#4634=CARTESIAN_POINT('',(203.749999999999,0.500000000255487,68.3349999999999));
#4635=CARTESIAN_POINT('Origin',(264.999999999996,0.500000000178684,70.335));
#4636=CARTESIAN_POINT('Origin',(264.999999999996,0.500000000178684,70.335));
#4637=CARTESIAN_POINT('Origin',(272.999999999996,3.,84.335));
#4638=CARTESIAN_POINT('',(272.999999999996,2.50000000017868,86.335));
#4639=CARTESIAN_POINT('',(272.999999999996,3.,86.335));
#4640=CARTESIAN_POINT('',(274.999999999996,2.50000000034546,84.335));
#4641=CARTESIAN_POINT('Origin',(272.999999999996,2.50000000017868,84.335));
#4642=CARTESIAN_POINT('',(274.999999999996,3.,84.335));
#4643=CARTESIAN_POINT('Origin',(272.999999999996,3.,86.335));
#4644=CARTESIAN_POINT('',(264.999999999996,2.50000000033229,86.335));
#4645=CARTESIAN_POINT('',(264.999999999996,3.,86.335));
#4646=CARTESIAN_POINT('',(207.749999999997,2.5000000002605,86.335));
#4647=CARTESIAN_POINT('Origin',(264.999999999996,3.,84.335));
#4648=CARTESIAN_POINT('',(262.999999999996,2.50000000017618,84.335));
#4649=CARTESIAN_POINT('',(262.999999999996,3.,84.335));
#4650=CARTESIAN_POINT('Origin',(264.999999999996,2.50000000017868,84.335));
#4651=CARTESIAN_POINT('Origin',(262.999999999996,3.,84.335));
#4652=CARTESIAN_POINT('',(262.999999999996,2.50000000032916,70.335));
#4653=CARTESIAN_POINT('',(262.999999999996,3.,70.335));
#4654=CARTESIAN_POINT('',(262.999999999996,2.50000000032916,94.5674999999999));
#4655=CARTESIAN_POINT('Origin',(275.499999999996,2.50000000034546,87.5675));
#4656=CARTESIAN_POINT('',(274.999999999996,2.50000000034546,70.335));
#4657=CARTESIAN_POINT('Origin',(275.499999999996,2.50000000034546,70.335));
#4658=CARTESIAN_POINT('',(274.999999999996,2.50000000034546,87.5675));
#4659=CARTESIAN_POINT('Origin',(275.499999999996,2.50000000034546,84.335));
#4660=CARTESIAN_POINT('Origin',(272.999999999996,2.50000000017868,84.335));
#4661=CARTESIAN_POINT('Origin',(272.999999999996,2.50000000017868,86.835));
#4662=CARTESIAN_POINT('Origin',(207.749999999997,2.5000000002605,86.835));
#4663=CARTESIAN_POINT('Origin',(264.999999999996,2.50000000033229,86.835));
#4664=CARTESIAN_POINT('Origin',(264.999999999996,2.50000000017868,84.335));
#4665=CARTESIAN_POINT('Origin',(262.499999999996,2.50000000017555,84.335));
#4666=CARTESIAN_POINT('Origin',(262.499999999996,2.50000000032916,94.5674999999999));
#4667=CARTESIAN_POINT('Origin',(262.499999999996,2.50000000032916,70.335));
#4668=CARTESIAN_POINT('Origin',(264.999999999996,2.50000000017868,70.335));
#4669=CARTESIAN_POINT('',(264.999999999996,2.50000000017868,68.335));
#4670=CARTESIAN_POINT('Origin',(264.999999999996,2.50000000017868,67.835));
#4671=CARTESIAN_POINT('Origin',(264.999999999996,2.50000000017868,70.335));
#4672=CARTESIAN_POINT('Origin',(203.749999999997,2.50000000025549,67.8349999999999));
#4673=CARTESIAN_POINT('',(272.999999999996,2.50000000034232,68.335));
#4674=CARTESIAN_POINT('Origin',(272.999999999996,2.50000000034232,67.835));
#4675=CARTESIAN_POINT('',(203.749999999997,2.50000000025549,68.3349999999999));
#4676=CARTESIAN_POINT('Origin',(272.999999999996,2.50000000017868,70.335));
#4677=CARTESIAN_POINT('Origin',(272.999999999996,2.50000000017868,70.335));
#4678=CARTESIAN_POINT('Origin',(274.999999999996,3.,70.335));
#4679=CARTESIAN_POINT('',(274.999999999996,3.,70.335));
#4680=CARTESIAN_POINT('Origin',(142.499999999998,1.50000000017868,0.));
#4681=CARTESIAN_POINT('Origin',(168.999999999996,3.,115.853922724295));
#4682=CARTESIAN_POINT('',(168.999999999996,3.,113.853922724295));
#4683=CARTESIAN_POINT('Origin',(160.999999999996,3.,113.853922724295));
#4684=CARTESIAN_POINT('',(160.999999999996,3.,113.853922724295));
#4685=CARTESIAN_POINT('Origin',(160.999999999996,3.,115.853922724295));
#4686=CARTESIAN_POINT('Origin',(208.376320920971,3.,166.853922724313));
#4687=CARTESIAN_POINT('',(208.376320920971,3.,166.853922724313));
#4688=CARTESIAN_POINT('',(208.376320920955,3.,168.74392272427));
#4689=CARTESIAN_POINT('Origin',(206.22632092097,3.,166.853922724295));
#4690=CARTESIAN_POINT('',(204.07632092097,3.,166.853922724277));
#4691=CARTESIAN_POINT('Origin',(204.076320920985,3.,168.743922724319));
#4692=CARTESIAN_POINT('',(204.076320920985,3.,168.743922724319));
#4693=CARTESIAN_POINT('Origin',(206.22632092097,3.,168.743922724295));
#4694=CARTESIAN_POINT('Origin',(206.22632092097,3.,110.853922724295));
#4695=CARTESIAN_POINT('',(208.376320920971,3.,110.853922724276));
#4696=CARTESIAN_POINT('',(204.076320920967,3.,110.85392272427));
#4697=CARTESIAN_POINT('Origin',(208.376320920955,3.,108.963922724276));
#4698=CARTESIAN_POINT('',(208.376320920955,3.,108.963922724276));
#4699=CARTESIAN_POINT('Origin',(206.22632092097,3.,108.963922724295));
#4700=CARTESIAN_POINT('',(204.076320920985,3.,108.96392272427));
#4701=CARTESIAN_POINT('Origin',(204.076320920967,3.,110.85392272427));
#4702=CARTESIAN_POINT('Origin',(144.999999999996,3.,58.8));
#4703=CARTESIAN_POINT('',(146.599999999996,3.,58.8));
#4704=CARTESIAN_POINT('Origin',(264.999999999996,3.,68.335));
#4705=CARTESIAN_POINT('',(272.999999999996,3.,68.335));
#4706=CARTESIAN_POINT('',(264.999999999996,3.,68.335));
#4707=CARTESIAN_POINT('Origin',(264.999999999996,3.,70.335));
#4708=CARTESIAN_POINT('Origin',(272.999999999996,3.,70.335));
#4709=CARTESIAN_POINT('Origin',(36.25,2.25559555340975E-17,104.8));
#4710=CARTESIAN_POINT('',(33.35,2.25559555340975E-17,104.8));
#4711=CARTESIAN_POINT('Origin',(269.999999999996,3.,15.));
#4712=CARTESIAN_POINT('',(272.149999999996,3.,15.));
#4713=CARTESIAN_POINT('Origin',(185.694999999996,3.,63.695));
#4714=CARTESIAN_POINT('',(187.684999999996,3.,63.695));
#4715=CARTESIAN_POINT('Origin',(14.9999999999962,3.,194.6));
#4716=CARTESIAN_POINT('',(17.1499999999962,3.,194.6));
#4717=CARTESIAN_POINT('Origin',(86.9999999999962,3.,150.8));
#4718=CARTESIAN_POINT('',(88.5999999999962,3.,150.8));
#4719=CARTESIAN_POINT('Origin',(14.9999999999962,3.,124.8));
#4720=CARTESIAN_POINT('',(17.1499999999962,3.,124.8));
#4721=CARTESIAN_POINT('Origin',(86.9999999999962,3.,58.8));
#4722=CARTESIAN_POINT('',(88.5999999999962,3.,58.8));
#4723=CARTESIAN_POINT('Origin',(232.374999999996,3.,63.695));
#4724=CARTESIAN_POINT('',(234.364999999996,3.,63.695));
#4725=CARTESIAN_POINT('Origin',(182.499999999996,3.,15.));
#4726=CARTESIAN_POINT('',(184.649999999996,3.,15.));
#4727=CARTESIAN_POINT('Origin',(269.999999999996,3.,194.6));
#4728=CARTESIAN_POINT('',(272.149999999996,3.,194.6));
#4729=CARTESIAN_POINT('Origin',(232.374999999996,3.,90.975));
#4730=CARTESIAN_POINT('',(234.364999999996,3.,90.975));
#4731=CARTESIAN_POINT('Origin',(14.9999999999962,3.,15.));
#4732=CARTESIAN_POINT('',(17.1499999999962,3.,15.));
#4733=CARTESIAN_POINT('Origin',(102.499999999996,3.,194.6));
#4734=CARTESIAN_POINT('',(104.649999999996,3.,194.6));
#4735=CARTESIAN_POINT('Origin',(14.9999999999962,3.,84.8));
#4736=CARTESIAN_POINT('',(17.1499999999962,3.,84.8));
#4737=CARTESIAN_POINT('Origin',(144.999999999996,3.,150.8));
#4738=CARTESIAN_POINT('',(146.599999999996,3.,150.8));
#4739=CARTESIAN_POINT('Origin',(102.499999999996,3.,15.));
#4740=CARTESIAN_POINT('',(104.649999999996,3.,15.));
#4741=CARTESIAN_POINT('Origin',(185.694999999996,3.,90.975));
#4742=CARTESIAN_POINT('',(187.684999999996,3.,90.975));
#4743=CARTESIAN_POINT('Origin',(182.499999999996,3.,194.6));
#4744=CARTESIAN_POINT('',(184.649999999996,3.,194.6));
#4745=CARTESIAN_POINT('Origin',(252.00961894323,3.,35.));
#4746=CARTESIAN_POINT('',(262.68961894323,3.,35.));
#4747=CARTESIAN_POINT('Origin',(252.00961894323,3.,174.6));
#4748=CARTESIAN_POINT('',(263.05961894323,3.,174.6));
#4749=UNCERTAINTY_MEASURE_WITH_UNIT(LENGTH_MEASURE(0.01),#4753,
'DISTANCE_ACCURACY_VALUE',
'Maximum model space distance between geometric entities at asserted c
onnectivities');
#4750=UNCERTAINTY_MEASURE_WITH_UNIT(LENGTH_MEASURE(0.01),#4753,
'DISTANCE_ACCURACY_VALUE',
'Maximum model space distance between geometric entities at asserted c
onnectivities');
#4751=(
GEOMETRIC_REPRESENTATION_CONTEXT(3)
GLOBAL_UNCERTAINTY_ASSIGNED_CONTEXT((#4749))
GLOBAL_UNIT_ASSIGNED_CONTEXT((#4753,#4755,#4756))
REPRESENTATION_CONTEXT('','3D')
);
#4752=(
GEOMETRIC_REPRESENTATION_CONTEXT(3)
GLOBAL_UNCERTAINTY_ASSIGNED_CONTEXT((#4750))
GLOBAL_UNIT_ASSIGNED_CONTEXT((#4753,#4755,#4756))
REPRESENTATION_CONTEXT('','3D')
);
#4753=(
LENGTH_UNIT()
NAMED_UNIT(*)
SI_UNIT(.MILLI.,.METRE.)
);
#4754=(
LENGTH_UNIT()
NAMED_UNIT(*)
SI_UNIT($,.METRE.)
);
#4755=(
NAMED_UNIT(*)
PLANE_ANGLE_UNIT()
SI_UNIT($,.RADIAN.)
);
#4756=(
NAMED_UNIT(*)
SI_UNIT($,.STERADIAN.)
SOLID_ANGLE_UNIT()
);
#4757=SHAPE_DEFINITION_REPRESENTATION(#4758,#4759);
#4758=PRODUCT_DEFINITION_SHAPE('',$,#4761);
#4759=SHAPE_REPRESENTATION('',(#2649),#4751);
#4760=PRODUCT_DEFINITION_CONTEXT('part definition',#4765,'design');
#4761=PRODUCT_DEFINITION('2026-05-30-19-40-51-836','\X2\7B2C4E095C425E9576D8\X0\',
#4762,#4760);
#4762=PRODUCT_DEFINITION_FORMATION('',$,#4767);
#4763=PRODUCT_RELATED_PRODUCT_CATEGORY('\X2\7B2C4E095C425E9576D8\X0\',
'\X2\7B2C4E095C425E9576D8\X0\',(#4767));
#4764=APPLICATION_PROTOCOL_DEFINITION('international standard',
'automotive_design',2009,#4765);
#4765=APPLICATION_CONTEXT(
'Core Data for Automotive Mechanical Design Process');
#4766=PRODUCT_CONTEXT('part definition',#4765,'mechanical');
#4767=PRODUCT('2026-05-30-19-40-51-836','\X2\7B2C4E095C425E9576D8\X0\',
$,(#4766));
#4768=PRESENTATION_STYLE_ASSIGNMENT((#4769));
#4769=SURFACE_STYLE_USAGE(.BOTH.,#4770);
#4770=SURFACE_SIDE_STYLE('',(#4771));
#4771=SURFACE_STYLE_FILL_AREA(#4772);
#4772=FILL_AREA_STYLE('\X2\94A2\X0\ - \X2\7F0E5149\X0\',(#4773));
#4773=FILL_AREA_STYLE_COLOUR('\X2\94A2\X0\ - \X2\7F0E5149\X0\',#4774);
#4774=COLOUR_RGB('\X2\94A2\X0\ - \X2\7F0E5149\X0\',0.627450980392157,0.627450980392157,
0.627450980392157);
ENDSEC;
END-ISO-10303-21;
