solid power_tray_v0_1
  facet normal 0.000000 0.000000 1.000000
    outer loop
      vertex -66.750000 -37.850000 3.000000
      vertex -63.350000 -37.850000 3.000000
      vertex -63.350000 -35.850000 3.000000
    endloop
  endfacet
  facet normal 0.000000 0.000000 1.000000
    outer loop
      vertex -66.750000 -37.850000 3.000000
      vertex -63.350000 -35.850000 3.000000
      vertex -66.750000 -35.850000 3.000000
    endloop
  endfacet
  facet normal 0.000000 0.000000 1.000000
    outer loop
      vertex -66.750000 -35.850000 3.000000
      vertex -63.350000 -35.850000 3.000000
      vertex -63.350000 -34.450000 3.000000
    endloop
  endfacet
  facet normal 0.000000 0.000000 1.000000
    outer loop
      vertex -66.750000 -35.850000 3.000000
      vertex -63.350000 -34.450000 3.000000
      vertex -66.750000 -34.450000 3.000000
    endloop
  endfacet
  facet normal 0.000000 0.000000 1.000000
    outer loop
      vertex -66.750000 -34.450000 3.000000
      vertex -63.350000 -34.450000 3.000000
      vertex -63.350000 -33.850000 3.000000
    endloop
  endfacet
  facet normal 0.000000 0.000000 1.000000
    outer loop
      vertex -66.750000 -34.450000 3.000000
      vertex -63.350000 -33.850000 3.000000
      vertex -66.750000 -33.850000 3.000000
    endloop
  endfacet
  facet normal 0.000000 0.000000 1.000000
    outer loop
      vertex -66.750000 -33.850000 3.000000
      vertex -63.350000 -33.850000 3.000000
      vertex -63.350000 -32.850000 3.000000
    endloop
  endfacet
  facet normal 0.000000 0.000000 1.000000
    outer loop
      vertex -66.750000 -33.850000 3.000000
      vertex -63.350000 -32.850000 3.000000
      vertex -66.750000 -32.850000 3.000000
    endloop
  endfacet
  facet normal 0.000000 0.000000 1.000000
    outer loop
      vertex -66.750000 -32.850000 3.000000
      vertex -63.350000 -32.850000 3.000000
      vertex -63.350000 -31.250000 3.000000
    endloop
  endfacet
  facet normal 0.000000 0.000000 1.000000
    outer loop
      vertex -66.750000 -32.850000 3.000000
      vertex -63.350000 -31.250000 3.000000
      vertex -66.750000 -31.250000 3.000000
    endloop
  endfacet
  facet normal 0.000000 0.000000 1.000000
    outer loop
      vertex -66.750000 -31.250000 3.000000
      vertex -63.350000 -31.250000 3.000000
      vertex -63.350000 31.250000 3.000000
    endloop
  endfacet
  facet normal 0.000000 0.000000 1.000000
    outer loop
      vertex -66.750000 -31.250000 3.000000
      vertex -63.350000 31.250000 3.000000
      vertex -66.750000 31.250000 3.000000
    endloop
  endfacet
  facet normal 0.000000 0.000000 1.000000
    outer loop
      vertex -66.750000 31.250000 3.000000
      vertex -63.350000 31.250000 3.000000
      vertex -63.350000 32.850000 3.000000
    endloop
  endfacet
  facet normal 0.000000 0.000000 1.000000
    outer loop
      vertex -66.750000 31.250000 3.000000
      vertex -63.350000 32.850000 3.000000
      vertex -66.750000 32.850000 3.000000
    endloop
  endfacet
  facet normal 0.000000 0.000000 1.000000
    outer loop
      vertex -66.750000 32.850000 3.000000
      vertex -63.350000 32.850000 3.000000
      vertex -63.350000 33.850000 3.000000
    endloop
  endfacet
  facet normal 0.000000 0.000000 1.000000
    outer loop
      vertex -66.750000 32.850000 3.000000
      vertex -63.350000 33.850000 3.000000
      vertex -66.750000 33.850000 3.000000
    endloop
  endfacet
  facet normal 0.000000 0.000000 1.000000
    outer loop
      vertex -66.750000 33.850000 3.000000
      vertex -63.350000 33.850000 3.000000
      vertex -63.350000 34.450000 3.000000
    endloop
  endfacet
  facet normal 0.000000 0.000000 1.000000
    outer loop
      vertex -66.750000 33.850000 3.000000
      vertex -63.350000 34.450000 3.000000
      vertex -66.750000 34.450000 3.000000
    endloop
  endfacet
  facet normal 0.000000 0.000000 1.000000
    outer loop
      vertex -66.750000 34.450000 3.000000
      vertex -63.350000 34.450000 3.000000
      vertex -63.350000 35.850000 3.000000
    endloop
  endfacet
  facet normal 0.000000 0.000000 1.000000
    outer loop
      vertex -66.750000 34.450000 3.000000
      vertex -63.350000 35.850000 3.000000
      vertex -66.750000 35.850000 3.000000
    endloop
  endfacet
  facet normal 0.000000 0.000000 1.000000
    outer loop
      vertex -66.750000 35.850000 3.000000
      vertex -63.350000 35.850000 3.000000
      vertex -63.350000 37.850000 3.000000
    endloop
  endfacet
  facet normal 0.000000 0.000000 1.000000
    outer loop
      vertex -66.750000 35.850000 3.000000
      vertex -63.350000 37.850000 3.000000
      vertex -66.750000 37.850000 3.000000
    endloop
  endfacet
  facet normal 0.000000 0.000000 1.000000
    outer loop
      vertex -63.350000 -37.850000 3.000000
      vertex -61.750000 -37.850000 3.000000
      vertex -61.750000 -35.850000 3.000000
    endloop
  endfacet
  facet normal 0.000000 0.000000 1.000000
    outer loop
      vertex -63.350000 -37.850000 3.000000
      vertex -61.750000 -35.850000 3.000000
      vertex -63.350000 -35.850000 3.000000
    endloop
  endfacet
  facet normal 0.000000 0.000000 1.000000
    outer loop
      vertex -63.350000 -35.850000 3.000000
      vertex -61.750000 -35.850000 3.000000
      vertex -61.750000 -34.450000 3.000000
    endloop
  endfacet
  facet normal 0.000000 0.000000 1.000000
    outer loop
      vertex -63.350000 -35.850000 3.000000
      vertex -61.750000 -34.450000 3.000000
      vertex -63.350000 -34.450000 3.000000
    endloop
  endfacet
  facet normal 0.000000 0.000000 1.000000
    outer loop
      vertex -63.350000 -31.250000 3.000000
      vertex -61.750000 -31.250000 3.000000
      vertex -61.750000 31.250000 3.000000
    endloop
  endfacet
  facet normal 0.000000 0.000000 1.000000
    outer loop
      vertex -63.350000 -31.250000 3.000000
      vertex -61.750000 31.250000 3.000000
      vertex -63.350000 31.250000 3.000000
    endloop
  endfacet
  facet normal 0.000000 0.000000 1.000000
    outer loop
      vertex -63.350000 34.450000 3.000000
      vertex -61.750000 34.450000 3.000000
      vertex -61.750000 35.850000 3.000000
    endloop
  endfacet
  facet normal 0.000000 0.000000 1.000000
    outer loop
      vertex -63.350000 34.450000 3.000000
      vertex -61.750000 35.850000 3.000000
      vertex -63.350000 35.850000 3.000000
    endloop
  endfacet
  facet normal 0.000000 0.000000 1.000000
    outer loop
      vertex -63.350000 35.850000 3.000000
      vertex -61.750000 35.850000 3.000000
      vertex -61.750000 37.850000 3.000000
    endloop
  endfacet
  facet normal 0.000000 0.000000 1.000000
    outer loop
      vertex -63.350000 35.850000 3.000000
      vertex -61.750000 37.850000 3.000000
      vertex -63.350000 37.850000 3.000000
    endloop
  endfacet
  facet normal 0.000000 0.000000 1.000000
    outer loop
      vertex -61.750000 -37.850000 3.000000
      vertex -60.150000 -37.850000 3.000000
      vertex -60.150000 -35.850000 3.000000
    endloop
  endfacet
  facet normal 0.000000 0.000000 1.000000
    outer loop
      vertex -61.750000 -37.850000 3.000000
      vertex -60.150000 -35.850000 3.000000
      vertex -61.750000 -35.850000 3.000000
    endloop
  endfacet
  facet normal 0.000000 0.000000 1.000000
    outer loop
      vertex -61.750000 -35.850000 3.000000
      vertex -60.150000 -35.850000 3.000000
      vertex -60.150000 -34.450000 3.000000
    endloop
  endfacet
  facet normal 0.000000 0.000000 1.000000
    outer loop
      vertex -61.750000 -35.850000 3.000000
      vertex -60.150000 -34.450000 3.000000
      vertex -61.750000 -34.450000 3.000000
    endloop
  endfacet
  facet normal 0.000000 0.000000 1.000000
    outer loop
      vertex -61.750000 -31.250000 3.000000
      vertex -60.150000 -31.250000 3.000000
      vertex -60.150000 31.250000 3.000000
    endloop
  endfacet
  facet normal 0.000000 0.000000 1.000000
    outer loop
      vertex -61.750000 -31.250000 3.000000
      vertex -60.150000 31.250000 3.000000
      vertex -61.750000 31.250000 3.000000
    endloop
  endfacet
  facet normal 0.000000 0.000000 1.000000
    outer loop
      vertex -61.750000 34.450000 3.000000
      vertex -60.150000 34.450000 3.000000
      vertex -60.150000 35.850000 3.000000
    endloop
  endfacet
  facet normal 0.000000 0.000000 1.000000
    outer loop
      vertex -61.750000 34.450000 3.000000
      vertex -60.150000 35.850000 3.000000
      vertex -61.750000 35.850000 3.000000
    endloop
  endfacet
  facet normal 0.000000 0.000000 1.000000
    outer loop
      vertex -61.750000 35.850000 3.000000
      vertex -60.150000 35.850000 3.000000
      vertex -60.150000 37.850000 3.000000
    endloop
  endfacet
  facet normal 0.000000 0.000000 1.000000
    outer loop
      vertex -61.750000 35.850000 3.000000
      vertex -60.150000 37.850000 3.000000
      vertex -61.750000 37.850000 3.000000
    endloop
  endfacet
  facet normal 0.000000 0.000000 1.000000
    outer loop
      vertex -60.150000 -37.850000 3.000000
      vertex -52.375000 -37.850000 3.000000
      vertex -52.375000 -35.850000 3.000000
    endloop
  endfacet
  facet normal 0.000000 0.000000 1.000000
    outer loop
      vertex -60.150000 -37.850000 3.000000
      vertex -52.375000 -35.850000 3.000000
      vertex -60.150000 -35.850000 3.000000
    endloop
  endfacet
  facet normal 0.000000 0.000000 1.000000
    outer loop
      vertex -60.150000 -35.850000 3.000000
      vertex -52.375000 -35.850000 3.000000
      vertex -52.375000 -34.450000 3.000000
    endloop
  endfacet
  facet normal 0.000000 0.000000 1.000000
    outer loop
      vertex -60.150000 -35.850000 3.000000
      vertex -52.375000 -34.450000 3.000000
      vertex -60.150000 -34.450000 3.000000
    endloop
  endfacet
  facet normal 0.000000 0.000000 1.000000
    outer loop
      vertex -60.150000 -34.450000 3.000000
      vertex -52.375000 -34.450000 3.000000
      vertex -52.375000 -33.850000 3.000000
    endloop
  endfacet
  facet normal 0.000000 0.000000 1.000000
    outer loop
      vertex -60.150000 -34.450000 3.000000
      vertex -52.375000 -33.850000 3.000000
      vertex -60.150000 -33.850000 3.000000
    endloop
  endfacet
  facet normal 0.000000 0.000000 1.000000
    outer loop
      vertex -60.150000 -33.850000 3.000000
      vertex -52.375000 -33.850000 3.000000
      vertex -52.375000 -32.850000 3.000000
    endloop
  endfacet
  facet normal 0.000000 0.000000 1.000000
    outer loop
      vertex -60.150000 -33.850000 3.000000
      vertex -52.375000 -32.850000 3.000000
      vertex -60.150000 -32.850000 3.000000
    endloop
  endfacet
  facet normal 0.000000 0.000000 1.000000
    outer loop
      vertex -60.150000 -32.850000 3.000000
      vertex -52.375000 -32.850000 3.000000
      vertex -52.375000 -31.250000 3.000000
    endloop
  endfacet
  facet normal 0.000000 0.000000 1.000000
    outer loop
      vertex -60.150000 -32.850000 3.000000
      vertex -52.375000 -31.250000 3.000000
      vertex -60.150000 -31.250000 3.000000
    endloop
  endfacet
  facet normal 0.000000 0.000000 1.000000
    outer loop
      vertex -60.150000 -31.250000 3.000000
      vertex -52.375000 -31.250000 3.000000
      vertex -52.375000 31.250000 3.000000
    endloop
  endfacet
  facet normal 0.000000 0.000000 1.000000
    outer loop
      vertex -60.150000 -31.250000 3.000000
      vertex -52.375000 31.250000 3.000000
      vertex -60.150000 31.250000 3.000000
    endloop
  endfacet
  facet normal 0.000000 0.000000 1.000000
    outer loop
      vertex -60.150000 31.250000 3.000000
      vertex -52.375000 31.250000 3.000000
      vertex -52.375000 32.850000 3.000000
    endloop
  endfacet
  facet normal 0.000000 0.000000 1.000000
    outer loop
      vertex -60.150000 31.250000 3.000000
      vertex -52.375000 32.850000 3.000000
      vertex -60.150000 32.850000 3.000000
    endloop
  endfacet
  facet normal 0.000000 0.000000 1.000000
    outer loop
      vertex -60.150000 32.850000 3.000000
      vertex -52.375000 32.850000 3.000000
      vertex -52.375000 33.850000 3.000000
    endloop
  endfacet
  facet normal 0.000000 0.000000 1.000000
    outer loop
      vertex -60.150000 32.850000 3.000000
      vertex -52.375000 33.850000 3.000000
      vertex -60.150000 33.850000 3.000000
    endloop
  endfacet
  facet normal 0.000000 0.000000 1.000000
    outer loop
      vertex -60.150000 33.850000 3.000000
      vertex -52.375000 33.850000 3.000000
      vertex -52.375000 34.450000 3.000000
    endloop
  endfacet
  facet normal 0.000000 0.000000 1.000000
    outer loop
      vertex -60.150000 33.850000 3.000000
      vertex -52.375000 34.450000 3.000000
      vertex -60.150000 34.450000 3.000000
    endloop
  endfacet
  facet normal 0.000000 0.000000 1.000000
    outer loop
      vertex -60.150000 34.450000 3.000000
      vertex -52.375000 34.450000 3.000000
      vertex -52.375000 35.850000 3.000000
    endloop
  endfacet
  facet normal 0.000000 0.000000 1.000000
    outer loop
      vertex -60.150000 34.450000 3.000000
      vertex -52.375000 35.850000 3.000000
      vertex -60.150000 35.850000 3.000000
    endloop
  endfacet
  facet normal 0.000000 0.000000 1.000000
    outer loop
      vertex -60.150000 35.850000 3.000000
      vertex -52.375000 35.850000 3.000000
      vertex -52.375000 37.850000 3.000000
    endloop
  endfacet
  facet normal 0.000000 0.000000 1.000000
    outer loop
      vertex -60.150000 35.850000 3.000000
      vertex -52.375000 37.850000 3.000000
      vertex -60.150000 37.850000 3.000000
    endloop
  endfacet
  facet normal 0.000000 0.000000 1.000000
    outer loop
      vertex -52.375000 -40.850000 3.000000
      vertex -48.375000 -40.850000 3.000000
      vertex -48.375000 -37.850000 3.000000
    endloop
  endfacet
  facet normal 0.000000 0.000000 1.000000
    outer loop
      vertex -52.375000 -40.850000 3.000000
      vertex -48.375000 -37.850000 3.000000
      vertex -52.375000 -37.850000 3.000000
    endloop
  endfacet
  facet normal 0.000000 0.000000 1.000000
    outer loop
      vertex -52.375000 -37.850000 3.000000
      vertex -48.375000 -37.850000 3.000000
      vertex -48.375000 -35.850000 3.000000
    endloop
  endfacet
  facet normal 0.000000 0.000000 1.000000
    outer loop
      vertex -52.375000 -37.850000 3.000000
      vertex -48.375000 -35.850000 3.000000
      vertex -52.375000 -35.850000 3.000000
    endloop
  endfacet
  facet normal 0.000000 0.000000 1.000000
    outer loop
      vertex -52.375000 -35.850000 3.000000
      vertex -48.375000 -35.850000 3.000000
      vertex -48.375000 -34.450000 3.000000
    endloop
  endfacet
  facet normal 0.000000 0.000000 1.000000
    outer loop
      vertex -52.375000 -35.850000 3.000000
      vertex -48.375000 -34.450000 3.000000
      vertex -52.375000 -34.450000 3.000000
    endloop
  endfacet
  facet normal 0.000000 0.000000 1.000000
    outer loop
      vertex -52.375000 -34.450000 3.000000
      vertex -48.375000 -34.450000 3.000000
      vertex -48.375000 -33.850000 3.000000
    endloop
  endfacet
  facet normal 0.000000 0.000000 1.000000
    outer loop
      vertex -52.375000 -34.450000 3.000000
      vertex -48.375000 -33.850000 3.000000
      vertex -52.375000 -33.850000 3.000000
    endloop
  endfacet
  facet normal 0.000000 0.000000 1.000000
    outer loop
      vertex -52.375000 -33.850000 3.000000
      vertex -48.375000 -33.850000 3.000000
      vertex -48.375000 -32.850000 3.000000
    endloop
  endfacet
  facet normal 0.000000 0.000000 1.000000
    outer loop
      vertex -52.375000 -33.850000 3.000000
      vertex -48.375000 -32.850000 3.000000
      vertex -52.375000 -32.850000 3.000000
    endloop
  endfacet
  facet normal 0.000000 0.000000 1.000000
    outer loop
      vertex -52.375000 -32.850000 3.000000
      vertex -48.375000 -32.850000 3.000000
      vertex -48.375000 -31.250000 3.000000
    endloop
  endfacet
  facet normal 0.000000 0.000000 1.000000
    outer loop
      vertex -52.375000 -32.850000 3.000000
      vertex -48.375000 -31.250000 3.000000
      vertex -52.375000 -31.250000 3.000000
    endloop
  endfacet
  facet normal 0.000000 0.000000 1.000000
    outer loop
      vertex -52.375000 -31.250000 3.000000
      vertex -48.375000 -31.250000 3.000000
      vertex -48.375000 31.250000 3.000000
    endloop
  endfacet
  facet normal 0.000000 0.000000 1.000000
    outer loop
      vertex -52.375000 -31.250000 3.000000
      vertex -48.375000 31.250000 3.000000
      vertex -52.375000 31.250000 3.000000
    endloop
  endfacet
  facet normal 0.000000 0.000000 1.000000
    outer loop
      vertex -52.375000 31.250000 3.000000
      vertex -48.375000 31.250000 3.000000
      vertex -48.375000 32.850000 3.000000
    endloop
  endfacet
  facet normal 0.000000 0.000000 1.000000
    outer loop
      vertex -52.375000 31.250000 3.000000
      vertex -48.375000 32.850000 3.000000
      vertex -52.375000 32.850000 3.000000
    endloop
  endfacet
  facet normal 0.000000 0.000000 1.000000
    outer loop
      vertex -52.375000 32.850000 3.000000
      vertex -48.375000 32.850000 3.000000
      vertex -48.375000 33.850000 3.000000
    endloop
  endfacet
  facet normal 0.000000 0.000000 1.000000
    outer loop
      vertex -52.375000 32.850000 3.000000
      vertex -48.375000 33.850000 3.000000
      vertex -52.375000 33.850000 3.000000
    endloop
  endfacet
  facet normal 0.000000 0.000000 1.000000
    outer loop
      vertex -52.375000 33.850000 3.000000
      vertex -48.375000 33.850000 3.000000
      vertex -48.375000 34.450000 3.000000
    endloop
  endfacet
  facet normal 0.000000 0.000000 1.000000
    outer loop
      vertex -52.375000 33.850000 3.000000
      vertex -48.375000 34.450000 3.000000
      vertex -52.375000 34.450000 3.000000
    endloop
  endfacet
  facet normal 0.000000 0.000000 1.000000
    outer loop
      vertex -52.375000 34.450000 3.000000
      vertex -48.375000 34.450000 3.000000
      vertex -48.375000 35.850000 3.000000
    endloop
  endfacet
  facet normal 0.000000 0.000000 1.000000
    outer loop
      vertex -52.375000 34.450000 3.000000
      vertex -48.375000 35.850000 3.000000
      vertex -52.375000 35.850000 3.000000
    endloop
  endfacet
  facet normal 0.000000 0.000000 1.000000
    outer loop
      vertex -52.375000 35.850000 3.000000
      vertex -48.375000 35.850000 3.000000
      vertex -48.375000 37.850000 3.000000
    endloop
  endfacet
  facet normal 0.000000 0.000000 1.000000
    outer loop
      vertex -52.375000 35.850000 3.000000
      vertex -48.375000 37.850000 3.000000
      vertex -52.375000 37.850000 3.000000
    endloop
  endfacet
  facet normal 0.000000 0.000000 1.000000
    outer loop
      vertex -52.375000 37.850000 3.000000
      vertex -48.375000 37.850000 3.000000
      vertex -48.375000 40.850000 3.000000
    endloop
  endfacet
  facet normal 0.000000 0.000000 1.000000
    outer loop
      vertex -52.375000 37.850000 3.000000
      vertex -48.375000 40.850000 3.000000
      vertex -52.375000 40.850000 3.000000
    endloop
  endfacet
  facet normal 0.000000 0.000000 1.000000
    outer loop
      vertex -48.375000 -40.850000 3.000000
      vertex -46.375000 -40.850000 3.000000
      vertex -46.375000 -37.850000 3.000000
    endloop
  endfacet
  facet normal 0.000000 0.000000 1.000000
    outer loop
      vertex -48.375000 -40.850000 3.000000
      vertex -46.375000 -37.850000 3.000000
      vertex -48.375000 -37.850000 3.000000
    endloop
  endfacet
  facet normal 0.000000 0.000000 1.000000
    outer loop
      vertex -48.375000 -33.850000 3.000000
      vertex -46.375000 -33.850000 3.000000
      vertex -46.375000 -32.850000 3.000000
    endloop
  endfacet
  facet normal 0.000000 0.000000 1.000000
    outer loop
      vertex -48.375000 -33.850000 3.000000
      vertex -46.375000 -32.850000 3.000000
      vertex -48.375000 -32.850000 3.000000
    endloop
  endfacet
  facet normal 0.000000 0.000000 1.000000
    outer loop
      vertex -48.375000 -32.850000 3.000000
      vertex -46.375000 -32.850000 3.000000
      vertex -46.375000 -31.250000 3.000000
    endloop
  endfacet
  facet normal 0.000000 0.000000 1.000000
    outer loop
      vertex -48.375000 -32.850000 3.000000
      vertex -46.375000 -31.250000 3.000000
      vertex -48.375000 -31.250000 3.000000
    endloop
  endfacet
  facet normal 0.000000 0.000000 1.000000
    outer loop
      vertex -48.375000 -31.250000 3.000000
      vertex -46.375000 -31.250000 3.000000
      vertex -46.375000 31.250000 3.000000
    endloop
  endfacet
  facet normal 0.000000 0.000000 1.000000
    outer loop
      vertex -48.375000 -31.250000 3.000000
      vertex -46.375000 31.250000 3.000000
      vertex -48.375000 31.250000 3.000000
    endloop
  endfacet
  facet normal 0.000000 0.000000 1.000000
    outer loop
      vertex -48.375000 31.250000 3.000000
      vertex -46.375000 31.250000 3.000000
      vertex -46.375000 32.850000 3.000000
    endloop
  endfacet
  facet normal 0.000000 0.000000 1.000000
    outer loop
      vertex -48.375000 31.250000 3.000000
      vertex -46.375000 32.850000 3.000000
      vertex -48.375000 32.850000 3.000000
    endloop
  endfacet
  facet normal 0.000000 0.000000 1.000000
    outer loop
      vertex -48.375000 32.850000 3.000000
      vertex -46.375000 32.850000 3.000000
      vertex -46.375000 33.850000 3.000000
    endloop
  endfacet
  facet normal 0.000000 0.000000 1.000000
    outer loop
      vertex -48.375000 32.850000 3.000000
      vertex -46.375000 33.850000 3.000000
      vertex -48.375000 33.850000 3.000000
    endloop
  endfacet
  facet normal 0.000000 0.000000 1.000000
    outer loop
      vertex -48.375000 37.850000 3.000000
      vertex -46.375000 37.850000 3.000000
      vertex -46.375000 40.850000 3.000000
    endloop
  endfacet
  facet normal 0.000000 0.000000 1.000000
    outer loop
      vertex -48.375000 37.850000 3.000000
      vertex -46.375000 40.850000 3.000000
      vertex -48.375000 40.850000 3.000000
    endloop
  endfacet
  facet normal 0.000000 0.000000 1.000000
    outer loop
      vertex -46.375000 -40.850000 3.000000
      vertex -20.375000 -40.850000 3.000000
      vertex -20.375000 -37.850000 3.000000
    endloop
  endfacet
  facet normal 0.000000 0.000000 1.000000
    outer loop
      vertex -46.375000 -40.850000 3.000000
      vertex -20.375000 -37.850000 3.000000
      vertex -46.375000 -37.850000 3.000000
    endloop
  endfacet
  facet normal 0.000000 0.000000 1.000000
    outer loop
      vertex -46.375000 -33.850000 3.000000
      vertex -20.375000 -33.850000 3.000000
      vertex -20.375000 -32.850000 3.000000
    endloop
  endfacet
  facet normal 0.000000 0.000000 1.000000
    outer loop
      vertex -46.375000 -33.850000 3.000000
      vertex -20.375000 -32.850000 3.000000
      vertex -46.375000 -32.850000 3.000000
    endloop
  endfacet
  facet normal 0.000000 0.000000 1.000000
    outer loop
      vertex -46.375000 -32.850000 3.000000
      vertex -20.375000 -32.850000 3.000000
      vertex -20.375000 -31.250000 3.000000
    endloop
  endfacet
  facet normal 0.000000 0.000000 1.000000
    outer loop
      vertex -46.375000 -32.850000 3.000000
      vertex -20.375000 -31.250000 3.000000
      vertex -46.375000 -31.250000 3.000000
    endloop
  endfacet
  facet normal 0.000000 0.000000 1.000000
    outer loop
      vertex -46.375000 -31.250000 3.000000
      vertex -20.375000 -31.250000 3.000000
      vertex -20.375000 31.250000 3.000000
    endloop
  endfacet
  facet normal 0.000000 0.000000 1.000000
    outer loop
      vertex -46.375000 -31.250000 3.000000
      vertex -20.375000 31.250000 3.000000
      vertex -46.375000 31.250000 3.000000
    endloop
  endfacet
  facet normal 0.000000 0.000000 1.000000
    outer loop
      vertex -46.375000 31.250000 3.000000
      vertex -20.375000 31.250000 3.000000
      vertex -20.375000 32.850000 3.000000
    endloop
  endfacet
  facet normal 0.000000 0.000000 1.000000
    outer loop
      vertex -46.375000 31.250000 3.000000
      vertex -20.375000 32.850000 3.000000
      vertex -46.375000 32.850000 3.000000
    endloop
  endfacet
  facet normal 0.000000 0.000000 1.000000
    outer loop
      vertex -46.375000 32.850000 3.000000
      vertex -20.375000 32.850000 3.000000
      vertex -20.375000 33.850000 3.000000
    endloop
  endfacet
  facet normal 0.000000 0.000000 1.000000
    outer loop
      vertex -46.375000 32.850000 3.000000
      vertex -20.375000 33.850000 3.000000
      vertex -46.375000 33.850000 3.000000
    endloop
  endfacet
  facet normal 0.000000 0.000000 1.000000
    outer loop
      vertex -46.375000 37.850000 3.000000
      vertex -20.375000 37.850000 3.000000
      vertex -20.375000 40.850000 3.000000
    endloop
  endfacet
  facet normal 0.000000 0.000000 1.000000
    outer loop
      vertex -46.375000 37.850000 3.000000
      vertex -20.375000 40.850000 3.000000
      vertex -46.375000 40.850000 3.000000
    endloop
  endfacet
  facet normal 0.000000 0.000000 1.000000
    outer loop
      vertex -20.375000 -40.850000 3.000000
      vertex -18.375000 -40.850000 3.000000
      vertex -18.375000 -37.850000 3.000000
    endloop
  endfacet
  facet normal 0.000000 0.000000 1.000000
    outer loop
      vertex -20.375000 -40.850000 3.000000
      vertex -18.375000 -37.850000 3.000000
      vertex -20.375000 -37.850000 3.000000
    endloop
  endfacet
  facet normal 0.000000 0.000000 1.000000
    outer loop
      vertex -20.375000 -33.850000 3.000000
      vertex -18.375000 -33.850000 3.000000
      vertex -18.375000 -32.850000 3.000000
    endloop
  endfacet
  facet normal 0.000000 0.000000 1.000000
    outer loop
      vertex -20.375000 -33.850000 3.000000
      vertex -18.375000 -32.850000 3.000000
      vertex -20.375000 -32.850000 3.000000
    endloop
  endfacet
  facet normal 0.000000 0.000000 1.000000
    outer loop
      vertex -20.375000 -32.850000 3.000000
      vertex -18.375000 -32.850000 3.000000
      vertex -18.375000 -31.250000 3.000000
    endloop
  endfacet
  facet normal 0.000000 0.000000 1.000000
    outer loop
      vertex -20.375000 -32.850000 3.000000
      vertex -18.375000 -31.250000 3.000000
      vertex -20.375000 -31.250000 3.000000
    endloop
  endfacet
  facet normal 0.000000 0.000000 1.000000
    outer loop
      vertex -20.375000 -31.250000 3.000000
      vertex -18.375000 -31.250000 3.000000
      vertex -18.375000 31.250000 3.000000
    endloop
  endfacet
  facet normal 0.000000 0.000000 1.000000
    outer loop
      vertex -20.375000 -31.250000 3.000000
      vertex -18.375000 31.250000 3.000000
      vertex -20.375000 31.250000 3.000000
    endloop
  endfacet
  facet normal 0.000000 0.000000 1.000000
    outer loop
      vertex -20.375000 31.250000 3.000000
      vertex -18.375000 31.250000 3.000000
      vertex -18.375000 32.850000 3.000000
    endloop
  endfacet
  facet normal 0.000000 0.000000 1.000000
    outer loop
      vertex -20.375000 31.250000 3.000000
      vertex -18.375000 32.850000 3.000000
      vertex -20.375000 32.850000 3.000000
    endloop
  endfacet
  facet normal 0.000000 0.000000 1.000000
    outer loop
      vertex -20.375000 32.850000 3.000000
      vertex -18.375000 32.850000 3.000000
      vertex -18.375000 33.850000 3.000000
    endloop
  endfacet
  facet normal 0.000000 0.000000 1.000000
    outer loop
      vertex -20.375000 32.850000 3.000000
      vertex -18.375000 33.850000 3.000000
      vertex -20.375000 33.850000 3.000000
    endloop
  endfacet
  facet normal 0.000000 0.000000 1.000000
    outer loop
      vertex -20.375000 37.850000 3.000000
      vertex -18.375000 37.850000 3.000000
      vertex -18.375000 40.850000 3.000000
    endloop
  endfacet
  facet normal 0.000000 0.000000 1.000000
    outer loop
      vertex -20.375000 37.850000 3.000000
      vertex -18.375000 40.850000 3.000000
      vertex -20.375000 40.850000 3.000000
    endloop
  endfacet
  facet normal 0.000000 0.000000 1.000000
    outer loop
      vertex -18.375000 -40.850000 3.000000
      vertex -14.375000 -40.850000 3.000000
      vertex -14.375000 -37.850000 3.000000
    endloop
  endfacet
  facet normal 0.000000 0.000000 1.000000
    outer loop
      vertex -18.375000 -40.850000 3.000000
      vertex -14.375000 -37.850000 3.000000
      vertex -18.375000 -37.850000 3.000000
    endloop
  endfacet
  facet normal 0.000000 0.000000 1.000000
    outer loop
      vertex -18.375000 -37.850000 3.000000
      vertex -14.375000 -37.850000 3.000000
      vertex -14.375000 -35.850000 3.000000
    endloop
  endfacet
  facet normal 0.000000 0.000000 1.000000
    outer loop
      vertex -18.375000 -37.850000 3.000000
      vertex -14.375000 -35.850000 3.000000
      vertex -18.375000 -35.850000 3.000000
    endloop
  endfacet
  facet normal 0.000000 0.000000 1.000000
    outer loop
      vertex -18.375000 -35.850000 3.000000
      vertex -14.375000 -35.850000 3.000000
      vertex -14.375000 -34.450000 3.000000
    endloop
  endfacet
  facet normal 0.000000 0.000000 1.000000
    outer loop
      vertex -18.375000 -35.850000 3.000000
      vertex -14.375000 -34.450000 3.000000
      vertex -18.375000 -34.450000 3.000000
    endloop
  endfacet
  facet normal 0.000000 0.000000 1.000000
    outer loop
      vertex -18.375000 -34.450000 3.000000
      vertex -14.375000 -34.450000 3.000000
      vertex -14.375000 -33.850000 3.000000
    endloop
  endfacet
  facet normal 0.000000 0.000000 1.000000
    outer loop
      vertex -18.375000 -34.450000 3.000000
      vertex -14.375000 -33.850000 3.000000
      vertex -18.375000 -33.850000 3.000000
    endloop
  endfacet
  facet normal 0.000000 0.000000 1.000000
    outer loop
      vertex -18.375000 -33.850000 3.000000
      vertex -14.375000 -33.850000 3.000000
      vertex -14.375000 -32.850000 3.000000
    endloop
  endfacet
  facet normal 0.000000 0.000000 1.000000
    outer loop
      vertex -18.375000 -33.850000 3.000000
      vertex -14.375000 -32.850000 3.000000
      vertex -18.375000 -32.850000 3.000000
    endloop
  endfacet
  facet normal 0.000000 0.000000 1.000000
    outer loop
      vertex -18.375000 -32.850000 3.000000
      vertex -14.375000 -32.850000 3.000000
      vertex -14.375000 -31.250000 3.000000
    endloop
  endfacet
  facet normal 0.000000 0.000000 1.000000
    outer loop
      vertex -18.375000 -32.850000 3.000000
      vertex -14.375000 -31.250000 3.000000
      vertex -18.375000 -31.250000 3.000000
    endloop
  endfacet
  facet normal 0.000000 0.000000 1.000000
    outer loop
      vertex -18.375000 -31.250000 3.000000
      vertex -14.375000 -31.250000 3.000000
      vertex -14.375000 31.250000 3.000000
    endloop
  endfacet
  facet normal 0.000000 0.000000 1.000000
    outer loop
      vertex -18.375000 -31.250000 3.000000
      vertex -14.375000 31.250000 3.000000
      vertex -18.375000 31.250000 3.000000
    endloop
  endfacet
  facet normal 0.000000 0.000000 1.000000
    outer loop
      vertex -18.375000 31.250000 3.000000
      vertex -14.375000 31.250000 3.000000
      vertex -14.375000 32.850000 3.000000
    endloop
  endfacet
  facet normal 0.000000 0.000000 1.000000
    outer loop
      vertex -18.375000 31.250000 3.000000
      vertex -14.375000 32.850000 3.000000
      vertex -18.375000 32.850000 3.000000
    endloop
  endfacet
  facet normal 0.000000 0.000000 1.000000
    outer loop
      vertex -18.375000 32.850000 3.000000
      vertex -14.375000 32.850000 3.000000
      vertex -14.375000 33.850000 3.000000
    endloop
  endfacet
  facet normal 0.000000 0.000000 1.000000
    outer loop
      vertex -18.375000 32.850000 3.000000
      vertex -14.375000 33.850000 3.000000
      vertex -18.375000 33.850000 3.000000
    endloop
  endfacet
  facet normal 0.000000 0.000000 1.000000
    outer loop
      vertex -18.375000 33.850000 3.000000
      vertex -14.375000 33.850000 3.000000
      vertex -14.375000 34.450000 3.000000
    endloop
  endfacet
  facet normal 0.000000 0.000000 1.000000
    outer loop
      vertex -18.375000 33.850000 3.000000
      vertex -14.375000 34.450000 3.000000
      vertex -18.375000 34.450000 3.000000
    endloop
  endfacet
  facet normal 0.000000 0.000000 1.000000
    outer loop
      vertex -18.375000 34.450000 3.000000
      vertex -14.375000 34.450000 3.000000
      vertex -14.375000 35.850000 3.000000
    endloop
  endfacet
  facet normal 0.000000 0.000000 1.000000
    outer loop
      vertex -18.375000 34.450000 3.000000
      vertex -14.375000 35.850000 3.000000
      vertex -18.375000 35.850000 3.000000
    endloop
  endfacet
  facet normal 0.000000 0.000000 1.000000
    outer loop
      vertex -18.375000 35.850000 3.000000
      vertex -14.375000 35.850000 3.000000
      vertex -14.375000 37.850000 3.000000
    endloop
  endfacet
  facet normal 0.000000 0.000000 1.000000
    outer loop
      vertex -18.375000 35.850000 3.000000
      vertex -14.375000 37.850000 3.000000
      vertex -18.375000 37.850000 3.000000
    endloop
  endfacet
  facet normal 0.000000 0.000000 1.000000
    outer loop
      vertex -18.375000 37.850000 3.000000
      vertex -14.375000 37.850000 3.000000
      vertex -14.375000 40.850000 3.000000
    endloop
  endfacet
  facet normal 0.000000 0.000000 1.000000
    outer loop
      vertex -18.375000 37.850000 3.000000
      vertex -14.375000 40.850000 3.000000
      vertex -18.375000 40.850000 3.000000
    endloop
  endfacet
  facet normal 0.000000 0.000000 1.000000
    outer loop
      vertex -14.375000 -37.850000 3.000000
      vertex 14.375000 -37.850000 3.000000
      vertex 14.375000 -35.850000 3.000000
    endloop
  endfacet
  facet normal 0.000000 0.000000 1.000000
    outer loop
      vertex -14.375000 -37.850000 3.000000
      vertex 14.375000 -35.850000 3.000000
      vertex -14.375000 -35.850000 3.000000
    endloop
  endfacet
  facet normal 0.000000 0.000000 1.000000
    outer loop
      vertex -14.375000 -35.850000 3.000000
      vertex 14.375000 -35.850000 3.000000
      vertex 14.375000 -34.450000 3.000000
    endloop
  endfacet
  facet normal 0.000000 0.000000 1.000000
    outer loop
      vertex -14.375000 -35.850000 3.000000
      vertex 14.375000 -34.450000 3.000000
      vertex -14.375000 -34.450000 3.000000
    endloop
  endfacet
  facet normal 0.000000 0.000000 1.000000
    outer loop
      vertex -14.375000 -34.450000 3.000000
      vertex 14.375000 -34.450000 3.000000
      vertex 14.375000 -33.850000 3.000000
    endloop
  endfacet
  facet normal 0.000000 0.000000 1.000000
    outer loop
      vertex -14.375000 -34.450000 3.000000
      vertex 14.375000 -33.850000 3.000000
      vertex -14.375000 -33.850000 3.000000
    endloop
  endfacet
  facet normal 0.000000 0.000000 1.000000
    outer loop
      vertex -14.375000 -33.850000 3.000000
      vertex 14.375000 -33.850000 3.000000
      vertex 14.375000 -32.850000 3.000000
    endloop
  endfacet
  facet normal 0.000000 0.000000 1.000000
    outer loop
      vertex -14.375000 -33.850000 3.000000
      vertex 14.375000 -32.850000 3.000000
      vertex -14.375000 -32.850000 3.000000
    endloop
  endfacet
  facet normal 0.000000 0.000000 1.000000
    outer loop
      vertex -14.375000 -32.850000 3.000000
      vertex 14.375000 -32.850000 3.000000
      vertex 14.375000 -31.250000 3.000000
    endloop
  endfacet
  facet normal 0.000000 0.000000 1.000000
    outer loop
      vertex -14.375000 -32.850000 3.000000
      vertex 14.375000 -31.250000 3.000000
      vertex -14.375000 -31.250000 3.000000
    endloop
  endfacet
  facet normal 0.000000 0.000000 1.000000
    outer loop
      vertex -14.375000 -31.250000 3.000000
      vertex 14.375000 -31.250000 3.000000
      vertex 14.375000 31.250000 3.000000
    endloop
  endfacet
  facet normal 0.000000 0.000000 1.000000
    outer loop
      vertex -14.375000 -31.250000 3.000000
      vertex 14.375000 31.250000 3.000000
      vertex -14.375000 31.250000 3.000000
    endloop
  endfacet
  facet normal 0.000000 0.000000 1.000000
    outer loop
      vertex -14.375000 31.250000 3.000000
      vertex 14.375000 31.250000 3.000000
      vertex 14.375000 32.850000 3.000000
    endloop
  endfacet
  facet normal 0.000000 0.000000 1.000000
    outer loop
      vertex -14.375000 31.250000 3.000000
      vertex 14.375000 32.850000 3.000000
      vertex -14.375000 32.850000 3.000000
    endloop
  endfacet
  facet normal 0.000000 0.000000 1.000000
    outer loop
      vertex -14.375000 32.850000 3.000000
      vertex 14.375000 32.850000 3.000000
      vertex 14.375000 33.850000 3.000000
    endloop
  endfacet
  facet normal 0.000000 0.000000 1.000000
    outer loop
      vertex -14.375000 32.850000 3.000000
      vertex 14.375000 33.850000 3.000000
      vertex -14.375000 33.850000 3.000000
    endloop
  endfacet
  facet normal 0.000000 0.000000 1.000000
    outer loop
      vertex -14.375000 33.850000 3.000000
      vertex 14.375000 33.850000 3.000000
      vertex 14.375000 34.450000 3.000000
    endloop
  endfacet
  facet normal 0.000000 0.000000 1.000000
    outer loop
      vertex -14.375000 33.850000 3.000000
      vertex 14.375000 34.450000 3.000000
      vertex -14.375000 34.450000 3.000000
    endloop
  endfacet
  facet normal 0.000000 0.000000 1.000000
    outer loop
      vertex -14.375000 34.450000 3.000000
      vertex 14.375000 34.450000 3.000000
      vertex 14.375000 35.850000 3.000000
    endloop
  endfacet
  facet normal 0.000000 0.000000 1.000000
    outer loop
      vertex -14.375000 34.450000 3.000000
      vertex 14.375000 35.850000 3.000000
      vertex -14.375000 35.850000 3.000000
    endloop
  endfacet
  facet normal 0.000000 0.000000 1.000000
    outer loop
      vertex -14.375000 35.850000 3.000000
      vertex 14.375000 35.850000 3.000000
      vertex 14.375000 37.850000 3.000000
    endloop
  endfacet
  facet normal 0.000000 0.000000 1.000000
    outer loop
      vertex -14.375000 35.850000 3.000000
      vertex 14.375000 37.850000 3.000000
      vertex -14.375000 37.850000 3.000000
    endloop
  endfacet
  facet normal 0.000000 0.000000 1.000000
    outer loop
      vertex 14.375000 -40.850000 3.000000
      vertex 18.375000 -40.850000 3.000000
      vertex 18.375000 -37.850000 3.000000
    endloop
  endfacet
  facet normal 0.000000 0.000000 1.000000
    outer loop
      vertex 14.375000 -40.850000 3.000000
      vertex 18.375000 -37.850000 3.000000
      vertex 14.375000 -37.850000 3.000000
    endloop
  endfacet
  facet normal 0.000000 0.000000 1.000000
    outer loop
      vertex 14.375000 -37.850000 3.000000
      vertex 18.375000 -37.850000 3.000000
      vertex 18.375000 -35.850000 3.000000
    endloop
  endfacet
  facet normal 0.000000 0.000000 1.000000
    outer loop
      vertex 14.375000 -37.850000 3.000000
      vertex 18.375000 -35.850000 3.000000
      vertex 14.375000 -35.850000 3.000000
    endloop
  endfacet
  facet normal 0.000000 0.000000 1.000000
    outer loop
      vertex 14.375000 -35.850000 3.000000
      vertex 18.375000 -35.850000 3.000000
      vertex 18.375000 -34.450000 3.000000
    endloop
  endfacet
  facet normal 0.000000 0.000000 1.000000
    outer loop
      vertex 14.375000 -35.850000 3.000000
      vertex 18.375000 -34.450000 3.000000
      vertex 14.375000 -34.450000 3.000000
    endloop
  endfacet
  facet normal 0.000000 0.000000 1.000000
    outer loop
      vertex 14.375000 -34.450000 3.000000
      vertex 18.375000 -34.450000 3.000000
      vertex 18.375000 -33.850000 3.000000
    endloop
  endfacet
  facet normal 0.000000 0.000000 1.000000
    outer loop
      vertex 14.375000 -34.450000 3.000000
      vertex 18.375000 -33.850000 3.000000
      vertex 14.375000 -33.850000 3.000000
    endloop
  endfacet
  facet normal 0.000000 0.000000 1.000000
    outer loop
      vertex 14.375000 -33.850000 3.000000
      vertex 18.375000 -33.850000 3.000000
      vertex 18.375000 -32.850000 3.000000
    endloop
  endfacet
  facet normal 0.000000 0.000000 1.000000
    outer loop
      vertex 14.375000 -33.850000 3.000000
      vertex 18.375000 -32.850000 3.000000
      vertex 14.375000 -32.850000 3.000000
    endloop
  endfacet
  facet normal 0.000000 0.000000 1.000000
    outer loop
      vertex 14.375000 -32.850000 3.000000
      vertex 18.375000 -32.850000 3.000000
      vertex 18.375000 -31.250000 3.000000
    endloop
  endfacet
  facet normal 0.000000 0.000000 1.000000
    outer loop
      vertex 14.375000 -32.850000 3.000000
      vertex 18.375000 -31.250000 3.000000
      vertex 14.375000 -31.250000 3.000000
    endloop
  endfacet
  facet normal 0.000000 0.000000 1.000000
    outer loop
      vertex 14.375000 -31.250000 3.000000
      vertex 18.375000 -31.250000 3.000000
      vertex 18.375000 31.250000 3.000000
    endloop
  endfacet
  facet normal 0.000000 0.000000 1.000000
    outer loop
      vertex 14.375000 -31.250000 3.000000
      vertex 18.375000 31.250000 3.000000
      vertex 14.375000 31.250000 3.000000
    endloop
  endfacet
  facet normal 0.000000 0.000000 1.000000
    outer loop
      vertex 14.375000 31.250000 3.000000
      vertex 18.375000 31.250000 3.000000
      vertex 18.375000 32.850000 3.000000
    endloop
  endfacet
  facet normal 0.000000 0.000000 1.000000
    outer loop
      vertex 14.375000 31.250000 3.000000
      vertex 18.375000 32.850000 3.000000
      vertex 14.375000 32.850000 3.000000
    endloop
  endfacet
  facet normal 0.000000 0.000000 1.000000
    outer loop
      vertex 14.375000 32.850000 3.000000
      vertex 18.375000 32.850000 3.000000
      vertex 18.375000 33.850000 3.000000
    endloop
  endfacet
  facet normal 0.000000 0.000000 1.000000
    outer loop
      vertex 14.375000 32.850000 3.000000
      vertex 18.375000 33.850000 3.000000
      vertex 14.375000 33.850000 3.000000
    endloop
  endfacet
  facet normal 0.000000 0.000000 1.000000
    outer loop
      vertex 14.375000 33.850000 3.000000
      vertex 18.375000 33.850000 3.000000
      vertex 18.375000 34.450000 3.000000
    endloop
  endfacet
  facet normal 0.000000 0.000000 1.000000
    outer loop
      vertex 14.375000 33.850000 3.000000
      vertex 18.375000 34.450000 3.000000
      vertex 14.375000 34.450000 3.000000
    endloop
  endfacet
  facet normal 0.000000 0.000000 1.000000
    outer loop
      vertex 14.375000 34.450000 3.000000
      vertex 18.375000 34.450000 3.000000
      vertex 18.375000 35.850000 3.000000
    endloop
  endfacet
  facet normal 0.000000 0.000000 1.000000
    outer loop
      vertex 14.375000 34.450000 3.000000
      vertex 18.375000 35.850000 3.000000
      vertex 14.375000 35.850000 3.000000
    endloop
  endfacet
  facet normal 0.000000 0.000000 1.000000
    outer loop
      vertex 14.375000 35.850000 3.000000
      vertex 18.375000 35.850000 3.000000
      vertex 18.375000 37.850000 3.000000
    endloop
  endfacet
  facet normal 0.000000 0.000000 1.000000
    outer loop
      vertex 14.375000 35.850000 3.000000
      vertex 18.375000 37.850000 3.000000
      vertex 14.375000 37.850000 3.000000
    endloop
  endfacet
  facet normal 0.000000 0.000000 1.000000
    outer loop
      vertex 14.375000 37.850000 3.000000
      vertex 18.375000 37.850000 3.000000
      vertex 18.375000 40.850000 3.000000
    endloop
  endfacet
  facet normal 0.000000 0.000000 1.000000
    outer loop
      vertex 14.375000 37.850000 3.000000
      vertex 18.375000 40.850000 3.000000
      vertex 14.375000 40.850000 3.000000
    endloop
  endfacet
  facet normal 0.000000 0.000000 1.000000
    outer loop
      vertex 18.375000 -40.850000 3.000000
      vertex 20.375000 -40.850000 3.000000
      vertex 20.375000 -37.850000 3.000000
    endloop
  endfacet
  facet normal 0.000000 0.000000 1.000000
    outer loop
      vertex 18.375000 -40.850000 3.000000
      vertex 20.375000 -37.850000 3.000000
      vertex 18.375000 -37.850000 3.000000
    endloop
  endfacet
  facet normal 0.000000 0.000000 1.000000
    outer loop
      vertex 18.375000 -33.850000 3.000000
      vertex 20.375000 -33.850000 3.000000
      vertex 20.375000 -32.850000 3.000000
    endloop
  endfacet
  facet normal 0.000000 0.000000 1.000000
    outer loop
      vertex 18.375000 -33.850000 3.000000
      vertex 20.375000 -32.850000 3.000000
      vertex 18.375000 -32.850000 3.000000
    endloop
  endfacet
  facet normal 0.000000 0.000000 1.000000
    outer loop
      vertex 18.375000 -32.850000 3.000000
      vertex 20.375000 -32.850000 3.000000
      vertex 20.375000 -31.250000 3.000000
    endloop
  endfacet
  facet normal 0.000000 0.000000 1.000000
    outer loop
      vertex 18.375000 -32.850000 3.000000
      vertex 20.375000 -31.250000 3.000000
      vertex 18.375000 -31.250000 3.000000
    endloop
  endfacet
  facet normal 0.000000 0.000000 1.000000
    outer loop
      vertex 18.375000 -31.250000 3.000000
      vertex 20.375000 -31.250000 3.000000
      vertex 20.375000 31.250000 3.000000
    endloop
  endfacet
  facet normal 0.000000 0.000000 1.000000
    outer loop
      vertex 18.375000 -31.250000 3.000000
      vertex 20.375000 31.250000 3.000000
      vertex 18.375000 31.250000 3.000000
    endloop
  endfacet
  facet normal 0.000000 0.000000 1.000000
    outer loop
      vertex 18.375000 31.250000 3.000000
      vertex 20.375000 31.250000 3.000000
      vertex 20.375000 32.850000 3.000000
    endloop
  endfacet
  facet normal 0.000000 0.000000 1.000000
    outer loop
      vertex 18.375000 31.250000 3.000000
      vertex 20.375000 32.850000 3.000000
      vertex 18.375000 32.850000 3.000000
    endloop
  endfacet
  facet normal 0.000000 0.000000 1.000000
    outer loop
      vertex 18.375000 32.850000 3.000000
      vertex 20.375000 32.850000 3.000000
      vertex 20.375000 33.850000 3.000000
    endloop
  endfacet
  facet normal 0.000000 0.000000 1.000000
    outer loop
      vertex 18.375000 32.850000 3.000000
      vertex 20.375000 33.850000 3.000000
      vertex 18.375000 33.850000 3.000000
    endloop
  endfacet
  facet normal 0.000000 0.000000 1.000000
    outer loop
      vertex 18.375000 37.850000 3.000000
      vertex 20.375000 37.850000 3.000000
      vertex 20.375000 40.850000 3.000000
    endloop
  endfacet
  facet normal 0.000000 0.000000 1.000000
    outer loop
      vertex 18.375000 37.850000 3.000000
      vertex 20.375000 40.850000 3.000000
      vertex 18.375000 40.850000 3.000000
    endloop
  endfacet
  facet normal 0.000000 0.000000 1.000000
    outer loop
      vertex 20.375000 -40.850000 3.000000
      vertex 46.375000 -40.850000 3.000000
      vertex 46.375000 -37.850000 3.000000
    endloop
  endfacet
  facet normal 0.000000 0.000000 1.000000
    outer loop
      vertex 20.375000 -40.850000 3.000000
      vertex 46.375000 -37.850000 3.000000
      vertex 20.375000 -37.850000 3.000000
    endloop
  endfacet
  facet normal 0.000000 0.000000 1.000000
    outer loop
      vertex 20.375000 -33.850000 3.000000
      vertex 46.375000 -33.850000 3.000000
      vertex 46.375000 -32.850000 3.000000
    endloop
  endfacet
  facet normal 0.000000 0.000000 1.000000
    outer loop
      vertex 20.375000 -33.850000 3.000000
      vertex 46.375000 -32.850000 3.000000
      vertex 20.375000 -32.850000 3.000000
    endloop
  endfacet
  facet normal 0.000000 0.000000 1.000000
    outer loop
      vertex 20.375000 -32.850000 3.000000
      vertex 46.375000 -32.850000 3.000000
      vertex 46.375000 -31.250000 3.000000
    endloop
  endfacet
  facet normal 0.000000 0.000000 1.000000
    outer loop
      vertex 20.375000 -32.850000 3.000000
      vertex 46.375000 -31.250000 3.000000
      vertex 20.375000 -31.250000 3.000000
    endloop
  endfacet
  facet normal 0.000000 0.000000 1.000000
    outer loop
      vertex 20.375000 -31.250000 3.000000
      vertex 46.375000 -31.250000 3.000000
      vertex 46.375000 31.250000 3.000000
    endloop
  endfacet
  facet normal 0.000000 0.000000 1.000000
    outer loop
      vertex 20.375000 -31.250000 3.000000
      vertex 46.375000 31.250000 3.000000
      vertex 20.375000 31.250000 3.000000
    endloop
  endfacet
  facet normal 0.000000 0.000000 1.000000
    outer loop
      vertex 20.375000 31.250000 3.000000
      vertex 46.375000 31.250000 3.000000
      vertex 46.375000 32.850000 3.000000
    endloop
  endfacet
  facet normal 0.000000 0.000000 1.000000
    outer loop
      vertex 20.375000 31.250000 3.000000
      vertex 46.375000 32.850000 3.000000
      vertex 20.375000 32.850000 3.000000
    endloop
  endfacet
  facet normal 0.000000 0.000000 1.000000
    outer loop
      vertex 20.375000 32.850000 3.000000
      vertex 46.375000 32.850000 3.000000
      vertex 46.375000 33.850000 3.000000
    endloop
  endfacet
  facet normal 0.000000 0.000000 1.000000
    outer loop
      vertex 20.375000 32.850000 3.000000
      vertex 46.375000 33.850000 3.000000
      vertex 20.375000 33.850000 3.000000
    endloop
  endfacet
  facet normal 0.000000 0.000000 1.000000
    outer loop
      vertex 20.375000 37.850000 3.000000
      vertex 46.375000 37.850000 3.000000
      vertex 46.375000 40.850000 3.000000
    endloop
  endfacet
  facet normal 0.000000 0.000000 1.000000
    outer loop
      vertex 20.375000 37.850000 3.000000
      vertex 46.375000 40.850000 3.000000
      vertex 20.375000 40.850000 3.000000
    endloop
  endfacet
  facet normal 0.000000 0.000000 1.000000
    outer loop
      vertex 46.375000 -40.850000 3.000000
      vertex 48.375000 -40.850000 3.000000
      vertex 48.375000 -37.850000 3.000000
    endloop
  endfacet
  facet normal 0.000000 0.000000 1.000000
    outer loop
      vertex 46.375000 -40.850000 3.000000
      vertex 48.375000 -37.850000 3.000000
      vertex 46.375000 -37.850000 3.000000
    endloop
  endfacet
  facet normal 0.000000 0.000000 1.000000
    outer loop
      vertex 46.375000 -33.850000 3.000000
      vertex 48.375000 -33.850000 3.000000
      vertex 48.375000 -32.850000 3.000000
    endloop
  endfacet
  facet normal 0.000000 0.000000 1.000000
    outer loop
      vertex 46.375000 -33.850000 3.000000
      vertex 48.375000 -32.850000 3.000000
      vertex 46.375000 -32.850000 3.000000
    endloop
  endfacet
  facet normal 0.000000 0.000000 1.000000
    outer loop
      vertex 46.375000 -32.850000 3.000000
      vertex 48.375000 -32.850000 3.000000
      vertex 48.375000 -31.250000 3.000000
    endloop
  endfacet
  facet normal 0.000000 0.000000 1.000000
    outer loop
      vertex 46.375000 -32.850000 3.000000
      vertex 48.375000 -31.250000 3.000000
      vertex 46.375000 -31.250000 3.000000
    endloop
  endfacet
  facet normal 0.000000 0.000000 1.000000
    outer loop
      vertex 46.375000 -31.250000 3.000000
      vertex 48.375000 -31.250000 3.000000
      vertex 48.375000 31.250000 3.000000
    endloop
  endfacet
  facet normal 0.000000 0.000000 1.000000
    outer loop
      vertex 46.375000 -31.250000 3.000000
      vertex 48.375000 31.250000 3.000000
      vertex 46.375000 31.250000 3.000000
    endloop
  endfacet
  facet normal 0.000000 0.000000 1.000000
    outer loop
      vertex 46.375000 31.250000 3.000000
      vertex 48.375000 31.250000 3.000000
      vertex 48.375000 32.850000 3.000000
    endloop
  endfacet
  facet normal 0.000000 0.000000 1.000000
    outer loop
      vertex 46.375000 31.250000 3.000000
      vertex 48.375000 32.850000 3.000000
      vertex 46.375000 32.850000 3.000000
    endloop
  endfacet
  facet normal 0.000000 0.000000 1.000000
    outer loop
      vertex 46.375000 32.850000 3.000000
      vertex 48.375000 32.850000 3.000000
      vertex 48.375000 33.850000 3.000000
    endloop
  endfacet
  facet normal 0.000000 0.000000 1.000000
    outer loop
      vertex 46.375000 32.850000 3.000000
      vertex 48.375000 33.850000 3.000000
      vertex 46.375000 33.850000 3.000000
    endloop
  endfacet
  facet normal 0.000000 0.000000 1.000000
    outer loop
      vertex 46.375000 37.850000 3.000000
      vertex 48.375000 37.850000 3.000000
      vertex 48.375000 40.850000 3.000000
    endloop
  endfacet
  facet normal 0.000000 0.000000 1.000000
    outer loop
      vertex 46.375000 37.850000 3.000000
      vertex 48.375000 40.850000 3.000000
      vertex 46.375000 40.850000 3.000000
    endloop
  endfacet
  facet normal 0.000000 0.000000 1.000000
    outer loop
      vertex 48.375000 -40.850000 3.000000
      vertex 52.375000 -40.850000 3.000000
      vertex 52.375000 -37.850000 3.000000
    endloop
  endfacet
  facet normal 0.000000 0.000000 1.000000
    outer loop
      vertex 48.375000 -40.850000 3.000000
      vertex 52.375000 -37.850000 3.000000
      vertex 48.375000 -37.850000 3.000000
    endloop
  endfacet
  facet normal 0.000000 0.000000 1.000000
    outer loop
      vertex 48.375000 -37.850000 3.000000
      vertex 52.375000 -37.850000 3.000000
      vertex 52.375000 -35.850000 3.000000
    endloop
  endfacet
  facet normal 0.000000 0.000000 1.000000
    outer loop
      vertex 48.375000 -37.850000 3.000000
      vertex 52.375000 -35.850000 3.000000
      vertex 48.375000 -35.850000 3.000000
    endloop
  endfacet
  facet normal 0.000000 0.000000 1.000000
    outer loop
      vertex 48.375000 -35.850000 3.000000
      vertex 52.375000 -35.850000 3.000000
      vertex 52.375000 -34.450000 3.000000
    endloop
  endfacet
  facet normal 0.000000 0.000000 1.000000
    outer loop
      vertex 48.375000 -35.850000 3.000000
      vertex 52.375000 -34.450000 3.000000
      vertex 48.375000 -34.450000 3.000000
    endloop
  endfacet
  facet normal 0.000000 0.000000 1.000000
    outer loop
      vertex 48.375000 -34.450000 3.000000
      vertex 52.375000 -34.450000 3.000000
      vertex 52.375000 -33.850000 3.000000
    endloop
  endfacet
  facet normal 0.000000 0.000000 1.000000
    outer loop
      vertex 48.375000 -34.450000 3.000000
      vertex 52.375000 -33.850000 3.000000
      vertex 48.375000 -33.850000 3.000000
    endloop
  endfacet
  facet normal 0.000000 0.000000 1.000000
    outer loop
      vertex 48.375000 -33.850000 3.000000
      vertex 52.375000 -33.850000 3.000000
      vertex 52.375000 -32.850000 3.000000
    endloop
  endfacet
  facet normal 0.000000 0.000000 1.000000
    outer loop
      vertex 48.375000 -33.850000 3.000000
      vertex 52.375000 -32.850000 3.000000
      vertex 48.375000 -32.850000 3.000000
    endloop
  endfacet
  facet normal 0.000000 0.000000 1.000000
    outer loop
      vertex 48.375000 -32.850000 3.000000
      vertex 52.375000 -32.850000 3.000000
      vertex 52.375000 -31.250000 3.000000
    endloop
  endfacet
  facet normal 0.000000 0.000000 1.000000
    outer loop
      vertex 48.375000 -32.850000 3.000000
      vertex 52.375000 -31.250000 3.000000
      vertex 48.375000 -31.250000 3.000000
    endloop
  endfacet
  facet normal 0.000000 0.000000 1.000000
    outer loop
      vertex 48.375000 -31.250000 3.000000
      vertex 52.375000 -31.250000 3.000000
      vertex 52.375000 31.250000 3.000000
    endloop
  endfacet
  facet normal 0.000000 0.000000 1.000000
    outer loop
      vertex 48.375000 -31.250000 3.000000
      vertex 52.375000 31.250000 3.000000
      vertex 48.375000 31.250000 3.000000
    endloop
  endfacet
  facet normal 0.000000 0.000000 1.000000
    outer loop
      vertex 48.375000 31.250000 3.000000
      vertex 52.375000 31.250000 3.000000
      vertex 52.375000 32.850000 3.000000
    endloop
  endfacet
  facet normal 0.000000 0.000000 1.000000
    outer loop
      vertex 48.375000 31.250000 3.000000
      vertex 52.375000 32.850000 3.000000
      vertex 48.375000 32.850000 3.000000
    endloop
  endfacet
  facet normal 0.000000 0.000000 1.000000
    outer loop
      vertex 48.375000 32.850000 3.000000
      vertex 52.375000 32.850000 3.000000
      vertex 52.375000 33.850000 3.000000
    endloop
  endfacet
  facet normal 0.000000 0.000000 1.000000
    outer loop
      vertex 48.375000 32.850000 3.000000
      vertex 52.375000 33.850000 3.000000
      vertex 48.375000 33.850000 3.000000
    endloop
  endfacet
  facet normal 0.000000 0.000000 1.000000
    outer loop
      vertex 48.375000 33.850000 3.000000
      vertex 52.375000 33.850000 3.000000
      vertex 52.375000 34.450000 3.000000
    endloop
  endfacet
  facet normal 0.000000 0.000000 1.000000
    outer loop
      vertex 48.375000 33.850000 3.000000
      vertex 52.375000 34.450000 3.000000
      vertex 48.375000 34.450000 3.000000
    endloop
  endfacet
  facet normal 0.000000 0.000000 1.000000
    outer loop
      vertex 48.375000 34.450000 3.000000
      vertex 52.375000 34.450000 3.000000
      vertex 52.375000 35.850000 3.000000
    endloop
  endfacet
  facet normal 0.000000 0.000000 1.000000
    outer loop
      vertex 48.375000 34.450000 3.000000
      vertex 52.375000 35.850000 3.000000
      vertex 48.375000 35.850000 3.000000
    endloop
  endfacet
  facet normal 0.000000 0.000000 1.000000
    outer loop
      vertex 48.375000 35.850000 3.000000
      vertex 52.375000 35.850000 3.000000
      vertex 52.375000 37.850000 3.000000
    endloop
  endfacet
  facet normal 0.000000 0.000000 1.000000
    outer loop
      vertex 48.375000 35.850000 3.000000
      vertex 52.375000 37.850000 3.000000
      vertex 48.375000 37.850000 3.000000
    endloop
  endfacet
  facet normal 0.000000 0.000000 1.000000
    outer loop
      vertex 48.375000 37.850000 3.000000
      vertex 52.375000 37.850000 3.000000
      vertex 52.375000 40.850000 3.000000
    endloop
  endfacet
  facet normal 0.000000 0.000000 1.000000
    outer loop
      vertex 48.375000 37.850000 3.000000
      vertex 52.375000 40.850000 3.000000
      vertex 48.375000 40.850000 3.000000
    endloop
  endfacet
  facet normal 0.000000 0.000000 1.000000
    outer loop
      vertex 52.375000 -37.850000 3.000000
      vertex 60.150000 -37.850000 3.000000
      vertex 60.150000 -35.850000 3.000000
    endloop
  endfacet
  facet normal 0.000000 0.000000 1.000000
    outer loop
      vertex 52.375000 -37.850000 3.000000
      vertex 60.150000 -35.850000 3.000000
      vertex 52.375000 -35.850000 3.000000
    endloop
  endfacet
  facet normal 0.000000 0.000000 1.000000
    outer loop
      vertex 52.375000 -35.850000 3.000000
      vertex 60.150000 -35.850000 3.000000
      vertex 60.150000 -34.450000 3.000000
    endloop
  endfacet
  facet normal 0.000000 0.000000 1.000000
    outer loop
      vertex 52.375000 -35.850000 3.000000
      vertex 60.150000 -34.450000 3.000000
      vertex 52.375000 -34.450000 3.000000
    endloop
  endfacet
  facet normal 0.000000 0.000000 1.000000
    outer loop
      vertex 52.375000 -34.450000 3.000000
      vertex 60.150000 -34.450000 3.000000
      vertex 60.150000 -33.850000 3.000000
    endloop
  endfacet
  facet normal 0.000000 0.000000 1.000000
    outer loop
      vertex 52.375000 -34.450000 3.000000
      vertex 60.150000 -33.850000 3.000000
      vertex 52.375000 -33.850000 3.000000
    endloop
  endfacet
  facet normal 0.000000 0.000000 1.000000
    outer loop
      vertex 52.375000 -33.850000 3.000000
      vertex 60.150000 -33.850000 3.000000
      vertex 60.150000 -32.850000 3.000000
    endloop
  endfacet
  facet normal 0.000000 0.000000 1.000000
    outer loop
      vertex 52.375000 -33.850000 3.000000
      vertex 60.150000 -32.850000 3.000000
      vertex 52.375000 -32.850000 3.000000
    endloop
  endfacet
  facet normal 0.000000 0.000000 1.000000
    outer loop
      vertex 52.375000 -32.850000 3.000000
      vertex 60.150000 -32.850000 3.000000
      vertex 60.150000 -31.250000 3.000000
    endloop
  endfacet
  facet normal 0.000000 0.000000 1.000000
    outer loop
      vertex 52.375000 -32.850000 3.000000
      vertex 60.150000 -31.250000 3.000000
      vertex 52.375000 -31.250000 3.000000
    endloop
  endfacet
  facet normal 0.000000 0.000000 1.000000
    outer loop
      vertex 52.375000 -31.250000 3.000000
      vertex 60.150000 -31.250000 3.000000
      vertex 60.150000 31.250000 3.000000
    endloop
  endfacet
  facet normal 0.000000 0.000000 1.000000
    outer loop
      vertex 52.375000 -31.250000 3.000000
      vertex 60.150000 31.250000 3.000000
      vertex 52.375000 31.250000 3.000000
    endloop
  endfacet
  facet normal 0.000000 0.000000 1.000000
    outer loop
      vertex 52.375000 31.250000 3.000000
      vertex 60.150000 31.250000 3.000000
      vertex 60.150000 32.850000 3.000000
    endloop
  endfacet
  facet normal 0.000000 0.000000 1.000000
    outer loop
      vertex 52.375000 31.250000 3.000000
      vertex 60.150000 32.850000 3.000000
      vertex 52.375000 32.850000 3.000000
    endloop
  endfacet
  facet normal 0.000000 0.000000 1.000000
    outer loop
      vertex 52.375000 32.850000 3.000000
      vertex 60.150000 32.850000 3.000000
      vertex 60.150000 33.850000 3.000000
    endloop
  endfacet
  facet normal 0.000000 0.000000 1.000000
    outer loop
      vertex 52.375000 32.850000 3.000000
      vertex 60.150000 33.850000 3.000000
      vertex 52.375000 33.850000 3.000000
    endloop
  endfacet
  facet normal 0.000000 0.000000 1.000000
    outer loop
      vertex 52.375000 33.850000 3.000000
      vertex 60.150000 33.850000 3.000000
      vertex 60.150000 34.450000 3.000000
    endloop
  endfacet
  facet normal 0.000000 0.000000 1.000000
    outer loop
      vertex 52.375000 33.850000 3.000000
      vertex 60.150000 34.450000 3.000000
      vertex 52.375000 34.450000 3.000000
    endloop
  endfacet
  facet normal 0.000000 0.000000 1.000000
    outer loop
      vertex 52.375000 34.450000 3.000000
      vertex 60.150000 34.450000 3.000000
      vertex 60.150000 35.850000 3.000000
    endloop
  endfacet
  facet normal 0.000000 0.000000 1.000000
    outer loop
      vertex 52.375000 34.450000 3.000000
      vertex 60.150000 35.850000 3.000000
      vertex 52.375000 35.850000 3.000000
    endloop
  endfacet
  facet normal 0.000000 0.000000 1.000000
    outer loop
      vertex 52.375000 35.850000 3.000000
      vertex 60.150000 35.850000 3.000000
      vertex 60.150000 37.850000 3.000000
    endloop
  endfacet
  facet normal 0.000000 0.000000 1.000000
    outer loop
      vertex 52.375000 35.850000 3.000000
      vertex 60.150000 37.850000 3.000000
      vertex 52.375000 37.850000 3.000000
    endloop
  endfacet
  facet normal 0.000000 0.000000 1.000000
    outer loop
      vertex 60.150000 -37.850000 3.000000
      vertex 61.750000 -37.850000 3.000000
      vertex 61.750000 -35.850000 3.000000
    endloop
  endfacet
  facet normal 0.000000 0.000000 1.000000
    outer loop
      vertex 60.150000 -37.850000 3.000000
      vertex 61.750000 -35.850000 3.000000
      vertex 60.150000 -35.850000 3.000000
    endloop
  endfacet
  facet normal 0.000000 0.000000 1.000000
    outer loop
      vertex 60.150000 -35.850000 3.000000
      vertex 61.750000 -35.850000 3.000000
      vertex 61.750000 -34.450000 3.000000
    endloop
  endfacet
  facet normal 0.000000 0.000000 1.000000
    outer loop
      vertex 60.150000 -35.850000 3.000000
      vertex 61.750000 -34.450000 3.000000
      vertex 60.150000 -34.450000 3.000000
    endloop
  endfacet
  facet normal 0.000000 0.000000 1.000000
    outer loop
      vertex 60.150000 -31.250000 3.000000
      vertex 61.750000 -31.250000 3.000000
      vertex 61.750000 31.250000 3.000000
    endloop
  endfacet
  facet normal 0.000000 0.000000 1.000000
    outer loop
      vertex 60.150000 -31.250000 3.000000
      vertex 61.750000 31.250000 3.000000
      vertex 60.150000 31.250000 3.000000
    endloop
  endfacet
  facet normal 0.000000 0.000000 1.000000
    outer loop
      vertex 60.150000 34.450000 3.000000
      vertex 61.750000 34.450000 3.000000
      vertex 61.750000 35.850000 3.000000
    endloop
  endfacet
  facet normal 0.000000 0.000000 1.000000
    outer loop
      vertex 60.150000 34.450000 3.000000
      vertex 61.750000 35.850000 3.000000
      vertex 60.150000 35.850000 3.000000
    endloop
  endfacet
  facet normal 0.000000 0.000000 1.000000
    outer loop
      vertex 60.150000 35.850000 3.000000
      vertex 61.750000 35.850000 3.000000
      vertex 61.750000 37.850000 3.000000
    endloop
  endfacet
  facet normal 0.000000 0.000000 1.000000
    outer loop
      vertex 60.150000 35.850000 3.000000
      vertex 61.750000 37.850000 3.000000
      vertex 60.150000 37.850000 3.000000
    endloop
  endfacet
  facet normal 0.000000 0.000000 1.000000
    outer loop
      vertex 61.750000 -37.850000 3.000000
      vertex 63.350000 -37.850000 3.000000
      vertex 63.350000 -35.850000 3.000000
    endloop
  endfacet
  facet normal 0.000000 0.000000 1.000000
    outer loop
      vertex 61.750000 -37.850000 3.000000
      vertex 63.350000 -35.850000 3.000000
      vertex 61.750000 -35.850000 3.000000
    endloop
  endfacet
  facet normal 0.000000 0.000000 1.000000
    outer loop
      vertex 61.750000 -35.850000 3.000000
      vertex 63.350000 -35.850000 3.000000
      vertex 63.350000 -34.450000 3.000000
    endloop
  endfacet
  facet normal 0.000000 0.000000 1.000000
    outer loop
      vertex 61.750000 -35.850000 3.000000
      vertex 63.350000 -34.450000 3.000000
      vertex 61.750000 -34.450000 3.000000
    endloop
  endfacet
  facet normal 0.000000 0.000000 1.000000
    outer loop
      vertex 61.750000 -31.250000 3.000000
      vertex 63.350000 -31.250000 3.000000
      vertex 63.350000 31.250000 3.000000
    endloop
  endfacet
  facet normal 0.000000 0.000000 1.000000
    outer loop
      vertex 61.750000 -31.250000 3.000000
      vertex 63.350000 31.250000 3.000000
      vertex 61.750000 31.250000 3.000000
    endloop
  endfacet
  facet normal 0.000000 0.000000 1.000000
    outer loop
      vertex 61.750000 34.450000 3.000000
      vertex 63.350000 34.450000 3.000000
      vertex 63.350000 35.850000 3.000000
    endloop
  endfacet
  facet normal 0.000000 0.000000 1.000000
    outer loop
      vertex 61.750000 34.450000 3.000000
      vertex 63.350000 35.850000 3.000000
      vertex 61.750000 35.850000 3.000000
    endloop
  endfacet
  facet normal 0.000000 0.000000 1.000000
    outer loop
      vertex 61.750000 35.850000 3.000000
      vertex 63.350000 35.850000 3.000000
      vertex 63.350000 37.850000 3.000000
    endloop
  endfacet
  facet normal 0.000000 0.000000 1.000000
    outer loop
      vertex 61.750000 35.850000 3.000000
      vertex 63.350000 37.850000 3.000000
      vertex 61.750000 37.850000 3.000000
    endloop
  endfacet
  facet normal 0.000000 0.000000 1.000000
    outer loop
      vertex 63.350000 -37.850000 3.000000
      vertex 66.750000 -37.850000 3.000000
      vertex 66.750000 -35.850000 3.000000
    endloop
  endfacet
  facet normal 0.000000 0.000000 1.000000
    outer loop
      vertex 63.350000 -37.850000 3.000000
      vertex 66.750000 -35.850000 3.000000
      vertex 63.350000 -35.850000 3.000000
    endloop
  endfacet
  facet normal 0.000000 0.000000 1.000000
    outer loop
      vertex 63.350000 -35.850000 3.000000
      vertex 66.750000 -35.850000 3.000000
      vertex 66.750000 -34.450000 3.000000
    endloop
  endfacet
  facet normal 0.000000 0.000000 1.000000
    outer loop
      vertex 63.350000 -35.850000 3.000000
      vertex 66.750000 -34.450000 3.000000
      vertex 63.350000 -34.450000 3.000000
    endloop
  endfacet
  facet normal 0.000000 0.000000 1.000000
    outer loop
      vertex 63.350000 -34.450000 3.000000
      vertex 66.750000 -34.450000 3.000000
      vertex 66.750000 -33.850000 3.000000
    endloop
  endfacet
  facet normal 0.000000 0.000000 1.000000
    outer loop
      vertex 63.350000 -34.450000 3.000000
      vertex 66.750000 -33.850000 3.000000
      vertex 63.350000 -33.850000 3.000000
    endloop
  endfacet
  facet normal 0.000000 0.000000 1.000000
    outer loop
      vertex 63.350000 -33.850000 3.000000
      vertex 66.750000 -33.850000 3.000000
      vertex 66.750000 -32.850000 3.000000
    endloop
  endfacet
  facet normal 0.000000 0.000000 1.000000
    outer loop
      vertex 63.350000 -33.850000 3.000000
      vertex 66.750000 -32.850000 3.000000
      vertex 63.350000 -32.850000 3.000000
    endloop
  endfacet
  facet normal 0.000000 0.000000 1.000000
    outer loop
      vertex 63.350000 -32.850000 3.000000
      vertex 66.750000 -32.850000 3.000000
      vertex 66.750000 -31.250000 3.000000
    endloop
  endfacet
  facet normal 0.000000 0.000000 1.000000
    outer loop
      vertex 63.350000 -32.850000 3.000000
      vertex 66.750000 -31.250000 3.000000
      vertex 63.350000 -31.250000 3.000000
    endloop
  endfacet
  facet normal 0.000000 0.000000 1.000000
    outer loop
      vertex 63.350000 -31.250000 3.000000
      vertex 66.750000 -31.250000 3.000000
      vertex 66.750000 31.250000 3.000000
    endloop
  endfacet
  facet normal 0.000000 0.000000 1.000000
    outer loop
      vertex 63.350000 -31.250000 3.000000
      vertex 66.750000 31.250000 3.000000
      vertex 63.350000 31.250000 3.000000
    endloop
  endfacet
  facet normal 0.000000 0.000000 1.000000
    outer loop
      vertex 63.350000 31.250000 3.000000
      vertex 66.750000 31.250000 3.000000
      vertex 66.750000 32.850000 3.000000
    endloop
  endfacet
  facet normal 0.000000 0.000000 1.000000
    outer loop
      vertex 63.350000 31.250000 3.000000
      vertex 66.750000 32.850000 3.000000
      vertex 63.350000 32.850000 3.000000
    endloop
  endfacet
  facet normal 0.000000 0.000000 1.000000
    outer loop
      vertex 63.350000 32.850000 3.000000
      vertex 66.750000 32.850000 3.000000
      vertex 66.750000 33.850000 3.000000
    endloop
  endfacet
  facet normal 0.000000 0.000000 1.000000
    outer loop
      vertex 63.350000 32.850000 3.000000
      vertex 66.750000 33.850000 3.000000
      vertex 63.350000 33.850000 3.000000
    endloop
  endfacet
  facet normal 0.000000 0.000000 1.000000
    outer loop
      vertex 63.350000 33.850000 3.000000
      vertex 66.750000 33.850000 3.000000
      vertex 66.750000 34.450000 3.000000
    endloop
  endfacet
  facet normal 0.000000 0.000000 1.000000
    outer loop
      vertex 63.350000 33.850000 3.000000
      vertex 66.750000 34.450000 3.000000
      vertex 63.350000 34.450000 3.000000
    endloop
  endfacet
  facet normal 0.000000 0.000000 1.000000
    outer loop
      vertex 63.350000 34.450000 3.000000
      vertex 66.750000 34.450000 3.000000
      vertex 66.750000 35.850000 3.000000
    endloop
  endfacet
  facet normal 0.000000 0.000000 1.000000
    outer loop
      vertex 63.350000 34.450000 3.000000
      vertex 66.750000 35.850000 3.000000
      vertex 63.350000 35.850000 3.000000
    endloop
  endfacet
  facet normal 0.000000 0.000000 1.000000
    outer loop
      vertex 63.350000 35.850000 3.000000
      vertex 66.750000 35.850000 3.000000
      vertex 66.750000 37.850000 3.000000
    endloop
  endfacet
  facet normal 0.000000 0.000000 1.000000
    outer loop
      vertex 63.350000 35.850000 3.000000
      vertex 66.750000 37.850000 3.000000
      vertex 63.350000 37.850000 3.000000
    endloop
  endfacet
  facet normal 0.000000 0.000000 -1.000000
    outer loop
      vertex -69.750000 -37.850000 0.000000
      vertex -63.350000 -37.850000 0.000000
      vertex -63.350000 -40.850000 0.000000
    endloop
  endfacet
  facet normal 0.000000 0.000000 -1.000000
    outer loop
      vertex -69.750000 -37.850000 0.000000
      vertex -63.350000 -40.850000 0.000000
      vertex -69.750000 -40.850000 0.000000
    endloop
  endfacet
  facet normal 0.000000 0.000000 -1.000000
    outer loop
      vertex -69.750000 -35.850000 0.000000
      vertex -63.350000 -35.850000 0.000000
      vertex -63.350000 -37.850000 0.000000
    endloop
  endfacet
  facet normal 0.000000 0.000000 -1.000000
    outer loop
      vertex -69.750000 -35.850000 0.000000
      vertex -63.350000 -37.850000 0.000000
      vertex -69.750000 -37.850000 0.000000
    endloop
  endfacet
  facet normal 0.000000 0.000000 -1.000000
    outer loop
      vertex -69.750000 -34.450000 0.000000
      vertex -63.350000 -34.450000 0.000000
      vertex -63.350000 -35.850000 0.000000
    endloop
  endfacet
  facet normal 0.000000 0.000000 -1.000000
    outer loop
      vertex -69.750000 -34.450000 0.000000
      vertex -63.350000 -35.850000 0.000000
      vertex -69.750000 -35.850000 0.000000
    endloop
  endfacet
  facet normal 0.000000 0.000000 -1.000000
    outer loop
      vertex -69.750000 -33.850000 0.000000
      vertex -63.350000 -33.850000 0.000000
      vertex -63.350000 -34.450000 0.000000
    endloop
  endfacet
  facet normal 0.000000 0.000000 -1.000000
    outer loop
      vertex -69.750000 -33.850000 0.000000
      vertex -63.350000 -34.450000 0.000000
      vertex -69.750000 -34.450000 0.000000
    endloop
  endfacet
  facet normal 0.000000 0.000000 -1.000000
    outer loop
      vertex -69.750000 -32.850000 0.000000
      vertex -63.350000 -32.850000 0.000000
      vertex -63.350000 -33.850000 0.000000
    endloop
  endfacet
  facet normal 0.000000 0.000000 -1.000000
    outer loop
      vertex -69.750000 -32.850000 0.000000
      vertex -63.350000 -33.850000 0.000000
      vertex -69.750000 -33.850000 0.000000
    endloop
  endfacet
  facet normal 0.000000 0.000000 -1.000000
    outer loop
      vertex -69.750000 -31.250000 0.000000
      vertex -63.350000 -31.250000 0.000000
      vertex -63.350000 -32.850000 0.000000
    endloop
  endfacet
  facet normal 0.000000 0.000000 -1.000000
    outer loop
      vertex -69.750000 -31.250000 0.000000
      vertex -63.350000 -32.850000 0.000000
      vertex -69.750000 -32.850000 0.000000
    endloop
  endfacet
  facet normal 0.000000 0.000000 -1.000000
    outer loop
      vertex -69.750000 31.250000 0.000000
      vertex -63.350000 31.250000 0.000000
      vertex -63.350000 -31.250000 0.000000
    endloop
  endfacet
  facet normal 0.000000 0.000000 -1.000000
    outer loop
      vertex -69.750000 31.250000 0.000000
      vertex -63.350000 -31.250000 0.000000
      vertex -69.750000 -31.250000 0.000000
    endloop
  endfacet
  facet normal 0.000000 0.000000 -1.000000
    outer loop
      vertex -69.750000 32.850000 0.000000
      vertex -63.350000 32.850000 0.000000
      vertex -63.350000 31.250000 0.000000
    endloop
  endfacet
  facet normal 0.000000 0.000000 -1.000000
    outer loop
      vertex -69.750000 32.850000 0.000000
      vertex -63.350000 31.250000 0.000000
      vertex -69.750000 31.250000 0.000000
    endloop
  endfacet
  facet normal 0.000000 0.000000 -1.000000
    outer loop
      vertex -69.750000 33.850000 0.000000
      vertex -63.350000 33.850000 0.000000
      vertex -63.350000 32.850000 0.000000
    endloop
  endfacet
  facet normal 0.000000 0.000000 -1.000000
    outer loop
      vertex -69.750000 33.850000 0.000000
      vertex -63.350000 32.850000 0.000000
      vertex -69.750000 32.850000 0.000000
    endloop
  endfacet
  facet normal 0.000000 0.000000 -1.000000
    outer loop
      vertex -69.750000 34.450000 0.000000
      vertex -63.350000 34.450000 0.000000
      vertex -63.350000 33.850000 0.000000
    endloop
  endfacet
  facet normal 0.000000 0.000000 -1.000000
    outer loop
      vertex -69.750000 34.450000 0.000000
      vertex -63.350000 33.850000 0.000000
      vertex -69.750000 33.850000 0.000000
    endloop
  endfacet
  facet normal 0.000000 0.000000 -1.000000
    outer loop
      vertex -69.750000 35.850000 0.000000
      vertex -63.350000 35.850000 0.000000
      vertex -63.350000 34.450000 0.000000
    endloop
  endfacet
  facet normal 0.000000 0.000000 -1.000000
    outer loop
      vertex -69.750000 35.850000 0.000000
      vertex -63.350000 34.450000 0.000000
      vertex -69.750000 34.450000 0.000000
    endloop
  endfacet
  facet normal 0.000000 0.000000 -1.000000
    outer loop
      vertex -69.750000 37.850000 0.000000
      vertex -63.350000 37.850000 0.000000
      vertex -63.350000 35.850000 0.000000
    endloop
  endfacet
  facet normal 0.000000 0.000000 -1.000000
    outer loop
      vertex -69.750000 37.850000 0.000000
      vertex -63.350000 35.850000 0.000000
      vertex -69.750000 35.850000 0.000000
    endloop
  endfacet
  facet normal 0.000000 0.000000 -1.000000
    outer loop
      vertex -69.750000 40.850000 0.000000
      vertex -63.350000 40.850000 0.000000
      vertex -63.350000 37.850000 0.000000
    endloop
  endfacet
  facet normal 0.000000 0.000000 -1.000000
    outer loop
      vertex -69.750000 40.850000 0.000000
      vertex -63.350000 37.850000 0.000000
      vertex -69.750000 37.850000 0.000000
    endloop
  endfacet
  facet normal 0.000000 0.000000 -1.000000
    outer loop
      vertex -63.350000 -37.850000 0.000000
      vertex -61.750000 -37.850000 0.000000
      vertex -61.750000 -40.850000 0.000000
    endloop
  endfacet
  facet normal 0.000000 0.000000 -1.000000
    outer loop
      vertex -63.350000 -37.850000 0.000000
      vertex -61.750000 -40.850000 0.000000
      vertex -63.350000 -40.850000 0.000000
    endloop
  endfacet
  facet normal 0.000000 0.000000 -1.000000
    outer loop
      vertex -63.350000 -35.850000 0.000000
      vertex -61.750000 -35.850000 0.000000
      vertex -61.750000 -37.850000 0.000000
    endloop
  endfacet
  facet normal 0.000000 0.000000 -1.000000
    outer loop
      vertex -63.350000 -35.850000 0.000000
      vertex -61.750000 -37.850000 0.000000
      vertex -63.350000 -37.850000 0.000000
    endloop
  endfacet
  facet normal 0.000000 0.000000 -1.000000
    outer loop
      vertex -63.350000 -34.450000 0.000000
      vertex -61.750000 -34.450000 0.000000
      vertex -61.750000 -35.850000 0.000000
    endloop
  endfacet
  facet normal 0.000000 0.000000 -1.000000
    outer loop
      vertex -63.350000 -34.450000 0.000000
      vertex -61.750000 -35.850000 0.000000
      vertex -63.350000 -35.850000 0.000000
    endloop
  endfacet
  facet normal 0.000000 0.000000 -1.000000
    outer loop
      vertex -63.350000 31.250000 0.000000
      vertex -61.750000 31.250000 0.000000
      vertex -61.750000 -31.250000 0.000000
    endloop
  endfacet
  facet normal 0.000000 0.000000 -1.000000
    outer loop
      vertex -63.350000 31.250000 0.000000
      vertex -61.750000 -31.250000 0.000000
      vertex -63.350000 -31.250000 0.000000
    endloop
  endfacet
  facet normal 0.000000 0.000000 -1.000000
    outer loop
      vertex -63.350000 35.850000 0.000000
      vertex -61.750000 35.850000 0.000000
      vertex -61.750000 34.450000 0.000000
    endloop
  endfacet
  facet normal 0.000000 0.000000 -1.000000
    outer loop
      vertex -63.350000 35.850000 0.000000
      vertex -61.750000 34.450000 0.000000
      vertex -63.350000 34.450000 0.000000
    endloop
  endfacet
  facet normal 0.000000 0.000000 -1.000000
    outer loop
      vertex -63.350000 37.850000 0.000000
      vertex -61.750000 37.850000 0.000000
      vertex -61.750000 35.850000 0.000000
    endloop
  endfacet
  facet normal 0.000000 0.000000 -1.000000
    outer loop
      vertex -63.350000 37.850000 0.000000
      vertex -61.750000 35.850000 0.000000
      vertex -63.350000 35.850000 0.000000
    endloop
  endfacet
  facet normal 0.000000 0.000000 -1.000000
    outer loop
      vertex -63.350000 40.850000 0.000000
      vertex -61.750000 40.850000 0.000000
      vertex -61.750000 37.850000 0.000000
    endloop
  endfacet
  facet normal 0.000000 0.000000 -1.000000
    outer loop
      vertex -63.350000 40.850000 0.000000
      vertex -61.750000 37.850000 0.000000
      vertex -63.350000 37.850000 0.000000
    endloop
  endfacet
  facet normal 0.000000 0.000000 -1.000000
    outer loop
      vertex -61.750000 -37.850000 0.000000
      vertex -60.150000 -37.850000 0.000000
      vertex -60.150000 -40.850000 0.000000
    endloop
  endfacet
  facet normal 0.000000 0.000000 -1.000000
    outer loop
      vertex -61.750000 -37.850000 0.000000
      vertex -60.150000 -40.850000 0.000000
      vertex -61.750000 -40.850000 0.000000
    endloop
  endfacet
  facet normal 0.000000 0.000000 -1.000000
    outer loop
      vertex -61.750000 -35.850000 0.000000
      vertex -60.150000 -35.850000 0.000000
      vertex -60.150000 -37.850000 0.000000
    endloop
  endfacet
  facet normal 0.000000 0.000000 -1.000000
    outer loop
      vertex -61.750000 -35.850000 0.000000
      vertex -60.150000 -37.850000 0.000000
      vertex -61.750000 -37.850000 0.000000
    endloop
  endfacet
  facet normal 0.000000 0.000000 -1.000000
    outer loop
      vertex -61.750000 -34.450000 0.000000
      vertex -60.150000 -34.450000 0.000000
      vertex -60.150000 -35.850000 0.000000
    endloop
  endfacet
  facet normal 0.000000 0.000000 -1.000000
    outer loop
      vertex -61.750000 -34.450000 0.000000
      vertex -60.150000 -35.850000 0.000000
      vertex -61.750000 -35.850000 0.000000
    endloop
  endfacet
  facet normal 0.000000 0.000000 -1.000000
    outer loop
      vertex -61.750000 31.250000 0.000000
      vertex -60.150000 31.250000 0.000000
      vertex -60.150000 -31.250000 0.000000
    endloop
  endfacet
  facet normal 0.000000 0.000000 -1.000000
    outer loop
      vertex -61.750000 31.250000 0.000000
      vertex -60.150000 -31.250000 0.000000
      vertex -61.750000 -31.250000 0.000000
    endloop
  endfacet
  facet normal 0.000000 0.000000 -1.000000
    outer loop
      vertex -61.750000 35.850000 0.000000
      vertex -60.150000 35.850000 0.000000
      vertex -60.150000 34.450000 0.000000
    endloop
  endfacet
  facet normal 0.000000 0.000000 -1.000000
    outer loop
      vertex -61.750000 35.850000 0.000000
      vertex -60.150000 34.450000 0.000000
      vertex -61.750000 34.450000 0.000000
    endloop
  endfacet
  facet normal 0.000000 0.000000 -1.000000
    outer loop
      vertex -61.750000 37.850000 0.000000
      vertex -60.150000 37.850000 0.000000
      vertex -60.150000 35.850000 0.000000
    endloop
  endfacet
  facet normal 0.000000 0.000000 -1.000000
    outer loop
      vertex -61.750000 37.850000 0.000000
      vertex -60.150000 35.850000 0.000000
      vertex -61.750000 35.850000 0.000000
    endloop
  endfacet
  facet normal 0.000000 0.000000 -1.000000
    outer loop
      vertex -61.750000 40.850000 0.000000
      vertex -60.150000 40.850000 0.000000
      vertex -60.150000 37.850000 0.000000
    endloop
  endfacet
  facet normal 0.000000 0.000000 -1.000000
    outer loop
      vertex -61.750000 40.850000 0.000000
      vertex -60.150000 37.850000 0.000000
      vertex -61.750000 37.850000 0.000000
    endloop
  endfacet
  facet normal 0.000000 0.000000 -1.000000
    outer loop
      vertex -60.150000 -37.850000 0.000000
      vertex -48.375000 -37.850000 0.000000
      vertex -48.375000 -40.850000 0.000000
    endloop
  endfacet
  facet normal 0.000000 0.000000 -1.000000
    outer loop
      vertex -60.150000 -37.850000 0.000000
      vertex -48.375000 -40.850000 0.000000
      vertex -60.150000 -40.850000 0.000000
    endloop
  endfacet
  facet normal 0.000000 0.000000 -1.000000
    outer loop
      vertex -60.150000 -35.850000 0.000000
      vertex -48.375000 -35.850000 0.000000
      vertex -48.375000 -37.850000 0.000000
    endloop
  endfacet
  facet normal 0.000000 0.000000 -1.000000
    outer loop
      vertex -60.150000 -35.850000 0.000000
      vertex -48.375000 -37.850000 0.000000
      vertex -60.150000 -37.850000 0.000000
    endloop
  endfacet
  facet normal 0.000000 0.000000 -1.000000
    outer loop
      vertex -60.150000 -34.450000 0.000000
      vertex -48.375000 -34.450000 0.000000
      vertex -48.375000 -35.850000 0.000000
    endloop
  endfacet
  facet normal 0.000000 0.000000 -1.000000
    outer loop
      vertex -60.150000 -34.450000 0.000000
      vertex -48.375000 -35.850000 0.000000
      vertex -60.150000 -35.850000 0.000000
    endloop
  endfacet
  facet normal 0.000000 0.000000 -1.000000
    outer loop
      vertex -60.150000 -33.850000 0.000000
      vertex -48.375000 -33.850000 0.000000
      vertex -48.375000 -34.450000 0.000000
    endloop
  endfacet
  facet normal 0.000000 0.000000 -1.000000
    outer loop
      vertex -60.150000 -33.850000 0.000000
      vertex -48.375000 -34.450000 0.000000
      vertex -60.150000 -34.450000 0.000000
    endloop
  endfacet
  facet normal 0.000000 0.000000 -1.000000
    outer loop
      vertex -60.150000 -32.850000 0.000000
      vertex -48.375000 -32.850000 0.000000
      vertex -48.375000 -33.850000 0.000000
    endloop
  endfacet
  facet normal 0.000000 0.000000 -1.000000
    outer loop
      vertex -60.150000 -32.850000 0.000000
      vertex -48.375000 -33.850000 0.000000
      vertex -60.150000 -33.850000 0.000000
    endloop
  endfacet
  facet normal 0.000000 0.000000 -1.000000
    outer loop
      vertex -60.150000 -31.250000 0.000000
      vertex -48.375000 -31.250000 0.000000
      vertex -48.375000 -32.850000 0.000000
    endloop
  endfacet
  facet normal 0.000000 0.000000 -1.000000
    outer loop
      vertex -60.150000 -31.250000 0.000000
      vertex -48.375000 -32.850000 0.000000
      vertex -60.150000 -32.850000 0.000000
    endloop
  endfacet
  facet normal 0.000000 0.000000 -1.000000
    outer loop
      vertex -60.150000 31.250000 0.000000
      vertex -48.375000 31.250000 0.000000
      vertex -48.375000 -31.250000 0.000000
    endloop
  endfacet
  facet normal 0.000000 0.000000 -1.000000
    outer loop
      vertex -60.150000 31.250000 0.000000
      vertex -48.375000 -31.250000 0.000000
      vertex -60.150000 -31.250000 0.000000
    endloop
  endfacet
  facet normal 0.000000 0.000000 -1.000000
    outer loop
      vertex -60.150000 32.850000 0.000000
      vertex -48.375000 32.850000 0.000000
      vertex -48.375000 31.250000 0.000000
    endloop
  endfacet
  facet normal 0.000000 0.000000 -1.000000
    outer loop
      vertex -60.150000 32.850000 0.000000
      vertex -48.375000 31.250000 0.000000
      vertex -60.150000 31.250000 0.000000
    endloop
  endfacet
  facet normal 0.000000 0.000000 -1.000000
    outer loop
      vertex -60.150000 33.850000 0.000000
      vertex -48.375000 33.850000 0.000000
      vertex -48.375000 32.850000 0.000000
    endloop
  endfacet
  facet normal 0.000000 0.000000 -1.000000
    outer loop
      vertex -60.150000 33.850000 0.000000
      vertex -48.375000 32.850000 0.000000
      vertex -60.150000 32.850000 0.000000
    endloop
  endfacet
  facet normal 0.000000 0.000000 -1.000000
    outer loop
      vertex -60.150000 34.450000 0.000000
      vertex -48.375000 34.450000 0.000000
      vertex -48.375000 33.850000 0.000000
    endloop
  endfacet
  facet normal 0.000000 0.000000 -1.000000
    outer loop
      vertex -60.150000 34.450000 0.000000
      vertex -48.375000 33.850000 0.000000
      vertex -60.150000 33.850000 0.000000
    endloop
  endfacet
  facet normal 0.000000 0.000000 -1.000000
    outer loop
      vertex -60.150000 35.850000 0.000000
      vertex -48.375000 35.850000 0.000000
      vertex -48.375000 34.450000 0.000000
    endloop
  endfacet
  facet normal 0.000000 0.000000 -1.000000
    outer loop
      vertex -60.150000 35.850000 0.000000
      vertex -48.375000 34.450000 0.000000
      vertex -60.150000 34.450000 0.000000
    endloop
  endfacet
  facet normal 0.000000 0.000000 -1.000000
    outer loop
      vertex -60.150000 37.850000 0.000000
      vertex -48.375000 37.850000 0.000000
      vertex -48.375000 35.850000 0.000000
    endloop
  endfacet
  facet normal 0.000000 0.000000 -1.000000
    outer loop
      vertex -60.150000 37.850000 0.000000
      vertex -48.375000 35.850000 0.000000
      vertex -60.150000 35.850000 0.000000
    endloop
  endfacet
  facet normal 0.000000 0.000000 -1.000000
    outer loop
      vertex -60.150000 40.850000 0.000000
      vertex -48.375000 40.850000 0.000000
      vertex -48.375000 37.850000 0.000000
    endloop
  endfacet
  facet normal 0.000000 0.000000 -1.000000
    outer loop
      vertex -60.150000 40.850000 0.000000
      vertex -48.375000 37.850000 0.000000
      vertex -60.150000 37.850000 0.000000
    endloop
  endfacet
  facet normal 0.000000 0.000000 -1.000000
    outer loop
      vertex -48.375000 -37.850000 0.000000
      vertex -46.375000 -37.850000 0.000000
      vertex -46.375000 -40.850000 0.000000
    endloop
  endfacet
  facet normal 0.000000 0.000000 -1.000000
    outer loop
      vertex -48.375000 -37.850000 0.000000
      vertex -46.375000 -40.850000 0.000000
      vertex -48.375000 -40.850000 0.000000
    endloop
  endfacet
  facet normal 0.000000 0.000000 -1.000000
    outer loop
      vertex -48.375000 -32.850000 0.000000
      vertex -46.375000 -32.850000 0.000000
      vertex -46.375000 -33.850000 0.000000
    endloop
  endfacet
  facet normal 0.000000 0.000000 -1.000000
    outer loop
      vertex -48.375000 -32.850000 0.000000
      vertex -46.375000 -33.850000 0.000000
      vertex -48.375000 -33.850000 0.000000
    endloop
  endfacet
  facet normal 0.000000 0.000000 -1.000000
    outer loop
      vertex -48.375000 -31.250000 0.000000
      vertex -46.375000 -31.250000 0.000000
      vertex -46.375000 -32.850000 0.000000
    endloop
  endfacet
  facet normal 0.000000 0.000000 -1.000000
    outer loop
      vertex -48.375000 -31.250000 0.000000
      vertex -46.375000 -32.850000 0.000000
      vertex -48.375000 -32.850000 0.000000
    endloop
  endfacet
  facet normal 0.000000 0.000000 -1.000000
    outer loop
      vertex -48.375000 31.250000 0.000000
      vertex -46.375000 31.250000 0.000000
      vertex -46.375000 -31.250000 0.000000
    endloop
  endfacet
  facet normal 0.000000 0.000000 -1.000000
    outer loop
      vertex -48.375000 31.250000 0.000000
      vertex -46.375000 -31.250000 0.000000
      vertex -48.375000 -31.250000 0.000000
    endloop
  endfacet
  facet normal 0.000000 0.000000 -1.000000
    outer loop
      vertex -48.375000 32.850000 0.000000
      vertex -46.375000 32.850000 0.000000
      vertex -46.375000 31.250000 0.000000
    endloop
  endfacet
  facet normal 0.000000 0.000000 -1.000000
    outer loop
      vertex -48.375000 32.850000 0.000000
      vertex -46.375000 31.250000 0.000000
      vertex -48.375000 31.250000 0.000000
    endloop
  endfacet
  facet normal 0.000000 0.000000 -1.000000
    outer loop
      vertex -48.375000 33.850000 0.000000
      vertex -46.375000 33.850000 0.000000
      vertex -46.375000 32.850000 0.000000
    endloop
  endfacet
  facet normal 0.000000 0.000000 -1.000000
    outer loop
      vertex -48.375000 33.850000 0.000000
      vertex -46.375000 32.850000 0.000000
      vertex -48.375000 32.850000 0.000000
    endloop
  endfacet
  facet normal 0.000000 0.000000 -1.000000
    outer loop
      vertex -48.375000 40.850000 0.000000
      vertex -46.375000 40.850000 0.000000
      vertex -46.375000 37.850000 0.000000
    endloop
  endfacet
  facet normal 0.000000 0.000000 -1.000000
    outer loop
      vertex -48.375000 40.850000 0.000000
      vertex -46.375000 37.850000 0.000000
      vertex -48.375000 37.850000 0.000000
    endloop
  endfacet
  facet normal 0.000000 0.000000 -1.000000
    outer loop
      vertex -46.375000 -37.850000 0.000000
      vertex -20.375000 -37.850000 0.000000
      vertex -20.375000 -40.850000 0.000000
    endloop
  endfacet
  facet normal 0.000000 0.000000 -1.000000
    outer loop
      vertex -46.375000 -37.850000 0.000000
      vertex -20.375000 -40.850000 0.000000
      vertex -46.375000 -40.850000 0.000000
    endloop
  endfacet
  facet normal 0.000000 0.000000 -1.000000
    outer loop
      vertex -46.375000 -32.850000 0.000000
      vertex -20.375000 -32.850000 0.000000
      vertex -20.375000 -33.850000 0.000000
    endloop
  endfacet
  facet normal 0.000000 0.000000 -1.000000
    outer loop
      vertex -46.375000 -32.850000 0.000000
      vertex -20.375000 -33.850000 0.000000
      vertex -46.375000 -33.850000 0.000000
    endloop
  endfacet
  facet normal 0.000000 0.000000 -1.000000
    outer loop
      vertex -46.375000 -31.250000 0.000000
      vertex -20.375000 -31.250000 0.000000
      vertex -20.375000 -32.850000 0.000000
    endloop
  endfacet
  facet normal 0.000000 0.000000 -1.000000
    outer loop
      vertex -46.375000 -31.250000 0.000000
      vertex -20.375000 -32.850000 0.000000
      vertex -46.375000 -32.850000 0.000000
    endloop
  endfacet
  facet normal 0.000000 0.000000 -1.000000
    outer loop
      vertex -46.375000 31.250000 0.000000
      vertex -20.375000 31.250000 0.000000
      vertex -20.375000 -31.250000 0.000000
    endloop
  endfacet
  facet normal 0.000000 0.000000 -1.000000
    outer loop
      vertex -46.375000 31.250000 0.000000
      vertex -20.375000 -31.250000 0.000000
      vertex -46.375000 -31.250000 0.000000
    endloop
  endfacet
  facet normal 0.000000 0.000000 -1.000000
    outer loop
      vertex -46.375000 32.850000 0.000000
      vertex -20.375000 32.850000 0.000000
      vertex -20.375000 31.250000 0.000000
    endloop
  endfacet
  facet normal 0.000000 0.000000 -1.000000
    outer loop
      vertex -46.375000 32.850000 0.000000
      vertex -20.375000 31.250000 0.000000
      vertex -46.375000 31.250000 0.000000
    endloop
  endfacet
  facet normal 0.000000 0.000000 -1.000000
    outer loop
      vertex -46.375000 33.850000 0.000000
      vertex -20.375000 33.850000 0.000000
      vertex -20.375000 32.850000 0.000000
    endloop
  endfacet
  facet normal 0.000000 0.000000 -1.000000
    outer loop
      vertex -46.375000 33.850000 0.000000
      vertex -20.375000 32.850000 0.000000
      vertex -46.375000 32.850000 0.000000
    endloop
  endfacet
  facet normal 0.000000 0.000000 -1.000000
    outer loop
      vertex -46.375000 40.850000 0.000000
      vertex -20.375000 40.850000 0.000000
      vertex -20.375000 37.850000 0.000000
    endloop
  endfacet
  facet normal 0.000000 0.000000 -1.000000
    outer loop
      vertex -46.375000 40.850000 0.000000
      vertex -20.375000 37.850000 0.000000
      vertex -46.375000 37.850000 0.000000
    endloop
  endfacet
  facet normal 0.000000 0.000000 -1.000000
    outer loop
      vertex -20.375000 -37.850000 0.000000
      vertex -18.375000 -37.850000 0.000000
      vertex -18.375000 -40.850000 0.000000
    endloop
  endfacet
  facet normal 0.000000 0.000000 -1.000000
    outer loop
      vertex -20.375000 -37.850000 0.000000
      vertex -18.375000 -40.850000 0.000000
      vertex -20.375000 -40.850000 0.000000
    endloop
  endfacet
  facet normal 0.000000 0.000000 -1.000000
    outer loop
      vertex -20.375000 -32.850000 0.000000
      vertex -18.375000 -32.850000 0.000000
      vertex -18.375000 -33.850000 0.000000
    endloop
  endfacet
  facet normal 0.000000 0.000000 -1.000000
    outer loop
      vertex -20.375000 -32.850000 0.000000
      vertex -18.375000 -33.850000 0.000000
      vertex -20.375000 -33.850000 0.000000
    endloop
  endfacet
  facet normal 0.000000 0.000000 -1.000000
    outer loop
      vertex -20.375000 -31.250000 0.000000
      vertex -18.375000 -31.250000 0.000000
      vertex -18.375000 -32.850000 0.000000
    endloop
  endfacet
  facet normal 0.000000 0.000000 -1.000000
    outer loop
      vertex -20.375000 -31.250000 0.000000
      vertex -18.375000 -32.850000 0.000000
      vertex -20.375000 -32.850000 0.000000
    endloop
  endfacet
  facet normal 0.000000 0.000000 -1.000000
    outer loop
      vertex -20.375000 31.250000 0.000000
      vertex -18.375000 31.250000 0.000000
      vertex -18.375000 -31.250000 0.000000
    endloop
  endfacet
  facet normal 0.000000 0.000000 -1.000000
    outer loop
      vertex -20.375000 31.250000 0.000000
      vertex -18.375000 -31.250000 0.000000
      vertex -20.375000 -31.250000 0.000000
    endloop
  endfacet
  facet normal 0.000000 0.000000 -1.000000
    outer loop
      vertex -20.375000 32.850000 0.000000
      vertex -18.375000 32.850000 0.000000
      vertex -18.375000 31.250000 0.000000
    endloop
  endfacet
  facet normal 0.000000 0.000000 -1.000000
    outer loop
      vertex -20.375000 32.850000 0.000000
      vertex -18.375000 31.250000 0.000000
      vertex -20.375000 31.250000 0.000000
    endloop
  endfacet
  facet normal 0.000000 0.000000 -1.000000
    outer loop
      vertex -20.375000 33.850000 0.000000
      vertex -18.375000 33.850000 0.000000
      vertex -18.375000 32.850000 0.000000
    endloop
  endfacet
  facet normal 0.000000 0.000000 -1.000000
    outer loop
      vertex -20.375000 33.850000 0.000000
      vertex -18.375000 32.850000 0.000000
      vertex -20.375000 32.850000 0.000000
    endloop
  endfacet
  facet normal 0.000000 0.000000 -1.000000
    outer loop
      vertex -20.375000 40.850000 0.000000
      vertex -18.375000 40.850000 0.000000
      vertex -18.375000 37.850000 0.000000
    endloop
  endfacet
  facet normal 0.000000 0.000000 -1.000000
    outer loop
      vertex -20.375000 40.850000 0.000000
      vertex -18.375000 37.850000 0.000000
      vertex -20.375000 37.850000 0.000000
    endloop
  endfacet
  facet normal 0.000000 0.000000 -1.000000
    outer loop
      vertex -18.375000 -37.850000 0.000000
      vertex 18.375000 -37.850000 0.000000
      vertex 18.375000 -40.850000 0.000000
    endloop
  endfacet
  facet normal 0.000000 0.000000 -1.000000
    outer loop
      vertex -18.375000 -37.850000 0.000000
      vertex 18.375000 -40.850000 0.000000
      vertex -18.375000 -40.850000 0.000000
    endloop
  endfacet
  facet normal 0.000000 0.000000 -1.000000
    outer loop
      vertex -18.375000 -35.850000 0.000000
      vertex 18.375000 -35.850000 0.000000
      vertex 18.375000 -37.850000 0.000000
    endloop
  endfacet
  facet normal 0.000000 0.000000 -1.000000
    outer loop
      vertex -18.375000 -35.850000 0.000000
      vertex 18.375000 -37.850000 0.000000
      vertex -18.375000 -37.850000 0.000000
    endloop
  endfacet
  facet normal 0.000000 0.000000 -1.000000
    outer loop
      vertex -18.375000 -34.450000 0.000000
      vertex 18.375000 -34.450000 0.000000
      vertex 18.375000 -35.850000 0.000000
    endloop
  endfacet
  facet normal 0.000000 0.000000 -1.000000
    outer loop
      vertex -18.375000 -34.450000 0.000000
      vertex 18.375000 -35.850000 0.000000
      vertex -18.375000 -35.850000 0.000000
    endloop
  endfacet
  facet normal 0.000000 0.000000 -1.000000
    outer loop
      vertex -18.375000 -33.850000 0.000000
      vertex 18.375000 -33.850000 0.000000
      vertex 18.375000 -34.450000 0.000000
    endloop
  endfacet
  facet normal 0.000000 0.000000 -1.000000
    outer loop
      vertex -18.375000 -33.850000 0.000000
      vertex 18.375000 -34.450000 0.000000
      vertex -18.375000 -34.450000 0.000000
    endloop
  endfacet
  facet normal 0.000000 0.000000 -1.000000
    outer loop
      vertex -18.375000 -32.850000 0.000000
      vertex 18.375000 -32.850000 0.000000
      vertex 18.375000 -33.850000 0.000000
    endloop
  endfacet
  facet normal 0.000000 0.000000 -1.000000
    outer loop
      vertex -18.375000 -32.850000 0.000000
      vertex 18.375000 -33.850000 0.000000
      vertex -18.375000 -33.850000 0.000000
    endloop
  endfacet
  facet normal 0.000000 0.000000 -1.000000
    outer loop
      vertex -18.375000 -31.250000 0.000000
      vertex 18.375000 -31.250000 0.000000
      vertex 18.375000 -32.850000 0.000000
    endloop
  endfacet
  facet normal 0.000000 0.000000 -1.000000
    outer loop
      vertex -18.375000 -31.250000 0.000000
      vertex 18.375000 -32.850000 0.000000
      vertex -18.375000 -32.850000 0.000000
    endloop
  endfacet
  facet normal 0.000000 0.000000 -1.000000
    outer loop
      vertex -18.375000 31.250000 0.000000
      vertex 18.375000 31.250000 0.000000
      vertex 18.375000 -31.250000 0.000000
    endloop
  endfacet
  facet normal 0.000000 0.000000 -1.000000
    outer loop
      vertex -18.375000 31.250000 0.000000
      vertex 18.375000 -31.250000 0.000000
      vertex -18.375000 -31.250000 0.000000
    endloop
  endfacet
  facet normal 0.000000 0.000000 -1.000000
    outer loop
      vertex -18.375000 32.850000 0.000000
      vertex 18.375000 32.850000 0.000000
      vertex 18.375000 31.250000 0.000000
    endloop
  endfacet
  facet normal 0.000000 0.000000 -1.000000
    outer loop
      vertex -18.375000 32.850000 0.000000
      vertex 18.375000 31.250000 0.000000
      vertex -18.375000 31.250000 0.000000
    endloop
  endfacet
  facet normal 0.000000 0.000000 -1.000000
    outer loop
      vertex -18.375000 33.850000 0.000000
      vertex 18.375000 33.850000 0.000000
      vertex 18.375000 32.850000 0.000000
    endloop
  endfacet
  facet normal 0.000000 0.000000 -1.000000
    outer loop
      vertex -18.375000 33.850000 0.000000
      vertex 18.375000 32.850000 0.000000
      vertex -18.375000 32.850000 0.000000
    endloop
  endfacet
  facet normal 0.000000 0.000000 -1.000000
    outer loop
      vertex -18.375000 34.450000 0.000000
      vertex 18.375000 34.450000 0.000000
      vertex 18.375000 33.850000 0.000000
    endloop
  endfacet
  facet normal 0.000000 0.000000 -1.000000
    outer loop
      vertex -18.375000 34.450000 0.000000
      vertex 18.375000 33.850000 0.000000
      vertex -18.375000 33.850000 0.000000
    endloop
  endfacet
  facet normal 0.000000 0.000000 -1.000000
    outer loop
      vertex -18.375000 35.850000 0.000000
      vertex 18.375000 35.850000 0.000000
      vertex 18.375000 34.450000 0.000000
    endloop
  endfacet
  facet normal 0.000000 0.000000 -1.000000
    outer loop
      vertex -18.375000 35.850000 0.000000
      vertex 18.375000 34.450000 0.000000
      vertex -18.375000 34.450000 0.000000
    endloop
  endfacet
  facet normal 0.000000 0.000000 -1.000000
    outer loop
      vertex -18.375000 37.850000 0.000000
      vertex 18.375000 37.850000 0.000000
      vertex 18.375000 35.850000 0.000000
    endloop
  endfacet
  facet normal 0.000000 0.000000 -1.000000
    outer loop
      vertex -18.375000 37.850000 0.000000
      vertex 18.375000 35.850000 0.000000
      vertex -18.375000 35.850000 0.000000
    endloop
  endfacet
  facet normal 0.000000 0.000000 -1.000000
    outer loop
      vertex -18.375000 40.850000 0.000000
      vertex 18.375000 40.850000 0.000000
      vertex 18.375000 37.850000 0.000000
    endloop
  endfacet
  facet normal 0.000000 0.000000 -1.000000
    outer loop
      vertex -18.375000 40.850000 0.000000
      vertex 18.375000 37.850000 0.000000
      vertex -18.375000 37.850000 0.000000
    endloop
  endfacet
  facet normal 0.000000 0.000000 -1.000000
    outer loop
      vertex 18.375000 -37.850000 0.000000
      vertex 20.375000 -37.850000 0.000000
      vertex 20.375000 -40.850000 0.000000
    endloop
  endfacet
  facet normal 0.000000 0.000000 -1.000000
    outer loop
      vertex 18.375000 -37.850000 0.000000
      vertex 20.375000 -40.850000 0.000000
      vertex 18.375000 -40.850000 0.000000
    endloop
  endfacet
  facet normal 0.000000 0.000000 -1.000000
    outer loop
      vertex 18.375000 -32.850000 0.000000
      vertex 20.375000 -32.850000 0.000000
      vertex 20.375000 -33.850000 0.000000
    endloop
  endfacet
  facet normal 0.000000 0.000000 -1.000000
    outer loop
      vertex 18.375000 -32.850000 0.000000
      vertex 20.375000 -33.850000 0.000000
      vertex 18.375000 -33.850000 0.000000
    endloop
  endfacet
  facet normal 0.000000 0.000000 -1.000000
    outer loop
      vertex 18.375000 -31.250000 0.000000
      vertex 20.375000 -31.250000 0.000000
      vertex 20.375000 -32.850000 0.000000
    endloop
  endfacet
  facet normal 0.000000 0.000000 -1.000000
    outer loop
      vertex 18.375000 -31.250000 0.000000
      vertex 20.375000 -32.850000 0.000000
      vertex 18.375000 -32.850000 0.000000
    endloop
  endfacet
  facet normal 0.000000 0.000000 -1.000000
    outer loop
      vertex 18.375000 31.250000 0.000000
      vertex 20.375000 31.250000 0.000000
      vertex 20.375000 -31.250000 0.000000
    endloop
  endfacet
  facet normal 0.000000 0.000000 -1.000000
    outer loop
      vertex 18.375000 31.250000 0.000000
      vertex 20.375000 -31.250000 0.000000
      vertex 18.375000 -31.250000 0.000000
    endloop
  endfacet
  facet normal 0.000000 0.000000 -1.000000
    outer loop
      vertex 18.375000 32.850000 0.000000
      vertex 20.375000 32.850000 0.000000
      vertex 20.375000 31.250000 0.000000
    endloop
  endfacet
  facet normal 0.000000 0.000000 -1.000000
    outer loop
      vertex 18.375000 32.850000 0.000000
      vertex 20.375000 31.250000 0.000000
      vertex 18.375000 31.250000 0.000000
    endloop
  endfacet
  facet normal 0.000000 0.000000 -1.000000
    outer loop
      vertex 18.375000 33.850000 0.000000
      vertex 20.375000 33.850000 0.000000
      vertex 20.375000 32.850000 0.000000
    endloop
  endfacet
  facet normal 0.000000 0.000000 -1.000000
    outer loop
      vertex 18.375000 33.850000 0.000000
      vertex 20.375000 32.850000 0.000000
      vertex 18.375000 32.850000 0.000000
    endloop
  endfacet
  facet normal 0.000000 0.000000 -1.000000
    outer loop
      vertex 18.375000 40.850000 0.000000
      vertex 20.375000 40.850000 0.000000
      vertex 20.375000 37.850000 0.000000
    endloop
  endfacet
  facet normal 0.000000 0.000000 -1.000000
    outer loop
      vertex 18.375000 40.850000 0.000000
      vertex 20.375000 37.850000 0.000000
      vertex 18.375000 37.850000 0.000000
    endloop
  endfacet
  facet normal 0.000000 0.000000 -1.000000
    outer loop
      vertex 20.375000 -37.850000 0.000000
      vertex 46.375000 -37.850000 0.000000
      vertex 46.375000 -40.850000 0.000000
    endloop
  endfacet
  facet normal 0.000000 0.000000 -1.000000
    outer loop
      vertex 20.375000 -37.850000 0.000000
      vertex 46.375000 -40.850000 0.000000
      vertex 20.375000 -40.850000 0.000000
    endloop
  endfacet
  facet normal 0.000000 0.000000 -1.000000
    outer loop
      vertex 20.375000 -32.850000 0.000000
      vertex 46.375000 -32.850000 0.000000
      vertex 46.375000 -33.850000 0.000000
    endloop
  endfacet
  facet normal 0.000000 0.000000 -1.000000
    outer loop
      vertex 20.375000 -32.850000 0.000000
      vertex 46.375000 -33.850000 0.000000
      vertex 20.375000 -33.850000 0.000000
    endloop
  endfacet
  facet normal 0.000000 0.000000 -1.000000
    outer loop
      vertex 20.375000 -31.250000 0.000000
      vertex 46.375000 -31.250000 0.000000
      vertex 46.375000 -32.850000 0.000000
    endloop
  endfacet
  facet normal 0.000000 0.000000 -1.000000
    outer loop
      vertex 20.375000 -31.250000 0.000000
      vertex 46.375000 -32.850000 0.000000
      vertex 20.375000 -32.850000 0.000000
    endloop
  endfacet
  facet normal 0.000000 0.000000 -1.000000
    outer loop
      vertex 20.375000 31.250000 0.000000
      vertex 46.375000 31.250000 0.000000
      vertex 46.375000 -31.250000 0.000000
    endloop
  endfacet
  facet normal 0.000000 0.000000 -1.000000
    outer loop
      vertex 20.375000 31.250000 0.000000
      vertex 46.375000 -31.250000 0.000000
      vertex 20.375000 -31.250000 0.000000
    endloop
  endfacet
  facet normal 0.000000 0.000000 -1.000000
    outer loop
      vertex 20.375000 32.850000 0.000000
      vertex 46.375000 32.850000 0.000000
      vertex 46.375000 31.250000 0.000000
    endloop
  endfacet
  facet normal 0.000000 0.000000 -1.000000
    outer loop
      vertex 20.375000 32.850000 0.000000
      vertex 46.375000 31.250000 0.000000
      vertex 20.375000 31.250000 0.000000
    endloop
  endfacet
  facet normal 0.000000 0.000000 -1.000000
    outer loop
      vertex 20.375000 33.850000 0.000000
      vertex 46.375000 33.850000 0.000000
      vertex 46.375000 32.850000 0.000000
    endloop
  endfacet
  facet normal 0.000000 0.000000 -1.000000
    outer loop
      vertex 20.375000 33.850000 0.000000
      vertex 46.375000 32.850000 0.000000
      vertex 20.375000 32.850000 0.000000
    endloop
  endfacet
  facet normal 0.000000 0.000000 -1.000000
    outer loop
      vertex 20.375000 40.850000 0.000000
      vertex 46.375000 40.850000 0.000000
      vertex 46.375000 37.850000 0.000000
    endloop
  endfacet
  facet normal 0.000000 0.000000 -1.000000
    outer loop
      vertex 20.375000 40.850000 0.000000
      vertex 46.375000 37.850000 0.000000
      vertex 20.375000 37.850000 0.000000
    endloop
  endfacet
  facet normal 0.000000 0.000000 -1.000000
    outer loop
      vertex 46.375000 -37.850000 0.000000
      vertex 48.375000 -37.850000 0.000000
      vertex 48.375000 -40.850000 0.000000
    endloop
  endfacet
  facet normal 0.000000 0.000000 -1.000000
    outer loop
      vertex 46.375000 -37.850000 0.000000
      vertex 48.375000 -40.850000 0.000000
      vertex 46.375000 -40.850000 0.000000
    endloop
  endfacet
  facet normal 0.000000 0.000000 -1.000000
    outer loop
      vertex 46.375000 -32.850000 0.000000
      vertex 48.375000 -32.850000 0.000000
      vertex 48.375000 -33.850000 0.000000
    endloop
  endfacet
  facet normal 0.000000 0.000000 -1.000000
    outer loop
      vertex 46.375000 -32.850000 0.000000
      vertex 48.375000 -33.850000 0.000000
      vertex 46.375000 -33.850000 0.000000
    endloop
  endfacet
  facet normal 0.000000 0.000000 -1.000000
    outer loop
      vertex 46.375000 -31.250000 0.000000
      vertex 48.375000 -31.250000 0.000000
      vertex 48.375000 -32.850000 0.000000
    endloop
  endfacet
  facet normal 0.000000 0.000000 -1.000000
    outer loop
      vertex 46.375000 -31.250000 0.000000
      vertex 48.375000 -32.850000 0.000000
      vertex 46.375000 -32.850000 0.000000
    endloop
  endfacet
  facet normal 0.000000 0.000000 -1.000000
    outer loop
      vertex 46.375000 31.250000 0.000000
      vertex 48.375000 31.250000 0.000000
      vertex 48.375000 -31.250000 0.000000
    endloop
  endfacet
  facet normal 0.000000 0.000000 -1.000000
    outer loop
      vertex 46.375000 31.250000 0.000000
      vertex 48.375000 -31.250000 0.000000
      vertex 46.375000 -31.250000 0.000000
    endloop
  endfacet
  facet normal 0.000000 0.000000 -1.000000
    outer loop
      vertex 46.375000 32.850000 0.000000
      vertex 48.375000 32.850000 0.000000
      vertex 48.375000 31.250000 0.000000
    endloop
  endfacet
  facet normal 0.000000 0.000000 -1.000000
    outer loop
      vertex 46.375000 32.850000 0.000000
      vertex 48.375000 31.250000 0.000000
      vertex 46.375000 31.250000 0.000000
    endloop
  endfacet
  facet normal 0.000000 0.000000 -1.000000
    outer loop
      vertex 46.375000 33.850000 0.000000
      vertex 48.375000 33.850000 0.000000
      vertex 48.375000 32.850000 0.000000
    endloop
  endfacet
  facet normal 0.000000 0.000000 -1.000000
    outer loop
      vertex 46.375000 33.850000 0.000000
      vertex 48.375000 32.850000 0.000000
      vertex 46.375000 32.850000 0.000000
    endloop
  endfacet
  facet normal 0.000000 0.000000 -1.000000
    outer loop
      vertex 46.375000 40.850000 0.000000
      vertex 48.375000 40.850000 0.000000
      vertex 48.375000 37.850000 0.000000
    endloop
  endfacet
  facet normal 0.000000 0.000000 -1.000000
    outer loop
      vertex 46.375000 40.850000 0.000000
      vertex 48.375000 37.850000 0.000000
      vertex 46.375000 37.850000 0.000000
    endloop
  endfacet
  facet normal 0.000000 0.000000 -1.000000
    outer loop
      vertex 48.375000 -37.850000 0.000000
      vertex 60.150000 -37.850000 0.000000
      vertex 60.150000 -40.850000 0.000000
    endloop
  endfacet
  facet normal 0.000000 0.000000 -1.000000
    outer loop
      vertex 48.375000 -37.850000 0.000000
      vertex 60.150000 -40.850000 0.000000
      vertex 48.375000 -40.850000 0.000000
    endloop
  endfacet
  facet normal 0.000000 0.000000 -1.000000
    outer loop
      vertex 48.375000 -35.850000 0.000000
      vertex 60.150000 -35.850000 0.000000
      vertex 60.150000 -37.850000 0.000000
    endloop
  endfacet
  facet normal 0.000000 0.000000 -1.000000
    outer loop
      vertex 48.375000 -35.850000 0.000000
      vertex 60.150000 -37.850000 0.000000
      vertex 48.375000 -37.850000 0.000000
    endloop
  endfacet
  facet normal 0.000000 0.000000 -1.000000
    outer loop
      vertex 48.375000 -34.450000 0.000000
      vertex 60.150000 -34.450000 0.000000
      vertex 60.150000 -35.850000 0.000000
    endloop
  endfacet
  facet normal 0.000000 0.000000 -1.000000
    outer loop
      vertex 48.375000 -34.450000 0.000000
      vertex 60.150000 -35.850000 0.000000
      vertex 48.375000 -35.850000 0.000000
    endloop
  endfacet
  facet normal 0.000000 0.000000 -1.000000
    outer loop
      vertex 48.375000 -33.850000 0.000000
      vertex 60.150000 -33.850000 0.000000
      vertex 60.150000 -34.450000 0.000000
    endloop
  endfacet
  facet normal 0.000000 0.000000 -1.000000
    outer loop
      vertex 48.375000 -33.850000 0.000000
      vertex 60.150000 -34.450000 0.000000
      vertex 48.375000 -34.450000 0.000000
    endloop
  endfacet
  facet normal 0.000000 0.000000 -1.000000
    outer loop
      vertex 48.375000 -32.850000 0.000000
      vertex 60.150000 -32.850000 0.000000
      vertex 60.150000 -33.850000 0.000000
    endloop
  endfacet
  facet normal 0.000000 0.000000 -1.000000
    outer loop
      vertex 48.375000 -32.850000 0.000000
      vertex 60.150000 -33.850000 0.000000
      vertex 48.375000 -33.850000 0.000000
    endloop
  endfacet
  facet normal 0.000000 0.000000 -1.000000
    outer loop
      vertex 48.375000 -31.250000 0.000000
      vertex 60.150000 -31.250000 0.000000
      vertex 60.150000 -32.850000 0.000000
    endloop
  endfacet
  facet normal 0.000000 0.000000 -1.000000
    outer loop
      vertex 48.375000 -31.250000 0.000000
      vertex 60.150000 -32.850000 0.000000
      vertex 48.375000 -32.850000 0.000000
    endloop
  endfacet
  facet normal 0.000000 0.000000 -1.000000
    outer loop
      vertex 48.375000 31.250000 0.000000
      vertex 60.150000 31.250000 0.000000
      vertex 60.150000 -31.250000 0.000000
    endloop
  endfacet
  facet normal 0.000000 0.000000 -1.000000
    outer loop
      vertex 48.375000 31.250000 0.000000
      vertex 60.150000 -31.250000 0.000000
      vertex 48.375000 -31.250000 0.000000
    endloop
  endfacet
  facet normal 0.000000 0.000000 -1.000000
    outer loop
      vertex 48.375000 32.850000 0.000000
      vertex 60.150000 32.850000 0.000000
      vertex 60.150000 31.250000 0.000000
    endloop
  endfacet
  facet normal 0.000000 0.000000 -1.000000
    outer loop
      vertex 48.375000 32.850000 0.000000
      vertex 60.150000 31.250000 0.000000
      vertex 48.375000 31.250000 0.000000
    endloop
  endfacet
  facet normal 0.000000 0.000000 -1.000000
    outer loop
      vertex 48.375000 33.850000 0.000000
      vertex 60.150000 33.850000 0.000000
      vertex 60.150000 32.850000 0.000000
    endloop
  endfacet
  facet normal 0.000000 0.000000 -1.000000
    outer loop
      vertex 48.375000 33.850000 0.000000
      vertex 60.150000 32.850000 0.000000
      vertex 48.375000 32.850000 0.000000
    endloop
  endfacet
  facet normal 0.000000 0.000000 -1.000000
    outer loop
      vertex 48.375000 34.450000 0.000000
      vertex 60.150000 34.450000 0.000000
      vertex 60.150000 33.850000 0.000000
    endloop
  endfacet
  facet normal 0.000000 0.000000 -1.000000
    outer loop
      vertex 48.375000 34.450000 0.000000
      vertex 60.150000 33.850000 0.000000
      vertex 48.375000 33.850000 0.000000
    endloop
  endfacet
  facet normal 0.000000 0.000000 -1.000000
    outer loop
      vertex 48.375000 35.850000 0.000000
      vertex 60.150000 35.850000 0.000000
      vertex 60.150000 34.450000 0.000000
    endloop
  endfacet
  facet normal 0.000000 0.000000 -1.000000
    outer loop
      vertex 48.375000 35.850000 0.000000
      vertex 60.150000 34.450000 0.000000
      vertex 48.375000 34.450000 0.000000
    endloop
  endfacet
  facet normal 0.000000 0.000000 -1.000000
    outer loop
      vertex 48.375000 37.850000 0.000000
      vertex 60.150000 37.850000 0.000000
      vertex 60.150000 35.850000 0.000000
    endloop
  endfacet
  facet normal 0.000000 0.000000 -1.000000
    outer loop
      vertex 48.375000 37.850000 0.000000
      vertex 60.150000 35.850000 0.000000
      vertex 48.375000 35.850000 0.000000
    endloop
  endfacet
  facet normal 0.000000 0.000000 -1.000000
    outer loop
      vertex 48.375000 40.850000 0.000000
      vertex 60.150000 40.850000 0.000000
      vertex 60.150000 37.850000 0.000000
    endloop
  endfacet
  facet normal 0.000000 0.000000 -1.000000
    outer loop
      vertex 48.375000 40.850000 0.000000
      vertex 60.150000 37.850000 0.000000
      vertex 48.375000 37.850000 0.000000
    endloop
  endfacet
  facet normal 0.000000 0.000000 -1.000000
    outer loop
      vertex 60.150000 -37.850000 0.000000
      vertex 61.750000 -37.850000 0.000000
      vertex 61.750000 -40.850000 0.000000
    endloop
  endfacet
  facet normal 0.000000 0.000000 -1.000000
    outer loop
      vertex 60.150000 -37.850000 0.000000
      vertex 61.750000 -40.850000 0.000000
      vertex 60.150000 -40.850000 0.000000
    endloop
  endfacet
  facet normal 0.000000 0.000000 -1.000000
    outer loop
      vertex 60.150000 -35.850000 0.000000
      vertex 61.750000 -35.850000 0.000000
      vertex 61.750000 -37.850000 0.000000
    endloop
  endfacet
  facet normal 0.000000 0.000000 -1.000000
    outer loop
      vertex 60.150000 -35.850000 0.000000
      vertex 61.750000 -37.850000 0.000000
      vertex 60.150000 -37.850000 0.000000
    endloop
  endfacet
  facet normal 0.000000 0.000000 -1.000000
    outer loop
      vertex 60.150000 -34.450000 0.000000
      vertex 61.750000 -34.450000 0.000000
      vertex 61.750000 -35.850000 0.000000
    endloop
  endfacet
  facet normal 0.000000 0.000000 -1.000000
    outer loop
      vertex 60.150000 -34.450000 0.000000
      vertex 61.750000 -35.850000 0.000000
      vertex 60.150000 -35.850000 0.000000
    endloop
  endfacet
  facet normal 0.000000 0.000000 -1.000000
    outer loop
      vertex 60.150000 31.250000 0.000000
      vertex 61.750000 31.250000 0.000000
      vertex 61.750000 -31.250000 0.000000
    endloop
  endfacet
  facet normal 0.000000 0.000000 -1.000000
    outer loop
      vertex 60.150000 31.250000 0.000000
      vertex 61.750000 -31.250000 0.000000
      vertex 60.150000 -31.250000 0.000000
    endloop
  endfacet
  facet normal 0.000000 0.000000 -1.000000
    outer loop
      vertex 60.150000 35.850000 0.000000
      vertex 61.750000 35.850000 0.000000
      vertex 61.750000 34.450000 0.000000
    endloop
  endfacet
  facet normal 0.000000 0.000000 -1.000000
    outer loop
      vertex 60.150000 35.850000 0.000000
      vertex 61.750000 34.450000 0.000000
      vertex 60.150000 34.450000 0.000000
    endloop
  endfacet
  facet normal 0.000000 0.000000 -1.000000
    outer loop
      vertex 60.150000 37.850000 0.000000
      vertex 61.750000 37.850000 0.000000
      vertex 61.750000 35.850000 0.000000
    endloop
  endfacet
  facet normal 0.000000 0.000000 -1.000000
    outer loop
      vertex 60.150000 37.850000 0.000000
      vertex 61.750000 35.850000 0.000000
      vertex 60.150000 35.850000 0.000000
    endloop
  endfacet
  facet normal 0.000000 0.000000 -1.000000
    outer loop
      vertex 60.150000 40.850000 0.000000
      vertex 61.750000 40.850000 0.000000
      vertex 61.750000 37.850000 0.000000
    endloop
  endfacet
  facet normal 0.000000 0.000000 -1.000000
    outer loop
      vertex 60.150000 40.850000 0.000000
      vertex 61.750000 37.850000 0.000000
      vertex 60.150000 37.850000 0.000000
    endloop
  endfacet
  facet normal 0.000000 0.000000 -1.000000
    outer loop
      vertex 61.750000 -37.850000 0.000000
      vertex 63.350000 -37.850000 0.000000
      vertex 63.350000 -40.850000 0.000000
    endloop
  endfacet
  facet normal 0.000000 0.000000 -1.000000
    outer loop
      vertex 61.750000 -37.850000 0.000000
      vertex 63.350000 -40.850000 0.000000
      vertex 61.750000 -40.850000 0.000000
    endloop
  endfacet
  facet normal 0.000000 0.000000 -1.000000
    outer loop
      vertex 61.750000 -35.850000 0.000000
      vertex 63.350000 -35.850000 0.000000
      vertex 63.350000 -37.850000 0.000000
    endloop
  endfacet
  facet normal 0.000000 0.000000 -1.000000
    outer loop
      vertex 61.750000 -35.850000 0.000000
      vertex 63.350000 -37.850000 0.000000
      vertex 61.750000 -37.850000 0.000000
    endloop
  endfacet
  facet normal 0.000000 0.000000 -1.000000
    outer loop
      vertex 61.750000 -34.450000 0.000000
      vertex 63.350000 -34.450000 0.000000
      vertex 63.350000 -35.850000 0.000000
    endloop
  endfacet
  facet normal 0.000000 0.000000 -1.000000
    outer loop
      vertex 61.750000 -34.450000 0.000000
      vertex 63.350000 -35.850000 0.000000
      vertex 61.750000 -35.850000 0.000000
    endloop
  endfacet
  facet normal 0.000000 0.000000 -1.000000
    outer loop
      vertex 61.750000 31.250000 0.000000
      vertex 63.350000 31.250000 0.000000
      vertex 63.350000 -31.250000 0.000000
    endloop
  endfacet
  facet normal 0.000000 0.000000 -1.000000
    outer loop
      vertex 61.750000 31.250000 0.000000
      vertex 63.350000 -31.250000 0.000000
      vertex 61.750000 -31.250000 0.000000
    endloop
  endfacet
  facet normal 0.000000 0.000000 -1.000000
    outer loop
      vertex 61.750000 35.850000 0.000000
      vertex 63.350000 35.850000 0.000000
      vertex 63.350000 34.450000 0.000000
    endloop
  endfacet
  facet normal 0.000000 0.000000 -1.000000
    outer loop
      vertex 61.750000 35.850000 0.000000
      vertex 63.350000 34.450000 0.000000
      vertex 61.750000 34.450000 0.000000
    endloop
  endfacet
  facet normal 0.000000 0.000000 -1.000000
    outer loop
      vertex 61.750000 37.850000 0.000000
      vertex 63.350000 37.850000 0.000000
      vertex 63.350000 35.850000 0.000000
    endloop
  endfacet
  facet normal 0.000000 0.000000 -1.000000
    outer loop
      vertex 61.750000 37.850000 0.000000
      vertex 63.350000 35.850000 0.000000
      vertex 61.750000 35.850000 0.000000
    endloop
  endfacet
  facet normal 0.000000 0.000000 -1.000000
    outer loop
      vertex 61.750000 40.850000 0.000000
      vertex 63.350000 40.850000 0.000000
      vertex 63.350000 37.850000 0.000000
    endloop
  endfacet
  facet normal 0.000000 0.000000 -1.000000
    outer loop
      vertex 61.750000 40.850000 0.000000
      vertex 63.350000 37.850000 0.000000
      vertex 61.750000 37.850000 0.000000
    endloop
  endfacet
  facet normal 0.000000 0.000000 -1.000000
    outer loop
      vertex 63.350000 -37.850000 0.000000
      vertex 69.750000 -37.850000 0.000000
      vertex 69.750000 -40.850000 0.000000
    endloop
  endfacet
  facet normal 0.000000 0.000000 -1.000000
    outer loop
      vertex 63.350000 -37.850000 0.000000
      vertex 69.750000 -40.850000 0.000000
      vertex 63.350000 -40.850000 0.000000
    endloop
  endfacet
  facet normal 0.000000 0.000000 -1.000000
    outer loop
      vertex 63.350000 -35.850000 0.000000
      vertex 69.750000 -35.850000 0.000000
      vertex 69.750000 -37.850000 0.000000
    endloop
  endfacet
  facet normal 0.000000 0.000000 -1.000000
    outer loop
      vertex 63.350000 -35.850000 0.000000
      vertex 69.750000 -37.850000 0.000000
      vertex 63.350000 -37.850000 0.000000
    endloop
  endfacet
  facet normal 0.000000 0.000000 -1.000000
    outer loop
      vertex 63.350000 -34.450000 0.000000
      vertex 69.750000 -34.450000 0.000000
      vertex 69.750000 -35.850000 0.000000
    endloop
  endfacet
  facet normal 0.000000 0.000000 -1.000000
    outer loop
      vertex 63.350000 -34.450000 0.000000
      vertex 69.750000 -35.850000 0.000000
      vertex 63.350000 -35.850000 0.000000
    endloop
  endfacet
  facet normal 0.000000 0.000000 -1.000000
    outer loop
      vertex 63.350000 -33.850000 0.000000
      vertex 69.750000 -33.850000 0.000000
      vertex 69.750000 -34.450000 0.000000
    endloop
  endfacet
  facet normal 0.000000 0.000000 -1.000000
    outer loop
      vertex 63.350000 -33.850000 0.000000
      vertex 69.750000 -34.450000 0.000000
      vertex 63.350000 -34.450000 0.000000
    endloop
  endfacet
  facet normal 0.000000 0.000000 -1.000000
    outer loop
      vertex 63.350000 -32.850000 0.000000
      vertex 69.750000 -32.850000 0.000000
      vertex 69.750000 -33.850000 0.000000
    endloop
  endfacet
  facet normal 0.000000 0.000000 -1.000000
    outer loop
      vertex 63.350000 -32.850000 0.000000
      vertex 69.750000 -33.850000 0.000000
      vertex 63.350000 -33.850000 0.000000
    endloop
  endfacet
  facet normal 0.000000 0.000000 -1.000000
    outer loop
      vertex 63.350000 -31.250000 0.000000
      vertex 69.750000 -31.250000 0.000000
      vertex 69.750000 -32.850000 0.000000
    endloop
  endfacet
  facet normal 0.000000 0.000000 -1.000000
    outer loop
      vertex 63.350000 -31.250000 0.000000
      vertex 69.750000 -32.850000 0.000000
      vertex 63.350000 -32.850000 0.000000
    endloop
  endfacet
  facet normal 0.000000 0.000000 -1.000000
    outer loop
      vertex 63.350000 31.250000 0.000000
      vertex 69.750000 31.250000 0.000000
      vertex 69.750000 -31.250000 0.000000
    endloop
  endfacet
  facet normal 0.000000 0.000000 -1.000000
    outer loop
      vertex 63.350000 31.250000 0.000000
      vertex 69.750000 -31.250000 0.000000
      vertex 63.350000 -31.250000 0.000000
    endloop
  endfacet
  facet normal 0.000000 0.000000 -1.000000
    outer loop
      vertex 63.350000 32.850000 0.000000
      vertex 69.750000 32.850000 0.000000
      vertex 69.750000 31.250000 0.000000
    endloop
  endfacet
  facet normal 0.000000 0.000000 -1.000000
    outer loop
      vertex 63.350000 32.850000 0.000000
      vertex 69.750000 31.250000 0.000000
      vertex 63.350000 31.250000 0.000000
    endloop
  endfacet
  facet normal 0.000000 0.000000 -1.000000
    outer loop
      vertex 63.350000 33.850000 0.000000
      vertex 69.750000 33.850000 0.000000
      vertex 69.750000 32.850000 0.000000
    endloop
  endfacet
  facet normal 0.000000 0.000000 -1.000000
    outer loop
      vertex 63.350000 33.850000 0.000000
      vertex 69.750000 32.850000 0.000000
      vertex 63.350000 32.850000 0.000000
    endloop
  endfacet
  facet normal 0.000000 0.000000 -1.000000
    outer loop
      vertex 63.350000 34.450000 0.000000
      vertex 69.750000 34.450000 0.000000
      vertex 69.750000 33.850000 0.000000
    endloop
  endfacet
  facet normal 0.000000 0.000000 -1.000000
    outer loop
      vertex 63.350000 34.450000 0.000000
      vertex 69.750000 33.850000 0.000000
      vertex 63.350000 33.850000 0.000000
    endloop
  endfacet
  facet normal 0.000000 0.000000 -1.000000
    outer loop
      vertex 63.350000 35.850000 0.000000
      vertex 69.750000 35.850000 0.000000
      vertex 69.750000 34.450000 0.000000
    endloop
  endfacet
  facet normal 0.000000 0.000000 -1.000000
    outer loop
      vertex 63.350000 35.850000 0.000000
      vertex 69.750000 34.450000 0.000000
      vertex 63.350000 34.450000 0.000000
    endloop
  endfacet
  facet normal 0.000000 0.000000 -1.000000
    outer loop
      vertex 63.350000 37.850000 0.000000
      vertex 69.750000 37.850000 0.000000
      vertex 69.750000 35.850000 0.000000
    endloop
  endfacet
  facet normal 0.000000 0.000000 -1.000000
    outer loop
      vertex 63.350000 37.850000 0.000000
      vertex 69.750000 35.850000 0.000000
      vertex 63.350000 35.850000 0.000000
    endloop
  endfacet
  facet normal 0.000000 0.000000 -1.000000
    outer loop
      vertex 63.350000 40.850000 0.000000
      vertex 69.750000 40.850000 0.000000
      vertex 69.750000 37.850000 0.000000
    endloop
  endfacet
  facet normal 0.000000 0.000000 -1.000000
    outer loop
      vertex 63.350000 40.850000 0.000000
      vertex 69.750000 37.850000 0.000000
      vertex 63.350000 37.850000 0.000000
    endloop
  endfacet
  facet normal 0.000000 0.000000 1.000000
    outer loop
      vertex -60.150000 -31.250000 3.000000
      vertex -60.163688 -32.641158 3.000000
      vertex -60.150000 -32.850000 3.000000
    endloop
  endfacet
  facet normal 0.000000 0.000000 1.000000
    outer loop
      vertex -60.150000 -31.250000 3.000000
      vertex -60.204519 -32.435890 3.000000
      vertex -60.163688 -32.641158 3.000000
    endloop
  endfacet
  facet normal 0.000000 0.000000 1.000000
    outer loop
      vertex -60.150000 -31.250000 3.000000
      vertex -60.271793 -32.237707 3.000000
      vertex -60.204519 -32.435890 3.000000
    endloop
  endfacet
  facet normal 0.000000 0.000000 1.000000
    outer loop
      vertex -60.150000 -31.250000 3.000000
      vertex -60.364359 -32.050000 3.000000
      vertex -60.271793 -32.237707 3.000000
    endloop
  endfacet
  facet normal 0.000000 0.000000 1.000000
    outer loop
      vertex -60.150000 -31.250000 3.000000
      vertex -60.480635 -31.875982 3.000000
      vertex -60.364359 -32.050000 3.000000
    endloop
  endfacet
  facet normal 0.000000 0.000000 1.000000
    outer loop
      vertex -60.150000 -31.250000 3.000000
      vertex -60.618629 -31.718629 3.000000
      vertex -60.480635 -31.875982 3.000000
    endloop
  endfacet
  facet normal 0.000000 0.000000 1.000000
    outer loop
      vertex -60.150000 -31.250000 3.000000
      vertex -60.775982 -31.580635 3.000000
      vertex -60.618629 -31.718629 3.000000
    endloop
  endfacet
  facet normal 0.000000 0.000000 1.000000
    outer loop
      vertex -60.150000 -31.250000 3.000000
      vertex -60.950000 -31.464359 3.000000
      vertex -60.775982 -31.580635 3.000000
    endloop
  endfacet
  facet normal 0.000000 0.000000 1.000000
    outer loop
      vertex -60.150000 -31.250000 3.000000
      vertex -61.137707 -31.371793 3.000000
      vertex -60.950000 -31.464359 3.000000
    endloop
  endfacet
  facet normal 0.000000 0.000000 1.000000
    outer loop
      vertex -60.150000 -31.250000 3.000000
      vertex -61.335890 -31.304519 3.000000
      vertex -61.137707 -31.371793 3.000000
    endloop
  endfacet
  facet normal 0.000000 0.000000 1.000000
    outer loop
      vertex -60.150000 -31.250000 3.000000
      vertex -61.541158 -31.263688 3.000000
      vertex -61.335890 -31.304519 3.000000
    endloop
  endfacet
  facet normal 0.000000 0.000000 1.000000
    outer loop
      vertex -60.150000 -31.250000 3.000000
      vertex -61.750000 -31.250000 3.000000
      vertex -61.541158 -31.263688 3.000000
    endloop
  endfacet
  facet normal -0.000000 0.000000 1.000000
    outer loop
      vertex -63.350000 -31.250000 3.000000
      vertex -61.958842 -31.263688 3.000000
      vertex -61.750000 -31.250000 3.000000
    endloop
  endfacet
  facet normal 0.000000 0.000000 1.000000
    outer loop
      vertex -63.350000 -31.250000 3.000000
      vertex -62.164110 -31.304519 3.000000
      vertex -61.958842 -31.263688 3.000000
    endloop
  endfacet
  facet normal 0.000000 0.000000 1.000000
    outer loop
      vertex -63.350000 -31.250000 3.000000
      vertex -62.362293 -31.371793 3.000000
      vertex -62.164110 -31.304519 3.000000
    endloop
  endfacet
  facet normal 0.000000 0.000000 1.000000
    outer loop
      vertex -63.350000 -31.250000 3.000000
      vertex -62.550000 -31.464359 3.000000
      vertex -62.362293 -31.371793 3.000000
    endloop
  endfacet
  facet normal 0.000000 0.000000 1.000000
    outer loop
      vertex -63.350000 -31.250000 3.000000
      vertex -62.724018 -31.580635 3.000000
      vertex -62.550000 -31.464359 3.000000
    endloop
  endfacet
  facet normal 0.000000 0.000000 1.000000
    outer loop
      vertex -63.350000 -31.250000 3.000000
      vertex -62.881371 -31.718629 3.000000
      vertex -62.724018 -31.580635 3.000000
    endloop
  endfacet
  facet normal 0.000000 0.000000 1.000000
    outer loop
      vertex -63.350000 -31.250000 3.000000
      vertex -63.019365 -31.875982 3.000000
      vertex -62.881371 -31.718629 3.000000
    endloop
  endfacet
  facet normal 0.000000 0.000000 1.000000
    outer loop
      vertex -63.350000 -31.250000 3.000000
      vertex -63.135641 -32.050000 3.000000
      vertex -63.019365 -31.875982 3.000000
    endloop
  endfacet
  facet normal 0.000000 0.000000 1.000000
    outer loop
      vertex -63.350000 -31.250000 3.000000
      vertex -63.228207 -32.237707 3.000000
      vertex -63.135641 -32.050000 3.000000
    endloop
  endfacet
  facet normal 0.000000 0.000000 1.000000
    outer loop
      vertex -63.350000 -31.250000 3.000000
      vertex -63.295481 -32.435890 3.000000
      vertex -63.228207 -32.237707 3.000000
    endloop
  endfacet
  facet normal 0.000000 0.000000 1.000000
    outer loop
      vertex -63.350000 -31.250000 3.000000
      vertex -63.336312 -32.641158 3.000000
      vertex -63.295481 -32.435890 3.000000
    endloop
  endfacet
  facet normal 0.000000 0.000000 1.000000
    outer loop
      vertex -63.350000 -31.250000 3.000000
      vertex -63.350000 -32.850000 3.000000
      vertex -63.336312 -32.641158 3.000000
    endloop
  endfacet
  facet normal 0.000000 0.000000 1.000000
    outer loop
      vertex -63.350000 -34.450000 3.000000
      vertex -63.336312 -33.058842 3.000000
      vertex -63.350000 -32.850000 3.000000
    endloop
  endfacet
  facet normal 0.000000 0.000000 1.000000
    outer loop
      vertex -63.350000 -34.450000 3.000000
      vertex -63.295481 -33.264110 3.000000
      vertex -63.336312 -33.058842 3.000000
    endloop
  endfacet
  facet normal 0.000000 0.000000 1.000000
    outer loop
      vertex -63.350000 -34.450000 3.000000
      vertex -63.228207 -33.462293 3.000000
      vertex -63.295481 -33.264110 3.000000
    endloop
  endfacet
  facet normal 0.000000 0.000000 1.000000
    outer loop
      vertex -63.350000 -34.450000 3.000000
      vertex -63.135641 -33.650000 3.000000
      vertex -63.228207 -33.462293 3.000000
    endloop
  endfacet
  facet normal 0.000000 0.000000 1.000000
    outer loop
      vertex -63.350000 -34.450000 3.000000
      vertex -63.019365 -33.824018 3.000000
      vertex -63.135641 -33.650000 3.000000
    endloop
  endfacet
  facet normal 0.000000 0.000000 1.000000
    outer loop
      vertex -63.350000 -34.450000 3.000000
      vertex -62.881371 -33.981371 3.000000
      vertex -63.019365 -33.824018 3.000000
    endloop
  endfacet
  facet normal 0.000000 0.000000 1.000000
    outer loop
      vertex -63.350000 -34.450000 3.000000
      vertex -62.724018 -34.119365 3.000000
      vertex -62.881371 -33.981371 3.000000
    endloop
  endfacet
  facet normal 0.000000 0.000000 1.000000
    outer loop
      vertex -63.350000 -34.450000 3.000000
      vertex -62.550000 -34.235641 3.000000
      vertex -62.724018 -34.119365 3.000000
    endloop
  endfacet
  facet normal 0.000000 0.000000 1.000000
    outer loop
      vertex -63.350000 -34.450000 3.000000
      vertex -62.362293 -34.328207 3.000000
      vertex -62.550000 -34.235641 3.000000
    endloop
  endfacet
  facet normal 0.000000 0.000000 1.000000
    outer loop
      vertex -63.350000 -34.450000 3.000000
      vertex -62.164110 -34.395481 3.000000
      vertex -62.362293 -34.328207 3.000000
    endloop
  endfacet
  facet normal 0.000000 0.000000 1.000000
    outer loop
      vertex -63.350000 -34.450000 3.000000
      vertex -61.958842 -34.436312 3.000000
      vertex -62.164110 -34.395481 3.000000
    endloop
  endfacet
  facet normal 0.000000 0.000000 1.000000
    outer loop
      vertex -63.350000 -34.450000 3.000000
      vertex -61.750000 -34.450000 3.000000
      vertex -61.958842 -34.436312 3.000000
    endloop
  endfacet
  facet normal 0.000000 0.000000 1.000000
    outer loop
      vertex -60.150000 -34.450000 3.000000
      vertex -61.541158 -34.436312 3.000000
      vertex -61.750000 -34.450000 3.000000
    endloop
  endfacet
  facet normal 0.000000 0.000000 1.000000
    outer loop
      vertex -60.150000 -34.450000 3.000000
      vertex -61.335890 -34.395481 3.000000
      vertex -61.541158 -34.436312 3.000000
    endloop
  endfacet
  facet normal 0.000000 0.000000 1.000000
    outer loop
      vertex -60.150000 -34.450000 3.000000
      vertex -61.137707 -34.328207 3.000000
      vertex -61.335890 -34.395481 3.000000
    endloop
  endfacet
  facet normal 0.000000 0.000000 1.000000
    outer loop
      vertex -60.150000 -34.450000 3.000000
      vertex -60.950000 -34.235641 3.000000
      vertex -61.137707 -34.328207 3.000000
    endloop
  endfacet
  facet normal 0.000000 0.000000 1.000000
    outer loop
      vertex -60.150000 -34.450000 3.000000
      vertex -60.775982 -34.119365 3.000000
      vertex -60.950000 -34.235641 3.000000
    endloop
  endfacet
  facet normal 0.000000 0.000000 1.000000
    outer loop
      vertex -60.150000 -34.450000 3.000000
      vertex -60.618629 -33.981371 3.000000
      vertex -60.775982 -34.119365 3.000000
    endloop
  endfacet
  facet normal 0.000000 0.000000 1.000000
    outer loop
      vertex -60.150000 -34.450000 3.000000
      vertex -60.480635 -33.824018 3.000000
      vertex -60.618629 -33.981371 3.000000
    endloop
  endfacet
  facet normal 0.000000 0.000000 1.000000
    outer loop
      vertex -60.150000 -34.450000 3.000000
      vertex -60.364359 -33.650000 3.000000
      vertex -60.480635 -33.824018 3.000000
    endloop
  endfacet
  facet normal 0.000000 0.000000 1.000000
    outer loop
      vertex -60.150000 -34.450000 3.000000
      vertex -60.271793 -33.462293 3.000000
      vertex -60.364359 -33.650000 3.000000
    endloop
  endfacet
  facet normal 0.000000 0.000000 1.000000
    outer loop
      vertex -60.150000 -34.450000 3.000000
      vertex -60.204519 -33.264110 3.000000
      vertex -60.271793 -33.462293 3.000000
    endloop
  endfacet
  facet normal 0.000000 0.000000 1.000000
    outer loop
      vertex -60.150000 -34.450000 3.000000
      vertex -60.163688 -33.058842 3.000000
      vertex -60.204519 -33.264110 3.000000
    endloop
  endfacet
  facet normal 0.000000 -0.000000 1.000000
    outer loop
      vertex -60.150000 -34.450000 3.000000
      vertex -60.150000 -32.850000 3.000000
      vertex -60.163688 -33.058842 3.000000
    endloop
  endfacet
  facet normal 0.000000 -0.000000 -1.000000
    outer loop
      vertex -60.150000 -31.250000 0.000000
      vertex -60.150000 -32.850000 0.000000
      vertex -60.163688 -32.641158 0.000000
    endloop
  endfacet
  facet normal 0.000000 0.000000 -1.000000
    outer loop
      vertex -60.150000 -31.250000 0.000000
      vertex -60.163688 -32.641158 0.000000
      vertex -60.204519 -32.435890 0.000000
    endloop
  endfacet
  facet normal 0.000000 0.000000 -1.000000
    outer loop
      vertex -60.150000 -31.250000 0.000000
      vertex -60.204519 -32.435890 0.000000
      vertex -60.271793 -32.237707 0.000000
    endloop
  endfacet
  facet normal 0.000000 0.000000 -1.000000
    outer loop
      vertex -60.150000 -31.250000 0.000000
      vertex -60.271793 -32.237707 0.000000
      vertex -60.364359 -32.050000 0.000000
    endloop
  endfacet
  facet normal 0.000000 0.000000 -1.000000
    outer loop
      vertex -60.150000 -31.250000 0.000000
      vertex -60.364359 -32.050000 0.000000
      vertex -60.480635 -31.875982 0.000000
    endloop
  endfacet
  facet normal 0.000000 0.000000 -1.000000
    outer loop
      vertex -60.150000 -31.250000 0.000000
      vertex -60.480635 -31.875982 0.000000
      vertex -60.618629 -31.718629 0.000000
    endloop
  endfacet
  facet normal 0.000000 0.000000 -1.000000
    outer loop
      vertex -60.150000 -31.250000 0.000000
      vertex -60.618629 -31.718629 0.000000
      vertex -60.775982 -31.580635 0.000000
    endloop
  endfacet
  facet normal 0.000000 0.000000 -1.000000
    outer loop
      vertex -60.150000 -31.250000 0.000000
      vertex -60.775982 -31.580635 0.000000
      vertex -60.950000 -31.464359 0.000000
    endloop
  endfacet
  facet normal 0.000000 0.000000 -1.000000
    outer loop
      vertex -60.150000 -31.250000 0.000000
      vertex -60.950000 -31.464359 0.000000
      vertex -61.137707 -31.371793 0.000000
    endloop
  endfacet
  facet normal 0.000000 0.000000 -1.000000
    outer loop
      vertex -60.150000 -31.250000 0.000000
      vertex -61.137707 -31.371793 0.000000
      vertex -61.335890 -31.304519 0.000000
    endloop
  endfacet
  facet normal 0.000000 0.000000 -1.000000
    outer loop
      vertex -60.150000 -31.250000 0.000000
      vertex -61.335890 -31.304519 0.000000
      vertex -61.541158 -31.263688 0.000000
    endloop
  endfacet
  facet normal -0.000000 0.000000 -1.000000
    outer loop
      vertex -60.150000 -31.250000 0.000000
      vertex -61.541158 -31.263688 0.000000
      vertex -61.750000 -31.250000 0.000000
    endloop
  endfacet
  facet normal 0.000000 0.000000 -1.000000
    outer loop
      vertex -63.350000 -31.250000 0.000000
      vertex -61.750000 -31.250000 0.000000
      vertex -61.958842 -31.263688 0.000000
    endloop
  endfacet
  facet normal 0.000000 0.000000 -1.000000
    outer loop
      vertex -63.350000 -31.250000 0.000000
      vertex -61.958842 -31.263688 0.000000
      vertex -62.164110 -31.304519 0.000000
    endloop
  endfacet
  facet normal 0.000000 0.000000 -1.000000
    outer loop
      vertex -63.350000 -31.250000 0.000000
      vertex -62.164110 -31.304519 0.000000
      vertex -62.362293 -31.371793 0.000000
    endloop
  endfacet
  facet normal 0.000000 0.000000 -1.000000
    outer loop
      vertex -63.350000 -31.250000 0.000000
      vertex -62.362293 -31.371793 0.000000
      vertex -62.550000 -31.464359 0.000000
    endloop
  endfacet
  facet normal 0.000000 0.000000 -1.000000
    outer loop
      vertex -63.350000 -31.250000 0.000000
      vertex -62.550000 -31.464359 0.000000
      vertex -62.724018 -31.580635 0.000000
    endloop
  endfacet
  facet normal 0.000000 0.000000 -1.000000
    outer loop
      vertex -63.350000 -31.250000 0.000000
      vertex -62.724018 -31.580635 0.000000
      vertex -62.881371 -31.718629 0.000000
    endloop
  endfacet
  facet normal 0.000000 0.000000 -1.000000
    outer loop
      vertex -63.350000 -31.250000 0.000000
      vertex -62.881371 -31.718629 0.000000
      vertex -63.019365 -31.875982 0.000000
    endloop
  endfacet
  facet normal 0.000000 0.000000 -1.000000
    outer loop
      vertex -63.350000 -31.250000 0.000000
      vertex -63.019365 -31.875982 0.000000
      vertex -63.135641 -32.050000 0.000000
    endloop
  endfacet
  facet normal 0.000000 0.000000 -1.000000
    outer loop
      vertex -63.350000 -31.250000 0.000000
      vertex -63.135641 -32.050000 0.000000
      vertex -63.228207 -32.237707 0.000000
    endloop
  endfacet
  facet normal 0.000000 0.000000 -1.000000
    outer loop
      vertex -63.350000 -31.250000 0.000000
      vertex -63.228207 -32.237707 0.000000
      vertex -63.295481 -32.435890 0.000000
    endloop
  endfacet
  facet normal 0.000000 0.000000 -1.000000
    outer loop
      vertex -63.350000 -31.250000 0.000000
      vertex -63.295481 -32.435890 0.000000
      vertex -63.336312 -32.641158 0.000000
    endloop
  endfacet
  facet normal 0.000000 0.000000 -1.000000
    outer loop
      vertex -63.350000 -31.250000 0.000000
      vertex -63.336312 -32.641158 0.000000
      vertex -63.350000 -32.850000 0.000000
    endloop
  endfacet
  facet normal 0.000000 0.000000 -1.000000
    outer loop
      vertex -63.350000 -34.450000 0.000000
      vertex -63.350000 -32.850000 0.000000
      vertex -63.336312 -33.058842 0.000000
    endloop
  endfacet
  facet normal 0.000000 0.000000 -1.000000
    outer loop
      vertex -63.350000 -34.450000 0.000000
      vertex -63.336312 -33.058842 0.000000
      vertex -63.295481 -33.264110 0.000000
    endloop
  endfacet
  facet normal 0.000000 0.000000 -1.000000
    outer loop
      vertex -63.350000 -34.450000 0.000000
      vertex -63.295481 -33.264110 0.000000
      vertex -63.228207 -33.462293 0.000000
    endloop
  endfacet
  facet normal 0.000000 0.000000 -1.000000
    outer loop
      vertex -63.350000 -34.450000 0.000000
      vertex -63.228207 -33.462293 0.000000
      vertex -63.135641 -33.650000 0.000000
    endloop
  endfacet
  facet normal 0.000000 0.000000 -1.000000
    outer loop
      vertex -63.350000 -34.450000 0.000000
      vertex -63.135641 -33.650000 0.000000
      vertex -63.019365 -33.824018 0.000000
    endloop
  endfacet
  facet normal 0.000000 0.000000 -1.000000
    outer loop
      vertex -63.350000 -34.450000 0.000000
      vertex -63.019365 -33.824018 0.000000
      vertex -62.881371 -33.981371 0.000000
    endloop
  endfacet
  facet normal 0.000000 0.000000 -1.000000
    outer loop
      vertex -63.350000 -34.450000 0.000000
      vertex -62.881371 -33.981371 0.000000
      vertex -62.724018 -34.119365 0.000000
    endloop
  endfacet
  facet normal 0.000000 0.000000 -1.000000
    outer loop
      vertex -63.350000 -34.450000 0.000000
      vertex -62.724018 -34.119365 0.000000
      vertex -62.550000 -34.235641 0.000000
    endloop
  endfacet
  facet normal 0.000000 0.000000 -1.000000
    outer loop
      vertex -63.350000 -34.450000 0.000000
      vertex -62.550000 -34.235641 0.000000
      vertex -62.362293 -34.328207 0.000000
    endloop
  endfacet
  facet normal 0.000000 0.000000 -1.000000
    outer loop
      vertex -63.350000 -34.450000 0.000000
      vertex -62.362293 -34.328207 0.000000
      vertex -62.164110 -34.395481 0.000000
    endloop
  endfacet
  facet normal 0.000000 0.000000 -1.000000
    outer loop
      vertex -63.350000 -34.450000 0.000000
      vertex -62.164110 -34.395481 0.000000
      vertex -61.958842 -34.436312 0.000000
    endloop
  endfacet
  facet normal 0.000000 0.000000 -1.000000
    outer loop
      vertex -63.350000 -34.450000 0.000000
      vertex -61.958842 -34.436312 0.000000
      vertex -61.750000 -34.450000 0.000000
    endloop
  endfacet
  facet normal 0.000000 0.000000 -1.000000
    outer loop
      vertex -60.150000 -34.450000 0.000000
      vertex -61.750000 -34.450000 0.000000
      vertex -61.541158 -34.436312 0.000000
    endloop
  endfacet
  facet normal 0.000000 0.000000 -1.000000
    outer loop
      vertex -60.150000 -34.450000 0.000000
      vertex -61.541158 -34.436312 0.000000
      vertex -61.335890 -34.395481 0.000000
    endloop
  endfacet
  facet normal 0.000000 0.000000 -1.000000
    outer loop
      vertex -60.150000 -34.450000 0.000000
      vertex -61.335890 -34.395481 0.000000
      vertex -61.137707 -34.328207 0.000000
    endloop
  endfacet
  facet normal 0.000000 0.000000 -1.000000
    outer loop
      vertex -60.150000 -34.450000 0.000000
      vertex -61.137707 -34.328207 0.000000
      vertex -60.950000 -34.235641 0.000000
    endloop
  endfacet
  facet normal 0.000000 0.000000 -1.000000
    outer loop
      vertex -60.150000 -34.450000 0.000000
      vertex -60.950000 -34.235641 0.000000
      vertex -60.775982 -34.119365 0.000000
    endloop
  endfacet
  facet normal 0.000000 0.000000 -1.000000
    outer loop
      vertex -60.150000 -34.450000 0.000000
      vertex -60.775982 -34.119365 0.000000
      vertex -60.618629 -33.981371 0.000000
    endloop
  endfacet
  facet normal 0.000000 0.000000 -1.000000
    outer loop
      vertex -60.150000 -34.450000 0.000000
      vertex -60.618629 -33.981371 0.000000
      vertex -60.480635 -33.824018 0.000000
    endloop
  endfacet
  facet normal 0.000000 0.000000 -1.000000
    outer loop
      vertex -60.150000 -34.450000 0.000000
      vertex -60.480635 -33.824018 0.000000
      vertex -60.364359 -33.650000 0.000000
    endloop
  endfacet
  facet normal 0.000000 0.000000 -1.000000
    outer loop
      vertex -60.150000 -34.450000 0.000000
      vertex -60.364359 -33.650000 0.000000
      vertex -60.271793 -33.462293 0.000000
    endloop
  endfacet
  facet normal 0.000000 0.000000 -1.000000
    outer loop
      vertex -60.150000 -34.450000 0.000000
      vertex -60.271793 -33.462293 0.000000
      vertex -60.204519 -33.264110 0.000000
    endloop
  endfacet
  facet normal 0.000000 0.000000 -1.000000
    outer loop
      vertex -60.150000 -34.450000 0.000000
      vertex -60.204519 -33.264110 0.000000
      vertex -60.163688 -33.058842 0.000000
    endloop
  endfacet
  facet normal 0.000000 0.000000 -1.000000
    outer loop
      vertex -60.150000 -34.450000 0.000000
      vertex -60.163688 -33.058842 0.000000
      vertex -60.150000 -32.850000 0.000000
    endloop
  endfacet
  facet normal 0.000000 0.000000 1.000000
    outer loop
      vertex -60.150000 34.450000 3.000000
      vertex -60.163688 33.058842 3.000000
      vertex -60.150000 32.850000 3.000000
    endloop
  endfacet
  facet normal 0.000000 0.000000 1.000000
    outer loop
      vertex -60.150000 34.450000 3.000000
      vertex -60.204519 33.264110 3.000000
      vertex -60.163688 33.058842 3.000000
    endloop
  endfacet
  facet normal 0.000000 0.000000 1.000000
    outer loop
      vertex -60.150000 34.450000 3.000000
      vertex -60.271793 33.462293 3.000000
      vertex -60.204519 33.264110 3.000000
    endloop
  endfacet
  facet normal 0.000000 0.000000 1.000000
    outer loop
      vertex -60.150000 34.450000 3.000000
      vertex -60.364359 33.650000 3.000000
      vertex -60.271793 33.462293 3.000000
    endloop
  endfacet
  facet normal 0.000000 0.000000 1.000000
    outer loop
      vertex -60.150000 34.450000 3.000000
      vertex -60.480635 33.824018 3.000000
      vertex -60.364359 33.650000 3.000000
    endloop
  endfacet
  facet normal 0.000000 0.000000 1.000000
    outer loop
      vertex -60.150000 34.450000 3.000000
      vertex -60.618629 33.981371 3.000000
      vertex -60.480635 33.824018 3.000000
    endloop
  endfacet
  facet normal 0.000000 0.000000 1.000000
    outer loop
      vertex -60.150000 34.450000 3.000000
      vertex -60.775982 34.119365 3.000000
      vertex -60.618629 33.981371 3.000000
    endloop
  endfacet
  facet normal 0.000000 0.000000 1.000000
    outer loop
      vertex -60.150000 34.450000 3.000000
      vertex -60.950000 34.235641 3.000000
      vertex -60.775982 34.119365 3.000000
    endloop
  endfacet
  facet normal 0.000000 0.000000 1.000000
    outer loop
      vertex -60.150000 34.450000 3.000000
      vertex -61.137707 34.328207 3.000000
      vertex -60.950000 34.235641 3.000000
    endloop
  endfacet
  facet normal 0.000000 0.000000 1.000000
    outer loop
      vertex -60.150000 34.450000 3.000000
      vertex -61.335890 34.395481 3.000000
      vertex -61.137707 34.328207 3.000000
    endloop
  endfacet
  facet normal 0.000000 0.000000 1.000000
    outer loop
      vertex -60.150000 34.450000 3.000000
      vertex -61.541158 34.436312 3.000000
      vertex -61.335890 34.395481 3.000000
    endloop
  endfacet
  facet normal 0.000000 0.000000 1.000000
    outer loop
      vertex -60.150000 34.450000 3.000000
      vertex -61.750000 34.450000 3.000000
      vertex -61.541158 34.436312 3.000000
    endloop
  endfacet
  facet normal -0.000000 0.000000 1.000000
    outer loop
      vertex -63.350000 34.450000 3.000000
      vertex -61.958842 34.436312 3.000000
      vertex -61.750000 34.450000 3.000000
    endloop
  endfacet
  facet normal 0.000000 0.000000 1.000000
    outer loop
      vertex -63.350000 34.450000 3.000000
      vertex -62.164110 34.395481 3.000000
      vertex -61.958842 34.436312 3.000000
    endloop
  endfacet
  facet normal 0.000000 0.000000 1.000000
    outer loop
      vertex -63.350000 34.450000 3.000000
      vertex -62.362293 34.328207 3.000000
      vertex -62.164110 34.395481 3.000000
    endloop
  endfacet
  facet normal 0.000000 0.000000 1.000000
    outer loop
      vertex -63.350000 34.450000 3.000000
      vertex -62.550000 34.235641 3.000000
      vertex -62.362293 34.328207 3.000000
    endloop
  endfacet
  facet normal 0.000000 0.000000 1.000000
    outer loop
      vertex -63.350000 34.450000 3.000000
      vertex -62.724018 34.119365 3.000000
      vertex -62.550000 34.235641 3.000000
    endloop
  endfacet
  facet normal 0.000000 0.000000 1.000000
    outer loop
      vertex -63.350000 34.450000 3.000000
      vertex -62.881371 33.981371 3.000000
      vertex -62.724018 34.119365 3.000000
    endloop
  endfacet
  facet normal 0.000000 0.000000 1.000000
    outer loop
      vertex -63.350000 34.450000 3.000000
      vertex -63.019365 33.824018 3.000000
      vertex -62.881371 33.981371 3.000000
    endloop
  endfacet
  facet normal 0.000000 0.000000 1.000000
    outer loop
      vertex -63.350000 34.450000 3.000000
      vertex -63.135641 33.650000 3.000000
      vertex -63.019365 33.824018 3.000000
    endloop
  endfacet
  facet normal 0.000000 0.000000 1.000000
    outer loop
      vertex -63.350000 34.450000 3.000000
      vertex -63.228207 33.462293 3.000000
      vertex -63.135641 33.650000 3.000000
    endloop
  endfacet
  facet normal 0.000000 0.000000 1.000000
    outer loop
      vertex -63.350000 34.450000 3.000000
      vertex -63.295481 33.264110 3.000000
      vertex -63.228207 33.462293 3.000000
    endloop
  endfacet
  facet normal 0.000000 0.000000 1.000000
    outer loop
      vertex -63.350000 34.450000 3.000000
      vertex -63.336312 33.058842 3.000000
      vertex -63.295481 33.264110 3.000000
    endloop
  endfacet
  facet normal 0.000000 0.000000 1.000000
    outer loop
      vertex -63.350000 34.450000 3.000000
      vertex -63.350000 32.850000 3.000000
      vertex -63.336312 33.058842 3.000000
    endloop
  endfacet
  facet normal 0.000000 0.000000 1.000000
    outer loop
      vertex -63.350000 31.250000 3.000000
      vertex -63.336312 32.641158 3.000000
      vertex -63.350000 32.850000 3.000000
    endloop
  endfacet
  facet normal 0.000000 0.000000 1.000000
    outer loop
      vertex -63.350000 31.250000 3.000000
      vertex -63.295481 32.435890 3.000000
      vertex -63.336312 32.641158 3.000000
    endloop
  endfacet
  facet normal 0.000000 0.000000 1.000000
    outer loop
      vertex -63.350000 31.250000 3.000000
      vertex -63.228207 32.237707 3.000000
      vertex -63.295481 32.435890 3.000000
    endloop
  endfacet
  facet normal 0.000000 0.000000 1.000000
    outer loop
      vertex -63.350000 31.250000 3.000000
      vertex -63.135641 32.050000 3.000000
      vertex -63.228207 32.237707 3.000000
    endloop
  endfacet
  facet normal 0.000000 0.000000 1.000000
    outer loop
      vertex -63.350000 31.250000 3.000000
      vertex -63.019365 31.875982 3.000000
      vertex -63.135641 32.050000 3.000000
    endloop
  endfacet
  facet normal 0.000000 0.000000 1.000000
    outer loop
      vertex -63.350000 31.250000 3.000000
      vertex -62.881371 31.718629 3.000000
      vertex -63.019365 31.875982 3.000000
    endloop
  endfacet
  facet normal 0.000000 0.000000 1.000000
    outer loop
      vertex -63.350000 31.250000 3.000000
      vertex -62.724018 31.580635 3.000000
      vertex -62.881371 31.718629 3.000000
    endloop
  endfacet
  facet normal 0.000000 0.000000 1.000000
    outer loop
      vertex -63.350000 31.250000 3.000000
      vertex -62.550000 31.464359 3.000000
      vertex -62.724018 31.580635 3.000000
    endloop
  endfacet
  facet normal 0.000000 0.000000 1.000000
    outer loop
      vertex -63.350000 31.250000 3.000000
      vertex -62.362293 31.371793 3.000000
      vertex -62.550000 31.464359 3.000000
    endloop
  endfacet
  facet normal 0.000000 0.000000 1.000000
    outer loop
      vertex -63.350000 31.250000 3.000000
      vertex -62.164110 31.304519 3.000000
      vertex -62.362293 31.371793 3.000000
    endloop
  endfacet
  facet normal 0.000000 0.000000 1.000000
    outer loop
      vertex -63.350000 31.250000 3.000000
      vertex -61.958842 31.263688 3.000000
      vertex -62.164110 31.304519 3.000000
    endloop
  endfacet
  facet normal 0.000000 0.000000 1.000000
    outer loop
      vertex -63.350000 31.250000 3.000000
      vertex -61.750000 31.250000 3.000000
      vertex -61.958842 31.263688 3.000000
    endloop
  endfacet
  facet normal 0.000000 0.000000 1.000000
    outer loop
      vertex -60.150000 31.250000 3.000000
      vertex -61.541158 31.263688 3.000000
      vertex -61.750000 31.250000 3.000000
    endloop
  endfacet
  facet normal 0.000000 0.000000 1.000000
    outer loop
      vertex -60.150000 31.250000 3.000000
      vertex -61.335890 31.304519 3.000000
      vertex -61.541158 31.263688 3.000000
    endloop
  endfacet
  facet normal 0.000000 0.000000 1.000000
    outer loop
      vertex -60.150000 31.250000 3.000000
      vertex -61.137707 31.371793 3.000000
      vertex -61.335890 31.304519 3.000000
    endloop
  endfacet
  facet normal 0.000000 0.000000 1.000000
    outer loop
      vertex -60.150000 31.250000 3.000000
      vertex -60.950000 31.464359 3.000000
      vertex -61.137707 31.371793 3.000000
    endloop
  endfacet
  facet normal 0.000000 0.000000 1.000000
    outer loop
      vertex -60.150000 31.250000 3.000000
      vertex -60.775982 31.580635 3.000000
      vertex -60.950000 31.464359 3.000000
    endloop
  endfacet
  facet normal 0.000000 0.000000 1.000000
    outer loop
      vertex -60.150000 31.250000 3.000000
      vertex -60.618629 31.718629 3.000000
      vertex -60.775982 31.580635 3.000000
    endloop
  endfacet
  facet normal 0.000000 0.000000 1.000000
    outer loop
      vertex -60.150000 31.250000 3.000000
      vertex -60.480635 31.875982 3.000000
      vertex -60.618629 31.718629 3.000000
    endloop
  endfacet
  facet normal 0.000000 0.000000 1.000000
    outer loop
      vertex -60.150000 31.250000 3.000000
      vertex -60.364359 32.050000 3.000000
      vertex -60.480635 31.875982 3.000000
    endloop
  endfacet
  facet normal 0.000000 0.000000 1.000000
    outer loop
      vertex -60.150000 31.250000 3.000000
      vertex -60.271793 32.237707 3.000000
      vertex -60.364359 32.050000 3.000000
    endloop
  endfacet
  facet normal 0.000000 0.000000 1.000000
    outer loop
      vertex -60.150000 31.250000 3.000000
      vertex -60.204519 32.435890 3.000000
      vertex -60.271793 32.237707 3.000000
    endloop
  endfacet
  facet normal 0.000000 0.000000 1.000000
    outer loop
      vertex -60.150000 31.250000 3.000000
      vertex -60.163688 32.641158 3.000000
      vertex -60.204519 32.435890 3.000000
    endloop
  endfacet
  facet normal 0.000000 -0.000000 1.000000
    outer loop
      vertex -60.150000 31.250000 3.000000
      vertex -60.150000 32.850000 3.000000
      vertex -60.163688 32.641158 3.000000
    endloop
  endfacet
  facet normal 0.000000 -0.000000 -1.000000
    outer loop
      vertex -60.150000 34.450000 0.000000
      vertex -60.150000 32.850000 0.000000
      vertex -60.163688 33.058842 0.000000
    endloop
  endfacet
  facet normal 0.000000 0.000000 -1.000000
    outer loop
      vertex -60.150000 34.450000 0.000000
      vertex -60.163688 33.058842 0.000000
      vertex -60.204519 33.264110 0.000000
    endloop
  endfacet
  facet normal 0.000000 0.000000 -1.000000
    outer loop
      vertex -60.150000 34.450000 0.000000
      vertex -60.204519 33.264110 0.000000
      vertex -60.271793 33.462293 0.000000
    endloop
  endfacet
  facet normal 0.000000 0.000000 -1.000000
    outer loop
      vertex -60.150000 34.450000 0.000000
      vertex -60.271793 33.462293 0.000000
      vertex -60.364359 33.650000 0.000000
    endloop
  endfacet
  facet normal 0.000000 0.000000 -1.000000
    outer loop
      vertex -60.150000 34.450000 0.000000
      vertex -60.364359 33.650000 0.000000
      vertex -60.480635 33.824018 0.000000
    endloop
  endfacet
  facet normal 0.000000 0.000000 -1.000000
    outer loop
      vertex -60.150000 34.450000 0.000000
      vertex -60.480635 33.824018 0.000000
      vertex -60.618629 33.981371 0.000000
    endloop
  endfacet
  facet normal 0.000000 0.000000 -1.000000
    outer loop
      vertex -60.150000 34.450000 0.000000
      vertex -60.618629 33.981371 0.000000
      vertex -60.775982 34.119365 0.000000
    endloop
  endfacet
  facet normal 0.000000 0.000000 -1.000000
    outer loop
      vertex -60.150000 34.450000 0.000000
      vertex -60.775982 34.119365 0.000000
      vertex -60.950000 34.235641 0.000000
    endloop
  endfacet
  facet normal 0.000000 0.000000 -1.000000
    outer loop
      vertex -60.150000 34.450000 0.000000
      vertex -60.950000 34.235641 0.000000
      vertex -61.137707 34.328207 0.000000
    endloop
  endfacet
  facet normal 0.000000 0.000000 -1.000000
    outer loop
      vertex -60.150000 34.450000 0.000000
      vertex -61.137707 34.328207 0.000000
      vertex -61.335890 34.395481 0.000000
    endloop
  endfacet
  facet normal 0.000000 0.000000 -1.000000
    outer loop
      vertex -60.150000 34.450000 0.000000
      vertex -61.335890 34.395481 0.000000
      vertex -61.541158 34.436312 0.000000
    endloop
  endfacet
  facet normal -0.000000 0.000000 -1.000000
    outer loop
      vertex -60.150000 34.450000 0.000000
      vertex -61.541158 34.436312 0.000000
      vertex -61.750000 34.450000 0.000000
    endloop
  endfacet
  facet normal 0.000000 0.000000 -1.000000
    outer loop
      vertex -63.350000 34.450000 0.000000
      vertex -61.750000 34.450000 0.000000
      vertex -61.958842 34.436312 0.000000
    endloop
  endfacet
  facet normal 0.000000 0.000000 -1.000000
    outer loop
      vertex -63.350000 34.450000 0.000000
      vertex -61.958842 34.436312 0.000000
      vertex -62.164110 34.395481 0.000000
    endloop
  endfacet
  facet normal 0.000000 0.000000 -1.000000
    outer loop
      vertex -63.350000 34.450000 0.000000
      vertex -62.164110 34.395481 0.000000
      vertex -62.362293 34.328207 0.000000
    endloop
  endfacet
  facet normal 0.000000 0.000000 -1.000000
    outer loop
      vertex -63.350000 34.450000 0.000000
      vertex -62.362293 34.328207 0.000000
      vertex -62.550000 34.235641 0.000000
    endloop
  endfacet
  facet normal 0.000000 0.000000 -1.000000
    outer loop
      vertex -63.350000 34.450000 0.000000
      vertex -62.550000 34.235641 0.000000
      vertex -62.724018 34.119365 0.000000
    endloop
  endfacet
  facet normal 0.000000 0.000000 -1.000000
    outer loop
      vertex -63.350000 34.450000 0.000000
      vertex -62.724018 34.119365 0.000000
      vertex -62.881371 33.981371 0.000000
    endloop
  endfacet
  facet normal 0.000000 0.000000 -1.000000
    outer loop
      vertex -63.350000 34.450000 0.000000
      vertex -62.881371 33.981371 0.000000
      vertex -63.019365 33.824018 0.000000
    endloop
  endfacet
  facet normal 0.000000 0.000000 -1.000000
    outer loop
      vertex -63.350000 34.450000 0.000000
      vertex -63.019365 33.824018 0.000000
      vertex -63.135641 33.650000 0.000000
    endloop
  endfacet
  facet normal 0.000000 0.000000 -1.000000
    outer loop
      vertex -63.350000 34.450000 0.000000
      vertex -63.135641 33.650000 0.000000
      vertex -63.228207 33.462293 0.000000
    endloop
  endfacet
  facet normal 0.000000 0.000000 -1.000000
    outer loop
      vertex -63.350000 34.450000 0.000000
      vertex -63.228207 33.462293 0.000000
      vertex -63.295481 33.264110 0.000000
    endloop
  endfacet
  facet normal 0.000000 0.000000 -1.000000
    outer loop
      vertex -63.350000 34.450000 0.000000
      vertex -63.295481 33.264110 0.000000
      vertex -63.336312 33.058842 0.000000
    endloop
  endfacet
  facet normal 0.000000 0.000000 -1.000000
    outer loop
      vertex -63.350000 34.450000 0.000000
      vertex -63.336312 33.058842 0.000000
      vertex -63.350000 32.850000 0.000000
    endloop
  endfacet
  facet normal 0.000000 0.000000 -1.000000
    outer loop
      vertex -63.350000 31.250000 0.000000
      vertex -63.350000 32.850000 0.000000
      vertex -63.336312 32.641158 0.000000
    endloop
  endfacet
  facet normal 0.000000 0.000000 -1.000000
    outer loop
      vertex -63.350000 31.250000 0.000000
      vertex -63.336312 32.641158 0.000000
      vertex -63.295481 32.435890 0.000000
    endloop
  endfacet
  facet normal 0.000000 0.000000 -1.000000
    outer loop
      vertex -63.350000 31.250000 0.000000
      vertex -63.295481 32.435890 0.000000
      vertex -63.228207 32.237707 0.000000
    endloop
  endfacet
  facet normal 0.000000 0.000000 -1.000000
    outer loop
      vertex -63.350000 31.250000 0.000000
      vertex -63.228207 32.237707 0.000000
      vertex -63.135641 32.050000 0.000000
    endloop
  endfacet
  facet normal 0.000000 0.000000 -1.000000
    outer loop
      vertex -63.350000 31.250000 0.000000
      vertex -63.135641 32.050000 0.000000
      vertex -63.019365 31.875982 0.000000
    endloop
  endfacet
  facet normal 0.000000 0.000000 -1.000000
    outer loop
      vertex -63.350000 31.250000 0.000000
      vertex -63.019365 31.875982 0.000000
      vertex -62.881371 31.718629 0.000000
    endloop
  endfacet
  facet normal 0.000000 0.000000 -1.000000
    outer loop
      vertex -63.350000 31.250000 0.000000
      vertex -62.881371 31.718629 0.000000
      vertex -62.724018 31.580635 0.000000
    endloop
  endfacet
  facet normal 0.000000 0.000000 -1.000000
    outer loop
      vertex -63.350000 31.250000 0.000000
      vertex -62.724018 31.580635 0.000000
      vertex -62.550000 31.464359 0.000000
    endloop
  endfacet
  facet normal 0.000000 0.000000 -1.000000
    outer loop
      vertex -63.350000 31.250000 0.000000
      vertex -62.550000 31.464359 0.000000
      vertex -62.362293 31.371793 0.000000
    endloop
  endfacet
  facet normal 0.000000 0.000000 -1.000000
    outer loop
      vertex -63.350000 31.250000 0.000000
      vertex -62.362293 31.371793 0.000000
      vertex -62.164110 31.304519 0.000000
    endloop
  endfacet
  facet normal 0.000000 0.000000 -1.000000
    outer loop
      vertex -63.350000 31.250000 0.000000
      vertex -62.164110 31.304519 0.000000
      vertex -61.958842 31.263688 0.000000
    endloop
  endfacet
  facet normal 0.000000 0.000000 -1.000000
    outer loop
      vertex -63.350000 31.250000 0.000000
      vertex -61.958842 31.263688 0.000000
      vertex -61.750000 31.250000 0.000000
    endloop
  endfacet
  facet normal 0.000000 0.000000 -1.000000
    outer loop
      vertex -60.150000 31.250000 0.000000
      vertex -61.750000 31.250000 0.000000
      vertex -61.541158 31.263688 0.000000
    endloop
  endfacet
  facet normal 0.000000 0.000000 -1.000000
    outer loop
      vertex -60.150000 31.250000 0.000000
      vertex -61.541158 31.263688 0.000000
      vertex -61.335890 31.304519 0.000000
    endloop
  endfacet
  facet normal 0.000000 0.000000 -1.000000
    outer loop
      vertex -60.150000 31.250000 0.000000
      vertex -61.335890 31.304519 0.000000
      vertex -61.137707 31.371793 0.000000
    endloop
  endfacet
  facet normal 0.000000 0.000000 -1.000000
    outer loop
      vertex -60.150000 31.250000 0.000000
      vertex -61.137707 31.371793 0.000000
      vertex -60.950000 31.464359 0.000000
    endloop
  endfacet
  facet normal 0.000000 0.000000 -1.000000
    outer loop
      vertex -60.150000 31.250000 0.000000
      vertex -60.950000 31.464359 0.000000
      vertex -60.775982 31.580635 0.000000
    endloop
  endfacet
  facet normal 0.000000 0.000000 -1.000000
    outer loop
      vertex -60.150000 31.250000 0.000000
      vertex -60.775982 31.580635 0.000000
      vertex -60.618629 31.718629 0.000000
    endloop
  endfacet
  facet normal 0.000000 0.000000 -1.000000
    outer loop
      vertex -60.150000 31.250000 0.000000
      vertex -60.618629 31.718629 0.000000
      vertex -60.480635 31.875982 0.000000
    endloop
  endfacet
  facet normal 0.000000 0.000000 -1.000000
    outer loop
      vertex -60.150000 31.250000 0.000000
      vertex -60.480635 31.875982 0.000000
      vertex -60.364359 32.050000 0.000000
    endloop
  endfacet
  facet normal 0.000000 0.000000 -1.000000
    outer loop
      vertex -60.150000 31.250000 0.000000
      vertex -60.364359 32.050000 0.000000
      vertex -60.271793 32.237707 0.000000
    endloop
  endfacet
  facet normal 0.000000 0.000000 -1.000000
    outer loop
      vertex -60.150000 31.250000 0.000000
      vertex -60.271793 32.237707 0.000000
      vertex -60.204519 32.435890 0.000000
    endloop
  endfacet
  facet normal 0.000000 0.000000 -1.000000
    outer loop
      vertex -60.150000 31.250000 0.000000
      vertex -60.204519 32.435890 0.000000
      vertex -60.163688 32.641158 0.000000
    endloop
  endfacet
  facet normal 0.000000 0.000000 -1.000000
    outer loop
      vertex -60.150000 31.250000 0.000000
      vertex -60.163688 32.641158 0.000000
      vertex -60.150000 32.850000 0.000000
    endloop
  endfacet
  facet normal 0.000000 0.000000 1.000000
    outer loop
      vertex 63.350000 -31.250000 3.000000
      vertex 63.336312 -32.641158 3.000000
      vertex 63.350000 -32.850000 3.000000
    endloop
  endfacet
  facet normal 0.000000 0.000000 1.000000
    outer loop
      vertex 63.350000 -31.250000 3.000000
      vertex 63.295481 -32.435890 3.000000
      vertex 63.336312 -32.641158 3.000000
    endloop
  endfacet
  facet normal 0.000000 0.000000 1.000000
    outer loop
      vertex 63.350000 -31.250000 3.000000
      vertex 63.228207 -32.237707 3.000000
      vertex 63.295481 -32.435890 3.000000
    endloop
  endfacet
  facet normal 0.000000 0.000000 1.000000
    outer loop
      vertex 63.350000 -31.250000 3.000000
      vertex 63.135641 -32.050000 3.000000
      vertex 63.228207 -32.237707 3.000000
    endloop
  endfacet
  facet normal 0.000000 0.000000 1.000000
    outer loop
      vertex 63.350000 -31.250000 3.000000
      vertex 63.019365 -31.875982 3.000000
      vertex 63.135641 -32.050000 3.000000
    endloop
  endfacet
  facet normal 0.000000 0.000000 1.000000
    outer loop
      vertex 63.350000 -31.250000 3.000000
      vertex 62.881371 -31.718629 3.000000
      vertex 63.019365 -31.875982 3.000000
    endloop
  endfacet
  facet normal 0.000000 0.000000 1.000000
    outer loop
      vertex 63.350000 -31.250000 3.000000
      vertex 62.724018 -31.580635 3.000000
      vertex 62.881371 -31.718629 3.000000
    endloop
  endfacet
  facet normal 0.000000 0.000000 1.000000
    outer loop
      vertex 63.350000 -31.250000 3.000000
      vertex 62.550000 -31.464359 3.000000
      vertex 62.724018 -31.580635 3.000000
    endloop
  endfacet
  facet normal 0.000000 0.000000 1.000000
    outer loop
      vertex 63.350000 -31.250000 3.000000
      vertex 62.362293 -31.371793 3.000000
      vertex 62.550000 -31.464359 3.000000
    endloop
  endfacet
  facet normal 0.000000 0.000000 1.000000
    outer loop
      vertex 63.350000 -31.250000 3.000000
      vertex 62.164110 -31.304519 3.000000
      vertex 62.362293 -31.371793 3.000000
    endloop
  endfacet
  facet normal 0.000000 0.000000 1.000000
    outer loop
      vertex 63.350000 -31.250000 3.000000
      vertex 61.958842 -31.263688 3.000000
      vertex 62.164110 -31.304519 3.000000
    endloop
  endfacet
  facet normal 0.000000 0.000000 1.000000
    outer loop
      vertex 63.350000 -31.250000 3.000000
      vertex 61.750000 -31.250000 3.000000
      vertex 61.958842 -31.263688 3.000000
    endloop
  endfacet
  facet normal -0.000000 0.000000 1.000000
    outer loop
      vertex 60.150000 -31.250000 3.000000
      vertex 61.541158 -31.263688 3.000000
      vertex 61.750000 -31.250000 3.000000
    endloop
  endfacet
  facet normal 0.000000 0.000000 1.000000
    outer loop
      vertex 60.150000 -31.250000 3.000000
      vertex 61.335890 -31.304519 3.000000
      vertex 61.541158 -31.263688 3.000000
    endloop
  endfacet
  facet normal 0.000000 0.000000 1.000000
    outer loop
      vertex 60.150000 -31.250000 3.000000
      vertex 61.137707 -31.371793 3.000000
      vertex 61.335890 -31.304519 3.000000
    endloop
  endfacet
  facet normal 0.000000 0.000000 1.000000
    outer loop
      vertex 60.150000 -31.250000 3.000000
      vertex 60.950000 -31.464359 3.000000
      vertex 61.137707 -31.371793 3.000000
    endloop
  endfacet
  facet normal 0.000000 0.000000 1.000000
    outer loop
      vertex 60.150000 -31.250000 3.000000
      vertex 60.775982 -31.580635 3.000000
      vertex 60.950000 -31.464359 3.000000
    endloop
  endfacet
  facet normal 0.000000 0.000000 1.000000
    outer loop
      vertex 60.150000 -31.250000 3.000000
      vertex 60.618629 -31.718629 3.000000
      vertex 60.775982 -31.580635 3.000000
    endloop
  endfacet
  facet normal 0.000000 0.000000 1.000000
    outer loop
      vertex 60.150000 -31.250000 3.000000
      vertex 60.480635 -31.875982 3.000000
      vertex 60.618629 -31.718629 3.000000
    endloop
  endfacet
  facet normal 0.000000 0.000000 1.000000
    outer loop
      vertex 60.150000 -31.250000 3.000000
      vertex 60.364359 -32.050000 3.000000
      vertex 60.480635 -31.875982 3.000000
    endloop
  endfacet
  facet normal 0.000000 0.000000 1.000000
    outer loop
      vertex 60.150000 -31.250000 3.000000
      vertex 60.271793 -32.237707 3.000000
      vertex 60.364359 -32.050000 3.000000
    endloop
  endfacet
  facet normal 0.000000 0.000000 1.000000
    outer loop
      vertex 60.150000 -31.250000 3.000000
      vertex 60.204519 -32.435890 3.000000
      vertex 60.271793 -32.237707 3.000000
    endloop
  endfacet
  facet normal 0.000000 0.000000 1.000000
    outer loop
      vertex 60.150000 -31.250000 3.000000
      vertex 60.163688 -32.641158 3.000000
      vertex 60.204519 -32.435890 3.000000
    endloop
  endfacet
  facet normal 0.000000 0.000000 1.000000
    outer loop
      vertex 60.150000 -31.250000 3.000000
      vertex 60.150000 -32.850000 3.000000
      vertex 60.163688 -32.641158 3.000000
    endloop
  endfacet
  facet normal 0.000000 0.000000 1.000000
    outer loop
      vertex 60.150000 -34.450000 3.000000
      vertex 60.163688 -33.058842 3.000000
      vertex 60.150000 -32.850000 3.000000
    endloop
  endfacet
  facet normal 0.000000 0.000000 1.000000
    outer loop
      vertex 60.150000 -34.450000 3.000000
      vertex 60.204519 -33.264110 3.000000
      vertex 60.163688 -33.058842 3.000000
    endloop
  endfacet
  facet normal 0.000000 0.000000 1.000000
    outer loop
      vertex 60.150000 -34.450000 3.000000
      vertex 60.271793 -33.462293 3.000000
      vertex 60.204519 -33.264110 3.000000
    endloop
  endfacet
  facet normal 0.000000 0.000000 1.000000
    outer loop
      vertex 60.150000 -34.450000 3.000000
      vertex 60.364359 -33.650000 3.000000
      vertex 60.271793 -33.462293 3.000000
    endloop
  endfacet
  facet normal 0.000000 0.000000 1.000000
    outer loop
      vertex 60.150000 -34.450000 3.000000
      vertex 60.480635 -33.824018 3.000000
      vertex 60.364359 -33.650000 3.000000
    endloop
  endfacet
  facet normal 0.000000 0.000000 1.000000
    outer loop
      vertex 60.150000 -34.450000 3.000000
      vertex 60.618629 -33.981371 3.000000
      vertex 60.480635 -33.824018 3.000000
    endloop
  endfacet
  facet normal 0.000000 0.000000 1.000000
    outer loop
      vertex 60.150000 -34.450000 3.000000
      vertex 60.775982 -34.119365 3.000000
      vertex 60.618629 -33.981371 3.000000
    endloop
  endfacet
  facet normal 0.000000 0.000000 1.000000
    outer loop
      vertex 60.150000 -34.450000 3.000000
      vertex 60.950000 -34.235641 3.000000
      vertex 60.775982 -34.119365 3.000000
    endloop
  endfacet
  facet normal 0.000000 0.000000 1.000000
    outer loop
      vertex 60.150000 -34.450000 3.000000
      vertex 61.137707 -34.328207 3.000000
      vertex 60.950000 -34.235641 3.000000
    endloop
  endfacet
  facet normal 0.000000 0.000000 1.000000
    outer loop
      vertex 60.150000 -34.450000 3.000000
      vertex 61.335890 -34.395481 3.000000
      vertex 61.137707 -34.328207 3.000000
    endloop
  endfacet
  facet normal 0.000000 0.000000 1.000000
    outer loop
      vertex 60.150000 -34.450000 3.000000
      vertex 61.541158 -34.436312 3.000000
      vertex 61.335890 -34.395481 3.000000
    endloop
  endfacet
  facet normal 0.000000 0.000000 1.000000
    outer loop
      vertex 60.150000 -34.450000 3.000000
      vertex 61.750000 -34.450000 3.000000
      vertex 61.541158 -34.436312 3.000000
    endloop
  endfacet
  facet normal 0.000000 0.000000 1.000000
    outer loop
      vertex 63.350000 -34.450000 3.000000
      vertex 61.958842 -34.436312 3.000000
      vertex 61.750000 -34.450000 3.000000
    endloop
  endfacet
  facet normal 0.000000 0.000000 1.000000
    outer loop
      vertex 63.350000 -34.450000 3.000000
      vertex 62.164110 -34.395481 3.000000
      vertex 61.958842 -34.436312 3.000000
    endloop
  endfacet
  facet normal 0.000000 0.000000 1.000000
    outer loop
      vertex 63.350000 -34.450000 3.000000
      vertex 62.362293 -34.328207 3.000000
      vertex 62.164110 -34.395481 3.000000
    endloop
  endfacet
  facet normal 0.000000 0.000000 1.000000
    outer loop
      vertex 63.350000 -34.450000 3.000000
      vertex 62.550000 -34.235641 3.000000
      vertex 62.362293 -34.328207 3.000000
    endloop
  endfacet
  facet normal 0.000000 0.000000 1.000000
    outer loop
      vertex 63.350000 -34.450000 3.000000
      vertex 62.724018 -34.119365 3.000000
      vertex 62.550000 -34.235641 3.000000
    endloop
  endfacet
  facet normal 0.000000 0.000000 1.000000
    outer loop
      vertex 63.350000 -34.450000 3.000000
      vertex 62.881371 -33.981371 3.000000
      vertex 62.724018 -34.119365 3.000000
    endloop
  endfacet
  facet normal 0.000000 0.000000 1.000000
    outer loop
      vertex 63.350000 -34.450000 3.000000
      vertex 63.019365 -33.824018 3.000000
      vertex 62.881371 -33.981371 3.000000
    endloop
  endfacet
  facet normal 0.000000 0.000000 1.000000
    outer loop
      vertex 63.350000 -34.450000 3.000000
      vertex 63.135641 -33.650000 3.000000
      vertex 63.019365 -33.824018 3.000000
    endloop
  endfacet
  facet normal 0.000000 0.000000 1.000000
    outer loop
      vertex 63.350000 -34.450000 3.000000
      vertex 63.228207 -33.462293 3.000000
      vertex 63.135641 -33.650000 3.000000
    endloop
  endfacet
  facet normal 0.000000 0.000000 1.000000
    outer loop
      vertex 63.350000 -34.450000 3.000000
      vertex 63.295481 -33.264110 3.000000
      vertex 63.228207 -33.462293 3.000000
    endloop
  endfacet
  facet normal 0.000000 0.000000 1.000000
    outer loop
      vertex 63.350000 -34.450000 3.000000
      vertex 63.336312 -33.058842 3.000000
      vertex 63.295481 -33.264110 3.000000
    endloop
  endfacet
  facet normal 0.000000 -0.000000 1.000000
    outer loop
      vertex 63.350000 -34.450000 3.000000
      vertex 63.350000 -32.850000 3.000000
      vertex 63.336312 -33.058842 3.000000
    endloop
  endfacet
  facet normal 0.000000 -0.000000 -1.000000
    outer loop
      vertex 63.350000 -31.250000 0.000000
      vertex 63.350000 -32.850000 0.000000
      vertex 63.336312 -32.641158 0.000000
    endloop
  endfacet
  facet normal 0.000000 0.000000 -1.000000
    outer loop
      vertex 63.350000 -31.250000 0.000000
      vertex 63.336312 -32.641158 0.000000
      vertex 63.295481 -32.435890 0.000000
    endloop
  endfacet
  facet normal 0.000000 0.000000 -1.000000
    outer loop
      vertex 63.350000 -31.250000 0.000000
      vertex 63.295481 -32.435890 0.000000
      vertex 63.228207 -32.237707 0.000000
    endloop
  endfacet
  facet normal 0.000000 0.000000 -1.000000
    outer loop
      vertex 63.350000 -31.250000 0.000000
      vertex 63.228207 -32.237707 0.000000
      vertex 63.135641 -32.050000 0.000000
    endloop
  endfacet
  facet normal 0.000000 0.000000 -1.000000
    outer loop
      vertex 63.350000 -31.250000 0.000000
      vertex 63.135641 -32.050000 0.000000
      vertex 63.019365 -31.875982 0.000000
    endloop
  endfacet
  facet normal 0.000000 0.000000 -1.000000
    outer loop
      vertex 63.350000 -31.250000 0.000000
      vertex 63.019365 -31.875982 0.000000
      vertex 62.881371 -31.718629 0.000000
    endloop
  endfacet
  facet normal 0.000000 0.000000 -1.000000
    outer loop
      vertex 63.350000 -31.250000 0.000000
      vertex 62.881371 -31.718629 0.000000
      vertex 62.724018 -31.580635 0.000000
    endloop
  endfacet
  facet normal 0.000000 0.000000 -1.000000
    outer loop
      vertex 63.350000 -31.250000 0.000000
      vertex 62.724018 -31.580635 0.000000
      vertex 62.550000 -31.464359 0.000000
    endloop
  endfacet
  facet normal 0.000000 0.000000 -1.000000
    outer loop
      vertex 63.350000 -31.250000 0.000000
      vertex 62.550000 -31.464359 0.000000
      vertex 62.362293 -31.371793 0.000000
    endloop
  endfacet
  facet normal 0.000000 0.000000 -1.000000
    outer loop
      vertex 63.350000 -31.250000 0.000000
      vertex 62.362293 -31.371793 0.000000
      vertex 62.164110 -31.304519 0.000000
    endloop
  endfacet
  facet normal 0.000000 0.000000 -1.000000
    outer loop
      vertex 63.350000 -31.250000 0.000000
      vertex 62.164110 -31.304519 0.000000
      vertex 61.958842 -31.263688 0.000000
    endloop
  endfacet
  facet normal -0.000000 0.000000 -1.000000
    outer loop
      vertex 63.350000 -31.250000 0.000000
      vertex 61.958842 -31.263688 0.000000
      vertex 61.750000 -31.250000 0.000000
    endloop
  endfacet
  facet normal 0.000000 0.000000 -1.000000
    outer loop
      vertex 60.150000 -31.250000 0.000000
      vertex 61.750000 -31.250000 0.000000
      vertex 61.541158 -31.263688 0.000000
    endloop
  endfacet
  facet normal 0.000000 0.000000 -1.000000
    outer loop
      vertex 60.150000 -31.250000 0.000000
      vertex 61.541158 -31.263688 0.000000
      vertex 61.335890 -31.304519 0.000000
    endloop
  endfacet
  facet normal 0.000000 0.000000 -1.000000
    outer loop
      vertex 60.150000 -31.250000 0.000000
      vertex 61.335890 -31.304519 0.000000
      vertex 61.137707 -31.371793 0.000000
    endloop
  endfacet
  facet normal 0.000000 0.000000 -1.000000
    outer loop
      vertex 60.150000 -31.250000 0.000000
      vertex 61.137707 -31.371793 0.000000
      vertex 60.950000 -31.464359 0.000000
    endloop
  endfacet
  facet normal 0.000000 0.000000 -1.000000
    outer loop
      vertex 60.150000 -31.250000 0.000000
      vertex 60.950000 -31.464359 0.000000
      vertex 60.775982 -31.580635 0.000000
    endloop
  endfacet
  facet normal 0.000000 0.000000 -1.000000
    outer loop
      vertex 60.150000 -31.250000 0.000000
      vertex 60.775982 -31.580635 0.000000
      vertex 60.618629 -31.718629 0.000000
    endloop
  endfacet
  facet normal 0.000000 0.000000 -1.000000
    outer loop
      vertex 60.150000 -31.250000 0.000000
      vertex 60.618629 -31.718629 0.000000
      vertex 60.480635 -31.875982 0.000000
    endloop
  endfacet
  facet normal 0.000000 0.000000 -1.000000
    outer loop
      vertex 60.150000 -31.250000 0.000000
      vertex 60.480635 -31.875982 0.000000
      vertex 60.364359 -32.050000 0.000000
    endloop
  endfacet
  facet normal 0.000000 0.000000 -1.000000
    outer loop
      vertex 60.150000 -31.250000 0.000000
      vertex 60.364359 -32.050000 0.000000
      vertex 60.271793 -32.237707 0.000000
    endloop
  endfacet
  facet normal 0.000000 0.000000 -1.000000
    outer loop
      vertex 60.150000 -31.250000 0.000000
      vertex 60.271793 -32.237707 0.000000
      vertex 60.204519 -32.435890 0.000000
    endloop
  endfacet
  facet normal 0.000000 0.000000 -1.000000
    outer loop
      vertex 60.150000 -31.250000 0.000000
      vertex 60.204519 -32.435890 0.000000
      vertex 60.163688 -32.641158 0.000000
    endloop
  endfacet
  facet normal 0.000000 0.000000 -1.000000
    outer loop
      vertex 60.150000 -31.250000 0.000000
      vertex 60.163688 -32.641158 0.000000
      vertex 60.150000 -32.850000 0.000000
    endloop
  endfacet
  facet normal 0.000000 0.000000 -1.000000
    outer loop
      vertex 60.150000 -34.450000 0.000000
      vertex 60.150000 -32.850000 0.000000
      vertex 60.163688 -33.058842 0.000000
    endloop
  endfacet
  facet normal 0.000000 0.000000 -1.000000
    outer loop
      vertex 60.150000 -34.450000 0.000000
      vertex 60.163688 -33.058842 0.000000
      vertex 60.204519 -33.264110 0.000000
    endloop
  endfacet
  facet normal 0.000000 0.000000 -1.000000
    outer loop
      vertex 60.150000 -34.450000 0.000000
      vertex 60.204519 -33.264110 0.000000
      vertex 60.271793 -33.462293 0.000000
    endloop
  endfacet
  facet normal 0.000000 0.000000 -1.000000
    outer loop
      vertex 60.150000 -34.450000 0.000000
      vertex 60.271793 -33.462293 0.000000
      vertex 60.364359 -33.650000 0.000000
    endloop
  endfacet
  facet normal 0.000000 0.000000 -1.000000
    outer loop
      vertex 60.150000 -34.450000 0.000000
      vertex 60.364359 -33.650000 0.000000
      vertex 60.480635 -33.824018 0.000000
    endloop
  endfacet
  facet normal 0.000000 0.000000 -1.000000
    outer loop
      vertex 60.150000 -34.450000 0.000000
      vertex 60.480635 -33.824018 0.000000
      vertex 60.618629 -33.981371 0.000000
    endloop
  endfacet
  facet normal 0.000000 0.000000 -1.000000
    outer loop
      vertex 60.150000 -34.450000 0.000000
      vertex 60.618629 -33.981371 0.000000
      vertex 60.775982 -34.119365 0.000000
    endloop
  endfacet
  facet normal 0.000000 0.000000 -1.000000
    outer loop
      vertex 60.150000 -34.450000 0.000000
      vertex 60.775982 -34.119365 0.000000
      vertex 60.950000 -34.235641 0.000000
    endloop
  endfacet
  facet normal 0.000000 0.000000 -1.000000
    outer loop
      vertex 60.150000 -34.450000 0.000000
      vertex 60.950000 -34.235641 0.000000
      vertex 61.137707 -34.328207 0.000000
    endloop
  endfacet
  facet normal 0.000000 0.000000 -1.000000
    outer loop
      vertex 60.150000 -34.450000 0.000000
      vertex 61.137707 -34.328207 0.000000
      vertex 61.335890 -34.395481 0.000000
    endloop
  endfacet
  facet normal 0.000000 0.000000 -1.000000
    outer loop
      vertex 60.150000 -34.450000 0.000000
      vertex 61.335890 -34.395481 0.000000
      vertex 61.541158 -34.436312 0.000000
    endloop
  endfacet
  facet normal 0.000000 0.000000 -1.000000
    outer loop
      vertex 60.150000 -34.450000 0.000000
      vertex 61.541158 -34.436312 0.000000
      vertex 61.750000 -34.450000 0.000000
    endloop
  endfacet
  facet normal 0.000000 0.000000 -1.000000
    outer loop
      vertex 63.350000 -34.450000 0.000000
      vertex 61.750000 -34.450000 0.000000
      vertex 61.958842 -34.436312 0.000000
    endloop
  endfacet
  facet normal 0.000000 0.000000 -1.000000
    outer loop
      vertex 63.350000 -34.450000 0.000000
      vertex 61.958842 -34.436312 0.000000
      vertex 62.164110 -34.395481 0.000000
    endloop
  endfacet
  facet normal 0.000000 0.000000 -1.000000
    outer loop
      vertex 63.350000 -34.450000 0.000000
      vertex 62.164110 -34.395481 0.000000
      vertex 62.362293 -34.328207 0.000000
    endloop
  endfacet
  facet normal 0.000000 0.000000 -1.000000
    outer loop
      vertex 63.350000 -34.450000 0.000000
      vertex 62.362293 -34.328207 0.000000
      vertex 62.550000 -34.235641 0.000000
    endloop
  endfacet
  facet normal 0.000000 0.000000 -1.000000
    outer loop
      vertex 63.350000 -34.450000 0.000000
      vertex 62.550000 -34.235641 0.000000
      vertex 62.724018 -34.119365 0.000000
    endloop
  endfacet
  facet normal 0.000000 0.000000 -1.000000
    outer loop
      vertex 63.350000 -34.450000 0.000000
      vertex 62.724018 -34.119365 0.000000
      vertex 62.881371 -33.981371 0.000000
    endloop
  endfacet
  facet normal 0.000000 0.000000 -1.000000
    outer loop
      vertex 63.350000 -34.450000 0.000000
      vertex 62.881371 -33.981371 0.000000
      vertex 63.019365 -33.824018 0.000000
    endloop
  endfacet
  facet normal 0.000000 0.000000 -1.000000
    outer loop
      vertex 63.350000 -34.450000 0.000000
      vertex 63.019365 -33.824018 0.000000
      vertex 63.135641 -33.650000 0.000000
    endloop
  endfacet
  facet normal 0.000000 0.000000 -1.000000
    outer loop
      vertex 63.350000 -34.450000 0.000000
      vertex 63.135641 -33.650000 0.000000
      vertex 63.228207 -33.462293 0.000000
    endloop
  endfacet
  facet normal 0.000000 0.000000 -1.000000
    outer loop
      vertex 63.350000 -34.450000 0.000000
      vertex 63.228207 -33.462293 0.000000
      vertex 63.295481 -33.264110 0.000000
    endloop
  endfacet
  facet normal 0.000000 0.000000 -1.000000
    outer loop
      vertex 63.350000 -34.450000 0.000000
      vertex 63.295481 -33.264110 0.000000
      vertex 63.336312 -33.058842 0.000000
    endloop
  endfacet
  facet normal 0.000000 0.000000 -1.000000
    outer loop
      vertex 63.350000 -34.450000 0.000000
      vertex 63.336312 -33.058842 0.000000
      vertex 63.350000 -32.850000 0.000000
    endloop
  endfacet
  facet normal 0.000000 0.000000 1.000000
    outer loop
      vertex 63.350000 34.450000 3.000000
      vertex 63.336312 33.058842 3.000000
      vertex 63.350000 32.850000 3.000000
    endloop
  endfacet
  facet normal 0.000000 0.000000 1.000000
    outer loop
      vertex 63.350000 34.450000 3.000000
      vertex 63.295481 33.264110 3.000000
      vertex 63.336312 33.058842 3.000000
    endloop
  endfacet
  facet normal 0.000000 0.000000 1.000000
    outer loop
      vertex 63.350000 34.450000 3.000000
      vertex 63.228207 33.462293 3.000000
      vertex 63.295481 33.264110 3.000000
    endloop
  endfacet
  facet normal 0.000000 0.000000 1.000000
    outer loop
      vertex 63.350000 34.450000 3.000000
      vertex 63.135641 33.650000 3.000000
      vertex 63.228207 33.462293 3.000000
    endloop
  endfacet
  facet normal 0.000000 0.000000 1.000000
    outer loop
      vertex 63.350000 34.450000 3.000000
      vertex 63.019365 33.824018 3.000000
      vertex 63.135641 33.650000 3.000000
    endloop
  endfacet
  facet normal 0.000000 0.000000 1.000000
    outer loop
      vertex 63.350000 34.450000 3.000000
      vertex 62.881371 33.981371 3.000000
      vertex 63.019365 33.824018 3.000000
    endloop
  endfacet
  facet normal 0.000000 0.000000 1.000000
    outer loop
      vertex 63.350000 34.450000 3.000000
      vertex 62.724018 34.119365 3.000000
      vertex 62.881371 33.981371 3.000000
    endloop
  endfacet
  facet normal 0.000000 0.000000 1.000000
    outer loop
      vertex 63.350000 34.450000 3.000000
      vertex 62.550000 34.235641 3.000000
      vertex 62.724018 34.119365 3.000000
    endloop
  endfacet
  facet normal 0.000000 0.000000 1.000000
    outer loop
      vertex 63.350000 34.450000 3.000000
      vertex 62.362293 34.328207 3.000000
      vertex 62.550000 34.235641 3.000000
    endloop
  endfacet
  facet normal 0.000000 0.000000 1.000000
    outer loop
      vertex 63.350000 34.450000 3.000000
      vertex 62.164110 34.395481 3.000000
      vertex 62.362293 34.328207 3.000000
    endloop
  endfacet
  facet normal 0.000000 0.000000 1.000000
    outer loop
      vertex 63.350000 34.450000 3.000000
      vertex 61.958842 34.436312 3.000000
      vertex 62.164110 34.395481 3.000000
    endloop
  endfacet
  facet normal 0.000000 0.000000 1.000000
    outer loop
      vertex 63.350000 34.450000 3.000000
      vertex 61.750000 34.450000 3.000000
      vertex 61.958842 34.436312 3.000000
    endloop
  endfacet
  facet normal -0.000000 0.000000 1.000000
    outer loop
      vertex 60.150000 34.450000 3.000000
      vertex 61.541158 34.436312 3.000000
      vertex 61.750000 34.450000 3.000000
    endloop
  endfacet
  facet normal 0.000000 0.000000 1.000000
    outer loop
      vertex 60.150000 34.450000 3.000000
      vertex 61.335890 34.395481 3.000000
      vertex 61.541158 34.436312 3.000000
    endloop
  endfacet
  facet normal 0.000000 0.000000 1.000000
    outer loop
      vertex 60.150000 34.450000 3.000000
      vertex 61.137707 34.328207 3.000000
      vertex 61.335890 34.395481 3.000000
    endloop
  endfacet
  facet normal 0.000000 0.000000 1.000000
    outer loop
      vertex 60.150000 34.450000 3.000000
      vertex 60.950000 34.235641 3.000000
      vertex 61.137707 34.328207 3.000000
    endloop
  endfacet
  facet normal 0.000000 0.000000 1.000000
    outer loop
      vertex 60.150000 34.450000 3.000000
      vertex 60.775982 34.119365 3.000000
      vertex 60.950000 34.235641 3.000000
    endloop
  endfacet
  facet normal 0.000000 0.000000 1.000000
    outer loop
      vertex 60.150000 34.450000 3.000000
      vertex 60.618629 33.981371 3.000000
      vertex 60.775982 34.119365 3.000000
    endloop
  endfacet
  facet normal 0.000000 0.000000 1.000000
    outer loop
      vertex 60.150000 34.450000 3.000000
      vertex 60.480635 33.824018 3.000000
      vertex 60.618629 33.981371 3.000000
    endloop
  endfacet
  facet normal 0.000000 0.000000 1.000000
    outer loop
      vertex 60.150000 34.450000 3.000000
      vertex 60.364359 33.650000 3.000000
      vertex 60.480635 33.824018 3.000000
    endloop
  endfacet
  facet normal 0.000000 0.000000 1.000000
    outer loop
      vertex 60.150000 34.450000 3.000000
      vertex 60.271793 33.462293 3.000000
      vertex 60.364359 33.650000 3.000000
    endloop
  endfacet
  facet normal 0.000000 0.000000 1.000000
    outer loop
      vertex 60.150000 34.450000 3.000000
      vertex 60.204519 33.264110 3.000000
      vertex 60.271793 33.462293 3.000000
    endloop
  endfacet
  facet normal 0.000000 0.000000 1.000000
    outer loop
      vertex 60.150000 34.450000 3.000000
      vertex 60.163688 33.058842 3.000000
      vertex 60.204519 33.264110 3.000000
    endloop
  endfacet
  facet normal 0.000000 0.000000 1.000000
    outer loop
      vertex 60.150000 34.450000 3.000000
      vertex 60.150000 32.850000 3.000000
      vertex 60.163688 33.058842 3.000000
    endloop
  endfacet
  facet normal 0.000000 0.000000 1.000000
    outer loop
      vertex 60.150000 31.250000 3.000000
      vertex 60.163688 32.641158 3.000000
      vertex 60.150000 32.850000 3.000000
    endloop
  endfacet
  facet normal 0.000000 0.000000 1.000000
    outer loop
      vertex 60.150000 31.250000 3.000000
      vertex 60.204519 32.435890 3.000000
      vertex 60.163688 32.641158 3.000000
    endloop
  endfacet
  facet normal 0.000000 0.000000 1.000000
    outer loop
      vertex 60.150000 31.250000 3.000000
      vertex 60.271793 32.237707 3.000000
      vertex 60.204519 32.435890 3.000000
    endloop
  endfacet
  facet normal 0.000000 0.000000 1.000000
    outer loop
      vertex 60.150000 31.250000 3.000000
      vertex 60.364359 32.050000 3.000000
      vertex 60.271793 32.237707 3.000000
    endloop
  endfacet
  facet normal 0.000000 0.000000 1.000000
    outer loop
      vertex 60.150000 31.250000 3.000000
      vertex 60.480635 31.875982 3.000000
      vertex 60.364359 32.050000 3.000000
    endloop
  endfacet
  facet normal 0.000000 0.000000 1.000000
    outer loop
      vertex 60.150000 31.250000 3.000000
      vertex 60.618629 31.718629 3.000000
      vertex 60.480635 31.875982 3.000000
    endloop
  endfacet
  facet normal 0.000000 0.000000 1.000000
    outer loop
      vertex 60.150000 31.250000 3.000000
      vertex 60.775982 31.580635 3.000000
      vertex 60.618629 31.718629 3.000000
    endloop
  endfacet
  facet normal 0.000000 0.000000 1.000000
    outer loop
      vertex 60.150000 31.250000 3.000000
      vertex 60.950000 31.464359 3.000000
      vertex 60.775982 31.580635 3.000000
    endloop
  endfacet
  facet normal 0.000000 0.000000 1.000000
    outer loop
      vertex 60.150000 31.250000 3.000000
      vertex 61.137707 31.371793 3.000000
      vertex 60.950000 31.464359 3.000000
    endloop
  endfacet
  facet normal 0.000000 0.000000 1.000000
    outer loop
      vertex 60.150000 31.250000 3.000000
      vertex 61.335890 31.304519 3.000000
      vertex 61.137707 31.371793 3.000000
    endloop
  endfacet
  facet normal 0.000000 0.000000 1.000000
    outer loop
      vertex 60.150000 31.250000 3.000000
      vertex 61.541158 31.263688 3.000000
      vertex 61.335890 31.304519 3.000000
    endloop
  endfacet
  facet normal 0.000000 0.000000 1.000000
    outer loop
      vertex 60.150000 31.250000 3.000000
      vertex 61.750000 31.250000 3.000000
      vertex 61.541158 31.263688 3.000000
    endloop
  endfacet
  facet normal 0.000000 0.000000 1.000000
    outer loop
      vertex 63.350000 31.250000 3.000000
      vertex 61.958842 31.263688 3.000000
      vertex 61.750000 31.250000 3.000000
    endloop
  endfacet
  facet normal 0.000000 0.000000 1.000000
    outer loop
      vertex 63.350000 31.250000 3.000000
      vertex 62.164110 31.304519 3.000000
      vertex 61.958842 31.263688 3.000000
    endloop
  endfacet
  facet normal 0.000000 0.000000 1.000000
    outer loop
      vertex 63.350000 31.250000 3.000000
      vertex 62.362293 31.371793 3.000000
      vertex 62.164110 31.304519 3.000000
    endloop
  endfacet
  facet normal 0.000000 0.000000 1.000000
    outer loop
      vertex 63.350000 31.250000 3.000000
      vertex 62.550000 31.464359 3.000000
      vertex 62.362293 31.371793 3.000000
    endloop
  endfacet
  facet normal 0.000000 0.000000 1.000000
    outer loop
      vertex 63.350000 31.250000 3.000000
      vertex 62.724018 31.580635 3.000000
      vertex 62.550000 31.464359 3.000000
    endloop
  endfacet
  facet normal 0.000000 0.000000 1.000000
    outer loop
      vertex 63.350000 31.250000 3.000000
      vertex 62.881371 31.718629 3.000000
      vertex 62.724018 31.580635 3.000000
    endloop
  endfacet
  facet normal 0.000000 0.000000 1.000000
    outer loop
      vertex 63.350000 31.250000 3.000000
      vertex 63.019365 31.875982 3.000000
      vertex 62.881371 31.718629 3.000000
    endloop
  endfacet
  facet normal 0.000000 0.000000 1.000000
    outer loop
      vertex 63.350000 31.250000 3.000000
      vertex 63.135641 32.050000 3.000000
      vertex 63.019365 31.875982 3.000000
    endloop
  endfacet
  facet normal 0.000000 0.000000 1.000000
    outer loop
      vertex 63.350000 31.250000 3.000000
      vertex 63.228207 32.237707 3.000000
      vertex 63.135641 32.050000 3.000000
    endloop
  endfacet
  facet normal 0.000000 0.000000 1.000000
    outer loop
      vertex 63.350000 31.250000 3.000000
      vertex 63.295481 32.435890 3.000000
      vertex 63.228207 32.237707 3.000000
    endloop
  endfacet
  facet normal 0.000000 0.000000 1.000000
    outer loop
      vertex 63.350000 31.250000 3.000000
      vertex 63.336312 32.641158 3.000000
      vertex 63.295481 32.435890 3.000000
    endloop
  endfacet
  facet normal 0.000000 -0.000000 1.000000
    outer loop
      vertex 63.350000 31.250000 3.000000
      vertex 63.350000 32.850000 3.000000
      vertex 63.336312 32.641158 3.000000
    endloop
  endfacet
  facet normal 0.000000 -0.000000 -1.000000
    outer loop
      vertex 63.350000 34.450000 0.000000
      vertex 63.350000 32.850000 0.000000
      vertex 63.336312 33.058842 0.000000
    endloop
  endfacet
  facet normal 0.000000 0.000000 -1.000000
    outer loop
      vertex 63.350000 34.450000 0.000000
      vertex 63.336312 33.058842 0.000000
      vertex 63.295481 33.264110 0.000000
    endloop
  endfacet
  facet normal 0.000000 0.000000 -1.000000
    outer loop
      vertex 63.350000 34.450000 0.000000
      vertex 63.295481 33.264110 0.000000
      vertex 63.228207 33.462293 0.000000
    endloop
  endfacet
  facet normal 0.000000 0.000000 -1.000000
    outer loop
      vertex 63.350000 34.450000 0.000000
      vertex 63.228207 33.462293 0.000000
      vertex 63.135641 33.650000 0.000000
    endloop
  endfacet
  facet normal 0.000000 0.000000 -1.000000
    outer loop
      vertex 63.350000 34.450000 0.000000
      vertex 63.135641 33.650000 0.000000
      vertex 63.019365 33.824018 0.000000
    endloop
  endfacet
  facet normal 0.000000 0.000000 -1.000000
    outer loop
      vertex 63.350000 34.450000 0.000000
      vertex 63.019365 33.824018 0.000000
      vertex 62.881371 33.981371 0.000000
    endloop
  endfacet
  facet normal 0.000000 0.000000 -1.000000
    outer loop
      vertex 63.350000 34.450000 0.000000
      vertex 62.881371 33.981371 0.000000
      vertex 62.724018 34.119365 0.000000
    endloop
  endfacet
  facet normal 0.000000 0.000000 -1.000000
    outer loop
      vertex 63.350000 34.450000 0.000000
      vertex 62.724018 34.119365 0.000000
      vertex 62.550000 34.235641 0.000000
    endloop
  endfacet
  facet normal 0.000000 0.000000 -1.000000
    outer loop
      vertex 63.350000 34.450000 0.000000
      vertex 62.550000 34.235641 0.000000
      vertex 62.362293 34.328207 0.000000
    endloop
  endfacet
  facet normal 0.000000 0.000000 -1.000000
    outer loop
      vertex 63.350000 34.450000 0.000000
      vertex 62.362293 34.328207 0.000000
      vertex 62.164110 34.395481 0.000000
    endloop
  endfacet
  facet normal 0.000000 0.000000 -1.000000
    outer loop
      vertex 63.350000 34.450000 0.000000
      vertex 62.164110 34.395481 0.000000
      vertex 61.958842 34.436312 0.000000
    endloop
  endfacet
  facet normal -0.000000 0.000000 -1.000000
    outer loop
      vertex 63.350000 34.450000 0.000000
      vertex 61.958842 34.436312 0.000000
      vertex 61.750000 34.450000 0.000000
    endloop
  endfacet
  facet normal 0.000000 0.000000 -1.000000
    outer loop
      vertex 60.150000 34.450000 0.000000
      vertex 61.750000 34.450000 0.000000
      vertex 61.541158 34.436312 0.000000
    endloop
  endfacet
  facet normal 0.000000 0.000000 -1.000000
    outer loop
      vertex 60.150000 34.450000 0.000000
      vertex 61.541158 34.436312 0.000000
      vertex 61.335890 34.395481 0.000000
    endloop
  endfacet
  facet normal 0.000000 0.000000 -1.000000
    outer loop
      vertex 60.150000 34.450000 0.000000
      vertex 61.335890 34.395481 0.000000
      vertex 61.137707 34.328207 0.000000
    endloop
  endfacet
  facet normal 0.000000 0.000000 -1.000000
    outer loop
      vertex 60.150000 34.450000 0.000000
      vertex 61.137707 34.328207 0.000000
      vertex 60.950000 34.235641 0.000000
    endloop
  endfacet
  facet normal 0.000000 0.000000 -1.000000
    outer loop
      vertex 60.150000 34.450000 0.000000
      vertex 60.950000 34.235641 0.000000
      vertex 60.775982 34.119365 0.000000
    endloop
  endfacet
  facet normal 0.000000 0.000000 -1.000000
    outer loop
      vertex 60.150000 34.450000 0.000000
      vertex 60.775982 34.119365 0.000000
      vertex 60.618629 33.981371 0.000000
    endloop
  endfacet
  facet normal 0.000000 0.000000 -1.000000
    outer loop
      vertex 60.150000 34.450000 0.000000
      vertex 60.618629 33.981371 0.000000
      vertex 60.480635 33.824018 0.000000
    endloop
  endfacet
  facet normal 0.000000 0.000000 -1.000000
    outer loop
      vertex 60.150000 34.450000 0.000000
      vertex 60.480635 33.824018 0.000000
      vertex 60.364359 33.650000 0.000000
    endloop
  endfacet
  facet normal 0.000000 0.000000 -1.000000
    outer loop
      vertex 60.150000 34.450000 0.000000
      vertex 60.364359 33.650000 0.000000
      vertex 60.271793 33.462293 0.000000
    endloop
  endfacet
  facet normal 0.000000 0.000000 -1.000000
    outer loop
      vertex 60.150000 34.450000 0.000000
      vertex 60.271793 33.462293 0.000000
      vertex 60.204519 33.264110 0.000000
    endloop
  endfacet
  facet normal 0.000000 0.000000 -1.000000
    outer loop
      vertex 60.150000 34.450000 0.000000
      vertex 60.204519 33.264110 0.000000
      vertex 60.163688 33.058842 0.000000
    endloop
  endfacet
  facet normal 0.000000 0.000000 -1.000000
    outer loop
      vertex 60.150000 34.450000 0.000000
      vertex 60.163688 33.058842 0.000000
      vertex 60.150000 32.850000 0.000000
    endloop
  endfacet
  facet normal 0.000000 0.000000 -1.000000
    outer loop
      vertex 60.150000 31.250000 0.000000
      vertex 60.150000 32.850000 0.000000
      vertex 60.163688 32.641158 0.000000
    endloop
  endfacet
  facet normal 0.000000 0.000000 -1.000000
    outer loop
      vertex 60.150000 31.250000 0.000000
      vertex 60.163688 32.641158 0.000000
      vertex 60.204519 32.435890 0.000000
    endloop
  endfacet
  facet normal 0.000000 0.000000 -1.000000
    outer loop
      vertex 60.150000 31.250000 0.000000
      vertex 60.204519 32.435890 0.000000
      vertex 60.271793 32.237707 0.000000
    endloop
  endfacet
  facet normal 0.000000 0.000000 -1.000000
    outer loop
      vertex 60.150000 31.250000 0.000000
      vertex 60.271793 32.237707 0.000000
      vertex 60.364359 32.050000 0.000000
    endloop
  endfacet
  facet normal 0.000000 0.000000 -1.000000
    outer loop
      vertex 60.150000 31.250000 0.000000
      vertex 60.364359 32.050000 0.000000
      vertex 60.480635 31.875982 0.000000
    endloop
  endfacet
  facet normal 0.000000 0.000000 -1.000000
    outer loop
      vertex 60.150000 31.250000 0.000000
      vertex 60.480635 31.875982 0.000000
      vertex 60.618629 31.718629 0.000000
    endloop
  endfacet
  facet normal 0.000000 0.000000 -1.000000
    outer loop
      vertex 60.150000 31.250000 0.000000
      vertex 60.618629 31.718629 0.000000
      vertex 60.775982 31.580635 0.000000
    endloop
  endfacet
  facet normal 0.000000 0.000000 -1.000000
    outer loop
      vertex 60.150000 31.250000 0.000000
      vertex 60.775982 31.580635 0.000000
      vertex 60.950000 31.464359 0.000000
    endloop
  endfacet
  facet normal 0.000000 0.000000 -1.000000
    outer loop
      vertex 60.150000 31.250000 0.000000
      vertex 60.950000 31.464359 0.000000
      vertex 61.137707 31.371793 0.000000
    endloop
  endfacet
  facet normal 0.000000 0.000000 -1.000000
    outer loop
      vertex 60.150000 31.250000 0.000000
      vertex 61.137707 31.371793 0.000000
      vertex 61.335890 31.304519 0.000000
    endloop
  endfacet
  facet normal 0.000000 0.000000 -1.000000
    outer loop
      vertex 60.150000 31.250000 0.000000
      vertex 61.335890 31.304519 0.000000
      vertex 61.541158 31.263688 0.000000
    endloop
  endfacet
  facet normal 0.000000 0.000000 -1.000000
    outer loop
      vertex 60.150000 31.250000 0.000000
      vertex 61.541158 31.263688 0.000000
      vertex 61.750000 31.250000 0.000000
    endloop
  endfacet
  facet normal 0.000000 0.000000 -1.000000
    outer loop
      vertex 63.350000 31.250000 0.000000
      vertex 61.750000 31.250000 0.000000
      vertex 61.958842 31.263688 0.000000
    endloop
  endfacet
  facet normal 0.000000 0.000000 -1.000000
    outer loop
      vertex 63.350000 31.250000 0.000000
      vertex 61.958842 31.263688 0.000000
      vertex 62.164110 31.304519 0.000000
    endloop
  endfacet
  facet normal 0.000000 0.000000 -1.000000
    outer loop
      vertex 63.350000 31.250000 0.000000
      vertex 62.164110 31.304519 0.000000
      vertex 62.362293 31.371793 0.000000
    endloop
  endfacet
  facet normal 0.000000 0.000000 -1.000000
    outer loop
      vertex 63.350000 31.250000 0.000000
      vertex 62.362293 31.371793 0.000000
      vertex 62.550000 31.464359 0.000000
    endloop
  endfacet
  facet normal 0.000000 0.000000 -1.000000
    outer loop
      vertex 63.350000 31.250000 0.000000
      vertex 62.550000 31.464359 0.000000
      vertex 62.724018 31.580635 0.000000
    endloop
  endfacet
  facet normal 0.000000 0.000000 -1.000000
    outer loop
      vertex 63.350000 31.250000 0.000000
      vertex 62.724018 31.580635 0.000000
      vertex 62.881371 31.718629 0.000000
    endloop
  endfacet
  facet normal 0.000000 0.000000 -1.000000
    outer loop
      vertex 63.350000 31.250000 0.000000
      vertex 62.881371 31.718629 0.000000
      vertex 63.019365 31.875982 0.000000
    endloop
  endfacet
  facet normal 0.000000 0.000000 -1.000000
    outer loop
      vertex 63.350000 31.250000 0.000000
      vertex 63.019365 31.875982 0.000000
      vertex 63.135641 32.050000 0.000000
    endloop
  endfacet
  facet normal 0.000000 0.000000 -1.000000
    outer loop
      vertex 63.350000 31.250000 0.000000
      vertex 63.135641 32.050000 0.000000
      vertex 63.228207 32.237707 0.000000
    endloop
  endfacet
  facet normal 0.000000 0.000000 -1.000000
    outer loop
      vertex 63.350000 31.250000 0.000000
      vertex 63.228207 32.237707 0.000000
      vertex 63.295481 32.435890 0.000000
    endloop
  endfacet
  facet normal 0.000000 0.000000 -1.000000
    outer loop
      vertex 63.350000 31.250000 0.000000
      vertex 63.295481 32.435890 0.000000
      vertex 63.336312 32.641158 0.000000
    endloop
  endfacet
  facet normal 0.000000 0.000000 -1.000000
    outer loop
      vertex 63.350000 31.250000 0.000000
      vertex 63.336312 32.641158 0.000000
      vertex 63.350000 32.850000 0.000000
    endloop
  endfacet
  facet normal 0.000000 0.000000 1.000000
    outer loop
      vertex -18.375000 -33.850000 3.000000
      vertex -18.413429 -35.459819 3.000000
      vertex -18.375000 -35.850000 3.000000
    endloop
  endfacet
  facet normal 0.000000 0.000000 1.000000
    outer loop
      vertex -18.375000 -33.850000 3.000000
      vertex -18.527241 -35.084633 3.000000
      vertex -18.413429 -35.459819 3.000000
    endloop
  endfacet
  facet normal 0.000000 0.000000 1.000000
    outer loop
      vertex -18.375000 -33.850000 3.000000
      vertex -18.712061 -34.738860 3.000000
      vertex -18.527241 -35.084633 3.000000
    endloop
  endfacet
  facet normal 0.000000 0.000000 1.000000
    outer loop
      vertex -18.375000 -33.850000 3.000000
      vertex -18.960786 -34.435786 3.000000
      vertex -18.712061 -34.738860 3.000000
    endloop
  endfacet
  facet normal 0.000000 0.000000 1.000000
    outer loop
      vertex -18.375000 -33.850000 3.000000
      vertex -19.263860 -34.187061 3.000000
      vertex -18.960786 -34.435786 3.000000
    endloop
  endfacet
  facet normal 0.000000 0.000000 1.000000
    outer loop
      vertex -18.375000 -33.850000 3.000000
      vertex -19.609633 -34.002241 3.000000
      vertex -19.263860 -34.187061 3.000000
    endloop
  endfacet
  facet normal 0.000000 0.000000 1.000000
    outer loop
      vertex -18.375000 -33.850000 3.000000
      vertex -19.984819 -33.888429 3.000000
      vertex -19.609633 -34.002241 3.000000
    endloop
  endfacet
  facet normal 0.000000 0.000000 1.000000
    outer loop
      vertex -18.375000 -33.850000 3.000000
      vertex -20.375000 -33.850000 3.000000
      vertex -19.984819 -33.888429 3.000000
    endloop
  endfacet
  facet normal -0.000000 0.000000 1.000000
    outer loop
      vertex -48.375000 -33.850000 3.000000
      vertex -46.765181 -33.888429 3.000000
      vertex -46.375000 -33.850000 3.000000
    endloop
  endfacet
  facet normal 0.000000 0.000000 1.000000
    outer loop
      vertex -48.375000 -33.850000 3.000000
      vertex -47.140367 -34.002241 3.000000
      vertex -46.765181 -33.888429 3.000000
    endloop
  endfacet
  facet normal 0.000000 0.000000 1.000000
    outer loop
      vertex -48.375000 -33.850000 3.000000
      vertex -47.486140 -34.187061 3.000000
      vertex -47.140367 -34.002241 3.000000
    endloop
  endfacet
  facet normal 0.000000 0.000000 1.000000
    outer loop
      vertex -48.375000 -33.850000 3.000000
      vertex -47.789214 -34.435786 3.000000
      vertex -47.486140 -34.187061 3.000000
    endloop
  endfacet
  facet normal 0.000000 0.000000 1.000000
    outer loop
      vertex -48.375000 -33.850000 3.000000
      vertex -48.037939 -34.738860 3.000000
      vertex -47.789214 -34.435786 3.000000
    endloop
  endfacet
  facet normal 0.000000 0.000000 1.000000
    outer loop
      vertex -48.375000 -33.850000 3.000000
      vertex -48.222759 -35.084633 3.000000
      vertex -48.037939 -34.738860 3.000000
    endloop
  endfacet
  facet normal 0.000000 0.000000 1.000000
    outer loop
      vertex -48.375000 -33.850000 3.000000
      vertex -48.336571 -35.459819 3.000000
      vertex -48.222759 -35.084633 3.000000
    endloop
  endfacet
  facet normal 0.000000 0.000000 1.000000
    outer loop
      vertex -48.375000 -33.850000 3.000000
      vertex -48.375000 -35.850000 3.000000
      vertex -48.336571 -35.459819 3.000000
    endloop
  endfacet
  facet normal 0.000000 0.000000 1.000000
    outer loop
      vertex -48.375000 -37.850000 3.000000
      vertex -48.336571 -36.240181 3.000000
      vertex -48.375000 -35.850000 3.000000
    endloop
  endfacet
  facet normal 0.000000 0.000000 1.000000
    outer loop
      vertex -48.375000 -37.850000 3.000000
      vertex -48.222759 -36.615367 3.000000
      vertex -48.336571 -36.240181 3.000000
    endloop
  endfacet
  facet normal 0.000000 0.000000 1.000000
    outer loop
      vertex -48.375000 -37.850000 3.000000
      vertex -48.037939 -36.961140 3.000000
      vertex -48.222759 -36.615367 3.000000
    endloop
  endfacet
  facet normal 0.000000 0.000000 1.000000
    outer loop
      vertex -48.375000 -37.850000 3.000000
      vertex -47.789214 -37.264214 3.000000
      vertex -48.037939 -36.961140 3.000000
    endloop
  endfacet
  facet normal 0.000000 0.000000 1.000000
    outer loop
      vertex -48.375000 -37.850000 3.000000
      vertex -47.486140 -37.512939 3.000000
      vertex -47.789214 -37.264214 3.000000
    endloop
  endfacet
  facet normal 0.000000 0.000000 1.000000
    outer loop
      vertex -48.375000 -37.850000 3.000000
      vertex -47.140367 -37.697759 3.000000
      vertex -47.486140 -37.512939 3.000000
    endloop
  endfacet
  facet normal 0.000000 0.000000 1.000000
    outer loop
      vertex -48.375000 -37.850000 3.000000
      vertex -46.765181 -37.811571 3.000000
      vertex -47.140367 -37.697759 3.000000
    endloop
  endfacet
  facet normal 0.000000 0.000000 1.000000
    outer loop
      vertex -48.375000 -37.850000 3.000000
      vertex -46.375000 -37.850000 3.000000
      vertex -46.765181 -37.811571 3.000000
    endloop
  endfacet
  facet normal 0.000000 0.000000 1.000000
    outer loop
      vertex -18.375000 -37.850000 3.000000
      vertex -19.984819 -37.811571 3.000000
      vertex -20.375000 -37.850000 3.000000
    endloop
  endfacet
  facet normal 0.000000 0.000000 1.000000
    outer loop
      vertex -18.375000 -37.850000 3.000000
      vertex -19.609633 -37.697759 3.000000
      vertex -19.984819 -37.811571 3.000000
    endloop
  endfacet
  facet normal 0.000000 0.000000 1.000000
    outer loop
      vertex -18.375000 -37.850000 3.000000
      vertex -19.263860 -37.512939 3.000000
      vertex -19.609633 -37.697759 3.000000
    endloop
  endfacet
  facet normal 0.000000 0.000000 1.000000
    outer loop
      vertex -18.375000 -37.850000 3.000000
      vertex -18.960786 -37.264214 3.000000
      vertex -19.263860 -37.512939 3.000000
    endloop
  endfacet
  facet normal 0.000000 0.000000 1.000000
    outer loop
      vertex -18.375000 -37.850000 3.000000
      vertex -18.712061 -36.961140 3.000000
      vertex -18.960786 -37.264214 3.000000
    endloop
  endfacet
  facet normal 0.000000 0.000000 1.000000
    outer loop
      vertex -18.375000 -37.850000 3.000000
      vertex -18.527241 -36.615367 3.000000
      vertex -18.712061 -36.961140 3.000000
    endloop
  endfacet
  facet normal 0.000000 0.000000 1.000000
    outer loop
      vertex -18.375000 -37.850000 3.000000
      vertex -18.413429 -36.240181 3.000000
      vertex -18.527241 -36.615367 3.000000
    endloop
  endfacet
  facet normal 0.000000 -0.000000 1.000000
    outer loop
      vertex -18.375000 -37.850000 3.000000
      vertex -18.375000 -35.850000 3.000000
      vertex -18.413429 -36.240181 3.000000
    endloop
  endfacet
  facet normal 0.000000 -0.000000 -1.000000
    outer loop
      vertex -18.375000 -33.850000 0.000000
      vertex -18.375000 -35.850000 0.000000
      vertex -18.413429 -35.459819 0.000000
    endloop
  endfacet
  facet normal 0.000000 0.000000 -1.000000
    outer loop
      vertex -18.375000 -33.850000 0.000000
      vertex -18.413429 -35.459819 0.000000
      vertex -18.527241 -35.084633 0.000000
    endloop
  endfacet
  facet normal 0.000000 0.000000 -1.000000
    outer loop
      vertex -18.375000 -33.850000 0.000000
      vertex -18.527241 -35.084633 0.000000
      vertex -18.712061 -34.738860 0.000000
    endloop
  endfacet
  facet normal 0.000000 0.000000 -1.000000
    outer loop
      vertex -18.375000 -33.850000 0.000000
      vertex -18.712061 -34.738860 0.000000
      vertex -18.960786 -34.435786 0.000000
    endloop
  endfacet
  facet normal 0.000000 0.000000 -1.000000
    outer loop
      vertex -18.375000 -33.850000 0.000000
      vertex -18.960786 -34.435786 0.000000
      vertex -19.263860 -34.187061 0.000000
    endloop
  endfacet
  facet normal 0.000000 0.000000 -1.000000
    outer loop
      vertex -18.375000 -33.850000 0.000000
      vertex -19.263860 -34.187061 0.000000
      vertex -19.609633 -34.002241 0.000000
    endloop
  endfacet
  facet normal 0.000000 0.000000 -1.000000
    outer loop
      vertex -18.375000 -33.850000 0.000000
      vertex -19.609633 -34.002241 0.000000
      vertex -19.984819 -33.888429 0.000000
    endloop
  endfacet
  facet normal -0.000000 0.000000 -1.000000
    outer loop
      vertex -18.375000 -33.850000 0.000000
      vertex -19.984819 -33.888429 0.000000
      vertex -20.375000 -33.850000 0.000000
    endloop
  endfacet
  facet normal 0.000000 0.000000 -1.000000
    outer loop
      vertex -48.375000 -33.850000 0.000000
      vertex -46.375000 -33.850000 0.000000
      vertex -46.765181 -33.888429 0.000000
    endloop
  endfacet
  facet normal 0.000000 0.000000 -1.000000
    outer loop
      vertex -48.375000 -33.850000 0.000000
      vertex -46.765181 -33.888429 0.000000
      vertex -47.140367 -34.002241 0.000000
    endloop
  endfacet
  facet normal 0.000000 0.000000 -1.000000
    outer loop
      vertex -48.375000 -33.850000 0.000000
      vertex -47.140367 -34.002241 0.000000
      vertex -47.486140 -34.187061 0.000000
    endloop
  endfacet
  facet normal 0.000000 0.000000 -1.000000
    outer loop
      vertex -48.375000 -33.850000 0.000000
      vertex -47.486140 -34.187061 0.000000
      vertex -47.789214 -34.435786 0.000000
    endloop
  endfacet
  facet normal 0.000000 0.000000 -1.000000
    outer loop
      vertex -48.375000 -33.850000 0.000000
      vertex -47.789214 -34.435786 0.000000
      vertex -48.037939 -34.738860 0.000000
    endloop
  endfacet
  facet normal 0.000000 0.000000 -1.000000
    outer loop
      vertex -48.375000 -33.850000 0.000000
      vertex -48.037939 -34.738860 0.000000
      vertex -48.222759 -35.084633 0.000000
    endloop
  endfacet
  facet normal 0.000000 0.000000 -1.000000
    outer loop
      vertex -48.375000 -33.850000 0.000000
      vertex -48.222759 -35.084633 0.000000
      vertex -48.336571 -35.459819 0.000000
    endloop
  endfacet
  facet normal 0.000000 0.000000 -1.000000
    outer loop
      vertex -48.375000 -33.850000 0.000000
      vertex -48.336571 -35.459819 0.000000
      vertex -48.375000 -35.850000 0.000000
    endloop
  endfacet
  facet normal 0.000000 0.000000 -1.000000
    outer loop
      vertex -48.375000 -37.850000 0.000000
      vertex -48.375000 -35.850000 0.000000
      vertex -48.336571 -36.240181 0.000000
    endloop
  endfacet
  facet normal 0.000000 0.000000 -1.000000
    outer loop
      vertex -48.375000 -37.850000 0.000000
      vertex -48.336571 -36.240181 0.000000
      vertex -48.222759 -36.615367 0.000000
    endloop
  endfacet
  facet normal 0.000000 0.000000 -1.000000
    outer loop
      vertex -48.375000 -37.850000 0.000000
      vertex -48.222759 -36.615367 0.000000
      vertex -48.037939 -36.961140 0.000000
    endloop
  endfacet
  facet normal 0.000000 0.000000 -1.000000
    outer loop
      vertex -48.375000 -37.850000 0.000000
      vertex -48.037939 -36.961140 0.000000
      vertex -47.789214 -37.264214 0.000000
    endloop
  endfacet
  facet normal 0.000000 0.000000 -1.000000
    outer loop
      vertex -48.375000 -37.850000 0.000000
      vertex -47.789214 -37.264214 0.000000
      vertex -47.486140 -37.512939 0.000000
    endloop
  endfacet
  facet normal 0.000000 0.000000 -1.000000
    outer loop
      vertex -48.375000 -37.850000 0.000000
      vertex -47.486140 -37.512939 0.000000
      vertex -47.140367 -37.697759 0.000000
    endloop
  endfacet
  facet normal 0.000000 0.000000 -1.000000
    outer loop
      vertex -48.375000 -37.850000 0.000000
      vertex -47.140367 -37.697759 0.000000
      vertex -46.765181 -37.811571 0.000000
    endloop
  endfacet
  facet normal 0.000000 0.000000 -1.000000
    outer loop
      vertex -48.375000 -37.850000 0.000000
      vertex -46.765181 -37.811571 0.000000
      vertex -46.375000 -37.850000 0.000000
    endloop
  endfacet
  facet normal 0.000000 0.000000 -1.000000
    outer loop
      vertex -18.375000 -37.850000 0.000000
      vertex -20.375000 -37.850000 0.000000
      vertex -19.984819 -37.811571 0.000000
    endloop
  endfacet
  facet normal 0.000000 0.000000 -1.000000
    outer loop
      vertex -18.375000 -37.850000 0.000000
      vertex -19.984819 -37.811571 0.000000
      vertex -19.609633 -37.697759 0.000000
    endloop
  endfacet
  facet normal 0.000000 0.000000 -1.000000
    outer loop
      vertex -18.375000 -37.850000 0.000000
      vertex -19.609633 -37.697759 0.000000
      vertex -19.263860 -37.512939 0.000000
    endloop
  endfacet
  facet normal 0.000000 0.000000 -1.000000
    outer loop
      vertex -18.375000 -37.850000 0.000000
      vertex -19.263860 -37.512939 0.000000
      vertex -18.960786 -37.264214 0.000000
    endloop
  endfacet
  facet normal 0.000000 0.000000 -1.000000
    outer loop
      vertex -18.375000 -37.850000 0.000000
      vertex -18.960786 -37.264214 0.000000
      vertex -18.712061 -36.961140 0.000000
    endloop
  endfacet
  facet normal 0.000000 0.000000 -1.000000
    outer loop
      vertex -18.375000 -37.850000 0.000000
      vertex -18.712061 -36.961140 0.000000
      vertex -18.527241 -36.615367 0.000000
    endloop
  endfacet
  facet normal 0.000000 0.000000 -1.000000
    outer loop
      vertex -18.375000 -37.850000 0.000000
      vertex -18.527241 -36.615367 0.000000
      vertex -18.413429 -36.240181 0.000000
    endloop
  endfacet
  facet normal 0.000000 0.000000 -1.000000
    outer loop
      vertex -18.375000 -37.850000 0.000000
      vertex -18.413429 -36.240181 0.000000
      vertex -18.375000 -35.850000 0.000000
    endloop
  endfacet
  facet normal 0.000000 0.000000 1.000000
    outer loop
      vertex -18.375000 37.850000 3.000000
      vertex -18.413429 36.240181 3.000000
      vertex -18.375000 35.850000 3.000000
    endloop
  endfacet
  facet normal 0.000000 0.000000 1.000000
    outer loop
      vertex -18.375000 37.850000 3.000000
      vertex -18.527241 36.615367 3.000000
      vertex -18.413429 36.240181 3.000000
    endloop
  endfacet
  facet normal 0.000000 0.000000 1.000000
    outer loop
      vertex -18.375000 37.850000 3.000000
      vertex -18.712061 36.961140 3.000000
      vertex -18.527241 36.615367 3.000000
    endloop
  endfacet
  facet normal 0.000000 0.000000 1.000000
    outer loop
      vertex -18.375000 37.850000 3.000000
      vertex -18.960786 37.264214 3.000000
      vertex -18.712061 36.961140 3.000000
    endloop
  endfacet
  facet normal 0.000000 0.000000 1.000000
    outer loop
      vertex -18.375000 37.850000 3.000000
      vertex -19.263860 37.512939 3.000000
      vertex -18.960786 37.264214 3.000000
    endloop
  endfacet
  facet normal 0.000000 0.000000 1.000000
    outer loop
      vertex -18.375000 37.850000 3.000000
      vertex -19.609633 37.697759 3.000000
      vertex -19.263860 37.512939 3.000000
    endloop
  endfacet
  facet normal 0.000000 0.000000 1.000000
    outer loop
      vertex -18.375000 37.850000 3.000000
      vertex -19.984819 37.811571 3.000000
      vertex -19.609633 37.697759 3.000000
    endloop
  endfacet
  facet normal 0.000000 0.000000 1.000000
    outer loop
      vertex -18.375000 37.850000 3.000000
      vertex -20.375000 37.850000 3.000000
      vertex -19.984819 37.811571 3.000000
    endloop
  endfacet
  facet normal -0.000000 0.000000 1.000000
    outer loop
      vertex -48.375000 37.850000 3.000000
      vertex -46.765181 37.811571 3.000000
      vertex -46.375000 37.850000 3.000000
    endloop
  endfacet
  facet normal 0.000000 0.000000 1.000000
    outer loop
      vertex -48.375000 37.850000 3.000000
      vertex -47.140367 37.697759 3.000000
      vertex -46.765181 37.811571 3.000000
    endloop
  endfacet
  facet normal 0.000000 0.000000 1.000000
    outer loop
      vertex -48.375000 37.850000 3.000000
      vertex -47.486140 37.512939 3.000000
      vertex -47.140367 37.697759 3.000000
    endloop
  endfacet
  facet normal 0.000000 0.000000 1.000000
    outer loop
      vertex -48.375000 37.850000 3.000000
      vertex -47.789214 37.264214 3.000000
      vertex -47.486140 37.512939 3.000000
    endloop
  endfacet
  facet normal 0.000000 0.000000 1.000000
    outer loop
      vertex -48.375000 37.850000 3.000000
      vertex -48.037939 36.961140 3.000000
      vertex -47.789214 37.264214 3.000000
    endloop
  endfacet
  facet normal 0.000000 0.000000 1.000000
    outer loop
      vertex -48.375000 37.850000 3.000000
      vertex -48.222759 36.615367 3.000000
      vertex -48.037939 36.961140 3.000000
    endloop
  endfacet
  facet normal 0.000000 0.000000 1.000000
    outer loop
      vertex -48.375000 37.850000 3.000000
      vertex -48.336571 36.240181 3.000000
      vertex -48.222759 36.615367 3.000000
    endloop
  endfacet
  facet normal 0.000000 0.000000 1.000000
    outer loop
      vertex -48.375000 37.850000 3.000000
      vertex -48.375000 35.850000 3.000000
      vertex -48.336571 36.240181 3.000000
    endloop
  endfacet
  facet normal 0.000000 0.000000 1.000000
    outer loop
      vertex -48.375000 33.850000 3.000000
      vertex -48.336571 35.459819 3.000000
      vertex -48.375000 35.850000 3.000000
    endloop
  endfacet
  facet normal 0.000000 0.000000 1.000000
    outer loop
      vertex -48.375000 33.850000 3.000000
      vertex -48.222759 35.084633 3.000000
      vertex -48.336571 35.459819 3.000000
    endloop
  endfacet
  facet normal 0.000000 0.000000 1.000000
    outer loop
      vertex -48.375000 33.850000 3.000000
      vertex -48.037939 34.738860 3.000000
      vertex -48.222759 35.084633 3.000000
    endloop
  endfacet
  facet normal 0.000000 0.000000 1.000000
    outer loop
      vertex -48.375000 33.850000 3.000000
      vertex -47.789214 34.435786 3.000000
      vertex -48.037939 34.738860 3.000000
    endloop
  endfacet
  facet normal 0.000000 0.000000 1.000000
    outer loop
      vertex -48.375000 33.850000 3.000000
      vertex -47.486140 34.187061 3.000000
      vertex -47.789214 34.435786 3.000000
    endloop
  endfacet
  facet normal 0.000000 0.000000 1.000000
    outer loop
      vertex -48.375000 33.850000 3.000000
      vertex -47.140367 34.002241 3.000000
      vertex -47.486140 34.187061 3.000000
    endloop
  endfacet
  facet normal 0.000000 0.000000 1.000000
    outer loop
      vertex -48.375000 33.850000 3.000000
      vertex -46.765181 33.888429 3.000000
      vertex -47.140367 34.002241 3.000000
    endloop
  endfacet
  facet normal 0.000000 0.000000 1.000000
    outer loop
      vertex -48.375000 33.850000 3.000000
      vertex -46.375000 33.850000 3.000000
      vertex -46.765181 33.888429 3.000000
    endloop
  endfacet
  facet normal 0.000000 0.000000 1.000000
    outer loop
      vertex -18.375000 33.850000 3.000000
      vertex -19.984819 33.888429 3.000000
      vertex -20.375000 33.850000 3.000000
    endloop
  endfacet
  facet normal 0.000000 0.000000 1.000000
    outer loop
      vertex -18.375000 33.850000 3.000000
      vertex -19.609633 34.002241 3.000000
      vertex -19.984819 33.888429 3.000000
    endloop
  endfacet
  facet normal 0.000000 0.000000 1.000000
    outer loop
      vertex -18.375000 33.850000 3.000000
      vertex -19.263860 34.187061 3.000000
      vertex -19.609633 34.002241 3.000000
    endloop
  endfacet
  facet normal 0.000000 0.000000 1.000000
    outer loop
      vertex -18.375000 33.850000 3.000000
      vertex -18.960786 34.435786 3.000000
      vertex -19.263860 34.187061 3.000000
    endloop
  endfacet
  facet normal 0.000000 0.000000 1.000000
    outer loop
      vertex -18.375000 33.850000 3.000000
      vertex -18.712061 34.738860 3.000000
      vertex -18.960786 34.435786 3.000000
    endloop
  endfacet
  facet normal 0.000000 0.000000 1.000000
    outer loop
      vertex -18.375000 33.850000 3.000000
      vertex -18.527241 35.084633 3.000000
      vertex -18.712061 34.738860 3.000000
    endloop
  endfacet
  facet normal 0.000000 0.000000 1.000000
    outer loop
      vertex -18.375000 33.850000 3.000000
      vertex -18.413429 35.459819 3.000000
      vertex -18.527241 35.084633 3.000000
    endloop
  endfacet
  facet normal 0.000000 -0.000000 1.000000
    outer loop
      vertex -18.375000 33.850000 3.000000
      vertex -18.375000 35.850000 3.000000
      vertex -18.413429 35.459819 3.000000
    endloop
  endfacet
  facet normal 0.000000 -0.000000 -1.000000
    outer loop
      vertex -18.375000 37.850000 0.000000
      vertex -18.375000 35.850000 0.000000
      vertex -18.413429 36.240181 0.000000
    endloop
  endfacet
  facet normal 0.000000 0.000000 -1.000000
    outer loop
      vertex -18.375000 37.850000 0.000000
      vertex -18.413429 36.240181 0.000000
      vertex -18.527241 36.615367 0.000000
    endloop
  endfacet
  facet normal 0.000000 0.000000 -1.000000
    outer loop
      vertex -18.375000 37.850000 0.000000
      vertex -18.527241 36.615367 0.000000
      vertex -18.712061 36.961140 0.000000
    endloop
  endfacet
  facet normal 0.000000 0.000000 -1.000000
    outer loop
      vertex -18.375000 37.850000 0.000000
      vertex -18.712061 36.961140 0.000000
      vertex -18.960786 37.264214 0.000000
    endloop
  endfacet
  facet normal 0.000000 0.000000 -1.000000
    outer loop
      vertex -18.375000 37.850000 0.000000
      vertex -18.960786 37.264214 0.000000
      vertex -19.263860 37.512939 0.000000
    endloop
  endfacet
  facet normal 0.000000 0.000000 -1.000000
    outer loop
      vertex -18.375000 37.850000 0.000000
      vertex -19.263860 37.512939 0.000000
      vertex -19.609633 37.697759 0.000000
    endloop
  endfacet
  facet normal 0.000000 0.000000 -1.000000
    outer loop
      vertex -18.375000 37.850000 0.000000
      vertex -19.609633 37.697759 0.000000
      vertex -19.984819 37.811571 0.000000
    endloop
  endfacet
  facet normal -0.000000 0.000000 -1.000000
    outer loop
      vertex -18.375000 37.850000 0.000000
      vertex -19.984819 37.811571 0.000000
      vertex -20.375000 37.850000 0.000000
    endloop
  endfacet
  facet normal 0.000000 0.000000 -1.000000
    outer loop
      vertex -48.375000 37.850000 0.000000
      vertex -46.375000 37.850000 0.000000
      vertex -46.765181 37.811571 0.000000
    endloop
  endfacet
  facet normal 0.000000 0.000000 -1.000000
    outer loop
      vertex -48.375000 37.850000 0.000000
      vertex -46.765181 37.811571 0.000000
      vertex -47.140367 37.697759 0.000000
    endloop
  endfacet
  facet normal 0.000000 0.000000 -1.000000
    outer loop
      vertex -48.375000 37.850000 0.000000
      vertex -47.140367 37.697759 0.000000
      vertex -47.486140 37.512939 0.000000
    endloop
  endfacet
  facet normal 0.000000 0.000000 -1.000000
    outer loop
      vertex -48.375000 37.850000 0.000000
      vertex -47.486140 37.512939 0.000000
      vertex -47.789214 37.264214 0.000000
    endloop
  endfacet
  facet normal 0.000000 0.000000 -1.000000
    outer loop
      vertex -48.375000 37.850000 0.000000
      vertex -47.789214 37.264214 0.000000
      vertex -48.037939 36.961140 0.000000
    endloop
  endfacet
  facet normal 0.000000 0.000000 -1.000000
    outer loop
      vertex -48.375000 37.850000 0.000000
      vertex -48.037939 36.961140 0.000000
      vertex -48.222759 36.615367 0.000000
    endloop
  endfacet
  facet normal 0.000000 0.000000 -1.000000
    outer loop
      vertex -48.375000 37.850000 0.000000
      vertex -48.222759 36.615367 0.000000
      vertex -48.336571 36.240181 0.000000
    endloop
  endfacet
  facet normal 0.000000 0.000000 -1.000000
    outer loop
      vertex -48.375000 37.850000 0.000000
      vertex -48.336571 36.240181 0.000000
      vertex -48.375000 35.850000 0.000000
    endloop
  endfacet
  facet normal 0.000000 0.000000 -1.000000
    outer loop
      vertex -48.375000 33.850000 0.000000
      vertex -48.375000 35.850000 0.000000
      vertex -48.336571 35.459819 0.000000
    endloop
  endfacet
  facet normal 0.000000 0.000000 -1.000000
    outer loop
      vertex -48.375000 33.850000 0.000000
      vertex -48.336571 35.459819 0.000000
      vertex -48.222759 35.084633 0.000000
    endloop
  endfacet
  facet normal 0.000000 0.000000 -1.000000
    outer loop
      vertex -48.375000 33.850000 0.000000
      vertex -48.222759 35.084633 0.000000
      vertex -48.037939 34.738860 0.000000
    endloop
  endfacet
  facet normal 0.000000 0.000000 -1.000000
    outer loop
      vertex -48.375000 33.850000 0.000000
      vertex -48.037939 34.738860 0.000000
      vertex -47.789214 34.435786 0.000000
    endloop
  endfacet
  facet normal 0.000000 0.000000 -1.000000
    outer loop
      vertex -48.375000 33.850000 0.000000
      vertex -47.789214 34.435786 0.000000
      vertex -47.486140 34.187061 0.000000
    endloop
  endfacet
  facet normal 0.000000 0.000000 -1.000000
    outer loop
      vertex -48.375000 33.850000 0.000000
      vertex -47.486140 34.187061 0.000000
      vertex -47.140367 34.002241 0.000000
    endloop
  endfacet
  facet normal 0.000000 0.000000 -1.000000
    outer loop
      vertex -48.375000 33.850000 0.000000
      vertex -47.140367 34.002241 0.000000
      vertex -46.765181 33.888429 0.000000
    endloop
  endfacet
  facet normal 0.000000 0.000000 -1.000000
    outer loop
      vertex -48.375000 33.850000 0.000000
      vertex -46.765181 33.888429 0.000000
      vertex -46.375000 33.850000 0.000000
    endloop
  endfacet
  facet normal 0.000000 0.000000 -1.000000
    outer loop
      vertex -18.375000 33.850000 0.000000
      vertex -20.375000 33.850000 0.000000
      vertex -19.984819 33.888429 0.000000
    endloop
  endfacet
  facet normal 0.000000 0.000000 -1.000000
    outer loop
      vertex -18.375000 33.850000 0.000000
      vertex -19.984819 33.888429 0.000000
      vertex -19.609633 34.002241 0.000000
    endloop
  endfacet
  facet normal 0.000000 0.000000 -1.000000
    outer loop
      vertex -18.375000 33.850000 0.000000
      vertex -19.609633 34.002241 0.000000
      vertex -19.263860 34.187061 0.000000
    endloop
  endfacet
  facet normal 0.000000 0.000000 -1.000000
    outer loop
      vertex -18.375000 33.850000 0.000000
      vertex -19.263860 34.187061 0.000000
      vertex -18.960786 34.435786 0.000000
    endloop
  endfacet
  facet normal 0.000000 0.000000 -1.000000
    outer loop
      vertex -18.375000 33.850000 0.000000
      vertex -18.960786 34.435786 0.000000
      vertex -18.712061 34.738860 0.000000
    endloop
  endfacet
  facet normal 0.000000 0.000000 -1.000000
    outer loop
      vertex -18.375000 33.850000 0.000000
      vertex -18.712061 34.738860 0.000000
      vertex -18.527241 35.084633 0.000000
    endloop
  endfacet
  facet normal 0.000000 0.000000 -1.000000
    outer loop
      vertex -18.375000 33.850000 0.000000
      vertex -18.527241 35.084633 0.000000
      vertex -18.413429 35.459819 0.000000
    endloop
  endfacet
  facet normal 0.000000 0.000000 -1.000000
    outer loop
      vertex -18.375000 33.850000 0.000000
      vertex -18.413429 35.459819 0.000000
      vertex -18.375000 35.850000 0.000000
    endloop
  endfacet
  facet normal 0.000000 0.000000 1.000000
    outer loop
      vertex 48.375000 -33.850000 3.000000
      vertex 48.336571 -35.459819 3.000000
      vertex 48.375000 -35.850000 3.000000
    endloop
  endfacet
  facet normal 0.000000 0.000000 1.000000
    outer loop
      vertex 48.375000 -33.850000 3.000000
      vertex 48.222759 -35.084633 3.000000
      vertex 48.336571 -35.459819 3.000000
    endloop
  endfacet
  facet normal 0.000000 0.000000 1.000000
    outer loop
      vertex 48.375000 -33.850000 3.000000
      vertex 48.037939 -34.738860 3.000000
      vertex 48.222759 -35.084633 3.000000
    endloop
  endfacet
  facet normal 0.000000 0.000000 1.000000
    outer loop
      vertex 48.375000 -33.850000 3.000000
      vertex 47.789214 -34.435786 3.000000
      vertex 48.037939 -34.738860 3.000000
    endloop
  endfacet
  facet normal 0.000000 0.000000 1.000000
    outer loop
      vertex 48.375000 -33.850000 3.000000
      vertex 47.486140 -34.187061 3.000000
      vertex 47.789214 -34.435786 3.000000
    endloop
  endfacet
  facet normal 0.000000 0.000000 1.000000
    outer loop
      vertex 48.375000 -33.850000 3.000000
      vertex 47.140367 -34.002241 3.000000
      vertex 47.486140 -34.187061 3.000000
    endloop
  endfacet
  facet normal 0.000000 0.000000 1.000000
    outer loop
      vertex 48.375000 -33.850000 3.000000
      vertex 46.765181 -33.888429 3.000000
      vertex 47.140367 -34.002241 3.000000
    endloop
  endfacet
  facet normal 0.000000 0.000000 1.000000
    outer loop
      vertex 48.375000 -33.850000 3.000000
      vertex 46.375000 -33.850000 3.000000
      vertex 46.765181 -33.888429 3.000000
    endloop
  endfacet
  facet normal -0.000000 0.000000 1.000000
    outer loop
      vertex 18.375000 -33.850000 3.000000
      vertex 19.984819 -33.888429 3.000000
      vertex 20.375000 -33.850000 3.000000
    endloop
  endfacet
  facet normal 0.000000 0.000000 1.000000
    outer loop
      vertex 18.375000 -33.850000 3.000000
      vertex 19.609633 -34.002241 3.000000
      vertex 19.984819 -33.888429 3.000000
    endloop
  endfacet
  facet normal 0.000000 0.000000 1.000000
    outer loop
      vertex 18.375000 -33.850000 3.000000
      vertex 19.263860 -34.187061 3.000000
      vertex 19.609633 -34.002241 3.000000
    endloop
  endfacet
  facet normal 0.000000 0.000000 1.000000
    outer loop
      vertex 18.375000 -33.850000 3.000000
      vertex 18.960786 -34.435786 3.000000
      vertex 19.263860 -34.187061 3.000000
    endloop
  endfacet
  facet normal 0.000000 0.000000 1.000000
    outer loop
      vertex 18.375000 -33.850000 3.000000
      vertex 18.712061 -34.738860 3.000000
      vertex 18.960786 -34.435786 3.000000
    endloop
  endfacet
  facet normal 0.000000 0.000000 1.000000
    outer loop
      vertex 18.375000 -33.850000 3.000000
      vertex 18.527241 -35.084633 3.000000
      vertex 18.712061 -34.738860 3.000000
    endloop
  endfacet
  facet normal 0.000000 0.000000 1.000000
    outer loop
      vertex 18.375000 -33.850000 3.000000
      vertex 18.413429 -35.459819 3.000000
      vertex 18.527241 -35.084633 3.000000
    endloop
  endfacet
  facet normal 0.000000 0.000000 1.000000
    outer loop
      vertex 18.375000 -33.850000 3.000000
      vertex 18.375000 -35.850000 3.000000
      vertex 18.413429 -35.459819 3.000000
    endloop
  endfacet
  facet normal 0.000000 0.000000 1.000000
    outer loop
      vertex 18.375000 -37.850000 3.000000
      vertex 18.413429 -36.240181 3.000000
      vertex 18.375000 -35.850000 3.000000
    endloop
  endfacet
  facet normal 0.000000 0.000000 1.000000
    outer loop
      vertex 18.375000 -37.850000 3.000000
      vertex 18.527241 -36.615367 3.000000
      vertex 18.413429 -36.240181 3.000000
    endloop
  endfacet
  facet normal 0.000000 0.000000 1.000000
    outer loop
      vertex 18.375000 -37.850000 3.000000
      vertex 18.712061 -36.961140 3.000000
      vertex 18.527241 -36.615367 3.000000
    endloop
  endfacet
  facet normal 0.000000 0.000000 1.000000
    outer loop
      vertex 18.375000 -37.850000 3.000000
      vertex 18.960786 -37.264214 3.000000
      vertex 18.712061 -36.961140 3.000000
    endloop
  endfacet
  facet normal 0.000000 0.000000 1.000000
    outer loop
      vertex 18.375000 -37.850000 3.000000
      vertex 19.263860 -37.512939 3.000000
      vertex 18.960786 -37.264214 3.000000
    endloop
  endfacet
  facet normal 0.000000 0.000000 1.000000
    outer loop
      vertex 18.375000 -37.850000 3.000000
      vertex 19.609633 -37.697759 3.000000
      vertex 19.263860 -37.512939 3.000000
    endloop
  endfacet
  facet normal 0.000000 0.000000 1.000000
    outer loop
      vertex 18.375000 -37.850000 3.000000
      vertex 19.984819 -37.811571 3.000000
      vertex 19.609633 -37.697759 3.000000
    endloop
  endfacet
  facet normal 0.000000 0.000000 1.000000
    outer loop
      vertex 18.375000 -37.850000 3.000000
      vertex 20.375000 -37.850000 3.000000
      vertex 19.984819 -37.811571 3.000000
    endloop
  endfacet
  facet normal 0.000000 0.000000 1.000000
    outer loop
      vertex 48.375000 -37.850000 3.000000
      vertex 46.765181 -37.811571 3.000000
      vertex 46.375000 -37.850000 3.000000
    endloop
  endfacet
  facet normal 0.000000 0.000000 1.000000
    outer loop
      vertex 48.375000 -37.850000 3.000000
      vertex 47.140367 -37.697759 3.000000
      vertex 46.765181 -37.811571 3.000000
    endloop
  endfacet
  facet normal 0.000000 0.000000 1.000000
    outer loop
      vertex 48.375000 -37.850000 3.000000
      vertex 47.486140 -37.512939 3.000000
      vertex 47.140367 -37.697759 3.000000
    endloop
  endfacet
  facet normal 0.000000 0.000000 1.000000
    outer loop
      vertex 48.375000 -37.850000 3.000000
      vertex 47.789214 -37.264214 3.000000
      vertex 47.486140 -37.512939 3.000000
    endloop
  endfacet
  facet normal 0.000000 0.000000 1.000000
    outer loop
      vertex 48.375000 -37.850000 3.000000
      vertex 48.037939 -36.961140 3.000000
      vertex 47.789214 -37.264214 3.000000
    endloop
  endfacet
  facet normal 0.000000 0.000000 1.000000
    outer loop
      vertex 48.375000 -37.850000 3.000000
      vertex 48.222759 -36.615367 3.000000
      vertex 48.037939 -36.961140 3.000000
    endloop
  endfacet
  facet normal 0.000000 0.000000 1.000000
    outer loop
      vertex 48.375000 -37.850000 3.000000
      vertex 48.336571 -36.240181 3.000000
      vertex 48.222759 -36.615367 3.000000
    endloop
  endfacet
  facet normal 0.000000 -0.000000 1.000000
    outer loop
      vertex 48.375000 -37.850000 3.000000
      vertex 48.375000 -35.850000 3.000000
      vertex 48.336571 -36.240181 3.000000
    endloop
  endfacet
  facet normal 0.000000 -0.000000 -1.000000
    outer loop
      vertex 48.375000 -33.850000 0.000000
      vertex 48.375000 -35.850000 0.000000
      vertex 48.336571 -35.459819 0.000000
    endloop
  endfacet
  facet normal 0.000000 0.000000 -1.000000
    outer loop
      vertex 48.375000 -33.850000 0.000000
      vertex 48.336571 -35.459819 0.000000
      vertex 48.222759 -35.084633 0.000000
    endloop
  endfacet
  facet normal 0.000000 0.000000 -1.000000
    outer loop
      vertex 48.375000 -33.850000 0.000000
      vertex 48.222759 -35.084633 0.000000
      vertex 48.037939 -34.738860 0.000000
    endloop
  endfacet
  facet normal 0.000000 0.000000 -1.000000
    outer loop
      vertex 48.375000 -33.850000 0.000000
      vertex 48.037939 -34.738860 0.000000
      vertex 47.789214 -34.435786 0.000000
    endloop
  endfacet
  facet normal 0.000000 0.000000 -1.000000
    outer loop
      vertex 48.375000 -33.850000 0.000000
      vertex 47.789214 -34.435786 0.000000
      vertex 47.486140 -34.187061 0.000000
    endloop
  endfacet
  facet normal 0.000000 0.000000 -1.000000
    outer loop
      vertex 48.375000 -33.850000 0.000000
      vertex 47.486140 -34.187061 0.000000
      vertex 47.140367 -34.002241 0.000000
    endloop
  endfacet
  facet normal 0.000000 0.000000 -1.000000
    outer loop
      vertex 48.375000 -33.850000 0.000000
      vertex 47.140367 -34.002241 0.000000
      vertex 46.765181 -33.888429 0.000000
    endloop
  endfacet
  facet normal -0.000000 0.000000 -1.000000
    outer loop
      vertex 48.375000 -33.850000 0.000000
      vertex 46.765181 -33.888429 0.000000
      vertex 46.375000 -33.850000 0.000000
    endloop
  endfacet
  facet normal 0.000000 0.000000 -1.000000
    outer loop
      vertex 18.375000 -33.850000 0.000000
      vertex 20.375000 -33.850000 0.000000
      vertex 19.984819 -33.888429 0.000000
    endloop
  endfacet
  facet normal 0.000000 0.000000 -1.000000
    outer loop
      vertex 18.375000 -33.850000 0.000000
      vertex 19.984819 -33.888429 0.000000
      vertex 19.609633 -34.002241 0.000000
    endloop
  endfacet
  facet normal 0.000000 0.000000 -1.000000
    outer loop
      vertex 18.375000 -33.850000 0.000000
      vertex 19.609633 -34.002241 0.000000
      vertex 19.263860 -34.187061 0.000000
    endloop
  endfacet
  facet normal 0.000000 0.000000 -1.000000
    outer loop
      vertex 18.375000 -33.850000 0.000000
      vertex 19.263860 -34.187061 0.000000
      vertex 18.960786 -34.435786 0.000000
    endloop
  endfacet
  facet normal 0.000000 0.000000 -1.000000
    outer loop
      vertex 18.375000 -33.850000 0.000000
      vertex 18.960786 -34.435786 0.000000
      vertex 18.712061 -34.738860 0.000000
    endloop
  endfacet
  facet normal 0.000000 0.000000 -1.000000
    outer loop
      vertex 18.375000 -33.850000 0.000000
      vertex 18.712061 -34.738860 0.000000
      vertex 18.527241 -35.084633 0.000000
    endloop
  endfacet
  facet normal 0.000000 0.000000 -1.000000
    outer loop
      vertex 18.375000 -33.850000 0.000000
      vertex 18.527241 -35.084633 0.000000
      vertex 18.413429 -35.459819 0.000000
    endloop
  endfacet
  facet normal 0.000000 0.000000 -1.000000
    outer loop
      vertex 18.375000 -33.850000 0.000000
      vertex 18.413429 -35.459819 0.000000
      vertex 18.375000 -35.850000 0.000000
    endloop
  endfacet
  facet normal 0.000000 0.000000 -1.000000
    outer loop
      vertex 18.375000 -37.850000 0.000000
      vertex 18.375000 -35.850000 0.000000
      vertex 18.413429 -36.240181 0.000000
    endloop
  endfacet
  facet normal 0.000000 0.000000 -1.000000
    outer loop
      vertex 18.375000 -37.850000 0.000000
      vertex 18.413429 -36.240181 0.000000
      vertex 18.527241 -36.615367 0.000000
    endloop
  endfacet
  facet normal 0.000000 0.000000 -1.000000
    outer loop
      vertex 18.375000 -37.850000 0.000000
      vertex 18.527241 -36.615367 0.000000
      vertex 18.712061 -36.961140 0.000000
    endloop
  endfacet
  facet normal 0.000000 0.000000 -1.000000
    outer loop
      vertex 18.375000 -37.850000 0.000000
      vertex 18.712061 -36.961140 0.000000
      vertex 18.960786 -37.264214 0.000000
    endloop
  endfacet
  facet normal 0.000000 0.000000 -1.000000
    outer loop
      vertex 18.375000 -37.850000 0.000000
      vertex 18.960786 -37.264214 0.000000
      vertex 19.263860 -37.512939 0.000000
    endloop
  endfacet
  facet normal 0.000000 0.000000 -1.000000
    outer loop
      vertex 18.375000 -37.850000 0.000000
      vertex 19.263860 -37.512939 0.000000
      vertex 19.609633 -37.697759 0.000000
    endloop
  endfacet
  facet normal 0.000000 0.000000 -1.000000
    outer loop
      vertex 18.375000 -37.850000 0.000000
      vertex 19.609633 -37.697759 0.000000
      vertex 19.984819 -37.811571 0.000000
    endloop
  endfacet
  facet normal 0.000000 0.000000 -1.000000
    outer loop
      vertex 18.375000 -37.850000 0.000000
      vertex 19.984819 -37.811571 0.000000
      vertex 20.375000 -37.850000 0.000000
    endloop
  endfacet
  facet normal 0.000000 0.000000 -1.000000
    outer loop
      vertex 48.375000 -37.850000 0.000000
      vertex 46.375000 -37.850000 0.000000
      vertex 46.765181 -37.811571 0.000000
    endloop
  endfacet
  facet normal 0.000000 0.000000 -1.000000
    outer loop
      vertex 48.375000 -37.850000 0.000000
      vertex 46.765181 -37.811571 0.000000
      vertex 47.140367 -37.697759 0.000000
    endloop
  endfacet
  facet normal 0.000000 0.000000 -1.000000
    outer loop
      vertex 48.375000 -37.850000 0.000000
      vertex 47.140367 -37.697759 0.000000
      vertex 47.486140 -37.512939 0.000000
    endloop
  endfacet
  facet normal 0.000000 0.000000 -1.000000
    outer loop
      vertex 48.375000 -37.850000 0.000000
      vertex 47.486140 -37.512939 0.000000
      vertex 47.789214 -37.264214 0.000000
    endloop
  endfacet
  facet normal 0.000000 0.000000 -1.000000
    outer loop
      vertex 48.375000 -37.850000 0.000000
      vertex 47.789214 -37.264214 0.000000
      vertex 48.037939 -36.961140 0.000000
    endloop
  endfacet
  facet normal 0.000000 0.000000 -1.000000
    outer loop
      vertex 48.375000 -37.850000 0.000000
      vertex 48.037939 -36.961140 0.000000
      vertex 48.222759 -36.615367 0.000000
    endloop
  endfacet
  facet normal 0.000000 0.000000 -1.000000
    outer loop
      vertex 48.375000 -37.850000 0.000000
      vertex 48.222759 -36.615367 0.000000
      vertex 48.336571 -36.240181 0.000000
    endloop
  endfacet
  facet normal 0.000000 0.000000 -1.000000
    outer loop
      vertex 48.375000 -37.850000 0.000000
      vertex 48.336571 -36.240181 0.000000
      vertex 48.375000 -35.850000 0.000000
    endloop
  endfacet
  facet normal 0.000000 0.000000 1.000000
    outer loop
      vertex 48.375000 37.850000 3.000000
      vertex 48.336571 36.240181 3.000000
      vertex 48.375000 35.850000 3.000000
    endloop
  endfacet
  facet normal 0.000000 0.000000 1.000000
    outer loop
      vertex 48.375000 37.850000 3.000000
      vertex 48.222759 36.615367 3.000000
      vertex 48.336571 36.240181 3.000000
    endloop
  endfacet
  facet normal 0.000000 0.000000 1.000000
    outer loop
      vertex 48.375000 37.850000 3.000000
      vertex 48.037939 36.961140 3.000000
      vertex 48.222759 36.615367 3.000000
    endloop
  endfacet
  facet normal 0.000000 0.000000 1.000000
    outer loop
      vertex 48.375000 37.850000 3.000000
      vertex 47.789214 37.264214 3.000000
      vertex 48.037939 36.961140 3.000000
    endloop
  endfacet
  facet normal 0.000000 0.000000 1.000000
    outer loop
      vertex 48.375000 37.850000 3.000000
      vertex 47.486140 37.512939 3.000000
      vertex 47.789214 37.264214 3.000000
    endloop
  endfacet
  facet normal 0.000000 0.000000 1.000000
    outer loop
      vertex 48.375000 37.850000 3.000000
      vertex 47.140367 37.697759 3.000000
      vertex 47.486140 37.512939 3.000000
    endloop
  endfacet
  facet normal 0.000000 0.000000 1.000000
    outer loop
      vertex 48.375000 37.850000 3.000000
      vertex 46.765181 37.811571 3.000000
      vertex 47.140367 37.697759 3.000000
    endloop
  endfacet
  facet normal 0.000000 0.000000 1.000000
    outer loop
      vertex 48.375000 37.850000 3.000000
      vertex 46.375000 37.850000 3.000000
      vertex 46.765181 37.811571 3.000000
    endloop
  endfacet
  facet normal -0.000000 0.000000 1.000000
    outer loop
      vertex 18.375000 37.850000 3.000000
      vertex 19.984819 37.811571 3.000000
      vertex 20.375000 37.850000 3.000000
    endloop
  endfacet
  facet normal 0.000000 0.000000 1.000000
    outer loop
      vertex 18.375000 37.850000 3.000000
      vertex 19.609633 37.697759 3.000000
      vertex 19.984819 37.811571 3.000000
    endloop
  endfacet
  facet normal 0.000000 0.000000 1.000000
    outer loop
      vertex 18.375000 37.850000 3.000000
      vertex 19.263860 37.512939 3.000000
      vertex 19.609633 37.697759 3.000000
    endloop
  endfacet
  facet normal 0.000000 0.000000 1.000000
    outer loop
      vertex 18.375000 37.850000 3.000000
      vertex 18.960786 37.264214 3.000000
      vertex 19.263860 37.512939 3.000000
    endloop
  endfacet
  facet normal 0.000000 0.000000 1.000000
    outer loop
      vertex 18.375000 37.850000 3.000000
      vertex 18.712061 36.961140 3.000000
      vertex 18.960786 37.264214 3.000000
    endloop
  endfacet
  facet normal 0.000000 0.000000 1.000000
    outer loop
      vertex 18.375000 37.850000 3.000000
      vertex 18.527241 36.615367 3.000000
      vertex 18.712061 36.961140 3.000000
    endloop
  endfacet
  facet normal 0.000000 0.000000 1.000000
    outer loop
      vertex 18.375000 37.850000 3.000000
      vertex 18.413429 36.240181 3.000000
      vertex 18.527241 36.615367 3.000000
    endloop
  endfacet
  facet normal 0.000000 0.000000 1.000000
    outer loop
      vertex 18.375000 37.850000 3.000000
      vertex 18.375000 35.850000 3.000000
      vertex 18.413429 36.240181 3.000000
    endloop
  endfacet
  facet normal 0.000000 0.000000 1.000000
    outer loop
      vertex 18.375000 33.850000 3.000000
      vertex 18.413429 35.459819 3.000000
      vertex 18.375000 35.850000 3.000000
    endloop
  endfacet
  facet normal 0.000000 0.000000 1.000000
    outer loop
      vertex 18.375000 33.850000 3.000000
      vertex 18.527241 35.084633 3.000000
      vertex 18.413429 35.459819 3.000000
    endloop
  endfacet
  facet normal 0.000000 0.000000 1.000000
    outer loop
      vertex 18.375000 33.850000 3.000000
      vertex 18.712061 34.738860 3.000000
      vertex 18.527241 35.084633 3.000000
    endloop
  endfacet
  facet normal 0.000000 0.000000 1.000000
    outer loop
      vertex 18.375000 33.850000 3.000000
      vertex 18.960786 34.435786 3.000000
      vertex 18.712061 34.738860 3.000000
    endloop
  endfacet
  facet normal 0.000000 0.000000 1.000000
    outer loop
      vertex 18.375000 33.850000 3.000000
      vertex 19.263860 34.187061 3.000000
      vertex 18.960786 34.435786 3.000000
    endloop
  endfacet
  facet normal 0.000000 0.000000 1.000000
    outer loop
      vertex 18.375000 33.850000 3.000000
      vertex 19.609633 34.002241 3.000000
      vertex 19.263860 34.187061 3.000000
    endloop
  endfacet
  facet normal 0.000000 0.000000 1.000000
    outer loop
      vertex 18.375000 33.850000 3.000000
      vertex 19.984819 33.888429 3.000000
      vertex 19.609633 34.002241 3.000000
    endloop
  endfacet
  facet normal 0.000000 0.000000 1.000000
    outer loop
      vertex 18.375000 33.850000 3.000000
      vertex 20.375000 33.850000 3.000000
      vertex 19.984819 33.888429 3.000000
    endloop
  endfacet
  facet normal 0.000000 0.000000 1.000000
    outer loop
      vertex 48.375000 33.850000 3.000000
      vertex 46.765181 33.888429 3.000000
      vertex 46.375000 33.850000 3.000000
    endloop
  endfacet
  facet normal 0.000000 0.000000 1.000000
    outer loop
      vertex 48.375000 33.850000 3.000000
      vertex 47.140367 34.002241 3.000000
      vertex 46.765181 33.888429 3.000000
    endloop
  endfacet
  facet normal 0.000000 0.000000 1.000000
    outer loop
      vertex 48.375000 33.850000 3.000000
      vertex 47.486140 34.187061 3.000000
      vertex 47.140367 34.002241 3.000000
    endloop
  endfacet
  facet normal 0.000000 0.000000 1.000000
    outer loop
      vertex 48.375000 33.850000 3.000000
      vertex 47.789214 34.435786 3.000000
      vertex 47.486140 34.187061 3.000000
    endloop
  endfacet
  facet normal 0.000000 0.000000 1.000000
    outer loop
      vertex 48.375000 33.850000 3.000000
      vertex 48.037939 34.738860 3.000000
      vertex 47.789214 34.435786 3.000000
    endloop
  endfacet
  facet normal 0.000000 0.000000 1.000000
    outer loop
      vertex 48.375000 33.850000 3.000000
      vertex 48.222759 35.084633 3.000000
      vertex 48.037939 34.738860 3.000000
    endloop
  endfacet
  facet normal 0.000000 0.000000 1.000000
    outer loop
      vertex 48.375000 33.850000 3.000000
      vertex 48.336571 35.459819 3.000000
      vertex 48.222759 35.084633 3.000000
    endloop
  endfacet
  facet normal 0.000000 -0.000000 1.000000
    outer loop
      vertex 48.375000 33.850000 3.000000
      vertex 48.375000 35.850000 3.000000
      vertex 48.336571 35.459819 3.000000
    endloop
  endfacet
  facet normal 0.000000 -0.000000 -1.000000
    outer loop
      vertex 48.375000 37.850000 0.000000
      vertex 48.375000 35.850000 0.000000
      vertex 48.336571 36.240181 0.000000
    endloop
  endfacet
  facet normal 0.000000 0.000000 -1.000000
    outer loop
      vertex 48.375000 37.850000 0.000000
      vertex 48.336571 36.240181 0.000000
      vertex 48.222759 36.615367 0.000000
    endloop
  endfacet
  facet normal 0.000000 0.000000 -1.000000
    outer loop
      vertex 48.375000 37.850000 0.000000
      vertex 48.222759 36.615367 0.000000
      vertex 48.037939 36.961140 0.000000
    endloop
  endfacet
  facet normal 0.000000 0.000000 -1.000000
    outer loop
      vertex 48.375000 37.850000 0.000000
      vertex 48.037939 36.961140 0.000000
      vertex 47.789214 37.264214 0.000000
    endloop
  endfacet
  facet normal 0.000000 0.000000 -1.000000
    outer loop
      vertex 48.375000 37.850000 0.000000
      vertex 47.789214 37.264214 0.000000
      vertex 47.486140 37.512939 0.000000
    endloop
  endfacet
  facet normal 0.000000 0.000000 -1.000000
    outer loop
      vertex 48.375000 37.850000 0.000000
      vertex 47.486140 37.512939 0.000000
      vertex 47.140367 37.697759 0.000000
    endloop
  endfacet
  facet normal 0.000000 0.000000 -1.000000
    outer loop
      vertex 48.375000 37.850000 0.000000
      vertex 47.140367 37.697759 0.000000
      vertex 46.765181 37.811571 0.000000
    endloop
  endfacet
  facet normal -0.000000 0.000000 -1.000000
    outer loop
      vertex 48.375000 37.850000 0.000000
      vertex 46.765181 37.811571 0.000000
      vertex 46.375000 37.850000 0.000000
    endloop
  endfacet
  facet normal 0.000000 0.000000 -1.000000
    outer loop
      vertex 18.375000 37.850000 0.000000
      vertex 20.375000 37.850000 0.000000
      vertex 19.984819 37.811571 0.000000
    endloop
  endfacet
  facet normal 0.000000 0.000000 -1.000000
    outer loop
      vertex 18.375000 37.850000 0.000000
      vertex 19.984819 37.811571 0.000000
      vertex 19.609633 37.697759 0.000000
    endloop
  endfacet
  facet normal 0.000000 0.000000 -1.000000
    outer loop
      vertex 18.375000 37.850000 0.000000
      vertex 19.609633 37.697759 0.000000
      vertex 19.263860 37.512939 0.000000
    endloop
  endfacet
  facet normal 0.000000 0.000000 -1.000000
    outer loop
      vertex 18.375000 37.850000 0.000000
      vertex 19.263860 37.512939 0.000000
      vertex 18.960786 37.264214 0.000000
    endloop
  endfacet
  facet normal 0.000000 0.000000 -1.000000
    outer loop
      vertex 18.375000 37.850000 0.000000
      vertex 18.960786 37.264214 0.000000
      vertex 18.712061 36.961140 0.000000
    endloop
  endfacet
  facet normal 0.000000 0.000000 -1.000000
    outer loop
      vertex 18.375000 37.850000 0.000000
      vertex 18.712061 36.961140 0.000000
      vertex 18.527241 36.615367 0.000000
    endloop
  endfacet
  facet normal 0.000000 0.000000 -1.000000
    outer loop
      vertex 18.375000 37.850000 0.000000
      vertex 18.527241 36.615367 0.000000
      vertex 18.413429 36.240181 0.000000
    endloop
  endfacet
  facet normal 0.000000 0.000000 -1.000000
    outer loop
      vertex 18.375000 37.850000 0.000000
      vertex 18.413429 36.240181 0.000000
      vertex 18.375000 35.850000 0.000000
    endloop
  endfacet
  facet normal 0.000000 0.000000 -1.000000
    outer loop
      vertex 18.375000 33.850000 0.000000
      vertex 18.375000 35.850000 0.000000
      vertex 18.413429 35.459819 0.000000
    endloop
  endfacet
  facet normal 0.000000 0.000000 -1.000000
    outer loop
      vertex 18.375000 33.850000 0.000000
      vertex 18.413429 35.459819 0.000000
      vertex 18.527241 35.084633 0.000000
    endloop
  endfacet
  facet normal 0.000000 0.000000 -1.000000
    outer loop
      vertex 18.375000 33.850000 0.000000
      vertex 18.527241 35.084633 0.000000
      vertex 18.712061 34.738860 0.000000
    endloop
  endfacet
  facet normal 0.000000 0.000000 -1.000000
    outer loop
      vertex 18.375000 33.850000 0.000000
      vertex 18.712061 34.738860 0.000000
      vertex 18.960786 34.435786 0.000000
    endloop
  endfacet
  facet normal 0.000000 0.000000 -1.000000
    outer loop
      vertex 18.375000 33.850000 0.000000
      vertex 18.960786 34.435786 0.000000
      vertex 19.263860 34.187061 0.000000
    endloop
  endfacet
  facet normal 0.000000 0.000000 -1.000000
    outer loop
      vertex 18.375000 33.850000 0.000000
      vertex 19.263860 34.187061 0.000000
      vertex 19.609633 34.002241 0.000000
    endloop
  endfacet
  facet normal 0.000000 0.000000 -1.000000
    outer loop
      vertex 18.375000 33.850000 0.000000
      vertex 19.609633 34.002241 0.000000
      vertex 19.984819 33.888429 0.000000
    endloop
  endfacet
  facet normal 0.000000 0.000000 -1.000000
    outer loop
      vertex 18.375000 33.850000 0.000000
      vertex 19.984819 33.888429 0.000000
      vertex 20.375000 33.850000 0.000000
    endloop
  endfacet
  facet normal 0.000000 0.000000 -1.000000
    outer loop
      vertex 48.375000 33.850000 0.000000
      vertex 46.375000 33.850000 0.000000
      vertex 46.765181 33.888429 0.000000
    endloop
  endfacet
  facet normal 0.000000 0.000000 -1.000000
    outer loop
      vertex 48.375000 33.850000 0.000000
      vertex 46.765181 33.888429 0.000000
      vertex 47.140367 34.002241 0.000000
    endloop
  endfacet
  facet normal 0.000000 0.000000 -1.000000
    outer loop
      vertex 48.375000 33.850000 0.000000
      vertex 47.140367 34.002241 0.000000
      vertex 47.486140 34.187061 0.000000
    endloop
  endfacet
  facet normal 0.000000 0.000000 -1.000000
    outer loop
      vertex 48.375000 33.850000 0.000000
      vertex 47.486140 34.187061 0.000000
      vertex 47.789214 34.435786 0.000000
    endloop
  endfacet
  facet normal 0.000000 0.000000 -1.000000
    outer loop
      vertex 48.375000 33.850000 0.000000
      vertex 47.789214 34.435786 0.000000
      vertex 48.037939 34.738860 0.000000
    endloop
  endfacet
  facet normal 0.000000 0.000000 -1.000000
    outer loop
      vertex 48.375000 33.850000 0.000000
      vertex 48.037939 34.738860 0.000000
      vertex 48.222759 35.084633 0.000000
    endloop
  endfacet
  facet normal 0.000000 0.000000 -1.000000
    outer loop
      vertex 48.375000 33.850000 0.000000
      vertex 48.222759 35.084633 0.000000
      vertex 48.336571 35.459819 0.000000
    endloop
  endfacet
  facet normal 0.000000 0.000000 -1.000000
    outer loop
      vertex 48.375000 33.850000 0.000000
      vertex 48.336571 35.459819 0.000000
      vertex 48.375000 35.850000 0.000000
    endloop
  endfacet
  facet normal 0.000000 -1.000000 0.000000
    outer loop
      vertex -69.750000 -40.850000 0.000000
      vertex 69.750000 -40.850000 0.000000
      vertex 69.750000 -40.850000 3.000000
    endloop
  endfacet
  facet normal 0.000000 -1.000000 0.000000
    outer loop
      vertex -69.750000 -40.850000 0.000000
      vertex 69.750000 -40.850000 3.000000
      vertex -69.750000 -40.850000 3.000000
    endloop
  endfacet
  facet normal 0.000000 1.000000 0.000000
    outer loop
      vertex 69.750000 40.850000 0.000000
      vertex -69.750000 40.850000 0.000000
      vertex -69.750000 40.850000 3.000000
    endloop
  endfacet
  facet normal 0.000000 1.000000 -0.000000
    outer loop
      vertex 69.750000 40.850000 0.000000
      vertex -69.750000 40.850000 3.000000
      vertex 69.750000 40.850000 3.000000
    endloop
  endfacet
  facet normal -1.000000 0.000000 0.000000
    outer loop
      vertex -69.750000 40.850000 0.000000
      vertex -69.750000 -40.850000 0.000000
      vertex -69.750000 -40.850000 3.000000
    endloop
  endfacet
  facet normal -1.000000 0.000000 0.000000
    outer loop
      vertex -69.750000 40.850000 0.000000
      vertex -69.750000 -40.850000 3.000000
      vertex -69.750000 40.850000 3.000000
    endloop
  endfacet
  facet normal 1.000000 0.000000 0.000000
    outer loop
      vertex 69.750000 -40.850000 0.000000
      vertex 69.750000 40.850000 0.000000
      vertex 69.750000 40.850000 3.000000
    endloop
  endfacet
  facet normal 1.000000 0.000000 0.000000
    outer loop
      vertex 69.750000 -40.850000 0.000000
      vertex 69.750000 40.850000 3.000000
      vertex 69.750000 -40.850000 3.000000
    endloop
  endfacet
  facet normal -0.997859 -0.065403 0.000000
    outer loop
      vertex -60.163688 -32.641158 0.000000
      vertex -60.150000 -32.850000 0.000000
      vertex -60.150000 -32.850000 3.000000
    endloop
  endfacet
  facet normal -0.997859 -0.065403 0.000000
    outer loop
      vertex -60.163688 -32.641158 0.000000
      vertex -60.150000 -32.850000 3.000000
      vertex -60.163688 -32.641158 3.000000
    endloop
  endfacet
  facet normal -0.980785 -0.195090 0.000000
    outer loop
      vertex -60.204519 -32.435890 0.000000
      vertex -60.163688 -32.641158 0.000000
      vertex -60.163688 -32.641158 3.000000
    endloop
  endfacet
  facet normal -0.980785 -0.195090 0.000000
    outer loop
      vertex -60.204519 -32.435890 0.000000
      vertex -60.163688 -32.641158 3.000000
      vertex -60.204519 -32.435890 3.000000
    endloop
  endfacet
  facet normal -0.946930 -0.321439 0.000000
    outer loop
      vertex -60.271793 -32.237707 0.000000
      vertex -60.204519 -32.435890 0.000000
      vertex -60.204519 -32.435890 3.000000
    endloop
  endfacet
  facet normal -0.946930 -0.321439 0.000000
    outer loop
      vertex -60.271793 -32.237707 0.000000
      vertex -60.204519 -32.435890 3.000000
      vertex -60.271793 -32.237707 3.000000
    endloop
  endfacet
  facet normal -0.896873 -0.442289 0.000000
    outer loop
      vertex -60.364359 -32.050000 0.000000
      vertex -60.271793 -32.237707 0.000000
      vertex -60.271793 -32.237707 3.000000
    endloop
  endfacet
  facet normal -0.896873 -0.442289 0.000000
    outer loop
      vertex -60.364359 -32.050000 0.000000
      vertex -60.271793 -32.237707 3.000000
      vertex -60.364359 -32.050000 3.000000
    endloop
  endfacet
  facet normal -0.831470 -0.555570 0.000000
    outer loop
      vertex -60.480635 -31.875982 0.000000
      vertex -60.364359 -32.050000 0.000000
      vertex -60.364359 -32.050000 3.000000
    endloop
  endfacet
  facet normal -0.831470 -0.555570 0.000000
    outer loop
      vertex -60.480635 -31.875982 0.000000
      vertex -60.364359 -32.050000 3.000000
      vertex -60.480635 -31.875982 3.000000
    endloop
  endfacet
  facet normal -0.751840 -0.659346 0.000000
    outer loop
      vertex -60.618629 -31.718629 0.000000
      vertex -60.480635 -31.875982 0.000000
      vertex -60.480635 -31.875982 3.000000
    endloop
  endfacet
  facet normal -0.751840 -0.659346 0.000000
    outer loop
      vertex -60.618629 -31.718629 0.000000
      vertex -60.480635 -31.875982 3.000000
      vertex -60.618629 -31.718629 3.000000
    endloop
  endfacet
  facet normal -0.659346 -0.751840 0.000000
    outer loop
      vertex -60.775982 -31.580635 0.000000
      vertex -60.618629 -31.718629 0.000000
      vertex -60.618629 -31.718629 3.000000
    endloop
  endfacet
  facet normal -0.659346 -0.751840 0.000000
    outer loop
      vertex -60.775982 -31.580635 0.000000
      vertex -60.618629 -31.718629 3.000000
      vertex -60.775982 -31.580635 3.000000
    endloop
  endfacet
  facet normal -0.555570 -0.831470 0.000000
    outer loop
      vertex -60.950000 -31.464359 0.000000
      vertex -60.775982 -31.580635 0.000000
      vertex -60.775982 -31.580635 3.000000
    endloop
  endfacet
  facet normal -0.555570 -0.831470 0.000000
    outer loop
      vertex -60.950000 -31.464359 0.000000
      vertex -60.775982 -31.580635 3.000000
      vertex -60.950000 -31.464359 3.000000
    endloop
  endfacet
  facet normal -0.442289 -0.896873 0.000000
    outer loop
      vertex -61.137707 -31.371793 0.000000
      vertex -60.950000 -31.464359 0.000000
      vertex -60.950000 -31.464359 3.000000
    endloop
  endfacet
  facet normal -0.442289 -0.896873 0.000000
    outer loop
      vertex -61.137707 -31.371793 0.000000
      vertex -60.950000 -31.464359 3.000000
      vertex -61.137707 -31.371793 3.000000
    endloop
  endfacet
  facet normal -0.321439 -0.946930 0.000000
    outer loop
      vertex -61.335890 -31.304519 0.000000
      vertex -61.137707 -31.371793 0.000000
      vertex -61.137707 -31.371793 3.000000
    endloop
  endfacet
  facet normal -0.321439 -0.946930 0.000000
    outer loop
      vertex -61.335890 -31.304519 0.000000
      vertex -61.137707 -31.371793 3.000000
      vertex -61.335890 -31.304519 3.000000
    endloop
  endfacet
  facet normal -0.195090 -0.980785 0.000000
    outer loop
      vertex -61.541158 -31.263688 0.000000
      vertex -61.335890 -31.304519 0.000000
      vertex -61.335890 -31.304519 3.000000
    endloop
  endfacet
  facet normal -0.195090 -0.980785 0.000000
    outer loop
      vertex -61.541158 -31.263688 0.000000
      vertex -61.335890 -31.304519 3.000000
      vertex -61.541158 -31.263688 3.000000
    endloop
  endfacet
  facet normal -0.065403 -0.997859 0.000000
    outer loop
      vertex -61.750000 -31.250000 0.000000
      vertex -61.541158 -31.263688 0.000000
      vertex -61.541158 -31.263688 3.000000
    endloop
  endfacet
  facet normal -0.065403 -0.997859 0.000000
    outer loop
      vertex -61.750000 -31.250000 0.000000
      vertex -61.541158 -31.263688 3.000000
      vertex -61.750000 -31.250000 3.000000
    endloop
  endfacet
  facet normal 0.065403 -0.997859 0.000000
    outer loop
      vertex -61.958842 -31.263688 0.000000
      vertex -61.750000 -31.250000 0.000000
      vertex -61.750000 -31.250000 3.000000
    endloop
  endfacet
  facet normal 0.065403 -0.997859 0.000000
    outer loop
      vertex -61.958842 -31.263688 0.000000
      vertex -61.750000 -31.250000 3.000000
      vertex -61.958842 -31.263688 3.000000
    endloop
  endfacet
  facet normal 0.195090 -0.980785 0.000000
    outer loop
      vertex -62.164110 -31.304519 0.000000
      vertex -61.958842 -31.263688 0.000000
      vertex -61.958842 -31.263688 3.000000
    endloop
  endfacet
  facet normal 0.195090 -0.980785 0.000000
    outer loop
      vertex -62.164110 -31.304519 0.000000
      vertex -61.958842 -31.263688 3.000000
      vertex -62.164110 -31.304519 3.000000
    endloop
  endfacet
  facet normal 0.321439 -0.946930 0.000000
    outer loop
      vertex -62.362293 -31.371793 0.000000
      vertex -62.164110 -31.304519 0.000000
      vertex -62.164110 -31.304519 3.000000
    endloop
  endfacet
  facet normal 0.321439 -0.946930 0.000000
    outer loop
      vertex -62.362293 -31.371793 0.000000
      vertex -62.164110 -31.304519 3.000000
      vertex -62.362293 -31.371793 3.000000
    endloop
  endfacet
  facet normal 0.442289 -0.896873 0.000000
    outer loop
      vertex -62.550000 -31.464359 0.000000
      vertex -62.362293 -31.371793 0.000000
      vertex -62.362293 -31.371793 3.000000
    endloop
  endfacet
  facet normal 0.442289 -0.896873 0.000000
    outer loop
      vertex -62.550000 -31.464359 0.000000
      vertex -62.362293 -31.371793 3.000000
      vertex -62.550000 -31.464359 3.000000
    endloop
  endfacet
  facet normal 0.555570 -0.831470 0.000000
    outer loop
      vertex -62.724018 -31.580635 0.000000
      vertex -62.550000 -31.464359 0.000000
      vertex -62.550000 -31.464359 3.000000
    endloop
  endfacet
  facet normal 0.555570 -0.831470 0.000000
    outer loop
      vertex -62.724018 -31.580635 0.000000
      vertex -62.550000 -31.464359 3.000000
      vertex -62.724018 -31.580635 3.000000
    endloop
  endfacet
  facet normal 0.659346 -0.751840 0.000000
    outer loop
      vertex -62.881371 -31.718629 0.000000
      vertex -62.724018 -31.580635 0.000000
      vertex -62.724018 -31.580635 3.000000
    endloop
  endfacet
  facet normal 0.659346 -0.751840 0.000000
    outer loop
      vertex -62.881371 -31.718629 0.000000
      vertex -62.724018 -31.580635 3.000000
      vertex -62.881371 -31.718629 3.000000
    endloop
  endfacet
  facet normal 0.751840 -0.659346 0.000000
    outer loop
      vertex -63.019365 -31.875982 0.000000
      vertex -62.881371 -31.718629 0.000000
      vertex -62.881371 -31.718629 3.000000
    endloop
  endfacet
  facet normal 0.751840 -0.659346 0.000000
    outer loop
      vertex -63.019365 -31.875982 0.000000
      vertex -62.881371 -31.718629 3.000000
      vertex -63.019365 -31.875982 3.000000
    endloop
  endfacet
  facet normal 0.831470 -0.555570 0.000000
    outer loop
      vertex -63.135641 -32.050000 0.000000
      vertex -63.019365 -31.875982 0.000000
      vertex -63.019365 -31.875982 3.000000
    endloop
  endfacet
  facet normal 0.831470 -0.555570 0.000000
    outer loop
      vertex -63.135641 -32.050000 0.000000
      vertex -63.019365 -31.875982 3.000000
      vertex -63.135641 -32.050000 3.000000
    endloop
  endfacet
  facet normal 0.896873 -0.442289 0.000000
    outer loop
      vertex -63.228207 -32.237707 0.000000
      vertex -63.135641 -32.050000 0.000000
      vertex -63.135641 -32.050000 3.000000
    endloop
  endfacet
  facet normal 0.896873 -0.442289 0.000000
    outer loop
      vertex -63.228207 -32.237707 0.000000
      vertex -63.135641 -32.050000 3.000000
      vertex -63.228207 -32.237707 3.000000
    endloop
  endfacet
  facet normal 0.946930 -0.321439 0.000000
    outer loop
      vertex -63.295481 -32.435890 0.000000
      vertex -63.228207 -32.237707 0.000000
      vertex -63.228207 -32.237707 3.000000
    endloop
  endfacet
  facet normal 0.946930 -0.321439 0.000000
    outer loop
      vertex -63.295481 -32.435890 0.000000
      vertex -63.228207 -32.237707 3.000000
      vertex -63.295481 -32.435890 3.000000
    endloop
  endfacet
  facet normal 0.980785 -0.195090 0.000000
    outer loop
      vertex -63.336312 -32.641158 0.000000
      vertex -63.295481 -32.435890 0.000000
      vertex -63.295481 -32.435890 3.000000
    endloop
  endfacet
  facet normal 0.980785 -0.195090 0.000000
    outer loop
      vertex -63.336312 -32.641158 0.000000
      vertex -63.295481 -32.435890 3.000000
      vertex -63.336312 -32.641158 3.000000
    endloop
  endfacet
  facet normal 0.997859 -0.065403 0.000000
    outer loop
      vertex -63.350000 -32.850000 0.000000
      vertex -63.336312 -32.641158 0.000000
      vertex -63.336312 -32.641158 3.000000
    endloop
  endfacet
  facet normal 0.997859 -0.065403 0.000000
    outer loop
      vertex -63.350000 -32.850000 0.000000
      vertex -63.336312 -32.641158 3.000000
      vertex -63.350000 -32.850000 3.000000
    endloop
  endfacet
  facet normal 0.997859 0.065403 0.000000
    outer loop
      vertex -63.336312 -33.058842 0.000000
      vertex -63.350000 -32.850000 0.000000
      vertex -63.350000 -32.850000 3.000000
    endloop
  endfacet
  facet normal 0.997859 0.065403 -0.000000
    outer loop
      vertex -63.336312 -33.058842 0.000000
      vertex -63.350000 -32.850000 3.000000
      vertex -63.336312 -33.058842 3.000000
    endloop
  endfacet
  facet normal 0.980785 0.195090 0.000000
    outer loop
      vertex -63.295481 -33.264110 0.000000
      vertex -63.336312 -33.058842 0.000000
      vertex -63.336312 -33.058842 3.000000
    endloop
  endfacet
  facet normal 0.980785 0.195090 -0.000000
    outer loop
      vertex -63.295481 -33.264110 0.000000
      vertex -63.336312 -33.058842 3.000000
      vertex -63.295481 -33.264110 3.000000
    endloop
  endfacet
  facet normal 0.946930 0.321439 0.000000
    outer loop
      vertex -63.228207 -33.462293 0.000000
      vertex -63.295481 -33.264110 0.000000
      vertex -63.295481 -33.264110 3.000000
    endloop
  endfacet
  facet normal 0.946930 0.321439 -0.000000
    outer loop
      vertex -63.228207 -33.462293 0.000000
      vertex -63.295481 -33.264110 3.000000
      vertex -63.228207 -33.462293 3.000000
    endloop
  endfacet
  facet normal 0.896873 0.442289 0.000000
    outer loop
      vertex -63.135641 -33.650000 0.000000
      vertex -63.228207 -33.462293 0.000000
      vertex -63.228207 -33.462293 3.000000
    endloop
  endfacet
  facet normal 0.896873 0.442289 -0.000000
    outer loop
      vertex -63.135641 -33.650000 0.000000
      vertex -63.228207 -33.462293 3.000000
      vertex -63.135641 -33.650000 3.000000
    endloop
  endfacet
  facet normal 0.831470 0.555570 0.000000
    outer loop
      vertex -63.019365 -33.824018 0.000000
      vertex -63.135641 -33.650000 0.000000
      vertex -63.135641 -33.650000 3.000000
    endloop
  endfacet
  facet normal 0.831470 0.555570 -0.000000
    outer loop
      vertex -63.019365 -33.824018 0.000000
      vertex -63.135641 -33.650000 3.000000
      vertex -63.019365 -33.824018 3.000000
    endloop
  endfacet
  facet normal 0.751840 0.659346 0.000000
    outer loop
      vertex -62.881371 -33.981371 0.000000
      vertex -63.019365 -33.824018 0.000000
      vertex -63.019365 -33.824018 3.000000
    endloop
  endfacet
  facet normal 0.751840 0.659346 -0.000000
    outer loop
      vertex -62.881371 -33.981371 0.000000
      vertex -63.019365 -33.824018 3.000000
      vertex -62.881371 -33.981371 3.000000
    endloop
  endfacet
  facet normal 0.659346 0.751840 0.000000
    outer loop
      vertex -62.724018 -34.119365 0.000000
      vertex -62.881371 -33.981371 0.000000
      vertex -62.881371 -33.981371 3.000000
    endloop
  endfacet
  facet normal 0.659346 0.751840 -0.000000
    outer loop
      vertex -62.724018 -34.119365 0.000000
      vertex -62.881371 -33.981371 3.000000
      vertex -62.724018 -34.119365 3.000000
    endloop
  endfacet
  facet normal 0.555570 0.831470 0.000000
    outer loop
      vertex -62.550000 -34.235641 0.000000
      vertex -62.724018 -34.119365 0.000000
      vertex -62.724018 -34.119365 3.000000
    endloop
  endfacet
  facet normal 0.555570 0.831470 -0.000000
    outer loop
      vertex -62.550000 -34.235641 0.000000
      vertex -62.724018 -34.119365 3.000000
      vertex -62.550000 -34.235641 3.000000
    endloop
  endfacet
  facet normal 0.442289 0.896873 0.000000
    outer loop
      vertex -62.362293 -34.328207 0.000000
      vertex -62.550000 -34.235641 0.000000
      vertex -62.550000 -34.235641 3.000000
    endloop
  endfacet
  facet normal 0.442289 0.896873 -0.000000
    outer loop
      vertex -62.362293 -34.328207 0.000000
      vertex -62.550000 -34.235641 3.000000
      vertex -62.362293 -34.328207 3.000000
    endloop
  endfacet
  facet normal 0.321439 0.946930 0.000000
    outer loop
      vertex -62.164110 -34.395481 0.000000
      vertex -62.362293 -34.328207 0.000000
      vertex -62.362293 -34.328207 3.000000
    endloop
  endfacet
  facet normal 0.321439 0.946930 -0.000000
    outer loop
      vertex -62.164110 -34.395481 0.000000
      vertex -62.362293 -34.328207 3.000000
      vertex -62.164110 -34.395481 3.000000
    endloop
  endfacet
  facet normal 0.195090 0.980785 0.000000
    outer loop
      vertex -61.958842 -34.436312 0.000000
      vertex -62.164110 -34.395481 0.000000
      vertex -62.164110 -34.395481 3.000000
    endloop
  endfacet
  facet normal 0.195090 0.980785 -0.000000
    outer loop
      vertex -61.958842 -34.436312 0.000000
      vertex -62.164110 -34.395481 3.000000
      vertex -61.958842 -34.436312 3.000000
    endloop
  endfacet
  facet normal 0.065403 0.997859 0.000000
    outer loop
      vertex -61.750000 -34.450000 0.000000
      vertex -61.958842 -34.436312 0.000000
      vertex -61.958842 -34.436312 3.000000
    endloop
  endfacet
  facet normal 0.065403 0.997859 -0.000000
    outer loop
      vertex -61.750000 -34.450000 0.000000
      vertex -61.958842 -34.436312 3.000000
      vertex -61.750000 -34.450000 3.000000
    endloop
  endfacet
  facet normal -0.065403 0.997859 0.000000
    outer loop
      vertex -61.541158 -34.436312 0.000000
      vertex -61.750000 -34.450000 0.000000
      vertex -61.750000 -34.450000 3.000000
    endloop
  endfacet
  facet normal -0.065403 0.997859 0.000000
    outer loop
      vertex -61.541158 -34.436312 0.000000
      vertex -61.750000 -34.450000 3.000000
      vertex -61.541158 -34.436312 3.000000
    endloop
  endfacet
  facet normal -0.195090 0.980785 0.000000
    outer loop
      vertex -61.335890 -34.395481 0.000000
      vertex -61.541158 -34.436312 0.000000
      vertex -61.541158 -34.436312 3.000000
    endloop
  endfacet
  facet normal -0.195090 0.980785 0.000000
    outer loop
      vertex -61.335890 -34.395481 0.000000
      vertex -61.541158 -34.436312 3.000000
      vertex -61.335890 -34.395481 3.000000
    endloop
  endfacet
  facet normal -0.321439 0.946930 0.000000
    outer loop
      vertex -61.137707 -34.328207 0.000000
      vertex -61.335890 -34.395481 0.000000
      vertex -61.335890 -34.395481 3.000000
    endloop
  endfacet
  facet normal -0.321439 0.946930 0.000000
    outer loop
      vertex -61.137707 -34.328207 0.000000
      vertex -61.335890 -34.395481 3.000000
      vertex -61.137707 -34.328207 3.000000
    endloop
  endfacet
  facet normal -0.442289 0.896873 0.000000
    outer loop
      vertex -60.950000 -34.235641 0.000000
      vertex -61.137707 -34.328207 0.000000
      vertex -61.137707 -34.328207 3.000000
    endloop
  endfacet
  facet normal -0.442289 0.896873 0.000000
    outer loop
      vertex -60.950000 -34.235641 0.000000
      vertex -61.137707 -34.328207 3.000000
      vertex -60.950000 -34.235641 3.000000
    endloop
  endfacet
  facet normal -0.555570 0.831470 0.000000
    outer loop
      vertex -60.775982 -34.119365 0.000000
      vertex -60.950000 -34.235641 0.000000
      vertex -60.950000 -34.235641 3.000000
    endloop
  endfacet
  facet normal -0.555570 0.831470 0.000000
    outer loop
      vertex -60.775982 -34.119365 0.000000
      vertex -60.950000 -34.235641 3.000000
      vertex -60.775982 -34.119365 3.000000
    endloop
  endfacet
  facet normal -0.659346 0.751840 0.000000
    outer loop
      vertex -60.618629 -33.981371 0.000000
      vertex -60.775982 -34.119365 0.000000
      vertex -60.775982 -34.119365 3.000000
    endloop
  endfacet
  facet normal -0.659346 0.751840 0.000000
    outer loop
      vertex -60.618629 -33.981371 0.000000
      vertex -60.775982 -34.119365 3.000000
      vertex -60.618629 -33.981371 3.000000
    endloop
  endfacet
  facet normal -0.751840 0.659346 0.000000
    outer loop
      vertex -60.480635 -33.824018 0.000000
      vertex -60.618629 -33.981371 0.000000
      vertex -60.618629 -33.981371 3.000000
    endloop
  endfacet
  facet normal -0.751840 0.659346 0.000000
    outer loop
      vertex -60.480635 -33.824018 0.000000
      vertex -60.618629 -33.981371 3.000000
      vertex -60.480635 -33.824018 3.000000
    endloop
  endfacet
  facet normal -0.831470 0.555570 0.000000
    outer loop
      vertex -60.364359 -33.650000 0.000000
      vertex -60.480635 -33.824018 0.000000
      vertex -60.480635 -33.824018 3.000000
    endloop
  endfacet
  facet normal -0.831470 0.555570 0.000000
    outer loop
      vertex -60.364359 -33.650000 0.000000
      vertex -60.480635 -33.824018 3.000000
      vertex -60.364359 -33.650000 3.000000
    endloop
  endfacet
  facet normal -0.896873 0.442289 0.000000
    outer loop
      vertex -60.271793 -33.462293 0.000000
      vertex -60.364359 -33.650000 0.000000
      vertex -60.364359 -33.650000 3.000000
    endloop
  endfacet
  facet normal -0.896873 0.442289 0.000000
    outer loop
      vertex -60.271793 -33.462293 0.000000
      vertex -60.364359 -33.650000 3.000000
      vertex -60.271793 -33.462293 3.000000
    endloop
  endfacet
  facet normal -0.946930 0.321439 0.000000
    outer loop
      vertex -60.204519 -33.264110 0.000000
      vertex -60.271793 -33.462293 0.000000
      vertex -60.271793 -33.462293 3.000000
    endloop
  endfacet
  facet normal -0.946930 0.321439 0.000000
    outer loop
      vertex -60.204519 -33.264110 0.000000
      vertex -60.271793 -33.462293 3.000000
      vertex -60.204519 -33.264110 3.000000
    endloop
  endfacet
  facet normal -0.980785 0.195090 0.000000
    outer loop
      vertex -60.163688 -33.058842 0.000000
      vertex -60.204519 -33.264110 0.000000
      vertex -60.204519 -33.264110 3.000000
    endloop
  endfacet
  facet normal -0.980785 0.195090 0.000000
    outer loop
      vertex -60.163688 -33.058842 0.000000
      vertex -60.204519 -33.264110 3.000000
      vertex -60.163688 -33.058842 3.000000
    endloop
  endfacet
  facet normal -0.997859 0.065403 0.000000
    outer loop
      vertex -60.150000 -32.850000 0.000000
      vertex -60.163688 -33.058842 0.000000
      vertex -60.163688 -33.058842 3.000000
    endloop
  endfacet
  facet normal -0.997859 0.065403 0.000000
    outer loop
      vertex -60.150000 -32.850000 0.000000
      vertex -60.163688 -33.058842 3.000000
      vertex -60.150000 -32.850000 3.000000
    endloop
  endfacet
  facet normal -0.997859 -0.065403 0.000000
    outer loop
      vertex -60.163688 33.058842 0.000000
      vertex -60.150000 32.850000 0.000000
      vertex -60.150000 32.850000 3.000000
    endloop
  endfacet
  facet normal -0.997859 -0.065403 0.000000
    outer loop
      vertex -60.163688 33.058842 0.000000
      vertex -60.150000 32.850000 3.000000
      vertex -60.163688 33.058842 3.000000
    endloop
  endfacet
  facet normal -0.980785 -0.195090 0.000000
    outer loop
      vertex -60.204519 33.264110 0.000000
      vertex -60.163688 33.058842 0.000000
      vertex -60.163688 33.058842 3.000000
    endloop
  endfacet
  facet normal -0.980785 -0.195090 0.000000
    outer loop
      vertex -60.204519 33.264110 0.000000
      vertex -60.163688 33.058842 3.000000
      vertex -60.204519 33.264110 3.000000
    endloop
  endfacet
  facet normal -0.946930 -0.321439 0.000000
    outer loop
      vertex -60.271793 33.462293 0.000000
      vertex -60.204519 33.264110 0.000000
      vertex -60.204519 33.264110 3.000000
    endloop
  endfacet
  facet normal -0.946930 -0.321439 0.000000
    outer loop
      vertex -60.271793 33.462293 0.000000
      vertex -60.204519 33.264110 3.000000
      vertex -60.271793 33.462293 3.000000
    endloop
  endfacet
  facet normal -0.896873 -0.442289 0.000000
    outer loop
      vertex -60.364359 33.650000 0.000000
      vertex -60.271793 33.462293 0.000000
      vertex -60.271793 33.462293 3.000000
    endloop
  endfacet
  facet normal -0.896873 -0.442289 0.000000
    outer loop
      vertex -60.364359 33.650000 0.000000
      vertex -60.271793 33.462293 3.000000
      vertex -60.364359 33.650000 3.000000
    endloop
  endfacet
  facet normal -0.831470 -0.555570 0.000000
    outer loop
      vertex -60.480635 33.824018 0.000000
      vertex -60.364359 33.650000 0.000000
      vertex -60.364359 33.650000 3.000000
    endloop
  endfacet
  facet normal -0.831470 -0.555570 0.000000
    outer loop
      vertex -60.480635 33.824018 0.000000
      vertex -60.364359 33.650000 3.000000
      vertex -60.480635 33.824018 3.000000
    endloop
  endfacet
  facet normal -0.751840 -0.659346 0.000000
    outer loop
      vertex -60.618629 33.981371 0.000000
      vertex -60.480635 33.824018 0.000000
      vertex -60.480635 33.824018 3.000000
    endloop
  endfacet
  facet normal -0.751840 -0.659346 0.000000
    outer loop
      vertex -60.618629 33.981371 0.000000
      vertex -60.480635 33.824018 3.000000
      vertex -60.618629 33.981371 3.000000
    endloop
  endfacet
  facet normal -0.659346 -0.751840 0.000000
    outer loop
      vertex -60.775982 34.119365 0.000000
      vertex -60.618629 33.981371 0.000000
      vertex -60.618629 33.981371 3.000000
    endloop
  endfacet
  facet normal -0.659346 -0.751840 0.000000
    outer loop
      vertex -60.775982 34.119365 0.000000
      vertex -60.618629 33.981371 3.000000
      vertex -60.775982 34.119365 3.000000
    endloop
  endfacet
  facet normal -0.555570 -0.831470 0.000000
    outer loop
      vertex -60.950000 34.235641 0.000000
      vertex -60.775982 34.119365 0.000000
      vertex -60.775982 34.119365 3.000000
    endloop
  endfacet
  facet normal -0.555570 -0.831470 0.000000
    outer loop
      vertex -60.950000 34.235641 0.000000
      vertex -60.775982 34.119365 3.000000
      vertex -60.950000 34.235641 3.000000
    endloop
  endfacet
  facet normal -0.442289 -0.896873 0.000000
    outer loop
      vertex -61.137707 34.328207 0.000000
      vertex -60.950000 34.235641 0.000000
      vertex -60.950000 34.235641 3.000000
    endloop
  endfacet
  facet normal -0.442289 -0.896873 0.000000
    outer loop
      vertex -61.137707 34.328207 0.000000
      vertex -60.950000 34.235641 3.000000
      vertex -61.137707 34.328207 3.000000
    endloop
  endfacet
  facet normal -0.321439 -0.946930 0.000000
    outer loop
      vertex -61.335890 34.395481 0.000000
      vertex -61.137707 34.328207 0.000000
      vertex -61.137707 34.328207 3.000000
    endloop
  endfacet
  facet normal -0.321439 -0.946930 0.000000
    outer loop
      vertex -61.335890 34.395481 0.000000
      vertex -61.137707 34.328207 3.000000
      vertex -61.335890 34.395481 3.000000
    endloop
  endfacet
  facet normal -0.195090 -0.980785 0.000000
    outer loop
      vertex -61.541158 34.436312 0.000000
      vertex -61.335890 34.395481 0.000000
      vertex -61.335890 34.395481 3.000000
    endloop
  endfacet
  facet normal -0.195090 -0.980785 0.000000
    outer loop
      vertex -61.541158 34.436312 0.000000
      vertex -61.335890 34.395481 3.000000
      vertex -61.541158 34.436312 3.000000
    endloop
  endfacet
  facet normal -0.065403 -0.997859 0.000000
    outer loop
      vertex -61.750000 34.450000 0.000000
      vertex -61.541158 34.436312 0.000000
      vertex -61.541158 34.436312 3.000000
    endloop
  endfacet
  facet normal -0.065403 -0.997859 0.000000
    outer loop
      vertex -61.750000 34.450000 0.000000
      vertex -61.541158 34.436312 3.000000
      vertex -61.750000 34.450000 3.000000
    endloop
  endfacet
  facet normal 0.065403 -0.997859 0.000000
    outer loop
      vertex -61.958842 34.436312 0.000000
      vertex -61.750000 34.450000 0.000000
      vertex -61.750000 34.450000 3.000000
    endloop
  endfacet
  facet normal 0.065403 -0.997859 0.000000
    outer loop
      vertex -61.958842 34.436312 0.000000
      vertex -61.750000 34.450000 3.000000
      vertex -61.958842 34.436312 3.000000
    endloop
  endfacet
  facet normal 0.195090 -0.980785 0.000000
    outer loop
      vertex -62.164110 34.395481 0.000000
      vertex -61.958842 34.436312 0.000000
      vertex -61.958842 34.436312 3.000000
    endloop
  endfacet
  facet normal 0.195090 -0.980785 0.000000
    outer loop
      vertex -62.164110 34.395481 0.000000
      vertex -61.958842 34.436312 3.000000
      vertex -62.164110 34.395481 3.000000
    endloop
  endfacet
  facet normal 0.321439 -0.946930 0.000000
    outer loop
      vertex -62.362293 34.328207 0.000000
      vertex -62.164110 34.395481 0.000000
      vertex -62.164110 34.395481 3.000000
    endloop
  endfacet
  facet normal 0.321439 -0.946930 0.000000
    outer loop
      vertex -62.362293 34.328207 0.000000
      vertex -62.164110 34.395481 3.000000
      vertex -62.362293 34.328207 3.000000
    endloop
  endfacet
  facet normal 0.442289 -0.896873 0.000000
    outer loop
      vertex -62.550000 34.235641 0.000000
      vertex -62.362293 34.328207 0.000000
      vertex -62.362293 34.328207 3.000000
    endloop
  endfacet
  facet normal 0.442289 -0.896873 0.000000
    outer loop
      vertex -62.550000 34.235641 0.000000
      vertex -62.362293 34.328207 3.000000
      vertex -62.550000 34.235641 3.000000
    endloop
  endfacet
  facet normal 0.555570 -0.831470 0.000000
    outer loop
      vertex -62.724018 34.119365 0.000000
      vertex -62.550000 34.235641 0.000000
      vertex -62.550000 34.235641 3.000000
    endloop
  endfacet
  facet normal 0.555570 -0.831470 0.000000
    outer loop
      vertex -62.724018 34.119365 0.000000
      vertex -62.550000 34.235641 3.000000
      vertex -62.724018 34.119365 3.000000
    endloop
  endfacet
  facet normal 0.659346 -0.751840 0.000000
    outer loop
      vertex -62.881371 33.981371 0.000000
      vertex -62.724018 34.119365 0.000000
      vertex -62.724018 34.119365 3.000000
    endloop
  endfacet
  facet normal 0.659346 -0.751840 0.000000
    outer loop
      vertex -62.881371 33.981371 0.000000
      vertex -62.724018 34.119365 3.000000
      vertex -62.881371 33.981371 3.000000
    endloop
  endfacet
  facet normal 0.751840 -0.659346 0.000000
    outer loop
      vertex -63.019365 33.824018 0.000000
      vertex -62.881371 33.981371 0.000000
      vertex -62.881371 33.981371 3.000000
    endloop
  endfacet
  facet normal 0.751840 -0.659346 0.000000
    outer loop
      vertex -63.019365 33.824018 0.000000
      vertex -62.881371 33.981371 3.000000
      vertex -63.019365 33.824018 3.000000
    endloop
  endfacet
  facet normal 0.831470 -0.555570 0.000000
    outer loop
      vertex -63.135641 33.650000 0.000000
      vertex -63.019365 33.824018 0.000000
      vertex -63.019365 33.824018 3.000000
    endloop
  endfacet
  facet normal 0.831470 -0.555570 0.000000
    outer loop
      vertex -63.135641 33.650000 0.000000
      vertex -63.019365 33.824018 3.000000
      vertex -63.135641 33.650000 3.000000
    endloop
  endfacet
  facet normal 0.896873 -0.442289 0.000000
    outer loop
      vertex -63.228207 33.462293 0.000000
      vertex -63.135641 33.650000 0.000000
      vertex -63.135641 33.650000 3.000000
    endloop
  endfacet
  facet normal 0.896873 -0.442289 0.000000
    outer loop
      vertex -63.228207 33.462293 0.000000
      vertex -63.135641 33.650000 3.000000
      vertex -63.228207 33.462293 3.000000
    endloop
  endfacet
  facet normal 0.946930 -0.321439 0.000000
    outer loop
      vertex -63.295481 33.264110 0.000000
      vertex -63.228207 33.462293 0.000000
      vertex -63.228207 33.462293 3.000000
    endloop
  endfacet
  facet normal 0.946930 -0.321439 0.000000
    outer loop
      vertex -63.295481 33.264110 0.000000
      vertex -63.228207 33.462293 3.000000
      vertex -63.295481 33.264110 3.000000
    endloop
  endfacet
  facet normal 0.980785 -0.195090 0.000000
    outer loop
      vertex -63.336312 33.058842 0.000000
      vertex -63.295481 33.264110 0.000000
      vertex -63.295481 33.264110 3.000000
    endloop
  endfacet
  facet normal 0.980785 -0.195090 0.000000
    outer loop
      vertex -63.336312 33.058842 0.000000
      vertex -63.295481 33.264110 3.000000
      vertex -63.336312 33.058842 3.000000
    endloop
  endfacet
  facet normal 0.997859 -0.065403 0.000000
    outer loop
      vertex -63.350000 32.850000 0.000000
      vertex -63.336312 33.058842 0.000000
      vertex -63.336312 33.058842 3.000000
    endloop
  endfacet
  facet normal 0.997859 -0.065403 0.000000
    outer loop
      vertex -63.350000 32.850000 0.000000
      vertex -63.336312 33.058842 3.000000
      vertex -63.350000 32.850000 3.000000
    endloop
  endfacet
  facet normal 0.997859 0.065403 0.000000
    outer loop
      vertex -63.336312 32.641158 0.000000
      vertex -63.350000 32.850000 0.000000
      vertex -63.350000 32.850000 3.000000
    endloop
  endfacet
  facet normal 0.997859 0.065403 -0.000000
    outer loop
      vertex -63.336312 32.641158 0.000000
      vertex -63.350000 32.850000 3.000000
      vertex -63.336312 32.641158 3.000000
    endloop
  endfacet
  facet normal 0.980785 0.195090 0.000000
    outer loop
      vertex -63.295481 32.435890 0.000000
      vertex -63.336312 32.641158 0.000000
      vertex -63.336312 32.641158 3.000000
    endloop
  endfacet
  facet normal 0.980785 0.195090 -0.000000
    outer loop
      vertex -63.295481 32.435890 0.000000
      vertex -63.336312 32.641158 3.000000
      vertex -63.295481 32.435890 3.000000
    endloop
  endfacet
  facet normal 0.946930 0.321439 0.000000
    outer loop
      vertex -63.228207 32.237707 0.000000
      vertex -63.295481 32.435890 0.000000
      vertex -63.295481 32.435890 3.000000
    endloop
  endfacet
  facet normal 0.946930 0.321439 -0.000000
    outer loop
      vertex -63.228207 32.237707 0.000000
      vertex -63.295481 32.435890 3.000000
      vertex -63.228207 32.237707 3.000000
    endloop
  endfacet
  facet normal 0.896873 0.442289 0.000000
    outer loop
      vertex -63.135641 32.050000 0.000000
      vertex -63.228207 32.237707 0.000000
      vertex -63.228207 32.237707 3.000000
    endloop
  endfacet
  facet normal 0.896873 0.442289 -0.000000
    outer loop
      vertex -63.135641 32.050000 0.000000
      vertex -63.228207 32.237707 3.000000
      vertex -63.135641 32.050000 3.000000
    endloop
  endfacet
  facet normal 0.831470 0.555570 0.000000
    outer loop
      vertex -63.019365 31.875982 0.000000
      vertex -63.135641 32.050000 0.000000
      vertex -63.135641 32.050000 3.000000
    endloop
  endfacet
  facet normal 0.831470 0.555570 -0.000000
    outer loop
      vertex -63.019365 31.875982 0.000000
      vertex -63.135641 32.050000 3.000000
      vertex -63.019365 31.875982 3.000000
    endloop
  endfacet
  facet normal 0.751840 0.659346 0.000000
    outer loop
      vertex -62.881371 31.718629 0.000000
      vertex -63.019365 31.875982 0.000000
      vertex -63.019365 31.875982 3.000000
    endloop
  endfacet
  facet normal 0.751840 0.659346 -0.000000
    outer loop
      vertex -62.881371 31.718629 0.000000
      vertex -63.019365 31.875982 3.000000
      vertex -62.881371 31.718629 3.000000
    endloop
  endfacet
  facet normal 0.659346 0.751840 0.000000
    outer loop
      vertex -62.724018 31.580635 0.000000
      vertex -62.881371 31.718629 0.000000
      vertex -62.881371 31.718629 3.000000
    endloop
  endfacet
  facet normal 0.659346 0.751840 -0.000000
    outer loop
      vertex -62.724018 31.580635 0.000000
      vertex -62.881371 31.718629 3.000000
      vertex -62.724018 31.580635 3.000000
    endloop
  endfacet
  facet normal 0.555570 0.831470 0.000000
    outer loop
      vertex -62.550000 31.464359 0.000000
      vertex -62.724018 31.580635 0.000000
      vertex -62.724018 31.580635 3.000000
    endloop
  endfacet
  facet normal 0.555570 0.831470 -0.000000
    outer loop
      vertex -62.550000 31.464359 0.000000
      vertex -62.724018 31.580635 3.000000
      vertex -62.550000 31.464359 3.000000
    endloop
  endfacet
  facet normal 0.442289 0.896873 0.000000
    outer loop
      vertex -62.362293 31.371793 0.000000
      vertex -62.550000 31.464359 0.000000
      vertex -62.550000 31.464359 3.000000
    endloop
  endfacet
  facet normal 0.442289 0.896873 -0.000000
    outer loop
      vertex -62.362293 31.371793 0.000000
      vertex -62.550000 31.464359 3.000000
      vertex -62.362293 31.371793 3.000000
    endloop
  endfacet
  facet normal 0.321439 0.946930 0.000000
    outer loop
      vertex -62.164110 31.304519 0.000000
      vertex -62.362293 31.371793 0.000000
      vertex -62.362293 31.371793 3.000000
    endloop
  endfacet
  facet normal 0.321439 0.946930 -0.000000
    outer loop
      vertex -62.164110 31.304519 0.000000
      vertex -62.362293 31.371793 3.000000
      vertex -62.164110 31.304519 3.000000
    endloop
  endfacet
  facet normal 0.195090 0.980785 0.000000
    outer loop
      vertex -61.958842 31.263688 0.000000
      vertex -62.164110 31.304519 0.000000
      vertex -62.164110 31.304519 3.000000
    endloop
  endfacet
  facet normal 0.195090 0.980785 -0.000000
    outer loop
      vertex -61.958842 31.263688 0.000000
      vertex -62.164110 31.304519 3.000000
      vertex -61.958842 31.263688 3.000000
    endloop
  endfacet
  facet normal 0.065403 0.997859 0.000000
    outer loop
      vertex -61.750000 31.250000 0.000000
      vertex -61.958842 31.263688 0.000000
      vertex -61.958842 31.263688 3.000000
    endloop
  endfacet
  facet normal 0.065403 0.997859 -0.000000
    outer loop
      vertex -61.750000 31.250000 0.000000
      vertex -61.958842 31.263688 3.000000
      vertex -61.750000 31.250000 3.000000
    endloop
  endfacet
  facet normal -0.065403 0.997859 0.000000
    outer loop
      vertex -61.541158 31.263688 0.000000
      vertex -61.750000 31.250000 0.000000
      vertex -61.750000 31.250000 3.000000
    endloop
  endfacet
  facet normal -0.065403 0.997859 0.000000
    outer loop
      vertex -61.541158 31.263688 0.000000
      vertex -61.750000 31.250000 3.000000
      vertex -61.541158 31.263688 3.000000
    endloop
  endfacet
  facet normal -0.195090 0.980785 0.000000
    outer loop
      vertex -61.335890 31.304519 0.000000
      vertex -61.541158 31.263688 0.000000
      vertex -61.541158 31.263688 3.000000
    endloop
  endfacet
  facet normal -0.195090 0.980785 0.000000
    outer loop
      vertex -61.335890 31.304519 0.000000
      vertex -61.541158 31.263688 3.000000
      vertex -61.335890 31.304519 3.000000
    endloop
  endfacet
  facet normal -0.321439 0.946930 0.000000
    outer loop
      vertex -61.137707 31.371793 0.000000
      vertex -61.335890 31.304519 0.000000
      vertex -61.335890 31.304519 3.000000
    endloop
  endfacet
  facet normal -0.321439 0.946930 0.000000
    outer loop
      vertex -61.137707 31.371793 0.000000
      vertex -61.335890 31.304519 3.000000
      vertex -61.137707 31.371793 3.000000
    endloop
  endfacet
  facet normal -0.442289 0.896873 0.000000
    outer loop
      vertex -60.950000 31.464359 0.000000
      vertex -61.137707 31.371793 0.000000
      vertex -61.137707 31.371793 3.000000
    endloop
  endfacet
  facet normal -0.442289 0.896873 0.000000
    outer loop
      vertex -60.950000 31.464359 0.000000
      vertex -61.137707 31.371793 3.000000
      vertex -60.950000 31.464359 3.000000
    endloop
  endfacet
  facet normal -0.555570 0.831470 0.000000
    outer loop
      vertex -60.775982 31.580635 0.000000
      vertex -60.950000 31.464359 0.000000
      vertex -60.950000 31.464359 3.000000
    endloop
  endfacet
  facet normal -0.555570 0.831470 0.000000
    outer loop
      vertex -60.775982 31.580635 0.000000
      vertex -60.950000 31.464359 3.000000
      vertex -60.775982 31.580635 3.000000
    endloop
  endfacet
  facet normal -0.659346 0.751840 0.000000
    outer loop
      vertex -60.618629 31.718629 0.000000
      vertex -60.775982 31.580635 0.000000
      vertex -60.775982 31.580635 3.000000
    endloop
  endfacet
  facet normal -0.659346 0.751840 0.000000
    outer loop
      vertex -60.618629 31.718629 0.000000
      vertex -60.775982 31.580635 3.000000
      vertex -60.618629 31.718629 3.000000
    endloop
  endfacet
  facet normal -0.751840 0.659346 0.000000
    outer loop
      vertex -60.480635 31.875982 0.000000
      vertex -60.618629 31.718629 0.000000
      vertex -60.618629 31.718629 3.000000
    endloop
  endfacet
  facet normal -0.751840 0.659346 0.000000
    outer loop
      vertex -60.480635 31.875982 0.000000
      vertex -60.618629 31.718629 3.000000
      vertex -60.480635 31.875982 3.000000
    endloop
  endfacet
  facet normal -0.831470 0.555570 0.000000
    outer loop
      vertex -60.364359 32.050000 0.000000
      vertex -60.480635 31.875982 0.000000
      vertex -60.480635 31.875982 3.000000
    endloop
  endfacet
  facet normal -0.831470 0.555570 0.000000
    outer loop
      vertex -60.364359 32.050000 0.000000
      vertex -60.480635 31.875982 3.000000
      vertex -60.364359 32.050000 3.000000
    endloop
  endfacet
  facet normal -0.896873 0.442289 0.000000
    outer loop
      vertex -60.271793 32.237707 0.000000
      vertex -60.364359 32.050000 0.000000
      vertex -60.364359 32.050000 3.000000
    endloop
  endfacet
  facet normal -0.896873 0.442289 0.000000
    outer loop
      vertex -60.271793 32.237707 0.000000
      vertex -60.364359 32.050000 3.000000
      vertex -60.271793 32.237707 3.000000
    endloop
  endfacet
  facet normal -0.946930 0.321439 0.000000
    outer loop
      vertex -60.204519 32.435890 0.000000
      vertex -60.271793 32.237707 0.000000
      vertex -60.271793 32.237707 3.000000
    endloop
  endfacet
  facet normal -0.946930 0.321439 0.000000
    outer loop
      vertex -60.204519 32.435890 0.000000
      vertex -60.271793 32.237707 3.000000
      vertex -60.204519 32.435890 3.000000
    endloop
  endfacet
  facet normal -0.980785 0.195090 0.000000
    outer loop
      vertex -60.163688 32.641158 0.000000
      vertex -60.204519 32.435890 0.000000
      vertex -60.204519 32.435890 3.000000
    endloop
  endfacet
  facet normal -0.980785 0.195090 0.000000
    outer loop
      vertex -60.163688 32.641158 0.000000
      vertex -60.204519 32.435890 3.000000
      vertex -60.163688 32.641158 3.000000
    endloop
  endfacet
  facet normal -0.997859 0.065403 0.000000
    outer loop
      vertex -60.150000 32.850000 0.000000
      vertex -60.163688 32.641158 0.000000
      vertex -60.163688 32.641158 3.000000
    endloop
  endfacet
  facet normal -0.997859 0.065403 0.000000
    outer loop
      vertex -60.150000 32.850000 0.000000
      vertex -60.163688 32.641158 3.000000
      vertex -60.150000 32.850000 3.000000
    endloop
  endfacet
  facet normal -0.997859 -0.065403 0.000000
    outer loop
      vertex 63.336312 -32.641158 0.000000
      vertex 63.350000 -32.850000 0.000000
      vertex 63.350000 -32.850000 3.000000
    endloop
  endfacet
  facet normal -0.997859 -0.065403 0.000000
    outer loop
      vertex 63.336312 -32.641158 0.000000
      vertex 63.350000 -32.850000 3.000000
      vertex 63.336312 -32.641158 3.000000
    endloop
  endfacet
  facet normal -0.980785 -0.195090 0.000000
    outer loop
      vertex 63.295481 -32.435890 0.000000
      vertex 63.336312 -32.641158 0.000000
      vertex 63.336312 -32.641158 3.000000
    endloop
  endfacet
  facet normal -0.980785 -0.195090 0.000000
    outer loop
      vertex 63.295481 -32.435890 0.000000
      vertex 63.336312 -32.641158 3.000000
      vertex 63.295481 -32.435890 3.000000
    endloop
  endfacet
  facet normal -0.946930 -0.321439 0.000000
    outer loop
      vertex 63.228207 -32.237707 0.000000
      vertex 63.295481 -32.435890 0.000000
      vertex 63.295481 -32.435890 3.000000
    endloop
  endfacet
  facet normal -0.946930 -0.321439 0.000000
    outer loop
      vertex 63.228207 -32.237707 0.000000
      vertex 63.295481 -32.435890 3.000000
      vertex 63.228207 -32.237707 3.000000
    endloop
  endfacet
  facet normal -0.896873 -0.442289 0.000000
    outer loop
      vertex 63.135641 -32.050000 0.000000
      vertex 63.228207 -32.237707 0.000000
      vertex 63.228207 -32.237707 3.000000
    endloop
  endfacet
  facet normal -0.896873 -0.442289 0.000000
    outer loop
      vertex 63.135641 -32.050000 0.000000
      vertex 63.228207 -32.237707 3.000000
      vertex 63.135641 -32.050000 3.000000
    endloop
  endfacet
  facet normal -0.831470 -0.555570 0.000000
    outer loop
      vertex 63.019365 -31.875982 0.000000
      vertex 63.135641 -32.050000 0.000000
      vertex 63.135641 -32.050000 3.000000
    endloop
  endfacet
  facet normal -0.831470 -0.555570 0.000000
    outer loop
      vertex 63.019365 -31.875982 0.000000
      vertex 63.135641 -32.050000 3.000000
      vertex 63.019365 -31.875982 3.000000
    endloop
  endfacet
  facet normal -0.751840 -0.659346 0.000000
    outer loop
      vertex 62.881371 -31.718629 0.000000
      vertex 63.019365 -31.875982 0.000000
      vertex 63.019365 -31.875982 3.000000
    endloop
  endfacet
  facet normal -0.751840 -0.659346 0.000000
    outer loop
      vertex 62.881371 -31.718629 0.000000
      vertex 63.019365 -31.875982 3.000000
      vertex 62.881371 -31.718629 3.000000
    endloop
  endfacet
  facet normal -0.659346 -0.751840 0.000000
    outer loop
      vertex 62.724018 -31.580635 0.000000
      vertex 62.881371 -31.718629 0.000000
      vertex 62.881371 -31.718629 3.000000
    endloop
  endfacet
  facet normal -0.659346 -0.751840 0.000000
    outer loop
      vertex 62.724018 -31.580635 0.000000
      vertex 62.881371 -31.718629 3.000000
      vertex 62.724018 -31.580635 3.000000
    endloop
  endfacet
  facet normal -0.555570 -0.831470 0.000000
    outer loop
      vertex 62.550000 -31.464359 0.000000
      vertex 62.724018 -31.580635 0.000000
      vertex 62.724018 -31.580635 3.000000
    endloop
  endfacet
  facet normal -0.555570 -0.831470 0.000000
    outer loop
      vertex 62.550000 -31.464359 0.000000
      vertex 62.724018 -31.580635 3.000000
      vertex 62.550000 -31.464359 3.000000
    endloop
  endfacet
  facet normal -0.442289 -0.896873 0.000000
    outer loop
      vertex 62.362293 -31.371793 0.000000
      vertex 62.550000 -31.464359 0.000000
      vertex 62.550000 -31.464359 3.000000
    endloop
  endfacet
  facet normal -0.442289 -0.896873 0.000000
    outer loop
      vertex 62.362293 -31.371793 0.000000
      vertex 62.550000 -31.464359 3.000000
      vertex 62.362293 -31.371793 3.000000
    endloop
  endfacet
  facet normal -0.321439 -0.946930 0.000000
    outer loop
      vertex 62.164110 -31.304519 0.000000
      vertex 62.362293 -31.371793 0.000000
      vertex 62.362293 -31.371793 3.000000
    endloop
  endfacet
  facet normal -0.321439 -0.946930 0.000000
    outer loop
      vertex 62.164110 -31.304519 0.000000
      vertex 62.362293 -31.371793 3.000000
      vertex 62.164110 -31.304519 3.000000
    endloop
  endfacet
  facet normal -0.195090 -0.980785 0.000000
    outer loop
      vertex 61.958842 -31.263688 0.000000
      vertex 62.164110 -31.304519 0.000000
      vertex 62.164110 -31.304519 3.000000
    endloop
  endfacet
  facet normal -0.195090 -0.980785 0.000000
    outer loop
      vertex 61.958842 -31.263688 0.000000
      vertex 62.164110 -31.304519 3.000000
      vertex 61.958842 -31.263688 3.000000
    endloop
  endfacet
  facet normal -0.065403 -0.997859 0.000000
    outer loop
      vertex 61.750000 -31.250000 0.000000
      vertex 61.958842 -31.263688 0.000000
      vertex 61.958842 -31.263688 3.000000
    endloop
  endfacet
  facet normal -0.065403 -0.997859 0.000000
    outer loop
      vertex 61.750000 -31.250000 0.000000
      vertex 61.958842 -31.263688 3.000000
      vertex 61.750000 -31.250000 3.000000
    endloop
  endfacet
  facet normal 0.065403 -0.997859 0.000000
    outer loop
      vertex 61.541158 -31.263688 0.000000
      vertex 61.750000 -31.250000 0.000000
      vertex 61.750000 -31.250000 3.000000
    endloop
  endfacet
  facet normal 0.065403 -0.997859 0.000000
    outer loop
      vertex 61.541158 -31.263688 0.000000
      vertex 61.750000 -31.250000 3.000000
      vertex 61.541158 -31.263688 3.000000
    endloop
  endfacet
  facet normal 0.195090 -0.980785 0.000000
    outer loop
      vertex 61.335890 -31.304519 0.000000
      vertex 61.541158 -31.263688 0.000000
      vertex 61.541158 -31.263688 3.000000
    endloop
  endfacet
  facet normal 0.195090 -0.980785 0.000000
    outer loop
      vertex 61.335890 -31.304519 0.000000
      vertex 61.541158 -31.263688 3.000000
      vertex 61.335890 -31.304519 3.000000
    endloop
  endfacet
  facet normal 0.321439 -0.946930 0.000000
    outer loop
      vertex 61.137707 -31.371793 0.000000
      vertex 61.335890 -31.304519 0.000000
      vertex 61.335890 -31.304519 3.000000
    endloop
  endfacet
  facet normal 0.321439 -0.946930 0.000000
    outer loop
      vertex 61.137707 -31.371793 0.000000
      vertex 61.335890 -31.304519 3.000000
      vertex 61.137707 -31.371793 3.000000
    endloop
  endfacet
  facet normal 0.442289 -0.896873 0.000000
    outer loop
      vertex 60.950000 -31.464359 0.000000
      vertex 61.137707 -31.371793 0.000000
      vertex 61.137707 -31.371793 3.000000
    endloop
  endfacet
  facet normal 0.442289 -0.896873 0.000000
    outer loop
      vertex 60.950000 -31.464359 0.000000
      vertex 61.137707 -31.371793 3.000000
      vertex 60.950000 -31.464359 3.000000
    endloop
  endfacet
  facet normal 0.555570 -0.831470 0.000000
    outer loop
      vertex 60.775982 -31.580635 0.000000
      vertex 60.950000 -31.464359 0.000000
      vertex 60.950000 -31.464359 3.000000
    endloop
  endfacet
  facet normal 0.555570 -0.831470 0.000000
    outer loop
      vertex 60.775982 -31.580635 0.000000
      vertex 60.950000 -31.464359 3.000000
      vertex 60.775982 -31.580635 3.000000
    endloop
  endfacet
  facet normal 0.659346 -0.751840 0.000000
    outer loop
      vertex 60.618629 -31.718629 0.000000
      vertex 60.775982 -31.580635 0.000000
      vertex 60.775982 -31.580635 3.000000
    endloop
  endfacet
  facet normal 0.659346 -0.751840 0.000000
    outer loop
      vertex 60.618629 -31.718629 0.000000
      vertex 60.775982 -31.580635 3.000000
      vertex 60.618629 -31.718629 3.000000
    endloop
  endfacet
  facet normal 0.751840 -0.659346 0.000000
    outer loop
      vertex 60.480635 -31.875982 0.000000
      vertex 60.618629 -31.718629 0.000000
      vertex 60.618629 -31.718629 3.000000
    endloop
  endfacet
  facet normal 0.751840 -0.659346 0.000000
    outer loop
      vertex 60.480635 -31.875982 0.000000
      vertex 60.618629 -31.718629 3.000000
      vertex 60.480635 -31.875982 3.000000
    endloop
  endfacet
  facet normal 0.831470 -0.555570 0.000000
    outer loop
      vertex 60.364359 -32.050000 0.000000
      vertex 60.480635 -31.875982 0.000000
      vertex 60.480635 -31.875982 3.000000
    endloop
  endfacet
  facet normal 0.831470 -0.555570 0.000000
    outer loop
      vertex 60.364359 -32.050000 0.000000
      vertex 60.480635 -31.875982 3.000000
      vertex 60.364359 -32.050000 3.000000
    endloop
  endfacet
  facet normal 0.896873 -0.442289 0.000000
    outer loop
      vertex 60.271793 -32.237707 0.000000
      vertex 60.364359 -32.050000 0.000000
      vertex 60.364359 -32.050000 3.000000
    endloop
  endfacet
  facet normal 0.896873 -0.442289 0.000000
    outer loop
      vertex 60.271793 -32.237707 0.000000
      vertex 60.364359 -32.050000 3.000000
      vertex 60.271793 -32.237707 3.000000
    endloop
  endfacet
  facet normal 0.946930 -0.321439 0.000000
    outer loop
      vertex 60.204519 -32.435890 0.000000
      vertex 60.271793 -32.237707 0.000000
      vertex 60.271793 -32.237707 3.000000
    endloop
  endfacet
  facet normal 0.946930 -0.321439 0.000000
    outer loop
      vertex 60.204519 -32.435890 0.000000
      vertex 60.271793 -32.237707 3.000000
      vertex 60.204519 -32.435890 3.000000
    endloop
  endfacet
  facet normal 0.980785 -0.195090 0.000000
    outer loop
      vertex 60.163688 -32.641158 0.000000
      vertex 60.204519 -32.435890 0.000000
      vertex 60.204519 -32.435890 3.000000
    endloop
  endfacet
  facet normal 0.980785 -0.195090 0.000000
    outer loop
      vertex 60.163688 -32.641158 0.000000
      vertex 60.204519 -32.435890 3.000000
      vertex 60.163688 -32.641158 3.000000
    endloop
  endfacet
  facet normal 0.997859 -0.065403 0.000000
    outer loop
      vertex 60.150000 -32.850000 0.000000
      vertex 60.163688 -32.641158 0.000000
      vertex 60.163688 -32.641158 3.000000
    endloop
  endfacet
  facet normal 0.997859 -0.065403 0.000000
    outer loop
      vertex 60.150000 -32.850000 0.000000
      vertex 60.163688 -32.641158 3.000000
      vertex 60.150000 -32.850000 3.000000
    endloop
  endfacet
  facet normal 0.997859 0.065403 0.000000
    outer loop
      vertex 60.163688 -33.058842 0.000000
      vertex 60.150000 -32.850000 0.000000
      vertex 60.150000 -32.850000 3.000000
    endloop
  endfacet
  facet normal 0.997859 0.065403 -0.000000
    outer loop
      vertex 60.163688 -33.058842 0.000000
      vertex 60.150000 -32.850000 3.000000
      vertex 60.163688 -33.058842 3.000000
    endloop
  endfacet
  facet normal 0.980785 0.195090 0.000000
    outer loop
      vertex 60.204519 -33.264110 0.000000
      vertex 60.163688 -33.058842 0.000000
      vertex 60.163688 -33.058842 3.000000
    endloop
  endfacet
  facet normal 0.980785 0.195090 -0.000000
    outer loop
      vertex 60.204519 -33.264110 0.000000
      vertex 60.163688 -33.058842 3.000000
      vertex 60.204519 -33.264110 3.000000
    endloop
  endfacet
  facet normal 0.946930 0.321439 0.000000
    outer loop
      vertex 60.271793 -33.462293 0.000000
      vertex 60.204519 -33.264110 0.000000
      vertex 60.204519 -33.264110 3.000000
    endloop
  endfacet
  facet normal 0.946930 0.321439 -0.000000
    outer loop
      vertex 60.271793 -33.462293 0.000000
      vertex 60.204519 -33.264110 3.000000
      vertex 60.271793 -33.462293 3.000000
    endloop
  endfacet
  facet normal 0.896873 0.442289 0.000000
    outer loop
      vertex 60.364359 -33.650000 0.000000
      vertex 60.271793 -33.462293 0.000000
      vertex 60.271793 -33.462293 3.000000
    endloop
  endfacet
  facet normal 0.896873 0.442289 -0.000000
    outer loop
      vertex 60.364359 -33.650000 0.000000
      vertex 60.271793 -33.462293 3.000000
      vertex 60.364359 -33.650000 3.000000
    endloop
  endfacet
  facet normal 0.831470 0.555570 0.000000
    outer loop
      vertex 60.480635 -33.824018 0.000000
      vertex 60.364359 -33.650000 0.000000
      vertex 60.364359 -33.650000 3.000000
    endloop
  endfacet
  facet normal 0.831470 0.555570 -0.000000
    outer loop
      vertex 60.480635 -33.824018 0.000000
      vertex 60.364359 -33.650000 3.000000
      vertex 60.480635 -33.824018 3.000000
    endloop
  endfacet
  facet normal 0.751840 0.659346 0.000000
    outer loop
      vertex 60.618629 -33.981371 0.000000
      vertex 60.480635 -33.824018 0.000000
      vertex 60.480635 -33.824018 3.000000
    endloop
  endfacet
  facet normal 0.751840 0.659346 -0.000000
    outer loop
      vertex 60.618629 -33.981371 0.000000
      vertex 60.480635 -33.824018 3.000000
      vertex 60.618629 -33.981371 3.000000
    endloop
  endfacet
  facet normal 0.659346 0.751840 0.000000
    outer loop
      vertex 60.775982 -34.119365 0.000000
      vertex 60.618629 -33.981371 0.000000
      vertex 60.618629 -33.981371 3.000000
    endloop
  endfacet
  facet normal 0.659346 0.751840 -0.000000
    outer loop
      vertex 60.775982 -34.119365 0.000000
      vertex 60.618629 -33.981371 3.000000
      vertex 60.775982 -34.119365 3.000000
    endloop
  endfacet
  facet normal 0.555570 0.831470 0.000000
    outer loop
      vertex 60.950000 -34.235641 0.000000
      vertex 60.775982 -34.119365 0.000000
      vertex 60.775982 -34.119365 3.000000
    endloop
  endfacet
  facet normal 0.555570 0.831470 -0.000000
    outer loop
      vertex 60.950000 -34.235641 0.000000
      vertex 60.775982 -34.119365 3.000000
      vertex 60.950000 -34.235641 3.000000
    endloop
  endfacet
  facet normal 0.442289 0.896873 0.000000
    outer loop
      vertex 61.137707 -34.328207 0.000000
      vertex 60.950000 -34.235641 0.000000
      vertex 60.950000 -34.235641 3.000000
    endloop
  endfacet
  facet normal 0.442289 0.896873 -0.000000
    outer loop
      vertex 61.137707 -34.328207 0.000000
      vertex 60.950000 -34.235641 3.000000
      vertex 61.137707 -34.328207 3.000000
    endloop
  endfacet
  facet normal 0.321439 0.946930 0.000000
    outer loop
      vertex 61.335890 -34.395481 0.000000
      vertex 61.137707 -34.328207 0.000000
      vertex 61.137707 -34.328207 3.000000
    endloop
  endfacet
  facet normal 0.321439 0.946930 -0.000000
    outer loop
      vertex 61.335890 -34.395481 0.000000
      vertex 61.137707 -34.328207 3.000000
      vertex 61.335890 -34.395481 3.000000
    endloop
  endfacet
  facet normal 0.195090 0.980785 0.000000
    outer loop
      vertex 61.541158 -34.436312 0.000000
      vertex 61.335890 -34.395481 0.000000
      vertex 61.335890 -34.395481 3.000000
    endloop
  endfacet
  facet normal 0.195090 0.980785 -0.000000
    outer loop
      vertex 61.541158 -34.436312 0.000000
      vertex 61.335890 -34.395481 3.000000
      vertex 61.541158 -34.436312 3.000000
    endloop
  endfacet
  facet normal 0.065403 0.997859 0.000000
    outer loop
      vertex 61.750000 -34.450000 0.000000
      vertex 61.541158 -34.436312 0.000000
      vertex 61.541158 -34.436312 3.000000
    endloop
  endfacet
  facet normal 0.065403 0.997859 -0.000000
    outer loop
      vertex 61.750000 -34.450000 0.000000
      vertex 61.541158 -34.436312 3.000000
      vertex 61.750000 -34.450000 3.000000
    endloop
  endfacet
  facet normal -0.065403 0.997859 0.000000
    outer loop
      vertex 61.958842 -34.436312 0.000000
      vertex 61.750000 -34.450000 0.000000
      vertex 61.750000 -34.450000 3.000000
    endloop
  endfacet
  facet normal -0.065403 0.997859 0.000000
    outer loop
      vertex 61.958842 -34.436312 0.000000
      vertex 61.750000 -34.450000 3.000000
      vertex 61.958842 -34.436312 3.000000
    endloop
  endfacet
  facet normal -0.195090 0.980785 0.000000
    outer loop
      vertex 62.164110 -34.395481 0.000000
      vertex 61.958842 -34.436312 0.000000
      vertex 61.958842 -34.436312 3.000000
    endloop
  endfacet
  facet normal -0.195090 0.980785 0.000000
    outer loop
      vertex 62.164110 -34.395481 0.000000
      vertex 61.958842 -34.436312 3.000000
      vertex 62.164110 -34.395481 3.000000
    endloop
  endfacet
  facet normal -0.321439 0.946930 0.000000
    outer loop
      vertex 62.362293 -34.328207 0.000000
      vertex 62.164110 -34.395481 0.000000
      vertex 62.164110 -34.395481 3.000000
    endloop
  endfacet
  facet normal -0.321439 0.946930 0.000000
    outer loop
      vertex 62.362293 -34.328207 0.000000
      vertex 62.164110 -34.395481 3.000000
      vertex 62.362293 -34.328207 3.000000
    endloop
  endfacet
  facet normal -0.442289 0.896873 0.000000
    outer loop
      vertex 62.550000 -34.235641 0.000000
      vertex 62.362293 -34.328207 0.000000
      vertex 62.362293 -34.328207 3.000000
    endloop
  endfacet
  facet normal -0.442289 0.896873 0.000000
    outer loop
      vertex 62.550000 -34.235641 0.000000
      vertex 62.362293 -34.328207 3.000000
      vertex 62.550000 -34.235641 3.000000
    endloop
  endfacet
  facet normal -0.555570 0.831470 0.000000
    outer loop
      vertex 62.724018 -34.119365 0.000000
      vertex 62.550000 -34.235641 0.000000
      vertex 62.550000 -34.235641 3.000000
    endloop
  endfacet
  facet normal -0.555570 0.831470 0.000000
    outer loop
      vertex 62.724018 -34.119365 0.000000
      vertex 62.550000 -34.235641 3.000000
      vertex 62.724018 -34.119365 3.000000
    endloop
  endfacet
  facet normal -0.659346 0.751840 0.000000
    outer loop
      vertex 62.881371 -33.981371 0.000000
      vertex 62.724018 -34.119365 0.000000
      vertex 62.724018 -34.119365 3.000000
    endloop
  endfacet
  facet normal -0.659346 0.751840 0.000000
    outer loop
      vertex 62.881371 -33.981371 0.000000
      vertex 62.724018 -34.119365 3.000000
      vertex 62.881371 -33.981371 3.000000
    endloop
  endfacet
  facet normal -0.751840 0.659346 0.000000
    outer loop
      vertex 63.019365 -33.824018 0.000000
      vertex 62.881371 -33.981371 0.000000
      vertex 62.881371 -33.981371 3.000000
    endloop
  endfacet
  facet normal -0.751840 0.659346 0.000000
    outer loop
      vertex 63.019365 -33.824018 0.000000
      vertex 62.881371 -33.981371 3.000000
      vertex 63.019365 -33.824018 3.000000
    endloop
  endfacet
  facet normal -0.831470 0.555570 0.000000
    outer loop
      vertex 63.135641 -33.650000 0.000000
      vertex 63.019365 -33.824018 0.000000
      vertex 63.019365 -33.824018 3.000000
    endloop
  endfacet
  facet normal -0.831470 0.555570 0.000000
    outer loop
      vertex 63.135641 -33.650000 0.000000
      vertex 63.019365 -33.824018 3.000000
      vertex 63.135641 -33.650000 3.000000
    endloop
  endfacet
  facet normal -0.896873 0.442289 0.000000
    outer loop
      vertex 63.228207 -33.462293 0.000000
      vertex 63.135641 -33.650000 0.000000
      vertex 63.135641 -33.650000 3.000000
    endloop
  endfacet
  facet normal -0.896873 0.442289 0.000000
    outer loop
      vertex 63.228207 -33.462293 0.000000
      vertex 63.135641 -33.650000 3.000000
      vertex 63.228207 -33.462293 3.000000
    endloop
  endfacet
  facet normal -0.946930 0.321439 0.000000
    outer loop
      vertex 63.295481 -33.264110 0.000000
      vertex 63.228207 -33.462293 0.000000
      vertex 63.228207 -33.462293 3.000000
    endloop
  endfacet
  facet normal -0.946930 0.321439 0.000000
    outer loop
      vertex 63.295481 -33.264110 0.000000
      vertex 63.228207 -33.462293 3.000000
      vertex 63.295481 -33.264110 3.000000
    endloop
  endfacet
  facet normal -0.980785 0.195090 0.000000
    outer loop
      vertex 63.336312 -33.058842 0.000000
      vertex 63.295481 -33.264110 0.000000
      vertex 63.295481 -33.264110 3.000000
    endloop
  endfacet
  facet normal -0.980785 0.195090 0.000000
    outer loop
      vertex 63.336312 -33.058842 0.000000
      vertex 63.295481 -33.264110 3.000000
      vertex 63.336312 -33.058842 3.000000
    endloop
  endfacet
  facet normal -0.997859 0.065403 0.000000
    outer loop
      vertex 63.350000 -32.850000 0.000000
      vertex 63.336312 -33.058842 0.000000
      vertex 63.336312 -33.058842 3.000000
    endloop
  endfacet
  facet normal -0.997859 0.065403 0.000000
    outer loop
      vertex 63.350000 -32.850000 0.000000
      vertex 63.336312 -33.058842 3.000000
      vertex 63.350000 -32.850000 3.000000
    endloop
  endfacet
  facet normal -0.997859 -0.065403 0.000000
    outer loop
      vertex 63.336312 33.058842 0.000000
      vertex 63.350000 32.850000 0.000000
      vertex 63.350000 32.850000 3.000000
    endloop
  endfacet
  facet normal -0.997859 -0.065403 0.000000
    outer loop
      vertex 63.336312 33.058842 0.000000
      vertex 63.350000 32.850000 3.000000
      vertex 63.336312 33.058842 3.000000
    endloop
  endfacet
  facet normal -0.980785 -0.195090 0.000000
    outer loop
      vertex 63.295481 33.264110 0.000000
      vertex 63.336312 33.058842 0.000000
      vertex 63.336312 33.058842 3.000000
    endloop
  endfacet
  facet normal -0.980785 -0.195090 0.000000
    outer loop
      vertex 63.295481 33.264110 0.000000
      vertex 63.336312 33.058842 3.000000
      vertex 63.295481 33.264110 3.000000
    endloop
  endfacet
  facet normal -0.946930 -0.321439 0.000000
    outer loop
      vertex 63.228207 33.462293 0.000000
      vertex 63.295481 33.264110 0.000000
      vertex 63.295481 33.264110 3.000000
    endloop
  endfacet
  facet normal -0.946930 -0.321439 0.000000
    outer loop
      vertex 63.228207 33.462293 0.000000
      vertex 63.295481 33.264110 3.000000
      vertex 63.228207 33.462293 3.000000
    endloop
  endfacet
  facet normal -0.896873 -0.442289 0.000000
    outer loop
      vertex 63.135641 33.650000 0.000000
      vertex 63.228207 33.462293 0.000000
      vertex 63.228207 33.462293 3.000000
    endloop
  endfacet
  facet normal -0.896873 -0.442289 0.000000
    outer loop
      vertex 63.135641 33.650000 0.000000
      vertex 63.228207 33.462293 3.000000
      vertex 63.135641 33.650000 3.000000
    endloop
  endfacet
  facet normal -0.831470 -0.555570 0.000000
    outer loop
      vertex 63.019365 33.824018 0.000000
      vertex 63.135641 33.650000 0.000000
      vertex 63.135641 33.650000 3.000000
    endloop
  endfacet
  facet normal -0.831470 -0.555570 0.000000
    outer loop
      vertex 63.019365 33.824018 0.000000
      vertex 63.135641 33.650000 3.000000
      vertex 63.019365 33.824018 3.000000
    endloop
  endfacet
  facet normal -0.751840 -0.659346 0.000000
    outer loop
      vertex 62.881371 33.981371 0.000000
      vertex 63.019365 33.824018 0.000000
      vertex 63.019365 33.824018 3.000000
    endloop
  endfacet
  facet normal -0.751840 -0.659346 0.000000
    outer loop
      vertex 62.881371 33.981371 0.000000
      vertex 63.019365 33.824018 3.000000
      vertex 62.881371 33.981371 3.000000
    endloop
  endfacet
  facet normal -0.659346 -0.751840 0.000000
    outer loop
      vertex 62.724018 34.119365 0.000000
      vertex 62.881371 33.981371 0.000000
      vertex 62.881371 33.981371 3.000000
    endloop
  endfacet
  facet normal -0.659346 -0.751840 0.000000
    outer loop
      vertex 62.724018 34.119365 0.000000
      vertex 62.881371 33.981371 3.000000
      vertex 62.724018 34.119365 3.000000
    endloop
  endfacet
  facet normal -0.555570 -0.831470 0.000000
    outer loop
      vertex 62.550000 34.235641 0.000000
      vertex 62.724018 34.119365 0.000000
      vertex 62.724018 34.119365 3.000000
    endloop
  endfacet
  facet normal -0.555570 -0.831470 0.000000
    outer loop
      vertex 62.550000 34.235641 0.000000
      vertex 62.724018 34.119365 3.000000
      vertex 62.550000 34.235641 3.000000
    endloop
  endfacet
  facet normal -0.442289 -0.896873 0.000000
    outer loop
      vertex 62.362293 34.328207 0.000000
      vertex 62.550000 34.235641 0.000000
      vertex 62.550000 34.235641 3.000000
    endloop
  endfacet
  facet normal -0.442289 -0.896873 0.000000
    outer loop
      vertex 62.362293 34.328207 0.000000
      vertex 62.550000 34.235641 3.000000
      vertex 62.362293 34.328207 3.000000
    endloop
  endfacet
  facet normal -0.321439 -0.946930 0.000000
    outer loop
      vertex 62.164110 34.395481 0.000000
      vertex 62.362293 34.328207 0.000000
      vertex 62.362293 34.328207 3.000000
    endloop
  endfacet
  facet normal -0.321439 -0.946930 0.000000
    outer loop
      vertex 62.164110 34.395481 0.000000
      vertex 62.362293 34.328207 3.000000
      vertex 62.164110 34.395481 3.000000
    endloop
  endfacet
  facet normal -0.195090 -0.980785 0.000000
    outer loop
      vertex 61.958842 34.436312 0.000000
      vertex 62.164110 34.395481 0.000000
      vertex 62.164110 34.395481 3.000000
    endloop
  endfacet
  facet normal -0.195090 -0.980785 0.000000
    outer loop
      vertex 61.958842 34.436312 0.000000
      vertex 62.164110 34.395481 3.000000
      vertex 61.958842 34.436312 3.000000
    endloop
  endfacet
  facet normal -0.065403 -0.997859 0.000000
    outer loop
      vertex 61.750000 34.450000 0.000000
      vertex 61.958842 34.436312 0.000000
      vertex 61.958842 34.436312 3.000000
    endloop
  endfacet
  facet normal -0.065403 -0.997859 0.000000
    outer loop
      vertex 61.750000 34.450000 0.000000
      vertex 61.958842 34.436312 3.000000
      vertex 61.750000 34.450000 3.000000
    endloop
  endfacet
  facet normal 0.065403 -0.997859 0.000000
    outer loop
      vertex 61.541158 34.436312 0.000000
      vertex 61.750000 34.450000 0.000000
      vertex 61.750000 34.450000 3.000000
    endloop
  endfacet
  facet normal 0.065403 -0.997859 0.000000
    outer loop
      vertex 61.541158 34.436312 0.000000
      vertex 61.750000 34.450000 3.000000
      vertex 61.541158 34.436312 3.000000
    endloop
  endfacet
  facet normal 0.195090 -0.980785 0.000000
    outer loop
      vertex 61.335890 34.395481 0.000000
      vertex 61.541158 34.436312 0.000000
      vertex 61.541158 34.436312 3.000000
    endloop
  endfacet
  facet normal 0.195090 -0.980785 0.000000
    outer loop
      vertex 61.335890 34.395481 0.000000
      vertex 61.541158 34.436312 3.000000
      vertex 61.335890 34.395481 3.000000
    endloop
  endfacet
  facet normal 0.321439 -0.946930 0.000000
    outer loop
      vertex 61.137707 34.328207 0.000000
      vertex 61.335890 34.395481 0.000000
      vertex 61.335890 34.395481 3.000000
    endloop
  endfacet
  facet normal 0.321439 -0.946930 0.000000
    outer loop
      vertex 61.137707 34.328207 0.000000
      vertex 61.335890 34.395481 3.000000
      vertex 61.137707 34.328207 3.000000
    endloop
  endfacet
  facet normal 0.442289 -0.896873 0.000000
    outer loop
      vertex 60.950000 34.235641 0.000000
      vertex 61.137707 34.328207 0.000000
      vertex 61.137707 34.328207 3.000000
    endloop
  endfacet
  facet normal 0.442289 -0.896873 0.000000
    outer loop
      vertex 60.950000 34.235641 0.000000
      vertex 61.137707 34.328207 3.000000
      vertex 60.950000 34.235641 3.000000
    endloop
  endfacet
  facet normal 0.555570 -0.831470 0.000000
    outer loop
      vertex 60.775982 34.119365 0.000000
      vertex 60.950000 34.235641 0.000000
      vertex 60.950000 34.235641 3.000000
    endloop
  endfacet
  facet normal 0.555570 -0.831470 0.000000
    outer loop
      vertex 60.775982 34.119365 0.000000
      vertex 60.950000 34.235641 3.000000
      vertex 60.775982 34.119365 3.000000
    endloop
  endfacet
  facet normal 0.659346 -0.751840 0.000000
    outer loop
      vertex 60.618629 33.981371 0.000000
      vertex 60.775982 34.119365 0.000000
      vertex 60.775982 34.119365 3.000000
    endloop
  endfacet
  facet normal 0.659346 -0.751840 0.000000
    outer loop
      vertex 60.618629 33.981371 0.000000
      vertex 60.775982 34.119365 3.000000
      vertex 60.618629 33.981371 3.000000
    endloop
  endfacet
  facet normal 0.751840 -0.659346 0.000000
    outer loop
      vertex 60.480635 33.824018 0.000000
      vertex 60.618629 33.981371 0.000000
      vertex 60.618629 33.981371 3.000000
    endloop
  endfacet
  facet normal 0.751840 -0.659346 0.000000
    outer loop
      vertex 60.480635 33.824018 0.000000
      vertex 60.618629 33.981371 3.000000
      vertex 60.480635 33.824018 3.000000
    endloop
  endfacet
  facet normal 0.831470 -0.555570 0.000000
    outer loop
      vertex 60.364359 33.650000 0.000000
      vertex 60.480635 33.824018 0.000000
      vertex 60.480635 33.824018 3.000000
    endloop
  endfacet
  facet normal 0.831470 -0.555570 0.000000
    outer loop
      vertex 60.364359 33.650000 0.000000
      vertex 60.480635 33.824018 3.000000
      vertex 60.364359 33.650000 3.000000
    endloop
  endfacet
  facet normal 0.896873 -0.442289 0.000000
    outer loop
      vertex 60.271793 33.462293 0.000000
      vertex 60.364359 33.650000 0.000000
      vertex 60.364359 33.650000 3.000000
    endloop
  endfacet
  facet normal 0.896873 -0.442289 0.000000
    outer loop
      vertex 60.271793 33.462293 0.000000
      vertex 60.364359 33.650000 3.000000
      vertex 60.271793 33.462293 3.000000
    endloop
  endfacet
  facet normal 0.946930 -0.321439 0.000000
    outer loop
      vertex 60.204519 33.264110 0.000000
      vertex 60.271793 33.462293 0.000000
      vertex 60.271793 33.462293 3.000000
    endloop
  endfacet
  facet normal 0.946930 -0.321439 0.000000
    outer loop
      vertex 60.204519 33.264110 0.000000
      vertex 60.271793 33.462293 3.000000
      vertex 60.204519 33.264110 3.000000
    endloop
  endfacet
  facet normal 0.980785 -0.195090 0.000000
    outer loop
      vertex 60.163688 33.058842 0.000000
      vertex 60.204519 33.264110 0.000000
      vertex 60.204519 33.264110 3.000000
    endloop
  endfacet
  facet normal 0.980785 -0.195090 0.000000
    outer loop
      vertex 60.163688 33.058842 0.000000
      vertex 60.204519 33.264110 3.000000
      vertex 60.163688 33.058842 3.000000
    endloop
  endfacet
  facet normal 0.997859 -0.065403 0.000000
    outer loop
      vertex 60.150000 32.850000 0.000000
      vertex 60.163688 33.058842 0.000000
      vertex 60.163688 33.058842 3.000000
    endloop
  endfacet
  facet normal 0.997859 -0.065403 0.000000
    outer loop
      vertex 60.150000 32.850000 0.000000
      vertex 60.163688 33.058842 3.000000
      vertex 60.150000 32.850000 3.000000
    endloop
  endfacet
  facet normal 0.997859 0.065403 0.000000
    outer loop
      vertex 60.163688 32.641158 0.000000
      vertex 60.150000 32.850000 0.000000
      vertex 60.150000 32.850000 3.000000
    endloop
  endfacet
  facet normal 0.997859 0.065403 -0.000000
    outer loop
      vertex 60.163688 32.641158 0.000000
      vertex 60.150000 32.850000 3.000000
      vertex 60.163688 32.641158 3.000000
    endloop
  endfacet
  facet normal 0.980785 0.195090 0.000000
    outer loop
      vertex 60.204519 32.435890 0.000000
      vertex 60.163688 32.641158 0.000000
      vertex 60.163688 32.641158 3.000000
    endloop
  endfacet
  facet normal 0.980785 0.195090 -0.000000
    outer loop
      vertex 60.204519 32.435890 0.000000
      vertex 60.163688 32.641158 3.000000
      vertex 60.204519 32.435890 3.000000
    endloop
  endfacet
  facet normal 0.946930 0.321439 0.000000
    outer loop
      vertex 60.271793 32.237707 0.000000
      vertex 60.204519 32.435890 0.000000
      vertex 60.204519 32.435890 3.000000
    endloop
  endfacet
  facet normal 0.946930 0.321439 -0.000000
    outer loop
      vertex 60.271793 32.237707 0.000000
      vertex 60.204519 32.435890 3.000000
      vertex 60.271793 32.237707 3.000000
    endloop
  endfacet
  facet normal 0.896873 0.442289 0.000000
    outer loop
      vertex 60.364359 32.050000 0.000000
      vertex 60.271793 32.237707 0.000000
      vertex 60.271793 32.237707 3.000000
    endloop
  endfacet
  facet normal 0.896873 0.442289 -0.000000
    outer loop
      vertex 60.364359 32.050000 0.000000
      vertex 60.271793 32.237707 3.000000
      vertex 60.364359 32.050000 3.000000
    endloop
  endfacet
  facet normal 0.831470 0.555570 0.000000
    outer loop
      vertex 60.480635 31.875982 0.000000
      vertex 60.364359 32.050000 0.000000
      vertex 60.364359 32.050000 3.000000
    endloop
  endfacet
  facet normal 0.831470 0.555570 -0.000000
    outer loop
      vertex 60.480635 31.875982 0.000000
      vertex 60.364359 32.050000 3.000000
      vertex 60.480635 31.875982 3.000000
    endloop
  endfacet
  facet normal 0.751840 0.659346 0.000000
    outer loop
      vertex 60.618629 31.718629 0.000000
      vertex 60.480635 31.875982 0.000000
      vertex 60.480635 31.875982 3.000000
    endloop
  endfacet
  facet normal 0.751840 0.659346 -0.000000
    outer loop
      vertex 60.618629 31.718629 0.000000
      vertex 60.480635 31.875982 3.000000
      vertex 60.618629 31.718629 3.000000
    endloop
  endfacet
  facet normal 0.659346 0.751840 0.000000
    outer loop
      vertex 60.775982 31.580635 0.000000
      vertex 60.618629 31.718629 0.000000
      vertex 60.618629 31.718629 3.000000
    endloop
  endfacet
  facet normal 0.659346 0.751840 -0.000000
    outer loop
      vertex 60.775982 31.580635 0.000000
      vertex 60.618629 31.718629 3.000000
      vertex 60.775982 31.580635 3.000000
    endloop
  endfacet
  facet normal 0.555570 0.831470 0.000000
    outer loop
      vertex 60.950000 31.464359 0.000000
      vertex 60.775982 31.580635 0.000000
      vertex 60.775982 31.580635 3.000000
    endloop
  endfacet
  facet normal 0.555570 0.831470 -0.000000
    outer loop
      vertex 60.950000 31.464359 0.000000
      vertex 60.775982 31.580635 3.000000
      vertex 60.950000 31.464359 3.000000
    endloop
  endfacet
  facet normal 0.442289 0.896873 0.000000
    outer loop
      vertex 61.137707 31.371793 0.000000
      vertex 60.950000 31.464359 0.000000
      vertex 60.950000 31.464359 3.000000
    endloop
  endfacet
  facet normal 0.442289 0.896873 -0.000000
    outer loop
      vertex 61.137707 31.371793 0.000000
      vertex 60.950000 31.464359 3.000000
      vertex 61.137707 31.371793 3.000000
    endloop
  endfacet
  facet normal 0.321439 0.946930 0.000000
    outer loop
      vertex 61.335890 31.304519 0.000000
      vertex 61.137707 31.371793 0.000000
      vertex 61.137707 31.371793 3.000000
    endloop
  endfacet
  facet normal 0.321439 0.946930 -0.000000
    outer loop
      vertex 61.335890 31.304519 0.000000
      vertex 61.137707 31.371793 3.000000
      vertex 61.335890 31.304519 3.000000
    endloop
  endfacet
  facet normal 0.195090 0.980785 0.000000
    outer loop
      vertex 61.541158 31.263688 0.000000
      vertex 61.335890 31.304519 0.000000
      vertex 61.335890 31.304519 3.000000
    endloop
  endfacet
  facet normal 0.195090 0.980785 -0.000000
    outer loop
      vertex 61.541158 31.263688 0.000000
      vertex 61.335890 31.304519 3.000000
      vertex 61.541158 31.263688 3.000000
    endloop
  endfacet
  facet normal 0.065403 0.997859 0.000000
    outer loop
      vertex 61.750000 31.250000 0.000000
      vertex 61.541158 31.263688 0.000000
      vertex 61.541158 31.263688 3.000000
    endloop
  endfacet
  facet normal 0.065403 0.997859 -0.000000
    outer loop
      vertex 61.750000 31.250000 0.000000
      vertex 61.541158 31.263688 3.000000
      vertex 61.750000 31.250000 3.000000
    endloop
  endfacet
  facet normal -0.065403 0.997859 0.000000
    outer loop
      vertex 61.958842 31.263688 0.000000
      vertex 61.750000 31.250000 0.000000
      vertex 61.750000 31.250000 3.000000
    endloop
  endfacet
  facet normal -0.065403 0.997859 0.000000
    outer loop
      vertex 61.958842 31.263688 0.000000
      vertex 61.750000 31.250000 3.000000
      vertex 61.958842 31.263688 3.000000
    endloop
  endfacet
  facet normal -0.195090 0.980785 0.000000
    outer loop
      vertex 62.164110 31.304519 0.000000
      vertex 61.958842 31.263688 0.000000
      vertex 61.958842 31.263688 3.000000
    endloop
  endfacet
  facet normal -0.195090 0.980785 0.000000
    outer loop
      vertex 62.164110 31.304519 0.000000
      vertex 61.958842 31.263688 3.000000
      vertex 62.164110 31.304519 3.000000
    endloop
  endfacet
  facet normal -0.321439 0.946930 0.000000
    outer loop
      vertex 62.362293 31.371793 0.000000
      vertex 62.164110 31.304519 0.000000
      vertex 62.164110 31.304519 3.000000
    endloop
  endfacet
  facet normal -0.321439 0.946930 0.000000
    outer loop
      vertex 62.362293 31.371793 0.000000
      vertex 62.164110 31.304519 3.000000
      vertex 62.362293 31.371793 3.000000
    endloop
  endfacet
  facet normal -0.442289 0.896873 0.000000
    outer loop
      vertex 62.550000 31.464359 0.000000
      vertex 62.362293 31.371793 0.000000
      vertex 62.362293 31.371793 3.000000
    endloop
  endfacet
  facet normal -0.442289 0.896873 0.000000
    outer loop
      vertex 62.550000 31.464359 0.000000
      vertex 62.362293 31.371793 3.000000
      vertex 62.550000 31.464359 3.000000
    endloop
  endfacet
  facet normal -0.555570 0.831470 0.000000
    outer loop
      vertex 62.724018 31.580635 0.000000
      vertex 62.550000 31.464359 0.000000
      vertex 62.550000 31.464359 3.000000
    endloop
  endfacet
  facet normal -0.555570 0.831470 0.000000
    outer loop
      vertex 62.724018 31.580635 0.000000
      vertex 62.550000 31.464359 3.000000
      vertex 62.724018 31.580635 3.000000
    endloop
  endfacet
  facet normal -0.659346 0.751840 0.000000
    outer loop
      vertex 62.881371 31.718629 0.000000
      vertex 62.724018 31.580635 0.000000
      vertex 62.724018 31.580635 3.000000
    endloop
  endfacet
  facet normal -0.659346 0.751840 0.000000
    outer loop
      vertex 62.881371 31.718629 0.000000
      vertex 62.724018 31.580635 3.000000
      vertex 62.881371 31.718629 3.000000
    endloop
  endfacet
  facet normal -0.751840 0.659346 0.000000
    outer loop
      vertex 63.019365 31.875982 0.000000
      vertex 62.881371 31.718629 0.000000
      vertex 62.881371 31.718629 3.000000
    endloop
  endfacet
  facet normal -0.751840 0.659346 0.000000
    outer loop
      vertex 63.019365 31.875982 0.000000
      vertex 62.881371 31.718629 3.000000
      vertex 63.019365 31.875982 3.000000
    endloop
  endfacet
  facet normal -0.831470 0.555570 0.000000
    outer loop
      vertex 63.135641 32.050000 0.000000
      vertex 63.019365 31.875982 0.000000
      vertex 63.019365 31.875982 3.000000
    endloop
  endfacet
  facet normal -0.831470 0.555570 0.000000
    outer loop
      vertex 63.135641 32.050000 0.000000
      vertex 63.019365 31.875982 3.000000
      vertex 63.135641 32.050000 3.000000
    endloop
  endfacet
  facet normal -0.896873 0.442289 0.000000
    outer loop
      vertex 63.228207 32.237707 0.000000
      vertex 63.135641 32.050000 0.000000
      vertex 63.135641 32.050000 3.000000
    endloop
  endfacet
  facet normal -0.896873 0.442289 0.000000
    outer loop
      vertex 63.228207 32.237707 0.000000
      vertex 63.135641 32.050000 3.000000
      vertex 63.228207 32.237707 3.000000
    endloop
  endfacet
  facet normal -0.946930 0.321439 0.000000
    outer loop
      vertex 63.295481 32.435890 0.000000
      vertex 63.228207 32.237707 0.000000
      vertex 63.228207 32.237707 3.000000
    endloop
  endfacet
  facet normal -0.946930 0.321439 0.000000
    outer loop
      vertex 63.295481 32.435890 0.000000
      vertex 63.228207 32.237707 3.000000
      vertex 63.295481 32.435890 3.000000
    endloop
  endfacet
  facet normal -0.980785 0.195090 0.000000
    outer loop
      vertex 63.336312 32.641158 0.000000
      vertex 63.295481 32.435890 0.000000
      vertex 63.295481 32.435890 3.000000
    endloop
  endfacet
  facet normal -0.980785 0.195090 0.000000
    outer loop
      vertex 63.336312 32.641158 0.000000
      vertex 63.295481 32.435890 3.000000
      vertex 63.336312 32.641158 3.000000
    endloop
  endfacet
  facet normal -0.997859 0.065403 0.000000
    outer loop
      vertex 63.350000 32.850000 0.000000
      vertex 63.336312 32.641158 0.000000
      vertex 63.336312 32.641158 3.000000
    endloop
  endfacet
  facet normal -0.997859 0.065403 0.000000
    outer loop
      vertex 63.350000 32.850000 0.000000
      vertex 63.336312 32.641158 3.000000
      vertex 63.350000 32.850000 3.000000
    endloop
  endfacet
  facet normal -0.995185 -0.098017 0.000000
    outer loop
      vertex -18.413429 -35.459819 0.000000
      vertex -18.375000 -35.850000 0.000000
      vertex -18.375000 -35.850000 3.000000
    endloop
  endfacet
  facet normal -0.995185 -0.098017 0.000000
    outer loop
      vertex -18.413429 -35.459819 0.000000
      vertex -18.375000 -35.850000 3.000000
      vertex -18.413429 -35.459819 3.000000
    endloop
  endfacet
  facet normal -0.956940 -0.290285 0.000000
    outer loop
      vertex -18.527241 -35.084633 0.000000
      vertex -18.413429 -35.459819 0.000000
      vertex -18.413429 -35.459819 3.000000
    endloop
  endfacet
  facet normal -0.956940 -0.290285 0.000000
    outer loop
      vertex -18.527241 -35.084633 0.000000
      vertex -18.413429 -35.459819 3.000000
      vertex -18.527241 -35.084633 3.000000
    endloop
  endfacet
  facet normal -0.881921 -0.471397 0.000000
    outer loop
      vertex -18.712061 -34.738860 0.000000
      vertex -18.527241 -35.084633 0.000000
      vertex -18.527241 -35.084633 3.000000
    endloop
  endfacet
  facet normal -0.881921 -0.471397 0.000000
    outer loop
      vertex -18.712061 -34.738860 0.000000
      vertex -18.527241 -35.084633 3.000000
      vertex -18.712061 -34.738860 3.000000
    endloop
  endfacet
  facet normal -0.773010 -0.634393 0.000000
    outer loop
      vertex -18.960786 -34.435786 0.000000
      vertex -18.712061 -34.738860 0.000000
      vertex -18.712061 -34.738860 3.000000
    endloop
  endfacet
  facet normal -0.773010 -0.634393 0.000000
    outer loop
      vertex -18.960786 -34.435786 0.000000
      vertex -18.712061 -34.738860 3.000000
      vertex -18.960786 -34.435786 3.000000
    endloop
  endfacet
  facet normal -0.634393 -0.773010 0.000000
    outer loop
      vertex -19.263860 -34.187061 0.000000
      vertex -18.960786 -34.435786 0.000000
      vertex -18.960786 -34.435786 3.000000
    endloop
  endfacet
  facet normal -0.634393 -0.773010 0.000000
    outer loop
      vertex -19.263860 -34.187061 0.000000
      vertex -18.960786 -34.435786 3.000000
      vertex -19.263860 -34.187061 3.000000
    endloop
  endfacet
  facet normal -0.471397 -0.881921 0.000000
    outer loop
      vertex -19.609633 -34.002241 0.000000
      vertex -19.263860 -34.187061 0.000000
      vertex -19.263860 -34.187061 3.000000
    endloop
  endfacet
  facet normal -0.471397 -0.881921 0.000000
    outer loop
      vertex -19.609633 -34.002241 0.000000
      vertex -19.263860 -34.187061 3.000000
      vertex -19.609633 -34.002241 3.000000
    endloop
  endfacet
  facet normal -0.290285 -0.956940 0.000000
    outer loop
      vertex -19.984819 -33.888429 0.000000
      vertex -19.609633 -34.002241 0.000000
      vertex -19.609633 -34.002241 3.000000
    endloop
  endfacet
  facet normal -0.290285 -0.956940 0.000000
    outer loop
      vertex -19.984819 -33.888429 0.000000
      vertex -19.609633 -34.002241 3.000000
      vertex -19.984819 -33.888429 3.000000
    endloop
  endfacet
  facet normal -0.098017 -0.995185 0.000000
    outer loop
      vertex -20.375000 -33.850000 0.000000
      vertex -19.984819 -33.888429 0.000000
      vertex -19.984819 -33.888429 3.000000
    endloop
  endfacet
  facet normal -0.098017 -0.995185 0.000000
    outer loop
      vertex -20.375000 -33.850000 0.000000
      vertex -19.984819 -33.888429 3.000000
      vertex -20.375000 -33.850000 3.000000
    endloop
  endfacet
  facet normal 0.001456 -0.999999 0.000000
    outer loop
      vertex -46.765181 -33.888429 0.000000
      vertex -20.375000 -33.850000 0.000000
      vertex -20.375000 -33.850000 3.000000
    endloop
  endfacet
  facet normal 0.001456 -0.999999 0.000000
    outer loop
      vertex -46.765181 -33.888429 0.000000
      vertex -20.375000 -33.850000 3.000000
      vertex -46.765181 -33.888429 3.000000
    endloop
  endfacet
  facet normal 0.290285 -0.956940 0.000000
    outer loop
      vertex -47.140367 -34.002241 0.000000
      vertex -46.765181 -33.888429 0.000000
      vertex -46.765181 -33.888429 3.000000
    endloop
  endfacet
  facet normal 0.290285 -0.956940 0.000000
    outer loop
      vertex -47.140367 -34.002241 0.000000
      vertex -46.765181 -33.888429 3.000000
      vertex -47.140367 -34.002241 3.000000
    endloop
  endfacet
  facet normal 0.471397 -0.881921 0.000000
    outer loop
      vertex -47.486140 -34.187061 0.000000
      vertex -47.140367 -34.002241 0.000000
      vertex -47.140367 -34.002241 3.000000
    endloop
  endfacet
  facet normal 0.471397 -0.881921 0.000000
    outer loop
      vertex -47.486140 -34.187061 0.000000
      vertex -47.140367 -34.002241 3.000000
      vertex -47.486140 -34.187061 3.000000
    endloop
  endfacet
  facet normal 0.634393 -0.773010 0.000000
    outer loop
      vertex -47.789214 -34.435786 0.000000
      vertex -47.486140 -34.187061 0.000000
      vertex -47.486140 -34.187061 3.000000
    endloop
  endfacet
  facet normal 0.634393 -0.773010 0.000000
    outer loop
      vertex -47.789214 -34.435786 0.000000
      vertex -47.486140 -34.187061 3.000000
      vertex -47.789214 -34.435786 3.000000
    endloop
  endfacet
  facet normal 0.773010 -0.634393 0.000000
    outer loop
      vertex -48.037939 -34.738860 0.000000
      vertex -47.789214 -34.435786 0.000000
      vertex -47.789214 -34.435786 3.000000
    endloop
  endfacet
  facet normal 0.773010 -0.634393 0.000000
    outer loop
      vertex -48.037939 -34.738860 0.000000
      vertex -47.789214 -34.435786 3.000000
      vertex -48.037939 -34.738860 3.000000
    endloop
  endfacet
  facet normal 0.881921 -0.471397 0.000000
    outer loop
      vertex -48.222759 -35.084633 0.000000
      vertex -48.037939 -34.738860 0.000000
      vertex -48.037939 -34.738860 3.000000
    endloop
  endfacet
  facet normal 0.881921 -0.471397 0.000000
    outer loop
      vertex -48.222759 -35.084633 0.000000
      vertex -48.037939 -34.738860 3.000000
      vertex -48.222759 -35.084633 3.000000
    endloop
  endfacet
  facet normal 0.956940 -0.290285 0.000000
    outer loop
      vertex -48.336571 -35.459819 0.000000
      vertex -48.222759 -35.084633 0.000000
      vertex -48.222759 -35.084633 3.000000
    endloop
  endfacet
  facet normal 0.956940 -0.290285 0.000000
    outer loop
      vertex -48.336571 -35.459819 0.000000
      vertex -48.222759 -35.084633 3.000000
      vertex -48.336571 -35.459819 3.000000
    endloop
  endfacet
  facet normal 0.995185 -0.098017 0.000000
    outer loop
      vertex -48.375000 -35.850000 0.000000
      vertex -48.336571 -35.459819 0.000000
      vertex -48.336571 -35.459819 3.000000
    endloop
  endfacet
  facet normal 0.995185 -0.098017 0.000000
    outer loop
      vertex -48.375000 -35.850000 0.000000
      vertex -48.336571 -35.459819 3.000000
      vertex -48.375000 -35.850000 3.000000
    endloop
  endfacet
  facet normal 0.995185 0.098017 0.000000
    outer loop
      vertex -48.336571 -36.240181 0.000000
      vertex -48.375000 -35.850000 0.000000
      vertex -48.375000 -35.850000 3.000000
    endloop
  endfacet
  facet normal 0.995185 0.098017 -0.000000
    outer loop
      vertex -48.336571 -36.240181 0.000000
      vertex -48.375000 -35.850000 3.000000
      vertex -48.336571 -36.240181 3.000000
    endloop
  endfacet
  facet normal 0.956940 0.290285 0.000000
    outer loop
      vertex -48.222759 -36.615367 0.000000
      vertex -48.336571 -36.240181 0.000000
      vertex -48.336571 -36.240181 3.000000
    endloop
  endfacet
  facet normal 0.956940 0.290285 -0.000000
    outer loop
      vertex -48.222759 -36.615367 0.000000
      vertex -48.336571 -36.240181 3.000000
      vertex -48.222759 -36.615367 3.000000
    endloop
  endfacet
  facet normal 0.881921 0.471397 0.000000
    outer loop
      vertex -48.037939 -36.961140 0.000000
      vertex -48.222759 -36.615367 0.000000
      vertex -48.222759 -36.615367 3.000000
    endloop
  endfacet
  facet normal 0.881921 0.471397 -0.000000
    outer loop
      vertex -48.037939 -36.961140 0.000000
      vertex -48.222759 -36.615367 3.000000
      vertex -48.037939 -36.961140 3.000000
    endloop
  endfacet
  facet normal 0.773010 0.634393 0.000000
    outer loop
      vertex -47.789214 -37.264214 0.000000
      vertex -48.037939 -36.961140 0.000000
      vertex -48.037939 -36.961140 3.000000
    endloop
  endfacet
  facet normal 0.773010 0.634393 -0.000000
    outer loop
      vertex -47.789214 -37.264214 0.000000
      vertex -48.037939 -36.961140 3.000000
      vertex -47.789214 -37.264214 3.000000
    endloop
  endfacet
  facet normal 0.634393 0.773010 0.000000
    outer loop
      vertex -47.486140 -37.512939 0.000000
      vertex -47.789214 -37.264214 0.000000
      vertex -47.789214 -37.264214 3.000000
    endloop
  endfacet
  facet normal 0.634393 0.773010 -0.000000
    outer loop
      vertex -47.486140 -37.512939 0.000000
      vertex -47.789214 -37.264214 3.000000
      vertex -47.486140 -37.512939 3.000000
    endloop
  endfacet
  facet normal 0.471397 0.881921 0.000000
    outer loop
      vertex -47.140367 -37.697759 0.000000
      vertex -47.486140 -37.512939 0.000000
      vertex -47.486140 -37.512939 3.000000
    endloop
  endfacet
  facet normal 0.471397 0.881921 -0.000000
    outer loop
      vertex -47.140367 -37.697759 0.000000
      vertex -47.486140 -37.512939 3.000000
      vertex -47.140367 -37.697759 3.000000
    endloop
  endfacet
  facet normal 0.290285 0.956940 0.000000
    outer loop
      vertex -46.765181 -37.811571 0.000000
      vertex -47.140367 -37.697759 0.000000
      vertex -47.140367 -37.697759 3.000000
    endloop
  endfacet
  facet normal 0.290285 0.956940 -0.000000
    outer loop
      vertex -46.765181 -37.811571 0.000000
      vertex -47.140367 -37.697759 3.000000
      vertex -46.765181 -37.811571 3.000000
    endloop
  endfacet
  facet normal 0.098017 0.995185 0.000000
    outer loop
      vertex -46.375000 -37.850000 0.000000
      vertex -46.765181 -37.811571 0.000000
      vertex -46.765181 -37.811571 3.000000
    endloop
  endfacet
  facet normal 0.098017 0.995185 -0.000000
    outer loop
      vertex -46.375000 -37.850000 0.000000
      vertex -46.765181 -37.811571 3.000000
      vertex -46.375000 -37.850000 3.000000
    endloop
  endfacet
  facet normal -0.001456 0.999999 0.000000
    outer loop
      vertex -19.984819 -37.811571 0.000000
      vertex -46.375000 -37.850000 0.000000
      vertex -46.375000 -37.850000 3.000000
    endloop
  endfacet
  facet normal -0.001456 0.999999 0.000000
    outer loop
      vertex -19.984819 -37.811571 0.000000
      vertex -46.375000 -37.850000 3.000000
      vertex -19.984819 -37.811571 3.000000
    endloop
  endfacet
  facet normal -0.290285 0.956940 0.000000
    outer loop
      vertex -19.609633 -37.697759 0.000000
      vertex -19.984819 -37.811571 0.000000
      vertex -19.984819 -37.811571 3.000000
    endloop
  endfacet
  facet normal -0.290285 0.956940 0.000000
    outer loop
      vertex -19.609633 -37.697759 0.000000
      vertex -19.984819 -37.811571 3.000000
      vertex -19.609633 -37.697759 3.000000
    endloop
  endfacet
  facet normal -0.471397 0.881921 0.000000
    outer loop
      vertex -19.263860 -37.512939 0.000000
      vertex -19.609633 -37.697759 0.000000
      vertex -19.609633 -37.697759 3.000000
    endloop
  endfacet
  facet normal -0.471397 0.881921 0.000000
    outer loop
      vertex -19.263860 -37.512939 0.000000
      vertex -19.609633 -37.697759 3.000000
      vertex -19.263860 -37.512939 3.000000
    endloop
  endfacet
  facet normal -0.634393 0.773010 0.000000
    outer loop
      vertex -18.960786 -37.264214 0.000000
      vertex -19.263860 -37.512939 0.000000
      vertex -19.263860 -37.512939 3.000000
    endloop
  endfacet
  facet normal -0.634393 0.773010 0.000000
    outer loop
      vertex -18.960786 -37.264214 0.000000
      vertex -19.263860 -37.512939 3.000000
      vertex -18.960786 -37.264214 3.000000
    endloop
  endfacet
  facet normal -0.773010 0.634393 0.000000
    outer loop
      vertex -18.712061 -36.961140 0.000000
      vertex -18.960786 -37.264214 0.000000
      vertex -18.960786 -37.264214 3.000000
    endloop
  endfacet
  facet normal -0.773010 0.634393 0.000000
    outer loop
      vertex -18.712061 -36.961140 0.000000
      vertex -18.960786 -37.264214 3.000000
      vertex -18.712061 -36.961140 3.000000
    endloop
  endfacet
  facet normal -0.881921 0.471397 0.000000
    outer loop
      vertex -18.527241 -36.615367 0.000000
      vertex -18.712061 -36.961140 0.000000
      vertex -18.712061 -36.961140 3.000000
    endloop
  endfacet
  facet normal -0.881921 0.471397 0.000000
    outer loop
      vertex -18.527241 -36.615367 0.000000
      vertex -18.712061 -36.961140 3.000000
      vertex -18.527241 -36.615367 3.000000
    endloop
  endfacet
  facet normal -0.956940 0.290285 0.000000
    outer loop
      vertex -18.413429 -36.240181 0.000000
      vertex -18.527241 -36.615367 0.000000
      vertex -18.527241 -36.615367 3.000000
    endloop
  endfacet
  facet normal -0.956940 0.290285 0.000000
    outer loop
      vertex -18.413429 -36.240181 0.000000
      vertex -18.527241 -36.615367 3.000000
      vertex -18.413429 -36.240181 3.000000
    endloop
  endfacet
  facet normal -0.995185 0.098017 0.000000
    outer loop
      vertex -18.375000 -35.850000 0.000000
      vertex -18.413429 -36.240181 0.000000
      vertex -18.413429 -36.240181 3.000000
    endloop
  endfacet
  facet normal -0.995185 0.098017 0.000000
    outer loop
      vertex -18.375000 -35.850000 0.000000
      vertex -18.413429 -36.240181 3.000000
      vertex -18.375000 -35.850000 3.000000
    endloop
  endfacet
  facet normal 0.000000 0.000000 0.000000
    outer loop
      vertex -18.375000 -35.850000 0.000000
      vertex -18.375000 -35.850000 0.000000
      vertex -18.375000 -35.850000 3.000000
    endloop
  endfacet
  facet normal 0.000000 0.000000 0.000000
    outer loop
      vertex -18.375000 -35.850000 0.000000
      vertex -18.375000 -35.850000 3.000000
      vertex -18.375000 -35.850000 3.000000
    endloop
  endfacet
  facet normal -0.995185 -0.098017 0.000000
    outer loop
      vertex -18.413429 36.240181 0.000000
      vertex -18.375000 35.850000 0.000000
      vertex -18.375000 35.850000 3.000000
    endloop
  endfacet
  facet normal -0.995185 -0.098017 0.000000
    outer loop
      vertex -18.413429 36.240181 0.000000
      vertex -18.375000 35.850000 3.000000
      vertex -18.413429 36.240181 3.000000
    endloop
  endfacet
  facet normal -0.956940 -0.290285 0.000000
    outer loop
      vertex -18.527241 36.615367 0.000000
      vertex -18.413429 36.240181 0.000000
      vertex -18.413429 36.240181 3.000000
    endloop
  endfacet
  facet normal -0.956940 -0.290285 0.000000
    outer loop
      vertex -18.527241 36.615367 0.000000
      vertex -18.413429 36.240181 3.000000
      vertex -18.527241 36.615367 3.000000
    endloop
  endfacet
  facet normal -0.881921 -0.471397 0.000000
    outer loop
      vertex -18.712061 36.961140 0.000000
      vertex -18.527241 36.615367 0.000000
      vertex -18.527241 36.615367 3.000000
    endloop
  endfacet
  facet normal -0.881921 -0.471397 0.000000
    outer loop
      vertex -18.712061 36.961140 0.000000
      vertex -18.527241 36.615367 3.000000
      vertex -18.712061 36.961140 3.000000
    endloop
  endfacet
  facet normal -0.773010 -0.634393 0.000000
    outer loop
      vertex -18.960786 37.264214 0.000000
      vertex -18.712061 36.961140 0.000000
      vertex -18.712061 36.961140 3.000000
    endloop
  endfacet
  facet normal -0.773010 -0.634393 0.000000
    outer loop
      vertex -18.960786 37.264214 0.000000
      vertex -18.712061 36.961140 3.000000
      vertex -18.960786 37.264214 3.000000
    endloop
  endfacet
  facet normal -0.634393 -0.773010 0.000000
    outer loop
      vertex -19.263860 37.512939 0.000000
      vertex -18.960786 37.264214 0.000000
      vertex -18.960786 37.264214 3.000000
    endloop
  endfacet
  facet normal -0.634393 -0.773010 0.000000
    outer loop
      vertex -19.263860 37.512939 0.000000
      vertex -18.960786 37.264214 3.000000
      vertex -19.263860 37.512939 3.000000
    endloop
  endfacet
  facet normal -0.471397 -0.881921 0.000000
    outer loop
      vertex -19.609633 37.697759 0.000000
      vertex -19.263860 37.512939 0.000000
      vertex -19.263860 37.512939 3.000000
    endloop
  endfacet
  facet normal -0.471397 -0.881921 0.000000
    outer loop
      vertex -19.609633 37.697759 0.000000
      vertex -19.263860 37.512939 3.000000
      vertex -19.609633 37.697759 3.000000
    endloop
  endfacet
  facet normal -0.290285 -0.956940 0.000000
    outer loop
      vertex -19.984819 37.811571 0.000000
      vertex -19.609633 37.697759 0.000000
      vertex -19.609633 37.697759 3.000000
    endloop
  endfacet
  facet normal -0.290285 -0.956940 0.000000
    outer loop
      vertex -19.984819 37.811571 0.000000
      vertex -19.609633 37.697759 3.000000
      vertex -19.984819 37.811571 3.000000
    endloop
  endfacet
  facet normal -0.098017 -0.995185 0.000000
    outer loop
      vertex -20.375000 37.850000 0.000000
      vertex -19.984819 37.811571 0.000000
      vertex -19.984819 37.811571 3.000000
    endloop
  endfacet
  facet normal -0.098017 -0.995185 0.000000
    outer loop
      vertex -20.375000 37.850000 0.000000
      vertex -19.984819 37.811571 3.000000
      vertex -20.375000 37.850000 3.000000
    endloop
  endfacet
  facet normal 0.001456 -0.999999 0.000000
    outer loop
      vertex -46.765181 37.811571 0.000000
      vertex -20.375000 37.850000 0.000000
      vertex -20.375000 37.850000 3.000000
    endloop
  endfacet
  facet normal 0.001456 -0.999999 0.000000
    outer loop
      vertex -46.765181 37.811571 0.000000
      vertex -20.375000 37.850000 3.000000
      vertex -46.765181 37.811571 3.000000
    endloop
  endfacet
  facet normal 0.290285 -0.956940 0.000000
    outer loop
      vertex -47.140367 37.697759 0.000000
      vertex -46.765181 37.811571 0.000000
      vertex -46.765181 37.811571 3.000000
    endloop
  endfacet
  facet normal 0.290285 -0.956940 0.000000
    outer loop
      vertex -47.140367 37.697759 0.000000
      vertex -46.765181 37.811571 3.000000
      vertex -47.140367 37.697759 3.000000
    endloop
  endfacet
  facet normal 0.471397 -0.881921 0.000000
    outer loop
      vertex -47.486140 37.512939 0.000000
      vertex -47.140367 37.697759 0.000000
      vertex -47.140367 37.697759 3.000000
    endloop
  endfacet
  facet normal 0.471397 -0.881921 0.000000
    outer loop
      vertex -47.486140 37.512939 0.000000
      vertex -47.140367 37.697759 3.000000
      vertex -47.486140 37.512939 3.000000
    endloop
  endfacet
  facet normal 0.634393 -0.773010 0.000000
    outer loop
      vertex -47.789214 37.264214 0.000000
      vertex -47.486140 37.512939 0.000000
      vertex -47.486140 37.512939 3.000000
    endloop
  endfacet
  facet normal 0.634393 -0.773010 0.000000
    outer loop
      vertex -47.789214 37.264214 0.000000
      vertex -47.486140 37.512939 3.000000
      vertex -47.789214 37.264214 3.000000
    endloop
  endfacet
  facet normal 0.773010 -0.634393 0.000000
    outer loop
      vertex -48.037939 36.961140 0.000000
      vertex -47.789214 37.264214 0.000000
      vertex -47.789214 37.264214 3.000000
    endloop
  endfacet
  facet normal 0.773010 -0.634393 0.000000
    outer loop
      vertex -48.037939 36.961140 0.000000
      vertex -47.789214 37.264214 3.000000
      vertex -48.037939 36.961140 3.000000
    endloop
  endfacet
  facet normal 0.881921 -0.471397 0.000000
    outer loop
      vertex -48.222759 36.615367 0.000000
      vertex -48.037939 36.961140 0.000000
      vertex -48.037939 36.961140 3.000000
    endloop
  endfacet
  facet normal 0.881921 -0.471397 0.000000
    outer loop
      vertex -48.222759 36.615367 0.000000
      vertex -48.037939 36.961140 3.000000
      vertex -48.222759 36.615367 3.000000
    endloop
  endfacet
  facet normal 0.956940 -0.290285 0.000000
    outer loop
      vertex -48.336571 36.240181 0.000000
      vertex -48.222759 36.615367 0.000000
      vertex -48.222759 36.615367 3.000000
    endloop
  endfacet
  facet normal 0.956940 -0.290285 0.000000
    outer loop
      vertex -48.336571 36.240181 0.000000
      vertex -48.222759 36.615367 3.000000
      vertex -48.336571 36.240181 3.000000
    endloop
  endfacet
  facet normal 0.995185 -0.098017 0.000000
    outer loop
      vertex -48.375000 35.850000 0.000000
      vertex -48.336571 36.240181 0.000000
      vertex -48.336571 36.240181 3.000000
    endloop
  endfacet
  facet normal 0.995185 -0.098017 0.000000
    outer loop
      vertex -48.375000 35.850000 0.000000
      vertex -48.336571 36.240181 3.000000
      vertex -48.375000 35.850000 3.000000
    endloop
  endfacet
  facet normal 0.995185 0.098017 0.000000
    outer loop
      vertex -48.336571 35.459819 0.000000
      vertex -48.375000 35.850000 0.000000
      vertex -48.375000 35.850000 3.000000
    endloop
  endfacet
  facet normal 0.995185 0.098017 -0.000000
    outer loop
      vertex -48.336571 35.459819 0.000000
      vertex -48.375000 35.850000 3.000000
      vertex -48.336571 35.459819 3.000000
    endloop
  endfacet
  facet normal 0.956940 0.290285 0.000000
    outer loop
      vertex -48.222759 35.084633 0.000000
      vertex -48.336571 35.459819 0.000000
      vertex -48.336571 35.459819 3.000000
    endloop
  endfacet
  facet normal 0.956940 0.290285 -0.000000
    outer loop
      vertex -48.222759 35.084633 0.000000
      vertex -48.336571 35.459819 3.000000
      vertex -48.222759 35.084633 3.000000
    endloop
  endfacet
  facet normal 0.881921 0.471397 0.000000
    outer loop
      vertex -48.037939 34.738860 0.000000
      vertex -48.222759 35.084633 0.000000
      vertex -48.222759 35.084633 3.000000
    endloop
  endfacet
  facet normal 0.881921 0.471397 -0.000000
    outer loop
      vertex -48.037939 34.738860 0.000000
      vertex -48.222759 35.084633 3.000000
      vertex -48.037939 34.738860 3.000000
    endloop
  endfacet
  facet normal 0.773010 0.634393 0.000000
    outer loop
      vertex -47.789214 34.435786 0.000000
      vertex -48.037939 34.738860 0.000000
      vertex -48.037939 34.738860 3.000000
    endloop
  endfacet
  facet normal 0.773010 0.634393 -0.000000
    outer loop
      vertex -47.789214 34.435786 0.000000
      vertex -48.037939 34.738860 3.000000
      vertex -47.789214 34.435786 3.000000
    endloop
  endfacet
  facet normal 0.634393 0.773010 0.000000
    outer loop
      vertex -47.486140 34.187061 0.000000
      vertex -47.789214 34.435786 0.000000
      vertex -47.789214 34.435786 3.000000
    endloop
  endfacet
  facet normal 0.634393 0.773010 -0.000000
    outer loop
      vertex -47.486140 34.187061 0.000000
      vertex -47.789214 34.435786 3.000000
      vertex -47.486140 34.187061 3.000000
    endloop
  endfacet
  facet normal 0.471397 0.881921 0.000000
    outer loop
      vertex -47.140367 34.002241 0.000000
      vertex -47.486140 34.187061 0.000000
      vertex -47.486140 34.187061 3.000000
    endloop
  endfacet
  facet normal 0.471397 0.881921 -0.000000
    outer loop
      vertex -47.140367 34.002241 0.000000
      vertex -47.486140 34.187061 3.000000
      vertex -47.140367 34.002241 3.000000
    endloop
  endfacet
  facet normal 0.290285 0.956940 0.000000
    outer loop
      vertex -46.765181 33.888429 0.000000
      vertex -47.140367 34.002241 0.000000
      vertex -47.140367 34.002241 3.000000
    endloop
  endfacet
  facet normal 0.290285 0.956940 -0.000000
    outer loop
      vertex -46.765181 33.888429 0.000000
      vertex -47.140367 34.002241 3.000000
      vertex -46.765181 33.888429 3.000000
    endloop
  endfacet
  facet normal 0.098017 0.995185 0.000000
    outer loop
      vertex -46.375000 33.850000 0.000000
      vertex -46.765181 33.888429 0.000000
      vertex -46.765181 33.888429 3.000000
    endloop
  endfacet
  facet normal 0.098017 0.995185 -0.000000
    outer loop
      vertex -46.375000 33.850000 0.000000
      vertex -46.765181 33.888429 3.000000
      vertex -46.375000 33.850000 3.000000
    endloop
  endfacet
  facet normal -0.001456 0.999999 0.000000
    outer loop
      vertex -19.984819 33.888429 0.000000
      vertex -46.375000 33.850000 0.000000
      vertex -46.375000 33.850000 3.000000
    endloop
  endfacet
  facet normal -0.001456 0.999999 0.000000
    outer loop
      vertex -19.984819 33.888429 0.000000
      vertex -46.375000 33.850000 3.000000
      vertex -19.984819 33.888429 3.000000
    endloop
  endfacet
  facet normal -0.290285 0.956940 0.000000
    outer loop
      vertex -19.609633 34.002241 0.000000
      vertex -19.984819 33.888429 0.000000
      vertex -19.984819 33.888429 3.000000
    endloop
  endfacet
  facet normal -0.290285 0.956940 0.000000
    outer loop
      vertex -19.609633 34.002241 0.000000
      vertex -19.984819 33.888429 3.000000
      vertex -19.609633 34.002241 3.000000
    endloop
  endfacet
  facet normal -0.471397 0.881921 0.000000
    outer loop
      vertex -19.263860 34.187061 0.000000
      vertex -19.609633 34.002241 0.000000
      vertex -19.609633 34.002241 3.000000
    endloop
  endfacet
  facet normal -0.471397 0.881921 0.000000
    outer loop
      vertex -19.263860 34.187061 0.000000
      vertex -19.609633 34.002241 3.000000
      vertex -19.263860 34.187061 3.000000
    endloop
  endfacet
  facet normal -0.634393 0.773010 0.000000
    outer loop
      vertex -18.960786 34.435786 0.000000
      vertex -19.263860 34.187061 0.000000
      vertex -19.263860 34.187061 3.000000
    endloop
  endfacet
  facet normal -0.634393 0.773010 0.000000
    outer loop
      vertex -18.960786 34.435786 0.000000
      vertex -19.263860 34.187061 3.000000
      vertex -18.960786 34.435786 3.000000
    endloop
  endfacet
  facet normal -0.773010 0.634393 0.000000
    outer loop
      vertex -18.712061 34.738860 0.000000
      vertex -18.960786 34.435786 0.000000
      vertex -18.960786 34.435786 3.000000
    endloop
  endfacet
  facet normal -0.773010 0.634393 0.000000
    outer loop
      vertex -18.712061 34.738860 0.000000
      vertex -18.960786 34.435786 3.000000
      vertex -18.712061 34.738860 3.000000
    endloop
  endfacet
  facet normal -0.881921 0.471397 0.000000
    outer loop
      vertex -18.527241 35.084633 0.000000
      vertex -18.712061 34.738860 0.000000
      vertex -18.712061 34.738860 3.000000
    endloop
  endfacet
  facet normal -0.881921 0.471397 0.000000
    outer loop
      vertex -18.527241 35.084633 0.000000
      vertex -18.712061 34.738860 3.000000
      vertex -18.527241 35.084633 3.000000
    endloop
  endfacet
  facet normal -0.956940 0.290285 0.000000
    outer loop
      vertex -18.413429 35.459819 0.000000
      vertex -18.527241 35.084633 0.000000
      vertex -18.527241 35.084633 3.000000
    endloop
  endfacet
  facet normal -0.956940 0.290285 0.000000
    outer loop
      vertex -18.413429 35.459819 0.000000
      vertex -18.527241 35.084633 3.000000
      vertex -18.413429 35.459819 3.000000
    endloop
  endfacet
  facet normal -0.995185 0.098017 0.000000
    outer loop
      vertex -18.375000 35.850000 0.000000
      vertex -18.413429 35.459819 0.000000
      vertex -18.413429 35.459819 3.000000
    endloop
  endfacet
  facet normal -0.995185 0.098017 0.000000
    outer loop
      vertex -18.375000 35.850000 0.000000
      vertex -18.413429 35.459819 3.000000
      vertex -18.375000 35.850000 3.000000
    endloop
  endfacet
  facet normal 0.000000 0.000000 0.000000
    outer loop
      vertex -18.375000 35.850000 0.000000
      vertex -18.375000 35.850000 0.000000
      vertex -18.375000 35.850000 3.000000
    endloop
  endfacet
  facet normal 0.000000 0.000000 0.000000
    outer loop
      vertex -18.375000 35.850000 0.000000
      vertex -18.375000 35.850000 3.000000
      vertex -18.375000 35.850000 3.000000
    endloop
  endfacet
  facet normal -0.995185 -0.098017 0.000000
    outer loop
      vertex 48.336571 -35.459819 0.000000
      vertex 48.375000 -35.850000 0.000000
      vertex 48.375000 -35.850000 3.000000
    endloop
  endfacet
  facet normal -0.995185 -0.098017 0.000000
    outer loop
      vertex 48.336571 -35.459819 0.000000
      vertex 48.375000 -35.850000 3.000000
      vertex 48.336571 -35.459819 3.000000
    endloop
  endfacet
  facet normal -0.956940 -0.290285 0.000000
    outer loop
      vertex 48.222759 -35.084633 0.000000
      vertex 48.336571 -35.459819 0.000000
      vertex 48.336571 -35.459819 3.000000
    endloop
  endfacet
  facet normal -0.956940 -0.290285 0.000000
    outer loop
      vertex 48.222759 -35.084633 0.000000
      vertex 48.336571 -35.459819 3.000000
      vertex 48.222759 -35.084633 3.000000
    endloop
  endfacet
  facet normal -0.881921 -0.471397 0.000000
    outer loop
      vertex 48.037939 -34.738860 0.000000
      vertex 48.222759 -35.084633 0.000000
      vertex 48.222759 -35.084633 3.000000
    endloop
  endfacet
  facet normal -0.881921 -0.471397 0.000000
    outer loop
      vertex 48.037939 -34.738860 0.000000
      vertex 48.222759 -35.084633 3.000000
      vertex 48.037939 -34.738860 3.000000
    endloop
  endfacet
  facet normal -0.773010 -0.634393 0.000000
    outer loop
      vertex 47.789214 -34.435786 0.000000
      vertex 48.037939 -34.738860 0.000000
      vertex 48.037939 -34.738860 3.000000
    endloop
  endfacet
  facet normal -0.773010 -0.634393 0.000000
    outer loop
      vertex 47.789214 -34.435786 0.000000
      vertex 48.037939 -34.738860 3.000000
      vertex 47.789214 -34.435786 3.000000
    endloop
  endfacet
  facet normal -0.634393 -0.773010 0.000000
    outer loop
      vertex 47.486140 -34.187061 0.000000
      vertex 47.789214 -34.435786 0.000000
      vertex 47.789214 -34.435786 3.000000
    endloop
  endfacet
  facet normal -0.634393 -0.773010 0.000000
    outer loop
      vertex 47.486140 -34.187061 0.000000
      vertex 47.789214 -34.435786 3.000000
      vertex 47.486140 -34.187061 3.000000
    endloop
  endfacet
  facet normal -0.471397 -0.881921 0.000000
    outer loop
      vertex 47.140367 -34.002241 0.000000
      vertex 47.486140 -34.187061 0.000000
      vertex 47.486140 -34.187061 3.000000
    endloop
  endfacet
  facet normal -0.471397 -0.881921 0.000000
    outer loop
      vertex 47.140367 -34.002241 0.000000
      vertex 47.486140 -34.187061 3.000000
      vertex 47.140367 -34.002241 3.000000
    endloop
  endfacet
  facet normal -0.290285 -0.956940 0.000000
    outer loop
      vertex 46.765181 -33.888429 0.000000
      vertex 47.140367 -34.002241 0.000000
      vertex 47.140367 -34.002241 3.000000
    endloop
  endfacet
  facet normal -0.290285 -0.956940 0.000000
    outer loop
      vertex 46.765181 -33.888429 0.000000
      vertex 47.140367 -34.002241 3.000000
      vertex 46.765181 -33.888429 3.000000
    endloop
  endfacet
  facet normal -0.098017 -0.995185 0.000000
    outer loop
      vertex 46.375000 -33.850000 0.000000
      vertex 46.765181 -33.888429 0.000000
      vertex 46.765181 -33.888429 3.000000
    endloop
  endfacet
  facet normal -0.098017 -0.995185 0.000000
    outer loop
      vertex 46.375000 -33.850000 0.000000
      vertex 46.765181 -33.888429 3.000000
      vertex 46.375000 -33.850000 3.000000
    endloop
  endfacet
  facet normal 0.001456 -0.999999 0.000000
    outer loop
      vertex 19.984819 -33.888429 0.000000
      vertex 46.375000 -33.850000 0.000000
      vertex 46.375000 -33.850000 3.000000
    endloop
  endfacet
  facet normal 0.001456 -0.999999 0.000000
    outer loop
      vertex 19.984819 -33.888429 0.000000
      vertex 46.375000 -33.850000 3.000000
      vertex 19.984819 -33.888429 3.000000
    endloop
  endfacet
  facet normal 0.290285 -0.956940 0.000000
    outer loop
      vertex 19.609633 -34.002241 0.000000
      vertex 19.984819 -33.888429 0.000000
      vertex 19.984819 -33.888429 3.000000
    endloop
  endfacet
  facet normal 0.290285 -0.956940 0.000000
    outer loop
      vertex 19.609633 -34.002241 0.000000
      vertex 19.984819 -33.888429 3.000000
      vertex 19.609633 -34.002241 3.000000
    endloop
  endfacet
  facet normal 0.471397 -0.881921 0.000000
    outer loop
      vertex 19.263860 -34.187061 0.000000
      vertex 19.609633 -34.002241 0.000000
      vertex 19.609633 -34.002241 3.000000
    endloop
  endfacet
  facet normal 0.471397 -0.881921 0.000000
    outer loop
      vertex 19.263860 -34.187061 0.000000
      vertex 19.609633 -34.002241 3.000000
      vertex 19.263860 -34.187061 3.000000
    endloop
  endfacet
  facet normal 0.634393 -0.773010 0.000000
    outer loop
      vertex 18.960786 -34.435786 0.000000
      vertex 19.263860 -34.187061 0.000000
      vertex 19.263860 -34.187061 3.000000
    endloop
  endfacet
  facet normal 0.634393 -0.773010 0.000000
    outer loop
      vertex 18.960786 -34.435786 0.000000
      vertex 19.263860 -34.187061 3.000000
      vertex 18.960786 -34.435786 3.000000
    endloop
  endfacet
  facet normal 0.773010 -0.634393 0.000000
    outer loop
      vertex 18.712061 -34.738860 0.000000
      vertex 18.960786 -34.435786 0.000000
      vertex 18.960786 -34.435786 3.000000
    endloop
  endfacet
  facet normal 0.773010 -0.634393 0.000000
    outer loop
      vertex 18.712061 -34.738860 0.000000
      vertex 18.960786 -34.435786 3.000000
      vertex 18.712061 -34.738860 3.000000
    endloop
  endfacet
  facet normal 0.881921 -0.471397 0.000000
    outer loop
      vertex 18.527241 -35.084633 0.000000
      vertex 18.712061 -34.738860 0.000000
      vertex 18.712061 -34.738860 3.000000
    endloop
  endfacet
  facet normal 0.881921 -0.471397 0.000000
    outer loop
      vertex 18.527241 -35.084633 0.000000
      vertex 18.712061 -34.738860 3.000000
      vertex 18.527241 -35.084633 3.000000
    endloop
  endfacet
  facet normal 0.956940 -0.290285 0.000000
    outer loop
      vertex 18.413429 -35.459819 0.000000
      vertex 18.527241 -35.084633 0.000000
      vertex 18.527241 -35.084633 3.000000
    endloop
  endfacet
  facet normal 0.956940 -0.290285 0.000000
    outer loop
      vertex 18.413429 -35.459819 0.000000
      vertex 18.527241 -35.084633 3.000000
      vertex 18.413429 -35.459819 3.000000
    endloop
  endfacet
  facet normal 0.995185 -0.098017 0.000000
    outer loop
      vertex 18.375000 -35.850000 0.000000
      vertex 18.413429 -35.459819 0.000000
      vertex 18.413429 -35.459819 3.000000
    endloop
  endfacet
  facet normal 0.995185 -0.098017 0.000000
    outer loop
      vertex 18.375000 -35.850000 0.000000
      vertex 18.413429 -35.459819 3.000000
      vertex 18.375000 -35.850000 3.000000
    endloop
  endfacet
  facet normal 0.995185 0.098017 0.000000
    outer loop
      vertex 18.413429 -36.240181 0.000000
      vertex 18.375000 -35.850000 0.000000
      vertex 18.375000 -35.850000 3.000000
    endloop
  endfacet
  facet normal 0.995185 0.098017 -0.000000
    outer loop
      vertex 18.413429 -36.240181 0.000000
      vertex 18.375000 -35.850000 3.000000
      vertex 18.413429 -36.240181 3.000000
    endloop
  endfacet
  facet normal 0.956940 0.290285 0.000000
    outer loop
      vertex 18.527241 -36.615367 0.000000
      vertex 18.413429 -36.240181 0.000000
      vertex 18.413429 -36.240181 3.000000
    endloop
  endfacet
  facet normal 0.956940 0.290285 -0.000000
    outer loop
      vertex 18.527241 -36.615367 0.000000
      vertex 18.413429 -36.240181 3.000000
      vertex 18.527241 -36.615367 3.000000
    endloop
  endfacet
  facet normal 0.881921 0.471397 0.000000
    outer loop
      vertex 18.712061 -36.961140 0.000000
      vertex 18.527241 -36.615367 0.000000
      vertex 18.527241 -36.615367 3.000000
    endloop
  endfacet
  facet normal 0.881921 0.471397 -0.000000
    outer loop
      vertex 18.712061 -36.961140 0.000000
      vertex 18.527241 -36.615367 3.000000
      vertex 18.712061 -36.961140 3.000000
    endloop
  endfacet
  facet normal 0.773010 0.634393 0.000000
    outer loop
      vertex 18.960786 -37.264214 0.000000
      vertex 18.712061 -36.961140 0.000000
      vertex 18.712061 -36.961140 3.000000
    endloop
  endfacet
  facet normal 0.773010 0.634393 -0.000000
    outer loop
      vertex 18.960786 -37.264214 0.000000
      vertex 18.712061 -36.961140 3.000000
      vertex 18.960786 -37.264214 3.000000
    endloop
  endfacet
  facet normal 0.634393 0.773010 0.000000
    outer loop
      vertex 19.263860 -37.512939 0.000000
      vertex 18.960786 -37.264214 0.000000
      vertex 18.960786 -37.264214 3.000000
    endloop
  endfacet
  facet normal 0.634393 0.773010 -0.000000
    outer loop
      vertex 19.263860 -37.512939 0.000000
      vertex 18.960786 -37.264214 3.000000
      vertex 19.263860 -37.512939 3.000000
    endloop
  endfacet
  facet normal 0.471397 0.881921 0.000000
    outer loop
      vertex 19.609633 -37.697759 0.000000
      vertex 19.263860 -37.512939 0.000000
      vertex 19.263860 -37.512939 3.000000
    endloop
  endfacet
  facet normal 0.471397 0.881921 -0.000000
    outer loop
      vertex 19.609633 -37.697759 0.000000
      vertex 19.263860 -37.512939 3.000000
      vertex 19.609633 -37.697759 3.000000
    endloop
  endfacet
  facet normal 0.290285 0.956940 0.000000
    outer loop
      vertex 19.984819 -37.811571 0.000000
      vertex 19.609633 -37.697759 0.000000
      vertex 19.609633 -37.697759 3.000000
    endloop
  endfacet
  facet normal 0.290285 0.956940 -0.000000
    outer loop
      vertex 19.984819 -37.811571 0.000000
      vertex 19.609633 -37.697759 3.000000
      vertex 19.984819 -37.811571 3.000000
    endloop
  endfacet
  facet normal 0.098017 0.995185 0.000000
    outer loop
      vertex 20.375000 -37.850000 0.000000
      vertex 19.984819 -37.811571 0.000000
      vertex 19.984819 -37.811571 3.000000
    endloop
  endfacet
  facet normal 0.098017 0.995185 -0.000000
    outer loop
      vertex 20.375000 -37.850000 0.000000
      vertex 19.984819 -37.811571 3.000000
      vertex 20.375000 -37.850000 3.000000
    endloop
  endfacet
  facet normal -0.001456 0.999999 0.000000
    outer loop
      vertex 46.765181 -37.811571 0.000000
      vertex 20.375000 -37.850000 0.000000
      vertex 20.375000 -37.850000 3.000000
    endloop
  endfacet
  facet normal -0.001456 0.999999 0.000000
    outer loop
      vertex 46.765181 -37.811571 0.000000
      vertex 20.375000 -37.850000 3.000000
      vertex 46.765181 -37.811571 3.000000
    endloop
  endfacet
  facet normal -0.290285 0.956940 0.000000
    outer loop
      vertex 47.140367 -37.697759 0.000000
      vertex 46.765181 -37.811571 0.000000
      vertex 46.765181 -37.811571 3.000000
    endloop
  endfacet
  facet normal -0.290285 0.956940 0.000000
    outer loop
      vertex 47.140367 -37.697759 0.000000
      vertex 46.765181 -37.811571 3.000000
      vertex 47.140367 -37.697759 3.000000
    endloop
  endfacet
  facet normal -0.471397 0.881921 0.000000
    outer loop
      vertex 47.486140 -37.512939 0.000000
      vertex 47.140367 -37.697759 0.000000
      vertex 47.140367 -37.697759 3.000000
    endloop
  endfacet
  facet normal -0.471397 0.881921 0.000000
    outer loop
      vertex 47.486140 -37.512939 0.000000
      vertex 47.140367 -37.697759 3.000000
      vertex 47.486140 -37.512939 3.000000
    endloop
  endfacet
  facet normal -0.634393 0.773010 0.000000
    outer loop
      vertex 47.789214 -37.264214 0.000000
      vertex 47.486140 -37.512939 0.000000
      vertex 47.486140 -37.512939 3.000000
    endloop
  endfacet
  facet normal -0.634393 0.773010 0.000000
    outer loop
      vertex 47.789214 -37.264214 0.000000
      vertex 47.486140 -37.512939 3.000000
      vertex 47.789214 -37.264214 3.000000
    endloop
  endfacet
  facet normal -0.773010 0.634393 0.000000
    outer loop
      vertex 48.037939 -36.961140 0.000000
      vertex 47.789214 -37.264214 0.000000
      vertex 47.789214 -37.264214 3.000000
    endloop
  endfacet
  facet normal -0.773010 0.634393 0.000000
    outer loop
      vertex 48.037939 -36.961140 0.000000
      vertex 47.789214 -37.264214 3.000000
      vertex 48.037939 -36.961140 3.000000
    endloop
  endfacet
  facet normal -0.881921 0.471397 0.000000
    outer loop
      vertex 48.222759 -36.615367 0.000000
      vertex 48.037939 -36.961140 0.000000
      vertex 48.037939 -36.961140 3.000000
    endloop
  endfacet
  facet normal -0.881921 0.471397 0.000000
    outer loop
      vertex 48.222759 -36.615367 0.000000
      vertex 48.037939 -36.961140 3.000000
      vertex 48.222759 -36.615367 3.000000
    endloop
  endfacet
  facet normal -0.956940 0.290285 0.000000
    outer loop
      vertex 48.336571 -36.240181 0.000000
      vertex 48.222759 -36.615367 0.000000
      vertex 48.222759 -36.615367 3.000000
    endloop
  endfacet
  facet normal -0.956940 0.290285 0.000000
    outer loop
      vertex 48.336571 -36.240181 0.000000
      vertex 48.222759 -36.615367 3.000000
      vertex 48.336571 -36.240181 3.000000
    endloop
  endfacet
  facet normal -0.995185 0.098017 0.000000
    outer loop
      vertex 48.375000 -35.850000 0.000000
      vertex 48.336571 -36.240181 0.000000
      vertex 48.336571 -36.240181 3.000000
    endloop
  endfacet
  facet normal -0.995185 0.098017 0.000000
    outer loop
      vertex 48.375000 -35.850000 0.000000
      vertex 48.336571 -36.240181 3.000000
      vertex 48.375000 -35.850000 3.000000
    endloop
  endfacet
  facet normal 0.000000 0.000000 0.000000
    outer loop
      vertex 48.375000 -35.850000 0.000000
      vertex 48.375000 -35.850000 0.000000
      vertex 48.375000 -35.850000 3.000000
    endloop
  endfacet
  facet normal 0.000000 0.000000 0.000000
    outer loop
      vertex 48.375000 -35.850000 0.000000
      vertex 48.375000 -35.850000 3.000000
      vertex 48.375000 -35.850000 3.000000
    endloop
  endfacet
  facet normal -0.995185 -0.098017 0.000000
    outer loop
      vertex 48.336571 36.240181 0.000000
      vertex 48.375000 35.850000 0.000000
      vertex 48.375000 35.850000 3.000000
    endloop
  endfacet
  facet normal -0.995185 -0.098017 0.000000
    outer loop
      vertex 48.336571 36.240181 0.000000
      vertex 48.375000 35.850000 3.000000
      vertex 48.336571 36.240181 3.000000
    endloop
  endfacet
  facet normal -0.956940 -0.290285 0.000000
    outer loop
      vertex 48.222759 36.615367 0.000000
      vertex 48.336571 36.240181 0.000000
      vertex 48.336571 36.240181 3.000000
    endloop
  endfacet
  facet normal -0.956940 -0.290285 0.000000
    outer loop
      vertex 48.222759 36.615367 0.000000
      vertex 48.336571 36.240181 3.000000
      vertex 48.222759 36.615367 3.000000
    endloop
  endfacet
  facet normal -0.881921 -0.471397 0.000000
    outer loop
      vertex 48.037939 36.961140 0.000000
      vertex 48.222759 36.615367 0.000000
      vertex 48.222759 36.615367 3.000000
    endloop
  endfacet
  facet normal -0.881921 -0.471397 0.000000
    outer loop
      vertex 48.037939 36.961140 0.000000
      vertex 48.222759 36.615367 3.000000
      vertex 48.037939 36.961140 3.000000
    endloop
  endfacet
  facet normal -0.773010 -0.634393 0.000000
    outer loop
      vertex 47.789214 37.264214 0.000000
      vertex 48.037939 36.961140 0.000000
      vertex 48.037939 36.961140 3.000000
    endloop
  endfacet
  facet normal -0.773010 -0.634393 0.000000
    outer loop
      vertex 47.789214 37.264214 0.000000
      vertex 48.037939 36.961140 3.000000
      vertex 47.789214 37.264214 3.000000
    endloop
  endfacet
  facet normal -0.634393 -0.773010 0.000000
    outer loop
      vertex 47.486140 37.512939 0.000000
      vertex 47.789214 37.264214 0.000000
      vertex 47.789214 37.264214 3.000000
    endloop
  endfacet
  facet normal -0.634393 -0.773010 0.000000
    outer loop
      vertex 47.486140 37.512939 0.000000
      vertex 47.789214 37.264214 3.000000
      vertex 47.486140 37.512939 3.000000
    endloop
  endfacet
  facet normal -0.471397 -0.881921 0.000000
    outer loop
      vertex 47.140367 37.697759 0.000000
      vertex 47.486140 37.512939 0.000000
      vertex 47.486140 37.512939 3.000000
    endloop
  endfacet
  facet normal -0.471397 -0.881921 0.000000
    outer loop
      vertex 47.140367 37.697759 0.000000
      vertex 47.486140 37.512939 3.000000
      vertex 47.140367 37.697759 3.000000
    endloop
  endfacet
  facet normal -0.290285 -0.956940 0.000000
    outer loop
      vertex 46.765181 37.811571 0.000000
      vertex 47.140367 37.697759 0.000000
      vertex 47.140367 37.697759 3.000000
    endloop
  endfacet
  facet normal -0.290285 -0.956940 0.000000
    outer loop
      vertex 46.765181 37.811571 0.000000
      vertex 47.140367 37.697759 3.000000
      vertex 46.765181 37.811571 3.000000
    endloop
  endfacet
  facet normal -0.098017 -0.995185 0.000000
    outer loop
      vertex 46.375000 37.850000 0.000000
      vertex 46.765181 37.811571 0.000000
      vertex 46.765181 37.811571 3.000000
    endloop
  endfacet
  facet normal -0.098017 -0.995185 0.000000
    outer loop
      vertex 46.375000 37.850000 0.000000
      vertex 46.765181 37.811571 3.000000
      vertex 46.375000 37.850000 3.000000
    endloop
  endfacet
  facet normal 0.001456 -0.999999 0.000000
    outer loop
      vertex 19.984819 37.811571 0.000000
      vertex 46.375000 37.850000 0.000000
      vertex 46.375000 37.850000 3.000000
    endloop
  endfacet
  facet normal 0.001456 -0.999999 0.000000
    outer loop
      vertex 19.984819 37.811571 0.000000
      vertex 46.375000 37.850000 3.000000
      vertex 19.984819 37.811571 3.000000
    endloop
  endfacet
  facet normal 0.290285 -0.956940 0.000000
    outer loop
      vertex 19.609633 37.697759 0.000000
      vertex 19.984819 37.811571 0.000000
      vertex 19.984819 37.811571 3.000000
    endloop
  endfacet
  facet normal 0.290285 -0.956940 0.000000
    outer loop
      vertex 19.609633 37.697759 0.000000
      vertex 19.984819 37.811571 3.000000
      vertex 19.609633 37.697759 3.000000
    endloop
  endfacet
  facet normal 0.471397 -0.881921 0.000000
    outer loop
      vertex 19.263860 37.512939 0.000000
      vertex 19.609633 37.697759 0.000000
      vertex 19.609633 37.697759 3.000000
    endloop
  endfacet
  facet normal 0.471397 -0.881921 0.000000
    outer loop
      vertex 19.263860 37.512939 0.000000
      vertex 19.609633 37.697759 3.000000
      vertex 19.263860 37.512939 3.000000
    endloop
  endfacet
  facet normal 0.634393 -0.773010 0.000000
    outer loop
      vertex 18.960786 37.264214 0.000000
      vertex 19.263860 37.512939 0.000000
      vertex 19.263860 37.512939 3.000000
    endloop
  endfacet
  facet normal 0.634393 -0.773010 0.000000
    outer loop
      vertex 18.960786 37.264214 0.000000
      vertex 19.263860 37.512939 3.000000
      vertex 18.960786 37.264214 3.000000
    endloop
  endfacet
  facet normal 0.773010 -0.634393 0.000000
    outer loop
      vertex 18.712061 36.961140 0.000000
      vertex 18.960786 37.264214 0.000000
      vertex 18.960786 37.264214 3.000000
    endloop
  endfacet
  facet normal 0.773010 -0.634393 0.000000
    outer loop
      vertex 18.712061 36.961140 0.000000
      vertex 18.960786 37.264214 3.000000
      vertex 18.712061 36.961140 3.000000
    endloop
  endfacet
  facet normal 0.881921 -0.471397 0.000000
    outer loop
      vertex 18.527241 36.615367 0.000000
      vertex 18.712061 36.961140 0.000000
      vertex 18.712061 36.961140 3.000000
    endloop
  endfacet
  facet normal 0.881921 -0.471397 0.000000
    outer loop
      vertex 18.527241 36.615367 0.000000
      vertex 18.712061 36.961140 3.000000
      vertex 18.527241 36.615367 3.000000
    endloop
  endfacet
  facet normal 0.956940 -0.290285 0.000000
    outer loop
      vertex 18.413429 36.240181 0.000000
      vertex 18.527241 36.615367 0.000000
      vertex 18.527241 36.615367 3.000000
    endloop
  endfacet
  facet normal 0.956940 -0.290285 0.000000
    outer loop
      vertex 18.413429 36.240181 0.000000
      vertex 18.527241 36.615367 3.000000
      vertex 18.413429 36.240181 3.000000
    endloop
  endfacet
  facet normal 0.995185 -0.098017 0.000000
    outer loop
      vertex 18.375000 35.850000 0.000000
      vertex 18.413429 36.240181 0.000000
      vertex 18.413429 36.240181 3.000000
    endloop
  endfacet
  facet normal 0.995185 -0.098017 0.000000
    outer loop
      vertex 18.375000 35.850000 0.000000
      vertex 18.413429 36.240181 3.000000
      vertex 18.375000 35.850000 3.000000
    endloop
  endfacet
  facet normal 0.995185 0.098017 0.000000
    outer loop
      vertex 18.413429 35.459819 0.000000
      vertex 18.375000 35.850000 0.000000
      vertex 18.375000 35.850000 3.000000
    endloop
  endfacet
  facet normal 0.995185 0.098017 -0.000000
    outer loop
      vertex 18.413429 35.459819 0.000000
      vertex 18.375000 35.850000 3.000000
      vertex 18.413429 35.459819 3.000000
    endloop
  endfacet
  facet normal 0.956940 0.290285 0.000000
    outer loop
      vertex 18.527241 35.084633 0.000000
      vertex 18.413429 35.459819 0.000000
      vertex 18.413429 35.459819 3.000000
    endloop
  endfacet
  facet normal 0.956940 0.290285 -0.000000
    outer loop
      vertex 18.527241 35.084633 0.000000
      vertex 18.413429 35.459819 3.000000
      vertex 18.527241 35.084633 3.000000
    endloop
  endfacet
  facet normal 0.881921 0.471397 0.000000
    outer loop
      vertex 18.712061 34.738860 0.000000
      vertex 18.527241 35.084633 0.000000
      vertex 18.527241 35.084633 3.000000
    endloop
  endfacet
  facet normal 0.881921 0.471397 -0.000000
    outer loop
      vertex 18.712061 34.738860 0.000000
      vertex 18.527241 35.084633 3.000000
      vertex 18.712061 34.738860 3.000000
    endloop
  endfacet
  facet normal 0.773010 0.634393 0.000000
    outer loop
      vertex 18.960786 34.435786 0.000000
      vertex 18.712061 34.738860 0.000000
      vertex 18.712061 34.738860 3.000000
    endloop
  endfacet
  facet normal 0.773010 0.634393 -0.000000
    outer loop
      vertex 18.960786 34.435786 0.000000
      vertex 18.712061 34.738860 3.000000
      vertex 18.960786 34.435786 3.000000
    endloop
  endfacet
  facet normal 0.634393 0.773010 0.000000
    outer loop
      vertex 19.263860 34.187061 0.000000
      vertex 18.960786 34.435786 0.000000
      vertex 18.960786 34.435786 3.000000
    endloop
  endfacet
  facet normal 0.634393 0.773010 -0.000000
    outer loop
      vertex 19.263860 34.187061 0.000000
      vertex 18.960786 34.435786 3.000000
      vertex 19.263860 34.187061 3.000000
    endloop
  endfacet
  facet normal 0.471397 0.881921 0.000000
    outer loop
      vertex 19.609633 34.002241 0.000000
      vertex 19.263860 34.187061 0.000000
      vertex 19.263860 34.187061 3.000000
    endloop
  endfacet
  facet normal 0.471397 0.881921 -0.000000
    outer loop
      vertex 19.609633 34.002241 0.000000
      vertex 19.263860 34.187061 3.000000
      vertex 19.609633 34.002241 3.000000
    endloop
  endfacet
  facet normal 0.290285 0.956940 0.000000
    outer loop
      vertex 19.984819 33.888429 0.000000
      vertex 19.609633 34.002241 0.000000
      vertex 19.609633 34.002241 3.000000
    endloop
  endfacet
  facet normal 0.290285 0.956940 -0.000000
    outer loop
      vertex 19.984819 33.888429 0.000000
      vertex 19.609633 34.002241 3.000000
      vertex 19.984819 33.888429 3.000000
    endloop
  endfacet
  facet normal 0.098017 0.995185 0.000000
    outer loop
      vertex 20.375000 33.850000 0.000000
      vertex 19.984819 33.888429 0.000000
      vertex 19.984819 33.888429 3.000000
    endloop
  endfacet
  facet normal 0.098017 0.995185 -0.000000
    outer loop
      vertex 20.375000 33.850000 0.000000
      vertex 19.984819 33.888429 3.000000
      vertex 20.375000 33.850000 3.000000
    endloop
  endfacet
  facet normal -0.001456 0.999999 0.000000
    outer loop
      vertex 46.765181 33.888429 0.000000
      vertex 20.375000 33.850000 0.000000
      vertex 20.375000 33.850000 3.000000
    endloop
  endfacet
  facet normal -0.001456 0.999999 0.000000
    outer loop
      vertex 46.765181 33.888429 0.000000
      vertex 20.375000 33.850000 3.000000
      vertex 46.765181 33.888429 3.000000
    endloop
  endfacet
  facet normal -0.290285 0.956940 0.000000
    outer loop
      vertex 47.140367 34.002241 0.000000
      vertex 46.765181 33.888429 0.000000
      vertex 46.765181 33.888429 3.000000
    endloop
  endfacet
  facet normal -0.290285 0.956940 0.000000
    outer loop
      vertex 47.140367 34.002241 0.000000
      vertex 46.765181 33.888429 3.000000
      vertex 47.140367 34.002241 3.000000
    endloop
  endfacet
  facet normal -0.471397 0.881921 0.000000
    outer loop
      vertex 47.486140 34.187061 0.000000
      vertex 47.140367 34.002241 0.000000
      vertex 47.140367 34.002241 3.000000
    endloop
  endfacet
  facet normal -0.471397 0.881921 0.000000
    outer loop
      vertex 47.486140 34.187061 0.000000
      vertex 47.140367 34.002241 3.000000
      vertex 47.486140 34.187061 3.000000
    endloop
  endfacet
  facet normal -0.634393 0.773010 0.000000
    outer loop
      vertex 47.789214 34.435786 0.000000
      vertex 47.486140 34.187061 0.000000
      vertex 47.486140 34.187061 3.000000
    endloop
  endfacet
  facet normal -0.634393 0.773010 0.000000
    outer loop
      vertex 47.789214 34.435786 0.000000
      vertex 47.486140 34.187061 3.000000
      vertex 47.789214 34.435786 3.000000
    endloop
  endfacet
  facet normal -0.773010 0.634393 0.000000
    outer loop
      vertex 48.037939 34.738860 0.000000
      vertex 47.789214 34.435786 0.000000
      vertex 47.789214 34.435786 3.000000
    endloop
  endfacet
  facet normal -0.773010 0.634393 0.000000
    outer loop
      vertex 48.037939 34.738860 0.000000
      vertex 47.789214 34.435786 3.000000
      vertex 48.037939 34.738860 3.000000
    endloop
  endfacet
  facet normal -0.881921 0.471397 0.000000
    outer loop
      vertex 48.222759 35.084633 0.000000
      vertex 48.037939 34.738860 0.000000
      vertex 48.037939 34.738860 3.000000
    endloop
  endfacet
  facet normal -0.881921 0.471397 0.000000
    outer loop
      vertex 48.222759 35.084633 0.000000
      vertex 48.037939 34.738860 3.000000
      vertex 48.222759 35.084633 3.000000
    endloop
  endfacet
  facet normal -0.956940 0.290285 0.000000
    outer loop
      vertex 48.336571 35.459819 0.000000
      vertex 48.222759 35.084633 0.000000
      vertex 48.222759 35.084633 3.000000
    endloop
  endfacet
  facet normal -0.956940 0.290285 0.000000
    outer loop
      vertex 48.336571 35.459819 0.000000
      vertex 48.222759 35.084633 3.000000
      vertex 48.336571 35.459819 3.000000
    endloop
  endfacet
  facet normal -0.995185 0.098017 0.000000
    outer loop
      vertex 48.375000 35.850000 0.000000
      vertex 48.336571 35.459819 0.000000
      vertex 48.336571 35.459819 3.000000
    endloop
  endfacet
  facet normal -0.995185 0.098017 0.000000
    outer loop
      vertex 48.375000 35.850000 0.000000
      vertex 48.336571 35.459819 3.000000
      vertex 48.375000 35.850000 3.000000
    endloop
  endfacet
  facet normal 0.000000 0.000000 0.000000
    outer loop
      vertex 48.375000 35.850000 0.000000
      vertex 48.375000 35.850000 0.000000
      vertex 48.375000 35.850000 3.000000
    endloop
  endfacet
  facet normal 0.000000 0.000000 0.000000
    outer loop
      vertex 48.375000 35.850000 0.000000
      vertex 48.375000 35.850000 3.000000
      vertex 48.375000 35.850000 3.000000
    endloop
  endfacet
  facet normal 0.000000 0.000000 1.000000
    outer loop
      vertex -69.750000 -40.850000 18.000000
      vertex -66.750000 -40.850000 18.000000
      vertex -66.750000 40.850000 18.000000
    endloop
  endfacet
  facet normal 0.000000 0.000000 1.000000
    outer loop
      vertex -69.750000 -40.850000 18.000000
      vertex -66.750000 40.850000 18.000000
      vertex -69.750000 40.850000 18.000000
    endloop
  endfacet
  facet normal 0.000000 -1.000000 0.000000
    outer loop
      vertex -69.750000 -40.850000 3.000000
      vertex -66.750000 -40.850000 3.000000
      vertex -66.750000 -40.850000 18.000000
    endloop
  endfacet
  facet normal 0.000000 -1.000000 0.000000
    outer loop
      vertex -69.750000 -40.850000 3.000000
      vertex -66.750000 -40.850000 18.000000
      vertex -69.750000 -40.850000 18.000000
    endloop
  endfacet
  facet normal 0.000000 1.000000 0.000000
    outer loop
      vertex -66.750000 40.850000 3.000000
      vertex -69.750000 40.850000 3.000000
      vertex -69.750000 40.850000 18.000000
    endloop
  endfacet
  facet normal 0.000000 1.000000 -0.000000
    outer loop
      vertex -66.750000 40.850000 3.000000
      vertex -69.750000 40.850000 18.000000
      vertex -66.750000 40.850000 18.000000
    endloop
  endfacet
  facet normal -1.000000 0.000000 0.000000
    outer loop
      vertex -69.750000 40.850000 3.000000
      vertex -69.750000 -40.850000 3.000000
      vertex -69.750000 -40.850000 18.000000
    endloop
  endfacet
  facet normal -1.000000 0.000000 0.000000
    outer loop
      vertex -69.750000 40.850000 3.000000
      vertex -69.750000 -40.850000 18.000000
      vertex -69.750000 40.850000 18.000000
    endloop
  endfacet
  facet normal 1.000000 0.000000 0.000000
    outer loop
      vertex -66.750000 -40.850000 3.000000
      vertex -66.750000 40.850000 3.000000
      vertex -66.750000 40.850000 18.000000
    endloop
  endfacet
  facet normal 1.000000 0.000000 0.000000
    outer loop
      vertex -66.750000 -40.850000 3.000000
      vertex -66.750000 40.850000 18.000000
      vertex -66.750000 -40.850000 18.000000
    endloop
  endfacet
  facet normal 0.000000 0.000000 1.000000
    outer loop
      vertex 66.750000 -40.850000 18.000000
      vertex 69.750000 -40.850000 18.000000
      vertex 69.750000 40.850000 18.000000
    endloop
  endfacet
  facet normal 0.000000 0.000000 1.000000
    outer loop
      vertex 66.750000 -40.850000 18.000000
      vertex 69.750000 40.850000 18.000000
      vertex 66.750000 40.850000 18.000000
    endloop
  endfacet
  facet normal 0.000000 -1.000000 0.000000
    outer loop
      vertex 66.750000 -40.850000 3.000000
      vertex 69.750000 -40.850000 3.000000
      vertex 69.750000 -40.850000 18.000000
    endloop
  endfacet
  facet normal 0.000000 -1.000000 0.000000
    outer loop
      vertex 66.750000 -40.850000 3.000000
      vertex 69.750000 -40.850000 18.000000
      vertex 66.750000 -40.850000 18.000000
    endloop
  endfacet
  facet normal 0.000000 1.000000 0.000000
    outer loop
      vertex 69.750000 40.850000 3.000000
      vertex 66.750000 40.850000 3.000000
      vertex 66.750000 40.850000 18.000000
    endloop
  endfacet
  facet normal 0.000000 1.000000 -0.000000
    outer loop
      vertex 69.750000 40.850000 3.000000
      vertex 66.750000 40.850000 18.000000
      vertex 69.750000 40.850000 18.000000
    endloop
  endfacet
  facet normal -1.000000 0.000000 0.000000
    outer loop
      vertex 66.750000 40.850000 3.000000
      vertex 66.750000 -40.850000 3.000000
      vertex 66.750000 -40.850000 18.000000
    endloop
  endfacet
  facet normal -1.000000 0.000000 0.000000
    outer loop
      vertex 66.750000 40.850000 3.000000
      vertex 66.750000 -40.850000 18.000000
      vertex 66.750000 40.850000 18.000000
    endloop
  endfacet
  facet normal 1.000000 0.000000 0.000000
    outer loop
      vertex 69.750000 -40.850000 3.000000
      vertex 69.750000 40.850000 3.000000
      vertex 69.750000 40.850000 18.000000
    endloop
  endfacet
  facet normal 1.000000 0.000000 0.000000
    outer loop
      vertex 69.750000 -40.850000 3.000000
      vertex 69.750000 40.850000 18.000000
      vertex 69.750000 -40.850000 18.000000
    endloop
  endfacet
  facet normal 0.000000 0.000000 1.000000
    outer loop
      vertex -66.750000 -40.850000 18.000000
      vertex -52.375000 -40.850000 18.000000
      vertex -52.375000 -37.850000 18.000000
    endloop
  endfacet
  facet normal 0.000000 0.000000 1.000000
    outer loop
      vertex -66.750000 -40.850000 18.000000
      vertex -52.375000 -37.850000 18.000000
      vertex -66.750000 -37.850000 18.000000
    endloop
  endfacet
  facet normal 0.000000 -1.000000 0.000000
    outer loop
      vertex -66.750000 -40.850000 3.000000
      vertex -52.375000 -40.850000 3.000000
      vertex -52.375000 -40.850000 18.000000
    endloop
  endfacet
  facet normal 0.000000 -1.000000 0.000000
    outer loop
      vertex -66.750000 -40.850000 3.000000
      vertex -52.375000 -40.850000 18.000000
      vertex -66.750000 -40.850000 18.000000
    endloop
  endfacet
  facet normal 0.000000 1.000000 0.000000
    outer loop
      vertex -52.375000 -37.850000 3.000000
      vertex -66.750000 -37.850000 3.000000
      vertex -66.750000 -37.850000 18.000000
    endloop
  endfacet
  facet normal 0.000000 1.000000 -0.000000
    outer loop
      vertex -52.375000 -37.850000 3.000000
      vertex -66.750000 -37.850000 18.000000
      vertex -52.375000 -37.850000 18.000000
    endloop
  endfacet
  facet normal -1.000000 0.000000 0.000000
    outer loop
      vertex -66.750000 -37.850000 3.000000
      vertex -66.750000 -40.850000 3.000000
      vertex -66.750000 -40.850000 18.000000
    endloop
  endfacet
  facet normal -1.000000 0.000000 0.000000
    outer loop
      vertex -66.750000 -37.850000 3.000000
      vertex -66.750000 -40.850000 18.000000
      vertex -66.750000 -37.850000 18.000000
    endloop
  endfacet
  facet normal 1.000000 0.000000 0.000000
    outer loop
      vertex -52.375000 -40.850000 3.000000
      vertex -52.375000 -37.850000 3.000000
      vertex -52.375000 -37.850000 18.000000
    endloop
  endfacet
  facet normal 1.000000 0.000000 0.000000
    outer loop
      vertex -52.375000 -40.850000 3.000000
      vertex -52.375000 -37.850000 18.000000
      vertex -52.375000 -40.850000 18.000000
    endloop
  endfacet
  facet normal 0.000000 0.000000 1.000000
    outer loop
      vertex -14.375000 -40.850000 18.000000
      vertex 14.375000 -40.850000 18.000000
      vertex 14.375000 -37.850000 18.000000
    endloop
  endfacet
  facet normal 0.000000 0.000000 1.000000
    outer loop
      vertex -14.375000 -40.850000 18.000000
      vertex 14.375000 -37.850000 18.000000
      vertex -14.375000 -37.850000 18.000000
    endloop
  endfacet
  facet normal 0.000000 -1.000000 0.000000
    outer loop
      vertex -14.375000 -40.850000 3.000000
      vertex 14.375000 -40.850000 3.000000
      vertex 14.375000 -40.850000 18.000000
    endloop
  endfacet
  facet normal 0.000000 -1.000000 0.000000
    outer loop
      vertex -14.375000 -40.850000 3.000000
      vertex 14.375000 -40.850000 18.000000
      vertex -14.375000 -40.850000 18.000000
    endloop
  endfacet
  facet normal 0.000000 1.000000 0.000000
    outer loop
      vertex 14.375000 -37.850000 3.000000
      vertex -14.375000 -37.850000 3.000000
      vertex -14.375000 -37.850000 18.000000
    endloop
  endfacet
  facet normal 0.000000 1.000000 -0.000000
    outer loop
      vertex 14.375000 -37.850000 3.000000
      vertex -14.375000 -37.850000 18.000000
      vertex 14.375000 -37.850000 18.000000
    endloop
  endfacet
  facet normal -1.000000 0.000000 0.000000
    outer loop
      vertex -14.375000 -37.850000 3.000000
      vertex -14.375000 -40.850000 3.000000
      vertex -14.375000 -40.850000 18.000000
    endloop
  endfacet
  facet normal -1.000000 0.000000 0.000000
    outer loop
      vertex -14.375000 -37.850000 3.000000
      vertex -14.375000 -40.850000 18.000000
      vertex -14.375000 -37.850000 18.000000
    endloop
  endfacet
  facet normal 1.000000 0.000000 0.000000
    outer loop
      vertex 14.375000 -40.850000 3.000000
      vertex 14.375000 -37.850000 3.000000
      vertex 14.375000 -37.850000 18.000000
    endloop
  endfacet
  facet normal 1.000000 0.000000 0.000000
    outer loop
      vertex 14.375000 -40.850000 3.000000
      vertex 14.375000 -37.850000 18.000000
      vertex 14.375000 -40.850000 18.000000
    endloop
  endfacet
  facet normal 0.000000 0.000000 1.000000
    outer loop
      vertex 52.375000 -40.850000 18.000000
      vertex 66.750000 -40.850000 18.000000
      vertex 66.750000 -37.850000 18.000000
    endloop
  endfacet
  facet normal 0.000000 0.000000 1.000000
    outer loop
      vertex 52.375000 -40.850000 18.000000
      vertex 66.750000 -37.850000 18.000000
      vertex 52.375000 -37.850000 18.000000
    endloop
  endfacet
  facet normal 0.000000 -1.000000 0.000000
    outer loop
      vertex 52.375000 -40.850000 3.000000
      vertex 66.750000 -40.850000 3.000000
      vertex 66.750000 -40.850000 18.000000
    endloop
  endfacet
  facet normal 0.000000 -1.000000 0.000000
    outer loop
      vertex 52.375000 -40.850000 3.000000
      vertex 66.750000 -40.850000 18.000000
      vertex 52.375000 -40.850000 18.000000
    endloop
  endfacet
  facet normal 0.000000 1.000000 0.000000
    outer loop
      vertex 66.750000 -37.850000 3.000000
      vertex 52.375000 -37.850000 3.000000
      vertex 52.375000 -37.850000 18.000000
    endloop
  endfacet
  facet normal 0.000000 1.000000 -0.000000
    outer loop
      vertex 66.750000 -37.850000 3.000000
      vertex 52.375000 -37.850000 18.000000
      vertex 66.750000 -37.850000 18.000000
    endloop
  endfacet
  facet normal -1.000000 0.000000 0.000000
    outer loop
      vertex 52.375000 -37.850000 3.000000
      vertex 52.375000 -40.850000 3.000000
      vertex 52.375000 -40.850000 18.000000
    endloop
  endfacet
  facet normal -1.000000 0.000000 0.000000
    outer loop
      vertex 52.375000 -37.850000 3.000000
      vertex 52.375000 -40.850000 18.000000
      vertex 52.375000 -37.850000 18.000000
    endloop
  endfacet
  facet normal 1.000000 0.000000 0.000000
    outer loop
      vertex 66.750000 -40.850000 3.000000
      vertex 66.750000 -37.850000 3.000000
      vertex 66.750000 -37.850000 18.000000
    endloop
  endfacet
  facet normal 1.000000 0.000000 0.000000
    outer loop
      vertex 66.750000 -40.850000 3.000000
      vertex 66.750000 -37.850000 18.000000
      vertex 66.750000 -40.850000 18.000000
    endloop
  endfacet
  facet normal 0.000000 0.000000 1.000000
    outer loop
      vertex -66.750000 37.850000 18.000000
      vertex -52.375000 37.850000 18.000000
      vertex -52.375000 40.850000 18.000000
    endloop
  endfacet
  facet normal 0.000000 0.000000 1.000000
    outer loop
      vertex -66.750000 37.850000 18.000000
      vertex -52.375000 40.850000 18.000000
      vertex -66.750000 40.850000 18.000000
    endloop
  endfacet
  facet normal 0.000000 -1.000000 0.000000
    outer loop
      vertex -66.750000 37.850000 3.000000
      vertex -52.375000 37.850000 3.000000
      vertex -52.375000 37.850000 18.000000
    endloop
  endfacet
  facet normal 0.000000 -1.000000 0.000000
    outer loop
      vertex -66.750000 37.850000 3.000000
      vertex -52.375000 37.850000 18.000000
      vertex -66.750000 37.850000 18.000000
    endloop
  endfacet
  facet normal 0.000000 1.000000 0.000000
    outer loop
      vertex -52.375000 40.850000 3.000000
      vertex -66.750000 40.850000 3.000000
      vertex -66.750000 40.850000 18.000000
    endloop
  endfacet
  facet normal 0.000000 1.000000 -0.000000
    outer loop
      vertex -52.375000 40.850000 3.000000
      vertex -66.750000 40.850000 18.000000
      vertex -52.375000 40.850000 18.000000
    endloop
  endfacet
  facet normal -1.000000 0.000000 0.000000
    outer loop
      vertex -66.750000 40.850000 3.000000
      vertex -66.750000 37.850000 3.000000
      vertex -66.750000 37.850000 18.000000
    endloop
  endfacet
  facet normal -1.000000 0.000000 0.000000
    outer loop
      vertex -66.750000 40.850000 3.000000
      vertex -66.750000 37.850000 18.000000
      vertex -66.750000 40.850000 18.000000
    endloop
  endfacet
  facet normal 1.000000 0.000000 0.000000
    outer loop
      vertex -52.375000 37.850000 3.000000
      vertex -52.375000 40.850000 3.000000
      vertex -52.375000 40.850000 18.000000
    endloop
  endfacet
  facet normal 1.000000 0.000000 0.000000
    outer loop
      vertex -52.375000 37.850000 3.000000
      vertex -52.375000 40.850000 18.000000
      vertex -52.375000 37.850000 18.000000
    endloop
  endfacet
  facet normal 0.000000 0.000000 1.000000
    outer loop
      vertex -14.375000 37.850000 18.000000
      vertex 14.375000 37.850000 18.000000
      vertex 14.375000 40.850000 18.000000
    endloop
  endfacet
  facet normal 0.000000 0.000000 1.000000
    outer loop
      vertex -14.375000 37.850000 18.000000
      vertex 14.375000 40.850000 18.000000
      vertex -14.375000 40.850000 18.000000
    endloop
  endfacet
  facet normal 0.000000 -1.000000 0.000000
    outer loop
      vertex -14.375000 37.850000 3.000000
      vertex 14.375000 37.850000 3.000000
      vertex 14.375000 37.850000 18.000000
    endloop
  endfacet
  facet normal 0.000000 -1.000000 0.000000
    outer loop
      vertex -14.375000 37.850000 3.000000
      vertex 14.375000 37.850000 18.000000
      vertex -14.375000 37.850000 18.000000
    endloop
  endfacet
  facet normal 0.000000 1.000000 0.000000
    outer loop
      vertex 14.375000 40.850000 3.000000
      vertex -14.375000 40.850000 3.000000
      vertex -14.375000 40.850000 18.000000
    endloop
  endfacet
  facet normal 0.000000 1.000000 -0.000000
    outer loop
      vertex 14.375000 40.850000 3.000000
      vertex -14.375000 40.850000 18.000000
      vertex 14.375000 40.850000 18.000000
    endloop
  endfacet
  facet normal -1.000000 0.000000 0.000000
    outer loop
      vertex -14.375000 40.850000 3.000000
      vertex -14.375000 37.850000 3.000000
      vertex -14.375000 37.850000 18.000000
    endloop
  endfacet
  facet normal -1.000000 0.000000 0.000000
    outer loop
      vertex -14.375000 40.850000 3.000000
      vertex -14.375000 37.850000 18.000000
      vertex -14.375000 40.850000 18.000000
    endloop
  endfacet
  facet normal 1.000000 0.000000 0.000000
    outer loop
      vertex 14.375000 37.850000 3.000000
      vertex 14.375000 40.850000 3.000000
      vertex 14.375000 40.850000 18.000000
    endloop
  endfacet
  facet normal 1.000000 0.000000 0.000000
    outer loop
      vertex 14.375000 37.850000 3.000000
      vertex 14.375000 40.850000 18.000000
      vertex 14.375000 37.850000 18.000000
    endloop
  endfacet
  facet normal 0.000000 0.000000 1.000000
    outer loop
      vertex 52.375000 37.850000 18.000000
      vertex 66.750000 37.850000 18.000000
      vertex 66.750000 40.850000 18.000000
    endloop
  endfacet
  facet normal 0.000000 0.000000 1.000000
    outer loop
      vertex 52.375000 37.850000 18.000000
      vertex 66.750000 40.850000 18.000000
      vertex 52.375000 40.850000 18.000000
    endloop
  endfacet
  facet normal 0.000000 -1.000000 0.000000
    outer loop
      vertex 52.375000 37.850000 3.000000
      vertex 66.750000 37.850000 3.000000
      vertex 66.750000 37.850000 18.000000
    endloop
  endfacet
  facet normal 0.000000 -1.000000 0.000000
    outer loop
      vertex 52.375000 37.850000 3.000000
      vertex 66.750000 37.850000 18.000000
      vertex 52.375000 37.850000 18.000000
    endloop
  endfacet
  facet normal 0.000000 1.000000 0.000000
    outer loop
      vertex 66.750000 40.850000 3.000000
      vertex 52.375000 40.850000 3.000000
      vertex 52.375000 40.850000 18.000000
    endloop
  endfacet
  facet normal 0.000000 1.000000 -0.000000
    outer loop
      vertex 66.750000 40.850000 3.000000
      vertex 52.375000 40.850000 18.000000
      vertex 66.750000 40.850000 18.000000
    endloop
  endfacet
  facet normal -1.000000 0.000000 0.000000
    outer loop
      vertex 52.375000 40.850000 3.000000
      vertex 52.375000 37.850000 3.000000
      vertex 52.375000 37.850000 18.000000
    endloop
  endfacet
  facet normal -1.000000 0.000000 0.000000
    outer loop
      vertex 52.375000 40.850000 3.000000
      vertex 52.375000 37.850000 18.000000
      vertex 52.375000 40.850000 18.000000
    endloop
  endfacet
  facet normal 1.000000 0.000000 0.000000
    outer loop
      vertex 66.750000 37.850000 3.000000
      vertex 66.750000 40.850000 3.000000
      vertex 66.750000 40.850000 18.000000
    endloop
  endfacet
  facet normal 1.000000 0.000000 0.000000
    outer loop
      vertex 66.750000 37.850000 3.000000
      vertex 66.750000 40.850000 18.000000
      vertex 66.750000 37.850000 18.000000
    endloop
  endfacet
endsolid power_tray_v0_1
