ISO-10303-21;
HEADER;
/* Generated by software containing ST-Developer
 * from STEP Tools, Inc. (www.steptools.com) 
 */

FILE_DESCRIPTION(
/* description */ ('STEP AP214'),
/* implementation_level */ '2;1');

FILE_NAME(
/* name */ '',
/* time_stamp */ '2026-08-17T23:27:44+08:00',
/* author */ (''),
/* organization */ (''),
/* preprocessor_version */ 'ST-DEVELOPER v20.1',
/* originating_system */ 'Autodesk Translation Framework v15.8.0.0',
/* authorisation */ '');

FILE_SCHEMA (('AUTOMOTIVE_DESIGN { 1 0 10303 214 3 1 1 }'));
ENDSEC;

DATA;
#10=MECHANICAL_DESIGN_GEOMETRIC_PRESENTATION_REPRESENTATION('',(#513,#514,
#515,#516,#517,#518,#519,#520,#521,#522,#523,#524,#525,#526,#527,#528,#529,
#530,#531,#532,#533,#534,#535,#536),#3147);
#11=SHAPE_REPRESENTATION_RELATIONSHIP('SRR','None',#3154,#12);
#12=ADVANCED_BREP_SHAPE_REPRESENTATION('',(#13),#3146);
#13=MANIFOLD_SOLID_BREP('\X2\5B9E4F53\X0\1',#1885);
#14=FACE_BOUND('',#677,.T.);
#15=FACE_BOUND('',#679,.T.);
#16=FACE_BOUND('',#681,.T.);
#17=FACE_BOUND('',#683,.T.);
#18=FACE_BOUND('',#684,.T.);
#19=FACE_BOUND('',#685,.T.);
#20=FACE_BOUND('',#686,.T.);
#21=FACE_BOUND('',#687,.T.);
#22=FACE_BOUND('',#688,.T.);
#23=FACE_BOUND('',#689,.T.);
#24=FACE_BOUND('',#690,.T.);
#25=FACE_BOUND('',#691,.T.);
#26=FACE_BOUND('',#692,.T.);
#27=FACE_BOUND('',#693,.T.);
#28=FACE_BOUND('',#695,.T.);
#29=FACE_BOUND('',#698,.T.);
#30=FACE_BOUND('',#709,.T.);
#31=FACE_BOUND('',#724,.T.);
#32=FACE_BOUND('',#739,.T.);
#33=PLANE('',#1990);
#34=PLANE('',#1991);
#35=PLANE('',#1992);
#36=PLANE('',#1993);
#37=PLANE('',#1994);
#38=PLANE('',#1995);
#39=PLANE('',#1996);
#40=PLANE('',#1997);
#41=PLANE('',#1998);
#42=PLANE('',#1999);
#43=PLANE('',#2000);
#44=PLANE('',#2001);
#45=PLANE('',#2002);
#46=PLANE('',#2003);
#47=PLANE('',#2004);
#48=PLANE('',#2005);
#49=PLANE('',#2006);
#50=PLANE('',#2007);
#51=PLANE('',#2008);
#52=PLANE('',#2009);
#53=PLANE('',#2010);
#54=PLANE('',#2011);
#55=PLANE('',#2012);
#56=PLANE('',#2013);
#57=PLANE('',#2014);
#58=PLANE('',#2015);
#59=PLANE('',#2016);
#60=PLANE('',#2017);
#61=PLANE('',#2018);
#62=PLANE('',#2019);
#63=PLANE('',#2020);
#64=PLANE('',#2021);
#65=PLANE('',#2022);
#66=PLANE('',#2023);
#67=PLANE('',#2024);
#68=PLANE('',#2025);
#69=PLANE('',#2026);
#70=PLANE('',#2027);
#71=PLANE('',#2028);
#72=PLANE('',#2029);
#73=PLANE('',#2030);
#74=PLANE('',#2031);
#75=PLANE('',#2032);
#76=PLANE('',#2033);
#77=PLANE('',#2034);
#78=PLANE('',#2035);
#79=PLANE('',#2036);
#80=PLANE('',#2037);
#81=PLANE('',#2038);
#82=PLANE('',#2039);
#83=PLANE('',#2040);
#84=PLANE('',#2041);
#85=PLANE('',#2042);
#86=PLANE('',#2043);
#87=PLANE('',#2044);
#88=PLANE('',#2045);
#89=PLANE('',#2046);
#90=PLANE('',#2047);
#91=PLANE('',#2048);
#92=PLANE('',#2049);
#93=PLANE('',#2050);
#94=PLANE('',#2051);
#95=PLANE('',#2052);
#96=PLANE('',#2053);
#97=PLANE('',#2054);
#98=PLANE('',#2055);
#99=PLANE('',#2056);
#100=PLANE('',#2057);
#101=PLANE('',#2058);
#102=PLANE('',#2059);
#103=PLANE('',#2060);
#104=PLANE('',#2061);
#105=PLANE('',#2062);
#106=PLANE('',#2063);
#107=PLANE('',#2064);
#108=PLANE('',#2065);
#109=PLANE('',#2066);
#110=PLANE('',#2067);
#111=PLANE('',#2068);
#112=PLANE('',#2069);
#113=PLANE('',#2070);
#114=PLANE('',#2071);
#115=PLANE('',#2072);
#116=LINE('',#2668,#305);
#117=LINE('',#2672,#306);
#118=LINE('',#2676,#307);
#119=LINE('',#2681,#308);
#120=LINE('',#2687,#309);
#121=LINE('',#2693,#310);
#122=LINE('',#2700,#311);
#123=LINE('',#2703,#312);
#124=LINE('',#2710,#313);
#125=LINE('',#2715,#314);
#126=LINE('',#2721,#315);
#127=LINE('',#2727,#316);
#128=LINE('',#2733,#317);
#129=LINE('',#2739,#318);
#130=LINE('',#2745,#319);
#131=LINE('',#2749,#320);
#132=LINE('',#2753,#321);
#133=LINE('',#2759,#322);
#134=LINE('',#2765,#323);
#135=LINE('',#2768,#324);
#136=LINE('',#2778,#325);
#137=LINE('',#2782,#326);
#138=LINE('',#2787,#327);
#139=LINE('',#2794,#328);
#140=LINE('',#2796,#329);
#141=LINE('',#2798,#330);
#142=LINE('',#2800,#331);
#143=LINE('',#2802,#332);
#144=LINE('',#2804,#333);
#145=LINE('',#2806,#334);
#146=LINE('',#2807,#335);
#147=LINE('',#2810,#336);
#148=LINE('',#2812,#337);
#149=LINE('',#2813,#338);
#150=LINE('',#2815,#339);
#151=LINE('',#2818,#340);
#152=LINE('',#2820,#341);
#153=LINE('',#2821,#342);
#154=LINE('',#2824,#343);
#155=LINE('',#2826,#344);
#156=LINE('',#2827,#345);
#157=LINE('',#2829,#346);
#158=LINE('',#2831,#347);
#159=LINE('',#2832,#348);
#160=LINE('',#2834,#349);
#161=LINE('',#2835,#350);
#162=LINE('',#2844,#351);
#163=LINE('',#2851,#352);
#164=LINE('',#2857,#353);
#165=LINE('',#2859,#354);
#166=LINE('',#2861,#355);
#167=LINE('',#2863,#356);
#168=LINE('',#2865,#357);
#169=LINE('',#2867,#358);
#170=LINE('',#2869,#359);
#171=LINE('',#2871,#360);
#172=LINE('',#2873,#361);
#173=LINE('',#2875,#362);
#174=LINE('',#2877,#363);
#175=LINE('',#2878,#364);
#176=LINE('',#2882,#365);
#177=LINE('',#2883,#366);
#178=LINE('',#2884,#367);
#179=LINE('',#2887,#368);
#180=LINE('',#2888,#369);
#181=LINE('',#2891,#370);
#182=LINE('',#2892,#371);
#183=LINE('',#2895,#372);
#184=LINE('',#2896,#373);
#185=LINE('',#2899,#374);
#186=LINE('',#2900,#375);
#187=LINE('',#2903,#376);
#188=LINE('',#2904,#377);
#189=LINE('',#2907,#378);
#190=LINE('',#2908,#379);
#191=LINE('',#2911,#380);
#192=LINE('',#2912,#381);
#193=LINE('',#2915,#382);
#194=LINE('',#2916,#383);
#195=LINE('',#2919,#384);
#196=LINE('',#2920,#385);
#197=LINE('',#2923,#386);
#198=LINE('',#2924,#387);
#199=LINE('',#2926,#388);
#200=LINE('',#2931,#389);
#201=LINE('',#2933,#390);
#202=LINE('',#2935,#391);
#203=LINE('',#2937,#392);
#204=LINE('',#2939,#393);
#205=LINE('',#2941,#394);
#206=LINE('',#2943,#395);
#207=LINE('',#2945,#396);
#208=LINE('',#2947,#397);
#209=LINE('',#2949,#398);
#210=LINE('',#2951,#399);
#211=LINE('',#2952,#400);
#212=LINE('',#2956,#401);
#213=LINE('',#2957,#402);
#214=LINE('',#2958,#403);
#215=LINE('',#2961,#404);
#216=LINE('',#2962,#405);
#217=LINE('',#2965,#406);
#218=LINE('',#2966,#407);
#219=LINE('',#2969,#408);
#220=LINE('',#2970,#409);
#221=LINE('',#2973,#410);
#222=LINE('',#2974,#411);
#223=LINE('',#2977,#412);
#224=LINE('',#2978,#413);
#225=LINE('',#2981,#414);
#226=LINE('',#2982,#415);
#227=LINE('',#2985,#416);
#228=LINE('',#2986,#417);
#229=LINE('',#2989,#418);
#230=LINE('',#2990,#419);
#231=LINE('',#2993,#420);
#232=LINE('',#2994,#421);
#233=LINE('',#2997,#422);
#234=LINE('',#2998,#423);
#235=LINE('',#3000,#424);
#236=LINE('',#3005,#425);
#237=LINE('',#3007,#426);
#238=LINE('',#3009,#427);
#239=LINE('',#3011,#428);
#240=LINE('',#3013,#429);
#241=LINE('',#3015,#430);
#242=LINE('',#3017,#431);
#243=LINE('',#3019,#432);
#244=LINE('',#3021,#433);
#245=LINE('',#3023,#434);
#246=LINE('',#3025,#435);
#247=LINE('',#3026,#436);
#248=LINE('',#3030,#437);
#249=LINE('',#3031,#438);
#250=LINE('',#3032,#439);
#251=LINE('',#3035,#440);
#252=LINE('',#3036,#441);
#253=LINE('',#3039,#442);
#254=LINE('',#3040,#443);
#255=LINE('',#3043,#444);
#256=LINE('',#3044,#445);
#257=LINE('',#3047,#446);
#258=LINE('',#3048,#447);
#259=LINE('',#3051,#448);
#260=LINE('',#3052,#449);
#261=LINE('',#3055,#450);
#262=LINE('',#3056,#451);
#263=LINE('',#3059,#452);
#264=LINE('',#3060,#453);
#265=LINE('',#3063,#454);
#266=LINE('',#3064,#455);
#267=LINE('',#3067,#456);
#268=LINE('',#3068,#457);
#269=LINE('',#3071,#458);
#270=LINE('',#3072,#459);
#271=LINE('',#3074,#460);
#272=LINE('',#3078,#461);
#273=LINE('',#3079,#462);
#274=LINE('',#3084,#463);
#275=LINE('',#3085,#464);
#276=LINE('',#3088,#465);
#277=LINE('',#3089,#466);
#278=LINE('',#3093,#467);
#279=LINE('',#3094,#468);
#280=LINE('',#3095,#469);
#281=LINE('',#3097,#470);
#282=LINE('',#3098,#471);
#283=LINE('',#3101,#472);
#284=LINE('',#3102,#473);
#285=LINE('',#3105,#474);
#286=LINE('',#3107,#475);
#287=LINE('',#3108,#476);
#288=LINE('',#3109,#477);
#289=LINE('',#3113,#478);
#290=LINE('',#3115,#479);
#291=LINE('',#3116,#480);
#292=LINE('',#3120,#481);
#293=LINE('',#3121,#482);
#294=LINE('',#3123,#483);
#295=LINE('',#3124,#484);
#296=LINE('',#3128,#485);
#297=LINE('',#3129,#486);
#298=LINE('',#3130,#487);
#299=LINE('',#3131,#488);
#300=LINE('',#3134,#489);
#301=LINE('',#3135,#490);
#302=LINE('',#3136,#491);
#303=LINE('',#3139,#492);
#304=LINE('',#3142,#493);
#305=VECTOR('',#2143,1.5);
#306=VECTOR('',#2148,1.5);
#307=VECTOR('',#2153,1.5);
#308=VECTOR('',#2158,2.);
#309=VECTOR('',#2165,2.);
#310=VECTOR('',#2172,2.);
#311=VECTOR('',#2179,1000.);
#312=VECTOR('',#2182,1000.);
#313=VECTOR('',#2193,16.4);
#314=VECTOR('',#2198,1.5);
#315=VECTOR('',#2205,1.5);
#316=VECTOR('',#2212,1.5);
#317=VECTOR('',#2219,1.5);
#318=VECTOR('',#2226,1.5);
#319=VECTOR('',#2233,3.);
#320=VECTOR('',#2236,1000.);
#321=VECTOR('',#2239,1000.);
#322=VECTOR('',#2246,6.);
#323=VECTOR('',#2253,1.5);
#324=VECTOR('',#2258,18.3);
#325=VECTOR('',#2267,1000.);
#326=VECTOR('',#2270,16.4);
#327=VECTOR('',#2275,1000.);
#328=VECTOR('',#2282,1000.);
#329=VECTOR('',#2283,1000.);
#330=VECTOR('',#2284,1000.);
#331=VECTOR('',#2285,1000.);
#332=VECTOR('',#2286,1000.);
#333=VECTOR('',#2287,1000.);
#334=VECTOR('',#2288,1000.);
#335=VECTOR('',#2289,1000.);
#336=VECTOR('',#2292,1000.);
#337=VECTOR('',#2293,1000.);
#338=VECTOR('',#2294,1000.);
#339=VECTOR('',#2297,1000.);
#340=VECTOR('',#2300,1000.);
#341=VECTOR('',#2301,1000.);
#342=VECTOR('',#2302,1000.);
#343=VECTOR('',#2305,1000.);
#344=VECTOR('',#2306,1000.);
#345=VECTOR('',#2307,1000.);
#346=VECTOR('',#2308,1000.);
#347=VECTOR('',#2309,1000.);
#348=VECTOR('',#2310,1000.);
#349=VECTOR('',#2313,1000.);
#350=VECTOR('',#2314,1000.);
#351=VECTOR('',#2331,1000.);
#352=VECTOR('',#2344,1000.);
#353=VECTOR('',#2351,1000.);
#354=VECTOR('',#2352,1000.);
#355=VECTOR('',#2353,1000.);
#356=VECTOR('',#2354,1000.);
#357=VECTOR('',#2355,1000.);
#358=VECTOR('',#2356,1000.);
#359=VECTOR('',#2357,1000.);
#360=VECTOR('',#2358,1000.);
#361=VECTOR('',#2359,1000.);
#362=VECTOR('',#2360,1000.);
#363=VECTOR('',#2361,1000.);
#364=VECTOR('',#2362,1000.);
#365=VECTOR('',#2365,1000.);
#366=VECTOR('',#2366,1000.);
#367=VECTOR('',#2367,1000.);
#368=VECTOR('',#2370,1000.);
#369=VECTOR('',#2371,1000.);
#370=VECTOR('',#2374,1000.);
#371=VECTOR('',#2375,1000.);
#372=VECTOR('',#2378,1000.);
#373=VECTOR('',#2379,1000.);
#374=VECTOR('',#2382,1000.);
#375=VECTOR('',#2383,1000.);
#376=VECTOR('',#2386,1000.);
#377=VECTOR('',#2387,1000.);
#378=VECTOR('',#2390,1000.);
#379=VECTOR('',#2391,1000.);
#380=VECTOR('',#2394,1000.);
#381=VECTOR('',#2395,1000.);
#382=VECTOR('',#2398,1000.);
#383=VECTOR('',#2399,1000.);
#384=VECTOR('',#2402,1000.);
#385=VECTOR('',#2403,1000.);
#386=VECTOR('',#2406,1000.);
#387=VECTOR('',#2407,1000.);
#388=VECTOR('',#2410,1000.);
#389=VECTOR('',#2415,1000.);
#390=VECTOR('',#2416,1000.);
#391=VECTOR('',#2417,1000.);
#392=VECTOR('',#2418,1000.);
#393=VECTOR('',#2419,1000.);
#394=VECTOR('',#2420,1000.);
#395=VECTOR('',#2421,1000.);
#396=VECTOR('',#2422,1000.);
#397=VECTOR('',#2423,1000.);
#398=VECTOR('',#2424,1000.);
#399=VECTOR('',#2425,1000.);
#400=VECTOR('',#2426,1000.);
#401=VECTOR('',#2429,1000.);
#402=VECTOR('',#2430,1000.);
#403=VECTOR('',#2431,1000.);
#404=VECTOR('',#2434,1000.);
#405=VECTOR('',#2435,1000.);
#406=VECTOR('',#2438,1000.);
#407=VECTOR('',#2439,1000.);
#408=VECTOR('',#2442,1000.);
#409=VECTOR('',#2443,1000.);
#410=VECTOR('',#2446,1000.);
#411=VECTOR('',#2447,1000.);
#412=VECTOR('',#2450,1000.);
#413=VECTOR('',#2451,1000.);
#414=VECTOR('',#2454,1000.);
#415=VECTOR('',#2455,1000.);
#416=VECTOR('',#2458,1000.);
#417=VECTOR('',#2459,1000.);
#418=VECTOR('',#2462,1000.);
#419=VECTOR('',#2463,1000.);
#420=VECTOR('',#2466,1000.);
#421=VECTOR('',#2467,1000.);
#422=VECTOR('',#2470,1000.);
#423=VECTOR('',#2471,1000.);
#424=VECTOR('',#2474,1000.);
#425=VECTOR('',#2479,1000.);
#426=VECTOR('',#2480,1000.);
#427=VECTOR('',#2481,1000.);
#428=VECTOR('',#2482,1000.);
#429=VECTOR('',#2483,1000.);
#430=VECTOR('',#2484,1000.);
#431=VECTOR('',#2485,1000.);
#432=VECTOR('',#2486,1000.);
#433=VECTOR('',#2487,1000.);
#434=VECTOR('',#2488,1000.);
#435=VECTOR('',#2489,1000.);
#436=VECTOR('',#2490,1000.);
#437=VECTOR('',#2493,1000.);
#438=VECTOR('',#2494,1000.);
#439=VECTOR('',#2495,1000.);
#440=VECTOR('',#2498,1000.);
#441=VECTOR('',#2499,1000.);
#442=VECTOR('',#2502,1000.);
#443=VECTOR('',#2503,1000.);
#444=VECTOR('',#2506,1000.);
#445=VECTOR('',#2507,1000.);
#446=VECTOR('',#2510,1000.);
#447=VECTOR('',#2511,1000.);
#448=VECTOR('',#2514,1000.);
#449=VECTOR('',#2515,1000.);
#450=VECTOR('',#2518,1000.);
#451=VECTOR('',#2519,1000.);
#452=VECTOR('',#2522,1000.);
#453=VECTOR('',#2523,1000.);
#454=VECTOR('',#2526,1000.);
#455=VECTOR('',#2527,1000.);
#456=VECTOR('',#2530,1000.);
#457=VECTOR('',#2531,1000.);
#458=VECTOR('',#2534,1000.);
#459=VECTOR('',#2535,1000.);
#460=VECTOR('',#2538,1000.);
#461=VECTOR('',#2545,1000.);
#462=VECTOR('',#2546,1000.);
#463=VECTOR('',#2553,1000.);
#464=VECTOR('',#2554,1000.);
#465=VECTOR('',#2557,1000.);
#466=VECTOR('',#2558,1000.);
#467=VECTOR('',#2561,1000.);
#468=VECTOR('',#2562,1000.);
#469=VECTOR('',#2563,1000.);
#470=VECTOR('',#2564,1000.);
#471=VECTOR('',#2565,1000.);
#472=VECTOR('',#2568,1000.);
#473=VECTOR('',#2569,1000.);
#474=VECTOR('',#2572,1000.);
#475=VECTOR('',#2573,1000.);
#476=VECTOR('',#2574,1000.);
#477=VECTOR('',#2575,1000.);
#478=VECTOR('',#2580,1000.);
#479=VECTOR('',#2581,1000.);
#480=VECTOR('',#2582,1000.);
#481=VECTOR('',#2585,1000.);
#482=VECTOR('',#2586,1000.);
#483=VECTOR('',#2587,1000.);
#484=VECTOR('',#2588,1000.);
#485=VECTOR('',#2591,1000.);
#486=VECTOR('',#2592,1000.);
#487=VECTOR('',#2593,1000.);
#488=VECTOR('',#2594,1000.);
#489=VECTOR('',#2597,1000.);
#490=VECTOR('',#2598,1000.);
#491=VECTOR('',#2599,1000.);
#492=VECTOR('',#2604,1000.);
#493=VECTOR('',#2609,1000.);
#494=CYLINDRICAL_SURFACE('',#1931,1.5);
#495=CYLINDRICAL_SURFACE('',#1933,1.5);
#496=CYLINDRICAL_SURFACE('',#1935,1.5);
#497=CYLINDRICAL_SURFACE('',#1937,2.);
#498=CYLINDRICAL_SURFACE('',#1940,2.);
#499=CYLINDRICAL_SURFACE('',#1943,2.);
#500=CYLINDRICAL_SURFACE('',#1946,10.);
#501=CYLINDRICAL_SURFACE('',#1949,12.3);
#502=CYLINDRICAL_SURFACE('',#1952,16.4);
#503=CYLINDRICAL_SURFACE('',#1954,1.5);
#504=CYLINDRICAL_SURFACE('',#1957,1.5);
#505=CYLINDRICAL_SURFACE('',#1960,1.5);
#506=CYLINDRICAL_SURFACE('',#1963,1.5);
#507=CYLINDRICAL_SURFACE('',#1966,1.5);
#508=CYLINDRICAL_SURFACE('',#1969,3.);
#509=CYLINDRICAL_SURFACE('',#1974,6.);
#510=CYLINDRICAL_SURFACE('',#1977,1.5);
#511=CYLINDRICAL_SURFACE('',#1980,18.3);
#512=CYLINDRICAL_SURFACE('',#1981,16.4);
#513=STYLED_ITEM('',(#3165),#1778);
#514=STYLED_ITEM('',(#3165),#1779);
#515=STYLED_ITEM('',(#3165),#1786);
#516=STYLED_ITEM('',(#3165),#1787);
#517=STYLED_ITEM('',(#3165),#1788);
#518=STYLED_ITEM('',(#3165),#1789);
#519=STYLED_ITEM('',(#3165),#1790);
#520=STYLED_ITEM('',(#3166),#1791);
#521=STYLED_ITEM('',(#3165),#1792);
#522=STYLED_ITEM('',(#3165),#1793);
#523=STYLED_ITEM('',(#3165),#1794);
#524=STYLED_ITEM('',(#3165),#1795);
#525=STYLED_ITEM('',(#3165),#1796);
#526=STYLED_ITEM('',(#3165),#1798);
#527=STYLED_ITEM('',(#3165),#1799);
#528=STYLED_ITEM('',(#3167),#1800);
#529=STYLED_ITEM('',(#3168),#1801);
#530=STYLED_ITEM('',(#3168),#1807);
#531=STYLED_ITEM('',(#3167),#1811);
#532=STYLED_ITEM('',(#3167),#1812);
#533=STYLED_ITEM('',(#3165),#1814);
#534=STYLED_ITEM('',(#3165),#1823);
#535=STYLED_ITEM('',(#3168),#1866);
#536=STYLED_ITEM('',(#3164),#13);
#537=FACE_OUTER_BOUND('',#645,.T.);
#538=FACE_OUTER_BOUND('',#646,.T.);
#539=FACE_OUTER_BOUND('',#647,.T.);
#540=FACE_OUTER_BOUND('',#648,.T.);
#541=FACE_OUTER_BOUND('',#649,.T.);
#542=FACE_OUTER_BOUND('',#650,.T.);
#543=FACE_OUTER_BOUND('',#651,.T.);
#544=FACE_OUTER_BOUND('',#652,.T.);
#545=FACE_OUTER_BOUND('',#653,.T.);
#546=FACE_OUTER_BOUND('',#654,.T.);
#547=FACE_OUTER_BOUND('',#655,.T.);
#548=FACE_OUTER_BOUND('',#656,.T.);
#549=FACE_OUTER_BOUND('',#657,.T.);
#550=FACE_OUTER_BOUND('',#658,.T.);
#551=FACE_OUTER_BOUND('',#659,.T.);
#552=FACE_OUTER_BOUND('',#660,.T.);
#553=FACE_OUTER_BOUND('',#661,.T.);
#554=FACE_OUTER_BOUND('',#662,.T.);
#555=FACE_OUTER_BOUND('',#663,.T.);
#556=FACE_OUTER_BOUND('',#664,.T.);
#557=FACE_OUTER_BOUND('',#665,.T.);
#558=FACE_OUTER_BOUND('',#666,.T.);
#559=FACE_OUTER_BOUND('',#667,.T.);
#560=FACE_OUTER_BOUND('',#668,.T.);
#561=FACE_OUTER_BOUND('',#669,.T.);
#562=FACE_OUTER_BOUND('',#670,.T.);
#563=FACE_OUTER_BOUND('',#671,.T.);
#564=FACE_OUTER_BOUND('',#672,.T.);
#565=FACE_OUTER_BOUND('',#673,.T.);
#566=FACE_OUTER_BOUND('',#674,.T.);
#567=FACE_OUTER_BOUND('',#675,.T.);
#568=FACE_OUTER_BOUND('',#676,.T.);
#569=FACE_OUTER_BOUND('',#678,.T.);
#570=FACE_OUTER_BOUND('',#680,.T.);
#571=FACE_OUTER_BOUND('',#682,.T.);
#572=FACE_OUTER_BOUND('',#694,.T.);
#573=FACE_OUTER_BOUND('',#696,.T.);
#574=FACE_OUTER_BOUND('',#697,.T.);
#575=FACE_OUTER_BOUND('',#699,.T.);
#576=FACE_OUTER_BOUND('',#700,.T.);
#577=FACE_OUTER_BOUND('',#701,.T.);
#578=FACE_OUTER_BOUND('',#702,.T.);
#579=FACE_OUTER_BOUND('',#703,.T.);
#580=FACE_OUTER_BOUND('',#704,.T.);
#581=FACE_OUTER_BOUND('',#705,.T.);
#582=FACE_OUTER_BOUND('',#706,.T.);
#583=FACE_OUTER_BOUND('',#707,.T.);
#584=FACE_OUTER_BOUND('',#708,.T.);
#585=FACE_OUTER_BOUND('',#710,.T.);
#586=FACE_OUTER_BOUND('',#711,.T.);
#587=FACE_OUTER_BOUND('',#712,.T.);
#588=FACE_OUTER_BOUND('',#713,.T.);
#589=FACE_OUTER_BOUND('',#714,.T.);
#590=FACE_OUTER_BOUND('',#715,.T.);
#591=FACE_OUTER_BOUND('',#716,.T.);
#592=FACE_OUTER_BOUND('',#717,.T.);
#593=FACE_OUTER_BOUND('',#718,.T.);
#594=FACE_OUTER_BOUND('',#719,.T.);
#595=FACE_OUTER_BOUND('',#720,.T.);
#596=FACE_OUTER_BOUND('',#721,.T.);
#597=FACE_OUTER_BOUND('',#722,.T.);
#598=FACE_OUTER_BOUND('',#723,.T.);
#599=FACE_OUTER_BOUND('',#725,.T.);
#600=FACE_OUTER_BOUND('',#726,.T.);
#601=FACE_OUTER_BOUND('',#727,.T.);
#602=FACE_OUTER_BOUND('',#728,.T.);
#603=FACE_OUTER_BOUND('',#729,.T.);
#604=FACE_OUTER_BOUND('',#730,.T.);
#605=FACE_OUTER_BOUND('',#731,.T.);
#606=FACE_OUTER_BOUND('',#732,.T.);
#607=FACE_OUTER_BOUND('',#733,.T.);
#608=FACE_OUTER_BOUND('',#734,.T.);
#609=FACE_OUTER_BOUND('',#735,.T.);
#610=FACE_OUTER_BOUND('',#736,.T.);
#611=FACE_OUTER_BOUND('',#737,.T.);
#612=FACE_OUTER_BOUND('',#738,.T.);
#613=FACE_OUTER_BOUND('',#740,.T.);
#614=FACE_OUTER_BOUND('',#741,.T.);
#615=FACE_OUTER_BOUND('',#742,.T.);
#616=FACE_OUTER_BOUND('',#743,.T.);
#617=FACE_OUTER_BOUND('',#744,.T.);
#618=FACE_OUTER_BOUND('',#745,.T.);
#619=FACE_OUTER_BOUND('',#746,.T.);
#620=FACE_OUTER_BOUND('',#747,.T.);
#621=FACE_OUTER_BOUND('',#748,.T.);
#622=FACE_OUTER_BOUND('',#749,.T.);
#623=FACE_OUTER_BOUND('',#750,.T.);
#624=FACE_OUTER_BOUND('',#751,.T.);
#625=FACE_OUTER_BOUND('',#752,.T.);
#626=FACE_OUTER_BOUND('',#753,.T.);
#627=FACE_OUTER_BOUND('',#754,.T.);
#628=FACE_OUTER_BOUND('',#755,.T.);
#629=FACE_OUTER_BOUND('',#756,.T.);
#630=FACE_OUTER_BOUND('',#757,.T.);
#631=FACE_OUTER_BOUND('',#758,.T.);
#632=FACE_OUTER_BOUND('',#759,.T.);
#633=FACE_OUTER_BOUND('',#760,.T.);
#634=FACE_OUTER_BOUND('',#761,.T.);
#635=FACE_OUTER_BOUND('',#762,.T.);
#636=FACE_OUTER_BOUND('',#763,.T.);
#637=FACE_OUTER_BOUND('',#764,.T.);
#638=FACE_OUTER_BOUND('',#765,.T.);
#639=FACE_OUTER_BOUND('',#766,.T.);
#640=FACE_OUTER_BOUND('',#767,.T.);
#641=FACE_OUTER_BOUND('',#768,.T.);
#642=FACE_OUTER_BOUND('',#769,.T.);
#643=FACE_OUTER_BOUND('',#770,.T.);
#644=FACE_OUTER_BOUND('',#771,.T.);
#645=EDGE_LOOP('',(#1261,#1262,#1263,#1264,#1265,#1266,#1267));
#646=EDGE_LOOP('',(#1268,#1269,#1270,#1271,#1272));
#647=EDGE_LOOP('',(#1273,#1274,#1275,#1276,#1277));
#648=EDGE_LOOP('',(#1278,#1279,#1280,#1281,#1282));
#649=EDGE_LOOP('',(#1283,#1284,#1285,#1286,#1287));
#650=EDGE_LOOP('',(#1288,#1289,#1290,#1291,#1292));
#651=EDGE_LOOP('',(#1293,#1294,#1295,#1296,#1297));
#652=EDGE_LOOP('',(#1298,#1299,#1300,#1301,#1302));
#653=EDGE_LOOP('',(#1303,#1304,#1305,#1306,#1307));
#654=EDGE_LOOP('',(#1308,#1309,#1310,#1311));
#655=EDGE_LOOP('',(#1312,#1313,#1314,#1315));
#656=EDGE_LOOP('',(#1316,#1317,#1318,#1319));
#657=EDGE_LOOP('',(#1320,#1321,#1322,#1323));
#658=EDGE_LOOP('',(#1324,#1325,#1326,#1327));
#659=EDGE_LOOP('',(#1328,#1329,#1330,#1331,#1332));
#660=EDGE_LOOP('',(#1333,#1334,#1335,#1336));
#661=EDGE_LOOP('',(#1337,#1338,#1339,#1340));
#662=EDGE_LOOP('',(#1341,#1342,#1343,#1344));
#663=EDGE_LOOP('',(#1345,#1346,#1347,#1348));
#664=EDGE_LOOP('',(#1349,#1350,#1351,#1352));
#665=EDGE_LOOP('',(#1353,#1354,#1355,#1356,#1357,#1358,#1359,#1360));
#666=EDGE_LOOP('',(#1361,#1362,#1363,#1364));
#667=EDGE_LOOP('',(#1365,#1366,#1367,#1368));
#668=EDGE_LOOP('',(#1369,#1370,#1371,#1372,#1373,#1374));
#669=EDGE_LOOP('',(#1375,#1376,#1377,#1378,#1379,#1380,#1381,#1382,#1383,
#1384,#1385,#1386));
#670=EDGE_LOOP('',(#1387,#1388,#1389,#1390,#1391,#1392,#1393,#1394));
#671=EDGE_LOOP('',(#1395,#1396,#1397,#1398));
#672=EDGE_LOOP('',(#1399,#1400));
#673=EDGE_LOOP('',(#1401,#1402,#1403,#1404));
#674=EDGE_LOOP('',(#1405,#1406,#1407,#1408,#1409,#1410,#1411,#1412));
#675=EDGE_LOOP('',(#1413,#1414,#1415,#1416,#1417));
#676=EDGE_LOOP('',(#1418));
#677=EDGE_LOOP('',(#1419));
#678=EDGE_LOOP('',(#1420));
#679=EDGE_LOOP('',(#1421));
#680=EDGE_LOOP('',(#1422));
#681=EDGE_LOOP('',(#1423));
#682=EDGE_LOOP('',(#1424));
#683=EDGE_LOOP('',(#1425));
#684=EDGE_LOOP('',(#1426));
#685=EDGE_LOOP('',(#1427));
#686=EDGE_LOOP('',(#1428));
#687=EDGE_LOOP('',(#1429));
#688=EDGE_LOOP('',(#1430));
#689=EDGE_LOOP('',(#1431));
#690=EDGE_LOOP('',(#1432));
#691=EDGE_LOOP('',(#1433));
#692=EDGE_LOOP('',(#1434));
#693=EDGE_LOOP('',(#1435,#1436));
#694=EDGE_LOOP('',(#1437));
#695=EDGE_LOOP('',(#1438));
#696=EDGE_LOOP('',(#1439));
#697=EDGE_LOOP('',(#1440));
#698=EDGE_LOOP('',(#1441));
#699=EDGE_LOOP('',(#1442,#1443,#1444));
#700=EDGE_LOOP('',(#1445));
#701=EDGE_LOOP('',(#1446));
#702=EDGE_LOOP('',(#1447));
#703=EDGE_LOOP('',(#1448));
#704=EDGE_LOOP('',(#1449));
#705=EDGE_LOOP('',(#1450,#1451,#1452,#1453));
#706=EDGE_LOOP('',(#1454,#1455));
#707=EDGE_LOOP('',(#1456,#1457));
#708=EDGE_LOOP('',(#1458));
#709=EDGE_LOOP('',(#1459,#1460,#1461,#1462,#1463,#1464,#1465,#1466,#1467,
#1468,#1469,#1470));
#710=EDGE_LOOP('',(#1471,#1472,#1473,#1474));
#711=EDGE_LOOP('',(#1475,#1476,#1477,#1478));
#712=EDGE_LOOP('',(#1479,#1480,#1481,#1482));
#713=EDGE_LOOP('',(#1483,#1484,#1485,#1486));
#714=EDGE_LOOP('',(#1487,#1488,#1489,#1490));
#715=EDGE_LOOP('',(#1491,#1492,#1493,#1494));
#716=EDGE_LOOP('',(#1495,#1496,#1497,#1498));
#717=EDGE_LOOP('',(#1499,#1500,#1501,#1502));
#718=EDGE_LOOP('',(#1503,#1504,#1505,#1506));
#719=EDGE_LOOP('',(#1507,#1508,#1509,#1510));
#720=EDGE_LOOP('',(#1511,#1512,#1513,#1514));
#721=EDGE_LOOP('',(#1515,#1516,#1517,#1518));
#722=EDGE_LOOP('',(#1519,#1520,#1521,#1522,#1523,#1524,#1525,#1526,#1527,
#1528,#1529,#1530));
#723=EDGE_LOOP('',(#1531));
#724=EDGE_LOOP('',(#1532,#1533,#1534,#1535,#1536,#1537,#1538,#1539,#1540,
#1541,#1542,#1543));
#725=EDGE_LOOP('',(#1544,#1545,#1546,#1547));
#726=EDGE_LOOP('',(#1548,#1549,#1550,#1551));
#727=EDGE_LOOP('',(#1552,#1553,#1554,#1555));
#728=EDGE_LOOP('',(#1556,#1557,#1558,#1559));
#729=EDGE_LOOP('',(#1560,#1561,#1562,#1563));
#730=EDGE_LOOP('',(#1564,#1565,#1566,#1567));
#731=EDGE_LOOP('',(#1568,#1569,#1570,#1571));
#732=EDGE_LOOP('',(#1572,#1573,#1574,#1575));
#733=EDGE_LOOP('',(#1576,#1577,#1578,#1579));
#734=EDGE_LOOP('',(#1580,#1581,#1582,#1583));
#735=EDGE_LOOP('',(#1584,#1585,#1586,#1587));
#736=EDGE_LOOP('',(#1588,#1589,#1590,#1591));
#737=EDGE_LOOP('',(#1592,#1593,#1594,#1595,#1596,#1597,#1598,#1599,#1600,
#1601,#1602,#1603));
#738=EDGE_LOOP('',(#1604));
#739=EDGE_LOOP('',(#1605,#1606,#1607,#1608,#1609,#1610,#1611,#1612,#1613,
#1614,#1615,#1616));
#740=EDGE_LOOP('',(#1617,#1618,#1619,#1620));
#741=EDGE_LOOP('',(#1621,#1622,#1623,#1624));
#742=EDGE_LOOP('',(#1625,#1626,#1627,#1628));
#743=EDGE_LOOP('',(#1629,#1630,#1631,#1632));
#744=EDGE_LOOP('',(#1633,#1634,#1635,#1636));
#745=EDGE_LOOP('',(#1637,#1638,#1639,#1640));
#746=EDGE_LOOP('',(#1641,#1642,#1643,#1644));
#747=EDGE_LOOP('',(#1645,#1646,#1647,#1648));
#748=EDGE_LOOP('',(#1649,#1650,#1651,#1652));
#749=EDGE_LOOP('',(#1653,#1654,#1655,#1656));
#750=EDGE_LOOP('',(#1657,#1658,#1659,#1660));
#751=EDGE_LOOP('',(#1661,#1662,#1663,#1664));
#752=EDGE_LOOP('',(#1665,#1666,#1667,#1668,#1669,#1670,#1671,#1672,#1673,
#1674,#1675,#1676));
#753=EDGE_LOOP('',(#1677));
#754=EDGE_LOOP('',(#1678,#1679,#1680,#1681,#1682));
#755=EDGE_LOOP('',(#1683,#1684,#1685,#1686,#1687));
#756=EDGE_LOOP('',(#1688,#1689,#1690,#1691,#1692));
#757=EDGE_LOOP('',(#1693,#1694,#1695));
#758=EDGE_LOOP('',(#1696,#1697,#1698));
#759=EDGE_LOOP('',(#1699,#1700,#1701,#1702,#1703,#1704,#1705,#1706,#1707));
#760=EDGE_LOOP('',(#1708,#1709,#1710,#1711,#1712,#1713));
#761=EDGE_LOOP('',(#1714,#1715,#1716,#1717,#1718,#1719,#1720,#1721,#1722));
#762=EDGE_LOOP('',(#1723,#1724,#1725,#1726));
#763=EDGE_LOOP('',(#1727,#1728,#1729,#1730));
#764=EDGE_LOOP('',(#1731,#1732,#1733,#1734,#1735,#1736));
#765=EDGE_LOOP('',(#1737,#1738,#1739,#1740,#1741,#1742,#1743,#1744));
#766=EDGE_LOOP('',(#1745,#1746,#1747,#1748,#1749,#1750));
#767=EDGE_LOOP('',(#1751,#1752,#1753,#1754));
#768=EDGE_LOOP('',(#1755,#1756,#1757,#1758));
#769=EDGE_LOOP('',(#1759,#1760,#1761,#1762));
#770=EDGE_LOOP('',(#1763,#1764,#1765,#1766));
#771=EDGE_LOOP('',(#1767,#1768,#1769,#1770));
#772=CIRCLE('',#1900,15.9);
#773=CIRCLE('',#1901,15.9);
#774=CIRCLE('',#1902,0.5);
#775=CIRCLE('',#1903,16.4);
#776=CIRCLE('',#1904,16.4);
#777=CIRCLE('',#1905,15.9);
#778=CIRCLE('',#1907,17.3);
#779=CIRCLE('',#1908,1.);
#780=CIRCLE('',#1909,18.3);
#781=CIRCLE('',#1910,18.3);
#782=CIRCLE('',#1912,18.3);
#783=CIRCLE('',#1913,18.3);
#784=CIRCLE('',#1914,0.5);
#785=CIRCLE('',#1915,17.8);
#786=CIRCLE('',#1917,1.3);
#787=CIRCLE('',#1918,0.2);
#788=CIRCLE('',#1919,1.5);
#789=CIRCLE('',#1920,1.5);
#790=CIRCLE('',#1922,1.3);
#791=CIRCLE('',#1923,0.2);
#792=CIRCLE('',#1924,1.5);
#793=CIRCLE('',#1925,1.5);
#794=CIRCLE('',#1927,1.3);
#795=CIRCLE('',#1928,0.2);
#796=CIRCLE('',#1929,1.5);
#797=CIRCLE('',#1930,1.5);
#798=CIRCLE('',#1932,1.5);
#799=CIRCLE('',#1934,1.5);
#800=CIRCLE('',#1936,1.5);
#801=CIRCLE('',#1938,2.);
#802=CIRCLE('',#1939,2.);
#803=CIRCLE('',#1941,2.);
#804=CIRCLE('',#1942,2.);
#805=CIRCLE('',#1944,2.);
#806=CIRCLE('',#1945,2.);
#807=CIRCLE('',#1947,10.);
#808=CIRCLE('',#1948,10.);
#809=CIRCLE('',#1950,12.3);
#810=CIRCLE('',#1951,12.3);
#811=CIRCLE('',#1953,16.4);
#812=CIRCLE('',#1955,1.5);
#813=CIRCLE('',#1956,1.5);
#814=CIRCLE('',#1958,1.5);
#815=CIRCLE('',#1959,1.5);
#816=CIRCLE('',#1961,1.5);
#817=CIRCLE('',#1962,1.5);
#818=CIRCLE('',#1964,1.5);
#819=CIRCLE('',#1965,1.5);
#820=CIRCLE('',#1967,1.5);
#821=CIRCLE('',#1968,1.5);
#822=CIRCLE('',#1970,3.);
#823=CIRCLE('',#1971,3.);
#824=CIRCLE('',#1972,3.);
#825=CIRCLE('',#1973,3.);
#826=CIRCLE('',#1975,6.);
#827=CIRCLE('',#1976,6.);
#828=CIRCLE('',#1978,1.5);
#829=CIRCLE('',#1979,1.5);
#830=CIRCLE('',#1982,16.4);
#831=CIRCLE('',#1983,16.4);
#832=CIRCLE('',#1984,16.4);
#833=CIRCLE('',#1985,16.4);
#834=CIRCLE('',#1986,16.4);
#835=CIRCLE('',#1987,16.4);
#836=CIRCLE('',#1988,16.4);
#837=CIRCLE('',#1989,16.4);
#838=VERTEX_POINT('',#2614);
#839=VERTEX_POINT('',#2615);
#840=VERTEX_POINT('',#2617);
#841=VERTEX_POINT('',#2619);
#842=VERTEX_POINT('',#2621);
#843=VERTEX_POINT('',#2626);
#844=VERTEX_POINT('',#2628);
#845=VERTEX_POINT('',#2630);
#846=VERTEX_POINT('',#2634);
#847=VERTEX_POINT('',#2635);
#848=VERTEX_POINT('',#2638);
#849=VERTEX_POINT('',#2642);
#850=VERTEX_POINT('',#2644);
#851=VERTEX_POINT('',#2646);
#852=VERTEX_POINT('',#2650);
#853=VERTEX_POINT('',#2652);
#854=VERTEX_POINT('',#2654);
#855=VERTEX_POINT('',#2658);
#856=VERTEX_POINT('',#2660);
#857=VERTEX_POINT('',#2662);
#858=VERTEX_POINT('',#2666);
#859=VERTEX_POINT('',#2670);
#860=VERTEX_POINT('',#2674);
#861=VERTEX_POINT('',#2678);
#862=VERTEX_POINT('',#2680);
#863=VERTEX_POINT('',#2684);
#864=VERTEX_POINT('',#2686);
#865=VERTEX_POINT('',#2690);
#866=VERTEX_POINT('',#2692);
#867=VERTEX_POINT('',#2696);
#868=VERTEX_POINT('',#2697);
#869=VERTEX_POINT('',#2699);
#870=VERTEX_POINT('',#2701);
#871=VERTEX_POINT('',#2708);
#872=VERTEX_POINT('',#2712);
#873=VERTEX_POINT('',#2714);
#874=VERTEX_POINT('',#2718);
#875=VERTEX_POINT('',#2720);
#876=VERTEX_POINT('',#2724);
#877=VERTEX_POINT('',#2726);
#878=VERTEX_POINT('',#2730);
#879=VERTEX_POINT('',#2732);
#880=VERTEX_POINT('',#2736);
#881=VERTEX_POINT('',#2738);
#882=VERTEX_POINT('',#2742);
#883=VERTEX_POINT('',#2744);
#884=VERTEX_POINT('',#2746);
#885=VERTEX_POINT('',#2748);
#886=VERTEX_POINT('',#2750);
#887=VERTEX_POINT('',#2752);
#888=VERTEX_POINT('',#2756);
#889=VERTEX_POINT('',#2758);
#890=VERTEX_POINT('',#2762);
#891=VERTEX_POINT('',#2764);
#892=VERTEX_POINT('',#2770);
#893=VERTEX_POINT('',#2771);
#894=VERTEX_POINT('',#2773);
#895=VERTEX_POINT('',#2775);
#896=VERTEX_POINT('',#2777);
#897=VERTEX_POINT('',#2779);
#898=VERTEX_POINT('',#2781);
#899=VERTEX_POINT('',#2784);
#900=VERTEX_POINT('',#2786);
#901=VERTEX_POINT('',#2788);
#902=VERTEX_POINT('',#2792);
#903=VERTEX_POINT('',#2793);
#904=VERTEX_POINT('',#2795);
#905=VERTEX_POINT('',#2797);
#906=VERTEX_POINT('',#2799);
#907=VERTEX_POINT('',#2801);
#908=VERTEX_POINT('',#2803);
#909=VERTEX_POINT('',#2805);
#910=VERTEX_POINT('',#2809);
#911=VERTEX_POINT('',#2811);
#912=VERTEX_POINT('',#2817);
#913=VERTEX_POINT('',#2819);
#914=VERTEX_POINT('',#2823);
#915=VERTEX_POINT('',#2825);
#916=VERTEX_POINT('',#2828);
#917=VERTEX_POINT('',#2830);
#918=VERTEX_POINT('',#2855);
#919=VERTEX_POINT('',#2856);
#920=VERTEX_POINT('',#2858);
#921=VERTEX_POINT('',#2860);
#922=VERTEX_POINT('',#2862);
#923=VERTEX_POINT('',#2864);
#924=VERTEX_POINT('',#2866);
#925=VERTEX_POINT('',#2868);
#926=VERTEX_POINT('',#2870);
#927=VERTEX_POINT('',#2872);
#928=VERTEX_POINT('',#2874);
#929=VERTEX_POINT('',#2876);
#930=VERTEX_POINT('',#2880);
#931=VERTEX_POINT('',#2881);
#932=VERTEX_POINT('',#2886);
#933=VERTEX_POINT('',#2890);
#934=VERTEX_POINT('',#2894);
#935=VERTEX_POINT('',#2898);
#936=VERTEX_POINT('',#2902);
#937=VERTEX_POINT('',#2906);
#938=VERTEX_POINT('',#2910);
#939=VERTEX_POINT('',#2914);
#940=VERTEX_POINT('',#2918);
#941=VERTEX_POINT('',#2922);
#942=VERTEX_POINT('',#2929);
#943=VERTEX_POINT('',#2930);
#944=VERTEX_POINT('',#2932);
#945=VERTEX_POINT('',#2934);
#946=VERTEX_POINT('',#2936);
#947=VERTEX_POINT('',#2938);
#948=VERTEX_POINT('',#2940);
#949=VERTEX_POINT('',#2942);
#950=VERTEX_POINT('',#2944);
#951=VERTEX_POINT('',#2946);
#952=VERTEX_POINT('',#2948);
#953=VERTEX_POINT('',#2950);
#954=VERTEX_POINT('',#2954);
#955=VERTEX_POINT('',#2955);
#956=VERTEX_POINT('',#2960);
#957=VERTEX_POINT('',#2964);
#958=VERTEX_POINT('',#2968);
#959=VERTEX_POINT('',#2972);
#960=VERTEX_POINT('',#2976);
#961=VERTEX_POINT('',#2980);
#962=VERTEX_POINT('',#2984);
#963=VERTEX_POINT('',#2988);
#964=VERTEX_POINT('',#2992);
#965=VERTEX_POINT('',#2996);
#966=VERTEX_POINT('',#3003);
#967=VERTEX_POINT('',#3004);
#968=VERTEX_POINT('',#3006);
#969=VERTEX_POINT('',#3008);
#970=VERTEX_POINT('',#3010);
#971=VERTEX_POINT('',#3012);
#972=VERTEX_POINT('',#3014);
#973=VERTEX_POINT('',#3016);
#974=VERTEX_POINT('',#3018);
#975=VERTEX_POINT('',#3020);
#976=VERTEX_POINT('',#3022);
#977=VERTEX_POINT('',#3024);
#978=VERTEX_POINT('',#3028);
#979=VERTEX_POINT('',#3029);
#980=VERTEX_POINT('',#3034);
#981=VERTEX_POINT('',#3038);
#982=VERTEX_POINT('',#3042);
#983=VERTEX_POINT('',#3046);
#984=VERTEX_POINT('',#3050);
#985=VERTEX_POINT('',#3054);
#986=VERTEX_POINT('',#3058);
#987=VERTEX_POINT('',#3062);
#988=VERTEX_POINT('',#3066);
#989=VERTEX_POINT('',#3070);
#990=VERTEX_POINT('',#3083);
#991=VERTEX_POINT('',#3087);
#992=VERTEX_POINT('',#3091);
#993=VERTEX_POINT('',#3092);
#994=VERTEX_POINT('',#3096);
#995=VERTEX_POINT('',#3100);
#996=VERTEX_POINT('',#3104);
#997=VERTEX_POINT('',#3106);
#998=VERTEX_POINT('',#3112);
#999=VERTEX_POINT('',#3114);
#1000=VERTEX_POINT('',#3118);
#1001=VERTEX_POINT('',#3119);
#1002=VERTEX_POINT('',#3122);
#1003=VERTEX_POINT('',#3126);
#1004=VERTEX_POINT('',#3127);
#1005=VERTEX_POINT('',#3133);
#1006=EDGE_CURVE('',#838,#839,#772,.T.);
#1007=EDGE_CURVE('',#840,#838,#773,.T.);
#1008=EDGE_CURVE('',#840,#841,#774,.T.);
#1009=EDGE_CURVE('',#842,#841,#775,.T.);
#1010=EDGE_CURVE('',#841,#842,#776,.T.);
#1011=EDGE_CURVE('',#839,#840,#777,.T.);
#1012=EDGE_CURVE('',#843,#843,#778,.T.);
#1013=EDGE_CURVE('',#843,#844,#779,.T.);
#1014=EDGE_CURVE('',#845,#844,#780,.T.);
#1015=EDGE_CURVE('',#844,#845,#781,.T.);
#1016=EDGE_CURVE('',#846,#847,#782,.T.);
#1017=EDGE_CURVE('',#847,#846,#783,.T.);
#1018=EDGE_CURVE('',#847,#848,#784,.T.);
#1019=EDGE_CURVE('',#848,#848,#785,.T.);
#1020=EDGE_CURVE('',#849,#849,#786,.T.);
#1021=EDGE_CURVE('',#849,#850,#787,.T.);
#1022=EDGE_CURVE('',#851,#850,#788,.T.);
#1023=EDGE_CURVE('',#850,#851,#789,.T.);
#1024=EDGE_CURVE('',#852,#852,#790,.T.);
#1025=EDGE_CURVE('',#852,#853,#791,.T.);
#1026=EDGE_CURVE('',#854,#853,#792,.T.);
#1027=EDGE_CURVE('',#853,#854,#793,.T.);
#1028=EDGE_CURVE('',#855,#855,#794,.T.);
#1029=EDGE_CURVE('',#855,#856,#795,.T.);
#1030=EDGE_CURVE('',#857,#856,#796,.T.);
#1031=EDGE_CURVE('',#856,#857,#797,.T.);
#1032=EDGE_CURVE('',#858,#858,#798,.T.);
#1033=EDGE_CURVE('',#858,#857,#116,.T.);
#1034=EDGE_CURVE('',#859,#859,#799,.T.);
#1035=EDGE_CURVE('',#859,#851,#117,.T.);
#1036=EDGE_CURVE('',#860,#860,#800,.T.);
#1037=EDGE_CURVE('',#860,#854,#118,.T.);
#1038=EDGE_CURVE('',#861,#861,#801,.T.);
#1039=EDGE_CURVE('',#861,#862,#119,.T.);
#1040=EDGE_CURVE('',#862,#862,#802,.T.);
#1041=EDGE_CURVE('',#863,#863,#803,.T.);
#1042=EDGE_CURVE('',#863,#864,#120,.T.);
#1043=EDGE_CURVE('',#864,#864,#804,.T.);
#1044=EDGE_CURVE('',#865,#865,#805,.T.);
#1045=EDGE_CURVE('',#865,#866,#121,.T.);
#1046=EDGE_CURVE('',#866,#866,#806,.T.);
#1047=EDGE_CURVE('',#867,#868,#807,.T.);
#1048=EDGE_CURVE('',#867,#869,#122,.T.);
#1049=EDGE_CURVE('',#869,#870,#808,.T.);
#1050=EDGE_CURVE('',#868,#870,#123,.T.);
#1051=EDGE_CURVE('',#868,#867,#809,.T.);
#1052=EDGE_CURVE('',#870,#869,#810,.T.);
#1053=EDGE_CURVE('',#871,#871,#811,.T.);
#1054=EDGE_CURVE('',#871,#842,#124,.T.);
#1055=EDGE_CURVE('',#872,#872,#812,.T.);
#1056=EDGE_CURVE('',#872,#873,#125,.T.);
#1057=EDGE_CURVE('',#873,#873,#813,.T.);
#1058=EDGE_CURVE('',#874,#874,#814,.T.);
#1059=EDGE_CURVE('',#874,#875,#126,.T.);
#1060=EDGE_CURVE('',#875,#875,#815,.T.);
#1061=EDGE_CURVE('',#876,#876,#816,.T.);
#1062=EDGE_CURVE('',#876,#877,#127,.T.);
#1063=EDGE_CURVE('',#877,#877,#817,.T.);
#1064=EDGE_CURVE('',#878,#878,#818,.T.);
#1065=EDGE_CURVE('',#878,#879,#128,.T.);
#1066=EDGE_CURVE('',#879,#879,#819,.T.);
#1067=EDGE_CURVE('',#880,#880,#820,.T.);
#1068=EDGE_CURVE('',#880,#881,#129,.T.);
#1069=EDGE_CURVE('',#881,#881,#821,.T.);
#1070=EDGE_CURVE('',#882,#882,#822,.T.);
#1071=EDGE_CURVE('',#882,#883,#130,.T.);
#1072=EDGE_CURVE('',#884,#883,#823,.T.);
#1073=EDGE_CURVE('',#885,#884,#131,.T.);
#1074=EDGE_CURVE('',#886,#885,#824,.T.);
#1075=EDGE_CURVE('',#886,#887,#132,.T.);
#1076=EDGE_CURVE('',#883,#887,#825,.T.);
#1077=EDGE_CURVE('',#888,#888,#826,.T.);
#1078=EDGE_CURVE('',#888,#889,#133,.T.);
#1079=EDGE_CURVE('',#889,#889,#827,.T.);
#1080=EDGE_CURVE('',#890,#890,#828,.T.);
#1081=EDGE_CURVE('',#890,#891,#134,.T.);
#1082=EDGE_CURVE('',#891,#891,#829,.T.);
#1083=EDGE_CURVE('',#846,#845,#135,.T.);
#1084=EDGE_CURVE('',#892,#893,#830,.T.);
#1085=EDGE_CURVE('',#894,#893,#831,.T.);
#1086=EDGE_CURVE('',#894,#895,#832,.T.);
#1087=EDGE_CURVE('',#896,#895,#136,.T.);
#1088=EDGE_CURVE('',#896,#897,#833,.T.);
#1089=EDGE_CURVE('',#897,#898,#137,.T.);
#1090=EDGE_CURVE('',#898,#898,#834,.T.);
#1091=EDGE_CURVE('',#897,#899,#835,.T.);
#1092=EDGE_CURVE('',#900,#899,#138,.T.);
#1093=EDGE_CURVE('',#900,#901,#836,.T.);
#1094=EDGE_CURVE('',#892,#901,#837,.T.);
#1095=EDGE_CURVE('',#902,#903,#139,.T.);
#1096=EDGE_CURVE('',#904,#903,#140,.T.);
#1097=EDGE_CURVE('',#905,#904,#141,.T.);
#1098=EDGE_CURVE('',#906,#905,#142,.T.);
#1099=EDGE_CURVE('',#907,#906,#143,.T.);
#1100=EDGE_CURVE('',#908,#907,#144,.T.);
#1101=EDGE_CURVE('',#909,#908,#145,.T.);
#1102=EDGE_CURVE('',#902,#909,#146,.T.);
#1103=EDGE_CURVE('',#910,#894,#147,.T.);
#1104=EDGE_CURVE('',#911,#910,#148,.T.);
#1105=EDGE_CURVE('',#895,#911,#149,.T.);
#1106=EDGE_CURVE('',#893,#892,#150,.T.);
#1107=EDGE_CURVE('',#901,#912,#151,.T.);
#1108=EDGE_CURVE('',#913,#900,#152,.T.);
#1109=EDGE_CURVE('',#912,#913,#153,.T.);
#1110=EDGE_CURVE('',#914,#910,#154,.T.);
#1111=EDGE_CURVE('',#915,#914,#155,.T.);
#1112=EDGE_CURVE('',#915,#912,#156,.T.);
#1113=EDGE_CURVE('',#913,#916,#157,.T.);
#1114=EDGE_CURVE('',#917,#916,#158,.T.);
#1115=EDGE_CURVE('',#911,#917,#159,.T.);
#1116=EDGE_CURVE('',#838,#896,#160,.T.);
#1117=EDGE_CURVE('',#899,#839,#161,.T.);
#1118=EDGE_CURVE('',#884,#887,#162,.T.);
#1119=EDGE_CURVE('',#885,#886,#163,.T.);
#1120=EDGE_CURVE('',#918,#919,#164,.T.);
#1121=EDGE_CURVE('',#920,#918,#165,.T.);
#1122=EDGE_CURVE('',#921,#920,#166,.T.);
#1123=EDGE_CURVE('',#922,#921,#167,.T.);
#1124=EDGE_CURVE('',#923,#922,#168,.T.);
#1125=EDGE_CURVE('',#924,#923,#169,.T.);
#1126=EDGE_CURVE('',#925,#924,#170,.T.);
#1127=EDGE_CURVE('',#926,#925,#171,.T.);
#1128=EDGE_CURVE('',#927,#926,#172,.T.);
#1129=EDGE_CURVE('',#928,#927,#173,.T.);
#1130=EDGE_CURVE('',#929,#928,#174,.T.);
#1131=EDGE_CURVE('',#919,#929,#175,.T.);
#1132=EDGE_CURVE('',#930,#931,#176,.T.);
#1133=EDGE_CURVE('',#920,#930,#177,.T.);
#1134=EDGE_CURVE('',#918,#931,#178,.T.);
#1135=EDGE_CURVE('',#931,#932,#179,.T.);
#1136=EDGE_CURVE('',#919,#932,#180,.T.);
#1137=EDGE_CURVE('',#932,#933,#181,.T.);
#1138=EDGE_CURVE('',#929,#933,#182,.T.);
#1139=EDGE_CURVE('',#933,#934,#183,.T.);
#1140=EDGE_CURVE('',#928,#934,#184,.T.);
#1141=EDGE_CURVE('',#934,#935,#185,.T.);
#1142=EDGE_CURVE('',#927,#935,#186,.T.);
#1143=EDGE_CURVE('',#935,#936,#187,.T.);
#1144=EDGE_CURVE('',#926,#936,#188,.T.);
#1145=EDGE_CURVE('',#936,#937,#189,.T.);
#1146=EDGE_CURVE('',#925,#937,#190,.T.);
#1147=EDGE_CURVE('',#937,#938,#191,.T.);
#1148=EDGE_CURVE('',#924,#938,#192,.T.);
#1149=EDGE_CURVE('',#938,#939,#193,.T.);
#1150=EDGE_CURVE('',#923,#939,#194,.T.);
#1151=EDGE_CURVE('',#939,#940,#195,.T.);
#1152=EDGE_CURVE('',#922,#940,#196,.T.);
#1153=EDGE_CURVE('',#940,#941,#197,.T.);
#1154=EDGE_CURVE('',#921,#941,#198,.T.);
#1155=EDGE_CURVE('',#941,#930,#199,.T.);
#1156=EDGE_CURVE('',#942,#943,#200,.T.);
#1157=EDGE_CURVE('',#944,#942,#201,.T.);
#1158=EDGE_CURVE('',#945,#944,#202,.T.);
#1159=EDGE_CURVE('',#946,#945,#203,.T.);
#1160=EDGE_CURVE('',#947,#946,#204,.T.);
#1161=EDGE_CURVE('',#948,#947,#205,.T.);
#1162=EDGE_CURVE('',#949,#948,#206,.T.);
#1163=EDGE_CURVE('',#950,#949,#207,.T.);
#1164=EDGE_CURVE('',#951,#950,#208,.T.);
#1165=EDGE_CURVE('',#952,#951,#209,.T.);
#1166=EDGE_CURVE('',#953,#952,#210,.T.);
#1167=EDGE_CURVE('',#943,#953,#211,.T.);
#1168=EDGE_CURVE('',#954,#955,#212,.T.);
#1169=EDGE_CURVE('',#944,#954,#213,.T.);
#1170=EDGE_CURVE('',#942,#955,#214,.T.);
#1171=EDGE_CURVE('',#955,#956,#215,.T.);
#1172=EDGE_CURVE('',#943,#956,#216,.T.);
#1173=EDGE_CURVE('',#956,#957,#217,.T.);
#1174=EDGE_CURVE('',#953,#957,#218,.T.);
#1175=EDGE_CURVE('',#957,#958,#219,.T.);
#1176=EDGE_CURVE('',#952,#958,#220,.T.);
#1177=EDGE_CURVE('',#958,#959,#221,.T.);
#1178=EDGE_CURVE('',#951,#959,#222,.T.);
#1179=EDGE_CURVE('',#959,#960,#223,.T.);
#1180=EDGE_CURVE('',#950,#960,#224,.T.);
#1181=EDGE_CURVE('',#960,#961,#225,.T.);
#1182=EDGE_CURVE('',#949,#961,#226,.T.);
#1183=EDGE_CURVE('',#961,#962,#227,.T.);
#1184=EDGE_CURVE('',#948,#962,#228,.T.);
#1185=EDGE_CURVE('',#962,#963,#229,.T.);
#1186=EDGE_CURVE('',#947,#963,#230,.T.);
#1187=EDGE_CURVE('',#963,#964,#231,.T.);
#1188=EDGE_CURVE('',#946,#964,#232,.T.);
#1189=EDGE_CURVE('',#964,#965,#233,.T.);
#1190=EDGE_CURVE('',#945,#965,#234,.T.);
#1191=EDGE_CURVE('',#965,#954,#235,.T.);
#1192=EDGE_CURVE('',#966,#967,#236,.T.);
#1193=EDGE_CURVE('',#968,#966,#237,.T.);
#1194=EDGE_CURVE('',#969,#968,#238,.T.);
#1195=EDGE_CURVE('',#970,#969,#239,.T.);
#1196=EDGE_CURVE('',#971,#970,#240,.T.);
#1197=EDGE_CURVE('',#972,#971,#241,.T.);
#1198=EDGE_CURVE('',#973,#972,#242,.T.);
#1199=EDGE_CURVE('',#974,#973,#243,.T.);
#1200=EDGE_CURVE('',#975,#974,#244,.T.);
#1201=EDGE_CURVE('',#976,#975,#245,.T.);
#1202=EDGE_CURVE('',#977,#976,#246,.T.);
#1203=EDGE_CURVE('',#967,#977,#247,.T.);
#1204=EDGE_CURVE('',#978,#979,#248,.T.);
#1205=EDGE_CURVE('',#968,#978,#249,.T.);
#1206=EDGE_CURVE('',#966,#979,#250,.T.);
#1207=EDGE_CURVE('',#979,#980,#251,.T.);
#1208=EDGE_CURVE('',#967,#980,#252,.T.);
#1209=EDGE_CURVE('',#980,#981,#253,.T.);
#1210=EDGE_CURVE('',#977,#981,#254,.T.);
#1211=EDGE_CURVE('',#981,#982,#255,.T.);
#1212=EDGE_CURVE('',#976,#982,#256,.T.);
#1213=EDGE_CURVE('',#982,#983,#257,.T.);
#1214=EDGE_CURVE('',#975,#983,#258,.T.);
#1215=EDGE_CURVE('',#983,#984,#259,.T.);
#1216=EDGE_CURVE('',#974,#984,#260,.T.);
#1217=EDGE_CURVE('',#984,#985,#261,.T.);
#1218=EDGE_CURVE('',#973,#985,#262,.T.);
#1219=EDGE_CURVE('',#985,#986,#263,.T.);
#1220=EDGE_CURVE('',#972,#986,#264,.T.);
#1221=EDGE_CURVE('',#986,#987,#265,.T.);
#1222=EDGE_CURVE('',#971,#987,#266,.T.);
#1223=EDGE_CURVE('',#987,#988,#267,.T.);
#1224=EDGE_CURVE('',#970,#988,#268,.T.);
#1225=EDGE_CURVE('',#988,#989,#269,.T.);
#1226=EDGE_CURVE('',#969,#989,#270,.T.);
#1227=EDGE_CURVE('',#989,#978,#271,.T.);
#1228=EDGE_CURVE('',#838,#917,#272,.T.);
#1229=EDGE_CURVE('',#916,#839,#273,.T.);
#1230=EDGE_CURVE('',#892,#990,#274,.T.);
#1231=EDGE_CURVE('',#990,#901,#275,.T.);
#1232=EDGE_CURVE('',#894,#991,#276,.T.);
#1233=EDGE_CURVE('',#991,#893,#277,.T.);
#1234=EDGE_CURVE('',#992,#993,#278,.T.);
#1235=EDGE_CURVE('',#903,#992,#279,.T.);
#1236=EDGE_CURVE('',#914,#902,#280,.T.);
#1237=EDGE_CURVE('',#994,#991,#281,.T.);
#1238=EDGE_CURVE('',#993,#994,#282,.T.);
#1239=EDGE_CURVE('',#995,#990,#283,.T.);
#1240=EDGE_CURVE('',#994,#995,#284,.T.);
#1241=EDGE_CURVE('',#908,#996,#285,.T.);
#1242=EDGE_CURVE('',#996,#997,#286,.T.);
#1243=EDGE_CURVE('',#997,#995,#287,.T.);
#1244=EDGE_CURVE('',#909,#915,#288,.T.);
#1245=EDGE_CURVE('',#998,#905,#289,.T.);
#1246=EDGE_CURVE('',#999,#998,#290,.T.);
#1247=EDGE_CURVE('',#999,#906,#291,.T.);
#1248=EDGE_CURVE('',#1000,#1001,#292,.T.);
#1249=EDGE_CURVE('',#1001,#907,#293,.T.);
#1250=EDGE_CURVE('',#1002,#999,#294,.T.);
#1251=EDGE_CURVE('',#1002,#1000,#295,.T.);
#1252=EDGE_CURVE('',#1003,#1004,#296,.T.);
#1253=EDGE_CURVE('',#1004,#993,#297,.T.);
#1254=EDGE_CURVE('',#997,#1000,#298,.T.);
#1255=EDGE_CURVE('',#1003,#1002,#299,.T.);
#1256=EDGE_CURVE('',#904,#1005,#300,.T.);
#1257=EDGE_CURVE('',#1005,#1004,#301,.T.);
#1258=EDGE_CURVE('',#998,#1003,#302,.T.);
#1259=EDGE_CURVE('',#1005,#992,#303,.T.);
#1260=EDGE_CURVE('',#996,#1001,#304,.T.);
#1261=ORIENTED_EDGE('',*,*,#1006,.F.);
#1262=ORIENTED_EDGE('',*,*,#1007,.F.);
#1263=ORIENTED_EDGE('',*,*,#1008,.T.);
#1264=ORIENTED_EDGE('',*,*,#1009,.F.);
#1265=ORIENTED_EDGE('',*,*,#1010,.F.);
#1266=ORIENTED_EDGE('',*,*,#1008,.F.);
#1267=ORIENTED_EDGE('',*,*,#1011,.F.);
#1268=ORIENTED_EDGE('',*,*,#1012,.F.);
#1269=ORIENTED_EDGE('',*,*,#1013,.T.);
#1270=ORIENTED_EDGE('',*,*,#1014,.F.);
#1271=ORIENTED_EDGE('',*,*,#1015,.F.);
#1272=ORIENTED_EDGE('',*,*,#1013,.F.);
#1273=ORIENTED_EDGE('',*,*,#1016,.F.);
#1274=ORIENTED_EDGE('',*,*,#1017,.F.);
#1275=ORIENTED_EDGE('',*,*,#1018,.T.);
#1276=ORIENTED_EDGE('',*,*,#1019,.F.);
#1277=ORIENTED_EDGE('',*,*,#1018,.F.);
#1278=ORIENTED_EDGE('',*,*,#1020,.F.);
#1279=ORIENTED_EDGE('',*,*,#1021,.T.);
#1280=ORIENTED_EDGE('',*,*,#1022,.F.);
#1281=ORIENTED_EDGE('',*,*,#1023,.F.);
#1282=ORIENTED_EDGE('',*,*,#1021,.F.);
#1283=ORIENTED_EDGE('',*,*,#1024,.F.);
#1284=ORIENTED_EDGE('',*,*,#1025,.T.);
#1285=ORIENTED_EDGE('',*,*,#1026,.F.);
#1286=ORIENTED_EDGE('',*,*,#1027,.F.);
#1287=ORIENTED_EDGE('',*,*,#1025,.F.);
#1288=ORIENTED_EDGE('',*,*,#1028,.F.);
#1289=ORIENTED_EDGE('',*,*,#1029,.T.);
#1290=ORIENTED_EDGE('',*,*,#1030,.F.);
#1291=ORIENTED_EDGE('',*,*,#1031,.F.);
#1292=ORIENTED_EDGE('',*,*,#1029,.F.);
#1293=ORIENTED_EDGE('',*,*,#1032,.T.);
#1294=ORIENTED_EDGE('',*,*,#1033,.T.);
#1295=ORIENTED_EDGE('',*,*,#1030,.T.);
#1296=ORIENTED_EDGE('',*,*,#1031,.T.);
#1297=ORIENTED_EDGE('',*,*,#1033,.F.);
#1298=ORIENTED_EDGE('',*,*,#1034,.T.);
#1299=ORIENTED_EDGE('',*,*,#1035,.T.);
#1300=ORIENTED_EDGE('',*,*,#1022,.T.);
#1301=ORIENTED_EDGE('',*,*,#1023,.T.);
#1302=ORIENTED_EDGE('',*,*,#1035,.F.);
#1303=ORIENTED_EDGE('',*,*,#1036,.T.);
#1304=ORIENTED_EDGE('',*,*,#1037,.T.);
#1305=ORIENTED_EDGE('',*,*,#1026,.T.);
#1306=ORIENTED_EDGE('',*,*,#1027,.T.);
#1307=ORIENTED_EDGE('',*,*,#1037,.F.);
#1308=ORIENTED_EDGE('',*,*,#1038,.F.);
#1309=ORIENTED_EDGE('',*,*,#1039,.T.);
#1310=ORIENTED_EDGE('',*,*,#1040,.T.);
#1311=ORIENTED_EDGE('',*,*,#1039,.F.);
#1312=ORIENTED_EDGE('',*,*,#1041,.F.);
#1313=ORIENTED_EDGE('',*,*,#1042,.T.);
#1314=ORIENTED_EDGE('',*,*,#1043,.T.);
#1315=ORIENTED_EDGE('',*,*,#1042,.F.);
#1316=ORIENTED_EDGE('',*,*,#1044,.F.);
#1317=ORIENTED_EDGE('',*,*,#1045,.T.);
#1318=ORIENTED_EDGE('',*,*,#1046,.T.);
#1319=ORIENTED_EDGE('',*,*,#1045,.F.);
#1320=ORIENTED_EDGE('',*,*,#1047,.F.);
#1321=ORIENTED_EDGE('',*,*,#1048,.T.);
#1322=ORIENTED_EDGE('',*,*,#1049,.T.);
#1323=ORIENTED_EDGE('',*,*,#1050,.F.);
#1324=ORIENTED_EDGE('',*,*,#1051,.F.);
#1325=ORIENTED_EDGE('',*,*,#1050,.T.);
#1326=ORIENTED_EDGE('',*,*,#1052,.T.);
#1327=ORIENTED_EDGE('',*,*,#1048,.F.);
#1328=ORIENTED_EDGE('',*,*,#1053,.T.);
#1329=ORIENTED_EDGE('',*,*,#1054,.T.);
#1330=ORIENTED_EDGE('',*,*,#1009,.T.);
#1331=ORIENTED_EDGE('',*,*,#1010,.T.);
#1332=ORIENTED_EDGE('',*,*,#1054,.F.);
#1333=ORIENTED_EDGE('',*,*,#1055,.F.);
#1334=ORIENTED_EDGE('',*,*,#1056,.T.);
#1335=ORIENTED_EDGE('',*,*,#1057,.T.);
#1336=ORIENTED_EDGE('',*,*,#1056,.F.);
#1337=ORIENTED_EDGE('',*,*,#1058,.F.);
#1338=ORIENTED_EDGE('',*,*,#1059,.T.);
#1339=ORIENTED_EDGE('',*,*,#1060,.T.);
#1340=ORIENTED_EDGE('',*,*,#1059,.F.);
#1341=ORIENTED_EDGE('',*,*,#1061,.F.);
#1342=ORIENTED_EDGE('',*,*,#1062,.T.);
#1343=ORIENTED_EDGE('',*,*,#1063,.T.);
#1344=ORIENTED_EDGE('',*,*,#1062,.F.);
#1345=ORIENTED_EDGE('',*,*,#1064,.F.);
#1346=ORIENTED_EDGE('',*,*,#1065,.T.);
#1347=ORIENTED_EDGE('',*,*,#1066,.T.);
#1348=ORIENTED_EDGE('',*,*,#1065,.F.);
#1349=ORIENTED_EDGE('',*,*,#1067,.F.);
#1350=ORIENTED_EDGE('',*,*,#1068,.T.);
#1351=ORIENTED_EDGE('',*,*,#1069,.T.);
#1352=ORIENTED_EDGE('',*,*,#1068,.F.);
#1353=ORIENTED_EDGE('',*,*,#1070,.T.);
#1354=ORIENTED_EDGE('',*,*,#1071,.T.);
#1355=ORIENTED_EDGE('',*,*,#1072,.F.);
#1356=ORIENTED_EDGE('',*,*,#1073,.F.);
#1357=ORIENTED_EDGE('',*,*,#1074,.F.);
#1358=ORIENTED_EDGE('',*,*,#1075,.T.);
#1359=ORIENTED_EDGE('',*,*,#1076,.F.);
#1360=ORIENTED_EDGE('',*,*,#1071,.F.);
#1361=ORIENTED_EDGE('',*,*,#1077,.T.);
#1362=ORIENTED_EDGE('',*,*,#1078,.T.);
#1363=ORIENTED_EDGE('',*,*,#1079,.F.);
#1364=ORIENTED_EDGE('',*,*,#1078,.F.);
#1365=ORIENTED_EDGE('',*,*,#1080,.F.);
#1366=ORIENTED_EDGE('',*,*,#1081,.T.);
#1367=ORIENTED_EDGE('',*,*,#1082,.T.);
#1368=ORIENTED_EDGE('',*,*,#1081,.F.);
#1369=ORIENTED_EDGE('',*,*,#1016,.T.);
#1370=ORIENTED_EDGE('',*,*,#1017,.T.);
#1371=ORIENTED_EDGE('',*,*,#1083,.T.);
#1372=ORIENTED_EDGE('',*,*,#1014,.T.);
#1373=ORIENTED_EDGE('',*,*,#1015,.T.);
#1374=ORIENTED_EDGE('',*,*,#1083,.F.);
#1375=ORIENTED_EDGE('',*,*,#1084,.T.);
#1376=ORIENTED_EDGE('',*,*,#1085,.F.);
#1377=ORIENTED_EDGE('',*,*,#1086,.T.);
#1378=ORIENTED_EDGE('',*,*,#1087,.F.);
#1379=ORIENTED_EDGE('',*,*,#1088,.T.);
#1380=ORIENTED_EDGE('',*,*,#1089,.T.);
#1381=ORIENTED_EDGE('',*,*,#1090,.F.);
#1382=ORIENTED_EDGE('',*,*,#1089,.F.);
#1383=ORIENTED_EDGE('',*,*,#1091,.T.);
#1384=ORIENTED_EDGE('',*,*,#1092,.F.);
#1385=ORIENTED_EDGE('',*,*,#1093,.T.);
#1386=ORIENTED_EDGE('',*,*,#1094,.F.);
#1387=ORIENTED_EDGE('',*,*,#1095,.T.);
#1388=ORIENTED_EDGE('',*,*,#1096,.F.);
#1389=ORIENTED_EDGE('',*,*,#1097,.F.);
#1390=ORIENTED_EDGE('',*,*,#1098,.F.);
#1391=ORIENTED_EDGE('',*,*,#1099,.F.);
#1392=ORIENTED_EDGE('',*,*,#1100,.F.);
#1393=ORIENTED_EDGE('',*,*,#1101,.F.);
#1394=ORIENTED_EDGE('',*,*,#1102,.F.);
#1395=ORIENTED_EDGE('',*,*,#1103,.F.);
#1396=ORIENTED_EDGE('',*,*,#1104,.F.);
#1397=ORIENTED_EDGE('',*,*,#1105,.F.);
#1398=ORIENTED_EDGE('',*,*,#1086,.F.);
#1399=ORIENTED_EDGE('',*,*,#1106,.F.);
#1400=ORIENTED_EDGE('',*,*,#1084,.F.);
#1401=ORIENTED_EDGE('',*,*,#1107,.F.);
#1402=ORIENTED_EDGE('',*,*,#1093,.F.);
#1403=ORIENTED_EDGE('',*,*,#1108,.F.);
#1404=ORIENTED_EDGE('',*,*,#1109,.F.);
#1405=ORIENTED_EDGE('',*,*,#1104,.T.);
#1406=ORIENTED_EDGE('',*,*,#1110,.F.);
#1407=ORIENTED_EDGE('',*,*,#1111,.F.);
#1408=ORIENTED_EDGE('',*,*,#1112,.T.);
#1409=ORIENTED_EDGE('',*,*,#1109,.T.);
#1410=ORIENTED_EDGE('',*,*,#1113,.T.);
#1411=ORIENTED_EDGE('',*,*,#1114,.F.);
#1412=ORIENTED_EDGE('',*,*,#1115,.F.);
#1413=ORIENTED_EDGE('',*,*,#1116,.F.);
#1414=ORIENTED_EDGE('',*,*,#1006,.T.);
#1415=ORIENTED_EDGE('',*,*,#1117,.F.);
#1416=ORIENTED_EDGE('',*,*,#1091,.F.);
#1417=ORIENTED_EDGE('',*,*,#1088,.F.);
#1418=ORIENTED_EDGE('',*,*,#1044,.T.);
#1419=ORIENTED_EDGE('',*,*,#1032,.F.);
#1420=ORIENTED_EDGE('',*,*,#1041,.T.);
#1421=ORIENTED_EDGE('',*,*,#1034,.F.);
#1422=ORIENTED_EDGE('',*,*,#1038,.T.);
#1423=ORIENTED_EDGE('',*,*,#1036,.F.);
#1424=ORIENTED_EDGE('',*,*,#1019,.T.);
#1425=ORIENTED_EDGE('',*,*,#1040,.F.);
#1426=ORIENTED_EDGE('',*,*,#1043,.F.);
#1427=ORIENTED_EDGE('',*,*,#1046,.F.);
#1428=ORIENTED_EDGE('',*,*,#1057,.F.);
#1429=ORIENTED_EDGE('',*,*,#1060,.F.);
#1430=ORIENTED_EDGE('',*,*,#1063,.F.);
#1431=ORIENTED_EDGE('',*,*,#1066,.F.);
#1432=ORIENTED_EDGE('',*,*,#1069,.F.);
#1433=ORIENTED_EDGE('',*,*,#1077,.F.);
#1434=ORIENTED_EDGE('',*,*,#1082,.F.);
#1435=ORIENTED_EDGE('',*,*,#1049,.F.);
#1436=ORIENTED_EDGE('',*,*,#1052,.F.);
#1437=ORIENTED_EDGE('',*,*,#1012,.T.);
#1438=ORIENTED_EDGE('',*,*,#1053,.F.);
#1439=ORIENTED_EDGE('',*,*,#1080,.T.);
#1440=ORIENTED_EDGE('',*,*,#1079,.T.);
#1441=ORIENTED_EDGE('',*,*,#1070,.F.);
#1442=ORIENTED_EDGE('',*,*,#1118,.F.);
#1443=ORIENTED_EDGE('',*,*,#1072,.T.);
#1444=ORIENTED_EDGE('',*,*,#1076,.T.);
#1445=ORIENTED_EDGE('',*,*,#1067,.T.);
#1446=ORIENTED_EDGE('',*,*,#1064,.T.);
#1447=ORIENTED_EDGE('',*,*,#1061,.T.);
#1448=ORIENTED_EDGE('',*,*,#1058,.T.);
#1449=ORIENTED_EDGE('',*,*,#1055,.T.);
#1450=ORIENTED_EDGE('',*,*,#1118,.T.);
#1451=ORIENTED_EDGE('',*,*,#1075,.F.);
#1452=ORIENTED_EDGE('',*,*,#1119,.F.);
#1453=ORIENTED_EDGE('',*,*,#1073,.T.);
#1454=ORIENTED_EDGE('',*,*,#1074,.T.);
#1455=ORIENTED_EDGE('',*,*,#1119,.T.);
#1456=ORIENTED_EDGE('',*,*,#1051,.T.);
#1457=ORIENTED_EDGE('',*,*,#1047,.T.);
#1458=ORIENTED_EDGE('',*,*,#1024,.T.);
#1459=ORIENTED_EDGE('',*,*,#1120,.F.);
#1460=ORIENTED_EDGE('',*,*,#1121,.F.);
#1461=ORIENTED_EDGE('',*,*,#1122,.F.);
#1462=ORIENTED_EDGE('',*,*,#1123,.F.);
#1463=ORIENTED_EDGE('',*,*,#1124,.F.);
#1464=ORIENTED_EDGE('',*,*,#1125,.F.);
#1465=ORIENTED_EDGE('',*,*,#1126,.F.);
#1466=ORIENTED_EDGE('',*,*,#1127,.F.);
#1467=ORIENTED_EDGE('',*,*,#1128,.F.);
#1468=ORIENTED_EDGE('',*,*,#1129,.F.);
#1469=ORIENTED_EDGE('',*,*,#1130,.F.);
#1470=ORIENTED_EDGE('',*,*,#1131,.F.);
#1471=ORIENTED_EDGE('',*,*,#1132,.F.);
#1472=ORIENTED_EDGE('',*,*,#1133,.F.);
#1473=ORIENTED_EDGE('',*,*,#1121,.T.);
#1474=ORIENTED_EDGE('',*,*,#1134,.T.);
#1475=ORIENTED_EDGE('',*,*,#1135,.F.);
#1476=ORIENTED_EDGE('',*,*,#1134,.F.);
#1477=ORIENTED_EDGE('',*,*,#1120,.T.);
#1478=ORIENTED_EDGE('',*,*,#1136,.T.);
#1479=ORIENTED_EDGE('',*,*,#1137,.F.);
#1480=ORIENTED_EDGE('',*,*,#1136,.F.);
#1481=ORIENTED_EDGE('',*,*,#1131,.T.);
#1482=ORIENTED_EDGE('',*,*,#1138,.T.);
#1483=ORIENTED_EDGE('',*,*,#1139,.F.);
#1484=ORIENTED_EDGE('',*,*,#1138,.F.);
#1485=ORIENTED_EDGE('',*,*,#1130,.T.);
#1486=ORIENTED_EDGE('',*,*,#1140,.T.);
#1487=ORIENTED_EDGE('',*,*,#1141,.F.);
#1488=ORIENTED_EDGE('',*,*,#1140,.F.);
#1489=ORIENTED_EDGE('',*,*,#1129,.T.);
#1490=ORIENTED_EDGE('',*,*,#1142,.T.);
#1491=ORIENTED_EDGE('',*,*,#1143,.F.);
#1492=ORIENTED_EDGE('',*,*,#1142,.F.);
#1493=ORIENTED_EDGE('',*,*,#1128,.T.);
#1494=ORIENTED_EDGE('',*,*,#1144,.T.);
#1495=ORIENTED_EDGE('',*,*,#1145,.F.);
#1496=ORIENTED_EDGE('',*,*,#1144,.F.);
#1497=ORIENTED_EDGE('',*,*,#1127,.T.);
#1498=ORIENTED_EDGE('',*,*,#1146,.T.);
#1499=ORIENTED_EDGE('',*,*,#1147,.F.);
#1500=ORIENTED_EDGE('',*,*,#1146,.F.);
#1501=ORIENTED_EDGE('',*,*,#1126,.T.);
#1502=ORIENTED_EDGE('',*,*,#1148,.T.);
#1503=ORIENTED_EDGE('',*,*,#1149,.F.);
#1504=ORIENTED_EDGE('',*,*,#1148,.F.);
#1505=ORIENTED_EDGE('',*,*,#1125,.T.);
#1506=ORIENTED_EDGE('',*,*,#1150,.T.);
#1507=ORIENTED_EDGE('',*,*,#1151,.F.);
#1508=ORIENTED_EDGE('',*,*,#1150,.F.);
#1509=ORIENTED_EDGE('',*,*,#1124,.T.);
#1510=ORIENTED_EDGE('',*,*,#1152,.T.);
#1511=ORIENTED_EDGE('',*,*,#1153,.F.);
#1512=ORIENTED_EDGE('',*,*,#1152,.F.);
#1513=ORIENTED_EDGE('',*,*,#1123,.T.);
#1514=ORIENTED_EDGE('',*,*,#1154,.T.);
#1515=ORIENTED_EDGE('',*,*,#1155,.F.);
#1516=ORIENTED_EDGE('',*,*,#1154,.F.);
#1517=ORIENTED_EDGE('',*,*,#1122,.T.);
#1518=ORIENTED_EDGE('',*,*,#1133,.T.);
#1519=ORIENTED_EDGE('',*,*,#1155,.T.);
#1520=ORIENTED_EDGE('',*,*,#1132,.T.);
#1521=ORIENTED_EDGE('',*,*,#1135,.T.);
#1522=ORIENTED_EDGE('',*,*,#1137,.T.);
#1523=ORIENTED_EDGE('',*,*,#1139,.T.);
#1524=ORIENTED_EDGE('',*,*,#1141,.T.);
#1525=ORIENTED_EDGE('',*,*,#1143,.T.);
#1526=ORIENTED_EDGE('',*,*,#1145,.T.);
#1527=ORIENTED_EDGE('',*,*,#1147,.T.);
#1528=ORIENTED_EDGE('',*,*,#1149,.T.);
#1529=ORIENTED_EDGE('',*,*,#1151,.T.);
#1530=ORIENTED_EDGE('',*,*,#1153,.T.);
#1531=ORIENTED_EDGE('',*,*,#1020,.T.);
#1532=ORIENTED_EDGE('',*,*,#1156,.F.);
#1533=ORIENTED_EDGE('',*,*,#1157,.F.);
#1534=ORIENTED_EDGE('',*,*,#1158,.F.);
#1535=ORIENTED_EDGE('',*,*,#1159,.F.);
#1536=ORIENTED_EDGE('',*,*,#1160,.F.);
#1537=ORIENTED_EDGE('',*,*,#1161,.F.);
#1538=ORIENTED_EDGE('',*,*,#1162,.F.);
#1539=ORIENTED_EDGE('',*,*,#1163,.F.);
#1540=ORIENTED_EDGE('',*,*,#1164,.F.);
#1541=ORIENTED_EDGE('',*,*,#1165,.F.);
#1542=ORIENTED_EDGE('',*,*,#1166,.F.);
#1543=ORIENTED_EDGE('',*,*,#1167,.F.);
#1544=ORIENTED_EDGE('',*,*,#1168,.F.);
#1545=ORIENTED_EDGE('',*,*,#1169,.F.);
#1546=ORIENTED_EDGE('',*,*,#1157,.T.);
#1547=ORIENTED_EDGE('',*,*,#1170,.T.);
#1548=ORIENTED_EDGE('',*,*,#1171,.F.);
#1549=ORIENTED_EDGE('',*,*,#1170,.F.);
#1550=ORIENTED_EDGE('',*,*,#1156,.T.);
#1551=ORIENTED_EDGE('',*,*,#1172,.T.);
#1552=ORIENTED_EDGE('',*,*,#1173,.F.);
#1553=ORIENTED_EDGE('',*,*,#1172,.F.);
#1554=ORIENTED_EDGE('',*,*,#1167,.T.);
#1555=ORIENTED_EDGE('',*,*,#1174,.T.);
#1556=ORIENTED_EDGE('',*,*,#1175,.F.);
#1557=ORIENTED_EDGE('',*,*,#1174,.F.);
#1558=ORIENTED_EDGE('',*,*,#1166,.T.);
#1559=ORIENTED_EDGE('',*,*,#1176,.T.);
#1560=ORIENTED_EDGE('',*,*,#1177,.F.);
#1561=ORIENTED_EDGE('',*,*,#1176,.F.);
#1562=ORIENTED_EDGE('',*,*,#1165,.T.);
#1563=ORIENTED_EDGE('',*,*,#1178,.T.);
#1564=ORIENTED_EDGE('',*,*,#1179,.F.);
#1565=ORIENTED_EDGE('',*,*,#1178,.F.);
#1566=ORIENTED_EDGE('',*,*,#1164,.T.);
#1567=ORIENTED_EDGE('',*,*,#1180,.T.);
#1568=ORIENTED_EDGE('',*,*,#1181,.F.);
#1569=ORIENTED_EDGE('',*,*,#1180,.F.);
#1570=ORIENTED_EDGE('',*,*,#1163,.T.);
#1571=ORIENTED_EDGE('',*,*,#1182,.T.);
#1572=ORIENTED_EDGE('',*,*,#1183,.F.);
#1573=ORIENTED_EDGE('',*,*,#1182,.F.);
#1574=ORIENTED_EDGE('',*,*,#1162,.T.);
#1575=ORIENTED_EDGE('',*,*,#1184,.T.);
#1576=ORIENTED_EDGE('',*,*,#1185,.F.);
#1577=ORIENTED_EDGE('',*,*,#1184,.F.);
#1578=ORIENTED_EDGE('',*,*,#1161,.T.);
#1579=ORIENTED_EDGE('',*,*,#1186,.T.);
#1580=ORIENTED_EDGE('',*,*,#1187,.F.);
#1581=ORIENTED_EDGE('',*,*,#1186,.F.);
#1582=ORIENTED_EDGE('',*,*,#1160,.T.);
#1583=ORIENTED_EDGE('',*,*,#1188,.T.);
#1584=ORIENTED_EDGE('',*,*,#1189,.F.);
#1585=ORIENTED_EDGE('',*,*,#1188,.F.);
#1586=ORIENTED_EDGE('',*,*,#1159,.T.);
#1587=ORIENTED_EDGE('',*,*,#1190,.T.);
#1588=ORIENTED_EDGE('',*,*,#1191,.F.);
#1589=ORIENTED_EDGE('',*,*,#1190,.F.);
#1590=ORIENTED_EDGE('',*,*,#1158,.T.);
#1591=ORIENTED_EDGE('',*,*,#1169,.T.);
#1592=ORIENTED_EDGE('',*,*,#1191,.T.);
#1593=ORIENTED_EDGE('',*,*,#1168,.T.);
#1594=ORIENTED_EDGE('',*,*,#1171,.T.);
#1595=ORIENTED_EDGE('',*,*,#1173,.T.);
#1596=ORIENTED_EDGE('',*,*,#1175,.T.);
#1597=ORIENTED_EDGE('',*,*,#1177,.T.);
#1598=ORIENTED_EDGE('',*,*,#1179,.T.);
#1599=ORIENTED_EDGE('',*,*,#1181,.T.);
#1600=ORIENTED_EDGE('',*,*,#1183,.T.);
#1601=ORIENTED_EDGE('',*,*,#1185,.T.);
#1602=ORIENTED_EDGE('',*,*,#1187,.T.);
#1603=ORIENTED_EDGE('',*,*,#1189,.T.);
#1604=ORIENTED_EDGE('',*,*,#1028,.T.);
#1605=ORIENTED_EDGE('',*,*,#1192,.F.);
#1606=ORIENTED_EDGE('',*,*,#1193,.F.);
#1607=ORIENTED_EDGE('',*,*,#1194,.F.);
#1608=ORIENTED_EDGE('',*,*,#1195,.F.);
#1609=ORIENTED_EDGE('',*,*,#1196,.F.);
#1610=ORIENTED_EDGE('',*,*,#1197,.F.);
#1611=ORIENTED_EDGE('',*,*,#1198,.F.);
#1612=ORIENTED_EDGE('',*,*,#1199,.F.);
#1613=ORIENTED_EDGE('',*,*,#1200,.F.);
#1614=ORIENTED_EDGE('',*,*,#1201,.F.);
#1615=ORIENTED_EDGE('',*,*,#1202,.F.);
#1616=ORIENTED_EDGE('',*,*,#1203,.F.);
#1617=ORIENTED_EDGE('',*,*,#1204,.F.);
#1618=ORIENTED_EDGE('',*,*,#1205,.F.);
#1619=ORIENTED_EDGE('',*,*,#1193,.T.);
#1620=ORIENTED_EDGE('',*,*,#1206,.T.);
#1621=ORIENTED_EDGE('',*,*,#1207,.F.);
#1622=ORIENTED_EDGE('',*,*,#1206,.F.);
#1623=ORIENTED_EDGE('',*,*,#1192,.T.);
#1624=ORIENTED_EDGE('',*,*,#1208,.T.);
#1625=ORIENTED_EDGE('',*,*,#1209,.F.);
#1626=ORIENTED_EDGE('',*,*,#1208,.F.);
#1627=ORIENTED_EDGE('',*,*,#1203,.T.);
#1628=ORIENTED_EDGE('',*,*,#1210,.T.);
#1629=ORIENTED_EDGE('',*,*,#1211,.F.);
#1630=ORIENTED_EDGE('',*,*,#1210,.F.);
#1631=ORIENTED_EDGE('',*,*,#1202,.T.);
#1632=ORIENTED_EDGE('',*,*,#1212,.T.);
#1633=ORIENTED_EDGE('',*,*,#1213,.F.);
#1634=ORIENTED_EDGE('',*,*,#1212,.F.);
#1635=ORIENTED_EDGE('',*,*,#1201,.T.);
#1636=ORIENTED_EDGE('',*,*,#1214,.T.);
#1637=ORIENTED_EDGE('',*,*,#1215,.F.);
#1638=ORIENTED_EDGE('',*,*,#1214,.F.);
#1639=ORIENTED_EDGE('',*,*,#1200,.T.);
#1640=ORIENTED_EDGE('',*,*,#1216,.T.);
#1641=ORIENTED_EDGE('',*,*,#1217,.F.);
#1642=ORIENTED_EDGE('',*,*,#1216,.F.);
#1643=ORIENTED_EDGE('',*,*,#1199,.T.);
#1644=ORIENTED_EDGE('',*,*,#1218,.T.);
#1645=ORIENTED_EDGE('',*,*,#1219,.F.);
#1646=ORIENTED_EDGE('',*,*,#1218,.F.);
#1647=ORIENTED_EDGE('',*,*,#1198,.T.);
#1648=ORIENTED_EDGE('',*,*,#1220,.T.);
#1649=ORIENTED_EDGE('',*,*,#1221,.F.);
#1650=ORIENTED_EDGE('',*,*,#1220,.F.);
#1651=ORIENTED_EDGE('',*,*,#1197,.T.);
#1652=ORIENTED_EDGE('',*,*,#1222,.T.);
#1653=ORIENTED_EDGE('',*,*,#1223,.F.);
#1654=ORIENTED_EDGE('',*,*,#1222,.F.);
#1655=ORIENTED_EDGE('',*,*,#1196,.T.);
#1656=ORIENTED_EDGE('',*,*,#1224,.T.);
#1657=ORIENTED_EDGE('',*,*,#1225,.F.);
#1658=ORIENTED_EDGE('',*,*,#1224,.F.);
#1659=ORIENTED_EDGE('',*,*,#1195,.T.);
#1660=ORIENTED_EDGE('',*,*,#1226,.T.);
#1661=ORIENTED_EDGE('',*,*,#1227,.F.);
#1662=ORIENTED_EDGE('',*,*,#1226,.F.);
#1663=ORIENTED_EDGE('',*,*,#1194,.T.);
#1664=ORIENTED_EDGE('',*,*,#1205,.T.);
#1665=ORIENTED_EDGE('',*,*,#1227,.T.);
#1666=ORIENTED_EDGE('',*,*,#1204,.T.);
#1667=ORIENTED_EDGE('',*,*,#1207,.T.);
#1668=ORIENTED_EDGE('',*,*,#1209,.T.);
#1669=ORIENTED_EDGE('',*,*,#1211,.T.);
#1670=ORIENTED_EDGE('',*,*,#1213,.T.);
#1671=ORIENTED_EDGE('',*,*,#1215,.T.);
#1672=ORIENTED_EDGE('',*,*,#1217,.T.);
#1673=ORIENTED_EDGE('',*,*,#1219,.T.);
#1674=ORIENTED_EDGE('',*,*,#1221,.T.);
#1675=ORIENTED_EDGE('',*,*,#1223,.T.);
#1676=ORIENTED_EDGE('',*,*,#1225,.T.);
#1677=ORIENTED_EDGE('',*,*,#1090,.T.);
#1678=ORIENTED_EDGE('',*,*,#1228,.T.);
#1679=ORIENTED_EDGE('',*,*,#1114,.T.);
#1680=ORIENTED_EDGE('',*,*,#1229,.T.);
#1681=ORIENTED_EDGE('',*,*,#1011,.T.);
#1682=ORIENTED_EDGE('',*,*,#1007,.T.);
#1683=ORIENTED_EDGE('',*,*,#1087,.T.);
#1684=ORIENTED_EDGE('',*,*,#1105,.T.);
#1685=ORIENTED_EDGE('',*,*,#1115,.T.);
#1686=ORIENTED_EDGE('',*,*,#1228,.F.);
#1687=ORIENTED_EDGE('',*,*,#1116,.T.);
#1688=ORIENTED_EDGE('',*,*,#1092,.T.);
#1689=ORIENTED_EDGE('',*,*,#1117,.T.);
#1690=ORIENTED_EDGE('',*,*,#1229,.F.);
#1691=ORIENTED_EDGE('',*,*,#1113,.F.);
#1692=ORIENTED_EDGE('',*,*,#1108,.T.);
#1693=ORIENTED_EDGE('',*,*,#1230,.F.);
#1694=ORIENTED_EDGE('',*,*,#1094,.T.);
#1695=ORIENTED_EDGE('',*,*,#1231,.F.);
#1696=ORIENTED_EDGE('',*,*,#1232,.F.);
#1697=ORIENTED_EDGE('',*,*,#1085,.T.);
#1698=ORIENTED_EDGE('',*,*,#1233,.F.);
#1699=ORIENTED_EDGE('',*,*,#1234,.F.);
#1700=ORIENTED_EDGE('',*,*,#1235,.F.);
#1701=ORIENTED_EDGE('',*,*,#1095,.F.);
#1702=ORIENTED_EDGE('',*,*,#1236,.F.);
#1703=ORIENTED_EDGE('',*,*,#1110,.T.);
#1704=ORIENTED_EDGE('',*,*,#1103,.T.);
#1705=ORIENTED_EDGE('',*,*,#1232,.T.);
#1706=ORIENTED_EDGE('',*,*,#1237,.F.);
#1707=ORIENTED_EDGE('',*,*,#1238,.F.);
#1708=ORIENTED_EDGE('',*,*,#1239,.F.);
#1709=ORIENTED_EDGE('',*,*,#1240,.F.);
#1710=ORIENTED_EDGE('',*,*,#1237,.T.);
#1711=ORIENTED_EDGE('',*,*,#1233,.T.);
#1712=ORIENTED_EDGE('',*,*,#1106,.T.);
#1713=ORIENTED_EDGE('',*,*,#1230,.T.);
#1714=ORIENTED_EDGE('',*,*,#1101,.T.);
#1715=ORIENTED_EDGE('',*,*,#1241,.T.);
#1716=ORIENTED_EDGE('',*,*,#1242,.T.);
#1717=ORIENTED_EDGE('',*,*,#1243,.T.);
#1718=ORIENTED_EDGE('',*,*,#1239,.T.);
#1719=ORIENTED_EDGE('',*,*,#1231,.T.);
#1720=ORIENTED_EDGE('',*,*,#1107,.T.);
#1721=ORIENTED_EDGE('',*,*,#1112,.F.);
#1722=ORIENTED_EDGE('',*,*,#1244,.F.);
#1723=ORIENTED_EDGE('',*,*,#1111,.T.);
#1724=ORIENTED_EDGE('',*,*,#1236,.T.);
#1725=ORIENTED_EDGE('',*,*,#1102,.T.);
#1726=ORIENTED_EDGE('',*,*,#1244,.T.);
#1727=ORIENTED_EDGE('',*,*,#1098,.T.);
#1728=ORIENTED_EDGE('',*,*,#1245,.F.);
#1729=ORIENTED_EDGE('',*,*,#1246,.F.);
#1730=ORIENTED_EDGE('',*,*,#1247,.T.);
#1731=ORIENTED_EDGE('',*,*,#1248,.T.);
#1732=ORIENTED_EDGE('',*,*,#1249,.T.);
#1733=ORIENTED_EDGE('',*,*,#1099,.T.);
#1734=ORIENTED_EDGE('',*,*,#1247,.F.);
#1735=ORIENTED_EDGE('',*,*,#1250,.F.);
#1736=ORIENTED_EDGE('',*,*,#1251,.T.);
#1737=ORIENTED_EDGE('',*,*,#1252,.T.);
#1738=ORIENTED_EDGE('',*,*,#1253,.T.);
#1739=ORIENTED_EDGE('',*,*,#1238,.T.);
#1740=ORIENTED_EDGE('',*,*,#1240,.T.);
#1741=ORIENTED_EDGE('',*,*,#1243,.F.);
#1742=ORIENTED_EDGE('',*,*,#1254,.T.);
#1743=ORIENTED_EDGE('',*,*,#1251,.F.);
#1744=ORIENTED_EDGE('',*,*,#1255,.F.);
#1745=ORIENTED_EDGE('',*,*,#1097,.T.);
#1746=ORIENTED_EDGE('',*,*,#1256,.T.);
#1747=ORIENTED_EDGE('',*,*,#1257,.T.);
#1748=ORIENTED_EDGE('',*,*,#1252,.F.);
#1749=ORIENTED_EDGE('',*,*,#1258,.F.);
#1750=ORIENTED_EDGE('',*,*,#1245,.T.);
#1751=ORIENTED_EDGE('',*,*,#1246,.T.);
#1752=ORIENTED_EDGE('',*,*,#1258,.T.);
#1753=ORIENTED_EDGE('',*,*,#1255,.T.);
#1754=ORIENTED_EDGE('',*,*,#1250,.T.);
#1755=ORIENTED_EDGE('',*,*,#1259,.T.);
#1756=ORIENTED_EDGE('',*,*,#1234,.T.);
#1757=ORIENTED_EDGE('',*,*,#1253,.F.);
#1758=ORIENTED_EDGE('',*,*,#1257,.F.);
#1759=ORIENTED_EDGE('',*,*,#1096,.T.);
#1760=ORIENTED_EDGE('',*,*,#1235,.T.);
#1761=ORIENTED_EDGE('',*,*,#1259,.F.);
#1762=ORIENTED_EDGE('',*,*,#1256,.F.);
#1763=ORIENTED_EDGE('',*,*,#1260,.F.);
#1764=ORIENTED_EDGE('',*,*,#1241,.F.);
#1765=ORIENTED_EDGE('',*,*,#1100,.T.);
#1766=ORIENTED_EDGE('',*,*,#1249,.F.);
#1767=ORIENTED_EDGE('',*,*,#1254,.F.);
#1768=ORIENTED_EDGE('',*,*,#1242,.F.);
#1769=ORIENTED_EDGE('',*,*,#1260,.T.);
#1770=ORIENTED_EDGE('',*,*,#1248,.F.);
#1771=TOROIDAL_SURFACE('',#1899,15.9,0.5);
#1772=TOROIDAL_SURFACE('',#1906,17.3,1.);
#1773=TOROIDAL_SURFACE('',#1911,17.8,0.5);
#1774=TOROIDAL_SURFACE('',#1916,1.3,0.2);
#1775=TOROIDAL_SURFACE('',#1921,1.3,0.2);
#1776=TOROIDAL_SURFACE('',#1926,1.3,0.2);
#1777=ADVANCED_FACE('',(#537),#1771,.T.);
#1778=ADVANCED_FACE('',(#538),#1772,.T.);
#1779=ADVANCED_FACE('',(#539),#1773,.T.);
#1780=ADVANCED_FACE('',(#540),#1774,.T.);
#1781=ADVANCED_FACE('',(#541),#1775,.T.);
#1782=ADVANCED_FACE('',(#542),#1776,.T.);
#1783=ADVANCED_FACE('',(#543),#494,.T.);
#1784=ADVANCED_FACE('',(#544),#495,.T.);
#1785=ADVANCED_FACE('',(#545),#496,.T.);
#1786=ADVANCED_FACE('',(#546),#497,.F.);
#1787=ADVANCED_FACE('',(#547),#498,.F.);
#1788=ADVANCED_FACE('',(#548),#499,.F.);
#1789=ADVANCED_FACE('',(#549),#500,.T.);
#1790=ADVANCED_FACE('',(#550),#501,.F.);
#1791=ADVANCED_FACE('',(#551),#502,.T.);
#1792=ADVANCED_FACE('',(#552),#503,.F.);
#1793=ADVANCED_FACE('',(#553),#504,.F.);
#1794=ADVANCED_FACE('',(#554),#505,.F.);
#1795=ADVANCED_FACE('',(#555),#506,.F.);
#1796=ADVANCED_FACE('',(#556),#507,.F.);
#1797=ADVANCED_FACE('',(#557),#508,.T.);
#1798=ADVANCED_FACE('',(#558),#509,.T.);
#1799=ADVANCED_FACE('',(#559),#510,.F.);
#1800=ADVANCED_FACE('',(#560),#511,.T.);
#1801=ADVANCED_FACE('',(#561),#512,.T.);
#1802=ADVANCED_FACE('',(#562),#33,.F.);
#1803=ADVANCED_FACE('',(#563),#34,.F.);
#1804=ADVANCED_FACE('',(#564),#35,.F.);
#1805=ADVANCED_FACE('',(#565),#36,.F.);
#1806=ADVANCED_FACE('',(#566),#37,.T.);
#1807=ADVANCED_FACE('',(#567),#38,.F.);
#1808=ADVANCED_FACE('',(#568,#14),#39,.F.);
#1809=ADVANCED_FACE('',(#569,#15),#40,.F.);
#1810=ADVANCED_FACE('',(#570,#16),#41,.F.);
#1811=ADVANCED_FACE('',(#571,#17,#18,#19,#20,#21,#22,#23,#24,#25,#26,#27),
#42,.F.);
#1812=ADVANCED_FACE('',(#572,#28),#43,.T.);
#1813=ADVANCED_FACE('',(#573),#44,.T.);
#1814=ADVANCED_FACE('',(#574,#29),#45,.T.);
#1815=ADVANCED_FACE('',(#575),#46,.T.);
#1816=ADVANCED_FACE('',(#576),#47,.T.);
#1817=ADVANCED_FACE('',(#577),#48,.T.);
#1818=ADVANCED_FACE('',(#578),#49,.T.);
#1819=ADVANCED_FACE('',(#579),#50,.T.);
#1820=ADVANCED_FACE('',(#580),#51,.T.);
#1821=ADVANCED_FACE('',(#581),#52,.F.);
#1822=ADVANCED_FACE('',(#582),#53,.T.);
#1823=ADVANCED_FACE('',(#583),#54,.T.);
#1824=ADVANCED_FACE('',(#584,#30),#55,.T.);
#1825=ADVANCED_FACE('',(#585),#56,.T.);
#1826=ADVANCED_FACE('',(#586),#57,.T.);
#1827=ADVANCED_FACE('',(#587),#58,.T.);
#1828=ADVANCED_FACE('',(#588),#59,.T.);
#1829=ADVANCED_FACE('',(#589),#60,.T.);
#1830=ADVANCED_FACE('',(#590),#61,.T.);
#1831=ADVANCED_FACE('',(#591),#62,.T.);
#1832=ADVANCED_FACE('',(#592),#63,.T.);
#1833=ADVANCED_FACE('',(#593),#64,.T.);
#1834=ADVANCED_FACE('',(#594),#65,.T.);
#1835=ADVANCED_FACE('',(#595),#66,.T.);
#1836=ADVANCED_FACE('',(#596),#67,.T.);
#1837=ADVANCED_FACE('',(#597),#68,.F.);
#1838=ADVANCED_FACE('',(#598,#31),#69,.T.);
#1839=ADVANCED_FACE('',(#599),#70,.T.);
#1840=ADVANCED_FACE('',(#600),#71,.T.);
#1841=ADVANCED_FACE('',(#601),#72,.T.);
#1842=ADVANCED_FACE('',(#602),#73,.T.);
#1843=ADVANCED_FACE('',(#603),#74,.T.);
#1844=ADVANCED_FACE('',(#604),#75,.T.);
#1845=ADVANCED_FACE('',(#605),#76,.T.);
#1846=ADVANCED_FACE('',(#606),#77,.T.);
#1847=ADVANCED_FACE('',(#607),#78,.T.);
#1848=ADVANCED_FACE('',(#608),#79,.T.);
#1849=ADVANCED_FACE('',(#609),#80,.T.);
#1850=ADVANCED_FACE('',(#610),#81,.T.);
#1851=ADVANCED_FACE('',(#611),#82,.F.);
#1852=ADVANCED_FACE('',(#612,#32),#83,.T.);
#1853=ADVANCED_FACE('',(#613),#84,.T.);
#1854=ADVANCED_FACE('',(#614),#85,.T.);
#1855=ADVANCED_FACE('',(#615),#86,.T.);
#1856=ADVANCED_FACE('',(#616),#87,.T.);
#1857=ADVANCED_FACE('',(#617),#88,.T.);
#1858=ADVANCED_FACE('',(#618),#89,.T.);
#1859=ADVANCED_FACE('',(#619),#90,.T.);
#1860=ADVANCED_FACE('',(#620),#91,.T.);
#1861=ADVANCED_FACE('',(#621),#92,.T.);
#1862=ADVANCED_FACE('',(#622),#93,.T.);
#1863=ADVANCED_FACE('',(#623),#94,.T.);
#1864=ADVANCED_FACE('',(#624),#95,.T.);
#1865=ADVANCED_FACE('',(#625),#96,.F.);
#1866=ADVANCED_FACE('',(#626),#97,.T.);
#1867=ADVANCED_FACE('',(#627),#98,.T.);
#1868=ADVANCED_FACE('',(#628),#99,.T.);
#1869=ADVANCED_FACE('',(#629),#100,.T.);
#1870=ADVANCED_FACE('',(#630),#101,.F.);
#1871=ADVANCED_FACE('',(#631),#102,.F.);
#1872=ADVANCED_FACE('',(#632),#103,.F.);
#1873=ADVANCED_FACE('',(#633),#104,.F.);
#1874=ADVANCED_FACE('',(#634),#105,.F.);
#1875=ADVANCED_FACE('',(#635),#106,.T.);
#1876=ADVANCED_FACE('',(#636),#107,.F.);
#1877=ADVANCED_FACE('',(#637),#108,.F.);
#1878=ADVANCED_FACE('',(#638),#109,.F.);
#1879=ADVANCED_FACE('',(#639),#110,.F.);
#1880=ADVANCED_FACE('',(#640),#111,.T.);
#1881=ADVANCED_FACE('',(#641),#112,.F.);
#1882=ADVANCED_FACE('',(#642),#113,.F.);
#1883=ADVANCED_FACE('',(#643),#114,.F.);
#1884=ADVANCED_FACE('',(#644),#115,.F.);
#1885=CLOSED_SHELL('',(#1777,#1778,#1779,#1780,#1781,#1782,#1783,#1784,
#1785,#1786,#1787,#1788,#1789,#1790,#1791,#1792,#1793,#1794,#1795,#1796,
#1797,#1798,#1799,#1800,#1801,#1802,#1803,#1804,#1805,#1806,#1807,#1808,
#1809,#1810,#1811,#1812,#1813,#1814,#1815,#1816,#1817,#1818,#1819,#1820,
#1821,#1822,#1823,#1824,#1825,#1826,#1827,#1828,#1829,#1830,#1831,#1832,
#1833,#1834,#1835,#1836,#1837,#1838,#1839,#1840,#1841,#1842,#1843,#1844,
#1845,#1846,#1847,#1848,#1849,#1850,#1851,#1852,#1853,#1854,#1855,#1856,
#1857,#1858,#1859,#1860,#1861,#1862,#1863,#1864,#1865,#1866,#1867,#1868,
#1869,#1870,#1871,#1872,#1873,#1874,#1875,#1876,#1877,#1878,#1879,#1880,
#1881,#1882,#1883,#1884));
#1886=DERIVED_UNIT_ELEMENT(#1888,1.);
#1887=DERIVED_UNIT_ELEMENT(#3149,-3.);
#1888=(
MASS_UNIT()
NAMED_UNIT(*)
SI_UNIT(.KILO.,.GRAM.)
);
#1889=DERIVED_UNIT((#1886,#1887));
#1890=MEASURE_REPRESENTATION_ITEM('density measure',
POSITIVE_RATIO_MEASURE(7850.),#1889);
#1891=PROPERTY_DEFINITION_REPRESENTATION(#1896,#1893);
#1892=PROPERTY_DEFINITION_REPRESENTATION(#1897,#1894);
#1893=REPRESENTATION('material name',(#1895),#3146);
#1894=REPRESENTATION('density',(#1890),#3146);
#1895=DESCRIPTIVE_REPRESENTATION_ITEM('\X2\94A2\X0\','\X2\94A2\X0\');
#1896=PROPERTY_DEFINITION('material property','material name',#3156);
#1897=PROPERTY_DEFINITION('material property','density of part',#3156);
#1898=AXIS2_PLACEMENT_3D('',#2612,#2073,#2074);
#1899=AXIS2_PLACEMENT_3D('',#2613,#2075,#2076);
#1900=AXIS2_PLACEMENT_3D('',#2616,#2077,#2078);
#1901=AXIS2_PLACEMENT_3D('',#2618,#2079,#2080);
#1902=AXIS2_PLACEMENT_3D('',#2620,#2081,#2082);
#1903=AXIS2_PLACEMENT_3D('',#2622,#2083,#2084);
#1904=AXIS2_PLACEMENT_3D('',#2623,#2085,#2086);
#1905=AXIS2_PLACEMENT_3D('',#2624,#2087,#2088);
#1906=AXIS2_PLACEMENT_3D('',#2625,#2089,#2090);
#1907=AXIS2_PLACEMENT_3D('',#2627,#2091,#2092);
#1908=AXIS2_PLACEMENT_3D('',#2629,#2093,#2094);
#1909=AXIS2_PLACEMENT_3D('',#2631,#2095,#2096);
#1910=AXIS2_PLACEMENT_3D('',#2632,#2097,#2098);
#1911=AXIS2_PLACEMENT_3D('',#2633,#2099,#2100);
#1912=AXIS2_PLACEMENT_3D('',#2636,#2101,#2102);
#1913=AXIS2_PLACEMENT_3D('',#2637,#2103,#2104);
#1914=AXIS2_PLACEMENT_3D('',#2639,#2105,#2106);
#1915=AXIS2_PLACEMENT_3D('',#2640,#2107,#2108);
#1916=AXIS2_PLACEMENT_3D('',#2641,#2109,#2110);
#1917=AXIS2_PLACEMENT_3D('',#2643,#2111,#2112);
#1918=AXIS2_PLACEMENT_3D('',#2645,#2113,#2114);
#1919=AXIS2_PLACEMENT_3D('',#2647,#2115,#2116);
#1920=AXIS2_PLACEMENT_3D('',#2648,#2117,#2118);
#1921=AXIS2_PLACEMENT_3D('',#2649,#2119,#2120);
#1922=AXIS2_PLACEMENT_3D('',#2651,#2121,#2122);
#1923=AXIS2_PLACEMENT_3D('',#2653,#2123,#2124);
#1924=AXIS2_PLACEMENT_3D('',#2655,#2125,#2126);
#1925=AXIS2_PLACEMENT_3D('',#2656,#2127,#2128);
#1926=AXIS2_PLACEMENT_3D('',#2657,#2129,#2130);
#1927=AXIS2_PLACEMENT_3D('',#2659,#2131,#2132);
#1928=AXIS2_PLACEMENT_3D('',#2661,#2133,#2134);
#1929=AXIS2_PLACEMENT_3D('',#2663,#2135,#2136);
#1930=AXIS2_PLACEMENT_3D('',#2664,#2137,#2138);
#1931=AXIS2_PLACEMENT_3D('',#2665,#2139,#2140);
#1932=AXIS2_PLACEMENT_3D('',#2667,#2141,#2142);
#1933=AXIS2_PLACEMENT_3D('',#2669,#2144,#2145);
#1934=AXIS2_PLACEMENT_3D('',#2671,#2146,#2147);
#1935=AXIS2_PLACEMENT_3D('',#2673,#2149,#2150);
#1936=AXIS2_PLACEMENT_3D('',#2675,#2151,#2152);
#1937=AXIS2_PLACEMENT_3D('',#2677,#2154,#2155);
#1938=AXIS2_PLACEMENT_3D('',#2679,#2156,#2157);
#1939=AXIS2_PLACEMENT_3D('',#2682,#2159,#2160);
#1940=AXIS2_PLACEMENT_3D('',#2683,#2161,#2162);
#1941=AXIS2_PLACEMENT_3D('',#2685,#2163,#2164);
#1942=AXIS2_PLACEMENT_3D('',#2688,#2166,#2167);
#1943=AXIS2_PLACEMENT_3D('',#2689,#2168,#2169);
#1944=AXIS2_PLACEMENT_3D('',#2691,#2170,#2171);
#1945=AXIS2_PLACEMENT_3D('',#2694,#2173,#2174);
#1946=AXIS2_PLACEMENT_3D('',#2695,#2175,#2176);
#1947=AXIS2_PLACEMENT_3D('',#2698,#2177,#2178);
#1948=AXIS2_PLACEMENT_3D('',#2702,#2180,#2181);
#1949=AXIS2_PLACEMENT_3D('',#2704,#2183,#2184);
#1950=AXIS2_PLACEMENT_3D('',#2705,#2185,#2186);
#1951=AXIS2_PLACEMENT_3D('',#2706,#2187,#2188);
#1952=AXIS2_PLACEMENT_3D('',#2707,#2189,#2190);
#1953=AXIS2_PLACEMENT_3D('',#2709,#2191,#2192);
#1954=AXIS2_PLACEMENT_3D('',#2711,#2194,#2195);
#1955=AXIS2_PLACEMENT_3D('',#2713,#2196,#2197);
#1956=AXIS2_PLACEMENT_3D('',#2716,#2199,#2200);
#1957=AXIS2_PLACEMENT_3D('',#2717,#2201,#2202);
#1958=AXIS2_PLACEMENT_3D('',#2719,#2203,#2204);
#1959=AXIS2_PLACEMENT_3D('',#2722,#2206,#2207);
#1960=AXIS2_PLACEMENT_3D('',#2723,#2208,#2209);
#1961=AXIS2_PLACEMENT_3D('',#2725,#2210,#2211);
#1962=AXIS2_PLACEMENT_3D('',#2728,#2213,#2214);
#1963=AXIS2_PLACEMENT_3D('',#2729,#2215,#2216);
#1964=AXIS2_PLACEMENT_3D('',#2731,#2217,#2218);
#1965=AXIS2_PLACEMENT_3D('',#2734,#2220,#2221);
#1966=AXIS2_PLACEMENT_3D('',#2735,#2222,#2223);
#1967=AXIS2_PLACEMENT_3D('',#2737,#2224,#2225);
#1968=AXIS2_PLACEMENT_3D('',#2740,#2227,#2228);
#1969=AXIS2_PLACEMENT_3D('',#2741,#2229,#2230);
#1970=AXIS2_PLACEMENT_3D('',#2743,#2231,#2232);
#1971=AXIS2_PLACEMENT_3D('',#2747,#2234,#2235);
#1972=AXIS2_PLACEMENT_3D('',#2751,#2237,#2238);
#1973=AXIS2_PLACEMENT_3D('',#2754,#2240,#2241);
#1974=AXIS2_PLACEMENT_3D('',#2755,#2242,#2243);
#1975=AXIS2_PLACEMENT_3D('',#2757,#2244,#2245);
#1976=AXIS2_PLACEMENT_3D('',#2760,#2247,#2248);
#1977=AXIS2_PLACEMENT_3D('',#2761,#2249,#2250);
#1978=AXIS2_PLACEMENT_3D('',#2763,#2251,#2252);
#1979=AXIS2_PLACEMENT_3D('',#2766,#2254,#2255);
#1980=AXIS2_PLACEMENT_3D('',#2767,#2256,#2257);
#1981=AXIS2_PLACEMENT_3D('',#2769,#2259,#2260);
#1982=AXIS2_PLACEMENT_3D('',#2772,#2261,#2262);
#1983=AXIS2_PLACEMENT_3D('',#2774,#2263,#2264);
#1984=AXIS2_PLACEMENT_3D('',#2776,#2265,#2266);
#1985=AXIS2_PLACEMENT_3D('',#2780,#2268,#2269);
#1986=AXIS2_PLACEMENT_3D('',#2783,#2271,#2272);
#1987=AXIS2_PLACEMENT_3D('',#2785,#2273,#2274);
#1988=AXIS2_PLACEMENT_3D('',#2789,#2276,#2277);
#1989=AXIS2_PLACEMENT_3D('',#2790,#2278,#2279);
#1990=AXIS2_PLACEMENT_3D('',#2791,#2280,#2281);
#1991=AXIS2_PLACEMENT_3D('',#2808,#2290,#2291);
#1992=AXIS2_PLACEMENT_3D('',#2814,#2295,#2296);
#1993=AXIS2_PLACEMENT_3D('',#2816,#2298,#2299);
#1994=AXIS2_PLACEMENT_3D('',#2822,#2303,#2304);
#1995=AXIS2_PLACEMENT_3D('',#2833,#2311,#2312);
#1996=AXIS2_PLACEMENT_3D('',#2836,#2315,#2316);
#1997=AXIS2_PLACEMENT_3D('',#2837,#2317,#2318);
#1998=AXIS2_PLACEMENT_3D('',#2838,#2319,#2320);
#1999=AXIS2_PLACEMENT_3D('',#2839,#2321,#2322);
#2000=AXIS2_PLACEMENT_3D('',#2840,#2323,#2324);
#2001=AXIS2_PLACEMENT_3D('',#2841,#2325,#2326);
#2002=AXIS2_PLACEMENT_3D('',#2842,#2327,#2328);
#2003=AXIS2_PLACEMENT_3D('',#2843,#2329,#2330);
#2004=AXIS2_PLACEMENT_3D('',#2845,#2332,#2333);
#2005=AXIS2_PLACEMENT_3D('',#2846,#2334,#2335);
#2006=AXIS2_PLACEMENT_3D('',#2847,#2336,#2337);
#2007=AXIS2_PLACEMENT_3D('',#2848,#2338,#2339);
#2008=AXIS2_PLACEMENT_3D('',#2849,#2340,#2341);
#2009=AXIS2_PLACEMENT_3D('',#2850,#2342,#2343);
#2010=AXIS2_PLACEMENT_3D('',#2852,#2345,#2346);
#2011=AXIS2_PLACEMENT_3D('',#2853,#2347,#2348);
#2012=AXIS2_PLACEMENT_3D('',#2854,#2349,#2350);
#2013=AXIS2_PLACEMENT_3D('',#2879,#2363,#2364);
#2014=AXIS2_PLACEMENT_3D('',#2885,#2368,#2369);
#2015=AXIS2_PLACEMENT_3D('',#2889,#2372,#2373);
#2016=AXIS2_PLACEMENT_3D('',#2893,#2376,#2377);
#2017=AXIS2_PLACEMENT_3D('',#2897,#2380,#2381);
#2018=AXIS2_PLACEMENT_3D('',#2901,#2384,#2385);
#2019=AXIS2_PLACEMENT_3D('',#2905,#2388,#2389);
#2020=AXIS2_PLACEMENT_3D('',#2909,#2392,#2393);
#2021=AXIS2_PLACEMENT_3D('',#2913,#2396,#2397);
#2022=AXIS2_PLACEMENT_3D('',#2917,#2400,#2401);
#2023=AXIS2_PLACEMENT_3D('',#2921,#2404,#2405);
#2024=AXIS2_PLACEMENT_3D('',#2925,#2408,#2409);
#2025=AXIS2_PLACEMENT_3D('',#2927,#2411,#2412);
#2026=AXIS2_PLACEMENT_3D('',#2928,#2413,#2414);
#2027=AXIS2_PLACEMENT_3D('',#2953,#2427,#2428);
#2028=AXIS2_PLACEMENT_3D('',#2959,#2432,#2433);
#2029=AXIS2_PLACEMENT_3D('',#2963,#2436,#2437);
#2030=AXIS2_PLACEMENT_3D('',#2967,#2440,#2441);
#2031=AXIS2_PLACEMENT_3D('',#2971,#2444,#2445);
#2032=AXIS2_PLACEMENT_3D('',#2975,#2448,#2449);
#2033=AXIS2_PLACEMENT_3D('',#2979,#2452,#2453);
#2034=AXIS2_PLACEMENT_3D('',#2983,#2456,#2457);
#2035=AXIS2_PLACEMENT_3D('',#2987,#2460,#2461);
#2036=AXIS2_PLACEMENT_3D('',#2991,#2464,#2465);
#2037=AXIS2_PLACEMENT_3D('',#2995,#2468,#2469);
#2038=AXIS2_PLACEMENT_3D('',#2999,#2472,#2473);
#2039=AXIS2_PLACEMENT_3D('',#3001,#2475,#2476);
#2040=AXIS2_PLACEMENT_3D('',#3002,#2477,#2478);
#2041=AXIS2_PLACEMENT_3D('',#3027,#2491,#2492);
#2042=AXIS2_PLACEMENT_3D('',#3033,#2496,#2497);
#2043=AXIS2_PLACEMENT_3D('',#3037,#2500,#2501);
#2044=AXIS2_PLACEMENT_3D('',#3041,#2504,#2505);
#2045=AXIS2_PLACEMENT_3D('',#3045,#2508,#2509);
#2046=AXIS2_PLACEMENT_3D('',#3049,#2512,#2513);
#2047=AXIS2_PLACEMENT_3D('',#3053,#2516,#2517);
#2048=AXIS2_PLACEMENT_3D('',#3057,#2520,#2521);
#2049=AXIS2_PLACEMENT_3D('',#3061,#2524,#2525);
#2050=AXIS2_PLACEMENT_3D('',#3065,#2528,#2529);
#2051=AXIS2_PLACEMENT_3D('',#3069,#2532,#2533);
#2052=AXIS2_PLACEMENT_3D('',#3073,#2536,#2537);
#2053=AXIS2_PLACEMENT_3D('',#3075,#2539,#2540);
#2054=AXIS2_PLACEMENT_3D('',#3076,#2541,#2542);
#2055=AXIS2_PLACEMENT_3D('',#3077,#2543,#2544);
#2056=AXIS2_PLACEMENT_3D('',#3080,#2547,#2548);
#2057=AXIS2_PLACEMENT_3D('',#3081,#2549,#2550);
#2058=AXIS2_PLACEMENT_3D('',#3082,#2551,#2552);
#2059=AXIS2_PLACEMENT_3D('',#3086,#2555,#2556);
#2060=AXIS2_PLACEMENT_3D('',#3090,#2559,#2560);
#2061=AXIS2_PLACEMENT_3D('',#3099,#2566,#2567);
#2062=AXIS2_PLACEMENT_3D('',#3103,#2570,#2571);
#2063=AXIS2_PLACEMENT_3D('',#3110,#2576,#2577);
#2064=AXIS2_PLACEMENT_3D('',#3111,#2578,#2579);
#2065=AXIS2_PLACEMENT_3D('',#3117,#2583,#2584);
#2066=AXIS2_PLACEMENT_3D('',#3125,#2589,#2590);
#2067=AXIS2_PLACEMENT_3D('',#3132,#2595,#2596);
#2068=AXIS2_PLACEMENT_3D('',#3137,#2600,#2601);
#2069=AXIS2_PLACEMENT_3D('',#3138,#2602,#2603);
#2070=AXIS2_PLACEMENT_3D('',#3140,#2605,#2606);
#2071=AXIS2_PLACEMENT_3D('',#3141,#2607,#2608);
#2072=AXIS2_PLACEMENT_3D('',#3143,#2610,#2611);
#2073=DIRECTION('axis',(0.,0.,1.));
#2074=DIRECTION('refdir',(1.,0.,0.));
#2075=DIRECTION('center_axis',(1.,0.,0.));
#2076=DIRECTION('ref_axis',(0.,0.,-1.));
#2077=DIRECTION('center_axis',(1.,0.,0.));
#2078=DIRECTION('ref_axis',(0.,0.,-1.));
#2079=DIRECTION('center_axis',(1.,0.,0.));
#2080=DIRECTION('ref_axis',(0.,0.,-1.));
#2081=DIRECTION('center_axis',(0.,-1.,-1.22464679914735E-16));
#2082=DIRECTION('ref_axis',(0.,-1.22464679914735E-16,1.));
#2083=DIRECTION('center_axis',(-1.,0.,0.));
#2084=DIRECTION('ref_axis',(0.,0.,-1.));
#2085=DIRECTION('center_axis',(-1.,0.,0.));
#2086=DIRECTION('ref_axis',(0.,0.,-1.));
#2087=DIRECTION('center_axis',(1.,0.,0.));
#2088=DIRECTION('ref_axis',(0.,0.,-1.));
#2089=DIRECTION('center_axis',(1.,0.,0.));
#2090=DIRECTION('ref_axis',(0.,0.,-1.));
#2091=DIRECTION('center_axis',(1.,0.,0.));
#2092=DIRECTION('ref_axis',(0.,0.,-1.));
#2093=DIRECTION('center_axis',(0.,-1.,-1.22464679914735E-16));
#2094=DIRECTION('ref_axis',(0.,-1.22464679914735E-16,1.));
#2095=DIRECTION('center_axis',(-1.,0.,0.));
#2096=DIRECTION('ref_axis',(0.,0.,-1.));
#2097=DIRECTION('center_axis',(-1.,0.,0.));
#2098=DIRECTION('ref_axis',(0.,0.,-1.));
#2099=DIRECTION('center_axis',(1.,0.,0.));
#2100=DIRECTION('ref_axis',(0.,0.,-1.));
#2101=DIRECTION('center_axis',(1.,0.,0.));
#2102=DIRECTION('ref_axis',(0.,0.,-1.));
#2103=DIRECTION('center_axis',(1.,0.,0.));
#2104=DIRECTION('ref_axis',(0.,0.,-1.));
#2105=DIRECTION('center_axis',(0.,-1.,-1.22464679914735E-16));
#2106=DIRECTION('ref_axis',(0.,-1.22464679914735E-16,1.));
#2107=DIRECTION('center_axis',(-1.,0.,0.));
#2108=DIRECTION('ref_axis',(0.,0.,-1.));
#2109=DIRECTION('center_axis',(-1.,0.,0.));
#2110=DIRECTION('ref_axis',(0.,0.,1.));
#2111=DIRECTION('center_axis',(-1.,0.,0.));
#2112=DIRECTION('ref_axis',(0.,0.,1.));
#2113=DIRECTION('center_axis',(0.,-1.,0.));
#2114=DIRECTION('ref_axis',(0.,0.,-1.));
#2115=DIRECTION('center_axis',(1.,0.,0.));
#2116=DIRECTION('ref_axis',(0.,0.,1.));
#2117=DIRECTION('center_axis',(1.,0.,0.));
#2118=DIRECTION('ref_axis',(0.,0.,1.));
#2119=DIRECTION('center_axis',(-1.,0.,0.));
#2120=DIRECTION('ref_axis',(0.,0.,1.));
#2121=DIRECTION('center_axis',(-1.,0.,0.));
#2122=DIRECTION('ref_axis',(0.,0.,1.));
#2123=DIRECTION('center_axis',(0.,-1.,0.));
#2124=DIRECTION('ref_axis',(0.,0.,-1.));
#2125=DIRECTION('center_axis',(1.,0.,0.));
#2126=DIRECTION('ref_axis',(0.,0.,1.));
#2127=DIRECTION('center_axis',(1.,0.,0.));
#2128=DIRECTION('ref_axis',(0.,0.,1.));
#2129=DIRECTION('center_axis',(-1.,0.,0.));
#2130=DIRECTION('ref_axis',(0.,0.,1.));
#2131=DIRECTION('center_axis',(-1.,0.,0.));
#2132=DIRECTION('ref_axis',(0.,0.,1.));
#2133=DIRECTION('center_axis',(0.,-1.,0.));
#2134=DIRECTION('ref_axis',(0.,0.,-1.));
#2135=DIRECTION('center_axis',(1.,0.,0.));
#2136=DIRECTION('ref_axis',(0.,0.,1.));
#2137=DIRECTION('center_axis',(1.,0.,0.));
#2138=DIRECTION('ref_axis',(0.,0.,1.));
#2139=DIRECTION('center_axis',(1.,0.,0.));
#2140=DIRECTION('ref_axis',(0.,0.,-1.));
#2141=DIRECTION('center_axis',(-1.,0.,0.));
#2142=DIRECTION('ref_axis',(0.,0.,-1.));
#2143=DIRECTION('',(-1.,0.,0.));
#2144=DIRECTION('center_axis',(1.,0.,0.));
#2145=DIRECTION('ref_axis',(0.,0.,-1.));
#2146=DIRECTION('center_axis',(-1.,0.,0.));
#2147=DIRECTION('ref_axis',(0.,0.,-1.));
#2148=DIRECTION('',(-1.,0.,0.));
#2149=DIRECTION('center_axis',(1.,0.,0.));
#2150=DIRECTION('ref_axis',(0.,0.,-1.));
#2151=DIRECTION('center_axis',(-1.,0.,0.));
#2152=DIRECTION('ref_axis',(0.,0.,-1.));
#2153=DIRECTION('',(-1.,0.,0.));
#2154=DIRECTION('center_axis',(-1.,0.,0.));
#2155=DIRECTION('ref_axis',(0.,0.,1.));
#2156=DIRECTION('center_axis',(-1.,0.,0.));
#2157=DIRECTION('ref_axis',(0.,0.,-1.));
#2158=DIRECTION('',(-1.,0.,0.));
#2159=DIRECTION('center_axis',(-1.,0.,0.));
#2160=DIRECTION('ref_axis',(0.,0.,1.));
#2161=DIRECTION('center_axis',(-1.,0.,0.));
#2162=DIRECTION('ref_axis',(0.,0.,1.));
#2163=DIRECTION('center_axis',(-1.,0.,0.));
#2164=DIRECTION('ref_axis',(0.,0.,-1.));
#2165=DIRECTION('',(-1.,0.,0.));
#2166=DIRECTION('center_axis',(-1.,0.,0.));
#2167=DIRECTION('ref_axis',(0.,0.,-1.));
#2168=DIRECTION('center_axis',(-1.,0.,0.));
#2169=DIRECTION('ref_axis',(0.,0.,1.));
#2170=DIRECTION('center_axis',(-1.,0.,0.));
#2171=DIRECTION('ref_axis',(0.,0.,-1.));
#2172=DIRECTION('',(-1.,0.,0.));
#2173=DIRECTION('center_axis',(-1.,0.,0.));
#2174=DIRECTION('ref_axis',(0.,0.,-1.));
#2175=DIRECTION('center_axis',(-1.,0.,0.));
#2176=DIRECTION('ref_axis',(0.,-1.,-1.83697019872103E-16));
#2177=DIRECTION('center_axis',(1.,0.,0.));
#2178=DIRECTION('ref_axis',(0.,0.,1.));
#2179=DIRECTION('',(-1.,0.,0.));
#2180=DIRECTION('center_axis',(1.,0.,0.));
#2181=DIRECTION('ref_axis',(0.,0.,1.));
#2182=DIRECTION('',(-1.,0.,0.));
#2183=DIRECTION('center_axis',(-1.,0.,0.));
#2184=DIRECTION('ref_axis',(0.,-1.,-1.83697019872103E-16));
#2185=DIRECTION('center_axis',(-1.,0.,0.));
#2186=DIRECTION('ref_axis',(0.,0.,1.));
#2187=DIRECTION('center_axis',(-1.,0.,0.));
#2188=DIRECTION('ref_axis',(0.,0.,1.));
#2189=DIRECTION('center_axis',(-1.,0.,0.));
#2190=DIRECTION('ref_axis',(0.,0.,1.));
#2191=DIRECTION('center_axis',(1.,0.,0.));
#2192=DIRECTION('ref_axis',(0.,0.,-1.));
#2193=DIRECTION('',(1.,0.,0.));
#2194=DIRECTION('center_axis',(-1.,0.,0.));
#2195=DIRECTION('ref_axis',(0.,0.,1.));
#2196=DIRECTION('center_axis',(-1.,0.,0.));
#2197=DIRECTION('ref_axis',(0.,-0.866025403784436,-0.500000000000004));
#2198=DIRECTION('',(-1.,0.,0.));
#2199=DIRECTION('center_axis',(-1.,0.,0.));
#2200=DIRECTION('ref_axis',(0.,-0.866025403784436,-0.500000000000004));
#2201=DIRECTION('center_axis',(-1.,0.,0.));
#2202=DIRECTION('ref_axis',(0.,0.,1.));
#2203=DIRECTION('center_axis',(-1.,0.,0.));
#2204=DIRECTION('ref_axis',(0.,0.,-1.));
#2205=DIRECTION('',(-1.,0.,0.));
#2206=DIRECTION('center_axis',(-1.,0.,0.));
#2207=DIRECTION('ref_axis',(0.,0.,-1.));
#2208=DIRECTION('center_axis',(-1.,0.,0.));
#2209=DIRECTION('ref_axis',(0.,0.,1.));
#2210=DIRECTION('center_axis',(-1.,0.,0.));
#2211=DIRECTION('ref_axis',(0.,0.866025403784443,-0.499999999999992));
#2212=DIRECTION('',(-1.,0.,0.));
#2213=DIRECTION('center_axis',(-1.,0.,0.));
#2214=DIRECTION('ref_axis',(0.,0.866025403784443,-0.499999999999992));
#2215=DIRECTION('center_axis',(-1.,0.,0.));
#2216=DIRECTION('ref_axis',(0.,0.,1.));
#2217=DIRECTION('center_axis',(-1.,0.,0.));
#2218=DIRECTION('ref_axis',(0.,0.866025403784433,0.50000000000001));
#2219=DIRECTION('',(-1.,0.,0.));
#2220=DIRECTION('center_axis',(-1.,0.,0.));
#2221=DIRECTION('ref_axis',(0.,0.866025403784433,0.50000000000001));
#2222=DIRECTION('center_axis',(-1.,0.,0.));
#2223=DIRECTION('ref_axis',(0.,0.,1.));
#2224=DIRECTION('center_axis',(-1.,0.,0.));
#2225=DIRECTION('ref_axis',(0.,-0.86602540378444,0.499999999999998));
#2226=DIRECTION('',(-1.,0.,0.));
#2227=DIRECTION('center_axis',(-1.,0.,0.));
#2228=DIRECTION('ref_axis',(0.,-0.86602540378444,0.499999999999998));
#2229=DIRECTION('center_axis',(1.,0.,0.));
#2230=DIRECTION('ref_axis',(0.,0.,-1.));
#2231=DIRECTION('center_axis',(-1.,0.,0.));
#2232=DIRECTION('ref_axis',(0.,0.,1.));
#2233=DIRECTION('',(-1.,0.,0.));
#2234=DIRECTION('center_axis',(-1.,0.,0.));
#2235=DIRECTION('ref_axis',(0.,0.,1.));
#2236=DIRECTION('',(-1.,0.,0.));
#2237=DIRECTION('center_axis',(-1.,0.,0.));
#2238=DIRECTION('ref_axis',(0.,0.,1.));
#2239=DIRECTION('',(-1.,0.,0.));
#2240=DIRECTION('center_axis',(-1.,0.,0.));
#2241=DIRECTION('ref_axis',(0.,0.,1.));
#2242=DIRECTION('center_axis',(1.,0.,0.));
#2243=DIRECTION('ref_axis',(0.,0.,-1.));
#2244=DIRECTION('center_axis',(-1.,0.,0.));
#2245=DIRECTION('ref_axis',(0.,0.,-1.));
#2246=DIRECTION('',(-1.,0.,0.));
#2247=DIRECTION('center_axis',(-1.,0.,0.));
#2248=DIRECTION('ref_axis',(0.,0.,1.));
#2249=DIRECTION('center_axis',(-1.,0.,0.));
#2250=DIRECTION('ref_axis',(0.,0.,1.));
#2251=DIRECTION('center_axis',(-1.,0.,0.));
#2252=DIRECTION('ref_axis',(0.,0.,1.));
#2253=DIRECTION('',(-1.,0.,0.));
#2254=DIRECTION('center_axis',(-1.,0.,0.));
#2255=DIRECTION('ref_axis',(0.,0.,1.));
#2256=DIRECTION('center_axis',(-1.,0.,0.));
#2257=DIRECTION('ref_axis',(0.,0.,1.));
#2258=DIRECTION('',(1.,0.,0.));
#2259=DIRECTION('center_axis',(-1.,0.,0.));
#2260=DIRECTION('ref_axis',(0.,0.,1.));
#2261=DIRECTION('center_axis',(1.,0.,0.));
#2262=DIRECTION('ref_axis',(0.,0.,-1.));
#2263=DIRECTION('center_axis',(-1.,0.,0.));
#2264=DIRECTION('ref_axis',(0.,0.,1.));
#2265=DIRECTION('center_axis',(1.,0.,0.));
#2266=DIRECTION('ref_axis',(0.,0.,-1.));
#2267=DIRECTION('',(1.,0.,0.));
#2268=DIRECTION('center_axis',(1.,0.,0.));
#2269=DIRECTION('ref_axis',(0.,0.,-1.));
#2270=DIRECTION('',(1.,0.,0.));
#2271=DIRECTION('center_axis',(1.,0.,0.));
#2272=DIRECTION('ref_axis',(0.,0.,-1.));
#2273=DIRECTION('center_axis',(1.,0.,0.));
#2274=DIRECTION('ref_axis',(0.,0.,-1.));
#2275=DIRECTION('',(-1.,0.,0.));
#2276=DIRECTION('center_axis',(1.,0.,0.));
#2277=DIRECTION('ref_axis',(0.,0.,-1.));
#2278=DIRECTION('center_axis',(-1.,0.,0.));
#2279=DIRECTION('ref_axis',(0.,0.,1.));
#2280=DIRECTION('center_axis',(0.,0.,-1.));
#2281=DIRECTION('ref_axis',(-1.,0.,0.));
#2282=DIRECTION('',(1.,0.,0.));
#2283=DIRECTION('',(0.,-1.,0.));
#2284=DIRECTION('',(1.,0.,0.));
#2285=DIRECTION('',(0.,-1.,0.));
#2286=DIRECTION('',(-1.,0.,0.));
#2287=DIRECTION('',(0.,-1.,0.));
#2288=DIRECTION('',(1.,0.,0.));
#2289=DIRECTION('',(0.,1.,0.));
#2290=DIRECTION('center_axis',(1.,0.,0.));
#2291=DIRECTION('ref_axis',(0.,0.,-1.));
#2292=DIRECTION('',(0.,0.,1.));
#2293=DIRECTION('',(0.,1.,0.));
#2294=DIRECTION('',(0.,0.,-1.));
#2295=DIRECTION('center_axis',(1.,0.,0.));
#2296=DIRECTION('ref_axis',(0.,0.,-1.));
#2297=DIRECTION('',(0.,1.,0.));
#2298=DIRECTION('center_axis',(1.,0.,0.));
#2299=DIRECTION('ref_axis',(0.,0.,-1.));
#2300=DIRECTION('',(0.,0.,-1.));
#2301=DIRECTION('',(0.,0.,1.));
#2302=DIRECTION('',(0.,1.,0.));
#2303=DIRECTION('center_axis',(0.,0.,1.));
#2304=DIRECTION('ref_axis',(1.,0.,0.));
#2305=DIRECTION('',(1.,0.,0.));
#2306=DIRECTION('',(0.,-1.,0.));
#2307=DIRECTION('',(1.,0.,0.));
#2308=DIRECTION('',(-1.,0.,0.));
#2309=DIRECTION('',(0.,1.,0.));
#2310=DIRECTION('',(-1.,0.,0.));
#2311=DIRECTION('center_axis',(1.,0.,0.));
#2312=DIRECTION('ref_axis',(0.,0.,-1.));
#2313=DIRECTION('',(0.,0.,1.));
#2314=DIRECTION('',(0.,0.,-1.));
#2315=DIRECTION('center_axis',(1.,0.,0.));
#2316=DIRECTION('ref_axis',(0.,0.,-1.));
#2317=DIRECTION('center_axis',(1.,0.,0.));
#2318=DIRECTION('ref_axis',(0.,0.,-1.));
#2319=DIRECTION('center_axis',(1.,0.,0.));
#2320=DIRECTION('ref_axis',(0.,0.,-1.));
#2321=DIRECTION('center_axis',(1.,0.,0.));
#2322=DIRECTION('ref_axis',(0.,0.,-1.));
#2323=DIRECTION('center_axis',(1.,0.,0.));
#2324=DIRECTION('ref_axis',(0.,0.,-1.));
#2325=DIRECTION('center_axis',(-1.,0.,0.));
#2326=DIRECTION('ref_axis',(0.,0.,1.));
#2327=DIRECTION('center_axis',(-1.,0.,0.));
#2328=DIRECTION('ref_axis',(0.,0.,1.));
#2329=DIRECTION('center_axis',(-1.,0.,0.));
#2330=DIRECTION('ref_axis',(0.,0.,1.));
#2331=DIRECTION('',(0.,0.,-1.));
#2332=DIRECTION('center_axis',(-1.,0.,0.));
#2333=DIRECTION('ref_axis',(0.,-0.86602540378444,0.499999999999998));
#2334=DIRECTION('center_axis',(-1.,0.,0.));
#2335=DIRECTION('ref_axis',(0.,0.866025403784433,0.50000000000001));
#2336=DIRECTION('center_axis',(-1.,0.,0.));
#2337=DIRECTION('ref_axis',(0.,0.866025403784443,-0.499999999999992));
#2338=DIRECTION('center_axis',(-1.,0.,0.));
#2339=DIRECTION('ref_axis',(0.,0.,-1.));
#2340=DIRECTION('center_axis',(-1.,0.,0.));
#2341=DIRECTION('ref_axis',(0.,-0.866025403784436,-0.500000000000004));
#2342=DIRECTION('center_axis',(0.,1.,0.));
#2343=DIRECTION('ref_axis',(0.,0.,1.));
#2344=DIRECTION('',(0.,0.,-1.));
#2345=DIRECTION('center_axis',(-1.,0.,0.));
#2346=DIRECTION('ref_axis',(0.,0.,1.));
#2347=DIRECTION('center_axis',(-1.,0.,0.));
#2348=DIRECTION('ref_axis',(0.,0.,1.));
#2349=DIRECTION('center_axis',(-1.,0.,0.));
#2350=DIRECTION('ref_axis',(0.,0.,1.));
#2351=DIRECTION('',(0.,0.,1.));
#2352=DIRECTION('',(0.,-1.,0.));
#2353=DIRECTION('',(0.,0.,-1.));
#2354=DIRECTION('',(0.,-1.,0.));
#2355=DIRECTION('',(0.,0.,-1.));
#2356=DIRECTION('',(0.,1.,0.));
#2357=DIRECTION('',(0.,0.,-1.));
#2358=DIRECTION('',(0.,1.,0.));
#2359=DIRECTION('',(0.,0.,1.));
#2360=DIRECTION('',(0.,1.,-2.73682804064048E-16));
#2361=DIRECTION('',(0.,-0.355841704317069,0.934546243622392));
#2362=DIRECTION('',(0.,-1.,0.));
#2363=DIRECTION('center_axis',(0.,0.,1.));
#2364=DIRECTION('ref_axis',(1.,0.,0.));
#2365=DIRECTION('',(0.,-1.,0.));
#2366=DIRECTION('',(1.,0.,0.));
#2367=DIRECTION('',(1.,0.,0.));
#2368=DIRECTION('center_axis',(0.,1.,0.));
#2369=DIRECTION('ref_axis',(0.,0.,1.));
#2370=DIRECTION('',(0.,0.,1.));
#2371=DIRECTION('',(1.,0.,0.));
#2372=DIRECTION('center_axis',(0.,0.,1.));
#2373=DIRECTION('ref_axis',(1.,0.,0.));
#2374=DIRECTION('',(0.,-1.,0.));
#2375=DIRECTION('',(1.,0.,0.));
#2376=DIRECTION('center_axis',(0.,0.934546243622392,0.355841704317069));
#2377=DIRECTION('ref_axis',(0.,-0.355841704317069,0.934546243622392));
#2378=DIRECTION('',(0.,-0.355841704317069,0.934546243622392));
#2379=DIRECTION('',(1.,0.,0.));
#2380=DIRECTION('center_axis',(0.,-2.73682804064048E-16,-1.));
#2381=DIRECTION('ref_axis',(0.,1.,-2.73682804064048E-16));
#2382=DIRECTION('',(0.,1.,-2.73682804064048E-16));
#2383=DIRECTION('',(1.,0.,0.));
#2384=DIRECTION('center_axis',(0.,1.,0.));
#2385=DIRECTION('ref_axis',(0.,0.,1.));
#2386=DIRECTION('',(0.,0.,1.));
#2387=DIRECTION('',(1.,0.,0.));
#2388=DIRECTION('center_axis',(0.,0.,-1.));
#2389=DIRECTION('ref_axis',(-1.,0.,0.));
#2390=DIRECTION('',(0.,1.,0.));
#2391=DIRECTION('',(1.,0.,0.));
#2392=DIRECTION('center_axis',(0.,-1.,0.));
#2393=DIRECTION('ref_axis',(0.,0.,-1.));
#2394=DIRECTION('',(0.,0.,-1.));
#2395=DIRECTION('',(1.,0.,0.));
#2396=DIRECTION('center_axis',(0.,0.,-1.));
#2397=DIRECTION('ref_axis',(-1.,0.,0.));
#2398=DIRECTION('',(0.,1.,0.));
#2399=DIRECTION('',(1.,0.,0.));
#2400=DIRECTION('center_axis',(0.,-1.,0.));
#2401=DIRECTION('ref_axis',(0.,0.,-1.));
#2402=DIRECTION('',(0.,0.,-1.));
#2403=DIRECTION('',(1.,0.,0.));
#2404=DIRECTION('center_axis',(0.,0.,1.));
#2405=DIRECTION('ref_axis',(1.,0.,0.));
#2406=DIRECTION('',(0.,-1.,0.));
#2407=DIRECTION('',(1.,0.,0.));
#2408=DIRECTION('center_axis',(0.,-1.,0.));
#2409=DIRECTION('ref_axis',(0.,0.,-1.));
#2410=DIRECTION('',(0.,0.,-1.));
#2411=DIRECTION('center_axis',(1.,0.,0.));
#2412=DIRECTION('ref_axis',(0.,0.,-1.));
#2413=DIRECTION('center_axis',(-1.,0.,0.));
#2414=DIRECTION('ref_axis',(0.,0.,1.));
#2415=DIRECTION('',(0.,-0.866025403784438,-0.5));
#2416=DIRECTION('',(0.,0.499999999999997,-0.86602540378444));
#2417=DIRECTION('',(0.,0.866025403784439,0.499999999999999));
#2418=DIRECTION('',(0.,0.499999999999999,-0.866025403784439));
#2419=DIRECTION('',(0.,0.866025403784439,0.5));
#2420=DIRECTION('',(0.,-0.499999999999999,0.866025403784439));
#2421=DIRECTION('',(0.,0.866025403784439,0.499999999999999));
#2422=DIRECTION('',(0.,-0.499999999999999,0.866025403784439));
#2423=DIRECTION('',(0.,-0.866025403784439,-0.499999999999999));
#2424=DIRECTION('',(0.,-0.5,0.866025403784439));
#2425=DIRECTION('',(0.,-0.63141993582978,-0.775441077475727));
#2426=DIRECTION('',(0.,0.5,-0.866025403784438));
#2427=DIRECTION('center_axis',(0.,-0.86602540378444,-0.499999999999997));
#2428=DIRECTION('ref_axis',(0.,0.499999999999997,-0.86602540378444));
#2429=DIRECTION('',(0.,0.499999999999997,-0.86602540378444));
#2430=DIRECTION('',(1.,0.,0.));
#2431=DIRECTION('',(1.,0.,0.));
#2432=DIRECTION('center_axis',(0.,-0.5,0.866025403784439));
#2433=DIRECTION('ref_axis',(0.,-0.866025403784439,-0.5));
#2434=DIRECTION('',(0.,-0.866025403784438,-0.5));
#2435=DIRECTION('',(1.,0.,0.));
#2436=DIRECTION('center_axis',(0.,-0.866025403784439,-0.5));
#2437=DIRECTION('ref_axis',(0.,0.5,-0.866025403784439));
#2438=DIRECTION('',(0.,0.5,-0.866025403784438));
#2439=DIRECTION('',(1.,0.,0.));
#2440=DIRECTION('center_axis',(0.,-0.775441077475727,0.63141993582978));
#2441=DIRECTION('ref_axis',(0.,-0.63141993582978,-0.775441077475727));
#2442=DIRECTION('',(0.,-0.63141993582978,-0.775441077475727));
#2443=DIRECTION('',(1.,0.,0.));
#2444=DIRECTION('center_axis',(0.,0.866025403784439,0.5));
#2445=DIRECTION('ref_axis',(0.,-0.5,0.866025403784439));
#2446=DIRECTION('',(0.,-0.5,0.866025403784439));
#2447=DIRECTION('',(1.,0.,0.));
#2448=DIRECTION('center_axis',(0.,-0.499999999999999,0.866025403784439));
#2449=DIRECTION('ref_axis',(0.,-0.866025403784439,-0.499999999999999));
#2450=DIRECTION('',(0.,-0.866025403784439,-0.499999999999999));
#2451=DIRECTION('',(1.,0.,0.));
#2452=DIRECTION('center_axis',(0.,0.866025403784439,0.499999999999999));
#2453=DIRECTION('ref_axis',(0.,-0.499999999999999,0.866025403784439));
#2454=DIRECTION('',(0.,-0.499999999999999,0.866025403784439));
#2455=DIRECTION('',(1.,0.,0.));
#2456=DIRECTION('center_axis',(0.,0.499999999999999,-0.866025403784439));
#2457=DIRECTION('ref_axis',(0.,0.866025403784439,0.499999999999999));
#2458=DIRECTION('',(0.,0.866025403784439,0.499999999999999));
#2459=DIRECTION('',(1.,0.,0.));
#2460=DIRECTION('center_axis',(0.,0.866025403784439,0.499999999999999));
#2461=DIRECTION('ref_axis',(0.,-0.499999999999999,0.866025403784439));
#2462=DIRECTION('',(0.,-0.499999999999999,0.866025403784439));
#2463=DIRECTION('',(1.,0.,0.));
#2464=DIRECTION('center_axis',(0.,0.5,-0.866025403784439));
#2465=DIRECTION('ref_axis',(0.,0.866025403784439,0.5));
#2466=DIRECTION('',(0.,0.866025403784439,0.5));
#2467=DIRECTION('',(1.,0.,0.));
#2468=DIRECTION('center_axis',(0.,-0.866025403784439,-0.499999999999999));
#2469=DIRECTION('ref_axis',(0.,0.499999999999999,-0.866025403784439));
#2470=DIRECTION('',(0.,0.499999999999999,-0.866025403784439));
#2471=DIRECTION('',(1.,0.,0.));
#2472=DIRECTION('center_axis',(0.,0.499999999999999,-0.866025403784439));
#2473=DIRECTION('ref_axis',(0.,0.866025403784439,0.499999999999999));
#2474=DIRECTION('',(0.,0.866025403784439,0.499999999999999));
#2475=DIRECTION('center_axis',(1.,0.,0.));
#2476=DIRECTION('ref_axis',(0.,0.,-1.));
#2477=DIRECTION('center_axis',(-1.,0.,0.));
#2478=DIRECTION('ref_axis',(0.,0.,1.));
#2479=DIRECTION('',(0.,0.866025403784438,-0.500000000000001));
#2480=DIRECTION('',(0.,0.5,0.866025403784439));
#2481=DIRECTION('',(0.,-0.866025403784438,0.500000000000001));
#2482=DIRECTION('',(0.,0.500000000000001,0.866025403784438));
#2483=DIRECTION('',(0.,-0.866025403784439,0.5));
#2484=DIRECTION('',(0.,-0.5,-0.866025403784438));
#2485=DIRECTION('',(0.,-0.866025403784438,0.500000000000001));
#2486=DIRECTION('',(0.,-0.5,-0.866025403784439));
#2487=DIRECTION('',(0.,0.866025403784438,-0.500000000000001));
#2488=DIRECTION('',(0.,-0.500000000000001,-0.866025403784438));
#2489=DIRECTION('',(0.,0.987261640146847,-0.159105166146664));
#2490=DIRECTION('',(0.,0.500000000000001,0.866025403784438));
#2491=DIRECTION('center_axis',(0.,0.866025403784439,-0.5));
#2492=DIRECTION('ref_axis',(0.,0.5,0.866025403784439));
#2493=DIRECTION('',(0.,0.5,0.866025403784439));
#2494=DIRECTION('',(1.,0.,0.));
#2495=DIRECTION('',(1.,0.,0.));
#2496=DIRECTION('center_axis',(0.,-0.500000000000001,-0.866025403784438));
#2497=DIRECTION('ref_axis',(0.,0.866025403784438,-0.500000000000001));
#2498=DIRECTION('',(0.,0.866025403784438,-0.500000000000001));
#2499=DIRECTION('',(1.,0.,0.));
#2500=DIRECTION('center_axis',(0.,0.866025403784438,-0.500000000000001));
#2501=DIRECTION('ref_axis',(0.,0.500000000000001,0.866025403784438));
#2502=DIRECTION('',(0.,0.500000000000001,0.866025403784438));
#2503=DIRECTION('',(1.,0.,0.));
#2504=DIRECTION('center_axis',(0.,-0.159105166146664,-0.987261640146847));
#2505=DIRECTION('ref_axis',(0.,0.987261640146847,-0.159105166146664));
#2506=DIRECTION('',(0.,0.987261640146847,-0.159105166146664));
#2507=DIRECTION('',(1.,0.,0.));
#2508=DIRECTION('center_axis',(0.,-0.866025403784438,0.500000000000002));
#2509=DIRECTION('ref_axis',(0.,-0.500000000000002,-0.866025403784438));
#2510=DIRECTION('',(0.,-0.500000000000001,-0.866025403784438));
#2511=DIRECTION('',(1.,0.,0.));
#2512=DIRECTION('center_axis',(0.,-0.500000000000001,-0.866025403784438));
#2513=DIRECTION('ref_axis',(0.,0.866025403784438,-0.500000000000001));
#2514=DIRECTION('',(0.,0.866025403784438,-0.500000000000001));
#2515=DIRECTION('',(1.,0.,0.));
#2516=DIRECTION('center_axis',(0.,-0.866025403784439,0.5));
#2517=DIRECTION('ref_axis',(0.,-0.5,-0.866025403784439));
#2518=DIRECTION('',(0.,-0.5,-0.866025403784439));
#2519=DIRECTION('',(1.,0.,0.));
#2520=DIRECTION('center_axis',(0.,0.500000000000001,0.866025403784438));
#2521=DIRECTION('ref_axis',(0.,-0.866025403784438,0.500000000000001));
#2522=DIRECTION('',(0.,-0.866025403784438,0.500000000000001));
#2523=DIRECTION('',(1.,0.,0.));
#2524=DIRECTION('center_axis',(0.,-0.866025403784439,0.5));
#2525=DIRECTION('ref_axis',(0.,-0.5,-0.866025403784439));
#2526=DIRECTION('',(0.,-0.5,-0.866025403784438));
#2527=DIRECTION('',(1.,0.,0.));
#2528=DIRECTION('center_axis',(0.,0.5,0.866025403784439));
#2529=DIRECTION('ref_axis',(0.,-0.866025403784439,0.5));
#2530=DIRECTION('',(0.,-0.866025403784439,0.5));
#2531=DIRECTION('',(1.,0.,0.));
#2532=DIRECTION('center_axis',(0.,0.866025403784438,-0.500000000000001));
#2533=DIRECTION('ref_axis',(0.,0.500000000000001,0.866025403784438));
#2534=DIRECTION('',(0.,0.500000000000001,0.866025403784438));
#2535=DIRECTION('',(1.,0.,0.));
#2536=DIRECTION('center_axis',(0.,0.500000000000001,0.866025403784438));
#2537=DIRECTION('ref_axis',(0.,-0.866025403784438,0.500000000000001));
#2538=DIRECTION('',(0.,-0.866025403784438,0.500000000000001));
#2539=DIRECTION('center_axis',(1.,0.,0.));
#2540=DIRECTION('ref_axis',(0.,0.,-1.));
#2541=DIRECTION('center_axis',(1.,0.,0.));
#2542=DIRECTION('ref_axis',(0.,0.,-1.));
#2543=DIRECTION('center_axis',(1.,0.,0.));
#2544=DIRECTION('ref_axis',(0.,0.,-1.));
#2545=DIRECTION('',(0.,0.,-1.));
#2546=DIRECTION('',(0.,0.,1.));
#2547=DIRECTION('center_axis',(0.,1.,0.));
#2548=DIRECTION('ref_axis',(0.,0.,1.));
#2549=DIRECTION('center_axis',(0.,-1.,0.));
#2550=DIRECTION('ref_axis',(0.,0.,-1.));
#2551=DIRECTION('center_axis',(-1.,0.,0.));
#2552=DIRECTION('ref_axis',(0.,0.,1.));
#2553=DIRECTION('',(0.,1.,0.));
#2554=DIRECTION('',(0.,0.,-1.));
#2555=DIRECTION('center_axis',(-1.,0.,0.));
#2556=DIRECTION('ref_axis',(0.,0.,1.));
#2557=DIRECTION('',(0.,0.,1.));
#2558=DIRECTION('',(0.,1.,0.));
#2559=DIRECTION('center_axis',(0.,1.,0.));
#2560=DIRECTION('ref_axis',(0.,0.,1.));
#2561=DIRECTION('',(1.,0.,0.));
#2562=DIRECTION('',(0.,0.,-1.));
#2563=DIRECTION('',(0.,0.,1.));
#2564=DIRECTION('',(1.,0.,0.));
#2565=DIRECTION('',(0.,0.,1.));
#2566=DIRECTION('center_axis',(0.,0.,-1.));
#2567=DIRECTION('ref_axis',(-1.,0.,0.));
#2568=DIRECTION('',(1.,0.,0.));
#2569=DIRECTION('',(0.,1.,0.));
#2570=DIRECTION('center_axis',(0.,-1.,0.));
#2571=DIRECTION('ref_axis',(0.,0.,-1.));
#2572=DIRECTION('',(0.,0.,-1.));
#2573=DIRECTION('',(1.,0.,0.));
#2574=DIRECTION('',(0.,0.,1.));
#2575=DIRECTION('',(0.,0.,-1.));
#2576=DIRECTION('center_axis',(-1.,0.,0.));
#2577=DIRECTION('ref_axis',(0.,0.,1.));
#2578=DIRECTION('center_axis',(-1.,0.,0.));
#2579=DIRECTION('ref_axis',(0.,0.,1.));
#2580=DIRECTION('',(0.,0.,1.));
#2581=DIRECTION('',(0.,-1.,0.));
#2582=DIRECTION('',(0.,0.,1.));
#2583=DIRECTION('center_axis',(0.,1.,0.));
#2584=DIRECTION('ref_axis',(0.,0.,1.));
#2585=DIRECTION('',(-1.,0.,0.));
#2586=DIRECTION('',(0.,0.,1.));
#2587=DIRECTION('',(-1.,0.,0.));
#2588=DIRECTION('',(0.,0.,1.));
#2589=DIRECTION('center_axis',(1.,0.,0.));
#2590=DIRECTION('ref_axis',(0.,0.,-1.));
#2591=DIRECTION('',(0.,0.,1.));
#2592=DIRECTION('',(0.,-1.,0.));
#2593=DIRECTION('',(0.,-1.,0.));
#2594=DIRECTION('',(0.,1.,0.));
#2595=DIRECTION('center_axis',(0.,-1.,0.));
#2596=DIRECTION('ref_axis',(0.,0.,-1.));
#2597=DIRECTION('',(0.,0.,-1.));
#2598=DIRECTION('',(1.,0.,0.));
#2599=DIRECTION('',(1.,0.,0.));
#2600=DIRECTION('center_axis',(0.,0.,1.));
#2601=DIRECTION('ref_axis',(1.,0.,0.));
#2602=DIRECTION('center_axis',(0.,0.,-1.));
#2603=DIRECTION('ref_axis',(-1.,0.,0.));
#2604=DIRECTION('',(0.,-1.,0.));
#2605=DIRECTION('center_axis',(-1.,0.,0.));
#2606=DIRECTION('ref_axis',(0.,0.,1.));
#2607=DIRECTION('center_axis',(-1.,0.,0.));
#2608=DIRECTION('ref_axis',(0.,0.,1.));
#2609=DIRECTION('',(0.,-1.,0.));
#2610=DIRECTION('center_axis',(0.,0.,-1.));
#2611=DIRECTION('ref_axis',(-1.,0.,0.));
#2612=CARTESIAN_POINT('',(0.,0.,0.));
#2613=CARTESIAN_POINT('Origin',(44.,0.,0.));
#2614=CARTESIAN_POINT('',(44.5,-9.3,12.8965111561228));
#2615=CARTESIAN_POINT('',(44.5,9.3,12.8965111561228));
#2616=CARTESIAN_POINT('Origin',(44.5,0.,0.));
#2617=CARTESIAN_POINT('',(44.5,-1.94718841064429E-15,15.9));
#2618=CARTESIAN_POINT('Origin',(44.5,0.,0.));
#2619=CARTESIAN_POINT('',(44.,-2.00842075060166E-15,16.4));
#2620=CARTESIAN_POINT('Origin',(44.,-1.94718841064429E-15,15.9));
#2621=CARTESIAN_POINT('',(44.,2.00842075060166E-15,-16.4));
#2622=CARTESIAN_POINT('Origin',(44.,0.,0.));
#2623=CARTESIAN_POINT('Origin',(44.,0.,0.));
#2624=CARTESIAN_POINT('Origin',(44.5,0.,0.));
#2625=CARTESIAN_POINT('Origin',(20.5,0.,0.));
#2626=CARTESIAN_POINT('',(21.5,-2.11863896252492E-15,17.3));
#2627=CARTESIAN_POINT('Origin',(21.5,0.,0.));
#2628=CARTESIAN_POINT('',(20.5,-2.24110364243966E-15,18.3));
#2629=CARTESIAN_POINT('Origin',(20.5,-2.11863896252492E-15,17.3));
#2630=CARTESIAN_POINT('',(20.5,2.24110364243966E-15,-18.3));
#2631=CARTESIAN_POINT('Origin',(20.5,0.,0.));
#2632=CARTESIAN_POINT('Origin',(20.5,0.,0.));
#2633=CARTESIAN_POINT('Origin',(0.5,0.,0.));
#2634=CARTESIAN_POINT('',(0.5,2.24110364243966E-15,-18.3));
#2635=CARTESIAN_POINT('',(0.5,-2.24110364243966E-15,18.3));
#2636=CARTESIAN_POINT('Origin',(0.5,0.,0.));
#2637=CARTESIAN_POINT('Origin',(0.5,0.,0.));
#2638=CARTESIAN_POINT('',(0.,-2.17987130248229E-15,17.8));
#2639=CARTESIAN_POINT('Origin',(0.5,-2.17987130248229E-15,17.8));
#2640=CARTESIAN_POINT('Origin',(0.,0.,0.));
#2641=CARTESIAN_POINT('Origin',(0.2,7.75,-13.4233937586588));
#2642=CARTESIAN_POINT('',(0.,7.75,-14.7233937586588));
#2643=CARTESIAN_POINT('Origin',(0.,7.75,-13.4233937586588));
#2644=CARTESIAN_POINT('',(0.2,7.75,-14.9233937586588));
#2645=CARTESIAN_POINT('Origin',(0.2,7.75,-14.7233937586588));
#2646=CARTESIAN_POINT('',(0.2,7.75,-11.9233937586588));
#2647=CARTESIAN_POINT('Origin',(0.2,7.75,-13.4233937586588));
#2648=CARTESIAN_POINT('Origin',(0.2,7.75,-13.4233937586588));
#2649=CARTESIAN_POINT('Origin',(0.2,-15.5,-8.67361737988404E-16));
#2650=CARTESIAN_POINT('',(0.,-15.5,-1.3));
#2651=CARTESIAN_POINT('Origin',(0.,-15.5,-8.67361737988404E-16));
#2652=CARTESIAN_POINT('',(0.2,-15.5,-1.5));
#2653=CARTESIAN_POINT('Origin',(0.2,-15.5,-1.3));
#2654=CARTESIAN_POINT('',(0.2,-15.5,1.5));
#2655=CARTESIAN_POINT('Origin',(0.2,-15.5,-8.67361737988404E-16));
#2656=CARTESIAN_POINT('Origin',(0.2,-15.5,-8.67361737988404E-16));
#2657=CARTESIAN_POINT('Origin',(0.2,7.75000000000001,13.4233937586588));
#2658=CARTESIAN_POINT('',(0.,7.75000000000001,12.1233937586588));
#2659=CARTESIAN_POINT('Origin',(0.,7.75000000000001,13.4233937586588));
#2660=CARTESIAN_POINT('',(0.2,7.75000000000001,11.9233937586588));
#2661=CARTESIAN_POINT('Origin',(0.2,7.75000000000001,12.1233937586588));
#2662=CARTESIAN_POINT('',(0.2,7.75000000000001,14.9233937586588));
#2663=CARTESIAN_POINT('Origin',(0.2,7.75000000000001,13.4233937586588));
#2664=CARTESIAN_POINT('Origin',(0.2,7.75000000000001,13.4233937586588));
#2665=CARTESIAN_POINT('Origin',(0.,7.75000000000001,13.4233937586588));
#2666=CARTESIAN_POINT('',(2.,7.75000000000001,14.9233937586588));
#2667=CARTESIAN_POINT('Origin',(2.,7.75000000000001,13.4233937586588));
#2668=CARTESIAN_POINT('',(0.,7.75000000000001,14.9233937586588));
#2669=CARTESIAN_POINT('Origin',(0.,7.75,-13.4233937586588));
#2670=CARTESIAN_POINT('',(2.,7.75,-11.9233937586588));
#2671=CARTESIAN_POINT('Origin',(2.,7.75,-13.4233937586588));
#2672=CARTESIAN_POINT('',(0.,7.75,-11.9233937586588));
#2673=CARTESIAN_POINT('Origin',(0.,-15.5,-8.67361737988404E-16));
#2674=CARTESIAN_POINT('',(2.,-15.5,1.5));
#2675=CARTESIAN_POINT('Origin',(2.,-15.5,-8.67361737988404E-16));
#2676=CARTESIAN_POINT('',(0.,-15.5,1.5));
#2677=CARTESIAN_POINT('Origin',(2.,-15.5,-8.67361737988404E-16));
#2678=CARTESIAN_POINT('',(2.,-15.5,-2.));
#2679=CARTESIAN_POINT('Origin',(2.,-15.5,-8.67361737988404E-16));
#2680=CARTESIAN_POINT('',(0.,-15.5,-2.));
#2681=CARTESIAN_POINT('',(2.,-15.5,-2.));
#2682=CARTESIAN_POINT('Origin',(0.,-15.5,-8.67361737988404E-16));
#2683=CARTESIAN_POINT('Origin',(2.,7.75,-13.4233937586588));
#2684=CARTESIAN_POINT('',(2.,7.75,-15.4233937586588));
#2685=CARTESIAN_POINT('Origin',(2.,7.75,-13.4233937586588));
#2686=CARTESIAN_POINT('',(0.,7.75,-15.4233937586588));
#2687=CARTESIAN_POINT('',(2.,7.75,-15.4233937586588));
#2688=CARTESIAN_POINT('Origin',(0.,7.75,-13.4233937586588));
#2689=CARTESIAN_POINT('Origin',(2.,7.75000000000001,13.4233937586588));
#2690=CARTESIAN_POINT('',(2.,7.75000000000001,11.4233937586588));
#2691=CARTESIAN_POINT('Origin',(2.,7.75000000000001,13.4233937586588));
#2692=CARTESIAN_POINT('',(0.,7.75000000000001,11.4233937586588));
#2693=CARTESIAN_POINT('',(2.,7.75000000000001,11.4233937586588));
#2694=CARTESIAN_POINT('Origin',(0.,7.75000000000001,13.4233937586588));
#2695=CARTESIAN_POINT('Origin',(0.5,7.,0.));
#2696=CARTESIAN_POINT('',(0.5,7.16357142857143,9.99866212989293));
#2697=CARTESIAN_POINT('',(0.5,7.16357142857143,-9.99866212989293));
#2698=CARTESIAN_POINT('Origin',(0.5,7.,0.));
#2699=CARTESIAN_POINT('',(0.,7.16357142857143,9.99866212989293));
#2700=CARTESIAN_POINT('',(0.5,7.16357142857143,9.99866212989293));
#2701=CARTESIAN_POINT('',(0.,7.16357142857143,-9.99866212989293));
#2702=CARTESIAN_POINT('Origin',(0.,7.,0.));
#2703=CARTESIAN_POINT('',(0.5,7.16357142857143,-9.99866212989293));
#2704=CARTESIAN_POINT('Origin',(0.5,0.,0.));
#2705=CARTESIAN_POINT('Origin',(0.5,0.,0.));
#2706=CARTESIAN_POINT('Origin',(0.,0.,0.));
#2707=CARTESIAN_POINT('Origin',(44.5,0.,0.));
#2708=CARTESIAN_POINT('',(21.5,-2.00842075060166E-15,-16.4));
#2709=CARTESIAN_POINT('Origin',(21.5,0.,0.));
#2710=CARTESIAN_POINT('',(44.5,-2.00842075060166E-15,-16.4));
#2711=CARTESIAN_POINT('Origin',(6.,13.4233937586588,7.75000000000006));
#2712=CARTESIAN_POINT('',(6.,13.4233937586588,6.25000000000006));
#2713=CARTESIAN_POINT('Origin',(6.,13.4233937586588,7.75000000000006));
#2714=CARTESIAN_POINT('',(0.,13.4233937586588,6.25000000000006));
#2715=CARTESIAN_POINT('',(6.,13.4233937586588,6.25000000000006));
#2716=CARTESIAN_POINT('Origin',(0.,13.4233937586588,7.75000000000006));
#2717=CARTESIAN_POINT('Origin',(6.,0.,15.5));
#2718=CARTESIAN_POINT('',(6.,-1.83697019872103E-16,14.));
#2719=CARTESIAN_POINT('Origin',(6.,0.,15.5));
#2720=CARTESIAN_POINT('',(0.,-1.83697019872103E-16,14.));
#2721=CARTESIAN_POINT('',(6.,-1.83697019872103E-16,14.));
#2722=CARTESIAN_POINT('Origin',(0.,0.,15.5));
#2723=CARTESIAN_POINT('Origin',(6.,-13.4233937586589,7.74999999999987));
#2724=CARTESIAN_POINT('',(6.,-13.4233937586589,6.24999999999987));
#2725=CARTESIAN_POINT('Origin',(6.,-13.4233937586589,7.74999999999987));
#2726=CARTESIAN_POINT('',(0.,-13.4233937586589,6.24999999999987));
#2727=CARTESIAN_POINT('',(6.,-13.4233937586589,6.24999999999987));
#2728=CARTESIAN_POINT('Origin',(0.,-13.4233937586589,7.74999999999987));
#2729=CARTESIAN_POINT('Origin',(6.,-13.4233937586587,-7.75000000000016));
#2730=CARTESIAN_POINT('',(6.,-13.4233937586587,-9.25000000000016));
#2731=CARTESIAN_POINT('Origin',(6.,-13.4233937586587,-7.75000000000016));
#2732=CARTESIAN_POINT('',(0.,-13.4233937586587,-9.25000000000016));
#2733=CARTESIAN_POINT('',(6.,-13.4233937586587,-9.25000000000016));
#2734=CARTESIAN_POINT('Origin',(0.,-13.4233937586587,-7.75000000000016));
#2735=CARTESIAN_POINT('Origin',(6.,13.4233937586588,-7.74999999999997));
#2736=CARTESIAN_POINT('',(6.,13.4233937586588,-9.24999999999997));
#2737=CARTESIAN_POINT('Origin',(6.,13.4233937586588,-7.74999999999997));
#2738=CARTESIAN_POINT('',(0.,13.4233937586588,-9.24999999999997));
#2739=CARTESIAN_POINT('',(6.,13.4233937586588,-9.24999999999997));
#2740=CARTESIAN_POINT('Origin',(0.,13.4233937586588,-7.74999999999997));
#2741=CARTESIAN_POINT('Origin',(-19.8,7.,0.));
#2742=CARTESIAN_POINT('',(-6.,7.,3.));
#2743=CARTESIAN_POINT('Origin',(-6.,7.,0.));
#2744=CARTESIAN_POINT('',(-19.8,7.,3.));
#2745=CARTESIAN_POINT('',(-19.8,7.,3.));
#2746=CARTESIAN_POINT('',(-19.8,4.5,1.6583123951777));
#2747=CARTESIAN_POINT('Origin',(-19.8,7.,0.));
#2748=CARTESIAN_POINT('',(-8.3,4.5,1.6583123951777));
#2749=CARTESIAN_POINT('',(-8.3,4.5,1.6583123951777));
#2750=CARTESIAN_POINT('',(-8.3,4.5,-1.6583123951777));
#2751=CARTESIAN_POINT('Origin',(-8.3,7.,0.));
#2752=CARTESIAN_POINT('',(-19.8,4.5,-1.6583123951777));
#2753=CARTESIAN_POINT('',(-8.3,4.5,-1.6583123951777));
#2754=CARTESIAN_POINT('Origin',(-19.8,7.,0.));
#2755=CARTESIAN_POINT('Origin',(-6.,7.,0.));
#2756=CARTESIAN_POINT('',(0.,7.,6.));
#2757=CARTESIAN_POINT('Origin',(0.,7.,0.));
#2758=CARTESIAN_POINT('',(-6.,7.,6.));
#2759=CARTESIAN_POINT('',(-6.,7.,6.));
#2760=CARTESIAN_POINT('Origin',(-6.,7.,0.));
#2761=CARTESIAN_POINT('Origin',(6.,0.,-15.5));
#2762=CARTESIAN_POINT('',(6.,-1.83697019872103E-16,-17.));
#2763=CARTESIAN_POINT('Origin',(6.,0.,-15.5));
#2764=CARTESIAN_POINT('',(0.,-1.83697019872103E-16,-17.));
#2765=CARTESIAN_POINT('',(6.,-1.83697019872103E-16,-17.));
#2766=CARTESIAN_POINT('Origin',(0.,0.,-15.5));
#2767=CARTESIAN_POINT('Origin',(21.5,0.,0.));
#2768=CARTESIAN_POINT('',(21.5,-2.24110364243966E-15,-18.3));
#2769=CARTESIAN_POINT('Origin',(56.2,0.,0.));
#2770=CARTESIAN_POINT('',(52.5,4.74025315779652,15.7));
#2771=CARTESIAN_POINT('',(52.5,-4.74025315779652,15.7));
#2772=CARTESIAN_POINT('Origin',(52.5,0.,0.));
#2773=CARTESIAN_POINT('',(52.5,-8.75,13.8707425900707));
#2774=CARTESIAN_POINT('Origin',(52.5,0.,0.));
#2775=CARTESIAN_POINT('',(52.5,-9.3,13.5081456906564));
#2776=CARTESIAN_POINT('Origin',(52.5,0.,0.));
#2777=CARTESIAN_POINT('',(44.5,-9.3,13.5081456906564));
#2778=CARTESIAN_POINT('',(56.2,-9.3,13.5081456906564));
#2779=CARTESIAN_POINT('',(44.5,-2.00842075060166E-15,-16.4));
#2780=CARTESIAN_POINT('Origin',(44.5,0.,0.));
#2781=CARTESIAN_POINT('',(56.2,-2.00842075060166E-15,-16.4));
#2782=CARTESIAN_POINT('',(56.2,-2.00842075060166E-15,-16.4));
#2783=CARTESIAN_POINT('Origin',(56.2,0.,0.));
#2784=CARTESIAN_POINT('',(44.5,9.3,13.5081456906564));
#2785=CARTESIAN_POINT('Origin',(44.5,0.,0.));
#2786=CARTESIAN_POINT('',(52.5,9.3,13.5081456906564));
#2787=CARTESIAN_POINT('',(56.2,9.3,13.5081456906564));
#2788=CARTESIAN_POINT('',(52.5,8.75,13.8707425900707));
#2789=CARTESIAN_POINT('Origin',(52.5,0.,0.));
#2790=CARTESIAN_POINT('Origin',(52.5,0.,0.));
#2791=CARTESIAN_POINT('Origin',(46.7,8.75,15.7));
#2792=CARTESIAN_POINT('',(46.7,-8.75,15.7));
#2793=CARTESIAN_POINT('',(50.9,-8.75,15.7));
#2794=CARTESIAN_POINT('',(46.7,-8.75,15.7));
#2795=CARTESIAN_POINT('',(50.9,-7.95,15.7));
#2796=CARTESIAN_POINT('',(50.9,8.75,15.7));
#2797=CARTESIAN_POINT('',(47.5,-7.95,15.7));
#2798=CARTESIAN_POINT('',(47.5,-7.95,15.7));
#2799=CARTESIAN_POINT('',(47.5,7.95,15.7));
#2800=CARTESIAN_POINT('',(47.5,7.95,15.7));
#2801=CARTESIAN_POINT('',(50.9,7.95,15.7));
#2802=CARTESIAN_POINT('',(47.5,7.95,15.7));
#2803=CARTESIAN_POINT('',(50.9,8.75,15.7));
#2804=CARTESIAN_POINT('',(50.9,8.75,15.7));
#2805=CARTESIAN_POINT('',(46.7,8.75,15.7));
#2806=CARTESIAN_POINT('',(46.7,8.75,15.7));
#2807=CARTESIAN_POINT('',(46.7,8.75,15.7));
#2808=CARTESIAN_POINT('Origin',(52.5,0.,0.));
#2809=CARTESIAN_POINT('',(52.5,-8.75,8.5));
#2810=CARTESIAN_POINT('',(52.5,-8.75,8.5));
#2811=CARTESIAN_POINT('',(52.5,-9.3,8.5));
#2812=CARTESIAN_POINT('',(52.5,9.3,8.5));
#2813=CARTESIAN_POINT('',(52.5,-9.3,18.5));
#2814=CARTESIAN_POINT('Origin',(52.5,0.,0.));
#2815=CARTESIAN_POINT('',(52.5,8.75,15.7));
#2816=CARTESIAN_POINT('Origin',(52.5,0.,0.));
#2817=CARTESIAN_POINT('',(52.5,8.75,8.5));
#2818=CARTESIAN_POINT('',(52.5,8.75,8.5));
#2819=CARTESIAN_POINT('',(52.5,9.3,8.5));
#2820=CARTESIAN_POINT('',(52.5,9.3,18.5));
#2821=CARTESIAN_POINT('',(52.5,9.3,8.5));
#2822=CARTESIAN_POINT('Origin',(52.5,9.3,8.5));
#2823=CARTESIAN_POINT('',(46.7,-8.75,8.5));
#2824=CARTESIAN_POINT('',(46.7,-8.75,8.5));
#2825=CARTESIAN_POINT('',(46.7,8.75,8.5));
#2826=CARTESIAN_POINT('',(46.7,8.75,8.5));
#2827=CARTESIAN_POINT('',(46.7,8.75,8.5));
#2828=CARTESIAN_POINT('',(44.5,9.3,8.5));
#2829=CARTESIAN_POINT('',(52.5,9.3,8.5));
#2830=CARTESIAN_POINT('',(44.5,-9.3,8.5));
#2831=CARTESIAN_POINT('',(44.5,9.3,8.5));
#2832=CARTESIAN_POINT('',(52.5,-9.3,8.5));
#2833=CARTESIAN_POINT('Origin',(44.5,0.,0.));
#2834=CARTESIAN_POINT('',(44.5,-9.3,0.));
#2835=CARTESIAN_POINT('',(44.5,9.3,0.));
#2836=CARTESIAN_POINT('Origin',(2.,7.75000000000001,13.4233937586588));
#2837=CARTESIAN_POINT('Origin',(2.,7.75,-13.4233937586588));
#2838=CARTESIAN_POINT('Origin',(2.,-15.5,-8.67361737988404E-16));
#2839=CARTESIAN_POINT('Origin',(0.,0.,0.));
#2840=CARTESIAN_POINT('Origin',(21.5,0.,0.));
#2841=CARTESIAN_POINT('Origin',(6.,0.,-15.5));
#2842=CARTESIAN_POINT('Origin',(-6.,7.,0.));
#2843=CARTESIAN_POINT('Origin',(-19.8,7.,0.));
#2844=CARTESIAN_POINT('',(-19.8,4.5,-1.6583123951777));
#2845=CARTESIAN_POINT('Origin',(6.,13.4233937586588,-7.74999999999997));
#2846=CARTESIAN_POINT('Origin',(6.,-13.4233937586587,-7.75000000000016));
#2847=CARTESIAN_POINT('Origin',(6.,-13.4233937586589,7.74999999999987));
#2848=CARTESIAN_POINT('Origin',(6.,0.,15.5));
#2849=CARTESIAN_POINT('Origin',(6.,13.4233937586588,7.75000000000006));
#2850=CARTESIAN_POINT('Origin',(-8.3,4.5,-1.6583123951777));
#2851=CARTESIAN_POINT('',(-8.3,4.5,-1.6583123951777));
#2852=CARTESIAN_POINT('Origin',(-8.3,7.,0.));
#2853=CARTESIAN_POINT('Origin',(0.5,3.5,0.));
#2854=CARTESIAN_POINT('Origin',(0.,-15.5,-8.67361737988404E-16));
#2855=CARTESIAN_POINT('',(0.,-15.75,-1.05));
#2856=CARTESIAN_POINT('',(0.,-15.75,-0.25));
#2857=CARTESIAN_POINT('',(0.,-15.75,-0.25));
#2858=CARTESIAN_POINT('',(0.,-15.25,-1.05));
#2859=CARTESIAN_POINT('',(0.,-15.75,-1.05));
#2860=CARTESIAN_POINT('',(0.,-15.25,-0.25));
#2861=CARTESIAN_POINT('',(0.,-15.25,-1.05));
#2862=CARTESIAN_POINT('',(0.,-14.45,-0.25));
#2863=CARTESIAN_POINT('',(0.,-15.25,-0.25));
#2864=CARTESIAN_POINT('',(0.,-14.45,0.25));
#2865=CARTESIAN_POINT('',(0.,-14.45,-0.25));
#2866=CARTESIAN_POINT('',(0.,-15.25,0.25));
#2867=CARTESIAN_POINT('',(0.,-14.45,0.25));
#2868=CARTESIAN_POINT('',(0.,-15.25,1.05));
#2869=CARTESIAN_POINT('',(0.,-15.25,0.25));
#2870=CARTESIAN_POINT('',(0.,-15.75,1.05));
#2871=CARTESIAN_POINT('',(0.,-15.25,1.05));
#2872=CARTESIAN_POINT('',(0.,-15.75,0.25));
#2873=CARTESIAN_POINT('',(0.,-15.75,1.05));
#2874=CARTESIAN_POINT('',(0.,-16.7403820740522,0.25));
#2875=CARTESIAN_POINT('',(0.,-15.75,0.25));
#2876=CARTESIAN_POINT('',(0.,-16.55,-0.25));
#2877=CARTESIAN_POINT('',(0.,-16.7403820740522,0.25));
#2878=CARTESIAN_POINT('',(0.,-16.55,-0.25));
#2879=CARTESIAN_POINT('Origin',(0.,-15.75,-1.05));
#2880=CARTESIAN_POINT('',(2.,-15.25,-1.05));
#2881=CARTESIAN_POINT('',(2.,-15.75,-1.05));
#2882=CARTESIAN_POINT('',(2.,-15.75,-1.05));
#2883=CARTESIAN_POINT('',(0.,-15.25,-1.05));
#2884=CARTESIAN_POINT('',(0.,-15.75,-1.05));
#2885=CARTESIAN_POINT('Origin',(0.,-15.75,-0.25));
#2886=CARTESIAN_POINT('',(2.,-15.75,-0.25));
#2887=CARTESIAN_POINT('',(2.,-15.75,-0.25));
#2888=CARTESIAN_POINT('',(0.,-15.75,-0.25));
#2889=CARTESIAN_POINT('Origin',(0.,-16.55,-0.25));
#2890=CARTESIAN_POINT('',(2.,-16.55,-0.25));
#2891=CARTESIAN_POINT('',(2.,-16.55,-0.25));
#2892=CARTESIAN_POINT('',(0.,-16.55,-0.25));
#2893=CARTESIAN_POINT('Origin',(0.,-16.7403820740522,0.25));
#2894=CARTESIAN_POINT('',(2.,-16.7403820740522,0.25));
#2895=CARTESIAN_POINT('',(2.,-16.7403820740522,0.25));
#2896=CARTESIAN_POINT('',(0.,-16.7403820740522,0.25));
#2897=CARTESIAN_POINT('Origin',(0.,-15.75,0.25));
#2898=CARTESIAN_POINT('',(2.,-15.75,0.25));
#2899=CARTESIAN_POINT('',(2.,-15.75,0.25));
#2900=CARTESIAN_POINT('',(0.,-15.75,0.25));
#2901=CARTESIAN_POINT('Origin',(0.,-15.75,1.05));
#2902=CARTESIAN_POINT('',(2.,-15.75,1.05));
#2903=CARTESIAN_POINT('',(2.,-15.75,1.05));
#2904=CARTESIAN_POINT('',(0.,-15.75,1.05));
#2905=CARTESIAN_POINT('Origin',(0.,-15.25,1.05));
#2906=CARTESIAN_POINT('',(2.,-15.25,1.05));
#2907=CARTESIAN_POINT('',(2.,-15.25,1.05));
#2908=CARTESIAN_POINT('',(0.,-15.25,1.05));
#2909=CARTESIAN_POINT('Origin',(0.,-15.25,0.25));
#2910=CARTESIAN_POINT('',(2.,-15.25,0.25));
#2911=CARTESIAN_POINT('',(2.,-15.25,0.25));
#2912=CARTESIAN_POINT('',(0.,-15.25,0.25));
#2913=CARTESIAN_POINT('Origin',(0.,-14.45,0.25));
#2914=CARTESIAN_POINT('',(2.,-14.45,0.25));
#2915=CARTESIAN_POINT('',(2.,-14.45,0.25));
#2916=CARTESIAN_POINT('',(0.,-14.45,0.25));
#2917=CARTESIAN_POINT('Origin',(0.,-14.45,-0.25));
#2918=CARTESIAN_POINT('',(2.,-14.45,-0.25));
#2919=CARTESIAN_POINT('',(2.,-14.45,-0.25));
#2920=CARTESIAN_POINT('',(0.,-14.45,-0.25));
#2921=CARTESIAN_POINT('Origin',(0.,-15.25,-0.25));
#2922=CARTESIAN_POINT('',(2.,-15.25,-0.25));
#2923=CARTESIAN_POINT('',(2.,-15.25,-0.25));
#2924=CARTESIAN_POINT('',(0.,-15.25,-0.25));
#2925=CARTESIAN_POINT('Origin',(0.,-15.25,-1.05));
#2926=CARTESIAN_POINT('',(2.,-15.25,-1.05));
#2927=CARTESIAN_POINT('Origin',(2.,-15.5,-8.67361737988404E-16));
#2928=CARTESIAN_POINT('Origin',(0.,7.75,-13.4233937586588));
#2929=CARTESIAN_POINT('',(0.,8.78432667397366,-13.1149001096049));
#2930=CARTESIAN_POINT('',(0.,8.09150635094611,-13.5149001096049));
#2931=CARTESIAN_POINT('',(0.,8.09150635094611,-13.5149001096049));
#2932=CARTESIAN_POINT('',(0.,8.53432667397366,-12.6818874077127));
#2933=CARTESIAN_POINT('',(0.,8.78432667397366,-13.1149001096049));
#2934=CARTESIAN_POINT('',(0.,7.84150635094611,-13.0818874077127));
#2935=CARTESIAN_POINT('',(0.,8.53432667397366,-12.6818874077127));
#2936=CARTESIAN_POINT('',(0.,7.44150635094611,-12.3890670846851));
#2937=CARTESIAN_POINT('',(0.,7.84150635094611,-13.0818874077127));
#2938=CARTESIAN_POINT('',(0.,7.00849364905389,-12.6390670846851));
#2939=CARTESIAN_POINT('',(0.,7.44150635094611,-12.3890670846851));
#2940=CARTESIAN_POINT('',(0.,7.40849364905389,-13.3318874077127));
#2941=CARTESIAN_POINT('',(0.,7.00849364905389,-12.6390670846851));
#2942=CARTESIAN_POINT('',(0.,6.71567332602634,-13.7318874077127));
#2943=CARTESIAN_POINT('',(0.,7.40849364905389,-13.3318874077127));
#2944=CARTESIAN_POINT('',(0.,6.96567332602634,-14.1649001096049));
#2945=CARTESIAN_POINT('',(0.,6.71567332602634,-13.7318874077127));
#2946=CARTESIAN_POINT('',(0.,7.65849364905389,-13.7649001096049));
#2947=CARTESIAN_POINT('',(0.,6.96567332602634,-14.1649001096049));
#2948=CARTESIAN_POINT('',(0.,8.15368468607999,-14.6225961451868));
#2949=CARTESIAN_POINT('',(0.,7.65849364905389,-13.7649001096049));
#2950=CARTESIAN_POINT('',(0.,8.49150635094611,-14.2077204326325));
#2951=CARTESIAN_POINT('',(0.,8.15368468607999,-14.6225961451868));
#2952=CARTESIAN_POINT('',(0.,8.49150635094611,-14.2077204326325));
#2953=CARTESIAN_POINT('Origin',(0.,8.78432667397366,-13.1149001096049));
#2954=CARTESIAN_POINT('',(2.,8.53432667397366,-12.6818874077127));
#2955=CARTESIAN_POINT('',(2.,8.78432667397366,-13.1149001096049));
#2956=CARTESIAN_POINT('',(2.,8.78432667397366,-13.1149001096049));
#2957=CARTESIAN_POINT('',(0.,8.53432667397366,-12.6818874077127));
#2958=CARTESIAN_POINT('',(0.,8.78432667397366,-13.1149001096049));
#2959=CARTESIAN_POINT('Origin',(0.,8.09150635094611,-13.5149001096049));
#2960=CARTESIAN_POINT('',(2.,8.09150635094611,-13.5149001096049));
#2961=CARTESIAN_POINT('',(2.,8.09150635094611,-13.5149001096049));
#2962=CARTESIAN_POINT('',(0.,8.09150635094611,-13.5149001096049));
#2963=CARTESIAN_POINT('Origin',(0.,8.49150635094611,-14.2077204326325));
#2964=CARTESIAN_POINT('',(2.,8.49150635094611,-14.2077204326325));
#2965=CARTESIAN_POINT('',(2.,8.49150635094611,-14.2077204326325));
#2966=CARTESIAN_POINT('',(0.,8.49150635094611,-14.2077204326325));
#2967=CARTESIAN_POINT('Origin',(0.,8.15368468607999,-14.6225961451868));
#2968=CARTESIAN_POINT('',(2.,8.15368468607999,-14.6225961451868));
#2969=CARTESIAN_POINT('',(2.,8.15368468607999,-14.6225961451868));
#2970=CARTESIAN_POINT('',(0.,8.15368468607999,-14.6225961451868));
#2971=CARTESIAN_POINT('Origin',(0.,7.65849364905389,-13.7649001096049));
#2972=CARTESIAN_POINT('',(2.,7.65849364905389,-13.7649001096049));
#2973=CARTESIAN_POINT('',(2.,7.65849364905389,-13.7649001096049));
#2974=CARTESIAN_POINT('',(0.,7.65849364905389,-13.7649001096049));
#2975=CARTESIAN_POINT('Origin',(0.,6.96567332602634,-14.1649001096049));
#2976=CARTESIAN_POINT('',(2.,6.96567332602634,-14.1649001096049));
#2977=CARTESIAN_POINT('',(2.,6.96567332602634,-14.1649001096049));
#2978=CARTESIAN_POINT('',(0.,6.96567332602634,-14.1649001096049));
#2979=CARTESIAN_POINT('Origin',(0.,6.71567332602634,-13.7318874077127));
#2980=CARTESIAN_POINT('',(2.,6.71567332602634,-13.7318874077127));
#2981=CARTESIAN_POINT('',(2.,6.71567332602634,-13.7318874077127));
#2982=CARTESIAN_POINT('',(0.,6.71567332602634,-13.7318874077127));
#2983=CARTESIAN_POINT('Origin',(0.,7.40849364905389,-13.3318874077127));
#2984=CARTESIAN_POINT('',(2.,7.40849364905389,-13.3318874077127));
#2985=CARTESIAN_POINT('',(2.,7.40849364905389,-13.3318874077127));
#2986=CARTESIAN_POINT('',(0.,7.40849364905389,-13.3318874077127));
#2987=CARTESIAN_POINT('Origin',(0.,7.00849364905389,-12.6390670846851));
#2988=CARTESIAN_POINT('',(2.,7.00849364905389,-12.6390670846851));
#2989=CARTESIAN_POINT('',(2.,7.00849364905389,-12.6390670846851));
#2990=CARTESIAN_POINT('',(0.,7.00849364905389,-12.6390670846851));
#2991=CARTESIAN_POINT('Origin',(0.,7.44150635094611,-12.3890670846851));
#2992=CARTESIAN_POINT('',(2.,7.44150635094611,-12.3890670846851));
#2993=CARTESIAN_POINT('',(2.,7.44150635094611,-12.3890670846851));
#2994=CARTESIAN_POINT('',(0.,7.44150635094611,-12.3890670846851));
#2995=CARTESIAN_POINT('Origin',(0.,7.84150635094611,-13.0818874077127));
#2996=CARTESIAN_POINT('',(2.,7.84150635094611,-13.0818874077127));
#2997=CARTESIAN_POINT('',(2.,7.84150635094611,-13.0818874077127));
#2998=CARTESIAN_POINT('',(0.,7.84150635094611,-13.0818874077127));
#2999=CARTESIAN_POINT('Origin',(0.,8.53432667397366,-12.6818874077127));
#3000=CARTESIAN_POINT('',(2.,8.53432667397366,-12.6818874077127));
#3001=CARTESIAN_POINT('Origin',(2.,7.75,-13.4233937586588));
#3002=CARTESIAN_POINT('Origin',(0.,7.75000000000001,13.4233937586588));
#3003=CARTESIAN_POINT('',(0.,6.96567332602635,14.1649001096049));
#3004=CARTESIAN_POINT('',(0.,7.6584936490539,13.7649001096049));
#3005=CARTESIAN_POINT('',(0.,7.6584936490539,13.7649001096049));
#3006=CARTESIAN_POINT('',(0.,6.71567332602635,13.7318874077127));
#3007=CARTESIAN_POINT('',(0.,6.96567332602635,14.1649001096049));
#3008=CARTESIAN_POINT('',(0.,7.4084936490539,13.3318874077127));
#3009=CARTESIAN_POINT('',(0.,6.71567332602635,13.7318874077127));
#3010=CARTESIAN_POINT('',(0.,7.0084936490539,12.6390670846851));
#3011=CARTESIAN_POINT('',(0.,7.4084936490539,13.3318874077127));
#3012=CARTESIAN_POINT('',(0.,7.44150635094612,12.3890670846851));
#3013=CARTESIAN_POINT('',(0.,7.0084936490539,12.6390670846851));
#3014=CARTESIAN_POINT('',(0.,7.84150635094612,13.0818874077127));
#3015=CARTESIAN_POINT('',(0.,7.44150635094612,12.3890670846851));
#3016=CARTESIAN_POINT('',(0.,8.53432667397367,12.6818874077127));
#3017=CARTESIAN_POINT('',(0.,7.84150635094612,13.0818874077127));
#3018=CARTESIAN_POINT('',(0.,8.78432667397367,13.1149001096049));
#3019=CARTESIAN_POINT('',(0.,8.53432667397367,12.6818874077127));
#3020=CARTESIAN_POINT('',(0.,8.09150635094612,13.5149001096049));
#3021=CARTESIAN_POINT('',(0.,8.78432667397367,13.1149001096049));
#3022=CARTESIAN_POINT('',(0.,8.58669738797222,14.3725961451868));
#3023=CARTESIAN_POINT('',(0.,8.09150635094612,13.5149001096049));
#3024=CARTESIAN_POINT('',(0.,8.0584936490539,14.4577204326325));
#3025=CARTESIAN_POINT('',(0.,8.58669738797222,14.3725961451868));
#3026=CARTESIAN_POINT('',(0.,8.0584936490539,14.4577204326325));
#3027=CARTESIAN_POINT('Origin',(0.,6.96567332602635,14.1649001096049));
#3028=CARTESIAN_POINT('',(2.,6.71567332602635,13.7318874077127));
#3029=CARTESIAN_POINT('',(2.,6.96567332602635,14.1649001096049));
#3030=CARTESIAN_POINT('',(2.,6.96567332602635,14.1649001096049));
#3031=CARTESIAN_POINT('',(0.,6.71567332602635,13.7318874077127));
#3032=CARTESIAN_POINT('',(0.,6.96567332602635,14.1649001096049));
#3033=CARTESIAN_POINT('Origin',(0.,7.6584936490539,13.7649001096049));
#3034=CARTESIAN_POINT('',(2.,7.6584936490539,13.7649001096049));
#3035=CARTESIAN_POINT('',(2.,7.6584936490539,13.7649001096049));
#3036=CARTESIAN_POINT('',(0.,7.6584936490539,13.7649001096049));
#3037=CARTESIAN_POINT('Origin',(0.,8.0584936490539,14.4577204326325));
#3038=CARTESIAN_POINT('',(2.,8.0584936490539,14.4577204326325));
#3039=CARTESIAN_POINT('',(2.,8.0584936490539,14.4577204326325));
#3040=CARTESIAN_POINT('',(0.,8.0584936490539,14.4577204326325));
#3041=CARTESIAN_POINT('Origin',(0.,8.58669738797222,14.3725961451868));
#3042=CARTESIAN_POINT('',(2.,8.58669738797222,14.3725961451868));
#3043=CARTESIAN_POINT('',(2.,8.58669738797222,14.3725961451868));
#3044=CARTESIAN_POINT('',(0.,8.58669738797222,14.3725961451868));
#3045=CARTESIAN_POINT('Origin',(0.,8.09150635094612,13.5149001096049));
#3046=CARTESIAN_POINT('',(2.,8.09150635094612,13.5149001096049));
#3047=CARTESIAN_POINT('',(2.,8.09150635094612,13.5149001096049));
#3048=CARTESIAN_POINT('',(0.,8.09150635094612,13.5149001096049));
#3049=CARTESIAN_POINT('Origin',(0.,8.78432667397367,13.1149001096049));
#3050=CARTESIAN_POINT('',(2.,8.78432667397367,13.1149001096049));
#3051=CARTESIAN_POINT('',(2.,8.78432667397367,13.1149001096049));
#3052=CARTESIAN_POINT('',(0.,8.78432667397367,13.1149001096049));
#3053=CARTESIAN_POINT('Origin',(0.,8.53432667397367,12.6818874077127));
#3054=CARTESIAN_POINT('',(2.,8.53432667397367,12.6818874077127));
#3055=CARTESIAN_POINT('',(2.,8.53432667397367,12.6818874077127));
#3056=CARTESIAN_POINT('',(0.,8.53432667397367,12.6818874077127));
#3057=CARTESIAN_POINT('Origin',(0.,7.84150635094612,13.0818874077127));
#3058=CARTESIAN_POINT('',(2.,7.84150635094612,13.0818874077127));
#3059=CARTESIAN_POINT('',(2.,7.84150635094612,13.0818874077127));
#3060=CARTESIAN_POINT('',(0.,7.84150635094612,13.0818874077127));
#3061=CARTESIAN_POINT('Origin',(0.,7.44150635094612,12.3890670846851));
#3062=CARTESIAN_POINT('',(2.,7.44150635094612,12.3890670846851));
#3063=CARTESIAN_POINT('',(2.,7.44150635094612,12.3890670846851));
#3064=CARTESIAN_POINT('',(0.,7.44150635094612,12.3890670846851));
#3065=CARTESIAN_POINT('Origin',(0.,7.0084936490539,12.6390670846851));
#3066=CARTESIAN_POINT('',(2.,7.0084936490539,12.6390670846851));
#3067=CARTESIAN_POINT('',(2.,7.0084936490539,12.6390670846851));
#3068=CARTESIAN_POINT('',(0.,7.0084936490539,12.6390670846851));
#3069=CARTESIAN_POINT('Origin',(0.,7.4084936490539,13.3318874077127));
#3070=CARTESIAN_POINT('',(2.,7.4084936490539,13.3318874077127));
#3071=CARTESIAN_POINT('',(2.,7.4084936490539,13.3318874077127));
#3072=CARTESIAN_POINT('',(0.,7.4084936490539,13.3318874077127));
#3073=CARTESIAN_POINT('Origin',(0.,6.71567332602635,13.7318874077127));
#3074=CARTESIAN_POINT('',(2.,6.71567332602635,13.7318874077127));
#3075=CARTESIAN_POINT('Origin',(2.,7.75000000000001,13.4233937586588));
#3076=CARTESIAN_POINT('Origin',(56.2,0.,0.));
#3077=CARTESIAN_POINT('Origin',(44.5,0.,0.));
#3078=CARTESIAN_POINT('',(44.5,-9.3,18.5));
#3079=CARTESIAN_POINT('',(44.5,9.3,18.5));
#3080=CARTESIAN_POINT('Origin',(52.5,-9.3,18.5));
#3081=CARTESIAN_POINT('Origin',(52.5,9.3,18.5));
#3082=CARTESIAN_POINT('Origin',(52.5,0.,0.));
#3083=CARTESIAN_POINT('',(52.5,8.75,15.7));
#3084=CARTESIAN_POINT('',(52.5,8.75,15.7));
#3085=CARTESIAN_POINT('',(52.5,8.75,8.5));
#3086=CARTESIAN_POINT('Origin',(52.5,0.,0.));
#3087=CARTESIAN_POINT('',(52.5,-8.75,15.7));
#3088=CARTESIAN_POINT('',(52.5,-8.75,8.5));
#3089=CARTESIAN_POINT('',(52.5,8.75,15.7));
#3090=CARTESIAN_POINT('Origin',(46.7,-8.75,8.5));
#3091=CARTESIAN_POINT('',(50.9,-8.75,12.2));
#3092=CARTESIAN_POINT('',(51.7,-8.75,12.2));
#3093=CARTESIAN_POINT('',(50.9,-8.75,12.2));
#3094=CARTESIAN_POINT('',(50.9,-8.75,15.7));
#3095=CARTESIAN_POINT('',(46.7,-8.75,8.5));
#3096=CARTESIAN_POINT('',(51.7,-8.75,15.7));
#3097=CARTESIAN_POINT('',(46.7,-8.75,15.7));
#3098=CARTESIAN_POINT('',(51.7,-8.75,15.7));
#3099=CARTESIAN_POINT('Origin',(46.7,8.75,15.7));
#3100=CARTESIAN_POINT('',(51.7,8.75,15.7));
#3101=CARTESIAN_POINT('',(46.7,8.75,15.7));
#3102=CARTESIAN_POINT('',(51.7,7.95,15.7));
#3103=CARTESIAN_POINT('Origin',(46.7,8.75,8.5));
#3104=CARTESIAN_POINT('',(50.9,8.75,12.2));
#3105=CARTESIAN_POINT('',(50.9,8.75,15.7));
#3106=CARTESIAN_POINT('',(51.7,8.75,12.2));
#3107=CARTESIAN_POINT('',(50.9,8.75,12.2));
#3108=CARTESIAN_POINT('',(51.7,8.75,15.7));
#3109=CARTESIAN_POINT('',(46.7,8.75,8.5));
#3110=CARTESIAN_POINT('Origin',(46.7,0.,0.));
#3111=CARTESIAN_POINT('Origin',(47.5,7.95,10.9));
#3112=CARTESIAN_POINT('',(47.5,-7.95,10.9));
#3113=CARTESIAN_POINT('',(47.5,-7.95,10.9));
#3114=CARTESIAN_POINT('',(47.5,7.95,10.9));
#3115=CARTESIAN_POINT('',(47.5,7.95,10.9));
#3116=CARTESIAN_POINT('',(47.5,7.95,10.9));
#3117=CARTESIAN_POINT('Origin',(47.5,7.95,10.9));
#3118=CARTESIAN_POINT('',(51.7,7.95,12.2));
#3119=CARTESIAN_POINT('',(50.9,7.95,12.2));
#3120=CARTESIAN_POINT('',(47.5,7.95,12.2));
#3121=CARTESIAN_POINT('',(50.9,7.95,10.9));
#3122=CARTESIAN_POINT('',(51.7,7.95,10.9));
#3123=CARTESIAN_POINT('',(47.5,7.95,10.9));
#3124=CARTESIAN_POINT('',(51.7,7.95,10.9));
#3125=CARTESIAN_POINT('Origin',(51.7,7.95,10.9));
#3126=CARTESIAN_POINT('',(51.7,-7.95,10.9));
#3127=CARTESIAN_POINT('',(51.7,-7.95,12.2));
#3128=CARTESIAN_POINT('',(51.7,-7.95,10.9));
#3129=CARTESIAN_POINT('',(51.7,8.75,12.2));
#3130=CARTESIAN_POINT('',(51.7,8.75,12.2));
#3131=CARTESIAN_POINT('',(51.7,7.95,10.9));
#3132=CARTESIAN_POINT('Origin',(47.5,-7.95,10.9));
#3133=CARTESIAN_POINT('',(50.9,-7.95,12.2));
#3134=CARTESIAN_POINT('',(50.9,-7.95,10.9));
#3135=CARTESIAN_POINT('',(47.5,-7.95,12.2));
#3136=CARTESIAN_POINT('',(47.5,-7.95,10.9));
#3137=CARTESIAN_POINT('Origin',(0.,0.,10.9));
#3138=CARTESIAN_POINT('Origin',(50.9,8.75,12.2));
#3139=CARTESIAN_POINT('',(50.9,8.75,12.2));
#3140=CARTESIAN_POINT('Origin',(50.9,8.75,15.7));
#3141=CARTESIAN_POINT('Origin',(50.9,8.75,15.7));
#3142=CARTESIAN_POINT('',(50.9,8.75,12.2));
#3143=CARTESIAN_POINT('Origin',(50.9,8.75,12.2));
#3144=UNCERTAINTY_MEASURE_WITH_UNIT(LENGTH_MEASURE(0.01),#3148,
'DISTANCE_ACCURACY_VALUE',
'Maximum model space distance between geometric entities at asserted c
onnectivities');
#3145=UNCERTAINTY_MEASURE_WITH_UNIT(LENGTH_MEASURE(0.01),#3148,
'DISTANCE_ACCURACY_VALUE',
'Maximum model space distance between geometric entities at asserted c
onnectivities');
#3146=(
GEOMETRIC_REPRESENTATION_CONTEXT(3)
GLOBAL_UNCERTAINTY_ASSIGNED_CONTEXT((#3144))
GLOBAL_UNIT_ASSIGNED_CONTEXT((#3148,#3150,#3151))
REPRESENTATION_CONTEXT('','3D')
);
#3147=(
GEOMETRIC_REPRESENTATION_CONTEXT(3)
GLOBAL_UNCERTAINTY_ASSIGNED_CONTEXT((#3145))
GLOBAL_UNIT_ASSIGNED_CONTEXT((#3148,#3150,#3151))
REPRESENTATION_CONTEXT('','3D')
);
#3148=(
LENGTH_UNIT()
NAMED_UNIT(*)
SI_UNIT(.MILLI.,.METRE.)
);
#3149=(
LENGTH_UNIT()
NAMED_UNIT(*)
SI_UNIT($,.METRE.)
);
#3150=(
NAMED_UNIT(*)
PLANE_ANGLE_UNIT()
SI_UNIT($,.RADIAN.)
);
#3151=(
NAMED_UNIT(*)
SI_UNIT($,.STERADIAN.)
SOLID_ANGLE_UNIT()
);
#3152=SHAPE_DEFINITION_REPRESENTATION(#3153,#3154);
#3153=PRODUCT_DEFINITION_SHAPE('',$,#3156);
#3154=SHAPE_REPRESENTATION('',(#1898),#3146);
#3155=PRODUCT_DEFINITION_CONTEXT('part definition',#3160,'design');
#3156=PRODUCT_DEFINITION('MC520\X2\7F16780156687535673A6A21578B\X0\-\X2\53477EA76B3E\X0\',
'MC520\X2\7F16780156687535673A6A21578B\X0\-\X2\53477EA76B3E\X0\',#3157,
#3155);
#3157=PRODUCT_DEFINITION_FORMATION('',$,#3162);
#3158=PRODUCT_RELATED_PRODUCT_CATEGORY(
'MC520\X2\7F16780156687535673A6A21578B\X0\-\X2\53477EA76B3E\X0\',
'MC520\X2\7F16780156687535673A6A21578B\X0\-\X2\53477EA76B3E\X0\',(#3162));
#3159=APPLICATION_PROTOCOL_DEFINITION('international standard',
'automotive_design',2009,#3160);
#3160=APPLICATION_CONTEXT(
'Core Data for Automotive Mechanical Design Process');
#3161=PRODUCT_CONTEXT('part definition',#3160,'mechanical');
#3162=PRODUCT('MC520\X2\7F16780156687535673A6A21578B\X0\-\X2\53477EA76B3E\X0\',
'MC520\X2\7F16780156687535673A6A21578B\X0\-\X2\53477EA76B3E\X0\',
'STEP AP214',(#3161));
#3163=PRESENTATION_STYLE_ASSIGNMENT((#3169));
#3164=PRESENTATION_STYLE_ASSIGNMENT((#3170));
#3165=PRESENTATION_STYLE_ASSIGNMENT((#3171));
#3166=PRESENTATION_STYLE_ASSIGNMENT((#3172));
#3167=PRESENTATION_STYLE_ASSIGNMENT((#3173));
#3168=PRESENTATION_STYLE_ASSIGNMENT((#3174));
#3169=SURFACE_STYLE_USAGE(.BOTH.,#3175);
#3170=SURFACE_STYLE_USAGE(.BOTH.,#3176);
#3171=SURFACE_STYLE_USAGE(.BOTH.,#3177);
#3172=SURFACE_STYLE_USAGE(.BOTH.,#3178);
#3173=SURFACE_STYLE_USAGE(.BOTH.,#3179);
#3174=SURFACE_STYLE_USAGE(.BOTH.,#3180);
#3175=SURFACE_SIDE_STYLE('',(#3181));
#3176=SURFACE_SIDE_STYLE('',(#3182));
#3177=SURFACE_SIDE_STYLE('',(#3183));
#3178=SURFACE_SIDE_STYLE('',(#3184));
#3179=SURFACE_SIDE_STYLE('',(#3185));
#3180=SURFACE_SIDE_STYLE('',(#3186));
#3181=SURFACE_STYLE_FILL_AREA(#3187);
#3182=SURFACE_STYLE_FILL_AREA(#3188);
#3183=SURFACE_STYLE_FILL_AREA(#3189);
#3184=SURFACE_STYLE_FILL_AREA(#3190);
#3185=SURFACE_STYLE_FILL_AREA(#3191);
#3186=SURFACE_STYLE_FILL_AREA(#3192);
#3187=FILL_AREA_STYLE('\X2\94A2\X0\ - \X2\7F0E5149\X0\',(#3193));
#3188=FILL_AREA_STYLE('Opaque(255,255,255)',(#3194));
#3189=FILL_AREA_STYLE('Opaque(203,210,239)',(#3195));
#3190=FILL_AREA_STYLE('Opaque(204,206,204)',(#3196));
#3191=FILL_AREA_STYLE('Opaque(228,233,237)',(#3197));
#3192=FILL_AREA_STYLE('Opaque(52,52,52)',(#3198));
#3193=FILL_AREA_STYLE_COLOUR('\X2\94A2\X0\ - \X2\7F0E5149\X0\',#3199);
#3194=FILL_AREA_STYLE_COLOUR('Opaque(255,255,255)',#3200);
#3195=FILL_AREA_STYLE_COLOUR('Opaque(203,210,239)',#3201);
#3196=FILL_AREA_STYLE_COLOUR('Opaque(204,206,204)',#3202);
#3197=FILL_AREA_STYLE_COLOUR('Opaque(228,233,237)',#3203);
#3198=FILL_AREA_STYLE_COLOUR('Opaque(52,52,52)',#3204);
#3199=COLOUR_RGB('\X2\94A2\X0\ - \X2\7F0E5149\X0\',0.627450980392157,0.627450980392157,
0.627450980392157);
#3200=COLOUR_RGB('Opaque(255,255,255)',1.,1.,1.);
#3201=COLOUR_RGB('Opaque(203,210,239)',0.796078431372549,0.823529411764706,
0.937254901960784);
#3202=COLOUR_RGB('Opaque(204,206,204)',0.8,0.807843137254902,0.8);
#3203=COLOUR_RGB('Opaque(228,233,237)',0.894117647058824,0.913725490196078,
0.929411764705882);
#3204=COLOUR_RGB('Opaque(52,52,52)',0.203921568627451,0.203921568627451,
0.203921568627451);
ENDSEC;
END-ISO-10303-21;
