ISO-10303-21;
HEADER;
/* Generated by software containing ST-Developer
 * from STEP Tools, Inc. (www.steptools.com) 
 */

FILE_DESCRIPTION(
/* description */ (''),
/* implementation_level */ '2;1');

FILE_NAME(
/* name */ '',
/* time_stamp */ '2026-08-17T23:34:52+08:00',
/* author */ (''),
/* organization */ (''),
/* preprocessor_version */ 'ST-DEVELOPER v20.1',
/* originating_system */ 'Autodesk Translation Framework v15.8.0.0',
/* authorisation */ '');

FILE_SCHEMA (('AUTOMOTIVE_DESIGN { 1 0 10303 214 3 1 1 }'));
ENDSEC;

DATA;
#10=MECHANICAL_DESIGN_GEOMETRIC_PRESENTATION_REPRESENTATION('',(#13),#7309);
#11=SHAPE_REPRESENTATION_RELATIONSHIP('SRR','None',#7316,#12);
#12=ADVANCED_BREP_SHAPE_REPRESENTATION('',(#14),#7308);
#13=STYLED_ITEM('',(#7325),#14);
#14=MANIFOLD_SOLID_BREP('\X2\5B9E4F53\X0\2',#1673);
#15=FACE_BOUND('',#210,.T.);
#16=FACE_BOUND('',#212,.T.);
#17=PLANE('',#1771);
#18=PLANE('',#1773);
#19=PLANE('',#1774);
#20=PLANE('',#1775);
#21=PLANE('',#1776);
#22=PLANE('',#1777);
#23=PLANE('',#1778);
#24=PLANE('',#1779);
#25=PLANE('',#1780);
#26=PLANE('',#1781);
#27=B_SPLINE_SURFACE_WITH_KNOTS('',3,3,((#4656,#4657,#4658,#4659,#4660,
#4661,#4662,#4663,#4664,#4665,#4666,#4667,#4668,#4669,#4670,#4671,#4672,
#4673,#4674,#4675,#4676,#4677,#4678,#4679,#4680,#4681,#4682,#4683,#4684,
#4685,#4686,#4687,#4688,#4689,#4690,#4691,#4692,#4693,#4694,#4695,#4696,
#4697,#4698,#4699,#4700,#4701,#4702,#4703,#4704,#4705,#4706,#4707,#4708,
#4709,#4710,#4711,#4712,#4713,#4714,#4715,#4716,#4717,#4718,#4719,#4720,
#4721,#4722,#4723,#4724,#4725,#4726,#4727,#4728,#4729,#4730,#4731,#4732,
#4733,#4734,#4735,#4736,#4737,#4738,#4739,#4740,#4741,#4742,#4743,#4744),
(#4745,#4746,#4747,#4748,#4749,#4750,#4751,#4752,#4753,#4754,#4755,#4756,
#4757,#4758,#4759,#4760,#4761,#4762,#4763,#4764,#4765,#4766,#4767,#4768,
#4769,#4770,#4771,#4772,#4773,#4774,#4775,#4776,#4777,#4778,#4779,#4780,
#4781,#4782,#4783,#4784,#4785,#4786,#4787,#4788,#4789,#4790,#4791,#4792,
#4793,#4794,#4795,#4796,#4797,#4798,#4799,#4800,#4801,#4802,#4803,#4804,
#4805,#4806,#4807,#4808,#4809,#4810,#4811,#4812,#4813,#4814,#4815,#4816,
#4817,#4818,#4819,#4820,#4821,#4822,#4823,#4824,#4825,#4826,#4827,#4828,
#4829,#4830,#4831,#4832,#4833),(#4834,#4835,#4836,#4837,#4838,#4839,#4840,
#4841,#4842,#4843,#4844,#4845,#4846,#4847,#4848,#4849,#4850,#4851,#4852,
#4853,#4854,#4855,#4856,#4857,#4858,#4859,#4860,#4861,#4862,#4863,#4864,
#4865,#4866,#4867,#4868,#4869,#4870,#4871,#4872,#4873,#4874,#4875,#4876,
#4877,#4878,#4879,#4880,#4881,#4882,#4883,#4884,#4885,#4886,#4887,#4888,
#4889,#4890,#4891,#4892,#4893,#4894,#4895,#4896,#4897,#4898,#4899,#4900,
#4901,#4902,#4903,#4904,#4905,#4906,#4907,#4908,#4909,#4910,#4911,#4912,
#4913,#4914,#4915,#4916,#4917,#4918,#4919,#4920,#4921,#4922),(#4923,#4924,
#4925,#4926,#4927,#4928,#4929,#4930,#4931,#4932,#4933,#4934,#4935,#4936,
#4937,#4938,#4939,#4940,#4941,#4942,#4943,#4944,#4945,#4946,#4947,#4948,
#4949,#4950,#4951,#4952,#4953,#4954,#4955,#4956,#4957,#4958,#4959,#4960,
#4961,#4962,#4963,#4964,#4965,#4966,#4967,#4968,#4969,#4970,#4971,#4972,
#4973,#4974,#4975,#4976,#4977,#4978,#4979,#4980,#4981,#4982,#4983,#4984,
#4985,#4986,#4987,#4988,#4989,#4990,#4991,#4992,#4993,#4994,#4995,#4996,
#4997,#4998,#4999,#5000,#5001,#5002,#5003,#5004,#5005,#5006,#5007,#5008,
#5009,#5010,#5011)),.UNSPECIFIED.,.F.,.F.,.F.,(4,4),(4,1,1,1,1,1,1,1,1,
1,1,1,1,1,1,1,1,1,1,1,1,1,1,1,1,1,1,1,1,1,1,1,1,1,1,1,1,1,1,1,1,1,1,1,1,
1,1,1,1,1,1,1,1,1,1,1,1,1,1,1,1,1,1,1,1,1,1,1,1,1,1,1,1,1,1,1,1,1,1,1,1,
1,1,1,1,1,4),(0.,0.0296469363228873),(8.30626835282483,9.30447243077345,
10.3026765087221,11.3008805866707,12.2990846646193,13.297288742568,14.2954928205166,
15.2936968984652,16.2919009764138,17.2901050543625,18.2883091323111,19.2865132102597,
20.2847172882083,21.282921366157,22.2811254441056,23.2793295220542,24.2775336000028,
25.2757376779515,26.2739417559001,27.2721458338487,28.2703499117973,29.268553989746,
30.2667580676946,31.2649621456432,32.2631662235918,33.2613703015405,34.2595743794891,
35.2577784574377,36.2559825353863,37.254186613335,38.2523906912836,39.2505947692322,
40.2487988471808,41.2470029251295,42.2452070030781,43.2434110810267,44.2416151589753,
45.239819236924,46.2380233148726,47.2362273928212,48.2344314707698,49.2326355487185,
50.2308396266671,51.2290437046157,52.2272477825643,53.225451860513,54.2236559384616,
55.2218600164102,56.2200640943588,57.2182681723075,58.2164722502561,59.2146763282047,
60.2128804061534,61.211084484102,62.2092885620506,63.2074926399992,64.2056967179479,
65.2039007958965,66.2021048738451,67.2003089517937,68.1985130297424,69.196717107691,
70.1949211856396,71.1931252635882,72.1913293415369,73.1895334194855,74.1877374974341,
75.1859415753827,76.1841456533314,77.18234973128,78.1805538092286,79.1787578871772,
80.1769619651259,81.1751660430745,82.1733701210231,83.1715741989717,84.1697782769204,
85.167982354869,86.1661864328176,87.1643905107663,88.1625945887149,89.1607986666635,
90.1590027446121,91.1572068225608,92.1554109005094,93.153614978458,94.1518190564066),
 .UNSPECIFIED.);
#28=B_SPLINE_SURFACE_WITH_KNOTS('',3,3,((#5199,#5200,#5201,#5202,#5203,
#5204,#5205,#5206,#5207,#5208,#5209,#5210,#5211,#5212,#5213,#5214,#5215,
#5216,#5217,#5218,#5219,#5220,#5221,#5222,#5223,#5224,#5225,#5226,#5227,
#5228,#5229,#5230,#5231,#5232,#5233,#5234,#5235,#5236,#5237,#5238,#5239,
#5240,#5241,#5242,#5243,#5244,#5245,#5246,#5247,#5248,#5249,#5250,#5251,
#5252,#5253,#5254,#5255,#5256,#5257,#5258,#5259,#5260,#5261,#5262,#5263,
#5264,#5265,#5266,#5267,#5268,#5269,#5270,#5271,#5272,#5273,#5274,#5275,
#5276,#5277,#5278,#5279,#5280,#5281,#5282,#5283,#5284,#5285,#5286,#5287),
(#5288,#5289,#5290,#5291,#5292,#5293,#5294,#5295,#5296,#5297,#5298,#5299,
#5300,#5301,#5302,#5303,#5304,#5305,#5306,#5307,#5308,#5309,#5310,#5311,
#5312,#5313,#5314,#5315,#5316,#5317,#5318,#5319,#5320,#5321,#5322,#5323,
#5324,#5325,#5326,#5327,#5328,#5329,#5330,#5331,#5332,#5333,#5334,#5335,
#5336,#5337,#5338,#5339,#5340,#5341,#5342,#5343,#5344,#5345,#5346,#5347,
#5348,#5349,#5350,#5351,#5352,#5353,#5354,#5355,#5356,#5357,#5358,#5359,
#5360,#5361,#5362,#5363,#5364,#5365,#5366,#5367,#5368,#5369,#5370,#5371,
#5372,#5373,#5374,#5375,#5376),(#5377,#5378,#5379,#5380,#5381,#5382,#5383,
#5384,#5385,#5386,#5387,#5388,#5389,#5390,#5391,#5392,#5393,#5394,#5395,
#5396,#5397,#5398,#5399,#5400,#5401,#5402,#5403,#5404,#5405,#5406,#5407,
#5408,#5409,#5410,#5411,#5412,#5413,#5414,#5415,#5416,#5417,#5418,#5419,
#5420,#5421,#5422,#5423,#5424,#5425,#5426,#5427,#5428,#5429,#5430,#5431,
#5432,#5433,#5434,#5435,#5436,#5437,#5438,#5439,#5440,#5441,#5442,#5443,
#5444,#5445,#5446,#5447,#5448,#5449,#5450,#5451,#5452,#5453,#5454,#5455,
#5456,#5457,#5458,#5459,#5460,#5461,#5462,#5463,#5464,#5465),(#5466,#5467,
#5468,#5469,#5470,#5471,#5472,#5473,#5474,#5475,#5476,#5477,#5478,#5479,
#5480,#5481,#5482,#5483,#5484,#5485,#5486,#5487,#5488,#5489,#5490,#5491,
#5492,#5493,#5494,#5495,#5496,#5497,#5498,#5499,#5500,#5501,#5502,#5503,
#5504,#5505,#5506,#5507,#5508,#5509,#5510,#5511,#5512,#5513,#5514,#5515,
#5516,#5517,#5518,#5519,#5520,#5521,#5522,#5523,#5524,#5525,#5526,#5527,
#5528,#5529,#5530,#5531,#5532,#5533,#5534,#5535,#5536,#5537,#5538,#5539,
#5540,#5541,#5542,#5543,#5544,#5545,#5546,#5547,#5548,#5549,#5550,#5551,
#5552,#5553,#5554)),.UNSPECIFIED.,.F.,.F.,.F.,(4,4),(4,1,1,1,1,1,1,1,1,
1,1,1,1,1,1,1,1,1,1,1,1,1,1,1,1,1,1,1,1,1,1,1,1,1,1,1,1,1,1,1,1,1,1,1,1,
1,1,1,1,1,1,1,1,1,1,1,1,1,1,1,1,1,1,1,1,1,1,1,1,1,1,1,1,1,1,1,1,1,1,1,1,
1,1,1,1,1,4),(0.,0.0296469363228872),(11.6151336144496,12.6133376923982,
13.6115417703468,14.6097458482955,15.6079499262441,16.6061540041927,17.6043580821413,
18.60256216009,19.6007662380386,20.5989703159872,21.5971743939358,22.5953784718845,
23.5935825498331,24.5917866277817,25.5899907057304,26.588194783679,27.5863988616276,
28.5846029395762,29.5828070175248,30.5810110954735,31.5792151734221,32.5774192513707,
33.5756233293193,34.573827407268,35.5720314852166,36.5702355631652,37.5684396411138,
38.5666437190625,39.5648477970111,40.5630518749597,41.5612559529084,42.559460030857,
43.5576641088056,44.5558681867542,45.5540722647029,46.5522763426515,47.5504804206001,
48.5486844985487,49.5468885764974,50.545092654446,51.5432967323946,52.5415008103432,
53.5397048882919,54.5379089662405,55.5361130441891,56.5343171221377,57.5325212000864,
58.530725278035,59.5289293559836,60.5271334339322,61.5253375118809,62.5235415898295,
63.5217456677781,64.5199497457267,65.5181538236753,66.516357901624,67.5145619795726,
68.5127660575212,69.5109701354699,70.5091742134185,71.5073782913671,72.5055823693157,
73.5037864472644,74.501990525213,75.5001946031616,76.4983986811102,77.4966027590589,
78.4948068370075,79.4930109149561,80.4912149929047,81.4894190708534,82.487623148802,
83.4858272267506,84.4840313046992,85.4822353826479,86.4804394605965,87.4786435385451,
88.4768476164937,89.4750516944424,90.473255772391,91.4714598503396,92.4696639282882,
93.4678680062369,94.4660720841855,95.4642761621341,96.4624802400827,97.4606843180314),
 .UNSPECIFIED.);
#29=B_SPLINE_SURFACE_WITH_KNOTS('',3,3,((#5742,#5743,#5744,#5745,#5746,
#5747,#5748,#5749,#5750,#5751,#5752,#5753,#5754,#5755,#5756,#5757,#5758,
#5759,#5760,#5761,#5762,#5763,#5764,#5765,#5766,#5767,#5768,#5769,#5770,
#5771,#5772,#5773,#5774,#5775,#5776,#5777,#5778,#5779,#5780,#5781,#5782,
#5783,#5784,#5785,#5786,#5787,#5788,#5789,#5790,#5791,#5792,#5793,#5794,
#5795,#5796,#5797,#5798,#5799,#5800,#5801,#5802,#5803,#5804,#5805,#5806,
#5807,#5808,#5809,#5810,#5811,#5812,#5813,#5814,#5815,#5816,#5817,#5818,
#5819,#5820,#5821,#5822,#5823,#5824,#5825,#5826,#5827,#5828,#5829,#5830,
#5831,#5832,#5833,#5834,#5835,#5836,#5837,#5838,#5839,#5840,#5841,#5842,
#5843,#5844,#5845,#5846,#5847,#5848,#5849,#5850,#5851,#5852,#5853,#5854,
#5855,#5856,#5857,#5858,#5859,#5860,#5861,#5862,#5863,#5864,#5865,#5866,
#5867,#5868,#5869,#5870,#5871,#5872,#5873,#5874,#5875,#5876,#5877,#5878,
#5879,#5880,#5881,#5882,#5883,#5884,#5885,#5886),(#5887,#5888,#5889,#5890,
#5891,#5892,#5893,#5894,#5895,#5896,#5897,#5898,#5899,#5900,#5901,#5902,
#5903,#5904,#5905,#5906,#5907,#5908,#5909,#5910,#5911,#5912,#5913,#5914,
#5915,#5916,#5917,#5918,#5919,#5920,#5921,#5922,#5923,#5924,#5925,#5926,
#5927,#5928,#5929,#5930,#5931,#5932,#5933,#5934,#5935,#5936,#5937,#5938,
#5939,#5940,#5941,#5942,#5943,#5944,#5945,#5946,#5947,#5948,#5949,#5950,
#5951,#5952,#5953,#5954,#5955,#5956,#5957,#5958,#5959,#5960,#5961,#5962,
#5963,#5964,#5965,#5966,#5967,#5968,#5969,#5970,#5971,#5972,#5973,#5974,
#5975,#5976,#5977,#5978,#5979,#5980,#5981,#5982,#5983,#5984,#5985,#5986,
#5987,#5988,#5989,#5990,#5991,#5992,#5993,#5994,#5995,#5996,#5997,#5998,
#5999,#6000,#6001,#6002,#6003,#6004,#6005,#6006,#6007,#6008,#6009,#6010,
#6011,#6012,#6013,#6014,#6015,#6016,#6017,#6018,#6019,#6020,#6021,#6022,
#6023,#6024,#6025,#6026,#6027,#6028,#6029,#6030,#6031),(#6032,#6033,#6034,
#6035,#6036,#6037,#6038,#6039,#6040,#6041,#6042,#6043,#6044,#6045,#6046,
#6047,#6048,#6049,#6050,#6051,#6052,#6053,#6054,#6055,#6056,#6057,#6058,
#6059,#6060,#6061,#6062,#6063,#6064,#6065,#6066,#6067,#6068,#6069,#6070,
#6071,#6072,#6073,#6074,#6075,#6076,#6077,#6078,#6079,#6080,#6081,#6082,
#6083,#6084,#6085,#6086,#6087,#6088,#6089,#6090,#6091,#6092,#6093,#6094,
#6095,#6096,#6097,#6098,#6099,#6100,#6101,#6102,#6103,#6104,#6105,#6106,
#6107,#6108,#6109,#6110,#6111,#6112,#6113,#6114,#6115,#6116,#6117,#6118,
#6119,#6120,#6121,#6122,#6123,#6124,#6125,#6126,#6127,#6128,#6129,#6130,
#6131,#6132,#6133,#6134,#6135,#6136,#6137,#6138,#6139,#6140,#6141,#6142,
#6143,#6144,#6145,#6146,#6147,#6148,#6149,#6150,#6151,#6152,#6153,#6154,
#6155,#6156,#6157,#6158,#6159,#6160,#6161,#6162,#6163,#6164,#6165,#6166,
#6167,#6168,#6169,#6170,#6171,#6172,#6173,#6174,#6175,#6176),(#6177,#6178,
#6179,#6180,#6181,#6182,#6183,#6184,#6185,#6186,#6187,#6188,#6189,#6190,
#6191,#6192,#6193,#6194,#6195,#6196,#6197,#6198,#6199,#6200,#6201,#6202,
#6203,#6204,#6205,#6206,#6207,#6208,#6209,#6210,#6211,#6212,#6213,#6214,
#6215,#6216,#6217,#6218,#6219,#6220,#6221,#6222,#6223,#6224,#6225,#6226,
#6227,#6228,#6229,#6230,#6231,#6232,#6233,#6234,#6235,#6236,#6237,#6238,
#6239,#6240,#6241,#6242,#6243,#6244,#6245,#6246,#6247,#6248,#6249,#6250,
#6251,#6252,#6253,#6254,#6255,#6256,#6257,#6258,#6259,#6260,#6261,#6262,
#6263,#6264,#6265,#6266,#6267,#6268,#6269,#6270,#6271,#6272,#6273,#6274,
#6275,#6276,#6277,#6278,#6279,#6280,#6281,#6282,#6283,#6284,#6285,#6286,
#6287,#6288,#6289,#6290,#6291,#6292,#6293,#6294,#6295,#6296,#6297,#6298,
#6299,#6300,#6301,#6302,#6303,#6304,#6305,#6306,#6307,#6308,#6309,#6310,
#6311,#6312,#6313,#6314,#6315,#6316,#6317,#6318,#6319,#6320,#6321)),
 .UNSPECIFIED.,.F.,.F.,.F.,(4,4),(4,1,1,1,1,1,1,1,1,1,1,1,1,1,1,1,1,1,1,
1,1,1,1,1,1,1,1,1,1,1,1,1,1,1,1,1,1,1,1,1,1,1,1,1,1,1,1,1,1,1,1,1,1,1,1,
1,1,1,1,1,1,1,1,1,1,1,1,1,1,1,1,1,1,1,1,1,1,1,1,1,1,1,1,1,1,1,1,1,1,1,1,
1,1,1,1,1,1,1,1,1,1,1,1,1,1,1,1,1,1,1,1,1,1,1,1,1,1,1,1,1,1,1,1,1,1,1,1,
1,1,1,1,1,1,1,1,1,1,1,1,1,1,1,4),(0.,0.0291273210806166),(11.8408508686654,
12.8384551699339,13.8360594712023,14.8336637724707,15.8312680737391,16.8288723750075,
17.826476676276,18.8240809775444,19.8216852788128,20.8192895800812,21.8168938813496,
22.8144981826181,23.8121024838865,24.8097067851549,25.8073110864233,26.8049153876917,
27.8025196889602,28.8001239902286,29.797728291497,30.7953325927654,31.7929368940338,
32.7905411953023,33.7881454965707,34.7857497978391,35.7833540991075,36.7809584003759,
37.7785627016444,38.7761670029128,39.7737713041812,40.7713756054496,41.768979906718,
42.7665842079865,43.7641885092549,44.7617928105233,45.7593971117917,46.7570014130601,
47.7546057143286,48.752210015597,49.7498143168654,50.7474186181338,51.7450229194022,
52.7426272206707,53.7402315219391,54.7378358232075,55.7354401244759,56.7330444257443,
57.7306487270128,58.7282530282812,59.7258573295496,60.723461630818,61.7210659320864,
62.7186702333549,63.7162745346233,64.7138788358917,65.7114831371601,66.7090874384285,
67.706691739697,68.7042960409654,69.7019003422338,70.6995046435022,71.6971089447706,
72.6947132460391,73.6923175473075,74.6899218485759,75.6875261498443,76.6851304511127,
77.6827347523812,78.6803390536496,79.677943354918,80.6755476561864,81.6731519574548,
82.6707562587232,83.6683605599917,84.6659648612601,85.6635691625285,86.6611734637969,
87.6587777650654,88.6563820663338,89.6539863676022,90.6515906688706,91.649194970139,
92.6467992714074,93.6444035726759,94.6420078739443,95.6396121752127,96.6372164764811,
97.6348207777495,98.632425079018,99.6300293802864,100.627633681555,101.625237982823,
102.622842284092,103.62044658536,104.618050886628,105.615655187897,106.613259489165,
107.610863790434,108.608468091702,109.606072392971,110.603676694239,111.601280995507,
112.598885296776,113.596489598044,114.594093899313,115.591698200581,116.58930250185,
117.586906803118,118.584511104386,119.582115405655,120.579719706923,121.577324008192,
122.57492830946,123.572532610728,124.570136911997,125.567741213265,126.565345514534,
127.562949815802,128.560554117071,129.558158418339,130.555762719607,131.553367020876,
132.550971322144,133.548575623413,134.546179924681,135.54378422595,136.541388527218,
137.538992828486,138.536597129755,139.534201431023,140.531805732292,141.52941003356,
142.527014334828,143.524618636097,144.522222937365,145.519827238634,146.517431539902,
147.515035841171,148.512640142439,149.510244443707,150.507848744976,151.505453046244,
152.503057347513,153.500661648781),.UNSPECIFIED.);
#30=B_SPLINE_SURFACE_WITH_KNOTS('',3,3,((#6505,#6506,#6507,#6508,#6509,
#6510,#6511,#6512,#6513,#6514,#6515,#6516,#6517,#6518,#6519,#6520,#6521,
#6522,#6523,#6524,#6525,#6526,#6527,#6528,#6529,#6530,#6531,#6532,#6533,
#6534,#6535,#6536,#6537,#6538,#6539,#6540,#6541,#6542,#6543,#6544,#6545,
#6546,#6547,#6548,#6549,#6550,#6551,#6552,#6553,#6554,#6555,#6556,#6557,
#6558,#6559,#6560,#6561,#6562,#6563,#6564,#6565,#6566,#6567,#6568,#6569,
#6570,#6571,#6572,#6573,#6574,#6575,#6576,#6577,#6578,#6579,#6580,#6581,
#6582,#6583,#6584,#6585,#6586,#6587,#6588,#6589,#6590,#6591,#6592,#6593,
#6594,#6595,#6596,#6597,#6598,#6599,#6600,#6601,#6602,#6603,#6604,#6605,
#6606,#6607,#6608,#6609,#6610,#6611,#6612,#6613,#6614,#6615,#6616,#6617,
#6618,#6619,#6620,#6621,#6622,#6623,#6624,#6625,#6626,#6627,#6628,#6629,
#6630,#6631,#6632,#6633,#6634,#6635,#6636,#6637,#6638,#6639,#6640,#6641,
#6642,#6643,#6644,#6645,#6646,#6647,#6648,#6649),(#6650,#6651,#6652,#6653,
#6654,#6655,#6656,#6657,#6658,#6659,#6660,#6661,#6662,#6663,#6664,#6665,
#6666,#6667,#6668,#6669,#6670,#6671,#6672,#6673,#6674,#6675,#6676,#6677,
#6678,#6679,#6680,#6681,#6682,#6683,#6684,#6685,#6686,#6687,#6688,#6689,
#6690,#6691,#6692,#6693,#6694,#6695,#6696,#6697,#6698,#6699,#6700,#6701,
#6702,#6703,#6704,#6705,#6706,#6707,#6708,#6709,#6710,#6711,#6712,#6713,
#6714,#6715,#6716,#6717,#6718,#6719,#6720,#6721,#6722,#6723,#6724,#6725,
#6726,#6727,#6728,#6729,#6730,#6731,#6732,#6733,#6734,#6735,#6736,#6737,
#6738,#6739,#6740,#6741,#6742,#6743,#6744,#6745,#6746,#6747,#6748,#6749,
#6750,#6751,#6752,#6753,#6754,#6755,#6756,#6757,#6758,#6759,#6760,#6761,
#6762,#6763,#6764,#6765,#6766,#6767,#6768,#6769,#6770,#6771,#6772,#6773,
#6774,#6775,#6776,#6777,#6778,#6779,#6780,#6781,#6782,#6783,#6784,#6785,
#6786,#6787,#6788,#6789,#6790,#6791,#6792,#6793,#6794),(#6795,#6796,#6797,
#6798,#6799,#6800,#6801,#6802,#6803,#6804,#6805,#6806,#6807,#6808,#6809,
#6810,#6811,#6812,#6813,#6814,#6815,#6816,#6817,#6818,#6819,#6820,#6821,
#6822,#6823,#6824,#6825,#6826,#6827,#6828,#6829,#6830,#6831,#6832,#6833,
#6834,#6835,#6836,#6837,#6838,#6839,#6840,#6841,#6842,#6843,#6844,#6845,
#6846,#6847,#6848,#6849,#6850,#6851,#6852,#6853,#6854,#6855,#6856,#6857,
#6858,#6859,#6860,#6861,#6862,#6863,#6864,#6865,#6866,#6867,#6868,#6869,
#6870,#6871,#6872,#6873,#6874,#6875,#6876,#6877,#6878,#6879,#6880,#6881,
#6882,#6883,#6884,#6885,#6886,#6887,#6888,#6889,#6890,#6891,#6892,#6893,
#6894,#6895,#6896,#6897,#6898,#6899,#6900,#6901,#6902,#6903,#6904,#6905,
#6906,#6907,#6908,#6909,#6910,#6911,#6912,#6913,#6914,#6915,#6916,#6917,
#6918,#6919,#6920,#6921,#6922,#6923,#6924,#6925,#6926,#6927,#6928,#6929,
#6930,#6931,#6932,#6933,#6934,#6935,#6936,#6937,#6938,#6939),(#6940,#6941,
#6942,#6943,#6944,#6945,#6946,#6947,#6948,#6949,#6950,#6951,#6952,#6953,
#6954,#6955,#6956,#6957,#6958,#6959,#6960,#6961,#6962,#6963,#6964,#6965,
#6966,#6967,#6968,#6969,#6970,#6971,#6972,#6973,#6974,#6975,#6976,#6977,
#6978,#6979,#6980,#6981,#6982,#6983,#6984,#6985,#6986,#6987,#6988,#6989,
#6990,#6991,#6992,#6993,#6994,#6995,#6996,#6997,#6998,#6999,#7000,#7001,
#7002,#7003,#7004,#7005,#7006,#7007,#7008,#7009,#7010,#7011,#7012,#7013,
#7014,#7015,#7016,#7017,#7018,#7019,#7020,#7021,#7022,#7023,#7024,#7025,
#7026,#7027,#7028,#7029,#7030,#7031,#7032,#7033,#7034,#7035,#7036,#7037,
#7038,#7039,#7040,#7041,#7042,#7043,#7044,#7045,#7046,#7047,#7048,#7049,
#7050,#7051,#7052,#7053,#7054,#7055,#7056,#7057,#7058,#7059,#7060,#7061,
#7062,#7063,#7064,#7065,#7066,#7067,#7068,#7069,#7070,#7071,#7072,#7073,
#7074,#7075,#7076,#7077,#7078,#7079,#7080,#7081,#7082,#7083,#7084)),
 .UNSPECIFIED.,.F.,.F.,.F.,(4,4),(4,1,1,1,1,1,1,1,1,1,1,1,1,1,1,1,1,1,1,
1,1,1,1,1,1,1,1,1,1,1,1,1,1,1,1,1,1,1,1,1,1,1,1,1,1,1,1,1,1,1,1,1,1,1,1,
1,1,1,1,1,1,1,1,1,1,1,1,1,1,1,1,1,1,1,1,1,1,1,1,1,1,1,1,1,1,1,1,1,1,1,1,
1,1,1,1,1,1,1,1,1,1,1,1,1,1,1,1,1,1,1,1,1,1,1,1,1,1,1,1,1,1,1,1,1,1,1,1,
1,1,1,1,1,1,1,1,1,1,1,1,1,1,1,4),(0.,0.0291273210806166),(14.4000123930734,
15.3976166943418,16.3952209956102,17.3928252968786,18.390429598147,19.3880338994155,
20.3856382006839,21.3832425019523,22.3808468032207,23.3784511044891,24.3760554057576,
25.373659707026,26.3712640082944,27.3688683095628,28.3664726108312,29.3640769120997,
30.3616812133681,31.3592855146365,32.3568898159049,33.3544941171733,34.3520984184418,
35.3497027197102,36.3473070209786,37.344911322247,38.3425156235154,39.3401199247839,
40.3377242260523,41.3353285273207,42.3329328285891,43.3305371298575,44.328141431126,
45.3257457323944,46.3233500336628,47.3209543349312,48.3185586361996,49.3161629374681,
50.3137672387365,51.3113715400049,52.3089758412733,53.3065801425417,54.3041844438102,
55.3017887450786,56.299393046347,57.2969973476154,58.2946016488838,59.2922059501523,
60.2898102514207,61.2874145526891,62.2850188539575,63.2826231552259,64.2802274564943,
65.2778317577628,66.2754360590312,67.2730403602996,68.270644661568,69.2682489628365,
70.2658532641049,71.2634575653733,72.2610618666417,73.2586661679101,74.2562704691785,
75.253874770447,76.2514790717154,77.2490833729838,78.2466876742522,79.2442919755206,
80.2418962767891,81.2395005780575,82.2371048793259,83.2347091805943,84.2323134818627,
85.2299177831312,86.2275220843996,87.225126385668,88.2227306869364,89.2203349882048,
90.2179392894733,91.2155435907417,92.2131478920101,93.2107521932785,94.2083564945469,
95.2059607958154,96.2035650970838,97.2011693983522,98.1987736996206,99.196378000889,
100.193982302157,101.191586603426,102.189190904694,103.186795205963,104.184399507231,
105.1820038085,106.179608109768,107.177212411036,108.174816712305,109.172421013573,
110.170025314842,111.16762961611,112.165233917378,113.162838218647,114.160442519915,
115.158046821184,116.155651122452,117.153255423721,118.150859724989,119.148464026257,
120.146068327526,121.143672628794,122.141276930063,123.138881231331,124.1364855326,
125.134089833868,126.131694135136,127.129298436405,128.126902737673,129.124507038942,
130.12211134021,131.119715641478,132.117319942747,133.114924244015,134.112528545284,
135.110132846552,136.107737147821,137.105341449089,138.102945750357,139.100550051626,
140.098154352894,141.095758654163,142.093362955431,143.0909672567,144.088571557968,
145.086175859236,146.083780160505,147.081384461773,148.078988763042,149.07659306431,
150.074197365578,151.071801666847,152.069405968115,153.067010269384,154.064614570652,
155.062218871921,156.059823173189),.UNSPECIFIED.);
#31=FACE_OUTER_BOUND('',#121,.T.);
#32=FACE_OUTER_BOUND('',#122,.T.);
#33=FACE_OUTER_BOUND('',#123,.T.);
#34=FACE_OUTER_BOUND('',#124,.T.);
#35=FACE_OUTER_BOUND('',#125,.T.);
#36=FACE_OUTER_BOUND('',#126,.T.);
#37=FACE_OUTER_BOUND('',#127,.T.);
#38=FACE_OUTER_BOUND('',#128,.T.);
#39=FACE_OUTER_BOUND('',#129,.T.);
#40=FACE_OUTER_BOUND('',#130,.T.);
#41=FACE_OUTER_BOUND('',#131,.T.);
#42=FACE_OUTER_BOUND('',#132,.T.);
#43=FACE_OUTER_BOUND('',#133,.T.);
#44=FACE_OUTER_BOUND('',#134,.T.);
#45=FACE_OUTER_BOUND('',#135,.T.);
#46=FACE_OUTER_BOUND('',#136,.T.);
#47=FACE_OUTER_BOUND('',#137,.T.);
#48=FACE_OUTER_BOUND('',#138,.T.);
#49=FACE_OUTER_BOUND('',#139,.T.);
#50=FACE_OUTER_BOUND('',#140,.T.);
#51=FACE_OUTER_BOUND('',#141,.T.);
#52=FACE_OUTER_BOUND('',#142,.T.);
#53=FACE_OUTER_BOUND('',#143,.T.);
#54=FACE_OUTER_BOUND('',#144,.T.);
#55=FACE_OUTER_BOUND('',#145,.T.);
#56=FACE_OUTER_BOUND('',#146,.T.);
#57=FACE_OUTER_BOUND('',#147,.T.);
#58=FACE_OUTER_BOUND('',#148,.T.);
#59=FACE_OUTER_BOUND('',#149,.T.);
#60=FACE_OUTER_BOUND('',#150,.T.);
#61=FACE_OUTER_BOUND('',#151,.T.);
#62=FACE_OUTER_BOUND('',#152,.T.);
#63=FACE_OUTER_BOUND('',#153,.T.);
#64=FACE_OUTER_BOUND('',#154,.T.);
#65=FACE_OUTER_BOUND('',#155,.T.);
#66=FACE_OUTER_BOUND('',#156,.T.);
#67=FACE_OUTER_BOUND('',#157,.T.);
#68=FACE_OUTER_BOUND('',#158,.T.);
#69=FACE_OUTER_BOUND('',#159,.T.);
#70=FACE_OUTER_BOUND('',#160,.T.);
#71=FACE_OUTER_BOUND('',#161,.T.);
#72=FACE_OUTER_BOUND('',#162,.T.);
#73=FACE_OUTER_BOUND('',#163,.T.);
#74=FACE_OUTER_BOUND('',#164,.T.);
#75=FACE_OUTER_BOUND('',#165,.T.);
#76=FACE_OUTER_BOUND('',#166,.T.);
#77=FACE_OUTER_BOUND('',#167,.T.);
#78=FACE_OUTER_BOUND('',#168,.T.);
#79=FACE_OUTER_BOUND('',#169,.T.);
#80=FACE_OUTER_BOUND('',#170,.T.);
#81=FACE_OUTER_BOUND('',#171,.T.);
#82=FACE_OUTER_BOUND('',#172,.T.);
#83=FACE_OUTER_BOUND('',#173,.T.);
#84=FACE_OUTER_BOUND('',#174,.T.);
#85=FACE_OUTER_BOUND('',#175,.T.);
#86=FACE_OUTER_BOUND('',#176,.T.);
#87=FACE_OUTER_BOUND('',#177,.T.);
#88=FACE_OUTER_BOUND('',#178,.T.);
#89=FACE_OUTER_BOUND('',#179,.T.);
#90=FACE_OUTER_BOUND('',#180,.T.);
#91=FACE_OUTER_BOUND('',#181,.T.);
#92=FACE_OUTER_BOUND('',#182,.T.);
#93=FACE_OUTER_BOUND('',#183,.T.);
#94=FACE_OUTER_BOUND('',#184,.T.);
#95=FACE_OUTER_BOUND('',#185,.T.);
#96=FACE_OUTER_BOUND('',#186,.T.);
#97=FACE_OUTER_BOUND('',#187,.T.);
#98=FACE_OUTER_BOUND('',#188,.T.);
#99=FACE_OUTER_BOUND('',#189,.T.);
#100=FACE_OUTER_BOUND('',#190,.T.);
#101=FACE_OUTER_BOUND('',#191,.T.);
#102=FACE_OUTER_BOUND('',#192,.T.);
#103=FACE_OUTER_BOUND('',#193,.T.);
#104=FACE_OUTER_BOUND('',#194,.T.);
#105=FACE_OUTER_BOUND('',#195,.T.);
#106=FACE_OUTER_BOUND('',#196,.T.);
#107=FACE_OUTER_BOUND('',#197,.T.);
#108=FACE_OUTER_BOUND('',#198,.T.);
#109=FACE_OUTER_BOUND('',#199,.T.);
#110=FACE_OUTER_BOUND('',#200,.T.);
#111=FACE_OUTER_BOUND('',#201,.T.);
#112=FACE_OUTER_BOUND('',#202,.T.);
#113=FACE_OUTER_BOUND('',#203,.T.);
#114=FACE_OUTER_BOUND('',#204,.T.);
#115=FACE_OUTER_BOUND('',#205,.T.);
#116=FACE_OUTER_BOUND('',#206,.T.);
#117=FACE_OUTER_BOUND('',#207,.T.);
#118=FACE_OUTER_BOUND('',#208,.T.);
#119=FACE_OUTER_BOUND('',#209,.T.);
#120=FACE_OUTER_BOUND('',#211,.T.);
#121=EDGE_LOOP('',(#991,#992,#993,#994));
#122=EDGE_LOOP('',(#995,#996,#997,#998));
#123=EDGE_LOOP('',(#999,#1000,#1001,#1002));
#124=EDGE_LOOP('',(#1003,#1004,#1005,#1006));
#125=EDGE_LOOP('',(#1007,#1008,#1009,#1010));
#126=EDGE_LOOP('',(#1011,#1012,#1013,#1014));
#127=EDGE_LOOP('',(#1015,#1016,#1017,#1018));
#128=EDGE_LOOP('',(#1019,#1020,#1021,#1022));
#129=EDGE_LOOP('',(#1023,#1024,#1025,#1026));
#130=EDGE_LOOP('',(#1027,#1028,#1029,#1030));
#131=EDGE_LOOP('',(#1031,#1032,#1033,#1034));
#132=EDGE_LOOP('',(#1035,#1036,#1037,#1038));
#133=EDGE_LOOP('',(#1039,#1040,#1041,#1042));
#134=EDGE_LOOP('',(#1043,#1044,#1045,#1046));
#135=EDGE_LOOP('',(#1047,#1048,#1049,#1050));
#136=EDGE_LOOP('',(#1051,#1052,#1053,#1054));
#137=EDGE_LOOP('',(#1055,#1056,#1057,#1058));
#138=EDGE_LOOP('',(#1059,#1060,#1061,#1062));
#139=EDGE_LOOP('',(#1063,#1064,#1065,#1066));
#140=EDGE_LOOP('',(#1067,#1068,#1069,#1070));
#141=EDGE_LOOP('',(#1071,#1072,#1073,#1074));
#142=EDGE_LOOP('',(#1075,#1076,#1077,#1078));
#143=EDGE_LOOP('',(#1079,#1080,#1081));
#144=EDGE_LOOP('',(#1082,#1083,#1084,#1085,#1086));
#145=EDGE_LOOP('',(#1087,#1088,#1089,#1090));
#146=EDGE_LOOP('',(#1091,#1092,#1093,#1094));
#147=EDGE_LOOP('',(#1095,#1096,#1097,#1098));
#148=EDGE_LOOP('',(#1099,#1100,#1101,#1102));
#149=EDGE_LOOP('',(#1103,#1104,#1105,#1106));
#150=EDGE_LOOP('',(#1107,#1108,#1109,#1110));
#151=EDGE_LOOP('',(#1111,#1112,#1113,#1114));
#152=EDGE_LOOP('',(#1115,#1116,#1117,#1118));
#153=EDGE_LOOP('',(#1119,#1120,#1121,#1122));
#154=EDGE_LOOP('',(#1123,#1124,#1125,#1126));
#155=EDGE_LOOP('',(#1127,#1128,#1129,#1130));
#156=EDGE_LOOP('',(#1131,#1132,#1133,#1134));
#157=EDGE_LOOP('',(#1135,#1136,#1137,#1138));
#158=EDGE_LOOP('',(#1139,#1140,#1141,#1142));
#159=EDGE_LOOP('',(#1143,#1144,#1145,#1146));
#160=EDGE_LOOP('',(#1147,#1148,#1149,#1150));
#161=EDGE_LOOP('',(#1151,#1152,#1153,#1154));
#162=EDGE_LOOP('',(#1155,#1156,#1157,#1158));
#163=EDGE_LOOP('',(#1159,#1160,#1161,#1162));
#164=EDGE_LOOP('',(#1163,#1164,#1165,#1166));
#165=EDGE_LOOP('',(#1167,#1168,#1169,#1170));
#166=EDGE_LOOP('',(#1171,#1172,#1173,#1174));
#167=EDGE_LOOP('',(#1175,#1176,#1177,#1178));
#168=EDGE_LOOP('',(#1179,#1180,#1181,#1182));
#169=EDGE_LOOP('',(#1183,#1184,#1185,#1186));
#170=EDGE_LOOP('',(#1187,#1188,#1189,#1190));
#171=EDGE_LOOP('',(#1191,#1192,#1193,#1194));
#172=EDGE_LOOP('',(#1195,#1196,#1197,#1198));
#173=EDGE_LOOP('',(#1199,#1200,#1201,#1202));
#174=EDGE_LOOP('',(#1203,#1204,#1205,#1206));
#175=EDGE_LOOP('',(#1207,#1208,#1209,#1210));
#176=EDGE_LOOP('',(#1211,#1212,#1213,#1214));
#177=EDGE_LOOP('',(#1215,#1216,#1217,#1218));
#178=EDGE_LOOP('',(#1219,#1220,#1221,#1222));
#179=EDGE_LOOP('',(#1223,#1224,#1225,#1226));
#180=EDGE_LOOP('',(#1227,#1228,#1229,#1230));
#181=EDGE_LOOP('',(#1231,#1232,#1233,#1234));
#182=EDGE_LOOP('',(#1235,#1236,#1237,#1238));
#183=EDGE_LOOP('',(#1239,#1240,#1241,#1242));
#184=EDGE_LOOP('',(#1243,#1244,#1245,#1246));
#185=EDGE_LOOP('',(#1247,#1248,#1249,#1250));
#186=EDGE_LOOP('',(#1251,#1252,#1253,#1254));
#187=EDGE_LOOP('',(#1255,#1256,#1257,#1258));
#188=EDGE_LOOP('',(#1259,#1260,#1261,#1262));
#189=EDGE_LOOP('',(#1263,#1264,#1265,#1266));
#190=EDGE_LOOP('',(#1267,#1268,#1269,#1270));
#191=EDGE_LOOP('',(#1271,#1272,#1273,#1274));
#192=EDGE_LOOP('',(#1275,#1276,#1277,#1278));
#193=EDGE_LOOP('',(#1279,#1280,#1281,#1282,#1283,#1284,#1285,#1286,#1287,
#1288,#1289,#1290,#1291,#1292,#1293,#1294,#1295,#1296,#1297,#1298,#1299,
#1300,#1301,#1302,#1303,#1304,#1305,#1306,#1307,#1308,#1309));
#194=EDGE_LOOP('',(#1310,#1311,#1312,#1313));
#195=EDGE_LOOP('',(#1314,#1315,#1316,#1317,#1318,#1319,#1320,#1321,#1322,
#1323,#1324,#1325,#1326,#1327,#1328,#1329,#1330,#1331,#1332,#1333,#1334,
#1335,#1336,#1337,#1338,#1339,#1340,#1341,#1342,#1343,#1344));
#196=EDGE_LOOP('',(#1345,#1346,#1347,#1348));
#197=EDGE_LOOP('',(#1349,#1350,#1351,#1352));
#198=EDGE_LOOP('',(#1353,#1354,#1355,#1356,#1357,#1358,#1359,#1360,#1361,
#1362,#1363,#1364,#1365,#1366,#1367,#1368,#1369,#1370,#1371,#1372,#1373,
#1374,#1375,#1376,#1377,#1378,#1379,#1380,#1381,#1382,#1383,#1384,#1385,
#1386,#1387,#1388,#1389,#1390,#1391,#1392,#1393,#1394,#1395,#1396,#1397,
#1398,#1399,#1400));
#199=EDGE_LOOP('',(#1401,#1402,#1403,#1404,#1405,#1406,#1407,#1408,#1409,
#1410,#1411,#1412,#1413,#1414,#1415,#1416,#1417,#1418,#1419,#1420,#1421,
#1422,#1423,#1424,#1425,#1426,#1427,#1428,#1429,#1430,#1431,#1432,#1433,
#1434,#1435,#1436,#1437,#1438,#1439,#1440,#1441,#1442,#1443,#1444,#1445,
#1446,#1447,#1448,#1449));
#200=EDGE_LOOP('',(#1450,#1451,#1452,#1453));
#201=EDGE_LOOP('',(#1454,#1455,#1456,#1457));
#202=EDGE_LOOP('',(#1458,#1459,#1460,#1461,#1462));
#203=EDGE_LOOP('',(#1463,#1464,#1465,#1466));
#204=EDGE_LOOP('',(#1467,#1468,#1469,#1470));
#205=EDGE_LOOP('',(#1471,#1472,#1473,#1474));
#206=EDGE_LOOP('',(#1475,#1476,#1477,#1478));
#207=EDGE_LOOP('',(#1479,#1480,#1481,#1482));
#208=EDGE_LOOP('',(#1483,#1484,#1485,#1486));
#209=EDGE_LOOP('',(#1487,#1488,#1489,#1490,#1491,#1492));
#210=EDGE_LOOP('',(#1493,#1494,#1495,#1496));
#211=EDGE_LOOP('',(#1497,#1498,#1499,#1500,#1501,#1502));
#212=EDGE_LOOP('',(#1503,#1504,#1505,#1506));
#213=CIRCLE('',#1688,1.03775);
#214=CIRCLE('',#1710,1.03775);
#215=CIRCLE('',#1712,1.29);
#216=CIRCLE('',#1714,1.29);
#217=CIRCLE('',#1736,1.29);
#218=CIRCLE('',#1738,1.215);
#219=CIRCLE('',#1753,0.95825);
#220=CIRCLE('',#1767,0.95825);
#221=CIRCLE('',#1769,1.215);
#222=B_SPLINE_CURVE_WITH_KNOTS('',3,(#2070,#2071,#2072,#2073,#2074,#2075,
#2076,#2077,#2078,#2079),.UNSPECIFIED.,.F.,.F.,(4,3,3,4),(139.538027632826,
139.664602177579,140.662206478847,141.659810780116),.UNSPECIFIED.);
#223=B_SPLINE_CURVE_WITH_KNOTS('',3,(#2082,#2083,#2084,#2085,#2086,#2087,
#2088,#2089,#2090,#2091,#2092,#2093,#2094),.UNSPECIFIED.,.F.,.F.,(4,3,3,
3,4),(-139.626340159546,-138.66699787631,-137.669393575042,-136.671789273774,
-135.814003850055),.UNSPECIFIED.);
#224=B_SPLINE_CURVE_WITH_KNOTS('',3,(#2099,#2100,#2101,#2102,#2103,#2104,
#2105,#2106,#2107,#2108,#2109,#2110,#2111,#2112,#2113,#2114,#2115,#2116,
#2117,#2118,#2119,#2120),.UNSPECIFIED.,.F.,.F.,(4,3,3,3,3,3,3,4),(133.254842325647,
133.678976369968,134.676580671237,135.674184972505,136.671789273773,137.669393575042,
138.66699787631,139.538027632826),.UNSPECIFIED.);
#225=B_SPLINE_CURVE_WITH_KNOTS('',3,(#2121,#2122,#2123,#2124,#2125,#2126,
#2127,#2128,#2129,#2130,#2131,#2132,#2133,#2134,#2135,#2136,#2137,#2138,
#2139,#2140,#2141,#2142,#2143,#2144,#2145),.UNSPECIFIED.,.F.,.F.,(4,3,3,
3,3,3,3,3,4),(-135.814003850055,-135.674184972505,-134.676580671237,-133.678976369968,
-132.6813720687,-131.683767767431,-130.686163466163,-129.688559164895,-129.530818542875),
 .UNSPECIFIED.);
#226=B_SPLINE_CURVE_WITH_KNOTS('',3,(#2150,#2151,#2152,#2153,#2154,#2155,
#2156,#2157,#2158,#2159,#2160,#2161,#2162,#2163,#2164,#2165,#2166,#2167,
#2168,#2169,#2170,#2171),.UNSPECIFIED.,.F.,.F.,(4,3,3,3,3,3,3,4),(126.971657018467,
127.693350562358,128.690954863626,129.688559164895,130.686163466163,131.683767767431,
132.6813720687,133.254842325647),.UNSPECIFIED.);
#227=B_SPLINE_CURVE_WITH_KNOTS('',3,(#2172,#2173,#2174,#2175,#2176,#2177,
#2178,#2179,#2180,#2181,#2182,#2183,#2184,#2185,#2186,#2187,#2188,#2189,
#2190,#2191,#2192,#2193),.UNSPECIFIED.,.F.,.F.,(4,3,3,3,3,3,3,4),(-129.530818542875,
-128.690954863626,-127.693350562358,-126.695746261089,-125.698141959821,
-124.700537658552,-123.702933357284,-123.247633235696),.UNSPECIFIED.);
#228=B_SPLINE_CURVE_WITH_KNOTS('',3,(#2198,#2199,#2200,#2201,#2202,#2203,
#2204,#2205,#2206,#2207,#2208,#2209,#2210,#2211,#2212,#2213,#2214,#2215,
#2216,#2217,#2218,#2219,#2220,#2221,#2222),.UNSPECIFIED.,.F.,.F.,(4,3,3,
3,3,3,3,3,4),(120.688471711288,120.710120453479,121.707724754747,122.705329056016,
123.702933357284,124.700537658552,125.698141959821,126.695746261089,126.971657018467),
 .UNSPECIFIED.);
#229=B_SPLINE_CURVE_WITH_KNOTS('',3,(#2223,#2224,#2225,#2226,#2227,#2228,
#2229,#2230,#2231,#2232,#2233,#2234,#2235,#2236,#2237,#2238,#2239,#2240,
#2241,#2242,#2243,#2244),.UNSPECIFIED.,.F.,.F.,(4,3,3,3,3,3,3,4),(-123.247633235696,
-122.705329056016,-121.707724754747,-120.710120453479,-119.71251615221,
-118.714911850942,-117.717307549674,-116.964447928516),.UNSPECIFIED.);
#230=B_SPLINE_CURVE_WITH_KNOTS('',3,(#2249,#2250,#2251,#2252,#2253,#2254,
#2255,#2256,#2257,#2258,#2259,#2260,#2261,#2262,#2263,#2264,#2265,#2266,
#2267,#2268,#2269,#2270),.UNSPECIFIED.,.F.,.F.,(4,3,3,3,3,3,3,4),(114.405286404108,
114.724494645868,115.722098947137,116.719703248405,117.717307549674,118.714911850942,
119.71251615221,120.688471711288),.UNSPECIFIED.);
#231=B_SPLINE_CURVE_WITH_KNOTS('',3,(#2271,#2272,#2273,#2274,#2275,#2276,
#2277,#2278,#2279,#2280,#2281,#2282,#2283,#2284,#2285,#2286,#2287,#2288,
#2289,#2290,#2291,#2292,#2293,#2294,#2295),.UNSPECIFIED.,.F.,.F.,(4,3,3,
3,3,3,3,3,4),(-116.964447928516,-116.719703248405,-115.722098947137,-114.724494645868,
-113.7268903446,-112.729286043331,-111.731681742063,-110.734077440795,-110.681262621337),
 .UNSPECIFIED.);
#232=B_SPLINE_CURVE_WITH_KNOTS('',3,(#2300,#2301,#2302,#2303,#2304,#2305,
#2306,#2307,#2308,#2309,#2310,#2311,#2312,#2313,#2314,#2315,#2316,#2317,
#2318,#2319,#2320,#2321),.UNSPECIFIED.,.F.,.F.,(4,3,3,3,3,3,3,4),(108.122101096929,
108.738868838258,109.736473139526,110.734077440795,111.731681742063,112.729286043331,
113.7268903446,114.405286404108),.UNSPECIFIED.);
#233=B_SPLINE_CURVE_WITH_KNOTS('',3,(#2322,#2323,#2324,#2325,#2326,#2327,
#2328,#2329,#2330,#2331,#2332,#2333,#2334,#2335,#2336,#2337,#2338,#2339,
#2340,#2341,#2342,#2343),.UNSPECIFIED.,.F.,.F.,(4,3,3,3,3,3,3,4),(-110.681262621337,
-109.736473139526,-108.738868838258,-107.741264536989,-106.743660235721,
-105.746055934452,-104.748451633184,-104.398077314157),.UNSPECIFIED.);
#234=B_SPLINE_CURVE_WITH_KNOTS('',3,(#2348,#2349,#2350,#2351,#2352,#2353,
#2354,#2355,#2356,#2357,#2358,#2359,#2360,#2361,#2362,#2363,#2364,#2365,
#2366,#2367,#2368,#2369),.UNSPECIFIED.,.F.,.F.,(4,3,3,3,3,3,3,4),(101.838915789749,
102.753243030647,103.750847331916,104.748451633184,105.746055934452,106.743660235721,
107.741264536989,108.122101096929),.UNSPECIFIED.);
#235=B_SPLINE_CURVE_WITH_KNOTS('',3,(#2370,#2371,#2372,#2373,#2374,#2375,
#2376,#2377,#2378,#2379,#2380,#2381,#2382,#2383,#2384,#2385,#2386,#2387,
#2388,#2389,#2390,#2391),.UNSPECIFIED.,.F.,.F.,(4,3,3,3,3,3,3,4),(-104.398077314157,
-103.750847331916,-102.753243030647,-101.755638729379,-100.75803442811,
-99.760430126842,-98.7628258255736,-98.1148920069774),.UNSPECIFIED.);
#236=B_SPLINE_CURVE_WITH_KNOTS('',3,(#2396,#2397,#2398,#2399,#2400,#2401,
#2402,#2403,#2404,#2405,#2406,#2407,#2408,#2409,#2410,#2411,#2412,#2413,
#2414,#2415,#2416,#2417,#2418,#2419,#2420),.UNSPECIFIED.,.F.,.F.,(4,3,3,
3,3,3,3,3,4),(95.5557304825693,95.7700129217683,96.7676172230367,97.7652215243051,
98.7628258255735,99.760430126842,100.75803442811,101.755638729379,101.838915789749),
 .UNSPECIFIED.);
#237=B_SPLINE_CURVE_WITH_KNOTS('',3,(#2421,#2422,#2423,#2424,#2425,#2426,
#2427,#2428,#2429,#2430,#2431,#2432,#2433,#2434,#2435,#2436,#2437,#2438,
#2439,#2440,#2441,#2442),.UNSPECIFIED.,.F.,.F.,(4,3,3,3,3,3,3,4),(-98.1148920069774,
-97.7652215243051,-96.7676172230367,-95.7700129217683,-94.7724086204999,
-93.7748043192314,-92.777200017963,-91.8317066997978),.UNSPECIFIED.);
#238=B_SPLINE_CURVE_WITH_KNOTS('',3,(#2447,#2448,#2449,#2450,#2451,#2452,
#2453,#2454,#2455,#2456,#2457,#2458,#2459,#2460,#2461,#2462,#2463,#2464,
#2465,#2466,#2467,#2468),.UNSPECIFIED.,.F.,.F.,(4,3,3,3,3,3,3,4),(89.2725451753897,
89.7843871141578,90.7819914154262,91.7795957166946,92.777200017963,93.7748043192314,
94.7724086204999,95.5557304825693),.UNSPECIFIED.);
#239=B_SPLINE_CURVE_WITH_KNOTS('',3,(#2469,#2470,#2471,#2472,#2473,#2474,
#2475,#2476,#2477,#2478,#2479,#2480,#2481,#2482,#2483,#2484,#2485,#2486,
#2487,#2488,#2489,#2490,#2491,#2492,#2493),.UNSPECIFIED.,.F.,.F.,(4,3,3,
3,3,3,3,3,4),(-91.8317066997978,-91.7795957166946,-90.7819914154262,-89.7843871141578,
-88.7867828128894,-87.7891785116209,-86.7915742103525,-85.7939699090841,
-85.5485213926182),.UNSPECIFIED.);
#240=B_SPLINE_CURVE_WITH_KNOTS('',3,(#2498,#2499,#2500,#2501,#2502,#2503,
#2504,#2505,#2506,#2507,#2508,#2509,#2510,#2511,#2512,#2513,#2514,#2515,
#2516,#2517,#2518,#2519),.UNSPECIFIED.,.F.,.F.,(4,3,3,3,3,3,3,4),(82.9893598682102,
83.7987613065473,84.7963656078157,85.7939699090841,86.7915742103525,87.7891785116209,
88.7867828128893,89.2725451753897),.UNSPECIFIED.);
#241=B_SPLINE_CURVE_WITH_KNOTS('',3,(#2520,#2521,#2522,#2523,#2524,#2525,
#2526,#2527,#2528,#2529,#2530,#2531,#2532,#2533,#2534,#2535,#2536,#2537,
#2538,#2539,#2540,#2541),.UNSPECIFIED.,.F.,.F.,(4,3,3,3,3,3,3,4),(-85.5485213926182,
-84.7963656078157,-83.7987613065473,-82.8011570052788,-81.8035527040104,
-80.805948402742,-79.8083441014736,-79.2653360854386),.UNSPECIFIED.);
#242=B_SPLINE_CURVE_WITH_KNOTS('',3,(#2546,#2547,#2548,#2549,#2550,#2551,
#2552,#2553,#2554,#2555,#2556,#2557,#2558,#2559,#2560,#2561,#2562,#2563,
#2564,#2565,#2566,#2567,#2568,#2569,#2570),.UNSPECIFIED.,.F.,.F.,(4,3,3,
3,3,3,3,3,4),(76.7061745610306,76.8155311976683,77.8131354989367,78.8107398002052,
79.8083441014736,80.805948402742,81.8035527040104,82.8011570052788,82.9893598682102),
 .UNSPECIFIED.);
#243=B_SPLINE_CURVE_WITH_KNOTS('',3,(#2571,#2572,#2573,#2574,#2575,#2576,
#2577,#2578,#2579,#2580,#2581,#2582,#2583,#2584,#2585,#2586,#2587,#2588,
#2589,#2590,#2591,#2592),.UNSPECIFIED.,.F.,.F.,(4,3,3,3,3,3,3,4),(-79.2653360854386,
-78.8107398002052,-77.8131354989367,-76.8155311976683,-75.8179268963999,
-74.8203225951315,-73.8227182938631,-72.982150778259),.UNSPECIFIED.);
#244=B_SPLINE_CURVE_WITH_KNOTS('',3,(#2597,#2598,#2599,#2600,#2601,#2602,
#2603,#2604,#2605,#2606,#2607,#2608,#2609,#2610,#2611,#2612,#2613,#2614,
#2615,#2616,#2617,#2618),.UNSPECIFIED.,.F.,.F.,(4,3,3,3,3,3,3,4),(70.422989253851,
70.8299053900578,71.8275096913262,72.8251139925946,73.822718293863,74.8203225951315,
75.8179268963999,76.7061745610306),.UNSPECIFIED.);
#245=B_SPLINE_CURVE_WITH_KNOTS('',3,(#2619,#2620,#2621,#2622,#2623,#2624,
#2625,#2626,#2627,#2628,#2629,#2630,#2631,#2632,#2633,#2634,#2635,#2636,
#2637,#2638,#2639,#2640,#2641,#2642,#2643),.UNSPECIFIED.,.F.,.F.,(4,3,3,
3,3,3,3,3,4),(-72.982150778259,-72.8251139925947,-71.8275096913262,-70.8299053900578,
-69.8323010887894,-68.834696787521,-67.8370924862525,-66.8394881849841,
-66.6989654710794),.UNSPECIFIED.);
#246=B_SPLINE_CURVE_WITH_KNOTS('',3,(#2648,#2649,#2650,#2651,#2652,#2653,
#2654,#2655,#2656,#2657,#2658,#2659,#2660,#2661,#2662,#2663,#2664,#2665,
#2666,#2667,#2668,#2669),.UNSPECIFIED.,.F.,.F.,(4,3,3,3,3,3,3,4),(64.1398039466714,
64.8442795824473,65.8418838837157,66.8394881849841,67.8370924862525,68.834696787521,
69.8323010887894,70.422989253851),.UNSPECIFIED.);
#247=B_SPLINE_CURVE_WITH_KNOTS('',3,(#2670,#2671,#2672,#2673,#2674,#2675,
#2676,#2677,#2678,#2679,#2680,#2681,#2682,#2683,#2684,#2685,#2686,#2687,
#2688,#2689,#2690,#2691),.UNSPECIFIED.,.F.,.F.,(4,3,3,3,3,3,3,4),(-66.6989654710794,
-65.8418838837157,-64.8442795824473,-63.8466752811789,-62.8490709799104,
-61.851466678642,-60.8538623773736,-60.4157801638998),.UNSPECIFIED.);
#248=B_SPLINE_CURVE_WITH_KNOTS('',3,(#2696,#2697,#2698,#2699,#2700,#2701,
#2702,#2703,#2704,#2705,#2706,#2707,#2708,#2709,#2710,#2711,#2712,#2713,
#2714,#2715,#2716,#2717,#2718,#2719,#2720),.UNSPECIFIED.,.F.,.F.,(4,3,3,
3,3,3,3,3,4),(57.8566186394918,57.8610494735684,58.8586537748368,59.8562580761052,
60.8538623773736,61.851466678642,62.8490709799104,63.8466752811788,64.1398039466714),
 .UNSPECIFIED.);
#249=B_SPLINE_CURVE_WITH_KNOTS('',3,(#2721,#2722,#2723,#2724,#2725,#2726,
#2727,#2728,#2729,#2730,#2731,#2732,#2733,#2734,#2735,#2736,#2737,#2738,
#2739,#2740,#2741,#2742),.UNSPECIFIED.,.F.,.F.,(4,3,3,3,3,3,3,4),(-60.4157801638998,
-59.8562580761052,-58.8586537748368,-57.8610494735684,-56.8634451722999,
-55.8658408710315,-54.8682365697631,-54.1325948567202),.UNSPECIFIED.);
#250=B_SPLINE_CURVE_WITH_KNOTS('',3,(#2747,#2748,#2749,#2750,#2751,#2752,
#2753,#2754,#2755,#2756,#2757,#2758,#2759,#2760,#2761,#2762,#2763,#2764,
#2765,#2766,#2767,#2768),.UNSPECIFIED.,.F.,.F.,(4,3,3,3,3,3,3,4),(51.5734333323122,
51.8754236659578,52.8730279672262,53.8706322684947,54.8682365697631,55.8658408710315,
56.8634451722999,57.8566186394918),.UNSPECIFIED.);
#251=B_SPLINE_CURVE_WITH_KNOTS('',3,(#2769,#2770,#2771,#2772,#2773,#2774,
#2775,#2776,#2777,#2778,#2779,#2780,#2781,#2782,#2783,#2784,#2785,#2786,
#2787,#2788,#2789,#2790,#2791,#2792,#2793),.UNSPECIFIED.,.F.,.F.,(4,3,3,
3,3,3,3,3,4),(-54.1325948567202,-53.8706322684947,-52.8730279672262,-51.8754236659578,
-50.8778193646894,-49.880215063421,-48.8826107621526,-47.8850064608842,
-47.8494095495406),.UNSPECIFIED.);
#252=B_SPLINE_CURVE_WITH_KNOTS('',3,(#2798,#2799,#2800,#2801,#2802,#2803,
#2804,#2805,#2806,#2807,#2808,#2809,#2810,#2811,#2812,#2813,#2814,#2815,
#2816,#2817,#2818,#2819),.UNSPECIFIED.,.F.,.F.,(4,3,3,3,3,3,3,4),(45.2902480251326,
45.8897978583473,46.8874021596157,47.8850064608841,48.8826107621526,49.880215063421,
50.8778193646894,51.5734333323122),.UNSPECIFIED.);
#253=B_SPLINE_CURVE_WITH_KNOTS('',3,(#2820,#2821,#2822,#2823,#2824,#2825,
#2826,#2827,#2828,#2829,#2830,#2831,#2832,#2833,#2834,#2835,#2836,#2837,
#2838,#2839,#2840,#2841),.UNSPECIFIED.,.F.,.F.,(4,3,3,3,3,3,3,4),(-47.8494095495406,
-46.8874021596157,-45.8897978583473,-44.8921935570789,-43.8945892558105,
-42.8969849545421,-41.8993806532736,-41.566224242361),.UNSPECIFIED.);
#254=B_SPLINE_CURVE_WITH_KNOTS('',3,(#2846,#2847,#2848,#2849,#2850,#2851,
#2852,#2853,#2854,#2855,#2856,#2857,#2858,#2859,#2860,#2861,#2862,#2863,
#2864,#2865,#2866,#2867),.UNSPECIFIED.,.F.,.F.,(4,3,3,3,3,3,3,4),(39.007062717953,
39.9041720507368,40.9017763520052,41.8993806532736,42.896984954542,43.8945892558105,
44.8921935570789,45.2902480251326),.UNSPECIFIED.);
#255=B_SPLINE_CURVE_WITH_KNOTS('',3,(#2868,#2869,#2870,#2871,#2872,#2873,
#2874,#2875,#2876,#2877,#2878,#2879,#2880,#2881,#2882,#2883,#2884,#2885,
#2886,#2887,#2888,#2889),.UNSPECIFIED.,.F.,.F.,(4,3,3,3,3,3,3,4),(-41.566224242361,
-40.9017763520052,-39.9041720507368,-38.9065677494684,-37.9089634482,-36.9113591469315,
-35.9137548456631,-35.2830389351814),.UNSPECIFIED.);
#256=B_SPLINE_CURVE_WITH_KNOTS('',3,(#2894,#2895,#2896,#2897,#2898,#2899,
#2900,#2901,#2902,#2903,#2904,#2905,#2906,#2907,#2908,#2909,#2910,#2911,
#2912,#2913,#2914,#2915,#2916,#2917,#2918),.UNSPECIFIED.,.F.,.F.,(4,3,3,
3,3,3,3,3,4),(32.7238774107734,32.9209419418578,33.9185462431263,34.9161505443947,
35.9137548456631,36.9113591469315,37.9089634481999,38.9065677494684,39.007062717953),
 .UNSPECIFIED.);
#257=B_SPLINE_CURVE_WITH_KNOTS('',3,(#2919,#2920,#2921,#2922,#2923,#2924,
#2925,#2926,#2927,#2928,#2929,#2930,#2931,#2932,#2933,#2934,#2935,#2936,
#2937,#2938,#2939,#2940),.UNSPECIFIED.,.F.,.F.,(4,3,3,3,3,3,3,4),(-35.2830389351814,
-34.9161505443947,-33.9185462431263,-32.9209419418579,-31.9233376405894,
-30.925733339321,-29.9281290380526,-28.9998536280018),.UNSPECIFIED.);
#258=B_SPLINE_CURVE_WITH_KNOTS('',3,(#2945,#2946,#2947,#2948,#2949,#2950,
#2951,#2952,#2953,#2954,#2955,#2956,#2957,#2958,#2959,#2960,#2961,#2962,
#2963,#2964,#2965,#2966),.UNSPECIFIED.,.F.,.F.,(4,3,3,3,3,3,3,4),(26.4406921035938,
26.9353161342473,27.9329204355157,28.9305247367842,29.9281290380526,30.925733339321,
31.9233376405894,32.7238774107734),.UNSPECIFIED.);
#259=B_SPLINE_CURVE_WITH_KNOTS('',3,(#2967,#2968,#2969,#2970,#2971,#2972,
#2973,#2974,#2975,#2976,#2977,#2978,#2979,#2980,#2981,#2982,#2983,#2984,
#2985,#2986,#2987,#2988,#2989,#2990,#2991),.UNSPECIFIED.,.F.,.F.,(4,3,3,
3,3,3,3,3,4),(-28.9998536280018,-28.9305247367842,-27.9329204355158,-26.9353161342473,
-25.9377118329789,-24.9401075317105,-23.9425032304421,-22.9448989291737,
-22.7166683208222),.UNSPECIFIED.);
#260=B_SPLINE_CURVE_WITH_KNOTS('',3,(#2996,#2997,#2998,#2999,#3000,#3001,
#3002,#3003,#3004,#3005,#3006,#3007,#3008,#3009,#3010,#3011,#3012,#3013,
#3014,#3015,#3016,#3017),.UNSPECIFIED.,.F.,.F.,(4,3,3,3,3,3,3,4),(20.1575067964142,
20.9496903266368,21.9472946279052,22.9448989291737,23.9425032304421,24.9401075317105,
25.9377118329789,26.4406921035938),.UNSPECIFIED.);
#261=B_SPLINE_CURVE_WITH_KNOTS('',3,(#3018,#3019,#3020,#3021,#3022,#3023,
#3024,#3025,#3026,#3027,#3028,#3029,#3030,#3031,#3032,#3033,#3034,#3035,
#3036,#3037,#3038,#3039),.UNSPECIFIED.,.F.,.F.,(4,3,3,3,3,3,3,4),(-22.7166683208222,
-21.9472946279052,-20.9496903266368,-19.9520860253684,-18.9544817241,-17.9568774228316,
-16.9592731215631,-16.4334830136427),.UNSPECIFIED.);
#262=B_SPLINE_CURVE_WITH_KNOTS('',3,(#3044,#3045,#3046,#3047,#3048,#3049,
#3050,#3051,#3052,#3053,#3054,#3055,#3056,#3057,#3058,#3059,#3060,#3061,
#3062,#3063,#3064,#3065,#3066,#3067,#3068),.UNSPECIFIED.,.F.,.F.,(4,3,3,
3,3,3,3,3,4),(13.8743214892346,13.9664602177579,14.9640645190263,15.9616688202947,
16.9592731215631,17.9568774228316,18.9544817241,19.9520860253684,20.1575067964142),
 .UNSPECIFIED.);
#263=B_SPLINE_CURVE_WITH_KNOTS('',3,(#3069,#3070,#3071,#3072,#3073,#3074,
#3075,#3076,#3077,#3078,#3079,#3080,#3081,#3082,#3083,#3084,#3085,#3086,
#3087,#3088,#3089,#3090),.UNSPECIFIED.,.F.,.F.,(4,3,3,3,3,3,3,4),(-16.4334830136427,
-15.9616688202947,-14.9640645190263,-13.9664602177579,-12.9688559164895,
-11.971251615221,-10.9736473139526,-10.1502977064631),.UNSPECIFIED.);
#264=B_SPLINE_CURVE_WITH_KNOTS('',3,(#3096,#3097,#3098,#3099,#3100,#3101,
#3102,#3103,#3104,#3105,#3106,#3107,#3108),.UNSPECIFIED.,.F.,.F.,(4,3,3,
3,4),(-3.86711239928349,-2.99281290380526,-1.99520860253684,-0.997604301268419,
0.),.UNSPECIFIED.);
#265=B_SPLINE_CURVE_WITH_KNOTS('',3,(#3111,#3112,#3113,#3114,#3115,#3116,
#3117,#3118,#3119,#3120,#3121,#3122,#3123,#3124,#3125,#3126,#3127,#3128,
#3129),.UNSPECIFIED.,.F.,.F.,(4,3,3,3,3,3,4),(2.03347062056925,2.99281290380526,
3.99041720507368,4.9880215063421,5.98562580761052,6.98323010887894,7.59113618205505),
 .UNSPECIFIED.);
#266=B_SPLINE_CURVE_WITH_KNOTS('',3,(#3136,#3137,#3138,#3139),
 .UNSPECIFIED.,.F.,.F.,(4,4),(153.9380400259,154.02635255262),
 .UNSPECIFIED.);
#267=B_SPLINE_CURVE_WITH_KNOTS('',3,(#3145,#3146,#3147,#3148,#3149,#3150,
#3151,#3152,#3153),.UNSPECIFIED.,.F.,.F.,(4,1,1,1,1,1,4),(147.65485471872,
148.512640142439,149.510244443707,150.507848744976,151.505453046244,152.503057347513,
153.500661648781),.UNSPECIFIED.);
#268=B_SPLINE_CURVE_WITH_KNOTS('',3,(#3155,#3156,#3157,#3158,#3159,#3160,
#3161,#3162,#3163,#3164),.UNSPECIFIED.,.F.,.F.,(4,1,1,1,1,1,1,4),(147.65485471872,
148.078988763042,149.07659306431,150.074197365578,151.071801666847,152.069405968115,
153.067010269384,153.9380400259),.UNSPECIFIED.);
#269=B_SPLINE_CURVE_WITH_KNOTS('',3,(#3169,#3170,#3171,#3172,#3173,#3174,
#3175,#3176,#3177,#3178,#3179),.UNSPECIFIED.,.F.,.F.,(4,1,1,1,1,1,1,1,4),
(141.371669411541,141.52941003356,142.527014334828,143.524618636097,144.522222937365,
145.519827238634,146.517431539902,147.515035841171,147.65485471872),
 .UNSPECIFIED.);
#270=B_SPLINE_CURVE_WITH_KNOTS('',3,(#3180,#3181,#3182,#3183,#3184,#3185,
#3186,#3187,#3188,#3189),.UNSPECIFIED.,.F.,.F.,(4,1,1,1,1,1,1,4),(141.371669411541,
142.093362955431,143.0909672567,144.088571557968,145.086175859236,146.083780160505,
147.081384461773,147.65485471872),.UNSPECIFIED.);
#271=B_SPLINE_CURVE_WITH_KNOTS('',3,(#3194,#3195,#3196,#3197,#3198,#3199,
#3200,#3201,#3202,#3203),.UNSPECIFIED.,.F.,.F.,(4,1,1,1,1,1,1,4),(135.088484104361,
135.54378422595,136.541388527218,137.538992828486,138.536597129755,139.534201431023,
140.531805732292,141.371669411541),.UNSPECIFIED.);
#272=B_SPLINE_CURVE_WITH_KNOTS('',3,(#3204,#3205,#3206,#3207,#3208,#3209,
#3210,#3211,#3212,#3213,#3214),.UNSPECIFIED.,.F.,.F.,(4,1,1,1,1,1,1,1,4),
(135.088484104361,135.110132846552,136.107737147821,137.105341449089,138.102945750357,
139.100550051626,140.098154352894,141.095758654163,141.371669411541),
 .UNSPECIFIED.);
#273=B_SPLINE_CURVE_WITH_KNOTS('',3,(#3219,#3220,#3221,#3222,#3223,#3224,
#3225,#3226,#3227,#3228),.UNSPECIFIED.,.F.,.F.,(4,1,1,1,1,1,1,4),(128.805298797182,
129.558158418339,130.555762719607,131.553367020876,132.550971322144,133.548575623413,
134.546179924681,135.088484104361),.UNSPECIFIED.);
#274=B_SPLINE_CURVE_WITH_KNOTS('',3,(#3229,#3230,#3231,#3232,#3233,#3234,
#3235,#3236,#3237,#3238),.UNSPECIFIED.,.F.,.F.,(4,1,1,1,1,1,1,4),(128.805298797182,
129.124507038942,130.12211134021,131.119715641478,132.117319942747,133.114924244015,
134.112528545284,135.088484104361),.UNSPECIFIED.);
#275=B_SPLINE_CURVE_WITH_KNOTS('',3,(#3243,#3244,#3245,#3246,#3247,#3248,
#3249,#3250,#3251,#3252,#3253),.UNSPECIFIED.,.F.,.F.,(4,1,1,1,1,1,1,1,4),
(122.522113490002,122.57492830946,123.572532610728,124.570136911997,125.567741213265,
126.565345514534,127.562949815802,128.560554117071,128.805298797182),
 .UNSPECIFIED.);
#276=B_SPLINE_CURVE_WITH_KNOTS('',3,(#3254,#3255,#3256,#3257,#3258,#3259,
#3260,#3261,#3262,#3263),.UNSPECIFIED.,.F.,.F.,(4,1,1,1,1,1,1,4),(122.522113490002,
123.138881231331,124.1364855326,125.134089833868,126.131694135136,127.129298436405,
128.126902737673,128.805298797182),.UNSPECIFIED.);
#277=B_SPLINE_CURVE_WITH_KNOTS('',3,(#3268,#3269,#3270,#3271,#3272,#3273,
#3274,#3275,#3276,#3277),.UNSPECIFIED.,.F.,.F.,(4,1,1,1,1,1,1,4),(116.238928182822,
116.58930250185,117.586906803118,118.584511104386,119.582115405655,120.579719706923,
121.577324008192,122.522113490002),.UNSPECIFIED.);
#278=B_SPLINE_CURVE_WITH_KNOTS('',3,(#3278,#3279,#3280,#3281,#3282,#3283,
#3284,#3285,#3286,#3287),.UNSPECIFIED.,.F.,.F.,(4,1,1,1,1,1,1,4),(116.238928182822,
117.153255423721,118.150859724989,119.148464026257,120.146068327526,121.143672628794,
122.141276930063,122.522113490002),.UNSPECIFIED.);
#279=B_SPLINE_CURVE_WITH_KNOTS('',3,(#3292,#3293,#3294,#3295,#3296,#3297,
#3298,#3299,#3300,#3301),.UNSPECIFIED.,.F.,.F.,(4,1,1,1,1,1,1,4),(109.955742875643,
110.603676694239,111.601280995507,112.598885296776,113.596489598044,114.594093899313,
115.591698200581,116.238928182822),.UNSPECIFIED.);
#280=B_SPLINE_CURVE_WITH_KNOTS('',3,(#3302,#3303,#3304,#3305,#3306,#3307,
#3308,#3309,#3310,#3311,#3312),.UNSPECIFIED.,.F.,.F.,(4,1,1,1,1,1,1,1,4),
(109.955742875643,110.170025314842,111.16762961611,112.165233917378,113.162838218647,
114.160442519915,115.158046821184,116.155651122452,116.238928182822),
 .UNSPECIFIED.);
#281=B_SPLINE_CURVE_WITH_KNOTS('',3,(#3317,#3318,#3319,#3320,#3321,#3322,
#3323,#3324,#3325,#3326),.UNSPECIFIED.,.F.,.F.,(4,1,1,1,1,1,1,4),(103.672557568463,
104.618050886628,105.615655187897,106.613259489165,107.610863790434,108.608468091702,
109.606072392971,109.955742875643),.UNSPECIFIED.);
#282=B_SPLINE_CURVE_WITH_KNOTS('',3,(#3327,#3328,#3329,#3330,#3331,#3332,
#3333,#3334,#3335,#3336),.UNSPECIFIED.,.F.,.F.,(4,1,1,1,1,1,1,4),(103.672557568463,
104.184399507231,105.1820038085,106.179608109768,107.177212411036,108.174816712305,
109.172421013573,109.955742875643),.UNSPECIFIED.);
#283=B_SPLINE_CURVE_WITH_KNOTS('',3,(#3341,#3342,#3343,#3344,#3345,#3346,
#3347,#3348,#3349,#3350,#3351),.UNSPECIFIED.,.F.,.F.,(4,1,1,1,1,1,1,1,4),
(97.3893722612836,97.6348207777495,98.632425079018,99.6300293802864,100.627633681555,
101.625237982823,102.622842284092,103.62044658536,103.672557568463),
 .UNSPECIFIED.);
#284=B_SPLINE_CURVE_WITH_KNOTS('',3,(#3352,#3353,#3354,#3355,#3356,#3357,
#3358,#3359,#3360,#3361),.UNSPECIFIED.,.F.,.F.,(4,1,1,1,1,1,1,4),(97.3893722612837,
98.1987736996206,99.196378000889,100.193982302157,101.191586603426,102.189190904694,
103.186795205963,103.672557568463),.UNSPECIFIED.);
#285=B_SPLINE_CURVE_WITH_KNOTS('',3,(#3366,#3367,#3368,#3369,#3370,#3371,
#3372,#3373,#3374,#3375),.UNSPECIFIED.,.F.,.F.,(4,1,1,1,1,1,1,4),(91.106186954104,
91.649194970139,92.6467992714074,93.6444035726759,94.6420078739443,95.6396121752127,
96.6372164764811,97.3893722612836),.UNSPECIFIED.);
#286=B_SPLINE_CURVE_WITH_KNOTS('',3,(#3376,#3377,#3378,#3379,#3380,#3381,
#3382,#3383,#3384,#3385,#3386),.UNSPECIFIED.,.F.,.F.,(4,1,1,1,1,1,1,1,4),
(91.106186954104,91.2155435907417,92.2131478920101,93.2107521932785,94.2083564945469,
95.2059607958154,96.2035650970838,97.2011693983522,97.3893722612837),
 .UNSPECIFIED.);
#287=B_SPLINE_CURVE_WITH_KNOTS('',3,(#3391,#3392,#3393,#3394,#3395,#3396,
#3397,#3398,#3399,#3400),.UNSPECIFIED.,.F.,.F.,(4,1,1,1,1,1,1,4),(84.8230016469244,
85.6635691625285,86.6611734637969,87.6587777650654,88.6563820663338,89.6539863676022,
90.6515906688706,91.106186954104),.UNSPECIFIED.);
#288=B_SPLINE_CURVE_WITH_KNOTS('',3,(#3401,#3402,#3403,#3404,#3405,#3406,
#3407,#3408,#3409,#3410),.UNSPECIFIED.,.F.,.F.,(4,1,1,1,1,1,1,4),(84.8230016469245,
85.2299177831312,86.2275220843996,87.225126385668,88.2227306869364,89.2203349882048,
90.2179392894733,91.106186954104),.UNSPECIFIED.);
#289=B_SPLINE_CURVE_WITH_KNOTS('',3,(#3415,#3416,#3417,#3418,#3419,#3420,
#3421,#3422,#3423,#3424,#3425),.UNSPECIFIED.,.F.,.F.,(4,1,1,1,1,1,1,1,4),
(78.5398163397448,78.6803390536496,79.677943354918,80.6755476561864,81.6731519574548,
82.6707562587232,83.6683605599917,84.6659648612601,84.8230016469244),
 .UNSPECIFIED.);
#290=B_SPLINE_CURVE_WITH_KNOTS('',3,(#3426,#3427,#3428,#3429,#3430,#3431,
#3432,#3433,#3434,#3435),.UNSPECIFIED.,.F.,.F.,(4,1,1,1,1,1,1,4),(78.5398163397449,
79.2442919755206,80.2418962767891,81.2395005780575,82.2371048793259,83.2347091805943,
84.2323134818627,84.8230016469245),.UNSPECIFIED.);
#291=B_SPLINE_CURVE_WITH_KNOTS('',3,(#3440,#3441,#3442,#3443,#3444,#3445,
#3446,#3447,#3448,#3449),.UNSPECIFIED.,.F.,.F.,(4,1,1,1,1,1,1,4),(72.2566310325653,
72.6947132460391,73.6923175473075,74.6899218485759,75.6875261498443,76.6851304511127,
77.6827347523812,78.5398163397448),.UNSPECIFIED.);
#292=B_SPLINE_CURVE_WITH_KNOTS('',3,(#3450,#3451,#3452,#3453,#3454,#3455,
#3456,#3457,#3458,#3459,#3460),.UNSPECIFIED.,.F.,.F.,(4,1,1,1,1,1,1,1,4),
(72.2566310325653,72.2610618666417,73.2586661679101,74.2562704691785,75.253874770447,
76.2514790717154,77.2490833729838,78.2466876742522,78.5398163397449),
 .UNSPECIFIED.);
#293=B_SPLINE_CURVE_WITH_KNOTS('',3,(#3465,#3466,#3467,#3468,#3469,#3470,
#3471,#3472,#3473,#3474),.UNSPECIFIED.,.F.,.F.,(4,1,1,1,1,1,1,4),(65.9734457253856,
66.7090874384285,67.706691739697,68.7042960409654,69.7019003422338,70.6995046435022,
71.6971089447706,72.2566310325653),.UNSPECIFIED.);
#294=B_SPLINE_CURVE_WITH_KNOTS('',3,(#3475,#3476,#3477,#3478,#3479,#3480,
#3481,#3482,#3483,#3484),.UNSPECIFIED.,.F.,.F.,(4,1,1,1,1,1,1,4),(65.9734457253857,
66.2754360590312,67.2730403602996,68.270644661568,69.2682489628365,70.2658532641049,
71.2634575653733,72.2566310325653),.UNSPECIFIED.);
#295=B_SPLINE_CURVE_WITH_KNOTS('',3,(#3489,#3490,#3491,#3492,#3493,#3494,
#3495,#3496,#3497,#3498,#3499),.UNSPECIFIED.,.F.,.F.,(4,1,1,1,1,1,1,1,4),
(59.6902604182061,59.7258573295496,60.723461630818,61.7210659320864,62.7186702333549,
63.7162745346233,64.7138788358917,65.7114831371601,65.9734457253856),
 .UNSPECIFIED.);
#296=B_SPLINE_CURVE_WITH_KNOTS('',3,(#3500,#3501,#3502,#3503,#3504,#3505,
#3506,#3507,#3508,#3509),.UNSPECIFIED.,.F.,.F.,(4,1,1,1,1,1,1,4),(59.6902604182061,
60.2898102514207,61.2874145526891,62.2850188539575,63.2826231552259,64.2802274564943,
65.2778317577628,65.9734457253857),.UNSPECIFIED.);
#297=B_SPLINE_CURVE_WITH_KNOTS('',3,(#3514,#3515,#3516,#3517,#3518,#3519,
#3520,#3521,#3522,#3523),.UNSPECIFIED.,.F.,.F.,(4,1,1,1,1,1,1,4),(53.4070751110265,
53.7402315219391,54.7378358232075,55.7354401244759,56.7330444257443,57.7306487270128,
58.7282530282812,59.6902604182061),.UNSPECIFIED.);
#298=B_SPLINE_CURVE_WITH_KNOTS('',3,(#3524,#3525,#3526,#3527,#3528,#3529,
#3530,#3531,#3532,#3533),.UNSPECIFIED.,.F.,.F.,(4,1,1,1,1,1,1,4),(53.4070751110265,
54.3041844438102,55.3017887450786,56.299393046347,57.2969973476154,58.2946016488838,
59.2922059501523,59.6902604182061),.UNSPECIFIED.);
#299=B_SPLINE_CURVE_WITH_KNOTS('',3,(#3538,#3539,#3540,#3541,#3542,#3543,
#3544,#3545,#3546,#3547),.UNSPECIFIED.,.F.,.F.,(4,1,1,1,1,1,1,4),(47.1238898038469,
47.7546057143286,48.752210015597,49.7498143168654,50.7474186181338,51.7450229194022,
52.7426272206707,53.4070751110265),.UNSPECIFIED.);
#300=B_SPLINE_CURVE_WITH_KNOTS('',3,(#3548,#3549,#3550,#3551,#3552,#3553,
#3554,#3555,#3556,#3557,#3558),.UNSPECIFIED.,.F.,.F.,(4,1,1,1,1,1,1,1,4),
(47.1238898038469,47.3209543349312,48.3185586361996,49.3161629374681,50.3137672387365,
51.3113715400049,52.3089758412733,53.3065801425417,53.4070751110265),
 .UNSPECIFIED.);
#301=B_SPLINE_CURVE_WITH_KNOTS('',3,(#3563,#3564,#3565,#3566,#3567,#3568,
#3569,#3570,#3571,#3572),.UNSPECIFIED.,.F.,.F.,(4,1,1,1,1,1,1,4),(40.8407044966673,
41.768979906718,42.7665842079865,43.7641885092549,44.7617928105233,45.7593971117917,
46.7570014130601,47.1238898038469),.UNSPECIFIED.);
#302=B_SPLINE_CURVE_WITH_KNOTS('',3,(#3573,#3574,#3575,#3576,#3577,#3578,
#3579,#3580,#3581,#3582),.UNSPECIFIED.,.F.,.F.,(4,1,1,1,1,1,1,4),(40.8407044966673,
41.3353285273207,42.3329328285891,43.3305371298575,44.328141431126,45.3257457323944,
46.3233500336628,47.1238898038469),.UNSPECIFIED.);
#303=B_SPLINE_CURVE_WITH_KNOTS('',3,(#3587,#3588,#3589,#3590,#3591,#3592,
#3593,#3594,#3595,#3596,#3597),.UNSPECIFIED.,.F.,.F.,(4,1,1,1,1,1,1,1,4),
(34.5575191894877,34.7857497978391,35.7833540991075,36.7809584003759,37.7785627016444,
38.7761670029128,39.7737713041812,40.7713756054496,40.8407044966673),
 .UNSPECIFIED.);
#304=B_SPLINE_CURVE_WITH_KNOTS('',3,(#3598,#3599,#3600,#3601,#3602,#3603,
#3604,#3605,#3606,#3607),.UNSPECIFIED.,.F.,.F.,(4,1,1,1,1,1,1,4),(34.5575191894877,
35.3497027197102,36.3473070209786,37.344911322247,38.3425156235154,39.3401199247839,
40.3377242260523,40.8407044966673),.UNSPECIFIED.);
#305=B_SPLINE_CURVE_WITH_KNOTS('',3,(#3612,#3613,#3614,#3615,#3616,#3617,
#3618,#3619,#3620,#3621),.UNSPECIFIED.,.F.,.F.,(4,1,1,1,1,1,1,4),(28.2743338823081,
28.8001239902286,29.797728291497,30.7953325927654,31.7929368940338,32.7905411953023,
33.7881454965707,34.5575191894877),.UNSPECIFIED.);
#306=B_SPLINE_CURVE_WITH_KNOTS('',3,(#3622,#3623,#3624,#3625,#3626,#3627,
#3628,#3629,#3630,#3631,#3632),.UNSPECIFIED.,.F.,.F.,(4,1,1,1,1,1,1,1,4),
(28.2743338823081,28.3664726108312,29.3640769120997,30.3616812133681,31.3592855146365,
32.3568898159049,33.3544941171733,34.3520984184418,34.5575191894877),
 .UNSPECIFIED.);
#307=B_SPLINE_CURVE_WITH_KNOTS('',3,(#3637,#3638,#3639,#3640,#3641,#3642,
#3643,#3644,#3645,#3646),.UNSPECIFIED.,.F.,.F.,(4,1,1,1,1,1,1,4),(21.9911485751285,
22.8144981826181,23.8121024838865,24.8097067851549,25.8073110864233,26.8049153876917,
27.8025196889602,28.2743338823081),.UNSPECIFIED.);
#308=B_SPLINE_CURVE_WITH_KNOTS('',3,(#3647,#3648,#3649,#3650,#3651,#3652,
#3653,#3654,#3655,#3656),.UNSPECIFIED.,.F.,.F.,(4,1,1,1,1,1,1,4),(21.9911485751285,
22.3808468032207,23.3784511044891,24.3760554057576,25.373659707026,26.3712640082944,
27.3688683095628,28.2743338823081),.UNSPECIFIED.);
#309=B_SPLINE_CURVE_WITH_KNOTS('',3,(#3662,#3663,#3664,#3665,#3666),
 .UNSPECIFIED.,.F.,.F.,(4,1,4),(14.4000123930734,15.3976166943418,15.707963267949),
 .UNSPECIFIED.);
#310=B_SPLINE_CURVE_WITH_KNOTS('',3,(#3669,#3670,#3671,#3672,#3673),
 .UNSPECIFIED.,.F.,.F.,(4,1,4),(13.8743214892347,14.8336637724707,15.7079632679489),
 .UNSPECIFIED.);
#311=B_SPLINE_CURVE_WITH_KNOTS('',3,(#3679,#3680,#3681,#3682,#3683,#3684,
#3685,#3686,#3687,#3688),.UNSPECIFIED.,.F.,.F.,(4,3,3,4),(-4.09282965349926,
-3.9928163117945,-2.99461223384588,-2.06974660785394),.UNSPECIFIED.);
#312=B_SPLINE_CURVE_WITH_KNOTS('',3,(#3691,#3692,#3693,#3694,#3695,#3696,
#3697),.UNSPECIFIED.,.F.,.F.,(4,3,4),(0.,0.99820407794862,1.1185096079444),
 .UNSPECIFIED.);
#313=B_SPLINE_CURVE_WITH_KNOTS('',3,(#3702,#3703,#3704,#3705,#3706,#3707,
#3708,#3709,#3710,#3711,#3712,#3713,#3714,#3715,#3716,#3717,#3718,#3719,
#3720,#3721,#3722,#3723),.UNSPECIFIED.,.F.,.F.,(4,3,3,3,3,3,3,4),(-10.3760149606789,
-9.98204077948625,-8.98383670153763,-7.985632623589,-6.98742854564038,-5.98922446769175,
-4.99102038974313,-4.09282965349926),.UNSPECIFIED.);
#314=B_SPLINE_CURVE_WITH_KNOTS('',3,(#3724,#3725,#3726,#3727,#3728,#3729,
#3730,#3731,#3732,#3733,#3734,#3735,#3736,#3737,#3738,#3739,#3740,#3741,
#3742,#3743,#3744,#3745),.UNSPECIFIED.,.F.,.F.,(4,3,3,3,3,3,3,4),(1.1185096079444,
1.99640815589725,2.99461223384588,3.99281631179451,4.99102038974313,5.98922446769176,
6.98742854564039,7.40169491512398),.UNSPECIFIED.);
#315=B_SPLINE_CURVE_WITH_KNOTS('',3,(#3750,#3751,#3752,#3753,#3754,#3755,
#3756,#3757,#3758,#3759,#3760,#3761,#3762,#3763,#3764,#3765,#3766,#3767,
#3768,#3769,#3770,#3771),.UNSPECIFIED.,.F.,.F.,(4,3,3,3,3,3,3,4),(-16.6592002678585,
-15.971265247178,-14.9730611692294,-13.9748570912808,-12.9766530133321,
-11.9784489353835,-10.9802448574349,-10.3760149606789),.UNSPECIFIED.);
#316=B_SPLINE_CURVE_WITH_KNOTS('',3,(#3772,#3773,#3774,#3775,#3776,#3777,
#3778,#3779,#3780,#3781,#3782,#3783,#3784,#3785,#3786,#3787,#3788,#3789,
#3790,#3791,#3792,#3793),.UNSPECIFIED.,.F.,.F.,(4,3,3,3,3,3,3,4),(7.40169491512398,
7.98563262358901,8.98383670153764,9.98204077948626,10.9802448574349,11.9784489353835,
12.9766530133321,13.6848802223036),.UNSPECIFIED.);
#317=B_SPLINE_CURVE_WITH_KNOTS('',3,(#3798,#3799,#3800,#3801,#3802,#3803,
#3804,#3805,#3806,#3807,#3808,#3809,#3810,#3811,#3812,#3813,#3814,#3815,
#3816,#3817,#3818,#3819),.UNSPECIFIED.,.F.,.F.,(4,3,3,3,3,3,3,4),(-22.942385575038,
-21.9604897148698,-20.9622856369211,-19.9640815589725,-18.9658774810239,
-17.9676734030753,-16.9694693251266,-16.6592002678585),.UNSPECIFIED.);
#318=B_SPLINE_CURVE_WITH_KNOTS('',3,(#3820,#3821,#3822,#3823,#3824,#3825,
#3826,#3827,#3828,#3829,#3830,#3831,#3832,#3833,#3834,#3835,#3836,#3837,
#3838,#3839,#3840,#3841,#3842,#3843,#3844),.UNSPECIFIED.,.F.,.F.,(4,3,3,
3,3,3,3,3,4),(13.6848802223036,13.9748570912808,14.9730611692294,15.971265247178,
16.9694693251266,17.9676734030753,18.9658774810239,19.9640815589725,19.9680655294831),
 .UNSPECIFIED.);
#319=B_SPLINE_CURVE_WITH_KNOTS('',3,(#3849,#3850,#3851,#3852,#3853,#3854,
#3855,#3856,#3857,#3858,#3859,#3860,#3861,#3862,#3863,#3864,#3865,#3866,
#3867,#3868,#3869,#3870,#3871,#3872,#3873),.UNSPECIFIED.,.F.,.F.,(4,3,3,
3,3,3,3,3,4),(-29.2255708822176,-28.9479182605101,-27.9497141825615,-26.9515101046129,
-25.9533060266642,-24.9551019487156,-23.956897870767,-22.9586937928184,
-22.942385575038),.UNSPECIFIED.);
#320=B_SPLINE_CURVE_WITH_KNOTS('',3,(#3874,#3875,#3876,#3877,#3878,#3879,
#3880,#3881,#3882,#3883,#3884,#3885,#3886,#3887,#3888,#3889,#3890,#3891,
#3892,#3893,#3894,#3895),.UNSPECIFIED.,.F.,.F.,(4,3,3,3,3,3,3,4),(19.9680655294831,
20.9622856369211,21.9604897148698,22.9586937928184,23.956897870767,24.9551019487156,
25.9533060266643,26.2512508366628),.UNSPECIFIED.);
#321=B_SPLINE_CURVE_WITH_KNOTS('',3,(#3900,#3901,#3902,#3903,#3904,#3905,
#3906,#3907,#3908,#3909,#3910,#3911,#3912,#3913,#3914,#3915,#3916,#3917,
#3918,#3919,#3920,#3921),.UNSPECIFIED.,.F.,.F.,(4,3,3,3,3,3,3,4),(-35.5087561893972,
-34.9371427282019,-33.9389386502533,-32.9407345723046,-31.942530494356,
-30.9443264164074,-29.9461223384587,-29.2255708822176),.UNSPECIFIED.);
#322=B_SPLINE_CURVE_WITH_KNOTS('',3,(#3922,#3923,#3924,#3925,#3926,#3927,
#3928,#3929,#3930,#3931,#3932,#3933,#3934,#3935,#3936,#3937,#3938,#3939,
#3940,#3941,#3942,#3943),.UNSPECIFIED.,.F.,.F.,(4,3,3,3,3,3,3,4),(26.2512508366628,
26.9515101046129,27.9497141825615,28.9479182605101,29.9461223384588,30.9443264164074,
31.942530494356,32.5344361438423),.UNSPECIFIED.);
#323=B_SPLINE_CURVE_WITH_KNOTS('',3,(#3948,#3949,#3950,#3951,#3952,#3953,
#3954,#3955,#3956,#3957,#3958,#3959,#3960,#3961,#3962,#3963,#3964,#3965,
#3966,#3967,#3968,#3969),.UNSPECIFIED.,.F.,.F.,(4,3,3,3,3,3,3,4),(-41.7919414965768,
-40.9263671958936,-39.928163117945,-38.9299590399964,-37.9317549620478,
-36.9335508840991,-35.9353468061505,-35.5087561893972),.UNSPECIFIED.);
#324=B_SPLINE_CURVE_WITH_KNOTS('',3,(#3970,#3971,#3972,#3973,#3974,#3975,
#3976,#3977,#3978,#3979,#3980,#3981,#3982,#3983,#3984,#3985,#3986,#3987,
#3988,#3989,#3990,#3991),.UNSPECIFIED.,.F.,.F.,(4,3,3,3,3,3,3,4),(32.5344361438423,
32.9407345723046,33.9389386502533,34.9371427282019,35.9353468061505,36.9335508840992,
37.9317549620478,38.8176214510219),.UNSPECIFIED.);
#325=B_SPLINE_CURVE_WITH_KNOTS('',3,(#3996,#3997,#3998,#3999,#4000,#4001,
#4002,#4003,#4004,#4005,#4006,#4007,#4008,#4009,#4010,#4011,#4012,#4013,
#4014,#4015,#4016,#4017,#4018,#4019,#4020),.UNSPECIFIED.,.F.,.F.,(4,3,3,
3,3,3,3,3,4),(-48.0751268037564,-47.913795741534,-46.9155916635854,-45.9173875856368,
-44.9191835076881,-43.9209794297395,-42.9227753517909,-41.9245712738423,
-41.7919414965768),.UNSPECIFIED.);
#326=B_SPLINE_CURVE_WITH_KNOTS('',3,(#4021,#4022,#4023,#4024,#4025,#4026,
#4027,#4028,#4029,#4030,#4031,#4032,#4033,#4034,#4035,#4036,#4037,#4038,
#4039,#4040,#4041,#4042,#4043,#4044,#4045),.UNSPECIFIED.,.F.,.F.,(4,3,3,
3,3,3,3,3,4),(38.8176214510219,38.9299590399964,39.928163117945,40.9263671958937,
41.9245712738423,42.9227753517909,43.9209794297395,44.9191835076881,45.1008067582015),
 .UNSPECIFIED.);
#327=B_SPLINE_CURVE_WITH_KNOTS('',3,(#4050,#4051,#4052,#4053,#4054,#4055,
#4056,#4057,#4058,#4059,#4060,#4061,#4062,#4063,#4064,#4065,#4066,#4067,
#4068,#4069,#4070,#4071),.UNSPECIFIED.,.F.,.F.,(4,3,3,3,3,3,3,4),(-54.358312110936,
-53.9030202092258,-52.9048161312771,-51.9066120533285,-50.9084079753799,
-49.9102038974313,-48.9119998194826,-48.0751268037564),.UNSPECIFIED.);
#328=B_SPLINE_CURVE_WITH_KNOTS('',3,(#4072,#4073,#4074,#4075,#4076,#4077,
#4078,#4079,#4080,#4081,#4082,#4083,#4084,#4085,#4086,#4087,#4088,#4089,
#4090,#4091,#4092,#4093),.UNSPECIFIED.,.F.,.F.,(4,3,3,3,3,3,3,4),(45.1008067582015,
45.9173875856368,46.9155916635854,47.913795741534,48.9119998194827,49.9102038974313,
50.9084079753799,51.3839920653811),.UNSPECIFIED.);
#329=B_SPLINE_CURVE_WITH_KNOTS('',3,(#4098,#4099,#4100,#4101,#4102,#4103,
#4104,#4105,#4106,#4107,#4108,#4109,#4110,#4111,#4112,#4113,#4114,#4115,
#4116,#4117,#4118,#4119),.UNSPECIFIED.,.F.,.F.,(4,3,3,3,3,3,3,4),(-60.6414974181156,
-59.8922446769175,-58.8940405989689,-57.8958365210203,-56.8976324430716,
-55.899428365123,-54.9012242871744,-54.358312110936),.UNSPECIFIED.);
#330=B_SPLINE_CURVE_WITH_KNOTS('',3,(#4120,#4121,#4122,#4123,#4124,#4125,
#4126,#4127,#4128,#4129,#4130,#4131,#4132,#4133,#4134,#4135,#4136,#4137,
#4138,#4139,#4140,#4141),.UNSPECIFIED.,.F.,.F.,(4,3,3,3,3,3,3,4),(51.3839920653811,
51.9066120533285,52.9048161312772,53.9030202092258,54.9012242871744,55.899428365123,
56.8976324430717,57.6671773725607),.UNSPECIFIED.);
#331=B_SPLINE_CURVE_WITH_KNOTS('',3,(#4146,#4147,#4148,#4149,#4150,#4151,
#4152,#4153,#4154,#4155,#4156,#4157,#4158,#4159,#4160,#4161,#4162,#4163,
#4164,#4165,#4166,#4167,#4168,#4169,#4170),.UNSPECIFIED.,.F.,.F.,(4,3,3,
3,3,3,3,3,4),(-66.9246827252952,-66.8796732225579,-65.8814691446093,-64.8832650666607,
-63.885060988712,-62.8868569107634,-61.8886528328148,-60.8904487548661,
-60.6414974181156),.UNSPECIFIED.);
#332=B_SPLINE_CURVE_WITH_KNOTS('',3,(#4171,#4172,#4173,#4174,#4175,#4176,
#4177,#4178,#4179,#4180,#4181,#4182,#4183,#4184,#4185,#4186,#4187,#4188,
#4189,#4190,#4191,#4192,#4193,#4194,#4195),.UNSPECIFIED.,.F.,.F.,(4,3,3,
3,3,3,3,3,4),(57.6671773725607,57.8958365210203,58.8940405989689,59.8922446769175,
60.8904487548662,61.8886528328148,62.8868569107634,63.885060988712,63.9503626797403),
 .UNSPECIFIED.);
#333=B_SPLINE_CURVE_WITH_KNOTS('',3,(#4200,#4201,#4202,#4203,#4204,#4205,
#4206,#4207,#4208,#4209,#4210,#4211,#4212,#4213,#4214,#4215,#4216,#4217,
#4218,#4219,#4220,#4221),.UNSPECIFIED.,.F.,.F.,(4,3,3,3,3,3,3,4),(-73.2078680324748,
-72.8688976902496,-71.870693612301,-70.8724895343524,-69.8742854564038,
-68.8760813784551,-67.8778773005065,-66.9246827252952),.UNSPECIFIED.);
#334=B_SPLINE_CURVE_WITH_KNOTS('',3,(#4222,#4223,#4224,#4225,#4226,#4227,
#4228,#4229,#4230,#4231,#4232,#4233,#4234,#4235,#4236,#4237,#4238,#4239,
#4240,#4241,#4242,#4243),.UNSPECIFIED.,.F.,.F.,(4,3,3,3,3,3,3,4),(63.9503626797403,
64.8832650666607,65.8814691446093,66.8796732225579,67.8778773005065,68.8760813784552,
69.8742854564038,70.2335479869199),.UNSPECIFIED.);
#335=B_SPLINE_CURVE_WITH_KNOTS('',3,(#4248,#4249,#4250,#4251,#4252,#4253,
#4254,#4255,#4256,#4257,#4258,#4259,#4260,#4261,#4262,#4263,#4264,#4265,
#4266,#4267,#4268,#4269),.UNSPECIFIED.,.F.,.F.,(4,3,3,3,3,3,3,4),(-79.4910533396544,
-78.8581221579414,-77.8599180799928,-76.8617140020441,-75.8635099240955,
-74.8653058461469,-73.8671017681983,-73.2078680324748),.UNSPECIFIED.);
#336=B_SPLINE_CURVE_WITH_KNOTS('',3,(#4270,#4271,#4272,#4273,#4274,#4275,
#4276,#4277,#4278,#4279,#4280,#4281,#4282,#4283,#4284,#4285,#4286,#4287,
#4288,#4289,#4290,#4291),.UNSPECIFIED.,.F.,.F.,(4,3,3,3,3,3,3,4),(70.2335479869199,
70.8724895343524,71.870693612301,72.8688976902497,73.8671017681983,74.8653058461469,
75.8635099240955,76.5167332940995),.UNSPECIFIED.);
#337=B_SPLINE_CURVE_WITH_KNOTS('',3,(#4296,#4297,#4298,#4299,#4300,#4301,
#4302,#4303,#4304,#4305,#4306,#4307,#4308,#4309,#4310,#4311,#4312,#4313,
#4314,#4315,#4316,#4317),.UNSPECIFIED.,.F.,.F.,(4,3,3,3,3,3,3,4),(-85.7742386468339,
-84.8473466256331,-83.8491425476845,-82.8509384697359,-81.8527343917873,
-80.8545303138386,-79.85632623589,-79.4910533396544),.UNSPECIFIED.);
#338=B_SPLINE_CURVE_WITH_KNOTS('',3,(#4318,#4319,#4320,#4321,#4322,#4323,
#4324,#4325,#4326,#4327,#4328,#4329,#4330,#4331,#4332,#4333,#4334,#4335,
#4336,#4337,#4338,#4339),.UNSPECIFIED.,.F.,.F.,(4,3,3,3,3,3,3,4),(76.5167332940995,
76.8617140020442,77.8599180799928,78.8581221579414,79.85632623589,80.8545303138387,
81.8527343917873,82.7999186012791),.UNSPECIFIED.);
#339=B_SPLINE_CURVE_WITH_KNOTS('',3,(#4345,#4346,#4347,#4348,#4349,#4350,
#4351,#4352),.UNSPECIFIED.,.F.,.F.,(4,1,1,1,1,4),(91.106186954104,91.4714598503396,
92.4696639282882,93.4678680062369,94.4660720841855,95.3909377101774),
 .UNSPECIFIED.);
#340=B_SPLINE_CURVE_WITH_KNOTS('',3,(#4355,#4356,#4357,#4358,#4359,#4360,
#4361),.UNSPECIFIED.,.F.,.F.,(4,1,1,1,4),(91.106186954104,91.1572068225608,
92.1554109005094,93.153614978458,94.1518190564066),.UNSPECIFIED.);
#341=B_SPLINE_CURVE_WITH_KNOTS('',3,(#4366,#4367,#4368,#4369,#4370,#4371,
#4372,#4373,#4374,#4375),.UNSPECIFIED.,.F.,.F.,(4,1,1,1,1,1,1,4),(84.8230016469244,
85.4822353826479,86.4804394605965,87.4786435385451,88.4768476164937,89.4750516944424,
90.473255772391,91.106186954104),.UNSPECIFIED.);
#342=B_SPLINE_CURVE_WITH_KNOTS('',3,(#4376,#4377,#4378,#4379,#4380,#4381,
#4382,#4383,#4384,#4385),.UNSPECIFIED.,.F.,.F.,(4,1,1,1,1,1,1,4),(84.8230016469244,
85.167982354869,86.1661864328176,87.1643905107663,88.1625945887149,89.1607986666635,
90.1590027446121,91.106186954104),.UNSPECIFIED.);
#343=B_SPLINE_CURVE_WITH_KNOTS('',3,(#4390,#4391,#4392,#4393,#4394,#4395,
#4396,#4397,#4398,#4399),.UNSPECIFIED.,.F.,.F.,(4,1,1,1,1,1,1,4),(78.5398163397448,
79.4930109149561,80.4912149929047,81.4894190708534,82.487623148802,83.4858272267506,
84.4840313046992,84.8230016469244),.UNSPECIFIED.);
#344=B_SPLINE_CURVE_WITH_KNOTS('',3,(#4400,#4401,#4402,#4403,#4404,#4405,
#4406,#4407,#4408,#4409),.UNSPECIFIED.,.F.,.F.,(4,1,1,1,1,1,1,4),(78.5398163397448,
79.1787578871772,80.1769619651259,81.1751660430745,82.1733701210231,83.1715741989717,
84.1697782769204,84.8230016469244),.UNSPECIFIED.);
#345=B_SPLINE_CURVE_WITH_KNOTS('',3,(#4414,#4415,#4416,#4417,#4418,#4419,
#4420,#4421,#4422,#4423,#4424),.UNSPECIFIED.,.F.,.F.,(4,1,1,1,1,1,1,1,4),
(72.2566310325652,72.5055823693157,73.5037864472644,74.501990525213,75.5001946031616,
76.4983986811102,77.4966027590589,78.4948068370075,78.5398163397448),
 .UNSPECIFIED.);
#346=B_SPLINE_CURVE_WITH_KNOTS('',3,(#4425,#4426,#4427,#4428,#4429,#4430,
#4431,#4432,#4433,#4434),.UNSPECIFIED.,.F.,.F.,(4,1,1,1,1,1,1,4),(72.2566310325652,
73.1895334194855,74.1877374974341,75.1859415753827,76.1841456533314,77.18234973128,
78.1805538092286,78.5398163397448),.UNSPECIFIED.);
#347=B_SPLINE_CURVE_WITH_KNOTS('',3,(#4439,#4440,#4441,#4442,#4443,#4444,
#4445,#4446,#4447,#4448),.UNSPECIFIED.,.F.,.F.,(4,1,1,1,1,1,1,4),(65.9734457253857,
66.516357901624,67.5145619795726,68.5127660575212,69.5109701354699,70.5091742134185,
71.5073782913671,72.2566310325652),.UNSPECIFIED.);
#348=B_SPLINE_CURVE_WITH_KNOTS('',3,(#4449,#4450,#4451,#4452,#4453,#4454,
#4455,#4456,#4457,#4458,#4459),.UNSPECIFIED.,.F.,.F.,(4,1,1,1,1,1,1,1,4),
(65.9734457253856,66.2021048738451,67.2003089517937,68.1985130297424,69.196717107691,
70.1949211856396,71.1931252635882,72.1913293415369,72.2566310325652),
 .UNSPECIFIED.);
#349=B_SPLINE_CURVE_WITH_KNOTS('',3,(#4464,#4465,#4466,#4467,#4468,#4469,
#4470,#4471,#4472,#4473),.UNSPECIFIED.,.F.,.F.,(4,1,1,1,1,1,1,4),(59.690260418206,
60.5271334339322,61.5253375118809,62.5235415898295,63.5217456677781,64.5199497457267,
65.5181538236753,65.9734457253857),.UNSPECIFIED.);
#350=B_SPLINE_CURVE_WITH_KNOTS('',3,(#4474,#4475,#4476,#4477,#4478,#4479,
#4480,#4481,#4482,#4483),.UNSPECIFIED.,.F.,.F.,(4,1,1,1,1,1,1,4),(59.690260418206,
60.2128804061534,61.211084484102,62.2092885620506,63.2074926399992,64.2056967179479,
65.2039007958965,65.9734457253856),.UNSPECIFIED.);
#351=B_SPLINE_CURVE_WITH_KNOTS('',3,(#4488,#4489,#4490,#4491,#4492,#4493,
#4494,#4495,#4496,#4497,#4498),.UNSPECIFIED.,.F.,.F.,(4,1,1,1,1,1,1,1,4),
(53.4070751110264,53.5397048882919,54.5379089662405,55.5361130441891,56.5343171221377,
57.5325212000864,58.530725278035,59.5289293559836,59.690260418206),
 .UNSPECIFIED.);
#352=B_SPLINE_CURVE_WITH_KNOTS('',3,(#4499,#4500,#4501,#4502,#4503,#4504,
#4505,#4506,#4507,#4508),.UNSPECIFIED.,.F.,.F.,(4,1,1,1,1,1,1,4),(53.4070751110265,
54.2236559384616,55.2218600164102,56.2200640943588,57.2182681723075,58.2164722502561,
59.2146763282047,59.690260418206),.UNSPECIFIED.);
#353=B_SPLINE_CURVE_WITH_KNOTS('',3,(#4513,#4514,#4515,#4516,#4517,#4518,
#4519,#4520,#4521,#4522),.UNSPECIFIED.,.F.,.F.,(4,1,1,1,1,1,1,4),(47.1238898038469,
47.5504804206001,48.5486844985487,49.5468885764974,50.545092654446,51.5432967323946,
52.5415008103432,53.4070751110264),.UNSPECIFIED.);
#354=B_SPLINE_CURVE_WITH_KNOTS('',3,(#4523,#4524,#4525,#4526,#4527,#4528,
#4529,#4530,#4531,#4532,#4533),.UNSPECIFIED.,.F.,.F.,(4,1,1,1,1,1,1,1,4),
(47.1238898038469,47.2362273928212,48.2344314707698,49.2326355487185,50.2308396266671,
51.2290437046157,52.2272477825643,53.225451860513,53.4070751110265),
 .UNSPECIFIED.);
#355=B_SPLINE_CURVE_WITH_KNOTS('',3,(#4538,#4539,#4540,#4541,#4542,#4543,
#4544,#4545,#4546,#4547),.UNSPECIFIED.,.F.,.F.,(4,1,1,1,1,1,1,4),(40.8407044966672,
41.5612559529084,42.559460030857,43.5576641088056,44.5558681867542,45.5540722647029,
46.5522763426515,47.1238898038469),.UNSPECIFIED.);
#356=B_SPLINE_CURVE_WITH_KNOTS('',3,(#4548,#4549,#4550,#4551,#4552,#4553,
#4554,#4555,#4556,#4557),.UNSPECIFIED.,.F.,.F.,(4,1,1,1,1,1,1,4),(40.8407044966672,
41.2470029251295,42.2452070030781,43.2434110810267,44.2416151589753,45.239819236924,
46.2380233148726,47.1238898038469),.UNSPECIFIED.);
#357=B_SPLINE_CURVE_WITH_KNOTS('',3,(#4562,#4563,#4564,#4565,#4566,#4567,
#4568,#4569,#4570,#4571,#4572),.UNSPECIFIED.,.F.,.F.,(4,1,1,1,1,1,1,1,4),
(34.5575191894877,34.573827407268,35.5720314852166,36.5702355631652,37.5684396411138,
38.5666437190625,39.5648477970111,40.5630518749597,40.8407044966672),
 .UNSPECIFIED.);
#358=B_SPLINE_CURVE_WITH_KNOTS('',3,(#4573,#4574,#4575,#4576,#4577,#4578,
#4579,#4580,#4581,#4582),.UNSPECIFIED.,.F.,.F.,(4,1,1,1,1,1,1,4),(34.5575191894877,
35.2577784574377,36.2559825353863,37.254186613335,38.2523906912836,39.2505947692322,
40.2487988471808,40.8407044966672),.UNSPECIFIED.);
#359=B_SPLINE_CURVE_WITH_KNOTS('',3,(#4587,#4588,#4589,#4590,#4591,#4592,
#4593,#4594,#4595,#4596),.UNSPECIFIED.,.F.,.F.,(4,1,1,1,1,1,1,4),(28.2743338823081,
28.5846029395762,29.5828070175248,30.5810110954735,31.5792151734221,32.5774192513707,
33.5756233293193,34.5575191894877),.UNSPECIFIED.);
#360=B_SPLINE_CURVE_WITH_KNOTS('',3,(#4597,#4598,#4599,#4600,#4601,#4602,
#4603,#4604,#4605,#4606),.UNSPECIFIED.,.F.,.F.,(4,1,1,1,1,1,1,4),(28.2743338823081,
29.268553989746,30.2667580676946,31.2649621456432,32.2631662235918,33.2613703015405,
34.2595743794891,34.5575191894877),.UNSPECIFIED.);
#361=B_SPLINE_CURVE_WITH_KNOTS('',3,(#4611,#4612,#4613,#4614,#4615,#4616,
#4617,#4618,#4619,#4620),.UNSPECIFIED.,.F.,.F.,(4,1,1,1,1,1,1,4),(21.9911485751285,
22.5953784718845,23.5935825498331,24.5917866277817,25.5899907057304,26.588194783679,
27.5863988616276,28.2743338823081),.UNSPECIFIED.);
#362=B_SPLINE_CURVE_WITH_KNOTS('',3,(#4621,#4622,#4623,#4624,#4625,#4626,
#4627,#4628,#4629,#4630,#4631),.UNSPECIFIED.,.F.,.F.,(4,1,1,1,1,1,1,1,4),
(21.9911485751285,22.2811254441056,23.2793295220542,24.2775336000028,25.2757376779515,
26.2739417559001,27.2721458338487,28.2703499117973,28.2743338823081),
 .UNSPECIFIED.);
#363=B_SPLINE_CURVE_WITH_KNOTS('',3,(#4636,#4637,#4638,#4639,#4640,#4641,
#4642,#4643,#4644,#4645),.UNSPECIFIED.,.F.,.F.,(4,1,1,1,1,1,1,4),(15.7079632679489,
16.6061540041927,17.6043580821413,18.60256216009,19.6007662380386,20.5989703159872,
21.5971743939358,21.9911485751285),.UNSPECIFIED.);
#364=B_SPLINE_CURVE_WITH_KNOTS('',3,(#4646,#4647,#4648,#4649,#4650,#4651,
#4652,#4653,#4654,#4655),.UNSPECIFIED.,.F.,.F.,(4,1,1,1,1,1,1,4),(15.7079632679489,
16.2919009764138,17.2901050543625,18.2883091323111,19.2865132102597,20.2847172882083,
21.282921366157,21.9911485751285),.UNSPECIFIED.);
#365=B_SPLINE_CURVE_WITH_KNOTS('',3,(#5013,#5014,#5015,#5016,#5017,#5018,
#5019,#5020,#5021,#5022,#5023,#5024,#5025,#5026,#5027,#5028,#5029,#5030,
#5031,#5032,#5033,#5034,#5035,#5036,#5037,#5038,#5039,#5040,#5041,#5042,
#5043,#5044,#5045,#5046,#5047,#5048,#5049,#5050,#5051,#5052,#5053,#5054,
#5055,#5056,#5057,#5058,#5059,#5060,#5061,#5062,#5063,#5064,#5065,#5066,
#5067,#5068,#5069,#5070,#5071,#5072,#5073,#5074,#5075,#5076,#5077,#5078,
#5079,#5080,#5081,#5082,#5083,#5084,#5085,#5086,#5087,#5088,#5089,#5090,
#5091),.UNSPECIFIED.,.F.,.F.,(4,3,3,3,3,3,3,3,3,3,3,3,3,3,3,3,3,3,3,3,3,
3,3,3,3,3,4),(0.,0.00893918803119336,0.0240831720853111,0.0366160879201285,
0.0427024971486695,0.0460864897471471,0.0489773228372937,0.0637179627058608,
0.0788750967203583,0.0857487647210943,0.0895344674100516,0.0927569139266067,
0.106815553700033,0.120421461794303,0.124346498763851,0.131282210625265,
0.135381259872814,0.149133431317658,0.162899616040049,0.170977644714706,
0.173931319071815,0.177103888848833,0.189708877995952,0.200172519850898,
0.203368415547871,0.215954579128297,0.227523845437308),.UNSPECIFIED.);
#366=B_SPLINE_CURVE_WITH_KNOTS('',3,(#5092,#5093,#5094,#5095,#5096,#5097,
#5098),.UNSPECIFIED.,.F.,.F.,(4,3,4),(82.7999186012791,82.8509384697359,
83.7758040957278),.UNSPECIFIED.);
#367=B_SPLINE_CURVE_WITH_KNOTS('',3,(#5100,#5101,#5102,#5103,#5104,#5105,
#5106,#5107,#5108,#5109,#5110,#5111,#5112,#5113,#5114,#5115,#5116,#5117,
#5118,#5119,#5120,#5121,#5122,#5123,#5124,#5125,#5126,#5127,#5128,#5129,
#5130,#5131,#5132,#5133,#5134,#5135,#5136,#5137,#5138,#5139,#5140,#5141,
#5142,#5143,#5144,#5145,#5146,#5147,#5148,#5149,#5150,#5151,#5152,#5153,
#5154,#5155,#5156,#5157,#5158,#5159,#5160,#5161,#5162,#5163,#5164,#5165,
#5166,#5167,#5168,#5169,#5170,#5171,#5172,#5173,#5174,#5175,#5176,#5177,
#5178),.UNSPECIFIED.,.F.,.F.,(4,3,3,3,3,3,3,3,3,3,3,3,3,3,3,3,3,3,3,3,3,
3,3,3,3,3,4),(-0.227523845437317,-0.220366394894263,-0.207354862790103,
-0.201594665805585,-0.198355597855712,-0.185240157431661,-0.176094487703338,
-0.172258893885877,-0.158262704929653,-0.144455307719988,-0.137410015305236,
-0.134234379351791,-0.131613741120801,-0.117355773595477,-0.116274138060981,
-0.102528967614422,-0.0956186307600412,-0.092069002989467,-0.0888737900092157,
-0.0745594042467797,-0.0599211153499434,-0.0524309759312005,-0.0472017318886849,
-0.0444385760949509,-0.0293003811992338,-0.0142727794846804,0.),
 .UNSPECIFIED.);
#368=B_SPLINE_CURVE_WITH_KNOTS('',3,(#5179,#5180,#5181,#5182,#5183,#5184,
#5185,#5186,#5187),.UNSPECIFIED.,.F.,.F.,(4,1,1,1,1,1,4),(10.3760149606788,
11.3008805866707,12.2990846646193,13.297288742568,14.2954928205166,15.2936968984652,
15.7079632679489),.UNSPECIFIED.);
#369=B_SPLINE_CURVE_WITH_KNOTS('',3,(#5191,#5192,#5193,#5194,#5195,#5196,
#5197,#5198),.UNSPECIFIED.,.F.,.F.,(4,1,1,1,1,4),(11.6151336144496,12.6133376923982,
13.6115417703468,14.6097458482955,15.6079499262441,15.7079632679489),
 .UNSPECIFIED.);
#370=B_SPLINE_CURVE_WITH_KNOTS('',3,(#5556,#5557,#5558,#5559,#5560,#5561,
#5562,#5563,#5564,#5565,#5566,#5567,#5568,#5569,#5570,#5571,#5572,#5573,
#5574,#5575,#5576,#5577,#5578,#5579,#5580,#5581,#5582,#5583,#5584,#5585,
#5586,#5587,#5588,#5589,#5590,#5591,#5592,#5593,#5594,#5595,#5596,#5597,
#5598,#5599,#5600,#5601,#5602,#5603,#5604,#5605,#5606,#5607,#5608,#5609,
#5610,#5611,#5612,#5613,#5614,#5615,#5616,#5617,#5618,#5619,#5620,#5621,
#5622,#5623,#5624,#5625,#5626,#5627,#5628,#5629,#5630,#5631),
 .UNSPECIFIED.,.F.,.F.,(4,3,3,3,3,3,3,3,3,3,3,3,3,3,3,3,3,3,3,3,3,3,3,3,
3,4),(0.,0.00712946371466701,0.0200891782518616,0.0314289284719068,0.037660470800356,
0.0401765055909462,0.0533656928547378,0.0668649490773739,0.0735450120014626,
0.0776745008078249,0.0803775974616281,0.0943549685825605,0.108270968856276,
0.110807180012223,0.119281601155747,0.122220784540272,0.136191575966587,
0.15050438015563,0.159988810337378,0.162986663699247,0.165870611443049,
0.18099791398469,0.193658246728878,0.196651687595156,0.211792100570617,
0.226379821609616),.UNSPECIFIED.);
#371=B_SPLINE_CURVE_WITH_KNOTS('',3,(#5632,#5633,#5634,#5635,#5636,#5637,
#5638,#5639,#5640,#5641,#5642,#5643,#5644,#5645,#5646,#5647,#5648,#5649,
#5650,#5651,#5652,#5653,#5654,#5655,#5656,#5657,#5658,#5659,#5660,#5661,
#5662,#5663,#5664,#5665,#5666,#5667,#5668,#5669,#5670,#5671,#5672,#5673,
#5674,#5675,#5676,#5677,#5678,#5679,#5680,#5681,#5682,#5683,#5684,#5685,
#5686,#5687,#5688,#5689,#5690,#5691,#5692,#5693,#5694,#5695,#5696,#5697,
#5698,#5699,#5700,#5701,#5702,#5703,#5704,#5705,#5706,#5707,#5708,#5709,
#5710,#5711,#5712,#5713),.UNSPECIFIED.,.F.,.F.,(4,3,3,3,3,3,3,3,3,3,3,3,
3,3,3,3,3,3,3,3,3,3,3,3,3,3,3,4),(-0.226379821609593,-0.217486619498764,
-0.203147740653554,-0.195481971824676,-0.192082793805167,-0.177185114002649,
-0.167883923344454,-0.163699763698381,-0.161119201354455,-0.146533298200114,
-0.132468305414795,-0.125045126245369,-0.120047548777967,-0.117626076051979,
-0.103987985185229,-0.10277558873709,-0.0899062088805116,-0.0835268641111108,
-0.0793096387809823,-0.0760391278584515,-0.0624941157797148,-0.0490402008265267,
-0.042846562736921,-0.0393322875780887,-0.0362037309308667,-0.0232912417278397,
-0.0108410790861315,0.),.UNSPECIFIED.);
#372=B_SPLINE_CURVE_WITH_KNOTS('',3,(#5714,#5715,#5716,#5717),
 .UNSPECIFIED.,.F.,.F.,(4,4),(-85.8455507035818,-85.7742386468339),
 .UNSPECIFIED.);
#373=B_SPLINE_CURVE_WITH_KNOTS('',3,(#5721,#5722,#5723,#5724,#5725,#5726,
#5727,#5728,#5729,#5730,#5731),.UNSPECIFIED.,.F.,.F.,(4,1,1,1,1,1,1,1,4),
(15.7079632679489,15.8312680737391,16.8288723750075,17.826476676276,18.8240809775444,
19.8216852788128,20.8192895800812,21.8168938813496,21.9911485751285),
 .UNSPECIFIED.);
#374=B_SPLINE_CURVE_WITH_KNOTS('',3,(#5732,#5733,#5734,#5735,#5736,#5737,
#5738,#5739,#5740,#5741),.UNSPECIFIED.,.F.,.F.,(4,1,1,1,1,1,1,4),(15.707963267949,
16.3952209956102,17.3928252968786,18.390429598147,19.3880338994155,20.3856382006839,
21.3832425019523,21.9911485751285),.UNSPECIFIED.);
#375=B_SPLINE_CURVE_WITH_KNOTS('',3,(#6322,#6323,#6324,#6325,#6326,#6327,
#6328,#6329,#6330,#6331,#6332,#6333,#6334,#6335,#6336,#6337,#6338,#6339,
#6340,#6341,#6342,#6343,#6344,#6345,#6346,#6347,#6348,#6349,#6350,#6351,
#6352,#6353,#6354,#6355,#6356,#6357,#6358,#6359,#6360,#6361,#6362,#6363,
#6364,#6365,#6366,#6367,#6368,#6369,#6370,#6371,#6372,#6373,#6374,#6375,
#6376,#6377,#6378,#6379,#6380,#6381,#6382,#6383,#6384,#6385,#6386,#6387,
#6388,#6389,#6390,#6391,#6392,#6393,#6394,#6395,#6396,#6397,#6398,#6399,
#6400),.UNSPECIFIED.,.F.,.F.,(4,3,3,3,3,3,3,3,3,3,3,3,3,3,3,3,3,3,3,3,3,
3,3,3,3,3,4),(-0.238077416065746,-0.222198103698775,-0.20802048260502,-0.204102641692413,
-0.188452523651862,-0.179283586974373,-0.17608873067919,-0.173161429350225,
-0.158024846943023,-0.14317814139823,-0.135292778590956,-0.130811727195291,
-0.12704542452161,-0.115101030231949,-0.100289215086347,-0.0882544516964476,
-0.0842025329617885,-0.0814862277303301,-0.0671214692662424,-0.0529010061834742,
-0.0459853155360663,-0.0411707321501107,-0.038554472779256,-0.0248791066018651,
-0.0116921179408894,-0.00401110796715268,0.),.UNSPECIFIED.);
#376=B_SPLINE_CURVE_WITH_KNOTS('',3,(#6401,#6402,#6403,#6404,#6405,#6406,
#6407,#6408,#6409,#6410,#6411,#6412,#6413,#6414,#6415,#6416,#6417,#6418,
#6419,#6420,#6421,#6422,#6423,#6424,#6425,#6426,#6427,#6428,#6429,#6430,
#6431,#6432,#6433,#6434,#6435,#6436,#6437,#6438,#6439,#6440,#6441,#6442,
#6443,#6444,#6445,#6446,#6447,#6448,#6449,#6450,#6451,#6452,#6453,#6454,
#6455,#6456,#6457,#6458,#6459,#6460,#6461,#6462,#6463,#6464,#6465,#6466,
#6467,#6468,#6469,#6470,#6471,#6472,#6473,#6474,#6475,#6476,#6477,#6478,
#6479),.UNSPECIFIED.,.F.,.F.,(4,3,3,3,3,3,3,3,3,3,3,3,3,3,3,3,3,3,3,3,3,
3,3,3,3,3,4),(0.,0.0130376482917682,0.0266709394620745,0.0371638010996931,
0.0404483217062221,0.0430627159470486,0.0571405322336483,0.071495861763705,
0.0812753544635347,0.0840089156924048,0.0867186852376836,0.101518850933164,
0.110613832563024,0.125026524521144,0.12878524050678,0.131722816719069,
0.146517402159646,0.161673973303193,0.170607882556939,0.174901991148084,
0.177902661762719,0.193571158758124,0.204287147664789,0.20896513269403,
0.224847801221422,0.233145247333165,0.238077416065713),.UNSPECIFIED.);
#377=B_SPLINE_CURVE_WITH_KNOTS('',3,(#6480,#6481,#6482,#6483,#6484,#6485,
#6486,#6487,#6488,#6489,#6490,#6491,#6492,#6493,#6494,#6495,#6496,#6497,
#6498,#6499,#6500,#6501,#6502,#6503,#6504),.UNSPECIFIED.,.F.,.F.,(4,3,3,
3,3,3,3,3,4),(-10.1502977064631,-9.97604301268419,-8.97843871141578,-7.98083441014736,
-6.98323010887894,-5.98562580761052,-4.9880215063421,-3.99041720507368,
-3.86711239928349),.UNSPECIFIED.);
#378=B_SPLINE_CURVE_WITH_KNOTS('',3,(#7085,#7086,#7087,#7088,#7089,#7090,
#7091,#7092,#7093,#7094,#7095,#7096,#7097,#7098,#7099,#7100,#7101,#7102,
#7103,#7104,#7105,#7106,#7107,#7108,#7109,#7110,#7111,#7112,#7113,#7114,
#7115,#7116,#7117,#7118,#7119,#7120,#7121,#7122,#7123,#7124,#7125,#7126,
#7127,#7128,#7129,#7130,#7131,#7132,#7133,#7134,#7135,#7136,#7137,#7138,
#7139,#7140,#7141,#7142,#7143,#7144,#7145,#7146,#7147,#7148,#7149,#7150,
#7151,#7152,#7153,#7154,#7155,#7156,#7157,#7158,#7159,#7160,#7161,#7162,
#7163),.UNSPECIFIED.,.F.,.F.,(4,3,3,3,3,3,3,3,3,3,3,3,3,3,3,3,3,3,3,3,3,
3,3,3,3,3,4),(-0.239178774929454,-0.225304134570185,-0.21316061483718,-0.209767374818206,
-0.195785072964245,-0.190198302351352,-0.186087759937326,-0.18314805593193,
-0.16863709092167,-0.154097895391697,-0.147324847004075,-0.143074982358804,
-0.140369998828275,-0.128181652055304,-0.113818407047181,-0.10021039182009,
-0.0968647358664403,-0.0939501540099687,-0.0788635075847957,-0.0634457365591974,
-0.0554435285544993,-0.0509471049560874,-0.0472795702274708,-0.0313870606128871,
-0.0156332391441692,-0.0049542852304525,0.),.UNSPECIFIED.);
#379=B_SPLINE_CURVE_WITH_KNOTS('',3,(#7164,#7165,#7166,#7167,#7168,#7169,
#7170,#7171,#7172,#7173,#7174,#7175,#7176,#7177,#7178,#7179,#7180,#7181,
#7182,#7183,#7184,#7185),.UNSPECIFIED.,.F.,.F.,(4,3,3,3,3,3,3,4),(7.59113618205505,
7.98083441014735,8.97843871141577,9.97604301268419,10.9736473139526,11.971251615221,
12.9688559164895,13.8743214892346),.UNSPECIFIED.);
#380=B_SPLINE_CURVE_WITH_KNOTS('',3,(#7186,#7187,#7188,#7189,#7190,#7191,
#7192,#7193,#7194,#7195,#7196,#7197,#7198,#7199,#7200,#7201,#7202,#7203,
#7204,#7205,#7206,#7207,#7208,#7209,#7210,#7211,#7212,#7213,#7214,#7215,
#7216,#7217,#7218,#7219,#7220,#7221,#7222,#7223,#7224,#7225,#7226,#7227,
#7228,#7229,#7230,#7231,#7232,#7233,#7234,#7235,#7236,#7237,#7238,#7239,
#7240,#7241,#7242,#7243,#7244,#7245,#7246,#7247,#7248,#7249,#7250,#7251,
#7252,#7253,#7254,#7255,#7256,#7257,#7258,#7259,#7260,#7261,#7262,#7263,
#7264),.UNSPECIFIED.,.F.,.F.,(4,3,3,3,3,3,3,3,3,3,3,3,3,3,3,3,3,3,3,3,3,
3,3,3,3,3,4),(0.,0.0157332496553983,0.0316482979248261,0.0431514657114303,
0.048063481184231,0.0511397408419816,0.0665961483241218,0.0816995768818955,
0.0921930927158364,0.0957883028866158,0.0986044644129013,0.113219165082425,
0.123673640217659,0.137608542655592,0.141209767055727,0.144085747238642,
0.158622367150577,0.17311949261727,0.180873663505251,0.184855481996789,
0.18801973774357,0.201916590589469,0.211239412226534,0.215332977858355,
0.228647270314931,0.23515285972112,0.239178774929426),.UNSPECIFIED.);
#381=LINE('',#2068,#471);
#382=LINE('',#2098,#472);
#383=LINE('',#2149,#473);
#384=LINE('',#2197,#474);
#385=LINE('',#2248,#475);
#386=LINE('',#2299,#476);
#387=LINE('',#2347,#477);
#388=LINE('',#2395,#478);
#389=LINE('',#2446,#479);
#390=LINE('',#2497,#480);
#391=LINE('',#2545,#481);
#392=LINE('',#2596,#482);
#393=LINE('',#2647,#483);
#394=LINE('',#2695,#484);
#395=LINE('',#2746,#485);
#396=LINE('',#2797,#486);
#397=LINE('',#2845,#487);
#398=LINE('',#2893,#488);
#399=LINE('',#2944,#489);
#400=LINE('',#2995,#490);
#401=LINE('',#3043,#491);
#402=LINE('',#3094,#492);
#403=LINE('',#3133,#493);
#404=LINE('',#3143,#494);
#405=LINE('',#3168,#495);
#406=LINE('',#3193,#496);
#407=LINE('',#3218,#497);
#408=LINE('',#3242,#498);
#409=LINE('',#3267,#499);
#410=LINE('',#3291,#500);
#411=LINE('',#3316,#501);
#412=LINE('',#3340,#502);
#413=LINE('',#3365,#503);
#414=LINE('',#3390,#504);
#415=LINE('',#3414,#505);
#416=LINE('',#3439,#506);
#417=LINE('',#3464,#507);
#418=LINE('',#3488,#508);
#419=LINE('',#3513,#509);
#420=LINE('',#3537,#510);
#421=LINE('',#3562,#511);
#422=LINE('',#3586,#512);
#423=LINE('',#3611,#513);
#424=LINE('',#3636,#514);
#425=LINE('',#3660,#515);
#426=LINE('',#3677,#516);
#427=LINE('',#3701,#517);
#428=LINE('',#3749,#518);
#429=LINE('',#3797,#519);
#430=LINE('',#3848,#520);
#431=LINE('',#3899,#521);
#432=LINE('',#3947,#522);
#433=LINE('',#3995,#523);
#434=LINE('',#4049,#524);
#435=LINE('',#4097,#525);
#436=LINE('',#4145,#526);
#437=LINE('',#4199,#527);
#438=LINE('',#4247,#528);
#439=LINE('',#4295,#529);
#440=LINE('',#4343,#530);
#441=LINE('',#4365,#531);
#442=LINE('',#4389,#532);
#443=LINE('',#4413,#533);
#444=LINE('',#4438,#534);
#445=LINE('',#4463,#535);
#446=LINE('',#4487,#536);
#447=LINE('',#4512,#537);
#448=LINE('',#4537,#538);
#449=LINE('',#4561,#539);
#450=LINE('',#4586,#540);
#451=LINE('',#4610,#541);
#452=LINE('',#4635,#542);
#453=LINE('',#7271,#543);
#454=LINE('',#7273,#544);
#455=LINE('',#7275,#545);
#456=LINE('',#7276,#546);
#457=LINE('',#7279,#547);
#458=LINE('',#7281,#548);
#459=LINE('',#7282,#549);
#460=LINE('',#7285,#550);
#461=LINE('',#7287,#551);
#462=LINE('',#7288,#552);
#463=LINE('',#7291,#553);
#464=LINE('',#7293,#554);
#465=LINE('',#7294,#555);
#466=LINE('',#7297,#556);
#467=LINE('',#7299,#557);
#468=LINE('',#7300,#558);
#469=LINE('',#7302,#559);
#470=LINE('',#7303,#560);
#471=VECTOR('',#1786,1.25);
#472=VECTOR('',#1791,1.25);
#473=VECTOR('',#1794,1.25);
#474=VECTOR('',#1797,1.25);
#475=VECTOR('',#1800,1.25);
#476=VECTOR('',#1803,1.25);
#477=VECTOR('',#1806,1.25);
#478=VECTOR('',#1809,1.25);
#479=VECTOR('',#1812,1.25);
#480=VECTOR('',#1815,1.25);
#481=VECTOR('',#1818,1.25);
#482=VECTOR('',#1821,1.25);
#483=VECTOR('',#1824,1.25);
#484=VECTOR('',#1827,1.25);
#485=VECTOR('',#1830,1.25);
#486=VECTOR('',#1833,1.25);
#487=VECTOR('',#1836,1.25);
#488=VECTOR('',#1839,1.25);
#489=VECTOR('',#1842,1.25);
#490=VECTOR('',#1845,1.25);
#491=VECTOR('',#1848,1.25);
#492=VECTOR('',#1851,1.25);
#493=VECTOR('',#1856,1.29);
#494=VECTOR('',#1861,1.29);
#495=VECTOR('',#1866,1.29);
#496=VECTOR('',#1869,1.29);
#497=VECTOR('',#1872,1.29);
#498=VECTOR('',#1875,1.29);
#499=VECTOR('',#1878,1.29);
#500=VECTOR('',#1881,1.29);
#501=VECTOR('',#1884,1.29);
#502=VECTOR('',#1887,1.29);
#503=VECTOR('',#1890,1.29);
#504=VECTOR('',#1893,1.29);
#505=VECTOR('',#1896,1.29);
#506=VECTOR('',#1899,1.29);
#507=VECTOR('',#1902,1.29);
#508=VECTOR('',#1905,1.29);
#509=VECTOR('',#1908,1.29);
#510=VECTOR('',#1911,1.29);
#511=VECTOR('',#1914,1.29);
#512=VECTOR('',#1917,1.29);
#513=VECTOR('',#1920,1.29);
#514=VECTOR('',#1923,1.29);
#515=VECTOR('',#1926,1.29);
#516=VECTOR('',#1931,1.25);
#517=VECTOR('',#1936,1.25);
#518=VECTOR('',#1939,1.25);
#519=VECTOR('',#1942,1.25);
#520=VECTOR('',#1945,1.25);
#521=VECTOR('',#1948,1.25);
#522=VECTOR('',#1951,1.25);
#523=VECTOR('',#1954,1.25);
#524=VECTOR('',#1957,1.25);
#525=VECTOR('',#1960,1.25);
#526=VECTOR('',#1963,1.25);
#527=VECTOR('',#1966,1.25);
#528=VECTOR('',#1969,1.25);
#529=VECTOR('',#1972,1.25);
#530=VECTOR('',#1975,0.95825);
#531=VECTOR('',#1980,0.95825);
#532=VECTOR('',#1983,0.95825);
#533=VECTOR('',#1986,0.95825);
#534=VECTOR('',#1989,0.95825);
#535=VECTOR('',#1992,0.95825);
#536=VECTOR('',#1995,0.95825);
#537=VECTOR('',#1998,0.95825);
#538=VECTOR('',#2001,0.95825);
#539=VECTOR('',#2004,0.95825);
#540=VECTOR('',#2007,0.95825);
#541=VECTOR('',#2010,0.95825);
#542=VECTOR('',#2013,0.95825);
#543=VECTOR('',#2032,10.);
#544=VECTOR('',#2033,10.);
#545=VECTOR('',#2034,10.);
#546=VECTOR('',#2035,10.);
#547=VECTOR('',#2038,10.);
#548=VECTOR('',#2039,10.);
#549=VECTOR('',#2040,10.);
#550=VECTOR('',#2043,10.);
#551=VECTOR('',#2044,10.);
#552=VECTOR('',#2045,10.);
#553=VECTOR('',#2048,10.);
#554=VECTOR('',#2049,10.);
#555=VECTOR('',#2050,10.);
#556=VECTOR('',#2053,10.);
#557=VECTOR('',#2054,10.);
#558=VECTOR('',#2055,10.);
#559=VECTOR('',#2058,10.);
#560=VECTOR('',#2059,10.);
#561=VERTEX_POINT('',#2066);
#562=VERTEX_POINT('',#2067);
#563=VERTEX_POINT('',#2069);
#564=VERTEX_POINT('',#2080);
#565=VERTEX_POINT('',#2096);
#566=VERTEX_POINT('',#2097);
#567=VERTEX_POINT('',#2147);
#568=VERTEX_POINT('',#2148);
#569=VERTEX_POINT('',#2195);
#570=VERTEX_POINT('',#2196);
#571=VERTEX_POINT('',#2246);
#572=VERTEX_POINT('',#2247);
#573=VERTEX_POINT('',#2297);
#574=VERTEX_POINT('',#2298);
#575=VERTEX_POINT('',#2345);
#576=VERTEX_POINT('',#2346);
#577=VERTEX_POINT('',#2393);
#578=VERTEX_POINT('',#2394);
#579=VERTEX_POINT('',#2444);
#580=VERTEX_POINT('',#2445);
#581=VERTEX_POINT('',#2495);
#582=VERTEX_POINT('',#2496);
#583=VERTEX_POINT('',#2543);
#584=VERTEX_POINT('',#2544);
#585=VERTEX_POINT('',#2594);
#586=VERTEX_POINT('',#2595);
#587=VERTEX_POINT('',#2645);
#588=VERTEX_POINT('',#2646);
#589=VERTEX_POINT('',#2693);
#590=VERTEX_POINT('',#2694);
#591=VERTEX_POINT('',#2744);
#592=VERTEX_POINT('',#2745);
#593=VERTEX_POINT('',#2795);
#594=VERTEX_POINT('',#2796);
#595=VERTEX_POINT('',#2843);
#596=VERTEX_POINT('',#2844);
#597=VERTEX_POINT('',#2891);
#598=VERTEX_POINT('',#2892);
#599=VERTEX_POINT('',#2942);
#600=VERTEX_POINT('',#2943);
#601=VERTEX_POINT('',#2993);
#602=VERTEX_POINT('',#2994);
#603=VERTEX_POINT('',#3041);
#604=VERTEX_POINT('',#3042);
#605=VERTEX_POINT('',#3092);
#606=VERTEX_POINT('',#3093);
#607=VERTEX_POINT('',#3095);
#608=VERTEX_POINT('',#3109);
#609=VERTEX_POINT('',#3131);
#610=VERTEX_POINT('',#3132);
#611=VERTEX_POINT('',#3134);
#612=VERTEX_POINT('',#3141);
#613=VERTEX_POINT('',#3142);
#614=VERTEX_POINT('',#3144);
#615=VERTEX_POINT('',#3166);
#616=VERTEX_POINT('',#3167);
#617=VERTEX_POINT('',#3191);
#618=VERTEX_POINT('',#3192);
#619=VERTEX_POINT('',#3216);
#620=VERTEX_POINT('',#3217);
#621=VERTEX_POINT('',#3240);
#622=VERTEX_POINT('',#3241);
#623=VERTEX_POINT('',#3265);
#624=VERTEX_POINT('',#3266);
#625=VERTEX_POINT('',#3289);
#626=VERTEX_POINT('',#3290);
#627=VERTEX_POINT('',#3314);
#628=VERTEX_POINT('',#3315);
#629=VERTEX_POINT('',#3338);
#630=VERTEX_POINT('',#3339);
#631=VERTEX_POINT('',#3363);
#632=VERTEX_POINT('',#3364);
#633=VERTEX_POINT('',#3388);
#634=VERTEX_POINT('',#3389);
#635=VERTEX_POINT('',#3412);
#636=VERTEX_POINT('',#3413);
#637=VERTEX_POINT('',#3437);
#638=VERTEX_POINT('',#3438);
#639=VERTEX_POINT('',#3462);
#640=VERTEX_POINT('',#3463);
#641=VERTEX_POINT('',#3486);
#642=VERTEX_POINT('',#3487);
#643=VERTEX_POINT('',#3511);
#644=VERTEX_POINT('',#3512);
#645=VERTEX_POINT('',#3535);
#646=VERTEX_POINT('',#3536);
#647=VERTEX_POINT('',#3560);
#648=VERTEX_POINT('',#3561);
#649=VERTEX_POINT('',#3584);
#650=VERTEX_POINT('',#3585);
#651=VERTEX_POINT('',#3609);
#652=VERTEX_POINT('',#3610);
#653=VERTEX_POINT('',#3634);
#654=VERTEX_POINT('',#3635);
#655=VERTEX_POINT('',#3658);
#656=VERTEX_POINT('',#3659);
#657=VERTEX_POINT('',#3661);
#658=VERTEX_POINT('',#3667);
#659=VERTEX_POINT('',#3675);
#660=VERTEX_POINT('',#3676);
#661=VERTEX_POINT('',#3678);
#662=VERTEX_POINT('',#3689);
#663=VERTEX_POINT('',#3699);
#664=VERTEX_POINT('',#3700);
#665=VERTEX_POINT('',#3747);
#666=VERTEX_POINT('',#3748);
#667=VERTEX_POINT('',#3795);
#668=VERTEX_POINT('',#3796);
#669=VERTEX_POINT('',#3846);
#670=VERTEX_POINT('',#3847);
#671=VERTEX_POINT('',#3897);
#672=VERTEX_POINT('',#3898);
#673=VERTEX_POINT('',#3945);
#674=VERTEX_POINT('',#3946);
#675=VERTEX_POINT('',#3993);
#676=VERTEX_POINT('',#3994);
#677=VERTEX_POINT('',#4047);
#678=VERTEX_POINT('',#4048);
#679=VERTEX_POINT('',#4095);
#680=VERTEX_POINT('',#4096);
#681=VERTEX_POINT('',#4143);
#682=VERTEX_POINT('',#4144);
#683=VERTEX_POINT('',#4197);
#684=VERTEX_POINT('',#4198);
#685=VERTEX_POINT('',#4245);
#686=VERTEX_POINT('',#4246);
#687=VERTEX_POINT('',#4293);
#688=VERTEX_POINT('',#4294);
#689=VERTEX_POINT('',#4341);
#690=VERTEX_POINT('',#4342);
#691=VERTEX_POINT('',#4344);
#692=VERTEX_POINT('',#4353);
#693=VERTEX_POINT('',#4363);
#694=VERTEX_POINT('',#4364);
#695=VERTEX_POINT('',#4387);
#696=VERTEX_POINT('',#4388);
#697=VERTEX_POINT('',#4411);
#698=VERTEX_POINT('',#4412);
#699=VERTEX_POINT('',#4436);
#700=VERTEX_POINT('',#4437);
#701=VERTEX_POINT('',#4461);
#702=VERTEX_POINT('',#4462);
#703=VERTEX_POINT('',#4485);
#704=VERTEX_POINT('',#4486);
#705=VERTEX_POINT('',#4510);
#706=VERTEX_POINT('',#4511);
#707=VERTEX_POINT('',#4535);
#708=VERTEX_POINT('',#4536);
#709=VERTEX_POINT('',#4559);
#710=VERTEX_POINT('',#4560);
#711=VERTEX_POINT('',#4584);
#712=VERTEX_POINT('',#4585);
#713=VERTEX_POINT('',#4608);
#714=VERTEX_POINT('',#4609);
#715=VERTEX_POINT('',#4633);
#716=VERTEX_POINT('',#4634);
#717=VERTEX_POINT('',#5012);
#718=VERTEX_POINT('',#5099);
#719=VERTEX_POINT('',#5189);
#720=VERTEX_POINT('',#5555);
#721=VERTEX_POINT('',#7269);
#722=VERTEX_POINT('',#7270);
#723=VERTEX_POINT('',#7272);
#724=VERTEX_POINT('',#7274);
#725=VERTEX_POINT('',#7278);
#726=VERTEX_POINT('',#7280);
#727=VERTEX_POINT('',#7284);
#728=VERTEX_POINT('',#7286);
#729=VERTEX_POINT('',#7290);
#730=VERTEX_POINT('',#7292);
#731=VERTEX_POINT('',#7296);
#732=VERTEX_POINT('',#7298);
#733=EDGE_CURVE('',#561,#562,#381,.T.);
#734=EDGE_CURVE('',#562,#563,#222,.T.);
#735=EDGE_CURVE('',#563,#564,#213,.F.);
#736=EDGE_CURVE('',#564,#561,#223,.T.);
#737=EDGE_CURVE('',#565,#566,#382,.T.);
#738=EDGE_CURVE('',#566,#562,#224,.T.);
#739=EDGE_CURVE('',#561,#565,#225,.T.);
#740=EDGE_CURVE('',#567,#568,#383,.T.);
#741=EDGE_CURVE('',#568,#566,#226,.T.);
#742=EDGE_CURVE('',#565,#567,#227,.T.);
#743=EDGE_CURVE('',#569,#570,#384,.T.);
#744=EDGE_CURVE('',#570,#568,#228,.T.);
#745=EDGE_CURVE('',#567,#569,#229,.T.);
#746=EDGE_CURVE('',#571,#572,#385,.T.);
#747=EDGE_CURVE('',#572,#570,#230,.T.);
#748=EDGE_CURVE('',#569,#571,#231,.T.);
#749=EDGE_CURVE('',#573,#574,#386,.T.);
#750=EDGE_CURVE('',#574,#572,#232,.T.);
#751=EDGE_CURVE('',#571,#573,#233,.T.);
#752=EDGE_CURVE('',#575,#576,#387,.T.);
#753=EDGE_CURVE('',#576,#574,#234,.T.);
#754=EDGE_CURVE('',#573,#575,#235,.T.);
#755=EDGE_CURVE('',#577,#578,#388,.T.);
#756=EDGE_CURVE('',#578,#576,#236,.T.);
#757=EDGE_CURVE('',#575,#577,#237,.T.);
#758=EDGE_CURVE('',#579,#580,#389,.T.);
#759=EDGE_CURVE('',#580,#578,#238,.T.);
#760=EDGE_CURVE('',#577,#579,#239,.T.);
#761=EDGE_CURVE('',#581,#582,#390,.T.);
#762=EDGE_CURVE('',#582,#580,#240,.T.);
#763=EDGE_CURVE('',#579,#581,#241,.T.);
#764=EDGE_CURVE('',#583,#584,#391,.T.);
#765=EDGE_CURVE('',#584,#582,#242,.T.);
#766=EDGE_CURVE('',#581,#583,#243,.T.);
#767=EDGE_CURVE('',#585,#586,#392,.T.);
#768=EDGE_CURVE('',#586,#584,#244,.T.);
#769=EDGE_CURVE('',#583,#585,#245,.T.);
#770=EDGE_CURVE('',#587,#588,#393,.T.);
#771=EDGE_CURVE('',#588,#586,#246,.T.);
#772=EDGE_CURVE('',#585,#587,#247,.T.);
#773=EDGE_CURVE('',#589,#590,#394,.T.);
#774=EDGE_CURVE('',#590,#588,#248,.T.);
#775=EDGE_CURVE('',#587,#589,#249,.T.);
#776=EDGE_CURVE('',#591,#592,#395,.T.);
#777=EDGE_CURVE('',#592,#590,#250,.T.);
#778=EDGE_CURVE('',#589,#591,#251,.T.);
#779=EDGE_CURVE('',#593,#594,#396,.T.);
#780=EDGE_CURVE('',#594,#592,#252,.T.);
#781=EDGE_CURVE('',#591,#593,#253,.T.);
#782=EDGE_CURVE('',#595,#596,#397,.T.);
#783=EDGE_CURVE('',#596,#594,#254,.T.);
#784=EDGE_CURVE('',#593,#595,#255,.T.);
#785=EDGE_CURVE('',#597,#598,#398,.T.);
#786=EDGE_CURVE('',#598,#596,#256,.T.);
#787=EDGE_CURVE('',#595,#597,#257,.T.);
#788=EDGE_CURVE('',#599,#600,#399,.T.);
#789=EDGE_CURVE('',#600,#598,#258,.T.);
#790=EDGE_CURVE('',#597,#599,#259,.T.);
#791=EDGE_CURVE('',#601,#602,#400,.T.);
#792=EDGE_CURVE('',#602,#600,#260,.T.);
#793=EDGE_CURVE('',#599,#601,#261,.T.);
#794=EDGE_CURVE('',#603,#604,#401,.T.);
#795=EDGE_CURVE('',#604,#602,#262,.T.);
#796=EDGE_CURVE('',#601,#603,#263,.T.);
#797=EDGE_CURVE('',#605,#606,#402,.T.);
#798=EDGE_CURVE('',#605,#607,#264,.T.);
#799=EDGE_CURVE('',#608,#607,#214,.F.);
#800=EDGE_CURVE('',#608,#606,#265,.T.);
#801=EDGE_CURVE('',#609,#610,#403,.T.);
#802=EDGE_CURVE('',#611,#610,#215,.T.);
#803=EDGE_CURVE('',#609,#611,#266,.T.);
#804=EDGE_CURVE('',#612,#613,#404,.T.);
#805=EDGE_CURVE('',#613,#614,#267,.T.);
#806=EDGE_CURVE('',#610,#614,#216,.T.);
#807=EDGE_CURVE('',#612,#609,#268,.T.);
#808=EDGE_CURVE('',#615,#616,#405,.T.);
#809=EDGE_CURVE('',#616,#613,#269,.T.);
#810=EDGE_CURVE('',#615,#612,#270,.T.);
#811=EDGE_CURVE('',#617,#618,#406,.T.);
#812=EDGE_CURVE('',#618,#616,#271,.T.);
#813=EDGE_CURVE('',#617,#615,#272,.T.);
#814=EDGE_CURVE('',#619,#620,#407,.T.);
#815=EDGE_CURVE('',#620,#618,#273,.T.);
#816=EDGE_CURVE('',#619,#617,#274,.T.);
#817=EDGE_CURVE('',#621,#622,#408,.T.);
#818=EDGE_CURVE('',#622,#620,#275,.T.);
#819=EDGE_CURVE('',#621,#619,#276,.T.);
#820=EDGE_CURVE('',#623,#624,#409,.T.);
#821=EDGE_CURVE('',#624,#622,#277,.T.);
#822=EDGE_CURVE('',#623,#621,#278,.T.);
#823=EDGE_CURVE('',#625,#626,#410,.T.);
#824=EDGE_CURVE('',#626,#624,#279,.T.);
#825=EDGE_CURVE('',#625,#623,#280,.T.);
#826=EDGE_CURVE('',#627,#628,#411,.T.);
#827=EDGE_CURVE('',#628,#626,#281,.T.);
#828=EDGE_CURVE('',#627,#625,#282,.T.);
#829=EDGE_CURVE('',#629,#630,#412,.T.);
#830=EDGE_CURVE('',#630,#628,#283,.T.);
#831=EDGE_CURVE('',#629,#627,#284,.T.);
#832=EDGE_CURVE('',#631,#632,#413,.T.);
#833=EDGE_CURVE('',#632,#630,#285,.T.);
#834=EDGE_CURVE('',#631,#629,#286,.T.);
#835=EDGE_CURVE('',#633,#634,#414,.T.);
#836=EDGE_CURVE('',#634,#632,#287,.T.);
#837=EDGE_CURVE('',#633,#631,#288,.T.);
#838=EDGE_CURVE('',#635,#636,#415,.T.);
#839=EDGE_CURVE('',#636,#634,#289,.T.);
#840=EDGE_CURVE('',#635,#633,#290,.T.);
#841=EDGE_CURVE('',#637,#638,#416,.T.);
#842=EDGE_CURVE('',#638,#636,#291,.T.);
#843=EDGE_CURVE('',#637,#635,#292,.T.);
#844=EDGE_CURVE('',#639,#640,#417,.T.);
#845=EDGE_CURVE('',#640,#638,#293,.T.);
#846=EDGE_CURVE('',#639,#637,#294,.T.);
#847=EDGE_CURVE('',#641,#642,#418,.T.);
#848=EDGE_CURVE('',#642,#640,#295,.T.);
#849=EDGE_CURVE('',#641,#639,#296,.T.);
#850=EDGE_CURVE('',#643,#644,#419,.T.);
#851=EDGE_CURVE('',#644,#642,#297,.T.);
#852=EDGE_CURVE('',#643,#641,#298,.T.);
#853=EDGE_CURVE('',#645,#646,#420,.T.);
#854=EDGE_CURVE('',#646,#644,#299,.T.);
#855=EDGE_CURVE('',#645,#643,#300,.T.);
#856=EDGE_CURVE('',#647,#648,#421,.T.);
#857=EDGE_CURVE('',#648,#646,#301,.T.);
#858=EDGE_CURVE('',#647,#645,#302,.T.);
#859=EDGE_CURVE('',#649,#650,#422,.T.);
#860=EDGE_CURVE('',#650,#648,#303,.T.);
#861=EDGE_CURVE('',#649,#647,#304,.T.);
#862=EDGE_CURVE('',#651,#652,#423,.T.);
#863=EDGE_CURVE('',#652,#650,#305,.T.);
#864=EDGE_CURVE('',#651,#649,#306,.T.);
#865=EDGE_CURVE('',#653,#654,#424,.T.);
#866=EDGE_CURVE('',#654,#652,#307,.T.);
#867=EDGE_CURVE('',#653,#651,#308,.T.);
#868=EDGE_CURVE('',#655,#656,#425,.T.);
#869=EDGE_CURVE('',#657,#655,#309,.T.);
#870=EDGE_CURVE('',#658,#657,#217,.T.);
#871=EDGE_CURVE('',#658,#656,#310,.T.);
#872=EDGE_CURVE('',#659,#660,#426,.T.);
#873=EDGE_CURVE('',#659,#661,#311,.T.);
#874=EDGE_CURVE('',#662,#661,#218,.T.);
#875=EDGE_CURVE('',#662,#660,#312,.T.);
#876=EDGE_CURVE('',#663,#664,#427,.T.);
#877=EDGE_CURVE('',#663,#659,#313,.T.);
#878=EDGE_CURVE('',#660,#664,#314,.T.);
#879=EDGE_CURVE('',#665,#666,#428,.T.);
#880=EDGE_CURVE('',#665,#663,#315,.T.);
#881=EDGE_CURVE('',#664,#666,#316,.T.);
#882=EDGE_CURVE('',#667,#668,#429,.T.);
#883=EDGE_CURVE('',#667,#665,#317,.T.);
#884=EDGE_CURVE('',#666,#668,#318,.T.);
#885=EDGE_CURVE('',#669,#670,#430,.T.);
#886=EDGE_CURVE('',#669,#667,#319,.T.);
#887=EDGE_CURVE('',#668,#670,#320,.T.);
#888=EDGE_CURVE('',#671,#672,#431,.T.);
#889=EDGE_CURVE('',#671,#669,#321,.T.);
#890=EDGE_CURVE('',#670,#672,#322,.T.);
#891=EDGE_CURVE('',#673,#674,#432,.T.);
#892=EDGE_CURVE('',#673,#671,#323,.T.);
#893=EDGE_CURVE('',#672,#674,#324,.T.);
#894=EDGE_CURVE('',#675,#676,#433,.T.);
#895=EDGE_CURVE('',#675,#673,#325,.T.);
#896=EDGE_CURVE('',#674,#676,#326,.T.);
#897=EDGE_CURVE('',#677,#678,#434,.T.);
#898=EDGE_CURVE('',#677,#675,#327,.T.);
#899=EDGE_CURVE('',#676,#678,#328,.T.);
#900=EDGE_CURVE('',#679,#680,#435,.T.);
#901=EDGE_CURVE('',#679,#677,#329,.T.);
#902=EDGE_CURVE('',#678,#680,#330,.T.);
#903=EDGE_CURVE('',#681,#682,#436,.T.);
#904=EDGE_CURVE('',#681,#679,#331,.T.);
#905=EDGE_CURVE('',#680,#682,#332,.T.);
#906=EDGE_CURVE('',#683,#684,#437,.T.);
#907=EDGE_CURVE('',#683,#681,#333,.T.);
#908=EDGE_CURVE('',#682,#684,#334,.T.);
#909=EDGE_CURVE('',#685,#686,#438,.T.);
#910=EDGE_CURVE('',#685,#683,#335,.T.);
#911=EDGE_CURVE('',#684,#686,#336,.T.);
#912=EDGE_CURVE('',#687,#688,#439,.T.);
#913=EDGE_CURVE('',#687,#685,#337,.T.);
#914=EDGE_CURVE('',#686,#688,#338,.T.);
#915=EDGE_CURVE('',#689,#690,#440,.T.);
#916=EDGE_CURVE('',#689,#691,#339,.T.);
#917=EDGE_CURVE('',#692,#691,#219,.T.);
#918=EDGE_CURVE('',#690,#692,#340,.T.);
#919=EDGE_CURVE('',#693,#694,#441,.T.);
#920=EDGE_CURVE('',#693,#689,#341,.T.);
#921=EDGE_CURVE('',#694,#690,#342,.T.);
#922=EDGE_CURVE('',#695,#696,#442,.T.);
#923=EDGE_CURVE('',#695,#693,#343,.T.);
#924=EDGE_CURVE('',#696,#694,#344,.T.);
#925=EDGE_CURVE('',#697,#698,#443,.T.);
#926=EDGE_CURVE('',#697,#695,#345,.T.);
#927=EDGE_CURVE('',#698,#696,#346,.T.);
#928=EDGE_CURVE('',#699,#700,#444,.T.);
#929=EDGE_CURVE('',#699,#697,#347,.T.);
#930=EDGE_CURVE('',#700,#698,#348,.T.);
#931=EDGE_CURVE('',#701,#702,#445,.T.);
#932=EDGE_CURVE('',#701,#699,#349,.T.);
#933=EDGE_CURVE('',#702,#700,#350,.T.);
#934=EDGE_CURVE('',#703,#704,#446,.T.);
#935=EDGE_CURVE('',#703,#701,#351,.T.);
#936=EDGE_CURVE('',#704,#702,#352,.T.);
#937=EDGE_CURVE('',#705,#706,#447,.T.);
#938=EDGE_CURVE('',#705,#703,#353,.T.);
#939=EDGE_CURVE('',#706,#704,#354,.T.);
#940=EDGE_CURVE('',#707,#708,#448,.T.);
#941=EDGE_CURVE('',#707,#705,#355,.T.);
#942=EDGE_CURVE('',#708,#706,#356,.T.);
#943=EDGE_CURVE('',#709,#710,#449,.T.);
#944=EDGE_CURVE('',#709,#707,#357,.T.);
#945=EDGE_CURVE('',#710,#708,#358,.T.);
#946=EDGE_CURVE('',#711,#712,#450,.T.);
#947=EDGE_CURVE('',#711,#709,#359,.T.);
#948=EDGE_CURVE('',#712,#710,#360,.T.);
#949=EDGE_CURVE('',#713,#714,#451,.T.);
#950=EDGE_CURVE('',#713,#711,#361,.T.);
#951=EDGE_CURVE('',#714,#712,#362,.T.);
#952=EDGE_CURVE('',#715,#716,#452,.T.);
#953=EDGE_CURVE('',#715,#713,#363,.T.);
#954=EDGE_CURVE('',#716,#714,#364,.T.);
#955=EDGE_CURVE('',#717,#692,#365,.T.);
#956=EDGE_CURVE('',#688,#717,#366,.T.);
#957=EDGE_CURVE('',#718,#662,#367,.T.);
#958=EDGE_CURVE('',#718,#716,#368,.T.);
#959=EDGE_CURVE('',#719,#718,#220,.T.);
#960=EDGE_CURVE('',#719,#715,#369,.T.);
#961=EDGE_CURVE('',#691,#720,#370,.T.);
#962=EDGE_CURVE('',#661,#719,#371,.T.);
#963=EDGE_CURVE('',#720,#687,#372,.T.);
#964=EDGE_CURVE('',#720,#717,#221,.F.);
#965=EDGE_CURVE('',#656,#654,#373,.T.);
#966=EDGE_CURVE('',#655,#653,#374,.T.);
#967=EDGE_CURVE('',#614,#564,#375,.T.);
#968=EDGE_CURVE('',#607,#658,#376,.T.);
#969=EDGE_CURVE('',#603,#605,#377,.T.);
#970=EDGE_CURVE('',#563,#611,#378,.T.);
#971=EDGE_CURVE('',#606,#604,#379,.T.);
#972=EDGE_CURVE('',#657,#608,#380,.T.);
#973=EDGE_CURVE('',#721,#722,#453,.T.);
#974=EDGE_CURVE('',#722,#723,#454,.T.);
#975=EDGE_CURVE('',#724,#723,#455,.T.);
#976=EDGE_CURVE('',#721,#724,#456,.T.);
#977=EDGE_CURVE('',#725,#721,#457,.T.);
#978=EDGE_CURVE('',#726,#724,#458,.T.);
#979=EDGE_CURVE('',#725,#726,#459,.T.);
#980=EDGE_CURVE('',#727,#725,#460,.T.);
#981=EDGE_CURVE('',#728,#726,#461,.T.);
#982=EDGE_CURVE('',#727,#728,#462,.T.);
#983=EDGE_CURVE('',#729,#727,#463,.T.);
#984=EDGE_CURVE('',#730,#728,#464,.T.);
#985=EDGE_CURVE('',#729,#730,#465,.T.);
#986=EDGE_CURVE('',#731,#729,#466,.T.);
#987=EDGE_CURVE('',#732,#730,#467,.T.);
#988=EDGE_CURVE('',#731,#732,#468,.T.);
#989=EDGE_CURVE('',#722,#731,#469,.T.);
#990=EDGE_CURVE('',#723,#732,#470,.T.);
#991=ORIENTED_EDGE('',*,*,#733,.T.);
#992=ORIENTED_EDGE('',*,*,#734,.T.);
#993=ORIENTED_EDGE('',*,*,#735,.T.);
#994=ORIENTED_EDGE('',*,*,#736,.T.);
#995=ORIENTED_EDGE('',*,*,#737,.T.);
#996=ORIENTED_EDGE('',*,*,#738,.T.);
#997=ORIENTED_EDGE('',*,*,#733,.F.);
#998=ORIENTED_EDGE('',*,*,#739,.T.);
#999=ORIENTED_EDGE('',*,*,#740,.T.);
#1000=ORIENTED_EDGE('',*,*,#741,.T.);
#1001=ORIENTED_EDGE('',*,*,#737,.F.);
#1002=ORIENTED_EDGE('',*,*,#742,.T.);
#1003=ORIENTED_EDGE('',*,*,#743,.T.);
#1004=ORIENTED_EDGE('',*,*,#744,.T.);
#1005=ORIENTED_EDGE('',*,*,#740,.F.);
#1006=ORIENTED_EDGE('',*,*,#745,.T.);
#1007=ORIENTED_EDGE('',*,*,#746,.T.);
#1008=ORIENTED_EDGE('',*,*,#747,.T.);
#1009=ORIENTED_EDGE('',*,*,#743,.F.);
#1010=ORIENTED_EDGE('',*,*,#748,.T.);
#1011=ORIENTED_EDGE('',*,*,#749,.T.);
#1012=ORIENTED_EDGE('',*,*,#750,.T.);
#1013=ORIENTED_EDGE('',*,*,#746,.F.);
#1014=ORIENTED_EDGE('',*,*,#751,.T.);
#1015=ORIENTED_EDGE('',*,*,#752,.T.);
#1016=ORIENTED_EDGE('',*,*,#753,.T.);
#1017=ORIENTED_EDGE('',*,*,#749,.F.);
#1018=ORIENTED_EDGE('',*,*,#754,.T.);
#1019=ORIENTED_EDGE('',*,*,#755,.T.);
#1020=ORIENTED_EDGE('',*,*,#756,.T.);
#1021=ORIENTED_EDGE('',*,*,#752,.F.);
#1022=ORIENTED_EDGE('',*,*,#757,.T.);
#1023=ORIENTED_EDGE('',*,*,#758,.T.);
#1024=ORIENTED_EDGE('',*,*,#759,.T.);
#1025=ORIENTED_EDGE('',*,*,#755,.F.);
#1026=ORIENTED_EDGE('',*,*,#760,.T.);
#1027=ORIENTED_EDGE('',*,*,#761,.T.);
#1028=ORIENTED_EDGE('',*,*,#762,.T.);
#1029=ORIENTED_EDGE('',*,*,#758,.F.);
#1030=ORIENTED_EDGE('',*,*,#763,.T.);
#1031=ORIENTED_EDGE('',*,*,#764,.T.);
#1032=ORIENTED_EDGE('',*,*,#765,.T.);
#1033=ORIENTED_EDGE('',*,*,#761,.F.);
#1034=ORIENTED_EDGE('',*,*,#766,.T.);
#1035=ORIENTED_EDGE('',*,*,#767,.T.);
#1036=ORIENTED_EDGE('',*,*,#768,.T.);
#1037=ORIENTED_EDGE('',*,*,#764,.F.);
#1038=ORIENTED_EDGE('',*,*,#769,.T.);
#1039=ORIENTED_EDGE('',*,*,#770,.T.);
#1040=ORIENTED_EDGE('',*,*,#771,.T.);
#1041=ORIENTED_EDGE('',*,*,#767,.F.);
#1042=ORIENTED_EDGE('',*,*,#772,.T.);
#1043=ORIENTED_EDGE('',*,*,#773,.T.);
#1044=ORIENTED_EDGE('',*,*,#774,.T.);
#1045=ORIENTED_EDGE('',*,*,#770,.F.);
#1046=ORIENTED_EDGE('',*,*,#775,.T.);
#1047=ORIENTED_EDGE('',*,*,#776,.T.);
#1048=ORIENTED_EDGE('',*,*,#777,.T.);
#1049=ORIENTED_EDGE('',*,*,#773,.F.);
#1050=ORIENTED_EDGE('',*,*,#778,.T.);
#1051=ORIENTED_EDGE('',*,*,#779,.T.);
#1052=ORIENTED_EDGE('',*,*,#780,.T.);
#1053=ORIENTED_EDGE('',*,*,#776,.F.);
#1054=ORIENTED_EDGE('',*,*,#781,.T.);
#1055=ORIENTED_EDGE('',*,*,#782,.T.);
#1056=ORIENTED_EDGE('',*,*,#783,.T.);
#1057=ORIENTED_EDGE('',*,*,#779,.F.);
#1058=ORIENTED_EDGE('',*,*,#784,.T.);
#1059=ORIENTED_EDGE('',*,*,#785,.T.);
#1060=ORIENTED_EDGE('',*,*,#786,.T.);
#1061=ORIENTED_EDGE('',*,*,#782,.F.);
#1062=ORIENTED_EDGE('',*,*,#787,.T.);
#1063=ORIENTED_EDGE('',*,*,#788,.T.);
#1064=ORIENTED_EDGE('',*,*,#789,.T.);
#1065=ORIENTED_EDGE('',*,*,#785,.F.);
#1066=ORIENTED_EDGE('',*,*,#790,.T.);
#1067=ORIENTED_EDGE('',*,*,#791,.T.);
#1068=ORIENTED_EDGE('',*,*,#792,.T.);
#1069=ORIENTED_EDGE('',*,*,#788,.F.);
#1070=ORIENTED_EDGE('',*,*,#793,.T.);
#1071=ORIENTED_EDGE('',*,*,#794,.T.);
#1072=ORIENTED_EDGE('',*,*,#795,.T.);
#1073=ORIENTED_EDGE('',*,*,#791,.F.);
#1074=ORIENTED_EDGE('',*,*,#796,.T.);
#1075=ORIENTED_EDGE('',*,*,#797,.F.);
#1076=ORIENTED_EDGE('',*,*,#798,.T.);
#1077=ORIENTED_EDGE('',*,*,#799,.F.);
#1078=ORIENTED_EDGE('',*,*,#800,.T.);
#1079=ORIENTED_EDGE('',*,*,#801,.T.);
#1080=ORIENTED_EDGE('',*,*,#802,.F.);
#1081=ORIENTED_EDGE('',*,*,#803,.F.);
#1082=ORIENTED_EDGE('',*,*,#804,.T.);
#1083=ORIENTED_EDGE('',*,*,#805,.T.);
#1084=ORIENTED_EDGE('',*,*,#806,.F.);
#1085=ORIENTED_EDGE('',*,*,#801,.F.);
#1086=ORIENTED_EDGE('',*,*,#807,.F.);
#1087=ORIENTED_EDGE('',*,*,#808,.T.);
#1088=ORIENTED_EDGE('',*,*,#809,.T.);
#1089=ORIENTED_EDGE('',*,*,#804,.F.);
#1090=ORIENTED_EDGE('',*,*,#810,.F.);
#1091=ORIENTED_EDGE('',*,*,#811,.T.);
#1092=ORIENTED_EDGE('',*,*,#812,.T.);
#1093=ORIENTED_EDGE('',*,*,#808,.F.);
#1094=ORIENTED_EDGE('',*,*,#813,.F.);
#1095=ORIENTED_EDGE('',*,*,#814,.T.);
#1096=ORIENTED_EDGE('',*,*,#815,.T.);
#1097=ORIENTED_EDGE('',*,*,#811,.F.);
#1098=ORIENTED_EDGE('',*,*,#816,.F.);
#1099=ORIENTED_EDGE('',*,*,#817,.T.);
#1100=ORIENTED_EDGE('',*,*,#818,.T.);
#1101=ORIENTED_EDGE('',*,*,#814,.F.);
#1102=ORIENTED_EDGE('',*,*,#819,.F.);
#1103=ORIENTED_EDGE('',*,*,#820,.T.);
#1104=ORIENTED_EDGE('',*,*,#821,.T.);
#1105=ORIENTED_EDGE('',*,*,#817,.F.);
#1106=ORIENTED_EDGE('',*,*,#822,.F.);
#1107=ORIENTED_EDGE('',*,*,#823,.T.);
#1108=ORIENTED_EDGE('',*,*,#824,.T.);
#1109=ORIENTED_EDGE('',*,*,#820,.F.);
#1110=ORIENTED_EDGE('',*,*,#825,.F.);
#1111=ORIENTED_EDGE('',*,*,#826,.T.);
#1112=ORIENTED_EDGE('',*,*,#827,.T.);
#1113=ORIENTED_EDGE('',*,*,#823,.F.);
#1114=ORIENTED_EDGE('',*,*,#828,.F.);
#1115=ORIENTED_EDGE('',*,*,#829,.T.);
#1116=ORIENTED_EDGE('',*,*,#830,.T.);
#1117=ORIENTED_EDGE('',*,*,#826,.F.);
#1118=ORIENTED_EDGE('',*,*,#831,.F.);
#1119=ORIENTED_EDGE('',*,*,#832,.T.);
#1120=ORIENTED_EDGE('',*,*,#833,.T.);
#1121=ORIENTED_EDGE('',*,*,#829,.F.);
#1122=ORIENTED_EDGE('',*,*,#834,.F.);
#1123=ORIENTED_EDGE('',*,*,#835,.T.);
#1124=ORIENTED_EDGE('',*,*,#836,.T.);
#1125=ORIENTED_EDGE('',*,*,#832,.F.);
#1126=ORIENTED_EDGE('',*,*,#837,.F.);
#1127=ORIENTED_EDGE('',*,*,#838,.T.);
#1128=ORIENTED_EDGE('',*,*,#839,.T.);
#1129=ORIENTED_EDGE('',*,*,#835,.F.);
#1130=ORIENTED_EDGE('',*,*,#840,.F.);
#1131=ORIENTED_EDGE('',*,*,#841,.T.);
#1132=ORIENTED_EDGE('',*,*,#842,.T.);
#1133=ORIENTED_EDGE('',*,*,#838,.F.);
#1134=ORIENTED_EDGE('',*,*,#843,.F.);
#1135=ORIENTED_EDGE('',*,*,#844,.T.);
#1136=ORIENTED_EDGE('',*,*,#845,.T.);
#1137=ORIENTED_EDGE('',*,*,#841,.F.);
#1138=ORIENTED_EDGE('',*,*,#846,.F.);
#1139=ORIENTED_EDGE('',*,*,#847,.T.);
#1140=ORIENTED_EDGE('',*,*,#848,.T.);
#1141=ORIENTED_EDGE('',*,*,#844,.F.);
#1142=ORIENTED_EDGE('',*,*,#849,.F.);
#1143=ORIENTED_EDGE('',*,*,#850,.T.);
#1144=ORIENTED_EDGE('',*,*,#851,.T.);
#1145=ORIENTED_EDGE('',*,*,#847,.F.);
#1146=ORIENTED_EDGE('',*,*,#852,.F.);
#1147=ORIENTED_EDGE('',*,*,#853,.T.);
#1148=ORIENTED_EDGE('',*,*,#854,.T.);
#1149=ORIENTED_EDGE('',*,*,#850,.F.);
#1150=ORIENTED_EDGE('',*,*,#855,.F.);
#1151=ORIENTED_EDGE('',*,*,#856,.T.);
#1152=ORIENTED_EDGE('',*,*,#857,.T.);
#1153=ORIENTED_EDGE('',*,*,#853,.F.);
#1154=ORIENTED_EDGE('',*,*,#858,.F.);
#1155=ORIENTED_EDGE('',*,*,#859,.T.);
#1156=ORIENTED_EDGE('',*,*,#860,.T.);
#1157=ORIENTED_EDGE('',*,*,#856,.F.);
#1158=ORIENTED_EDGE('',*,*,#861,.F.);
#1159=ORIENTED_EDGE('',*,*,#862,.T.);
#1160=ORIENTED_EDGE('',*,*,#863,.T.);
#1161=ORIENTED_EDGE('',*,*,#859,.F.);
#1162=ORIENTED_EDGE('',*,*,#864,.F.);
#1163=ORIENTED_EDGE('',*,*,#865,.T.);
#1164=ORIENTED_EDGE('',*,*,#866,.T.);
#1165=ORIENTED_EDGE('',*,*,#862,.F.);
#1166=ORIENTED_EDGE('',*,*,#867,.F.);
#1167=ORIENTED_EDGE('',*,*,#868,.F.);
#1168=ORIENTED_EDGE('',*,*,#869,.F.);
#1169=ORIENTED_EDGE('',*,*,#870,.F.);
#1170=ORIENTED_EDGE('',*,*,#871,.T.);
#1171=ORIENTED_EDGE('',*,*,#872,.F.);
#1172=ORIENTED_EDGE('',*,*,#873,.T.);
#1173=ORIENTED_EDGE('',*,*,#874,.F.);
#1174=ORIENTED_EDGE('',*,*,#875,.T.);
#1175=ORIENTED_EDGE('',*,*,#876,.F.);
#1176=ORIENTED_EDGE('',*,*,#877,.T.);
#1177=ORIENTED_EDGE('',*,*,#872,.T.);
#1178=ORIENTED_EDGE('',*,*,#878,.T.);
#1179=ORIENTED_EDGE('',*,*,#879,.F.);
#1180=ORIENTED_EDGE('',*,*,#880,.T.);
#1181=ORIENTED_EDGE('',*,*,#876,.T.);
#1182=ORIENTED_EDGE('',*,*,#881,.T.);
#1183=ORIENTED_EDGE('',*,*,#882,.F.);
#1184=ORIENTED_EDGE('',*,*,#883,.T.);
#1185=ORIENTED_EDGE('',*,*,#879,.T.);
#1186=ORIENTED_EDGE('',*,*,#884,.T.);
#1187=ORIENTED_EDGE('',*,*,#885,.F.);
#1188=ORIENTED_EDGE('',*,*,#886,.T.);
#1189=ORIENTED_EDGE('',*,*,#882,.T.);
#1190=ORIENTED_EDGE('',*,*,#887,.T.);
#1191=ORIENTED_EDGE('',*,*,#888,.F.);
#1192=ORIENTED_EDGE('',*,*,#889,.T.);
#1193=ORIENTED_EDGE('',*,*,#885,.T.);
#1194=ORIENTED_EDGE('',*,*,#890,.T.);
#1195=ORIENTED_EDGE('',*,*,#891,.F.);
#1196=ORIENTED_EDGE('',*,*,#892,.T.);
#1197=ORIENTED_EDGE('',*,*,#888,.T.);
#1198=ORIENTED_EDGE('',*,*,#893,.T.);
#1199=ORIENTED_EDGE('',*,*,#894,.F.);
#1200=ORIENTED_EDGE('',*,*,#895,.T.);
#1201=ORIENTED_EDGE('',*,*,#891,.T.);
#1202=ORIENTED_EDGE('',*,*,#896,.T.);
#1203=ORIENTED_EDGE('',*,*,#897,.F.);
#1204=ORIENTED_EDGE('',*,*,#898,.T.);
#1205=ORIENTED_EDGE('',*,*,#894,.T.);
#1206=ORIENTED_EDGE('',*,*,#899,.T.);
#1207=ORIENTED_EDGE('',*,*,#900,.F.);
#1208=ORIENTED_EDGE('',*,*,#901,.T.);
#1209=ORIENTED_EDGE('',*,*,#897,.T.);
#1210=ORIENTED_EDGE('',*,*,#902,.T.);
#1211=ORIENTED_EDGE('',*,*,#903,.F.);
#1212=ORIENTED_EDGE('',*,*,#904,.T.);
#1213=ORIENTED_EDGE('',*,*,#900,.T.);
#1214=ORIENTED_EDGE('',*,*,#905,.T.);
#1215=ORIENTED_EDGE('',*,*,#906,.F.);
#1216=ORIENTED_EDGE('',*,*,#907,.T.);
#1217=ORIENTED_EDGE('',*,*,#903,.T.);
#1218=ORIENTED_EDGE('',*,*,#908,.T.);
#1219=ORIENTED_EDGE('',*,*,#909,.F.);
#1220=ORIENTED_EDGE('',*,*,#910,.T.);
#1221=ORIENTED_EDGE('',*,*,#906,.T.);
#1222=ORIENTED_EDGE('',*,*,#911,.T.);
#1223=ORIENTED_EDGE('',*,*,#912,.F.);
#1224=ORIENTED_EDGE('',*,*,#913,.T.);
#1225=ORIENTED_EDGE('',*,*,#909,.T.);
#1226=ORIENTED_EDGE('',*,*,#914,.T.);
#1227=ORIENTED_EDGE('',*,*,#915,.F.);
#1228=ORIENTED_EDGE('',*,*,#916,.T.);
#1229=ORIENTED_EDGE('',*,*,#917,.F.);
#1230=ORIENTED_EDGE('',*,*,#918,.F.);
#1231=ORIENTED_EDGE('',*,*,#919,.F.);
#1232=ORIENTED_EDGE('',*,*,#920,.T.);
#1233=ORIENTED_EDGE('',*,*,#915,.T.);
#1234=ORIENTED_EDGE('',*,*,#921,.F.);
#1235=ORIENTED_EDGE('',*,*,#922,.F.);
#1236=ORIENTED_EDGE('',*,*,#923,.T.);
#1237=ORIENTED_EDGE('',*,*,#919,.T.);
#1238=ORIENTED_EDGE('',*,*,#924,.F.);
#1239=ORIENTED_EDGE('',*,*,#925,.F.);
#1240=ORIENTED_EDGE('',*,*,#926,.T.);
#1241=ORIENTED_EDGE('',*,*,#922,.T.);
#1242=ORIENTED_EDGE('',*,*,#927,.F.);
#1243=ORIENTED_EDGE('',*,*,#928,.F.);
#1244=ORIENTED_EDGE('',*,*,#929,.T.);
#1245=ORIENTED_EDGE('',*,*,#925,.T.);
#1246=ORIENTED_EDGE('',*,*,#930,.F.);
#1247=ORIENTED_EDGE('',*,*,#931,.F.);
#1248=ORIENTED_EDGE('',*,*,#932,.T.);
#1249=ORIENTED_EDGE('',*,*,#928,.T.);
#1250=ORIENTED_EDGE('',*,*,#933,.F.);
#1251=ORIENTED_EDGE('',*,*,#934,.F.);
#1252=ORIENTED_EDGE('',*,*,#935,.T.);
#1253=ORIENTED_EDGE('',*,*,#931,.T.);
#1254=ORIENTED_EDGE('',*,*,#936,.F.);
#1255=ORIENTED_EDGE('',*,*,#937,.F.);
#1256=ORIENTED_EDGE('',*,*,#938,.T.);
#1257=ORIENTED_EDGE('',*,*,#934,.T.);
#1258=ORIENTED_EDGE('',*,*,#939,.F.);
#1259=ORIENTED_EDGE('',*,*,#940,.F.);
#1260=ORIENTED_EDGE('',*,*,#941,.T.);
#1261=ORIENTED_EDGE('',*,*,#937,.T.);
#1262=ORIENTED_EDGE('',*,*,#942,.F.);
#1263=ORIENTED_EDGE('',*,*,#943,.F.);
#1264=ORIENTED_EDGE('',*,*,#944,.T.);
#1265=ORIENTED_EDGE('',*,*,#940,.T.);
#1266=ORIENTED_EDGE('',*,*,#945,.F.);
#1267=ORIENTED_EDGE('',*,*,#946,.F.);
#1268=ORIENTED_EDGE('',*,*,#947,.T.);
#1269=ORIENTED_EDGE('',*,*,#943,.T.);
#1270=ORIENTED_EDGE('',*,*,#948,.F.);
#1271=ORIENTED_EDGE('',*,*,#949,.F.);
#1272=ORIENTED_EDGE('',*,*,#950,.T.);
#1273=ORIENTED_EDGE('',*,*,#946,.T.);
#1274=ORIENTED_EDGE('',*,*,#951,.F.);
#1275=ORIENTED_EDGE('',*,*,#952,.F.);
#1276=ORIENTED_EDGE('',*,*,#953,.T.);
#1277=ORIENTED_EDGE('',*,*,#949,.T.);
#1278=ORIENTED_EDGE('',*,*,#954,.F.);
#1279=ORIENTED_EDGE('',*,*,#955,.F.);
#1280=ORIENTED_EDGE('',*,*,#956,.F.);
#1281=ORIENTED_EDGE('',*,*,#914,.F.);
#1282=ORIENTED_EDGE('',*,*,#911,.F.);
#1283=ORIENTED_EDGE('',*,*,#908,.F.);
#1284=ORIENTED_EDGE('',*,*,#905,.F.);
#1285=ORIENTED_EDGE('',*,*,#902,.F.);
#1286=ORIENTED_EDGE('',*,*,#899,.F.);
#1287=ORIENTED_EDGE('',*,*,#896,.F.);
#1288=ORIENTED_EDGE('',*,*,#893,.F.);
#1289=ORIENTED_EDGE('',*,*,#890,.F.);
#1290=ORIENTED_EDGE('',*,*,#887,.F.);
#1291=ORIENTED_EDGE('',*,*,#884,.F.);
#1292=ORIENTED_EDGE('',*,*,#881,.F.);
#1293=ORIENTED_EDGE('',*,*,#878,.F.);
#1294=ORIENTED_EDGE('',*,*,#875,.F.);
#1295=ORIENTED_EDGE('',*,*,#957,.F.);
#1296=ORIENTED_EDGE('',*,*,#958,.T.);
#1297=ORIENTED_EDGE('',*,*,#954,.T.);
#1298=ORIENTED_EDGE('',*,*,#951,.T.);
#1299=ORIENTED_EDGE('',*,*,#948,.T.);
#1300=ORIENTED_EDGE('',*,*,#945,.T.);
#1301=ORIENTED_EDGE('',*,*,#942,.T.);
#1302=ORIENTED_EDGE('',*,*,#939,.T.);
#1303=ORIENTED_EDGE('',*,*,#936,.T.);
#1304=ORIENTED_EDGE('',*,*,#933,.T.);
#1305=ORIENTED_EDGE('',*,*,#930,.T.);
#1306=ORIENTED_EDGE('',*,*,#927,.T.);
#1307=ORIENTED_EDGE('',*,*,#924,.T.);
#1308=ORIENTED_EDGE('',*,*,#921,.T.);
#1309=ORIENTED_EDGE('',*,*,#918,.T.);
#1310=ORIENTED_EDGE('',*,*,#952,.T.);
#1311=ORIENTED_EDGE('',*,*,#958,.F.);
#1312=ORIENTED_EDGE('',*,*,#959,.F.);
#1313=ORIENTED_EDGE('',*,*,#960,.T.);
#1314=ORIENTED_EDGE('',*,*,#961,.F.);
#1315=ORIENTED_EDGE('',*,*,#916,.F.);
#1316=ORIENTED_EDGE('',*,*,#920,.F.);
#1317=ORIENTED_EDGE('',*,*,#923,.F.);
#1318=ORIENTED_EDGE('',*,*,#926,.F.);
#1319=ORIENTED_EDGE('',*,*,#929,.F.);
#1320=ORIENTED_EDGE('',*,*,#932,.F.);
#1321=ORIENTED_EDGE('',*,*,#935,.F.);
#1322=ORIENTED_EDGE('',*,*,#938,.F.);
#1323=ORIENTED_EDGE('',*,*,#941,.F.);
#1324=ORIENTED_EDGE('',*,*,#944,.F.);
#1325=ORIENTED_EDGE('',*,*,#947,.F.);
#1326=ORIENTED_EDGE('',*,*,#950,.F.);
#1327=ORIENTED_EDGE('',*,*,#953,.F.);
#1328=ORIENTED_EDGE('',*,*,#960,.F.);
#1329=ORIENTED_EDGE('',*,*,#962,.F.);
#1330=ORIENTED_EDGE('',*,*,#873,.F.);
#1331=ORIENTED_EDGE('',*,*,#877,.F.);
#1332=ORIENTED_EDGE('',*,*,#880,.F.);
#1333=ORIENTED_EDGE('',*,*,#883,.F.);
#1334=ORIENTED_EDGE('',*,*,#886,.F.);
#1335=ORIENTED_EDGE('',*,*,#889,.F.);
#1336=ORIENTED_EDGE('',*,*,#892,.F.);
#1337=ORIENTED_EDGE('',*,*,#895,.F.);
#1338=ORIENTED_EDGE('',*,*,#898,.F.);
#1339=ORIENTED_EDGE('',*,*,#901,.F.);
#1340=ORIENTED_EDGE('',*,*,#904,.F.);
#1341=ORIENTED_EDGE('',*,*,#907,.F.);
#1342=ORIENTED_EDGE('',*,*,#910,.F.);
#1343=ORIENTED_EDGE('',*,*,#913,.F.);
#1344=ORIENTED_EDGE('',*,*,#963,.F.);
#1345=ORIENTED_EDGE('',*,*,#912,.T.);
#1346=ORIENTED_EDGE('',*,*,#956,.T.);
#1347=ORIENTED_EDGE('',*,*,#964,.F.);
#1348=ORIENTED_EDGE('',*,*,#963,.T.);
#1349=ORIENTED_EDGE('',*,*,#868,.T.);
#1350=ORIENTED_EDGE('',*,*,#965,.T.);
#1351=ORIENTED_EDGE('',*,*,#865,.F.);
#1352=ORIENTED_EDGE('',*,*,#966,.F.);
#1353=ORIENTED_EDGE('',*,*,#967,.F.);
#1354=ORIENTED_EDGE('',*,*,#805,.F.);
#1355=ORIENTED_EDGE('',*,*,#809,.F.);
#1356=ORIENTED_EDGE('',*,*,#812,.F.);
#1357=ORIENTED_EDGE('',*,*,#815,.F.);
#1358=ORIENTED_EDGE('',*,*,#818,.F.);
#1359=ORIENTED_EDGE('',*,*,#821,.F.);
#1360=ORIENTED_EDGE('',*,*,#824,.F.);
#1361=ORIENTED_EDGE('',*,*,#827,.F.);
#1362=ORIENTED_EDGE('',*,*,#830,.F.);
#1363=ORIENTED_EDGE('',*,*,#833,.F.);
#1364=ORIENTED_EDGE('',*,*,#836,.F.);
#1365=ORIENTED_EDGE('',*,*,#839,.F.);
#1366=ORIENTED_EDGE('',*,*,#842,.F.);
#1367=ORIENTED_EDGE('',*,*,#845,.F.);
#1368=ORIENTED_EDGE('',*,*,#848,.F.);
#1369=ORIENTED_EDGE('',*,*,#851,.F.);
#1370=ORIENTED_EDGE('',*,*,#854,.F.);
#1371=ORIENTED_EDGE('',*,*,#857,.F.);
#1372=ORIENTED_EDGE('',*,*,#860,.F.);
#1373=ORIENTED_EDGE('',*,*,#863,.F.);
#1374=ORIENTED_EDGE('',*,*,#866,.F.);
#1375=ORIENTED_EDGE('',*,*,#965,.F.);
#1376=ORIENTED_EDGE('',*,*,#871,.F.);
#1377=ORIENTED_EDGE('',*,*,#968,.F.);
#1378=ORIENTED_EDGE('',*,*,#798,.F.);
#1379=ORIENTED_EDGE('',*,*,#969,.F.);
#1380=ORIENTED_EDGE('',*,*,#796,.F.);
#1381=ORIENTED_EDGE('',*,*,#793,.F.);
#1382=ORIENTED_EDGE('',*,*,#790,.F.);
#1383=ORIENTED_EDGE('',*,*,#787,.F.);
#1384=ORIENTED_EDGE('',*,*,#784,.F.);
#1385=ORIENTED_EDGE('',*,*,#781,.F.);
#1386=ORIENTED_EDGE('',*,*,#778,.F.);
#1387=ORIENTED_EDGE('',*,*,#775,.F.);
#1388=ORIENTED_EDGE('',*,*,#772,.F.);
#1389=ORIENTED_EDGE('',*,*,#769,.F.);
#1390=ORIENTED_EDGE('',*,*,#766,.F.);
#1391=ORIENTED_EDGE('',*,*,#763,.F.);
#1392=ORIENTED_EDGE('',*,*,#760,.F.);
#1393=ORIENTED_EDGE('',*,*,#757,.F.);
#1394=ORIENTED_EDGE('',*,*,#754,.F.);
#1395=ORIENTED_EDGE('',*,*,#751,.F.);
#1396=ORIENTED_EDGE('',*,*,#748,.F.);
#1397=ORIENTED_EDGE('',*,*,#745,.F.);
#1398=ORIENTED_EDGE('',*,*,#742,.F.);
#1399=ORIENTED_EDGE('',*,*,#739,.F.);
#1400=ORIENTED_EDGE('',*,*,#736,.F.);
#1401=ORIENTED_EDGE('',*,*,#970,.F.);
#1402=ORIENTED_EDGE('',*,*,#734,.F.);
#1403=ORIENTED_EDGE('',*,*,#738,.F.);
#1404=ORIENTED_EDGE('',*,*,#741,.F.);
#1405=ORIENTED_EDGE('',*,*,#744,.F.);
#1406=ORIENTED_EDGE('',*,*,#747,.F.);
#1407=ORIENTED_EDGE('',*,*,#750,.F.);
#1408=ORIENTED_EDGE('',*,*,#753,.F.);
#1409=ORIENTED_EDGE('',*,*,#756,.F.);
#1410=ORIENTED_EDGE('',*,*,#759,.F.);
#1411=ORIENTED_EDGE('',*,*,#762,.F.);
#1412=ORIENTED_EDGE('',*,*,#765,.F.);
#1413=ORIENTED_EDGE('',*,*,#768,.F.);
#1414=ORIENTED_EDGE('',*,*,#771,.F.);
#1415=ORIENTED_EDGE('',*,*,#774,.F.);
#1416=ORIENTED_EDGE('',*,*,#777,.F.);
#1417=ORIENTED_EDGE('',*,*,#780,.F.);
#1418=ORIENTED_EDGE('',*,*,#783,.F.);
#1419=ORIENTED_EDGE('',*,*,#786,.F.);
#1420=ORIENTED_EDGE('',*,*,#789,.F.);
#1421=ORIENTED_EDGE('',*,*,#792,.F.);
#1422=ORIENTED_EDGE('',*,*,#795,.F.);
#1423=ORIENTED_EDGE('',*,*,#971,.F.);
#1424=ORIENTED_EDGE('',*,*,#800,.F.);
#1425=ORIENTED_EDGE('',*,*,#972,.F.);
#1426=ORIENTED_EDGE('',*,*,#869,.T.);
#1427=ORIENTED_EDGE('',*,*,#966,.T.);
#1428=ORIENTED_EDGE('',*,*,#867,.T.);
#1429=ORIENTED_EDGE('',*,*,#864,.T.);
#1430=ORIENTED_EDGE('',*,*,#861,.T.);
#1431=ORIENTED_EDGE('',*,*,#858,.T.);
#1432=ORIENTED_EDGE('',*,*,#855,.T.);
#1433=ORIENTED_EDGE('',*,*,#852,.T.);
#1434=ORIENTED_EDGE('',*,*,#849,.T.);
#1435=ORIENTED_EDGE('',*,*,#846,.T.);
#1436=ORIENTED_EDGE('',*,*,#843,.T.);
#1437=ORIENTED_EDGE('',*,*,#840,.T.);
#1438=ORIENTED_EDGE('',*,*,#837,.T.);
#1439=ORIENTED_EDGE('',*,*,#834,.T.);
#1440=ORIENTED_EDGE('',*,*,#831,.T.);
#1441=ORIENTED_EDGE('',*,*,#828,.T.);
#1442=ORIENTED_EDGE('',*,*,#825,.T.);
#1443=ORIENTED_EDGE('',*,*,#822,.T.);
#1444=ORIENTED_EDGE('',*,*,#819,.T.);
#1445=ORIENTED_EDGE('',*,*,#816,.T.);
#1446=ORIENTED_EDGE('',*,*,#813,.T.);
#1447=ORIENTED_EDGE('',*,*,#810,.T.);
#1448=ORIENTED_EDGE('',*,*,#807,.T.);
#1449=ORIENTED_EDGE('',*,*,#803,.T.);
#1450=ORIENTED_EDGE('',*,*,#961,.T.);
#1451=ORIENTED_EDGE('',*,*,#964,.T.);
#1452=ORIENTED_EDGE('',*,*,#955,.T.);
#1453=ORIENTED_EDGE('',*,*,#917,.T.);
#1454=ORIENTED_EDGE('',*,*,#797,.T.);
#1455=ORIENTED_EDGE('',*,*,#971,.T.);
#1456=ORIENTED_EDGE('',*,*,#794,.F.);
#1457=ORIENTED_EDGE('',*,*,#969,.T.);
#1458=ORIENTED_EDGE('',*,*,#970,.T.);
#1459=ORIENTED_EDGE('',*,*,#802,.T.);
#1460=ORIENTED_EDGE('',*,*,#806,.T.);
#1461=ORIENTED_EDGE('',*,*,#967,.T.);
#1462=ORIENTED_EDGE('',*,*,#735,.F.);
#1463=ORIENTED_EDGE('',*,*,#973,.T.);
#1464=ORIENTED_EDGE('',*,*,#974,.T.);
#1465=ORIENTED_EDGE('',*,*,#975,.F.);
#1466=ORIENTED_EDGE('',*,*,#976,.F.);
#1467=ORIENTED_EDGE('',*,*,#977,.T.);
#1468=ORIENTED_EDGE('',*,*,#976,.T.);
#1469=ORIENTED_EDGE('',*,*,#978,.F.);
#1470=ORIENTED_EDGE('',*,*,#979,.F.);
#1471=ORIENTED_EDGE('',*,*,#980,.T.);
#1472=ORIENTED_EDGE('',*,*,#979,.T.);
#1473=ORIENTED_EDGE('',*,*,#981,.F.);
#1474=ORIENTED_EDGE('',*,*,#982,.F.);
#1475=ORIENTED_EDGE('',*,*,#983,.T.);
#1476=ORIENTED_EDGE('',*,*,#982,.T.);
#1477=ORIENTED_EDGE('',*,*,#984,.F.);
#1478=ORIENTED_EDGE('',*,*,#985,.F.);
#1479=ORIENTED_EDGE('',*,*,#986,.T.);
#1480=ORIENTED_EDGE('',*,*,#985,.T.);
#1481=ORIENTED_EDGE('',*,*,#987,.F.);
#1482=ORIENTED_EDGE('',*,*,#988,.F.);
#1483=ORIENTED_EDGE('',*,*,#989,.T.);
#1484=ORIENTED_EDGE('',*,*,#988,.T.);
#1485=ORIENTED_EDGE('',*,*,#990,.F.);
#1486=ORIENTED_EDGE('',*,*,#974,.F.);
#1487=ORIENTED_EDGE('',*,*,#990,.T.);
#1488=ORIENTED_EDGE('',*,*,#987,.T.);
#1489=ORIENTED_EDGE('',*,*,#984,.T.);
#1490=ORIENTED_EDGE('',*,*,#981,.T.);
#1491=ORIENTED_EDGE('',*,*,#978,.T.);
#1492=ORIENTED_EDGE('',*,*,#975,.T.);
#1493=ORIENTED_EDGE('',*,*,#874,.T.);
#1494=ORIENTED_EDGE('',*,*,#962,.T.);
#1495=ORIENTED_EDGE('',*,*,#959,.T.);
#1496=ORIENTED_EDGE('',*,*,#957,.T.);
#1497=ORIENTED_EDGE('',*,*,#989,.F.);
#1498=ORIENTED_EDGE('',*,*,#973,.F.);
#1499=ORIENTED_EDGE('',*,*,#977,.F.);
#1500=ORIENTED_EDGE('',*,*,#980,.F.);
#1501=ORIENTED_EDGE('',*,*,#983,.F.);
#1502=ORIENTED_EDGE('',*,*,#986,.F.);
#1503=ORIENTED_EDGE('',*,*,#972,.T.);
#1504=ORIENTED_EDGE('',*,*,#799,.T.);
#1505=ORIENTED_EDGE('',*,*,#968,.T.);
#1506=ORIENTED_EDGE('',*,*,#870,.T.);
#1507=CYLINDRICAL_SURFACE('',#1687,1.03775);
#1508=CYLINDRICAL_SURFACE('',#1689,1.03775);
#1509=CYLINDRICAL_SURFACE('',#1690,1.03775);
#1510=CYLINDRICAL_SURFACE('',#1691,1.03775);
#1511=CYLINDRICAL_SURFACE('',#1692,1.03775);
#1512=CYLINDRICAL_SURFACE('',#1693,1.03775);
#1513=CYLINDRICAL_SURFACE('',#1694,1.03775);
#1514=CYLINDRICAL_SURFACE('',#1695,1.03775);
#1515=CYLINDRICAL_SURFACE('',#1696,1.03775);
#1516=CYLINDRICAL_SURFACE('',#1697,1.03775);
#1517=CYLINDRICAL_SURFACE('',#1698,1.03775);
#1518=CYLINDRICAL_SURFACE('',#1699,1.03775);
#1519=CYLINDRICAL_SURFACE('',#1700,1.03775);
#1520=CYLINDRICAL_SURFACE('',#1701,1.03775);
#1521=CYLINDRICAL_SURFACE('',#1702,1.03775);
#1522=CYLINDRICAL_SURFACE('',#1703,1.03775);
#1523=CYLINDRICAL_SURFACE('',#1704,1.03775);
#1524=CYLINDRICAL_SURFACE('',#1705,1.03775);
#1525=CYLINDRICAL_SURFACE('',#1706,1.03775);
#1526=CYLINDRICAL_SURFACE('',#1707,1.03775);
#1527=CYLINDRICAL_SURFACE('',#1708,1.03775);
#1528=CYLINDRICAL_SURFACE('',#1709,1.03775);
#1529=CYLINDRICAL_SURFACE('',#1711,1.29);
#1530=CYLINDRICAL_SURFACE('',#1713,1.29);
#1531=CYLINDRICAL_SURFACE('',#1715,1.29);
#1532=CYLINDRICAL_SURFACE('',#1716,1.29);
#1533=CYLINDRICAL_SURFACE('',#1717,1.29);
#1534=CYLINDRICAL_SURFACE('',#1718,1.29);
#1535=CYLINDRICAL_SURFACE('',#1719,1.29);
#1536=CYLINDRICAL_SURFACE('',#1720,1.29);
#1537=CYLINDRICAL_SURFACE('',#1721,1.29);
#1538=CYLINDRICAL_SURFACE('',#1722,1.29);
#1539=CYLINDRICAL_SURFACE('',#1723,1.29);
#1540=CYLINDRICAL_SURFACE('',#1724,1.29);
#1541=CYLINDRICAL_SURFACE('',#1725,1.29);
#1542=CYLINDRICAL_SURFACE('',#1726,1.29);
#1543=CYLINDRICAL_SURFACE('',#1727,1.29);
#1544=CYLINDRICAL_SURFACE('',#1728,1.29);
#1545=CYLINDRICAL_SURFACE('',#1729,1.29);
#1546=CYLINDRICAL_SURFACE('',#1730,1.29);
#1547=CYLINDRICAL_SURFACE('',#1731,1.29);
#1548=CYLINDRICAL_SURFACE('',#1732,1.29);
#1549=CYLINDRICAL_SURFACE('',#1733,1.29);
#1550=CYLINDRICAL_SURFACE('',#1734,1.29);
#1551=CYLINDRICAL_SURFACE('',#1735,1.29);
#1552=CYLINDRICAL_SURFACE('',#1737,1.215);
#1553=CYLINDRICAL_SURFACE('',#1739,1.215);
#1554=CYLINDRICAL_SURFACE('',#1740,1.215);
#1555=CYLINDRICAL_SURFACE('',#1741,1.215);
#1556=CYLINDRICAL_SURFACE('',#1742,1.215);
#1557=CYLINDRICAL_SURFACE('',#1743,1.215);
#1558=CYLINDRICAL_SURFACE('',#1744,1.215);
#1559=CYLINDRICAL_SURFACE('',#1745,1.215);
#1560=CYLINDRICAL_SURFACE('',#1746,1.215);
#1561=CYLINDRICAL_SURFACE('',#1747,1.215);
#1562=CYLINDRICAL_SURFACE('',#1748,1.215);
#1563=CYLINDRICAL_SURFACE('',#1749,1.215);
#1564=CYLINDRICAL_SURFACE('',#1750,1.215);
#1565=CYLINDRICAL_SURFACE('',#1751,1.215);
#1566=CYLINDRICAL_SURFACE('',#1752,0.95825);
#1567=CYLINDRICAL_SURFACE('',#1754,0.95825);
#1568=CYLINDRICAL_SURFACE('',#1755,0.95825);
#1569=CYLINDRICAL_SURFACE('',#1756,0.95825);
#1570=CYLINDRICAL_SURFACE('',#1757,0.95825);
#1571=CYLINDRICAL_SURFACE('',#1758,0.95825);
#1572=CYLINDRICAL_SURFACE('',#1759,0.95825);
#1573=CYLINDRICAL_SURFACE('',#1760,0.95825);
#1574=CYLINDRICAL_SURFACE('',#1761,0.95825);
#1575=CYLINDRICAL_SURFACE('',#1762,0.95825);
#1576=CYLINDRICAL_SURFACE('',#1763,0.95825);
#1577=CYLINDRICAL_SURFACE('',#1764,0.95825);
#1578=CYLINDRICAL_SURFACE('',#1765,0.95825);
#1579=CYLINDRICAL_SURFACE('',#1766,0.95825);
#1580=CYLINDRICAL_SURFACE('',#1768,1.215);
#1581=CYLINDRICAL_SURFACE('',#1770,1.29);
#1582=CYLINDRICAL_SURFACE('',#1772,1.03775);
#1583=ADVANCED_FACE('',(#31),#1507,.F.);
#1584=ADVANCED_FACE('',(#32),#1508,.F.);
#1585=ADVANCED_FACE('',(#33),#1509,.F.);
#1586=ADVANCED_FACE('',(#34),#1510,.F.);
#1587=ADVANCED_FACE('',(#35),#1511,.F.);
#1588=ADVANCED_FACE('',(#36),#1512,.F.);
#1589=ADVANCED_FACE('',(#37),#1513,.F.);
#1590=ADVANCED_FACE('',(#38),#1514,.F.);
#1591=ADVANCED_FACE('',(#39),#1515,.F.);
#1592=ADVANCED_FACE('',(#40),#1516,.F.);
#1593=ADVANCED_FACE('',(#41),#1517,.F.);
#1594=ADVANCED_FACE('',(#42),#1518,.F.);
#1595=ADVANCED_FACE('',(#43),#1519,.F.);
#1596=ADVANCED_FACE('',(#44),#1520,.F.);
#1597=ADVANCED_FACE('',(#45),#1521,.F.);
#1598=ADVANCED_FACE('',(#46),#1522,.F.);
#1599=ADVANCED_FACE('',(#47),#1523,.F.);
#1600=ADVANCED_FACE('',(#48),#1524,.F.);
#1601=ADVANCED_FACE('',(#49),#1525,.F.);
#1602=ADVANCED_FACE('',(#50),#1526,.F.);
#1603=ADVANCED_FACE('',(#51),#1527,.F.);
#1604=ADVANCED_FACE('',(#52),#1528,.F.);
#1605=ADVANCED_FACE('',(#53),#1529,.F.);
#1606=ADVANCED_FACE('',(#54),#1530,.F.);
#1607=ADVANCED_FACE('',(#55),#1531,.F.);
#1608=ADVANCED_FACE('',(#56),#1532,.F.);
#1609=ADVANCED_FACE('',(#57),#1533,.F.);
#1610=ADVANCED_FACE('',(#58),#1534,.F.);
#1611=ADVANCED_FACE('',(#59),#1535,.F.);
#1612=ADVANCED_FACE('',(#60),#1536,.F.);
#1613=ADVANCED_FACE('',(#61),#1537,.F.);
#1614=ADVANCED_FACE('',(#62),#1538,.F.);
#1615=ADVANCED_FACE('',(#63),#1539,.F.);
#1616=ADVANCED_FACE('',(#64),#1540,.F.);
#1617=ADVANCED_FACE('',(#65),#1541,.F.);
#1618=ADVANCED_FACE('',(#66),#1542,.F.);
#1619=ADVANCED_FACE('',(#67),#1543,.F.);
#1620=ADVANCED_FACE('',(#68),#1544,.F.);
#1621=ADVANCED_FACE('',(#69),#1545,.F.);
#1622=ADVANCED_FACE('',(#70),#1546,.F.);
#1623=ADVANCED_FACE('',(#71),#1547,.F.);
#1624=ADVANCED_FACE('',(#72),#1548,.F.);
#1625=ADVANCED_FACE('',(#73),#1549,.F.);
#1626=ADVANCED_FACE('',(#74),#1550,.F.);
#1627=ADVANCED_FACE('',(#75),#1551,.F.);
#1628=ADVANCED_FACE('',(#76),#1552,.T.);
#1629=ADVANCED_FACE('',(#77),#1553,.T.);
#1630=ADVANCED_FACE('',(#78),#1554,.T.);
#1631=ADVANCED_FACE('',(#79),#1555,.T.);
#1632=ADVANCED_FACE('',(#80),#1556,.T.);
#1633=ADVANCED_FACE('',(#81),#1557,.T.);
#1634=ADVANCED_FACE('',(#82),#1558,.T.);
#1635=ADVANCED_FACE('',(#83),#1559,.T.);
#1636=ADVANCED_FACE('',(#84),#1560,.T.);
#1637=ADVANCED_FACE('',(#85),#1561,.T.);
#1638=ADVANCED_FACE('',(#86),#1562,.T.);
#1639=ADVANCED_FACE('',(#87),#1563,.T.);
#1640=ADVANCED_FACE('',(#88),#1564,.T.);
#1641=ADVANCED_FACE('',(#89),#1565,.T.);
#1642=ADVANCED_FACE('',(#90),#1566,.T.);
#1643=ADVANCED_FACE('',(#91),#1567,.T.);
#1644=ADVANCED_FACE('',(#92),#1568,.T.);
#1645=ADVANCED_FACE('',(#93),#1569,.T.);
#1646=ADVANCED_FACE('',(#94),#1570,.T.);
#1647=ADVANCED_FACE('',(#95),#1571,.T.);
#1648=ADVANCED_FACE('',(#96),#1572,.T.);
#1649=ADVANCED_FACE('',(#97),#1573,.T.);
#1650=ADVANCED_FACE('',(#98),#1574,.T.);
#1651=ADVANCED_FACE('',(#99),#1575,.T.);
#1652=ADVANCED_FACE('',(#100),#1576,.T.);
#1653=ADVANCED_FACE('',(#101),#1577,.T.);
#1654=ADVANCED_FACE('',(#102),#1578,.T.);
#1655=ADVANCED_FACE('',(#103),#27,.F.);
#1656=ADVANCED_FACE('',(#104),#1579,.T.);
#1657=ADVANCED_FACE('',(#105),#28,.F.);
#1658=ADVANCED_FACE('',(#106),#1580,.T.);
#1659=ADVANCED_FACE('',(#107),#1581,.F.);
#1660=ADVANCED_FACE('',(#108),#29,.F.);
#1661=ADVANCED_FACE('',(#109),#30,.F.);
#1662=ADVANCED_FACE('',(#110),#17,.T.);
#1663=ADVANCED_FACE('',(#111),#1582,.F.);
#1664=ADVANCED_FACE('',(#112),#18,.F.);
#1665=ADVANCED_FACE('',(#113),#19,.T.);
#1666=ADVANCED_FACE('',(#114),#20,.T.);
#1667=ADVANCED_FACE('',(#115),#21,.T.);
#1668=ADVANCED_FACE('',(#116),#22,.T.);
#1669=ADVANCED_FACE('',(#117),#23,.T.);
#1670=ADVANCED_FACE('',(#118),#24,.T.);
#1671=ADVANCED_FACE('',(#119,#15),#25,.T.);
#1672=ADVANCED_FACE('',(#120,#16),#26,.F.);
#1673=CLOSED_SHELL('',(#1583,#1584,#1585,#1586,#1587,#1588,#1589,#1590,
#1591,#1592,#1593,#1594,#1595,#1596,#1597,#1598,#1599,#1600,#1601,#1602,
#1603,#1604,#1605,#1606,#1607,#1608,#1609,#1610,#1611,#1612,#1613,#1614,
#1615,#1616,#1617,#1618,#1619,#1620,#1621,#1622,#1623,#1624,#1625,#1626,
#1627,#1628,#1629,#1630,#1631,#1632,#1633,#1634,#1635,#1636,#1637,#1638,
#1639,#1640,#1641,#1642,#1643,#1644,#1645,#1646,#1647,#1648,#1649,#1650,
#1651,#1652,#1653,#1654,#1655,#1656,#1657,#1658,#1659,#1660,#1661,#1662,
#1663,#1664,#1665,#1666,#1667,#1668,#1669,#1670,#1671,#1672));
#1674=DERIVED_UNIT_ELEMENT(#1676,1.);
#1675=DERIVED_UNIT_ELEMENT(#7311,-3.);
#1676=(
MASS_UNIT()
NAMED_UNIT(*)
SI_UNIT(.KILO.,.GRAM.)
);
#1677=DERIVED_UNIT((#1674,#1675));
#1678=MEASURE_REPRESENTATION_ITEM('density measure',
POSITIVE_RATIO_MEASURE(7850.),#1677);
#1679=PROPERTY_DEFINITION_REPRESENTATION(#1684,#1681);
#1680=PROPERTY_DEFINITION_REPRESENTATION(#1685,#1682);
#1681=REPRESENTATION('material name',(#1683),#7308);
#1682=REPRESENTATION('density',(#1678),#7308);
#1683=DESCRIPTIVE_REPRESENTATION_ITEM('\X2\94A2\X0\','\X2\94A2\X0\');
#1684=PROPERTY_DEFINITION('material property','material name',#7318);
#1685=PROPERTY_DEFINITION('material property','density of part',#7318);
#1686=AXIS2_PLACEMENT_3D('',#2064,#1782,#1783);
#1687=AXIS2_PLACEMENT_3D('',#2065,#1784,#1785);
#1688=AXIS2_PLACEMENT_3D('',#2081,#1787,#1788);
#1689=AXIS2_PLACEMENT_3D('',#2095,#1789,#1790);
#1690=AXIS2_PLACEMENT_3D('',#2146,#1792,#1793);
#1691=AXIS2_PLACEMENT_3D('',#2194,#1795,#1796);
#1692=AXIS2_PLACEMENT_3D('',#2245,#1798,#1799);
#1693=AXIS2_PLACEMENT_3D('',#2296,#1801,#1802);
#1694=AXIS2_PLACEMENT_3D('',#2344,#1804,#1805);
#1695=AXIS2_PLACEMENT_3D('',#2392,#1807,#1808);
#1696=AXIS2_PLACEMENT_3D('',#2443,#1810,#1811);
#1697=AXIS2_PLACEMENT_3D('',#2494,#1813,#1814);
#1698=AXIS2_PLACEMENT_3D('',#2542,#1816,#1817);
#1699=AXIS2_PLACEMENT_3D('',#2593,#1819,#1820);
#1700=AXIS2_PLACEMENT_3D('',#2644,#1822,#1823);
#1701=AXIS2_PLACEMENT_3D('',#2692,#1825,#1826);
#1702=AXIS2_PLACEMENT_3D('',#2743,#1828,#1829);
#1703=AXIS2_PLACEMENT_3D('',#2794,#1831,#1832);
#1704=AXIS2_PLACEMENT_3D('',#2842,#1834,#1835);
#1705=AXIS2_PLACEMENT_3D('',#2890,#1837,#1838);
#1706=AXIS2_PLACEMENT_3D('',#2941,#1840,#1841);
#1707=AXIS2_PLACEMENT_3D('',#2992,#1843,#1844);
#1708=AXIS2_PLACEMENT_3D('',#3040,#1846,#1847);
#1709=AXIS2_PLACEMENT_3D('',#3091,#1849,#1850);
#1710=AXIS2_PLACEMENT_3D('',#3110,#1852,#1853);
#1711=AXIS2_PLACEMENT_3D('',#3130,#1854,#1855);
#1712=AXIS2_PLACEMENT_3D('',#3135,#1857,#1858);
#1713=AXIS2_PLACEMENT_3D('',#3140,#1859,#1860);
#1714=AXIS2_PLACEMENT_3D('',#3154,#1862,#1863);
#1715=AXIS2_PLACEMENT_3D('',#3165,#1864,#1865);
#1716=AXIS2_PLACEMENT_3D('',#3190,#1867,#1868);
#1717=AXIS2_PLACEMENT_3D('',#3215,#1870,#1871);
#1718=AXIS2_PLACEMENT_3D('',#3239,#1873,#1874);
#1719=AXIS2_PLACEMENT_3D('',#3264,#1876,#1877);
#1720=AXIS2_PLACEMENT_3D('',#3288,#1879,#1880);
#1721=AXIS2_PLACEMENT_3D('',#3313,#1882,#1883);
#1722=AXIS2_PLACEMENT_3D('',#3337,#1885,#1886);
#1723=AXIS2_PLACEMENT_3D('',#3362,#1888,#1889);
#1724=AXIS2_PLACEMENT_3D('',#3387,#1891,#1892);
#1725=AXIS2_PLACEMENT_3D('',#3411,#1894,#1895);
#1726=AXIS2_PLACEMENT_3D('',#3436,#1897,#1898);
#1727=AXIS2_PLACEMENT_3D('',#3461,#1900,#1901);
#1728=AXIS2_PLACEMENT_3D('',#3485,#1903,#1904);
#1729=AXIS2_PLACEMENT_3D('',#3510,#1906,#1907);
#1730=AXIS2_PLACEMENT_3D('',#3534,#1909,#1910);
#1731=AXIS2_PLACEMENT_3D('',#3559,#1912,#1913);
#1732=AXIS2_PLACEMENT_3D('',#3583,#1915,#1916);
#1733=AXIS2_PLACEMENT_3D('',#3608,#1918,#1919);
#1734=AXIS2_PLACEMENT_3D('',#3633,#1921,#1922);
#1735=AXIS2_PLACEMENT_3D('',#3657,#1924,#1925);
#1736=AXIS2_PLACEMENT_3D('',#3668,#1927,#1928);
#1737=AXIS2_PLACEMENT_3D('',#3674,#1929,#1930);
#1738=AXIS2_PLACEMENT_3D('',#3690,#1932,#1933);
#1739=AXIS2_PLACEMENT_3D('',#3698,#1934,#1935);
#1740=AXIS2_PLACEMENT_3D('',#3746,#1937,#1938);
#1741=AXIS2_PLACEMENT_3D('',#3794,#1940,#1941);
#1742=AXIS2_PLACEMENT_3D('',#3845,#1943,#1944);
#1743=AXIS2_PLACEMENT_3D('',#3896,#1946,#1947);
#1744=AXIS2_PLACEMENT_3D('',#3944,#1949,#1950);
#1745=AXIS2_PLACEMENT_3D('',#3992,#1952,#1953);
#1746=AXIS2_PLACEMENT_3D('',#4046,#1955,#1956);
#1747=AXIS2_PLACEMENT_3D('',#4094,#1958,#1959);
#1748=AXIS2_PLACEMENT_3D('',#4142,#1961,#1962);
#1749=AXIS2_PLACEMENT_3D('',#4196,#1964,#1965);
#1750=AXIS2_PLACEMENT_3D('',#4244,#1967,#1968);
#1751=AXIS2_PLACEMENT_3D('',#4292,#1970,#1971);
#1752=AXIS2_PLACEMENT_3D('',#4340,#1973,#1974);
#1753=AXIS2_PLACEMENT_3D('',#4354,#1976,#1977);
#1754=AXIS2_PLACEMENT_3D('',#4362,#1978,#1979);
#1755=AXIS2_PLACEMENT_3D('',#4386,#1981,#1982);
#1756=AXIS2_PLACEMENT_3D('',#4410,#1984,#1985);
#1757=AXIS2_PLACEMENT_3D('',#4435,#1987,#1988);
#1758=AXIS2_PLACEMENT_3D('',#4460,#1990,#1991);
#1759=AXIS2_PLACEMENT_3D('',#4484,#1993,#1994);
#1760=AXIS2_PLACEMENT_3D('',#4509,#1996,#1997);
#1761=AXIS2_PLACEMENT_3D('',#4534,#1999,#2000);
#1762=AXIS2_PLACEMENT_3D('',#4558,#2002,#2003);
#1763=AXIS2_PLACEMENT_3D('',#4583,#2005,#2006);
#1764=AXIS2_PLACEMENT_3D('',#4607,#2008,#2009);
#1765=AXIS2_PLACEMENT_3D('',#4632,#2011,#2012);
#1766=AXIS2_PLACEMENT_3D('',#5188,#2014,#2015);
#1767=AXIS2_PLACEMENT_3D('',#5190,#2016,#2017);
#1768=AXIS2_PLACEMENT_3D('',#5718,#2018,#2019);
#1769=AXIS2_PLACEMENT_3D('',#5719,#2020,#2021);
#1770=AXIS2_PLACEMENT_3D('',#5720,#2022,#2023);
#1771=AXIS2_PLACEMENT_3D('',#7265,#2024,#2025);
#1772=AXIS2_PLACEMENT_3D('',#7266,#2026,#2027);
#1773=AXIS2_PLACEMENT_3D('',#7267,#2028,#2029);
#1774=AXIS2_PLACEMENT_3D('',#7268,#2030,#2031);
#1775=AXIS2_PLACEMENT_3D('',#7277,#2036,#2037);
#1776=AXIS2_PLACEMENT_3D('',#7283,#2041,#2042);
#1777=AXIS2_PLACEMENT_3D('',#7289,#2046,#2047);
#1778=AXIS2_PLACEMENT_3D('',#7295,#2051,#2052);
#1779=AXIS2_PLACEMENT_3D('',#7301,#2056,#2057);
#1780=AXIS2_PLACEMENT_3D('',#7304,#2060,#2061);
#1781=AXIS2_PLACEMENT_3D('',#7305,#2062,#2063);
#1782=DIRECTION('axis',(0.,0.,1.));
#1783=DIRECTION('refdir',(1.,0.,0.));
#1784=DIRECTION('center_axis',(0.,1.,0.));
#1785=DIRECTION('ref_axis',(0.328850306454458,0.,0.944382060367947));
#1786=DIRECTION('',(0.,1.,0.));
#1787=DIRECTION('center_axis',(0.,-1.,0.));
#1788=DIRECTION('ref_axis',(1.,0.,0.));
#1789=DIRECTION('center_axis',(0.,1.,0.));
#1790=DIRECTION('ref_axis',(1.,0.,0.));
#1791=DIRECTION('',(0.,1.,0.));
#1792=DIRECTION('center_axis',(0.,1.,0.));
#1793=DIRECTION('ref_axis',(1.,0.,0.));
#1794=DIRECTION('',(0.,1.,0.));
#1795=DIRECTION('center_axis',(0.,1.,0.));
#1796=DIRECTION('ref_axis',(1.,0.,0.));
#1797=DIRECTION('',(0.,1.,0.));
#1798=DIRECTION('center_axis',(0.,1.,0.));
#1799=DIRECTION('ref_axis',(1.,0.,0.));
#1800=DIRECTION('',(0.,1.,0.));
#1801=DIRECTION('center_axis',(0.,1.,0.));
#1802=DIRECTION('ref_axis',(1.,0.,0.));
#1803=DIRECTION('',(0.,1.,0.));
#1804=DIRECTION('center_axis',(0.,1.,0.));
#1805=DIRECTION('ref_axis',(1.,0.,0.));
#1806=DIRECTION('',(0.,1.,0.));
#1807=DIRECTION('center_axis',(0.,1.,0.));
#1808=DIRECTION('ref_axis',(1.,0.,0.));
#1809=DIRECTION('',(0.,1.,0.));
#1810=DIRECTION('center_axis',(0.,1.,0.));
#1811=DIRECTION('ref_axis',(1.,0.,0.));
#1812=DIRECTION('',(0.,1.,0.));
#1813=DIRECTION('center_axis',(0.,1.,0.));
#1814=DIRECTION('ref_axis',(1.,0.,0.));
#1815=DIRECTION('',(0.,1.,0.));
#1816=DIRECTION('center_axis',(0.,1.,0.));
#1817=DIRECTION('ref_axis',(1.,0.,0.));
#1818=DIRECTION('',(0.,1.,0.));
#1819=DIRECTION('center_axis',(0.,1.,0.));
#1820=DIRECTION('ref_axis',(1.,0.,0.));
#1821=DIRECTION('',(0.,1.,0.));
#1822=DIRECTION('center_axis',(0.,1.,0.));
#1823=DIRECTION('ref_axis',(1.,0.,0.));
#1824=DIRECTION('',(0.,1.,0.));
#1825=DIRECTION('center_axis',(0.,1.,0.));
#1826=DIRECTION('ref_axis',(1.,0.,0.));
#1827=DIRECTION('',(0.,1.,0.));
#1828=DIRECTION('center_axis',(0.,1.,0.));
#1829=DIRECTION('ref_axis',(1.,0.,0.));
#1830=DIRECTION('',(0.,1.,0.));
#1831=DIRECTION('center_axis',(0.,1.,0.));
#1832=DIRECTION('ref_axis',(1.,0.,0.));
#1833=DIRECTION('',(0.,1.,0.));
#1834=DIRECTION('center_axis',(0.,1.,0.));
#1835=DIRECTION('ref_axis',(1.,0.,0.));
#1836=DIRECTION('',(0.,1.,0.));
#1837=DIRECTION('center_axis',(0.,1.,0.));
#1838=DIRECTION('ref_axis',(1.,0.,0.));
#1839=DIRECTION('',(0.,1.,0.));
#1840=DIRECTION('center_axis',(0.,1.,0.));
#1841=DIRECTION('ref_axis',(1.,0.,0.));
#1842=DIRECTION('',(0.,1.,0.));
#1843=DIRECTION('center_axis',(0.,1.,0.));
#1844=DIRECTION('ref_axis',(1.,0.,0.));
#1845=DIRECTION('',(0.,1.,0.));
#1846=DIRECTION('center_axis',(0.,1.,0.));
#1847=DIRECTION('ref_axis',(1.,0.,0.));
#1848=DIRECTION('',(0.,1.,0.));
#1849=DIRECTION('center_axis',(0.,1.,0.));
#1850=DIRECTION('ref_axis',(0.934837165337353,0.,-0.355076716082626));
#1851=DIRECTION('',(0.,1.,0.));
#1852=DIRECTION('center_axis',(0.,-1.,0.));
#1853=DIRECTION('ref_axis',(1.,0.,0.));
#1854=DIRECTION('center_axis',(0.,1.,0.));
#1855=DIRECTION('ref_axis',(1.,0.,-3.4118173988349E-14));
#1856=DIRECTION('',(1.22464679914735E-16,1.,-4.19326885458502E-30));
#1857=DIRECTION('center_axis',(0.,-1.,0.));
#1858=DIRECTION('ref_axis',(1.,0.,-3.4118173988349E-14));
#1859=DIRECTION('center_axis',(0.,1.,0.));
#1860=DIRECTION('ref_axis',(1.,0.,-3.4118173988349E-14));
#1861=DIRECTION('',(1.22464679914735E-16,1.,-4.19326885458502E-30));
#1862=DIRECTION('center_axis',(0.,-1.,0.));
#1863=DIRECTION('ref_axis',(1.,0.,-3.4118173988349E-14));
#1864=DIRECTION('center_axis',(0.,1.,0.));
#1865=DIRECTION('ref_axis',(1.,0.,-3.4118173988349E-14));
#1866=DIRECTION('',(1.22464679914735E-16,1.,-4.19326885458502E-30));
#1867=DIRECTION('center_axis',(0.,1.,0.));
#1868=DIRECTION('ref_axis',(1.,0.,-3.4118173988349E-14));
#1869=DIRECTION('',(1.22464679914735E-16,1.,-4.19326885458502E-30));
#1870=DIRECTION('center_axis',(0.,1.,0.));
#1871=DIRECTION('ref_axis',(1.,0.,-3.4118173988349E-14));
#1872=DIRECTION('',(1.22464679914735E-16,1.,-4.19326885458502E-30));
#1873=DIRECTION('center_axis',(0.,1.,0.));
#1874=DIRECTION('ref_axis',(1.,0.,-3.4118173988349E-14));
#1875=DIRECTION('',(1.22464679914735E-16,1.,-4.19326885458502E-30));
#1876=DIRECTION('center_axis',(0.,1.,0.));
#1877=DIRECTION('ref_axis',(1.,0.,-3.4118173988349E-14));
#1878=DIRECTION('',(1.22464679914735E-16,1.,-4.19326885458502E-30));
#1879=DIRECTION('center_axis',(0.,1.,0.));
#1880=DIRECTION('ref_axis',(1.,0.,-3.4118173988349E-14));
#1881=DIRECTION('',(1.22464679914735E-16,1.,-4.19326885458502E-30));
#1882=DIRECTION('center_axis',(0.,1.,0.));
#1883=DIRECTION('ref_axis',(1.,0.,-3.4118173988349E-14));
#1884=DIRECTION('',(1.22464679914735E-16,1.,-4.19326885458502E-30));
#1885=DIRECTION('center_axis',(0.,1.,0.));
#1886=DIRECTION('ref_axis',(1.,0.,-3.4118173988349E-14));
#1887=DIRECTION('',(1.22464679914735E-16,1.,-4.19326885458502E-30));
#1888=DIRECTION('center_axis',(0.,1.,0.));
#1889=DIRECTION('ref_axis',(1.,0.,-3.4118173988349E-14));
#1890=DIRECTION('',(1.22464679914735E-16,1.,-4.19326885458502E-30));
#1891=DIRECTION('center_axis',(0.,1.,0.));
#1892=DIRECTION('ref_axis',(1.,0.,-3.4118173988349E-14));
#1893=DIRECTION('',(1.22464679914735E-16,1.,-4.19326885458502E-30));
#1894=DIRECTION('center_axis',(0.,1.,0.));
#1895=DIRECTION('ref_axis',(1.,0.,-3.4118173988349E-14));
#1896=DIRECTION('',(1.22464679914735E-16,1.,-4.19326885458502E-30));
#1897=DIRECTION('center_axis',(0.,1.,0.));
#1898=DIRECTION('ref_axis',(1.,0.,-3.4118173988349E-14));
#1899=DIRECTION('',(1.22464679914735E-16,1.,-4.19326885458502E-30));
#1900=DIRECTION('center_axis',(0.,1.,0.));
#1901=DIRECTION('ref_axis',(1.,0.,-3.4118173988349E-14));
#1902=DIRECTION('',(1.22464679914735E-16,1.,-4.19326885458502E-30));
#1903=DIRECTION('center_axis',(0.,1.,0.));
#1904=DIRECTION('ref_axis',(1.,0.,-3.4118173988349E-14));
#1905=DIRECTION('',(1.22464679914735E-16,1.,-4.19326885458502E-30));
#1906=DIRECTION('center_axis',(0.,1.,0.));
#1907=DIRECTION('ref_axis',(1.,0.,-3.4118173988349E-14));
#1908=DIRECTION('',(1.22464679914735E-16,1.,-4.19326885458502E-30));
#1909=DIRECTION('center_axis',(0.,1.,0.));
#1910=DIRECTION('ref_axis',(1.,0.,-3.4118173988349E-14));
#1911=DIRECTION('',(1.22464679914735E-16,1.,-4.19326885458502E-30));
#1912=DIRECTION('center_axis',(0.,1.,0.));
#1913=DIRECTION('ref_axis',(1.,0.,-3.4118173988349E-14));
#1914=DIRECTION('',(1.22464679914735E-16,1.,-4.19326885458502E-30));
#1915=DIRECTION('center_axis',(0.,1.,0.));
#1916=DIRECTION('ref_axis',(1.,0.,-3.4118173988349E-14));
#1917=DIRECTION('',(1.22464679914735E-16,1.,-4.19326885458502E-30));
#1918=DIRECTION('center_axis',(0.,1.,0.));
#1919=DIRECTION('ref_axis',(1.,0.,-3.4118173988349E-14));
#1920=DIRECTION('',(1.22464679914735E-16,1.,-4.19326885458502E-30));
#1921=DIRECTION('center_axis',(0.,1.,0.));
#1922=DIRECTION('ref_axis',(1.,0.,-3.4118173988349E-14));
#1923=DIRECTION('',(1.22464679914735E-16,1.,-4.19326885458502E-30));
#1924=DIRECTION('center_axis',(0.,1.,0.));
#1925=DIRECTION('ref_axis',(-0.608533913795854,0.,-0.793527867034486));
#1926=DIRECTION('',(1.22464679914735E-16,1.,-4.19326885458502E-30));
#1927=DIRECTION('center_axis',(0.,1.,0.));
#1928=DIRECTION('ref_axis',(1.,0.,-3.4118173988349E-14));
#1929=DIRECTION('center_axis',(0.,1.,0.));
#1930=DIRECTION('ref_axis',(-1.,0.,0.));
#1931=DIRECTION('',(0.,-1.,0.));
#1932=DIRECTION('center_axis',(0.,-1.,0.));
#1933=DIRECTION('ref_axis',(-1.,0.,0.));
#1934=DIRECTION('center_axis',(0.,1.,0.));
#1935=DIRECTION('ref_axis',(-1.,0.,0.));
#1936=DIRECTION('',(0.,-1.,0.));
#1937=DIRECTION('center_axis',(0.,1.,0.));
#1938=DIRECTION('ref_axis',(-1.,0.,0.));
#1939=DIRECTION('',(0.,-1.,0.));
#1940=DIRECTION('center_axis',(0.,1.,0.));
#1941=DIRECTION('ref_axis',(-1.,0.,0.));
#1942=DIRECTION('',(0.,-1.,0.));
#1943=DIRECTION('center_axis',(0.,1.,0.));
#1944=DIRECTION('ref_axis',(-1.,0.,0.));
#1945=DIRECTION('',(0.,-1.,0.));
#1946=DIRECTION('center_axis',(0.,1.,0.));
#1947=DIRECTION('ref_axis',(-1.,0.,0.));
#1948=DIRECTION('',(0.,-1.,0.));
#1949=DIRECTION('center_axis',(0.,1.,0.));
#1950=DIRECTION('ref_axis',(-1.,0.,0.));
#1951=DIRECTION('',(0.,-1.,0.));
#1952=DIRECTION('center_axis',(0.,1.,0.));
#1953=DIRECTION('ref_axis',(-1.,0.,0.));
#1954=DIRECTION('',(0.,-1.,0.));
#1955=DIRECTION('center_axis',(0.,1.,0.));
#1956=DIRECTION('ref_axis',(-1.,0.,0.));
#1957=DIRECTION('',(0.,-1.,0.));
#1958=DIRECTION('center_axis',(0.,1.,0.));
#1959=DIRECTION('ref_axis',(-1.,0.,0.));
#1960=DIRECTION('',(0.,-1.,0.));
#1961=DIRECTION('center_axis',(0.,1.,0.));
#1962=DIRECTION('ref_axis',(-1.,0.,0.));
#1963=DIRECTION('',(0.,-1.,0.));
#1964=DIRECTION('center_axis',(0.,1.,0.));
#1965=DIRECTION('ref_axis',(-1.,0.,0.));
#1966=DIRECTION('',(0.,-1.,0.));
#1967=DIRECTION('center_axis',(0.,1.,0.));
#1968=DIRECTION('ref_axis',(-1.,0.,0.));
#1969=DIRECTION('',(0.,-1.,0.));
#1970=DIRECTION('center_axis',(0.,1.,0.));
#1971=DIRECTION('ref_axis',(-1.,0.,0.));
#1972=DIRECTION('',(0.,-1.,0.));
#1973=DIRECTION('center_axis',(0.,1.,0.));
#1974=DIRECTION('ref_axis',(-1.,0.,1.01664387546466E-13));
#1975=DIRECTION('',(0.,1.,0.));
#1976=DIRECTION('center_axis',(0.,1.,0.));
#1977=DIRECTION('ref_axis',(-1.,0.,1.01664387546466E-13));
#1978=DIRECTION('center_axis',(0.,1.,0.));
#1979=DIRECTION('ref_axis',(-1.,0.,1.01664387546466E-13));
#1980=DIRECTION('',(0.,1.,0.));
#1981=DIRECTION('center_axis',(0.,1.,0.));
#1982=DIRECTION('ref_axis',(-1.,0.,1.01664387546466E-13));
#1983=DIRECTION('',(0.,1.,0.));
#1984=DIRECTION('center_axis',(0.,1.,0.));
#1985=DIRECTION('ref_axis',(-1.,0.,1.01664387546466E-13));
#1986=DIRECTION('',(0.,1.,0.));
#1987=DIRECTION('center_axis',(0.,1.,0.));
#1988=DIRECTION('ref_axis',(-1.,0.,1.01664387546466E-13));
#1989=DIRECTION('',(0.,1.,0.));
#1990=DIRECTION('center_axis',(0.,1.,0.));
#1991=DIRECTION('ref_axis',(-1.,0.,1.01664387546466E-13));
#1992=DIRECTION('',(0.,1.,0.));
#1993=DIRECTION('center_axis',(0.,1.,0.));
#1994=DIRECTION('ref_axis',(-1.,0.,1.01664387546466E-13));
#1995=DIRECTION('',(0.,1.,0.));
#1996=DIRECTION('center_axis',(0.,1.,0.));
#1997=DIRECTION('ref_axis',(-1.,0.,1.01664387546466E-13));
#1998=DIRECTION('',(0.,1.,0.));
#1999=DIRECTION('center_axis',(0.,1.,0.));
#2000=DIRECTION('ref_axis',(-1.,0.,1.01664387546466E-13));
#2001=DIRECTION('',(0.,1.,0.));
#2002=DIRECTION('center_axis',(0.,1.,0.));
#2003=DIRECTION('ref_axis',(-1.,0.,1.01664387546466E-13));
#2004=DIRECTION('',(0.,1.,0.));
#2005=DIRECTION('center_axis',(0.,1.,0.));
#2006=DIRECTION('ref_axis',(-1.,0.,1.01664387546466E-13));
#2007=DIRECTION('',(0.,1.,0.));
#2008=DIRECTION('center_axis',(0.,1.,0.));
#2009=DIRECTION('ref_axis',(-1.,0.,1.01664387546466E-13));
#2010=DIRECTION('',(0.,1.,0.));
#2011=DIRECTION('center_axis',(0.,1.,0.));
#2012=DIRECTION('ref_axis',(-1.,0.,1.01664387546466E-13));
#2013=DIRECTION('',(0.,1.,0.));
#2014=DIRECTION('center_axis',(0.,1.,0.));
#2015=DIRECTION('ref_axis',(-1.,0.,1.01664387546466E-13));
#2016=DIRECTION('center_axis',(0.,-1.,0.));
#2017=DIRECTION('ref_axis',(-1.,0.,1.01664387546466E-13));
#2018=DIRECTION('center_axis',(0.,1.,0.));
#2019=DIRECTION('ref_axis',(-1.,0.,0.));
#2020=DIRECTION('center_axis',(0.,-1.,0.));
#2021=DIRECTION('ref_axis',(-1.,0.,0.));
#2022=DIRECTION('center_axis',(0.,1.,0.));
#2023=DIRECTION('ref_axis',(1.,0.,-3.4118173988349E-14));
#2024=DIRECTION('center_axis',(0.,1.,0.));
#2025=DIRECTION('ref_axis',(-1.,0.,0.));
#2026=DIRECTION('center_axis',(0.,1.,0.));
#2027=DIRECTION('ref_axis',(1.,0.,0.));
#2028=DIRECTION('center_axis',(0.,1.,0.));
#2029=DIRECTION('ref_axis',(1.,0.,0.));
#2030=DIRECTION('center_axis',(7.15996744930051E-16,0.,-1.));
#2031=DIRECTION('ref_axis',(-1.,0.,-7.15996744930051E-16));
#2032=DIRECTION('',(-1.,0.,-7.15996744930051E-16));
#2033=DIRECTION('',(0.,1.,0.));
#2034=DIRECTION('',(-1.,0.,-7.15996744930051E-16));
#2035=DIRECTION('',(0.,1.,0.));
#2036=DIRECTION('center_axis',(0.866025403784439,0.,-0.5));
#2037=DIRECTION('ref_axis',(-0.5,0.,-0.866025403784439));
#2038=DIRECTION('',(-0.5,0.,-0.866025403784439));
#2039=DIRECTION('',(-0.5,0.,-0.866025403784439));
#2040=DIRECTION('',(0.,1.,0.));
#2041=DIRECTION('center_axis',(0.866025403784439,0.,0.5));
#2042=DIRECTION('ref_axis',(0.5,0.,-0.866025403784439));
#2043=DIRECTION('',(0.5,0.,-0.866025403784439));
#2044=DIRECTION('',(0.5,0.,-0.866025403784439));
#2045=DIRECTION('',(0.,1.,0.));
#2046=DIRECTION('center_axis',(-2.04570498551443E-16,0.,1.));
#2047=DIRECTION('ref_axis',(1.,0.,2.04570498551443E-16));
#2048=DIRECTION('',(1.,0.,2.04570498551443E-16));
#2049=DIRECTION('',(1.,0.,2.04570498551443E-16));
#2050=DIRECTION('',(0.,1.,0.));
#2051=DIRECTION('center_axis',(-0.866025403784439,0.,0.5));
#2052=DIRECTION('ref_axis',(0.5,0.,0.866025403784439));
#2053=DIRECTION('',(0.5,0.,0.866025403784439));
#2054=DIRECTION('',(0.5,0.,0.866025403784439));
#2055=DIRECTION('',(0.,1.,0.));
#2056=DIRECTION('center_axis',(-0.866025403784439,0.,-0.5));
#2057=DIRECTION('ref_axis',(-0.5,0.,0.866025403784439));
#2058=DIRECTION('',(-0.5,0.,0.866025403784439));
#2059=DIRECTION('',(-0.5,0.,0.866025403784439));
#2060=DIRECTION('center_axis',(0.,1.,0.));
#2061=DIRECTION('ref_axis',(0.,0.,1.));
#2062=DIRECTION('center_axis',(0.,1.,0.));
#2063=DIRECTION('ref_axis',(1.,0.,0.));
#2064=CARTESIAN_POINT('',(0.,0.,0.));
#2065=CARTESIAN_POINT('Origin',(0.,0.,0.));
#2066=CARTESIAN_POINT('',(-1.0386815728258,9.72696152422708,-0.000763860011357993));
#2067=CARTESIAN_POINT('',(-1.03906847542925,9.84803847577293,0.000648247871573078));
#2068=CARTESIAN_POINT('',(-1.03775,0.,1.27087721581517E-16));
#2069=CARTESIAN_POINT('',(0.543291454890981,10.,0.884171622221863));
#2070=CARTESIAN_POINT('Ctrl Pts',(-1.03906847542925,9.84803847577293,0.000648247871573078));
#2071=CARTESIAN_POINT('Ctrl Pts',(-1.03940167351002,9.85106022044297,0.0443063790209413));
#2072=CARTESIAN_POINT('Ctrl Pts',(-1.03687111038529,9.85408196511301,0.0879269664021329));
#2073=CARTESIAN_POINT('Ctrl Pts',(-1.03134179687942,9.85710370978306,0.131169862466088));
#2074=CARTESIAN_POINT('Ctrl Pts',(-0.987762205522317,9.88091975815255,0.471991148429407));
#2075=CARTESIAN_POINT('Ctrl Pts',(-0.757903487121237,9.90473580652203,0.789350658677982));
#2076=CARTESIAN_POINT('Ctrl Pts',(-0.448644523133574,9.92855185489153,0.937561601479564));
#2077=CARTESIAN_POINT('Ctrl Pts',(-0.139385559145919,9.95236790326102,1.08577254428114));
#2078=CARTESIAN_POINT('Ctrl Pts',(0.249273650428315,9.97618395163051,1.06483491963573));
#2079=CARTESIAN_POINT('Ctrl Pts',(0.543291454890981,10.,0.884171622221863));
#2080=CARTESIAN_POINT('',(0.814275456508505,10.,-0.646315971149717));
#2081=CARTESIAN_POINT('Origin',(0.,10.,0.));
#2082=CARTESIAN_POINT('Ctrl Pts',(0.814278266119213,10.,-0.646318653370853));
#2083=CARTESIAN_POINT('Ctrl Pts',(1.01898240995778,9.97709739002589,-0.386902257894162));
#2084=CARTESIAN_POINT('Ctrl Pts',(1.09046683206477,9.95419478005177,-0.0208338325235222));
#2085=CARTESIAN_POINT('Ctrl Pts',(0.996352905460566,9.93129217007766,0.295877357501607));
#2086=CARTESIAN_POINT('Ctrl Pts',(0.898485377227662,9.90747612170817,0.625220128012215));
#2087=CARTESIAN_POINT('Ctrl Pts',(0.621546768234463,9.88366007333869,0.901190062709864));
#2088=CARTESIAN_POINT('Ctrl Pts',(0.291902553579554,9.8598440249692,0.997618746667367));
#2089=CARTESIAN_POINT('Ctrl Pts',(-0.0377416610753641,9.83602797659971,
1.09404743062487));
#2090=CARTESIAN_POINT('Ctrl Pts',(-0.420091481391991,9.81221192823021,1.01093486384224));
#2091=CARTESIAN_POINT('Ctrl Pts',(-0.679950689164997,9.78839587986072,0.786247654112912));
#2092=CARTESIAN_POINT('Ctrl Pts',(-0.90338942169987,9.76791776131617,0.59305140069182));
#2093=CARTESIAN_POINT('Ctrl Pts',(-1.03626667565318,9.74743964277162,0.295184195524602));
#2094=CARTESIAN_POINT('Ctrl Pts',(-1.0386815728258,9.72696152422708,-0.000763860011357993));
#2095=CARTESIAN_POINT('Origin',(0.,0.,0.));
#2096=CARTESIAN_POINT('',(-1.03851804022496,9.27696152422707,0.000821181265180937));
#2097=CARTESIAN_POINT('',(-1.03620682125567,9.39803847577293,0.000410919635408069));
#2098=CARTESIAN_POINT('',(-1.03775,0.,1.27087721581517E-16));
#2099=CARTESIAN_POINT('Ctrl Pts',(-1.03620682125567,9.39803847577293,0.000410919635408069));
#2100=CARTESIAN_POINT('Ctrl Pts',(-1.03673420408723,9.40816393022603,0.147635265151939));
#2101=CARTESIAN_POINT('Ctrl Pts',(-1.00745978235743,9.41828938467912,0.294660206028775));
#2102=CARTESIAN_POINT('Ctrl Pts',(-0.947355639866699,9.42841483913222,0.427765936542153));
#2103=CARTESIAN_POINT('Ctrl Pts',(-0.805984882495057,9.45223088750171,0.740843490823582));
#2104=CARTESIAN_POINT('Ctrl Pts',(-0.494053040295175,9.4760469358712,0.976914975606271));
#2105=CARTESIAN_POINT('Ctrl Pts',(-0.154356450931964,9.4998629842407,1.0279271351365));
#2106=CARTESIAN_POINT('Ctrl Pts',(0.185340138431238,9.52367903261018,1.07893929466673));
#2107=CARTESIAN_POINT('Ctrl Pts',(0.552801474957768,9.54749508097967,0.944892128944511));
#2108=CARTESIAN_POINT('Ctrl Pts',(0.77990420182701,9.57131112934916,0.687150594358846));
#2109=CARTESIAN_POINT('Ctrl Pts',(1.00700692869625,9.59512717771865,0.429409059773182));
#2110=CARTESIAN_POINT('Ctrl Pts',(1.09375104590821,9.61894322608814,0.0479731563240722));
#2111=CARTESIAN_POINT('Ctrl Pts',(1.00032590337689,9.64275927445763,-0.282606473002327));
#2112=CARTESIAN_POINT('Ctrl Pts',(0.90690076084558,9.66657532282713,-0.613186102328735));
#2113=CARTESIAN_POINT('Ctrl Pts',(0.633306358570989,9.69039137119662,-0.89290945753243));
#2114=CARTESIAN_POINT('Ctrl Pts',(0.304970111907153,9.71420741956611,-0.993701924153809));
#2115=CARTESIAN_POINT('Ctrl Pts',(-0.0233661347566734,9.7380234679356,-1.09449439077518));
#2116=CARTESIAN_POINT('Ctrl Pts',(-0.406444225809743,9.76183951630509,-1.01635596881425));
#2117=CARTESIAN_POINT('Ctrl Pts',(-0.669333039179706,9.78565556467458,-0.795145226994763));
#2118=CARTESIAN_POINT('Ctrl Pts',(-0.898866912288815,9.80644986837403,-0.602001373925174));
#2119=CARTESIAN_POINT('Ctrl Pts',(-1.03677555433888,9.82724417207348,-0.299787605319881));
#2120=CARTESIAN_POINT('Ctrl Pts',(-1.03906847542925,9.84803847577293,0.000648247871573078));
#2121=CARTESIAN_POINT('Ctrl Pts',(-1.0386815728258,9.72696152422708,-0.000763860011357993));
#2122=CARTESIAN_POINT('Ctrl Pts',(-1.03907520065245,9.72362359440213,-0.0490033425135085));
#2123=CARTESIAN_POINT('Ctrl Pts',(-1.03600258138637,9.72028566457719,-0.0971918352359705));
#2124=CARTESIAN_POINT('Ctrl Pts',(-1.02929091496223,9.71694773475225,-0.144867724868151));
#2125=CARTESIAN_POINT('Ctrl Pts',(-0.981403337757092,9.69313168638276,-0.485034041443899));
#2126=CARTESIAN_POINT('Ctrl Pts',(-0.748259588117439,9.66931563801327,-0.799104821919398));
#2127=CARTESIAN_POINT('Ctrl Pts',(-0.436509973216507,9.64549958964377,-0.943355244796921));
#2128=CARTESIAN_POINT('Ctrl Pts',(-0.124760358315575,9.62168354127428,-1.08760566767444));
#2129=CARTESIAN_POINT('Ctrl Pts',(0.265595121846637,9.59786749290479,-1.06203573295399));
#2130=CARTESIAN_POINT('Ctrl Pts',(0.555867921762728,9.5740514445353,-0.878337761660826));
#2131=CARTESIAN_POINT('Ctrl Pts',(0.846140721678828,9.55023539616581,-0.694639790367656));
#2132=CARTESIAN_POINT('Ctrl Pts',(1.0363308413488,9.52641934779632,-0.352813782501766));
#2133=CARTESIAN_POINT('Ctrl Pts',(1.03940689553095,9.50260329942683,-0.00931339706011315));
#2134=CARTESIAN_POINT('Ctrl Pts',(1.0424829497131,9.47878725105734,0.33418698838153));
#2135=CARTESIAN_POINT('Ctrl Pts',(0.858444938407446,9.45497120268785,0.679361751398938));
#2136=CARTESIAN_POINT('Ctrl Pts',(0.571515844830621,9.43115515431836,0.868233101330918));
#2137=CARTESIAN_POINT('Ctrl Pts',(0.284586751253797,9.40733910594887,1.0571044512629));
#2138=CARTESIAN_POINT('Ctrl Pts',(-0.105233424594193,9.38352305757938,1.08967238810945));
#2139=CARTESIAN_POINT('Ctrl Pts',(-0.419526191248104,9.35970700920989,0.951029557493912));
#2140=CARTESIAN_POINT('Ctrl Pts',(-0.733818957902015,9.3358909608404,0.812386726878372));
#2141=CARTESIAN_POINT('Ctrl Pts',(-0.972584315361846,9.31207491247091,0.502533128800737));
#2142=CARTESIAN_POINT('Ctrl Pts',(-1.02654560049165,9.28825886410142,0.163284409555186));
#2143=CARTESIAN_POINT('Ctrl Pts',(-1.03507792805932,9.2844930841433,0.109642595937296));
#2144=CARTESIAN_POINT('Ctrl Pts',(-1.03898982973157,9.28072730418519,0.0552658527405768));
#2145=CARTESIAN_POINT('Ctrl Pts',(-1.03851804022496,9.27696152422707,0.000821181265180937));
#2146=CARTESIAN_POINT('Origin',(0.,0.,0.));
#2147=CARTESIAN_POINT('',(-1.0360997411781,8.82696152422707,0.000245266951001133));
#2148=CARTESIAN_POINT('',(-1.03730201421596,8.94803847577293,-0.000926503309077126));
#2149=CARTESIAN_POINT('',(-1.03775,0.,1.27087721581517E-16));
#2150=CARTESIAN_POINT('Ctrl Pts',(-1.03730201421596,8.94803847577293,-0.000926503309077126));
#2151=CARTESIAN_POINT('Ctrl Pts',(-1.03514187266978,8.96526764000908,0.248918412731703));
#2152=CARTESIAN_POINT('Ctrl Pts',(-0.944481263858588,8.98249680424524,0.500169466942569));
#2153=CARTESIAN_POINT('Ctrl Pts',(-0.780303476876425,8.99972596848139,0.686720522166818));
#2154=CARTESIAN_POINT('Ctrl Pts',(-0.553358857719626,9.02354201685088,0.944591936804451));
#2155=CARTESIAN_POINT('Ctrl Pts',(-0.185938988265886,9.04735806522036,1.07883580237159));
#2156=CARTESIAN_POINT('Ctrl Pts',(0.153793531215887,9.07117411358985,1.02801078315108));
#2157=CARTESIAN_POINT('Ctrl Pts',(0.493526050697665,9.09499016195935,0.977185763930563));
#2158=CARTESIAN_POINT('Ctrl Pts',(0.805571220207489,9.11880621032884,0.741291859922405));
#2159=CARTESIAN_POINT('Ctrl Pts',(0.947112397221036,9.14262225869834,0.428294075172396));
#2160=CARTESIAN_POINT('Ctrl Pts',(1.08865357423457,9.16643830706782,0.115296290422405));
#2161=CARTESIAN_POINT('Ctrl Pts',(1.05969075875186,9.19025435543731,-0.274805375069425));
#2162=CARTESIAN_POINT('Ctrl Pts',(0.873477411399908,9.2140704038068,-0.563468450131998));
#2163=CARTESIAN_POINT('Ctrl Pts',(0.687264064047944,9.23788645217629,-0.852131525194588));
#2164=CARTESIAN_POINT('Ctrl Pts',(0.343800184826725,9.26170250054579,-1.0393560098279));
#2165=CARTESIAN_POINT('Ctrl Pts',(0.000287903894333578,9.28551854891528,
-1.03945131395095));
#2166=CARTESIAN_POINT('Ctrl Pts',(-0.343224377038048,9.30933459728477,-1.039546618074));
#2167=CARTESIAN_POINT('Ctrl Pts',(-0.686785059681598,9.33315064565426,-0.852512741686788));
#2168=CARTESIAN_POINT('Ctrl Pts',(-0.87316056473167,9.35696669402375,-0.563953991603104));
#2169=CARTESIAN_POINT('Ctrl Pts',(-0.980298042621257,9.37065728794014,-0.398076739124934));
#2170=CARTESIAN_POINT('Ctrl Pts',(-1.03549374865051,9.38434788185653,-0.198650637395027));
#2171=CARTESIAN_POINT('Ctrl Pts',(-1.03620682125567,9.39803847577293,0.000410919635408069));
#2172=CARTESIAN_POINT('Ctrl Pts',(-1.03851804022496,9.27696152422707,0.000821181265180937));
#2173=CARTESIAN_POINT('Ctrl Pts',(-1.03600607554661,9.2569112558157,-0.289060407354652));
#2174=CARTESIAN_POINT('Ctrl Pts',(-0.909222921832119,9.23686098740433,-0.580867662636657));
#2175=CARTESIAN_POINT('Ctrl Pts',(-0.693900610251916,9.21681071899295,-0.77392540016638));
#2176=CARTESIAN_POINT('Ctrl Pts',(-0.438137122082601,9.19299467062346,-1.0032426502289));
#2177=CARTESIAN_POINT('Ctrl Pts',(-0.057452932944202,9.16917862225396,-1.09323330994047));
#2178=CARTESIAN_POINT('Ctrl Pts',(0.27391851963486,9.14536257388447,-1.00270992689082));
#2179=CARTESIAN_POINT('Ctrl Pts',(0.605289972213913,9.12154652551497,-0.912186543841169));
#2180=CARTESIAN_POINT('Ctrl Pts',(0.887348688233631,9.09773047714549,-0.641149118030315));
#2181=CARTESIAN_POINT('Ctrl Pts',(0.991001424636036,9.073914428776,-0.313647082234906));
#2182=CARTESIAN_POINT('Ctrl Pts',(1.09465416103844,9.05009838040651,0.0138549535605029));
#2183=CARTESIAN_POINT('Ctrl Pts',(1.01990091782353,9.02628233203702,0.397821599340466));
#2184=CARTESIAN_POINT('Ctrl Pts',(0.800954834325382,9.00246628366752,0.662517782962196));
#2185=CARTESIAN_POINT('Ctrl Pts',(0.582008750827228,8.97865023529803,0.927213966583932));
#2186=CARTESIAN_POINT('Ctrl Pts',(0.218869827045829,8.95483418692854,1.07263968804743));
#2187=CARTESIAN_POINT('Ctrl Pts',(-0.122259211225407,8.93101813855905,1.03223598485043));
#2188=CARTESIAN_POINT('Ctrl Pts',(-0.463388249496633,8.90720209018956,0.991832281653438));
#2189=CARTESIAN_POINT('Ctrl Pts',(-0.782507402257696,8.88338604182007,0.765599153795963));
#2190=CARTESIAN_POINT('Ctrl Pts',(-0.93356119963385,8.85956999345058,0.457079751361474));
#2191=CARTESIAN_POINT('Ctrl Pts',(-1.00250117134839,8.84870050370941,0.316273500564251));
#2192=CARTESIAN_POINT('Ctrl Pts',(-1.03643396490315,8.83783101396824,0.158327427775608));
#2193=CARTESIAN_POINT('Ctrl Pts',(-1.0360997411781,8.82696152422707,0.000245266951001133));
#2194=CARTESIAN_POINT('Origin',(0.,0.,0.));
#2195=CARTESIAN_POINT('',(-1.03761896487478,8.37696152422707,-0.000948884097767243));
#2196=CARTESIAN_POINT('',(-1.03942810835242,8.49803847577294,0.000138715838391151));
#2197=CARTESIAN_POINT('',(-1.03775,0.,1.27087721581517E-16));
#2198=CARTESIAN_POINT('Ctrl Pts',(-1.03942810835242,8.49803847577294,0.000138715838391151));
#2199=CARTESIAN_POINT('Ctrl Pts',(-1.03944210460438,8.49855530142265,0.0075936513874939));
#2200=CARTESIAN_POINT('Ctrl Pts',(-1.03936883897969,8.49907212707236,0.015048304596991));
#2201=CARTESIAN_POINT('Ctrl Pts',(-1.03920747122253,8.49958895272208,0.0225010502077249));
#2202=CARTESIAN_POINT('Ctrl Pts',(-1.03177141940944,8.52340500109157,0.36593398556747));
#2203=CARTESIAN_POINT('Ctrl Pts',(-0.837250909990277,8.54722104946106,0.705316144062043));
#2204=CARTESIAN_POINT('Ctrl Pts',(-0.544674731242551,8.57103709783055,0.885317969106236));
#2205=CARTESIAN_POINT('Ctrl Pts',(-0.252098552494813,8.59485314620004,1.06531979415044));
#2206=CARTESIAN_POINT('Ctrl Pts',(0.138533295581485,8.61866919456954,1.08594128574425));
#2207=CARTESIAN_POINT('Ctrl Pts',(0.448435111891733,8.64248524293903,0.937744327502797));
#2208=CARTESIAN_POINT('Ctrl Pts',(0.758336928201977,8.66630129130852,0.789547369261347));
#2209=CARTESIAN_POINT('Ctrl Pts',(0.987508712746164,8.690117339678,0.472531961184628));
#2210=CARTESIAN_POINT('Ctrl Pts',(1.03106238509696,8.71393338804749,0.131790778988948));
#2211=CARTESIAN_POINT('Ctrl Pts',(1.07461605744775,8.73774943641698,-0.208950403206713));
#2212=CARTESIAN_POINT('Ctrl Pts',(0.932551617605184,8.76156548478648,-0.573417359521341));
#2213=CARTESIAN_POINT('Ctrl Pts',(0.669889542262245,8.78538153315597,-0.794799649664229));
#2214=CARTESIAN_POINT('Ctrl Pts',(0.407227466919286,8.80919758152546,-1.01618193980713));
#2215=CARTESIAN_POINT('Ctrl Pts',(0.0239677560759517,8.83301362989495,-1.09447956377828));
#2216=CARTESIAN_POINT('Ctrl Pts',(-0.304477912509988,8.85682967826444,-0.99385698112012));
#2217=CARTESIAN_POINT('Ctrl Pts',(-0.632923581095913,8.88064572663393,-0.893234398461965));
#2218=CARTESIAN_POINT('Ctrl Pts',(-0.906555207424442,8.90446177500342,-0.613691609174508));
#2219=CARTESIAN_POINT('Ctrl Pts',(-1.00013633615877,8.92827782337291,-0.283170732676721));
#2220=CARTESIAN_POINT('Ctrl Pts',(-1.02601838184817,8.93486470750625,-0.19175746867236));
#2221=CARTESIAN_POINT('Ctrl Pts',(-1.03812785822565,8.94145159163959,-0.0964447472997869));
#2222=CARTESIAN_POINT('Ctrl Pts',(-1.03730201421596,8.94803847577293,-0.000926503309077126));
#2223=CARTESIAN_POINT('Ctrl Pts',(-1.0360997411781,8.82696152422707,0.000245266951001133));
#2224=CARTESIAN_POINT('Ctrl Pts',(-1.03570165008511,8.81401496559875,-0.188045077116925));
#2225=CARTESIAN_POINT('Ctrl Pts',(-0.986688963737891,8.80106840697043,-0.376528489193467));
#2226=CARTESIAN_POINT('Ctrl Pts',(-0.890312406712475,8.78812184834211,-0.536472043076094));
#2227=CARTESIAN_POINT('Ctrl Pts',(-0.713021374423695,8.76430579997262,-0.830698758067677));
#2228=CARTESIAN_POINT('Ctrl Pts',(-0.375450867854879,8.74048975160313,-1.02834651103933));
#2229=CARTESIAN_POINT('Ctrl Pts',(-0.032101295888627,8.71667370323364,-1.03895521427964));
#2230=CARTESIAN_POINT('Ctrl Pts',(0.311248276077621,8.69285765486415,-1.04956391751994));
#2231=CARTESIAN_POINT('Ctrl Pts',(0.660376913441301,8.66904160649466,-0.873133571028904));
#2232=CARTESIAN_POINT('Ctrl Pts',(0.855494263987003,8.64522555812517,-0.590413406848112));
#2233=CARTESIAN_POINT('Ctrl Pts',(1.0506116145327,8.62140950975567,-0.307693242667325));
#2234=CARTESIAN_POINT('Ctrl Pts',(1.09171767826042,8.59759346138618,0.0813167392032168));
#2235=CARTESIAN_POINT('Ctrl Pts',(0.959998891078831,8.57377741301669,0.398573154033887));
#2236=CARTESIAN_POINT('Ctrl Pts',(0.828280103897242,8.5499613646472,0.715829568864566));
#2237=CARTESIAN_POINT('Ctrl Pts',(0.52373646580634,8.52614531627771,0.961332416655375));
#2238=CARTESIAN_POINT('Ctrl Pts',(0.185752526885464,8.50232926790822,1.02271913442242));
#2239=CARTESIAN_POINT('Ctrl Pts',(-0.152231412035409,8.47851321953873,1.08410585218945));
#2240=CARTESIAN_POINT('Ctrl Pts',(-0.523655651786248,8.45469717116924,0.961376439932736));
#2241=CARTESIAN_POINT('Ctrl Pts',(-0.758525508436224,8.43088112279974,0.710702104803122));
#2242=CARTESIAN_POINT('Ctrl Pts',(-0.935774174138614,8.41290792327552,0.521526311615774));
#2243=CARTESIAN_POINT('Ctrl Pts',(-1.03525195712375,8.3949347237513,0.25948292263938));
#2244=CARTESIAN_POINT('Ctrl Pts',(-1.03761896487478,8.37696152422707,-0.000948884097767243));
#2245=CARTESIAN_POINT('Origin',(0.,0.,0.));
#2246=CARTESIAN_POINT('',(-1.03932198624564,7.92696152422707,0.000331374790213113));
#2247=CARTESIAN_POINT('',(-1.03689624488833,8.04803847577293,0.000839551773437693));
#2248=CARTESIAN_POINT('',(-1.03775,0.,1.27087721581517E-16));
#2249=CARTESIAN_POINT('Ctrl Pts',(-1.03689624488833,8.04803847577293,0.000839551773437693));
#2250=CARTESIAN_POINT('Ctrl Pts',(-1.03773756020454,8.05565901120571,0.111456538919079));
#2251=CARTESIAN_POINT('Ctrl Pts',(-1.02143548714189,8.06327954663848,0.221832057815644));
#2252=CARTESIAN_POINT('Ctrl Pts',(-0.986942321083978,8.07090008207125,0.326195221694733));
#2253=CARTESIAN_POINT('Ctrl Pts',(-0.879142689614588,8.09471613044074,0.652355788870779));
#2254=CARTESIAN_POINT('Ctrl Pts',(-0.593667688390458,8.11853217881022,0.919792704801391));
#2255=CARTESIAN_POINT('Ctrl Pts',(-0.261174468041971,8.14234822717971,1.00610454978197));
#2256=CARTESIAN_POINT('Ctrl Pts',(0.0713187523065247,8.1661642755492,1.09241639476255));
#2257=CARTESIAN_POINT('Ctrl Pts',(0.450830191779379,8.1899803239187,0.997603168793082));
#2258=CARTESIAN_POINT('Ctrl Pts',(0.703663788568447,8.21379637228819,0.765059305321818));
#2259=CARTESIAN_POINT('Ctrl Pts',(0.956497385357507,8.23761242065768,0.53251544185056));
#2260=CARTESIAN_POINT('Ctrl Pts',(1.08265313946279,8.26142846902717,0.162240940877512));
#2261=CARTESIAN_POINT('Ctrl Pts',(1.02439166510554,8.28524451739666,-0.176295728774229));
#2262=CARTESIAN_POINT('Ctrl Pts',(0.966130190748285,8.30906056576615,-0.514832398425971));
#2263=CARTESIAN_POINT('Ctrl Pts',(0.723451487928501,8.33287661413565,-0.821631236756404));
#2264=CARTESIAN_POINT('Ctrl Pts',(0.407425553758885,8.35669266250514,-0.956275528340796));
#2265=CARTESIAN_POINT('Ctrl Pts',(0.0913996195892593,8.38050871087463,-1.09091981992519));
#2266=CARTESIAN_POINT('Ctrl Pts',(-0.297973545930203,8.40432475924412,-1.05340956476354));
#2267=CARTESIAN_POINT('Ctrl Pts',(-0.582484331586426,8.42814080761361,-0.860912581070238));
#2268=CARTESIAN_POINT('Ctrl Pts',(-0.860821025329224,8.45144003033338,-0.672592922562129));
#2269=CARTESIAN_POINT('Ctrl Pts',(-1.03879713774946,8.47473925305316,-0.335940199393433));
#2270=CARTESIAN_POINT('Ctrl Pts',(-1.03942810835242,8.49803847577294,0.000138715838391151));
#2271=CARTESIAN_POINT('Ctrl Pts',(-1.03761896487478,8.37696152422707,-0.000948884097767243));
#2272=CARTESIAN_POINT('Ctrl Pts',(-1.03838844770872,8.37111867538181,-0.0856118112084384));
#2273=CARTESIAN_POINT('Ctrl Pts',(-1.02889512895925,8.36527582653654,-0.170104424070079));
#2274=CARTESIAN_POINT('Ctrl Pts',(-1.00847457466391,8.35943297769128,-0.251867944481893));
#2275=CARTESIAN_POINT('Ctrl Pts',(-0.925238310692523,8.33561692932179,-0.585144400634802));
#2276=CARTESIAN_POINT('Ctrl Pts',(-0.660450309200634,8.3118008809523,-0.873078054938101));
#2277=CARTESIAN_POINT('Ctrl Pts',(-0.335299626221994,8.28798483258281,-0.983886471958613));
#2278=CARTESIAN_POINT('Ctrl Pts',(-0.0101489432433537,8.26416878421331,
-1.09469488897912));
#2279=CARTESIAN_POINT('Ctrl Pts',(0.375364421222033,8.24035273584381,-1.02837806871685));
#2280=CARTESIAN_POINT('Ctrl Pts',(0.644797424764004,8.21653668747432,-0.815288114729721));
#2281=CARTESIAN_POINT('Ctrl Pts',(0.914230428305968,8.19272063910483,-0.602198160742599));
#2282=CARTESIAN_POINT('Ctrl Pts',(1.06758307092452,8.16890459073535,-0.24233507303064));
#2283=CARTESIAN_POINT('Ctrl Pts',(1.03466840354513,8.14508854236586,0.0995978100965474));
#2284=CARTESIAN_POINT('Ctrl Pts',(1.00175373616574,8.12127249399637,0.44153069322373));
#2285=CARTESIAN_POINT('Ctrl Pts',(0.782571758788406,8.09745644562687,0.765533371766151));
#2286=CARTESIAN_POINT('Ctrl Pts',(0.477438409961729,8.07364039725738,0.923315219054302));
#2287=CARTESIAN_POINT('Ctrl Pts',(0.172305061135043,8.04982434888789,1.08109706634246));
#2288=CARTESIAN_POINT('Ctrl Pts',(-0.218779659140991,8.02600830051841,1.07265808237635));
#2289=CARTESIAN_POINT('Ctrl Pts',(-0.51682279161567,8.00219225214892,0.901860649494558));
#2290=CARTESIAN_POINT('Ctrl Pts',(-0.81486592409035,7.97837620377942,0.731063216612768));
#2291=CARTESIAN_POINT('Ctrl Pts',(-1.01986746876367,7.95456015540992,0.397907334815303));
#2292=CARTESIAN_POINT('Ctrl Pts',(-1.03800163485747,7.93074410704043,0.0548728993492838));
#2293=CARTESIAN_POINT('Ctrl Pts',(-1.03896168756278,7.92948324610265,0.0367120897437156));
#2294=CARTESIAN_POINT('Ctrl Pts',(-1.03939798492511,7.92822238516486,0.0185235923453167));
#2295=CARTESIAN_POINT('Ctrl Pts',(-1.03932198624564,7.92696152422707,0.000331374790213113));
#2296=CARTESIAN_POINT('Origin',(0.,0.,0.));
#2297=CARTESIAN_POINT('',(-1.03664084093641,7.47696152422707,0.00074071983479973));
#2298=CARTESIAN_POINT('',(-1.03642891712766,7.59803847577293,-0.000619001479840179));
#2299=CARTESIAN_POINT('',(-1.03775,0.,1.27087721581517E-16));
#2300=CARTESIAN_POINT('Ctrl Pts',(-1.03642891712766,7.59803847577293,-0.000619001479840179));
#2301=CARTESIAN_POINT('Ctrl Pts',(-1.03526483402487,7.61276272098876,0.213355352345493));
#2302=CARTESIAN_POINT('Ctrl Pts',(-0.970773581971565,7.62748696620458,0.427973156268502));
#2303=CARTESIAN_POINT('Ctrl Pts',(-0.847934534080221,7.64221121142041,0.60122000445808));
#2304=CARTESIAN_POINT('Ctrl Pts',(-0.649245863567031,7.6660272597899,0.881441860034782));
#2305=CARTESIAN_POINT('Ctrl Pts',(-0.297906851990617,7.68984330815939,1.05342842733512));
#2306=CARTESIAN_POINT('Ctrl Pts',(0.0452804899123832,7.71365935652888,1.03846432056179));
#2307=CARTESIAN_POINT('Ctrl Pts',(0.388467831815374,7.73747540489837,1.02350021378846));
#2308=CARTESIAN_POINT('Ctrl Pts',(0.723503504044947,7.76129145326786,0.821585432941481));
#2309=CARTESIAN_POINT('Ctrl Pts',(0.897047262588237,7.78510750163735,0.525133008421597));
#2310=CARTESIAN_POINT('Ctrl Pts',(1.07059102113152,7.80892355000684,0.228680583901717));
#2311=CARTESIAN_POINT('Ctrl Pts',(1.08264286598853,7.83273959837633,-0.162309484291073));
#2312=CARTESIAN_POINT('Ctrl Pts',(0.927686868617178,7.85655564674582,-0.468887557562173));
#2313=CARTESIAN_POINT('Ctrl Pts',(0.772730871245823,7.88037169511531,-0.775465630833287));
#2314=CARTESIAN_POINT('Ctrl Pts',(0.450767031646105,7.90418774348481,-0.997631709182711));
#2315=CARTESIAN_POINT('Ctrl Pts',(0.109152833841402,7.9280037918543,-1.03370408082278));
#2316=CARTESIAN_POINT('Ctrl Pts',(-0.232461363963302,7.95181984022379,-1.06977645246285));
#2317=CARTESIAN_POINT('Ctrl Pts',(-0.593725919972986,7.97563588859328,-0.919755117393565));
#2318=CARTESIAN_POINT('Ctrl Pts',(-0.809296067120504,7.99945193696277,-0.652302340648174));
#2319=CARTESIAN_POINT('Ctrl Pts',(-0.95588919847183,8.01564744989949,-0.470427713987164));
#2320=CARTESIAN_POINT('Ctrl Pts',(-1.03510824282368,8.03184296283621,-0.234248764807889));
#2321=CARTESIAN_POINT('Ctrl Pts',(-1.03689624488833,8.04803847577293,0.000839551773437693));
#2322=CARTESIAN_POINT('Ctrl Pts',(-1.03932198624564,7.92696152422707,0.000331374790213113));
#2323=CARTESIAN_POINT('Ctrl Pts',(-1.03796246719909,7.90440633679537,-0.325104099064237));
#2324=CARTESIAN_POINT('Ctrl Pts',(-0.872664997914073,7.88185114936368,-0.651730046424177));
#2325=CARTESIAN_POINT('Ctrl Pts',(-0.609028376921176,7.85929596193197,-0.842343674013243));
#2326=CARTESIAN_POINT('Ctrl Pts',(-0.330654165376786,7.83547991356248,-1.04361282277521));
#2327=CARTESIAN_POINT('Ctrl Pts',(0.0573610452262895,7.81166386519298,-1.09323813116456));
#2328=CARTESIAN_POINT('Ctrl Pts',(0.377429159044122,7.78784781682349,-0.968506922509316));
#2329=CARTESIAN_POINT('Ctrl Pts',(0.697497272861951,7.764031768454,-0.843775713854072));
#2330=CARTESIAN_POINT('Ctrl Pts',(0.949618289894544,7.74021572008451,-0.544687988154256));
#2331=CARTESIAN_POINT('Ctrl Pts',(1.01840062209326,7.71639967171502,-0.20813121334052));
#2332=CARTESIAN_POINT('Ctrl Pts',(1.08718295429197,7.69258362334553,0.128425561473206));
#2333=CARTESIAN_POINT('Ctrl Pts',(0.972626601656784,7.66876757497604,0.502451385400848));
#2334=CARTESIAN_POINT('Ctrl Pts',(0.727162097775318,7.64495152660655,0.742760871751347));
#2335=CARTESIAN_POINT('Ctrl Pts',(0.481697593893845,7.62113547823706,0.983070358101853));
#2336=CARTESIAN_POINT('Ctrl Pts',(0.105324938766078,7.59731942986757,1.08966350687522));
#2337=CARTESIAN_POINT('Ctrl Pts',(-0.229696375386005,7.57350338149808,1.01375441019035));
#2338=CARTESIAN_POINT('Ctrl Pts',(-0.564717689538088,7.54968733312859,0.937845313505487));
#2339=CARTESIAN_POINT('Ctrl Pts',(-0.858387662714487,7.52587128475909,0.679433971362383));
#2340=CARTESIAN_POINT('Ctrl Pts',(-0.976298442029959,7.5020552363896,0.356790948786411));
#2341=CARTESIAN_POINT('Ctrl Pts',(-1.01771056200186,7.49369066566876,0.243473645342376));
#2342=CARTESIAN_POINT('Ctrl Pts',(-1.03744234842839,7.48532609494791,0.122233204420443));
#2343=CARTESIAN_POINT('Ctrl Pts',(-1.03664084093641,7.47696152422707,0.00074071983479973));
#2344=CARTESIAN_POINT('Origin',(0.,0.,0.));
#2345=CARTESIAN_POINT('',(-1.03664620248579,7.02696152422707,-0.000743254591032624));
#2346=CARTESIAN_POINT('',(-1.03914817774559,7.14803847577293,-0.000503959404827197));
#2347=CARTESIAN_POINT('',(-1.03775,0.,1.27087721581517E-16));
#2348=CARTESIAN_POINT('Ctrl Pts',(-1.03914817774559,7.14803847577293,-0.000503959404827197));
#2349=CARTESIAN_POINT('Ctrl Pts',(-1.03726360660206,7.16986643077181,0.314578550280448));
#2350=CARTESIAN_POINT('Ctrl Pts',(-0.883801102659355,7.1916943857707,0.631250353730301));
#2351=CARTESIAN_POINT('Ctrl Pts',(-0.634401544432615,7.21352234076957,0.823403393403651));
#2352=CARTESIAN_POINT('Ctrl Pts',(-0.362286637545438,7.23733838913906,1.03305776035832));
#2353=CARTESIAN_POINT('Ctrl Pts',(0.0240371006102585,7.26115443750855,1.09447803165471));
#2354=CARTESIAN_POINT('Ctrl Pts',(0.347755732939162,7.28497048587804,0.97955317265326));
#2355=CARTESIAN_POINT('Ctrl Pts',(0.671474365268055,7.30878653424754,0.864628313651815));
#2356=CARTESIAN_POINT('Ctrl Pts',(0.932587891770166,7.33260258261703,0.573358324352548));
#2357=CARTESIAN_POINT('Ctrl Pts',(1.0115890026691,7.35641863098652,0.23905262501418));
#2358=CARTESIAN_POINT('Ctrl Pts',(1.09059011356803,7.38023467935601,-0.0952530743241877));
#2359=CARTESIAN_POINT('Ctrl Pts',(0.98747880886379,7.4040507277255,-0.472594483701649));
#2360=CARTESIAN_POINT('Ctrl Pts',(0.74944741443035,7.42786677609499,-0.72026872821935));
#2361=CARTESIAN_POINT('Ctrl Pts',(0.511416019996905,7.45168282446448,-0.967942972737058));
#2362=CARTESIAN_POINT('Ctrl Pts',(0.138464535834248,7.47549887283397,-1.08595005239499));
#2363=CARTESIAN_POINT('Ctrl Pts',(-0.198713358774572,7.49931492120346,-1.02028009335258));
#2364=CARTESIAN_POINT('Ctrl Pts',(-0.535891253383387,7.52313096957295,-0.954610134310172));
#2365=CARTESIAN_POINT('Ctrl Pts',(-0.83729555843837,7.54694701794245,-0.705263136567433));
#2366=CARTESIAN_POINT('Ctrl Pts',(-0.964978546240873,7.57076306631194,-0.386361065769538));
#2367=CARTESIAN_POINT('Ctrl Pts',(-1.0137216699179,7.5798548694656,-0.264619842876119));
#2368=CARTESIAN_POINT('Ctrl Pts',(-1.03714770537588,7.58894667261927,-0.132742086663299));
#2369=CARTESIAN_POINT('Ctrl Pts',(-1.03642891712766,7.59803847577293,-0.000619001479840179));
#2370=CARTESIAN_POINT('Ctrl Pts',(-1.03664084093641,7.47696152422707,0.00074071983479973));
#2371=CARTESIAN_POINT('Ctrl Pts',(-1.03516025388527,7.46151004657842,-0.223686626493421));
#2372=CARTESIAN_POINT('Ctrl Pts',(-0.963613018231067,7.44605856892978,-0.448974032337074));
#2373=CARTESIAN_POINT('Ctrl Pts',(-0.829229453721293,7.43060709128113,-0.626767055712895));
#2374=CARTESIAN_POINT('Ctrl Pts',(-0.622098100642604,7.40679104291164,-0.900807334627406));
#2375=CARTESIAN_POINT('Ctrl Pts',(-0.265683809030676,7.38297499454215,-1.06201318944759));
#2376=CARTESIAN_POINT('Ctrl Pts',(0.0768885392788869,7.35915894617266,-1.03660338682328));
#2377=CARTESIAN_POINT('Ctrl Pts',(0.41946088758845,7.33534289780317,-1.01119358419898));
#2378=CARTESIAN_POINT('Ctrl Pts',(0.748191292595647,7.31152684943368,-0.799168124130177));
#2379=CARTESIAN_POINT('Ctrl Pts',(0.912625326028023,7.28771080106418,-0.497567526410442));
#2380=CARTESIAN_POINT('Ctrl Pts',(1.0770593594604,7.26389475269469,-0.195966928690711));
#2381=CARTESIAN_POINT('Ctrl Pts',(1.07719702131796,7.24007870432521,0.195208806679954));
#2382=CARTESIAN_POINT('Ctrl Pts',(0.912975306062566,7.21626265595572,0.496925064336576));
#2383=CARTESIAN_POINT('Ctrl Pts',(0.748753590807174,7.19244660758623,0.798641321993201));
#2384=CARTESIAN_POINT('Ctrl Pts',(0.420172498438829,7.16863055921674,1.01089810193578));
#2385=CARTESIAN_POINT('Ctrl Pts',(0.0776181193233476,7.14481451084724,1.03654901311933));
#2386=CARTESIAN_POINT('Ctrl Pts',(-0.264936259792134,7.12099846247775,1.06219992430288));
#2387=CARTESIAN_POINT('Ctrl Pts',(-0.621463925654754,7.09718241410826,0.901244966727399));
#2388=CARTESIAN_POINT('Ctrl Pts',(-0.828788106923608,7.07336636573877,0.627350542255231));
#2389=CARTESIAN_POINT('Ctrl Pts',(-0.963443048052127,7.05789808523487,0.449458907150195));
#2390=CARTESIAN_POINT('Ctrl Pts',(-1.03515843871024,7.04242980473097,0.22392522604202));
#2391=CARTESIAN_POINT('Ctrl Pts',(-1.03664620248579,7.02696152422707,-0.000743254591032624));
#2392=CARTESIAN_POINT('Origin',(0.,0.,0.));
#2393=CARTESIAN_POINT('',(-1.03932523936985,6.57696152422707,-0.000327173417840661));
#2394=CARTESIAN_POINT('',(-1.03793811663463,6.69803847577293,0.000936250256873143));
#2395=CARTESIAN_POINT('',(-1.03775,0.,1.27087721581517E-16));
#2396=CARTESIAN_POINT('Ctrl Pts',(-1.03793811663463,6.69803847577293,0.000936250256873143));
#2397=CARTESIAN_POINT('Ctrl Pts',(-1.03862227739654,6.70315409218538,0.0750032740858041));
#2398=CARTESIAN_POINT('Ctrl Pts',(-1.03136824926647,6.70826970859782,0.148937323824983));
#2399=CARTESIAN_POINT('Ctrl Pts',(-1.0156779984059,6.71338532501027,0.221035452815444));
#2400=CARTESIAN_POINT('Ctrl Pts',(-0.942631127159702,6.73720137337976,0.556692466349378));
#2401=CARTESIAN_POINT('Ctrl Pts',(-0.686735714384733,6.76101742174925,0.852557330957286));
#2402=CARTESIAN_POINT('Ctrl Pts',(-0.365110826161142,6.78483347011874,0.973217628522559));
#2403=CARTESIAN_POINT('Ctrl Pts',(-0.0434859379375316,6.80864951848823,
1.09387792608784));
#2404=CARTESIAN_POINT('Ctrl Pts',(0.343868425734694,6.83246556685772,1.03933365661047));
#2405=CARTESIAN_POINT('Ctrl Pts',(0.619666627636037,6.85628161522721,0.834548823281973));
#2406=CARTESIAN_POINT('Ctrl Pts',(0.895464829537369,6.8800976635967,0.629763989953489));
#2407=CARTESIAN_POINT('Ctrl Pts',(1.05970686966781,6.90391371196619,0.274738592773887));
#2408=CARTESIAN_POINT('Ctrl Pts',(1.03722190325691,6.92772976033569,-0.0680381602577065));
#2409=CARTESIAN_POINT('Ctrl Pts',(1.01473693684601,6.95154580870518,-0.410814913289301));
#2410=CARTESIAN_POINT('Ctrl Pts',(0.80552496389378,6.97536185707467,-0.741343022172899));
#2411=CARTESIAN_POINT('Ctrl Pts',(0.50533881802564,6.99917790544416,-0.908345279529537));
#2412=CARTESIAN_POINT('Ctrl Pts',(0.205152672157493,7.02299395381365,-1.07534753688618));
#2413=CARTESIAN_POINT('Ctrl Pts',(-0.186007646626566,7.04681000218314,-1.07882394271585));
#2414=CARTESIAN_POINT('Ctrl Pts',(-0.489114578876345,7.07062605055263,-0.917183404002578));
#2415=CARTESIAN_POINT('Ctrl Pts',(-0.792221511126111,7.09444209892212,-0.755542865289311));
#2416=CARTESIAN_POINT('Ctrl Pts',(-1.00727505684161,7.11825814729161,-0.428785382033115));
#2417=CARTESIAN_POINT('Ctrl Pts',(-1.03584879189003,7.1420741956611,-0.0864624090985467));
#2418=CARTESIAN_POINT('Ctrl Pts',(-1.03823404289146,7.14406228903171,-0.0578862984633823));
#2419=CARTESIAN_POINT('Ctrl Pts',(-1.03931982476415,7.14605038240232,-0.0292017210014967));
#2420=CARTESIAN_POINT('Ctrl Pts',(-1.03914817774559,7.14803847577293,-0.000503959404827197));
#2421=CARTESIAN_POINT('Ctrl Pts',(-1.03664620248579,7.02696152422707,-0.000743254591032624));
#2422=CARTESIAN_POINT('Ctrl Pts',(-1.03744910405162,7.01861375636148,-0.121990106984696));
#2423=CARTESIAN_POINT('Ctrl Pts',(-1.01779864655896,7.01026598849589,-0.242984975127136));
#2424=CARTESIAN_POINT('Ctrl Pts',(-0.976549322628008,7.00191822063029,-0.356103706131694));
#2425=CARTESIAN_POINT('Ctrl Pts',(-0.858865660388468,6.9781021722608,-0.678829638677604));
#2426=CARTESIAN_POINT('Ctrl Pts',(-0.565377639234297,6.95428612389132,-0.937447612400576));
#2427=CARTESIAN_POINT('Ctrl Pts',(-0.230409835642038,6.93047007552183,-1.01359249044444));
#2428=CARTESIAN_POINT('Ctrl Pts',(0.104557967950229,6.90665402715234,-1.0897373684883));
#2429=CARTESIAN_POINT('Ctrl Pts',(0.481005553980593,6.88283797878284,-0.98340915085305));
#2430=CARTESIAN_POINT('Ctrl Pts',(0.726639135601152,6.85902193041335,-0.743272490852958));
#2431=CARTESIAN_POINT('Ctrl Pts',(0.972272717221708,6.83520588204386,-0.50313583085287));
#2432=CARTESIAN_POINT('Ctrl Pts',(1.08709229443247,6.81138983367437,-0.129190728487959));
#2433=CARTESIAN_POINT('Ctrl Pts',(1.01854686014497,6.78757378530488,0.207414374465158));
#2434=CARTESIAN_POINT('Ctrl Pts',(0.950001425857474,6.76375773693539,0.54401947741828));
#2435=CARTESIAN_POINT('Ctrl Pts',(0.698090980071713,6.7399416885659,0.8432845809596));
#2436=CARTESIAN_POINT('Ctrl Pts',(0.378110735884021,6.71612564019641,0.968241034275657));
#2437=CARTESIAN_POINT('Ctrl Pts',(0.058130491696337,6.69230959182691,1.09319748759171));
#2438=CARTESIAN_POINT('Ctrl Pts',(-0.329919550893278,6.66849354345743,1.04384529068251));
#2439=CARTESIAN_POINT('Ctrl Pts',(-0.608435354017899,6.64467749508794,0.842772121647996));
#2440=CARTESIAN_POINT('Ctrl Pts',(-0.872402570802086,6.62210550480098,0.652202235829812));
#2441=CARTESIAN_POINT('Ctrl Pts',(-1.03797996007262,6.59953351451403,0.325348021471723));
#2442=CARTESIAN_POINT('Ctrl Pts',(-1.03932523936985,6.57696152422707,-0.000327173417840661));
#2443=CARTESIAN_POINT('Origin',(0.,0.,0.));
#2444=CARTESIAN_POINT('',(-1.0376116608653,6.12696152422707,0.000948768389888444));
#2445=CARTESIAN_POINT('',(-1.0360511265975,6.24803847577293,-7.42628428947406E-5));
#2446=CARTESIAN_POINT('',(-1.03775,0.,1.27087721581517E-16));
#2447=CARTESIAN_POINT('Ctrl Pts',(-1.0360511265975,6.24803847577293,-7.42628428947406E-5));
#2448=CARTESIAN_POINT('Ctrl Pts',(-1.03593766055383,6.26025780196843,0.177660282021561));
#2449=CARTESIAN_POINT('Ctrl Pts',(-0.992561844879356,6.27247712816394,0.355446748976662));
#2450=CARTESIAN_POINT('Ctrl Pts',(-0.906238982451548,6.28469645435944,0.509106447152583));
#2451=CARTESIAN_POINT('Ctrl Pts',(-0.737991614791413,6.30851250272893,0.80859651277883));
#2452=CARTESIAN_POINT('Ctrl Pts',(-0.406597584037411,6.33232855109841,1.01643413393858));
#2453=CARTESIAN_POINT('Ctrl Pts',(-0.0637304155785046,6.3561445994679,1.03749549491906));
#2454=CARTESIAN_POINT('Ctrl Pts',(0.279136752880416,6.37996064783739,1.05855685589954));
#2455=CARTESIAN_POINT('Ctrl Pts',(0.633477059044242,6.40377669620689,0.892841956700732));
#2456=CARTESIAN_POINT('Ctrl Pts',(0.837114849655141,6.42759274457638,0.616195745144347));
#2457=CARTESIAN_POINT('Ctrl Pts',(1.04075264026603,6.45140879294587,0.33954953358797));
#2458=CARTESIAN_POINT('Ctrl Pts',(1.09368791532401,6.47522484131536,-0.0480279903259812));
#2459=CARTESIAN_POINT('Ctrl Pts',(0.971693081570338,6.49904088968485,-0.369149052654188));
#2460=CARTESIAN_POINT('Ctrl Pts',(0.849698247816668,6.52285693805434,-0.6902701149824));
#2461=CARTESIAN_POINT('Ctrl Pts',(0.552773305251348,6.54667298642383,-0.944934715724865));
#2462=CARTESIAN_POINT('Ctrl Pts',(0.216815852006526,6.57048903479332,-1.01658711095795));
#2463=CARTESIAN_POINT('Ctrl Pts',(-0.119141601238301,6.59430508316281,-1.08823950619103));
#2464=CARTESIAN_POINT('Ctrl Pts',(-0.49413156516263,6.61812113153231,-0.976879695914734));
#2465=CARTESIAN_POINT('Ctrl Pts',(-0.736527382266081,6.6419371799018,-0.733475209546593));
#2466=CARTESIAN_POINT('Ctrl Pts',(-0.926857298215623,6.66063761185884,-0.542353283492821));
#2467=CARTESIAN_POINT('Ctrl Pts',(-1.03543712736096,6.67933804381588,-0.269820043355004));
#2468=CARTESIAN_POINT('Ctrl Pts',(-1.03793811663463,6.69803847577293,0.000936250256873143));
#2469=CARTESIAN_POINT('Ctrl Pts',(-1.03932523936985,6.57696152422707,-0.000327173417840661));
#2470=CARTESIAN_POINT('Ctrl Pts',(-1.03939938460745,6.57571746614454,-0.0182768027298091));
#2471=CARTESIAN_POINT('Ctrl Pts',(-1.03897464572818,6.574473408062,-0.0362228505613566));
#2472=CARTESIAN_POINT('Ctrl Pts',(-1.03803999928841,6.57322934997946,-0.054142302530104));
#2473=CARTESIAN_POINT('Ctrl Pts',(-1.02014727777468,6.54941330160997,-0.397189416513845));
#2474=CARTESIAN_POINT('Ctrl Pts',(-0.81538027108757,6.52559725324048,-0.730489503321472));
#2475=CARTESIAN_POINT('Ctrl Pts',(-0.517457425865726,6.50178120487099,-0.901496667471581));
#2476=CARTESIAN_POINT('Ctrl Pts',(-0.219534580643881,6.4779651565015,-1.07250383162169));
#2477=CARTESIAN_POINT('Ctrl Pts',(0.171544103112698,6.45414910813201,-1.08121807311428));
#2478=CARTESIAN_POINT('Ctrl Pts',(0.476788428945497,6.43033305976252,-0.92365102883591));
#2479=CARTESIAN_POINT('Ctrl Pts',(0.782032754778292,6.40651701139303,-0.766083984557544));
#2480=CARTESIAN_POINT('Ctrl Pts',(1.00144272268731,6.38270096302353,-0.44223565450823));
#2481=CARTESIAN_POINT('Ctrl Pts',(1.034598046699,6.35888491465404,-0.100326022609072));
#2482=CARTESIAN_POINT('Ctrl Pts',(1.0677533707107,6.33506886628455,0.241583609290086));
#2483=CARTESIAN_POINT('Ctrl Pts',(0.914654050825072,6.31125281791507,0.601554543039095));
#2484=CARTESIAN_POINT('Ctrl Pts',(0.645371094443414,6.28743676954558,0.814834080965481));
#2485=CARTESIAN_POINT('Ctrl Pts',(0.376088138061752,6.26362072117609,1.02811361889187));
#2486=CARTESIAN_POINT('Ctrl Pts',(-0.00937845481594049,6.23980467280659,
1.09470176099564));
#2487=CARTESIAN_POINT('Ctrl Pts',(-0.334607048204215,6.2159886244371,0.98412222428823));
#2488=CARTESIAN_POINT('Ctrl Pts',(-0.65983564159249,6.19217257606761,0.873542687580818));
#2489=CARTESIAN_POINT('Ctrl Pts',(-0.924826235491341,6.16835652769812,0.585795472062225));
#2490=CARTESIAN_POINT('Ctrl Pts',(-1.00829705098608,6.14454047932863,0.252577683136746));
#2491=CARTESIAN_POINT('Ctrl Pts',(-1.02883403925421,6.13868082762811,0.170593461689601));
#2492=CARTESIAN_POINT('Ctrl Pts',(-1.03838278718792,6.13282117592759,0.0858566939737721));
#2493=CARTESIAN_POINT('Ctrl Pts',(-1.0376116608653,6.12696152422707,0.000948768389888444));
#2494=CARTESIAN_POINT('Origin',(0.,0.,0.));
#2495=CARTESIAN_POINT('',(-1.03610148384776,5.67696152422707,-0.000249147466463567));
#2496=CARTESIAN_POINT('',(-1.03821072653757,5.79803847577293,-0.000897875545952678));
#2497=CARTESIAN_POINT('',(-1.03775,0.,1.27087721581517E-16));
#2498=CARTESIAN_POINT('Ctrl Pts',(-1.03821072653757,5.79803847577293,-0.000897875545952678));
#2499=CARTESIAN_POINT('Ctrl Pts',(-1.0356615745232,5.81736151175149,0.278683917158991));
#2500=CARTESIAN_POINT('Ctrl Pts',(-0.918899912476898,5.83668454773004,0.560142435416407));
#2501=CARTESIAN_POINT('Ctrl Pts',(-0.717150369652875,5.8560075837086,0.752431933900927));
#2502=CARTESIAN_POINT('Ctrl Pts',(-0.46848981363301,5.87982363207809,0.98943278624808));
#2503=CARTESIAN_POINT('Ctrl Pts',(-0.0907234786618835,5.90363968044758,
1.09097625748685));
#2504=CARTESIAN_POINT('Ctrl Pts',(0.243251278998608,5.92745572881707,1.01058759299364));
#2505=CARTESIAN_POINT('Ctrl Pts',(0.57722603665909,5.95127177718656,0.930198928500438));
#2506=CARTESIAN_POINT('Ctrl Pts',(0.867409217008945,5.97508782555605,0.667878128275251));
#2507=CARTESIAN_POINT('Ctrl Pts',(0.98098881413452,5.99890387392554,0.343685051158897));
#2508=CARTESIAN_POINT('Ctrl Pts',(1.0945684112601,6.02271992229504,0.0194919740425294));
#2509=CARTESIAN_POINT('Ctrl Pts',(1.0315444251614,6.04653597066453,-0.366573379965018));
#2510=CARTESIAN_POINT('Ctrl Pts',(0.820761884018026,6.07035201903402,-0.637815331887158));
#2511=CARTESIAN_POINT('Ctrl Pts',(0.609979342874664,6.09416806740351,-0.909057283809286));
#2512=CARTESIAN_POINT('Ctrl Pts',(0.251438246686653,6.117984115773,-1.06547583364601));
#2513=CARTESIAN_POINT('Ctrl Pts',(-0.090763119697825,6.14180016414249,-1.03548081776046));
#2514=CARTESIAN_POINT('Ctrl Pts',(-0.432964486082313,6.16561621251198,-1.0054858018749));
#2515=CARTESIAN_POINT('Ctrl Pts',(-0.758826122663263,6.18943226088147,-0.789077220267047));
#2516=CARTESIAN_POINT('Ctrl Pts',(-0.919206588670607,6.21324830925096,-0.485301674416739));
#2517=CARTESIAN_POINT('Ctrl Pts',(-0.997300472154856,6.22484503142495,-0.337384582805896));
#2518=CARTESIAN_POINT('Ctrl Pts',(-1.0361588112737,6.23644175359894,-0.168752805713176));
#2519=CARTESIAN_POINT('Ctrl Pts',(-1.0360511265975,6.24803847577293,-7.42628428947406E-5));
#2520=CARTESIAN_POINT('Ctrl Pts',(-1.0376116608653,6.12696152422707,0.000948768389888444));
#2521=CARTESIAN_POINT('Ctrl Pts',(-1.03524861083458,6.1090051275581,-0.259244237960436));
#2522=CARTESIAN_POINT('Ctrl Pts',(-0.935975429359917,6.09104873088913,-0.521044524697981));
#2523=CARTESIAN_POINT('Ctrl Pts',(-0.759025538653123,6.07309233422015,-0.710168051040236));
#2524=CARTESIAN_POINT('Ctrl Pts',(-0.524332173734804,6.04927628585066,-0.961007633959388));
#2525=CARTESIAN_POINT('Ctrl Pts',(-0.152994406807541,6.02546023748118,-1.08399843746534));
#2526=CARTESIAN_POINT('Ctrl Pts',(0.185032654332131,6.00164418911169,-1.02284962036301));
#2527=CARTESIAN_POINT('Ctrl Pts',(0.523059715471812,5.9778281407422,-0.961700803260682));
#2528=CARTESIAN_POINT('Ctrl Pts',(0.8277760708239,5.9540120923727,-0.716412365550064));
#2529=CARTESIAN_POINT('Ctrl Pts',(0.959718122463065,5.93019604400321,-0.399248737583375));
#2530=CARTESIAN_POINT('Ctrl Pts',(1.09166017410222,5.90637999563372,-0.0820851096166998));
#2531=CARTESIAN_POINT('Ctrl Pts',(1.05082792202847,5.88256394726424,0.30695370860604));
#2532=CARTESIAN_POINT('Ctrl Pts',(0.855909607570441,5.85874789889475,0.58981113308801));
#2533=CARTESIAN_POINT('Ctrl Pts',(0.6609912931124,5.83493185052525,0.872668557569993));
#2534=CARTESIAN_POINT('Ctrl Pts',(0.311986916270061,5.81111580215575,1.0493445883112));
#2535=CARTESIAN_POINT('Ctrl Pts',(-0.0313700356290569,5.78729975378626,
1.03897755024379));
#2536=CARTESIAN_POINT('Ctrl Pts',(-0.374726987528165,5.76348370541677,1.02861051217638));
#2537=CARTESIAN_POINT('Ctrl Pts',(-0.712436514484051,5.73966765704728,0.831200405300372));
#2538=CARTESIAN_POINT('Ctrl Pts',(-0.889934593740187,5.71585160867779,0.537098545809276));
#2539=CARTESIAN_POINT('Ctrl Pts',(-0.986548932455799,5.70288824719422,0.377015367507605));
#2540=CARTESIAN_POINT('Ctrl Pts',(-1.03569653172564,5.68992488571065,0.188284784205657));
#2541=CARTESIAN_POINT('Ctrl Pts',(-1.03610148384776,5.67696152422707,-0.000249147466463567));
#2542=CARTESIAN_POINT('Origin',(0.,0.,0.));
#2543=CARTESIAN_POINT('',(-1.03852535461991,5.22696152422707,-0.000819173940425008));
#2544=CARTESIAN_POINT('',(-1.03895501008526,5.34803847577293,0.000634134406078104));
#2545=CARTESIAN_POINT('',(-1.03775,0.,1.27087721581517E-16));
#2546=CARTESIAN_POINT('Ctrl Pts',(-1.03895501008526,5.34803847577293,0.000634134406078104));
#2547=CARTESIAN_POINT('Ctrl Pts',(-1.03922612099029,5.35064917316505,0.0383375337344512));
#2548=CARTESIAN_POINT('Ctrl Pts',(-1.03735159752929,5.35325987055717,0.0760136932369733));
#2549=CARTESIAN_POINT('Ctrl Pts',(-1.03324190113939,5.35587056794929,0.113444442688904));
#2550=CARTESIAN_POINT('Ctrl Pts',(-0.995751256570205,5.37968661631878,0.454905901280022));
#2551=CARTESIAN_POINT('Ctrl Pts',(-0.772250109689962,5.40350266468827,0.775944400111487));
#2552=CARTESIAN_POINT('Ctrl Pts',(-0.465031210910242,5.42731871305777,0.929625968186398));
#2553=CARTESIAN_POINT('Ctrl Pts',(-0.15781231213053,5.45113476142726,1.08330753626131));
#2554=CARTESIAN_POINT('Ctrl Pts',(0.233124338548655,5.47495080979675,1.06963217357967));
#2555=CARTESIAN_POINT('Ctrl Pts',(0.528853550841423,5.49876685816624,0.894858865748987));
#2556=CARTESIAN_POINT('Ctrl Pts',(0.82458276313419,5.52258290653573,0.7200855579183));
#2557=CARTESIAN_POINT('Ctrl Pts',(1.02510453704054,5.54639895490522,0.384214304938555));
#2558=CARTESIAN_POINT('Ctrl Pts',(1.03864339822129,5.57021500327471,0.0409677822011661));
#2559=CARTESIAN_POINT('Ctrl Pts',(1.05218225940203,5.5940310516442,-0.302278740536228));
#2560=CARTESIAN_POINT('Ctrl Pts',(0.878738207857166,5.61784710001369,-0.65290053303126));
#2561=CARTESIAN_POINT('Ctrl Pts',(0.597693695635389,5.64166314838318,-0.850423843765481));
#2562=CARTESIAN_POINT('Ctrl Pts',(0.316649183413612,5.66547919675267,-1.0479471544997));
#2563=CARTESIAN_POINT('Ctrl Pts',(-0.0719957894850784,5.68929524512216,
-1.0923719834731));
#2564=CARTESIAN_POINT('Ctrl Pts',(-0.390364895505451,5.71311129349166,-0.963365826778262));
#2565=CARTESIAN_POINT('Ctrl Pts',(-0.708734001525825,5.73692734186115,-0.834359670083426));
#2566=CARTESIAN_POINT('Ctrl Pts',(-0.956827240667885,5.76074339023063,-0.531922527720355));
#2567=CARTESIAN_POINT('Ctrl Pts',(-1.02109647170461,5.78455943860012,-0.194474839811055));
#2568=CARTESIAN_POINT('Ctrl Pts',(-1.03322117211351,5.78905245099106,-0.130813705959351));
#2569=CARTESIAN_POINT('Ctrl Pts',(-1.03880345801101,5.79354546338199,-0.0659065243057616));
#2570=CARTESIAN_POINT('Ctrl Pts',(-1.03821072653757,5.79803847577293,-0.000897875545952678));
#2571=CARTESIAN_POINT('Ctrl Pts',(-1.03610148384776,5.67696152422707,-0.000249147466463567));
#2572=CARTESIAN_POINT('Ctrl Pts',(-1.0364405022876,5.66610883734116,-0.158086274079108));
#2573=CARTESIAN_POINT('Ctrl Pts',(-1.0026171190404,5.65525615045524,-0.315785572888715));
#2574=CARTESIAN_POINT('Ctrl Pts',(-0.933882685217548,5.64440346356932,-0.456422566594612));
#2575=CARTESIAN_POINT('Ctrl Pts',(-0.783046065882391,5.62058741519983,-0.765048207401207));
#2576=CARTESIAN_POINT('Ctrl Pts',(-0.464086195655697,5.59677136683034,-0.991505876908207));
#2577=CARTESIAN_POINT('Ctrl Pts',(-0.12298569186108,5.57295531846085,-1.03214967356648));
#2578=CARTESIAN_POINT('Ctrl Pts',(0.218114811933541,5.54913927009136,-1.07279347022476));
#2579=CARTESIAN_POINT('Ctrl Pts',(0.581355949296086,5.52532322172187,-0.927623394034315));
#2580=CARTESIAN_POINT('Ctrl Pts',(0.8004883048562,5.50150717335238,-0.663081369693341));
#2581=CARTESIAN_POINT('Ctrl Pts',(1.0196206604163,5.47769112498289,-0.398539345352383));
#2582=CARTESIAN_POINT('Ctrl Pts',(1.09464423417399,5.45387507661339,-0.014625372860915));
#2583=CARTESIAN_POINT('Ctrl Pts',(0.991221986644222,5.4300590282439,0.312949520272888));
#2584=CARTESIAN_POINT('Ctrl Pts',(0.88779973911445,5.40624297987441,0.64052441340671));
#2585=CARTESIAN_POINT('Ctrl Pts',(0.6059316702972,5.38242693150492,0.91176022718286));
#2586=CARTESIAN_POINT('Ctrl Pts',(0.274624098124101,5.35861088313543,1.00251684962173));
#2587=CARTESIAN_POINT('Ctrl Pts',(-0.0566834740489876,5.33479483476594,
1.09327347206059));
#2588=CARTESIAN_POINT('Ctrl Pts',(-0.437430549577922,5.31097878639645,1.00355090316219));
#2589=CARTESIAN_POINT('Ctrl Pts',(-0.693355536919791,5.28716273802696,0.77441366753733));
#2590=CARTESIAN_POINT('Ctrl Pts',(-0.908994373397787,5.26709566676033,0.581345818254115));
#2591=CARTESIAN_POINT('Ctrl Pts',(-1.03601560202598,5.2470285954937,0.289300340540582));
#2592=CARTESIAN_POINT('Ctrl Pts',(-1.03852535461991,5.22696152422707,-0.000819173940425008));
#2593=CARTESIAN_POINT('Origin',(0.,0.,0.));
#2594=CARTESIAN_POINT('',(-1.03868306572942,4.77696152422707,0.000763531997825667));
#2595=CARTESIAN_POINT('',(-1.03628134195277,4.89803847577293,0.000498360060977562));
#2596=CARTESIAN_POINT('',(-1.03775,0.,1.27087721581517E-16));
#2597=CARTESIAN_POINT('Ctrl Pts',(-1.03628134195277,4.89803847577293,0.000498360060977562));
#2598=CARTESIAN_POINT('Ctrl Pts',(-1.03689442994602,4.90775288294811,0.141719545548612));
#2599=CARTESIAN_POINT('Ctrl Pts',(-1.0100307352905,4.91746729012328,0.2827173661113));
#2600=CARTESIAN_POINT('Ctrl Pts',(-0.95457541179555,4.92718169729846,0.411393061490469));
#2601=CARTESIAN_POINT('Ctrl Pts',(-0.818619954824733,4.95099774566795,0.726857147961884));
#2602=CARTESIAN_POINT('Ctrl Pts',(-0.510816016248527,4.97481379403744,0.968259748995339));
#2603=CARTESIAN_POINT('Ctrl Pts',(-0.172040329381176,4.99862984240693,1.02511491693057));
#2604=CARTESIAN_POINT('Ctrl Pts',(0.16673535748616,5.02244589077642,1.08197008486579));
#2605=CARTESIAN_POINT('Ctrl Pts',(0.536482792644638,5.04626193914591,0.954277819702803));
#2606=CARTESIAN_POINT('Ctrl Pts',(0.767974736646352,5.0700779875154,0.700480743290001));
#2607=CARTESIAN_POINT('Ctrl Pts',(0.999466680648072,5.09389403588489,0.446683666877192));
#2608=CARTESIAN_POINT('Ctrl Pts',(1.09270313349302,5.11771008425438,0.0667817792145615));
#2609=CARTESIAN_POINT('Ctrl Pts',(1.00501132444486,5.14152613262388,-0.265350156556821));
#2610=CARTESIAN_POINT('Ctrl Pts',(0.917319515396702,5.16534218099337,-0.597482092328204));
#2611=CARTESIAN_POINT('Ctrl Pts',(0.648699444455435,5.18915822936286,-0.881844076208339));
#2612=CARTESIAN_POINT('Ctrl Pts',(0.322094041694961,5.21297427773235,-0.988288366900951));
#2613=CARTESIAN_POINT('Ctrl Pts',(-0.00451136106550801,5.23679032610184,
-1.09473265759356));
#2614=CARTESIAN_POINT('Ctrl Pts',(-0.389102095645182,5.26060637447133,-1.02325925509865));
#2615=CARTESIAN_POINT('Ctrl Pts',(-0.65565739180595,5.28442242284082,-0.806580344675819));
#2616=CARTESIAN_POINT('Ctrl Pts',(-0.892993095961093,5.30562777381819,-0.613653614194515));
#2617=CARTESIAN_POINT('Ctrl Pts',(-1.03675291576658,5.32683312479556,-0.305611169324326));
#2618=CARTESIAN_POINT('Ctrl Pts',(-1.03895501008526,5.34803847577293,0.000634134406078104));
#2619=CARTESIAN_POINT('Ctrl Pts',(-1.03852535461991,5.22696152422707,-0.000819173940425008));
#2620=CARTESIAN_POINT('Ctrl Pts',(-1.0389942324588,5.22321254712421,-0.0550199789523239));
#2621=CARTESIAN_POINT('Ctrl Pts',(-1.03511733795805,5.21946357002135,-0.109153562869352));
#2622=CARTESIAN_POINT('Ctrl Pts',(-1.02666062219396,5.21571459291849,-0.162561975511699));
#2623=CARTESIAN_POINT('Ctrl Pts',(-0.972937820971449,5.19189854454899,-0.501848480584547));
#2624=CARTESIAN_POINT('Ctrl Pts',(-0.73438931937163,5.1680824961795,-0.811869588378924));
#2625=CARTESIAN_POINT('Ctrl Pts',(-0.420194791305887,5.14426644781001,-0.950733804177254));
#2626=CARTESIAN_POINT('Ctrl Pts',(-0.106000263240144,5.12045039944053,-1.08959801997558));
#2627=CARTESIAN_POINT('Ctrl Pts',(0.283840291291528,5.09663435107103,-1.05730534377787));
#2628=CARTESIAN_POINT('Ctrl Pts',(0.570903346944149,5.07281830270154,-0.868635595341291));
#2629=CARTESIAN_POINT('Ctrl Pts',(0.85796640259677,5.04900225433205,-0.679965846904716));
#2630=CARTESIAN_POINT('Ctrl Pts',(1.04225195937034,5.02518620596256,-0.334919026229281));
#2631=CARTESIAN_POINT('Ctrl Pts',(1.03941558894031,5.00137015759307,0.00858268686473589));
#2632=CARTESIAN_POINT('Ctrl Pts',(1.03657921851028,4.97755410922358,0.352084399958753));
#2633=CARTESIAN_POINT('Ctrl Pts',(0.846620920876645,4.95373806085409,0.694041005471342));
#2634=CARTESIAN_POINT('Ctrl Pts',(0.556481443322714,4.9299220124846,0.87794466356566));
#2635=CARTESIAN_POINT('Ctrl Pts',(0.266341965768782,4.90610596411511,1.06184832165998));
#2636=CARTESIAN_POINT('Ctrl Pts',(-0.123978691705449,4.88228991574561,1.08769903233601));
#2637=CARTESIAN_POINT('Ctrl Pts',(-0.435837268638825,4.85847386737612,0.94366535610427));
#2638=CARTESIAN_POINT('Ctrl Pts',(-0.747695845572196,4.83465781900663,0.799631679872531));
#2639=CARTESIAN_POINT('Ctrl Pts',(-0.981092341964718,4.81084177063714,0.48571361673302));
#2640=CARTESIAN_POINT('Ctrl Pts',(-1.02920507083324,4.78702572226765,0.145586232924305));
#2641=CARTESIAN_POINT('Ctrl Pts',(-1.03598223811828,4.78367098958746,0.0976758309890424));
#2642=CARTESIAN_POINT('Ctrl Pts',(-1.03908308119163,4.78031625690727,0.0492453945065794));
#2643=CARTESIAN_POINT('Ctrl Pts',(-1.03868306572942,4.77696152422707,0.000763531997825667));
#2644=CARTESIAN_POINT('Origin',(0.,0.,0.));
#2645=CARTESIAN_POINT('',(-1.0361500252573,4.32696152422707,0.000338756954783165));
#2646=CARTESIAN_POINT('',(-1.03713471844735,4.44803847577293,-0.000899403889158469));
#2647=CARTESIAN_POINT('',(-1.03775,0.,1.27087721581517E-16));
#2648=CARTESIAN_POINT('Ctrl Pts',(-1.03713471844735,4.44803847577293,-0.000899403889158469));
#2649=CARTESIAN_POINT('Ctrl Pts',(-1.03511267709116,4.46485659273116,0.243084559730073));
#2650=CARTESIAN_POINT('Ctrl Pts',(-0.949112866130002,4.48167470968939,0.488351629613134));
#2651=CARTESIAN_POINT('Ctrl Pts',(-0.792011023355225,4.49849282664762,0.67318422941343));
#2652=CARTESIAN_POINT('Ctrl Pts',(-0.569539917002915,4.52230887501711,0.93492471724778));
#2653=CARTESIAN_POINT('Ctrl Pts',(-0.204486160713804,4.54612492338661,1.07547447857076));
#2654=CARTESIAN_POINT('Ctrl Pts',(0.1360712246653,4.5699409717561,1.03050622980418));
#2655=CARTESIAN_POINT('Ctrl Pts',(0.4766286100444,4.59375702012559,0.985537981037601));
#2656=CARTESIAN_POINT('Ctrl Pts',(0.792689624513492,4.61757306849507,0.755051722181458));
#2657=CARTESIAN_POINT('Ctrl Pts',(0.93959840872149,4.64138911686457,0.444537172995902));
#2658=CARTESIAN_POINT('Ctrl Pts',(1.08650719292949,4.66520516523406,0.134022623810341));
#2659=CARTESIAN_POINT('Ctrl Pts',(1.06426374687639,4.68902121360355,-0.256520215704636));
#2660=CARTESIAN_POINT('Ctrl Pts',(0.883048525146717,4.71283726197304,-0.548346396070362));
#2661=CARTESIAN_POINT('Ctrl Pts',(0.701833303417038,4.73665331034253,-0.840172576436092));
#2662=CARTESIAN_POINT('Ctrl Pts',(0.361646306010779,4.76046935871202,-1.03328209765257));
#2663=CARTESIAN_POINT('Ctrl Pts',(0.0181854526240192,4.78428540708151,-1.03929194991591));
#2664=CARTESIAN_POINT('Ctrl Pts',(-0.325275400762726,4.808101455451,-1.04530180217924));
#2665=CARTESIAN_POINT('Ctrl Pts',(-0.67201011012997,4.83191750382049,-0.864211985489457));
#2666=CARTESIAN_POINT('Ctrl Pts',(-0.863323977130879,4.85573355218999,-0.578904291189888));
#2667=CARTESIAN_POINT('Ctrl Pts',(-0.976602194662543,4.8698351933843,-0.409971701174495));
#2668=CARTESIAN_POINT('Ctrl Pts',(-1.03539137031111,4.88393683457861,-0.204501332753153));
#2669=CARTESIAN_POINT('Ctrl Pts',(-1.03628134195277,4.89803847577293,0.000498360060977562));
#2670=CARTESIAN_POINT('Ctrl Pts',(-1.03868306572942,4.77696152422707,0.000763531997825667));
#2671=CARTESIAN_POINT('Ctrl Pts',(-1.03624327590616,4.75650020853778,-0.294938924371775));
#2672=CARTESIAN_POINT('Ctrl Pts',(-0.90356904963458,4.73603889284848,-0.592554465627479));
#2673=CARTESIAN_POINT('Ctrl Pts',(-0.680472853384523,4.71557757715918,-0.785757675656226));
#2674=CARTESIAN_POINT('Ctrl Pts',(-0.420798945722756,4.69176152878969,-1.01063749595011));
#2675=CARTESIAN_POINT('Ctrl Pts',(-0.0386221690547034,4.6679454804202,-1.09406043205995));
#2676=CARTESIAN_POINT('Ctrl Pts',(0.291141534690481,4.64412943205071,-0.997845196322566));
#2677=CARTESIAN_POINT('Ctrl Pts',(0.620905238435658,4.62031338368122,-0.901629960585187));
#2678=CARTESIAN_POINT('Ctrl Pts',(0.898255869257968,4.59649733531173,-0.625776553000589));
#2679=CARTESIAN_POINT('Ctrl Pts',(0.996254665315614,4.57268128694224,-0.296538481285016));
#2680=CARTESIAN_POINT('Ctrl Pts',(1.09425346137326,4.54886523857275,0.0326995904305631));
#2681=CARTESIAN_POINT('Ctrl Pts',(1.01290042266624,4.52504919020325,0.41532232627712));
#2682=CARTESIAN_POINT('Ctrl Pts',(0.789429479310088,4.50123314183376,0.676209676241145));
#2683=CARTESIAN_POINT('Ctrl Pts',(0.565958535953934,4.47741709346427,0.937097026205167));
#2684=CARTESIAN_POINT('Ctrl Pts',(0.200369687948643,4.45360104509478,1.07624899028666));
#2685=CARTESIAN_POINT('Ctrl Pts',(-0.140013141297466,4.42978499672529,1.02997803341138));
#2686=CARTESIAN_POINT('Ctrl Pts',(-0.480395970543572,4.4059689483558,0.983707076536094));
#2687=CARTESIAN_POINT('Ctrl Pts',(-0.795572781030497,4.38215289998631,0.752013198704044));
#2688=CARTESIAN_POINT('Ctrl Pts',(-0.941292398835056,4.35833685161682,0.440938826756383));
#2689=CARTESIAN_POINT('Ctrl Pts',(-1.0052828734483,4.34787840915357,0.304335416722425));
#2690=CARTESIAN_POINT('Ctrl Pts',(-1.03659541167448,4.33741996669032,0.152424360574289));
#2691=CARTESIAN_POINT('Ctrl Pts',(-1.0361500252573,4.32696152422707,0.000338756954783165));
#2692=CARTESIAN_POINT('Origin',(0.,0.,0.));
#2693=CARTESIAN_POINT('',(-1.03744199372509,3.87696152422707,-0.000940848900982949));
#2694=CARTESIAN_POINT('',(-1.03945005186449,3.99803847577293,2.85112734505047E-5));
#2695=CARTESIAN_POINT('',(-1.03775,0.,1.27087721581517E-16));
#2696=CARTESIAN_POINT('Ctrl Pts',(-1.03945005186449,3.99803847577293,2.8511273450448E-5));
#2697=CARTESIAN_POINT('Ctrl Pts',(-1.03945066706709,3.99814425414473,0.00155422134163271));
#2698=CARTESIAN_POINT('Ctrl Pts',(-1.03944759832547,3.99825003251652,0.00307992886185739));
#2699=CARTESIAN_POINT('Ctrl Pts',(-1.03944083819683,3.99835581088832,0.00460562002605189));
#2700=CARTESIAN_POINT('Ctrl Pts',(-1.03791879216861,4.02217185925781,0.348115677388671));
#2701=CARTESIAN_POINT('Ctrl Pts',(-0.849270273411806,4.0459879076273,0.690796602973382));
#2702=CARTESIAN_POINT('Ctrl Pts',(-0.559836565244482,4.06980395599679,0.875809047716685));
#2703=CARTESIAN_POINT('Ctrl Pts',(-0.270402857077157,4.09362000436628,1.06082149245999));
#2704=CARTESIAN_POINT('Ctrl Pts',(0.119816040500682,4.11743605273577,1.08816545636188));
#2705=CARTESIAN_POINT('Ctrl Pts',(0.432223440836701,4.14125210110526,0.945326062815592));
#2706=CARTESIAN_POINT('Ctrl Pts',(0.744630841172727,4.16506814947475,0.802486669269298));
#2707=CARTESIAN_POINT('Ctrl Pts',(0.979226744266929,4.18888419784424,0.489463918274802));
#2708=CARTESIAN_POINT('Ctrl Pts',(1.0286405146762,4.21270024621373,0.149523106621764));
#2709=CARTESIAN_POINT('Ctrl Pts',(1.07805428508547,4.23651629458323,-0.190417705031267));
#2710=CARTESIAN_POINT('Ctrl Pts',(0.94228592280983,4.26033234295272,-0.557276577342843));
#2711=CARTESIAN_POINT('Ctrl Pts',(0.683474344762711,4.28414839132221,-0.783148317943879));
#2712=CARTESIAN_POINT('Ctrl Pts',(0.424662766715592,4.3079644396917,-1.00902005854492));
#2713=CARTESIAN_POINT('Ctrl Pts',(0.0428079728969997,4.33178048806118,-1.09390466743541));
#2714=CARTESIAN_POINT('Ctrl Pts',(-0.287321460948455,4.35559653643068,-0.998951873678402));
#2715=CARTESIAN_POINT('Ctrl Pts',(-0.617450894793915,4.37941258480017,-0.903999079921393));
#2716=CARTESIAN_POINT('Ctrl Pts',(-0.895854968666234,4.40322863316966,-0.629208883516873));
#2717=CARTESIAN_POINT('Ctrl Pts',(-0.99511277739464,4.42704468153915,-0.300348178141755));
#2718=CARTESIAN_POINT('Ctrl Pts',(-1.02427795739163,4.43404261295041,-0.203718182083229));
#2719=CARTESIAN_POINT('Ctrl Pts',(-1.03797607938903,4.44104054436167,-0.102419868225033));
#2720=CARTESIAN_POINT('Ctrl Pts',(-1.03713471844735,4.44803847577293,-0.000899403889158404));
#2721=CARTESIAN_POINT('Ctrl Pts',(-1.0361500252573,4.32696152422707,0.000338756954783165));
#2722=CARTESIAN_POINT('Ctrl Pts',(-1.03558117418243,4.31360391832083,-0.19390618576023));
#2723=CARTESIAN_POINT('Ctrl Pts',(-0.983206885899257,4.30024631241459,-0.38843586081117));
#2724=CARTESIAN_POINT('Ctrl Pts',(-0.880943966650428,4.28688870650835,-0.551721085937596));
#2725=CARTESIAN_POINT('Ctrl Pts',(-0.698613491539054,4.26307265813886,-0.842851760620634));
#2726=CARTESIAN_POINT('Ctrl Pts',(-0.357690116194119,4.23925660976936,-1.03465824392344));
#2727=CARTESIAN_POINT('Ctrl Pts',(-0.0142087882229282,4.21544056139987,
-1.03935390478084));
#2728=CARTESIAN_POINT('Ctrl Pts',(0.329272539748258,4.19162451303038,-1.04404956563825));
#2729=CARTESIAN_POINT('Ctrl Pts',(0.675311820345703,4.16780846466089,-0.861634404050268));
#2730=CARTESIAN_POINT('Ctrl Pts',(0.86553264138159,4.1439924162914,-0.575596799634048));
#2731=CARTESIAN_POINT('Ctrl Pts',(1.05575346241748,4.12017636792191,-0.289559195217822));
#2732=CARTESIAN_POINT('Ctrl Pts',(1.09015582389181,4.09636031955242,0.100100852026642));
#2733=CARTESIAN_POINT('Ctrl Pts',(0.952994338252952,4.07254427118293,0.415042431931683));
#2734=CARTESIAN_POINT('Ctrl Pts',(0.815832852614098,4.04872822281344,0.729984011836718));
#2735=CARTESIAN_POINT('Ctrl Pts',(0.507107519862062,4.02491217444395,0.970207124402328));
#2736=CARTESIAN_POINT('Ctrl Pts',(0.168116780070868,4.00109612607446,1.0257656541845));
#2737=CARTESIAN_POINT('Ctrl Pts',(-0.17087395972033,3.97728007770497,1.08132418396667));
#2738=CARTESIAN_POINT('Ctrl Pts',(-0.54013010655069,3.95346402933548,0.952218130965396));
#2739=CARTESIAN_POINT('Ctrl Pts',(-0.770649275453043,3.92964798096598,0.697537184162716));
#2740=CARTESIAN_POINT('Ctrl Pts',(-0.940636028802976,3.91208582871968,0.509733334733547));
#2741=CARTESIAN_POINT('Ctrl Pts',(-1.03518163245951,3.89452367647337,0.25364549568252));
#2742=CARTESIAN_POINT('Ctrl Pts',(-1.03744199372509,3.87696152422707,-0.000940848900982949));
#2743=CARTESIAN_POINT('Origin',(0.,0.,0.));
#2744=CARTESIAN_POINT('',(-1.03939053898401,3.42696152422707,0.000226420207963263));
#2745=CARTESIAN_POINT('',(-1.03705148064656,3.54803847577293,0.000881543392218368));
#2746=CARTESIAN_POINT('',(-1.03775,0.,1.27087721581517E-16));
#2747=CARTESIAN_POINT('Ctrl Pts',(-1.03705148064656,3.54803847577293,0.000881543392218368));
#2748=CARTESIAN_POINT('Ctrl Pts',(-1.03789609463801,3.55524796392778,0.105492349536314));
#2749=CARTESIAN_POINT('Ctrl Pts',(-1.02334003478164,3.56245745208263,0.209873550851011));
#2750=CARTESIAN_POINT('Ctrl Pts',(-0.992412153914025,3.56966694023748,0.309154628965621));
#2751=CARTESIAN_POINT('Ctrl Pts',(-0.890244026178996,3.59348298860697,0.637122843597009));
#2752=CARTESIAN_POINT('Ctrl Pts',(-0.609415815993217,3.61729903697646,0.909435158325126));
#2753=CARTESIAN_POINT('Ctrl Pts',(-0.278457915321322,3.64111508534595,1.00145876462391));
#2754=CARTESIAN_POINT('Ctrl Pts',(0.052499985350577,3.66493113371544,1.09348237092269));
#2755=CARTESIAN_POINT('Ctrl Pts',(0.433587576508596,3.68874718208494,1.00521726879214));
#2756=CARTESIAN_POINT('Ctrl Pts',(0.690387418280878,3.71256323045443,0.777060924591251));
#2757=CARTESIAN_POINT('Ctrl Pts',(0.94718726005316,3.73637927882392,0.54890458039036));
#2758=CARTESIAN_POINT('Ctrl Pts',(1.07969935243971,3.76019532719341,0.180856994119131));
#2759=CARTESIAN_POINT('Ctrl Pts',(1.02727511899149,3.7840113755629,-0.158632587283232));
#2760=CARTESIAN_POINT('Ctrl Pts',(0.974850885543266,3.80782742393239,-0.498122168685592));
#2761=CARTESIAN_POINT('Ctrl Pts',(0.737490326260288,3.83164347230188,-0.809053745219081));
#2762=CARTESIAN_POINT('Ctrl Pts',(0.423829413651871,3.85545952067137,-0.949119115796671));
#2763=CARTESIAN_POINT('Ctrl Pts',(0.110168501043452,3.87927556904086,-1.08918448637426));
#2764=CARTESIAN_POINT('Ctrl Pts',(-0.279792764890405,3.90309161741035,-1.05838365099595));
#2765=CARTESIAN_POINT('Ctrl Pts',(-0.567575611207528,3.92690766577984,-0.870813638736525));
#2766=CARTESIAN_POINT('Ctrl Pts',(-0.854080277347907,3.95061793577754,-0.68407671390566));
#2767=CARTESIAN_POINT('Ctrl Pts',(-1.03931215392164,3.97432820577523,-0.341960092262408));
#2768=CARTESIAN_POINT('Ctrl Pts',(-1.03945005186449,3.99803847577293,2.85112734505047E-5));
#2769=CARTESIAN_POINT('Ctrl Pts',(-1.03744199372509,3.87696152422707,-0.000940848900982949));
#2770=CARTESIAN_POINT('Ctrl Pts',(-1.0382469101361,3.87070762810388,-0.091599244926559));
#2771=CARTESIAN_POINT('Ctrl Pts',(-1.02734934113268,3.8644537319807,-0.182067239793176));
#2772=CARTESIAN_POINT('Ctrl Pts',(-1.0039886690635,3.85819983585751,-0.269193576145584));
#2773=CARTESIAN_POINT('Ctrl Pts',(-0.91502670279726,3.83438378748802,-0.60098754904712));
#2774=CARTESIAN_POINT('Ctrl Pts',(-0.645320579290432,3.81056773911853,-0.884319654246106));
#2775=CARTESIAN_POINT('Ctrl Pts',(-0.318310296777744,3.78675169074904,-0.989513508756305));
#2776=CARTESIAN_POINT('Ctrl Pts',(0.00869998573494013,3.76293564237955,
-1.0947073632665));
#2777=CARTESIAN_POINT('Ctrl Pts',(0.393014427253479,3.73911959401006,-1.02176296708792));
#2778=CARTESIAN_POINT('Ctrl Pts',(0.658738712269584,3.71530354564057,-0.804065754775914));
#2779=CARTESIAN_POINT('Ctrl Pts',(0.92446299728569,3.69148749727107,-0.586368542463908));
#2780=CARTESIAN_POINT('Ctrl Pts',(1.07159712579936,3.66767144890158,-0.223918514018473));
#2781=CARTESIAN_POINT('Ctrl Pts',(1.03280025909383,3.64385540053209,0.117396992558027));
#2782=CARTESIAN_POINT('Ctrl Pts',(0.994003392388299,3.6200393521626,0.458712499134527));
#2783=CARTESIAN_POINT('Ctrl Pts',(0.769275530463573,3.59622330379311,0.778893483842096));
#2784=CARTESIAN_POINT('Ctrl Pts',(0.461470870764597,3.57240725542362,0.931398445608384));
#2785=CARTESIAN_POINT('Ctrl Pts',(0.153666211065621,3.54859120705413,1.08390340737467));
#2786=CARTESIAN_POINT('Ctrl Pts',(-0.237215246407604,3.52477515868464,1.06873234619968));
#2787=CARTESIAN_POINT('Ctrl Pts',(-0.532273572379793,3.50095911031515,0.892828803966361));
#2788=CARTESIAN_POINT('Ctrl Pts',(-0.827331898351985,3.47714306194566,0.716925261733042));
#2789=CARTESIAN_POINT('Ctrl Pts',(-1.02656709282314,3.45332701357617,0.380289238441399));
#2790=CARTESIAN_POINT('Ctrl Pts',(-1.03879252742146,3.42951096520668,0.0369934321101491));
#2791=CARTESIAN_POINT('Ctrl Pts',(-1.03922876021534,3.42866115154681,0.0247438153361942));
#2792=CARTESIAN_POINT('Ctrl Pts',(-1.03942688594492,3.42781133788694,0.0124857191043248));
#2793=CARTESIAN_POINT('Ctrl Pts',(-1.03939053898401,3.42696152422707,0.000226420207963263));
#2794=CARTESIAN_POINT('Origin',(0.,0.,0.));
#2795=CARTESIAN_POINT('',(-1.03677753886497,2.97696152422707,0.000798800381337367));
#2796=CARTESIAN_POINT('',(-1.03632777491771,3.09803847577293,-0.000540853129128685));
#2797=CARTESIAN_POINT('',(-1.03775,0.,1.27087721581517E-16));
#2798=CARTESIAN_POINT('Ctrl Pts',(-1.03632777491771,3.09803847577293,-0.000540853129128685));
#2799=CARTESIAN_POINT('Ctrl Pts',(-1.03534483249373,3.11235167371084,0.207510972043112));
#2800=CARTESIAN_POINT('Ctrl Pts',(-0.974652686504723,3.12666487164874,0.416090600615774));
#2801=CARTESIAN_POINT('Ctrl Pts',(-0.858160088720351,3.14097806958665,0.586531951367208));
#2802=CARTESIAN_POINT('Ctrl Pts',(-0.664325464511553,3.16479411795614,0.870133105439644));
#2803=CARTESIAN_POINT('Ctrl Pts',(-0.315999632590274,3.18861016632563,1.04814320404387));
#2804=CARTESIAN_POINT('Ctrl Pts',(0.0273944784187872,3.21242621469512,1.0390899914826));
#2805=CARTESIAN_POINT('Ctrl Pts',(0.370788589427851,3.23624226306461,1.03003677892133));
#2806=CARTESIAN_POINT('Ctrl Pts',(0.709250979524697,3.2600583114341,0.833920255194576));
#2807=CARTESIAN_POINT('Ctrl Pts',(0.887873053039199,3.28387435980359,0.540499685045234));
#2808=CARTESIAN_POINT('Ctrl Pts',(1.0664951265537,3.30769040817308,0.247079114895893));
#2809=CARTESIAN_POINT('Ctrl Pts',(1.08527688348586,3.33150645654258,-0.14364550167603));
#2810=CARTESIAN_POINT('Ctrl Pts',(0.935622226674782,3.35532250491207,-0.452846018862116));
#2811=CARTESIAN_POINT('Ctrl Pts',(0.785967569863709,3.37913855328156,-0.762046536048202));
#2812=CARTESIAN_POINT('Ctrl Pts',(0.467876499309407,3.40295460165104,-0.989722953848451));
#2813=CARTESIAN_POINT('Ctrl Pts',(0.126933997203471,3.42677065002053,-1.03167156992964));
#2814=CARTESIAN_POINT('Ctrl Pts',(-0.214008504902467,3.45058669839002,-1.07362018601084));
#2815=CARTESIAN_POINT('Ctrl Pts',(-0.577802438560038,3.47440274675952,-0.929841000372969));
#2816=CARTESIAN_POINT('Ctrl Pts',(-0.797945382746685,3.49821879512901,-0.666139350286703));
#2817=CARTESIAN_POINT('Ctrl Pts',(-0.95144763474693,3.51482535534365,-0.482264289952712));
#2818=CARTESIAN_POINT('Ctrl Pts',(-1.03510597039591,3.53143191555829,-0.240082255149419));
#2819=CARTESIAN_POINT('Ctrl Pts',(-1.03705148064656,3.54803847577293,0.000881543392218368));
#2820=CARTESIAN_POINT('Ctrl Pts',(-1.03939053898401,3.42696152422707,0.000226420207963263));
#2821=CARTESIAN_POINT('Ctrl Pts',(-1.03840826148642,3.40399528951745,-0.331081428941517));
#2822=CARTESIAN_POINT('Ctrl Pts',(-0.866178401456255,3.38102905480782,-0.663267646426556));
#2823=CARTESIAN_POINT('Ctrl Pts',(-0.594435424597814,3.3580628200982,-0.852704494551991));
#2824=CARTESIAN_POINT('Ctrl Pts',(-0.312637212450355,3.33424677172871,-1.04915102551204));
#2825=CARTESIAN_POINT('Ctrl Pts',(0.0761748865700518,3.31043072335922,-1.09208849806127));
#2826=CARTESIAN_POINT('Ctrl Pts',(0.394048054067329,3.28661467498973,-0.961865146541708));
#2827=CARTESIAN_POINT('Ctrl Pts',(0.711921221564607,3.26279862662024,-0.831641795022141));
#2828=CARTESIAN_POINT('Ctrl Pts',(0.958855457538755,3.23898257825075,-0.528257619433772));
#2829=CARTESIAN_POINT('Ctrl Pts',(1.0218330771986,3.21516652988126,-0.190566501224068));
#2830=CARTESIAN_POINT('Ctrl Pts',(1.08481069685845,3.19135048151177,0.147124616985631));
#2831=CARTESIAN_POINT('Ctrl Pts',(0.963831700204005,3.16753443314228,0.519122677816664));
#2832=CARTESIAN_POINT('Ctrl Pts',(0.714266157959987,3.14371838477278,0.755170367956151));
#2833=CARTESIAN_POINT('Ctrl Pts',(0.464700615715965,3.11990233640329,0.991218058095643));
#2834=CARTESIAN_POINT('Ctrl Pts',(0.0865485278823645,3.09608628803381,1.09131537754358));
#2835=CARTESIAN_POINT('Ctrl Pts',(-0.247116196622101,3.07227023966431,1.00964945125176));
#2836=CARTESIAN_POINT('Ctrl Pts',(-0.580780921126563,3.04845419129482,0.927983524959937));
#2837=CARTESIAN_POINT('Ctrl Pts',(-0.869958282301891,3.02463814292533,0.664554352928358));
#2838=CARTESIAN_POINT('Ctrl Pts',(-0.98229662090924,3.00082209455584,0.339929077303248));
#2839=CARTESIAN_POINT('Ctrl Pts',(-1.01981273591669,2.99286857111292,0.231518366181341));
#2840=CARTESIAN_POINT('Ctrl Pts',(-1.03760653871913,2.98491504766999,0.116282641873571));
#2841=CARTESIAN_POINT('Ctrl Pts',(-1.03677753886497,2.97696152422707,0.000798800381337367));
#2842=CARTESIAN_POINT('Origin',(0.,0.,0.));
#2843=CARTESIAN_POINT('',(-1.03652093155015,2.52696152422707,-0.000677548784116383));
#2844=CARTESIAN_POINT('',(-1.0390246443043,2.64803847577293,-0.000591970232602753));
#2845=CARTESIAN_POINT('',(-1.03775,0.,1.27087721581517E-16));
#2846=CARTESIAN_POINT('Ctrl Pts',(-1.0390246443043,2.64803847577293,-0.000591970232602753));
#2847=CARTESIAN_POINT('Ctrl Pts',(-1.03691762213527,2.66945538349389,0.308654114111754));
#2848=CARTESIAN_POINT('Ctrl Pts',(-0.889904870063882,2.69087229121485,0.619639134623414));
#2849=CARTESIAN_POINT('Ctrl Pts',(-0.6484840940577,2.71228919893581,0.812358817026886));
#2850=CARTESIAN_POINT('Ctrl Pts',(-0.380019152541624,2.7361052473053,1.02666712603555));
#2851=CARTESIAN_POINT('Ctrl Pts',(0.00518984662773461,2.7599212956748,1.09472965131694));
#2852=CARTESIAN_POINT('Ctrl Pts',(0.330839163812569,2.78373734404429,0.985395309271838));
#2853=CARTESIAN_POINT('Ctrl Pts',(0.656488480997406,2.80755339241378,0.876060967226735));
#2854=CARTESIAN_POINT('Ctrl Pts',(0.922578116197719,2.83136944078327,0.58932975785514));
#2855=CARTESIAN_POINT('Ctrl Pts',(1.00732327761002,2.85518548915276,0.256433777479006));
#2856=CARTESIAN_POINT('Ctrl Pts',(1.09206843902232,2.87900153752225,-0.0764622028971279));
#2857=CARTESIAN_POINT('Ctrl Pts',(0.995469126646606,2.90281758589174,-0.4555229542778));
#2858=CARTESIAN_POINT('Ctrl Pts',(0.761737235986363,2.92663363426123,-0.707258687581145));
#2859=CARTESIAN_POINT('Ctrl Pts',(0.528005345326123,2.95044968263072,-0.958994420884486));
#2860=CARTESIAN_POINT('Ctrl Pts',(0.157140876381357,2.97426573100021,-1.08340513611051));
#2861=CARTESIAN_POINT('Ctrl Pts',(-0.181117683650753,2.9980817793697,-1.02355012213185));
#2862=CARTESIAN_POINT('Ctrl Pts',(-0.519376243682868,3.02189782773919,-0.963695108153197));
#2863=CARTESIAN_POINT('Ctrl Pts',(-0.825028894802326,3.04571387610868,-0.719574364969863));
#2864=CARTESIAN_POINT('Ctrl Pts',(-0.958183512113896,3.06952992447817,-0.402917888607869));
#2865=CARTESIAN_POINT('Ctrl Pts',(-1.01131358612767,3.07903277490976,-0.276568668687938));
#2866=CARTESIAN_POINT('Ctrl Pts',(-1.03698037225329,3.08853562534134,-0.138671086862142));
#2867=CARTESIAN_POINT('Ctrl Pts',(-1.03632777491771,3.09803847577293,-0.000540853129128685));
#2868=CARTESIAN_POINT('Ctrl Pts',(-1.03677753886497,2.97696152422707,0.000798800381337367));
#2869=CARTESIAN_POINT('Ctrl Pts',(-1.03512417970345,2.9610989993005,-0.229522431137221));
#2870=CARTESIAN_POINT('Ctrl Pts',(-0.959396010700701,2.94523647437394,-0.460830583561105));
#2871=CARTESIAN_POINT('Ctrl Pts',(-0.818315457210067,2.92937394944737,-0.640951044571288));
#2872=CARTESIAN_POINT('Ctrl Pts',(-0.606496638864171,2.90555790107788,-0.911384511602076));
#2873=CARTESIAN_POINT('Ctrl Pts',(-0.247359686133017,2.88174185270839,-1.066430066445));
#2874=CARTESIAN_POINT('Ctrl Pts',(0.094724402525016,2.85792580433889,-1.03512594239167));
#2875=CARTESIAN_POINT('Ctrl Pts',(0.436808491183042,2.8341097559694,-1.00382181833834));
#2876=CARTESIAN_POINT('Ctrl Pts',(0.761839715767944,2.81029370759991,-0.786168015388743));
#2877=CARTESIAN_POINT('Ctrl Pts',(0.921056701241907,2.78647765923042,-0.481781052080005));
#2878=CARTESIAN_POINT('Ctrl Pts',(1.08027368671587,2.76266161086093,-0.177394088771265));
#2879=CARTESIAN_POINT('Ctrl Pts',(1.0736764330789,2.73884556249145,0.213726034896624));
#2880=CARTESIAN_POINT('Ctrl Pts',(0.904284393381281,2.71502951412195,0.512570156108385));
#2881=CARTESIAN_POINT('Ctrl Pts',(0.734892353683658,2.69121346575246,0.811414277320148));
#2882=CARTESIAN_POINT('Ctrl Pts',(0.402705527925383,2.66739741738297,1.01798239607578));
#2883=CARTESIAN_POINT('Ctrl Pts',(0.059760290557409,2.64358136901348,1.03773172675722));
#2884=CARTESIAN_POINT('Ctrl Pts',(-0.283184946810562,2.61976532064399,1.05748105743867));
#2885=CARTESIAN_POINT('Ctrl Pts',(-0.636888595788232,2.5959492722745,0.89041160004592));
#2886=CARTESIAN_POINT('Ctrl Pts',(-0.839466390502343,2.57213322390501,0.612988261113401));
#2887=CARTESIAN_POINT('Ctrl Pts',(-0.967542259936778,2.55707599067903,0.437592752512223));
#2888=CARTESIAN_POINT('Ctrl Pts',(-1.03521078882504,2.54201875745305,0.218087091248886));
#2889=CARTESIAN_POINT('Ctrl Pts',(-1.03652093155015,2.52696152422707,-0.000677548784116383));
#2890=CARTESIAN_POINT('Origin',(0.,0.,0.));
#2891=CARTESIAN_POINT('',(-1.03923543579586,2.07696152422707,-0.000427343556773921));
#2892=CARTESIAN_POINT('',(-1.03811862975589,2.19803847577293,0.000913760452206959));
#2893=CARTESIAN_POINT('',(-1.03775,0.,1.27087721581517E-16));
#2894=CARTESIAN_POINT('Ctrl Pts',(-1.03811862975589,2.19803847577293,0.000913760452206958));
#2895=CARTESIAN_POINT('Ctrl Pts',(-1.03874399277238,2.20274304490745,0.0689989516704855));
#2896=CARTESIAN_POINT('Ctrl Pts',(-1.0326188315631,2.20744761404198,0.136972159116514));
#2897=CARTESIAN_POINT('Ctrl Pts',(-1.01933303010259,2.21215218317651,0.20351570354225));
#2898=CARTESIAN_POINT('Ctrl Pts',(-0.952076012262429,2.235968231546,0.540380616651928));
#2899=CARTESIAN_POINT('Ctrl Pts',(-0.701312451819024,2.25978427991549,0.840607392844123));
#2900=CARTESIAN_POINT('Ctrl Pts',(-0.381812651558766,2.28360032828498,0.966787239757221));
#2901=CARTESIAN_POINT('Ctrl Pts',(-0.0623128512985045,2.30741637665447,
1.09296708667032));
#2902=CARTESIAN_POINT('Ctrl Pts',(0.325923188778611,2.33123242502396,1.04510000430432));
#2903=CARTESIAN_POINT('Ctrl Pts',(0.605206302854688,2.35504847339345,0.845093958582107));
#2904=CARTESIAN_POINT('Ctrl Pts',(0.884489416930765,2.37886452176294,0.645087912859898));
#2905=CARTESIAN_POINT('Ctrl Pts',(1.0548196050058,2.40268057013243,0.292942903781484));
#2906=CARTESIAN_POINT('Ctrl Pts',(1.03823957845078,2.42649661850192,-0.0501701662883988));
#2907=CARTESIAN_POINT('Ctrl Pts',(1.02165955189576,2.45031266687141,-0.393283236358277));
#2908=CARTESIAN_POINT('Ctrl Pts',(0.818169310710679,2.47412871524091,-0.727364367419623));
#2909=CARTESIAN_POINT('Ctrl Pts',(0.520902947240316,2.4979447636104,-0.89951019305152));
#2910=CARTESIAN_POINT('Ctrl Pts',(0.223636583769948,2.52176081197989,-1.07165601868342));
#2911=CARTESIAN_POINT('Ctrl Pts',(-0.167405901985708,2.54557686034938,-1.08186653888586));
#2912=CARTESIAN_POINT('Ctrl Pts',(-0.47325088078987,2.56939290871887,-0.925468568714645));
#2913=CARTESIAN_POINT('Ctrl Pts',(-0.779095859594032,2.59320895708836,-0.769070598543426));
#2914=CARTESIAN_POINT('Ctrl Pts',(-0.999743331446699,2.61702500545785,-0.446064137998545));
#2915=CARTESIAN_POINT('Ctrl Pts',(-1.03420662544163,2.64084105382734,-0.104283861358132));
#2916=CARTESIAN_POINT('Ctrl Pts',(-1.03767833024432,2.64324019447587,-0.0698541800847319));
#2917=CARTESIAN_POINT('Ctrl Pts',(-1.03926067476206,2.6456393351244,-0.0352339858314638));
#2918=CARTESIAN_POINT('Ctrl Pts',(-1.0390246443043,2.64803847577293,-0.000591970232602753));
#2919=CARTESIAN_POINT('Ctrl Pts',(-1.03652093155015,2.52696152422707,-0.000677548784116383));
#2920=CARTESIAN_POINT('Ctrl Pts',(-1.0372830435377,2.51820270908356,-0.127933267894558));
#2921=CARTESIAN_POINT('Ctrl Pts',(-1.01559102815526,2.50944389394005,-0.254938242735107));
#2922=CARTESIAN_POINT('Ctrl Pts',(-0.970273516126217,2.50068507879653,-0.372864228573739));
#2923=CARTESIAN_POINT('Ctrl Pts',(-0.847050906585429,2.47686903042704,-0.69351615885606));
#2924=CARTESIAN_POINT('Ctrl Pts',(-0.549153747053302,2.45305298205755,-0.947042798948409));
#2925=CARTESIAN_POINT('Ctrl Pts',(-0.212924603166208,2.42923693368806,-1.01740923055231));
#2926=CARTESIAN_POINT('Ctrl Pts',(0.123304540720886,2.40542088531857,-1.08777566215621));
#2927=CARTESIAN_POINT('Ctrl Pts',(0.49786566896295,2.38160483694908,-0.97498188527166));
#2928=CARTESIAN_POINT('Ctrl Pts',(0.739328395004974,2.35778878857959,-0.730651731938403));
#2929=CARTESIAN_POINT('Ctrl Pts',(0.980791121047,2.3339727402101,-0.486321578605145));
#2930=CARTESIAN_POINT('Ctrl Pts',(1.08915544488899,2.31015669184061,-0.110455048823176));
#2931=CARTESIAN_POINT('Ctrl Pts',(1.01482482133656,2.28634064347112,0.224920010324982));
#2932=CARTESIAN_POINT('Ctrl Pts',(0.940494197784131,2.26252459510163,0.56029506947314));
#2933=CARTESIAN_POINT('Ctrl Pts',(0.683468626837294,2.23870854673214,0.855178657987485));
#2934=CARTESIAN_POINT('Ctrl Pts',(0.361384429137636,2.21489249836264,0.974607471460507));
#2935=CARTESIAN_POINT('Ctrl Pts',(0.0393002314379792,2.19107644999315,1.09403628493353));
#2936=CARTESIAN_POINT('Ctrl Pts',(-0.347842593014497,2.16726040162366,1.03801032336522));
#2937=CARTESIAN_POINT('Ctrl Pts',(-0.62285522497522,2.14344435325417,0.832171735738019));
#2938=CARTESIAN_POINT('Ctrl Pts',(-0.878755749239093,2.12128341024514,0.640637979226574));
#2939=CARTESIAN_POINT('Ctrl Pts',(-1.03756959708107,2.0991224672361,0.319390631514747));
#2940=CARTESIAN_POINT('Ctrl Pts',(-1.03923543579586,2.07696152422707,-0.000427343556773921));
#2941=CARTESIAN_POINT('Origin',(0.,0.,0.));
#2942=CARTESIAN_POINT('',(-1.03779148239444,1.62696152422707,0.000946331443504311));
#2943=CARTESIAN_POINT('',(-1.03604654678864,1.74803847577293,2.38195032703795E-5));
#2944=CARTESIAN_POINT('',(-1.03775,0.,1.27087721581517E-16));
#2945=CARTESIAN_POINT('Ctrl Pts',(-1.03604679979919,1.74803847577293,2.38159654064678E-5));
#2946=CARTESIAN_POINT('Ctrl Pts',(-1.03608195586465,1.75984675469051,0.171781317740393));
#2947=CARTESIAN_POINT('Ctrl Pts',(-0.99572007051595,1.77165503360809,0.343523273666524));
#2948=CARTESIAN_POINT('Ctrl Pts',(-0.914869970526483,1.78346331252567,0.493428216493522));
#2949=CARTESIAN_POINT('Ctrl Pts',(-0.75180387889137,1.80727936089516,0.79577061491688));
#2950=CARTESIAN_POINT('Ctrl Pts',(-0.424037321135463,1.83109540926465,1.00928305953706));
#2951=CARTESIAN_POINT('Ctrl Pts',(-0.0815835886639722,1.85491145763414,
1.03624446243756));
#2952=CARTESIAN_POINT('Ctrl Pts',(0.260870143807521,1.87872750600363,1.06320586533806));
#2953=CARTESIAN_POINT('Ctrl Pts',(0.618011050994598,1.90254355437313,0.903616226518887));
#2954=CARTESIAN_POINT('Ctrl Pts',(0.826381691199203,1.92635960274262,0.630517064238569));
#2955=CARTESIAN_POINT('Ctrl Pts',(1.0347523314038,1.95017565111211,0.357417901958258));
#2956=CARTESIAN_POINT('Ctrl Pts',(1.09435270462594,1.9739916994816,-0.0291907837831878));
#2957=CARTESIAN_POINT('Ctrl Pts',(0.977904713258827,1.99780774785109,-0.352364640149288));
#2958=CARTESIAN_POINT('Ctrl Pts',(0.861456721891713,2.02162379622058,-0.675538496515391));
#2959=CARTESIAN_POINT('Ctrl Pts',(0.568960365935347,2.04543984459007,-0.935277523506146));
#2960=CARTESIAN_POINT('Ctrl Pts',(0.234286353224576,2.06925589295956,-1.01270349685567));
#2961=CARTESIAN_POINT('Ctrl Pts',(-0.100387659486197,2.09307194132905,-1.09012947020519));
#2962=CARTESIAN_POINT('Ctrl Pts',(-0.477239328951376,2.11688798969854,-0.985242389913471));
#2963=CARTESIAN_POINT('Ctrl Pts',(-0.723789926065513,2.14070403806803,-0.74604732475403));
#2964=CARTESIAN_POINT('Ctrl Pts',(-0.921637467522098,2.159815517303,-0.554102319857387));
#2965=CARTESIAN_POINT('Ctrl Pts',(-1.0355782032126,2.17892699653796,-0.275670275400785));
#2966=CARTESIAN_POINT('Ctrl Pts',(-1.03811862975589,2.19803847577293,0.000913760452206958));
#2967=CARTESIAN_POINT('Ctrl Pts',(-1.03923543579586,2.07696152422707,-0.000427343556773921));
#2968=CARTESIAN_POINT('Ctrl Pts',(-1.03935985011277,2.07530641886661,-0.024313170287841));
#2969=CARTESIAN_POINT('Ctrl Pts',(-1.03860770028898,2.07365131350616,-0.0481910240461219));
#2970=CARTESIAN_POINT('Ctrl Pts',(-1.03695396517893,2.0719962081457,-0.0720062715585659));
#2971=CARTESIAN_POINT('Ctrl Pts',(-1.01315763395295,2.04818015977621,-0.414694477541835));
#2972=CARTESIAN_POINT('Ctrl Pts',(-0.802682532032012,2.02436411140672,-0.744419675822268));
#2973=CARTESIAN_POINT('Ctrl Pts',(-0.501859606118496,2.00054806303723,-0.910272137779271));
#2974=CARTESIAN_POINT('Ctrl Pts',(-0.201036680204977,1.97673201466774,-1.07612459973628));
#2975=CARTESIAN_POINT('Ctrl Pts',(0.190134069701122,1.95291596629825,-1.07810432536985));
#2976=CARTESIAN_POINT('Ctrl Pts',(0.492620309993707,1.92909991792875,-0.91530522733323));
#2977=CARTESIAN_POINT('Ctrl Pts',(0.795106550286292,1.90528386955926,-0.752506129296613));
#2978=CARTESIAN_POINT('Ctrl Pts',(1.00890828096536,1.88146782118977,-0.424928207589812));
#2979=CARTESIAN_POINT('Ctrl Pts',(1.03617201278935,1.85765177282028,-0.0824984179232403));
#2980=CARTESIAN_POINT('Ctrl Pts',(1.06343574461334,1.83383572445079,0.25993137174333));
#2981=CARTESIAN_POINT('Ctrl Pts',(0.904161477582255,1.8100196760813,0.617213029369667));
#2982=CARTESIAN_POINT('Ctrl Pts',(0.631246389485361,1.78620362771181,0.825824693844153));
#2983=CARTESIAN_POINT('Ctrl Pts',(0.358331301388464,1.76238757934232,1.03443635831864));
#2984=CARTESIAN_POINT('Ctrl Pts',(-0.0282246077742414,1.73857153097283,
1.09437802964127));
#2985=CARTESIAN_POINT('Ctrl Pts',(-0.351501140071125,1.71475548260334,0.978215404319886));
#2986=CARTESIAN_POINT('Ctrl Pts',(-0.674777672368007,1.69093943423385,0.8620527789985));
#2987=CARTESIAN_POINT('Ctrl Pts',(-0.934774827799069,1.66712338586436,0.569785857033094));
#2988=CARTESIAN_POINT('Ctrl Pts',(-1.01249624109068,1.64330733749487,0.235180337050784));
#2989=CARTESIAN_POINT('Ctrl Pts',(-1.03027724445536,1.63785873307227,0.158629723459599));
#2990=CARTESIAN_POINT('Ctrl Pts',(-1.03851799189964,1.63241012864967,0.0798631207540577));
#2991=CARTESIAN_POINT('Ctrl Pts',(-1.03779148239444,1.62696152422707,0.000946331443504311));
#2992=CARTESIAN_POINT('Origin',(0.,0.,0.));
#2993=CARTESIAN_POINT('',(-1.03606691690693,1.17696152422707,-0.000153222777522499));
#2994=CARTESIAN_POINT('',(-1.03803119855771,1.29803847577293,-0.000926057828839899));
#2995=CARTESIAN_POINT('',(-1.03775,0.,1.27087721581517E-16));
#2996=CARTESIAN_POINT('Ctrl Pts',(-1.03803119855771,1.29803847577293,-0.000926057828839899));
#2997=CARTESIAN_POINT('Ctrl Pts',(-1.03550633795872,1.31695046447356,0.272830231372003));
#2998=CARTESIAN_POINT('Ctrl Pts',(-0.924187078839519,1.3358624531742,0.548402398202044));
#2999=CARTESIAN_POINT('Ctrl Pts',(-0.729998733600685,1.35477444187484,0.739973184951036));
#3000=CARTESIAN_POINT('Ctrl Pts',(-0.485455491945529,1.37859049024433,0.981220110148371));
#3001=CARTESIAN_POINT('Ctrl Pts',(-0.109493432105657,1.40240653861382,1.08925255678611));
#3002=CARTESIAN_POINT('Ctrl Pts',(0.225815878292088,1.42622258698331,1.01462587090014));
#3003=CARTESIAN_POINT('Ctrl Pts',(0.561125188689834,1.4500386353528,0.939999185014175));
#3004=CARTESIAN_POINT('Ctrl Pts',(0.855781749645453,1.47385468372229,0.68271336660449));
#3005=CARTESIAN_POINT('Ctrl Pts',(0.974926162447898,1.49767073209178,0.360523849049984));
#3006=CARTESIAN_POINT('Ctrl Pts',(1.09407057525034,1.52148678046127,0.0383343314954804));
#3007=CARTESIAN_POINT('Ctrl Pts',(1.03770283989962,1.54530282883076,-0.348758885203843));
#3008=CARTESIAN_POINT('Ctrl Pts',(0.831621530078669,1.56911887720026,-0.623589687399771));
#3009=CARTESIAN_POINT('Ctrl Pts',(0.625540220257722,1.59293492556975,-0.898420489595698));
#3010=CARTESIAN_POINT('Ctrl Pts',(0.269745335966554,1.61675097393924,-1.06098887728823));
#3011=CARTESIAN_POINT('Ctrl Pts',(-0.0729217336566337,1.64056702230873,
-1.03689000803485));
#3012=CARTESIAN_POINT('Ctrl Pts',(-0.415588803279826,1.66438307067822,-1.01279113878147));
#3013=CARTESIAN_POINT('Ctrl Pts',(-0.745128058235037,1.68819911904771,-0.802025012582178));
#3014=CARTESIAN_POINT('Ctrl Pts',(-0.910714872955479,1.7120151674172,-0.501055773369262));
#3015=CARTESIAN_POINT('Ctrl Pts',(-0.994201783319085,1.72402293686911,-0.349310648379732));
#3016=CARTESIAN_POINT('Ctrl Pts',(-1.0360110498028,1.73603070632102,-0.174635378430747));
#3017=CARTESIAN_POINT('Ctrl Pts',(-1.03604679979919,1.74803847577293,2.38159654064678E-5));
#3018=CARTESIAN_POINT('Ctrl Pts',(-1.03779148239444,1.62696152422707,0.000946331443504311));
#3019=CARTESIAN_POINT('Ctrl Pts',(-1.03534239239292,1.60859408028018,-0.265085039473791));
#3020=CARTESIAN_POINT('Ctrl Pts',(-0.930990411796477,1.59022663633328,-0.532823113931039));
#3021=CARTESIAN_POINT('Ctrl Pts',(-0.746686028396938,1.57185919238639,-0.723130973604307));
#3022=CARTESIAN_POINT('Ctrl Pts',(-0.507708731259437,1.5480431440169,-0.969892646277872));
#3023=CARTESIAN_POINT('Ctrl Pts',(-0.134308465832283,1.52422709564741,-1.08647187362579));
#3024=CARTESIAN_POINT('Ctrl Pts',(0.202615688653323,1.50041104727792,-1.01951228997604));
#3025=CARTESIAN_POINT('Ctrl Pts',(0.539539843138931,1.47659499890843,-0.952552706326303));
#3026=CARTESIAN_POINT('Ctrl Pts',(0.839987886682988,1.45277895053894,-0.702054311678903));
#3027=CARTESIAN_POINT('Ctrl Pts',(0.966449757004301,1.42896290216945,-0.38266603933835));
#3028=CARTESIAN_POINT('Ctrl Pts',(1.09291162732561,1.40514685379996,-0.0632777669978001));
#3029=CARTESIAN_POINT('Ctrl Pts',(1.04538732442418,1.38133080543047,0.325000383035903));
#3030=CARTESIAN_POINT('Ctrl Pts',(0.84562792890318,1.35751475706098,0.6044599576542));
#3031=CARTESIAN_POINT('Ctrl Pts',(0.645868533382176,1.33369870869149,0.8839195322725));
#3032=CARTESIAN_POINT('Ctrl Pts',(0.293874045241598,1.30988266032199,1.05456053147539));
#3033=CARTESIAN_POINT('Ctrl Pts',(-0.0492535224268107,1.2860666119525,1.03828344063411));
#3034=CARTESIAN_POINT('Ctrl Pts',(-0.392381090095217,1.26225056358301,1.02200634979283));
#3035=CARTESIAN_POINT('Ctrl Pts',(-0.726641737291454,1.23843451521352,0.818811168907384));
#3036=CARTESIAN_POINT('Ctrl Pts',(-0.899049939185672,1.21461846684403,0.521696894757712));
#3037=CARTESIAN_POINT('Ctrl Pts',(-0.989918159145308,1.20206615263838,0.365101994283401));
#3038=CARTESIAN_POINT('Ctrl Pts',(-1.03582625912298,1.18951383843272,0.182417814194703));
#3039=CARTESIAN_POINT('Ctrl Pts',(-1.03606691690693,1.17696152422707,-0.000153222777522499));
#3040=CARTESIAN_POINT('Origin',(0.,0.,0.));
#3041=CARTESIAN_POINT('',(-1.03835379048601,0.726961524227067,-0.000868639394583336));
#3042=CARTESIAN_POINT('',(-1.03908667605167,0.848038475772927,0.000550282665841104));
#3043=CARTESIAN_POINT('',(-1.03775,0.,1.27087721581517E-16));
#3044=CARTESIAN_POINT('Ctrl Pts',(-1.03908667605167,0.848038475772927,0.000550282665841104));
#3045=CARTESIAN_POINT('Ctrl Pts',(-1.03929075166361,0.850238125887128,0.0323068038126175));
#3046=CARTESIAN_POINT('Ctrl Pts',(-1.03796111784394,0.85243777600133,0.0640460042325785));
#3047=CARTESIAN_POINT('Ctrl Pts',(-1.03504198033669,0.854637426115531,0.0956383319136137));
#3048=CARTESIAN_POINT('Ctrl Pts',(-1.00343589915989,0.878453474485022,0.437694734110798));
#3049=CARTESIAN_POINT('Ctrl Pts',(-0.785495119051098,0.902269522854513,
0.762533505545138));
#3050=CARTESIAN_POINT('Ctrl Pts',(-0.480967678405216,0.926085571224003,
0.921481658569096));
#3051=CARTESIAN_POINT('Ctrl Pts',(-0.176440237759333,0.949901619593494,
1.08042981159305));
#3052=CARTESIAN_POINT('Ctrl Pts',(0.214673863423642,0.973717667962984,1.07348734620663));
#3053=CARTESIAN_POINT('Ctrl Pts',(0.513368311025497,0.997533716332475,0.903831552537567));
#3054=CARTESIAN_POINT('Ctrl Pts',(0.812062758627351,1.02134976470197,0.734175758868504));
#3055=CARTESIAN_POINT('Ctrl Pts',(1.01833755264808,1.04516581307146,0.401806636916802));
#3056=CARTESIAN_POINT('Ctrl Pts',(1.03778410867872,1.06898186144095,0.0588440796734086));
#3057=CARTESIAN_POINT('Ctrl Pts',(1.05723066470936,1.09279790981044,-0.284118477569983));
#3058=CARTESIAN_POINT('Ctrl Pts',(0.889848982749904,1.11661395817993,-0.637674470105066));
#3059=CARTESIAN_POINT('Ctrl Pts',(0.612246894939929,1.14043000654942,-0.840007256531016));
#3060=CARTESIAN_POINT('Ctrl Pts',(0.334644807129954,1.16424605491891,-1.04234004295697));
#3061=CARTESIAN_POINT('Ctrl Pts',(-0.0531776865305404,1.1880621032884,-1.09344962327378));
#3062=CARTESIAN_POINT('Ctrl Pts',(-0.373720707028402,1.21187815165789,-0.969943970793785));
#3063=CARTESIAN_POINT('Ctrl Pts',(-0.694263727526266,1.23569420002738,-0.846438318313787));
#3064=CARTESIAN_POINT('Ctrl Pts',(-0.947527274861495,1.25951024839687,-0.548317433036971));
#3065=CARTESIAN_POINT('Ctrl Pts',(-1.01759683679389,1.28332629676637,-0.212026288520097));
#3066=CARTESIAN_POINT('Ctrl Pts',(-1.03202514611522,1.28823035643522,-0.142779207172607));
#3067=CARTESIAN_POINT('Ctrl Pts',(-1.03868591907542,1.29313441610407,-0.0719136836262122));
#3068=CARTESIAN_POINT('Ctrl Pts',(-1.03803119855771,1.29803847577293,-0.000926057828839899));
#3069=CARTESIAN_POINT('Ctrl Pts',(-1.03606691690693,1.17696152422707,-0.000153222777522499));
#3070=CARTESIAN_POINT('Ctrl Pts',(-1.03628286953993,1.16569779006323,-0.163982106661307));
#3071=CARTESIAN_POINT('Ctrl Pts',(-0.999726261920069,1.15443405589939,-0.327719884893718));
#3072=CARTESIAN_POINT('Ctrl Pts',(-0.92588600912718,1.14317032173556,-0.472433654043494));
#3073=CARTESIAN_POINT('Ctrl Pts',(-0.769758120582269,1.11935427336607,-0.778416561281131));
#3074=CARTESIAN_POINT('Ctrl Pts',(-0.446946586900247,1.09553822499658,-0.999349008342509));
#3075=CARTESIAN_POINT('Ctrl Pts',(-0.105196878871558,1.07172217662709,-1.03411408098952));
#3076=CARTESIAN_POINT('Ctrl Pts',(0.23655282915713,1.0479061282576,-1.06887915363654));
#3077=CARTESIAN_POINT('Ctrl Pts',(0.597240711532483,1.0240900798881,-0.917476851869186));
#3078=CARTESIAN_POINT('Ctrl Pts',(0.81178595656819,1.00027403151861,-0.649201134936633));
#3079=CARTESIAN_POINT('Ctrl Pts',(1.0263312016039,0.976457983149123,-0.380925418004079));
#3080=CARTESIAN_POINT('Ctrl Pts',(1.09473380929995,0.952641934779632,0.00422371409367898));
#3081=CARTESIAN_POINT('Ctrl Pts',(0.985687005341996,0.928825886410142,0.329969255280851));
#3082=CARTESIAN_POINT('Ctrl Pts',(0.876640201384038,0.905009838040651,0.655714796468023));
#3083=CARTESIAN_POINT('Ctrl Pts',(0.590143985772066,0.88119378967116,0.92205674674461));
#3084=CARTESIAN_POINT('Ctrl Pts',(0.257322979269148,0.857377741301669,1.00709609900575));
#3085=CARTESIAN_POINT('Ctrl Pts',(-0.0754980272337689,0.833561692932178,
1.09213545126689));
#3086=CARTESIAN_POINT('Ctrl Pts',(-0.454643824627631,0.809745644562688,
0.995872205512593));
#3087=CARTESIAN_POINT('Ctrl Pts',(-0.70658584614245,0.785929596193197,0.762362044176758));
#3088=CARTESIAN_POINT('Ctrl Pts',(-0.914520359115781,0.766273572204487,
0.569639840156359));
#3089=CARTESIAN_POINT('Ctrl Pts',(-1.03580818891638,0.746617548215777,0.283429923773273));
#3090=CARTESIAN_POINT('Ctrl Pts',(-1.03835379048601,0.726961524227067,-0.000868639394583336));
#3091=CARTESIAN_POINT('Origin',(0.,0.,0.));
#3092=CARTESIAN_POINT('',(-1.03884014307098,0.276961524227067,0.000660866939770216));
#3093=CARTESIAN_POINT('',(-1.03637311724883,0.398038475772927,0.000576106893389642));
#3094=CARTESIAN_POINT('',(-1.03775,0.,1.27087721581517E-16));
#3095=CARTESIAN_POINT('',(0.776397497473618,0.,0.688572427865583));
#3096=CARTESIAN_POINT('Ctrl Pts',(-1.03884014307098,0.276961524227067,0.000660866939770216));
#3097=CARTESIAN_POINT('Ctrl Pts',(-1.03650878201229,0.25608916125985,-0.300785045117537));
#3098=CARTESIAN_POINT('Ctrl Pts',(-0.897768014044647,0.235216798292634,
-0.604009515323273));
#3099=CARTESIAN_POINT('Ctrl Pts',(-0.666836686256634,0.214344435325417,
-0.797239836413182));
#3100=CARTESIAN_POINT('Ctrl Pts',(-0.403336493141534,0.190528386955926,
-1.01772194860899));
#3101=CARTESIAN_POINT('Ctrl Pts',(-0.0198082853775001,0.166712338586435,
-1.09499656356109));
#3102=CARTESIAN_POINT('Ctrl Pts',(0.308267668519757,0.142896290216945,-0.992896025113598));
#3103=CARTESIAN_POINT('Ctrl Pts',(0.636343622417014,0.119080241847454,-0.890795486666105));
#3104=CARTESIAN_POINT('Ctrl Pts',(0.908967322447496,0.0952641934779631,
-0.609319794819019));
#3105=CARTESIAN_POINT('Ctrl Pts',(1.00122435919278,0.0714481451084722,-0.279022606433906));
#3106=CARTESIAN_POINT('Ctrl Pts',(1.09348139593805,0.0476320967389815,0.0512745819512064));
#3107=CARTESIAN_POINT('Ctrl Pts',(1.00537176939813,0.0238160483694906,0.430393266874346));
#3108=CARTESIAN_POINT('Ctrl Pts',(0.776397497473617,-1.56989569390461E-16,
0.688572427865585));
#3109=CARTESIAN_POINT('',(-0.777894451421126,3.20018432447382E-16,0.689673128993382));
#3110=CARTESIAN_POINT('Origin',(0.,0.,0.));
#3111=CARTESIAN_POINT('Ctrl Pts',(-0.777897583202188,2.08166817117217E-16,
0.689675431772936));
#3112=CARTESIAN_POINT('Ctrl Pts',(-0.557968813059267,0.0229026099741115,
0.936316822999092));
#3113=CARTESIAN_POINT('Ctrl Pts',(-0.209874907940867,0.0458052199482229,
1.07028247161897));
#3114=CARTESIAN_POINT('Ctrl Pts',(0.118367451688659,0.0687078299223342,
1.0325946909271));
#3115=CARTESIAN_POINT('Ctrl Pts',(0.459701296289308,0.0925238782918249,
0.993403786095248));
#3116=CARTESIAN_POINT('Ctrl Pts',(0.779568515569593,0.116339926661316,0.768594091328076));
#3117=CARTESIAN_POINT('Ctrl Pts',(0.9317743486051,0.140155975030806,0.46070255751969));
#3118=CARTESIAN_POINT('Ctrl Pts',(1.08398018164061,0.163972023400297,0.152811023711304));
#3119=CARTESIAN_POINT('Ctrl Pts',(1.06852462843134,0.187788071769788,-0.238162349138295));
#3120=CARTESIAN_POINT('Ctrl Pts',(0.892374997460222,0.211604120139279,-0.533090232003443));
#3121=CARTESIAN_POINT('Ctrl Pts',(0.716225366489109,0.23542016850877,-0.82801811486859));
#3122=CARTESIAN_POINT('Ctrl Pts',(0.379381657756155,0.25923621687826,-1.02690050774929));
#3123=CARTESIAN_POINT('Ctrl Pts',(0.0360676354285347,0.283052265247751,
-1.03880971743132));
#3124=CARTESIAN_POINT('Ctrl Pts',(-0.307246386899087,0.306868313617242,
-1.05071892711335));
#3125=CARTESIAN_POINT('Ctrl Pts',(-0.657030722821374,0.330684361986733,
-0.875654953596721));
#3126=CARTESIAN_POINT('Ctrl Pts',(-0.853224414058431,0.354500410356224,
-0.593690330348147));
#3127=CARTESIAN_POINT('Ctrl Pts',(-0.972778165250364,0.369013098828458,
-0.421870695372953));
#3128=CARTESIAN_POINT('Ctrl Pts',(-1.03529958814524,0.383525787300692,-0.210355980250293));
#3129=CARTESIAN_POINT('Ctrl Pts',(-1.03637311724883,0.398038475772927,0.000576106893389642));
#3130=CARTESIAN_POINT('Origin',(0.,-0.993675081176014,0.));
#3131=CARTESIAN_POINT('',(-1.29163896247047,9.99367508117602,0.000805820047644068));
#3132=CARTESIAN_POINT('',(-1.29,10.,4.41704238820601E-14));
#3133=CARTESIAN_POINT('',(-1.29,-0.993675081176014,4.41704238820602E-14));
#3134=CARTESIAN_POINT('',(-1.28497284751526,10.,0.113775134139746));
#3135=CARTESIAN_POINT('Origin',(0.,10.,0.));
#3136=CARTESIAN_POINT('Ctrl Pts',(-1.29163896247047,9.99367508117602,0.000805820047644181));
#3137=CARTESIAN_POINT('Ctrl Pts',(-1.29192794753372,9.99578338745068,0.0386708274404151));
#3138=CARTESIAN_POINT('Ctrl Pts',(-1.29048398415125,9.99789169372534,0.0765131159645235));
#3139=CARTESIAN_POINT('Ctrl Pts',(-1.28725007903369,10.,0.114189073159176));
#3140=CARTESIAN_POINT('Origin',(0.,-0.993675081176014,0.));
#3141=CARTESIAN_POINT('',(-1.28808171469026,9.54367508117602,0.000510803497750789));
#3142=CARTESIAN_POINT('',(-1.29115801391981,9.58132491882399,-0.000949534487739708));
#3143=CARTESIAN_POINT('',(-1.29,-0.993675081176014,4.41704238820602E-14));
#3144=CARTESIAN_POINT('',(-1.16856611503495,10.,-0.546400251456859));
#3145=CARTESIAN_POINT('Ctrl Pts',(-1.29115801391981,9.58132491882399,-0.000949534487739729));
#3146=CARTESIAN_POINT('Ctrl Pts',(-1.28815611813308,9.60180303736854,0.366935786294142));
#3147=CARTESIAN_POINT('Ctrl Pts',(-0.930879908920942,9.64609720428257,1.16783182188009));
#3148=CARTESIAN_POINT('Ctrl Pts',(0.428373428495534,9.71420741956611,1.46329693727359));
#3149=CARTESIAN_POINT('Ctrl Pts',(1.46113894697652,9.78565556467459,0.434143820164618));
#3150=CARTESIAN_POINT('Ctrl Pts',(1.15831288262489,9.85710370978305,-0.993087590553037));
#3151=CARTESIAN_POINT('Ctrl Pts',(-0.208547874433033,9.92855185489154,-1.5099603767238));
#3152=CARTESIAN_POINT('Ctrl Pts',(-0.986869034679144,9.97618395163051,-0.934989112348626));
#3153=CARTESIAN_POINT('Ctrl Pts',(-1.16856611503497,10.,-0.546400251456826));
#3154=CARTESIAN_POINT('Origin',(0.,10.,0.));
#3155=CARTESIAN_POINT('Ctrl Pts',(-1.28808171469026,9.54367508117602,0.000510803497750824));
#3156=CARTESIAN_POINT('Ctrl Pts',(-1.28873729055409,9.55380053562911,0.183521553405038));
#3157=CARTESIAN_POINT('Ctrl Pts',(-1.16675358094049,9.58774203845169,0.79616039079735));
#3158=CARTESIAN_POINT('Ctrl Pts',(-0.226390118567035,9.64549958964379,1.50783188041604));
#3159=CARTESIAN_POINT('Ctrl Pts',(1.14395473554782,9.71694773475224,1.0079402578239));
#3160=CARTESIAN_POINT('Ctrl Pts',(1.4674427949169,9.78839587986073,-0.41451885694176));
#3161=CARTESIAN_POINT('Ctrl Pts',(0.447148565282933,9.85984402496919,-1.45766931190517));
#3162=CARTESIAN_POINT('Ctrl Pts',(-0.921015796837338,9.92827042540763,-1.17859774207099));
#3163=CARTESIAN_POINT('Ctrl Pts',(-1.28878869197513,9.97288077747657,-0.372658165128953));
#3164=CARTESIAN_POINT('Ctrl Pts',(-1.29163896247047,9.99367508117602,0.000805820047644181));
#3165=CARTESIAN_POINT('Origin',(0.,-0.993675081176014,0.));
#3166=CARTESIAN_POINT('',(-1.28944312053827,9.09367508117602,-0.0011517121354436));
#3167=CARTESIAN_POINT('',(-1.2909547308024,9.13132491882399,0.00102078904557505));
#3168=CARTESIAN_POINT('',(-1.29,-0.993675081176014,4.41704238820602E-14));
#3169=CARTESIAN_POINT('Ctrl Pts',(-1.2909547308024,9.13132491882399,0.00102078904557499));
#3170=CARTESIAN_POINT('Ctrl Pts',(-1.29154120005177,9.1350906987821,0.0686995423129908));
#3171=CARTESIAN_POINT('Ctrl Pts',(-1.25592455488874,9.16267252710971,0.563782836788452));
#3172=CARTESIAN_POINT('Ctrl Pts',(-0.615388238564615,9.2140704038068,1.39502772266273));
#3173=CARTESIAN_POINT('Ctrl Pts',(0.838337688230598,9.28551854891528,1.27357466017546));
#3174=CARTESIAN_POINT('Ctrl Pts',(1.52465626568462,9.35696669402375,-0.0136586165071485));
#3175=CARTESIAN_POINT('Ctrl Pts',(0.81539511114568,9.42841483913222,-1.28840364222719));
#3176=CARTESIAN_POINT('Ctrl Pts',(-0.640327084207511,9.49986298424069,-1.38375960210977));
#3177=CARTESIAN_POINT('Ctrl Pts',(-1.26057583953158,9.55083301080462,-0.54821496076865));
#3178=CARTESIAN_POINT('Ctrl Pts',(-1.2916473224203,9.57798698899905,-0.0609147789375341));
#3179=CARTESIAN_POINT('Ctrl Pts',(-1.29115801391981,9.58132491882399,-0.000949534487739729));
#3180=CARTESIAN_POINT('Ctrl Pts',(-1.28944312053827,9.09367508117603,-0.00115171213544355));
#3181=CARTESIAN_POINT('Ctrl Pts',(-1.2867579048364,9.11090424541217,0.309423996554082));
#3182=CARTESIAN_POINT('Ctrl Pts',(-1.01827669385028,9.15194945801781,1.05347577582843));
#3183=CARTESIAN_POINT('Ctrl Pts',(0.225594157294439,9.21681071899294,1.50794774429385));
#3184=CARTESIAN_POINT('Ctrl Pts',(1.38927982918362,9.28825886410142,0.628247037465103));
#3185=CARTESIAN_POINT('Ctrl Pts',(1.28127106414571,9.35970700920988,-0.82652862666735));
#3186=CARTESIAN_POINT('Ctrl Pts',(0.000418052740170782,9.43115515431836,
-1.52473027015656));
#3187=CARTESIAN_POINT('Ctrl Pts',(-1.09922547829606,9.49247784497374,-0.926086121846918));
#3188=CARTESIAN_POINT('Ctrl Pts',(-1.28719531270458,9.52998448725962,-0.246937434102152));
#3189=CARTESIAN_POINT('Ctrl Pts',(-1.28808171469026,9.54367508117602,0.000510803497750824));
#3190=CARTESIAN_POINT('Origin',(0.,-0.993675081176014,0.));
#3191=CARTESIAN_POINT('',(-1.29208601279173,8.64367508117602,0.000172434046386977));
#3192=CARTESIAN_POINT('',(-1.2879486062344,8.68132491882399,0.000304884959531079));
#3193=CARTESIAN_POINT('',(-1.29,-0.993675081176014,4.41704238820602E-14));
#3194=CARTESIAN_POINT('Ctrl Pts',(-1.2879486062344,8.68132491882399,0.000304884959530932));
#3195=CARTESIAN_POINT('Ctrl Pts',(-1.28836407104318,8.69219440856516,0.196812702318004));
#3196=CARTESIAN_POINT('Ctrl Pts',(-1.15376072291516,8.72687994667583,0.823347331325697));
#3197=CARTESIAN_POINT('Ctrl Pts',(-0.179337157108043,8.78538153315596,1.51414538980398));
#3198=CARTESIAN_POINT('Ctrl Pts',(1.1748884608481,8.85682967826445,0.971820608244152));
#3199=CARTESIAN_POINT('Ctrl Pts',(1.45365989061607,8.92827782337292,-0.460076206179816));
#3200=CARTESIAN_POINT('Ctrl Pts',(0.401800357013249,8.99972596848138,-1.47083490325331));
#3201=CARTESIAN_POINT('Ctrl Pts',(-0.943030393418045,9.06740833363175,-1.15292780365555));
#3202=CARTESIAN_POINT('Ctrl Pts',(-1.28783217292712,9.11127465041261,-0.359323464695279));
#3203=CARTESIAN_POINT('Ctrl Pts',(-1.2909547308024,9.13132491882399,0.00102078904557499));
#3204=CARTESIAN_POINT('Ctrl Pts',(-1.29208601279173,8.64367508117602,0.000172434046386918));
#3205=CARTESIAN_POINT('Ctrl Pts',(-1.29210341116806,8.64419190682573,0.00943947028662271));
#3206=CARTESIAN_POINT('Ctrl Pts',(-1.28781549216075,8.66852478084494,0.44572796604075));
#3207=CARTESIAN_POINT('Ctrl Pts',(-0.798961423017808,8.71667370323363,1.29863725396101));
#3208=CARTESIAN_POINT('Ctrl Pts',(0.657791409605914,8.78812184834211,1.37553937149227));
#3209=CARTESIAN_POINT('Ctrl Pts',(1.51242384148835,8.85956999345058,0.193318577219224));
#3210=CARTESIAN_POINT('Ctrl Pts',(0.982634024874756,8.93101813855905,-1.16585956870963));
#3211=CARTESIAN_POINT('Ctrl Pts',(-0.446626472319847,9.00246628366753,-1.45784878072441));
#3212=CARTESIAN_POINT('Ctrl Pts',(-1.22099002983026,9.05668526453985,-0.666756933288905));
#3213=CARTESIAN_POINT('Ctrl Pts',(-1.29046970572016,9.08708819704268,-0.119887953762104));
#3214=CARTESIAN_POINT('Ctrl Pts',(-1.28944312053827,9.09367508117603,-0.00115171213544355));
#3215=CARTESIAN_POINT('Origin',(0.,-0.993675081176014,0.));
#3216=CARTESIAN_POINT('',(-1.28893871925411,8.19367508117603,0.00104362494620605));
#3217=CARTESIAN_POINT('',(-1.28983711364824,8.23132491882399,-0.00117953311117295));
#3218=CARTESIAN_POINT('',(-1.29,-0.993675081176014,4.41704238820602E-14));
#3219=CARTESIAN_POINT('Ctrl Pts',(-1.28983711364824,8.23132491882399,-0.00117953311117306));
#3220=CARTESIAN_POINT('Ctrl Pts',(-1.28689474795436,8.24929811834821,0.322556463700122));
#3221=CARTESIAN_POINT('Ctrl Pts',(-0.999378610467001,8.29108736624193,1.07992862049467));
#3222=CARTESIAN_POINT('Ctrl Pts',(0.272472895931518,8.35669266250514,1.50018548892852));
#3223=CARTESIAN_POINT('Ctrl Pts',(1.40818369276289,8.42814080761361,0.584650898757079));
#3224=CARTESIAN_POINT('Ctrl Pts',(1.2548900607453,8.49958895272208,-0.866053634935045));
#3225=CARTESIAN_POINT('Ctrl Pts',(-0.0470880906374766,8.57103709783056,
-1.52400154235044));
#3226=CARTESIAN_POINT('Ctrl Pts',(-1.11444923591433,8.63161575319785,-0.899060891825274));
#3227=CARTESIAN_POINT('Ctrl Pts',(-1.28745374956375,8.66837836019567,-0.23375393830967));
#3228=CARTESIAN_POINT('Ctrl Pts',(-1.2879486062344,8.68132491882399,0.000304884959530932));
#3229=CARTESIAN_POINT('Ctrl Pts',(-1.28893871925411,8.19367508117603,0.00104362494620588));
#3230=CARTESIAN_POINT('Ctrl Pts',(-1.2899845364142,8.20129561660879,0.138548720988426));
#3231=CARTESIAN_POINT('Ctrl Pts',(-1.20638773473966,8.23273220041105,0.704552831475161));
#3232=CARTESIAN_POINT('Ctrl Pts',(-0.383106303487884,8.2879848325828,1.475814223796));
#3233=CARTESIAN_POINT('Ctrl Pts',(1.03217605812129,8.35943297769127,1.12223466754273));
#3234=CARTESIAN_POINT('Ctrl Pts',(1.50263885589285,8.43088112279975,-0.258601100961929));
#3235=CARTESIAN_POINT('Ctrl Pts',(0.59763612892338,8.50232926790821,-1.40272203985742));
#3236=CARTESIAN_POINT('Ctrl Pts',(-0.843919217317937,8.57326058736698,-1.26384983792993));
#3237=CARTESIAN_POINT('Ctrl Pts',(-1.29130166966692,8.62037585845624,-0.417598513338909));
#3238=CARTESIAN_POINT('Ctrl Pts',(-1.29208601279173,8.64367508117602,0.000172434046386918));
#3239=CARTESIAN_POINT('Origin',(0.,-0.993675081176014,0.));
#3240=CARTESIAN_POINT('',(-1.28835779628492,7.74367508117603,-0.000769464619383362));
#3241=CARTESIAN_POINT('',(-1.29195409516442,7.78132491882399,0.000411923372097111));
#3242=CARTESIAN_POINT('',(-1.29,-0.993675081176014,4.41704238820602E-14));
#3243=CARTESIAN_POINT('Ctrl Pts',(-1.29195409516442,7.78132491882399,0.000411923372097022));
#3244=CARTESIAN_POINT('Ctrl Pts',(-1.29204856714371,7.78258577976178,0.0230261952546094));
#3245=CARTESIAN_POINT('Ctrl Pts',(-1.28126192242043,7.80766268906906,0.47270312761558));
#3246=CARTESIAN_POINT('Ctrl Pts',(-0.758106528015384,7.85655564674583,1.32290304692768));
#3247=CARTESIAN_POINT('Ctrl Pts',(0.700335165521837,7.9280037918543,1.35437389053053));
#3248=CARTESIAN_POINT('Ctrl Pts',(1.51771338999814,7.99945193696277,0.146096014395467));
#3249=CARTESIAN_POINT('Ctrl Pts',(0.945827360671407,8.07090008207124,-1.19591328403411));
#3250=CARTESIAN_POINT('Ctrl Pts',(-0.491837510907525,8.14234822717973,-1.44322342078671));
#3251=CARTESIAN_POINT('Ctrl Pts',(-1.23089107824559,8.19582317276397,-0.639567691786241));
#3252=CARTESIAN_POINT('Ctrl Pts',(-1.29079363772031,8.22548206997872,-0.106421813017476));
#3253=CARTESIAN_POINT('Ctrl Pts',(-1.28983711364824,8.23132491882399,-0.00117953311117306));
#3254=CARTESIAN_POINT('Ctrl Pts',(-1.28835779628492,7.74367508117603,-0.000769464619383327));
#3255=CARTESIAN_POINT('Ctrl Pts',(-1.28691075489476,7.75839932639185,0.265216482318327));
#3256=CARTESIAN_POINT('Ctrl Pts',(-1.07707487328199,7.79693961997716,0.963520743161978));
#3257=CARTESIAN_POINT('Ctrl Pts',(0.0664201261052084,7.85929596193196,1.523281467675));
#3258=CARTESIAN_POINT('Ctrl Pts',(1.31584248363685,7.93074410704044,0.770296450206589));
#3259=CARTESIAN_POINT('Ctrl Pts',(1.3607864871026,8.00219225214891,-0.687792264711344));
#3260=CARTESIAN_POINT('Ctrl Pts',(0.16011189375074,8.07364039725739,-1.51629886380771));
#3261=CARTESIAN_POINT('Ctrl Pts',(-1.04342996575037,8.13746800693308,-1.01650735763713));
#3262=CARTESIAN_POINT('Ctrl Pts',(-1.28671610045058,8.1774795682393,-0.29118853924553));
#3263=CARTESIAN_POINT('Ctrl Pts',(-1.28893871925411,8.19367508117603,0.00104362494620588));
#3264=CARTESIAN_POINT('Origin',(0.,-0.993675081176014,0.));
#3265=CARTESIAN_POINT('',(-1.29173803834431,7.29367508117603,-0.000626458811906726));
#3266=CARTESIAN_POINT('',(-1.28862123325268,7.33132491882399,0.000920769536874478));
#3267=CARTESIAN_POINT('',(-1.29,-0.993675081176014,4.41704238820602E-14));
#3268=CARTESIAN_POINT('Ctrl Pts',(-1.28862123325268,7.33132491882399,0.00092076953687445));
#3269=CARTESIAN_POINT('Ctrl Pts',(-1.28961756634317,7.33968948954483,0.151944913228013));
#3270=CARTESIAN_POINT('Ctrl Pts',(-1.19525187809548,7.37187010863517,0.731767611677167));
#3271=CARTESIAN_POINT('Ctrl Pts',(-0.336932357606918,7.42786677609499,1.4870354958195));
#3272=CARTESIAN_POINT('Ctrl Pts',(1.06664478076403,7.49931492120347,1.08952599376897));
#3273=CARTESIAN_POINT('Ctrl Pts',(1.49385083684512,7.57076306631194,-0.305299290355303));
#3274=CARTESIAN_POINT('Ctrl Pts',(0.553635625169684,7.64221121142041,-1.42066377935393));
#3275=CARTESIAN_POINT('Ctrl Pts',(-0.86782375398517,7.7123984955911,-1.23886585461831));
#3276=CARTESIAN_POINT('Ctrl Pts',(-1.29026411244214,7.75876973139229,-0.404128439212579));
#3277=CARTESIAN_POINT('Ctrl Pts',(-1.29195409516442,7.78132491882399,0.000411923372097022));
#3278=CARTESIAN_POINT('Ctrl Pts',(-1.29173803834431,7.29367508117602,-0.000626458811906791));
#3279=CARTESIAN_POINT('Ctrl Pts',(-1.28939537703358,7.3155030361749,0.391044403625047));
#3280=CARTESIAN_POINT('Ctrl Pts',(-0.89048996616548,7.36114703954327,1.21419072679891));
#3281=CARTESIAN_POINT('Ctrl Pts',(0.510108872086778,7.43060709128113,1.43686707859013));
#3282=CARTESIAN_POINT('Ctrl Pts',(1.48385914678028,7.50205523638961,0.350656663183562));
#3283=CARTESIAN_POINT('Ctrl Pts',(1.09933421379504,7.57350338149807,-1.05653317472618));
#3284=CARTESIAN_POINT('Ctrl Pts',(-0.291484618977251,7.64495152660654,-1.49660775750253));
#3285=CARTESIAN_POINT('Ctrl Pts',(-1.18385017263319,7.7016754264992,-0.758367898411758));
#3286=CARTESIAN_POINT('Ctrl Pts',(-1.28925130323769,7.73458327802236,-0.165008231072516));
#3287=CARTESIAN_POINT('Ctrl Pts',(-1.28835779628492,7.74367508117603,-0.000769464619383327));
#3288=CARTESIAN_POINT('Origin',(0.,-0.993675081176014,0.));
#3289=CARTESIAN_POINT('',(-1.29023384288959,6.84367508117603,0.00116382831274978));
#3290=CARTESIAN_POINT('',(-1.28862789805509,6.88132491882399,-0.000923920426319681));
#3291=CARTESIAN_POINT('',(-1.29,-0.993675081176014,4.41704238820602E-14));
#3292=CARTESIAN_POINT('Ctrl Pts',(-1.28862789805509,6.88132491882399,-0.000923920426319606));
#3293=CARTESIAN_POINT('Ctrl Pts',(-1.28677849764992,6.89679319932789,0.27835561705056));
#3294=CARTESIAN_POINT('Ctrl Pts',(-1.06037317331639,6.93607752820128,0.990364932636068));
#3295=CARTESIAN_POINT('Ctrl Pts',(0.11385489167037,6.99917790544416,1.52047198036433));
#3296=CARTESIAN_POINT('Ctrl Pts',(1.33920668879442,7.07062605055264,0.7289193536452));
#3297=CARTESIAN_POINT('Ctrl Pts',(1.33869331718397,7.1420741956611,-0.729861755373821));
#3298=CARTESIAN_POINT('Ctrl Pts',(0.112784700101003,7.21352234076958,-1.5205517389597));
#3299=CARTESIAN_POINT('Ctrl Pts',(-1.06075738238007,7.2766059151572,-0.989759739238752));
#3300=CARTESIAN_POINT('Ctrl Pts',(-1.28678075404674,7.31587344117534,-0.278059020165275));
#3301=CARTESIAN_POINT('Ctrl Pts',(-1.28862123325268,7.33132491882399,0.00092076953687445));
#3302=CARTESIAN_POINT('Ctrl Pts',(-1.29023384288959,6.84367508117603,0.00116382831274991));
#3303=CARTESIAN_POINT('Ctrl Pts',(-1.29108430531585,6.84879069758847,0.0932346167871005));
#3304=CARTESIAN_POINT('Ctrl Pts',(-1.2400864801112,6.87772236237041,0.613011446662025));
#3305=CARTESIAN_POINT('Ctrl Pts',(-0.535566359023441,6.93047007552182,1.42757372419092));
#3306=CARTESIAN_POINT('Ctrl Pts',(0.908964007068121,7.0019182206303,1.22416604134105));
#3307=CARTESIAN_POINT('Ctrl Pts',(1.52145901579354,7.07336636573877,-0.0998024357343766));
#3308=CARTESIAN_POINT('Ctrl Pts',(0.741261149905653,7.14481451084724,-1.33241508943665));
#3309=CARTESIAN_POINT('Ctrl Pts',(-0.717462467241323,7.21626265595571,-1.34537937810044));
#3310=CARTESIAN_POINT('Ctrl Pts',(-1.27443309871081,7.26588284606531,-0.499104925005137));
#3311=CARTESIAN_POINT('Ctrl Pts',(-1.29195140828307,7.29168698780541,-0.0362998989080322));
#3312=CARTESIAN_POINT('Ctrl Pts',(-1.29173803834431,7.29367508117602,-0.000626458811906791));
#3313=CARTESIAN_POINT('Origin',(0.,-0.993675081176014,0.));
#3314=CARTESIAN_POINT('',(-1.28788817471528,6.39367508117602,-9.23142058715382E-5));
#3315=CARTESIAN_POINT('',(-1.2919581390384,6.43132491882399,-0.000406700755494138));
#3316=CARTESIAN_POINT('',(-1.29,-0.993675081176014,4.41704238820602E-14));
#3317=CARTESIAN_POINT('Ctrl Pts',(-1.2919581390384,6.43132491882399,-0.000406700755494153));
#3318=CARTESIAN_POINT('Ctrl Pts',(-1.29028585737767,6.45389690911095,0.404431652805131));
#3319=CARTESIAN_POINT('Ctrl Pts',(-0.867291908597426,6.50028494776739,1.2394330706672));
#3320=CARTESIAN_POINT('Ctrl Pts',(0.554635402774174,6.57048903479333,1.42027375861833));
#3321=CARTESIAN_POINT('Ctrl Pts',(1.49406534754976,6.6419371799018,0.304247788293215));
#3322=CARTESIAN_POINT('Ctrl Pts',(1.06587766862358,6.71338532501027,-1.09027646721364));
#3323=CARTESIAN_POINT('Ctrl Pts',(-0.337978903708355,6.78483347011875,-1.48679798226874));
#3324=CARTESIAN_POINT('Ctrl Pts',(-1.19550923127606,6.84081333472331,-0.731152982348778));
#3325=CARTESIAN_POINT('Ctrl Pts',(-1.28962596408247,6.8729771509584,-0.151642725136348));
#3326=CARTESIAN_POINT('Ctrl Pts',(-1.28862789805509,6.88132491882399,-0.000923920426319606));
#3327=CARTESIAN_POINT('Ctrl Pts',(-1.28788817471528,6.39367508117602,-9.23142058715729E-5));
#3328=CARTESIAN_POINT('Ctrl Pts',(-1.28774712803122,6.40589440737152,0.220844869966699));
#3329=CARTESIAN_POINT('Ctrl Pts',(-1.12873640764677,6.44192978193651,0.872589482616567));
#3330=CARTESIAN_POINT('Ctrl Pts',(-0.0934835786418391,6.50178120487099,
1.52186033637856));
#3331=CARTESIAN_POINT('Ctrl Pts',(1.2279300420317,6.57322934997946,0.903872709397717));
#3332=CARTESIAN_POINT('Ctrl Pts',(1.42533742769719,6.64467749508793,-0.541489870748762));
#3333=CARTESIAN_POINT('Ctrl Pts',(0.318038436873013,6.71612564019641,-1.49119067043397));
#3334=CARTESIAN_POINT('Ctrl Pts',(-0.980256796939826,6.78245816889243,-1.10563925618547));
#3335=CARTESIAN_POINT('Ctrl Pts',(-1.2871249282541,6.82497464921898,-0.33540626926315));
#3336=CARTESIAN_POINT('Ctrl Pts',(-1.29023384288959,6.84367508117603,0.00116382831274991));
#3337=CARTESIAN_POINT('Origin',(0.,-0.993675081176014,0.));
#3338=CARTESIAN_POINT('',(-1.29057271716065,5.94367508117602,-0.00111612570859017));
#3339=CARTESIAN_POINT('',(-1.28982803422427,5.98132491882399,0.00117938927772236));
#3340=CARTESIAN_POINT('',(-1.29,-0.993675081176014,4.41704238820602E-14));
#3341=CARTESIAN_POINT('Ctrl Pts',(-1.28982803422427,5.98132491882399,0.00117938927772229));
#3342=CARTESIAN_POINT('Ctrl Pts',(-1.29078660127431,5.98718457052451,0.106726220405845));
#3343=CARTESIAN_POINT('Ctrl Pts',(-1.2306730246676,6.01686027059451,0.640181518718541));
#3344=CARTESIAN_POINT('Ctrl Pts',(-0.490821596265758,6.07035201903402,1.4435692363269));
#3345=CARTESIAN_POINT('Ctrl Pts',(0.946668853685262,6.14180016414248,1.19524728022804));
#3346=CARTESIAN_POINT('Ctrl Pts',(1.51761018633511,6.21324830925097,-0.147164200001913));
#3347=CARTESIAN_POINT('Ctrl Pts',(0.699381734580939,6.28469645435943,-1.35486647636025));
#3348=CARTESIAN_POINT('Ctrl Pts',(-0.759037447435891,6.3561445994679,-1.32236913636863));
#3349=CARTESIAN_POINT('Ctrl Pts',(-1.28141472556617,6.40502075428943,-0.472093523299774));
#3350=CARTESIAN_POINT('Ctrl Pts',(-1.29205030705238,6.43008086074146,-0.0227194175104344));
#3351=CARTESIAN_POINT('Ctrl Pts',(-1.2919581390384,6.43132491882399,-0.000406700755494153));
#3352=CARTESIAN_POINT('Ctrl Pts',(-1.29057271716065,5.94367508117603,-0.00111612570859006));
#3353=CARTESIAN_POINT('Ctrl Pts',(-1.28740393267635,5.96299811715458,0.346424719956854));
#3354=CARTESIAN_POINT('Ctrl Pts',(-0.963368280132572,6.00613720150262,1.127525237277));
#3355=CARTESIAN_POINT('Ctrl Pts',(0.356815499531593,6.07309233422015,1.4823902192783));
#3356=CARTESIAN_POINT('Ctrl Pts',(1.43897296323088,6.14454047932863,0.504137753008526));
#3357=CARTESIAN_POINT('Ctrl Pts',(1.20394253566936,6.2159886244371,-0.935585610045369));
#3358=CARTESIAN_POINT('Ctrl Pts',(-0.133136763051566,6.28743676954557,-1.51890508763454));
#3359=CARTESIAN_POINT('Ctrl Pts',(-1.14051733597335,6.34666558845855,-0.849891689148303));
#3360=CARTESIAN_POINT('Ctrl Pts',(-1.28802203473197,6.38207835900203,-0.209772218135263));
#3361=CARTESIAN_POINT('Ctrl Pts',(-1.28788817471528,6.39367508117602,-9.23142058715729E-5));
#3362=CARTESIAN_POINT('Origin',(0.,-0.993675081176014,0.));
#3363=CARTESIAN_POINT('',(-1.29149791665621,5.49367508117602,0.000788275966284169));
#3364=CARTESIAN_POINT('',(-1.28795077250168,5.53132491882399,-0.000309708727301355));
#3365=CARTESIAN_POINT('',(-1.29,-0.993675081176014,4.41704238820602E-14));
#3366=CARTESIAN_POINT('Ctrl Pts',(-1.28795077250168,5.53132491882399,-0.000309708727301416));
#3367=CARTESIAN_POINT('Ctrl Pts',(-1.2874473870644,5.54428828030756,0.234051911949196));
#3368=CARTESIAN_POINT('Ctrl Pts',(-1.11411233241015,5.58106769016063,0.899671931188821));
#3369=CARTESIAN_POINT('Ctrl Pts',(-0.0460154412317405,5.64166314838318,
1.52403430361608));
#3370=CARTESIAN_POINT('Ctrl Pts',(1.25549931509669,5.71311129349165,0.865170185120844));
#3371=CARTESIAN_POINT('Ctrl Pts',(1.4077718427049,5.78455943860014,-0.585641885726704));
#3372=CARTESIAN_POINT('Ctrl Pts',(0.271416944885053,5.85600758370859,-1.50037689313704));
#3373=CARTESIAN_POINT('Ctrl Pts',(-0.999812785180947,5.92159607711656,-1.07933281987936));
#3374=CARTESIAN_POINT('Ctrl Pts',(-1.28689058826944,5.96336852215502,-0.322259760991531));
#3375=CARTESIAN_POINT('Ctrl Pts',(-1.28982803422427,5.98132491882399,0.00117938927772229));
#3376=CARTESIAN_POINT('Ctrl Pts',(-1.29149791665621,5.49367508117602,0.000788275966284264));
#3377=CARTESIAN_POINT('Ctrl Pts',(-1.291834927562,5.49628577856814,0.0476563898025111));
#3378=CARTESIAN_POINT('Ctrl Pts',(-1.26824780303963,5.52271252432975,0.521735420659479));
#3379=CARTESIAN_POINT('Ctrl Pts',(-0.682135545193503,5.57295531846084,1.36363087413768));
#3380=CARTESIAN_POINT('Ctrl Pts',(0.775753963964248,5.64440346356933,1.3126324124871));
#3381=CARTESIAN_POINT('Ctrl Pts',(1.52354414947869,5.71585160867778,0.0600939889442256));
#3382=CARTESIAN_POINT('Ctrl Pts',(0.876732798499495,5.78729975378628,-1.24745246921604));
#3383=CARTESIAN_POINT('Ctrl Pts',(-0.572610535750482,5.85874789889473,-1.4131225131833));
#3384=CARTESIAN_POINT('Ctrl Pts',(-1.24758784155158,5.91087300802466,-0.590293933765559));
#3385=CARTESIAN_POINT('Ctrl Pts',(-1.29130952621944,5.93918206878509,-0.081926684032095));
#3386=CARTESIAN_POINT('Ctrl Pts',(-1.29057271716065,5.94367508117603,-0.00111612570859006));
#3387=CARTESIAN_POINT('Origin',(0.,-0.993675081176014,0.));
#3388=CARTESIAN_POINT('',(-1.28817434942816,5.04367508117602,0.000619498413751834));
#3389=CARTESIAN_POINT('',(-1.29096382313628,5.08132491882399,-0.00101829379246381));
#3390=CARTESIAN_POINT('',(-1.29,-0.993675081176014,4.41704238820602E-14));
#3391=CARTESIAN_POINT('Ctrl Pts',(-1.29096382313628,5.08132491882399,-0.00101829379246381));
#3392=CARTESIAN_POINT('Ctrl Pts',(-1.28784401504554,5.10139199009062,0.35962171939037));
#3393=CARTESIAN_POINT('Ctrl Pts',(-0.942551806848122,5.14527510972675,1.15351285855539));
#3394=CARTESIAN_POINT('Ctrl Pts',(0.402835023762115,5.21297427773233,1.47055157103071));
#3395=CARTESIAN_POINT('Ctrl Pts',(1.45398359164719,5.28442242284083,0.459053041217485));
#3396=CARTESIAN_POINT('Ctrl Pts',(1.17420403930581,5.35587056794928,-0.972647342826886));
#3397=CARTESIAN_POINT('Ctrl Pts',(-0.180402755772985,5.42731871305777,-1.51401876644242));
#3398=CARTESIAN_POINT('Ctrl Pts',(-1.15406022100399,5.48580349668266,-0.822733683094479));
#3399=CARTESIAN_POINT('Ctrl Pts',(-1.28837219749555,5.52047223193807,-0.196512930438026));
#3400=CARTESIAN_POINT('Ctrl Pts',(-1.28795077250168,5.53132491882399,-0.000309708727301416));
#3401=CARTESIAN_POINT('Ctrl Pts',(-1.28817434942816,5.04367508117602,0.000619498413751852));
#3402=CARTESIAN_POINT('Ctrl Pts',(-1.28893646314656,5.05338948835119,0.176167876422885));
#3403=CARTESIAN_POINT('Ctrl Pts',(-1.1736745399511,5.08691994389586,0.781136037832453));
#3404=CARTESIAN_POINT('Ctrl Pts',(-0.252359026930686,5.14426644781001,1.50369976539352));
#3405=CARTESIAN_POINT('Ctrl Pts',(1.12651119620914,5.21571459291849,1.02750697697554));
#3406=CARTESIAN_POINT('Ctrl Pts',(1.47421061563573,5.28716273802695,-0.389231452563729));
#3407=CARTESIAN_POINT('Ctrl Pts',(0.472466771219737,5.35861088313543,-1.44968038305384));
#3408=CARTESIAN_POINT('Ctrl Pts',(-0.909351215185283,5.42744833085178,-1.19287951855832));
#3409=CARTESIAN_POINT('Ctrl Pts',(-1.28876055055547,5.47246973019865,-0.379897285886067));
#3410=CARTESIAN_POINT('Ctrl Pts',(-1.29149791665621,5.49367508117602,0.000788275966284264));
#3411=CARTESIAN_POINT('Origin',(0.,-0.993675081176014,0.));
#3412=CARTESIAN_POINT('',(-1.28923515952501,4.59367508117602,-0.00111802555222709));
#3413=CARTESIAN_POINT('',(-1.29115986970943,4.63132491882399,0.000949126742659951));
#3414=CARTESIAN_POINT('',(-1.29,-0.993675081176014,4.41704238820602E-14));
#3415=CARTESIAN_POINT('Ctrl Pts',(-1.29115986970943,4.63132491882399,0.00094912674265998));
#3416=CARTESIAN_POINT('Ctrl Pts',(-1.29165711851333,4.63467965150418,0.0612156674666228));
#3417=CARTESIAN_POINT('Ctrl Pts',(-1.26043797675251,4.66185043255386,0.548811016962234));
#3418=CARTESIAN_POINT('Ctrl Pts',(-0.639312127623973,4.71283726197305,1.38422468656761));
#3419=CARTESIAN_POINT('Ctrl Pts',(0.816280206199456,4.78428540708151,1.28782165084971));
#3420=CARTESIAN_POINT('Ctrl Pts',(1.52467684492956,4.85573355218999,0.012589597528809));
#3421=CARTESIAN_POINT('Ctrl Pts',(0.837435115501729,4.92718169729845,-1.27416655377345));
#3422=CARTESIAN_POINT('Ctrl Pts',(-0.616366807926418,4.99862984240694,-1.39459310822795));
#3423=CARTESIAN_POINT('Ctrl Pts',(-1.25611215237015,5.05001091624877,-0.563170738937775));
#3424=CARTESIAN_POINT('Ctrl Pts',(-1.29154667296734,5.07757594172113,-0.068393903009863));
#3425=CARTESIAN_POINT('Ctrl Pts',(-1.29096382313628,5.08132491882399,-0.00101829379246381));
#3426=CARTESIAN_POINT('Ctrl Pts',(-1.28923515952501,4.59367508117602,-0.00111802555222716));
#3427=CARTESIAN_POINT('Ctrl Pts',(-1.28672161257292,4.61049319813425,0.302172085812499));
#3428=CARTESIAN_POINT('Ctrl Pts',(-1.02843110854417,4.65112736346197,1.03880341550637));
#3429=CARTESIAN_POINT('Ctrl Pts',(0.199597396571563,4.71557757715918,1.51160806500885));
#3430=CARTESIAN_POINT('Ctrl Pts',(1.37825904532647,4.78702572226765,0.652073666769117));
#3431=CARTESIAN_POINT('Ctrl Pts',(1.29530829974661,4.85847386737612,-0.804347233180727));
#3432=CARTESIAN_POINT('Ctrl Pts',(0.0266755076847582,4.9299220124846,-1.5244954838266));
#3433=CARTESIAN_POINT('Ctrl Pts',(-1.09056624332859,4.9916557504179,-0.940991443350256));
#3434=CARTESIAN_POINT('Ctrl Pts',(-1.28706804885702,5.02957343998171,-0.254210281138451));
#3435=CARTESIAN_POINT('Ctrl Pts',(-1.28817434942816,5.04367508117602,0.000619498413751852));
#3436=CARTESIAN_POINT('Origin',(0.,-0.993675081176014,0.));
#3437=CARTESIAN_POINT('',(-1.29211329020014,4.14367508117603,3.54416217382414E-5));
#3438=CARTESIAN_POINT('',(-1.28801111306376,4.18132491882399,0.000421099948628439));
#3439=CARTESIAN_POINT('',(-1.29,-0.993675081176014,4.41704238820602E-14));
#3440=CARTESIAN_POINT('Ctrl Pts',(-1.28801111306376,4.18132491882399,0.000421099948628503));
#3441=CARTESIAN_POINT('Ctrl Pts',(-1.28856476132024,4.19178336128724,0.18947475320727));
#3442=CARTESIAN_POINT('Ctrl Pts',(-1.16100337161755,4.22605785211998,0.808331815943181));
#3443=CARTESIAN_POINT('Ctrl Pts',(-0.205379635242654,4.28414839132221,1.51083327500353));
#3444=CARTESIAN_POINT('Ctrl Pts',(1.15798229371949,4.35559653643068,0.99190472670638));
#3445=CARTESIAN_POINT('Ctrl Pts',(1.46136582520218,4.42704468153915,-0.434980349396896));
#3446=CARTESIAN_POINT('Ctrl Pts',(0.427063785903367,4.49849282664762,-1.463698911047));
#3447=CARTESIAN_POINT('Ctrl Pts',(-0.93123920413103,4.5665862390759,-1.16720359664473));
#3448=CARTESIAN_POINT('Ctrl Pts',(-1.28812703051694,4.61086360313469,-0.366630896111384));
#3449=CARTESIAN_POINT('Ctrl Pts',(-1.29115986970943,4.63132491882399,0.00094912674265998));
#3450=CARTESIAN_POINT('Ctrl Pts',(-1.29211329020014,4.14367508117603,3.54416217384403E-5));
#3451=CARTESIAN_POINT('Ctrl Pts',(-1.29211405494247,4.14378085954782,0.00193201207501301));
#3452=CARTESIAN_POINT('Ctrl Pts',(-1.2912513649584,4.1677026862891,0.430841563711802));
#3453=CARTESIAN_POINT('Ctrl Pts',(-0.821201699354318,4.21544056139986,1.28468900201392));
#3454=CARTESIAN_POINT('Ctrl Pts',(0.634011149237599,4.28688870650835,1.38666071032548));
#3455=CARTESIAN_POINT('Ctrl Pts',(1.50887132266523,4.35833685161681,0.219329420179818));
#3456=CARTESIAN_POINT('Ctrl Pts',(1.00256097623618,4.42978499672529,-1.14876871120617));
#3457=CARTESIAN_POINT('Ctrl Pts',(-0.421460273658279,4.50123314183376,-1.46532225146752));
#3458=CARTESIAN_POINT('Ctrl Pts',(-1.21530264355273,4.55586316998401,-0.681784504683062));
#3459=CARTESIAN_POINT('Ctrl Pts',(-1.29028103340098,4.58667714976476,-0.127315470980639));
#3460=CARTESIAN_POINT('Ctrl Pts',(-1.28923515952501,4.59367508117602,-0.00111802555222716));
#3461=CARTESIAN_POINT('Origin',(0.,-0.993675081176014,0.));
#3462=CARTESIAN_POINT('',(-1.28913168878252,3.69367508117602,0.00109582363395103));
#3463=CARTESIAN_POINT('',(-1.28961712542073,3.73132491882399,-0.00116954476732062));
#3464=CARTESIAN_POINT('',(-1.29,-0.993675081176014,4.41704238820602E-14));
#3465=CARTESIAN_POINT('Ctrl Pts',(-1.28961712542073,3.73132491882398,-0.00116954476732059));
#3466=CARTESIAN_POINT('Ctrl Pts',(-1.28680732919564,3.74888707107029,0.315300110267828));
#3467=CARTESIAN_POINT('Ctrl Pts',(-1.0099014539465,3.79026527168609,1.06533209981115));
#3468=CARTESIAN_POINT('Ctrl Pts',(0.246603730543888,3.85545952067137,1.50465430565035));
#3469=CARTESIAN_POINT('Ctrl Pts',(1.39790899457704,3.92690766577985,0.60880901957093));
#3470=CARTESIAN_POINT('Ctrl Pts',(1.26961495564121,3.99835581088831,-0.844319752133315));
#3471=CARTESIAN_POINT('Ctrl Pts',(-0.020842298911544,4.06980395599679,-1.52458636292155));
#3472=CARTESIAN_POINT('Ctrl Pts',(-1.10611920117523,4.13079365864201,-0.914000052075773));
#3473=CARTESIAN_POINT('Ctrl Pts',(-1.28730398910657,4.16796731291775,-0.241039729829616));
#3474=CARTESIAN_POINT('Ctrl Pts',(-1.28801111306376,4.18132491882399,0.000421099948628503));
#3475=CARTESIAN_POINT('Ctrl Pts',(-1.28913168878252,3.69367508117602,0.00109582363395099));
#3476=CARTESIAN_POINT('Ctrl Pts',(-1.29018160643991,3.70088456933087,0.131134792485627));
#3477=CARTESIAN_POINT('Ctrl Pts',(-1.21231420731834,3.73191010585521,0.689520285796168));
#3478=CARTESIAN_POINT('Ctrl Pts',(-0.408458695727865,3.78675169074904,1.46899950878216));
#3479=CARTESIAN_POINT('Ctrl Pts',(1.01270148522277,3.85819983585751,1.13983935918424));
#3480=CARTESIAN_POINT('Ctrl Pts',(1.50686847875294,3.92964798096598,-0.232691750302286));
#3481=CARTESIAN_POINT('Ctrl Pts',(0.621698288991298,4.00109612607446,-1.39222458690516));
#3482=CARTESIAN_POINT('Ctrl Pts',(-0.830400786185104,4.07243849281112,-1.2775314917835));
#3483=CARTESIAN_POINT('Ctrl Pts',(-1.29194187285858,4.11996481117833,-0.425081685394717));
#3484=CARTESIAN_POINT('Ctrl Pts',(-1.29211329020014,4.14367508117603,3.54416217384403E-5));
#3485=CARTESIAN_POINT('Origin',(0.,-0.993675081176014,0.));
#3486=CARTESIAN_POINT('',(-1.28823206903767,3.24367508117602,-0.000672320439773985));
#3487=CARTESIAN_POINT('',(-1.29203931128825,3.28132491882399,0.000281457064130512));
#3488=CARTESIAN_POINT('',(-1.29,-0.993675081176014,4.41704238820602E-14));
#3489=CARTESIAN_POINT('Ctrl Pts',(-1.29203931128825,3.28132491882399,0.000281457064130396));
#3490=CARTESIAN_POINT('Ctrl Pts',(-1.29208449324881,3.28217473248386,0.0155206722665365));
#3491=CARTESIAN_POINT('Ctrl Pts',(-1.28493606705813,3.30684059451321,0.457795869619789));
#3492=CARTESIAN_POINT('Ctrl Pts',(-0.780770655751649,3.35532250491206,1.309654596658));
#3493=CARTESIAN_POINT('Ctrl Pts',(0.676913025695122,3.42677065002054,1.36623084984733));
#3494=CARTESIAN_POINT('Ctrl Pts',(1.51497308413761,3.49821879512901,0.172204917957861));
#3495=CARTESIAN_POINT('Ctrl Pts',(0.96627727363615,3.56966694023748,-1.17945165644234));
#3496=CARTESIAN_POINT('Ctrl Pts',(-0.466916548263891,3.64111508534596,-1.45147749427527));
#3497=CARTESIAN_POINT('Ctrl Pts',(-1.22548357469873,3.69500107820812,-0.654586456950057));
#3498=CARTESIAN_POINT('Ctrl Pts',(-1.29061769604969,3.7250710227008,-0.113864635948228));
#3499=CARTESIAN_POINT('Ctrl Pts',(-1.28961712542073,3.73132491882398,-0.00116954476732059));
#3500=CARTESIAN_POINT('Ctrl Pts',(-1.28823206903767,3.24367508117602,-0.000672320439774002));
#3501=CARTESIAN_POINT('Ctrl Pts',(-1.2870101989081,3.25798827911392,0.257951485363285));
#3502=CARTESIAN_POINT('Ctrl Pts',(-1.08603104868916,3.29611752542132,0.948652989164022));
#3503=CARTESIAN_POINT('Ctrl Pts',(0.0401838565521547,3.3580628200982,1.52419923913855));
#3504=CARTESIAN_POINT('Ctrl Pts',(1.30238520531129,3.42951096520667,0.792837208955421));
#3505=CARTESIAN_POINT('Ctrl Pts',(1.37242654409948,3.50095911031515,-0.664261577971439));
#3506=CARTESIAN_POINT('Ctrl Pts',(0.186194365785673,3.57240725542362,-1.51331745548236));
#3507=CARTESIAN_POINT('Ctrl Pts',(-1.03357906678406,3.63664591237724,-1.03123676481681));
#3508=CARTESIAN_POINT('Ctrl Pts',(-1.2867132756548,3.67706852096138,-0.298439999173824));
#3509=CARTESIAN_POINT('Ctrl Pts',(-1.28913168878252,3.69367508117602,0.00109582363395099));
#3510=CARTESIAN_POINT('Origin',(0.,-0.993675081176014,0.));
#3511=CARTESIAN_POINT('',(-1.2915844771405,2.79367508117602,-0.000735862779925826));
#3512=CARTESIAN_POINT('',(-1.2887911588878,2.83132491882399,0.000992967951783541));
#3513=CARTESIAN_POINT('',(-1.29,-0.993675081176014,4.41704238820602E-14));
#3514=CARTESIAN_POINT('Ctrl Pts',(-1.2887911588878,2.83132491882399,0.000992967951783628));
#3515=CARTESIAN_POINT('Ctrl Pts',(-1.28982166701776,2.83927844226691,0.144547923890082));
#3516=CARTESIAN_POINT('Ctrl Pts',(-1.20146943254947,2.87104801407932,0.716732175126312));
#3517=CARTESIAN_POINT('Ctrl Pts',(-0.362484791459493,2.92663363426123,1.48101409695886));
#3518=CARTESIAN_POINT('Ctrl Pts',(1.04772824628179,2.99808177936971,1.10772898372011));
#3519=CARTESIAN_POINT('Ctrl Pts',(1.49888576693003,3.06952992447817,-0.279534321908526));
#3520=CARTESIAN_POINT('Ctrl Pts',(0.578013212634733,3.14097806958665,-1.41092122581311));
#3521=CARTESIAN_POINT('Ctrl Pts',(-0.854707278237665,3.21157640103525,-1.25270239233918));
#3522=CARTESIAN_POINT('Ctrl Pts',(-1.29081826771139,3.25835868411437,-0.41155870232189));
#3523=CARTESIAN_POINT('Ctrl Pts',(-1.29203931128825,3.28132491882399,0.000281457064130396));
#3524=CARTESIAN_POINT('Ctrl Pts',(-1.2915844771405,2.79367508117602,-0.000735862779925774));
#3525=CARTESIAN_POINT('Ctrl Pts',(-1.28896529275301,2.81509198889698,0.383679891307435));
#3526=CARTESIAN_POINT('Ctrl Pts',(-0.902998286441991,2.86032494498743,1.20013938671333));
#3527=CARTESIAN_POINT('Ctrl Pts',(0.485294638475793,2.92937394944737,1.44543667339132));
#3528=CARTESIAN_POINT('Ctrl Pts',(1.47760192657524,3.00082209455584,0.376152375373428));
#3529=CARTESIAN_POINT('Ctrl Pts',(1.11736165782651,3.07227023966431,-1.03744927034393));
#3530=CARTESIAN_POINT('Ctrl Pts',(-0.265674232143388,3.14371838477279,-1.50140443095555));
#3531=CARTESIAN_POINT('Ctrl Pts',(-1.1771754678916,3.20085333194335,-0.773400409827611));
#3532=CARTESIAN_POINT('Ctrl Pts',(-1.28904329579067,3.23417223074443,-0.172378416817181));
#3533=CARTESIAN_POINT('Ctrl Pts',(-1.28823206903767,3.24367508117602,-0.000672320439774002));
#3534=CARTESIAN_POINT('Origin',(0.,-0.993675081176014,0.));
#3535=CARTESIAN_POINT('',(-1.29045823404972,2.34367508117602,0.00113587182223776));
#3536=CARTESIAN_POINT('',(-1.28847217701729,2.38132491882398,-0.000842243248856098));
#3537=CARTESIAN_POINT('',(-1.29,-0.993675081176014,4.41704238820602E-14));
#3538=CARTESIAN_POINT('Ctrl Pts',(-1.28847217701729,2.38132491882398,-0.000842243248856071));
#3539=CARTESIAN_POINT('Ctrl Pts',(-1.28684357271434,2.39638215204996,0.271098383725434));
#3540=CARTESIAN_POINT('Ctrl Pts',(-1.06967862372756,2.43525543364543,0.975546027463535));
#3541=CARTESIAN_POINT('Ctrl Pts',(0.0876599622217021,2.49794476361039,1.52220685534331));
#3542=CARTESIAN_POINT('Ctrl Pts',(1.32645833917619,2.56939290871887,0.751868508357721));
#3543=CARTESIAN_POINT('Ctrl Pts',(1.35106096174914,2.64084105382734,-0.706705212282831));
#3544=CARTESIAN_POINT('Ctrl Pts',(0.138947409213784,2.71228919893581,-1.51838453525553));
#3545=CARTESIAN_POINT('Ctrl Pts',(-1.05126451705227,2.77578382060136,-1.00454972353475));
#3546=CARTESIAN_POINT('Ctrl Pts',(-1.28673591117076,2.81546239389742,-0.285313356942413));
#3547=CARTESIAN_POINT('Ctrl Pts',(-1.2887911588878,2.83132491882399,0.000992967951783628));
#3548=CARTESIAN_POINT('Ctrl Pts',(-1.29045823404972,2.34367508117602,0.00113587182223773));
#3549=CARTESIAN_POINT('Ctrl Pts',(-1.29123560652986,2.34837965031054,0.0857707999566815));
#3550=CARTESIAN_POINT('Ctrl Pts',(-1.24507690737624,2.37690026781456,0.59801116813681));
#3551=CARTESIAN_POINT('Ctrl Pts',(-0.560065593711914,2.42923693368806,1.41814124601962));
#3552=CARTESIAN_POINT('Ctrl Pts',(0.887752739314758,2.50068507879654,1.23963427540392));
#3553=CARTESIAN_POINT('Ctrl Pts',(1.52295180252882,2.572133223905,-0.0735925953582623));
#3554=CARTESIAN_POINT('Ctrl Pts',(0.764091543905583,2.64358136901348,-1.31945525708548));
#3555=CARTESIAN_POINT('Ctrl Pts',(-0.694192647734389,2.71502951412195,-1.35753255237187));
#3556=CARTESIAN_POINT('Ctrl Pts',(-1.27038496653416,2.76506075150946,-0.514042980857835));
#3557=CARTESIAN_POINT('Ctrl Pts',(-1.29187788045585,2.79127594052749,-0.0437984502264148));
#3558=CARTESIAN_POINT('Ctrl Pts',(-1.2915844771405,2.79367508117602,-0.000735862779925774));
#3559=CARTESIAN_POINT('Origin',(0.,-0.993675081176014,0.));
#3560=CARTESIAN_POINT('',(-1.28788252044555,1.89367508117602,2.96088622507555E-5));
#3561=CARTESIAN_POINT('',(-1.29184650655424,1.93132491882398,-0.000531219646561641));
#3562=CARTESIAN_POINT('',(-1.29,-0.993675081176014,4.41704238820602E-14));
#3563=CARTESIAN_POINT('Ctrl Pts',(-1.29184650655424,1.93132491882398,-0.000531219646561685));
#3564=CARTESIAN_POINT('Ctrl Pts',(-1.28977574582951,1.95348586183302,0.397026176491483));
#3565=CARTESIAN_POINT('Ctrl Pts',(-0.880196776963124,1.99946285321154,1.22551915248053));
#3566=CARTESIAN_POINT('Ctrl Pts',(0.530100257382497,2.06925589295956,1.42961242880016));
#3567=CARTESIAN_POINT('Ctrl Pts',(1.48860563879832,2.14070403806803,0.32992610015595));
#3568=CARTESIAN_POINT('Ctrl Pts',(1.08449103193878,2.21215218317651,-1.07176358450433));
#3569=CARTESIAN_POINT('Ctrl Pts',(-0.312330520744228,2.28360032828498,-1.49239660454115));
#3570=CARTESIAN_POINT('Ctrl Pts',(-1.18913496870824,2.33999124016747,-0.746188463250123));
#3571=CARTESIAN_POINT('Ctrl Pts',(-1.28941953858216,2.37256610368047,-0.159030513692094));
#3572=CARTESIAN_POINT('Ctrl Pts',(-1.28847217701729,2.38132491882398,-0.000842243248856071));
#3573=CARTESIAN_POINT('Ctrl Pts',(-1.28788279618498,1.89367508117602,2.96050065672418E-5));
#3574=CARTESIAN_POINT('Ctrl Pts',(-1.28792649777438,1.9054833600936,0.213536882568285));
#3575=CARTESIAN_POINT('Ctrl Pts',(-1.13656044637084,1.94110768738067,0.857607433392787));
#3576=CARTESIAN_POINT('Ctrl Pts',(-0.119671678881835,2.00054806303722,1.52002524727809));
#3577=CARTESIAN_POINT('Ctrl Pts',(1.21218600438868,2.0719962081457,0.924880075290421));
#3578=CARTESIAN_POINT('Ctrl Pts',(1.43444901992197,2.14344435325417,-0.516869492350547));
#3579=CARTESIAN_POINT('Ctrl Pts',(0.343665211151898,2.21489249836265,-1.48549395340015));
#3580=CARTESIAN_POINT('Ctrl Pts',(-0.969160820432682,2.28163607433659,-1.12010220767885));
#3581=CARTESIAN_POINT('Ctrl Pts',(-1.28730029597139,2.32456360194105,-0.342678540367999));
#3582=CARTESIAN_POINT('Ctrl Pts',(-1.29045823404972,2.34367508117602,0.00113587182223773));
#3583=CARTESIAN_POINT('Origin',(0.,-0.993675081176014,0.));
#3584=CARTESIAN_POINT('',(-1.29034955060414,1.44367508117602,-0.00115115837054418));
#3585=CARTESIAN_POINT('',(-1.29005156568425,1.48132491882398,0.00117635997313478));
#3586=CARTESIAN_POINT('',(-1.29,-0.993675081176014,4.41704238820602E-14));
#3587=CARTESIAN_POINT('Ctrl Pts',(-1.29005156568425,1.48132491882398,0.00117635997313475));
#3588=CARTESIAN_POINT('Ctrl Pts',(-1.29095467073046,1.48677352324658,0.0992757656205583));
#3589=CARTESIAN_POINT('Ctrl Pts',(-1.23593453341379,1.51603817603867,0.625168510924222));
#3590=CARTESIAN_POINT('Ctrl Pts',(-0.515602858924267,1.56911887720026,1.43490475956968));
#3591=CARTESIAN_POINT('Ctrl Pts',(0.92594989314479,1.64056702230872,1.21136896769439));
#3592=CARTESIAN_POINT('Ctrl Pts',(1.51991897376181,1.7120151674172,-0.121013605193043));
#3593=CARTESIAN_POINT('Ctrl Pts',(0.722604882961516,1.78346331252567,-1.34262435634248));
#3594=CARTESIAN_POINT('Ctrl Pts',(-0.736157634153973,1.85491145763415,-1.33524152020476));
#3595=CARTESIAN_POINT('Ctrl Pts',(-1.27761237196069,1.90419865973358,-0.487011638599738));
#3596=CARTESIAN_POINT('Ctrl Pts',(-1.2920011627516,1.92966981346353,-0.0302230688232255));
#3597=CARTESIAN_POINT('Ctrl Pts',(-1.29184650655424,1.93132491882398,-0.000531219646561685));
#3598=CARTESIAN_POINT('Ctrl Pts',(-1.29034955060414,1.44367508117602,-0.00115115837054426));
#3599=CARTESIAN_POINT('Ctrl Pts',(-1.2872109621457,1.46258706987665,0.33914815559624));
#3600=CARTESIAN_POINT('Ctrl Pts',(-0.97457205961746,1.50531510694678,1.11308952465264));
#3601=CARTESIAN_POINT('Ctrl Pts',(0.331240211782357,1.57185919238639,1.48831380815878));
#3602=CARTESIAN_POINT('Ctrl Pts',(1.43007990428849,1.64330733749487,0.528837906211805));
#3603=CARTESIAN_POINT('Ctrl Pts',(1.21987211261678,1.71475548260334,-0.914718584876016));
#3604=CARTESIAN_POINT('Ctrl Pts',(-0.106965952627082,1.78620362771181,-1.5209721723201));
#3605=CARTESIAN_POINT('Ctrl Pts',(-1.13278575982033,1.8458434939027,-0.86488017815081));
#3606=CARTESIAN_POINT('Ctrl Pts',(-1.28783835629548,1.88166731172411,-0.217084691087005));
#3607=CARTESIAN_POINT('Ctrl Pts',(-1.28788279618498,1.89367508117602,2.96050065672418E-5));
#3608=CARTESIAN_POINT('Origin',(0.,-0.993675081176014,0.));
#3609=CARTESIAN_POINT('',(-1.29166158719023,0.993675081176019,0.000684042051660033));
#3610=CARTESIAN_POINT('',(-1.28790780323772,1.03132491882398,-0.00019046724452313));
#3611=CARTESIAN_POINT('',(-1.29,-0.993675081176014,4.41704238820602E-14));
#3612=CARTESIAN_POINT('Ctrl Pts',(-1.28790780323772,1.03132491882398,-0.000190467244523037));
#3613=CARTESIAN_POINT('Ctrl Pts',(-1.28760864781368,1.04387723302964,0.226758834315748));
#3614=CARTESIAN_POINT('Ctrl Pts',(-1.12226548789757,1.08024559560478,0.884716354170414));
#3615=CARTESIAN_POINT('Ctrl Pts',(-0.0722480089999337,1.14043000654942,
1.52301611618886));
#3616=CARTESIAN_POINT('Ctrl Pts',(1.24041753578834,1.21187815165789,0.886657969318038));
#3617=CARTESIAN_POINT('Ctrl Pts',(1.4176462057267,1.28332629676637,-0.561317401079871));
#3618=CARTESIAN_POINT('Ctrl Pts',(0.297208789667448,1.35477444187484,-1.49548149386275));
#3619=CARTESIAN_POINT('Ctrl Pts',(-0.989092781296309,1.42077398256071,-1.09388551988074));
#3620=CARTESIAN_POINT('Ctrl Pts',(-1.28700716568236,1.46295747487709,-0.329520309247111));
#3621=CARTESIAN_POINT('Ctrl Pts',(-1.29005156568425,1.48132491882398,0.00117635997313475));
#3622=CARTESIAN_POINT('Ctrl Pts',(-1.29166158719023,0.993675081176019,0.000684042051659972));
#3623=CARTESIAN_POINT('Ctrl Pts',(-1.2919152682689,0.995874731290218,0.040159746488454));
#3624=CARTESIAN_POINT('Ctrl Pts',(-1.27236688225628,1.02189042977391,0.506792087184327));
#3625=CARTESIAN_POINT('Ctrl Pts',(-0.705512018535848,1.07172217662709,1.35168416025394));
#3626=CARTESIAN_POINT('Ctrl Pts',(0.753039242922222,1.14317032173556,1.32579416647368));
#3627=CARTESIAN_POINT('Ctrl Pts',(1.52228371689017,1.21461846684403,0.0863159665670724));
#3628=CARTESIAN_POINT('Ctrl Pts',(0.898080287178683,1.2860666119525,-1.23217277456593));
#3629=CARTESIAN_POINT('Ctrl Pts',(-0.54819583950512,1.35751475706098,-1.422771739467));
#3630=CARTESIAN_POINT('Ctrl Pts',(-1.24267344585829,1.41005091346881,-0.605290183240951));
#3631=CARTESIAN_POINT('Ctrl Pts',(-1.29116341662953,1.43877102150716,-0.0893940273454104));
#3632=CARTESIAN_POINT('Ctrl Pts',(-1.29034955060414,1.44367508117602,-0.00115115837054426));
#3633=CARTESIAN_POINT('Origin',(0.,-0.993675081176014,0.));
#3634=CARTESIAN_POINT('',(-1.28828843290868,0.543675081176019,0.000716143476409831));
#3635=CARTESIAN_POINT('',(-1.2907505562293,0.581324918823984,-0.00107978301036688));
#3636=CARTESIAN_POINT('',(-1.29,-0.993675081176014,4.41704238820602E-14));
#3637=CARTESIAN_POINT('Ctrl Pts',(-1.2907505562293,0.581324918823984,-0.00107978301036683));
#3638=CARTESIAN_POINT('Ctrl Pts',(-1.28758618521044,0.600980942812694,0.352324357183836));
#3639=CARTESIAN_POINT('Ctrl Pts',(-0.954137611582482,0.644453015170894,
1.1391822680972));
#3640=CARTESIAN_POINT('Ctrl Pts',(0.377456635515801,0.711741135898587,1.47726747208609));
#3641=CARTESIAN_POINT('Ctrl Pts',(1.445864589665,0.783189281007058,0.484019245084995));
#3642=CARTESIAN_POINT('Ctrl Pts',(1.19077608878932,0.854637426115532,-0.952287323181275));
#3643=CARTESIAN_POINT('Ctrl Pts',(-0.154309051940748,0.926085571224003,
-1.51690009874345));
#3644=CARTESIAN_POINT('Ctrl Pts',(-1.14664988217257,0.984981402126821,-0.837741317019144));
#3645=CARTESIAN_POINT('Ctrl Pts',(-1.28817624833197,1.02006118466015,-0.20384188638216));
#3646=CARTESIAN_POINT('Ctrl Pts',(-1.28790780323772,1.03132491882398,-0.000190467244523037));
#3647=CARTESIAN_POINT('Ctrl Pts',(-1.28828843290868,0.543675081176019,0.000716143476410091));
#3648=CARTESIAN_POINT('Ctrl Pts',(-1.28914389888212,0.552978441073272,0.168802153121859));
#3649=CARTESIAN_POINT('Ctrl Pts',(-1.18044365984332,0.586097849340016,0.766118822738065));
#3650=CARTESIAN_POINT('Ctrl Pts',(-0.278204900543684,0.643033305976253,
1.49912155197226));
#3651=CARTESIAN_POINT('Ctrl Pts',(1.1086504087195,0.714481451084723,1.04675538820962));
#3652=CARTESIAN_POINT('Ctrl Pts',(1.48069518894473,0.785929596193197,-0.363795090612324));
#3653=CARTESIAN_POINT('Ctrl Pts',(0.49735509201307,0.857377741301669,-1.44132948915535));
#3654=CARTESIAN_POINT('Ctrl Pts',(-0.896954522601839,0.926626236295943,
-1.20696865050958));
#3655=CARTESIAN_POINT('Ctrl Pts',(-1.28916861287988,0.972058682920727,-0.387251540523939));
#3656=CARTESIAN_POINT('Ctrl Pts',(-1.29166158719023,0.993675081176019,0.000684042051659972));
#3657=CARTESIAN_POINT('Origin',(0.,-0.993675081176014,0.));
#3658=CARTESIAN_POINT('',(-1.2887335062623,0.0936750811760188,-0.00161378148091001));
#3659=CARTESIAN_POINT('',(-1.29135512846212,0.131324918823984,0.000821506482587962));
#3660=CARTESIAN_POINT('',(-1.29,-0.993675081176014,4.41704238820602E-14));
#3661=CARTESIAN_POINT('',(-0.335179827523349,0.,-1.24569437793602));
#3662=CARTESIAN_POINT('Ctrl Pts',(-0.335179827523349,0.,-1.24569437793602));
#3663=CARTESIAN_POINT('Ctrl Pts',(-0.74941651735497,0.0238160483694908,
-1.13423543205746));
#3664=CARTESIAN_POINT('Ctrl Pts',(-1.2092099626128,0.0550410754281637,-0.697212814548074));
#3665=CARTESIAN_POINT('Ctrl Pts',(-1.28975673252289,0.0862661024868367,
-0.135317169983364));
#3666=CARTESIAN_POINT('Ctrl Pts',(-1.2887335062623,0.0936750811760189,-0.00161378148090996));
#3667=CARTESIAN_POINT('',(0.335981171347077,6.92441830661926E-17,-1.24786065123065));
#3668=CARTESIAN_POINT('Origin',(0.,0.,0.));
#3669=CARTESIAN_POINT('Ctrl Pts',(0.335982846568008,3.9979955110403E-17,
-1.24786517985651));
#3670=CARTESIAN_POINT('Ctrl Pts',(-0.0609744290246297,0.0229026099741114,
-1.3535314416744));
#3671=CARTESIAN_POINT('Ctrl Pts',(-0.926751393007497,0.0666775829154392,
-1.16442282567141));
#3672=CARTESIAN_POINT('Ctrl Pts',(-1.28845707424317,0.110452555856767,-0.373898056566245));
#3673=CARTESIAN_POINT('Ctrl Pts',(-1.29135512846212,0.131324918823984,0.000821506482588134));
#3674=CARTESIAN_POINT('Origin',(0.,20.,0.));
#3675=CARTESIAN_POINT('',(1.21648971878726,20.1448926501499,0.000771410019185029));
#3676=CARTESIAN_POINT('',(1.21611407651887,20.0801073498501,0.00128210534995553));
#3677=CARTESIAN_POINT('',(1.215,20.,-1.48794586096403E-16));
#3678=CARTESIAN_POINT('',(-0.530983509300136,20.,1.09283187766981));
#3679=CARTESIAN_POINT('Ctrl Pts',(1.21648971878726,20.1448926501499,0.000771410019185029));
#3680=CARTESIAN_POINT('Ctrl Pts',(1.216764808326,20.1425050074938,0.0411328424142082));
#3681=CARTESIAN_POINT('Ctrl Pts',(1.21493105574707,20.1401173648377,0.0814673878093213));
#3682=CARTESIAN_POINT('Ctrl Pts',(1.21090644364154,20.1377297221816,0.121580129660164));
#3683=CARTESIAN_POINT('Ctrl Pts',(1.1707379606429,20.1138993551986,0.521933740595526));
#3684=CARTESIAN_POINT('Ctrl Pts',(0.912327979102377,20.0900689882156,0.900192489995687));
#3685=CARTESIAN_POINT('Ctrl Pts',(0.553986172271255,20.0662386212326,1.08348860058474));
#3686=CARTESIAN_POINT('Ctrl Pts',(0.221971880990223,20.0441590808217,1.25331787278149));
#3687=CARTESIAN_POINT('Ctrl Pts',(-0.195829595367993,20.0220795404109,1.25578008318198));
#3688=CARTESIAN_POINT('Ctrl Pts',(-0.532269413280952,20.,1.09442286606142));
#3689=CARTESIAN_POINT('',(0.530983509300124,20.,1.09283187766981));
#3690=CARTESIAN_POINT('Origin',(0.,20.,0.));
#3691=CARTESIAN_POINT('Ctrl Pts',(0.53098350930011,20.,1.09283187766982));
#3692=CARTESIAN_POINT('Ctrl Pts',(0.89460658823419,20.023830366983,0.916155242900874));
#3693=CARTESIAN_POINT('Ctrl Pts',(1.15995323437383,20.047660733966,0.545226447495918));
#3694=CARTESIAN_POINT('Ctrl Pts',(1.20805456019482,20.071491100949,0.146367426924738));
#3695=CARTESIAN_POINT('Ctrl Pts',(1.21385182713075,20.074363183916,0.0982961487928886));
#3696=CARTESIAN_POINT('Ctrl Pts',(1.21649348691265,20.077235266883,0.0498191688571135));
#3697=CARTESIAN_POINT('Ctrl Pts',(1.21611407651887,20.0801073498501,0.00128210534995553));
#3698=CARTESIAN_POINT('Origin',(0.,20.,0.));
#3699=CARTESIAN_POINT('',(1.21336307905373,20.5948926501499,0.000660242040457643));
#3700=CARTESIAN_POINT('',(1.21323702303538,20.5301073498501,0.00055270244430155));
#3701=CARTESIAN_POINT('',(1.215,20.,-1.48794586096403E-16));
#3702=CARTESIAN_POINT('Ctrl Pts',(1.21336307905373,20.5948926501499,0.000660242040457643));
#3703=CARTESIAN_POINT('Ctrl Pts',(1.21415008839543,20.5854872093918,0.160718608146473));
#3704=CARTESIAN_POINT('Ctrl Pts',(1.18473663221981,20.5760817686337,0.320499011848087));
#3705=CARTESIAN_POINT('Ctrl Pts',(1.12376793619943,20.5666763278756,0.467161006081618));
#3706=CARTESIAN_POINT('Ctrl Pts',(0.969292836307068,20.5428459608926,0.838755409249883));
#3707=CARTESIAN_POINT('Ctrl Pts',(0.612247963227649,20.5190155939096,1.1261358041077));
#3708=CARTESIAN_POINT('Ctrl Pts',(0.216224967793681,20.4951852269266,1.19763686694745));
#3709=CARTESIAN_POINT('Ctrl Pts',(-0.179798027640289,20.4713548599436,1.2691379297872));
#3710=CARTESIAN_POINT('Ctrl Pts',(-0.614799145428809,20.4475244929606,1.12475966060888));
#3711=CARTESIAN_POINT('Ctrl Pts',(-0.889462927626896,20.4236941259776,0.8306375536716));
#3712=CARTESIAN_POINT('Ctrl Pts',(-1.16412670982498,20.3998637589946,0.536515446734324));
#3713=CARTESIAN_POINT('Ctrl Pts',(-1.27845315643264,20.3760333920116,0.0926495020380966));
#3714=CARTESIAN_POINT('Ctrl Pts',(-1.18006596714031,20.3522030250286,-0.297554209482685));
#3715=CARTESIAN_POINT('Ctrl Pts',(-1.08167877784798,20.3283726580456,-0.68775792100347));
#3716=CARTESIAN_POINT('Ctrl Pts',(-0.770577952655673,20.3045422910626,-1.02429939934881));
#3717=CARTESIAN_POINT('Ctrl Pts',(-0.389293202890004,20.2807119240796,-1.15304172994184));
#3718=CARTESIAN_POINT('Ctrl Pts',(-0.00800845312433608,20.2568815570966,
-1.28178406053487));
#3719=CARTESIAN_POINT('Ctrl Pts',(0.443460221214692,20.2330511901136,-1.20272724337559));
#3720=CARTESIAN_POINT('Ctrl Pts',(0.758231066155822,20.2092208231306,-0.951974598560674));
#3721=CARTESIAN_POINT('Ctrl Pts',(1.04146398737048,20.1877780988037,-0.7263456839561));
#3722=CARTESIAN_POINT('Ctrl Pts',(1.21401921964063,20.1663353744768,-0.361702876519112));
#3723=CARTESIAN_POINT('Ctrl Pts',(1.21648971878726,20.1448926501499,0.000771410019185029));
#3724=CARTESIAN_POINT('Ctrl Pts',(1.21611407651887,20.0801073498501,0.00128210534995553));
#3725=CARTESIAN_POINT('Ctrl Pts',(1.21334542711608,20.101065633866,-0.352904585621973));
#3726=CARTESIAN_POINT('Ctrl Pts',(1.04970558063006,20.122023917882,-0.710290711062913));
#3727=CARTESIAN_POINT('Ctrl Pts',(0.777472407647109,20.142982201898,-0.936577244360226));
#3728=CARTESIAN_POINT('Ctrl Pts',(0.46793292377605,20.166812568881,-1.19387364933659));
#3729=CARTESIAN_POINT('Ctrl Pts',(0.0179979505315848,20.190642935864,-1.2816772135519));
#3730=CARTESIAN_POINT('Ctrl Pts',(-0.365859981690911,20.214473302847,-1.16060112670185));
#3731=CARTESIAN_POINT('Ctrl Pts',(-0.749717913913407,20.23830366983,-1.0395250398518));
#3732=CARTESIAN_POINT('Ctrl Pts',(-1.06749880511393,20.262134036813,-0.709569301936385));
#3733=CARTESIAN_POINT('Ctrl Pts',(-1.17376296457361,20.285964403796,-0.321491373980789));
#3734=CARTESIAN_POINT('Ctrl Pts',(-1.2800271240333,20.309794770779,0.066586553974805));
#3735=CARTESIAN_POINT('Ctrl Pts',(-1.17477455175213,20.333625137762,0.512786671970584));
#3736=CARTESIAN_POINT('Ctrl Pts',(-0.906145829756803,20.357455504745,0.812446782868127));
#3737=CARTESIAN_POINT('Ctrl Pts',(-0.637517107761473,20.381285871728,1.11210689376567));
#3738=CARTESIAN_POINT('Ctrl Pts',(-0.205512236051976,20.405116238711,1.26522699756498));
#3739=CARTESIAN_POINT('Ctrl Pts',(0.19188553658568,20.428946605694,1.20176308114387));
#3740=CARTESIAN_POINT('Ctrl Pts',(0.589283309223337,20.452776972677,1.13829916472276));
#3741=CARTESIAN_POINT('Ctrl Pts',(0.952073982789153,20.47660733966,0.858251228081231));
#3742=CARTESIAN_POINT('Ctrl Pts',(1.11405437948762,20.500437706643,0.489874598273591));
#3743=CARTESIAN_POINT('Ctrl Pts',(1.18127813898747,20.510327587712,0.336993987580609));
#3744=CARTESIAN_POINT('Ctrl Pts',(1.21391539876713,20.520217468781,0.168900110071145));
#3745=CARTESIAN_POINT('Ctrl Pts',(1.21323702303538,20.5301073498501,0.00055270244430155));
#3746=CARTESIAN_POINT('Origin',(0.,20.,0.));
#3747=CARTESIAN_POINT('',(1.21409779114646,21.0448926501499,-0.00101358170875629));
#3748=CARTESIAN_POINT('',(1.21431981320473,20.9801073498501,-0.00106341114073577));
#3749=CARTESIAN_POINT('',(1.215,20.,-1.48794586096403E-16));
#3750=CARTESIAN_POINT('Ctrl Pts',(1.21409779114646,21.0448926501499,-0.00101358170875629));
#3751=CARTESIAN_POINT('Ctrl Pts',(1.21189937716083,21.0284694112898,0.278045613617799));
#3752=CARTESIAN_POINT('Ctrl Pts',(1.11630075975915,21.0120461724297,0.55846528463609));
#3753=CARTESIAN_POINT('Ctrl Pts',(0.940205380368741,20.9956229335696,0.772727007874294));
#3754=CARTESIAN_POINT('Ctrl Pts',(0.684688332201103,20.9717925665866,1.08362399589668));
#3755=CARTESIAN_POINT('Ctrl Pts',(0.25968980189081,20.9479621996036,1.25522908237829));
#3756=CARTESIAN_POINT('Ctrl Pts',(-0.140061295688859,20.9241318326206,1.2089151603349));
#3757=CARTESIAN_POINT('Ctrl Pts',(-0.539812393268525,20.9003014656376,1.16260123829151));
#3758=CARTESIAN_POINT('Ctrl Pts',(-0.914316058117569,20.8764710986546,0.898368307723126));
#3759=CARTESIAN_POINT('Ctrl Pts',(-1.09197938027111,20.8526407316716,0.537284222517639));
#3760=CARTESIAN_POINT('Ctrl Pts',(-1.26964270242464,20.8288103646886,0.176200137312149));
#3761=CARTESIAN_POINT('Ctrl Pts',(-1.25046568188267,20.8049799977056,-0.281735102530443));
#3762=CARTESIAN_POINT('Ctrl Pts',(-1.04323511803401,20.7811496307226,-0.626700723930447));
#3763=CARTESIAN_POINT('Ctrl Pts',(-0.836004554185355,20.7573192637396,-0.971666345330449));
#3764=CARTESIAN_POINT('Ctrl Pts',(-0.440720447030016,20.7334888967566,-1.20366234828786));
#3765=CARTESIAN_POINT('Ctrl Pts',(-0.0384967218894951,20.7096585297736,
-1.2163923278997));
#3766=CARTESIAN_POINT('Ctrl Pts',(0.363727003251024,20.6858281627906,-1.22912230751155));
#3767=CARTESIAN_POINT('Ctrl Pts',(0.772890346376725,20.6619977958076,-1.02258626377781));
#3768=CARTESIAN_POINT('Ctrl Pts',(1.00151935458692,20.6381674288246,-0.691414036171592));
#3769=CARTESIAN_POINT('Ctrl Pts',(1.13991237969874,20.6237425025997,-0.490949857237175));
#3770=CARTESIAN_POINT('Ctrl Pts',(1.21215605941646,20.6093175763748,-0.244817900040835));
#3771=CARTESIAN_POINT('Ctrl Pts',(1.21336307905373,20.5948926501499,0.000660242040457643));
#3772=CARTESIAN_POINT('Ctrl Pts',(1.21323702303538,20.5301073498501,0.00055270244430155));
#3773=CARTESIAN_POINT('Ctrl Pts',(1.21228080452609,20.5440478357641,-0.23674485940749));
#3774=CARTESIAN_POINT('Ctrl Pts',(1.14513010402887,20.557988321678,-0.474546157553987));
#3775=CARTESIAN_POINT('Ctrl Pts',(1.01534418124664,20.571928807592,-0.670954042298473));
#3776=CARTESIAN_POINT('Ctrl Pts',(0.793483466476056,20.595759174575,-1.00670073008914));
#3777=CARTESIAN_POINT('Ctrl Pts',(0.388591917103772,20.619589541558,-1.22148878269673));
#3778=CARTESIAN_POINT('Ctrl Pts',(-0.0138080838388979,20.643419908541,-1.21692100879483));
#3779=CARTESIAN_POINT('Ctrl Pts',(-0.416208084781566,20.667250275524,-1.21235323489292));
#3780=CARTESIAN_POINT('Ctrl Pts',(-0.81611653729462,20.691080642507,-0.988429634481529));
#3781=CARTESIAN_POINT('Ctrl Pts',(-1.03030366964963,20.71491100949,-0.647740860646391));
#3782=CARTESIAN_POINT('Ctrl Pts',(-1.24449080200463,20.7387413764731,-0.307052086811252));
#3783=CARTESIAN_POINT('Ctrl Pts',(-1.27295661420159,20.762571743456,0.150401860447631));
#3784=CARTESIAN_POINT('Ctrl Pts',(-1.10265675559636,20.786402110439,0.515017049250951));
#3785=CARTESIAN_POINT('Ctrl Pts',(-0.932356896991137,20.8102324774221,0.879632238054271));
#3786=CARTESIAN_POINT('Ctrl Pts',(-0.563291367583726,20.8340628444051,1.15140866840203));
#3787=CARTESIAN_POINT('Ctrl Pts',(-0.164562195546391,20.8578932113881,1.20582406426084));
#3788=CARTESIAN_POINT('Ctrl Pts',(0.234166976490944,20.8817235783711,1.26023946011966));
#3789=CARTESIAN_POINT('Ctrl Pts',(0.662559791158202,20.9055539453541,1.09729382148953));
#3790=CARTESIAN_POINT('Ctrl Pts',(0.924332533012861,20.9293843123371,0.791645610637309));
#3791=CARTESIAN_POINT('Ctrl Pts',(1.11006066460848,20.9462919915081,0.574787771563121));
#3792=CARTESIAN_POINT('Ctrl Pts',(1.21191354078179,20.9631996706791,0.286094561800972));
#3793=CARTESIAN_POINT('Ctrl Pts',(1.21431981320473,20.9801073498501,-0.00106341114073577));
#3794=CARTESIAN_POINT('Origin',(0.,20.,0.));
#3795=CARTESIAN_POINT('',(1.21698630627897,21.4948926501499,-0.000122890230954964));
#3796=CARTESIAN_POINT('',(1.21700119467338,21.4301073498501,3.00962827350361E-5));
#3797=CARTESIAN_POINT('',(1.215,20.,-1.48794586096403E-16));
#3798=CARTESIAN_POINT('Ctrl Pts',(1.21698630627897,21.4948926501499,-0.000122890230954964));
#3799=CARTESIAN_POINT('Ctrl Pts',(1.21641711694906,21.4714516131879,0.395741022342895));
#3800=CARTESIAN_POINT('Ctrl Pts',(1.00515015452454,21.4480105762258,0.792126166684264));
#3801=CARTESIAN_POINT('Ctrl Pts',(0.675979995645974,21.4245695392637,1.01200009984688));
#3802=CARTESIAN_POINT('Ctrl Pts',(0.341342679958277,21.4007391722807,1.2355258988862));
#3803=CARTESIAN_POINT('Ctrl Pts',(-0.115146843097247,21.3769088052977,1.27662847824901));
#3804=CARTESIAN_POINT('Ctrl Pts',(-0.484330849362072,21.3530784383147,1.11647515943853));
#3805=CARTESIAN_POINT('Ctrl Pts',(-0.8535148556269,21.3292480713317,0.956321840628048));
#3806=CARTESIAN_POINT('Ctrl Pts',(-1.13539334510103,21.3054177043487,0.594912623644276));
#3807=CARTESIAN_POINT('Ctrl Pts',(-1.20081315832813,21.2815873373657,0.197840633299821));
#3808=CARTESIAN_POINT('Ctrl Pts',(-1.26623297155522,21.2577569703827,-0.199231357044635));
#3809=CARTESIAN_POINT('Ctrl Pts',(-1.11519410853529,21.2339266033997,-0.631966120749773));
#3810=CARTESIAN_POINT('Ctrl Pts',(-0.816900668253116,21.2100962364167,-0.902090050550652));
#3811=CARTESIAN_POINT('Ctrl Pts',(-0.518607227970945,21.1862658694337,-1.17221398035153));
#3812=CARTESIAN_POINT('Ctrl Pts',(-0.0730592104265358,21.1624355024507,
-1.27972707624815));
#3813=CARTESIAN_POINT('Ctrl Pts',(0.315598923923747,21.1386051354676,-1.1753682220514));
#3814=CARTESIAN_POINT('Ctrl Pts',(0.704257058274032,21.1147747684846,-1.07100936785465));
#3815=CARTESIAN_POINT('Ctrl Pts',(1.03602530943019,21.0909444015017,-0.754778563564537));
#3816=CARTESIAN_POINT('Ctrl Pts',(1.15889165199578,21.0671140345187,-0.371568716637895));
#3817=CARTESIAN_POINT('Ctrl Pts',(1.19708186291552,21.0597069063957,-0.252456642695915));
#3818=CARTESIAN_POINT('Ctrl Pts',(1.21508930897053,21.0522997782728,-0.126873482503364));
#3819=CARTESIAN_POINT('Ctrl Pts',(1.21409779114646,21.0448926501499,-0.00101358170875629));
#3820=CARTESIAN_POINT('Ctrl Pts',(1.21431981320473,20.9801073498501,-0.00106341114073572));
#3821=CARTESIAN_POINT('Ctrl Pts',(1.21530503847463,20.9870300376621,-0.118637501546566));
#3822=CARTESIAN_POINT('Ctrl Pts',(1.19961888749154,20.9939527254741,-0.235954222573195));
#3823=CARTESIAN_POINT('Ctrl Pts',(1.16619255528279,21.0008754132861,-0.347977474038383));
#3824=CARTESIAN_POINT('Ctrl Pts',(1.051127166656,21.0247057802691,-0.733601564787528));
#3825=CARTESIAN_POINT('Ctrl Pts',(0.725843720360359,21.0485361472521,-1.05649896321149));
#3826=CARTESIAN_POINT('Ctrl Pts',(0.339383099146082,21.0723665142351,-1.1687224818487));
#3827=CARTESIAN_POINT('Ctrl Pts',(-0.0470775220681918,21.0961968812181,
-1.2809460004859));
#3828=CARTESIAN_POINT('Ctrl Pts',(-0.494715318201101,21.1200272482011,-1.18249563933636));
#3829=CARTESIAN_POINT('Ctrl Pts',(-0.798428377393037,21.1438576151841,-0.918479944248266));
#3830=CARTESIAN_POINT('Ctrl Pts',(-1.10214143658497,21.1676879821671,-0.654464249160171));
#3831=CARTESIAN_POINT('Ctrl Pts',(-1.26192975883594,21.1915183491501,-0.224883220133529));
#3832=CARTESIAN_POINT('Ctrl Pts',(-1.20458032309399,21.2153487161331,0.173434464144264));
#3833=CARTESIAN_POINT('Ctrl Pts',(-1.14723088735204,21.2391790831161,0.571752148422055));
#3834=CARTESIAN_POINT('Ctrl Pts',(-0.872743693617182,21.2630094500991,0.938806487950995));
#3835=CARTESIAN_POINT('Ctrl Pts',(-0.506885319012334,21.2868398170821,1.10641787201149));
#3836=CARTESIAN_POINT('Ctrl Pts',(-0.141026944407486,21.3106701840651,1.27402925607199));
#3837=CARTESIAN_POINT('Ctrl Pts',(0.316202611067354,21.3345005510481,1.24219768466404));
#3838=CARTESIAN_POINT('Ctrl Pts',(0.655306558014903,21.3583309180311,1.02550795804601));
#3839=CARTESIAN_POINT('Ctrl Pts',(0.994410504962451,21.3821612850141,0.808818231427973));
#3840=CARTESIAN_POINT('Ctrl Pts',(1.21538884338271,21.4059916519971,0.407270349599857));
#3841=CARTESIAN_POINT('Ctrl Pts',(1.21699208933601,21.4298220189801,0.0048484844313938));
#3842=CARTESIAN_POINT('Ctrl Pts',(1.21699848811231,21.4299171292701,0.00324236311905153));
#3843=CARTESIAN_POINT('Ctrl Pts',(1.21700139242222,21.4300122395601,0.00163622788486709));
#3844=CARTESIAN_POINT('Ctrl Pts',(1.21700080860934,21.4301073498501,3.00904766570996E-5));
#3845=CARTESIAN_POINT('Origin',(0.,20.,0.));
#3846=CARTESIAN_POINT('',(1.21446058766593,21.9448926501499,0.00108577633768786));
#3847=CARTESIAN_POINT('',(1.21423108175031,21.8801073498501,0.00104576720253121));
#3848=CARTESIAN_POINT('',(1.215,20.,-1.48794586096403E-16));
#3849=CARTESIAN_POINT('Ctrl Pts',(1.21446058766593,21.9448926501499,0.00108577633768786));
#3850=CARTESIAN_POINT('Ctrl Pts',(1.21543226573214,21.9382641820689,0.113629738610529));
#3851=CARTESIAN_POINT('Ctrl Pts',(1.20107374094712,21.9316357139878,0.225930425885884));
#3852=CARTESIAN_POINT('Ctrl Pts',(1.17039236888972,21.9250072459067,0.333578864056864));
#3853=CARTESIAN_POINT('Ctrl Pts',(1.06008809545475,21.9011768789237,0.720591633128694));
#3854=CARTESIAN_POINT('Ctrl Pts',(0.738808800735384,21.8773465119407,1.04747344971184));
#3855=CARTESIAN_POINT('Ctrl Pts',(0.353760593388149,21.8535161449577,1.16445120047588));
#3856=CARTESIAN_POINT('Ctrl Pts',(-0.0312876139590935,21.8296857779747,
1.28142895123992));
#3857=CARTESIAN_POINT('Ctrl Pts',(-0.480104733934209,21.8058554109917,1.18850263618485));
#3858=CARTESIAN_POINT('Ctrl Pts',(-0.787048439726253,21.7820250440087,0.928249917416318));
#3859=CARTESIAN_POINT('Ctrl Pts',(-1.0939921455183,21.7581946770257,0.667997198647786));
#3860=CARTESIAN_POINT('Ctrl Pts',(-1.25906243712727,21.7343643100427,0.240418076165788));
#3861=CARTESIAN_POINT('Ctrl Pts',(-1.20662619505456,21.7105339430597,-0.158576105125025));
#3862=CARTESIAN_POINT('Ctrl Pts',(-1.15418995298185,21.6867035760767,-0.55757028641583));
#3863=CARTESIAN_POINT('Ctrl Pts',(-0.884247177227475,21.6628732090937,-0.927979526515453));
#3864=CARTESIAN_POINT('Ctrl Pts',(-0.520482232910543,21.6390428421107,-1.10008699704635));
#3865=CARTESIAN_POINT('Ctrl Pts',(-0.156717288593605,21.6152124751277,-1.27219446757726));
#3866=CARTESIAN_POINT('Ctrl Pts',(0.300869824285889,21.5913821081447,-1.24600016853944));
#3867=CARTESIAN_POINT('Ctrl Pts',(0.642618479193642,21.5675517411617,-1.03350599687428));
#3868=CARTESIAN_POINT('Ctrl Pts',(0.984367134101394,21.5437213741787,-0.821011825209116));
#3869=CARTESIAN_POINT('Ctrl Pts',(1.21027733103741,21.5198910071957,-0.422217780916623));
#3870=CARTESIAN_POINT('Ctrl Pts',(1.21683987534548,21.4960606402127,-0.019846249412457));
#3871=CARTESIAN_POINT('Ctrl Pts',(1.21694709129874,21.4956713101918,-0.0132724808721981));
#3872=CARTESIAN_POINT('Ctrl Pts',(1.21699575989205,21.4952819801709,-0.00669775744398425));
#3873=CARTESIAN_POINT('Ctrl Pts',(1.21698630627897,21.4948926501499,-0.000122890230954964));
#3874=CARTESIAN_POINT('Ctrl Pts',(1.21700080860934,21.4301073498501,3.00904766569949E-5));
#3875=CARTESIAN_POINT('Ctrl Pts',(1.21685511513433,21.4538426065431,-0.400789670185128));
#3876=CARTESIAN_POINT('Ctrl Pts',(0.999477011897732,21.4775778632361,-0.801744824248256));
#3877=CARTESIAN_POINT('Ctrl Pts',(0.663456857469864,21.5013131199291,-1.02025401125427));
#3878=CARTESIAN_POINT('Ctrl Pts',(0.32609022616409,21.5251434869121,-1.23963879326265));
#3879=CARTESIAN_POINT('Ctrl Pts',(-0.130871189933793,21.5489738538951,-1.2751125087706));
#3880=CARTESIAN_POINT('Ctrl Pts',(-0.498053451800259,21.5728042208781,-1.11042154682928));
#3881=CARTESIAN_POINT('Ctrl Pts',(-0.865235713666724,21.5966345878611,-0.945730584887951));
#3882=CARTESIAN_POINT('Ctrl Pts',(-1.14263882130177,21.6204649548441,-0.580874945497343));
#3883=CARTESIAN_POINT('Ctrl Pts',(-1.2031601792885,21.6442953218271,-0.183026868881419));
#3884=CARTESIAN_POINT('Ctrl Pts',(-1.26368153727522,21.6681256888101,0.214821207734507));
#3885=CARTESIAN_POINT('Ctrl Pts',(-1.10732114561363,21.6919560557931,0.645661721575746));
#3886=CARTESIAN_POINT('Ctrl Pts',(-0.805721358140658,21.7157864227761,0.912089000221322));
#3887=CARTESIAN_POINT('Ctrl Pts',(-0.504121570667691,21.7396167897591,1.1785162788669));
#3888=CARTESIAN_POINT('Ctrl Pts',(-0.0572823873833543,21.7634471567421,
1.28053032231681));
#3889=CARTESIAN_POINT('Ctrl Pts',(0.330060130635336,21.7872775237251,1.17138958588604));
#3890=CARTESIAN_POINT('Ctrl Pts',(0.717402648654027,21.8111078907081,1.06224884945528));
#3891=CARTESIAN_POINT('Ctrl Pts',(1.04524850140707,21.8349382576911,0.741953333143848));
#3892=CARTESIAN_POINT('Ctrl Pts',(1.16338286632919,21.8587686246741,0.357258391016713));
#3893=CARTESIAN_POINT('Ctrl Pts',(1.19864371297224,21.8658815330661,0.242434314486191));
#3894=CARTESIAN_POINT('Ctrl Pts',(1.21522119061305,21.8729944414581,0.121872840121663));
#3895=CARTESIAN_POINT('Ctrl Pts',(1.21423108175031,21.8801073498501,0.00104576720253121));
#3896=CARTESIAN_POINT('Origin',(0.,20.,0.));
#3897=CARTESIAN_POINT('',(1.21317757023181,22.3948926501499,-0.000470488388044366));
#3898=CARTESIAN_POINT('',(1.21328577368018,22.33010734985,-0.00059025992703139));
#3899=CARTESIAN_POINT('',(1.215,20.,-1.48794586096403E-16));
#3900=CARTESIAN_POINT('Ctrl Pts',(1.21317757023181,22.3948926501499,-0.000470488388044366));
#3901=CARTESIAN_POINT('Ctrl Pts',(1.21236943569633,22.3812463839669,0.231845139409315));
#3902=CARTESIAN_POINT('Ctrl Pts',(1.14820258869842,22.3676001177838,0.464574072932972));
#3903=CARTESIAN_POINT('Ctrl Pts',(1.02353397760096,22.3539538516007,0.658385413263385));
#3904=CARTESIAN_POINT('Ctrl Pts',(0.805826165525569,22.3301234846177,0.996836627946037));
#3905=CARTESIAN_POINT('Ctrl Pts',(0.4036160374349,22.3062931176348,1.21660723579416));
#3906=CARTESIAN_POINT('Ctrl Pts',(0.00119118605208076,22.2824627506517,
1.21700112439472));
#3907=CARTESIAN_POINT('Ctrl Pts',(-0.401233665330739,22.2586323836687,1.21739501299529));
#3908=CARTESIAN_POINT('Ctrl Pts',(-0.803873240005713,22.2348020166857,0.998412182348295));
#3909=CARTESIAN_POINT('Ctrl Pts',(-1.02224317825772,22.2109716497027,0.660387795319258));
#3910=CARTESIAN_POINT('Ctrl Pts',(-1.24061311650972,22.1871412827197,0.322363408290223));
#3911=CARTESIAN_POINT('Ctrl Pts',(-1.27471341833875,22.1633109157367,-0.134702535120853));
#3912=CARTESIAN_POINT('Ctrl Pts',(-1.10891975681589,22.1394805487537,-0.501388201541192));
#3913=CARTESIAN_POINT('Ctrl Pts',(-0.943126095293038,22.1156501817707,-0.868073867961532));
#3914=CARTESIAN_POINT('Ctrl Pts',(-0.577438470418288,22.0918198147877,-1.14437925739113));
#3915=CARTESIAN_POINT('Ctrl Pts',(-0.179410325952686,22.0679894478047,-1.20370473565848));
#3916=CARTESIAN_POINT('Ctrl Pts',(0.218617818512917,22.0441590808217,-1.26303021392582));
#3917=CARTESIAN_POINT('Ctrl Pts',(0.648986482569372,22.0203287138387,-1.10537578103092));
#3918=CARTESIAN_POINT('Ctrl Pts',(0.914506188522315,21.9964983468557,-0.802976703803202));
#3919=CARTESIAN_POINT('Ctrl Pts',(1.10617101439468,21.9792964479538,-0.584690583483809));
#3920=CARTESIAN_POINT('Ctrl Pts',(1.21193893294034,21.9620945490519,-0.290983196064357));
#3921=CARTESIAN_POINT('Ctrl Pts',(1.21446058766593,21.9448926501499,0.00108577633768786));
#3922=CARTESIAN_POINT('Ctrl Pts',(1.21423108175031,21.8801073498501,0.00104576720253121));
#3923=CARTESIAN_POINT('Ctrl Pts',(1.21190403028256,21.8968248084411,-0.282933932364425));
#3924=CARTESIAN_POINT('Ctrl Pts',(1.11253532659772,21.9135422670321,-0.568380772711359));
#3925=CARTESIAN_POINT('Ctrl Pts',(0.930610976914577,21.9302597256231,-0.784255354598774));
#3926=CARTESIAN_POINT('Ctrl Pts',(0.671281845486644,21.9540900926061,-1.09197979014429));
#3927=CARTESIAN_POINT('Ctrl Pts',(0.244200705539578,21.9779204595891,-1.2583342932925));
#3928=CARTESIAN_POINT('Ctrl Pts',(-0.154949267214853,22.0017508265721,-1.20709733502533));
#3929=CARTESIAN_POINT('Ctrl Pts',(-0.554099239969287,22.0255811935552,-1.15586037675816));
#3930=CARTESIAN_POINT('Ctrl Pts',(-0.925318045531087,22.0494115605382,-0.887031957075607));
#3931=CARTESIAN_POINT('Ctrl Pts',(-1.09851792310605,22.0732419275211,-0.523785857223367));
#3932=CARTESIAN_POINT('Ctrl Pts',(-1.27171780068102,22.0970722945041,-0.160539757371127));
#3933=CARTESIAN_POINT('Ctrl Pts',(-1.24689875026916,22.1209026614871,0.297124022650799));
#3934=CARTESIAN_POINT('Ctrl Pts',(-1.0354325468143,22.1447330284701,0.639509728311966));
#3935=CARTESIAN_POINT('Ctrl Pts',(-0.823966343359438,22.1685633954531,0.981895433973133));
#3936=CARTESIAN_POINT('Ctrl Pts',(-0.425852986861585,22.1923937624362,1.20900306527354));
#3937=CARTESIAN_POINT('Ctrl Pts',(-0.0235029811206537,22.2162241294192,
1.21677477845952));
#3938=CARTESIAN_POINT('Ctrl Pts',(0.378847024620275,22.2400544964022,1.22454649164551));
#3939=CARTESIAN_POINT('Ctrl Pts',(0.785433679604283,22.2638848633852,1.01298228671707));
#3940=CARTESIAN_POINT('Ctrl Pts',(1.00996412184722,22.2877152303681,0.679018206084646));
#3941=CARTESIAN_POINT('Ctrl Pts',(1.14310406805779,22.3018459368621,0.480987332019218));
#3942=CARTESIAN_POINT('Ctrl Pts',(1.21223048162412,22.3159766433561,0.239918934976345));
#3943=CARTESIAN_POINT('Ctrl Pts',(1.21328577368018,22.33010734985,-0.00059025992703139));
#3944=CARTESIAN_POINT('Origin',(0.,20.,0.));
#3945=CARTESIAN_POINT('',(1.21618601885541,22.84489265015,-0.000861352134331611));
#3946=CARTESIAN_POINT('',(1.21639161981548,22.78010734985,-0.000760494283032758));
#3947=CARTESIAN_POINT('',(1.215,20.,-1.48794586096403E-16));
#3948=CARTESIAN_POINT('Ctrl Pts',(1.21618601885541,22.84489265015,-0.000861352134331611));
#3949=CARTESIAN_POINT('Ctrl Pts',(1.21337750806201,22.8242285858649,0.348712992229102));
#3950=CARTESIAN_POINT('Ctrl Pts',(1.05458235452812,22.8035645215798,0.700513479780047));
#3951=CARTESIAN_POINT('Ctrl Pts',(0.78886404965795,22.7829004572948,0.926707433259816));
#3952=CARTESIAN_POINT('Ctrl Pts',(0.482430395958157,22.7590700903118,1.18756051842259));
#3953=CARTESIAN_POINT('Ctrl Pts',(0.0337960460741606,22.7352397233288,1.28136524813585));
#3954=CARTESIAN_POINT('Ctrl Pts',(-0.351480416112905,22.7114093563458,1.16514148187714));
#3955=CARTESIAN_POINT('Ctrl Pts',(-0.736756878299974,22.6875789893628,1.04891771561842));
#3956=CARTESIAN_POINT('Ctrl Pts',(-1.05867545279012,22.6637486223798,0.722665453387733));
#3957=CARTESIAN_POINT('Ctrl Pts',(-1.16973712102997,22.6399182553968,0.33586935463993));
#3958=CARTESIAN_POINT('Ctrl Pts',(-1.28079878926983,22.6160878884138,-0.0509267441078731));
#3959=CARTESIAN_POINT('Ctrl Pts',(-1.18100355125939,22.5922575214307,-0.498266679372788));
#3960=CARTESIAN_POINT('Ctrl Pts',(-0.916076322642774,22.5684271544477,-0.801184951677835));
#3961=CARTESIAN_POINT('Ctrl Pts',(-0.651149094026162,22.5445967874647,-1.10410322398288));
#3962=CARTESIAN_POINT('Ctrl Pts',(-0.221089874803376,22.5207664204818,-1.26259983332806));
#3963=CARTESIAN_POINT('Ctrl Pts',(0.177053641037546,22.4969360534988,-1.20405363829738));
#3964=CARTESIAN_POINT('Ctrl Pts',(0.575197156878472,22.4731056865158,-1.1455074432667));
#3965=CARTESIAN_POINT('Ctrl Pts',(0.941424969337535,22.4492753195327,-0.869918443860162));
#3966=CARTESIAN_POINT('Ctrl Pts',(1.10793612753701,22.4254449525497,-0.503558033398301));
#3967=CARTESIAN_POINT('Ctrl Pts',(1.17909602283476,22.4152608517498,-0.346990937645599));
#3968=CARTESIAN_POINT('Ctrl Pts',(1.21378067466044,22.4050767509499,-0.173845808724746));
#3969=CARTESIAN_POINT('Ctrl Pts',(1.21317757023181,22.3948926501499,-0.000470488388044366));
#3970=CARTESIAN_POINT('Ctrl Pts',(1.21328577368018,22.33010734985,-0.00059025992703139));
#3971=CARTESIAN_POINT('Ctrl Pts',(1.21401015180415,22.3398070103391,-0.1656816186677));
#3972=CARTESIAN_POINT('Ctrl Pts',(1.1826608921195,22.3495066708281,-0.330509493474417));
#3973=CARTESIAN_POINT('Ctrl Pts',(1.11792565569607,22.3592063313172,-0.480973471149167));
#3974=CARTESIAN_POINT('Ctrl Pts',(0.95888251780012,22.3830366983002,-0.850637111414127));
#3975=CARTESIAN_POINT('Ctrl Pts',(0.59832201250635,22.4068670652832,-1.13360043560762));
#3976=CARTESIAN_POINT('Ctrl Pts',(0.201448402240479,22.4306974322662,-1.20021322807603));
#3977=CARTESIAN_POINT('Ctrl Pts',(-0.195425208025392,22.4545277992492,-1.26682602054445));
#3978=CARTESIAN_POINT('Ctrl Pts',(-0.628611923263368,22.4783581662322,-1.11708828128778));
#3979=CARTESIAN_POINT('Ctrl Pts',(-0.899631070373913,22.5021885332152,-0.819607948247964));
#3980=CARTESIAN_POINT('Ctrl Pts',(-1.17065021748446,22.5260189001982,-0.522127615208144));
#3981=CARTESIAN_POINT('Ctrl Pts',(-1.27950179646758,22.5498492671812,-0.0769046883851724));
#3982=CARTESIAN_POINT('Ctrl Pts',(-1.17631139080853,22.5736796341642,0.312065319232159));
#3983=CARTESIAN_POINT('Ctrl Pts',(-1.07312098514948,22.5975100011472,0.701035326849488));
#3984=CARTESIAN_POINT('Ctrl Pts',(-0.757888594848265,22.6213403681302,1.03375241526117));
#3985=CARTESIAN_POINT('Ctrl Pts',(-0.375049713443221,22.6451707351132,1.15776982343628));
#3986=CARTESIAN_POINT('Ctrl Pts',(0.00778916796181681,22.6690011020962,
1.28178723161138));
#3987=CARTESIAN_POINT('Ctrl Pts',(0.458234540470684,22.6928314690792,1.19710495954991));
#3988=CARTESIAN_POINT('Ctrl Pts',(0.769898032544995,22.7166618360622,0.942523353077668));
#3989=CARTESIAN_POINT('Ctrl Pts',(1.04648700825092,22.7378103406582,0.716592284606747));
#3990=CARTESIAN_POINT('Ctrl Pts',(1.21377334821024,22.7589588452541,0.356850916084078));
#3991=CARTESIAN_POINT('Ctrl Pts',(1.21639161981548,22.78010734985,-0.000760494283032758));
#3992=CARTESIAN_POINT('Origin',(0.,20.,0.));
#3993=CARTESIAN_POINT('',(1.21586663056342,23.2948926501499,0.000976964065267268));
#3994=CARTESIAN_POINT('',(1.21562662662423,23.2301073498501,0.00103822008436869));
#3995=CARTESIAN_POINT('',(1.215,20.,-1.48794586096403E-16));
#3996=CARTESIAN_POINT('Ctrl Pts',(1.21586663056342,23.2948926501499,0.000976964065267268));
#3997=CARTESIAN_POINT('Ctrl Pts',(1.2164372943638,23.2910411547459,0.0661773297636574));
#3998=CARTESIAN_POINT('Ctrl Pts',(1.21164573336892,23.2871896593419,0.131293697169257));
#3999=CARTESIAN_POINT('Ctrl Pts',(1.20119814480463,23.2833381639378,0.19548957163911));
#4000=CARTESIAN_POINT('Ctrl Pts',(1.1365557543936,23.2595077969548,0.592688863582968));
#4001=CARTESIAN_POINT('Ctrl Pts',(0.855385291090383,23.2356774299718,0.954649189831902));
#4002=CARTESIAN_POINT('Ctrl Pts',(0.4865155043671,23.2118470629888,1.11552490770586));
#4003=CARTESIAN_POINT('Ctrl Pts',(0.117645717643818,23.1880166960058,1.27640062557981));
#4004=CARTESIAN_POINT('Ctrl Pts',(-0.338923392499532,23.1641863290228,1.23619173507878));
#4005=CARTESIAN_POINT('Ctrl Pts',(-0.673997635405895,23.1403559620398,1.01332144118686));
#4006=CARTESIAN_POINT('Ctrl Pts',(-1.00907187831226,23.1165255950568,0.790451147294935));
#4007=CARTESIAN_POINT('Ctrl Pts',(-1.22265125398163,23.0926952280738,0.384919450012115));
#4008=CARTESIAN_POINT('Ctrl Pts',(-1.21687639426676,23.0688648610908,-0.0174641569527031));
#4009=CARTESIAN_POINT('Ctrl Pts',(-1.21110153455189,23.0450344941078,-0.419847763917521));
#4010=CARTESIAN_POINT('Ctrl Pts',(-0.985972439452769,23.0212041271248,-0.819083280564338));
#4011=CARTESIAN_POINT('Ctrl Pts',(-0.644640412455139,22.9973737601418,-1.03224604350485));
#4012=CARTESIAN_POINT('Ctrl Pts',(-0.303308385457504,22.9735433931588,-1.24540880644536));
#4013=CARTESIAN_POINT('Ctrl Pts',(0.154226573438646,22.9497130261758,-1.27249881567955));
#4014=CARTESIAN_POINT('Ctrl Pts',(0.518327733895747,22.9258826591928,-1.10110377166561));
#4015=CARTESIAN_POINT('Ctrl Pts',(0.88242889435284,22.9020522922098,-0.92970872765168));
#4016=CARTESIAN_POINT('Ctrl Pts',(1.15309625637089,22.8782219252268,-0.55982863038962));
#4017=CARTESIAN_POINT('Ctrl Pts',(1.20631345862212,22.8543915582438,-0.160937861452444));
#4018=CARTESIAN_POINT('Ctrl Pts',(1.21338434306067,22.8512252555458,-0.107937883786458));
#4019=CARTESIAN_POINT('Ctrl Pts',(1.21661635991416,22.8480589528479,-0.054425751393916));
#4020=CARTESIAN_POINT('Ctrl Pts',(1.21618601885541,22.84489265015,-0.000861352134331611));
#4021=CARTESIAN_POINT('Ctrl Pts',(1.21639161981548,22.78010734985,-0.000760494283032758));
#4022=CARTESIAN_POINT('Ctrl Pts',(1.21672364537811,22.7827892122371,-0.046109544202429));
#4023=CARTESIAN_POINT('Ctrl Pts',(1.2144076400821,22.7854710746241,-0.0914243422174947));
#4024=CARTESIAN_POINT('Ctrl Pts',(1.20933069996765,22.7881529370112,-0.136427672153353));
#4025=CARTESIAN_POINT('Ctrl Pts',(1.16421826367624,22.8119833039942,-0.536316150029104));
#4026=CARTESIAN_POINT('Ctrl Pts',(0.901111779453651,22.8358136709772,-0.911612164897582));
#4027=CARTESIAN_POINT('Ctrl Pts',(0.540563310067076,22.8596440379602,-1.09035983024999));
#4028=CARTESIAN_POINT('Ctrl Pts',(0.1800148406805,22.8834744049432,-1.26910749560239));
#4029=CARTESIAN_POINT('Ctrl Pts',(-0.277975613870063,22.9073047719262,-1.25130681143872));
#4030=CARTESIAN_POINT('Ctrl Pts',(-0.623562620900231,22.9311351389092,-1.04511382606368));
#4031=CARTESIAN_POINT('Ctrl Pts',(-0.969149627930398,22.9549655058922,-0.838920840688648));
#4032=CARTESIAN_POINT('Ctrl Pts',(-1.20233318744017,22.9787958728752,-0.444335554102247));
#4033=CARTESIAN_POINT('Ctrl Pts',(-1.21627154224002,23.0026262398582,-0.0421519531046299));
#4034=CARTESIAN_POINT('Ctrl Pts',(-1.23020989703987,23.0264566068412,0.360031647892979));
#4035=CARTESIAN_POINT('Ctrl Pts',(-1.0249030471298,23.0502869738242,0.769813563301807));
#4036=CARTESIAN_POINT('Ctrl Pts',(-0.694419994001835,23.0741173408072,0.999436903232984));
#4037=CARTESIAN_POINT('Ctrl Pts',(-0.363936940873862,23.0979477077902,1.22906024316417));
#4038=CARTESIAN_POINT('Ctrl Pts',(0.0917223154720181,23.1217780747732,1.2785250076177));
#4039=CARTESIAN_POINT('Ctrl Pts',(0.463780467879096,23.1456084417562,1.12516706725148));
#4040=CARTESIAN_POINT('Ctrl Pts',(0.83583862028617,23.1694388087392,0.971809126885258));
#4041=CARTESIAN_POINT('Ctrl Pts',(1.12429566875444,23.1932691757222,0.615628481699295));
#4042=CARTESIAN_POINT('Ctrl Pts',(1.19698424266462,23.2170995427052,0.219822597623729));
#4043=CARTESIAN_POINT('Ctrl Pts',(1.21020993003696,23.2214354784202,0.147805709668465));
#4044=CARTESIAN_POINT('Ctrl Pts',(1.21629242744726,23.2257714141351,0.0744769961128214));
#4045=CARTESIAN_POINT('Ctrl Pts',(1.21562662662423,23.2301073498501,0.00103822008436869));
#4046=CARTESIAN_POINT('Origin',(0.,20.,0.));
#4047=CARTESIAN_POINT('',(1.21306827795559,23.7448926501499,0.000289897304099687));
#4048=CARTESIAN_POINT('',(1.21302311779562,23.6801073498501,0.000156866992994437));
#4049=CARTESIAN_POINT('',(1.215,20.,-1.48794586096403E-16));
#4050=CARTESIAN_POINT('Ctrl Pts',(1.21306827795559,23.7448926501499,0.000289897304099687));
#4051=CARTESIAN_POINT('Ctrl Pts',(1.21346286819149,23.7340233566439,0.185371646987274));
#4052=CARTESIAN_POINT('Ctrl Pts',(1.17374069594938,23.7231540631379,0.370292752621624));
#4053=CARTESIAN_POINT('Ctrl Pts',(1.09302904163419,23.7122847696319,0.535145466060928));
#4054=CARTESIAN_POINT('Ctrl Pts',(0.916072890706064,23.6884544026488,0.896576561579813));
#4055=CARTESIAN_POINT('Ctrl Pts',(0.542087238007246,23.6646240356658,1.16154229292356));
#4056=CARTESIAN_POINT('Ctrl Pts',(0.142427578674843,23.6407936686828,1.20863871381562));
#4057=CARTESIAN_POINT('Ctrl Pts',(-0.257232080657567,23.6169633016998,1.25573513470769));
#4058=CARTESIAN_POINT('Ctrl Pts',(-0.68256574662356,23.5931329347168,1.08496224514808));
#4059=CARTESIAN_POINT('Ctrl Pts',(-0.938690913958164,23.5693025677338,0.774566022850615));
#4060=CARTESIAN_POINT('Ctrl Pts',(-1.19481608129276,23.5454722007508,0.464169800553156));
#4061=CARTESIAN_POINT('Ctrl Pts',(-1.28173274999598,23.5216418337678,0.0141502455178438));
#4062=CARTESIAN_POINT('Ctrl Pts',(-1.15961680196646,23.4978114667848,-0.369299374896191));
#4063=CARTESIAN_POINT('Ctrl Pts',(-1.03750085393695,23.4739810998018,-0.752748995310233));
#4064=CARTESIAN_POINT('Ctrl Pts',(-0.706352289174702,23.4501507328188,-1.069628681103));
#4065=CARTESIAN_POINT('Ctrl Pts',(-0.31789919101594,23.4263203658358,-1.17474816878047));
#4066=CARTESIAN_POINT('Ctrl Pts',(0.0705539071428135,23.4024899988528,-1.27986765645794));
#4067=CARTESIAN_POINT('Ctrl Pts',(0.516311538698078,23.3786596318698,-1.17322694602013));
#4068=CARTESIAN_POINT('Ctrl Pts',(0.815133195716288,23.3548292648868,-0.90368746198183));
#4069=CARTESIAN_POINT('Ctrl Pts',(1.06565890162912,23.3348503933079,-0.677711305554995));
#4070=CARTESIAN_POINT('Ctrl Pts',(1.21290642482859,23.3148715217289,-0.337237053228241));
#4071=CARTESIAN_POINT('Ctrl Pts',(1.21586663056342,23.2948926501499,0.000976964065267268));
#4072=CARTESIAN_POINT('Ctrl Pts',(1.21562662662423,23.2301073498501,0.00103822008436869));
#4073=CARTESIAN_POINT('Ctrl Pts',(1.21263317625137,23.2496017811181,-0.329143605896894));
#4074=CARTESIAN_POINT('Ctrl Pts',(1.07322861763677,23.2690962123862,-0.661550251139648));
#4075=CARTESIAN_POINT('Ctrl Pts',(0.833301941233413,23.2885906436542,-0.886961738943725));
#4076=CARTESIAN_POINT('Ctrl Pts',(0.54001096653995,23.3124210106372,-1.16250906847042));
#4077=CARTESIAN_POINT('Ctrl Pts',(0.096508917800946,23.3362513776202,-1.27817260455865));
#4078=CARTESIAN_POINT('Ctrl Pts',(-0.293997176563365,23.3600817446032,-1.18095677811942));
#4079=CARTESIAN_POINT('Ctrl Pts',(-0.684503270927672,23.3839121115862,-1.08374095168019));
#4080=CARTESIAN_POINT('Ctrl Pts',(-1.02201341091729,23.4077424785692,-0.773645762713514));
#4081=CARTESIAN_POINT('Ctrl Pts',(-1.15188471990071,23.4315728455522,-0.392752904091992));
#4082=CARTESIAN_POINT('Ctrl Pts',(-1.28175602888413,23.4554032125352,-0.0118600454704645));
#4083=CARTESIAN_POINT('Ctrl Pts',(-1.20398850686135,23.4792335795182,0.439830482805907));
#4084=CARTESIAN_POINT('Ctrl Pts',(-0.954214248662045,23.5030639465012,0.755359794577287));
#4085=CARTESIAN_POINT('Ctrl Pts',(-0.704439990462735,23.5268943134842,1.07088910634867));
#4086=CARTESIAN_POINT('Ctrl Pts',(-0.282658996086894,23.5507246804673,1.25025720161506));
#4087=CARTESIAN_POINT('Ctrl Pts',(0.11787401838244,23.5745550474503,1.2112798881364));
#4088=CARTESIAN_POINT('Ctrl Pts',(0.518407032851773,23.5983854144333,1.17230257465775));
#4089=CARTESIAN_POINT('Ctrl Pts',(0.897692067414598,23.6222157814162,0.914979852434062));
#4090=CARTESIAN_POINT('Ctrl Pts',(1.08194551719966,23.6460461483992,0.55721373764912));
#4091=CARTESIAN_POINT('Ctrl Pts',(1.16973118265767,23.6573998822162,0.386759743428887));
#4092=CARTESIAN_POINT('Ctrl Pts',(1.21324568774741,23.6687536160331,0.193505618937044));
#4093=CARTESIAN_POINT('Ctrl Pts',(1.21302311779562,23.6801073498501,0.000156866992994437));
#4094=CARTESIAN_POINT('Origin',(0.,20.,0.));
#4095=CARTESIAN_POINT('',(1.21480165637229,24.19489265015,-0.00111339813270675));
#4096=CARTESIAN_POINT('',(1.21504997980649,24.1301073498501,-0.00111163257100594));
#4097=CARTESIAN_POINT('',(1.215,20.,-1.48794586096403E-16));
#4098=CARTESIAN_POINT('Ctrl Pts',(1.21480165637229,24.19489265015,-0.00111339813270675));
#4099=CARTESIAN_POINT('Ctrl Pts',(1.21205052252521,24.1770055585419,0.302372562882962));
#4100=CARTESIAN_POINT('Ctrl Pts',(1.09681720939064,24.1591184669339,0.607721759948123));
#4101=CARTESIAN_POINT('Ctrl Pts',(0.891086246647935,24.1412313753259,0.828889894222005));
#4102=CARTESIAN_POINT('Ctrl Pts',(0.616997845394066,24.1174010083429,1.12354471682759));
#4103=CARTESIAN_POINT('Ctrl Pts',(0.182282166680322,24.0935706413599,1.26878378125169));
#4104=CARTESIAN_POINT('Ctrl Pts',(-0.213879564754066,24.0697402743768,1.1980603855564));
#4105=CARTESIAN_POINT('Ctrl Pts',(-0.610041296188446,24.0459099073939,1.1273369898611));
#4106=CARTESIAN_POINT('Ctrl Pts',(-0.967649080343467,24.0220795404109,0.840651134046419));
#4107=CARTESIAN_POINT('Ctrl Pts',(-1.12285155422343,23.9982491734279,0.469358650609612));
#4108=CARTESIAN_POINT('Ctrl Pts',(-1.27805402810339,23.9744188064449,0.0980661671727993));
#4109=CARTESIAN_POINT('Ctrl Pts',(-1.2308511917083,23.9505884394619,-0.357832943886142));
#4110=CARTESIAN_POINT('Ctrl Pts',(-1.00287078757981,23.9267580724789,-0.689451476987172));
#4111=CARTESIAN_POINT('Ctrl Pts',(-0.774890383451331,23.9029277054959,-1.0210700100882));
#4112=CARTESIAN_POINT('Ctrl Pts',(-0.36613241158946,23.8790973385128,-1.22840796523133));
#4113=CARTESIAN_POINT('Ctrl Pts',(0.0361153961089396,23.8552669715298,-1.21646571421482));
#4114=CARTESIAN_POINT('Ctrl Pts',(0.438363203807343,23.8314366045468,-1.20452346319831));
#4115=CARTESIAN_POINT('Ctrl Pts',(0.834100847342272,23.8076062375638,-0.973301006022167));
#4116=CARTESIAN_POINT('Ctrl Pts',(1.04200634453102,23.7837758705808,-0.628741547587079));
#4117=CARTESIAN_POINT('Ctrl Pts',(1.1550838488452,23.7708147971039,-0.441339462627715));
#4118=CARTESIAN_POINT('Ctrl Pts',(1.21259774939383,23.7578537236269,-0.220410570077485));
#4119=CARTESIAN_POINT('Ctrl Pts',(1.21306827795559,23.7448926501499,0.000289897304099687));
#4120=CARTESIAN_POINT('Ctrl Pts',(1.21302311779562,23.6801073498501,0.000156866992994437));
#4121=CARTESIAN_POINT('Ctrl Pts',(1.21277853538008,23.6925839830161,-0.212314333232367));
#4122=CARTESIAN_POINT('Ctrl Pts',(1.15971775533588,23.7050606161822,-0.424899804067095));
#4123=CARTESIAN_POINT('Ctrl Pts',(1.05454951733102,23.7175372493483,-0.607468984484673));
#4124=CARTESIAN_POINT('Ctrl Pts',(0.853678202670016,23.7413676163313,-0.956176084487328));
#4125=CARTESIAN_POINT('Ctrl Pts',(0.462713708340702,23.7651979833143,-1.19538077714645));
#4126=CARTESIAN_POINT('Ctrl Pts',(0.0607910199351684,23.7890283502973,-1.21548249823188));
#4127=CARTESIAN_POINT('Ctrl Pts',(-0.341131668470371,23.8128587172803,-1.23558421931731));
#4128=CARTESIAN_POINT('Ctrl Pts',(-0.754012550952131,23.8366890842633,-1.03658296882903));
#4129=CARTESIAN_POINT('Ctrl Pts',(-0.9886748301124,23.8605194512463,-0.709658602368247));
#4130=CARTESIAN_POINT('Ctrl Pts',(-1.22333710927267,23.8843498182293,-0.382734235907468));
#4131=CARTESIAN_POINT('Ctrl Pts',(-1.27978078511145,23.9081801852123,0.0721132465258108));
#4132=CARTESIAN_POINT('Ctrl Pts',(-1.13214407936956,23.9320105521953,0.446478482309334));
#4133=CARTESIAN_POINT('Ctrl Pts',(-0.984507373627663,23.9558409191783,0.820843718092862));
#4134=CARTESIAN_POINT('Ctrl Pts',(-0.632790286305093,23.9796712861613,1.11472670722663));
#4135=CARTESIAN_POINT('Ctrl Pts',(-0.238145137590349,24.0035016531443,1.19347398172313));
#4136=CARTESIAN_POINT('Ctrl Pts',(0.156500011124393,24.0273320201273,1.27222125621962));
#4137=CARTESIAN_POINT('Ctrl Pts',(0.59407322123131,24.0511623871103,1.13583281607885));
#4138=CARTESIAN_POINT('Ctrl Pts',(0.874083983185363,24.0749927540933,0.846800119243773));
#4139=CARTESIAN_POINT('Ctrl Pts',(1.08995252832989,24.0933642860122,0.623976298724955));
#4140=CARTESIAN_POINT('Ctrl Pts',(1.21217663225257,24.1117358179311,0.31043107668289));
#4141=CARTESIAN_POINT('Ctrl Pts',(1.21504997980649,24.1301073498501,-0.00111163257100594));
#4142=CARTESIAN_POINT('Origin',(0.,20.,0.));
#4143=CARTESIAN_POINT('',(1.21689024176487,24.6448926501499,0.000333755154538788));
#4144=CARTESIAN_POINT('',(1.21677576202549,24.5801073498501,0.000474739280963855));
#4145=CARTESIAN_POINT('',(1.215,20.,-1.48794586096403E-16));
#4146=CARTESIAN_POINT('Ctrl Pts',(1.21689024176487,24.6448926501499,0.000333755154538788));
#4147=CARTESIAN_POINT('Ctrl Pts',(1.21695650020149,24.6438181274229,0.0184837531463106));
#4148=CARTESIAN_POINT('Ctrl Pts',(1.21658562896347,24.6427436046959,0.0366309837405072));
#4149=CARTESIAN_POINT('Ctrl Pts',(1.2157691830992,24.6416690819689,0.054758145706012));
#4150=CARTESIAN_POINT('Ctrl Pts',(1.1976623491736,24.6178387149859,0.456775628574147));
#4151=CARTESIAN_POINT('Ctrl Pts',(0.96040085955586,24.5940083480029,0.848922411559371));
#4152=CARTESIAN_POINT('Ctrl Pts',(0.612694935514021,24.5701779810199,1.0515217893101));
#4153=CARTESIAN_POINT('Ctrl Pts',(0.264989011472183,24.5463476140369,1.25412116706083));
#4154=CARTESIAN_POINT('Ctrl Pts',(-0.193161346993754,24.5225172470539,1.26717313957706));
#4155=CARTESIAN_POINT('Ctrl Pts',(-0.551837445454767,24.4986868800709,1.08469746338831));
#4156=CARTESIAN_POINT('Ctrl Pts',(-0.910513543915785,24.4748565130879,0.902221787199555));
#4157=CARTESIAN_POINT('Ctrl Pts',(-1.16971538237187,24.4510261461049,0.524218462305815));
#4158=CARTESIAN_POINT('Ctrl Pts',(-1.21067995516459,24.4271957791219,0.123883827702776));
#4159=CARTESIAN_POINT('Ctrl Pts',(-1.2516445279573,24.4033654121389,-0.276450806900266));
#4160=CARTESIAN_POINT('Ctrl Pts',(-1.07437183508664,24.3795350451559,-0.69911675121261));
#4161=CARTESIAN_POINT('Ctrl Pts',(-0.760085983059578,24.3557046781729,-0.950453814871027));
#4162=CARTESIAN_POINT('Ctrl Pts',(-0.445800131032528,24.3318743111899,-1.20179087852944));
#4163=CARTESIAN_POINT('Ctrl Pts',(0.00549888015090642,24.3080439442069,
-1.28179906153394));
#4164=CARTESIAN_POINT('Ctrl Pts',(0.387031553101862,24.2842135772239,-1.15381962727274));
#4165=CARTESIAN_POINT('Ctrl Pts',(0.768564226052823,24.2603832102409,-1.02584019301154));
#4166=CARTESIAN_POINT('Ctrl Pts',(1.0803305607713,24.2365528432579,-0.689873141484638));
#4167=CARTESIAN_POINT('Ctrl Pts',(1.17948316623355,24.2127224762749,-0.299854325327649));
#4168=CARTESIAN_POINT('Ctrl Pts',(1.20421175051548,24.2067792008999,-0.202583929638947));
#4169=CARTESIAN_POINT('Ctrl Pts',(1.21571576507173,24.2008359255249,-0.101951515266657));
#4170=CARTESIAN_POINT('Ctrl Pts',(1.21480165637229,24.19489265015,-0.00111339813270675));
#4171=CARTESIAN_POINT('Ctrl Pts',(1.21504997980649,24.1301073498501,-0.00111163257100594));
#4172=CARTESIAN_POINT('Ctrl Pts',(1.21590375348458,24.1355661849141,-0.0936820438322205));
#4173=CARTESIAN_POINT('Ctrl Pts',(1.20622010505548,24.1410250199782,-0.186075654181854));
#4174=CARTESIAN_POINT('Ctrl Pts',(1.1853246561527,24.1464838550423,-0.275859948437909));
#4175=CARTESIAN_POINT('Ctrl Pts',(1.09410625336479,24.1703142220253,-0.667810365755151));
#4176=CARTESIAN_POINT('Ctrl Pts',(0.789221133987783,24.1941445890083,-1.01003424686026));
#4177=CARTESIAN_POINT('Ctrl Pts',(0.410363802967307,24.2179749559913,-1.14572893861723));
#4178=CARTESIAN_POINT('Ctrl Pts',(0.0315064719468291,24.2418053229743,-1.2814236303742));
#4179=CARTESIAN_POINT('Ctrl Pts',(-0.421323070717113,24.2656356899573,-1.21058913278303));
#4180=CARTESIAN_POINT('Ctrl Pts',(-0.740644056979901,24.2894660569403,-0.965680916493919));
#4181=CARTESIAN_POINT('Ctrl Pts',(-1.05996504324269,24.3132964239233,-0.720772700204808));
#4182=CARTESIAN_POINT('Ctrl Pts',(-1.24577747310431,24.3371267909063,-0.30179076521775));
#4183=CARTESIAN_POINT('Ctrl Pts',(-1.21294444154373,24.3609571578893,0.0992926658190484));
#4184=CARTESIAN_POINT('Ctrl Pts',(-1.18011140998315,24.3847875248723,0.500376096855853));
#4185=CARTESIAN_POINT('Ctrl Pts',(-0.92863291700036,24.4086178918553,0.883561023942402));
#4186=CARTESIAN_POINT('Ctrl Pts',(-0.57373322723688,24.4324482588383,1.07327696111168));
#4187=CARTESIAN_POINT('Ctrl Pts',(-0.218833537473417,24.4562786258213,1.26299289828094));
#4188=CARTESIAN_POINT('Ctrl Pts',(0.239487349070718,24.4801089928043,1.25923984553295));
#4189=CARTESIAN_POINT('Ctrl Pts',(0.59123260065559,24.5039393597873,1.06373740353533));
#4190=CARTESIAN_POINT('Ctrl Pts',(0.942977852240479,24.5277697267703,0.868234961537708));
#4191=CARTESIAN_POINT('Ctrl Pts',(1.18814746886609,24.5516000937533,0.480983130290426));
#4192=CARTESIAN_POINT('Ctrl Pts',(1.21440783224264,24.5754304607363,0.0794158013281847));
#4193=CARTESIAN_POINT('Ctrl Pts',(1.21612576364904,24.5769894237742,0.0531455964450196));
#4194=CARTESIAN_POINT('Ctrl Pts',(1.21690683592113,24.5785483868121,0.0268141259707588));
#4195=CARTESIAN_POINT('Ctrl Pts',(1.21677576202549,24.5801073498501,0.000474739280963855));
#4196=CARTESIAN_POINT('Origin',(0.,20.,0.));
#4197=CARTESIAN_POINT('',(1.21380936924039,25.0948926501499,0.000917136621180481));
#4198=CARTESIAN_POINT('',(1.21362712471806,25.0301073498501,0.000832056266604744));
#4199=CARTESIAN_POINT('',(1.215,20.,-1.48794586096403E-16));
#4200=CARTESIAN_POINT('Ctrl Pts',(1.21380936924039,25.0948926501499,0.000917136621180481));
#4201=CARTESIAN_POINT('Ctrl Pts',(1.21477382163296,25.0868003293209,0.138501909002903));
#4202=CARTESIAN_POINT('Ctrl Pts',(1.19319159635255,25.0787080084919,0.275793142091808));
#4203=CARTESIAN_POINT('Ctrl Pts',(1.14775143917242,25.0706156876629,0.404672636524921));
#4204=CARTESIAN_POINT('Ctrl Pts',(1.01393869938497,25.0467853206799,0.78419857399363));
#4205=CARTESIAN_POINT('Ctrl Pts',(0.673231876567586,25.0229549536969,1.09077858458179));
#4206=CARTESIAN_POINT('Ctrl Pts',(0.281738935935209,24.9991245867139,1.18394107736903));
#4207=CARTESIAN_POINT('Ctrl Pts',(-0.109754004697167,24.9752942197309,1.27710357015627));
#4208=CARTESIAN_POINT('Ctrl Pts',(-0.552033063144525,24.9514638527479,1.15684854514259));
#4209=CARTESIAN_POINT('Ctrl Pts',(-0.842451782337877,24.9276334857649,0.878275597903835));
#4210=CARTESIAN_POINT('Ctrl Pts',(-1.13287050153122,24.9038031187819,0.599702650665089));
#4211=CARTESIAN_POINT('Ctrl Pts',(-1.27142888147056,24.8799727517989,0.162811781201267));
#4212=CARTESIAN_POINT('Ctrl Pts',(-1.19464111463743,24.8561423848159,-0.232219278249087));
#4213=CARTESIAN_POINT('Ctrl Pts',(-1.1178533478043,24.8323120178329,-0.627250337699453));
#4214=CARTESIAN_POINT('Ctrl Pts',(-0.825719434198685,24.8084816508499,-0.980421587136357));
#4215=CARTESIAN_POINT('Ctrl Pts',(-0.45209149504841,24.7846512838669,-1.1299143562033));
#4216=CARTESIAN_POINT('Ctrl Pts',(-0.0784635558981348,24.7608209168839,
-1.27940712527025));
#4217=CARTESIAN_POINT('Ctrl Pts',(0.376658408796798,24.7369905499009,-1.22522141396724));
#4218=CARTESIAN_POINT('Ctrl Pts',(0.704743302027535,24.7131601829179,-0.992184466940209));
#4219=CARTESIAN_POINT('Ctrl Pts',(1.0180346893749,24.6904043386619,-0.769655268114992));
#4220=CARTESIAN_POINT('Ctrl Pts',(1.21548704513947,24.6676484944059,-0.38404017865278));
#4221=CARTESIAN_POINT('Ctrl Pts',(1.21689024176487,24.6448926501499,0.000333755154538788));
#4222=CARTESIAN_POINT('Ctrl Pts',(1.21677576202549,24.5801073498501,0.000474739280963855));
#4223=CARTESIAN_POINT('Ctrl Pts',(1.21490323547717,24.6023787537951,-0.375810718660838));
#4224=CARTESIAN_POINT('Ctrl Pts',(1.02687001426784,24.6246501577403,-0.753711803828988));
#4225=CARTESIAN_POINT('Ctrl Pts',(0.724730449554764,24.6469215616853,-0.977680430760662));
#4226=CARTESIAN_POINT('Ctrl Pts',(0.401441593362843,24.6707519286683,-1.21732650721005));
#4227=CARTESIAN_POINT('Ctrl Pts',(-0.0524872291484928,24.6945822956513,
-1.28073583343165));
#4228=CARTESIAN_POINT('Ctrl Pts',(-0.429071578721994,24.7184126626343,-1.13885505383289));
#4229=CARTESIAN_POINT('Ctrl Pts',(-0.805655928295501,24.7422430296173,-0.996974274234128));
#4230=CARTESIAN_POINT('Ctrl Pts',(-1.10489580493116,24.7660733966003,-0.649803388815007));
#4231=CARTESIAN_POINT('Ctrl Pts',(-1.18968327291835,24.7899037635834,-0.256411714107053));
#4232=CARTESIAN_POINT('Ctrl Pts',(-1.27447074090553,24.8137341305664,0.136979960600895));
#4233=CARTESIAN_POINT('Ctrl Pts',(-1.14480580024423,24.8375644975493,0.576592424597667));
#4234=CARTESIAN_POINT('Ctrl Pts',(-0.860099304996715,24.8613948645323,0.861000824436792));
#4235=CARTESIAN_POINT('Ctrl Pts',(-0.575392809749199,24.8852252315153,1.14540922427592));
#4236=CARTESIAN_POINT('Ctrl Pts',(-0.135644759915447,24.9090555984984,1.2746135599574));
#4237=CARTESIAN_POINT('Ctrl Pts',(0.25765788650301,24.9328859654814,1.18941400767816));
#4238=CARTESIAN_POINT('Ctrl Pts',(0.650960532921463,24.9567163324644,1.10421445539893));
#4239=CARTESIAN_POINT('Ctrl Pts',(0.997817775924631,24.9805466994473,0.804611015159001));
#4240=CARTESIAN_POINT('Ctrl Pts',(1.13930394604178,25.0043770664303,0.427878254117234));
#4241=CARTESIAN_POINT('Ctrl Pts',(1.19022607773029,25.0129538275702,0.292288780932231));
#4242=CARTESIAN_POINT('Ctrl Pts',(1.21454558753867,25.0215305887102,0.146708406261789));
#4243=CARTESIAN_POINT('Ctrl Pts',(1.21362712471806,25.0301073498501,0.000832056266604744));
#4244=CARTESIAN_POINT('Origin',(0.,20.,0.));
#4245=CARTESIAN_POINT('',(1.2135647159723,25.5448926501499,-0.0007892873062125));
#4246=CARTESIAN_POINT('',(1.21375136360014,25.4801073498501,-0.000891366531876192));
#4247=CARTESIAN_POINT('',(1.215,20.,-1.48794586096403E-16));
#4248=CARTESIAN_POINT('Ctrl Pts',(1.2135647159723,25.5448926501499,-0.0007892873062125));
#4249=CARTESIAN_POINT('Ctrl Pts',(1.21200881522036,25.5297825312189,0.256229722098113));
#4250=CARTESIAN_POINT('Ctrl Pts',(1.13220077342392,25.514672412288,0.514127021991571));
#4251=CARTESIAN_POINT('Ctrl Pts',(0.981271012356324,25.499562293357,0.719862066435546));
#4252=CARTESIAN_POINT('Ctrl Pts',(0.743237704258369,25.475731926374,1.04432950661619));
#4253=CARTESIAN_POINT('Ctrl Pts',(0.328304351667705,25.451901559391,1.23905450799733));
#4254=CARTESIAN_POINT('Ctrl Pts',(-0.0733911566756917,25.428071192408,1.21479083932748));
#4255=CARTESIAN_POINT('Ctrl Pts',(-0.475086665019089,25.404240825425,1.19052717065762));
#4256=CARTESIAN_POINT('Ctrl Pts',(-0.863544329115225,25.380410458442,0.947274831936762));
#4257=CARTESIAN_POINT('Ctrl Pts',(-1.06078851320213,25.356580091459,0.596502331954795));
#4258=CARTESIAN_POINT('Ctrl Pts',(-1.25803269728903,25.3327497244759,0.245729831972823));
#4259=CARTESIAN_POINT('Ctrl Pts',(-1.26406340136671,25.3089193574929,-0.212562829270253));
#4260=CARTESIAN_POINT('Ctrl Pts',(-1.07611184169639,25.2850889905099,-0.56839870178768));
#4261=CARTESIAN_POINT('Ctrl Pts',(-0.888160282026087,25.2612586235269,-0.924234574305097));
#4262=CARTESIAN_POINT('Ctrl Pts',(-0.506226458607799,25.237428256544,-1.17761365809686));
#4263=CARTESIAN_POINT('Ctrl Pts',(-0.105310525621265,25.213597889561,-1.21243724795169));
#4264=CARTESIAN_POINT('Ctrl Pts',(0.295605407365274,25.189767522578,-1.24726083780652));
#4265=CARTESIAN_POINT('Ctrl Pts',(0.715503449920067,25.1659371555949,-1.0635289337244));
#4266=CARTESIAN_POINT('Ctrl Pts',(0.961993142818712,25.1421067886119,-0.745427049508722));
#4267=CARTESIAN_POINT('Ctrl Pts',(1.12477981606177,25.1263687424579,-0.535346267327252));
#4268=CARTESIAN_POINT('Ctrl Pts',(1.21193369023702,25.1106306963039,-0.266659439195062));
#4269=CARTESIAN_POINT('Ctrl Pts',(1.21380936924039,25.0948926501499,0.000917136621180481));
#4270=CARTESIAN_POINT('Ctrl Pts',(1.21362712471806,25.0301073498501,0.000832056266604744));
#4271=CARTESIAN_POINT('Ctrl Pts',(1.21199365613726,25.0453609556932,-0.258606245484055));
#4272=CARTESIAN_POINT('Ctrl Pts',(1.13053262398689,25.0606145615363,-0.518980715499819));
#4273=CARTESIAN_POINT('Ctrl Pts',(0.976920623732572,25.0758681673794,-0.72575424386671));
#4274=CARTESIAN_POINT('Ctrl Pts',(0.736936034075103,25.0996985343624,-1.04879189896527));
#4275=CARTESIAN_POINT('Ctrl Pts',(0.320851757529047,25.1235289013453,-1.24100512731878));
#4276=CARTESIAN_POINT('Ctrl Pts',(-0.0806879071329205,25.1473592683284,
-1.21432403421725));
#4277=CARTESIAN_POINT('Ctrl Pts',(-0.482227571794894,25.1711896353114,-1.18764294111571));
#4278=CARTESIAN_POINT('Ctrl Pts',(-0.869222624572779,25.1950200022944,-0.942067526559127));
#4279=CARTESIAN_POINT('Ctrl Pts',(-1.06435634072294,25.2188503692774,-0.590117771627113));
#4280=CARTESIAN_POINT('Ctrl Pts',(-1.2594900568731,25.2426807362604,-0.238168016695109));
#4281=CARTESIAN_POINT('Ctrl Pts',(-1.26276243639556,25.2665111032434,0.220156078612317));
#4282=CARTESIAN_POINT('Ctrl Pts',(-1.07267505306024,25.2903414702264,0.574857043703729));
#4283=CARTESIAN_POINT('Ctrl Pts',(-0.882587669724932,25.3141718372094,0.929558008795142));
#4284=CARTESIAN_POINT('Ctrl Pts',(-0.499140523531852,25.3380022041924,1.18063584367054));
#4285=CARTESIAN_POINT('Ctrl Pts',(-0.0980224449177337,25.3618325711754,
1.21304826036469));
#4286=CARTESIAN_POINT('Ctrl Pts',(0.30309563369639,25.3856629381584,1.24546067705884));
#4287=CARTESIAN_POINT('Ctrl Pts',(0.721884644731553,25.4094933051414,1.05920767557173));
#4288=CARTESIAN_POINT('Ctrl Pts',(0.966457296840464,25.4333236721244,0.739631102393777));
#4289=CARTESIAN_POINT('Ctrl Pts',(1.12650530260468,25.4489182313663,0.530500634268837));
#4290=CARTESIAN_POINT('Ctrl Pts',(1.2119473212279,25.4645127906082,0.2642760061209));
#4291=CARTESIAN_POINT('Ctrl Pts',(1.21375136360014,25.4801073498501,-0.000891366531876192));
#4292=CARTESIAN_POINT('Origin',(0.,20.,0.));
#4293=CARTESIAN_POINT('',(1.21478817310626,25.9948926501499,-3.0705329505526E-5));
#4294=CARTESIAN_POINT('',(1.21675201295125,25.93010734985,-0.000279938897693222));
#4295=CARTESIAN_POINT('',(1.215,20.,-1.48794586096403E-16));
#4296=CARTESIAN_POINT('Ctrl Pts',(1.21478817310626,25.9948926501499,-3.0705329505526E-5));
#4297=CARTESIAN_POINT('Ctrl Pts',(1.21309757711101,25.972764733117,0.375118298138818));
#4298=CARTESIAN_POINT('Ctrl Pts',(1.02919804447329,25.950636816084,0.749158987099214));
#4299=CARTESIAN_POINT('Ctrl Pts',(0.730785541292847,25.928508899051,0.973022158365339));
#4300=CARTESIAN_POINT('Ctrl Pts',(0.409414150912689,25.904678532068,1.21410863375743));
#4301=CARTESIAN_POINT('Ctrl Pts',(-0.0447685532410842,25.880848165085,1.2810203119217));
#4302=CARTESIAN_POINT('Ctrl Pts',(-0.422363589291817,25.857017798102,1.14159946502508));
#4303=CARTESIAN_POINT('Ctrl Pts',(-0.79995862534256,25.833187431119,1.00217861812846));
#4304=CARTESIAN_POINT('Ctrl Pts',(-1.10096599329026,25.809357064136,0.656425246170925));
#4305=CARTESIAN_POINT('Ctrl Pts',(-1.18803994198248,25.785526697153,0.263456491510686));
#4306=CARTESIAN_POINT('Ctrl Pts',(-1.27511389067469,25.76169633017,-0.129512263149543));
#4307=CARTESIAN_POINT('Ctrl Pts',(-1.14825442011144,25.737865963187,-0.569696400512477));
#4308=CARTESIAN_POINT('Ctrl Pts',(-0.865301192202623,25.714035596204,-0.855762811737868));
#4309=CARTESIAN_POINT('Ctrl Pts',(-0.582347964293806,25.690205229221,-1.14182922296326));
#4310=CARTESIAN_POINT('Ctrl Pts',(-0.143300979039425,25.666374862238,-1.27377790805111));
#4311=CARTESIAN_POINT('Ctrl Pts',(0.250526653829403,25.642544495255,-1.19096867368944));
#4312=CARTESIAN_POINT('Ctrl Pts',(0.644354286698231,25.618714128272,-1.10815943932778));
#4313=CARTESIAN_POINT('Ctrl Pts',(0.992962567181507,25.594883761289,-0.810592285516591));
#4314=CARTESIAN_POINT('Ctrl Pts',(1.13670007562052,25.571053394306,-0.434703769120919));
#4315=CARTESIAN_POINT('Ctrl Pts',(1.18929795331414,25.562333146254,-0.297154854947242));
#4316=CARTESIAN_POINT('Ctrl Pts',(1.2144626467274,25.5536128982019,-0.149118332651481));
#4317=CARTESIAN_POINT('Ctrl Pts',(1.2135647159723,25.5448926501499,-0.0007892873062125));
#4318=CARTESIAN_POINT('Ctrl Pts',(1.21375136360014,25.4801073498501,-0.000891366531876192));
#4319=CARTESIAN_POINT('Ctrl Pts',(1.21470411551214,25.4883431575912,-0.140931714355055));
#4320=CARTESIAN_POINT('Ctrl Pts',(1.19232928641264,25.4965789653323,-0.280677181618963));
#4321=CARTESIAN_POINT('Ctrl Pts',(1.14529647490853,25.5048147730734,-0.411562133082752));
#4322=CARTESIAN_POINT('Ctrl Pts',(1.00920670768502,25.5286451400564,-0.790278650512519));
#4323=CARTESIAN_POINT('Ctrl Pts',(0.666670880055347,25.5524755070394,-1.09481154050325));
#4324=CARTESIAN_POINT('Ctrl Pts',(0.274621763188053,25.5763058740224,-1.18561630405943));
#4325=CARTESIAN_POINT('Ctrl Pts',(-0.11742735367924,25.6001362410054,-1.27642106761561));
#4326=CARTESIAN_POINT('Ctrl Pts',(-0.558989759784159,25.6239666079884,-1.15349770473725));
#4327=CARTESIAN_POINT('Ctrl Pts',(-0.847722507103718,25.6477969749714,-0.873190032833089));
#4328=CARTESIAN_POINT('Ctrl Pts',(-1.13645525442327,25.6716273419544,-0.592882360928937));
#4329=CARTESIAN_POINT('Ctrl Pts',(-1.27235834295747,25.6954577089374,-0.155190379999014));
#4330=CARTESIAN_POINT('Ctrl Pts',(-1.19321008445735,25.7192880759204,0.239383075217209));
#4331=CARTESIAN_POINT('Ctrl Pts',(-1.11406182595723,25.7431184429034,0.633956530433439));
#4332=CARTESIAN_POINT('Ctrl Pts',(-0.819862220422774,25.7669488098864,0.985411459935959));
#4333=CARTESIAN_POINT('Ctrl Pts',(-0.445318642032158,25.7907791768694,1.13263469258056));
#4334=CARTESIAN_POINT('Ctrl Pts',(-0.0707750636415429,25.8146095438524,
1.27985792522515));
#4335=CARTESIAN_POINT('Ctrl Pts',(0.384112487605236,25.8384399108354,1.22284946101182));
#4336=CARTESIAN_POINT('Ctrl Pts',(0.710744682170815,25.8622702778184,0.987885720776754));
#4337=CARTESIAN_POINT('Ctrl Pts',(1.02068216273086,25.8848826351623,0.764931367583618));
#4338=CARTESIAN_POINT('Ctrl Pts',(1.21513992070163,25.9074949925062,0.381748027157043));
#4339=CARTESIAN_POINT('Ctrl Pts',(1.21675201295125,25.93010734985,-0.000279938897693222));
#4340=CARTESIAN_POINT('Origin',(0.,19.1681273317644,0.));
#4341=CARTESIAN_POINT('',(0.957118015704082,25.6931273317644,-0.000622497581305364));
#4342=CARTESIAN_POINT('',(0.959631783053942,25.7818726682356,-0.000220783085463916));
#4343=CARTESIAN_POINT('',(0.95825,19.1681273317644,-9.75372511459298E-14));
#4344=CARTESIAN_POINT('',(-0.3974081888039,26.,0.871957449633641));
#4345=CARTESIAN_POINT('Ctrl Pts',(0.957118015704083,25.6931273317644,-0.000622497581305439));
#4346=CARTESIAN_POINT('Ctrl Pts',(0.957826198540341,25.7018475798164,-0.117607112973961));
#4347=CARTESIAN_POINT('Ctrl Pts',(0.883742176260936,25.7343981948514,-0.553421721791835));
#4348=CARTESIAN_POINT('Ctrl Pts',(0.23324988514852,25.7907791768694,-1.108672845988));
#4349=CARTESIAN_POINT('Ctrl Pts',(-0.805556963295943,25.8622702778185,-0.796475741085674));
#4350=CARTESIAN_POINT('Ctrl Pts',(-1.0983618805297,25.9320105521953,0.219515255376162));
#4351=CARTESIAN_POINT('Ctrl Pts',(-0.664886768372371,25.9779204595891,0.750131095765475));
#4352=CARTESIAN_POINT('Ctrl Pts',(-0.397729002182447,26.,0.873538622707081));
#4353=CARTESIAN_POINT('',(-0.953841396803776,26.,-0.0918131376406577));
#4354=CARTESIAN_POINT('Origin',(0.,26.,0.));
#4355=CARTESIAN_POINT('Ctrl Pts',(0.959631783053942,25.7818726682356,-0.000220783085463879));
#4356=CARTESIAN_POINT('Ctrl Pts',(0.959700268348064,25.7830906778748,-0.0164501878388604));
#4357=CARTESIAN_POINT('Ctrl Pts',(0.952033576355459,25.8081390544969,-0.350153637860728));
#4358=CARTESIAN_POINT('Ctrl Pts',(0.565019579298326,25.857017798102,-0.982735526839681));
#4359=CARTESIAN_POINT('Ctrl Pts',(-0.520957927904348,25.928508899051,-1.00554604684651));
#4360=CARTESIAN_POINT('Ctrl Pts',(-0.923291980669733,25.976169633017,-0.409189261642546));
#4361=CARTESIAN_POINT('Ctrl Pts',(-0.953841396803778,26.,-0.0918131376406306));
#4362=CARTESIAN_POINT('Origin',(0.,19.1681273317644,0.));
#4363=CARTESIAN_POINT('',(0.957310969608731,25.2431273317644,0.000723330178769128));
#4364=CARTESIAN_POINT('',(0.957265221538959,25.3318726682356,-0.000703005744261964));
#4365=CARTESIAN_POINT('',(0.95825,19.1681273317644,-9.75372511459298E-14));
#4366=CARTESIAN_POINT('Ctrl Pts',(0.957310969608731,25.2431273317644,0.000723330178769134));
#4367=CARTESIAN_POINT('Ctrl Pts',(0.955831653226021,25.2588653779184,-0.210309800500991));
#4368=CARTESIAN_POINT('Ctrl Pts',(0.783014412739353,25.2984337910554,-0.743088367516198));
#4369=CARTESIAN_POINT('Ctrl Pts',(-0.0980275042554534,25.3618325711754,
-1.12859983120557));
#4370=CARTESIAN_POINT('Ctrl Pts',(-1.00170179139267,25.4333236721244,-0.529092406406892));
#4371=CARTESIAN_POINT('Ctrl Pts',(-0.987432847732321,25.5048147730734,0.555250661830593));
#4372=CARTESIAN_POINT('Ctrl Pts',(-0.0683228313863307,25.5763058740224,
1.13079770770529));
#4373=CARTESIAN_POINT('Ctrl Pts',(0.793679011438284,25.6390767269194,0.726266934301379));
#4374=CARTESIAN_POINT('Ctrl Pts',(0.955890903032867,25.6780172128334,0.202084058601183));
#4375=CARTESIAN_POINT('Ctrl Pts',(0.957118015704083,25.6931273317644,-0.000622497581305439));
#4376=CARTESIAN_POINT('Ctrl Pts',(0.957265221538959,25.3318726682356,-0.000703005744261895));
#4377=CARTESIAN_POINT('Ctrl Pts',(0.958016640896708,25.3401084759767,-0.111150465251697));
#4378=CARTESIAN_POINT('Ctrl Pts',(0.88930928562875,25.3721746507009,-0.54027291457559));
#4379=CARTESIAN_POINT('Ctrl Pts',(0.255639846902778,25.428071192408,-1.10363934199248));
#4380=CARTESIAN_POINT('Ctrl Pts',(-0.789118611492364,25.499562293357,-0.812796595132716));
#4381=CARTESIAN_POINT('Ctrl Pts',(-1.1106720302279,25.571053394306,0.222804246166344));
#4382=CARTESIAN_POINT('Ctrl Pts',(-0.414581235157765,25.642544495255,1.05436396516826));
#4383=CARTESIAN_POINT('Ctrl Pts',(0.643368245963093,25.7128175865648,0.921777186372719));
#4384=CARTESIAN_POINT('Ctrl Pts',(0.958360353096604,25.7592603108917,0.301078228002584));
#4385=CARTESIAN_POINT('Ctrl Pts',(0.959631783053942,25.7818726682356,-0.000220783085463879));
#4386=CARTESIAN_POINT('Origin',(0.,19.1681273317644,0.));
#4387=CARTESIAN_POINT('',(0.959740801786982,24.7931273317644,0.000263227059077314));
#4388=CARTESIAN_POINT('',(0.957167236428874,24.8818726682356,0.000656228738518255));
#4389=CARTESIAN_POINT('',(0.95825,19.1681273317644,-9.75372511459298E-14));
#4390=CARTESIAN_POINT('Ctrl Pts',(0.959740801786982,24.7931273317644,0.000263227059077399));
#4391=CARTESIAN_POINT('Ctrl Pts',(0.958634124283854,24.8158831760204,-0.302886009213228));
#4392=CARTESIAN_POINT('Ctrl Pts',(0.639826052617997,24.8624693872594,-0.925503058276312));
#4393=CARTESIAN_POINT('Ctrl Pts',(-0.420829897208509,24.9328859654813,-1.05178216925623));
#4394=CARTESIAN_POINT('Ctrl Pts',(-1.11203316316547,25.0043770664304,-0.21616155253297));
#4395=CARTESIAN_POINT('Ctrl Pts',(-0.784197193839834,25.0758681673793,0.817543819476168));
#4396=CARTESIAN_POINT('Ctrl Pts',(0.26225689938778,25.1473592683284,1.10207314717828));
#4397=CARTESIAN_POINT('Ctrl Pts',(0.890924846424401,25.2031123231234,0.536375565118883));
#4398=CARTESIAN_POINT('Ctrl Pts',(0.958071616938098,25.2350350109354,0.109234118767074));
#4399=CARTESIAN_POINT('Ctrl Pts',(0.957310969608731,25.2431273317644,0.000723330178769134));
#4400=CARTESIAN_POINT('Ctrl Pts',(0.957167236428875,24.8818726682356,0.000656228738518307));
#4401=CARTESIAN_POINT('Ctrl Pts',(0.95587894731975,24.8971262740787,-0.203958382498124));
#4402=CARTESIAN_POINT('Ctrl Pts',(0.791260446885373,24.9362102469049,-0.730129653275265));
#4403=CARTESIAN_POINT('Ctrl Pts',(-0.0751082809449188,24.9991245867139,
-1.13035513524524));
#4404=CARTESIAN_POINT('Ctrl Pts',(-0.990757686684177,25.070615687663,-0.549311577223394));
#4405=CARTESIAN_POINT('Ctrl Pts',(-0.998500298233271,25.1421067886119,0.535105865562647));
#4406=CARTESIAN_POINT('Ctrl Pts',(-0.0912454146788842,25.213597889561,1.12916842178325));
#4407=CARTESIAN_POINT('Ctrl Pts',(0.785480754791006,25.2768531827688,0.739251599127275));
#4408=CARTESIAN_POINT('Ctrl Pts',(0.955842403758569,25.3162781089937,0.208430027049607));
#4409=CARTESIAN_POINT('Ctrl Pts',(0.957265221538959,25.3318726682356,-0.000703005744261895));
#4410=CARTESIAN_POINT('Origin',(0.,19.1681273317644,0.));
#4411=CARTESIAN_POINT('',(0.958093569727363,24.3431273317644,-0.000878118321556576));
#4412=CARTESIAN_POINT('',(0.959650513548088,24.4318726682356,0.000374418860735739));
#4413=CARTESIAN_POINT('',(0.95825,19.1681273317644,-9.75372511459298E-14));
#4414=CARTESIAN_POINT('Ctrl Pts',(0.958093569727363,24.3431273317644,-0.00087811832155664));
#4415=CARTESIAN_POINT('Ctrl Pts',(0.958814511835377,24.3490706071394,-0.0804074399212339));
#4416=CARTESIAN_POINT('Ctrl Pts',(0.913361979276227,24.3788442494973,-0.478007605358814));
#4417=CARTESIAN_POINT('Ctrl Pts',(0.360268789605854,24.4324482588383,-1.07403439677281));
#4418=CARTESIAN_POINT('Ctrl Pts',(-0.707526957225084,24.5039393597873,-0.884731084762761));
#4419=CARTESIAN_POINT('Ctrl Pts',(-1.12696290276411,24.5754304607363,0.115317411872534));
#4420=CARTESIAN_POINT('Ctrl Pts',(-0.51367855288621,24.6469215616853,1.00969194540198));
#4421=CARTESIAN_POINT('Ctrl Pts',(0.570327819953273,24.7184126626343,0.978810333886707));
#4422=CARTESIAN_POINT('Ctrl Pts',(0.953013604652201,24.7671479193273,0.346305667387099));
#4423=CARTESIAN_POINT('Ctrl Pts',(0.959793058698007,24.7920528090374,0.0145778242406628));
#4424=CARTESIAN_POINT('Ctrl Pts',(0.959740801786982,24.7931273317644,0.000263227059077399));
#4425=CARTESIAN_POINT('Ctrl Pts',(0.959650513548088,24.4318726682356,0.000374418860735687));
#4426=CARTESIAN_POINT('Ctrl Pts',(0.958173683453444,24.4541440721807,-0.296395572968625));
#4427=CARTESIAN_POINT('Ctrl Pts',(0.651195756083414,24.5002458431088,-0.913346615607187));
#4428=CARTESIAN_POINT('Ctrl Pts',(-0.399401795475773,24.5701779810199,-1.06010460842611));
#4429=CARTESIAN_POINT('Ctrl Pts',(-1.1074181208736,24.6416690819689,-0.238681149283188));
#4430=CARTESIAN_POINT('Ctrl Pts',(-0.800624468061986,24.7131601829179,0.801463649790668));
#4431=CARTESIAN_POINT('Ctrl Pts',(0.239841133797717,24.7846512838669,1.10716748847402));
#4432=CARTESIAN_POINT('Ctrl Pts',(0.88541888647332,24.8408887789728,0.549539474224326));
#4433=CARTESIAN_POINT('Ctrl Pts',(0.957891612558805,24.8732959070957,0.115706444691551));
#4434=CARTESIAN_POINT('Ctrl Pts',(0.957167236428875,24.8818726682356,0.000656228738518307));
#4435=CARTESIAN_POINT('Origin',(0.,19.1681273317644,0.));
#4436=CARTESIAN_POINT('',(0.956726483416415,23.8931273317644,0.000228637112383465));
#4437=CARTESIAN_POINT('',(0.958289418230098,23.9818726682356,-0.000876725852900634));
#4438=CARTESIAN_POINT('',(0.95825,19.1681273317644,-9.75372511459298E-14));
#4439=CARTESIAN_POINT('Ctrl Pts',(0.956726483416415,23.8931273317644,0.000228637112383509));
#4440=CARTESIAN_POINT('Ctrl Pts',(0.956355385478696,23.9060884052413,-0.173834097758708));
#4441=CARTESIAN_POINT('Ctrl Pts',(0.82759531933067,23.9428798457013,-0.668441810805726));
#4442=CARTESIAN_POINT('Ctrl Pts',(0.0336180601901277,24.0035016531443,-1.13234858287968));
#4443=CARTESIAN_POINT('Ctrl Pts',(-0.933523486813901,24.0749927540933,-0.64177674209967));
#4444=CARTESIAN_POINT('Ctrl Pts',(-1.04520772872894,24.1464838550423,0.436903068202126));
#4445=CARTESIAN_POINT('Ctrl Pts',(-0.199090051774484,24.2179749559913,1.11521596038587));
#4446=CARTESIAN_POINT('Ctrl Pts',(0.743961454119256,24.2835227815653,0.800141245747049));
#4447=CARTESIAN_POINT('Ctrl Pts',(0.955923796880486,24.3252402401564,0.238476138586481));
#4448=CARTESIAN_POINT('Ctrl Pts',(0.958093569727363,24.3431273317644,-0.00087811832155664));
#4449=CARTESIAN_POINT('Ctrl Pts',(0.958289418230098,23.9818726682356,-0.000876725852900677));
#4450=CARTESIAN_POINT('Ctrl Pts',(0.958962775124766,23.9873315032997,-0.0738854473270006));
#4451=CARTESIAN_POINT('Ctrl Pts',(0.917984928636699,24.0166207053468,-0.464863208354138));
#4452=CARTESIAN_POINT('Ctrl Pts',(0.381987642798969,24.0697402743769,-1.06650316964841));
#4453=CARTESIAN_POINT('Ctrl Pts',(-0.689429417096645,24.1412313753259,-0.898905250347806));
#4454=CARTESIAN_POINT('Ctrl Pts',(-1.12907080207169,24.2127224762749,0.0924266982975022));
#4455=CARTESIAN_POINT('Ctrl Pts',(-0.534060268983396,24.2842135772239,0.999061158496695));
#4456=CARTESIAN_POINT('Ctrl Pts',(0.550349581710282,24.3557046781729,0.990181250358994));
#4457=CARTESIAN_POINT('Ctrl Pts',(0.949721388749412,24.4049243751768,0.359363020298211));
#4458=CARTESIAN_POINT('Ctrl Pts',(0.959753889318044,24.4303137051977,0.0211478487336172));
#4459=CARTESIAN_POINT('Ctrl Pts',(0.959650513548088,24.4318726682356,0.000374418860735687));
#4460=CARTESIAN_POINT('Origin',(0.,19.1681273317644,0.));
#4461=CARTESIAN_POINT('',(0.958933496903204,23.4431273317644,0.000770515074472554));
#4462=CARTESIAN_POINT('',(0.956690866360206,23.5318726682356,0.000123718350551819));
#4463=CARTESIAN_POINT('',(0.95825,19.1681273317644,-9.75372511459298E-14));
#4464=CARTESIAN_POINT('Ctrl Pts',(0.958933496903205,23.4431273317644,0.000770515074472525));
#4465=CARTESIAN_POINT('Ctrl Pts',(0.95659883258599,23.4631062033433,-0.265973173873258));
#4466=CARTESIAN_POINT('Ctrl Pts',(0.701947884194921,23.5069154419053,-0.854791847178119));
#4467=CARTESIAN_POINT('Ctrl Pts',(-0.295916846846316,23.5745550474502,-1.09351575520811));
#4468=CARTESIAN_POINT('Ctrl Pts',(-1.07943070408931,23.6460461483993,-0.343762770242867));
#4469=CARTESIAN_POINT('Ctrl Pts',(-0.873781573756312,23.7175372493483,0.721005720158576));
#4470=CARTESIAN_POINT('Ctrl Pts',(0.132578884050885,23.7890283502973,1.12506281008571));
#4471=CARTESIAN_POINT('Ctrl Pts',(0.857024000380252,23.8475583777693,0.611799457116371));
#4472=CARTESIAN_POINT('Ctrl Pts',(0.957037690077787,23.8822580382583,0.146199490309033));
#4473=CARTESIAN_POINT('Ctrl Pts',(0.956726483416415,23.8931273317644,0.000228637112383509));
#4474=CARTESIAN_POINT('Ctrl Pts',(0.956690866360206,23.5318726682356,0.000123718350551871));
#4475=CARTESIAN_POINT('Ctrl Pts',(0.956497968335752,23.5443493014017,-0.167448732362142));
#4476=CARTESIAN_POINT('Ctrl Pts',(0.834719883171596,23.5806563015508,-0.655346790973448));
#4477=CARTESIAN_POINT('Ctrl Pts',(0.0565873945073064,23.6407936686828,-1.13143335509564));
#4478=CARTESIAN_POINT('Ctrl Pts',(-0.920309162623903,23.7122847696319,-0.660586569218106));
#4479=CARTESIAN_POINT('Ctrl Pts',(-1.05385768700045,23.7837758705808,0.415605035823116));
#4480=CARTESIAN_POINT('Ctrl Pts',(-0.221677689650184,23.8552669715298,1.11094670085379));
#4481=CARTESIAN_POINT('Ctrl Pts',(0.734588376542452,23.9212992374148,0.812885407074609));
#4482=CARTESIAN_POINT('Ctrl Pts',(0.956023257494698,23.9635011363167,0.244831752453744));
#4483=CARTESIAN_POINT('Ctrl Pts',(0.958289418230098,23.9818726682356,-0.000876725852900677));
#4484=CARTESIAN_POINT('Origin',(0.,19.1681273317644,0.));
#4485=CARTESIAN_POINT('',(0.959185393060246,22.9931273317644,-0.000679333895280006));
#4486=CARTESIAN_POINT('',(0.95874420984582,23.0818726682356,0.000818826663098252));
#4487=CARTESIAN_POINT('',(0.95825,19.1681273317644,-9.75372511459298E-14));
#4488=CARTESIAN_POINT('Ctrl Pts',(0.959185393060246,22.9931273317644,-0.000679333895279941));
#4489=CARTESIAN_POINT('Ctrl Pts',(0.959524795792376,22.9962936344623,-0.0429246718298407));
#4490=CARTESIAN_POINT('Ctrl Pts',(0.93779108275614,23.0232903041433,-0.402767266129052));
#4491=CARTESIAN_POINT('Ctrl Pts',(0.482485998650023,23.0741173408072,-1.02496377899063));
#4492=CARTESIAN_POINT('Ctrl Pts',(-0.600064308417209,23.1456084417562,-0.96086747936426));
#4493=CARTESIAN_POINT('Ctrl Pts',(-1.13273086490788,23.2170995427052,-0.0162565316437205));
#4494=CARTESIAN_POINT('Ctrl Pts',(-0.627391514944452,23.2885906436542,0.943251490384079));
#4495=CARTESIAN_POINT('Ctrl Pts',(0.452873546277433,23.3600817446033,1.0383877109337));
#4496=CARTESIAN_POINT('Ctrl Pts',(0.932222586276722,23.4115939739733,0.42130534436181));
#4497=CARTESIAN_POINT('Ctrl Pts',(0.95938356981409,23.4392758363603,0.0521929434123272));
#4498=CARTESIAN_POINT('Ctrl Pts',(0.958933496903205,23.4431273317644,0.000770515074472525));
#4499=CARTESIAN_POINT('Ctrl Pts',(0.958744209845819,23.0818726682356,0.000818826663098226));
#4500=CARTESIAN_POINT('Ctrl Pts',(0.956383326043478,23.1013670995037,-0.259590008519199));
#4501=CARTESIAN_POINT('Ctrl Pts',(0.712037173448837,23.1446918977548,-0.842227231212107));
#4502=CARTESIAN_POINT('Ctrl Pts',(-0.273667627754254,23.2118470629888,-1.09929504672828));
#4503=CARTESIAN_POINT('Ctrl Pts',(-1.07223328613708,23.2833381639378,-0.36559451629043));
#4504=CARTESIAN_POINT('Ctrl Pts',(-0.888231488659712,23.3548292648868,0.703127579316557));
#4505=CARTESIAN_POINT('Ctrl Pts',(0.109723172724621,23.4263203658358,1.12752135040053));
#4506=CARTESIAN_POINT('Ctrl Pts',(0.850514725527404,23.4853348336187,0.624937589912184));
#4507=CARTESIAN_POINT('Ctrl Pts',(0.956866403525906,23.5205189344187,0.152614616745956));
#4508=CARTESIAN_POINT('Ctrl Pts',(0.956690866360206,23.5318726682356,0.000123718350551871));
#4509=CARTESIAN_POINT('Origin',(0.,19.1681273317644,0.));
#4510=CARTESIAN_POINT('',(0.956812680390645,22.5431273317644,-0.00037106625347194));
#4511=CARTESIAN_POINT('',(0.959347547068468,22.6318726682356,-0.00059978900980584));
#4512=CARTESIAN_POINT('',(0.95825,19.1681273317644,-9.75372511459298E-14));
#4513=CARTESIAN_POINT('Ctrl Pts',(0.956812680390645,22.5431273317644,-0.000371066253471893));
#4514=CARTESIAN_POINT('Ctrl Pts',(0.957288338677651,22.5533114325643,-0.137109256140394));
#4515=CARTESIAN_POINT('Ctrl Pts',(0.865923123769501,22.5873259003472,-0.593202688868431));
#4516=CARTESIAN_POINT('Ctrl Pts',(0.164810596123352,22.6451707351132,-1.120794786989));
#4517=CARTESIAN_POINT('Ctrl Pts',(-0.852730754050063,22.7166618360622,-0.745783982285229));
#4518=CARTESIAN_POINT('Ctrl Pts',(-1.08885121534264,22.7881529370112,0.31264439541256));
#4519=CARTESIAN_POINT('Ctrl Pts',(-0.327175970885379,22.8596440379603,1.08457335907319));
#4520=CARTESIAN_POINT('Ctrl Pts',(0.687302184795154,22.9279688362112,0.87245663368594));
#4521=CARTESIAN_POINT('Ctrl Pts',(0.956970367983895,22.9724632674793,0.275024053336215));
#4522=CARTESIAN_POINT('Ctrl Pts',(0.959185393060246,22.9931273317644,-0.000679333895279941));
#4523=CARTESIAN_POINT('Ctrl Pts',(0.959347547068468,22.6318726682356,-0.000599789009805957));
#4524=CARTESIAN_POINT('Ctrl Pts',(0.959609410027627,22.6345545306227,-0.0363658195326073));
#4525=CARTESIAN_POINT('Ctrl Pts',(0.941552149785501,22.6610667599927,-0.38967291342629));
#4526=CARTESIAN_POINT('Ctrl Pts',(0.503184011650322,22.7114093563458,-1.01496276811592));
#4527=CARTESIAN_POINT('Ctrl Pts',(-0.580444020628882,22.7829004572948,-0.97284547033852));
#4528=CARTESIAN_POINT('Ctrl Pts',(-1.13216783766648,22.8543915582438,-0.0392371965819208));
#4529=CARTESIAN_POINT('Ctrl Pts',(-0.646401692169373,22.9258826591928,0.930327051419328));
#4530=CARTESIAN_POINT('Ctrl Pts',(0.431710610036651,22.9973737601418,1.04736312682077));
#4531=CARTESIAN_POINT('Ctrl Pts',(0.928106873214345,23.0493704298227,0.434423549766238));
#4532=CARTESIAN_POINT('Ctrl Pts',(0.959269315721269,23.0775367325207,0.05873875022632));
#4533=CARTESIAN_POINT('Ctrl Pts',(0.958744209845819,23.0818726682356,0.000818826663098226));
#4534=CARTESIAN_POINT('Origin',(0.,19.1681273317644,0.));
#4535=CARTESIAN_POINT('',(0.957824574593318,22.0931273317644,0.000856333477810418));
#4536=CARTESIAN_POINT('',(0.956898018624715,22.1818726682356,-0.000465528045427432));
#4537=CARTESIAN_POINT('',(0.95825,19.1681273317644,-9.75372511459298E-14));
#4538=CARTESIAN_POINT('Ctrl Pts',(0.957824574593318,22.0931273317644,0.000856333477810408));
#4539=CARTESIAN_POINT('Ctrl Pts',(0.955835788057673,22.1103292306663,-0.229493537142975));
#4540=CARTESIAN_POINT('Ctrl Pts',(0.756857533419801,22.1513614965512,-0.782037107315753));
#4541=CARTESIAN_POINT('Ctrl Pts',(-0.167004319129325,22.2162241294192,-1.12047001054811));
#4542=CARTESIAN_POINT('Ctrl Pts',(-1.03223929823111,22.2877152303681,-0.466717814447076));
#4543=CARTESIAN_POINT('Ctrl Pts',(-0.951556300138062,22.3592063313172,0.614722778821237));
#4544=CARTESIAN_POINT('Ctrl Pts',(0.00110881697871942,22.4306974322661,
1.13284697009894));
#4545=CARTESIAN_POINT('Ctrl Pts',(0.817192863257397,22.4920044324153,0.686932572673825));
#4546=CARTESIAN_POINT('Ctrl Pts',(0.956175318317725,22.5294810655813,0.182852349661633));
#4547=CARTESIAN_POINT('Ctrl Pts',(0.956812680390645,22.5431273317644,-0.000371066253471893));
#4548=CARTESIAN_POINT('Ctrl Pts',(0.956898018624715,22.1818726682356,-0.000465528045427528));
#4549=CARTESIAN_POINT('Ctrl Pts',(0.957469323429064,22.1915723287247,-0.130670297192107));
#4550=CARTESIAN_POINT('Ctrl Pts',(0.872000600373626,22.2251023561967,-0.580047032891084));
#4551=CARTESIAN_POINT('Ctrl Pts',(0.187518489124631,22.2824627506517,-1.11721993648512));
#4552=CARTESIAN_POINT('Ctrl Pts',(-0.837422671064962,22.3539538516008,-0.762933050947571));
#4553=CARTESIAN_POINT('Ctrl Pts',(-1.09497088232561,22.4254449525497,0.290486380232967));
#4554=CARTESIAN_POINT('Ctrl Pts',(-0.349115479841306,22.4969360534987,1.07771144188849));
#4555=CARTESIAN_POINT('Ctrl Pts',(0.676679811592654,22.5657452920607,0.884865247321613));
#4556=CARTESIAN_POINT('Ctrl Pts',(0.957282560430057,22.6107241636397,0.281442296574014));
#4557=CARTESIAN_POINT('Ctrl Pts',(0.959347547068468,22.6318726682356,-0.000599789009805957));
#4558=CARTESIAN_POINT('Origin',(0.,19.1681273317644,0.));
#4559=CARTESIAN_POINT('',(0.959816566248413,21.6431273317644,-9.6921451737923E-5));
#4560=CARTESIAN_POINT('',(0.957643567149986,21.7318726682356,0.000824778947915994));
#4561=CARTESIAN_POINT('',(0.95825,19.1681273317644,-9.75372511459298E-14));
#4562=CARTESIAN_POINT('Ctrl Pts',(0.959816566248413,21.6431273317644,-9.69214517380934E-5));
#4563=CARTESIAN_POINT('Ctrl Pts',(0.959824022153547,21.6435166617853,-0.00528240828867394));
#4564=CARTESIAN_POINT('Ctrl Pts',(0.957436199014312,21.6677363587892,-0.327857516121778));
#4565=CARTESIAN_POINT('Ctrl Pts',(0.598182189332263,21.7157864227761,-0.962040308189249));
#4566=CARTESIAN_POINT('Ctrl Pts',(-0.484491516635079,21.7872775237251,-1.02401731325834));
#4567=CARTESIAN_POINT('Ctrl Pts',(-1.12318945457737,21.8587686246741,-0.147610759368284));
#4568=CARTESIAN_POINT('Ctrl Pts',(-0.732624993011181,21.9302597256231,0.864062559442495));
#4569=CARTESIAN_POINT('Ctrl Pts',(0.329298476658328,22.0017508265722,1.08393080981659));
#4570=CARTESIAN_POINT('Ctrl Pts',(0.906553891804825,22.0560400286192,0.496609118574794));
#4571=CARTESIAN_POINT('Ctrl Pts',(0.958590920689569,22.0864988636833,0.0896178576325089));
#4572=CARTESIAN_POINT('Ctrl Pts',(0.957824574593318,22.0931273317644,0.000856333477810408));
#4573=CARTESIAN_POINT('Ctrl Pts',(0.957643567149986,21.7318726682356,0.000824778947915994));
#4574=CARTESIAN_POINT('Ctrl Pts',(0.955808260920364,21.7485901268267,-0.22314521867349));
#4575=CARTESIAN_POINT('Ctrl Pts',(0.765722542853761,21.7891379524007,-0.769186030368776));
#4576=CARTESIAN_POINT('Ctrl Pts',(-0.144234712980251,21.8535161449577,-1.12362801579367));
#4577=CARTESIAN_POINT('Ctrl Pts',(-1.02255673873232,21.9250072459067,-0.487566699347217));
#4578=CARTESIAN_POINT('Ctrl Pts',(-0.963833639825706,21.9964983468557,0.595288404865157));
#4579=CARTESIAN_POINT('Ctrl Pts',(-0.0218777784329385,22.0679894478047,
1.13263627571357));
#4580=CARTESIAN_POINT('Ctrl Pts',(0.809605000938094,22.1297808882647,0.69998067579909));
#4581=CARTESIAN_POINT('Ctrl Pts',(0.956065727585458,22.1677419617417,0.18922001600082));
#4582=CARTESIAN_POINT('Ctrl Pts',(0.956898018624715,22.1818726682356,-0.000465528045427528));
#4583=CARTESIAN_POINT('Origin',(0.,19.1681273317644,0.));
#4584=CARTESIAN_POINT('',(0.957538443099669,21.1931273317644,-0.000799394792155989));
#4585=CARTESIAN_POINT('',(0.959828284835169,21.2818726682356,2.37360747401094E-5));
#4586=CARTESIAN_POINT('',(0.95825,19.1681273317644,-9.75372511459298E-14));
#4587=CARTESIAN_POINT('Ctrl Pts',(0.957538443099669,21.1931273317644,-0.00079939479215578));
#4588=CARTESIAN_POINT('Ctrl Pts',(0.958320436478195,21.2005344598873,-0.100062974986743));
#4589=CARTESIAN_POINT('Ctrl Pts',(0.898426753887381,21.2317719549932,-0.51775896098861));
#4590=CARTESIAN_POINT('Ctrl Pts',(0.293775637383273,21.2868398170821,-1.09409291766069));
#4591=CARTESIAN_POINT('Ctrl Pts',(-0.760412974498035,21.3583309180311,-0.839711623480572));
#4592=CARTESIAN_POINT('Ctrl Pts',(-1.11777838311246,21.4298220189801,0.184160197063749));
#4593=CARTESIAN_POINT('Ctrl Pts',(-0.45083995709125,21.5013131199291,1.03927225181608));
#4594=CARTESIAN_POINT('Ctrl Pts',(0.623354858003856,21.5724148908572,0.942551132472435));
#4595=CARTESIAN_POINT('Ctrl Pts',(0.959367656227533,21.6196862948023,0.312114267209908));
#4596=CARTESIAN_POINT('Ctrl Pts',(0.959816566248413,21.6431273317644,-9.69214517380934E-5));
#4597=CARTESIAN_POINT('Ctrl Pts',(0.959828003991686,21.2818726682356,2.37318510906904E-5));
#4598=CARTESIAN_POINT('Ctrl Pts',(0.959713098006099,21.3056079249287,-0.31609605058027));
#4599=CARTESIAN_POINT('Ctrl Pts',(0.616141220976827,21.3531735486046,-0.949816341791314));
#4600=CARTESIAN_POINT('Ctrl Pts',(-0.463613658213893,21.4245695392637,-1.0336372423168));
#4601=CARTESIAN_POINT('Ctrl Pts',(-1.1199631097973,21.4960606402127,-0.170370781956174));
#4602=CARTESIAN_POINT('Ctrl Pts',(-0.750006701625107,21.5675517411617,0.849019149866956));
#4603=CARTESIAN_POINT('Ctrl Pts',(0.307236872158142,21.6390428421107,1.09038941439995));
#4604=CARTESIAN_POINT('Ctrl Pts',(0.901547005805907,21.6938164844687,0.509766327338297));
#4605=CARTESIAN_POINT('Ctrl Pts',(0.958424449304499,21.7247597598437,0.0961190527131715));
#4606=CARTESIAN_POINT('Ctrl Pts',(0.957643567149986,21.7318726682356,0.000824778947915994));
#4607=CARTESIAN_POINT('Origin',(0.,19.1681273317644,0.));
#4608=CARTESIAN_POINT('',(0.956958988068508,20.7431273317644,0.000520721757374722));
#4609=CARTESIAN_POINT('',(0.957713548150975,20.8318726682356,-0.000838694424517145));
#4610=CARTESIAN_POINT('',(0.95825,19.1681273317644,-9.75372511459298E-14));
#4611=CARTESIAN_POINT('Ctrl Pts',(0.956958988068508,20.7431273317644,0.000520721757374682));
#4612=CARTESIAN_POINT('Ctrl Pts',(0.956007032045932,20.7575522579893,-0.193083747089857));
#4613=CARTESIAN_POINT('Ctrl Pts',(0.804901507480001,20.7958075511971,-0.707895543082418));
#4614=CARTESIAN_POINT('Ctrl Pts',(-0.035834874637802,20.8578932113881,-1.13227951858501));
#4615=CARTESIAN_POINT('Ctrl Pts',(-0.971096592370158,20.929384312337,-0.583365518995006));
#4616=CARTESIAN_POINT('Ctrl Pts',(-1.0164703699858,21.0008754132861,0.50013187255848));
#4617=CARTESIAN_POINT('Ctrl Pts',(-0.130376204944805,21.0723665142351,1.12532003482305));
#4618=CARTESIAN_POINT('Ctrl Pts',(0.771005367715247,21.1364504870612,0.761361922741264));
#4619=CARTESIAN_POINT('Ctrl Pts',(0.955804591081792,21.1767040929043,0.21928988415573));
#4620=CARTESIAN_POINT('Ctrl Pts',(0.957538443099669,21.1931273317644,-0.00079939479215578));
#4621=CARTESIAN_POINT('Ctrl Pts',(0.957713548150975,20.8318726682356,-0.000838694424517136));
#4622=CARTESIAN_POINT('Ctrl Pts',(0.958490578698189,20.8387953560476,-0.0935673957671804));
#4623=CARTESIAN_POINT('Ctrl Pts',(0.903532384294362,20.8695484108426,-0.50459972408958));
#4624=CARTESIAN_POINT('Ctrl Pts',(0.315915129730444,20.9241318326207,-1.08790663665611));
#4625=CARTESIAN_POINT('Ctrl Pts',(-0.743218001490197,20.9956229335696,-0.854968220430037));
#4626=CARTESIAN_POINT('Ctrl Pts',(-1.1212850627173,21.0671140345186,0.161441708124985));
#4627=CARTESIAN_POINT('Ctrl Pts',(-0.471834807417456,21.1386051354677,1.02991040159067));
#4628=CARTESIAN_POINT('Ctrl Pts',(0.609992900073317,21.2100962364166,0.954595331709984));
#4629=CARTESIAN_POINT('Ctrl Pts',(0.959252257326916,21.2578520806727,0.319943283385135));
#4630=CARTESIAN_POINT('Ctrl Pts',(0.959828464435058,21.2817775579456,0.00129046532555108));
#4631=CARTESIAN_POINT('Ctrl Pts',(0.959828003991686,21.2818726682356,2.37318510906904E-5));
#4632=CARTESIAN_POINT('Origin',(0.,19.1681273317644,0.));
#4633=CARTESIAN_POINT('',(0.959424916072338,20.2931273317644,0.000608398066471063));
#4634=CARTESIAN_POINT('',(0.956859569813706,20.3818726682356,0.000435907092289425));
#4635=CARTESIAN_POINT('',(0.95825,19.1681273317644,-9.75372511459298E-14));
#4636=CARTESIAN_POINT('Ctrl Pts',(0.959424916072338,20.2931273317644,0.000608398066471081));
#4637=CARTESIAN_POINT('Ctrl Pts',(0.957476475078676,20.3145700560913,-0.285268955904962));
#4638=CARTESIAN_POINT('Ctrl Pts',(0.670139926942564,20.3598431474012,-0.892467035112196));
#4639=CARTESIAN_POINT('Ctrl Pts',(-0.362381857935635,20.428946605694,-1.07327223954766));
#4640=CARTESIAN_POINT('Ctrl Pts',(-1.09846177334433,20.500437706643,-0.276998482450311));
#4641=CARTESIAN_POINT('Ctrl Pts',(-0.827959754920149,20.571928807592,0.773210262006871));
#4642=CARTESIAN_POINT('Ctrl Pts',(0.20127437130417,20.643419908541,1.11481637667384));
#4643=CARTESIAN_POINT('Ctrl Pts',(0.87560577081883,20.7004860832652,0.57205652078745));
#4644=CARTESIAN_POINT('Ctrl Pts',(0.957579689057552,20.7337218910063,0.126756054531943));
#4645=CARTESIAN_POINT('Ctrl Pts',(0.956958988068508,20.7431273317644,0.000520721757374682));
#4646=CARTESIAN_POINT('Ctrl Pts',(0.956859569813706,20.3818726682356,0.000435907092289391));
#4647=CARTESIAN_POINT('Ctrl Pts',(0.956105416409141,20.3958131541496,-0.186716676154169));
#4648=CARTESIAN_POINT('Ctrl Pts',(0.812611999524994,20.4335840070466,-0.694871029837025));
#4649=CARTESIAN_POINT('Ctrl Pts',(-0.0128552449558299,20.4951852269266,
-1.13276730652705));
#4650=CARTESIAN_POINT('Ctrl Pts',(-0.959058392167258,20.5666763278756,-0.602953009998092));
#4651=CARTESIAN_POINT('Ctrl Pts',(-1.02640990954436,20.6381674288247,0.479405619534811));
#4652=CARTESIAN_POINT('Ctrl Pts',(-0.153182641508169,20.7096585297736,1.12244207479587));
#4653=CARTESIAN_POINT('Ctrl Pts',(0.762266265648053,20.7742269429107,0.774237339089245));
#4654=CARTESIAN_POINT('Ctrl Pts',(0.955815761690693,20.8149649890646,0.225637953782431));
#4655=CARTESIAN_POINT('Ctrl Pts',(0.957713548150975,20.8318726682356,-0.000838694424517136));
#4656=CARTESIAN_POINT('Ctrl Pts',(0.418777734803976,19.8517653183856,0.861898063191031));
#4657=CARTESIAN_POINT('Ctrl Pts',(0.705561121955079,19.8755956853686,0.722556182312559));
#4658=CARTESIAN_POINT('Ctrl Pts',(1.12410996749139,19.9232564193346,0.137465617379535));
#4659=CARTESIAN_POINT('Ctrl Pts',(0.72390692372007,19.9947475202836,-0.872338814047313));
#4660=CARTESIAN_POINT('Ctrl Pts',(-0.340661441987365,20.0662386212326,-1.08008638295919));
#4661=CARTESIAN_POINT('Ctrl Pts',(-1.09254672345131,20.1377297221816,-0.299394812940799));
#4662=CARTESIAN_POINT('Ctrl Pts',(-0.843513939776163,20.2092208231306,0.756336700810937));
#4663=CARTESIAN_POINT('Ctrl Pts',(0.178630920262428,20.2807119240796,1.11862642788668));
#4664=CARTESIAN_POINT('Ctrl Pts',(1.03701156950795,20.3522030250286,0.456019180265078));
#4665=CARTESIAN_POINT('Ctrl Pts',(0.945138155503423,20.4236941259776,-0.624568167240103));
#4666=CARTESIAN_POINT('Ctrl Pts',(-0.0128552449558299,20.4951852269266,
-1.13276730652705));
#4667=CARTESIAN_POINT('Ctrl Pts',(-0.959058392167258,20.5666763278756,-0.602953009998092));
#4668=CARTESIAN_POINT('Ctrl Pts',(-1.02640990954436,20.6381674288247,0.479405619534811));
#4669=CARTESIAN_POINT('Ctrl Pts',(-0.153182641508169,20.7096585297736,1.12244207479587));
#4670=CARTESIAN_POINT('Ctrl Pts',(0.86041591319528,20.7811496307227,0.73690464709877));
#4671=CARTESIAN_POINT('Ctrl Pts',(1.08555182704601,20.8526407316716,-0.323915446434499));
#4672=CARTESIAN_POINT('Ctrl Pts',(0.315915129730444,20.9241318326207,-1.08790663665611));
#4673=CARTESIAN_POINT('Ctrl Pts',(-0.743218001490197,20.9956229335696,-0.854968220430037));
#4674=CARTESIAN_POINT('Ctrl Pts',(-1.1212850627173,21.0671140345186,0.161441708124985));
#4675=CARTESIAN_POINT('Ctrl Pts',(-0.471834807417456,21.1386051354677,1.02991040159067));
#4676=CARTESIAN_POINT('Ctrl Pts',(0.609992900073317,21.2100962364166,0.954595331709984));
#4677=CARTESIAN_POINT('Ctrl Pts',(1.13283856128617,21.2815873373657,0.00451321377962129));
#4678=CARTESIAN_POINT('Ctrl Pts',(0.617579618269557,21.3530784383147,-0.949704679636584));
#4679=CARTESIAN_POINT('Ctrl Pts',(-0.463613658213893,21.4245695392637,-1.0336372423168));
#4680=CARTESIAN_POINT('Ctrl Pts',(-1.1199631097973,21.4960606402127,-0.170370781956174));
#4681=CARTESIAN_POINT('Ctrl Pts',(-0.750006701625107,21.5675517411617,0.849019149866956));
#4682=CARTESIAN_POINT('Ctrl Pts',(0.307236872158142,21.6390428421107,1.09038941439995));
#4683=CARTESIAN_POINT('Ctrl Pts',(1.08293634969049,21.7105339430597,0.332554405744557));
#4684=CARTESIAN_POINT('Ctrl Pts',(0.866260354561177,21.7820250440087,-0.730025046307838));
#4685=CARTESIAN_POINT('Ctrl Pts',(-0.144234712980251,21.8535161449577,-1.12362801579367));
#4686=CARTESIAN_POINT('Ctrl Pts',(-1.02255673873232,21.9250072459067,-0.487566699347217));
#4687=CARTESIAN_POINT('Ctrl Pts',(-0.963833639825706,21.9964983468557,0.595288404865157));
#4688=CARTESIAN_POINT('Ctrl Pts',(-0.0218777784329385,22.0679894478047,
1.13263627571357));
#4689=CARTESIAN_POINT('Ctrl Pts',(0.940126325612548,22.1394805487537,0.632064919237811));
#4690=CARTESIAN_POINT('Ctrl Pts',(1.04062245010675,22.2109716497028,-0.447714737945846));
#4691=CARTESIAN_POINT('Ctrl Pts',(0.187518489124631,22.2824627506517,-1.11721993648512));
#4692=CARTESIAN_POINT('Ctrl Pts',(-0.837422671064962,22.3539538516008,-0.762933050947571));
#4693=CARTESIAN_POINT('Ctrl Pts',(-1.09497088232561,22.4254449525497,0.290486380232967));
#4694=CARTESIAN_POINT('Ctrl Pts',(-0.349115479841306,22.4969360534987,1.07771144188849));
#4695=CARTESIAN_POINT('Ctrl Pts',(0.716660515730603,22.5684271544478,0.877349004350435));
#4696=CARTESIAN_POINT('Ctrl Pts',(1.12570694623378,22.6399182553967,-0.126993863800574));
#4697=CARTESIAN_POINT('Ctrl Pts',(0.503184011650322,22.7114093563458,-1.01496276811592));
#4698=CARTESIAN_POINT('Ctrl Pts',(-0.580444020628882,22.7829004572948,-0.97284547033852));
#4699=CARTESIAN_POINT('Ctrl Pts',(-1.13216783766648,22.8543915582438,-0.0392371965819208));
#4700=CARTESIAN_POINT('Ctrl Pts',(-0.646401692169373,22.9258826591928,0.930327051419328));
#4701=CARTESIAN_POINT('Ctrl Pts',(0.431710610036651,22.9973737601418,1.04736312682077));
#4702=CARTESIAN_POINT('Ctrl Pts',(1.11421423150508,23.0688648610908,0.204622131143095));
#4703=CARTESIAN_POINT('Ctrl Pts',(0.775680120897981,23.1403559620398,-0.825629408563995));
#4704=CARTESIAN_POINT('Ctrl Pts',(-0.273667627754254,23.2118470629888,-1.09929504672828));
#4705=CARTESIAN_POINT('Ctrl Pts',(-1.07223328613708,23.2833381639378,-0.36559451629043));
#4706=CARTESIAN_POINT('Ctrl Pts',(-0.888231488659712,23.3548292648868,0.703127579316557));
#4707=CARTESIAN_POINT('Ctrl Pts',(0.109723172724621,23.4263203658358,1.12752135040053));
#4708=CARTESIAN_POINT('Ctrl Pts',(1.00713029462542,23.4978114667848,0.51868308232433));
#4709=CARTESIAN_POINT('Ctrl Pts',(0.981628694979094,23.5693025677339,-0.565463239686747));
#4710=CARTESIAN_POINT('Ctrl Pts',(0.0565873945073064,23.6407936686828,-1.13143335509564));
#4711=CARTESIAN_POINT('Ctrl Pts',(-0.920309162623903,23.7122847696319,-0.660586569218106));
#4712=CARTESIAN_POINT('Ctrl Pts',(-1.05385768700045,23.7837758705808,0.415605035823116));
#4713=CARTESIAN_POINT('Ctrl Pts',(-0.221677689650184,23.8552669715298,1.11094670085379));
#4714=CARTESIAN_POINT('Ctrl Pts',(0.813642134016353,23.9267580724789,0.788244916249088));
#4715=CARTESIAN_POINT('Ctrl Pts',(1.10336089130026,23.9982491734278,-0.256784567009003));
#4716=CARTESIAN_POINT('Ctrl Pts',(0.381987642798969,24.0697402743769,-1.06650316964841));
#4717=CARTESIAN_POINT('Ctrl Pts',(-0.689429417096645,24.1412313753259,-0.898905250347806));
#4718=CARTESIAN_POINT('Ctrl Pts',(-1.12907080207169,24.2127224762749,0.0924266982975022));
#4719=CARTESIAN_POINT('Ctrl Pts',(-0.534060268983396,24.2842135772239,0.999061158496695));
#4720=CARTESIAN_POINT('Ctrl Pts',(0.550349581710282,24.3557046781729,0.990181250358994));
#4721=CARTESIAN_POINT('Ctrl Pts',(1.130433001788,24.4271957791219,0.0739242940807134));
#4722=CARTESIAN_POINT('Ctrl Pts',(0.674616214824223,24.4986868800709,-0.910075011261071));
#4723=CARTESIAN_POINT('Ctrl Pts',(-0.399401795475773,24.5701779810199,-1.06010460842611));
#4724=CARTESIAN_POINT('Ctrl Pts',(-1.1074181208736,24.6416690819689,-0.238681149283188));
#4725=CARTESIAN_POINT('Ctrl Pts',(-0.800624468061986,24.7131601829179,0.801463649790668));
#4726=CARTESIAN_POINT('Ctrl Pts',(0.239841133797717,24.7846512838669,1.10716748847402));
#4727=CARTESIAN_POINT('Ctrl Pts',(1.06052249949595,24.8561423848159,0.398290953634707));
#4728=CARTESIAN_POINT('Ctrl Pts',(0.909367664734738,24.927633485765,-0.675569144949584));
#4729=CARTESIAN_POINT('Ctrl Pts',(-0.0751082809449188,24.9991245867139,
-1.13035513524524));
#4730=CARTESIAN_POINT('Ctrl Pts',(-0.990757686684177,25.070615687663,-0.549311577223394));
#4731=CARTESIAN_POINT('Ctrl Pts',(-0.998500298233271,25.1421067886119,0.535105865562647));
#4732=CARTESIAN_POINT('Ctrl Pts',(-0.0912454146788842,25.213597889561,1.12916842178325));
#4733=CARTESIAN_POINT('Ctrl Pts',(0.899630066369114,25.2850889905099,0.688484622585653));
#4734=CARTESIAN_POINT('Ctrl Pts',(1.06609653042411,25.356580091459,-0.383099485613194));
#4735=CARTESIAN_POINT('Ctrl Pts',(0.255639846902778,25.428071192408,-1.10363934199248));
#4736=CARTESIAN_POINT('Ctrl Pts',(-0.789118611492364,25.499562293357,-0.812796595132716));
#4737=CARTESIAN_POINT('Ctrl Pts',(-1.1106720302279,25.571053394306,0.222804246166344));
#4738=CARTESIAN_POINT('Ctrl Pts',(-0.414581235157765,25.642544495255,1.05436396516826));
#4739=CARTESIAN_POINT('Ctrl Pts',(0.66170517467488,25.7140355962039,0.919479123606694));
#4740=CARTESIAN_POINT('Ctrl Pts',(1.13107456949635,25.785526697153,-0.057507659919483));
#4741=CARTESIAN_POINT('Ctrl Pts',(0.565019579298326,25.857017798102,-0.982735526839681));
#4742=CARTESIAN_POINT('Ctrl Pts',(-0.520957927904348,25.928508899051,-1.00554604684651));
#4743=CARTESIAN_POINT('Ctrl Pts',(-0.923291980669733,25.976169633017,-0.409189261642546));
#4744=CARTESIAN_POINT('Ctrl Pts',(-0.953841396803778,26.,-0.0918131376406306));
#4745=CARTESIAN_POINT('Ctrl Pts',(0.456179659636013,19.9011768789237,0.938876001350631));
#4746=CARTESIAN_POINT('Ctrl Pts',(0.768576277381446,19.9250072459067,0.787089202508669));
#4747=CARTESIAN_POINT('Ctrl Pts',(1.22450660516542,19.9726679798727,0.149742962283343));
#4748=CARTESIAN_POINT('Ctrl Pts',(0.788560581486885,20.0441590808217,-0.950249237738634));
#4749=CARTESIAN_POINT('Ctrl Pts',(-0.371086635562537,20.1156501817707,-1.17655118122853));
#4750=CARTESIAN_POINT('Ctrl Pts',(-1.19012438107236,20.1871412827197,-0.32613439663419));
#4751=CARTESIAN_POINT('Ctrl Pts',(-0.918849953007766,20.2586323836687,0.823886730529412));
#4752=CARTESIAN_POINT('Ctrl Pts',(0.194584825394127,20.3301234846177,1.21853331904588));
#4753=CARTESIAN_POINT('Ctrl Pts',(1.12962926512362,20.4016145855667,0.496747217323287));
#4754=CARTESIAN_POINT('Ctrl Pts',(1.02955044228506,20.4731056865158,-0.680349670653921));
#4755=CARTESIAN_POINT('Ctrl Pts',(-0.0140033740600595,20.5445967874647,
-1.2339371494528));
#4756=CARTESIAN_POINT('Ctrl Pts',(-1.04471392471406,20.6160878884138,-0.656804018022107));
#4757=CARTESIAN_POINT('Ctrl Pts',(-1.11808074849576,20.6875789893628,0.52222234892538));
#4758=CARTESIAN_POINT('Ctrl Pts',(-0.166863707064218,20.7590700903118,1.22268974944718));
#4759=CARTESIAN_POINT('Ctrl Pts',(0.93726147740534,20.8305611912608,0.802719159018983));
#4760=CARTESIAN_POINT('Ctrl Pts',(1.18250475568122,20.9020522922098,-0.352845019744189));
#4761=CARTESIAN_POINT('Ctrl Pts',(0.344130177841869,20.9735433931588,-1.18506987831589));
#4762=CARTESIAN_POINT('Ctrl Pts',(-0.809596372438136,21.0450344941078,-0.931327239682296));
#4763=CARTESIAN_POINT('Ctrl Pts',(-1.22142940217383,21.1165255950568,0.175860408381028));
#4764=CARTESIAN_POINT('Ctrl Pts',(-0.513975371572412,21.1880166960058,1.12189387688709));
#4765=CARTESIAN_POINT('Ctrl Pts',(0.664472655562942,21.2595077969548,1.03985225889202));
#4766=CARTESIAN_POINT('Ctrl Pts',(1.2340147681251,21.3309988979038,0.00491629844366052));
#4767=CARTESIAN_POINT('Ctrl Pts',(0.672736959600362,21.4024899988528,-1.03452481234262));
#4768=CARTESIAN_POINT('Ctrl Pts',(-0.505019974153153,21.4739810998018,-1.12595356963739));
#4769=CARTESIAN_POINT('Ctrl Pts',(-1.2199893828438,21.5454722007508,-0.185586956673027));
#4770=CARTESIAN_POINT('Ctrl Pts',(-0.816991385734079,21.6169633016998,0.9248468450503));
#4771=CARTESIAN_POINT('Ctrl Pts',(0.334676846739088,21.6884544026489,1.18777439818887));
#4772=CARTESIAN_POINT('Ctrl Pts',(1.1796556845137,21.7599455035978,0.362255542773844));
#4773=CARTESIAN_POINT('Ctrl Pts',(0.943627898185355,21.8314366045468,-0.795225126537254));
#4774=CARTESIAN_POINT('Ctrl Pts',(-0.157116620122664,21.9029277054959,-1.22398160934268));
#4775=CARTESIAN_POINT('Ctrl Pts',(-1.11388344285251,21.9744188064448,-0.531112312029163));
#4776=CARTESIAN_POINT('Ctrl Pts',(-1.04991565983623,22.0459099073938,0.648454870801013));
#4777=CARTESIAN_POINT('Ctrl Pts',(-0.0238317290765382,22.1174010083429,
1.23379441600036));
#4778=CARTESIAN_POINT('Ctrl Pts',(1.02409099527113,22.1888921092919,0.688515973421421));
#4779=CARTESIAN_POINT('Ctrl Pts',(1.13356264110246,22.2603832102409,-0.48770108770411));
#4780=CARTESIAN_POINT('Ctrl Pts',(0.204266161820614,22.3318743111899,-1.21700121092378));
#4781=CARTESIAN_POINT('Ctrl Pts',(-0.912214660210422,22.4033654121389,-0.831072214642087));
#4782=CARTESIAN_POINT('Ctrl Pts',(-1.19276504670064,22.4748565130879,0.316430332967912));
#4783=CARTESIAN_POINT('Ctrl Pts',(-0.380295721409889,22.5463476140369,1.17396412914995));
#4784=CARTESIAN_POINT('Ctrl Pts',(0.780666981480254,22.6178387149859,0.955706898729769));
#4785=CARTESIAN_POINT('Ctrl Pts',(1.22624621345546,22.6893298159349,-0.138335954253924));
#4786=CARTESIAN_POINT('Ctrl Pts',(0.548124439510569,22.7608209168839,-1.10561123866597));
#4787=CARTESIAN_POINT('Ctrl Pts',(-0.63228470322613,22.8323120178329,-1.05973235598403));
#4788=CARTESIAN_POINT('Ctrl Pts',(-1.23328414076096,22.903803118782,-0.0427415535598976));
#4789=CARTESIAN_POINT('Ctrl Pts',(-0.704133193852828,22.9752942197309,1.0134165271831));
#4790=CARTESIAN_POINT('Ctrl Pts',(0.470267597297067,23.0467853206799,1.14090534190426));
#4791=CARTESIAN_POINT('Ctrl Pts',(1.21372706007763,23.1182764216289,0.222897366266503));
#4792=CARTESIAN_POINT('Ctrl Pts',(0.844957752358308,23.189767522578,-0.899368116503392));
#4793=CARTESIAN_POINT('Ctrl Pts',(-0.298109462148853,23.2612586235269,-1.19747541136782));
#4794=CARTESIAN_POINT('Ctrl Pts',(-1.16799670772702,23.332749724476,-0.398246535442562));
#4795=CARTESIAN_POINT('Ctrl Pts',(-0.967561320719332,23.4042408254249,0.765925389905131));
#4796=CARTESIAN_POINT('Ctrl Pts',(0.119522781246063,23.475731926374,1.22822266589417));
#4797=CARTESIAN_POINT('Ctrl Pts',(1.09707923040942,23.547223027323,0.565007764953011));
#4798=CARTESIAN_POINT('Ctrl Pts',(1.06930002898584,23.618714128272,-0.615965957067232));
#4799=CARTESIAN_POINT('Ctrl Pts',(0.0616413343419987,23.690205229221,-1.23248405999895));
#4800=CARTESIAN_POINT('Ctrl Pts',(-1.00250391956057,23.76169633017,-0.719584952258988));
#4801=CARTESIAN_POINT('Ctrl Pts',(-1.14797994498371,23.833187431119,0.452723600201778));
#4802=CARTESIAN_POINT('Ctrl Pts',(-0.241476192760964,23.9046785320679,1.21016769935599));
#4803=CARTESIAN_POINT('Ctrl Pts',(0.886310233123642,23.976169633017,0.858644736145419));
#4804=CARTESIAN_POINT('Ctrl Pts',(1.20190438511411,24.047660733966,-0.279718539556019));
#4805=CARTESIAN_POINT('Ctrl Pts',(0.416103766736238,24.119151834915,-1.16175482242073));
#4806=CARTESIAN_POINT('Ctrl Pts',(-0.751003815858116,24.190642935864,-0.979188378629159));
#4807=CARTESIAN_POINT('Ctrl Pts',(-1.22991050236978,24.262134036813,0.100681522121437));
#4808=CARTESIAN_POINT('Ctrl Pts',(-0.581758320661459,24.333625137762,1.0882894226741));
#4809=CARTESIAN_POINT('Ctrl Pts',(0.599502466345149,24.405116238711,1.07861643116765));
#4810=CARTESIAN_POINT('Ctrl Pts',(1.23139436302256,24.4766073396601,0.0805266290681902));
#4811=CARTESIAN_POINT('Ctrl Pts',(0.734867615174216,24.548098440609,-0.99135573450353));
#4812=CARTESIAN_POINT('Ctrl Pts',(-0.435073214203793,24.619589541558,-1.15478479216849));
#4813=CARTESIAN_POINT('Ctrl Pts',(-1.20632397443801,24.691080642507,-0.259998267320752));
#4814=CARTESIAN_POINT('Ctrl Pts',(-0.872129931902297,24.762571743456,0.873044062725265));
#4815=CARTESIAN_POINT('Ctrl Pts',(0.261261852504572,24.8340628444051,1.20605095752897));
#4816=CARTESIAN_POINT('Ctrl Pts',(1.15524000597324,24.9055539453541,0.433863160729492));
#4817=CARTESIAN_POINT('Ctrl Pts',(0.990585213363543,24.9770450463031,-0.735905653503642));
#4818=CARTESIAN_POINT('Ctrl Pts',(-0.0818163603022808,25.0485361472521,
-1.23130954205426));
#4819=CARTESIAN_POINT('Ctrl Pts',(-1.07924435023967,25.1200272482011,-0.598371755483114));
#4820=CARTESIAN_POINT('Ctrl Pts',(-1.08767847079485,25.1915183491501,0.582897301681677));
#4821=CARTESIAN_POINT('Ctrl Pts',(-0.0993947355655127,25.2630094500991,
1.23001684070415));
#4822=CARTESIAN_POINT('Ctrl Pts',(0.979977929501648,25.3345005510481,0.749974639751977));
#4823=CARTESIAN_POINT('Ctrl Pts',(1.16131186538764,25.4059916519971,-0.417314910582725));
#4824=CARTESIAN_POINT('Ctrl Pts',(0.278471582077077,25.4774827529461,-1.20220770482632));
#4825=CARTESIAN_POINT('Ctrl Pts',(-0.859596462957931,25.5489738538951,-0.885389177374771));
#4826=CARTESIAN_POINT('Ctrl Pts',(-1.20986849731583,25.6204649548441,0.242703364421212));
#4827=CARTESIAN_POINT('Ctrl Pts',(-0.451608361734609,25.6919560557931,1.148531439925));
#4828=CARTESIAN_POINT('Ctrl Pts',(0.720803462733929,25.7634471567421,1.00159974800396));
#4829=CARTESIAN_POINT('Ctrl Pts',(1.23209323049929,25.8349382576912,-0.0626437906036459));
#4830=CARTESIAN_POINT('Ctrl Pts',(0.615482672431597,25.9064293586401,-1.07050571433984));
#4831=CARTESIAN_POINT('Ctrl Pts',(-0.567485781801006,25.9779204595891,-1.09535349011213));
#4832=CARTESIAN_POINT('Ctrl Pts',(-1.00575313939204,26.0255811935551,-0.44573481966559));
#4833=CARTESIAN_POINT('Ctrl Pts',(-1.03903098846544,26.0494115605382,-0.100013163065192));
#4834=CARTESIAN_POINT('Ctrl Pts',(0.49358158446805,19.9505884394619,1.01585393951023));
#4835=CARTESIAN_POINT('Ctrl Pts',(0.831591432807812,19.9744188064449,0.85162222270478));
#4836=CARTESIAN_POINT('Ctrl Pts',(1.32490324283945,20.0220795404109,0.162020307187152));
#4837=CARTESIAN_POINT('Ctrl Pts',(0.8532142392537,20.0935706413599,-1.02815966142996));
#4838=CARTESIAN_POINT('Ctrl Pts',(-0.401511829137711,20.1650617423089,-1.27301597949787));
#4839=CARTESIAN_POINT('Ctrl Pts',(-1.28770203869341,20.2365528432579,-0.352873980327582));
#4840=CARTESIAN_POINT('Ctrl Pts',(-0.994185966239369,20.3080439442069,0.891436760247887));
#4841=CARTESIAN_POINT('Ctrl Pts',(0.210538730525825,20.3795350451559,1.31844021020508));
#4842=CARTESIAN_POINT('Ctrl Pts',(1.22224696073929,20.4510261461049,0.537475254381495));
#4843=CARTESIAN_POINT('Ctrl Pts',(1.1139627290667,20.5225172470539,-0.736131174067738));
#4844=CARTESIAN_POINT('Ctrl Pts',(-0.0151515031642872,20.5940083480029,
-1.33510699237856));
#4845=CARTESIAN_POINT('Ctrl Pts',(-1.13036945726087,20.6654994489519,-0.710655026046121));
#4846=CARTESIAN_POINT('Ctrl Pts',(-1.20975158744715,20.7369905499009,0.565039078315947));
#4847=CARTESIAN_POINT('Ctrl Pts',(-0.180544772620266,20.8084816508499,1.32293742409848));
#4848=CARTESIAN_POINT('Ctrl Pts',(1.0141070416154,20.8799727517989,0.868533670939195));
#4849=CARTESIAN_POINT('Ctrl Pts',(1.27945768431643,20.9514638527479,-0.381774593053877));
#4850=CARTESIAN_POINT('Ctrl Pts',(0.372345225953295,21.0229549536969,-1.28223311997567));
#4851=CARTESIAN_POINT('Ctrl Pts',(-0.875974743386075,21.0944460546459,-1.00768625893455));
#4852=CARTESIAN_POINT('Ctrl Pts',(-1.32157374163036,21.165937155595,0.190279108637071));
#4853=CARTESIAN_POINT('Ctrl Pts',(-0.556115935727368,21.2374282565439,1.21387735218351));
#4854=CARTESIAN_POINT('Ctrl Pts',(0.718952411052567,21.308919357493,1.12510918607405));
#4855=CARTESIAN_POINT('Ctrl Pts',(1.33519097496404,21.380410458442,0.00531938310770034));
#4856=CARTESIAN_POINT('Ctrl Pts',(0.727894300931168,21.4519015593909,-1.11934494504866));
#4857=CARTESIAN_POINT('Ctrl Pts',(-0.546426290092414,21.52339266034,-1.21826989695797));
#4858=CARTESIAN_POINT('Ctrl Pts',(-1.32001565589031,21.5948837612889,-0.200803131389882));
#4859=CARTESIAN_POINT('Ctrl Pts',(-0.883976069843051,21.666374862238,1.00067454023365));
#4860=CARTESIAN_POINT('Ctrl Pts',(0.362116821320034,21.7378659631869,1.28515938197779));
#4861=CARTESIAN_POINT('Ctrl Pts',(1.27637501933691,21.809357064136,0.391956679803131));
#4862=CARTESIAN_POINT('Ctrl Pts',(1.02099544180953,21.880848165085,-0.860425206766671));
#4863=CARTESIAN_POINT('Ctrl Pts',(-0.169998527265076,21.952339266034,-1.3243352028917));
#4864=CARTESIAN_POINT('Ctrl Pts',(-1.2052101469727,22.023830366983,-0.574657924711109));
#4865=CARTESIAN_POINT('Ctrl Pts',(-1.13599767984676,22.095321467932,0.70162133673687));
#4866=CARTESIAN_POINT('Ctrl Pts',(-0.0257856797201374,22.166812568881,1.33495255628715));
#4867=CARTESIAN_POINT('Ctrl Pts',(1.10805566492971,22.23830366983,0.744967027605032));
#4868=CARTESIAN_POINT('Ctrl Pts',(1.22650283209818,22.3097947707791,-0.527687437462375));
#4869=CARTESIAN_POINT('Ctrl Pts',(0.221013834516598,22.381285871728,-1.31678248536244));
#4870=CARTESIAN_POINT('Ctrl Pts',(-0.987006649355882,22.452776972677,-0.899211378336605));
#4871=CARTESIAN_POINT('Ctrl Pts',(-1.29055921107567,22.5242680736261,0.342374285702859));
#4872=CARTESIAN_POINT('Ctrl Pts',(-0.411475962978472,22.5957591745751,1.2702168164114));
#4873=CARTESIAN_POINT('Ctrl Pts',(0.844673447229906,22.667250275524,1.03406479310911));
#4874=CARTESIAN_POINT('Ctrl Pts',(1.32678548067714,22.738741376473,-0.149678044707275));
#4875=CARTESIAN_POINT('Ctrl Pts',(0.593064867370817,22.8102324774221,-1.19625970921601));
#4876=CARTESIAN_POINT('Ctrl Pts',(-0.684125385823379,22.881723578371,-1.14661924162954));
#4877=CARTESIAN_POINT('Ctrl Pts',(-1.33440044385545,22.9532146793201,-0.0462459105378728));
#4878=CARTESIAN_POINT('Ctrl Pts',(-0.761864695536283,23.0247057802691,1.09650600294687));
#4879=CARTESIAN_POINT('Ctrl Pts',(0.508824584557483,23.0961968812181,1.23444755698774));
#4880=CARTESIAN_POINT('Ctrl Pts',(1.31323988865017,23.1676879821671,0.241172601389912));
#4881=CARTESIAN_POINT('Ctrl Pts',(0.914235383818637,23.2391790831161,-0.973106824442791));
#4882=CARTESIAN_POINT('Ctrl Pts',(-0.322551296543453,23.3106701840651,-1.29565577600735));
#4883=CARTESIAN_POINT('Ctrl Pts',(-1.26376012931696,23.3821612850141,-0.430898554594696));
#4884=CARTESIAN_POINT('Ctrl Pts',(-1.04689115277896,23.4536523859631,0.828723200493704));
#4885=CARTESIAN_POINT('Ctrl Pts',(0.129322389767505,23.5251434869121,1.32892398138781));
#4886=CARTESIAN_POINT('Ctrl Pts',(1.18702816619342,23.5966345878611,0.61133244758169));
#4887=CARTESIAN_POINT('Ctrl Pts',(1.15697136299259,23.6681256888101,-0.666468674447716));
#4888=CARTESIAN_POINT('Ctrl Pts',(0.0666952741766904,23.7396167897591,-1.33353476490227));
#4889=CARTESIAN_POINT('Ctrl Pts',(-1.08469867649723,23.8111078907081,-0.778583335299868));
#4890=CARTESIAN_POINT('Ctrl Pts',(-1.24210220296697,23.8825989916572,0.489842164580438));
#4891=CARTESIAN_POINT('Ctrl Pts',(-0.261274695871744,23.9540900926061,1.3093886978582));
#4892=CARTESIAN_POINT('Ctrl Pts',(0.958978332230932,24.0255811935552,0.929044556041748));
#4893=CARTESIAN_POINT('Ctrl Pts',(1.30044787892795,24.0970722945041,-0.302652512103034));
#4894=CARTESIAN_POINT('Ctrl Pts',(0.450219890673508,24.1685633954532,-1.25700647519305));
#4895=CARTESIAN_POINT('Ctrl Pts',(-0.812578214619589,24.2400544964021,-1.05947150691051));
#4896=CARTESIAN_POINT('Ctrl Pts',(-1.33075020266786,24.3115455973512,0.10893634594537));
#4897=CARTESIAN_POINT('Ctrl Pts',(-0.629456372339524,24.3830366983001,1.17751768685152));
#4898=CARTESIAN_POINT('Ctrl Pts',(0.648655350980019,24.4545277992492,1.16705161197631));
#4899=CARTESIAN_POINT('Ctrl Pts',(1.33235572425713,24.5260189001982,0.0871289640556691));
#4900=CARTESIAN_POINT('Ctrl Pts',(0.795119015524209,24.5975100011472,-1.07263645774599));
#4901=CARTESIAN_POINT('Ctrl Pts',(-0.470744632931814,24.6690011020962,-1.24946497591087));
#4902=CARTESIAN_POINT('Ctrl Pts',(-1.30522982800242,24.7404922030452,-0.281315385358316));
#4903=CARTESIAN_POINT('Ctrl Pts',(-0.943635395742609,24.8119833039942,0.944624475659862));
#4904=CARTESIAN_POINT('Ctrl Pts',(0.282682571211429,24.8834744049432,1.30493442658391));
#4905=CARTESIAN_POINT('Ctrl Pts',(1.24995751245052,24.9549655058922,0.46943536782428));
#4906=CARTESIAN_POINT('Ctrl Pts',(1.07180276199235,25.0264566068412,-0.796242162057701));
#4907=CARTESIAN_POINT('Ctrl Pts',(-0.088524439659645,25.0979477077903,-1.33226394886327));
#4908=CARTESIAN_POINT('Ctrl Pts',(-1.16773101379516,25.1694388087392,-0.647431933742835));
#4909=CARTESIAN_POINT('Ctrl Pts',(-1.17685664335643,25.2409299096882,0.630688737800708));
#4910=CARTESIAN_POINT('Ctrl Pts',(-0.107544056452139,25.3124210106373,1.33086525962505));
#4911=CARTESIAN_POINT('Ctrl Pts',(1.06032579263418,25.3839121115862,0.811464656918302));
#4912=CARTESIAN_POINT('Ctrl Pts',(1.25652720035116,25.4554032125353,-0.451530335552257));
#4913=CARTESIAN_POINT('Ctrl Pts',(0.301303317251377,25.5268943134842,-1.30077606766015));
#4914=CARTESIAN_POINT('Ctrl Pts',(-0.930074314423501,25.5983854144333,-0.957981759616825));
#4915=CARTESIAN_POINT('Ctrl Pts',(-1.30906496440376,25.6698765153822,0.262602482676078));
#4916=CARTESIAN_POINT('Ctrl Pts',(-0.488635488311454,25.7413676163313,1.24269891468174));
#4917=CARTESIAN_POINT('Ctrl Pts',(0.779901750792979,25.8128587172802,1.08372037240122));
#4918=CARTESIAN_POINT('Ctrl Pts',(1.33311189150223,25.8843498182293,-0.0677799212878091));
#4919=CARTESIAN_POINT('Ctrl Pts',(0.665945765564869,25.9558409191783,-1.15827590183999));
#4920=CARTESIAN_POINT('Ctrl Pts',(-0.614013635697663,26.0273320201273,-1.18516093337775));
#4921=CARTESIAN_POINT('Ctrl Pts',(-1.08821429811434,26.0749927540933,-0.482280377688636));
#4922=CARTESIAN_POINT('Ctrl Pts',(-1.12422058012711,26.0988231210763,-0.108213188489753));
#4923=CARTESIAN_POINT('Ctrl Pts',(0.530983509300087,20.,1.09283187766983));
#4924=CARTESIAN_POINT('Ctrl Pts',(0.894606588234179,20.023830366983,0.91615524290089));
#4925=CARTESIAN_POINT('Ctrl Pts',(1.42529988051347,20.071491100949,0.174297652090962));
#4926=CARTESIAN_POINT('Ctrl Pts',(0.917867897020514,20.142982201898,-1.10607008512128));
#4927=CARTESIAN_POINT('Ctrl Pts',(-0.431937022712884,20.214473302847,-1.3694807777672));
#4928=CARTESIAN_POINT('Ctrl Pts',(-1.38527969631446,20.285964403796,-0.379613564020975));
#4929=CARTESIAN_POINT('Ctrl Pts',(-1.06952197947097,20.357455504745,0.958986789966363));
#4930=CARTESIAN_POINT('Ctrl Pts',(0.226492635657522,20.428946605694,1.41834710136428));
#4931=CARTESIAN_POINT('Ctrl Pts',(1.31486465635497,20.500437706643,0.578203291439705));
#4932=CARTESIAN_POINT('Ctrl Pts',(1.19837501584834,20.571928807592,-0.791912677481556));
#4933=CARTESIAN_POINT('Ctrl Pts',(-0.0162996322685138,20.643419908541,-1.43627683530432));
#4934=CARTESIAN_POINT('Ctrl Pts',(-1.21602498980767,20.7149110094901,-0.764506034070135));
#4935=CARTESIAN_POINT('Ctrl Pts',(-1.30142242639855,20.786402110439,0.607855807706516));
#4936=CARTESIAN_POINT('Ctrl Pts',(-0.194225838176316,20.8578932113881,1.42318509874979));
#4937=CARTESIAN_POINT('Ctrl Pts',(1.09095260582546,20.929384312337,0.934348182859408));
#4938=CARTESIAN_POINT('Ctrl Pts',(1.37641061295164,21.0008754132861,-0.410704166363567));
#4939=CARTESIAN_POINT('Ctrl Pts',(0.40056027406472,21.072366514235,-1.37939636163545));
#4940=CARTESIAN_POINT('Ctrl Pts',(-0.942353114334013,21.1438576151841,-1.08404527818681));
#4941=CARTESIAN_POINT('Ctrl Pts',(-1.4217180810869,21.2153487161331,0.204697808893115));
#4942=CARTESIAN_POINT('Ctrl Pts',(-0.598256499882325,21.2868398170821,1.30586082747993));
#4943=CARTESIAN_POINT('Ctrl Pts',(0.773432166542194,21.3583309180311,1.21036611325609));
#4944=CARTESIAN_POINT('Ctrl Pts',(1.43636718180297,21.4298220189801,0.00572246777173941));
#4945=CARTESIAN_POINT('Ctrl Pts',(0.783051642261975,21.5013131199291,-1.20416507775469));
#4946=CARTESIAN_POINT('Ctrl Pts',(-0.587832606031676,21.5728042208781,-1.31058622427856));
#4947=CARTESIAN_POINT('Ctrl Pts',(-1.42004192893682,21.6442953218271,-0.216019306106735));
#4948=CARTESIAN_POINT('Ctrl Pts',(-0.950960753952026,21.7157864227761,1.07650223541699));
#4949=CARTESIAN_POINT('Ctrl Pts',(0.389556795900982,21.7872775237251,1.38254436576671));
#4950=CARTESIAN_POINT('Ctrl Pts',(1.37309435416012,21.8587686246742,0.421657816832418));
#4951=CARTESIAN_POINT('Ctrl Pts',(1.09836298543371,21.9302597256231,-0.925625286996087));
#4952=CARTESIAN_POINT('Ctrl Pts',(-0.18288043440749,22.0017508265721,-1.42468879644071));
#4953=CARTESIAN_POINT('Ctrl Pts',(-1.29653685109289,22.0732419275211,-0.618203537393055));
#4954=CARTESIAN_POINT('Ctrl Pts',(-1.22207969985729,22.1447330284701,0.754787802672727));
#4955=CARTESIAN_POINT('Ctrl Pts',(-0.0277396303637358,22.2162241294192,
1.43611069657395));
#4956=CARTESIAN_POINT('Ctrl Pts',(1.19202033458829,22.2877152303681,0.801418081788641));
#4957=CARTESIAN_POINT('Ctrl Pts',(1.31944302309389,22.3592063313172,-0.567673787220637));
#4958=CARTESIAN_POINT('Ctrl Pts',(0.237761507212581,22.4306974322662,-1.41656375980111));
#4959=CARTESIAN_POINT('Ctrl Pts',(-1.06179863850134,22.5021885332152,-0.96735054203112));
#4960=CARTESIAN_POINT('Ctrl Pts',(-1.38835337545069,22.5736796341642,0.368318238437804));
#4961=CARTESIAN_POINT('Ctrl Pts',(-0.442656204547056,22.6451707351132,1.36646950367285));
#4962=CARTESIAN_POINT('Ctrl Pts',(0.908679912979557,22.7166618360622,1.11242268748844));
#4963=CARTESIAN_POINT('Ctrl Pts',(1.42732474789882,22.7881529370112,-0.161020135160625));
#4964=CARTESIAN_POINT('Ctrl Pts',(0.638005295231065,22.8596440379602,-1.28690817976606));
#4965=CARTESIAN_POINT('Ctrl Pts',(-0.735966068420628,22.9311351389092,-1.23350612727505));
#4966=CARTESIAN_POINT('Ctrl Pts',(-1.43551674694993,23.0026262398582,-0.0497502675158497));
#4967=CARTESIAN_POINT('Ctrl Pts',(-0.819596197219737,23.0741173408072,1.17959547871064));
#4968=CARTESIAN_POINT('Ctrl Pts',(0.5473815718179,23.1456084417562,1.32798977207123));
#4969=CARTESIAN_POINT('Ctrl Pts',(1.41275271722272,23.2170995427052,0.259447836513321));
#4970=CARTESIAN_POINT('Ctrl Pts',(0.983513015278965,23.2885906436542,-1.04684553238219));
#4971=CARTESIAN_POINT('Ctrl Pts',(-0.346993130938053,23.3600817446032,-1.39383614064688));
#4972=CARTESIAN_POINT('Ctrl Pts',(-1.35952355090691,23.4315728455522,-0.46355057374683));
#4973=CARTESIAN_POINT('Ctrl Pts',(-1.12622098483858,23.5030639465012,0.891521011082278));
#4974=CARTESIAN_POINT('Ctrl Pts',(0.139121998288948,23.5745550474503,1.42962529688144));
#4975=CARTESIAN_POINT('Ctrl Pts',(1.27697710197742,23.6460461483992,0.65765713021037));
#4976=CARTESIAN_POINT('Ctrl Pts',(1.24464269699934,23.7175372493483,-0.716971391828199));
#4977=CARTESIAN_POINT('Ctrl Pts',(0.0717492140113823,23.7890283502973,-1.43458546980558));
#4978=CARTESIAN_POINT('Ctrl Pts',(-1.16689343343389,23.8605194512462,-0.837581718340749));
#4979=CARTESIAN_POINT('Ctrl Pts',(-1.33622446095023,23.9320105521953,0.5269607289591));
#4980=CARTESIAN_POINT('Ctrl Pts',(-0.281073198982523,24.0035016531442,1.4086096963604));
#4981=CARTESIAN_POINT('Ctrl Pts',(1.03164643133822,24.0749927540934,0.999444375938078));
#4982=CARTESIAN_POINT('Ctrl Pts',(1.39899137274179,24.1464838550422,-0.32558648465005));
#4983=CARTESIAN_POINT('Ctrl Pts',(0.484336014610776,24.2179749559914,-1.35225812796537));
#4984=CARTESIAN_POINT('Ctrl Pts',(-0.874152613381061,24.2894660569403,-1.13975463519186));
#4985=CARTESIAN_POINT('Ctrl Pts',(-1.43158990296594,24.3609571578893,0.117191169769305));
#4986=CARTESIAN_POINT('Ctrl Pts',(-0.677154424017587,24.4324482588383,1.26674595102893));
#4987=CARTESIAN_POINT('Ctrl Pts',(0.697808235614887,24.5039393597873,1.25548679278496));
#4988=CARTESIAN_POINT('Ctrl Pts',(1.43331708549169,24.5754304607363,0.0937312990431473));
#4989=CARTESIAN_POINT('Ctrl Pts',(0.855370415874202,24.6469215616854,-1.15391718098845));
#4990=CARTESIAN_POINT('Ctrl Pts',(-0.506416051659834,24.7184126626343,-1.34414515965325));
#4991=CARTESIAN_POINT('Ctrl Pts',(-1.40413568156683,24.7899037635834,-0.302632503395881));
#4992=CARTESIAN_POINT('Ctrl Pts',(-1.01514085958292,24.8613948645323,1.01620488859446));
#4993=CARTESIAN_POINT('Ctrl Pts',(0.304103289918285,24.9328859654814,1.40381789563886));
#4994=CARTESIAN_POINT('Ctrl Pts',(1.34467501892781,25.0043770664303,0.505007574919067));
#4995=CARTESIAN_POINT('Ctrl Pts',(1.15302031062116,25.0758681673794,-0.856578670611762));
#4996=CARTESIAN_POINT('Ctrl Pts',(-0.0952325190170083,25.1473592683283,
-1.43321835567229));
#4997=CARTESIAN_POINT('Ctrl Pts',(-1.25621767735065,25.2188503692774,-0.696492112002557));
#4998=CARTESIAN_POINT('Ctrl Pts',(-1.26603481591802,25.2903414702263,0.678480173919739));
#4999=CARTESIAN_POINT('Ctrl Pts',(-0.115693377338767,25.3618325711754,1.43171367854595));
#5000=CARTESIAN_POINT('Ctrl Pts',(1.14067365576672,25.4333236721244,0.872954674084626));
#5001=CARTESIAN_POINT('Ctrl Pts',(1.35174253531469,25.5048147730734,-0.485745760521788));
#5002=CARTESIAN_POINT('Ctrl Pts',(0.324135052425676,25.5763058740224,-1.39934443049398));
#5003=CARTESIAN_POINT('Ctrl Pts',(-1.00055216588907,25.6477969749714,-1.03057434185888));
#5004=CARTESIAN_POINT('Ctrl Pts',(-1.40826143149168,25.7192880759204,0.282501600930947));
#5005=CARTESIAN_POINT('Ctrl Pts',(-0.525662614888299,25.7907791768694,1.33686638943848));
#5006=CARTESIAN_POINT('Ctrl Pts',(0.839000038852028,25.8622702778184,1.16584099679849));
#5007=CARTESIAN_POINT('Ctrl Pts',(1.43413055250516,25.9337613787674,-0.0729160519719715));
#5008=CARTESIAN_POINT('Ctrl Pts',(0.716408858698139,26.0052524797165,-1.24604608934015));
#5009=CARTESIAN_POINT('Ctrl Pts',(-0.66054148959432,26.0767435806654,-1.27496837664338));
#5010=CARTESIAN_POINT('Ctrl Pts',(-1.17067545683664,26.1244043146314,-0.51882593571168));
#5011=CARTESIAN_POINT('Ctrl Pts',(-1.20941017178877,26.1482346816144,-0.116413213914314));
#5012=CARTESIAN_POINT('',(0.68092841347745,26.,-1.00626114687942));
#5013=CARTESIAN_POINT('Ctrl Pts',(0.681663183708572,26.,-1.00817029806328));
#5014=CARTESIAN_POINT('Ctrl Pts',(0.655593555112458,26.,-1.02233256592723));
#5015=CARTESIAN_POINT('Ctrl Pts',(0.62902780551117,26.,-1.0354407488273));
#5016=CARTESIAN_POINT('Ctrl Pts',(0.601995842959619,26.,-1.04744268700587));
#5017=CARTESIAN_POINT('Ctrl Pts',(0.556200675836643,26.,-1.067775312269));
#5018=CARTESIAN_POINT('Ctrl Pts',(0.509067710161384,26.,-1.08493596792308));
#5019=CARTESIAN_POINT('Ctrl Pts',(0.460928544273935,26.,-1.09896827474115));
#5020=CARTESIAN_POINT('Ctrl Pts',(0.421089350553859,26.,-1.11058118450722));
#5021=CARTESIAN_POINT('Ctrl Pts',(0.380560347510376,26.,-1.12005044394105));
#5022=CARTESIAN_POINT('Ctrl Pts',(0.339529784234422,26.,-1.1273737767234));
#5023=CARTESIAN_POINT('Ctrl Pts',(0.319603950352954,26.,-1.13093023563668));
#5024=CARTESIAN_POINT('Ctrl Pts',(0.29955988669804,26.,-1.13398024106944));
#5025=CARTESIAN_POINT('Ctrl Pts',(0.279419754900514,26.,-1.13652155515305));
#5026=CARTESIAN_POINT('Ctrl Pts',(0.268222010158738,26.,-1.13793450451718));
#5027=CARTESIAN_POINT('Ctrl Pts',(0.256994577460054,26.,-1.13919018120274));
#5028=CARTESIAN_POINT('Ctrl Pts',(0.245741349912416,26.,-1.1402880333061));
#5029=CARTESIAN_POINT('Ctrl Pts',(0.236128089357326,26.,-1.14122589209159));
#5030=CARTESIAN_POINT('Ctrl Pts',(0.226504110730501,26.,-1.14204774065502));
#5031=CARTESIAN_POINT('Ctrl Pts',(0.216877108523349,26.,-1.142753498516));
#5032=CARTESIAN_POINT('Ctrl Pts',(0.167788085351026,26.,-1.14635222668145));
#5033=CARTESIAN_POINT('Ctrl Pts',(0.118575715273525,26.,-1.14694104269398));
#5034=CARTESIAN_POINT('Ctrl Pts',(0.0695528144816053,26.,-1.14454762558477));
#5035=CARTESIAN_POINT('Ctrl Pts',(0.0191447803862188,26.,-1.14208658290273));
#5036=CARTESIAN_POINT('Ctrl Pts',(-0.0310643740248963,26.,-1.13647235271353));
#5037=CARTESIAN_POINT('Ctrl Pts',(-0.0807157972246498,26.,-1.12768032171672));
#5038=CARTESIAN_POINT('Ctrl Pts',(-0.103232415373748,26.,-1.12369318918451));
#5039=CARTESIAN_POINT('Ctrl Pts',(-0.125633945680362,26.,-1.11905179340977));
#5040=CARTESIAN_POINT('Ctrl Pts',(-0.147884451957704,26.,-1.11375033689455));
#5041=CARTESIAN_POINT('Ctrl Pts',(-0.160139015523441,26.,-1.11083053655171));
#5042=CARTESIAN_POINT('Ctrl Pts',(-0.172347736952618,26.,-1.10771048230601));
#5043=CARTESIAN_POINT('Ctrl Pts',(-0.184504350382068,26.,-1.10438893627556));
#5044=CARTESIAN_POINT('Ctrl Pts',(-0.194852240804922,26.,-1.10156158682029));
#5045=CARTESIAN_POINT('Ctrl Pts',(-0.205163960308288,26.,-1.09858759406167));
#5046=CARTESIAN_POINT('Ctrl Pts',(-0.215414975600706,26.,-1.0954728223899));
#5047=CARTESIAN_POINT('Ctrl Pts',(-0.260137310189535,26.,-1.08188393807953));
#5048=CARTESIAN_POINT('Ctrl Pts',(-0.303796887749632,26.,-1.06559565976833));
#5049=CARTESIAN_POINT('Ctrl Pts',(-0.346107017271355,26.,-1.04660242406848));
#5050=CARTESIAN_POINT('Ctrl Pts',(-0.387054629772058,26.,-1.02822082929759));
#5051=CARTESIAN_POINT('Ctrl Pts',(-0.426739058845651,26.,-1.00730522961727));
#5052=CARTESIAN_POINT('Ctrl Pts',(-0.464869558876499,26.,-0.983812936475482));
#5053=CARTESIAN_POINT('Ctrl Pts',(-0.475869458423921,26.,-0.977035871803127));
#5054=CARTESIAN_POINT('Ctrl Pts',(-0.486739798719606,26.,-0.970044149615943));
#5055=CARTESIAN_POINT('Ctrl Pts',(-0.497472969933679,26.,-0.962836215825051));
#5056=CARTESIAN_POINT('Ctrl Pts',(-0.516438952541635,26.,-0.950099481807605));
#5057=CARTESIAN_POINT('Ctrl Pts',(-0.534976778472378,26.,-0.936687667950709));
#5058=CARTESIAN_POINT('Ctrl Pts',(-0.553064376022942,26.,-0.922630271774667));
#5059=CARTESIAN_POINT('Ctrl Pts',(-0.563754259716365,26.,-0.914322262392316));
#5060=CARTESIAN_POINT('Ctrl Pts',(-0.574292077595751,26.,-0.905784019060988));
#5061=CARTESIAN_POINT('Ctrl Pts',(-0.5846443624675,26.,-0.897046379724244));
#5062=CARTESIAN_POINT('Ctrl Pts',(-0.619375927716995,26.,-0.867731895577961));
#5063=CARTESIAN_POINT('Ctrl Pts',(-0.652073752911155,26.,-0.836139879007386));
#5064=CARTESIAN_POINT('Ctrl Pts',(-0.682615130023956,26.,-0.802545208556547));
#5065=CARTESIAN_POINT('Ctrl Pts',(-0.713187628388833,26.,-0.768916305588828));
#5066=CARTESIAN_POINT('Ctrl Pts',(-0.74159973733885,26.,-0.733279437908579));
#5067=CARTESIAN_POINT('Ctrl Pts',(-0.767681999952657,26.,-0.69588713775796));
#5068=CARTESIAN_POINT('Ctrl Pts',(-0.782987131297552,26.,-0.673945250523451));
#5069=CARTESIAN_POINT('Ctrl Pts',(-0.797489103061539,26.,-0.651398560999001));
#5070=CARTESIAN_POINT('Ctrl Pts',(-0.811145308444668,26.,-0.628296931860708));
#5071=CARTESIAN_POINT('Ctrl Pts',(-0.816138603873552,26.,-0.619849983682957));
#5072=CARTESIAN_POINT('Ctrl Pts',(-0.821018761874829,26.,-0.611328843395827));
#5073=CARTESIAN_POINT('Ctrl Pts',(-0.825783477853767,26.,-0.6027359620584));
#5074=CARTESIAN_POINT('Ctrl Pts',(-0.830901304696957,26.,-0.593506266319257));
#5075=CARTESIAN_POINT('Ctrl Pts',(-0.835882094301082,26.,-0.584200597769838));
#5076=CARTESIAN_POINT('Ctrl Pts',(-0.840720274825509,26.,-0.57482897166277));
#5077=CARTESIAN_POINT('Ctrl Pts',(-0.859942929420524,26.,-0.537594409880658));
#5078=CARTESIAN_POINT('Ctrl Pts',(-0.876936039727414,26.,-0.499285969339857));
#5079=CARTESIAN_POINT('Ctrl Pts',(-0.891558785565955,26.,-0.460107162027374));
#5080=CARTESIAN_POINT('Ctrl Pts',(-0.903697405726954,26.,-0.427584086978517));
#5081=CARTESIAN_POINT('Ctrl Pts',(-0.914201980212666,26.,-0.394460829979932));
#5082=CARTESIAN_POINT('Ctrl Pts',(-0.922969294373393,26.,-0.360854827389995));
#5083=CARTESIAN_POINT('Ctrl Pts',(-0.925647083042835,26.,-0.35059059237904));
#5084=CARTESIAN_POINT('Ctrl Pts',(-0.928162644622859,26.,-0.340280735944635));
#5085=CARTESIAN_POINT('Ctrl Pts',(-0.930509602084564,26.,-0.329944054293169));
#5086=CARTESIAN_POINT('Ctrl Pts',(-0.939752453957764,26.,-0.289235852749743));
#5087=CARTESIAN_POINT('Ctrl Pts',(-0.946399744659252,26.,-0.248054138379622));
#5088=CARTESIAN_POINT('Ctrl Pts',(-0.950286652481608,26.,-0.20660759498666));
#5089=CARTESIAN_POINT('Ctrl Pts',(-0.953859518146992,26.,-0.168509719090079));
#5090=CARTESIAN_POINT('Ctrl Pts',(-0.955099652775343,26.,-0.130187550808654));
#5091=CARTESIAN_POINT('Ctrl Pts',(-0.953841396803778,26.,-0.0918131376406306));
#5092=CARTESIAN_POINT('Ctrl Pts',(1.21675201295125,25.93010734985,-0.000279938897693222));
#5093=CARTESIAN_POINT('Ctrl Pts',(1.21683884794459,25.9313253594892,-0.020857790998304));
#5094=CARTESIAN_POINT('Ctrl Pts',(1.21636615773573,25.9325433691283,-0.041432290879009));
#5095=CARTESIAN_POINT('Ctrl Pts',(1.2153218512618,25.9337613787674,-0.0619782167382591));
#5096=CARTESIAN_POINT('Ctrl Pts',(1.19639112505748,25.9558409191783,-0.434425679974367));
#5097=CARTESIAN_POINT('Ctrl Pts',(0.989622515421376,25.9779204595892,-0.797483480880086));
#5098=CARTESIAN_POINT('Ctrl Pts',(0.681663183708529,26.,-1.0081702980633));
#5099=CARTESIAN_POINT('',(0.556433207999856,20.,-0.780144311992973));
#5100=CARTESIAN_POINT('Ctrl Pts',(0.55764219202647,20.,-0.781212655356758));
#5101=CARTESIAN_POINT('Ctrl Pts',(0.57859082636516,20.,-0.770169769019894));
#5102=CARTESIAN_POINT('Ctrl Pts',(0.599061082280037,20.,-0.758320428560528));
#5103=CARTESIAN_POINT('Ctrl Pts',(0.619000854200264,20.,-0.745675484533308));
#5104=CARTESIAN_POINT('Ctrl Pts',(0.655249373268477,20.,-0.722688235906746));
#5105=CARTESIAN_POINT('Ctrl Pts',(0.689746294429418,20.,-0.697075376249427));
#5106=CARTESIAN_POINT('Ctrl Pts',(0.722412393969362,20.,-0.669152475818186));
#5107=CARTESIAN_POINT('Ctrl Pts',(0.73687365545338,20.,-0.656791025561947));
#5108=CARTESIAN_POINT('Ctrl Pts',(0.750975866247304,20.,-0.643976073608576));
#5109=CARTESIAN_POINT('Ctrl Pts',(0.764710746365626,20.,-0.630731612508095));
#5110=CARTESIAN_POINT('Ctrl Pts',(0.772434129803061,20.,-0.623284000980364));
#5111=CARTESIAN_POINT('Ctrl Pts',(0.78003544615789,20.,-0.61570614865411));
#5112=CARTESIAN_POINT('Ctrl Pts',(0.787509884422643,20.,-0.608006764010051));
#5113=CARTESIAN_POINT('Ctrl Pts',(0.817774933282916,20.,-0.576830875710147));
#5114=CARTESIAN_POINT('Ctrl Pts',(0.845981148410572,20.,-0.543647377011162));
#5115=CARTESIAN_POINT('Ctrl Pts',(0.87204756536201,20.,-0.508760547175515));
#5116=CARTESIAN_POINT('Ctrl Pts',(0.890224220718656,20.,-0.484433234235272));
#5117=CARTESIAN_POINT('Ctrl Pts',(0.907360038489449,20.,-0.459276489741736));
#5118=CARTESIAN_POINT('Ctrl Pts',(0.923419989318126,20.,-0.433380805075685));
#5119=CARTESIAN_POINT('Ctrl Pts',(0.930155356977035,20.,-0.422520438262259));
#5120=CARTESIAN_POINT('Ctrl Pts',(0.936703372686581,20.,-0.411526167878432));
#5121=CARTESIAN_POINT('Ctrl Pts',(0.943047202120529,20.,-0.400429591308074));
#5122=CARTESIAN_POINT('Ctrl Pts',(0.9661960128886,20.,-0.359937873509669));
#5123=CARTESIAN_POINT('Ctrl Pts',(0.986666451957914,20.,-0.318030350266644));
#5124=CARTESIAN_POINT('Ctrl Pts',(1.00436630411494,20.,-0.275050238865596));
#5125=CARTESIAN_POINT('Ctrl Pts',(1.02182740656568,20.,-0.232649877446782));
#5126=CARTESIAN_POINT('Ctrl Pts',(1.03659285357234,20.,-0.189204483200961));
#5127=CARTESIAN_POINT('Ctrl Pts',(1.04853833373789,20.,-0.145003411862897));
#5128=CARTESIAN_POINT('Ctrl Pts',(1.05463357381269,20.,-0.122449597563705));
#5129=CARTESIAN_POINT('Ctrl Pts',(1.05999396603273,20.,-0.0996984952569082));
#5130=CARTESIAN_POINT('Ctrl Pts',(1.06459843987767,20.,-0.0767859486619967));
#5131=CARTESIAN_POINT('Ctrl Pts',(1.06667388711647,20.,-0.0664582145569604));
#5132=CARTESIAN_POINT('Ctrl Pts',(1.06859570747778,20.,-0.0560976616206836));
#5133=CARTESIAN_POINT('Ctrl Pts',(1.07036173611728,20.,-0.0457074993187988));
#5134=CARTESIAN_POINT('Ctrl Pts',(1.07181912047669,20.,-0.0371331989412728));
#5135=CARTESIAN_POINT('Ctrl Pts',(1.0731701528151,20.,-0.0285395732117322));
#5136=CARTESIAN_POINT('Ctrl Pts',(1.07441204737023,20.,-0.0199414733829258));
#5137=CARTESIAN_POINT('Ctrl Pts',(1.08116875725393,20.,0.0268377526426054));
#5138=CARTESIAN_POINT('Ctrl Pts',(1.0847159177428,20.,0.0738467640203507));
#5139=CARTESIAN_POINT('Ctrl Pts',(1.08494215250203,20.,0.120772389342318));
#5140=CARTESIAN_POINT('Ctrl Pts',(1.08495931508529,20.,0.124332253238524));
#5141=CARTESIAN_POINT('Ctrl Pts',(1.08495734487583,20.,0.12789165082555));
#5142=CARTESIAN_POINT('Ctrl Pts',(1.08493618266811,20.,0.131450451550018));
#5143=CARTESIAN_POINT('Ctrl Pts',(1.08466725830045,20.,0.176674855689032));
#5144=CARTESIAN_POINT('Ctrl Pts',(1.08130337497463,20.,0.22180200875122));
#5145=CARTESIAN_POINT('Ctrl Pts',(1.07503476646088,20.,0.266624505577025));
#5146=CARTESIAN_POINT('Ctrl Pts',(1.07188324523336,20.,0.289158860674694));
#5147=CARTESIAN_POINT('Ctrl Pts',(1.06799672521833,20.,0.311616379140651));
#5148=CARTESIAN_POINT('Ctrl Pts',(1.06339460708389,20.,0.333971154574881));
#5149=CARTESIAN_POINT('Ctrl Pts',(1.06103064036595,20.,0.34545411602212));
#5150=CARTESIAN_POINT('Ctrl Pts',(1.05847780853742,20.,0.356909968377577));
#5151=CARTESIAN_POINT('Ctrl Pts',(1.05573843008781,20.,0.36833518157304));
#5152=CARTESIAN_POINT('Ctrl Pts',(1.05327256658162,20.,0.378619637257919));
#5153=CARTESIAN_POINT('Ctrl Pts',(1.05065496146736,20.,0.388880823750713));
#5154=CARTESIAN_POINT('Ctrl Pts',(1.04789323388201,20.,0.399095505528864));
#5155=CARTESIAN_POINT('Ctrl Pts',(1.03552083984388,20.,0.444856741576887));
#5156=CARTESIAN_POINT('Ctrl Pts',(1.02023914648914,20.,0.489777301659787));
#5157=CARTESIAN_POINT('Ctrl Pts',(1.00227311471834,20.,0.533630870351725));
#5158=CARTESIAN_POINT('Ctrl Pts',(0.983900551078134,20.,0.578476749058895));
#5159=CARTESIAN_POINT('Ctrl Pts',(0.962720594019575,20.,0.622207814151469));
#5160=CARTESIAN_POINT('Ctrl Pts',(0.938919054802443,20.,0.664583548738946));
#5161=CARTESIAN_POINT('Ctrl Pts',(0.926740251092978,20.,0.686266421803465));
#5162=CARTESIAN_POINT('Ctrl Pts',(0.913874216327754,20.,0.707594374301099));
#5163=CARTESIAN_POINT('Ctrl Pts',(0.900340774629954,20.,0.728533970176919));
#5164=CARTESIAN_POINT('Ctrl Pts',(0.890892396513539,20.,0.743152958004076));
#5165=CARTESIAN_POINT('Ctrl Pts',(0.881118644536818,20.,0.757582635571034));
#5166=CARTESIAN_POINT('Ctrl Pts',(0.871025351099074,20.,0.771811188074771));
#5167=CARTESIAN_POINT('Ctrl Pts',(0.865692009986361,20.,0.779329618457346));
#5168=CARTESIAN_POINT('Ctrl Pts',(0.860269543558657,20.,0.786791549671474));
#5169=CARTESIAN_POINT('Ctrl Pts',(0.854767434147182,20.,0.79418407350066));
#5170=CARTESIAN_POINT('Ctrl Pts',(0.824623638130562,20.,0.834684673123466));
#5171=CARTESIAN_POINT('Ctrl Pts',(0.792032292718845,20.,0.873190384665541));
#5172=CARTESIAN_POINT('Ctrl Pts',(0.757204694867708,20.,0.909451779483229));
#5173=CARTESIAN_POINT('Ctrl Pts',(0.722631532559592,20.,0.945448264050128));
#5174=CARTESIAN_POINT('Ctrl Pts',(0.685854126672531,20.,0.979234184436055));
#5175=CARTESIAN_POINT('Ctrl Pts',(0.647031997772413,20.,1.01054815889991));
#5176=CARTESIAN_POINT('Ctrl Pts',(0.610159867711859,20.,1.04028926202475));
#5177=CARTESIAN_POINT('Ctrl Pts',(0.571442560437862,20.,1.06780120748057));
#5178=CARTESIAN_POINT('Ctrl Pts',(0.530983509300087,20.,1.09283187766983));
#5179=CARTESIAN_POINT('Ctrl Pts',(0.557642192026457,20.,-0.781212655356767));
#5180=CARTESIAN_POINT('Ctrl Pts',(0.317189265355569,20.0220795404109,-0.950874285684581));
#5181=CARTESIAN_POINT('Ctrl Pts',(-0.359075212547828,20.0679894478047,-1.06096714256015));
#5182=CARTESIAN_POINT('Ctrl Pts',(-1.09254672345131,20.1377297221816,-0.299394812940799));
#5183=CARTESIAN_POINT('Ctrl Pts',(-0.843513939776163,20.2092208231306,0.756336700810937));
#5184=CARTESIAN_POINT('Ctrl Pts',(0.178630920262428,20.2807119240796,1.11862642788668));
#5185=CARTESIAN_POINT('Ctrl Pts',(0.869630690058538,20.3382625391146,0.585225009792971));
#5186=CARTESIAN_POINT('Ctrl Pts',(0.957394593307504,20.3719827871666,0.133208667058096));
#5187=CARTESIAN_POINT('Ctrl Pts',(0.956859569813706,20.3818726682356,0.000435907092289391));
#5188=CARTESIAN_POINT('Origin',(0.,19.1681273317644,0.));
#5189=CARTESIAN_POINT('',(-0.556433207999871,20.,-0.780144311992962));
#5190=CARTESIAN_POINT('Origin',(0.,20.,0.));
#5191=CARTESIAN_POINT('Ctrl Pts',(-0.556433207999871,20.,-0.780144311992962));
#5192=CARTESIAN_POINT('Ctrl Pts',(-0.816014285873137,20.023830366983,-0.594999679549127));
#5193=CARTESIAN_POINT('Ctrl Pts',(-1.13130767247619,20.071491100949,0.0516097239846956));
#5194=CARTESIAN_POINT('Ctrl Pts',(-0.568563952903914,20.142982201898,0.980689340036833));
#5195=CARTESIAN_POINT('Ctrl Pts',(0.515734091492738,20.214473302847,1.00829292193503));
#5196=CARTESIAN_POINT('Ctrl Pts',(0.943761026978635,20.2645216794691,0.3817500447548));
#5197=CARTESIAN_POINT('Ctrl Pts',(0.959641874550118,20.2907396891083,0.0324407788010916));
#5198=CARTESIAN_POINT('Ctrl Pts',(0.959424916072338,20.2931273317644,0.000608398066471081));
#5199=CARTESIAN_POINT('Ctrl Pts',(-0.705521886480379,19.8517653183856,-0.989173325407215));
#5200=CARTESIAN_POINT('Ctrl Pts',(-1.03465416888687,19.8755956853686,-0.754421717351641));
#5201=CARTESIAN_POINT('Ctrl Pts',(-1.4344261122448,19.9232564193346,0.0654378446557538));
#5202=CARTESIAN_POINT('Ctrl Pts',(-0.720902898803319,19.9947475202836,1.2434516547297));
#5203=CARTESIAN_POINT('Ctrl Pts',(0.653917997561859,20.0662386212326,1.27845123939585));
#5204=CARTESIAN_POINT('Ctrl Pts',(1.42914794218341,20.1377297221816,0.143674991195367));
#5205=CARTESIAN_POINT('Ctrl Pts',(0.89492889555372,20.2092208231306,-1.12367042621632));
#5206=CARTESIAN_POINT('Ctrl Pts',(-0.459477127463365,20.2807119240796,-1.36084087769414));
#5207=CARTESIAN_POINT('Ctrl Pts',(-1.39277960304029,20.3522030250286,-0.351216442658135));
#5208=CARTESIAN_POINT('Ctrl Pts',(-1.04980026321733,20.4236941259776,0.980381391430555));
#5209=CARTESIAN_POINT('Ctrl Pts',(0.255203090148227,20.4951852269266,1.41351619896553));
#5210=CARTESIAN_POINT('Ctrl Pts',(1.32633770938649,20.5666763278756,0.55137501439206));
#5211=CARTESIAN_POINT('Ctrl Pts',(1.18205368950243,20.6381674288246,-0.816050220044076));
#5212=CARTESIAN_POINT('Ctrl Pts',(-0.0454363398746682,20.7096585297736,
-1.43565835124528));
#5213=CARTESIAN_POINT('Ctrl Pts',(-1.2312886613407,20.7811496307226,-0.739670342373033));
#5214=CARTESIAN_POINT('Ctrl Pts',(-1.28881972296661,20.8526407316717,0.634135377154738));
#5215=CARTESIAN_POINT('Ctrl Pts',(-0.165308728419479,20.9241318326206,1.4268341688599));
#5216=CARTESIAN_POINT('Ctrl Pts',(1.10968686251139,20.9956229335697,0.912018909415075));
#5217=CARTESIAN_POINT('Ctrl Pts',(1.36779356058635,21.0671140345186,-0.438547759274422));
#5218=CARTESIAN_POINT('Ctrl Pts',(0.372488807117876,21.1386051354676,-1.38724017214477));
#5219=CARTESIAN_POINT('Ctrl Pts',(-0.964155245515357,21.2100962364167,-1.06470088445491));
#5220=CARTESIAN_POINT('Ctrl Pts',(-1.41727183457516,21.2815873373657,0.233503406660504));
#5221=CARTESIAN_POINT('Ctrl Pts',(-0.571636366152774,21.3530784383147,1.31773105761182));
#5222=CARTESIAN_POINT('Ctrl Pts',(0.797832203013803,21.4245695392637,1.19442331952339));
#5223=CARTESIAN_POINT('Ctrl Pts',(1.43618752797342,21.4960606402127,-0.0234237366241256));
#5224=CARTESIAN_POINT('Ctrl Pts',(0.75845693716538,21.5675517411617,-1.21980586950161));
#5225=CARTESIAN_POINT('Ctrl Pts',(-0.614304401473096,21.6390428421107,-1.29838876661508));
#5226=CARTESIAN_POINT('Ctrl Pts',(-1.42413272873624,21.7105339430597,-0.187161046316195));
#5227=CARTESIAN_POINT('Ctrl Pts',(-0.928921853909323,21.7820250440087,1.09557632112978));
#5228=CARTESIAN_POINT('Ctrl Pts',(0.417529506016009,21.8535161449577,1.37435526629499));
#5229=CARTESIAN_POINT('Ctrl Pts',(1.38136739017412,21.9250072459067,0.393709816545549));
#5230=CARTESIAN_POINT('Ctrl Pts',(1.07935514662582,21.9964983468557,-0.947721348136015));
#5231=CARTESIAN_POINT('Ctrl Pts',(-0.211750845543543,22.0679894478047,-1.42068464682073));
#5232=CARTESIAN_POINT('Ctrl Pts',(-1.30881372016779,22.1394805487537,-0.591768478531933));
#5233=CARTESIAN_POINT('Ctrl Pts',(-1.20651281468068,22.2109716497027,0.779429351701308));
#5234=CARTESIAN_POINT('Ctrl Pts',(0.00140590934423621,22.2824627506517,
1.43637784364228));
#5235=CARTESIAN_POINT('Ctrl Pts',(1.20803629361623,22.3539538516007,0.777066020097917));
#5236=CARTESIAN_POINT('Ctrl Pts',(1.3076527817966,22.4254449525497,-0.594329444453624));
#5237=CARTESIAN_POINT('Ctrl Pts',(0.208969344419412,22.4969360534988,-1.42109644267324));
#5238=CARTESIAN_POINT('Ctrl Pts',(-1.08120831324895,22.5684271544477,-0.945606614637699));
#5239=CARTESIAN_POINT('Ctrl Pts',(-1.38059402728027,22.6399182553968,0.396413191157038));
#5240=CARTESIAN_POINT('Ctrl Pts',(-0.414838303809824,22.7114093563458,1.37516997784911));
#5241=CARTESIAN_POINT('Ctrl Pts',(0.931064745842146,22.7829004572948,1.09375578870934));
#5242=CARTESIAN_POINT('Ctrl Pts',(1.42376361838894,22.8543915582438,-0.189948533127559));
#5243=CARTESIAN_POINT('Ctrl Pts',(0.611761532334782,22.9258826591928,-1.29958882491375));
#5244=CARTESIAN_POINT('Ctrl Pts',(-0.760843344353649,22.9973737601418,-1.21831879721116));
#5245=CARTESIAN_POINT('Ctrl Pts',(-1.43623062965101,23.0688648610908,-0.0206122472707023));
#5246=CARTESIAN_POINT('Ctrl Pts',(-0.795492502642875,23.1403559620398,1.19598284457776));
#5247=CARTESIAN_POINT('Ctrl Pts',(0.57421482778717,23.2118470629888,1.31660951608083));
#5248=CARTESIAN_POINT('Ctrl Pts',(1.41772621769681,23.2833381639378,0.230728537334035));
#5249=CARTESIAN_POINT('Ctrl Pts',(0.962069170253348,23.3548292648868,-1.06658623558231));
#5250=CARTESIAN_POINT('Ctrl Pts',(-0.375203724412466,23.4263203658358,-1.38650836689576));
#5251=CARTESIAN_POINT('Ctrl Pts',(-1.36864941869919,23.4978114667848,-0.435869309517466));
#5252=CARTESIAN_POINT('Ctrl Pts',(-1.10789941258955,23.5693025677338,0.914189355588465));
#5253=CARTESIAN_POINT('Ctrl Pts',(0.168101585308422,23.6407936686828,1.4265080242673));
#5254=CARTESIAN_POINT('Ctrl Pts',(1.29005854340489,23.7122847696319,0.631610830236064));
#5255=CARTESIAN_POINT('Ctrl Pts',(1.2298384908772,23.7837758705808,-0.742078548846025));
#5256=CARTESIAN_POINT('Ctrl Pts',(0.042625560272408,23.8552669715298,-1.43574592037445));
#5257=CARTESIAN_POINT('Ctrl Pts',(-1.1836483553132,23.9267580724789,-0.813732054945081));
#5258=CARTESIAN_POINT('Ctrl Pts',(-1.32525686449849,23.9982491734279,0.553965278231732));
#5259=CARTESIAN_POINT('Ctrl Pts',(-0.252433512033422,24.0697402743768,1.41402284567579));
#5260=CARTESIAN_POINT('Ctrl Pts',(1.05171352410781,24.1412313753259,0.978305652403493));
#5261=CARTESIAN_POINT('Ctrl Pts',(1.39209689548978,24.2127224762749,-0.353906089957736));
#5262=CARTESIAN_POINT('Ctrl Pts',(0.456797891334349,24.2842135772238,-1.36180724453843));
#5263=CARTESIAN_POINT('Ctrl Pts',(-0.89709914221597,24.3557046781729,-1.12178269552494));
#5264=CARTESIAN_POINT('Ctrl Pts',(-1.42891722082796,24.4271957791219,0.146215137412053));
#5265=CARTESIAN_POINT('Ctrl Pts',(-0.651311705459713,24.4986868800709,1.28022511209329));
#5266=CARTESIAN_POINT('Ctrl Pts',(0.723139369938117,24.5701779810199,1.2410691945446));
#5267=CARTESIAN_POINT('Ctrl Pts',(1.43492383879134,24.6416690819689,0.064628845588916));
#5268=CARTESIAN_POINT('Ctrl Pts',(0.831780373491734,24.7131601829179,-1.17103570266423));
#5269=CARTESIAN_POINT('Ctrl Pts',(-0.533585520593071,24.7846512838669,-1.33359283657326));
#5270=CARTESIAN_POINT('Ctrl Pts',(-1.40998726140991,24.8561423848159,-0.27407908826255));
#5271=CARTESIAN_POINT('Ctrl Pts',(-0.994312121591881,24.9276334857649,1.03659352012891));
#5272=CARTESIAN_POINT('Ctrl Pts',(0.332525053750195,24.999124586714,1.39735859516996));
#5273=CARTESIAN_POINT('Ctrl Pts',(1.35464552220236,25.0706156876629,0.477618563405465));
#5274=CARTESIAN_POINT('Ctrl Pts',(1.13540149247486,25.1421067886119,-0.879797029642292));
#5275=CARTESIAN_POINT('Ctrl Pts',(-0.124292635189509,25.213597889561,-1.43099274188862));
#5276=CARTESIAN_POINT('Ctrl Pts',(-1.27009410544438,25.2850889905099,-0.670855490513333));
#5277=CARTESIAN_POINT('Ctrl Pts',(-1.25200199321136,25.356580091459,0.704022493215909));
#5278=CARTESIAN_POINT('Ctrl Pts',(-0.0866290009229552,25.428071192408,1.43377950937847));
#5279=CARTESIAN_POINT('Ctrl Pts',(1.15817105684902,25.499562293357,0.84960450523506));
#5280=CARTESIAN_POINT('Ctrl Pts',(1.34157084766478,25.571053394306,-0.51302513170541));
#5281=CARTESIAN_POINT('Ctrl Pts',(0.295746006214955,25.642544495255,-1.40572659313896));
#5282=CARTESIAN_POINT('Ctrl Pts',(-1.02139494954819,25.714035596204,-1.00988053787541));
#5283=CARTESIAN_POINT('Ctrl Pts',(-1.40197336123795,25.785526697153,0.310671874213412));
#5284=CARTESIAN_POINT('Ctrl Pts',(-0.498951257394864,25.857017798102,1.34793199008598));
#5285=CARTESIAN_POINT('Ctrl Pts',(0.863596855066469,25.928508899051,1.14719695559316));
#5286=CARTESIAN_POINT('Ctrl Pts',(1.24071700827955,25.976169633017,0.316674410353319));
#5287=CARTESIAN_POINT('Ctrl Pts',(1.21191192277757,26.,-0.0865707307903913));
#5288=CARTESIAN_POINT('Ctrl Pts',(-0.65582566032021,19.9011768789237,-0.919496987602464));
#5289=CARTESIAN_POINT('Ctrl Pts',(-0.961774207882294,19.9250072459067,-0.701281038084137));
#5290=CARTESIAN_POINT('Ctrl Pts',(-1.33338663232193,19.9726679798727,0.0608284710987341));
#5291=CARTESIAN_POINT('Ctrl Pts',(-0.670123250170184,20.0441590808217,1.15586421649875));
#5292=CARTESIAN_POINT('Ctrl Pts',(0.607856695538818,20.1156501817707,1.18839846690891));
#5293=CARTESIAN_POINT('Ctrl Pts',(1.32848025105705,20.1871412827197,0.133554674600186));
#5294=CARTESIAN_POINT('Ctrl Pts',(0.831891037135766,20.2586323836687,-1.04452025284704));
#5295=CARTESIAN_POINT('Ctrl Pts',(-0.427112037620789,20.3301234846177,-1.26498466497865));
#5296=CARTESIAN_POINT('Ctrl Pts',(-1.2946736598083,20.4016145855668,-0.326477122588861));
#5297=CARTESIAN_POINT('Ctrl Pts',(-0.975853427118267,20.4731056865157,0.911324348289328));
#5298=CARTESIAN_POINT('Ctrl Pts',(0.237226850533541,20.5445967874648,1.31394959153496));
#5299=CARTESIAN_POINT('Ctrl Pts',(1.23291186387621,20.6160878884138,0.512536733199965));
#5300=CARTESIAN_POINT('Ctrl Pts',(1.09879105993322,20.6875789893627,-0.758568493296122));
#5301=CARTESIAN_POINT('Ctrl Pts',(-0.0422358514623789,20.7590700903118,
-1.33453207369186));
#5302=CARTESIAN_POINT('Ctrl Pts',(-1.14455797168385,20.8305611912607,-0.687568734580357));
#5303=CARTESIAN_POINT('Ctrl Pts',(-1.19803660530634,20.9020522922098,0.589467542289318));
#5304=CARTESIAN_POINT('Ctrl Pts',(-0.153664553927922,20.9735433931588,1.32632945751428));
#5305=CARTESIAN_POINT('Ctrl Pts',(1.03152167679129,21.0450344941078,0.847777248237477));
#5306=CARTESIAN_POINT('Ctrl Pts',(1.27144760813626,21.1165255950568,-0.407656912307706));
#5307=CARTESIAN_POINT('Ctrl Pts',(0.346251083873008,21.1880166960058,-1.28952442065007));
#5308=CARTESIAN_POINT('Ctrl Pts',(-0.896241155176249,21.2595077969548,-0.98970446413013));
#5309=CARTESIAN_POINT('Ctrl Pts',(-1.31744068408759,21.3309988979038,0.217055670128253));
#5310=CARTESIAN_POINT('Ctrl Pts',(-0.531370896465599,21.4024899988528,1.2249114556799));
#5311=CARTESIAN_POINT('Ctrl Pts',(0.741633734392742,21.4739810998018,1.11028938611114));
#5312=CARTESIAN_POINT('Ctrl Pts',(1.33502397576294,21.5454722007508,-0.0217737930361382));
#5313=CARTESIAN_POINT('Ctrl Pts',(0.705032021221007,21.6169633016999,-1.13388401573082));
#5314=CARTESIAN_POINT('Ctrl Pts',(-0.571033439860423,21.6884544026488,-1.20693161549617));
#5315=CARTESIAN_POINT('Ctrl Pts',(-1.32381830401662,21.7599455035978,-0.173977617333558));
#5316=CARTESIAN_POINT('Ctrl Pts',(-0.863489566943276,21.8314366045469,1.01840506723402));
#5317=CARTESIAN_POINT('Ctrl Pts',(0.388119162896781,21.9029277054958,1.27754711413552));
#5318=CARTESIAN_POINT('Ctrl Pts',(1.28406531131892,21.9744188064449,0.365977307520009));
#5319=CARTESIAN_POINT('Ctrl Pts',(1.00332649535114,22.0459099073939,-0.880964844395577));
#5320=CARTESIAN_POINT('Ctrl Pts',(-0.196835336738804,22.1174010083429,-1.32061310139652));
#5321=CARTESIAN_POINT('Ctrl Pts',(-1.21662224618889,22.1888921092919,-0.550084923836981));
#5322=CARTESIAN_POINT('Ctrl Pts',(-1.12152730983314,22.2603832102409,0.724527160741284));
#5323=CARTESIAN_POINT('Ctrl Pts',(0.00130687855573147,22.3318743111899,
1.3352008857945));
#5324=CARTESIAN_POINT('Ctrl Pts',(1.12294347650075,22.4033654121389,0.722330299752193));
#5325=CARTESIAN_POINT('Ctrl Pts',(1.21554308310626,22.4748565130879,-0.552465497989031));
#5326=CARTESIAN_POINT('Ctrl Pts',(0.194249761654057,22.5463476140369,-1.32099589077849));
#5327=CARTESIAN_POINT('Ctrl Pts',(-1.00504912684932,22.6178387149859,-0.878999070520209));
#5328=CARTESIAN_POINT('Ctrl Pts',(-1.28334642330106,22.6893298159349,0.368490259242212));
#5329=CARTESIAN_POINT('Ctrl Pts',(-0.385617526168342,22.7608209168839,1.27830443825714));
#5330=CARTESIAN_POINT('Ctrl Pts',(0.865481515802379,22.8323120178329,1.01671277121931));
#5331=CARTESIAN_POINT('Ctrl Pts',(1.32347519341738,22.9038031187819,-0.176568756479967));
#5332=CARTESIAN_POINT('Ctrl Pts',(0.568669687773195,22.9752942197309,-1.20804714293938));
#5333=CARTESIAN_POINT('Ctrl Pts',(-0.707250332374835,23.0467853206799,-1.13250169126219));
#5334=CARTESIAN_POINT('Ctrl Pts',(-1.3350640414033,23.118276421629,-0.0191603420617087));
#5335=CARTESIAN_POINT('Ctrl Pts',(-0.739458840076735,23.1897675225779,1.11173905984653));
#5336=CARTESIAN_POINT('Ctrl Pts',(0.533767733950592,23.261258623527,1.22386891436512));
#5337=CARTESIAN_POINT('Ctrl Pts',(1.31786306093587,23.3327497244759,0.214476259704256));
#5338=CARTESIAN_POINT('Ctrl Pts',(0.894302020880901,23.404240825425,-0.991457013089653));
#5339=CARTESIAN_POINT('Ctrl Pts',(-0.348774765223749,23.4757319263739,-1.28884416299988));
#5340=CARTESIAN_POINT('Ctrl Pts',(-1.2722431804959,23.547223027323,-0.405167129759266));
#5341=CARTESIAN_POINT('Ctrl Pts',(-1.02986013297847,23.618714128272,0.849794810445168));
#5342=CARTESIAN_POINT('Ctrl Pts',(0.156260684889243,23.690205229221,1.32602628620677));
#5343=CARTESIAN_POINT('Ctrl Pts',(1.19918816452445,23.76169633017,0.587120821823681));
#5344=CARTESIAN_POINT('Ctrl Pts',(1.14320994971596,23.833187431119,-0.689807309500018));
#5345=CARTESIAN_POINT('Ctrl Pts',(0.0396230602449815,23.904678532068,-1.33461347454286));
#5346=CARTESIAN_POINT('Ctrl Pts',(-1.10027339914677,23.9761696330171,-0.756413617329944));
#5347=CARTESIAN_POINT('Ctrl Pts',(-1.23190715257531,24.047660733966,0.514944541555197));
#5348=CARTESIAN_POINT('Ctrl Pts',(-0.234652358613776,24.119151834915,1.31442055057915));
#5349=CARTESIAN_POINT('Ctrl Pts',(0.977631919906262,24.190642935864,0.909394822155311));
#5350=CARTESIAN_POINT('Ctrl Pts',(1.29403904146591,24.262134036813,-0.328977313936714));
#5351=CARTESIAN_POINT('Ctrl Pts',(0.424621524091517,24.333625137762,-1.26588296194989));
#5352=CARTESIAN_POINT('Ctrl Pts',(-0.833908413885675,24.405116238711,-1.04276549193755));
#5353=CARTESIAN_POINT('Ctrl Pts',(-1.32826578147335,24.4766073396601,0.135915895565547));
#5354=CARTESIAN_POINT('Ctrl Pts',(-0.605433987935212,24.548098440609,1.19004738986285));
#5355=CARTESIAN_POINT('Ctrl Pts',(0.672202186609835,24.6195895415581,1.1536495743253));
#5356=CARTESIAN_POINT('Ctrl Pts',(1.33384929952943,24.6910806425071,0.0600764570827484));
#5357=CARTESIAN_POINT('Ctrl Pts',(0.773190631133976,24.762571743456,-1.0885491686014));
#5358=CARTESIAN_POINT('Ctrl Pts',(-0.496000312798217,24.8340628444051,-1.23965594746758));
#5359=CARTESIAN_POINT('Ctrl Pts',(-1.31066922866176,24.905553945354,-0.254773243019357));
#5360=CARTESIAN_POINT('Ctrl Pts',(-0.924273812341199,24.9770450463031,0.963576953244661));
#5361=CARTESIAN_POINT('Ctrl Pts',(0.30910233562939,25.0485361472521,1.29893011250606));
#5362=CARTESIAN_POINT('Ctrl Pts',(1.25922570386891,25.1200272482011,0.443975609727993));
#5363=CARTESIAN_POINT('Ctrl Pts',(1.05542499502823,25.1915183491501,-0.817825044083817));
#5364=CARTESIAN_POINT('Ctrl Pts',(-0.115537591544823,25.2630094500991,-1.33019510499428));
#5365=CARTESIAN_POINT('Ctrl Pts',(-1.18063000076047,25.3345005510481,-0.623601129144518));
#5366=CARTESIAN_POINT('Ctrl Pts',(-1.16381227805168,25.405991651997,0.654431882754137));
#5367=CARTESIAN_POINT('Ctrl Pts',(-0.080526944410747,25.4774827529461,1.33278557548741));
#5368=CARTESIAN_POINT('Ctrl Pts',(1.07659069502571,25.5489738538951,0.789759249619387));
#5369=CARTESIAN_POINT('Ctrl Pts',(1.24707199577508,25.6204649548441,-0.476888176269104));
#5370=CARTESIAN_POINT('Ctrl Pts',(0.274913965859477,25.6919560557931,-1.30670867742197));
#5371=CARTESIAN_POINT('Ctrl Pts',(-0.949448954130772,25.7634471567421,-0.938745605612166));
#5372=CARTESIAN_POINT('Ctrl Pts',(-1.30321981926323,25.8349382576911,0.288788471276712));
#5373=CARTESIAN_POINT('Ctrl Pts',(-0.463805650992626,25.9064293586402,1.25298506595578));
#5374=CARTESIAN_POINT('Ctrl Pts',(0.802765992916046,25.9779204595891,1.06638959802154));
#5375=CARTESIAN_POINT('Ctrl Pts',(1.15332219569361,26.0255811935551,0.294368195028699));
#5376=CARTESIAN_POINT('Ctrl Pts',(1.12654611038439,26.0494115605381,-0.080472778765588));
#5377=CARTESIAN_POINT('Ctrl Pts',(-0.60612943416004,19.9505884394619,-0.849820649797713));
#5378=CARTESIAN_POINT('Ctrl Pts',(-0.888894246877717,19.9744188064449,-0.648140358816631));
#5379=CARTESIAN_POINT('Ctrl Pts',(-1.23234715239906,20.0220795404109,0.0562190975417147));
#5380=CARTESIAN_POINT('Ctrl Pts',(-0.619343601537049,20.0935706413599,1.06827677826779));
#5381=CARTESIAN_POINT('Ctrl Pts',(0.561795393515779,20.1650617423089,1.09834569442197));
#5382=CARTESIAN_POINT('Ctrl Pts',(1.22781255993069,20.2365528432579,0.123434358005003));
#5383=CARTESIAN_POINT('Ctrl Pts',(0.768853178717812,20.3080439442069,-0.96537007947776));
#5384=CARTESIAN_POINT('Ctrl Pts',(-0.394746947778213,20.3795350451559,-1.16912845226315));
#5385=CARTESIAN_POINT('Ctrl Pts',(-1.19656771657632,20.4510261461049,-0.301737802519585));
#5386=CARTESIAN_POINT('Ctrl Pts',(-0.901906591019209,20.5225172470539,0.8422673051481));
#5387=CARTESIAN_POINT('Ctrl Pts',(0.219250610918856,20.5940083480029,1.2143829841044));
#5388=CARTESIAN_POINT('Ctrl Pts',(1.13948601836593,20.6654994489519,0.473698452007868));
#5389=CARTESIAN_POINT('Ctrl Pts',(1.01552843036401,20.7369905499009,-0.701086766548167));
#5390=CARTESIAN_POINT('Ctrl Pts',(-0.0390353630500905,20.8084816508499,
-1.23340579613844));
#5391=CARTESIAN_POINT('Ctrl Pts',(-1.05782728202701,20.8799727517989,-0.635467126787681));
#5392=CARTESIAN_POINT('Ctrl Pts',(-1.10725348764607,20.951463852748,0.544799707423899));
#5393=CARTESIAN_POINT('Ctrl Pts',(-0.142020379436363,21.0229549536969,1.22582474616867));
#5394=CARTESIAN_POINT('Ctrl Pts',(0.953356491071183,21.094446054646,0.783535587059878));
#5395=CARTESIAN_POINT('Ctrl Pts',(1.17510165568618,21.1659371555949,-0.376766065340988));
#5396=CARTESIAN_POINT('Ctrl Pts',(0.320013360628141,21.237428256544,-1.19180866915538));
#5397=CARTESIAN_POINT('Ctrl Pts',(-0.828327064837143,21.308919357493,-0.91470804380535));
#5398=CARTESIAN_POINT('Ctrl Pts',(-1.21760953360002,21.3804104584419,0.200607933596001));
#5399=CARTESIAN_POINT('Ctrl Pts',(-0.491105426778426,21.451901559391,1.13209185374799));
#5400=CARTESIAN_POINT('Ctrl Pts',(0.685435265771681,21.52339266034,1.02615545269889));
#5401=CARTESIAN_POINT('Ctrl Pts',(1.23386042355247,21.594883761289,-0.02012384944815));
#5402=CARTESIAN_POINT('Ctrl Pts',(0.651607105276635,21.666374862238,-1.04796216196004));
#5403=CARTESIAN_POINT('Ctrl Pts',(-0.527762478247752,21.737865963187,-1.11547446437726));
#5404=CARTESIAN_POINT('Ctrl Pts',(-1.22350387929699,21.809357064136,-0.160794188350921));
#5405=CARTESIAN_POINT('Ctrl Pts',(-0.798057279977229,21.880848165085,0.941233813338256));
#5406=CARTESIAN_POINT('Ctrl Pts',(0.358708819777555,21.952339266034,1.18073896197606));
#5407=CARTESIAN_POINT('Ctrl Pts',(1.18676323246372,22.023830366983,0.338244798494467));
#5408=CARTESIAN_POINT('Ctrl Pts',(0.927297844076468,22.095321467932,-0.814208340655137));
#5409=CARTESIAN_POINT('Ctrl Pts',(-0.181919827934064,22.166812568881,-1.22054155597232));
#5410=CARTESIAN_POINT('Ctrl Pts',(-1.12443077221,22.23830366983,-0.508401369142028));
#5411=CARTESIAN_POINT('Ctrl Pts',(-1.0365418049856,22.3097947707791,0.669624969781261));
#5412=CARTESIAN_POINT('Ctrl Pts',(0.00120784776722515,22.381285871728,1.23402392794672));
#5413=CARTESIAN_POINT('Ctrl Pts',(1.03785065938526,22.452776972677,0.667594579406469));
#5414=CARTESIAN_POINT('Ctrl Pts',(1.12343338441592,22.524268073626,-0.510601551524438));
#5415=CARTESIAN_POINT('Ctrl Pts',(0.179530178888704,22.5957591745751,-1.22089533888375));
#5416=CARTESIAN_POINT('Ctrl Pts',(-0.928889940449691,22.667250275524,-0.812391526402719));
#5417=CARTESIAN_POINT('Ctrl Pts',(-1.18609881932185,22.7387413764731,0.340567327327387));
#5418=CARTESIAN_POINT('Ctrl Pts',(-0.356396748526861,22.810232477422,1.18143889866516));
#5419=CARTESIAN_POINT('Ctrl Pts',(0.799898285762615,22.8817235783711,0.939669753729286));
#5420=CARTESIAN_POINT('Ctrl Pts',(1.22318676844581,22.9532146793201,-0.163188979832376));
#5421=CARTESIAN_POINT('Ctrl Pts',(0.52557784321161,23.0247057802691,-1.116505460965));
#5422=CARTESIAN_POINT('Ctrl Pts',(-0.653657320396022,23.0961968812181,-1.04668458531323));
#5423=CARTESIAN_POINT('Ctrl Pts',(-1.23389745315559,23.1676879821671,-0.0177084368527149));
#5424=CARTESIAN_POINT('Ctrl Pts',(-0.683425177510593,23.2391790831161,1.02749527511531));
#5425=CARTESIAN_POINT('Ctrl Pts',(0.493320640114012,23.3106701840651,1.13112831264941));
#5426=CARTESIAN_POINT('Ctrl Pts',(1.21799990417492,23.3821612850141,0.198223982074479));
#5427=CARTESIAN_POINT('Ctrl Pts',(0.826534871508454,23.4536523859631,-0.916327790596996));
#5428=CARTESIAN_POINT('Ctrl Pts',(-0.322345806035033,23.5251434869121,-1.19117995910399));
#5429=CARTESIAN_POINT('Ctrl Pts',(-1.1758369422926,23.5966345878611,-0.374464950001067));
#5430=CARTESIAN_POINT('Ctrl Pts',(-0.951820853367393,23.6681256888101,0.785400265301872));
#5431=CARTESIAN_POINT('Ctrl Pts',(0.144419784470065,23.7396167897591,1.22554454814624));
#5432=CARTESIAN_POINT('Ctrl Pts',(1.10831778564401,23.8111078907081,0.542630813411298));
#5433=CARTESIAN_POINT('Ctrl Pts',(1.05658140855472,23.8825989916571,-0.637536070154012));
#5434=CARTESIAN_POINT('Ctrl Pts',(0.0366205602175541,23.9540900926062,-1.23348102871127));
#5435=CARTESIAN_POINT('Ctrl Pts',(-1.01689844298033,24.0255811935551,-0.699095179714807));
#5436=CARTESIAN_POINT('Ctrl Pts',(-1.13855744065213,24.0970722945042,0.475923804878662));
#5437=CARTESIAN_POINT('Ctrl Pts',(-0.216871205194129,24.1685633954531,1.21481825548251));
#5438=CARTESIAN_POINT('Ctrl Pts',(0.903550315704707,24.2400544964022,0.840483991907131));
#5439=CARTESIAN_POINT('Ctrl Pts',(1.19598118744204,24.3115455973512,-0.304048537915695));
#5440=CARTESIAN_POINT('Ctrl Pts',(0.392445156848685,24.3830366983002,-1.16995867936135));
#5441=CARTESIAN_POINT('Ctrl Pts',(-0.77071768555538,24.4545277992491,-0.963748288350155));
#5442=CARTESIAN_POINT('Ctrl Pts',(-1.22761434211873,24.5260189001982,0.125616653719041));
#5443=CARTESIAN_POINT('Ctrl Pts',(-0.559556270410712,24.5975100011472,1.09986966763242));
#5444=CARTESIAN_POINT('Ctrl Pts',(0.621265003281555,24.6690011020962,1.066229954106));
#5445=CARTESIAN_POINT('Ctrl Pts',(1.23277476026751,24.7404922030452,0.0555240685765799));
#5446=CARTESIAN_POINT('Ctrl Pts',(0.714600888776219,24.8119833039942,-1.00606263453856));
#5447=CARTESIAN_POINT('Ctrl Pts',(-0.458415105003363,24.8834744049432,-1.14571905836191));
#5448=CARTESIAN_POINT('Ctrl Pts',(-1.21135119591362,24.9549655058922,-0.235467397776165));
#5449=CARTESIAN_POINT('Ctrl Pts',(-0.854235503090516,25.0264566068412,0.890560386360415));
#5450=CARTESIAN_POINT('Ctrl Pts',(0.285679617508585,25.0979477077902,1.20050162984217));
#5451=CARTESIAN_POINT('Ctrl Pts',(1.16380588553545,25.1694388087392,0.410332656050523));
#5452=CARTESIAN_POINT('Ctrl Pts',(0.975448497581612,25.2409299096882,-0.755853058525344));
#5453=CARTESIAN_POINT('Ctrl Pts',(-0.10678254790014,25.3124210106372,-1.22939746809993));
#5454=CARTESIAN_POINT('Ctrl Pts',(-1.09116589607657,25.3839121115862,-0.576346767775705));
#5455=CARTESIAN_POINT('Ctrl Pts',(-1.075622562892,25.4554032125353,0.604841272292365));
#5456=CARTESIAN_POINT('Ctrl Pts',(-0.074424887898539,25.5268943134842,1.23179164159635));
#5457=CARTESIAN_POINT('Ctrl Pts',(0.995010333202402,25.5983854144333,0.729913994003716));
#5458=CARTESIAN_POINT('Ctrl Pts',(1.15257314388538,25.6698765153822,-0.440751220832798));
#5459=CARTESIAN_POINT('Ctrl Pts',(0.254081925504,25.7413676163313,-1.20769076170498));
#5460=CARTESIAN_POINT('Ctrl Pts',(-0.877502958713358,25.8128587172802,-0.867610673348921));
#5461=CARTESIAN_POINT('Ctrl Pts',(-1.20446627728851,25.8843498182293,0.266905068340015));
#5462=CARTESIAN_POINT('Ctrl Pts',(-0.428660044590388,25.9558409191782,1.15803814182558));
#5463=CARTESIAN_POINT('Ctrl Pts',(0.741935130765623,26.0273320201273,0.985582240449915));
#5464=CARTESIAN_POINT('Ctrl Pts',(1.06592738310766,26.0749927540933,0.272061979704078));
#5465=CARTESIAN_POINT('Ctrl Pts',(1.04118029799121,26.0988231210763,-0.0743748267407847));
#5466=CARTESIAN_POINT('Ctrl Pts',(-0.556433207999871,20.,-0.780144311992962));
#5467=CARTESIAN_POINT('Ctrl Pts',(-0.816014285873137,20.023830366983,-0.594999679549127));
#5468=CARTESIAN_POINT('Ctrl Pts',(-1.13130767247619,20.071491100949,0.0516097239846956));
#5469=CARTESIAN_POINT('Ctrl Pts',(-0.568563952903914,20.142982201898,0.980689340036833));
#5470=CARTESIAN_POINT('Ctrl Pts',(0.515734091492738,20.214473302847,1.00829292193503));
#5471=CARTESIAN_POINT('Ctrl Pts',(1.12714486880433,20.285964403796,0.11331404140982));
#5472=CARTESIAN_POINT('Ctrl Pts',(0.705815320299858,20.357455504745,-0.88621990610848));
#5473=CARTESIAN_POINT('Ctrl Pts',(-0.362381857935635,20.428946605694,-1.07327223954766));
#5474=CARTESIAN_POINT('Ctrl Pts',(-1.09846177334433,20.500437706643,-0.276998482450311));
#5475=CARTESIAN_POINT('Ctrl Pts',(-0.827959754920149,20.571928807592,0.773210262006871));
#5476=CARTESIAN_POINT('Ctrl Pts',(0.20127437130417,20.643419908541,1.11481637667384));
#5477=CARTESIAN_POINT('Ctrl Pts',(1.04606017285565,20.7149110094901,0.434860170815772));
#5478=CARTESIAN_POINT('Ctrl Pts',(0.932265800794801,20.786402110439,-0.643605039800213));
#5479=CARTESIAN_POINT('Ctrl Pts',(-0.035834874637802,20.8578932113881,-1.13227951858501));
#5480=CARTESIAN_POINT('Ctrl Pts',(-0.971096592370158,20.929384312337,-0.583365518995006));
#5481=CARTESIAN_POINT('Ctrl Pts',(-1.0164703699858,21.0008754132861,0.50013187255848));
#5482=CARTESIAN_POINT('Ctrl Pts',(-0.130376204944805,21.0723665142351,1.12532003482305));
#5483=CARTESIAN_POINT('Ctrl Pts',(0.875191305351079,21.1438576151841,0.719293925882281));
#5484=CARTESIAN_POINT('Ctrl Pts',(1.0787557032361,21.2153487161331,-0.345875218374273));
#5485=CARTESIAN_POINT('Ctrl Pts',(0.293775637383273,21.2868398170821,-1.09409291766069));
#5486=CARTESIAN_POINT('Ctrl Pts',(-0.760412974498035,21.3583309180311,-0.839711623480572));
#5487=CARTESIAN_POINT('Ctrl Pts',(-1.11777838311246,21.4298220189801,0.184160197063749));
#5488=CARTESIAN_POINT('Ctrl Pts',(-0.45083995709125,21.5013131199291,1.03927225181608));
#5489=CARTESIAN_POINT('Ctrl Pts',(0.629236797150618,21.5728042208781,0.942021519286641));
#5490=CARTESIAN_POINT('Ctrl Pts',(1.132696871342,21.6442953218271,-0.018473905860162));
#5491=CARTESIAN_POINT('Ctrl Pts',(0.598182189332263,21.7157864227761,-0.962040308189249));
#5492=CARTESIAN_POINT('Ctrl Pts',(-0.484491516635079,21.7872775237251,-1.02401731325834));
#5493=CARTESIAN_POINT('Ctrl Pts',(-1.12318945457737,21.8587686246741,-0.147610759368284));
#5494=CARTESIAN_POINT('Ctrl Pts',(-0.732624993011181,21.9302597256231,0.864062559442495));
#5495=CARTESIAN_POINT('Ctrl Pts',(0.329298476658328,22.0017508265722,1.08393080981659));
#5496=CARTESIAN_POINT('Ctrl Pts',(1.08946115360852,22.0732419275211,0.310512289468926));
#5497=CARTESIAN_POINT('Ctrl Pts',(0.85126919280179,22.1447330284702,-0.747451836914698));
#5498=CARTESIAN_POINT('Ctrl Pts',(-0.167004319129325,22.2162241294192,-1.12047001054811));
#5499=CARTESIAN_POINT('Ctrl Pts',(-1.03223929823111,22.2877152303681,-0.466717814447076));
#5500=CARTESIAN_POINT('Ctrl Pts',(-0.951556300138062,22.3592063313172,0.614722778821237));
#5501=CARTESIAN_POINT('Ctrl Pts',(0.00110881697871942,22.4306974322661,
1.13284697009894));
#5502=CARTESIAN_POINT('Ctrl Pts',(0.952757842269771,22.5021885332152,0.612858859060744));
#5503=CARTESIAN_POINT('Ctrl Pts',(1.03132368572558,22.5736796341642,-0.468737605059845));
#5504=CARTESIAN_POINT('Ctrl Pts',(0.164810596123352,22.6451707351132,-1.120794786989));
#5505=CARTESIAN_POINT('Ctrl Pts',(-0.852730754050063,22.7166618360622,-0.745783982285229));
#5506=CARTESIAN_POINT('Ctrl Pts',(-1.08885121534264,22.7881529370112,0.31264439541256));
#5507=CARTESIAN_POINT('Ctrl Pts',(-0.327175970885379,22.8596440379603,1.08457335907319));
#5508=CARTESIAN_POINT('Ctrl Pts',(0.734315055722847,22.9311351389092,0.862626736239261));
#5509=CARTESIAN_POINT('Ctrl Pts',(1.12289834347424,23.0026262398582,-0.149809203184784));
#5510=CARTESIAN_POINT('Ctrl Pts',(0.482485998650023,23.0741173408072,-1.02496377899063));
#5511=CARTESIAN_POINT('Ctrl Pts',(-0.600064308417209,23.1456084417562,-0.96086747936426));
#5512=CARTESIAN_POINT('Ctrl Pts',(-1.13273086490788,23.2170995427052,-0.0162565316437205));
#5513=CARTESIAN_POINT('Ctrl Pts',(-0.627391514944452,23.2885906436542,0.943251490384079));
#5514=CARTESIAN_POINT('Ctrl Pts',(0.452873546277433,23.3600817446033,1.0383877109337));
#5515=CARTESIAN_POINT('Ctrl Pts',(1.11813674741397,23.4315728455522,0.181971704444699));
#5516=CARTESIAN_POINT('Ctrl Pts',(0.758767722136007,23.5030639465013,-0.841198568104338));
#5517=CARTESIAN_POINT('Ctrl Pts',(-0.295916846846316,23.5745550474502,-1.09351575520811));
#5518=CARTESIAN_POINT('Ctrl Pts',(-1.07943070408931,23.6460461483993,-0.343762770242867));
#5519=CARTESIAN_POINT('Ctrl Pts',(-0.873781573756312,23.7175372493483,0.721005720158576));
#5520=CARTESIAN_POINT('Ctrl Pts',(0.132578884050885,23.7890283502973,1.12506281008571));
#5521=CARTESIAN_POINT('Ctrl Pts',(1.01744740676358,23.8605194512463,0.498140804998916));
#5522=CARTESIAN_POINT('Ctrl Pts',(0.96995286739347,23.9320105521953,-0.585264830808007));
#5523=CARTESIAN_POINT('Ctrl Pts',(0.0336180601901277,24.0035016531443,-1.13234858287968));
#5524=CARTESIAN_POINT('Ctrl Pts',(-0.933523486813901,24.0749927540933,-0.64177674209967));
#5525=CARTESIAN_POINT('Ctrl Pts',(-1.04520772872894,24.1464838550423,0.436903068202126));
#5526=CARTESIAN_POINT('Ctrl Pts',(-0.199090051774484,24.2179749559913,1.11521596038587));
#5527=CARTESIAN_POINT('Ctrl Pts',(0.829468711503156,24.2894660569403,0.77157316165895));
#5528=CARTESIAN_POINT('Ctrl Pts',(1.09792333341817,24.3609571578893,-0.279119761894674));
#5529=CARTESIAN_POINT('Ctrl Pts',(0.360268789605854,24.4324482588383,-1.07403439677281));
#5530=CARTESIAN_POINT('Ctrl Pts',(-0.707526957225084,24.5039393597873,-0.884731084762761));
#5531=CARTESIAN_POINT('Ctrl Pts',(-1.12696290276411,24.5754304607363,0.115317411872534));
#5532=CARTESIAN_POINT('Ctrl Pts',(-0.51367855288621,24.6469215616853,1.00969194540198));
#5533=CARTESIAN_POINT('Ctrl Pts',(0.570327819953273,24.7184126626343,0.978810333886707));
#5534=CARTESIAN_POINT('Ctrl Pts',(1.1317002210056,24.7899037635833,0.0509716800704114));
#5535=CARTESIAN_POINT('Ctrl Pts',(0.656011146418461,24.8613948645324,-0.923576100475732));
#5536=CARTESIAN_POINT('Ctrl Pts',(-0.420829897208509,24.9328859654813,-1.05178216925623));
#5537=CARTESIAN_POINT('Ctrl Pts',(-1.11203316316547,25.0043770664304,-0.21616155253297));
#5538=CARTESIAN_POINT('Ctrl Pts',(-0.784197193839834,25.0758681673793,0.817543819476168));
#5539=CARTESIAN_POINT('Ctrl Pts',(0.26225689938778,25.1473592683284,1.10207314717828));
#5540=CARTESIAN_POINT('Ctrl Pts',(1.068386067202,25.2188503692774,0.376689702373052));
#5541=CARTESIAN_POINT('Ctrl Pts',(0.895472000134989,25.2903414702264,-0.693881072966871));
#5542=CARTESIAN_POINT('Ctrl Pts',(-0.0980275042554534,25.3618325711754,
-1.12859983120557));
#5543=CARTESIAN_POINT('Ctrl Pts',(-1.00170179139267,25.4333236721244,-0.529092406406892));
#5544=CARTESIAN_POINT('Ctrl Pts',(-0.987432847732321,25.5048147730734,0.555250661830593));
#5545=CARTESIAN_POINT('Ctrl Pts',(-0.0683228313863307,25.5763058740224,
1.13079770770529));
#5546=CARTESIAN_POINT('Ctrl Pts',(0.913429971379089,25.6477969749714,0.670068738388043));
#5547=CARTESIAN_POINT('Ctrl Pts',(1.05807429199569,25.7192880759204,-0.404614265396492));
#5548=CARTESIAN_POINT('Ctrl Pts',(0.23324988514852,25.7907791768694,-1.108672845988));
#5549=CARTESIAN_POINT('Ctrl Pts',(-0.805556963295943,25.8622702778185,-0.796475741085674));
#5550=CARTESIAN_POINT('Ctrl Pts',(-1.10571273531379,25.9337613787674,0.245021665403317));
#5551=CARTESIAN_POINT('Ctrl Pts',(-0.393514438188149,26.0052524797165,1.06309121769539));
#5552=CARTESIAN_POINT('Ctrl Pts',(0.6811042686152,26.0767435806654,0.904774882878293));
#5553=CARTESIAN_POINT('Ctrl Pts',(0.978532570521719,26.1244043146314,0.249755764379458));
#5554=CARTESIAN_POINT('Ctrl Pts',(0.955814485598026,26.1482346816144,-0.0682768747159814));
#5555=CARTESIAN_POINT('',(1.21191192277757,26.,-0.086570730790374));
#5556=CARTESIAN_POINT('Ctrl Pts',(-0.39772900218246,26.,0.873538622707075));
#5557=CARTESIAN_POINT('Ctrl Pts',(-0.37768166483943,26.,0.886165274619291));
#5558=CARTESIAN_POINT('Ctrl Pts',(-0.357184088195403,26.,0.897967664666353));
#5559=CARTESIAN_POINT('Ctrl Pts',(-0.336273570590013,26.,0.908908196682739));
#5560=CARTESIAN_POINT('Ctrl Pts',(-0.29826309044221,26.,0.928795551116665));
#5561=CARTESIAN_POINT('Ctrl Pts',(-0.25889079644972,26.,0.945838256465772));
#5562=CARTESIAN_POINT('Ctrl Pts',(-0.218478146437906,26.,0.960139588959761));
#5563=CARTESIAN_POINT('Ctrl Pts',(-0.183117077677568,26.,0.972653254892002));
#5564=CARTESIAN_POINT('Ctrl Pts',(-0.146958242907764,26.,0.983067497964212));
#5565=CARTESIAN_POINT('Ctrl Pts',(-0.110193646828265,26.,0.991422911223879));
#5566=CARTESIAN_POINT('Ctrl Pts',(-0.0899903679012959,26.,0.996014468391273));
#5567=CARTESIAN_POINT('Ctrl Pts',(-0.0696038303053894,26.,0.999983813116775));
#5568=CARTESIAN_POINT('Ctrl Pts',(-0.0490640929605446,26.,1.0033340789328));
#5569=CARTESIAN_POINT('Ctrl Pts',(-0.0407710106022201,26.,1.0046867754093));
#5570=CARTESIAN_POINT('Ctrl Pts',(-0.0324579119997719,26.,1.0059376448948));
#5571=CARTESIAN_POINT('Ctrl Pts',(-0.0241345887695057,26.,1.00708625590023));
#5572=CARTESIAN_POINT('Ctrl Pts',(0.0194967112234865,26.,1.01310733545788));
#5573=CARTESIAN_POINT('Ctrl Pts',(0.0634694533122602,26.,1.01633235903063));
#5574=CARTESIAN_POINT('Ctrl Pts',(0.107476455728464,26.,1.01685238744346));
#5575=CARTESIAN_POINT('Ctrl Pts',(0.152518033296886,26.,1.01738464137597));
#5576=CARTESIAN_POINT('Ctrl Pts',(0.197596599536456,26.,1.01508353906032));
#5577=CARTESIAN_POINT('Ctrl Pts',(0.242407343489234,26.,1.00999845756937));
#5578=CARTESIAN_POINT('Ctrl Pts',(0.26458179401769,26.,1.00748212157475));
#5579=CARTESIAN_POINT('Ctrl Pts',(0.286690931446783,26.,1.0042832984304));
#5580=CARTESIAN_POINT('Ctrl Pts',(0.308698636497221,26.,1.00040339133905));
#5581=CARTESIAN_POINT('Ctrl Pts',(0.322303384340507,26.,0.998004906012568));
#5582=CARTESIAN_POINT('Ctrl Pts',(0.335869375055476,26.,0.99534608561377));
#5583=CARTESIAN_POINT('Ctrl Pts',(0.349388047887997,26.,0.99242666771364));
#5584=CARTESIAN_POINT('Ctrl Pts',(0.358237152707254,26.,0.990515663924325));
#5585=CARTESIAN_POINT('Ctrl Pts',(0.367057877460143,26.,0.988494698122271));
#5586=CARTESIAN_POINT('Ctrl Pts',(0.375843239938503,26.,0.986365464571597));
#5587=CARTESIAN_POINT('Ctrl Pts',(0.421271238829765,26.,0.975355467019701));
#5588=CARTESIAN_POINT('Ctrl Pts',(0.465791670325662,26.,0.961446278907132));
#5589=CARTESIAN_POINT('Ctrl Pts',(0.509080948022247,26.,0.94470640128837));
#5590=CARTESIAN_POINT('Ctrl Pts',(0.552180154236529,26.,0.92804002393392));
#5591=CARTESIAN_POINT('Ctrl Pts',(0.594060326168224,26.,0.908567808279735));
#5592=CARTESIAN_POINT('Ctrl Pts',(0.634404549072804,26.,0.886306739307404));
#5593=CARTESIAN_POINT('Ctrl Pts',(0.641757341987153,26.,0.882249627324042));
#5594=CARTESIAN_POINT('Ctrl Pts',(0.649059092684877,26.,0.878099744767006));
#5595=CARTESIAN_POINT('Ctrl Pts',(0.656307837115781,26.,0.873857010214937));
#5596=CARTESIAN_POINT('Ctrl Pts',(0.680528577934303,26.,0.859680462134508));
#5597=CARTESIAN_POINT('Ctrl Pts',(0.704157781840828,26.,0.844467767177771));
#5598=CARTESIAN_POINT('Ctrl Pts',(0.727171822570657,26.,0.828275139327984));
#5599=CARTESIAN_POINT('Ctrl Pts',(0.735153782043557,26.,0.822659050403225));
#5600=CARTESIAN_POINT('Ctrl Pts',(0.743054803419892,26.,0.81692980925008));
#5601=CARTESIAN_POINT('Ctrl Pts',(0.750868903382437,26.,0.811094353417417));
#5602=CARTESIAN_POINT('Ctrl Pts',(0.788011587753846,26.,0.783356738695974));
#5603=CARTESIAN_POINT('Ctrl Pts',(0.823229646958812,26.,0.753196914483438));
#5604=CARTESIAN_POINT('Ctrl Pts',(0.856445654432587,26.,0.720924197149369));
#5605=CARTESIAN_POINT('Ctrl Pts',(0.890474808286996,26.,0.687861425703162));
#5606=CARTESIAN_POINT('Ctrl Pts',(0.922403428474169,26.,0.6525804599558));
#5607=CARTESIAN_POINT('Ctrl Pts',(0.952126890902095,26.,0.615361930272443));
#5608=CARTESIAN_POINT('Ctrl Pts',(0.971823248124203,26.,0.590698940296004));
#5609=CARTESIAN_POINT('Ctrl Pts',(0.99055084301743,26.,0.565184082800349));
#5610=CARTESIAN_POINT('Ctrl Pts',(1.00827177135936,26.,0.53888898846379));
#5611=CARTESIAN_POINT('Ctrl Pts',(1.01387302979949,26.,0.530577594374012));
#5612=CARTESIAN_POINT('Ctrl Pts',(1.01937366304884,26.,0.522188197343776));
#5613=CARTESIAN_POINT('Ctrl Pts',(1.02477232370399,26.,0.51372292567515));
#5614=CARTESIAN_POINT('Ctrl Pts',(1.02996585832246,26.,0.50557929815823));
#5615=CARTESIAN_POINT('Ctrl Pts',(1.03506002380209,26.,0.497373261253123));
#5616=CARTESIAN_POINT('Ctrl Pts',(1.04005318217202,26.,0.489108662591384));
#5617=CARTESIAN_POINT('Ctrl Pts',(1.06624402334194,26.,0.445757986557094));
#5618=CARTESIAN_POINT('Ctrl Pts',(1.08966686097736,26.,0.400786795370524));
#5619=CARTESIAN_POINT('Ctrl Pts',(1.11019846234379,26.,0.354513506154157));
#5620=CARTESIAN_POINT('Ctrl Pts',(1.12738175753832,26.,0.31578649338803));
#5621=CARTESIAN_POINT('Ctrl Pts',(1.14253965650561,26.,0.276146205272997));
#5622=CARTESIAN_POINT('Ctrl Pts',(1.15557785097987,26.,0.235758824353714));
#5623=CARTESIAN_POINT('Ctrl Pts',(1.15866063442248,26.,0.226209530589597));
#5624=CARTESIAN_POINT('Ctrl Pts',(1.16162397920733,26.,0.216620751170416));
#5625=CARTESIAN_POINT('Ctrl Pts',(1.16446435277319,26.,0.207003081999012));
#5626=CARTESIAN_POINT('Ctrl Pts',(1.17883057235558,26.,0.15835823160066));
#5627=CARTESIAN_POINT('Ctrl Pts',(1.19007394851206,26.,0.108916447566631));
#5628=CARTESIAN_POINT('Ctrl Pts',(1.19806000658722,26.,0.0589695041370665));
#5629=CARTESIAN_POINT('Ctrl Pts',(1.20575453827473,26.,0.0108458447175984));
#5630=CARTESIAN_POINT('Ctrl Pts',(1.21042561921659,26.,-0.0377477952774952));
#5631=CARTESIAN_POINT('Ctrl Pts',(1.21191192277757,26.,-0.0865707307903911));
#5632=CARTESIAN_POINT('Ctrl Pts',(-0.532269413280962,20.,1.09442286606141));
#5633=CARTESIAN_POINT('Ctrl Pts',(-0.557552744641492,20.,1.07893706283416));
#5634=CARTESIAN_POINT('Ctrl Pts',(-0.582188767505001,20.,1.06248560965865));
#5635=CARTESIAN_POINT('Ctrl Pts',(-0.606113976990428,20.,1.04506511007285));
#5636=CARTESIAN_POINT('Ctrl Pts',(-0.644689585177723,20.,1.01697731561243));
#5637=CARTESIAN_POINT('Ctrl Pts',(-0.681419220272815,20.,0.986371268134402));
#5638=CARTESIAN_POINT('Ctrl Pts',(-0.71617820680633,20.,0.953504419370024));
#5639=CARTESIAN_POINT('Ctrl Pts',(-0.734760856005646,20.,0.935933333967793));
#5640=CARTESIAN_POINT('Ctrl Pts',(-0.752779677874756,20.,0.917715658400629));
#5641=CARTESIAN_POINT('Ctrl Pts',(-0.770211237504679,20.,0.898888637998412));
#5642=CARTESIAN_POINT('Ctrl Pts',(-0.777940791534093,20.,0.890540304601898));
#5643=CARTESIAN_POINT('Ctrl Pts',(-0.785554961685,20.,0.882071793136121));
#5644=CARTESIAN_POINT('Ctrl Pts',(-0.79304189607992,20.,0.873497914209692));
#5645=CARTESIAN_POINT('Ctrl Pts',(-0.82585510876775,20.,0.83592091701261));
#5646=CARTESIAN_POINT('Ctrl Pts',(-0.856277102152632,20.,0.79626995263176));
#5647=CARTESIAN_POINT('Ctrl Pts',(-0.884161643260787,20.,0.754840359018139));
#5648=CARTESIAN_POINT('Ctrl Pts',(-0.901571027587827,20.,0.728974280930819));
#5649=CARTESIAN_POINT('Ctrl Pts',(-0.917990407290496,20.,0.702414363236657));
#5650=CARTESIAN_POINT('Ctrl Pts',(-0.933374247727011,20.,0.675229731763736));
#5651=CARTESIAN_POINT('Ctrl Pts',(-0.940294699819817,20.,0.663000669681008));
#5652=CARTESIAN_POINT('Ctrl Pts',(-0.947005485177447,20.,0.650645172701711));
#5653=CARTESIAN_POINT('Ctrl Pts',(-0.953501914374354,20.,0.638169510744838));
#5654=CARTESIAN_POINT('Ctrl Pts',(-0.95750855895142,20.,0.63047520025368));
#5655=CARTESIAN_POINT('Ctrl Pts',(-0.961432818322933,20.,0.622736657336431));
#5656=CARTESIAN_POINT('Ctrl Pts',(-0.965269739345296,20.,0.614963724065558));
#5657=CARTESIAN_POINT('Ctrl Pts',(-0.986956856719062,20.,0.571029404020558));
#5658=CARTESIAN_POINT('Ctrl Pts',(-1.00589662314195,20.,0.525923925155929));
#5659=CARTESIAN_POINT('Ctrl Pts',(-1.02194654794563,20.,0.479925671350401));
#5660=CARTESIAN_POINT('Ctrl Pts',(-1.03742327737267,20.,0.43557016582797));
#5661=CARTESIAN_POINT('Ctrl Pts',(-1.05021291064376,20.,0.390383428327887));
#5662=CARTESIAN_POINT('Ctrl Pts',(-1.06013905160208,20.,0.344612511099204));
#5663=CARTESIAN_POINT('Ctrl Pts',(-1.06537784012613,20.,0.320455675434693));
#5664=CARTESIAN_POINT('Ctrl Pts',(-1.06981817873848,20.,0.296136171168147));
#5665=CARTESIAN_POINT('Ctrl Pts',(-1.07342833498667,20.,0.27169149837974));
#5666=CARTESIAN_POINT('Ctrl Pts',(-1.07585883479112,20.,0.255234378978864));
#5667=CARTESIAN_POINT('Ctrl Pts',(-1.07791296929128,20.,0.238720547569772));
#5668=CARTESIAN_POINT('Ctrl Pts',(-1.0795799788479,20.,0.222161835074498));
#5669=CARTESIAN_POINT('Ctrl Pts',(-1.08038769382614,20.,0.214138653653832));
#5670=CARTESIAN_POINT('Ctrl Pts',(-1.08110417176917,20.,0.20610766582465));
#5671=CARTESIAN_POINT('Ctrl Pts',(-1.08172784459284,20.,0.198078635295588));
#5672=CARTESIAN_POINT('Ctrl Pts',(-1.08524046174894,20.,0.152857953372547));
#5673=CARTESIAN_POINT('Ctrl Pts',(-1.08582146022855,20.,0.107620471333213));
#5674=CARTESIAN_POINT('Ctrl Pts',(-1.08331821206584,20.,0.0625960743675831));
#5675=CARTESIAN_POINT('Ctrl Pts',(-1.08309567877941,20.,0.0585935039569528));
#5676=CARTESIAN_POINT('Ctrl Pts',(-1.0828487375463,20.,0.0545926237167375));
#5677=CARTESIAN_POINT('Ctrl Pts',(-1.08257726123981,20.,0.0505935994891126));
#5678=CARTESIAN_POINT('Ctrl Pts',(-1.0796955869198,20.,0.00814464484234228));
#5679=CARTESIAN_POINT('Ctrl Pts',(-1.0740522104798,20.,-0.0340966174173141));
#5680=CARTESIAN_POINT('Ctrl Pts',(-1.06576694531102,20.,-0.07592026410006));
#5681=CARTESIAN_POINT('Ctrl Pts',(-1.06165994376109,20.,-0.0966522235787801));
#5682=CARTESIAN_POINT('Ctrl Pts',(-1.05690326316215,20.,-0.117281298936375));
#5683=CARTESIAN_POINT('Ctrl Pts',(-1.05150876449492,20.,-0.137779920700645));
#5684=CARTESIAN_POINT('Ctrl Pts',(-1.04794259629973,20.,-0.151331047040713));
#5685=CARTESIAN_POINT('Ctrl Pts',(-1.04409765359098,20.,-0.164825132859585));
#5686=CARTESIAN_POINT('Ctrl Pts',(-1.03997699895891,20.,-0.178253806468635));
#5687=CARTESIAN_POINT('Ctrl Pts',(-1.03678137981902,20.,-0.188667910595284));
#5688=CARTESIAN_POINT('Ctrl Pts',(-1.03341883584733,20.,-0.199045389247281));
#5689=CARTESIAN_POINT('Ctrl Pts',(-1.0298990580886,20.,-0.209359173641012));
#5690=CARTESIAN_POINT('Ctrl Pts',(-1.01532169284332,20.,-0.252074314332995));
#5691=CARTESIAN_POINT('Ctrl Pts',(-0.998027194215886,20.,-0.293782320695639));
#5692=CARTESIAN_POINT('Ctrl Pts',(-0.978177078135277,20.,-0.334239027728394));
#5693=CARTESIAN_POINT('Ctrl Pts',(-0.958460464225521,20.,-0.374423642739494));
#5694=CARTESIAN_POINT('Ctrl Pts',(-0.936221626505574,20.,-0.41337464076487));
#5695=CARTESIAN_POINT('Ctrl Pts',(-0.911581745322851,20.,-0.450818042931052));
#5696=CARTESIAN_POINT('Ctrl Pts',(-0.900238540973213,20.,-0.46805547030203));
#5697=CARTESIAN_POINT('Ctrl Pts',(-0.88838604235764,20.,-0.484972823112618));
#5698=CARTESIAN_POINT('Ctrl Pts',(-0.876034161044268,20.,-0.501540078886463));
#5699=CARTESIAN_POINT('Ctrl Pts',(-0.869025693801522,20.,-0.51094035293763));
#5700=CARTESIAN_POINT('Ctrl Pts',(-0.861856434473393,20.,-0.520227874367916));
#5701=CARTESIAN_POINT('Ctrl Pts',(-0.854528064035266,20.,-0.529396813105425));
#5702=CARTESIAN_POINT('Ctrl Pts',(-0.848004038166124,20.,-0.537559390860075));
#5703=CARTESIAN_POINT('Ctrl Pts',(-0.841352270414361,20.,-0.545629661964549));
#5704=CARTESIAN_POINT('Ctrl Pts',(-0.834589266201975,20.,-0.553586007047704));
#5705=CARTESIAN_POINT('Ctrl Pts',(-0.806676324638328,20.,-0.586424223377599));
#5706=CARTESIAN_POINT('Ctrl Pts',(-0.776818419641777,20.,-0.617392904074513));
#5707=CARTESIAN_POINT('Ctrl Pts',(-0.745135531010855,20.,-0.646253590331351));
#5708=CARTESIAN_POINT('Ctrl Pts',(-0.714587035657871,20.,-0.674080931148389));
#5709=CARTESIAN_POINT('Ctrl Pts',(-0.682341101493441,20.,-0.699948952141154));
#5710=CARTESIAN_POINT('Ctrl Pts',(-0.648485393274715,20.,-0.723601091244455));
#5711=CARTESIAN_POINT('Ctrl Pts',(-0.619005263506238,20.,-0.744196381278344));
#5712=CARTESIAN_POINT('Ctrl Pts',(-0.588304025515325,20.,-0.76311114665376));
#5713=CARTESIAN_POINT('Ctrl Pts',(-0.556433207999881,20.,-0.780144311992955));
#5714=CARTESIAN_POINT('Ctrl Pts',(1.21191192277757,26.,-0.086570730790374));
#5715=CARTESIAN_POINT('Ctrl Pts',(1.21396976839984,25.99829755005,-0.0577627535202185));
#5716=CARTESIAN_POINT('Ctrl Pts',(1.21491824206229,25.9965951001,-0.0288934492223278));
#5717=CARTESIAN_POINT('Ctrl Pts',(1.21478817310626,25.9948926501499,-3.0705329505526E-5));
#5718=CARTESIAN_POINT('Origin',(0.,20.,0.));
#5719=CARTESIAN_POINT('Origin',(0.,26.,0.));
#5720=CARTESIAN_POINT('Origin',(0.,-0.993675081176014,0.));
#5721=CARTESIAN_POINT('Ctrl Pts',(-1.29135512846212,0.131324918823984,0.000821506482588134));
#5722=CARTESIAN_POINT('Ctrl Pts',(-1.29176384883138,0.134268604226258,0.0536692127737247));
#5723=CARTESIAN_POINT('Ctrl Pts',(-1.26481940845256,0.161028337998023,0.533684432412495));
#5724=CARTESIAN_POINT('Ctrl Pts',(-0.663040107941787,0.211604120139279,
1.37316863168944));
#5725=CARTESIAN_POINT('Ctrl Pts',(0.793981694194778,0.283052265247751,1.30160242197722));
#5726=CARTESIAN_POINT('Ctrl Pts',(1.52423673928931,0.354500410356224,0.038881535481398));
#5727=CARTESIAN_POINT('Ctrl Pts',(0.859246992318004,0.425948555464696,-1.25958236680934));
#5728=CARTESIAN_POINT('Ctrl Pts',(-0.59226392343192,0.497396700573169,-1.40498638117858));
#5729=CARTESIAN_POINT('Ctrl Pts',(-1.25146160587305,0.549188821692931,-0.578152848493772));
#5730=CARTESIAN_POINT('Ctrl Pts',(-1.29142026748911,0.577164894443203,-0.0758746571070447));
#5731=CARTESIAN_POINT('Ctrl Pts',(-1.2907505562293,0.581324918823984,-0.00107978301036683));
#5732=CARTESIAN_POINT('Ctrl Pts',(-1.2887335062623,0.0936750811760189,-0.00161378148090996));
#5733=CARTESIAN_POINT('Ctrl Pts',(-1.2864675874008,0.110082150856328,0.294470321832296));
#5734=CARTESIAN_POINT('Ctrl Pts',(-1.03884071209082,0.150305268906127,1.02489253581537));
#5735=CARTESIAN_POINT('Ctrl Pts',(0.173824099582405,0.214344435325417,1.51432945344497));
#5736=CARTESIAN_POINT('Ctrl Pts',(1.36667993057706,0.28579258043389,0.675964222176406));
#5737=CARTESIAN_POINT('Ctrl Pts',(1.30904274347045,0.357240725542362,-0.782062232102513));
#5738=CARTESIAN_POINT('Ctrl Pts',(0.0528778166609754,0.428688870650835,
-1.52373880203582));
#5739=CARTESIAN_POINT('Ctrl Pts',(-1.08169484012331,0.490833655862054,-0.955895199159032));
#5740=CARTESIAN_POINT('Ctrl Pts',(-1.2869539568368,0.529162392703781,-0.261488040975922));
#5741=CARTESIAN_POINT('Ctrl Pts',(-1.28828843290868,0.543675081176019,0.000716143476410091));
#5742=CARTESIAN_POINT('Ctrl Pts',(0.776397497473617,-1.38777878078145E-16,
0.688572427865585));
#5743=CARTESIAN_POINT('Ctrl Pts',(1.00537176939813,0.0238160483694906,0.430393266874346));
#5744=CARTESIAN_POINT('Ctrl Pts',(1.18159102247798,0.0714481451084723,-0.327844102971934));
#5745=CARTESIAN_POINT('Ctrl Pts',(0.363719922386533,0.142896290216945,-1.17227117851319));
#5746=CARTESIAN_POINT('Ctrl Pts',(-0.786864700905567,0.214344435325417,
-0.940447333656892));
#5747=CARTESIAN_POINT('Ctrl Pts',(-1.21728123630407,0.28579258043389,0.150621494661669));
#5748=CARTESIAN_POINT('Ctrl Pts',(-0.533387497687279,0.357240725542362,
1.10465561824474));
#5749=CARTESIAN_POINT('Ctrl Pts',(0.638724421047,0.428688870650834,1.04708365380377));
#5750=CARTESIAN_POINT('Ctrl Pts',(1.22618346992053,0.500137015759307,0.0312785375548996));
#5751=CARTESIAN_POINT('Ctrl Pts',(0.691227570758146,0.571585160867779,-1.01328031097395));
#5752=CARTESIAN_POINT('Ctrl Pts',(-0.476451074838353,0.643033305976252,
-1.13025164113804));
#5753=CARTESIAN_POINT('Ctrl Pts',(-1.20800435892882,0.714481451084724,-0.212662270993815));
#5754=CARTESIAN_POINT('Ctrl Pts',(-0.833789622021496,0.785929596193197,
0.89960895975829));
#5755=CARTESIAN_POINT('Ctrl Pts',(0.303647770160095,0.857377741301668,1.1883986970212));
#5756=CARTESIAN_POINT('Ctrl Pts',(1.16313641699601,0.928825886410142,0.389372846191437));
#5757=CARTESIAN_POINT('Ctrl Pts',(0.95792859390784,1.00027403151861,-0.766074550101836));
#5758=CARTESIAN_POINT('Ctrl Pts',(-0.124135053218227,1.07172217662709,-1.22028145540389));
#5759=CARTESIAN_POINT('Ctrl Pts',(-1.09256965426429,1.14317032173556,-0.557484114219754));
#5760=CARTESIAN_POINT('Ctrl Pts',(-1.06090238448769,1.21461846684403,0.615615988021933));
#5761=CARTESIAN_POINT('Ctrl Pts',(-0.0581204428989776,1.2860666119525,1.22520153067829));
#5762=CARTESIAN_POINT('Ctrl Pts',(0.997863021522751,1.35751475706098,0.713278533069607));
#5763=CARTESIAN_POINT('Ctrl Pts',(1.14043593022704,1.42896290216945,-0.451555917031501));
#5764=CARTESIAN_POINT('Ctrl Pts',(0.239091799594879,1.50041104727792,-1.2030511009737));
#5765=CARTESIAN_POINT('Ctrl Pts',(-0.881108996686592,1.57185919238639,-0.85331341892996));
#5766=CARTESIAN_POINT('Ctrl Pts',(-1.19477198323013,1.64330733749487,0.277518935067689));
#5767=CARTESIAN_POINT('Ctrl Pts',(-0.414780516936944,1.71475548260334,1.15431970096391));
#5768=CARTESIAN_POINT('Ctrl Pts',(0.744887210551166,1.78620362771181,0.974494686996007));
#5769=CARTESIAN_POINT('Ctrl Pts',(1.22271001164443,1.85765177282028,-0.0973502858830073));
#5770=CARTESIAN_POINT('Ctrl Pts',(0.581304819607219,1.92909991792875,-1.08008405100342));
#5771=CARTESIAN_POINT('Ctrl Pts',(-0.592207430111074,2.00054806303723,-1.0741448741027));
#5772=CARTESIAN_POINT('Ctrl Pts',(-1.22363273587389,2.0719962081457,-0.0849692792613993));
#5773=CARTESIAN_POINT('Ctrl Pts',(-0.734985417466976,2.14344435325417,0.981984361796918));
#5774=CARTESIAN_POINT('Ctrl Pts',(0.426443055890455,2.21489249836264,1.15006224650183));
#5775=CARTESIAN_POINT('Ctrl Pts',(1.19751976873097,2.28634064347112,0.265411480958789));
#5776=CARTESIAN_POINT('Ctrl Pts',(0.872426797205015,2.35778878857959,-0.86218810838711));
#5777=CARTESIAN_POINT('Ctrl Pts',(-0.25125658752118,2.42923693368806,-1.20056943904076));
#5778=CARTESIAN_POINT('Ctrl Pts',(-1.14494806611756,2.50068507879653,-0.439989518763706));
#5779=CARTESIAN_POINT('Ctrl Pts',(-0.990592244765902,2.57213322390501,0.723342142653174));
#5780=CARTESIAN_POINT('Ctrl Pts',(0.0705187021671096,2.64358136901348,1.22455051483141));
#5781=CARTESIAN_POINT('Ctrl Pts',(1.06707917944193,2.71502951412196,0.604846158564516));
#5782=CARTESIAN_POINT('Ctrl Pts',(1.08687094035284,2.78647765923042,-0.568514212439154));
#5783=CARTESIAN_POINT('Ctrl Pts',(0.111777266598142,2.85792580433889,-1.22147562128793));
#5784=CARTESIAN_POINT('Ctrl Pts',(-0.965633591595329,2.92937394944737,-0.756338956759147));
#5785=CARTESIAN_POINT('Ctrl Pts',(-1.15913564347722,3.00082209455584,0.401125180896779));
#5786=CARTESIAN_POINT('Ctrl Pts',(-0.291603559951232,3.07227023966432,1.19141269699152));
#5787=CARTESIAN_POINT('Ctrl Pts',(0.842852703549554,3.14371838477278,0.891120738647707));
#5788=CARTESIAN_POINT('Ctrl Pts',(1.2057896935129,3.21516652988126,-0.224873443845405));
#5789=CARTESIAN_POINT('Ctrl Pts',(0.46498698559046,3.28661467498973,-1.13502597061051));
#5790=CARTESIAN_POINT('Ctrl Pts',(-0.701449311470753,3.3580628200982,-1.00621355296281));
#5791=CARTESIAN_POINT('Ctrl Pts',(-1.22580228729429,3.42951096520668,0.0436532151497576));
#5792=CARTESIAN_POINT('Ctrl Pts',(-0.628096703880832,3.50095911031514,1.05356128502468));
#5793=CARTESIAN_POINT('Ctrl Pts',(0.544547668538846,3.57240725542363,1.09907446854967));
#5794=CARTESIAN_POINT('Ctrl Pts',(1.21873125431303,3.64385540053209,0.138531514426954));
#5795=CARTESIAN_POINT('Ctrl Pts',(0.777328868772025,3.71530354564057,-0.948818570909333));
#5796=CARTESIAN_POINT('Ctrl Pts',(-0.375614455783606,3.78675169074904,-1.16765175944509));
#5797=CARTESIAN_POINT('Ctrl Pts',(-1.18473282630409,3.85819983585751,-0.317655443848134));
#5798=CARTESIAN_POINT('Ctrl Pts',(-0.90938625338105,3.92964798096598,0.823112077964116));
#5799=CARTESIAN_POINT('Ctrl Pts',(0.198382187110015,4.00109612607446,1.21043023696794));
#5800=CARTESIAN_POINT('Ctrl Pts',(1.12455818536614,4.07254427118292,0.489760899271111));
#5801=CARTESIAN_POINT('Ctrl Pts',(1.02135110094315,4.1439924162914,-0.679219242462285));
#5802=CARTESIAN_POINT('Ctrl Pts',(-0.0167667408491907,4.21544056139987,
-1.22646472722623));
#5803=CARTESIAN_POINT('Ctrl Pts',(-1.03953686688399,4.28688870650835,-0.651045277317833));
#5804=CARTESIAN_POINT('Ctrl Pts',(-1.11074959151743,4.35833685161681,0.520319320871989));
#5805=CARTESIAN_POINT('Ctrl Pts',(-0.165219160056639,4.42978499672529,1.21540095436815));
#5806=CARTESIAN_POINT('Ctrl Pts',(0.931547383959222,4.50123314183376,0.797945062123678));
#5807=CARTESIAN_POINT('Ctrl Pts',(1.17560650008028,4.57268128694224,-0.34992314541599));
#5808=CARTESIAN_POINT('Ctrl Pts',(0.343554607613347,4.64412943205071,-1.17748336816979));
#5809=CARTESIAN_POINT('Ctrl Pts',(-0.802975722390812,4.71557757715918,-0.92721455984027));
#5810=CARTESIAN_POINT('Ctrl Pts',(-1.21448883835724,4.78702572226765,0.171795553593506));
#5811=CARTESIAN_POINT('Ctrl Pts',(-0.514299349179672,4.85847386737612,1.11354974301205));
#5812=CARTESIAN_POINT('Ctrl Pts',(0.656662623243011,4.9299220124846,1.03599761098394));
#5813=CARTESIAN_POINT('Ctrl Pts',(1.22653751614391,5.00137015759307,0.0101277944461406));
#5814=CARTESIAN_POINT('Ctrl Pts',(0.673680845823192,5.07281830270154,-1.02501266758015));
#5815=CARTESIAN_POINT('Ctrl Pts',(-0.495840817771813,5.14426644781002,-1.1218906961733));
#5816=CARTESIAN_POINT('Ctrl Pts',(-1.21148632257126,5.21571459291848,-0.191827372790175));
#5817=CARTESIAN_POINT('Ctrl Pts',(-0.818177625106869,5.28716273802696,0.913828334263777));
#5818=CARTESIAN_POINT('Ctrl Pts',(0.324063601479949,5.35861088313543,1.182996040959));
#5819=CARTESIAN_POINT('Ctrl Pts',(1.16966780793168,5.4300590282439,0.369288599630578));
#5820=CARTESIAN_POINT('Ctrl Pts',(0.94459708665861,5.50150717335238,-0.782453317843877));
#5821=CARTESIAN_POINT('Ctrl Pts',(-0.145126325429003,5.57295531846085,-1.21796354641521));
#5822=CARTESIAN_POINT('Ctrl Pts',(-1.10200593610908,5.64440346356932,-0.538590537894211));
#5823=CARTESIAN_POINT('Ctrl Pts',(-1.05014604143995,5.7158516086778,0.633790298424356));
#5824=CARTESIAN_POINT('Ctrl Pts',(-0.0370174605722785,5.78729975378626,
1.22602061905239));
#5825=CARTESIAN_POINT('Ctrl Pts',(1.00999566995472,5.85874789889475,0.695992526828803));
#5826=CARTESIAN_POINT('Ctrl Pts',(1.13249242617598,5.9301960440032,-0.471123927839447));
#5827=CARTESIAN_POINT('Ctrl Pts',(0.21834336011974,6.00164418911169,-1.20698924097129));
#5828=CARTESIAN_POINT('Ctrl Pts',(-0.895669940662066,6.07309233422015,-0.838016830453444));
#5829=CARTESIAN_POINT('Ctrl Pts',(-1.18981682939019,6.14454047932863,0.298048256543634));
#5830=CARTESIAN_POINT('Ctrl Pts',(-0.394845047693636,6.2159886244371,1.16128990309941));
#5831=CARTESIAN_POINT('Ctrl Pts',(0.761554730939443,6.28743676954558,0.961525476788097));
#5832=CARTESIAN_POINT('Ctrl Pts',(1.22085269059633,6.35888491465404,-0.118387324458901));
#5833=CARTESIAN_POINT('Ctrl Pts',(0.562622786869279,6.43033305976252,-1.08993231460687));
#5834=CARTESIAN_POINT('Ctrl Pts',(-0.610613264400462,6.50178120487099,-1.0637895901291));
#5835=CARTESIAN_POINT('Ctrl Pts',(-1.22491428446178,6.57322934997946,-0.0638893297062191));
#5836=CARTESIAN_POINT('Ctrl Pts',(-0.717969593482888,6.64467749508794,0.994493093773325));
#5837=CARTESIAN_POINT('Ctrl Pts',(0.446180534285967,6.7161256401964,1.14254968450091));
#5838=CARTESIAN_POINT('Ctrl Pts',(1.20191187164323,6.78757378530489,0.244754373876966));
#5839=CARTESIAN_POINT('Ctrl Pts',(0.857453140010944,6.85902193041334,-0.877080933217794));
#5840=CARTESIAN_POINT('Ctrl Pts',(-0.271889618080113,6.93047007552183,-1.19606558612356));
#5841=CARTESIAN_POINT('Ctrl Pts',(-1.15235368154264,7.00191822063029,-0.42021166495464));
#5842=CARTESIAN_POINT('Ctrl Pts',(-0.977991591517369,7.07336636573877,0.740290009151922));
#5843=CARTESIAN_POINT('Ctrl Pts',(0.0915914060704855,7.14481451084724,1.22315488187836));
#5844=CARTESIAN_POINT('Ctrl Pts',(1.07733468317551,7.21626265595572,0.586384542050625));
#5845=CARTESIAN_POINT('Ctrl Pts',(1.07692169760284,7.28771080106418,-0.587142664061382));
#5846=CARTESIAN_POINT('Ctrl Pts',(0.0907304825812523,7.35915894617267,-1.22321904426777));
#5847=CARTESIAN_POINT('Ctrl Pts',(-0.978512392254527,7.43060709128113,-0.739601479807225));
#5848=CARTESIAN_POINT('Ctrl Pts',(-1.15205763589088,7.5020552363896,0.421022629219282));
#5849=CARTESIAN_POINT('Ctrl Pts',(-0.271047716361689,7.57350338149808,1.19625665564859));
#5850=CARTESIAN_POINT('Ctrl Pts',(0.858070249021608,7.64495152660655,0.876477209328485));
#5851=CARTESIAN_POINT('Ctrl Pts',(1.20173930692715,7.71639967171503,-0.245600262454431));
#5852=CARTESIAN_POINT('Ctrl Pts',(0.445376255829333,7.78784781682348,-1.14286343955391));
#5853=CARTESIAN_POINT('Ctrl Pts',(-0.718669375979825,7.85929596193198,-0.993987514385864));
#5854=CARTESIAN_POINT('Ctrl Pts',(-1.22486901343699,7.93074410704043,0.0647514530178401));
#5855=CARTESIAN_POINT('Ctrl Pts',(-0.609864379417027,8.00219225214892,1.06421909841024));
#5856=CARTESIAN_POINT('Ctrl Pts',(0.563389781411074,8.07364039725737,1.08953605030857));
#5857=CARTESIAN_POINT('Ctrl Pts',(1.22093571354307,8.14508854236587,0.117528014681316));
#5858=CARTESIAN_POINT('Ctrl Pts',(0.760877785687405,8.21653668747432,-0.962061248454576));
#5859=CARTESIAN_POINT('Ctrl Pts',(-0.395662307708747,8.28798483258281,-1.1610117092414));
#5860=CARTESIAN_POINT('Ctrl Pts',(-1.19002631218441,8.35943297769127,-0.297210746331509));
#5861=CARTESIAN_POINT('Ctrl Pts',(-0.895079891537095,8.43088112279974,0.838647027676014));
#5862=CARTESIAN_POINT('Ctrl Pts',(0.219192827715451,8.50232926790823,1.20683526444618));
#5863=CARTESIAN_POINT('Ctrl Pts',(1.13282374198813,8.57377741301668,0.470326721073766));
#5864=CARTESIAN_POINT('Ctrl Pts',(1.00950555080499,8.64522555812517,-0.696703224537863));
#5865=CARTESIAN_POINT('Ctrl Pts',(-0.0378803612860778,8.71667370323364,
-1.22599426401098));
#5866=CARTESIAN_POINT('Ctrl Pts',(-1.0505918809925,8.7881218483421,-0.633051005096031));
#5867=CARTESIAN_POINT('Ctrl Pts',(-1.10162655501876,8.85956999345059,0.539366025938488));
#5868=CARTESIAN_POINT('Ctrl Pts',(-0.144269096735561,8.93101813855905,1.21806540951092));
#5869=CARTESIAN_POINT('Ctrl Pts',(0.945147674608617,9.00246628366752,0.781788245120441));
#5870=CARTESIAN_POINT('Ctrl Pts',(1.16940740425335,9.07391442877601,-0.37011169221946));
#5871=CARTESIAN_POINT('Ctrl Pts',(0.323231256194186,9.14536257388446,-1.18322396965203));
#5872=CARTESIAN_POINT('Ctrl Pts',(-0.818821311220989,9.21681071899296,-0.91325199051734));
#5873=CARTESIAN_POINT('Ctrl Pts',(-1.21134967282169,9.28825886410141,0.19267953072308));
#5874=CARTESIAN_POINT('Ctrl Pts',(-0.495053600442194,9.3597070092099,1.12224032495601));
#5875=CARTESIAN_POINT('Ctrl Pts',(0.674406927101787,9.43115515431836,1.02453651441634));
#5876=CARTESIAN_POINT('Ctrl Pts',(1.22652096101877,9.50260329942683,-0.0109877746358865));
#5877=CARTESIAN_POINT('Ctrl Pts',(0.65595060200886,9.5740514445353,-1.03646579823354));
#5878=CARTESIAN_POINT('Ctrl Pts',(-0.515115838477787,9.64549958964377,-1.1131756023949));
#5879=CARTESIAN_POINT('Ctrl Pts',(-1.21454708739675,9.71694773475226,-0.170963260968391));
#5880=CARTESIAN_POINT('Ctrl Pts',(-0.802441301708604,9.78839587986071,0.927822297059613));
#5881=CARTESIAN_POINT('Ctrl Pts',(0.344608159241272,9.85984402496921,1.17715999740749));
#5882=CARTESIAN_POINT('Ctrl Pts',(1.17542398622084,9.93129217007765,0.349250193314599));
#5883=CARTESIAN_POINT('Ctrl Pts',(0.931813328638744,10.0027403151861,-0.798896625656135));
#5884=CARTESIAN_POINT('Ctrl Pts',(-0.167767873405334,10.0741884602946,-1.2146987449187));
#5885=CARTESIAN_POINT('Ctrl Pts',(-0.793894062587815,10.1218205570336,-0.752158877007586));
#5886=CARTESIAN_POINT('Ctrl Pts',(-0.940061616959332,10.1456366054031,-0.439555706162264));
#5887=CARTESIAN_POINT('Ctrl Pts',(0.839304835059008,-0.0485455351343612,
0.744363769688147));
#5888=CARTESIAN_POINT('Ctrl Pts',(1.0868316678421,-0.0247294867648704,0.465265731844732));
#5889=CARTESIAN_POINT('Ctrl Pts',(1.27732902470076,0.0229026099741114,-0.354407557553053));
#5890=CARTESIAN_POINT('Ctrl Pts',(0.393190202775838,0.0943507550825835,
-1.26725404361556));
#5891=CARTESIAN_POINT('Ctrl Pts',(-0.850620140013712,0.165798900191056,
-1.01664675224356));
#5892=CARTESIAN_POINT('Ctrl Pts',(-1.31591102570669,0.237247045299528,0.1628255489549));
#5893=CARTESIAN_POINT('Ctrl Pts',(-0.576605034438781,0.308695190408001,
1.19415995605964));
#5894=CARTESIAN_POINT('Ctrl Pts',(0.690476845429593,0.380143335516473,1.13192324319492));
#5895=CARTESIAN_POINT('Ctrl Pts',(1.32553455971012,0.451591480624947,0.0338128701970661));
#5896=CARTESIAN_POINT('Ctrl Pts',(0.747234044611432,0.523039625733417,-1.09538099625241));
#5897=CARTESIAN_POINT('Ctrl Pts',(-0.515055357702876,0.594487770841891,
-1.22182988781822));
#5898=CARTESIAN_POINT('Ctrl Pts',(-1.30588249256402,0.665935915950363,-0.229893157642234));
#5899=CARTESIAN_POINT('Ctrl Pts',(-0.901347136565759,0.737384061058836,
0.972499463283232));
#5900=CARTESIAN_POINT('Ctrl Pts',(0.328250725278665,0.808832206167308,1.28468828870949));
#5901=CARTESIAN_POINT('Ctrl Pts',(1.25737914121901,0.88028035127578,0.420921645822622));
#5902=CARTESIAN_POINT('Ctrl Pts',(1.035544425535,0.951728496384252,-0.828145474461648));
#5903=CARTESIAN_POINT('Ctrl Pts',(-0.134193052792401,1.02317664149273,-1.31915433651707));
#5904=CARTESIAN_POINT('Ctrl Pts',(-1.1810947310452,1.0946247866012,-0.602654070956903));
#5905=CARTESIAN_POINT('Ctrl Pts',(-1.14686163173318,1.16607293170967,0.665496059644364));
#5906=CARTESIAN_POINT('Ctrl Pts',(-0.0628296315992956,1.23752107681814,
1.32447305918181));
#5907=CARTESIAN_POINT('Ctrl Pts',(1.07871452627795,1.30896922192662,0.771071678485752));
#5908=CARTESIAN_POINT('Ctrl Pts',(1.2328393553936,1.38041736703509,-0.488143078380959));
#5909=CARTESIAN_POINT('Ctrl Pts',(0.258464129619069,1.45186551214356,-1.30052789860338));
#5910=CARTESIAN_POINT('Ctrl Pts',(-0.952500547128799,1.52331365725203,-0.922452842338001));
#5911=CARTESIAN_POINT('Ctrl Pts',(-1.29157796822003,1.59476180236051,0.300004810397594));
#5912=CARTESIAN_POINT('Ctrl Pts',(-0.448387964266053,1.66620994746898,1.2478480538325));
#5913=CARTESIAN_POINT('Ctrl Pts',(0.805241438082375,1.73765809257745,1.05345278056213));
#5914=CARTESIAN_POINT('Ctrl Pts',(1.32177966568356,1.80910623768592,-0.105238058986352));
#5915=CARTESIAN_POINT('Ctrl Pts',(0.628404840725318,1.88055438279439,-1.16759748611644));
#5916=CARTESIAN_POINT('Ctrl Pts',(-0.640190831458707,1.95200252790287,-1.16117708947005));
#5917=CARTESIAN_POINT('Ctrl Pts',(-1.32277715332324,2.02345067301134,-0.0918538856032246));
#5918=CARTESIAN_POINT('Ctrl Pts',(-0.794537355652487,2.09489881811981,1.06154930366258));
#5919=CARTESIAN_POINT('Ctrl Pts',(0.460995456387802,2.16634696322829,1.24324564060128));
#5920=CARTESIAN_POINT('Ctrl Pts',(1.29454839208675,2.23779510833675,0.286916354024509));
#5921=CARTESIAN_POINT('Ctrl Pts',(0.943114875449603,2.30924325344523,-0.932046600426184));
#5922=CARTESIAN_POINT('Ctrl Pts',(-0.271614565262195,2.3806913985537,-1.29784516087422));
#5923=CARTESIAN_POINT('Ctrl Pts',(-1.23771708552755,2.45213954366217,-0.475639516710591));
#5924=CARTESIAN_POINT('Ctrl Pts',(-1.07085463735956,2.52358768877065,0.781950688540674));
#5925=CARTESIAN_POINT('Ctrl Pts',(0.0762324555186387,2.59503583387912,1.32376929500205));
#5926=CARTESIAN_POINT('Ctrl Pts',(1.15353889935335,2.6664839789876,0.653853608495585));
#5927=CARTESIAN_POINT('Ctrl Pts',(1.17493428081827,2.73793212409606,-0.614577879053713));
#5928=CARTESIAN_POINT('Ctrl Pts',(0.120833980803356,2.80938026920454,-1.32044525927713));
#5929=CARTESIAN_POINT('Ctrl Pts',(-1.04387371798413,2.880828414313,-0.817621058049598));
#5930=CARTESIAN_POINT('Ctrl Pts',(-1.25305420641535,2.95227655942149,0.43362620936581));
#5931=CARTESIAN_POINT('Ctrl Pts',(-0.315230637120653,3.02372470452995,1.28794649698063));
#5932=CARTESIAN_POINT('Ctrl Pts',(0.911144551126965,3.09517284963843,0.963323487005174));
#5933=CARTESIAN_POINT('Ctrl Pts',(1.30348838465195,3.1666209947469,-0.243093736533112));
#5934=CARTESIAN_POINT('Ctrl Pts',(0.502662394605217,3.23806913985537,-1.22699105567804));
#5935=CARTESIAN_POINT('Ctrl Pts',(-0.758283998315207,3.30951728496385,-1.08774165662774));
#5936=CARTESIAN_POINT('Ctrl Pts',(-1.32512249189398,3.38096543007231,0.0471902017462499));
#5937=CARTESIAN_POINT('Ctrl Pts',(-0.678988021171103,3.45241357518079,1.13892572223579));
#5938=CARTESIAN_POINT('Ctrl Pts',(0.588669454257603,3.52386172028926,1.18812659564889));
#5939=CARTESIAN_POINT('Ctrl Pts',(1.31747853092122,3.59530986539773,0.149755982270589));
#5940=CARTESIAN_POINT('Ctrl Pts',(0.840311670393398,3.6667580105062,-1.025696266087));
#5941=CARTESIAN_POINT('Ctrl Pts',(-0.406048486610366,3.73820615561468,-1.26226033772182));
#5942=CARTESIAN_POINT('Ctrl Pts',(-1.28072539209072,3.80965430072315,-0.343393365862327));
#5943=CARTESIAN_POINT('Ctrl Pts',(-0.983068958726063,3.88110244583162,0.8898044482095));
#5944=CARTESIAN_POINT('Ctrl Pts',(0.214456034921304,3.95255059094009,1.30850492652875));
#5945=CARTESIAN_POINT('Ctrl Pts',(1.21567512176977,4.02399873604857,0.529443606037716));
#5946=CARTESIAN_POINT('Ctrl Pts',(1.10410571917584,4.09544688115704,-0.734252745685961));
#5947=CARTESIAN_POINT('Ctrl Pts',(-0.0181252602033075,4.16689502626552,
-1.32583860579134));
#5948=CARTESIAN_POINT('Ctrl Pts',(-1.12376498048601,4.23834317137398,-0.703795994800665));
#5949=CARTESIAN_POINT('Ctrl Pts',(-1.20074769140028,4.30979131648246,0.562478013135688));
#5950=CARTESIAN_POINT('Ctrl Pts',(-0.178605985118645,4.38123946159093,1.31387839457994));
#5951=CARTESIAN_POINT('Ctrl Pts',(1.00702568721264,4.4526876066994,0.862598283651246));
#5952=CARTESIAN_POINT('Ctrl Pts',(1.27085960845425,4.52413575180787,-0.378275546742959));
#5953=CARTESIAN_POINT('Ctrl Pts',(0.371391000376687,4.59558389691635,-1.27288854912886));
#5954=CARTESIAN_POINT('Ctrl Pts',(-0.868036551419346,4.66703204202482,-1.00234179752427));
#5955=CARTESIAN_POINT('Ctrl Pts',(-1.31289237468604,4.73848018713329,0.185715228657817));
#5956=CARTESIAN_POINT('Ctrl Pts',(-0.555970275327772,4.80992833224176,1.20377472419723));
#5957=CARTESIAN_POINT('Ctrl Pts',(0.709868484228492,4.88137647735023,1.11993895760587));
#5958=CARTESIAN_POINT('Ctrl Pts',(1.3259172924058,4.95282462245871,0.0109483954736957));
#5959=CARTESIAN_POINT('Ctrl Pts',(0.728265602382703,5.02427276756718,-1.10806396297791));
#5960=CARTESIAN_POINT('Ctrl Pts',(-0.536016147823347,5.09572091267566,-1.21279150019152));
#5961=CARTESIAN_POINT('Ctrl Pts',(-1.30964658110129,5.16716905778412,-0.207370119047726));
#5962=CARTESIAN_POINT('Ctrl Pts',(-0.884470183023258,5.2386172028926,0.987870957669554));
#5963=CARTESIAN_POINT('Ctrl Pts',(0.350320742240669,5.31006534800107,1.27884788431624));
#5964=CARTESIAN_POINT('Ctrl Pts',(1.26443973583685,5.38151349310954,0.399210080159547));
#5965=CARTESIAN_POINT('Ctrl Pts',(1.02113273754101,5.45296163821802,-0.845851326171546));
#5966=CARTESIAN_POINT('Ctrl Pts',(-0.156885135543664,5.52440978332649,-1.31664861975761));
#5967=CARTESIAN_POINT('Ctrl Pts',(-1.19129558434919,5.59585792843496,-0.582229649171433));
#5968=CARTESIAN_POINT('Ctrl Pts',(-1.13523375972573,5.66730607354343,0.685142937235098));
#5969=CARTESIAN_POINT('Ctrl Pts',(-0.040016787458766,5.73875421865191,1.32535851390696));
#5970=CARTESIAN_POINT('Ctrl Pts',(1.09183021833538,5.81020236376037,0.752385079592816));
#5971=CARTESIAN_POINT('Ctrl Pts',(1.22425223168562,5.88165050886886,-0.509296580468533));
#5972=CARTESIAN_POINT('Ctrl Pts',(0.23603455504151,5.95309865397731,-1.30478512502654));
#5973=CARTESIAN_POINT('Ctrl Pts',(-0.968241286532781,6.0245467990858,-0.90591685309277));
#5974=CARTESIAN_POINT('Ctrl Pts',(-1.28622132476116,6.09599494419426,0.322197513016173));
#5975=CARTESIAN_POINT('Ctrl Pts',(-0.42683723055101,6.16744308930275,1.25538301417524));
#5976=CARTESIAN_POINT('Ctrl Pts',(0.823259438521383,6.2388912344112,1.03943274460141));
#5977=CARTESIAN_POINT('Ctrl Pts',(1.31977185584259,6.31033937951969,-0.127979616306571));
#5978=CARTESIAN_POINT('Ctrl Pts',(0.608209102773166,6.38178752462816,-1.178243701858));
#5979=CARTESIAN_POINT('Ctrl Pts',(-0.660087992078939,6.45323566973663,-1.14998277220894));
#5980=CARTESIAN_POINT('Ctrl Pts',(-1.32416253894038,6.52468381484511,-0.0690659404565261));
#5981=CARTESIAN_POINT('Ctrl Pts',(-0.776142830439785,6.59613195995357,1.07507155130302));
#5982=CARTESIAN_POINT('Ctrl Pts',(0.48233215711537,6.66758010506205,1.23512437587338));
#5983=CARTESIAN_POINT('Ctrl Pts',(1.29929636361207,6.73902825017052,0.264585512015716));
#5984=CARTESIAN_POINT('Ctrl Pts',(0.926927982881822,6.81047639527898,-0.948146111216409));
#5985=CARTESIAN_POINT('Ctrl Pts',(-0.293919379956193,6.88192454038747,-1.29297638483862));
#5986=CARTESIAN_POINT('Ctrl Pts',(-1.24572273837043,6.95337268549594,-0.454259169165612));
#5987=CARTESIAN_POINT('Ctrl Pts',(-1.05723302055784,7.02482083060441,0.800271750036391));
#5988=CARTESIAN_POINT('Ctrl Pts',(0.0990125679371122,7.09626897571288,1.32226058137368));
#5989=CARTESIAN_POINT('Ctrl Pts',(1.16462535171515,7.16771712082135,0.633896145915484));
#5990=CARTESIAN_POINT('Ctrl Pts',(1.16417890412988,7.23916526592984,-0.634715694498863));
#5991=CARTESIAN_POINT('Ctrl Pts',(0.0980818884211697,7.31061341103828,-1.32232994249841));
#5992=CARTESIAN_POINT('Ctrl Pts',(-1.05779601899385,7.38206155614679,-0.799527432840671));
#5993=CARTESIAN_POINT('Ctrl Pts',(-1.24540270572256,7.45350970125523,0.455135841528145));
#5994=CARTESIAN_POINT('Ctrl Pts',(-0.293009263443432,7.52495784636372,1.29318293570556));
#5995=CARTESIAN_POINT('Ctrl Pts',(0.92759509293575,7.59640599147219,0.947493470808646));
#5996=CARTESIAN_POINT('Ctrl Pts',(1.2991098168998,7.66785413658065,-0.265499938421388));
#5997=CARTESIAN_POINT('Ctrl Pts',(0.481462712276117,7.73930228168914,-1.23546355282058));
#5998=CARTESIAN_POINT('Ctrl Pts',(-0.776899312570498,7.8107504267976,-1.07452500752128));
#5999=CARTESIAN_POINT('Ctrl Pts',(-1.32411359984652,7.88219857190608,0.0699979170100502));
#6000=CARTESIAN_POINT('Ctrl Pts',(-0.659278428949813,7.95364671701456,1.15044708124939));
#6001=CARTESIAN_POINT('Ctrl Pts',(0.609038242781329,8.02509486212302,1.17781533038256));
#6002=CARTESIAN_POINT('Ctrl Pts',(1.31986160569476,8.0965430072315,0.127050681252698));
#6003=CARTESIAN_POINT('Ctrl Pts',(0.822527644015406,8.16799115233997,-1.04001192698109));
#6004=CARTESIAN_POINT('Ctrl Pts',(-0.427720708775007,8.23943929744844,-1.2550822797565));
#6005=CARTESIAN_POINT('Ctrl Pts',(-1.28644778082602,8.31088744255691,-0.321292143829982));
#6006=CARTESIAN_POINT('Ctrl Pts',(-0.967603428882388,8.38233558766539,0.906598111826427));
#6007=CARTESIAN_POINT('Ctrl Pts',(0.23695285045414,8.45378373277385,1.30461867260696));
#6008=CARTESIAN_POINT('Ctrl Pts',(1.22461039224638,8.52523187788233,0.508434780301537));
#6009=CARTESIAN_POINT('Ctrl Pts',(1.09130038745176,8.5966800229908,-0.753153361336924));
#6010=CARTESIAN_POINT('Ctrl Pts',(-0.040949604403211,8.66812816809928,-1.32533002345747));
#6011=CARTESIAN_POINT('Ctrl Pts',(-1.13571572327319,8.73957631320773,-0.684343742921606));
#6012=CARTESIAN_POINT('Ctrl Pts',(-1.19088546403779,8.81102445831623,0.583067970865167));
#6013=CARTESIAN_POINT('Ctrl Pts',(-0.155958450193055,8.88247260342469,1.31675873627527));
#6014=CARTESIAN_POINT('Ctrl Pts',(1.02172793668845,8.95392074853316,0.845132366161679));
#6015=CARTESIAN_POINT('Ctrl Pts',(1.26415823304092,9.02536889364164,-0.40009986353958));
#6016=CARTESIAN_POINT('Ctrl Pts',(0.349420956467207,9.09681703875011,-1.27909428085246));
#6017=CARTESIAN_POINT('Ctrl Pts',(-0.885166023581221,9.16826518385858,-0.987247915871231));
#6018=CARTESIAN_POINT('Ctrl Pts',(-1.30949885935321,9.23971332896705,0.208291322781186));
#6019=CARTESIAN_POINT('Ctrl Pts',(-0.535165146483001,9.31116147407553,1.21316945752492));
#6020=CARTESIAN_POINT('Ctrl Pts',(0.729050514144723,9.382609619184,1.10754922966938));
#6021=CARTESIAN_POINT('Ctrl Pts',(1.32589939590739,9.45405776429248,-0.0118780552596416));
#6022=CARTESIAN_POINT('Ctrl Pts',(0.709098771721133,9.52550590940094,-1.12044507956475));
#6023=CARTESIAN_POINT('Ctrl Pts',(-0.556852920387694,9.59695405450943,-1.20337026896652));
#6024=CARTESIAN_POINT('Ctrl Pts',(-1.31295534333374,9.66840219961788,-0.184815499811811));
#6025=CARTESIAN_POINT('Ctrl Pts',(-0.867458829486969,9.73985034472636,1.00299877644074));
#6026=CARTESIAN_POINT('Ctrl Pts',(0.372529915659359,9.81129848983483,1.27253897736286));
#6027=CARTESIAN_POINT('Ctrl Pts',(1.27066230647273,9.8827466349433,0.377548068931272));
#6028=CARTESIAN_POINT('Ctrl Pts',(1.00731317996746,9.95419478005178,-0.863626947288436));
#6029=CARTESIAN_POINT('Ctrl Pts',(-0.181361207081234,10.0256429251602,-1.31311928885373));
#6030=CARTESIAN_POINT('Ctrl Pts',(-0.858219053284925,10.0732750218992,-0.813102288787932));
#6031=CARTESIAN_POINT('Ctrl Pts',(-1.01622978298454,10.0970910702687,-0.475170554593785));
#6032=CARTESIAN_POINT('Ctrl Pts',(0.902212172644399,-0.0970910702687223,
0.80015511151071));
#6033=CARTESIAN_POINT('Ctrl Pts',(1.16829156628606,-0.0732750218992315,
0.500138196815117));
#6034=CARTESIAN_POINT('Ctrl Pts',(1.37306702692354,-0.0256429251602496,
-0.380971012134174));
#6035=CARTESIAN_POINT('Ctrl Pts',(0.422660483165144,0.0458052199482226,
-1.36223690871793));
#6036=CARTESIAN_POINT('Ctrl Pts',(-0.914375579121857,0.117253365056695,
-1.09284617083023));
#6037=CARTESIAN_POINT('Ctrl Pts',(-1.41454081510931,0.188701510165168,0.175029603248134));
#6038=CARTESIAN_POINT('Ctrl Pts',(-0.619822571190285,0.26014965527364,1.28366429387454));
#6039=CARTESIAN_POINT('Ctrl Pts',(0.742229269812185,0.331597800382113,1.21676283258607));
#6040=CARTESIAN_POINT('Ctrl Pts',(1.42488564949972,0.403045945490585,0.0363472028392314));
#6041=CARTESIAN_POINT('Ctrl Pts',(0.803240518464718,0.474494090599057,-1.17748168153087));
#6042=CARTESIAN_POINT('Ctrl Pts',(-0.553659640567399,0.54594223570753,-1.3134081344984));
#6043=CARTESIAN_POINT('Ctrl Pts',(-1.40376062619922,0.617390380816002,-0.247124044290653));
#6044=CARTESIAN_POINT('Ctrl Pts',(-0.96890465111002,0.688838525924475,1.04538996680818));
#6045=CARTESIAN_POINT('Ctrl Pts',(0.352853680397233,0.760286671032947,1.38097788039779));
#6046=CARTESIAN_POINT('Ctrl Pts',(1.351621865442,0.83173481614142,0.452470445453808));
#6047=CARTESIAN_POINT('Ctrl Pts',(1.11316025716216,0.903182961249891,-0.89021639882146));
#6048=CARTESIAN_POINT('Ctrl Pts',(-0.144251052366574,0.974631106358366,
-1.41802721763026));
#6049=CARTESIAN_POINT('Ctrl Pts',(-1.26961980782611,1.04607925146684,-0.647824027694053));
#6050=CARTESIAN_POINT('Ctrl Pts',(-1.23282087897867,1.11752739657531,0.715376131266794));
#6051=CARTESIAN_POINT('Ctrl Pts',(-0.0675388202996148,1.18897554168378,
1.42374458768534));
#6052=CARTESIAN_POINT('Ctrl Pts',(1.15956603103314,1.26042368679225,0.828864823901894));
#6053=CARTESIAN_POINT('Ctrl Pts',(1.32524278056015,1.33187183190073,-0.524730239730415));
#6054=CARTESIAN_POINT('Ctrl Pts',(0.277836459643258,1.4033199770092,-1.39800469623307));
#6055=CARTESIAN_POINT('Ctrl Pts',(-1.023892097571,1.47476812211767,-0.991592265746042));
#6056=CARTESIAN_POINT('Ctrl Pts',(-1.38838395320993,1.54621626722614,0.322490685727498));
#6057=CARTESIAN_POINT('Ctrl Pts',(-0.481995411595159,1.61766441233462,1.34137640670109));
#6058=CARTESIAN_POINT('Ctrl Pts',(0.865595665613582,1.68911255744309,1.13241087412826));
#6059=CARTESIAN_POINT('Ctrl Pts',(1.42084931972268,1.76056070255156,-0.113125832089697));
#6060=CARTESIAN_POINT('Ctrl Pts',(0.675504861843417,1.83200884766003,-1.25511092122946));
#6061=CARTESIAN_POINT('Ctrl Pts',(-0.68817423280634,1.9034569927685,-1.2482093048374));
#6062=CARTESIAN_POINT('Ctrl Pts',(-1.42192157077259,1.97490513787698,-0.0987384919450515));
#6063=CARTESIAN_POINT('Ctrl Pts',(-0.854089293837999,2.04635328298545,1.14111424552824));
#6064=CARTESIAN_POINT('Ctrl Pts',(0.49554785688515,2.11780142809393,1.33642903470072));
#6065=CARTESIAN_POINT('Ctrl Pts',(1.39157701544254,2.18924957320239,0.30842122709023));
#6066=CARTESIAN_POINT('Ctrl Pts',(1.01380295369419,2.26069771831087,-1.00190509246526));
#6067=CARTESIAN_POINT('Ctrl Pts',(-0.29197254300321,2.33214586341934,-1.39512088270769));
#6068=CARTESIAN_POINT('Ctrl Pts',(-1.33048610493754,2.40359400852781,-0.511289514657478));
#6069=CARTESIAN_POINT('Ctrl Pts',(-1.15111702995321,2.47504215363629,0.840559234428175));
#6070=CARTESIAN_POINT('Ctrl Pts',(0.0819462088701701,2.54649029874475,1.42298807517268));
#6071=CARTESIAN_POINT('Ctrl Pts',(1.23999861926477,2.61793844385323,0.702861058426654));
#6072=CARTESIAN_POINT('Ctrl Pts',(1.2629976212837,2.6893865889617,-0.660641545668273));
#6073=CARTESIAN_POINT('Ctrl Pts',(0.129890695008571,2.76083473407017,-1.41941489726633));
#6074=CARTESIAN_POINT('Ctrl Pts',(-1.12211384437292,2.83228287917865,-0.878903159340049));
#6075=CARTESIAN_POINT('Ctrl Pts',(-1.34697276935347,2.90373102428712,0.466127237834842));
#6076=CARTESIAN_POINT('Ctrl Pts',(-0.338857714290074,2.97517916939559,1.38448029696975));
#6077=CARTESIAN_POINT('Ctrl Pts',(0.979436398704376,3.04662731450406,1.03552623536264));
#6078=CARTESIAN_POINT('Ctrl Pts',(1.40118707579099,3.11807545961254,-0.261314029220818));
#6079=CARTESIAN_POINT('Ctrl Pts',(0.540337803619975,3.18952360472101,-1.31895614074558));
#6080=CARTESIAN_POINT('Ctrl Pts',(-0.815118685159662,3.26097174982948,-1.16926976029268));
#6081=CARTESIAN_POINT('Ctrl Pts',(-1.42444269649367,3.33241989493795,0.05072718834274));
#6082=CARTESIAN_POINT('Ctrl Pts',(-0.729879338461377,3.40386804004643,1.2242901594469));
#6083=CARTESIAN_POINT('Ctrl Pts',(0.632791239976363,3.4753161851549,1.27717872274811));
#6084=CARTESIAN_POINT('Ctrl Pts',(1.41622580752941,3.54676433026337,0.160980450114226));
#6085=CARTESIAN_POINT('Ctrl Pts',(0.903294472014774,3.61821247537184,-1.10257396126467));
#6086=CARTESIAN_POINT('Ctrl Pts',(-0.436482517437129,3.68966062048032,-1.35686891599854));
#6087=CARTESIAN_POINT('Ctrl Pts',(-1.37671795787734,3.76110876558878,-0.369131287876524));
#6088=CARTESIAN_POINT('Ctrl Pts',(-1.05675166407108,3.83255691069726,0.956496818454888));
#6089=CARTESIAN_POINT('Ctrl Pts',(0.230529882732596,3.90400505580573,1.40657961608955));
#6090=CARTESIAN_POINT('Ctrl Pts',(1.3067920581734,3.9754532009142,0.569126312804323));
#6091=CARTESIAN_POINT('Ctrl Pts',(1.18686033740852,4.04690134602268,-0.789286248909638));
#6092=CARTESIAN_POINT('Ctrl Pts',(-0.0194837795574265,4.11834949113115,
-1.42521248435645));
#6093=CARTESIAN_POINT('Ctrl Pts',(-1.20799309408802,4.18979763623962,-0.756546712283496));
#6094=CARTESIAN_POINT('Ctrl Pts',(-1.29074579128312,4.26124578134809,0.604636705399387));
#6095=CARTESIAN_POINT('Ctrl Pts',(-0.191992810180649,4.33269392645657,1.41235583479173));
#6096=CARTESIAN_POINT('Ctrl Pts',(1.08250399046607,4.40414207156504,0.927251505178813));
#6097=CARTESIAN_POINT('Ctrl Pts',(1.36611271682821,4.47559021667352,-0.406627948069927));
#6098=CARTESIAN_POINT('Ctrl Pts',(0.399227393140027,4.54703836178198,-1.36829373008793));
#6099=CARTESIAN_POINT('Ctrl Pts',(-0.93309738044788,4.61848650689046,-1.07746903520827));
#6100=CARTESIAN_POINT('Ctrl Pts',(-1.41129591101483,4.68993465199893,0.199634903722126));
#6101=CARTESIAN_POINT('Ctrl Pts',(-0.597641201475872,4.7613827971074,1.29399970538242));
#6102=CARTESIAN_POINT('Ctrl Pts',(0.763074345213974,4.83283094221587,1.20388030422779));
#6103=CARTESIAN_POINT('Ctrl Pts',(1.42529706866768,4.90427908732435,0.0117689965012527));
#6104=CARTESIAN_POINT('Ctrl Pts',(0.782850358942216,4.97572723243282,-1.19111525837568));
#6105=CARTESIAN_POINT('Ctrl Pts',(-0.576191477874882,5.04717537754129,-1.30369230420973));
#6106=CARTESIAN_POINT('Ctrl Pts',(-1.40780683963131,5.11862352264977,-0.222912865305279));
#6107=CARTESIAN_POINT('Ctrl Pts',(-0.950762740939653,5.19007166775823,1.06191358107533));
#6108=CARTESIAN_POINT('Ctrl Pts',(0.376577883001392,5.26151981286671,1.37469972767347));
#6109=CARTESIAN_POINT('Ctrl Pts',(1.35921166374202,5.33296795797518,0.429131560688517));
#6110=CARTESIAN_POINT('Ctrl Pts',(1.09766838842341,5.40441610308366,-0.909249334499218));
#6111=CARTESIAN_POINT('Ctrl Pts',(-0.168643945658324,5.47586424819213,-1.41533369310001));
#6112=CARTESIAN_POINT('Ctrl Pts',(-1.2805852325893,5.5473123933006,-0.625868760448658));
#6113=CARTESIAN_POINT('Ctrl Pts',(-1.22032147801152,5.61876053840908,0.736495576045841));
#6114=CARTESIAN_POINT('Ctrl Pts',(-0.0430161143452531,5.69020868351754,
1.42469640876152));
#6115=CARTESIAN_POINT('Ctrl Pts',(1.17366476671603,5.76165682862602,0.808777632356831));
#6116=CARTESIAN_POINT('Ctrl Pts',(1.31601203719526,5.83310497373448,-0.547469233097619));
#6117=CARTESIAN_POINT('Ctrl Pts',(0.253725749963282,5.90455311884297,-1.40258100908179));
#6118=CARTESIAN_POINT('Ctrl Pts',(-1.0408126324035,5.97600126395143,-0.973816875732097));
#6119=CARTESIAN_POINT('Ctrl Pts',(-1.38262582013213,6.04744940905991,0.346346769488713));
#6120=CARTESIAN_POINT('Ctrl Pts',(-0.458829413408384,6.11889755416837,1.34947612525107));
#6121=CARTESIAN_POINT('Ctrl Pts',(0.884964146103323,6.19034569927686,1.11734001241472));
#6122=CARTESIAN_POINT('Ctrl Pts',(1.41869102108885,6.26179384438532,-0.137571908154242));
#6123=CARTESIAN_POINT('Ctrl Pts',(0.653795418677053,6.3332419894938,-1.26655508910912));
#6124=CARTESIAN_POINT('Ctrl Pts',(-0.709562719757415,6.40469013460226,-1.23617595428879));
#6125=CARTESIAN_POINT('Ctrl Pts',(-1.42341079341897,6.47613827971075,-0.0742425512068318));
#6126=CARTESIAN_POINT('Ctrl Pts',(-0.834316067396683,6.54758642481921,1.15565000883271));
#6127=CARTESIAN_POINT('Ctrl Pts',(0.518483779944772,6.61903456992769,1.32769906724585));
#6128=CARTESIAN_POINT('Ctrl Pts',(1.39668085558091,6.69048271503616,0.284416650154466));
#6129=CARTESIAN_POINT('Ctrl Pts',(0.996402825752699,6.76193086014463,-1.01921128921502));
#6130=CARTESIAN_POINT('Ctrl Pts',(-0.315949141832274,6.8333790052531,-1.38988718355368));
#6131=CARTESIAN_POINT('Ctrl Pts',(-1.33909179519823,6.90482715036158,-0.488306673376584));
#6132=CARTESIAN_POINT('Ctrl Pts',(-1.13647444959832,6.97627529547005,0.86025349092086));
#6133=CARTESIAN_POINT('Ctrl Pts',(0.106433729803742,7.04772344057852,1.42136628086901));
#6134=CARTESIAN_POINT('Ctrl Pts',(1.25191602025479,7.119171585687,0.681407749780343));
#6135=CARTESIAN_POINT('Ctrl Pts',(1.25143611065693,7.19061973079546,-0.682288724936342));
#6136=CARTESIAN_POINT('Ctrl Pts',(0.105433294261086,7.26206787590395,-1.42144084072906));
#6137=CARTESIAN_POINT('Ctrl Pts',(-1.13707964573318,7.3335160210124,-0.859453385874116));
#6138=CARTESIAN_POINT('Ctrl Pts',(-1.33874777555424,7.40496416612089,0.489249053837006));
#6139=CARTESIAN_POINT('Ctrl Pts',(-0.314970810525175,7.47641231122935,1.39010921576253));
#6140=CARTESIAN_POINT('Ctrl Pts',(0.99711993684989,7.54786045633782,1.0185097322888));
#6141=CARTESIAN_POINT('Ctrl Pts',(1.39648032687246,7.6193086014463,-0.285399614388345));
#6142=CARTESIAN_POINT('Ctrl Pts',(0.5175491687229,7.69075674655477,-1.32806366608726));
#6143=CARTESIAN_POINT('Ctrl Pts',(-0.835129249161169,7.76220489166325,-1.15506250065669));
#6144=CARTESIAN_POINT('Ctrl Pts',(-1.42335818625606,7.83365303677171,0.0752443810022602));
#6145=CARTESIAN_POINT('Ctrl Pts',(-0.708692478482598,7.9051011818802,1.23667506408854));
#6146=CARTESIAN_POINT('Ctrl Pts',(0.654686704151581,7.97654932698865,1.26609461045654));
#6147=CARTESIAN_POINT('Ctrl Pts',(1.41878749784645,8.04799747209714,0.136573347824083));
#6148=CARTESIAN_POINT('Ctrl Pts',(0.884177502343406,8.1194456172056,-1.1179626055076));
#6149=CARTESIAN_POINT('Ctrl Pts',(-0.459779109841265,8.19089376231408,-1.3491528502716));
#6150=CARTESIAN_POINT('Ctrl Pts',(-1.38286924946764,8.26234190742255,-0.345373541328457));
#6151=CARTESIAN_POINT('Ctrl Pts',(-1.04012696622768,8.33379005253102,0.974549195976841));
#6152=CARTESIAN_POINT('Ctrl Pts',(0.254712873192827,8.40523819763951,1.40240208076774));
#6153=CARTESIAN_POINT('Ctrl Pts',(1.31639704250464,8.47668634274796,0.546542839529307));
#6154=CARTESIAN_POINT('Ctrl Pts',(1.17309522409853,8.54813448785645,-0.809603498135984));
#6155=CARTESIAN_POINT('Ctrl Pts',(-0.0440188475203437,8.61958263296491,
-1.42466578290395));
#6156=CARTESIAN_POINT('Ctrl Pts',(-1.22083956555388,8.69103077807338,-0.735636480747181));
#6157=CARTESIAN_POINT('Ctrl Pts',(-1.28014437305681,8.76247892318186,0.626769915791845));
#6158=CARTESIAN_POINT('Ctrl Pts',(-0.167647803650548,8.83392706829033,1.41545206303963));
#6159=CARTESIAN_POINT('Ctrl Pts',(1.09830819876827,8.9053752133988,0.908476487202916));
#6160=CARTESIAN_POINT('Ctrl Pts',(1.35890906182849,8.97682335850728,-0.430088034859697));
#6161=CARTESIAN_POINT('Ctrl Pts',(0.375610656740228,9.04827150361574,-1.37496459205288));
#6162=CARTESIAN_POINT('Ctrl Pts',(-0.951510735941453,9.11971964872422,-1.06124384122512));
#6163=CARTESIAN_POINT('Ctrl Pts',(-1.40764804588474,9.1911677938327,0.223903114839292));
#6164=CARTESIAN_POINT('Ctrl Pts',(-0.575276692523809,9.26261593894117,1.30409859009382));
#6165=CARTESIAN_POINT('Ctrl Pts',(0.783694101187662,9.33406408404964,1.19056194492242));
#6166=CARTESIAN_POINT('Ctrl Pts',(1.425277830796,9.40551222915811,-0.0127683358833959));
#6167=CARTESIAN_POINT('Ctrl Pts',(0.762246941433407,9.47696037426659,-1.20442436089597));
#6168=CARTESIAN_POINT('Ctrl Pts',(-0.598590002297602,9.54840851937504,-1.29356493553815));
#6169=CARTESIAN_POINT('Ctrl Pts',(-1.41136359927073,9.61985666448355,-0.19866773865523));
#6170=CARTESIAN_POINT('Ctrl Pts',(-0.932476357265334,9.69130480959198,1.07817525582186));
#6171=CARTESIAN_POINT('Ctrl Pts',(0.400451672077446,9.76275295470049,1.36791795731823));
#6172=CARTESIAN_POINT('Ctrl Pts',(1.36590062672463,9.83420109980894,0.405845944547945));
#6173=CARTESIAN_POINT('Ctrl Pts',(1.08281303129618,9.90564924491741,-0.928357268920735));
#6174=CARTESIAN_POINT('Ctrl Pts',(-0.194954540757133,9.97709739002589,-1.41153983278877));
#6175=CARTESIAN_POINT('Ctrl Pts',(-0.922544043982035,10.0247294867649,-0.87404570056828));
#6176=CARTESIAN_POINT('Ctrl Pts',(-1.09239794900976,10.0485455351344,-0.510785403025305));
#6177=CARTESIAN_POINT('Ctrl Pts',(0.965119510229791,-0.145636605403083,
0.855946453333273));
#6178=CARTESIAN_POINT('Ctrl Pts',(1.24975146473003,-0.121820557033593,0.535010661785503));
#6179=CARTESIAN_POINT('Ctrl Pts',(1.46880502914632,-0.0741884602946107,
-0.407534466715293));
#6180=CARTESIAN_POINT('Ctrl Pts',(0.452130763554448,-0.00274031518613836,
-1.4572197738203));
#6181=CARTESIAN_POINT('Ctrl Pts',(-0.97813101823,0.068707829922334,-1.1690455894169));
#6182=CARTESIAN_POINT('Ctrl Pts',(-1.51317060451193,0.140155975030806,0.187233657541366));
#6183=CARTESIAN_POINT('Ctrl Pts',(-0.663040107941787,0.211604120139279,
1.37316863168944));
#6184=CARTESIAN_POINT('Ctrl Pts',(0.793981694194778,0.283052265247751,1.30160242197722));
#6185=CARTESIAN_POINT('Ctrl Pts',(1.52423673928931,0.354500410356224,0.038881535481398));
#6186=CARTESIAN_POINT('Ctrl Pts',(0.859246992318004,0.425948555464696,-1.25958236680934));
#6187=CARTESIAN_POINT('Ctrl Pts',(-0.59226392343192,0.497396700573169,-1.40498638117858));
#6188=CARTESIAN_POINT('Ctrl Pts',(-1.50163875983443,0.568844845681641,-0.264354930939073));
#6189=CARTESIAN_POINT('Ctrl Pts',(-1.03646216565428,0.640292990790113,1.11828047033312));
#6190=CARTESIAN_POINT('Ctrl Pts',(0.377456635515801,0.711741135898587,1.47726747208609));
#6191=CARTESIAN_POINT('Ctrl Pts',(1.445864589665,0.783189281007058,0.484019245084995));
#6192=CARTESIAN_POINT('Ctrl Pts',(1.19077608878932,0.854637426115532,-0.952287323181275));
#6193=CARTESIAN_POINT('Ctrl Pts',(-0.154309051940748,0.926085571224003,
-1.51690009874345));
#6194=CARTESIAN_POINT('Ctrl Pts',(-1.35814488460702,0.997533716332475,-0.692993984431203));
#6195=CARTESIAN_POINT('Ctrl Pts',(-1.31878012622416,1.06898186144095,0.765256202889225));
#6196=CARTESIAN_POINT('Ctrl Pts',(-0.0722480089999337,1.14043000654942,
1.52301611618886));
#6197=CARTESIAN_POINT('Ctrl Pts',(1.24041753578834,1.21187815165789,0.886657969318038));
#6198=CARTESIAN_POINT('Ctrl Pts',(1.4176462057267,1.28332629676637,-0.561317401079871));
#6199=CARTESIAN_POINT('Ctrl Pts',(0.297208789667448,1.35477444187484,-1.49548149386275));
#6200=CARTESIAN_POINT('Ctrl Pts',(-1.09528364801321,1.42622258698331,-1.06073168915408));
#6201=CARTESIAN_POINT('Ctrl Pts',(-1.48518993819982,1.49767073209178,0.344976561057402));
#6202=CARTESIAN_POINT('Ctrl Pts',(-0.515602858924267,1.56911887720026,1.43490475956968));
#6203=CARTESIAN_POINT('Ctrl Pts',(0.92594989314479,1.64056702230872,1.21136896769439));
#6204=CARTESIAN_POINT('Ctrl Pts',(1.51991897376181,1.7120151674172,-0.121013605193043));
#6205=CARTESIAN_POINT('Ctrl Pts',(0.722604882961516,1.78346331252567,-1.34262435634248));
#6206=CARTESIAN_POINT('Ctrl Pts',(-0.736157634153973,1.85491145763415,-1.33524152020476));
#6207=CARTESIAN_POINT('Ctrl Pts',(-1.52106598822194,1.92635960274262,-0.105623098286876));
#6208=CARTESIAN_POINT('Ctrl Pts',(-0.913641232023511,1.99780774785109,1.2206791873939));
#6209=CARTESIAN_POINT('Ctrl Pts',(0.530100257382497,2.06925589295956,1.42961242880016));
#6210=CARTESIAN_POINT('Ctrl Pts',(1.48860563879832,2.14070403806803,0.32992610015595));
#6211=CARTESIAN_POINT('Ctrl Pts',(1.08449103193878,2.21215218317651,-1.07176358450433));
#6212=CARTESIAN_POINT('Ctrl Pts',(-0.312330520744228,2.28360032828498,-1.49239660454115));
#6213=CARTESIAN_POINT('Ctrl Pts',(-1.42325512434753,2.35504847339345,-0.546939512604365));
#6214=CARTESIAN_POINT('Ctrl Pts',(-1.23137942254687,2.42649661850192,0.899167780315676));
#6215=CARTESIAN_POINT('Ctrl Pts',(0.0876599622217021,2.49794476361039,1.52220685534331));
#6216=CARTESIAN_POINT('Ctrl Pts',(1.32645833917619,2.56939290871887,0.751868508357721));
#6217=CARTESIAN_POINT('Ctrl Pts',(1.35106096174914,2.64084105382734,-0.706705212282831));
#6218=CARTESIAN_POINT('Ctrl Pts',(0.138947409213784,2.71228919893581,-1.51838453525553));
#6219=CARTESIAN_POINT('Ctrl Pts',(-1.20035397076172,2.78373734404429,-0.940185260630498));
#6220=CARTESIAN_POINT('Ctrl Pts',(-1.44089133229161,2.85518548915276,0.498628266303873));
#6221=CARTESIAN_POINT('Ctrl Pts',(-0.362484791459493,2.92663363426123,1.48101409695886));
#6222=CARTESIAN_POINT('Ctrl Pts',(1.04772824628179,2.99808177936971,1.10772898372011));
#6223=CARTESIAN_POINT('Ctrl Pts',(1.49888576693003,3.06952992447817,-0.279534321908526));
#6224=CARTESIAN_POINT('Ctrl Pts',(0.578013212634733,3.14097806958665,-1.41092122581311));
#6225=CARTESIAN_POINT('Ctrl Pts',(-0.871953372004117,3.21242621469512,-1.25079786395762));
#6226=CARTESIAN_POINT('Ctrl Pts',(-1.52376290109336,3.2838743598036,0.0542641749392319));
#6227=CARTESIAN_POINT('Ctrl Pts',(-0.780770655751649,3.35532250491206,1.309654596658));
#6228=CARTESIAN_POINT('Ctrl Pts',(0.676913025695122,3.42677065002054,1.36623084984733));
#6229=CARTESIAN_POINT('Ctrl Pts',(1.51497308413761,3.49821879512901,0.172204917957861));
#6230=CARTESIAN_POINT('Ctrl Pts',(0.96627727363615,3.56966694023748,-1.17945165644234));
#6231=CARTESIAN_POINT('Ctrl Pts',(-0.466916548263891,3.64111508534596,-1.45147749427527));
#6232=CARTESIAN_POINT('Ctrl Pts',(-1.47271052366396,3.71256323045442,-0.394869209890718));
#6233=CARTESIAN_POINT('Ctrl Pts',(-1.1304343694161,3.7840113755629,1.02318918870027));
#6234=CARTESIAN_POINT('Ctrl Pts',(0.246603730543888,3.85545952067137,1.50465430565035));
#6235=CARTESIAN_POINT('Ctrl Pts',(1.39790899457704,3.92690766577985,0.60880901957093));
#6236=CARTESIAN_POINT('Ctrl Pts',(1.26961495564121,3.99835581088831,-0.844319752133315));
#6237=CARTESIAN_POINT('Ctrl Pts',(-0.020842298911544,4.06980395599679,-1.52458636292155));
#6238=CARTESIAN_POINT('Ctrl Pts',(-1.29222120769004,4.14125210110526,-0.809297429766326));
#6239=CARTESIAN_POINT('Ctrl Pts',(-1.38074389116597,4.21270024621373,0.646795397663085));
#6240=CARTESIAN_POINT('Ctrl Pts',(-0.205379635242654,4.28414839132221,1.51083327500353));
#6241=CARTESIAN_POINT('Ctrl Pts',(1.15798229371949,4.35559653643068,0.99190472670638));
#6242=CARTESIAN_POINT('Ctrl Pts',(1.46136582520218,4.42704468153915,-0.434980349396896));
#6243=CARTESIAN_POINT('Ctrl Pts',(0.427063785903367,4.49849282664762,-1.463698911047));
#6244=CARTESIAN_POINT('Ctrl Pts',(-0.998158209476415,4.5699409717561,-1.15259627289227));
#6245=CARTESIAN_POINT('Ctrl Pts',(-1.50969944734362,4.64138911686457,0.213554578786436));
#6246=CARTESIAN_POINT('Ctrl Pts',(-0.639312127623973,4.71283726197305,1.38422468656761));
#6247=CARTESIAN_POINT('Ctrl Pts',(0.816280206199456,4.78428540708151,1.28782165084971));
#6248=CARTESIAN_POINT('Ctrl Pts',(1.52467684492956,4.85573355218999,0.012589597528809));
#6249=CARTESIAN_POINT('Ctrl Pts',(0.837435115501729,4.92718169729845,-1.27416655377345));
#6250=CARTESIAN_POINT('Ctrl Pts',(-0.616366807926418,4.99862984240694,-1.39459310822795));
#6251=CARTESIAN_POINT('Ctrl Pts',(-1.50596709816134,5.0700779875154,-0.23845561156283));
#6252=CARTESIAN_POINT('Ctrl Pts',(-1.01705529885605,5.14152613262389,1.13595620448111));
#6253=CARTESIAN_POINT('Ctrl Pts',(0.402835023762115,5.21297427773233,1.47055157103071));
#6254=CARTESIAN_POINT('Ctrl Pts',(1.45398359164719,5.28442242284083,0.459053041217485));
#6255=CARTESIAN_POINT('Ctrl Pts',(1.17420403930581,5.35587056794928,-0.972647342826886));
#6256=CARTESIAN_POINT('Ctrl Pts',(-0.180402755772985,5.42731871305777,-1.51401876644242));
#6257=CARTESIAN_POINT('Ctrl Pts',(-1.3698748808294,5.49876685816623,-0.66950787172588));
#6258=CARTESIAN_POINT('Ctrl Pts',(-1.30540919629731,5.57021500327471,0.787848214856584));
#6259=CARTESIAN_POINT('Ctrl Pts',(-0.0460154412317405,5.64166314838318,
1.52403430361608));
#6260=CARTESIAN_POINT('Ctrl Pts',(1.25549931509669,5.71311129349165,0.865170185120844));
#6261=CARTESIAN_POINT('Ctrl Pts',(1.4077718427049,5.78455943860014,-0.585641885726704));
#6262=CARTESIAN_POINT('Ctrl Pts',(0.271416944885053,5.85600758370859,-1.50037689313704));
#6263=CARTESIAN_POINT('Ctrl Pts',(-1.11338397827421,5.92745572881708,-1.04171689837142));
#6264=CARTESIAN_POINT('Ctrl Pts',(-1.4790303155031,5.99890387392554,0.370496025961252));
#6265=CARTESIAN_POINT('Ctrl Pts',(-0.490821596265758,6.07035201903402,1.4435692363269));
#6266=CARTESIAN_POINT('Ctrl Pts',(0.946668853685262,6.14180016414248,1.19524728022804));
#6267=CARTESIAN_POINT('Ctrl Pts',(1.51761018633511,6.21324830925097,-0.147164200001913));
#6268=CARTESIAN_POINT('Ctrl Pts',(0.699381734580939,6.28469645435943,-1.35486647636025));
#6269=CARTESIAN_POINT('Ctrl Pts',(-0.759037447435891,6.3561445994679,-1.32236913636863));
#6270=CARTESIAN_POINT('Ctrl Pts',(-1.52265904789756,6.42759274457639,-0.079419161957139));
#6271=CARTESIAN_POINT('Ctrl Pts',(-0.892489304353579,6.49904088968485,1.23622846636241));
#6272=CARTESIAN_POINT('Ctrl Pts',(0.554635402774174,6.57048903479333,1.42027375861833));
#6273=CARTESIAN_POINT('Ctrl Pts',(1.49406534754976,6.6419371799018,0.304247788293215));
#6274=CARTESIAN_POINT('Ctrl Pts',(1.06587766862358,6.71338532501027,-1.09027646721364));
#6275=CARTESIAN_POINT('Ctrl Pts',(-0.337978903708355,6.78483347011875,-1.48679798226874));
#6276=CARTESIAN_POINT('Ctrl Pts',(-1.43246085202602,6.85628161522721,-0.522354177587555));
#6277=CARTESIAN_POINT('Ctrl Pts',(-1.21571587863879,6.92772976033568,0.920235231805328));
#6278=CARTESIAN_POINT('Ctrl Pts',(0.11385489167037,6.99917790544416,1.52047198036433));
#6279=CARTESIAN_POINT('Ctrl Pts',(1.33920668879442,7.07062605055264,0.7289193536452));
#6280=CARTESIAN_POINT('Ctrl Pts',(1.33869331718397,7.1420741956611,-0.729861755373821));
#6281=CARTESIAN_POINT('Ctrl Pts',(0.112784700101003,7.21352234076958,-1.5205517389597));
#6282=CARTESIAN_POINT('Ctrl Pts',(-1.2163632724725,7.28497048587805,-0.91937933890756));
#6283=CARTESIAN_POINT('Ctrl Pts',(-1.43209284538592,7.35641863098652,0.523362266145868));
#6284=CARTESIAN_POINT('Ctrl Pts',(-0.336932357606918,7.42786677609499,1.4870354958195));
#6285=CARTESIAN_POINT('Ctrl Pts',(1.06664478076403,7.49931492120347,1.08952599376897));
#6286=CARTESIAN_POINT('Ctrl Pts',(1.49385083684512,7.57076306631194,-0.305299290355303));
#6287=CARTESIAN_POINT('Ctrl Pts',(0.553635625169684,7.64221121142041,-1.42066377935393));
#6288=CARTESIAN_POINT('Ctrl Pts',(-0.893359185751841,7.71365935652889,-1.23559999379211));
#6289=CARTESIAN_POINT('Ctrl Pts',(-1.52260277266559,7.78510750163735,0.0804908449944718));
#6290=CARTESIAN_POINT('Ctrl Pts',(-0.758106528015384,7.85655564674583,1.32290304692768));
#6291=CARTESIAN_POINT('Ctrl Pts',(0.700335165521837,7.9280037918543,1.35437389053053));
#6292=CARTESIAN_POINT('Ctrl Pts',(1.51771338999814,7.99945193696277,0.146096014395467));
#6293=CARTESIAN_POINT('Ctrl Pts',(0.945827360671407,8.07090008207124,-1.19591328403411));
#6294=CARTESIAN_POINT('Ctrl Pts',(-0.491837510907525,8.14234822717973,-1.44322342078671));
#6295=CARTESIAN_POINT('Ctrl Pts',(-1.47929071810926,8.21379637228819,-0.36945493882693));
#6296=CARTESIAN_POINT('Ctrl Pts',(-1.11265050357297,8.28524451739666,1.04250028012725));
#6297=CARTESIAN_POINT('Ctrl Pts',(0.272472895931518,8.35669266250514,1.50018548892852));
#6298=CARTESIAN_POINT('Ctrl Pts',(1.40818369276289,8.42814080761361,0.584650898757079));
#6299=CARTESIAN_POINT('Ctrl Pts',(1.2548900607453,8.49958895272208,-0.866053634935045));
#6300=CARTESIAN_POINT('Ctrl Pts',(-0.0470880906374766,8.57103709783056,
-1.52400154235044));
#6301=CARTESIAN_POINT('Ctrl Pts',(-1.30596340783457,8.64248524293901,-0.786929218572757));
#6302=CARTESIAN_POINT('Ctrl Pts',(-1.36940328207584,8.71393338804751,0.670471860718524));
#6303=CARTESIAN_POINT('Ctrl Pts',(-0.179337157108043,8.78538153315596,1.51414538980398));
#6304=CARTESIAN_POINT('Ctrl Pts',(1.1748884608481,8.85682967826445,0.971820608244152));
#6305=CARTESIAN_POINT('Ctrl Pts',(1.45365989061607,8.92827782337292,-0.460076206179816));
#6306=CARTESIAN_POINT('Ctrl Pts',(0.401800357013249,8.99972596848138,-1.47083490325331));
#6307=CARTESIAN_POINT('Ctrl Pts',(-1.01785544830169,9.07117411358987,-1.13523976657901));
#6308=CARTESIAN_POINT('Ctrl Pts',(-1.50579723241627,9.14262225869833,0.239514906897397));
#6309=CARTESIAN_POINT('Ctrl Pts',(-0.615388238564615,9.2140704038068,1.39502772266273));
#6310=CARTESIAN_POINT('Ctrl Pts',(0.838337688230598,9.28551854891528,1.27357466017546));
#6311=CARTESIAN_POINT('Ctrl Pts',(1.52465626568462,9.35696669402375,-0.0136586165071485));
#6312=CARTESIAN_POINT('Ctrl Pts',(0.81539511114568,9.42841483913222,-1.28840364222719));
#6313=CARTESIAN_POINT('Ctrl Pts',(-0.640327084207511,9.49986298424069,-1.38375960210977));
#6314=CARTESIAN_POINT('Ctrl Pts',(-1.50977185520772,9.57131112934917,-0.212519977498651));
#6315=CARTESIAN_POINT('Ctrl Pts',(-0.9974938850437,9.64275927445763,1.15335173520299));
#6316=CARTESIAN_POINT('Ctrl Pts',(0.428373428495534,9.71420741956611,1.46329693727359));
#6317=CARTESIAN_POINT('Ctrl Pts',(1.46113894697652,9.78565556467459,0.434143820164618));
#6318=CARTESIAN_POINT('Ctrl Pts',(1.15831288262489,9.85710370978305,-0.993087590553037));
#6319=CARTESIAN_POINT('Ctrl Pts',(-0.208547874433033,9.92855185489154,-1.5099603767238));
#6320=CARTESIAN_POINT('Ctrl Pts',(-0.986869034679144,9.97618395163051,-0.934989112348626));
#6321=CARTESIAN_POINT('Ctrl Pts',(-1.16856611503497,10.,-0.546400251456826));
#6322=CARTESIAN_POINT('Ctrl Pts',(-1.16856611503497,10.,-0.546400251456826));
#6323=CARTESIAN_POINT('Ctrl Pts',(-1.14154955919122,10.,-0.592168902160754));
#6324=CARTESIAN_POINT('Ctrl Pts',(-1.11154285171701,10.,-0.63601075788544));
#6325=CARTESIAN_POINT('Ctrl Pts',(-1.07883832225802,10.,-0.677772858143145));
#6326=CARTESIAN_POINT('Ctrl Pts',(-1.04963854231771,10.,-0.715059562998491));
#6327=CARTESIAN_POINT('Ctrl Pts',(-1.01828701477434,10.,-0.750688169846638));
#6328=CARTESIAN_POINT('Ctrl Pts',(-0.9849714222669,10.,-0.784521223483457));
#6329=CARTESIAN_POINT('Ctrl Pts',(-0.975764998249058,10.,-0.79387064260393));
#6330=CARTESIAN_POINT('Ctrl Pts',(-0.966407388046196,10.,-0.803083645293219));
#6331=CARTESIAN_POINT('Ctrl Pts',(-0.956915888473896,10.,-0.812144634788697));
#6332=CARTESIAN_POINT('Ctrl Pts',(-0.919001360548495,10.,-0.848339456970499));
#6333=CARTESIAN_POINT('Ctrl Pts',(-0.878906545806754,10.,-0.882160134183851));
#6334=CARTESIAN_POINT('Ctrl Pts',(-0.836898717409961,10.,-0.913432360573355));
#6335=CARTESIAN_POINT('Ctrl Pts',(-0.812287585562199,10.,-0.9317538238867));
#6336=CARTESIAN_POINT('Ctrl Pts',(-0.787019324232643,10.,-0.949199700287117));
#6337=CARTESIAN_POINT('Ctrl Pts',(-0.761145039886333,10.,-0.9657270167032));
#6338=CARTESIAN_POINT('Ctrl Pts',(-0.752129313948326,10.,-0.971485852514996));
#6339=CARTESIAN_POINT('Ctrl Pts',(-0.74303999910625,10.,-0.977133107889609));
#6340=CARTESIAN_POINT('Ctrl Pts',(-0.733879234556053,10.,-0.982666782822681));
#6341=CARTESIAN_POINT('Ctrl Pts',(-0.725485643181522,10.,-0.987737037159334));
#6342=CARTESIAN_POINT('Ctrl Pts',(-0.717035612758145,10.,-0.992709725251222));
#6343=CARTESIAN_POINT('Ctrl Pts',(-0.708537834975973,10.,-0.997579738387546));
#6344=CARTESIAN_POINT('Ctrl Pts',(-0.664597256530827,10.,-1.0227617565258));
#6345=CARTESIAN_POINT('Ctrl Pts',(-0.619326250302426,10.,-1.04523583028291));
#6346=CARTESIAN_POINT('Ctrl Pts',(-0.57296744949027,10.,-1.06484295725879));
#6347=CARTESIAN_POINT('Ctrl Pts',(-0.527496454350689,10.,-1.08407459310359));
#6348=CARTESIAN_POINT('Ctrl Pts',(-0.480977956197103,10.,-1.10054827884827));
#6349=CARTESIAN_POINT('Ctrl Pts',(-0.433633774092662,10.,-1.11406564569538));
#6350=CARTESIAN_POINT('Ctrl Pts',(-0.408488394090289,10.,-1.12124497187429));
#6351=CARTESIAN_POINT('Ctrl Pts',(-0.383110065700407,10.,-1.12758951527234));
#6352=CARTESIAN_POINT('Ctrl Pts',(-0.357532566928855,10.,-1.1330634968116));
#6353=CARTESIAN_POINT('Ctrl Pts',(-0.34299752404381,10.,-1.13617422148158));
#6354=CARTESIAN_POINT('Ctrl Pts',(-0.328398174628126,10.,-1.13900373129255));
#6355=CARTESIAN_POINT('Ctrl Pts',(-0.313740864523466,10.,-1.14154481613573));
#6356=CARTESIAN_POINT('Ctrl Pts',(-0.301421464150248,10.,-1.14368058602406));
#6357=CARTESIAN_POINT('Ctrl Pts',(-0.289056430440034,10.,-1.14561307455514));
#6358=CARTESIAN_POINT('Ctrl Pts',(-0.27667874421975,10.,-1.14733420421465));
#6359=CARTESIAN_POINT('Ctrl Pts',(-0.237424340785346,10.,-1.15279256830749));
#6360=CARTESIAN_POINT('Ctrl Pts',(-0.197991986396036,10.,-1.15613738493562));
#6361=CARTESIAN_POINT('Ctrl Pts',(-0.158499491131415,10.,-1.15727267893466));
#6362=CARTESIAN_POINT('Ctrl Pts',(-0.109526263581109,10.,-1.15868051632195));
#6363=CARTESIAN_POINT('Ctrl Pts',(-0.0604594269632091,10.,-1.15669179935268));
#6364=CARTESIAN_POINT('Ctrl Pts',(-0.0115983748879932,10.,-1.15145129799853));
#6365=CARTESIAN_POINT('Ctrl Pts',(0.0281017695525322,10.,-1.14719333277132));
#6366=CARTESIAN_POINT('Ctrl Pts',(0.0676661612885991,10.,-1.14078741916945));
#6367=CARTESIAN_POINT('Ctrl Pts',(0.106922172145015,10.,-1.1322889169516));
#6368=CARTESIAN_POINT('Ctrl Pts',(0.120139063967798,10.,-1.12942760267084));
#6369=CARTESIAN_POINT('Ctrl Pts',(0.133320877896198,10.,-1.12632893127777));
#6370=CARTESIAN_POINT('Ctrl Pts',(0.146460615948803,10.,-1.12299458824352));
#6371=CARTESIAN_POINT('Ctrl Pts',(0.155269168525879,10.,-1.12075932785935));
#6372=CARTESIAN_POINT('Ctrl Pts',(0.16404932044096,10.,-1.11842054918926));
#6373=CARTESIAN_POINT('Ctrl Pts',(0.172797848943995,10.,-1.1159797542419));
#6374=CARTESIAN_POINT('Ctrl Pts',(0.219063083574789,10.,-1.10307198913764));
#6375=CARTESIAN_POINT('Ctrl Pts',(0.264458836126381,10.,-1.08731164899586));
#6376=CARTESIAN_POINT('Ctrl Pts',(0.308705319372321,10.,-1.06883878427816));
#6377=CARTESIAN_POINT('Ctrl Pts',(0.352507342435516,10.,-1.05055148126449));
#6378=CARTESIAN_POINT('Ctrl Pts',(0.3951840471314,10.,-1.02960511504069));
#6379=CARTESIAN_POINT('Ctrl Pts',(0.436432226864881,10.,-1.00609631389542));
#6380=CARTESIAN_POINT('Ctrl Pts',(0.456492027248674,10.,-0.99466352192052));
#6381=CARTESIAN_POINT('Ctrl Pts',(0.476213400044699,10.,-0.982624173669666));
#6382=CARTESIAN_POINT('Ctrl Pts',(0.495557678736474,10.,-0.969986778370319));
#6383=CARTESIAN_POINT('Ctrl Pts',(0.509024828664243,10.,-0.961188843854148));
#6384=CARTESIAN_POINT('Ctrl Pts',(0.522309158283083,10.,-0.952101019868409));
#6385=CARTESIAN_POINT('Ctrl Pts',(0.535396770163991,10.,-0.942725784403119));
#6386=CARTESIAN_POINT('Ctrl Pts',(0.542508618579665,10.,-0.937631252711844));
#6387=CARTESIAN_POINT('Ctrl Pts',(0.549554132627757,10.,-0.932457741778122));
#6388=CARTESIAN_POINT('Ctrl Pts',(0.556531255281756,10.,-0.927206320702064));
#6389=CARTESIAN_POINT('Ctrl Pts',(0.593001151279427,10.,-0.899756784556378));
#6390=CARTESIAN_POINT('Ctrl Pts',(0.627608708737431,10.,-0.870178946638447));
#6391=CARTESIAN_POINT('Ctrl Pts',(0.660086190956241,10.,-0.838570687825906));
#6392=CARTESIAN_POINT('Ctrl Pts',(0.691403830586583,10.,-0.808091229715067));
#6393=CARTESIAN_POINT('Ctrl Pts',(0.720741324098937,10.,-0.775723067224851));
#6394=CARTESIAN_POINT('Ctrl Pts',(0.74781695192725,10.,-0.741530619192678));
#6395=CARTESIAN_POINT('Ctrl Pts',(0.763587661430467,10.,-0.721614583688773));
#6396=CARTESIAN_POINT('Ctrl Pts',(0.778590164790167,10.,-0.701079238540239));
#6397=CARTESIAN_POINT('Ctrl Pts',(0.792760919819942,10.,-0.679934840231841));
#6398=CARTESIAN_POINT('Ctrl Pts',(0.800161044099803,10.,-0.668893002660289));
#6399=CARTESIAN_POINT('Ctrl Pts',(0.807334233023756,10.,-0.657685039042737));
#6400=CARTESIAN_POINT('Ctrl Pts',(0.814278266119213,10.,-0.646318653370853));
#6401=CARTESIAN_POINT('Ctrl Pts',(0.776397497473617,-1.38777878078145E-16,
0.688572427865585));
#6402=CARTESIAN_POINT('Ctrl Pts',(0.808888779734807,-1.21408241293561E-16,
0.659710926227593));
#6403=CARTESIAN_POINT('Ctrl Pts',(0.839277582550671,1.73402732045322E-16,
0.628772796518878));
#6404=CARTESIAN_POINT('Ctrl Pts',(0.867556734220784,1.52655665885959E-16,
0.596061769102774));
#6405=CARTESIAN_POINT('Ctrl Pts',(0.897127857796139,1.30960741498499E-16,
0.561856293447691));
#6406=CARTESIAN_POINT('Ctrl Pts',(0.924392829564035,-2.75986125580037E-16,
0.525711772396777));
#6407=CARTESIAN_POINT('Ctrl Pts',(0.949317464974984,-3.08780778723872E-16,
0.487924770488207));
#6408=CARTESIAN_POINT('Ctrl Pts',(0.968500708952404,-3.34021181323167E-16,
0.458842006995952));
#6409=CARTESIAN_POINT('Ctrl Pts',(0.986297165760082,-2.00299027301023E-16,
0.428785132227348));
#6410=CARTESIAN_POINT('Ctrl Pts',(1.00267767194636,-2.22044604925031E-16,
0.397873395361875));
#6411=CARTESIAN_POINT('Ctrl Pts',(1.00780516833126,-2.28851499009183E-16,
0.388197270752146));
#6412=CARTESIAN_POINT('Ctrl Pts',(1.01279382701214,-2.24618086485951E-16,
0.378437298230082));
#6413=CARTESIAN_POINT('Ctrl Pts',(1.01764247754085,-2.35922392732846E-16,
0.36859692243718));
#6414=CARTESIAN_POINT('Ctrl Pts',(1.02150187912074,-2.44920330845846E-16,
0.360764235454065));
#6415=CARTESIAN_POINT('Ctrl Pts',(1.02527185672492,-1.0939114394225E-16,
0.352881840022442));
#6416=CARTESIAN_POINT('Ctrl Pts',(1.02894688011166,-1.07552855510562E-16,
0.344962863694841));
#6417=CARTESIAN_POINT('Ctrl Pts',(1.04873590170591,-9.76541621846055E-17,
0.302321286469422));
#6418=CARTESIAN_POINT('Ctrl Pts',(1.0658173421756,-7.33907061796433E-17,
0.258536252785978));
#6419=CARTESIAN_POINT('Ctrl Pts',(1.08016035708927,-6.24500451351651E-17,
0.21392215597945));
#6420=CARTESIAN_POINT('Ctrl Pts',(1.09478611305514,-5.12937129759198E-17,
0.168428590194452));
#6421=CARTESIAN_POINT('Ctrl Pts',(1.10656508152939,-2.69163237906627E-16,
0.122072005719749));
#6422=CARTESIAN_POINT('Ctrl Pts',(1.11542502939291,-1.87350135405495E-16,
0.0751497711912542));
#6423=CARTESIAN_POINT('Ctrl Pts',(1.12146082225094,-1.31615389854371E-16,
0.0431842458391303));
#6424=CARTESIAN_POINT('Ctrl Pts',(1.12614108783556,-3.212488060127E-16,
0.0109554510578443));
#6425=CARTESIAN_POINT('Ctrl Pts',(1.12943036162112,-3.46944695195361E-16,
-0.0214482758938794));
#6426=CARTESIAN_POINT('Ctrl Pts',(1.13034977856506,-3.54127203385412E-16,
-0.030505757133951));
#6427=CARTESIAN_POINT('Ctrl Pts',(1.13116044876966,-2.05536602850438E-16,
-0.0395769231947941));
#6428=CARTESIAN_POINT('Ctrl Pts',(1.13186143812022,-2.08166817117217E-16,
-0.0486598766202843));
#6429=CARTESIAN_POINT('Ctrl Pts',(1.13255632637574,-2.10774139185734E-16,
-0.057663776117261));
#6430=CARTESIAN_POINT('Ctrl Pts',(1.13314274185302,-1.26905722630728E-16,
-0.0666706115108052));
#6431=CARTESIAN_POINT('Ctrl Pts',(1.13362024030924,-1.2490009027033E-16,
-0.0756754069523914));
#6432=CARTESIAN_POINT('Ctrl Pts',(1.13622823193114,-1.13945767121404E-16,
-0.124857620554867));
#6433=CARTESIAN_POINT('Ctrl Pts',(1.13559296952429,-2.9343258926471E-16,
-0.174005253921666));
#6434=CARTESIAN_POINT('Ctrl Pts',(1.13165322847306,-2.35922392732846E-16,
-0.222802078039006));
#6435=CARTESIAN_POINT('Ctrl Pts',(1.12923218311285,-2.00581289683799E-16,
-0.252788649005454));
#6436=CARTESIAN_POINT('Ctrl Pts',(1.12556240296073,-1.01675936838099E-16,
-0.282643329344787));
#6437=CARTESIAN_POINT('Ctrl Pts',(1.12062048938764,-1.2490009027033E-16,
-0.31229608718697));
#6438=CARTESIAN_POINT('Ctrl Pts',(1.11278910710329,-1.77714380727733E-16,
-0.359286403592336));
#6439=CARTESIAN_POINT('Ctrl Pts',(1.10176592862957,-2.70088481675546E-16,
-0.405770109078547));
#6440=CARTESIAN_POINT('Ctrl Pts',(1.08776171641197,-2.77555756156289E-16,
-0.451552797997899));
#6441=CARTESIAN_POINT('Ctrl Pts',(1.08410952870953,-2.79503162237086E-16,
-0.463492560896225));
#6442=CARTESIAN_POINT('Ctrl Pts',(1.0802543199798,-1.28377601128896E-16,
-0.475384622932999));
#6443=CARTESIAN_POINT('Ctrl Pts',(1.07619926635555,-1.2490009027033E-16,
-0.487225455923082));
#6444=CARTESIAN_POINT('Ctrl Pts',(1.07303009126713,-1.22182286314102E-16,
-0.496479506896414));
#6445=CARTESIAN_POINT('Ctrl Pts',(1.06974182704894,-2.4287997086079E-16,
-0.505693456146089));
#6446=CARTESIAN_POINT('Ctrl Pts',(1.06633813858761,-2.35922392732846E-16,
-0.514861900602425));
#6447=CARTESIAN_POINT('Ctrl Pts',(1.04919606086257,-2.00881775354898E-16,
-0.561037157026076));
#6448=CARTESIAN_POINT('Ctrl Pts',(1.02912011807342,-1.46062919840463E-16,
-0.606089033431645));
#6449=CARTESIAN_POINT('Ctrl Pts',(1.00637878730748,-1.11022302462516E-16,
-0.649815603926653));
#6450=CARTESIAN_POINT('Ctrl Pts',(0.98308103428578,-7.5124330712255E-17,
-0.694612051872615));
#6451=CARTESIAN_POINT('Ctrl Pts',(0.956985526533543,-3.49440985604162E-16,
-0.73801850464285));
#6452=CARTESIAN_POINT('Ctrl Pts',(0.928325522046957,-4.30211422042248E-16,
-0.779813148576156));
#6453=CARTESIAN_POINT('Ctrl Pts',(0.911432131261525,-4.7782085445867E-16,
-0.80444863853338));
#6454=CARTESIAN_POINT('Ctrl Pts',(0.893646710595137,-9.08793078381515E-17,
-0.828523961772188));
#6455=CARTESIAN_POINT('Ctrl Pts',(0.875009149047937,-6.93889390390723E-17,
-0.851990823408615));
#6456=CARTESIAN_POINT('Ctrl Pts',(0.866050952710285,-5.90595328781234E-17,
-0.863270236406676));
#6457=CARTESIAN_POINT('Ctrl Pts',(0.856895808095824,-1.51861096181271E-16,
-0.874409036768141));
#6458=CARTESIAN_POINT('Ctrl Pts',(0.847547719396401,-1.52655665885959E-16,
-0.885401592831766));
#6459=CARTESIAN_POINT('Ctrl Pts',(0.841015389235678,-1.53210901486906E-16,
-0.893083056693174));
#6460=CARTESIAN_POINT('Ctrl Pts',(0.834390245147423,-5.8287329235994E-17,
-0.900691314764224));
#6461=CARTESIAN_POINT('Ctrl Pts',(0.827681393415637,-5.55111512312578E-17,
-0.90821625602462));
#6462=CARTESIAN_POINT('Ctrl Pts',(0.792650016532935,-4.10148794599504E-17,
-0.94750897910928));
#6463=CARTESIAN_POINT('Ctrl Pts',(0.755285293727974,-9.67191961544114E-17,
-0.984596739379091));
#6464=CARTESIAN_POINT('Ctrl Pts',(0.715833452158281,-4.16333634234434E-17,
-1.01923816982471));
#6465=CARTESIAN_POINT('Ctrl Pts',(0.688851572739194,-3.95909430672053E-18,
-1.04293011580236));
#6466=CARTESIAN_POINT('Ctrl Pts',(0.660892332899879,-2.28380920677619E-16,
-1.06547754815524));
#6467=CARTESIAN_POINT('Ctrl Pts',(0.632022447047625,-2.77555756156289E-16,
-1.08679606317743));
#6468=CARTESIAN_POINT('Ctrl Pts',(0.619419513712304,-2.99022663801326E-16,
-1.09610250190073));
#6469=CARTESIAN_POINT('Ctrl Pts',(0.606639553234722,-3.81886810257712E-16,
-1.10517671541108));
#6470=CARTESIAN_POINT('Ctrl Pts',(0.593710666495737,-3.33066907387547E-16,
-1.11399618287243));
#6471=CARTESIAN_POINT('Ctrl Pts',(0.549814582771673,-1.67313847046506E-16,
-1.14393998931926));
#6472=CARTESIAN_POINT('Ctrl Pts',(0.50415884156617,7.29468753895042E-17,
-1.17098574137229));
#6473=CARTESIAN_POINT('Ctrl Pts',(0.456971682635223,1.38777878078145E-16,
-1.19487870927105));
#6474=CARTESIAN_POINT('Ctrl Pts',(0.432320100458053,1.73169403428492E-16,
-1.20736090728756));
#6475=CARTESIAN_POINT('Ctrl Pts',(0.407249869695536,5.85138128651095E-17,
-1.21898213854126));
#6476=CARTESIAN_POINT('Ctrl Pts',(0.381789584656772,1.11022302462516E-16,
-1.22970197573991));
#6477=CARTESIAN_POINT('Ctrl Pts',(0.36665547952384,1.70720087259374E-16,
-1.23607406242022));
#6478=CARTESIAN_POINT('Ctrl Pts',(0.351383507138502,5.78840010561492E-17,
-1.24212759522282));
#6479=CARTESIAN_POINT('Ctrl Pts',(0.335982846568008,5.55111512312578E-17,
-1.24786517985651));
#6480=CARTESIAN_POINT('Ctrl Pts',(-1.03835379048601,0.726961524227067,-0.000868639394583336));
#6481=CARTESIAN_POINT('Ctrl Pts',(-1.03889254464095,0.722801499846286,-0.0610379266766189));
#6482=CARTESIAN_POINT('Ctrl Pts',(-1.03411259751696,0.718641475465505,-0.121121600635225));
#6483=CARTESIAN_POINT('Ctrl Pts',(-1.02370968876252,0.714481451084724,-0.180215294225837));
#6484=CARTESIAN_POINT('Ctrl Pts',(-0.964153264231997,0.690665402715233,
-0.518525394375224));
#6485=CARTESIAN_POINT('Ctrl Pts',(-0.720302169535175,0.666849354345742,
-0.82438851775663));
#6486=CARTESIAN_POINT('Ctrl Pts',(-0.403763514587348,0.643033305976252,
-0.957824857753319));
#6487=CARTESIAN_POINT('Ctrl Pts',(-0.0872248596395209,0.619217257606761,
-1.09126119775001));
#6488=CARTESIAN_POINT('Ctrl Pts',(0.302001355559313,0.59540120923727,-1.05227075436198));
#6489=CARTESIAN_POINT('Ctrl Pts',(0.585773779685793,0.571585160867779,-0.858682391246486));
#6490=CARTESIAN_POINT('Ctrl Pts',(0.869546203812274,0.547769112498289,-0.665094028130997));
#6491=CARTESIAN_POINT('Ctrl Pts',(1.0478648368664,0.523953064128798,-0.316907745288048));
#6492=CARTESIAN_POINT('Ctrl Pts',(1.03911431191454,0.500137015759307,0.0264862488415714));
#6493=CARTESIAN_POINT('Ctrl Pts',(1.03036378696269,0.476320967389816,0.36988024297119));
#6494=CARTESIAN_POINT('Ctrl Pts',(0.834544104004844,0.452504919020325,0.708481948387478));
#6495=CARTESIAN_POINT('Ctrl Pts',(0.54128227607021,0.428688870650834,0.887378128502452));
#6496=CARTESIAN_POINT('Ctrl Pts',(0.248020448135575,0.404872822281343,1.06627430861743));
#6497=CARTESIAN_POINT('Ctrl Pts',(-0.142683524775852,0.381056773911853,
1.08546496343108));
#6498=CARTESIAN_POINT('Ctrl Pts',(-0.452017801001031,0.357240725542362,
0.936054603574067));
#6499=CARTESIAN_POINT('Ctrl Pts',(-0.761352077226209,0.333424677172871,
0.786644243717051));
#6500=CARTESIAN_POINT('Ctrl Pts',(-0.989316656765141,0.30960862880338,0.46863286918936));
#6501=CARTESIAN_POINT('Ctrl Pts',(-1.03156285730152,0.28579258043389,0.127782377205755));
#6502=CARTESIAN_POINT('Ctrl Pts',(-1.03678452640007,0.282848895031615,0.0856529440586711));
#6503=CARTESIAN_POINT('Ctrl Pts',(-1.03916894118199,0.279905209629341,0.0431745934542104));
#6504=CARTESIAN_POINT('Ctrl Pts',(-1.03884014307098,0.276961524227067,0.000660866939770216));
#6505=CARTESIAN_POINT('Ctrl Pts',(-0.335179827523349,0.,-1.24569437793602));
#6506=CARTESIAN_POINT('Ctrl Pts',(-0.74941651735497,0.0238160483694908,
-1.13423543205746));
#6507=CARTESIAN_POINT('Ctrl Pts',(-1.45080664980602,0.0714481451084724,
-0.467580970710944));
#6508=CARTESIAN_POINT('Ctrl Pts',(-1.17913934883419,0.142896290216945,0.968267381317351));
#6509=CARTESIAN_POINT('Ctrl Pts',(0.173824099582405,0.214344435325417,1.51432945344497));
#6510=CARTESIAN_POINT('Ctrl Pts',(1.36667993057706,0.28579258043389,0.675964222176406));
#6511=CARTESIAN_POINT('Ctrl Pts',(1.30904274347045,0.357240725542362,-0.782062232102513));
#6512=CARTESIAN_POINT('Ctrl Pts',(0.0528778166609754,0.428688870650835,
-1.52373880203582));
#6513=CARTESIAN_POINT('Ctrl Pts',(-1.25154558012944,0.500137015759307,-0.870886402604978));
#6514=CARTESIAN_POINT('Ctrl Pts',(-1.41042179324008,0.571585160867778,0.57927847952906));
#6515=CARTESIAN_POINT('Ctrl Pts',(-0.278204900543684,0.643033305976253,
1.49912155197226));
#6516=CARTESIAN_POINT('Ctrl Pts',(1.1086504087195,0.714481451084723,1.04675538820962));
#6517=CARTESIAN_POINT('Ctrl Pts',(1.48069518894473,0.785929596193197,-0.363795090612324));
#6518=CARTESIAN_POINT('Ctrl Pts',(0.49735509201307,0.857377741301669,-1.44132948915535));
#6519=CARTESIAN_POINT('Ctrl Pts',(-0.941244197103341,0.928825886410141,
-1.19952427434612));
#6520=CARTESIAN_POINT('Ctrl Pts',(-1.51826154300804,1.00027403151861,0.140288308217422));
#6521=CARTESIAN_POINT('Ctrl Pts',(-0.705512018535848,1.07172217662709,1.35168416025394));
#6522=CARTESIAN_POINT('Ctrl Pts',(0.753039242922222,1.14317032173556,1.32579416647368));
#6523=CARTESIAN_POINT('Ctrl Pts',(1.52228371689017,1.21461846684403,0.0863159665670724));
#6524=CARTESIAN_POINT('Ctrl Pts',(0.898080287178683,1.2860666119525,-1.23217277456593));
#6525=CARTESIAN_POINT('Ctrl Pts',(-0.54819583950512,1.35751475706098,-1.422771739467));
#6526=CARTESIAN_POINT('Ctrl Pts',(-1.49267180017709,1.42896290216945,-0.311012812922766));
#6527=CARTESIAN_POINT('Ctrl Pts',(-1.07080572565952,1.50041104727792,1.08543684502887));
#6528=CARTESIAN_POINT('Ctrl Pts',(0.331240211782357,1.57185919238639,1.48831380815878));
#6529=CARTESIAN_POINT('Ctrl Pts',(1.43007990428849,1.64330733749487,0.528837906211805));
#6530=CARTESIAN_POINT('Ctrl Pts',(1.21987211261678,1.71475548260334,-0.914718584876016));
#6531=CARTESIAN_POINT('Ctrl Pts',(-0.106965952627082,1.78620362771181,-1.5209721723201));
#6532=CARTESIAN_POINT('Ctrl Pts',(-1.33589095062916,1.85765177282028,-0.734978524147367));
#6533=CARTESIAN_POINT('Ctrl Pts',(-1.34198589571186,1.92909991792876,0.723789968376537));
#6534=CARTESIAN_POINT('Ctrl Pts',(-0.119671678881835,2.00054806303722,1.52002524727809));
#6535=CARTESIAN_POINT('Ctrl Pts',(1.21218600438868,2.0719962081457,0.924880075290421));
#6536=CARTESIAN_POINT('Ctrl Pts',(1.43444901992197,2.14344435325417,-0.516869492350547));
#6537=CARTESIAN_POINT('Ctrl Pts',(0.343665211151898,2.21489249836265,-1.48549395340015));
#6538=CARTESIAN_POINT('Ctrl Pts',(-1.0616982779642,2.28634064347112,-1.09434675925036));
#6539=CARTESIAN_POINT('Ctrl Pts',(-1.49521854858157,2.35778878857959,0.298528985008966));
#6540=CARTESIAN_POINT('Ctrl Pts',(-0.560065593711914,2.42923693368806,1.41814124601962));
#6541=CARTESIAN_POINT('Ctrl Pts',(0.887752739314758,2.50068507879654,1.23963427540392));
#6542=CARTESIAN_POINT('Ctrl Pts',(1.52295180252882,2.572133223905,-0.0735925953582623));
#6543=CARTESIAN_POINT('Ctrl Pts',(0.764091543905583,2.64358136901348,-1.31945525708548));
#6544=CARTESIAN_POINT('Ctrl Pts',(-0.694192647734389,2.71502951412195,-1.35753255237187));
#6545=CARTESIAN_POINT('Ctrl Pts',(-1.51703602626469,2.78647765923042,-0.152969794184755));
#6546=CARTESIAN_POINT('Ctrl Pts',(-0.951235187383442,2.8579258043389,1.19161641529547));
#6547=CARTESIAN_POINT('Ctrl Pts',(0.485294638475793,2.92937394944737,1.44543667339132));
#6548=CARTESIAN_POINT('Ctrl Pts',(1.47760192657524,3.00082209455584,0.376152375373428));
#6549=CARTESIAN_POINT('Ctrl Pts',(1.11736165782651,3.07227023966431,-1.03744927034393));
#6550=CARTESIAN_POINT('Ctrl Pts',(-0.265674232143388,3.14371838477279,-1.50140443095555));
#6551=CARTESIAN_POINT('Ctrl Pts',(-1.40552078461971,3.21516652988125,-0.591024015518789));
#6552=CARTESIAN_POINT('Ctrl Pts',(-1.25880045521402,3.28661467498973,0.860360085586793));
#6553=CARTESIAN_POINT('Ctrl Pts',(0.0401838565521547,3.3580628200982,1.52419923913855));
#6554=CARTESIAN_POINT('Ctrl Pts',(1.30238520531129,3.42951096520667,0.792837208955421));
#6555=CARTESIAN_POINT('Ctrl Pts',(1.37242654409948,3.50095911031515,-0.664261577971439));
#6556=CARTESIAN_POINT('Ctrl Pts',(0.186194365785673,3.57240725542362,-1.51331745548236));
#6557=CARTESIAN_POINT('Ctrl Pts',(-1.17047392932856,3.64385540053209,-0.977132971340188));
#6558=CARTESIAN_POINT('Ctrl Pts',(-1.45572940005836,3.71530354564057,0.453486468071177));
#6559=CARTESIAN_POINT('Ctrl Pts',(-0.408458695727865,3.78675169074904,1.46899950878216));
#6560=CARTESIAN_POINT('Ctrl Pts',(1.01270148522277,3.85819983585751,1.13983935918424));
#6561=CARTESIAN_POINT('Ctrl Pts',(1.50686847875294,3.92964798096598,-0.232691750302286));
#6562=CARTESIAN_POINT('Ctrl Pts',(0.621698288991298,4.00109612607446,-1.39222458690516));
#6563=CARTESIAN_POINT('Ctrl Pts',(-0.832553794038349,4.07254427118292,-1.27736143786726));
#6564=CARTESIAN_POINT('Ctrl Pts',(-1.52471388204654,4.14399241629141,0.00675579843613601));
#6565=CARTESIAN_POINT('Ctrl Pts',(-0.821201699354318,4.21544056139986,1.28468900201392));
#6566=CARTESIAN_POINT('Ctrl Pts',(0.634011149237599,4.28688870650835,1.38666071032548));
#6567=CARTESIAN_POINT('Ctrl Pts',(1.50887132266523,4.35833685161681,0.219329420179818));
#6568=CARTESIAN_POINT('Ctrl Pts',(1.00256097623618,4.42978499672529,-1.14876871120617));
#6569=CARTESIAN_POINT('Ctrl Pts',(-0.421460273658279,4.50123314183376,-1.46532225146752));
#6570=CARTESIAN_POINT('Ctrl Pts',(-1.45969083582244,4.57268128694224,-0.440568640207101));
#6571=CARTESIAN_POINT('Ctrl Pts',(-1.16176905665787,4.6441294320507,0.987466820662961));
#6572=CARTESIAN_POINT('Ctrl Pts',(0.199597396571563,4.71557757715918,1.51160806500885));
#6573=CARTESIAN_POINT('Ctrl Pts',(1.37825904532647,4.78702572226765,0.652073666769117));
#6574=CARTESIAN_POINT('Ctrl Pts',(1.29530829974661,4.85847386737612,-0.804347233180727));
#6575=CARTESIAN_POINT('Ctrl Pts',(0.0266755076847582,4.9299220124846,-1.5244954838266));
#6576=CARTESIAN_POINT('Ctrl Pts',(-1.26637515504834,5.00137015759307,-0.849171378223636));
#6577=CARTESIAN_POINT('Ctrl Pts',(-1.40022820764848,5.07281830270154,0.603455905119412));
#6578=CARTESIAN_POINT('Ctrl Pts',(-0.252359026930686,5.14426644781001,1.50369976539352));
#6579=CARTESIAN_POINT('Ctrl Pts',(1.12651119620914,5.21571459291849,1.02750697697554));
#6580=CARTESIAN_POINT('Ctrl Pts',(1.47421061563573,5.28716273802695,-0.389231452563729));
#6581=CARTESIAN_POINT('Ctrl Pts',(0.472466771219737,5.35861088313543,-1.44968038305384));
#6582=CARTESIAN_POINT('Ctrl Pts',(-0.961757408807586,5.4300590282439,-1.18314020704296));
#6583=CARTESIAN_POINT('Ctrl Pts',(-1.51562091105861,5.50150717335238,0.16640708181994));
#6584=CARTESIAN_POINT('Ctrl Pts',(-0.682135545193503,5.57295531846084,1.36363087413768));
#6585=CARTESIAN_POINT('Ctrl Pts',(0.775753963964248,5.64440346356933,1.3126324124871));
#6586=CARTESIAN_POINT('Ctrl Pts',(1.52354414947869,5.71585160867778,0.0600939889442256));
#6587=CARTESIAN_POINT('Ctrl Pts',(0.876732798499495,5.78729975378628,-1.24745246921604));
#6588=CARTESIAN_POINT('Ctrl Pts',(-0.572610535750482,5.85874789889473,-1.4131225131833));
#6589=CARTESIAN_POINT('Ctrl Pts',(-1.49780527001188,5.93019604400321,-0.285267306298145));
#6590=CARTESIAN_POINT('Ctrl Pts',(-1.05195898019691,6.00164418911168,1.10371208514767));
#6591=CARTESIAN_POINT('Ctrl Pts',(0.356815499531593,6.07309233422015,1.4823902192783));
#6592=CARTESIAN_POINT('Ctrl Pts',(1.43897296323088,6.14454047932863,0.504137753008526));
#6593=CARTESIAN_POINT('Ctrl Pts',(1.20394253566936,6.2159886244371,-0.935585610045369));
#6594=CARTESIAN_POINT('Ctrl Pts',(-0.133136763051566,6.28743676954557,-1.51890508763454));
#6595=CARTESIAN_POINT('Ctrl Pts',(-1.34834710616722,6.35888491465404,-0.711869471327737));
#6596=CARTESIAN_POINT('Ctrl Pts',(-1.32932544712464,6.43033305976252,0.746787733258124));
#6597=CARTESIAN_POINT('Ctrl Pts',(-0.0934835786418391,6.50178120487099,
1.52186033637856));
#6598=CARTESIAN_POINT('Ctrl Pts',(1.2279300420317,6.57322934997946,0.903872709397717));
#6599=CARTESIAN_POINT('Ctrl Pts',(1.42533742769719,6.64467749508793,-0.541489870748762));
#6600=CARTESIAN_POINT('Ctrl Pts',(0.318038436873013,6.71612564019641,-1.49119067043397));
#6601=CARTESIAN_POINT('Ctrl Pts',(-1.08038233921673,6.78757378530487,-1.07590523003959));
#6602=CARTESIAN_POINT('Ctrl Pts',(-1.48985712986339,6.85902193041336,0.324227999273902));
#6603=CARTESIAN_POINT('Ctrl Pts',(-0.535566359023441,6.93047007552182,1.42757372419092));
#6604=CARTESIAN_POINT('Ctrl Pts',(0.908964007068121,7.0019182206303,1.22416604134105));
#6605=CARTESIAN_POINT('Ctrl Pts',(1.52145901579354,7.07336636573877,-0.0998024357343766));
#6606=CARTESIAN_POINT('Ctrl Pts',(0.741261149905653,7.14481451084724,-1.33241508943665));
#6607=CARTESIAN_POINT('Ctrl Pts',(-0.717462467241323,7.21626265595571,-1.34537937810044));
#6608=CARTESIAN_POINT('Ctrl Pts',(-1.51944485405798,7.28771080106418,-0.126828223967439));
#6609=CARTESIAN_POINT('Ctrl Pts',(-0.930578062784339,7.35915894617266,1.20781725934945));
#6610=CARTESIAN_POINT('Ctrl Pts',(0.510108872086778,7.43060709128113,1.43686707859013));
#6611=CARTESIAN_POINT('Ctrl Pts',(1.48385914678028,7.50205523638961,0.350656663183562));
#6612=CARTESIAN_POINT('Ctrl Pts',(1.09933421379504,7.57350338149807,-1.05653317472618));
#6613=CARTESIAN_POINT('Ctrl Pts',(-0.291484618977251,7.64495152660654,-1.49660775750253));
#6614=CARTESIAN_POINT('Ctrl Pts',(-1.41548814638055,7.71639967171503,-0.56673747924246));
#6615=CARTESIAN_POINT('Ctrl Pts',(-1.24380100114191,7.78784781682349,0.88190539882192));
#6616=CARTESIAN_POINT('Ctrl Pts',(0.0664201261052084,7.85929596193196,1.523281467675));
#6617=CARTESIAN_POINT('Ctrl Pts',(1.31584248363685,7.93074410704044,0.770296450206589));
#6618=CARTESIAN_POINT('Ctrl Pts',(1.3607864871026,8.00219225214891,-0.687792264711344));
#6619=CARTESIAN_POINT('Ctrl Pts',(0.16011189375074,8.07364039725739,-1.51629886380771));
#6620=CARTESIAN_POINT('Ctrl Pts',(-1.18712379091075,8.14508854236585,-0.956836019463573));
#6621=CARTESIAN_POINT('Ctrl Pts',(-1.44770592260366,8.21653668747433,0.478482626926345));
#6622=CARTESIAN_POINT('Ctrl Pts',(-0.383106303487884,8.2879848325828,1.475814223796));
#6623=CARTESIAN_POINT('Ctrl Pts',(1.03217605812129,8.35943297769127,1.12223466754273));
#6624=CARTESIAN_POINT('Ctrl Pts',(1.50263885589285,8.43088112279975,-0.258601100961929));
#6625=CARTESIAN_POINT('Ctrl Pts',(0.59763612892338,8.50232926790821,-1.40272203985742));
#6626=CARTESIAN_POINT('Ctrl Pts',(-0.854422797176636,8.5737774130167,-1.26283797579998));
#6627=CARTESIAN_POINT('Ctrl Pts',(-1.52437156173347,8.64522555812515,0.033005884773831));
#6628=CARTESIAN_POINT('Ctrl Pts',(-0.798961423017808,8.71667370323363,1.29863725396101));
#6629=CARTESIAN_POINT('Ctrl Pts',(0.657791409605914,8.78812184834211,1.37553937149227));
#6630=CARTESIAN_POINT('Ctrl Pts',(1.51242384148835,8.85956999345058,0.193318577219224));
#6631=CARTESIAN_POINT('Ctrl Pts',(0.982634024874756,8.93101813855905,-1.16585956870963));
#6632=CARTESIAN_POINT('Ctrl Pts',(-0.446626472319847,9.00246628366753,-1.45784878072441));
#6633=CARTESIAN_POINT('Ctrl Pts',(-1.46705951871002,9.073914428776,-0.415371696125561));
#6634=CARTESIAN_POINT('Ctrl Pts',(-1.14459605690544,9.14536257388447,1.00732258433741));
#6635=CARTESIAN_POINT('Ctrl Pts',(0.225594157294439,9.21681071899294,1.50794774429385));
#6636=CARTESIAN_POINT('Ctrl Pts',(1.38927982918362,9.28825886410142,0.628247037465103));
#6637=CARTESIAN_POINT('Ctrl Pts',(1.28127106414571,9.35970700920988,-0.82652862666735));
#6638=CARTESIAN_POINT('Ctrl Pts',(0.000418052740170782,9.43115515431836,
-1.52473027015656));
#6639=CARTESIAN_POINT('Ctrl Pts',(-1.28079596010546,9.50260329942683,-0.827239447108121));
#6640=CARTESIAN_POINT('Ctrl Pts',(-1.38965316777303,9.57405144453529,0.62746893547845));
#6641=CARTESIAN_POINT('Ctrl Pts',(-0.226390118567035,9.64549958964379,1.50783188041604));
#6642=CARTESIAN_POINT('Ctrl Pts',(1.14395473554782,9.71694773475224,1.0079402578239));
#6643=CARTESIAN_POINT('Ctrl Pts',(1.4674427949169,9.78839587986073,-0.41451885694176));
#6644=CARTESIAN_POINT('Ctrl Pts',(0.447148565282933,9.85984402496919,-1.45766931190517));
#6645=CARTESIAN_POINT('Ctrl Pts',(-0.981434631417033,9.93129217007767,-1.16627379950931));
#6646=CARTESIAN_POINT('Ctrl Pts',(-1.51359286134539,10.0027403151861,0.192218562518221));
#6647=CARTESIAN_POINT('Ctrl Pts',(-0.656398700697674,10.0741884602946,1.37572259013756));
#6648=CARTESIAN_POINT('Ctrl Pts',(0.309865583283572,10.1218205570336,1.32366855825594));
#6649=CARTESIAN_POINT('Ctrl Pts',(0.675351459223672,10.1456366054031,1.09909071805946));
#6650=CARTESIAN_POINT('Ctrl Pts',(-0.313332511892143,-0.048545535134361,
-1.16449892397366));
#6651=CARTESIAN_POINT('Ctrl Pts',(-0.700568890351665,-0.0247294867648702,
-1.06030497011004));
#6652=CARTESIAN_POINT('Ctrl Pts',(-1.35624179776117,0.0229026099741115,
-0.437103632245354));
#6653=CARTESIAN_POINT('Ctrl Pts',(-1.1022820101408,0.0943507550825838,0.905154862728901));
#6654=CARTESIAN_POINT('Ctrl Pts',(0.162494092057945,0.165798900191056,1.41562412925079));
#6655=CARTESIAN_POINT('Ctrl Pts',(1.27759853200133,0.237247045299528,0.631904280304571));
#6656=CARTESIAN_POINT('Ctrl Pts',(1.22371818738766,0.308695190408001,-0.731086728730971));
#6657=CARTESIAN_POINT('Ctrl Pts',(0.0494311941150507,0.380143335516473,
-1.42442016823388));
#6658=CARTESIAN_POINT('Ctrl Pts',(-1.16996873966751,0.451591480624947,-0.814121261763347));
#6659=CARTESIAN_POINT('Ctrl Pts',(-1.31848926162643,0.523039625733417,0.541520599306526));
#6660=CARTESIAN_POINT('Ctrl Pts',(-0.260071260708506,0.594487770841892,
1.40140749215701));
#6661=CARTESIAN_POINT('Ctrl Pts',(1.03638760107105,0.665935915950362,0.97852695237606));
#6662=CARTESIAN_POINT('Ctrl Pts',(1.38418217566015,0.737384061058836,-0.340082606992954));
#6663=CARTESIAN_POINT('Ctrl Pts',(0.464937050162864,0.808832206167309,-1.3473823667679));
#6664=CARTESIAN_POINT('Ctrl Pts',(-0.879893073403259,0.88028035127578,-1.12133822829862));
#6665=CARTESIAN_POINT('Ctrl Pts',(-1.41929992176159,0.951728496384253,0.131144193037099));
#6666=CARTESIAN_POINT('Ctrl Pts',(-0.659526125338001,1.02317664149272,1.26358019916246));
#6667=CARTESIAN_POINT('Ctrl Pts',(0.703955483483688,1.0946247866012,1.23937773792252));
#6668=CARTESIAN_POINT('Ctrl Pts',(1.42305992681639,1.16607293170967,0.0806898160330824));
#6669=CARTESIAN_POINT('Ctrl Pts',(0.839542625049272,1.23752107681814,-1.15185867059067));
#6670=CARTESIAN_POINT('Ctrl Pts',(-0.512463953067093,1.30896922192662,-1.3300342275082));
#6671=CARTESIAN_POINT('Ctrl Pts',(-1.3953781408503,1.38041736703509,-0.29074072453523));
#6672=CARTESIAN_POINT('Ctrl Pts',(-1.00100966770148,1.45186551214356,1.01468711785612));
#6673=CARTESIAN_POINT('Ctrl Pts',(0.309649683766311,1.52331365725203,1.39130420658048));
#6674=CARTESIAN_POINT('Ctrl Pts',(1.33686603972602,1.5947618023605,0.494367786872805));
#6675=CARTESIAN_POINT('Ctrl Pts',(1.14035977659415,1.66620994746898,-0.855096423885065));
#6676=CARTESIAN_POINT('Ctrl Pts',(-0.0999938178595938,1.73765809257745,
-1.42183386987366));
#6677=CARTESIAN_POINT('Ctrl Pts',(-1.24881640481619,1.80910623768592,-0.687071978225874));
#6678=CARTESIAN_POINT('Ctrl Pts',(-1.25451407602366,1.88055438279439,0.676612702349926));
#6679=CARTESIAN_POINT('Ctrl Pts',(-0.111871373714407,1.95200252790286,1.4209486662378));
#6680=CARTESIAN_POINT('Ctrl Pts',(1.133174655653,2.02345067301134,0.864595579426852));
#6681=CARTESIAN_POINT('Ctrl Pts',(1.340950372564,2.09489881811981,-0.483179484741909));
#6682=CARTESIAN_POINT('Ctrl Pts',(0.321264810760925,2.16634696322828,-1.3886681524324));
#6683=CARTESIAN_POINT('Ctrl Pts',(-0.99249585144832,2.23779510833676,-1.02301627604083));
#6684=CARTESIAN_POINT('Ctrl Pts',(-1.39775888995633,2.30924325344523,0.279070603492555));
#6685=CARTESIAN_POINT('Ctrl Pts',(-0.523560026266479,2.3806913985537,1.32570555369185));
#6686=CARTESIAN_POINT('Ctrl Pts',(0.829888235828415,2.45213954366217,1.15883382424872));
#6687=CARTESIAN_POINT('Ctrl Pts',(1.42368446604616,2.52358768877065,-0.0687957653378184));
#6688=CARTESIAN_POINT('Ctrl Pts',(0.714287385778921,2.59503583387912,-1.23345200421731));
#6689=CARTESIAN_POINT('Ctrl Pts',(-0.648944561070049,2.66648397898759,-1.26904738794402));
#6690=CARTESIAN_POINT('Ctrl Pts',(-1.41815428527625,2.73793212409606,-0.142999088607725));
#6691=CARTESIAN_POINT('Ctrl Pts',(-0.889232842159289,2.80938026920454,1.11394581044837));
#6692=CARTESIAN_POINT('Ctrl Pts',(0.453662707582894,2.88082841431301,1.35122184112699));
#6693=CARTESIAN_POINT('Ctrl Pts',(1.3812905348495,2.95227655942148,0.3516344330768));
#6694=CARTESIAN_POINT('Ctrl Pts',(1.04453104330797,3.02372470452995,-0.969827415448776));
#6695=CARTESIAN_POINT('Ctrl Pts',(-0.248357352283397,3.09517284963843,-1.40354157108254));
#6696=CARTESIAN_POINT('Ctrl Pts',(-1.31390770505373,3.16662099474689,-0.55250055094137));
#6697=CARTESIAN_POINT('Ctrl Pts',(-1.17675073562029,3.23806913985538,0.804281059336338));
#6698=CARTESIAN_POINT('Ctrl Pts',(0.037564637478439,3.30951728496384,1.42485059364173));
#6699=CARTESIAN_POINT('Ctrl Pts',(1.21749459341471,3.38096543007232,0.741159383126222));
#6700=CARTESIAN_POINT('Ctrl Pts',(1.28297057620566,3.45241357518079,-0.620964424730278));
#6701=CARTESIAN_POINT('Ctrl Pts',(0.17405805344215,3.52386172028926,-1.41467809420448));
#6702=CARTESIAN_POINT('Ctrl Pts',(-1.09418141029158,3.59530986539773,-0.913442585805161));
#6703=CARTESIAN_POINT('Ctrl Pts',(-1.36084367882717,3.66675801050621,0.423927821670416));
#6704=CARTESIAN_POINT('Ctrl Pts',(-0.381834999087722,3.73820615561468,1.37324883020586));
#6705=CARTESIAN_POINT('Ctrl Pts',(0.946692712704053,3.80965430072315,1.06554362834336));
#6706=CARTESIAN_POINT('Ctrl Pts',(1.40864946744404,3.88110244583162,-0.217524697585556));
#6707=CARTESIAN_POINT('Ctrl Pts',(0.581175448319966,3.95255059094009,-1.30147816518763));
#6708=CARTESIAN_POINT('Ctrl Pts',(-0.778287206300319,4.02399873604857,-1.19410189711738));
#6709=CARTESIAN_POINT('Ctrl Pts',(-1.42533169167284,4.09544688115703,0.00631544955874116));
#6710=CARTESIAN_POINT('Ctrl Pts',(-0.767675051121208,4.16689502626552,1.20095184419532));
#6711=CARTESIAN_POINT('Ctrl Pts',(0.592685745517912,4.23834317137398,1.29627694697158));
#6712=CARTESIAN_POINT('Ctrl Pts',(1.41052176423053,4.30979131648246,0.205033335879986));
#6713=CARTESIAN_POINT('Ctrl Pts',(0.937213171002181,4.38123946159092,-1.07389095735559));
#6714=CARTESIAN_POINT('Ctrl Pts',(-0.393989122746056,4.4526876066994,-1.36981125975365));
#6715=CARTESIAN_POINT('Ctrl Pts',(-1.36454690472781,4.52413575180787,-0.411851989175515));
#6716=CARTESIAN_POINT('Ctrl Pts',(-1.08604392886925,4.59558389691635,0.923102865750241));
#6717=CARTESIAN_POINT('Ctrl Pts',(0.186587462906143,4.66703204202482,1.41308012330382));
#6718=CARTESIAN_POINT('Ctrl Pts',(1.28842290987851,4.73848018713329,0.60957093228785));
#6719=CARTESIAN_POINT('Ctrl Pts',(1.21087896677217,4.80992833224176,-0.751919173860356));
#6720=CARTESIAN_POINT('Ctrl Pts',(0.024936774658019,4.88137647735023,-1.42512752884075));
#6721=CARTESIAN_POINT('Ctrl Pts',(-1.18383170986464,4.95282462245871,-0.793821641748981));
#6722=CARTESIAN_POINT('Ctrl Pts',(-1.3089601028993,5.02427276756718,0.564122119055749));
#6723=CARTESIAN_POINT('Ctrl Pts',(-0.23591004384457,5.09572091267565,1.40568729360528));
#6724=CARTESIAN_POINT('Ctrl Pts',(1.05308420674047,5.16716905778412,0.960533169496963));
#6725=CARTESIAN_POINT('Ctrl Pts',(1.37812027253648,5.2386172028926,-0.363861004525174));
#6726=CARTESIAN_POINT('Ctrl Pts',(0.441670971984547,5.31006534800107,-1.35518894206539));
#6727=CARTESIAN_POINT('Ctrl Pts',(-0.899069215946677,5.38151349310954,-1.10602208889656));
#6728=CARTESIAN_POINT('Ctrl Pts',(-1.41683140852256,5.45296163821801,0.155560522029479));
#6729=CARTESIAN_POINT('Ctrl Pts',(-0.637673351065579,5.52440978332649,1.27474821573943));
#6730=CARTESIAN_POINT('Ctrl Pts',(0.725189639052108,5.59585792843495,1.22707387862408));
#6731=CARTESIAN_POINT('Ctrl Pts',(1.42423820330142,5.66730607354343,0.056177009949089));
#6732=CARTESIAN_POINT('Ctrl Pts',(0.819586584437092,5.73875421865191,-1.16614242131946));
#6733=CARTESIAN_POINT('Ctrl Pts',(-0.535287277961578,5.81020236376038,-1.32101394627103));
#6734=CARTESIAN_POINT('Ctrl Pts',(-1.40017700661123,5.88165050886885,-0.266673332651191));
#6735=CARTESIAN_POINT('Ctrl Pts',(-0.983391369665985,5.95309865397732,1.03177116176822));
#6736=CARTESIAN_POINT('Ctrl Pts',(0.333557951790806,6.0245467990858,1.38576672242741));
#6737=CARTESIAN_POINT('Ctrl Pts',(1.34517944127352,6.09599494419426,0.471277611355708));
#6738=CARTESIAN_POINT('Ctrl Pts',(1.12546850346714,6.16744308930274,-0.874603318021093));
#6739=CARTESIAN_POINT('Ctrl Pts',(-0.124458791868166,6.23889123441121,-1.41990151958395));
#6740=CARTESIAN_POINT('Ctrl Pts',(-1.26046065719289,6.31033937951969,-0.665469193771555));
#6741=CARTESIAN_POINT('Ctrl Pts',(-1.24267884659824,6.38178752462815,0.698111452711777));
#6742=CARTESIAN_POINT('Ctrl Pts',(-0.0873902368556882,6.45323566973663,
1.42266414261848));
#6743=CARTESIAN_POINT('Ctrl Pts',(1.14789248309049,6.5246838148451,0.84495749209912));
#6744=CARTESIAN_POINT('Ctrl Pts',(1.33243268192545,6.59613195995358,-0.506195085245823));
#6745=CARTESIAN_POINT('Ctrl Pts',(0.297308412144016,6.66758010506204,-1.39399355244509));
#6746=CARTESIAN_POINT('Ctrl Pts',(-1.00996206917346,6.73902825017052,-1.00577678190588));
#6747=CARTESIAN_POINT('Ctrl Pts',(-1.39274693322049,6.810476395279,0.303094533429758));
#6748=CARTESIAN_POINT('Ctrl Pts',(-0.500657673218877,6.88192454038746,1.33452321464901));
#6749=CARTESIAN_POINT('Ctrl Pts',(0.849716934514392,6.95337268549594,1.14437382327173));
#6750=CARTESIAN_POINT('Ctrl Pts',(1.42228898046177,7.0248208306044,-0.0932972252914838));
#6751=CARTESIAN_POINT('Ctrl Pts',(0.692945096917617,7.09626897571289,-1.24556710330994));
#6752=CARTESIAN_POINT('Ctrl Pts',(-0.670697633297751,7.16771712082133,-1.2576863682488));
#6753=CARTESIAN_POINT('Ctrl Pts',(-1.42040610355769,7.23916526592983,-0.118561448903929));
#6754=CARTESIAN_POINT('Ctrl Pts',(-0.869922167089933,7.31061341103829,1.12909066925361));
#6755=CARTESIAN_POINT('Ctrl Pts',(0.476859527646497,7.38206155614678,1.34321082004379));
#6756=CARTESIAN_POINT('Ctrl Pts',(1.38713990394428,7.45350970125524,0.327800553806805));
#6757=CARTESIAN_POINT('Ctrl Pts',(1.02767864391654,7.52495784636371,-0.987667414177165));
#6758=CARTESIAN_POINT('Ctrl Pts',(-0.272485395427637,7.59640599147219,-1.39905754901932));
#6759=CARTESIAN_POINT('Ctrl Pts',(-1.32322538541815,7.66785413658066,-0.52979703243654));
#6760=CARTESIAN_POINT('Ctrl Pts',(-1.16272895914242,7.73930228168913,0.8244220301261));
#6761=CARTESIAN_POINT('Ctrl Pts',(0.0620908039320714,7.8107504267976,1.42399264332848));
#6762=CARTESIAN_POINT('Ctrl Pts',(1.23007471451608,7.88219857190607,0.72008785083589));
#6763=CARTESIAN_POINT('Ctrl Pts',(1.27208922835024,7.95364671701455,-0.642961360635522));
#6764=CARTESIAN_POINT('Ctrl Pts',(0.149675659849287,8.02509486212301,-1.41746517171585));
#6765=CARTESIAN_POINT('Ctrl Pts',(-1.10974601926806,8.0965430072315,-0.89446860708381));
#6766=CARTESIAN_POINT('Ctrl Pts',(-1.35334317868201,8.16799115233997,0.447294708930953));
#6767=CARTESIAN_POINT('Ctrl Pts',(-0.358135098047363,8.23943929744843,1.379619356108));
#6768=CARTESIAN_POINT('Ctrl Pts',(0.964897915831601,8.31088744255691,1.04908642596969));
#6769=CARTESIAN_POINT('Ctrl Pts',(1.40469553511793,8.38233558766538,-0.241745254006466));
#6770=CARTESIAN_POINT('Ctrl Pts',(0.558681680985156,8.45378373277386,-1.31129138493389));
#6771=CARTESIAN_POINT('Ctrl Pts',(-0.798730768600975,8.52523187788232,-1.18052508706728));
#6772=CARTESIAN_POINT('Ctrl Pts',(-1.42501168409851,8.5966800229908,0.0308545322068538));
#6773=CARTESIAN_POINT('Ctrl Pts',(-0.746884415535575,8.66812816809927,1.21399093682622));
#6774=CARTESIAN_POINT('Ctrl Pts',(0.614915987623204,8.73957631320775,1.2858805067742));
#6775=CARTESIAN_POINT('Ctrl Pts',(1.41384272675567,8.81102445831621,0.180717902515466));
#6776=CARTESIAN_POINT('Ctrl Pts',(0.918585075837377,8.8824726034247,-1.08986781775175));
#6777=CARTESIAN_POINT('Ctrl Pts',(-0.417514966469025,8.95392074853316,-1.36282491639942));
#6778=CARTESIAN_POINT('Ctrl Pts',(-1.37143529039101,9.02536889364164,-0.38829740404606));
#6779=CARTESIAN_POINT('Ctrl Pts',(-1.06999028032807,9.09681703875009,0.941664413304048));
#6780=CARTESIAN_POINT('Ctrl Pts',(0.210889731925569,9.16826518385859,1.40965838550881));
#6781=CARTESIAN_POINT('Ctrl Pts',(1.29872534936151,9.23971332896704,0.587297343614825));
#6782=CARTESIAN_POINT('Ctrl Pts',(1.19775669052019,9.31116147407553,-0.77265476463199));
#6783=CARTESIAN_POINT('Ctrl Pts',(0.000390803695284749,9.382609619184,-1.42534701159145));
#6784=CARTESIAN_POINT('Ctrl Pts',(-1.19731255417869,9.45405776429246,-0.773319253171939));
#6785=CARTESIAN_POINT('Ctrl Pts',(-1.29907435341366,9.52550590940094,0.586569958999266));
#6786=CARTESIAN_POINT('Ctrl Pts',(-0.211633811743123,9.59695405450942,1.40955007374035));
#6787=CARTESIAN_POINT('Ctrl Pts',(1.06939076085998,9.66840219961787,0.942241826290034));
#6788=CARTESIAN_POINT('Ctrl Pts',(1.37179358431799,9.73985034472637,-0.387500153669524));
#6789=CARTESIAN_POINT('Ctrl Pts',(0.418003028954091,9.81129848983483,-1.36265714551549));
#6790=CARTESIAN_POINT('Ctrl Pts',(-0.917463859898959,9.8827466349433,-1.09025504862398));
#6791=CARTESIAN_POINT('Ctrl Pts',(-1.41493554887139,9.95419478005178,0.179689587739095));
#6792=CARTESIAN_POINT('Ctrl Pts',(-0.613614056705171,10.0256429251603,1.28605178306722));
#6793=CARTESIAN_POINT('Ctrl Pts',(0.28966827233182,10.0732750218992,1.23739067871587));
#6794=CARTESIAN_POINT('Ctrl Pts',(0.631331457779442,10.0970910702687,1.02745101944693));
#6795=CARTESIAN_POINT('Ctrl Pts',(-0.291485196260938,-0.097091070268722,
-1.08330347001129));
#6796=CARTESIAN_POINT('Ctrl Pts',(-0.65172126334836,-0.0732750218992312,
-0.986374508162629));
#6797=CARTESIAN_POINT('Ctrl Pts',(-1.26167694571632,-0.0256429251602495,
-0.406626293779763));
#6798=CARTESIAN_POINT('Ctrl Pts',(-1.02542467144741,0.0458052199482227,
0.842042344140451));
#6799=CARTESIAN_POINT('Ctrl Pts',(0.151164084533484,0.117253365056696,1.31691880505661));
#6800=CARTESIAN_POINT('Ctrl Pts',(1.18851713342561,0.188701510165167,0.587844338432737));
#6801=CARTESIAN_POINT('Ctrl Pts',(1.13839363130486,0.26014965527364,-0.680111225359432));
#6802=CARTESIAN_POINT('Ctrl Pts',(0.0459845715691254,0.331597800382112,
-1.32510153443193));
#6803=CARTESIAN_POINT('Ctrl Pts',(-1.08839189920559,0.403045945490585,-0.757356120921717));
#6804=CARTESIAN_POINT('Ctrl Pts',(-1.22655673001279,0.474494090599057,0.503762719083991));
#6805=CARTESIAN_POINT('Ctrl Pts',(-0.241937620873326,0.54594223570753,1.30369343234177));
#6806=CARTESIAN_POINT('Ctrl Pts',(0.964124793422602,0.617390380816002,0.9102985165425));
#6807=CARTESIAN_POINT('Ctrl Pts',(1.28766916237558,0.688838525924474,-0.316370123373585));
#6808=CARTESIAN_POINT('Ctrl Pts',(0.432519008312658,0.760286671032948,-1.25343524438045));
#6809=CARTESIAN_POINT('Ctrl Pts',(-0.818541949703176,0.831734816141419,
-1.04315218225113));
#6810=CARTESIAN_POINT('Ctrl Pts',(-1.32033830051513,0.903182961249893,0.122000077856777));
#6811=CARTESIAN_POINT('Ctrl Pts',(-0.613540232140155,0.974631106358363,
1.17547623807097));
#6812=CARTESIAN_POINT('Ctrl Pts',(0.654871724045154,1.04607925146684,1.15296130937136));
#6813=CARTESIAN_POINT('Ctrl Pts',(1.3238361367426,1.11752739657531,0.0750636654990915));
#6814=CARTESIAN_POINT('Ctrl Pts',(0.781004962919861,1.18897554168378,-1.07154456661541));
#6815=CARTESIAN_POINT('Ctrl Pts',(-0.476732066629065,1.26042368679225,-1.2372967155494));
#6816=CARTESIAN_POINT('Ctrl Pts',(-1.29808448152351,1.33187183190072,-0.270468636147692));
#6817=CARTESIAN_POINT('Ctrl Pts',(-0.93121360974344,1.4033199770092,0.943937390683375));
#6818=CARTESIAN_POINT('Ctrl Pts',(0.288059155750263,1.47476812211767,1.29429460500217));
#6819=CARTESIAN_POINT('Ctrl Pts',(1.24365217516354,1.54621626722614,0.459897667533805));
#6820=CARTESIAN_POINT('Ctrl Pts',(1.06084744057152,1.61766441233462,-0.795474262894116));
#6821=CARTESIAN_POINT('Ctrl Pts',(-0.093021683092105,1.68911255744309,-1.32269556742721));
#6822=CARTESIAN_POINT('Ctrl Pts',(-1.16174185900321,1.76056070255156,-0.639165432304383));
#6823=CARTESIAN_POINT('Ctrl Pts',(-1.16704225633547,1.83200884766003,0.629435436323316));
#6824=CARTESIAN_POINT('Ctrl Pts',(-0.10407106854698,1.90345699276851,1.32187208519752));
#6825=CARTESIAN_POINT('Ctrl Pts',(1.05416330691734,1.97490513787697,0.804311083563285));
#6826=CARTESIAN_POINT('Ctrl Pts',(1.24745172520604,2.04635328298546,-0.449489477133274));
#6827=CARTESIAN_POINT('Ctrl Pts',(0.298864410369952,2.11780142809392,-1.29184235146465));
#6828=CARTESIAN_POINT('Ctrl Pts',(-0.923293424932437,2.1892495732024,-0.951685792831292));
#6829=CARTESIAN_POINT('Ctrl Pts',(-1.30029923133108,2.26069771831087,0.259612221976145));
#6830=CARTESIAN_POINT('Ctrl Pts',(-0.487054458821046,2.33214586341934,1.23326986136409));
#6831=CARTESIAN_POINT('Ctrl Pts',(0.772023732342073,2.40359400852781,1.07803337309351));
#6832=CARTESIAN_POINT('Ctrl Pts',(1.3244171295635,2.47504215363628,-0.0639989353173736));
#6833=CARTESIAN_POINT('Ctrl Pts',(0.664483227652259,2.54649029874476,-1.14744875134914));
#6834=CARTESIAN_POINT('Ctrl Pts',(-0.603696474405708,2.61793844385323,-1.18056222351616));
#6835=CARTESIAN_POINT('Ctrl Pts',(-1.31927254428781,2.6893865889617,-0.133028383030695));
#6836=CARTESIAN_POINT('Ctrl Pts',(-0.827230496935135,2.76083473407017,1.03627520560126));
#6837=CARTESIAN_POINT('Ctrl Pts',(0.422030776689995,2.83228287917865,1.25700700886266));
#6838=CARTESIAN_POINT('Ctrl Pts',(1.28497914312377,2.90373102428712,0.327116490780173));
#6839=CARTESIAN_POINT('Ctrl Pts',(0.971700428789432,2.97517916939559,-0.90220556055362));
#6840=CARTESIAN_POINT('Ctrl Pts',(-0.231040472423403,3.04662731450406,-1.30567871120954));
#6841=CARTESIAN_POINT('Ctrl Pts',(-1.22229462548776,3.11807545961254,-0.513977086363949));
#6842=CARTESIAN_POINT('Ctrl Pts',(-1.09470101602656,3.18952360472101,0.748202033085879));
#6843=CARTESIAN_POINT('Ctrl Pts',(0.0349454184047219,3.26097174982948,1.32550194814491));
#6844=CARTESIAN_POINT('Ctrl Pts',(1.13260398151812,3.33241989493795,0.689481557297021));
#6845=CARTESIAN_POINT('Ctrl Pts',(1.19351460831183,3.40386804004643,-0.577667271489116));
#6846=CARTESIAN_POINT('Ctrl Pts',(0.161921741098627,3.4753161851549,-1.31603873292659));
#6847=CARTESIAN_POINT('Ctrl Pts',(-1.0178888912546,3.54676433026337,-0.849752200270132));
#6848=CARTESIAN_POINT('Ctrl Pts',(-1.26595795759597,3.61821247537185,0.394369175269652));
#6849=CARTESIAN_POINT('Ctrl Pts',(-0.355211302447579,3.68966062048031,1.27749815162955));
#6850=CARTESIAN_POINT('Ctrl Pts',(0.880683940185334,3.76110876558879,0.991247897502474));
#6851=CARTESIAN_POINT('Ctrl Pts',(1.31043045613515,3.83255691069726,-0.202357644868825));
#6852=CARTESIAN_POINT('Ctrl Pts',(0.540652607648635,3.90400505580574,-1.2107317434701));
#6853=CARTESIAN_POINT('Ctrl Pts',(-0.724020618562291,3.9754532009142,-1.11084235636751));
#6854=CARTESIAN_POINT('Ctrl Pts',(-1.32594950129913,4.04690134602268,0.00587510068134851));
#6855=CARTESIAN_POINT('Ctrl Pts',(-0.714148402888103,4.11834949113115,1.11721468637671));
#6856=CARTESIAN_POINT('Ctrl Pts',(0.551360341798227,4.18979763623962,1.20589318361768));
#6857=CARTESIAN_POINT('Ctrl Pts',(1.31217220579582,4.26124578134809,0.19073725158015));
#6858=CARTESIAN_POINT('Ctrl Pts',(0.871865365768183,4.33269392645657,-0.999013203505009));
#6859=CARTESIAN_POINT('Ctrl Pts',(-0.366517971833834,4.40414207156504,-1.27430026803978));
#6860=CARTESIAN_POINT('Ctrl Pts',(-1.26940297363318,4.47559021667351,-0.383135338143928));
#6861=CARTESIAN_POINT('Ctrl Pts',(-1.01031880108064,4.54703836178198,0.85873891083752));
#6862=CARTESIAN_POINT('Ctrl Pts',(0.173577529240724,4.61848650689046,1.31455218159878));
#6863=CARTESIAN_POINT('Ctrl Pts',(1.19858677443055,4.68993465199893,0.567068197806581));
#6864=CARTESIAN_POINT('Ctrl Pts',(1.12644963379773,4.7613827971074,-0.699491114539984));
#6865=CARTESIAN_POINT('Ctrl Pts',(0.0231980416312794,4.83283094221587,-1.32575957385489));
#6866=CARTESIAN_POINT('Ctrl Pts',(-1.10128826468093,4.90427908732435,-0.738471905274327));
#6867=CARTESIAN_POINT('Ctrl Pts',(-1.21769199815012,4.97572723243281,0.524788332992088));
#6868=CARTESIAN_POINT('Ctrl Pts',(-0.219461060758455,5.04717537754129,1.30767482181703));
#6869=CARTESIAN_POINT('Ctrl Pts',(0.979657217271795,5.11862352264976,0.893559362018391));
#6870=CARTESIAN_POINT('Ctrl Pts',(1.28202992943723,5.19007166775824,-0.338490556486622));
#6871=CARTESIAN_POINT('Ctrl Pts',(0.410875172749359,5.26151981286671,-1.26069750107693));
#6872=CARTESIAN_POINT('Ctrl Pts',(-0.836381023085769,5.33296795797518,-1.02890397075015));
#6873=CARTESIAN_POINT('Ctrl Pts',(-1.3180419059865,5.40441610308365,0.144713962239019));
#6874=CARTESIAN_POINT('Ctrl Pts',(-0.593211156937656,5.47586424819213,1.18586555734118));
#6875=CARTESIAN_POINT('Ctrl Pts',(0.674625314139968,5.5473123933006,1.14151534476107));
#6876=CARTESIAN_POINT('Ctrl Pts',(1.32493225712416,5.61876053840907,0.0522600309539526));
#6877=CARTESIAN_POINT('Ctrl Pts',(0.762440370374689,5.69020868351755,-1.08483237342289));
#6878=CARTESIAN_POINT('Ctrl Pts',(-0.497964020172673,5.76165682862601,-1.22890537935876));
#6879=CARTESIAN_POINT('Ctrl Pts',(-1.30254874321059,5.83310497373449,-0.24807935900424));
#6880=CARTESIAN_POINT('Ctrl Pts',(-0.914823759135061,5.90455311884296,0.959830238388759));
#6881=CARTESIAN_POINT('Ctrl Pts',(0.310300404050018,5.97600126395143,1.28914322557652));
#6882=CARTESIAN_POINT('Ctrl Pts',(1.25138591931616,6.04744940905991,0.438417469702893));
#6883=CARTESIAN_POINT('Ctrl Pts',(1.04699447126492,6.11889755416837,-0.813621025996819));
#6884=CARTESIAN_POINT('Ctrl Pts',(-0.115780820684765,6.19034569927686,-1.32089795153335));
#6885=CARTESIAN_POINT('Ctrl Pts',(-1.17257420821855,6.26179384438531,-0.619068916215374));
#6886=CARTESIAN_POINT('Ctrl Pts',(-1.15603224607183,6.3332419894938,0.64943517216543));
#6887=CARTESIAN_POINT('Ctrl Pts',(-0.0812968950695382,6.40469013460226,
1.32346794885841));
#6888=CARTESIAN_POINT('Ctrl Pts',(1.06785492414928,6.47613827971074,0.786042274800522));
#6889=CARTESIAN_POINT('Ctrl Pts',(1.23952793615372,6.5475864248192,-0.470900299742884));
#6890=CARTESIAN_POINT('Ctrl Pts',(0.276578387415019,6.61903456992769,-1.29679643445621));
#6891=CARTESIAN_POINT('Ctrl Pts',(-0.939541799130205,6.69048271503615,-0.935648333772159));
#6892=CARTESIAN_POINT('Ctrl Pts',(-1.29563673657758,6.76193086014463,0.281961067585612));
#6893=CARTESIAN_POINT('Ctrl Pts',(-0.465748987414313,6.8333790052531,1.24147270510711));
#6894=CARTESIAN_POINT('Ctrl Pts',(0.790469861960662,6.90482715036158,1.0645816052024));
#6895=CARTESIAN_POINT('Ctrl Pts',(1.32311894513001,6.97627529547004,-0.0867920148485904));
#6896=CARTESIAN_POINT('Ctrl Pts',(0.64462904392958,7.04772344057852,-1.15871911718322));
#6897=CARTESIAN_POINT('Ctrl Pts',(-0.623932799354179,7.11917158568699,-1.16999335839716));
#6898=CARTESIAN_POINT('Ctrl Pts',(-1.3213673530574,7.19061973079547,-0.110294673840418));
#6899=CARTESIAN_POINT('Ctrl Pts',(-0.809266271395528,7.26206787590393,1.05036407915777));
#6900=CARTESIAN_POINT('Ctrl Pts',(0.443610183206215,7.33351602101241,1.24955456149744));
#6901=CARTESIAN_POINT('Ctrl Pts',(1.29042066110828,7.40496416612088,0.304944444430047));
#6902=CARTESIAN_POINT('Ctrl Pts',(0.956023074038038,7.47641231122935,-0.918801653628153));
#6903=CARTESIAN_POINT('Ctrl Pts',(-0.25348617187802,7.54786045633783,-1.30150734053612));
#6904=CARTESIAN_POINT('Ctrl Pts',(-1.23096262445575,7.61930860144629,-0.49285658563062));
#6905=CARTESIAN_POINT('Ctrl Pts',(-1.08165691714292,7.69075674655478,0.766938661430277));
#6906=CARTESIAN_POINT('Ctrl Pts',(0.0577614817589346,7.76220489166324,1.32470381898197));
#6907=CARTESIAN_POINT('Ctrl Pts',(1.14430694539531,7.83365303677171,0.669879251465189));
#6908=CARTESIAN_POINT('Ctrl Pts',(1.18339196959788,7.90510118188019,-0.598130456559698));
#6909=CARTESIAN_POINT('Ctrl Pts',(0.139239425947833,7.97654932698865,-1.318631479624));
#6910=CARTESIAN_POINT('Ctrl Pts',(-1.03236824762536,8.04799747209715,-0.832101194704046));
#6911=CARTESIAN_POINT('Ctrl Pts',(-1.25898043476037,8.11944561720559,0.41610679093556));
#6912=CARTESIAN_POINT('Ctrl Pts',(-0.333163892606842,8.19089376231409,1.28342448842001));
#6913=CARTESIAN_POINT('Ctrl Pts',(0.897619773541913,8.26234190742254,0.975938184396656));
#6914=CARTESIAN_POINT('Ctrl Pts',(1.306752214343,8.33379005253103,-0.224889407051001));
#6915=CARTESIAN_POINT('Ctrl Pts',(0.519727233046935,8.40523819763949,-1.21986073001037));
#6916=CARTESIAN_POINT('Ctrl Pts',(-0.743038740025316,8.47668634274798,-1.09821219833458));
#6917=CARTESIAN_POINT('Ctrl Pts',(-1.32565180646356,8.54813448785642,0.0287031796398783));
#6918=CARTESIAN_POINT('Ctrl Pts',(-0.694807408053342,8.61958263296493,1.12934461969142));
#6919=CARTESIAN_POINT('Ctrl Pts',(0.572040565640493,8.69103077807338,1.19622164205613));
#6920=CARTESIAN_POINT('Ctrl Pts',(1.315261612023,8.76247892318187,0.168117227811707));
#6921=CARTESIAN_POINT('Ctrl Pts',(0.854536126799996,8.83392706829032,-1.01387606679387));
#6922=CARTESIAN_POINT('Ctrl Pts',(-0.388403460618201,8.90537521339881,-1.26780105207442));
#6923=CARTESIAN_POINT('Ctrl Pts',(-1.27581106207199,8.97682335850727,-0.361223111966558));
#6924=CARTESIAN_POINT('Ctrl Pts',(-0.99538450375071,9.04827150361574,0.876006242270686));
#6925=CARTESIAN_POINT('Ctrl Pts',(0.196185306556702,9.11971964872422,1.31136902672376));
#6926=CARTESIAN_POINT('Ctrl Pts',(1.2081708695394,9.19116779383269,0.546347649764549));
#6927=CARTESIAN_POINT('Ctrl Pts',(1.11424231689467,9.26261593894116,-0.718780902596633));
#6928=CARTESIAN_POINT('Ctrl Pts',(0.000363554650398969,9.33406408404965,
-1.32596375302633));
#6929=CARTESIAN_POINT('Ctrl Pts',(-1.11382914825192,9.40551222915809,-0.719399059235758));
#6930=CARTESIAN_POINT('Ctrl Pts',(-1.2084955390543,9.47696037426659,0.545670982520084));
#6931=CARTESIAN_POINT('Ctrl Pts',(-0.196877504919213,9.54840851937505,1.31126826706465));
#6932=CARTESIAN_POINT('Ctrl Pts',(0.994826786172136,9.61985666448353,0.876543394756162));
#6933=CARTESIAN_POINT('Ctrl Pts',(1.27614437371908,9.69130480959199,-0.360481450397286));
#6934=CARTESIAN_POINT('Ctrl Pts',(0.388857492625247,9.76275295470048,-1.2676449791258));
#6935=CARTESIAN_POINT('Ctrl Pts',(-0.853493088380884,9.83420109980894,-1.01423629773865));
#6936=CARTESIAN_POINT('Ctrl Pts',(-1.31627823639739,9.90564924491742,0.167160612959968));
#6937=CARTESIAN_POINT('Ctrl Pts',(-0.570829412712666,9.97709739002588,1.19638097599688));
#6938=CARTESIAN_POINT('Ctrl Pts',(0.269470961380067,10.0247294867649,1.1511127991758));
#6939=CARTESIAN_POINT('Ctrl Pts',(0.587311456335212,10.0485455351344,0.955811320834395));
#6940=CARTESIAN_POINT('Ctrl Pts',(-0.269637880629732,-0.145636605403083,
-1.00210801604892));
#6941=CARTESIAN_POINT('Ctrl Pts',(-0.602873636345055,-0.121820557033592,
-0.912444046215215));
#6942=CARTESIAN_POINT('Ctrl Pts',(-1.16711209367147,-0.0741884602946105,
-0.376148955314173));
#6943=CARTESIAN_POINT('Ctrl Pts',(-0.948567332754015,-0.00274031518613832,
0.778929825552001));
#6944=CARTESIAN_POINT('Ctrl Pts',(0.139834077009024,0.0687078299223344,
1.21821348086242));
#6945=CARTESIAN_POINT('Ctrl Pts',(1.09943573484988,0.140155975030806,0.543784396560903));
#6946=CARTESIAN_POINT('Ctrl Pts',(1.05306907522206,0.211604120139279,-0.629135721987893));
#6947=CARTESIAN_POINT('Ctrl Pts',(0.0425379490231998,0.283052265247751,
-1.22578290062998));
#6948=CARTESIAN_POINT('Ctrl Pts',(-1.00681505874366,0.354500410356224,-0.700590980080089));
#6949=CARTESIAN_POINT('Ctrl Pts',(-1.13462419839914,0.425948555464696,0.466004838861459));
#6950=CARTESIAN_POINT('Ctrl Pts',(-0.223803981038147,0.497396700573169,
1.20597937252652));
#6951=CARTESIAN_POINT('Ctrl Pts',(0.891861985774155,0.568844845681641,0.84207008070894));
#6952=CARTESIAN_POINT('Ctrl Pts',(1.191156149091,0.640292990790113,-0.292657639754216));
#6953=CARTESIAN_POINT('Ctrl Pts',(0.400100966462453,0.711741135898587,-1.159488121993));
#6954=CARTESIAN_POINT('Ctrl Pts',(-0.757190826003094,0.783189281007058,
-0.964966136203633));
#6955=CARTESIAN_POINT('Ctrl Pts',(-1.22137667926868,0.854637426115531,0.112855962676457));
#6956=CARTESIAN_POINT('Ctrl Pts',(-0.567554338942307,0.926085571224004,
1.08737227697948));
#6957=CARTESIAN_POINT('Ctrl Pts',(0.605787964606618,0.997533716332474,1.06654488082021));
#6958=CARTESIAN_POINT('Ctrl Pts',(1.22461234666882,1.06898186144095,0.0694375149651005));
#6959=CARTESIAN_POINT('Ctrl Pts',(0.722467300790449,1.14043000654942,-0.991230462640149));
#6960=CARTESIAN_POINT('Ctrl Pts',(-0.441000180191038,1.21187815165789,-1.1445592035906));
#6961=CARTESIAN_POINT('Ctrl Pts',(-1.20079082219672,1.28332629676637,-0.250196547760156));
#6962=CARTESIAN_POINT('Ctrl Pts',(-0.861417551785401,1.35477444187484,0.873187663510628));
#6963=CARTESIAN_POINT('Ctrl Pts',(0.266468627734218,1.42622258698331,1.19728500342386));
#6964=CARTESIAN_POINT('Ctrl Pts',(1.15043831060107,1.49767073209178,0.425427548194807));
#6965=CARTESIAN_POINT('Ctrl Pts',(0.98133510454889,1.56911887720026,-0.735852101903167));
#6966=CARTESIAN_POINT('Ctrl Pts',(-0.0860495483246166,1.64056702230873,
-1.22355726498076));
#6967=CARTESIAN_POINT('Ctrl Pts',(-1.07466731319024,1.7120151674172,-0.591258886382892));
#6968=CARTESIAN_POINT('Ctrl Pts',(-1.07957043664727,1.78346331252567,0.582258170296706));
#6969=CARTESIAN_POINT('Ctrl Pts',(-0.096270763379553,1.85491145763414,1.22279550415724));
#6970=CARTESIAN_POINT('Ctrl Pts',(0.975151958181665,1.92635960274262,0.744026587699716));
#6971=CARTESIAN_POINT('Ctrl Pts',(1.15395307784808,1.99780774785109,-0.415799469524635));
#6972=CARTESIAN_POINT('Ctrl Pts',(0.276464009978979,2.06925589295956,-1.1950165504969));
#6973=CARTESIAN_POINT('Ctrl Pts',(-0.854090998416552,2.14070403806803,-0.880355309621755));
#6974=CARTESIAN_POINT('Ctrl Pts',(-1.20283957270584,2.21215218317651,0.240153840459732));
#6975=CARTESIAN_POINT('Ctrl Pts',(-0.450548891375611,2.28360032828498,1.14083416903633));
#6976=CARTESIAN_POINT('Ctrl Pts',(0.714159228855729,2.35504847339345,0.99723292193831));
#6977=CARTESIAN_POINT('Ctrl Pts',(1.22514979308084,2.42649661850192,-0.059202105296928));
#6978=CARTESIAN_POINT('Ctrl Pts',(0.614679069525596,2.4979447636104,-1.06144549848098));
#6979=CARTESIAN_POINT('Ctrl Pts',(-0.558448387741367,2.56939290871887,-1.09207705908831));
#6980=CARTESIAN_POINT('Ctrl Pts',(-1.22039080329936,2.64084105382734,-0.123057677453666));
#6981=CARTESIAN_POINT('Ctrl Pts',(-0.765228151710982,2.71228919893581,0.958604600754163));
#6982=CARTESIAN_POINT('Ctrl Pts',(0.390398845797096,2.78373734404429,1.16279217659833));
#6983=CARTESIAN_POINT('Ctrl Pts',(1.18866775139803,2.85518548915276,0.302598548483546));
#6984=CARTESIAN_POINT('Ctrl Pts',(0.898869814270897,2.92663363426123,-0.834583705658463));
#6985=CARTESIAN_POINT('Ctrl Pts',(-0.213723592563412,2.99808177936971,-1.20781585133653));
#6986=CARTESIAN_POINT('Ctrl Pts',(-1.13068154592178,3.06952992447817,-0.47545362178653));
#6987=CARTESIAN_POINT('Ctrl Pts',(-1.01265129643283,3.14097806958665,0.692123006835422));
#6988=CARTESIAN_POINT('Ctrl Pts',(0.0323261993310072,3.21242621469512,1.22615330264809));
#6989=CARTESIAN_POINT('Ctrl Pts',(1.04771336962154,3.28387435980359,0.63780373146782));
#6990=CARTESIAN_POINT('Ctrl Pts',(1.10405864041801,3.35532250491207,-0.534370118247954));
#6991=CARTESIAN_POINT('Ctrl Pts',(0.149785428755102,3.42677065002053,-1.2173993716487));
#6992=CARTESIAN_POINT('Ctrl Pts',(-0.94159637221761,3.49821879512901,-0.786061814735103));
#6993=CARTESIAN_POINT('Ctrl Pts',(-1.17107223636478,3.56966694023748,0.364810528868889));
#6994=CARTESIAN_POINT('Ctrl Pts',(-0.328587605807436,3.64111508534595,1.18174747305325));
#6995=CARTESIAN_POINT('Ctrl Pts',(0.814675167666614,3.71256323045443,0.916952166661589));
#6996=CARTESIAN_POINT('Ctrl Pts',(1.21221144482625,3.7840113755629,-0.187190592152093));
#6997=CARTESIAN_POINT('Ctrl Pts',(0.500129766977303,3.85545952067137,-1.11998532175258));
#6998=CARTESIAN_POINT('Ctrl Pts',(-0.669754030824262,3.92690766577984,-1.02758281561763));
#6999=CARTESIAN_POINT('Ctrl Pts',(-1.22656731092542,3.99835581088832,0.00543475180395459));
#7000=CARTESIAN_POINT('Ctrl Pts',(-0.660621754654995,4.06980395599679,1.0334775285581));
#7001=CARTESIAN_POINT('Ctrl Pts',(0.510034938078541,4.14125210110526,1.11550942026378));
#7002=CARTESIAN_POINT('Ctrl Pts',(1.21382264736112,4.21270024621373,0.176441167280315));
#7003=CARTESIAN_POINT('Ctrl Pts',(0.806517560534184,4.28414839132221,-0.924135449654425));
#7004=CARTESIAN_POINT('Ctrl Pts',(-0.339046820921612,4.35559653643068,-1.17878927632591));
#7005=CARTESIAN_POINT('Ctrl Pts',(-1.17425904253856,4.42704468153915,-0.354418687112341));
#7006=CARTESIAN_POINT('Ctrl Pts',(-0.934593673292021,4.49849282664762,0.794374955924798));
#7007=CARTESIAN_POINT('Ctrl Pts',(0.160567595575303,4.5699409717561,1.21602423989375));
#7008=CARTESIAN_POINT('Ctrl Pts',(1.10875063898259,4.64138911686456,0.524565463325313));
#7009=CARTESIAN_POINT('Ctrl Pts',(1.04202030082329,4.71283726197304,-0.647063055219613));
#7010=CARTESIAN_POINT('Ctrl Pts',(0.0214593086045409,4.78428540708151,-1.22639161886903));
#7011=CARTESIAN_POINT('Ctrl Pts',(-1.01874481949722,4.85573355218999,-0.683122168799674));
#7012=CARTESIAN_POINT('Ctrl Pts',(-1.12642389340093,4.92718169729846,0.485454546928427));
#7013=CARTESIAN_POINT('Ctrl Pts',(-0.203012077672341,4.99862984240694,1.20966235002878));
#7014=CARTESIAN_POINT('Ctrl Pts',(0.906230227803126,5.07007798751539,0.826585554539818));
#7015=CARTESIAN_POINT('Ctrl Pts',(1.18593958633797,5.14152613262388,-0.31312010844807));
#7016=CARTESIAN_POINT('Ctrl Pts',(0.380079373514172,5.21297427773235,-1.16620606008847));
#7017=CARTESIAN_POINT('Ctrl Pts',(-0.773692830224862,5.28442242284082,-0.951785852603747));
#7018=CARTESIAN_POINT('Ctrl Pts',(-1.21925240345044,5.35587056794929,0.13386740244856));
#7019=CARTESIAN_POINT('Ctrl Pts',(-0.548748962809735,5.42731871305776,1.09698289894293));
#7020=CARTESIAN_POINT('Ctrl Pts',(0.624060989227829,5.49876685816624,1.05595681089805));
#7021=CARTESIAN_POINT('Ctrl Pts',(1.2256263109469,5.57021500327471,0.0483430519588135));
#7022=CARTESIAN_POINT('Ctrl Pts',(0.705294156312288,5.64166314838318,-1.00352232552631));
#7023=CARTESIAN_POINT('Ctrl Pts',(-0.46064076238377,5.71311129349166,-1.13679681244649));
#7024=CARTESIAN_POINT('Ctrl Pts',(-1.20492047980994,5.78455943860012,-0.229485385357285));
#7025=CARTESIAN_POINT('Ctrl Pts',(-0.84625614860414,5.8560075837086,0.8878893150093));
#7026=CARTESIAN_POINT('Ctrl Pts',(0.287042856309233,5.92745572881706,1.19251972872563));
#7027=CARTESIAN_POINT('Ctrl Pts',(1.1575923973588,5.99890387392554,0.405557328050076));
#7028=CARTESIAN_POINT('Ctrl Pts',(0.968520439062699,6.07035201903402,-0.752638733972544));
#7029=CARTESIAN_POINT('Ctrl Pts',(-0.107102849501366,6.14180016414249,-1.22189438348275));
#7030=CARTESIAN_POINT('Ctrl Pts',(-1.08468775924421,6.21324830925096,-0.572668638659193));
#7031=CARTESIAN_POINT('Ctrl Pts',(-1.06938564554542,6.28469645435944,0.600758891619084));
#7032=CARTESIAN_POINT('Ctrl Pts',(-0.0752035532833874,6.3561445994679,1.22427175509833));
#7033=CARTESIAN_POINT('Ctrl Pts',(0.987817365208064,6.42759274457638,0.727127057501924));
#7034=CARTESIAN_POINT('Ctrl Pts',(1.14662319038198,6.49904088968485,-0.435605514239945));
#7035=CARTESIAN_POINT('Ctrl Pts',(0.255848362686022,6.57048903479332,-1.19959931646733));
#7036=CARTESIAN_POINT('Ctrl Pts',(-0.869121529086943,6.6419371799018,-0.865519885638441));
#7037=CARTESIAN_POINT('Ctrl Pts',(-1.19852653993468,6.71338532501026,0.260827601741467));
#7038=CARTESIAN_POINT('Ctrl Pts',(-0.430840301609748,6.78483347011875,1.14842219556521));
#7039=CARTESIAN_POINT('Ctrl Pts',(0.731222789406931,6.8562816152272,0.984789387133082));
#7040=CARTESIAN_POINT('Ctrl Pts',(1.22394890979825,6.92772976033569,-0.0802868044056975));
#7041=CARTESIAN_POINT('Ctrl Pts',(0.596312990941543,6.99917790544416,-1.0718711310565));
#7042=CARTESIAN_POINT('Ctrl Pts',(-0.577167965410606,7.07062605055263,-1.08230034854553));
#7043=CARTESIAN_POINT('Ctrl Pts',(-1.22232860255711,7.1420741956611,-0.102027898776907));
#7044=CARTESIAN_POINT('Ctrl Pts',(-0.748610375701122,7.21352234076957,0.971637489061935));
#7045=CARTESIAN_POINT('Ctrl Pts',(0.410360838765933,7.28497048587804,1.15589830295109));
#7046=CARTESIAN_POINT('Ctrl Pts',(1.19370141827228,7.35641863098653,0.282088335053289));
#7047=CARTESIAN_POINT('Ctrl Pts',(0.884367504159537,7.42786677609499,-0.84993589307914));
#7048=CARTESIAN_POINT('Ctrl Pts',(-0.234486948328405,7.49931492120346,-1.20395713205291));
#7049=CARTESIAN_POINT('Ctrl Pts',(-1.13869986349335,7.57076306631193,-0.455916138824699));
#7050=CARTESIAN_POINT('Ctrl Pts',(-1.00058487514343,7.64221121142041,0.709455292734455));
#7051=CARTESIAN_POINT('Ctrl Pts',(0.0534321595857988,7.71365935652888,1.22541499463545));
#7052=CARTESIAN_POINT('Ctrl Pts',(1.05853917627453,7.78510750163735,0.619670652094488));
#7053=CARTESIAN_POINT('Ctrl Pts',(1.09469471084552,7.85655564674582,-0.553299552483875));
#7054=CARTESIAN_POINT('Ctrl Pts',(0.12880319204638,7.9280037918543,-1.21979778753214));
#7055=CARTESIAN_POINT('Ctrl Pts',(-0.954990475982662,7.99945193696277,-0.769733782324282));
#7056=CARTESIAN_POINT('Ctrl Pts',(-1.16461769083872,8.07090008207125,0.384918872940166));
#7057=CARTESIAN_POINT('Ctrl Pts',(-0.308192687166319,8.14234822717971,1.18722962073201));
#7058=CARTESIAN_POINT('Ctrl Pts',(0.830341631252223,8.21379637228819,0.902789942823619));
#7059=CARTESIAN_POINT('Ctrl Pts',(1.20880889356807,8.28524451739665,-0.208033560095536));
#7060=CARTESIAN_POINT('Ctrl Pts',(0.48077278510871,8.35669266250514,-1.12843007508685));
#7061=CARTESIAN_POINT('Ctrl Pts',(-0.687346711449654,8.4281408076136,-1.01589930960188));
#7062=CARTESIAN_POINT('Ctrl Pts',(-1.22629192882861,8.49958895272208,0.0265518270729019));
#7063=CARTESIAN_POINT('Ctrl Pts',(-0.642730400571109,8.57103709783054,1.04469830255662));
#7064=CARTESIAN_POINT('Ctrl Pts',(0.529165143657781,8.64248524293903,1.10656277733806));
#7065=CARTESIAN_POINT('Ctrl Pts',(1.21668049729033,8.71393338804748,0.155516553107946));
#7066=CARTESIAN_POINT('Ctrl Pts',(0.790487177762619,8.78538153315597,-0.937884315835984));
#7067=CARTESIAN_POINT('Ctrl Pts',(-0.359291954767381,8.85682967826444,-1.17277718774943));
#7068=CARTESIAN_POINT('Ctrl Pts',(-1.18018683375297,8.92827782337291,-0.334148819887056));
#7069=CARTESIAN_POINT('Ctrl Pts',(-0.920778727173345,8.99972596848139,0.810348071237324));
#7070=CARTESIAN_POINT('Ctrl Pts',(0.181480881187832,9.07117411358985,1.21307966793872));
#7071=CARTESIAN_POINT('Ctrl Pts',(1.11761638971729,9.14262225869834,0.505397955914272));
#7072=CARTESIAN_POINT('Ctrl Pts',(1.03072794326916,9.2140704038068,-0.664907040561274));
#7073=CARTESIAN_POINT('Ctrl Pts',(0.000336305605513443,9.28551854891528,
-1.22658049446122));
#7074=CARTESIAN_POINT('Ctrl Pts',(-1.03034574232515,9.35696669402375,-0.665478865299576));
#7075=CARTESIAN_POINT('Ctrl Pts',(-1.11791672469493,9.42841483913222,0.504772006040899));
#7076=CARTESIAN_POINT('Ctrl Pts',(-0.182121198095302,9.4998629842407,1.21298646038895));
#7077=CARTESIAN_POINT('Ctrl Pts',(0.920262811484299,9.57131112934916,0.810844963222291));
#7078=CARTESIAN_POINT('Ctrl Pts',(1.18049516312016,9.64275927445764,-0.333462747125048));
#7079=CARTESIAN_POINT('Ctrl Pts',(0.359711956296407,9.71420741956611,-1.17263281273612));
#7080=CARTESIAN_POINT('Ctrl Pts',(-0.789522316862812,9.78565556467458,-0.938217546853323));
#7081=CARTESIAN_POINT('Ctrl Pts',(-1.21762092392339,9.85710370978306,0.154631638180841));
#7082=CARTESIAN_POINT('Ctrl Pts',(-0.528044768720165,9.92855185489152,1.10671016892655));
#7083=CARTESIAN_POINT('Ctrl Pts',(0.249273650428315,9.97618395163051,1.06483491963573));
#7084=CARTESIAN_POINT('Ctrl Pts',(0.543291454890981,10.,0.884171622221863));
#7085=CARTESIAN_POINT('Ctrl Pts',(0.543291454890981,10.,0.884171622221863));
#7086=CARTESIAN_POINT('Ctrl Pts',(0.507183385277463,10.,0.912775969779947));
#7087=CARTESIAN_POINT('Ctrl Pts',(0.469151830873758,10.,0.938677949924932));
#7088=CARTESIAN_POINT('Ctrl Pts',(0.429539573677946,10.,0.961916561273271));
#7089=CARTESIAN_POINT('Ctrl Pts',(0.394869685704606,10.,0.982255721652853));
#7090=CARTESIAN_POINT('Ctrl Pts',(0.358987601298186,10.,1.00055432020575));
#7091=CARTESIAN_POINT('Ctrl Pts',(0.322094850736238,10.,1.01681368031797));
#7092=CARTESIAN_POINT('Ctrl Pts',(0.311785981448815,10.,1.02135700158139));
#7093=CARTESIAN_POINT('Ctrl Pts',(0.301406083325474,10.,1.02573737752865));
#7094=CARTESIAN_POINT('Ctrl Pts',(0.290963039065077,10.,1.02995396879952));
#7095=CARTESIAN_POINT('Ctrl Pts',(0.247931070708373,10.,1.04732900021919));
#7096=CARTESIAN_POINT('Ctrl Pts',(0.203812684832633,10.,1.06193369495317));
#7097=CARTESIAN_POINT('Ctrl Pts',(0.158917552660413,10.,1.0737812384146));
#7098=CARTESIAN_POINT('Ctrl Pts',(0.140979246957862,10.,1.07851504464597));
#7099=CARTESIAN_POINT('Ctrl Pts',(0.122916538811994,9.99999999999999,1.08280822760872));
#7100=CARTESIAN_POINT('Ctrl Pts',(0.104747829687062,9.99999999999999,1.08665976034912));
#7101=CARTESIAN_POINT('Ctrl Pts',(0.0913799549986378,9.99999999999999,1.08949357791305));
#7102=CARTESIAN_POINT('Ctrl Pts',(0.0779546816346434,10.,1.09208828667437));
#7103=CARTESIAN_POINT('Ctrl Pts',(0.0644791490235047,10.,1.09444308331019));
#7104=CARTESIAN_POINT('Ctrl Pts',(0.0548419592802145,10.,1.0961271445374));
#7105=CARTESIAN_POINT('Ctrl Pts',(0.0451882880667909,10.,1.09768687104718));
#7106=CARTESIAN_POINT('Ctrl Pts',(0.0355220811192126,10.,1.09912241490056));
#7107=CARTESIAN_POINT('Ctrl Pts',(-0.0121922433640637,10.,1.1062085455412));
#7108=CARTESIAN_POINT('Ctrl Pts',(-0.0602180703052688,10.,1.11027387895698));
#7109=CARTESIAN_POINT('Ctrl Pts',(-0.108230524650691,10.,1.11133313395384));
#7110=CARTESIAN_POINT('Ctrl Pts',(-0.156336385364185,10.,1.11239444969023));
#7111=CARTESIAN_POINT('Ctrl Pts',(-0.204430011812115,10.,1.11043834175797));
#7112=CARTESIAN_POINT('Ctrl Pts',(-0.25220637336901,10.,1.10543201598617));
#7113=CARTESIAN_POINT('Ctrl Pts',(-0.274462873595746,10.,1.10309983146973));
#7114=CARTESIAN_POINT('Ctrl Pts',(-0.296650719947282,10.,1.10010500039209));
#7115=CARTESIAN_POINT('Ctrl Pts',(-0.318739553004575,10.,1.09644034677211));
#7116=CARTESIAN_POINT('Ctrl Pts',(-0.332599567770903,10.,1.0941408974008));
#7117=CARTESIAN_POINT('Ctrl Pts',(-0.346420601395979,10.,1.09157767889372));
#7118=CARTESIAN_POINT('Ctrl Pts',(-0.360195112677294,10.,1.0887483950772));
#7119=CARTESIAN_POINT('Ctrl Pts',(-0.36896240981898,10.,1.08694759275391));
#7120=CARTESIAN_POINT('Ctrl Pts',(-0.377709973055161,10.,1.08503906782279));
#7121=CARTESIAN_POINT('Ctrl Pts',(-0.386423237425783,10.,1.08302544916588));
#7122=CARTESIAN_POINT('Ctrl Pts',(-0.425684211282049,10.,1.07395231353238));
#7123=CARTESIAN_POINT('Ctrl Pts',(-0.464316082312683,10.,1.06273373050137));
#7124=CARTESIAN_POINT('Ctrl Pts',(-0.50214543869106,10.,1.04936593984606));
#7125=CARTESIAN_POINT('Ctrl Pts',(-0.546725095332205,10.,1.03361279005667));
#7126=CARTESIAN_POINT('Ctrl Pts',(-0.590191272269385,10.,1.01487682006212));
#7127=CARTESIAN_POINT('Ctrl Pts',(-0.632399877668999,10.,0.993425668789416));
#7128=CARTESIAN_POINT('Ctrl Pts',(-0.672389124156639,10.,0.973102434520807));
#7129=CARTESIAN_POINT('Ctrl Pts',(-0.711250069218317,10.,0.950341207029044));
#7130=CARTESIAN_POINT('Ctrl Pts',(-0.748851009802338,10.,0.925329890379574));
#7131=CARTESIAN_POINT('Ctrl Pts',(-0.758095547571322,10.,0.91918062767958));
#7132=CARTESIAN_POINT('Ctrl Pts',(-0.767263857463652,10.,0.912895189681054));
#7133=CARTESIAN_POINT('Ctrl Pts',(-0.776353839740593,10.,0.906476059432814));
#7134=CARTESIAN_POINT('Ctrl Pts',(-0.784272614948522,10.,0.900884007884464));
#7135=CARTESIAN_POINT('Ctrl Pts',(-0.792124542257553,10.,0.895195683920887));
#7136=CARTESIAN_POINT('Ctrl Pts',(-0.799905378505296,10.,0.889415679330868));
#7137=CARTESIAN_POINT('Ctrl Pts',(-0.840181044498761,10.,0.859496847100484));
#7138=CARTESIAN_POINT('Ctrl Pts',(-0.878579932383224,10.,0.827106684688021));
#7139=CARTESIAN_POINT('Ctrl Pts',(-0.914943930516295,10.,0.792542034390498));
#7140=CARTESIAN_POINT('Ctrl Pts',(-0.952106052633474,10.,0.757218752539211));
#7141=CARTESIAN_POINT('Ctrl Pts',(-0.987143906161351,10.,0.719623906202856));
#7142=CARTESIAN_POINT('Ctrl Pts',(-1.01986984348277,10.,0.680023290660534));
#7143=CARTESIAN_POINT('Ctrl Pts',(-1.03685542182351,10.,0.659469582724569));
#7144=CARTESIAN_POINT('Ctrl Pts',(-1.05321780710029,10.,0.638374771756484));
#7145=CARTESIAN_POINT('Ctrl Pts',(-1.06892751921493,10.,0.616771614521372));
#7146=CARTESIAN_POINT('Ctrl Pts',(-1.07775477292229,10.,0.604632846579432));
#7147=CARTESIAN_POINT('Ctrl Pts',(-1.08637591328402,10.,0.592333529449013));
#7148=CARTESIAN_POINT('Ctrl Pts',(-1.09478532005705,10.,0.579879129791214));
#7149=CARTESIAN_POINT('Ctrl Pts',(-1.10164450285247,10.,0.569720624421485));
#7150=CARTESIAN_POINT('Ctrl Pts',(-1.10836465237674,10.,0.559455763428374));
#7151=CARTESIAN_POINT('Ctrl Pts',(-1.11492861018607,10.,0.549110237942563));
#7152=CARTESIAN_POINT('Ctrl Pts',(-1.14337217522731,10.,0.50428002489283));
#7153=CARTESIAN_POINT('Ctrl Pts',(-1.16894000018414,10.,0.457860845109423));
#7154=CARTESIAN_POINT('Ctrl Pts',(-1.19144638029028,10.,0.410145076573738));
#7155=CARTESIAN_POINT('Ctrl Pts',(-1.2137563554105,10.,0.36284570617952));
#7156=CARTESIAN_POINT('Ctrl Pts',(-1.23305893345783,10.,0.314271372535301));
#7157=CARTESIAN_POINT('Ctrl Pts',(-1.24913924444808,10.,0.264670060514425));
#7158=CARTESIAN_POINT('Ctrl Pts',(-1.26003951396834,10.,0.231047099496198));
#7159=CARTESIAN_POINT('Ctrl Pts',(-1.2694584473026,10.,0.196951489167818));
#7160=CARTESIAN_POINT('Ctrl Pts',(-1.27731707369931,10.,0.162453907511239));
#7161=CARTESIAN_POINT('Ctrl Pts',(-1.28096292487569,10.,0.14644945045782));
#7162=CARTESIAN_POINT('Ctrl Pts',(-1.28427279225039,10.,0.130358416676715));
#7163=CARTESIAN_POINT('Ctrl Pts',(-1.28725007903369,10.,0.114189073159176));
#7164=CARTESIAN_POINT('Ctrl Pts',(-1.03637311724883,0.398038475772927,0.000576106893389642));
#7165=CARTESIAN_POINT('Ctrl Pts',(-1.03706130315112,0.407341835670183,0.135794135195421));
#7166=CARTESIAN_POINT('Ctrl Pts',(-1.01249777287228,0.416645195567439,0.270772735333905));
#7167=CARTESIAN_POINT('Ctrl Pts',(-0.961519305563064,0.425948555464696,
0.394901291315375));
#7168=CARTESIAN_POINT('Ctrl Pts',(-0.831017459278812,0.449764603834186,
0.71266301674981));
#7169=CARTESIAN_POINT('Ctrl Pts',(-0.527410720158482,0.473580652203678,
0.959321194638165));
#7170=CARTESIAN_POINT('Ctrl Pts',(-0.189663022796267,0.497396700573168,
1.02199873494608));
#7171=CARTESIAN_POINT('Ctrl Pts',(0.148084674565949,0.521212748942659,1.084676275254));
#7172=CARTESIAN_POINT('Ctrl Pts',(0.51997333017005,0.54502879731215,0.963373177981469));
#7173=CARTESIAN_POINT('Ctrl Pts',(0.755800018524909,0.568844845681641,0.713600342601347));
#7174=CARTESIAN_POINT('Ctrl Pts',(0.991626706879769,0.592660894051131,0.463827507221224));
#7175=CARTESIAN_POINT('Ctrl Pts',(1.09139142798539,0.616476942420623,0.0855849337335032));
#7176=CARTESIAN_POINT('Ctrl Pts',(1.0094312581001,0.640292990790114,-0.248008100050155));
#7177=CARTESIAN_POINT('Ctrl Pts',(0.927471088214817,0.664109039159605,-0.58160113383381));
#7178=CARTESIAN_POINT('Ctrl Pts',(0.663786027338635,0.687925087529096,-0.870544627913403));
#7179=CARTESIAN_POINT('Ctrl Pts',(0.339061531489621,0.711741135898586,-0.982596043988306));
#7180=CARTESIAN_POINT('Ctrl Pts',(0.0143370356406048,0.735557184268077,
-1.09464746006321));
#7181=CARTESIAN_POINT('Ctrl Pts',(-0.371426895181245,0.759373232637567,
-1.02980679813342));
#7182=CARTESIAN_POINT('Ctrl Pts',(-0.641673169469767,0.783189281007058,
-0.817749450688512));
#7183=CARTESIAN_POINT('Ctrl Pts',(-0.886959499149563,0.804805679262348,
-0.625277718845642));
#7184=CARTESIAN_POINT('Ctrl Pts',(-1.03708118450856,0.826422077517637,-0.311527353627003));
#7185=CARTESIAN_POINT('Ctrl Pts',(-1.03908667605167,0.848038475772927,0.000550282665841104));
#7186=CARTESIAN_POINT('Ctrl Pts',(-0.335179827523349,0.,-1.24569437793602));
#7187=CARTESIAN_POINT('Ctrl Pts',(-0.384285897393197,-1.28094384143726E-17,
-1.22728284897137));
#7188=CARTESIAN_POINT('Ctrl Pts',(-0.431988062580232,-2.76073413325957E-16,
-1.20570175973205));
#7189=CARTESIAN_POINT('Ctrl Pts',(-0.478108831851564,-2.39391839684799E-16,
-1.18122163776993));
#7190=CARTESIAN_POINT('Ctrl Pts',(-0.524762529291911,-2.02286408328646E-16,
-1.156458646576));
#7191=CARTESIAN_POINT('Ctrl Pts',(-0.569798855839859,8.50056254885324E-17,
-1.12872829679168));
#7192=CARTESIAN_POINT('Ctrl Pts',(-0.613000868528561,-1.04083408558608E-17,
-1.09826786014695));
#7193=CARTESIAN_POINT('Ctrl Pts',(-0.644226661392273,-7.93721822130581E-17,
-1.07625149502849));
#7194=CARTESIAN_POINT('Ctrl Pts',(-0.674493512301583,-4.87854112108402E-17,
-1.05280794294051));
#7195=CARTESIAN_POINT('Ctrl Pts',(-0.703705407659874,-1.38777878078145E-17,
-1.02801736293642));
#7196=CARTESIAN_POINT('Ctrl Pts',(-0.716179300473718,1.02826150444921E-18,
-1.01743143436277));
#7197=CARTESIAN_POINT('Ctrl Pts',(-0.728460669099519,6.67090414744089E-17,
-1.00659981048996));
#7198=CARTESIAN_POINT('Ctrl Pts',(-0.740541269674345,7.97972798949331E-17,
-0.995528447089432));
#7199=CARTESIAN_POINT('Ctrl Pts',(-0.748107016239175,8.79940822191575E-17,
-0.988594757899339));
#7200=CARTESIAN_POINT('Ctrl Pts',(-0.7555948629144,-6.38161788558691E-17,
-0.981566061076931));
#7201=CARTESIAN_POINT('Ctrl Pts',(-0.762990105353023,-6.24500451351651E-17,
-0.974456350843862));
#7202=CARTESIAN_POINT('Ctrl Pts',(-0.800146877952693,-5.55860213493008E-17,
-0.938734210755527));
#7203=CARTESIAN_POINT('Ctrl Pts',(-0.835045767354906,-1.42257801126931E-16,
-0.900900829089727));
#7204=CARTESIAN_POINT('Ctrl Pts',(-0.867489632609881,-9.0205620750794E-17,
-0.861183941543283));
#7205=CARTESIAN_POINT('Ctrl Pts',(-0.899192575326857,-3.93421592060757E-17,
-0.822374070990376));
#7206=CARTESIAN_POINT('Ctrl Pts',(-0.928551768689321,1.96988034360136E-17,
-0.781764752968173));
#7207=CARTESIAN_POINT('Ctrl Pts',(-0.955339414288441,2.08166817117217E-17,
-0.739547676266192));
#7208=CARTESIAN_POINT('Ctrl Pts',(-0.973950856198675,2.15933579042623E-17,
-0.710216219429068));
#7209=CARTESIAN_POINT('Ctrl Pts',(-0.991320073930691,1.24306984858225E-16,
-0.680108242078913));
#7210=CARTESIAN_POINT('Ctrl Pts',(-1.00735612795556,1.52655665885959E-16,
-0.649285550292563));
#7211=CARTESIAN_POINT('Ctrl Pts',(-1.01285028124429,1.62368279653543E-16,
-0.638725309401454));
#7212=CARTESIAN_POINT('Ctrl Pts',(-1.0181878325824,5.20925035625535E-18,
-0.628081167071616));
#7213=CARTESIAN_POINT('Ctrl Pts',(-1.02336476837791,6.93889390390723E-18,
-0.617355605730258));
#7214=CARTESIAN_POINT('Ctrl Pts',(-1.02741991028029,8.29373976317702E-18,
-0.608954173891072));
#7215=CARTESIAN_POINT('Ctrl Pts',(-1.03137627460353,-2.48374460725863E-17,
-0.600502993057066));
#7216=CARTESIAN_POINT('Ctrl Pts',(-1.03522637221113,-2.77555756156289E-17,
-0.592016199619591));
#7217=CARTESIAN_POINT('Ctrl Pts',(-1.05520676877519,-4.28994476515184E-17,
-0.547973290654644));
#7218=CARTESIAN_POINT('Ctrl Pts',(-1.07237213527244,-1.45046331072937E-18,
-0.502884736814787));
#7219=CARTESIAN_POINT('Ctrl Pts',(-1.08652235307924,2.77555756156289E-17,
-0.456931259410853));
#7220=CARTESIAN_POINT('Ctrl Pts',(-1.09664456519733,4.86478138255431E-17,
-0.424058914108649));
#7221=CARTESIAN_POINT('Ctrl Pts',(-1.10522296380595,-3.43831327175451E-17,
-0.390743593623795));
#7222=CARTESIAN_POINT('Ctrl Pts',(-1.11216792825069,-1.38777878078145E-17,
-0.357049618047475));
#7223=CARTESIAN_POINT('Ctrl Pts',(-1.1214249593996,1.34540463662654E-17,
-0.312138490867144));
#7224=CARTESIAN_POINT('Ctrl Pts',(-1.12778086396952,1.75116361343121E-16,
-0.266553672480737));
#7225=CARTESIAN_POINT('Ctrl Pts',(-1.13128270568069,2.22044604925031E-16,
-0.220560345649238));
#7226=CARTESIAN_POINT('Ctrl Pts',(-1.13218769356071,2.34172363737509E-16,
-0.208674199221826));
#7227=CARTESIAN_POINT('Ctrl Pts',(-1.13290187861941,1.50523312688161E-16,
-0.196760841144663));
#7228=CARTESIAN_POINT('Ctrl Pts',(-1.13342569108757,1.52655665885959E-16,
-0.184825028120732));
#7229=CARTESIAN_POINT('Ctrl Pts',(-1.13384401388853,1.54358588241926E-16,
-0.175292947386602));
#7230=CARTESIAN_POINT('Ctrl Pts',(-1.13414081653868,3.77851706562845E-16,
-0.165745680717445));
#7231=CARTESIAN_POINT('Ctrl Pts',(-1.13431630035015,3.60822483003176E-16,
-0.156202124918759));
#7232=CARTESIAN_POINT('Ctrl Pts',(-1.13520328193761,2.74748402328747E-16,
-0.107964294881548));
#7233=CARTESIAN_POINT('Ctrl Pts',(-1.13300049768878,2.15597337379135E-16,
-0.0597215141112034));
#7234=CARTESIAN_POINT('Ctrl Pts',(-1.12781160890612,1.52655665885959E-16,
-0.0117754640316932));
#7235=CARTESIAN_POINT('Ctrl Pts',(-1.12263681778064,8.9885000198353E-17,
0.0360403217455951));
#7236=CARTESIAN_POINT('Ctrl Pts',(-1.11449159169762,1.48757657949718E-16,
0.0835621698437599));
#7237=CARTESIAN_POINT('Ctrl Pts',(-1.10343073113018,1.80411241501588E-16,
0.130472932348499));
#7238=CARTESIAN_POINT('Ctrl Pts',(-1.09751453738508,1.97341997646461E-16,
0.155564394085724));
#7239=CARTESIAN_POINT('Ctrl Pts',(-1.09076343189098,-1.89394899247729E-17,
0.180480616006958));
#7240=CARTESIAN_POINT('Ctrl Pts',(-1.08318092964059,0.,0.205169191657782));
#7241=CARTESIAN_POINT('Ctrl Pts',(-1.07928726413993,9.72555445220394E-18,
0.217846939991721));
#7242=CARTESIAN_POINT('Ctrl Pts',(-1.07517431681594,9.78812990828985E-17,
0.230464608908863));
#7243=CARTESIAN_POINT('Ctrl Pts',(-1.07084225256942,9.71445146547012E-17,
0.24301473958397));
#7244=CARTESIAN_POINT('Ctrl Pts',(-1.06739966491339,9.65590097237213E-17,
0.25298802771751));
#7245=CARTESIAN_POINT('Ctrl Pts',(-1.0638182887659,-1.07187030677056E-17,
0.262919388882745));
#7246=CARTESIAN_POINT('Ctrl Pts',(-1.0601042029353,-4.16333634234434E-17,
0.272789864894378));
#7247=CARTESIAN_POINT('Ctrl Pts',(-1.0437925933894,-1.77405096217674E-16,
0.316139253701575));
#7248=CARTESIAN_POINT('Ctrl Pts',(-1.0249006713766,2.73465333997917E-16,
0.358387806195421));
#7249=CARTESIAN_POINT('Ctrl Pts',(-1.00347345442504,2.35922392732846E-16,
0.399237982035329));
#7250=CARTESIAN_POINT('Ctrl Pts',(-0.989098824137647,2.10736392058717E-16,
0.426642669083634));
#7251=CARTESIAN_POINT('Ctrl Pts',(-0.973582348699161,3.45868470313516E-16,
0.453417456660699));
#7252=CARTESIAN_POINT('Ctrl Pts',(-0.956928937209999,2.77555756156289E-16,
0.479462519898565));
#7253=CARTESIAN_POINT('Ctrl Pts',(-0.949616576684558,2.47560268762364E-16,
0.490898668727717));
#7254=CARTESIAN_POINT('Ctrl Pts',(-0.942083354925064,-3.24637406664898E-16,
0.502195909847974));
#7255=CARTESIAN_POINT('Ctrl Pts',(-0.934343125152811,-2.4980018054066E-16,
0.513326421491935));
#7256=CARTESIAN_POINT('Ctrl Pts',(-0.909168084091348,-6.39264665097298E-18,
0.549528329693201));
#7257=CARTESIAN_POINT('Ctrl Pts',(-0.881777773160537,2.16628870698733E-16,
0.584014906256944));
#7258=CARTESIAN_POINT('Ctrl Pts',(-0.852197090911775,1.38777878078145E-16,
0.616500604872599));
#7259=CARTESIAN_POINT('Ctrl Pts',(-0.837743467206795,1.00738560967932E-16,
0.632373668909304));
#7260=CARTESIAN_POINT('Ctrl Pts',(-0.822766451185693,-1.09990550892669E-16,
0.647768420766824));
#7261=CARTESIAN_POINT('Ctrl Pts',(-0.80726661595801,-8.32667268468867E-17,
0.662647595665417));
#7262=CARTESIAN_POINT('Ctrl Pts',(-0.797674706835987,-6.64309933529609E-17,
0.671855415706181));
#7263=CARTESIAN_POINT('Ctrl Pts',(-0.787882540084807,-3.90787238062339E-17,
0.680865726949769));
#7264=CARTESIAN_POINT('Ctrl Pts',(-0.77789758320219,-2.77555756156289E-17,
0.689675431772933));
#7265=CARTESIAN_POINT('Origin',(0.,26.,0.));
#7266=CARTESIAN_POINT('Origin',(0.,0.,0.));
#7267=CARTESIAN_POINT('Origin',(0.,10.,0.));
#7268=CARTESIAN_POINT('Origin',(1.35677313259562,0.,-2.35));
#7269=CARTESIAN_POINT('',(1.35677313259562,0.,-2.35));
#7270=CARTESIAN_POINT('',(-1.35677313259562,0.,-2.35));
#7271=CARTESIAN_POINT('',(1.35677313259562,0.,-2.35));
#7272=CARTESIAN_POINT('',(-1.35677313259562,20.,-2.35));
#7273=CARTESIAN_POINT('',(-1.35677313259562,0.,-2.35));
#7274=CARTESIAN_POINT('',(1.35677313259562,20.,-2.35));
#7275=CARTESIAN_POINT('',(1.35677313259562,20.,-2.35));
#7276=CARTESIAN_POINT('',(1.35677313259562,0.,-2.35));
#7277=CARTESIAN_POINT('Origin',(2.71354626519124,0.,4.16333634234434E-16));
#7278=CARTESIAN_POINT('',(2.71354626519124,0.,4.16333634234434E-16));
#7279=CARTESIAN_POINT('',(2.71354626519124,0.,4.16333634234434E-16));
#7280=CARTESIAN_POINT('',(2.71354626519124,20.,2.77555756156289E-16));
#7281=CARTESIAN_POINT('',(2.71354626519124,20.,4.16333634234434E-16));
#7282=CARTESIAN_POINT('',(2.71354626519124,0.,4.16333634234434E-16));
#7283=CARTESIAN_POINT('Origin',(1.35677313259562,0.,2.35));
#7284=CARTESIAN_POINT('',(1.35677313259562,0.,2.35));
#7285=CARTESIAN_POINT('',(1.35677313259562,0.,2.35));
#7286=CARTESIAN_POINT('',(1.35677313259562,20.,2.35));
#7287=CARTESIAN_POINT('',(1.35677313259562,20.,2.35));
#7288=CARTESIAN_POINT('',(1.35677313259562,0.,2.35));
#7289=CARTESIAN_POINT('Origin',(-1.35677313259562,0.,2.35));
#7290=CARTESIAN_POINT('',(-1.35677313259562,0.,2.35));
#7291=CARTESIAN_POINT('',(-1.35677313259562,0.,2.35));
#7292=CARTESIAN_POINT('',(-1.35677313259562,20.,2.35));
#7293=CARTESIAN_POINT('',(-1.35677313259562,20.,2.35));
#7294=CARTESIAN_POINT('',(-1.35677313259562,0.,2.35));
#7295=CARTESIAN_POINT('Origin',(-2.71354626519124,0.,1.70002900645727E-15));
#7296=CARTESIAN_POINT('',(-2.71354626519124,0.,1.66533453693773E-15));
#7297=CARTESIAN_POINT('',(-2.71354626519124,0.,1.70002900645727E-15));
#7298=CARTESIAN_POINT('',(-2.71354626519124,20.,1.66533453693773E-15));
#7299=CARTESIAN_POINT('',(-2.71354626519124,20.,1.70002900645727E-15));
#7300=CARTESIAN_POINT('',(-2.71354626519124,0.,1.66533453693773E-15));
#7301=CARTESIAN_POINT('Origin',(-1.35677313259562,0.,-2.35));
#7302=CARTESIAN_POINT('',(-1.35677313259562,0.,-2.35));
#7303=CARTESIAN_POINT('',(-1.35677313259562,20.,-2.35));
#7304=CARTESIAN_POINT('Origin',(5.55111512312578E-16,20.,0.));
#7305=CARTESIAN_POINT('Origin',(5.55111512312578E-16,0.,0.));
#7306=UNCERTAINTY_MEASURE_WITH_UNIT(LENGTH_MEASURE(0.01),#7310,
'DISTANCE_ACCURACY_VALUE',
'Maximum model space distance between geometric entities at asserted c
onnectivities');
#7307=UNCERTAINTY_MEASURE_WITH_UNIT(LENGTH_MEASURE(0.01),#7310,
'DISTANCE_ACCURACY_VALUE',
'Maximum model space distance between geometric entities at asserted c
onnectivities');
#7308=(
GEOMETRIC_REPRESENTATION_CONTEXT(3)
GLOBAL_UNCERTAINTY_ASSIGNED_CONTEXT((#7306))
GLOBAL_UNIT_ASSIGNED_CONTEXT((#7310,#7312,#7313))
REPRESENTATION_CONTEXT('','3D')
);
#7309=(
GEOMETRIC_REPRESENTATION_CONTEXT(3)
GLOBAL_UNCERTAINTY_ASSIGNED_CONTEXT((#7307))
GLOBAL_UNIT_ASSIGNED_CONTEXT((#7310,#7312,#7313))
REPRESENTATION_CONTEXT('','3D')
);
#7310=(
LENGTH_UNIT()
NAMED_UNIT(*)
SI_UNIT(.MILLI.,.METRE.)
);
#7311=(
LENGTH_UNIT()
NAMED_UNIT(*)
SI_UNIT($,.METRE.)
);
#7312=(
NAMED_UNIT(*)
PLANE_ANGLE_UNIT()
SI_UNIT($,.RADIAN.)
);
#7313=(
NAMED_UNIT(*)
SI_UNIT($,.STERADIAN.)
SOLID_ANGLE_UNIT()
);
#7314=SHAPE_DEFINITION_REPRESENTATION(#7315,#7316);
#7315=PRODUCT_DEFINITION_SHAPE('',$,#7318);
#7316=SHAPE_REPRESENTATION('',(#1686),#7308);
#7317=PRODUCT_DEFINITION_CONTEXT('part definition',#7322,'design');
#7318=PRODUCT_DEFINITION('2026-06-01-18-58-21-788','mid360\X2\652F67F1\X0\',
#7319,#7317);
#7319=PRODUCT_DEFINITION_FORMATION('',$,#7324);
#7320=PRODUCT_RELATED_PRODUCT_CATEGORY('mid360\X2\652F67F1\X0\',
'mid360\X2\652F67F1\X0\',(#7324));
#7321=APPLICATION_PROTOCOL_DEFINITION('international standard',
'automotive_design',2009,#7322);
#7322=APPLICATION_CONTEXT(
'Core Data for Automotive Mechanical Design Process');
#7323=PRODUCT_CONTEXT('part definition',#7322,'mechanical');
#7324=PRODUCT('2026-06-01-18-58-21-788','mid360\X2\652F67F1\X0\',$,(#7323));
#7325=PRESENTATION_STYLE_ASSIGNMENT((#7326));
#7326=SURFACE_STYLE_USAGE(.BOTH.,#7327);
#7327=SURFACE_SIDE_STYLE('',(#7328));
#7328=SURFACE_STYLE_FILL_AREA(#7329);
#7329=FILL_AREA_STYLE('\X2\94A2\X0\ - \X2\7F0E5149\X0\',(#7330));
#7330=FILL_AREA_STYLE_COLOUR('\X2\94A2\X0\ - \X2\7F0E5149\X0\',#7331);
#7331=COLOUR_RGB('\X2\94A2\X0\ - \X2\7F0E5149\X0\',0.627450980392157,0.627450980392157,
0.627450980392157);
ENDSEC;
END-ISO-10303-21;
