ISO-10303-21;
HEADER;
/* Generated by software containing ST-Developer
 * from STEP Tools, Inc. (www.steptools.com) 
 */

FILE_DESCRIPTION(
/* description */ (''),
/* implementation_level */ '2;1');

FILE_NAME(
/* name */ '',
/* time_stamp */ '2026-08-17T23:36:16+08:00',
/* author */ (''),
/* organization */ (''),
/* preprocessor_version */ 'ST-DEVELOPER v20.1',
/* originating_system */ 'Autodesk Translation Framework v15.8.0.0',
/* authorisation */ '');

FILE_SCHEMA (('AUTOMOTIVE_DESIGN { 1 0 10303 214 3 1 1 }'));
ENDSEC;

DATA;
#10=MECHANICAL_DESIGN_GEOMETRIC_PRESENTATION_REPRESENTATION('',(#13),#4134);
#11=SHAPE_REPRESENTATION_RELATIONSHIP('SRR','None',#4141,#12);
#12=ADVANCED_BREP_SHAPE_REPRESENTATION('',(#14),#4133);
#13=STYLED_ITEM('',(#4150),#14);
#14=MANIFOLD_SOLID_BREP('\X2\5B9E4F53\X0\1',#985);
#15=FACE_BOUND('',#123,.T.);
#16=FACE_BOUND('',#132,.T.);
#17=PLANE('',#1044);
#18=PLANE('',#1046);
#19=PLANE('',#1047);
#20=PLANE('',#1048);
#21=PLANE('',#1049);
#22=PLANE('',#1050);
#23=PLANE('',#1051);
#24=PLANE('',#1052);
#25=B_SPLINE_SURFACE_WITH_KNOTS('',3,3,((#2681,#2682,#2683,#2684,#2685,
#2686,#2687,#2688,#2689,#2690,#2691,#2692,#2693,#2694,#2695,#2696,#2697,
#2698,#2699,#2700,#2701,#2702,#2703,#2704,#2705,#2706,#2707,#2708,#2709,
#2710,#2711,#2712,#2713,#2714,#2715,#2716,#2717,#2718,#2719,#2720,#2721,
#2722,#2723,#2724,#2725,#2726,#2727,#2728,#2729,#2730,#2731,#2732,#2733,
#2734,#2735,#2736,#2737,#2738,#2739,#2740,#2741,#2742,#2743,#2744,#2745,
#2746,#2747,#2748,#2749,#2750,#2751,#2752,#2753,#2754,#2755,#2756,#2757,
#2758,#2759,#2760,#2761,#2762,#2763,#2764,#2765,#2766,#2767,#2768,#2769,
#2770,#2771,#2772,#2773,#2774,#2775,#2776,#2777,#2778,#2779,#2780,#2781,
#2782,#2783,#2784,#2785,#2786,#2787,#2788,#2789,#2790,#2791,#2792,#2793,
#2794,#2795,#2796,#2797,#2798,#2799,#2800,#2801,#2802,#2803,#2804,#2805,
#2806,#2807,#2808,#2809,#2810,#2811),(#2812,#2813,#2814,#2815,#2816,#2817,
#2818,#2819,#2820,#2821,#2822,#2823,#2824,#2825,#2826,#2827,#2828,#2829,
#2830,#2831,#2832,#2833,#2834,#2835,#2836,#2837,#2838,#2839,#2840,#2841,
#2842,#2843,#2844,#2845,#2846,#2847,#2848,#2849,#2850,#2851,#2852,#2853,
#2854,#2855,#2856,#2857,#2858,#2859,#2860,#2861,#2862,#2863,#2864,#2865,
#2866,#2867,#2868,#2869,#2870,#2871,#2872,#2873,#2874,#2875,#2876,#2877,
#2878,#2879,#2880,#2881,#2882,#2883,#2884,#2885,#2886,#2887,#2888,#2889,
#2890,#2891,#2892,#2893,#2894,#2895,#2896,#2897,#2898,#2899,#2900,#2901,
#2902,#2903,#2904,#2905,#2906,#2907,#2908,#2909,#2910,#2911,#2912,#2913,
#2914,#2915,#2916,#2917,#2918,#2919,#2920,#2921,#2922,#2923,#2924,#2925,
#2926,#2927,#2928,#2929,#2930,#2931,#2932,#2933,#2934,#2935,#2936,#2937,
#2938,#2939,#2940,#2941,#2942),(#2943,#2944,#2945,#2946,#2947,#2948,#2949,
#2950,#2951,#2952,#2953,#2954,#2955,#2956,#2957,#2958,#2959,#2960,#2961,
#2962,#2963,#2964,#2965,#2966,#2967,#2968,#2969,#2970,#2971,#2972,#2973,
#2974,#2975,#2976,#2977,#2978,#2979,#2980,#2981,#2982,#2983,#2984,#2985,
#2986,#2987,#2988,#2989,#2990,#2991,#2992,#2993,#2994,#2995,#2996,#2997,
#2998,#2999,#3000,#3001,#3002,#3003,#3004,#3005,#3006,#3007,#3008,#3009,
#3010,#3011,#3012,#3013,#3014,#3015,#3016,#3017,#3018,#3019,#3020,#3021,
#3022,#3023,#3024,#3025,#3026,#3027,#3028,#3029,#3030,#3031,#3032,#3033,
#3034,#3035,#3036,#3037,#3038,#3039,#3040,#3041,#3042,#3043,#3044,#3045,
#3046,#3047,#3048,#3049,#3050,#3051,#3052,#3053,#3054,#3055,#3056,#3057,
#3058,#3059,#3060,#3061,#3062,#3063,#3064,#3065,#3066,#3067,#3068,#3069,
#3070,#3071,#3072,#3073),(#3074,#3075,#3076,#3077,#3078,#3079,#3080,#3081,
#3082,#3083,#3084,#3085,#3086,#3087,#3088,#3089,#3090,#3091,#3092,#3093,
#3094,#3095,#3096,#3097,#3098,#3099,#3100,#3101,#3102,#3103,#3104,#3105,
#3106,#3107,#3108,#3109,#3110,#3111,#3112,#3113,#3114,#3115,#3116,#3117,
#3118,#3119,#3120,#3121,#3122,#3123,#3124,#3125,#3126,#3127,#3128,#3129,
#3130,#3131,#3132,#3133,#3134,#3135,#3136,#3137,#3138,#3139,#3140,#3141,
#3142,#3143,#3144,#3145,#3146,#3147,#3148,#3149,#3150,#3151,#3152,#3153,
#3154,#3155,#3156,#3157,#3158,#3159,#3160,#3161,#3162,#3163,#3164,#3165,
#3166,#3167,#3168,#3169,#3170,#3171,#3172,#3173,#3174,#3175,#3176,#3177,
#3178,#3179,#3180,#3181,#3182,#3183,#3184,#3185,#3186,#3187,#3188,#3189,
#3190,#3191,#3192,#3193,#3194,#3195,#3196,#3197,#3198,#3199,#3200,#3201,
#3202,#3203,#3204)),.UNSPECIFIED.,.F.,.F.,.F.,(4,4),(4,1,1,1,1,1,1,1,1,
1,1,1,1,1,1,1,1,1,1,1,1,1,1,1,1,1,1,1,1,1,1,1,1,1,1,1,1,1,1,1,1,1,1,1,1,
1,1,1,1,1,1,1,1,1,1,1,1,1,1,1,1,1,1,1,1,1,1,1,1,1,1,1,1,1,1,1,1,1,1,1,1,
1,1,1,1,1,1,1,1,1,1,1,1,1,1,1,1,1,1,1,1,1,1,1,1,1,1,1,1,1,1,1,1,1,1,1,1,
1,1,1,1,1,1,1,1,1,1,1,4),(0.,0.0321584099938621),(11.8553612635793,12.8528946904179,
13.8504281172566,14.8479615440953,15.8454949709339,16.8430283977726,17.8405618246113,
18.8380952514499,19.8356286782886,20.8331621051272,21.8306955319659,22.8282289588046,
23.8257623856432,24.8232958124819,25.8208292393205,26.8183626661592,27.8158960929979,
28.8134295198365,29.8109629466752,30.8084963735139,31.8060298003525,32.8035632271912,
33.8010966540298,34.7986300808685,35.7961635077072,36.7936969345458,37.7912303613845,
38.7887637882231,39.7862972150618,40.7838306419005,41.7813640687391,42.7788974955778,
43.7764309224165,44.7739643492551,45.7714977760938,46.7690312029324,47.7665646297711,
48.7640980566098,49.7616314834484,50.7591649102871,51.7566983371257,52.7542317639644,
53.7517651908031,54.7492986176417,55.7468320444804,56.744365471319,57.7418988981577,
58.7394323249964,59.736965751835,60.7344991786737,61.7320326055124,62.729566032351,
63.7270994591897,64.7246328860283,65.722166312867,66.7196997397057,67.7172331665443,
68.714766593383,69.7123000202216,70.7098334470603,71.707366873899,72.7049003007376,
73.7024337275763,74.6999671544149,75.6975005812536,76.6950340080923,77.6925674349309,
78.6901008617696,79.6876342886083,80.6851677154469,81.6827011422856,82.6802345691242,
83.6777679959629,84.6753014228016,85.6728348496402,86.6703682764789,87.6679017033175,
88.6654351301562,89.6629685569949,90.6605019838335,91.6580354106722,92.6555688375109,
93.6531022643495,94.6506356911882,95.6481691180268,96.6457025448655,97.6432359717042,
98.6407693985428,99.6383028253815,100.63583625222,101.633369679059,102.630903105897,
103.628436532736,104.625969959575,105.623503386413,106.621036813252,107.618570240091,
108.616103666929,109.613637093768,110.611170520607,111.608703947445,112.606237374284,
113.603770801123,114.601304227961,115.5988376548,116.596371081639,117.593904508477,
118.591437935316,119.588971362155,120.586504788993,121.584038215832,122.581571642671,
123.579105069509,124.576638496348,125.574171923187,126.571705350025,127.569238776864,
128.566772203703,129.564305630541,130.56183905738,131.559372484219,132.556905911057,
133.554439337896,134.551972764735,135.549506191573,136.547039618412,137.544573045251,
138.542106472089,139.539639898928),.UNSPECIFIED.);
#26=B_SPLINE_SURFACE_WITH_KNOTS('',3,3,((#3385,#3386,#3387,#3388,#3389,
#3390,#3391,#3392,#3393,#3394,#3395,#3396,#3397,#3398,#3399,#3400,#3401,
#3402,#3403,#3404,#3405,#3406,#3407,#3408,#3409,#3410,#3411,#3412,#3413,
#3414,#3415,#3416,#3417,#3418,#3419,#3420,#3421,#3422,#3423,#3424,#3425,
#3426,#3427,#3428,#3429,#3430,#3431,#3432,#3433,#3434,#3435,#3436,#3437,
#3438,#3439,#3440,#3441,#3442,#3443,#3444,#3445,#3446,#3447,#3448,#3449,
#3450,#3451,#3452,#3453,#3454,#3455,#3456,#3457,#3458,#3459,#3460,#3461,
#3462,#3463,#3464,#3465,#3466,#3467,#3468,#3469,#3470,#3471,#3472,#3473,
#3474,#3475,#3476,#3477,#3478,#3479,#3480,#3481,#3482,#3483,#3484,#3485,
#3486,#3487,#3488,#3489,#3490,#3491,#3492,#3493,#3494,#3495,#3496,#3497,
#3498,#3499,#3500,#3501,#3502,#3503,#3504,#3505,#3506,#3507,#3508,#3509,
#3510,#3511,#3512,#3513,#3514,#3515),(#3516,#3517,#3518,#3519,#3520,#3521,
#3522,#3523,#3524,#3525,#3526,#3527,#3528,#3529,#3530,#3531,#3532,#3533,
#3534,#3535,#3536,#3537,#3538,#3539,#3540,#3541,#3542,#3543,#3544,#3545,
#3546,#3547,#3548,#3549,#3550,#3551,#3552,#3553,#3554,#3555,#3556,#3557,
#3558,#3559,#3560,#3561,#3562,#3563,#3564,#3565,#3566,#3567,#3568,#3569,
#3570,#3571,#3572,#3573,#3574,#3575,#3576,#3577,#3578,#3579,#3580,#3581,
#3582,#3583,#3584,#3585,#3586,#3587,#3588,#3589,#3590,#3591,#3592,#3593,
#3594,#3595,#3596,#3597,#3598,#3599,#3600,#3601,#3602,#3603,#3604,#3605,
#3606,#3607,#3608,#3609,#3610,#3611,#3612,#3613,#3614,#3615,#3616,#3617,
#3618,#3619,#3620,#3621,#3622,#3623,#3624,#3625,#3626,#3627,#3628,#3629,
#3630,#3631,#3632,#3633,#3634,#3635,#3636,#3637,#3638,#3639,#3640,#3641,
#3642,#3643,#3644,#3645,#3646),(#3647,#3648,#3649,#3650,#3651,#3652,#3653,
#3654,#3655,#3656,#3657,#3658,#3659,#3660,#3661,#3662,#3663,#3664,#3665,
#3666,#3667,#3668,#3669,#3670,#3671,#3672,#3673,#3674,#3675,#3676,#3677,
#3678,#3679,#3680,#3681,#3682,#3683,#3684,#3685,#3686,#3687,#3688,#3689,
#3690,#3691,#3692,#3693,#3694,#3695,#3696,#3697,#3698,#3699,#3700,#3701,
#3702,#3703,#3704,#3705,#3706,#3707,#3708,#3709,#3710,#3711,#3712,#3713,
#3714,#3715,#3716,#3717,#3718,#3719,#3720,#3721,#3722,#3723,#3724,#3725,
#3726,#3727,#3728,#3729,#3730,#3731,#3732,#3733,#3734,#3735,#3736,#3737,
#3738,#3739,#3740,#3741,#3742,#3743,#3744,#3745,#3746,#3747,#3748,#3749,
#3750,#3751,#3752,#3753,#3754,#3755,#3756,#3757,#3758,#3759,#3760,#3761,
#3762,#3763,#3764,#3765,#3766,#3767,#3768,#3769,#3770,#3771,#3772,#3773,
#3774,#3775,#3776,#3777),(#3778,#3779,#3780,#3781,#3782,#3783,#3784,#3785,
#3786,#3787,#3788,#3789,#3790,#3791,#3792,#3793,#3794,#3795,#3796,#3797,
#3798,#3799,#3800,#3801,#3802,#3803,#3804,#3805,#3806,#3807,#3808,#3809,
#3810,#3811,#3812,#3813,#3814,#3815,#3816,#3817,#3818,#3819,#3820,#3821,
#3822,#3823,#3824,#3825,#3826,#3827,#3828,#3829,#3830,#3831,#3832,#3833,
#3834,#3835,#3836,#3837,#3838,#3839,#3840,#3841,#3842,#3843,#3844,#3845,
#3846,#3847,#3848,#3849,#3850,#3851,#3852,#3853,#3854,#3855,#3856,#3857,
#3858,#3859,#3860,#3861,#3862,#3863,#3864,#3865,#3866,#3867,#3868,#3869,
#3870,#3871,#3872,#3873,#3874,#3875,#3876,#3877,#3878,#3879,#3880,#3881,
#3882,#3883,#3884,#3885,#3886,#3887,#3888,#3889,#3890,#3891,#3892,#3893,
#3894,#3895,#3896,#3897,#3898,#3899,#3900,#3901,#3902,#3903,#3904,#3905,
#3906,#3907,#3908)),.UNSPECIFIED.,.F.,.F.,.F.,(4,4),(4,1,1,1,1,1,1,1,1,
1,1,1,1,1,1,1,1,1,1,1,1,1,1,1,1,1,1,1,1,1,1,1,1,1,1,1,1,1,1,1,1,1,1,1,1,
1,1,1,1,1,1,1,1,1,1,1,1,1,1,1,1,1,1,1,1,1,1,1,1,1,1,1,1,1,1,1,1,1,1,1,1,
1,1,1,1,1,1,1,1,1,1,1,1,1,1,1,1,1,1,1,1,1,1,1,1,1,1,1,1,1,1,1,1,1,1,1,1,
1,1,1,1,1,1,1,1,1,1,1,4),(0.,0.0321584099938621),(14.3984001269718,15.3959335538105,
16.3934669806491,17.3910004074878,18.3885338343264,19.3860672611651,20.3836006880038,
21.3811341148424,22.3786675416811,23.3762009685198,24.3737343953584,25.3712678221971,
26.3688012490357,27.3663346758744,28.3638681027131,29.3614015295517,30.3589349563904,
31.356468383229,32.3540018100677,33.3515352369064,34.349068663745,35.3466020905837,
36.3441355174224,37.341668944261,38.3392023710997,39.3367357979383,40.334269224777,
41.3318026516157,42.3293360784543,43.326869505293,44.3244029321316,45.3219363589703,
46.319469785809,47.3170032126476,48.3145366394863,49.3120700663249,50.3096034931636,
51.3071369200023,52.3046703468409,53.3022037736796,54.2997372005183,55.2972706273569,
56.2948040541956,57.2923374810342,58.2898709078729,59.2874043347116,60.2849377615502,
61.2824711883889,62.2800046152275,63.2775380420662,64.2750714689049,65.2726048957435,
66.2701383225822,67.2676717494209,68.2652051762595,69.2627386030982,70.2602720299368,
71.2578054567755,72.2553388836142,73.2528723104528,74.2504057372915,75.2479391641301,
76.2454725909688,77.2430060178075,78.2405394446461,79.2380728714848,80.2356062983235,
81.2331397251621,82.2306731520008,83.2282065788394,84.2257400056781,85.2232734325168,
86.2208068593554,87.2183402861941,88.2158737130327,89.2134071398714,90.2109405667101,
91.2084739935487,92.2060074203874,93.2035408472261,94.2010742740647,95.1986077009034,
96.196141127742,97.1936745545807,98.1912079814194,99.188741408258,100.186274835097,
101.183808261935,102.181341688774,103.178875115613,104.176408542451,105.17394196929,
106.171475396129,107.169008822967,108.166542249806,109.164075676645,110.161609103483,
111.159142530322,112.156675957161,113.154209383999,114.151742810838,115.149276237677,
116.146809664515,117.144343091354,118.141876518193,119.139409945031,120.13694337187,
121.134476798709,122.132010225547,123.129543652386,124.127077079225,125.124610506063,
126.122143932902,127.119677359741,128.117210786579,129.114744213418,130.112277640257,
131.109811067095,132.107344493934,133.104877920773,134.102411347611,135.09994477445,
136.097478201288,137.095011628127,138.092545054966,139.090078481804,140.087611908643,
141.085145335482,142.08267876232),.UNSPECIFIED.);
#27=FACE_OUTER_BOUND('',#79,.T.);
#28=FACE_OUTER_BOUND('',#80,.T.);
#29=FACE_OUTER_BOUND('',#81,.T.);
#30=FACE_OUTER_BOUND('',#82,.T.);
#31=FACE_OUTER_BOUND('',#83,.T.);
#32=FACE_OUTER_BOUND('',#84,.T.);
#33=FACE_OUTER_BOUND('',#85,.T.);
#34=FACE_OUTER_BOUND('',#86,.T.);
#35=FACE_OUTER_BOUND('',#87,.T.);
#36=FACE_OUTER_BOUND('',#88,.T.);
#37=FACE_OUTER_BOUND('',#89,.T.);
#38=FACE_OUTER_BOUND('',#90,.T.);
#39=FACE_OUTER_BOUND('',#91,.T.);
#40=FACE_OUTER_BOUND('',#92,.T.);
#41=FACE_OUTER_BOUND('',#93,.T.);
#42=FACE_OUTER_BOUND('',#94,.T.);
#43=FACE_OUTER_BOUND('',#95,.T.);
#44=FACE_OUTER_BOUND('',#96,.T.);
#45=FACE_OUTER_BOUND('',#97,.T.);
#46=FACE_OUTER_BOUND('',#98,.T.);
#47=FACE_OUTER_BOUND('',#99,.T.);
#48=FACE_OUTER_BOUND('',#100,.T.);
#49=FACE_OUTER_BOUND('',#101,.T.);
#50=FACE_OUTER_BOUND('',#102,.T.);
#51=FACE_OUTER_BOUND('',#103,.T.);
#52=FACE_OUTER_BOUND('',#104,.T.);
#53=FACE_OUTER_BOUND('',#105,.T.);
#54=FACE_OUTER_BOUND('',#106,.T.);
#55=FACE_OUTER_BOUND('',#107,.T.);
#56=FACE_OUTER_BOUND('',#108,.T.);
#57=FACE_OUTER_BOUND('',#109,.T.);
#58=FACE_OUTER_BOUND('',#110,.T.);
#59=FACE_OUTER_BOUND('',#111,.T.);
#60=FACE_OUTER_BOUND('',#112,.T.);
#61=FACE_OUTER_BOUND('',#113,.T.);
#62=FACE_OUTER_BOUND('',#114,.T.);
#63=FACE_OUTER_BOUND('',#115,.T.);
#64=FACE_OUTER_BOUND('',#116,.T.);
#65=FACE_OUTER_BOUND('',#117,.T.);
#66=FACE_OUTER_BOUND('',#118,.T.);
#67=FACE_OUTER_BOUND('',#119,.T.);
#68=FACE_OUTER_BOUND('',#120,.T.);
#69=FACE_OUTER_BOUND('',#121,.T.);
#70=FACE_OUTER_BOUND('',#122,.T.);
#71=FACE_OUTER_BOUND('',#124,.T.);
#72=FACE_OUTER_BOUND('',#125,.T.);
#73=FACE_OUTER_BOUND('',#126,.T.);
#74=FACE_OUTER_BOUND('',#127,.T.);
#75=FACE_OUTER_BOUND('',#128,.T.);
#76=FACE_OUTER_BOUND('',#129,.T.);
#77=FACE_OUTER_BOUND('',#130,.T.);
#78=FACE_OUTER_BOUND('',#131,.T.);
#79=EDGE_LOOP('',(#591,#592,#593,#594));
#80=EDGE_LOOP('',(#595,#596,#597,#598));
#81=EDGE_LOOP('',(#599,#600,#601,#602));
#82=EDGE_LOOP('',(#603,#604,#605,#606));
#83=EDGE_LOOP('',(#607,#608,#609,#610));
#84=EDGE_LOOP('',(#611,#612,#613,#614));
#85=EDGE_LOOP('',(#615,#616,#617,#618));
#86=EDGE_LOOP('',(#619,#620,#621,#622));
#87=EDGE_LOOP('',(#623,#624,#625,#626));
#88=EDGE_LOOP('',(#627,#628,#629,#630));
#89=EDGE_LOOP('',(#631,#632,#633,#634));
#90=EDGE_LOOP('',(#635,#636,#637,#638));
#91=EDGE_LOOP('',(#639,#640,#641,#642));
#92=EDGE_LOOP('',(#643,#644,#645,#646));
#93=EDGE_LOOP('',(#647,#648,#649,#650));
#94=EDGE_LOOP('',(#651,#652,#653,#654));
#95=EDGE_LOOP('',(#655,#656,#657,#658));
#96=EDGE_LOOP('',(#659,#660,#661,#662));
#97=EDGE_LOOP('',(#663,#664,#665,#666));
#98=EDGE_LOOP('',(#667,#668,#669,#670));
#99=EDGE_LOOP('',(#671,#672,#673,#674));
#100=EDGE_LOOP('',(#675,#676,#677,#678));
#101=EDGE_LOOP('',(#679,#680,#681,#682));
#102=EDGE_LOOP('',(#683,#684,#685,#686));
#103=EDGE_LOOP('',(#687,#688,#689,#690));
#104=EDGE_LOOP('',(#691,#692,#693,#694));
#105=EDGE_LOOP('',(#695,#696,#697,#698));
#106=EDGE_LOOP('',(#699,#700,#701,#702));
#107=EDGE_LOOP('',(#703,#704,#705,#706));
#108=EDGE_LOOP('',(#707,#708,#709,#710));
#109=EDGE_LOOP('',(#711,#712,#713,#714));
#110=EDGE_LOOP('',(#715,#716,#717,#718));
#111=EDGE_LOOP('',(#719,#720,#721,#722));
#112=EDGE_LOOP('',(#723,#724,#725,#726));
#113=EDGE_LOOP('',(#727,#728,#729,#730));
#114=EDGE_LOOP('',(#731,#732,#733,#734));
#115=EDGE_LOOP('',(#735,#736,#737,#738));
#116=EDGE_LOOP('',(#739,#740,#741,#742));
#117=EDGE_LOOP('',(#743,#744,#745,#746));
#118=EDGE_LOOP('',(#747,#748,#749,#750));
#119=EDGE_LOOP('',(#751,#752,#753,#754));
#120=EDGE_LOOP('',(#755,#756,#757,#758,#759,#760,#761,#762,#763,#764,#765,
#766,#767,#768,#769,#770,#771,#772,#773,#774,#775,#776,#777,#778,#779,#780,
#781,#782,#783,#784,#785,#786,#787,#788,#789,#790,#791,#792,#793,#794,#795,
#796,#797,#798));
#121=EDGE_LOOP('',(#799,#800,#801,#802,#803,#804,#805,#806,#807,#808,#809,
#810,#811,#812,#813,#814,#815,#816,#817,#818,#819,#820,#821,#822,#823,#824,
#825,#826,#827,#828,#829,#830,#831,#832,#833,#834,#835,#836,#837,#838,#839,
#840,#841,#842));
#122=EDGE_LOOP('',(#843,#844,#845,#846,#847,#848));
#123=EDGE_LOOP('',(#849,#850,#851,#852));
#124=EDGE_LOOP('',(#853,#854,#855,#856));
#125=EDGE_LOOP('',(#857,#858,#859,#860));
#126=EDGE_LOOP('',(#861,#862,#863,#864));
#127=EDGE_LOOP('',(#865,#866,#867,#868));
#128=EDGE_LOOP('',(#869,#870,#871,#872));
#129=EDGE_LOOP('',(#873,#874,#875,#876));
#130=EDGE_LOOP('',(#877,#878,#879,#880));
#131=EDGE_LOOP('',(#881,#882,#883,#884,#885,#886));
#132=EDGE_LOOP('',(#887,#888,#889,#890));
#133=CIRCLE('',#1000,1.2645);
#134=CIRCLE('',#1020,1.2645);
#135=CIRCLE('',#1022,1.543);
#136=CIRCLE('',#1042,1.543);
#137=B_SPLINE_CURVE_WITH_KNOTS('',3,(#1227,#1228,#1229,#1230,#1231,#1232,
#1233,#1234,#1235,#1236,#1237,#1238,#1239),.UNSPECIFIED.,.F.,.F.,(4,3,3,
3,4),(-3.85260200436962,-2.99260028051598,-1.99506685367732,-0.997533426838661,
0.),.UNSPECIFIED.);
#138=B_SPLINE_CURVE_WITH_KNOTS('',3,(#1242,#1243,#1244,#1245,#1246,#1247,
#1248,#1249,#1250,#1251,#1252,#1253,#1254,#1255,#1256,#1257,#1258,#1259,
#1260),.UNSPECIFIED.,.F.,.F.,(4,3,3,3,3,3,4),(2.02057249175692,2.99260028051599,
3.99013370735465,4.98766713419331,5.98520056103197,6.98273398787064,7.59274844815657),
 .UNSPECIFIED.);
#139=B_SPLINE_CURVE_WITH_KNOTS('',3,(#1265,#1266,#1267,#1268,#1269,#1270,
#1271,#1272,#1273,#1274,#1275,#1276,#1277,#1278,#1279,#1280,#1281,#1282,
#1283,#1284,#1285,#1286,#1287,#1288,#1289),.UNSPECIFIED.,.F.,.F.,(4,3,3,
3,3,3,3,3,4),(-10.1357873115492,-9.97533426838661,-8.97780084154795,-7.98026741470929,
-6.98273398787063,-5.98520056103197,-4.98766713419331,-3.99013370735464,
-3.85260200436962),.UNSPECIFIED.);
#140=B_SPLINE_CURVE_WITH_KNOTS('',3,(#1290,#1291,#1292,#1293,#1294,#1295,
#1296,#1297,#1298,#1299,#1300,#1301,#1302,#1303,#1304,#1305,#1306,#1307,
#1308,#1309,#1310,#1311),.UNSPECIFIED.,.F.,.F.,(4,3,3,3,3,3,3,4),(7.59274844815657,
7.9802674147093,8.97780084154796,9.97533426838662,10.9728676952253,11.9704011220639,
12.9679345489026,13.8759337553362),.UNSPECIFIED.);
#141=B_SPLINE_CURVE_WITH_KNOTS('',3,(#1316,#1317,#1318,#1319,#1320,#1321,
#1322,#1323,#1324,#1325,#1326,#1327,#1328,#1329,#1330,#1331,#1332,#1333,
#1334,#1335,#1336,#1337),.UNSPECIFIED.,.F.,.F.,(4,3,3,3,3,3,3,4),(-16.4189726187288,
-15.9605348294186,-14.9630014025799,-13.9654679757413,-12.9679345489026,
-11.9704011220639,-10.9728676952253,-10.1357873115492),.UNSPECIFIED.);
#142=B_SPLINE_CURVE_WITH_KNOTS('',3,(#1338,#1339,#1340,#1341,#1342,#1343,
#1344,#1345,#1346,#1347,#1348,#1349,#1350,#1351,#1352,#1353,#1354,#1355,
#1356,#1357,#1358,#1359,#1360,#1361,#1362),.UNSPECIFIED.,.F.,.F.,(4,3,3,
3,3,3,3,3,4),(13.8759337553362,13.9654679757413,14.9630014025799,15.9605348294186,
16.9580682562572,17.9556016830959,18.9531351099346,19.9506685367732,20.1591190625157),
 .UNSPECIFIED.);
#143=B_SPLINE_CURVE_WITH_KNOTS('',3,(#1367,#1368,#1369,#1370,#1371,#1372,
#1373,#1374,#1375,#1376,#1377,#1378,#1379,#1380,#1381,#1382,#1383,#1384,
#1385,#1386,#1387,#1388),.UNSPECIFIED.,.F.,.F.,(4,3,3,3,3,3,3,4),(-22.7021579259084,
-21.9457353904505,-20.9482019636119,-19.9506685367732,-18.9531351099346,
-17.9556016830959,-16.9580682562572,-16.4189726187288),.UNSPECIFIED.);
#144=B_SPLINE_CURVE_WITH_KNOTS('',3,(#1389,#1390,#1391,#1392,#1393,#1394,
#1395,#1396,#1397,#1398,#1399,#1400,#1401,#1402,#1403,#1404,#1405,#1406,
#1407,#1408,#1409,#1410),.UNSPECIFIED.,.F.,.F.,(4,3,3,3,3,3,3,4),(20.1591190625157,
20.9482019636119,21.9457353904506,22.9432688172892,23.9408022441279,24.9383356709665,
25.9358690978052,26.4423043696953),.UNSPECIFIED.);
#145=B_SPLINE_CURVE_WITH_KNOTS('',3,(#1415,#1416,#1417,#1418,#1419,#1420,
#1421,#1422,#1423,#1424,#1425,#1426,#1427,#1428,#1429,#1430,#1431,#1432,
#1433,#1434,#1435,#1436,#1437,#1438,#1439),.UNSPECIFIED.,.F.,.F.,(4,3,3,
3,3,3,3,3,4),(-28.985343233088,-28.9284693783212,-27.9309359514825,-26.9334025246439,
-25.9358690978052,-24.9383356709665,-23.9408022441279,-22.9432688172892,
-22.7021579259084),.UNSPECIFIED.);
#146=B_SPLINE_CURVE_WITH_KNOTS('',3,(#1440,#1441,#1442,#1443,#1444,#1445,
#1446,#1447,#1448,#1449,#1450,#1451,#1452,#1453,#1454,#1455,#1456,#1457,
#1458,#1459,#1460,#1461),.UNSPECIFIED.,.F.,.F.,(4,3,3,3,3,3,3,4),(26.4423043696953,
26.9334025246439,27.9309359514825,28.9284693783212,29.9260028051598,30.9235362319985,
31.9210696588372,32.7254896768749),.UNSPECIFIED.);
#147=B_SPLINE_CURVE_WITH_KNOTS('',3,(#1466,#1467,#1468,#1469,#1470,#1471,
#1472,#1473,#1474,#1475,#1476,#1477,#1478,#1479,#1480,#1481,#1482,#1483,
#1484,#1485,#1486,#1487),.UNSPECIFIED.,.F.,.F.,(4,3,3,3,3,3,3,4),(-35.2685285402676,
-34.9136699393532,-33.9161365125145,-32.9186030856758,-31.9210696588372,
-30.9235362319985,-29.9260028051598,-28.985343233088),.UNSPECIFIED.);
#148=B_SPLINE_CURVE_WITH_KNOTS('',3,(#1488,#1489,#1490,#1491,#1492,#1493,
#1494,#1495,#1496,#1497,#1498,#1499,#1500,#1501,#1502,#1503,#1504,#1505,
#1506,#1507,#1508,#1509,#1510,#1511,#1512),.UNSPECIFIED.,.F.,.F.,(4,3,3,
3,3,3,3,3,4),(32.7254896768749,32.9186030856758,33.9161365125145,34.9136699393531,
35.9112033661918,36.9087367930305,37.9062702198691,38.9038036467078,39.0086749840545),
 .UNSPECIFIED.);
#149=B_SPLINE_CURVE_WITH_KNOTS('',3,(#1517,#1518,#1519,#1520,#1521,#1522,
#1523,#1524,#1525,#1526,#1527,#1528,#1529,#1530,#1531,#1532,#1533,#1534,
#1535,#1536,#1537,#1538),.UNSPECIFIED.,.F.,.F.,(4,3,3,3,3,3,3,4),(-41.5517138474471,
-40.8988705003851,-39.9013370735465,-38.9038036467078,-37.9062702198691,
-36.9087367930305,-35.9112033661918,-35.2685285402676),.UNSPECIFIED.);
#150=B_SPLINE_CURVE_WITH_KNOTS('',3,(#1539,#1540,#1541,#1542,#1543,#1544,
#1545,#1546,#1547,#1548,#1549,#1550,#1551,#1552,#1553,#1554,#1555,#1556,
#1557,#1558,#1559,#1560),.UNSPECIFIED.,.F.,.F.,(4,3,3,3,3,3,3,4),(39.0086749840545,
39.9013370735465,40.8988705003851,41.8964039272238,42.8939373540624,43.8914707809011,
44.8890042077398,45.2918602912341),.UNSPECIFIED.);
#151=B_SPLINE_CURVE_WITH_KNOTS('',3,(#1565,#1566,#1567,#1568,#1569,#1570,
#1571,#1572,#1573,#1574,#1575,#1576,#1577,#1578,#1579,#1580,#1581,#1582,
#1583,#1584,#1585,#1586),.UNSPECIFIED.,.F.,.F.,(4,3,3,3,3,3,3,4),(-47.8348991546267,
-46.8840710614171,-45.8865376345784,-44.8890042077398,-43.8914707809011,
-42.8939373540624,-41.8964039272238,-41.5517138474471),.UNSPECIFIED.);
#152=B_SPLINE_CURVE_WITH_KNOTS('',3,(#1587,#1588,#1589,#1590,#1591,#1592,
#1593,#1594,#1595,#1596,#1597,#1598,#1599,#1600,#1601,#1602,#1603,#1604,
#1605,#1606,#1607,#1608),.UNSPECIFIED.,.F.,.F.,(4,3,3,3,3,3,3,4),(45.2918602912341,
45.8865376345784,46.8840710614171,47.8816044882557,48.8791379150944,49.8766713419331,
50.8742047687717,51.5750455984137),.UNSPECIFIED.);
#153=B_SPLINE_CURVE_WITH_KNOTS('',3,(#1613,#1614,#1615,#1616,#1617,#1618,
#1619,#1620,#1621,#1622,#1623,#1624,#1625,#1626,#1627,#1628,#1629,#1630,
#1631,#1632,#1633,#1634,#1635,#1636,#1637),.UNSPECIFIED.,.F.,.F.,(4,3,3,
3,3,3,3,3,4),(-54.1180844618063,-53.8668050492877,-52.869271622449,-51.8717381956104,
-50.8742047687717,-49.8766713419331,-48.8791379150944,-47.8816044882557,
-47.8348991546267),.UNSPECIFIED.);
#154=B_SPLINE_CURVE_WITH_KNOTS('',3,(#1638,#1639,#1640,#1641,#1642,#1643,
#1644,#1645,#1646,#1647,#1648,#1649,#1650,#1651,#1652,#1653,#1654,#1655,
#1656,#1657,#1658,#1659),.UNSPECIFIED.,.F.,.F.,(4,3,3,3,3,3,3,4),(51.5750455984137,
51.8717381956104,52.869271622449,53.8668050492877,54.8643384761264,55.861871902965,
56.8594053298037,57.8582309055933),.UNSPECIFIED.);
#155=B_SPLINE_CURVE_WITH_KNOTS('',3,(#1664,#1665,#1666,#1667,#1668,#1669,
#1670,#1671,#1672,#1673,#1674,#1675,#1676,#1677,#1678,#1679,#1680,#1681,
#1682,#1683,#1684,#1685),.UNSPECIFIED.,.F.,.F.,(4,3,3,3,3,3,3,4),(-60.4012697689859,
-59.8520056103197,-58.854472183481,-57.8569387566424,-56.8594053298037,
-55.861871902965,-54.8643384761264,-54.1180844618063),.UNSPECIFIED.);
#156=B_SPLINE_CURVE_WITH_KNOTS('',3,(#1686,#1687,#1688,#1689,#1690,#1691,
#1692,#1693,#1694,#1695,#1696,#1697,#1698,#1699,#1700,#1701,#1702,#1703,
#1704,#1705,#1706,#1707),.UNSPECIFIED.,.F.,.F.,(4,3,3,3,3,3,3,4),(57.8582309055933,
58.854472183481,59.8520056103197,60.8495390371584,61.847072463997,62.8446058908357,
63.8421393176744,64.1414162127729),.UNSPECIFIED.);
#157=B_SPLINE_CURVE_WITH_KNOTS('',3,(#1712,#1713,#1714,#1715,#1716,#1717,
#1718,#1719,#1720,#1721,#1722,#1723,#1724,#1725,#1726,#1727,#1728,#1729,
#1730,#1731,#1732,#1733),.UNSPECIFIED.,.F.,.F.,(4,3,3,3,3,3,3,4),(-66.6844550761655,
-65.8372061713517,-64.839672744513,-63.8421393176743,-62.8446058908357,
-61.847072463997,-60.8495390371583,-60.4012697689859),.UNSPECIFIED.);
#158=B_SPLINE_CURVE_WITH_KNOTS('',3,(#1734,#1735,#1736,#1737,#1738,#1739,
#1740,#1741,#1742,#1743,#1744,#1745,#1746,#1747,#1748,#1749,#1750,#1751,
#1752,#1753,#1754,#1755),.UNSPECIFIED.,.F.,.F.,(4,3,3,3,3,3,3,4),(64.1414162127729,
64.839672744513,65.8372061713517,66.8347395981903,67.832273025029,68.8298064518676,
69.8273398787063,70.4246015199525),.UNSPECIFIED.);
#159=B_SPLINE_CURVE_WITH_KNOTS('',3,(#1760,#1761,#1762,#1763,#1764,#1765,
#1766,#1767,#1768,#1769,#1770,#1771,#1772,#1773,#1774,#1775,#1776,#1777,
#1778,#1779,#1780,#1781,#1782,#1783,#1784),.UNSPECIFIED.,.F.,.F.,(4,3,3,
3,3,3,3,3,4),(-72.9676403833451,-72.8199401592223,-71.8224067323836,-70.8248733055449,
-69.8273398787063,-68.8298064518676,-67.832273025029,-66.8347395981903,
-66.6844550761655),.UNSPECIFIED.);
#160=B_SPLINE_CURVE_WITH_KNOTS('',3,(#1785,#1786,#1787,#1788,#1789,#1790,
#1791,#1792,#1793,#1794,#1795,#1796,#1797,#1798,#1799,#1800,#1801,#1802,
#1803,#1804,#1805,#1806),.UNSPECIFIED.,.F.,.F.,(4,3,3,3,3,3,3,4),(70.4246015199525,
70.824873305545,71.8224067323836,72.8199401592223,73.8174735860609,74.8150070128996,
75.8125404397383,76.7077868271321),.UNSPECIFIED.);
#161=B_SPLINE_CURVE_WITH_KNOTS('',3,(#1811,#1812,#1813,#1814,#1815,#1816,
#1817,#1818,#1819,#1820,#1821,#1822,#1823,#1824,#1825,#1826,#1827,#1828,
#1829,#1830,#1831,#1832),.UNSPECIFIED.,.F.,.F.,(4,3,3,3,3,3,3,4),(-79.2508256905247,
-78.8051407202542,-77.8076072934156,-76.8100738665769,-75.8125404397382,
-74.8150070128996,-73.8174735860609,-72.9676403833451),.UNSPECIFIED.);
#162=B_SPLINE_CURVE_WITH_KNOTS('',3,(#1833,#1834,#1835,#1836,#1837,#1838,
#1839,#1840,#1841,#1842,#1843,#1844,#1845,#1846,#1847,#1848,#1849,#1850,
#1851,#1852,#1853,#1854,#1855,#1856,#1857),.UNSPECIFIED.,.F.,.F.,(4,3,3,
3,3,3,3,3,4),(76.7077868271321,76.8100738665769,77.8076072934156,78.8051407202543,
79.8026741470929,80.8002075739316,81.7977410007703,82.7952744276089,82.9909721343116),
 .UNSPECIFIED.);
#163=B_SPLINE_CURVE_WITH_KNOTS('',3,(#1862,#1863,#1864,#1865,#1866,#1867,
#1868,#1869,#1870,#1871,#1872,#1873,#1874,#1875,#1876,#1877,#1878,#1879,
#1880,#1881,#1882,#1883),.UNSPECIFIED.,.F.,.F.,(4,3,3,3,3,3,3,4),(-85.5340109977043,
-84.7903412812862,-83.7928078544476,-82.7952744276089,-81.7977410007702,
-80.8002075739316,-79.8026741470929,-79.2508256905247),.UNSPECIFIED.);
#164=B_SPLINE_CURVE_WITH_KNOTS('',3,(#1884,#1885,#1886,#1887,#1888,#1889,
#1890,#1891,#1892,#1893,#1894,#1895,#1896,#1897,#1898,#1899,#1900,#1901,
#1902,#1903,#1904,#1905),.UNSPECIFIED.,.F.,.F.,(4,3,3,3,3,3,3,4),(82.9909721343116,
83.7928078544476,84.7903412812862,85.7878747081249,86.7854081349636,87.7829415618022,
88.7804749886409,89.2741574414912),.UNSPECIFIED.);
#165=B_SPLINE_CURVE_WITH_KNOTS('',3,(#1910,#1911,#1912,#1913,#1914,#1915,
#1916,#1917,#1918,#1919,#1920,#1921,#1922,#1923,#1924,#1925,#1926,#1927,
#1928,#1929,#1930,#1931,#1932,#1933,#1934),.UNSPECIFIED.,.F.,.F.,(4,3,3,
3,3,3,3,3,4),(-91.8171963048839,-91.7730752691568,-90.7755418423182,-89.7780084154795,
-88.7804749886409,-87.7829415618022,-86.7854081349635,-85.7878747081249,
-85.5340109977043),.UNSPECIFIED.);
#166=B_SPLINE_CURVE_WITH_KNOTS('',3,(#1935,#1936,#1937,#1938,#1939,#1940,
#1941,#1942,#1943,#1944,#1945,#1946,#1947,#1948,#1949,#1950,#1951,#1952,
#1953,#1954,#1955,#1956),.UNSPECIFIED.,.F.,.F.,(4,3,3,3,3,3,3,4),(89.2741574414912,
89.7780084154795,90.7755418423182,91.7730752691568,92.7706086959955,93.7681421228341,
94.7656755496728,95.5573427486708),.UNSPECIFIED.);
#167=B_SPLINE_CURVE_WITH_KNOTS('',3,(#1961,#1962,#1963,#1964,#1965,#1966,
#1967,#1968,#1969,#1970,#1971,#1972,#1973,#1974,#1975,#1976,#1977,#1978,
#1979,#1980,#1981,#1982),.UNSPECIFIED.,.F.,.F.,(4,3,3,3,3,3,3,4),(-98.1003816120635,
-97.7582758301888,-96.7607424033502,-95.7632089765115,-94.7656755496728,
-93.7681421228342,-92.7706086959955,-91.8171963048839),.UNSPECIFIED.);
#168=B_SPLINE_CURVE_WITH_KNOTS('',3,(#1983,#1984,#1985,#1986,#1987,#1988,
#1989,#1990,#1991,#1992,#1993,#1994,#1995,#1996,#1997,#1998,#1999,#2000,
#2001,#2002,#2003,#2004,#2005,#2006,#2007),.UNSPECIFIED.,.F.,.F.,(4,3,3,
3,3,3,3,3,4),(95.5573427486708,95.7632089765115,96.7607424033501,97.7582758301888,
98.7558092570275,99.7533426838661,100.750876110705,101.748409537543,101.84052805585),
 .UNSPECIFIED.);
#169=B_SPLINE_CURVE_WITH_KNOTS('',3,(#2012,#2013,#2014,#2015,#2016,#2017,
#2018,#2019,#2020,#2021,#2022,#2023,#2024,#2025,#2026,#2027,#2028,#2029,
#2030,#2031,#2032,#2033),.UNSPECIFIED.,.F.,.F.,(4,3,3,3,3,3,3,4),(-104.383566919243,
-103.743476391221,-102.745942964382,-101.748409537543,-100.750876110705,
-99.7533426838662,-98.7558092570275,-98.1003816120635),.UNSPECIFIED.);
#170=B_SPLINE_CURVE_WITH_KNOTS('',3,(#2034,#2035,#2036,#2037,#2038,#2039,
#2040,#2041,#2042,#2043,#2044,#2045,#2046,#2047,#2048,#2049,#2050,#2051,
#2052,#2053,#2054,#2055),.UNSPECIFIED.,.F.,.F.,(4,3,3,3,3,3,3,4),(101.84052805585,
102.745942964382,103.743476391221,104.741009818059,105.738543244898,106.736076671737,
107.733610098575,108.12371336303),.UNSPECIFIED.);
#171=B_SPLINE_CURVE_WITH_KNOTS('',3,(#2060,#2061,#2062,#2063,#2064,#2065,
#2066,#2067,#2068,#2069,#2070,#2071,#2072,#2073,#2074,#2075,#2076,#2077,
#2078,#2079,#2080,#2081),.UNSPECIFIED.,.F.,.F.,(4,3,3,3,3,3,3,4),(-110.666752226423,
-109.728676952253,-108.731143525414,-107.733610098575,-106.736076671737,
-105.738543244898,-104.741009818059,-104.383566919243),.UNSPECIFIED.);
#172=B_SPLINE_CURVE_WITH_KNOTS('',3,(#2082,#2083,#2084,#2085,#2086,#2087,
#2088,#2089,#2090,#2091,#2092,#2093,#2094,#2095,#2096,#2097,#2098,#2099,
#2100,#2101,#2102,#2103),.UNSPECIFIED.,.F.,.F.,(4,3,3,3,3,3,3,4),(108.12371336303,
108.731143525414,109.728676952253,110.726210379091,111.72374380593,112.721277232769,
113.718810659607,114.40689867021),.UNSPECIFIED.);
#173=B_SPLINE_CURVE_WITH_KNOTS('',3,(#2108,#2109,#2110,#2111,#2112,#2113,
#2114,#2115,#2116,#2117,#2118,#2119,#2120,#2121,#2122,#2123,#2124,#2125,
#2126,#2127,#2128,#2129,#2130,#2131,#2132),.UNSPECIFIED.,.F.,.F.,(4,3,3,
3,3,3,3,3,4),(-116.949937533602,-116.711410940123,-115.713877513285,-114.716344086446,
-113.718810659607,-112.721277232769,-111.72374380593,-110.726210379091,
-110.666752226423),.UNSPECIFIED.);
#174=B_SPLINE_CURVE_WITH_KNOTS('',3,(#2133,#2134,#2135,#2136,#2137,#2138,
#2139,#2140,#2141,#2142,#2143,#2144,#2145,#2146,#2147,#2148,#2149,#2150,
#2151,#2152,#2153,#2154),.UNSPECIFIED.,.F.,.F.,(4,3,3,3,3,3,3,4),(114.40689867021,
114.716344086446,115.713877513285,116.711410940123,117.708944366962,118.706477793801,
119.704011220639,120.690083977389),.UNSPECIFIED.);
#175=B_SPLINE_CURVE_WITH_KNOTS('',3,(#2160,#2161,#2162,#2163),
 .UNSPECIFIED.,.F.,.F.,(4,4),(126.973269284569,127.684278635349),
 .UNSPECIFIED.);
#176=B_SPLINE_CURVE_WITH_KNOTS('',3,(#2166,#2167,#2168,#2169,#2170,#2171,
#2172,#2173,#2174,#2175),.UNSPECIFIED.,.F.,.F.,(4,3,3,4),(-125.663706143592,
-124.691678354833,-123.694144927994,-123.233122840782),.UNSPECIFIED.);
#177=B_SPLINE_CURVE_WITH_KNOTS('',3,(#2181,#2182,#2183,#2184,#2185,#2186,
#2187,#2188),.UNSPECIFIED.,.F.,.F.,(4,1,1,1,1,4),(135.088484104361,135.549506191573,
136.547039618412,137.544573045251,138.542106472089,139.539639898928),
 .UNSPECIFIED.);
#178=B_SPLINE_CURVE_WITH_KNOTS('',3,(#2191,#2192,#2193,#2194,#2195,#2196,
#2197,#2198,#2199),.UNSPECIFIED.,.F.,.F.,(4,1,1,1,1,1,4),(135.088484104361,
135.09994477445,136.097478201288,137.095011628127,138.092545054966,139.090078481804,
140.062106270563),.UNSPECIFIED.);
#179=B_SPLINE_CURVE_WITH_KNOTS('',3,(#2204,#2205,#2206,#2207,#2208,#2209,
#2210,#2211,#2212,#2213),.UNSPECIFIED.,.F.,.F.,(4,1,1,1,1,1,1,4),(128.805298797182,
129.564305630541,130.56183905738,131.559372484219,132.556905911057,133.554439337896,
134.551972764735,135.088484104361),.UNSPECIFIED.);
#180=B_SPLINE_CURVE_WITH_KNOTS('',3,(#2214,#2215,#2216,#2217,#2218,#2219,
#2220,#2221,#2222,#2223),.UNSPECIFIED.,.F.,.F.,(4,1,1,1,1,1,1,4),(128.805298797182,
129.114744213418,130.112277640257,131.109811067095,132.107344493934,133.104877920773,
134.102411347611,135.088484104361),.UNSPECIFIED.);
#181=B_SPLINE_CURVE_WITH_KNOTS('',3,(#2228,#2229,#2230,#2231,#2232,#2233,
#2234,#2235,#2236,#2237,#2238),.UNSPECIFIED.,.F.,.F.,(4,1,1,1,1,1,1,1,4),
(122.522113490002,122.581571642671,123.579105069509,124.576638496348,125.574171923187,
126.571705350025,127.569238776864,128.566772203703,128.805298797182),
 .UNSPECIFIED.);
#182=B_SPLINE_CURVE_WITH_KNOTS('',3,(#2239,#2240,#2241,#2242,#2243,#2244,
#2245,#2246,#2247,#2248),.UNSPECIFIED.,.F.,.F.,(4,1,1,1,1,1,1,4),(122.522113490002,
123.129543652386,124.127077079225,125.124610506063,126.122143932902,127.119677359741,
128.117210786579,128.805298797182),.UNSPECIFIED.);
#183=B_SPLINE_CURVE_WITH_KNOTS('',3,(#2253,#2254,#2255,#2256,#2257,#2258,
#2259,#2260,#2261,#2262),.UNSPECIFIED.,.F.,.F.,(4,1,1,1,1,1,1,4),(116.238928182822,
116.596371081639,117.593904508477,118.591437935316,119.588971362155,120.586504788993,
121.584038215832,122.522113490002),.UNSPECIFIED.);
#184=B_SPLINE_CURVE_WITH_KNOTS('',3,(#2263,#2264,#2265,#2266,#2267,#2268,
#2269,#2270,#2271,#2272),.UNSPECIFIED.,.F.,.F.,(4,1,1,1,1,1,1,4),(116.238928182822,
117.144343091354,118.141876518193,119.139409945031,120.13694337187,121.134476798709,
122.132010225547,122.522113490002),.UNSPECIFIED.);
#185=B_SPLINE_CURVE_WITH_KNOTS('',3,(#2277,#2278,#2279,#2280,#2281,#2282,
#2283,#2284,#2285,#2286),.UNSPECIFIED.,.F.,.F.,(4,1,1,1,1,1,1,4),(109.955742875643,
110.611170520607,111.608703947445,112.606237374284,113.603770801123,114.601304227961,
115.5988376548,116.238928182822),.UNSPECIFIED.);
#186=B_SPLINE_CURVE_WITH_KNOTS('',3,(#2287,#2288,#2289,#2290,#2291,#2292,
#2293,#2294,#2295,#2296,#2297),.UNSPECIFIED.,.F.,.F.,(4,1,1,1,1,1,1,1,4),
(109.955742875643,110.161609103483,111.159142530322,112.156675957161,113.154209383999,
114.151742810838,115.149276237677,116.146809664515,116.238928182822),
 .UNSPECIFIED.);
#187=B_SPLINE_CURVE_WITH_KNOTS('',3,(#2302,#2303,#2304,#2305,#2306,#2307,
#2308,#2309,#2310,#2311),.UNSPECIFIED.,.F.,.F.,(4,1,1,1,1,1,1,4),(103.672557568463,
104.625969959575,105.623503386413,106.621036813252,107.618570240091,108.616103666929,
109.613637093768,109.955742875643),.UNSPECIFIED.);
#188=B_SPLINE_CURVE_WITH_KNOTS('',3,(#2312,#2313,#2314,#2315,#2316,#2317,
#2318,#2319,#2320,#2321),.UNSPECIFIED.,.F.,.F.,(4,1,1,1,1,1,1,4),(103.672557568463,
104.176408542451,105.17394196929,106.171475396129,107.169008822967,108.166542249806,
109.164075676645,109.955742875643),.UNSPECIFIED.);
#189=B_SPLINE_CURVE_WITH_KNOTS('',3,(#2326,#2327,#2328,#2329,#2330,#2331,
#2332,#2333,#2334,#2335,#2336),.UNSPECIFIED.,.F.,.F.,(4,1,1,1,1,1,1,1,4),
(97.3893722612836,97.6432359717042,98.6407693985428,99.6383028253815,100.63583625222,
101.633369679059,102.630903105897,103.628436532736,103.672557568463),
 .UNSPECIFIED.);
#190=B_SPLINE_CURVE_WITH_KNOTS('',3,(#2337,#2338,#2339,#2340,#2341,#2342,
#2343,#2344,#2345,#2346),.UNSPECIFIED.,.F.,.F.,(4,1,1,1,1,1,1,4),(97.3893722612836,
98.1912079814194,99.188741408258,100.186274835097,101.183808261935,102.181341688774,
103.178875115613,103.672557568463),.UNSPECIFIED.);
#191=B_SPLINE_CURVE_WITH_KNOTS('',3,(#2351,#2352,#2353,#2354,#2355,#2356,
#2357,#2358,#2359,#2360),.UNSPECIFIED.,.F.,.F.,(4,1,1,1,1,1,1,4),(91.106186954104,
91.6580354106722,92.6555688375109,93.6531022643495,94.6506356911882,95.6481691180268,
96.6457025448655,97.3893722612836),.UNSPECIFIED.);
#192=B_SPLINE_CURVE_WITH_KNOTS('',3,(#2361,#2362,#2363,#2364,#2365,#2366,
#2367,#2368,#2369,#2370,#2371),.UNSPECIFIED.,.F.,.F.,(4,1,1,1,1,1,1,1,4),
(91.106186954104,91.2084739935487,92.2060074203874,93.2035408472261,94.2010742740647,
95.1986077009034,96.196141127742,97.1936745545807,97.3893722612836),
 .UNSPECIFIED.);
#193=B_SPLINE_CURVE_WITH_KNOTS('',3,(#2376,#2377,#2378,#2379,#2380,#2381,
#2382,#2383,#2384,#2385),.UNSPECIFIED.,.F.,.F.,(4,1,1,1,1,1,1,4),(84.8230016469244,
85.6728348496402,86.6703682764789,87.6679017033175,88.6654351301562,89.6629685569949,
90.6605019838335,91.106186954104),.UNSPECIFIED.);
#194=B_SPLINE_CURVE_WITH_KNOTS('',3,(#2386,#2387,#2388,#2389,#2390,#2391,
#2392,#2393,#2394,#2395),.UNSPECIFIED.,.F.,.F.,(4,1,1,1,1,1,1,4),(84.8230016469244,
85.2232734325168,86.2208068593554,87.2183402861941,88.2158737130327,89.2134071398714,
90.2109405667101,91.106186954104),.UNSPECIFIED.);
#195=B_SPLINE_CURVE_WITH_KNOTS('',3,(#2400,#2401,#2402,#2403,#2404,#2405,
#2406,#2407,#2408,#2409,#2410),.UNSPECIFIED.,.F.,.F.,(4,1,1,1,1,1,1,1,4),
(78.5398163397448,78.6901008617696,79.6876342886083,80.6851677154469,81.6827011422856,
82.6802345691242,83.6777679959629,84.6753014228016,84.8230016469244),
 .UNSPECIFIED.);
#196=B_SPLINE_CURVE_WITH_KNOTS('',3,(#2411,#2412,#2413,#2414,#2415,#2416,
#2417,#2418,#2419,#2420),.UNSPECIFIED.,.F.,.F.,(4,1,1,1,1,1,1,4),(78.5398163397448,
79.2380728714848,80.2356062983235,81.2331397251621,82.2306731520008,83.2282065788394,
84.2257400056781,84.8230016469244),.UNSPECIFIED.);
#197=B_SPLINE_CURVE_WITH_KNOTS('',3,(#2425,#2426,#2427,#2428,#2429,#2430,
#2431,#2432,#2433,#2434),.UNSPECIFIED.,.F.,.F.,(4,1,1,1,1,1,1,4),(72.2566310325652,
72.7049003007376,73.7024337275763,74.6999671544149,75.6975005812536,76.6950340080923,
77.6925674349309,78.5398163397448),.UNSPECIFIED.);
#198=B_SPLINE_CURVE_WITH_KNOTS('',3,(#2435,#2436,#2437,#2438,#2439,#2440,
#2441,#2442,#2443,#2444),.UNSPECIFIED.,.F.,.F.,(4,1,1,1,1,1,1,4),(72.2566310325652,
73.2528723104528,74.2504057372915,75.2479391641301,76.2454725909688,77.2430060178075,
78.2405394446461,78.5398163397448),.UNSPECIFIED.);
#199=B_SPLINE_CURVE_WITH_KNOTS('',3,(#2449,#2450,#2451,#2452,#2453,#2454,
#2455,#2456,#2457,#2458),.UNSPECIFIED.,.F.,.F.,(4,1,1,1,1,1,1,4),(65.9734457253856,
66.7196997397057,67.7172331665443,68.714766593383,69.7123000202216,70.7098334470603,
71.707366873899,72.2566310325652),.UNSPECIFIED.);
#200=B_SPLINE_CURVE_WITH_KNOTS('',3,(#2459,#2460,#2461,#2462,#2463,#2464,
#2465,#2466,#2467,#2468,#2469),.UNSPECIFIED.,.F.,.F.,(4,1,1,1,1,1,1,1,4),
(65.9734457253856,66.2701383225822,67.2676717494209,68.2652051762595,69.2627386030982,
70.2602720299368,71.2578054567755,72.2553388836142,72.2566310325652),
 .UNSPECIFIED.);
#201=B_SPLINE_CURVE_WITH_KNOTS('',3,(#2474,#2475,#2476,#2477,#2478,#2479,
#2480,#2481,#2482,#2483,#2484),.UNSPECIFIED.,.F.,.F.,(4,1,1,1,1,1,1,1,4),
(59.690260418206,59.736965751835,60.7344991786737,61.7320326055124,62.729566032351,
63.7270994591897,64.7246328860283,65.722166312867,65.9734457253856),
 .UNSPECIFIED.);
#202=B_SPLINE_CURVE_WITH_KNOTS('',3,(#2485,#2486,#2487,#2488,#2489,#2490,
#2491,#2492,#2493,#2494),.UNSPECIFIED.,.F.,.F.,(4,1,1,1,1,1,1,4),(59.690260418206,
60.2849377615502,61.2824711883889,62.2800046152275,63.2775380420662,64.2750714689049,
65.2726048957435,65.9734457253856),.UNSPECIFIED.);
#203=B_SPLINE_CURVE_WITH_KNOTS('',3,(#2499,#2500,#2501,#2502,#2503,#2504,
#2505,#2506,#2507,#2508),.UNSPECIFIED.,.F.,.F.,(4,1,1,1,1,1,1,4),(53.4070751110265,
53.7517651908031,54.7492986176417,55.7468320444804,56.744365471319,57.7418988981577,
58.7394323249964,59.690260418206),.UNSPECIFIED.);
#204=B_SPLINE_CURVE_WITH_KNOTS('',3,(#2509,#2510,#2511,#2512,#2513,#2514,
#2515,#2516,#2517,#2518),.UNSPECIFIED.,.F.,.F.,(4,1,1,1,1,1,1,4),(53.4070751110264,
54.2997372005183,55.2972706273569,56.2948040541956,57.2923374810342,58.2898709078729,
59.2874043347116,59.690260418206),.UNSPECIFIED.);
#205=B_SPLINE_CURVE_WITH_KNOTS('',3,(#2523,#2524,#2525,#2526,#2527,#2528,
#2529,#2530,#2531,#2532),.UNSPECIFIED.,.F.,.F.,(4,1,1,1,1,1,1,4),(47.1238898038469,
47.7665646297711,48.7640980566098,49.7616314834484,50.7591649102871,51.7566983371257,
52.7542317639644,53.4070751110265),.UNSPECIFIED.);
#206=B_SPLINE_CURVE_WITH_KNOTS('',3,(#2533,#2534,#2535,#2536,#2537,#2538,
#2539,#2540,#2541,#2542,#2543),.UNSPECIFIED.,.F.,.F.,(4,1,1,1,1,1,1,1,4),
(47.1238898038468,47.3170032126476,48.3145366394863,49.3120700663249,50.3096034931636,
51.3071369200023,52.3046703468409,53.3022037736796,53.4070751110264),
 .UNSPECIFIED.);
#207=B_SPLINE_CURVE_WITH_KNOTS('',3,(#2548,#2549,#2550,#2551,#2552,#2553,
#2554,#2555,#2556,#2557),.UNSPECIFIED.,.F.,.F.,(4,1,1,1,1,1,1,4),(40.8407044966673,
41.7813640687391,42.7788974955778,43.7764309224165,44.7739643492551,45.7714977760938,
46.7690312029324,47.1238898038469),.UNSPECIFIED.);
#208=B_SPLINE_CURVE_WITH_KNOTS('',3,(#2558,#2559,#2560,#2561,#2562,#2563,
#2564,#2565,#2566,#2567),.UNSPECIFIED.,.F.,.F.,(4,1,1,1,1,1,1,4),(40.8407044966673,
41.3318026516157,42.3293360784543,43.326869505293,44.3244029321316,45.3219363589703,
46.319469785809,47.1238898038468),.UNSPECIFIED.);
#209=B_SPLINE_CURVE_WITH_KNOTS('',3,(#2572,#2573,#2574,#2575,#2576,#2577,
#2578,#2579,#2580,#2581,#2582),.UNSPECIFIED.,.F.,.F.,(4,1,1,1,1,1,1,1,4),
(34.5575191894877,34.7986300808685,35.7961635077072,36.7936969345458,37.7912303613845,
38.7887637882231,39.7862972150618,40.7838306419005,40.8407044966673),
 .UNSPECIFIED.);
#210=B_SPLINE_CURVE_WITH_KNOTS('',3,(#2583,#2584,#2585,#2586,#2587,#2588,
#2589,#2590,#2591,#2592),.UNSPECIFIED.,.F.,.F.,(4,1,1,1,1,1,1,4),(34.5575191894877,
35.3466020905837,36.3441355174224,37.341668944261,38.3392023710997,39.3367357979383,
40.334269224777,40.8407044966673),.UNSPECIFIED.);
#211=B_SPLINE_CURVE_WITH_KNOTS('',3,(#2597,#2598,#2599,#2600,#2601,#2602,
#2603,#2604,#2605,#2606),.UNSPECIFIED.,.F.,.F.,(4,1,1,1,1,1,1,4),(28.2743338823081,
28.8134295198365,29.8109629466752,30.8084963735139,31.8060298003525,32.8035632271912,
33.8010966540298,34.5575191894877),.UNSPECIFIED.);
#212=B_SPLINE_CURVE_WITH_KNOTS('',3,(#2607,#2608,#2609,#2610,#2611,#2612,
#2613,#2614,#2615,#2616,#2617),.UNSPECIFIED.,.F.,.F.,(4,1,1,1,1,1,1,1,4),
(28.2743338823081,28.3638681027131,29.3614015295517,30.3589349563904,31.356468383229,
32.3540018100677,33.3515352369064,34.349068663745,34.5575191894877),
 .UNSPECIFIED.);
#213=B_SPLINE_CURVE_WITH_KNOTS('',3,(#2622,#2623,#2624,#2625,#2626,#2627,
#2628,#2629,#2630,#2631),.UNSPECIFIED.,.F.,.F.,(4,1,1,1,1,1,1,4),(21.9911485751285,
22.8282289588046,23.8257623856432,24.8232958124819,25.8208292393205,26.8183626661592,
27.8158960929979,28.2743338823081),.UNSPECIFIED.);
#214=B_SPLINE_CURVE_WITH_KNOTS('',3,(#2632,#2633,#2634,#2635,#2636,#2637,
#2638,#2639,#2640,#2641),.UNSPECIFIED.,.F.,.F.,(4,1,1,1,1,1,1,4),(21.9911485751285,
22.3786675416811,23.3762009685198,24.3737343953584,25.3712678221971,26.3688012490357,
27.3663346758744,28.2743338823081),.UNSPECIFIED.);
#215=B_SPLINE_CURVE_WITH_KNOTS('',3,(#2647,#2648,#2649,#2650,#2651),
 .UNSPECIFIED.,.F.,.F.,(4,1,4),(14.3984001269718,15.3959335538105,15.7079632679489),
 .UNSPECIFIED.);
#216=B_SPLINE_CURVE_WITH_KNOTS('',3,(#2654,#2655,#2656,#2657,#2658),
 .UNSPECIFIED.,.F.,.F.,(4,1,4),(13.8759337553362,14.8479615440953,15.7079632679489),
 .UNSPECIFIED.);
#217=B_SPLINE_CURVE_WITH_KNOTS('',3,(#2660,#2661,#2662,#2663,#2664,#2665,
#2666,#2667,#2668,#2669,#2670),.UNSPECIFIED.,.F.,.F.,(4,1,1,1,1,1,1,1,4),
(15.7079632679489,15.8454949709339,16.8430283977726,17.8405618246113,18.8380952514499,
19.8356286782886,20.8331621051272,21.8306955319659,21.9911485751285),
 .UNSPECIFIED.);
#218=B_SPLINE_CURVE_WITH_KNOTS('',3,(#2671,#2672,#2673,#2674,#2675,#2676,
#2677,#2678,#2679,#2680),.UNSPECIFIED.,.F.,.F.,(4,1,1,1,1,1,1,4),(15.7079632679489,
16.3934669806491,17.3910004074878,18.3885338343264,19.3860672611651,20.3836006880038,
21.3811341148424,21.9911485751285),.UNSPECIFIED.);
#219=B_SPLINE_CURVE_WITH_KNOTS('',3,(#3205,#3206,#3207,#3208,#3209,#3210,
#3211,#3212,#3213,#3214,#3215,#3216,#3217,#3218,#3219,#3220,#3221,#3222,
#3223,#3224,#3225,#3226,#3227,#3228,#3229,#3230,#3231,#3232,#3233,#3234,
#3235,#3236,#3237,#3238,#3239,#3240,#3241,#3242,#3243,#3244,#3245,#3246,
#3247,#3248,#3249,#3250,#3251,#3252,#3253,#3254,#3255,#3256,#3257,#3258,
#3259,#3260,#3261,#3262,#3263,#3264,#3265,#3266,#3267,#3268,#3269,#3270,
#3271,#3272,#3273,#3274,#3275,#3276,#3277,#3278,#3279,#3280,#3281,#3282,
#3283),.UNSPECIFIED.,.F.,.F.,(4,3,3,3,3,3,3,3,3,3,3,3,3,3,3,3,3,3,3,3,3,
3,3,3,3,3,4),(0.,0.0185411797418513,0.0367841569398464,0.050727317064217,
0.0582864913903637,0.0610434799516212,0.0787993404809479,0.0961913210434085,
0.109225850266259,0.115814883269617,0.118950614784922,0.135785832907733,
0.148329437934811,0.165173976151481,0.169946058829123,0.173002429611806,
0.189771253081005,0.206533433859633,0.216725162910009,0.221996050916874,
0.22624681429231,0.2423403754298,0.253600271738373,0.25817067169982,0.273624238888009,
0.28308574366817,0.286347380332265),.UNSPECIFIED.);
#220=B_SPLINE_CURVE_WITH_KNOTS('',3,(#3284,#3285,#3286,#3287,#3288,#3289,
#3290,#3291,#3292,#3293,#3294,#3295,#3296,#3297,#3298,#3299,#3300,#3301,
#3302,#3303,#3304,#3305,#3306,#3307,#3308,#3309,#3310,#3311,#3312,#3313,
#3314,#3315,#3316,#3317,#3318,#3319,#3320,#3321,#3322,#3323,#3324,#3325,
#3326,#3327,#3328,#3329,#3330,#3331,#3332,#3333,#3334,#3335,#3336,#3337,
#3338,#3339,#3340,#3341,#3342,#3343,#3344,#3345,#3346,#3347,#3348,#3349,
#3350,#3351,#3352,#3353,#3354,#3355,#3356,#3357,#3358,#3359,#3360,#3361,
#3362),.UNSPECIFIED.,.F.,.F.,(4,3,3,3,3,3,3,3,3,3,3,3,3,3,3,3,3,3,3,3,3,
3,3,3,3,3,4),(0.,0.0151388756243562,0.0309591310560611,0.0438373276678108,
0.0499531697499014,0.0529474714029211,0.0692753115624804,0.0859405677054552,
0.0979516017666061,0.101562013395149,0.104495346869235,0.12157396987112,
0.133984703950059,0.150629590186803,0.155393912410091,0.158502992308048,
0.175522577053706,0.192953383189555,0.203985362710129,0.212558913832277,
0.215902248448971,0.232228991175265,0.24457866828345,0.2488379239726,0.267045899597049,
0.281209219354149,0.285142803995151),.UNSPECIFIED.);
#221=B_SPLINE_CURVE_WITH_KNOTS('',3,(#3363,#3364,#3365,#3366,#3367,#3368,
#3369,#3370,#3371,#3372,#3373,#3374,#3375,#3376,#3377,#3378,#3379,#3380,
#3381,#3382,#3383,#3384),.UNSPECIFIED.,.F.,.F.,(4,3,3,3,3,3,3,4),(-123.233122840782,
-122.696611501155,-121.699078074317,-120.701544647478,-119.704011220639,
-118.706477793801,-117.708944366962,-116.949937533602),.UNSPECIFIED.);
#222=B_SPLINE_CURVE_WITH_KNOTS('',3,(#3909,#3910,#3911,#3912,#3913,#3914,
#3915,#3916,#3917,#3918,#3919,#3920,#3921,#3922,#3923,#3924,#3925,#3926,
#3927,#3928,#3929,#3930,#3931,#3932,#3933,#3934,#3935,#3936,#3937,#3938,
#3939,#3940,#3941,#3942,#3943,#3944,#3945,#3946,#3947,#3948,#3949,#3950,
#3951,#3952,#3953,#3954,#3955,#3956,#3957,#3958,#3959,#3960,#3961,#3962,
#3963,#3964,#3965,#3966,#3967,#3968,#3969,#3970,#3971,#3972,#3973,#3974,
#3975,#3976,#3977,#3978,#3979,#3980,#3981,#3982,#3983,#3984,#3985,#3986,
#3987),.UNSPECIFIED.,.F.,.F.,(4,3,3,3,3,3,3,3,3,3,3,3,3,3,3,3,3,3,3,3,3,
3,3,3,3,3,4),(0.,0.0151388687096358,0.0309591193256774,0.0438373174037253,
0.0499531263516349,0.0529474629631969,0.0692752984325081,0.0859405489753423,
0.0979515877190218,0.101562114934643,0.104495466626417,0.121574090331136,
0.13398470395006,0.150629593689501,0.1553939187961,0.158502995331464,0.175522584218105,
0.192953392245867,0.203985370634404,0.212558912806423,0.215902248956788,
0.232228991556131,0.244578669420068,0.248837924265032,0.267045899914872,
0.28120921935416,0.28514280399515),.UNSPECIFIED.);
#223=B_SPLINE_CURVE_WITH_KNOTS('',3,(#3988,#3989,#3990,#3991,#3992,#3993,
#3994,#3995,#3996,#3997,#3998,#3999,#4000,#4001,#4002,#4003,#4004,#4005,
#4006,#4007,#4008,#4009,#4010,#4011,#4012),.UNSPECIFIED.,.F.,.F.,(4,3,3,
3,3,3,3,3,4),(120.690083977389,120.701544647478,121.699078074317,122.696611501155,
123.694144927994,124.691678354833,125.689211781671,126.68674520851,126.973269284569),
 .UNSPECIFIED.);
#224=B_SPLINE_CURVE_WITH_KNOTS('',3,(#4013,#4014,#4015,#4016,#4017,#4018,
#4019,#4020,#4021,#4022,#4023,#4024,#4025,#4026,#4027,#4028,#4029,#4030,
#4031,#4032,#4033,#4034,#4035,#4036,#4037,#4038,#4039,#4040,#4041,#4042,
#4043,#4044,#4045,#4046,#4047,#4048,#4049,#4050,#4051,#4052,#4053,#4054,
#4055,#4056,#4057,#4058,#4059,#4060,#4061,#4062,#4063,#4064,#4065,#4066,
#4067,#4068,#4069,#4070,#4071,#4072,#4073,#4074,#4075,#4076,#4077,#4078,
#4079,#4080,#4081,#4082,#4083,#4084,#4085,#4086,#4087,#4088,#4089,#4090,
#4091),.UNSPECIFIED.,.F.,.F.,(4,3,3,3,3,3,3,3,3,3,3,3,3,3,3,3,3,3,3,3,3,
3,3,3,3,3,4),(0.,0.0185411797418509,0.0367841567511013,0.0507273168990645,
0.0582864906052332,0.0610434789369289,0.0787993396167037,0.0961913222070096,
0.109225851138959,0.11581488445499,0.118950614677346,0.135785834675017,
0.148329437934807,0.165173976151475,0.169946059686612,0.173002430269647,
0.18977125360874,0.206533434835118,0.216725160282234,0.221996050969855,
0.226246814935091,0.242340378400625,0.253600277147159,0.25817067421765,
0.273624245296178,0.283085743668152,0.286347380332251),.UNSPECIFIED.);
#225=LINE('',#1225,#283);
#226=LINE('',#1264,#284);
#227=LINE('',#1315,#285);
#228=LINE('',#1366,#286);
#229=LINE('',#1414,#287);
#230=LINE('',#1465,#288);
#231=LINE('',#1516,#289);
#232=LINE('',#1564,#290);
#233=LINE('',#1612,#291);
#234=LINE('',#1663,#292);
#235=LINE('',#1711,#293);
#236=LINE('',#1759,#294);
#237=LINE('',#1810,#295);
#238=LINE('',#1861,#296);
#239=LINE('',#1909,#297);
#240=LINE('',#1960,#298);
#241=LINE('',#2011,#299);
#242=LINE('',#2059,#300);
#243=LINE('',#2107,#301);
#244=LINE('',#2158,#302);
#245=LINE('',#2179,#303);
#246=LINE('',#2203,#304);
#247=LINE('',#2227,#305);
#248=LINE('',#2252,#306);
#249=LINE('',#2276,#307);
#250=LINE('',#2301,#308);
#251=LINE('',#2325,#309);
#252=LINE('',#2350,#310);
#253=LINE('',#2375,#311);
#254=LINE('',#2399,#312);
#255=LINE('',#2424,#313);
#256=LINE('',#2448,#314);
#257=LINE('',#2473,#315);
#258=LINE('',#2498,#316);
#259=LINE('',#2522,#317);
#260=LINE('',#2547,#318);
#261=LINE('',#2571,#319);
#262=LINE('',#2596,#320);
#263=LINE('',#2621,#321);
#264=LINE('',#2645,#322);
#265=LINE('',#4095,#323);
#266=LINE('',#4097,#324);
#267=LINE('',#4099,#325);
#268=LINE('',#4101,#326);
#269=LINE('',#4103,#327);
#270=LINE('',#4104,#328);
#271=LINE('',#4109,#329);
#272=LINE('',#4110,#330);
#273=LINE('',#4111,#331);
#274=LINE('',#4114,#332);
#275=LINE('',#4115,#333);
#276=LINE('',#4118,#334);
#277=LINE('',#4119,#335);
#278=LINE('',#4122,#336);
#279=LINE('',#4123,#337);
#280=LINE('',#4126,#338);
#281=LINE('',#4127,#339);
#282=LINE('',#4129,#340);
#283=VECTOR('',#1057,1.5);
#284=VECTOR('',#1062,1.5);
#285=VECTOR('',#1065,1.5);
#286=VECTOR('',#1068,1.5);
#287=VECTOR('',#1071,1.5);
#288=VECTOR('',#1074,1.5);
#289=VECTOR('',#1077,1.5);
#290=VECTOR('',#1080,1.5);
#291=VECTOR('',#1083,1.5);
#292=VECTOR('',#1086,1.5);
#293=VECTOR('',#1089,1.5);
#294=VECTOR('',#1092,1.5);
#295=VECTOR('',#1095,1.5);
#296=VECTOR('',#1098,1.5);
#297=VECTOR('',#1101,1.5);
#298=VECTOR('',#1104,1.5);
#299=VECTOR('',#1107,1.5);
#300=VECTOR('',#1110,1.5);
#301=VECTOR('',#1113,1.5);
#302=VECTOR('',#1116,1.5);
#303=VECTOR('',#1121,1.543);
#304=VECTOR('',#1126,1.543);
#305=VECTOR('',#1129,1.543);
#306=VECTOR('',#1132,1.543);
#307=VECTOR('',#1135,1.543);
#308=VECTOR('',#1138,1.543);
#309=VECTOR('',#1141,1.543);
#310=VECTOR('',#1144,1.543);
#311=VECTOR('',#1147,1.543);
#312=VECTOR('',#1150,1.543);
#313=VECTOR('',#1153,1.543);
#314=VECTOR('',#1156,1.543);
#315=VECTOR('',#1159,1.543);
#316=VECTOR('',#1162,1.543);
#317=VECTOR('',#1165,1.543);
#318=VECTOR('',#1168,1.543);
#319=VECTOR('',#1171,1.543);
#320=VECTOR('',#1174,1.543);
#321=VECTOR('',#1177,1.543);
#322=VECTOR('',#1180,1.543);
#323=VECTOR('',#1187,10.);
#324=VECTOR('',#1188,10.);
#325=VECTOR('',#1189,10.);
#326=VECTOR('',#1190,10.);
#327=VECTOR('',#1191,10.);
#328=VECTOR('',#1192,10.);
#329=VECTOR('',#1197,10.);
#330=VECTOR('',#1198,10.);
#331=VECTOR('',#1199,10.);
#332=VECTOR('',#1202,10.);
#333=VECTOR('',#1203,10.);
#334=VECTOR('',#1206,10.);
#335=VECTOR('',#1207,10.);
#336=VECTOR('',#1210,10.);
#337=VECTOR('',#1211,10.);
#338=VECTOR('',#1214,10.);
#339=VECTOR('',#1215,10.);
#340=VECTOR('',#1218,10.);
#341=VERTEX_POINT('',#1223);
#342=VERTEX_POINT('',#1224);
#343=VERTEX_POINT('',#1226);
#344=VERTEX_POINT('',#1240);
#345=VERTEX_POINT('',#1262);
#346=VERTEX_POINT('',#1263);
#347=VERTEX_POINT('',#1313);
#348=VERTEX_POINT('',#1314);
#349=VERTEX_POINT('',#1364);
#350=VERTEX_POINT('',#1365);
#351=VERTEX_POINT('',#1412);
#352=VERTEX_POINT('',#1413);
#353=VERTEX_POINT('',#1463);
#354=VERTEX_POINT('',#1464);
#355=VERTEX_POINT('',#1514);
#356=VERTEX_POINT('',#1515);
#357=VERTEX_POINT('',#1562);
#358=VERTEX_POINT('',#1563);
#359=VERTEX_POINT('',#1610);
#360=VERTEX_POINT('',#1611);
#361=VERTEX_POINT('',#1661);
#362=VERTEX_POINT('',#1662);
#363=VERTEX_POINT('',#1709);
#364=VERTEX_POINT('',#1710);
#365=VERTEX_POINT('',#1757);
#366=VERTEX_POINT('',#1758);
#367=VERTEX_POINT('',#1808);
#368=VERTEX_POINT('',#1809);
#369=VERTEX_POINT('',#1859);
#370=VERTEX_POINT('',#1860);
#371=VERTEX_POINT('',#1907);
#372=VERTEX_POINT('',#1908);
#373=VERTEX_POINT('',#1958);
#374=VERTEX_POINT('',#1959);
#375=VERTEX_POINT('',#2009);
#376=VERTEX_POINT('',#2010);
#377=VERTEX_POINT('',#2057);
#378=VERTEX_POINT('',#2058);
#379=VERTEX_POINT('',#2105);
#380=VERTEX_POINT('',#2106);
#381=VERTEX_POINT('',#2156);
#382=VERTEX_POINT('',#2157);
#383=VERTEX_POINT('',#2159);
#384=VERTEX_POINT('',#2164);
#385=VERTEX_POINT('',#2177);
#386=VERTEX_POINT('',#2178);
#387=VERTEX_POINT('',#2180);
#388=VERTEX_POINT('',#2189);
#389=VERTEX_POINT('',#2201);
#390=VERTEX_POINT('',#2202);
#391=VERTEX_POINT('',#2225);
#392=VERTEX_POINT('',#2226);
#393=VERTEX_POINT('',#2250);
#394=VERTEX_POINT('',#2251);
#395=VERTEX_POINT('',#2274);
#396=VERTEX_POINT('',#2275);
#397=VERTEX_POINT('',#2299);
#398=VERTEX_POINT('',#2300);
#399=VERTEX_POINT('',#2323);
#400=VERTEX_POINT('',#2324);
#401=VERTEX_POINT('',#2348);
#402=VERTEX_POINT('',#2349);
#403=VERTEX_POINT('',#2373);
#404=VERTEX_POINT('',#2374);
#405=VERTEX_POINT('',#2397);
#406=VERTEX_POINT('',#2398);
#407=VERTEX_POINT('',#2422);
#408=VERTEX_POINT('',#2423);
#409=VERTEX_POINT('',#2446);
#410=VERTEX_POINT('',#2447);
#411=VERTEX_POINT('',#2471);
#412=VERTEX_POINT('',#2472);
#413=VERTEX_POINT('',#2496);
#414=VERTEX_POINT('',#2497);
#415=VERTEX_POINT('',#2520);
#416=VERTEX_POINT('',#2521);
#417=VERTEX_POINT('',#2545);
#418=VERTEX_POINT('',#2546);
#419=VERTEX_POINT('',#2569);
#420=VERTEX_POINT('',#2570);
#421=VERTEX_POINT('',#2594);
#422=VERTEX_POINT('',#2595);
#423=VERTEX_POINT('',#2619);
#424=VERTEX_POINT('',#2620);
#425=VERTEX_POINT('',#2643);
#426=VERTEX_POINT('',#2644);
#427=VERTEX_POINT('',#2646);
#428=VERTEX_POINT('',#2652);
#429=VERTEX_POINT('',#4093);
#430=VERTEX_POINT('',#4094);
#431=VERTEX_POINT('',#4096);
#432=VERTEX_POINT('',#4098);
#433=VERTEX_POINT('',#4100);
#434=VERTEX_POINT('',#4102);
#435=VERTEX_POINT('',#4107);
#436=VERTEX_POINT('',#4108);
#437=VERTEX_POINT('',#4113);
#438=VERTEX_POINT('',#4117);
#439=VERTEX_POINT('',#4121);
#440=VERTEX_POINT('',#4125);
#441=EDGE_CURVE('',#341,#342,#225,.T.);
#442=EDGE_CURVE('',#342,#343,#137,.T.);
#443=EDGE_CURVE('',#343,#344,#133,.F.);
#444=EDGE_CURVE('',#344,#341,#138,.T.);
#445=EDGE_CURVE('',#345,#346,#226,.T.);
#446=EDGE_CURVE('',#346,#342,#139,.T.);
#447=EDGE_CURVE('',#341,#345,#140,.T.);
#448=EDGE_CURVE('',#347,#348,#227,.T.);
#449=EDGE_CURVE('',#348,#346,#141,.T.);
#450=EDGE_CURVE('',#345,#347,#142,.T.);
#451=EDGE_CURVE('',#349,#350,#228,.T.);
#452=EDGE_CURVE('',#350,#348,#143,.T.);
#453=EDGE_CURVE('',#347,#349,#144,.T.);
#454=EDGE_CURVE('',#351,#352,#229,.T.);
#455=EDGE_CURVE('',#352,#350,#145,.T.);
#456=EDGE_CURVE('',#349,#351,#146,.T.);
#457=EDGE_CURVE('',#353,#354,#230,.T.);
#458=EDGE_CURVE('',#354,#352,#147,.T.);
#459=EDGE_CURVE('',#351,#353,#148,.T.);
#460=EDGE_CURVE('',#355,#356,#231,.T.);
#461=EDGE_CURVE('',#356,#354,#149,.T.);
#462=EDGE_CURVE('',#353,#355,#150,.T.);
#463=EDGE_CURVE('',#357,#358,#232,.T.);
#464=EDGE_CURVE('',#358,#356,#151,.T.);
#465=EDGE_CURVE('',#355,#357,#152,.T.);
#466=EDGE_CURVE('',#359,#360,#233,.T.);
#467=EDGE_CURVE('',#360,#358,#153,.T.);
#468=EDGE_CURVE('',#357,#359,#154,.T.);
#469=EDGE_CURVE('',#361,#362,#234,.T.);
#470=EDGE_CURVE('',#362,#360,#155,.T.);
#471=EDGE_CURVE('',#359,#361,#156,.T.);
#472=EDGE_CURVE('',#363,#364,#235,.T.);
#473=EDGE_CURVE('',#364,#362,#157,.T.);
#474=EDGE_CURVE('',#361,#363,#158,.T.);
#475=EDGE_CURVE('',#365,#366,#236,.T.);
#476=EDGE_CURVE('',#366,#364,#159,.T.);
#477=EDGE_CURVE('',#363,#365,#160,.T.);
#478=EDGE_CURVE('',#367,#368,#237,.T.);
#479=EDGE_CURVE('',#368,#366,#161,.T.);
#480=EDGE_CURVE('',#365,#367,#162,.T.);
#481=EDGE_CURVE('',#369,#370,#238,.T.);
#482=EDGE_CURVE('',#370,#368,#163,.T.);
#483=EDGE_CURVE('',#367,#369,#164,.T.);
#484=EDGE_CURVE('',#371,#372,#239,.T.);
#485=EDGE_CURVE('',#372,#370,#165,.T.);
#486=EDGE_CURVE('',#369,#371,#166,.T.);
#487=EDGE_CURVE('',#373,#374,#240,.T.);
#488=EDGE_CURVE('',#374,#372,#167,.T.);
#489=EDGE_CURVE('',#371,#373,#168,.T.);
#490=EDGE_CURVE('',#375,#376,#241,.T.);
#491=EDGE_CURVE('',#376,#374,#169,.T.);
#492=EDGE_CURVE('',#373,#375,#170,.T.);
#493=EDGE_CURVE('',#377,#378,#242,.T.);
#494=EDGE_CURVE('',#378,#376,#171,.T.);
#495=EDGE_CURVE('',#375,#377,#172,.T.);
#496=EDGE_CURVE('',#379,#380,#243,.T.);
#497=EDGE_CURVE('',#380,#378,#173,.T.);
#498=EDGE_CURVE('',#377,#379,#174,.T.);
#499=EDGE_CURVE('',#381,#382,#244,.T.);
#500=EDGE_CURVE('',#381,#383,#175,.T.);
#501=EDGE_CURVE('',#384,#383,#134,.F.);
#502=EDGE_CURVE('',#384,#382,#176,.T.);
#503=EDGE_CURVE('',#385,#386,#245,.T.);
#504=EDGE_CURVE('',#386,#387,#177,.T.);
#505=EDGE_CURVE('',#388,#387,#135,.T.);
#506=EDGE_CURVE('',#385,#388,#178,.T.);
#507=EDGE_CURVE('',#389,#390,#246,.T.);
#508=EDGE_CURVE('',#390,#386,#179,.T.);
#509=EDGE_CURVE('',#389,#385,#180,.T.);
#510=EDGE_CURVE('',#391,#392,#247,.T.);
#511=EDGE_CURVE('',#392,#390,#181,.T.);
#512=EDGE_CURVE('',#391,#389,#182,.T.);
#513=EDGE_CURVE('',#393,#394,#248,.T.);
#514=EDGE_CURVE('',#394,#392,#183,.T.);
#515=EDGE_CURVE('',#393,#391,#184,.T.);
#516=EDGE_CURVE('',#395,#396,#249,.T.);
#517=EDGE_CURVE('',#396,#394,#185,.T.);
#518=EDGE_CURVE('',#395,#393,#186,.T.);
#519=EDGE_CURVE('',#397,#398,#250,.T.);
#520=EDGE_CURVE('',#398,#396,#187,.T.);
#521=EDGE_CURVE('',#397,#395,#188,.T.);
#522=EDGE_CURVE('',#399,#400,#251,.T.);
#523=EDGE_CURVE('',#400,#398,#189,.T.);
#524=EDGE_CURVE('',#399,#397,#190,.T.);
#525=EDGE_CURVE('',#401,#402,#252,.T.);
#526=EDGE_CURVE('',#402,#400,#191,.T.);
#527=EDGE_CURVE('',#401,#399,#192,.T.);
#528=EDGE_CURVE('',#403,#404,#253,.T.);
#529=EDGE_CURVE('',#404,#402,#193,.T.);
#530=EDGE_CURVE('',#403,#401,#194,.T.);
#531=EDGE_CURVE('',#405,#406,#254,.T.);
#532=EDGE_CURVE('',#406,#404,#195,.T.);
#533=EDGE_CURVE('',#405,#403,#196,.T.);
#534=EDGE_CURVE('',#407,#408,#255,.T.);
#535=EDGE_CURVE('',#408,#406,#197,.T.);
#536=EDGE_CURVE('',#407,#405,#198,.T.);
#537=EDGE_CURVE('',#409,#410,#256,.T.);
#538=EDGE_CURVE('',#410,#408,#199,.T.);
#539=EDGE_CURVE('',#409,#407,#200,.T.);
#540=EDGE_CURVE('',#411,#412,#257,.T.);
#541=EDGE_CURVE('',#412,#410,#201,.T.);
#542=EDGE_CURVE('',#411,#409,#202,.T.);
#543=EDGE_CURVE('',#413,#414,#258,.T.);
#544=EDGE_CURVE('',#414,#412,#203,.T.);
#545=EDGE_CURVE('',#413,#411,#204,.T.);
#546=EDGE_CURVE('',#415,#416,#259,.T.);
#547=EDGE_CURVE('',#416,#414,#205,.T.);
#548=EDGE_CURVE('',#415,#413,#206,.T.);
#549=EDGE_CURVE('',#417,#418,#260,.T.);
#550=EDGE_CURVE('',#418,#416,#207,.T.);
#551=EDGE_CURVE('',#417,#415,#208,.T.);
#552=EDGE_CURVE('',#419,#420,#261,.T.);
#553=EDGE_CURVE('',#420,#418,#209,.T.);
#554=EDGE_CURVE('',#419,#417,#210,.T.);
#555=EDGE_CURVE('',#421,#422,#262,.T.);
#556=EDGE_CURVE('',#422,#420,#211,.T.);
#557=EDGE_CURVE('',#421,#419,#212,.T.);
#558=EDGE_CURVE('',#423,#424,#263,.T.);
#559=EDGE_CURVE('',#424,#422,#213,.T.);
#560=EDGE_CURVE('',#423,#421,#214,.T.);
#561=EDGE_CURVE('',#425,#426,#264,.T.);
#562=EDGE_CURVE('',#427,#425,#215,.T.);
#563=EDGE_CURVE('',#428,#427,#136,.T.);
#564=EDGE_CURVE('',#428,#426,#216,.T.);
#565=EDGE_CURVE('',#426,#424,#217,.T.);
#566=EDGE_CURVE('',#425,#423,#218,.T.);
#567=EDGE_CURVE('',#387,#384,#219,.T.);
#568=EDGE_CURVE('',#343,#428,#220,.T.);
#569=EDGE_CURVE('',#382,#380,#221,.T.);
#570=EDGE_CURVE('',#383,#388,#222,.T.);
#571=EDGE_CURVE('',#379,#381,#223,.T.);
#572=EDGE_CURVE('',#427,#344,#224,.T.);
#573=EDGE_CURVE('',#429,#430,#265,.T.);
#574=EDGE_CURVE('',#430,#431,#266,.T.);
#575=EDGE_CURVE('',#431,#432,#267,.T.);
#576=EDGE_CURVE('',#432,#433,#268,.T.);
#577=EDGE_CURVE('',#433,#434,#269,.T.);
#578=EDGE_CURVE('',#434,#429,#270,.T.);
#579=EDGE_CURVE('',#435,#436,#271,.T.);
#580=EDGE_CURVE('',#436,#429,#272,.T.);
#581=EDGE_CURVE('',#435,#434,#273,.T.);
#582=EDGE_CURVE('',#437,#435,#274,.T.);
#583=EDGE_CURVE('',#437,#433,#275,.T.);
#584=EDGE_CURVE('',#438,#437,#276,.T.);
#585=EDGE_CURVE('',#438,#432,#277,.T.);
#586=EDGE_CURVE('',#439,#438,#278,.T.);
#587=EDGE_CURVE('',#439,#431,#279,.T.);
#588=EDGE_CURVE('',#440,#439,#280,.T.);
#589=EDGE_CURVE('',#440,#430,#281,.T.);
#590=EDGE_CURVE('',#436,#440,#282,.T.);
#591=ORIENTED_EDGE('',*,*,#441,.T.);
#592=ORIENTED_EDGE('',*,*,#442,.T.);
#593=ORIENTED_EDGE('',*,*,#443,.T.);
#594=ORIENTED_EDGE('',*,*,#444,.T.);
#595=ORIENTED_EDGE('',*,*,#445,.T.);
#596=ORIENTED_EDGE('',*,*,#446,.T.);
#597=ORIENTED_EDGE('',*,*,#441,.F.);
#598=ORIENTED_EDGE('',*,*,#447,.T.);
#599=ORIENTED_EDGE('',*,*,#448,.T.);
#600=ORIENTED_EDGE('',*,*,#449,.T.);
#601=ORIENTED_EDGE('',*,*,#445,.F.);
#602=ORIENTED_EDGE('',*,*,#450,.T.);
#603=ORIENTED_EDGE('',*,*,#451,.T.);
#604=ORIENTED_EDGE('',*,*,#452,.T.);
#605=ORIENTED_EDGE('',*,*,#448,.F.);
#606=ORIENTED_EDGE('',*,*,#453,.T.);
#607=ORIENTED_EDGE('',*,*,#454,.T.);
#608=ORIENTED_EDGE('',*,*,#455,.T.);
#609=ORIENTED_EDGE('',*,*,#451,.F.);
#610=ORIENTED_EDGE('',*,*,#456,.T.);
#611=ORIENTED_EDGE('',*,*,#457,.T.);
#612=ORIENTED_EDGE('',*,*,#458,.T.);
#613=ORIENTED_EDGE('',*,*,#454,.F.);
#614=ORIENTED_EDGE('',*,*,#459,.T.);
#615=ORIENTED_EDGE('',*,*,#460,.T.);
#616=ORIENTED_EDGE('',*,*,#461,.T.);
#617=ORIENTED_EDGE('',*,*,#457,.F.);
#618=ORIENTED_EDGE('',*,*,#462,.T.);
#619=ORIENTED_EDGE('',*,*,#463,.T.);
#620=ORIENTED_EDGE('',*,*,#464,.T.);
#621=ORIENTED_EDGE('',*,*,#460,.F.);
#622=ORIENTED_EDGE('',*,*,#465,.T.);
#623=ORIENTED_EDGE('',*,*,#466,.T.);
#624=ORIENTED_EDGE('',*,*,#467,.T.);
#625=ORIENTED_EDGE('',*,*,#463,.F.);
#626=ORIENTED_EDGE('',*,*,#468,.T.);
#627=ORIENTED_EDGE('',*,*,#469,.T.);
#628=ORIENTED_EDGE('',*,*,#470,.T.);
#629=ORIENTED_EDGE('',*,*,#466,.F.);
#630=ORIENTED_EDGE('',*,*,#471,.T.);
#631=ORIENTED_EDGE('',*,*,#472,.T.);
#632=ORIENTED_EDGE('',*,*,#473,.T.);
#633=ORIENTED_EDGE('',*,*,#469,.F.);
#634=ORIENTED_EDGE('',*,*,#474,.T.);
#635=ORIENTED_EDGE('',*,*,#475,.T.);
#636=ORIENTED_EDGE('',*,*,#476,.T.);
#637=ORIENTED_EDGE('',*,*,#472,.F.);
#638=ORIENTED_EDGE('',*,*,#477,.T.);
#639=ORIENTED_EDGE('',*,*,#478,.T.);
#640=ORIENTED_EDGE('',*,*,#479,.T.);
#641=ORIENTED_EDGE('',*,*,#475,.F.);
#642=ORIENTED_EDGE('',*,*,#480,.T.);
#643=ORIENTED_EDGE('',*,*,#481,.T.);
#644=ORIENTED_EDGE('',*,*,#482,.T.);
#645=ORIENTED_EDGE('',*,*,#478,.F.);
#646=ORIENTED_EDGE('',*,*,#483,.T.);
#647=ORIENTED_EDGE('',*,*,#484,.T.);
#648=ORIENTED_EDGE('',*,*,#485,.T.);
#649=ORIENTED_EDGE('',*,*,#481,.F.);
#650=ORIENTED_EDGE('',*,*,#486,.T.);
#651=ORIENTED_EDGE('',*,*,#487,.T.);
#652=ORIENTED_EDGE('',*,*,#488,.T.);
#653=ORIENTED_EDGE('',*,*,#484,.F.);
#654=ORIENTED_EDGE('',*,*,#489,.T.);
#655=ORIENTED_EDGE('',*,*,#490,.T.);
#656=ORIENTED_EDGE('',*,*,#491,.T.);
#657=ORIENTED_EDGE('',*,*,#487,.F.);
#658=ORIENTED_EDGE('',*,*,#492,.T.);
#659=ORIENTED_EDGE('',*,*,#493,.T.);
#660=ORIENTED_EDGE('',*,*,#494,.T.);
#661=ORIENTED_EDGE('',*,*,#490,.F.);
#662=ORIENTED_EDGE('',*,*,#495,.T.);
#663=ORIENTED_EDGE('',*,*,#496,.T.);
#664=ORIENTED_EDGE('',*,*,#497,.T.);
#665=ORIENTED_EDGE('',*,*,#493,.F.);
#666=ORIENTED_EDGE('',*,*,#498,.T.);
#667=ORIENTED_EDGE('',*,*,#499,.F.);
#668=ORIENTED_EDGE('',*,*,#500,.T.);
#669=ORIENTED_EDGE('',*,*,#501,.F.);
#670=ORIENTED_EDGE('',*,*,#502,.T.);
#671=ORIENTED_EDGE('',*,*,#503,.T.);
#672=ORIENTED_EDGE('',*,*,#504,.T.);
#673=ORIENTED_EDGE('',*,*,#505,.F.);
#674=ORIENTED_EDGE('',*,*,#506,.F.);
#675=ORIENTED_EDGE('',*,*,#507,.T.);
#676=ORIENTED_EDGE('',*,*,#508,.T.);
#677=ORIENTED_EDGE('',*,*,#503,.F.);
#678=ORIENTED_EDGE('',*,*,#509,.F.);
#679=ORIENTED_EDGE('',*,*,#510,.T.);
#680=ORIENTED_EDGE('',*,*,#511,.T.);
#681=ORIENTED_EDGE('',*,*,#507,.F.);
#682=ORIENTED_EDGE('',*,*,#512,.F.);
#683=ORIENTED_EDGE('',*,*,#513,.T.);
#684=ORIENTED_EDGE('',*,*,#514,.T.);
#685=ORIENTED_EDGE('',*,*,#510,.F.);
#686=ORIENTED_EDGE('',*,*,#515,.F.);
#687=ORIENTED_EDGE('',*,*,#516,.T.);
#688=ORIENTED_EDGE('',*,*,#517,.T.);
#689=ORIENTED_EDGE('',*,*,#513,.F.);
#690=ORIENTED_EDGE('',*,*,#518,.F.);
#691=ORIENTED_EDGE('',*,*,#519,.T.);
#692=ORIENTED_EDGE('',*,*,#520,.T.);
#693=ORIENTED_EDGE('',*,*,#516,.F.);
#694=ORIENTED_EDGE('',*,*,#521,.F.);
#695=ORIENTED_EDGE('',*,*,#522,.T.);
#696=ORIENTED_EDGE('',*,*,#523,.T.);
#697=ORIENTED_EDGE('',*,*,#519,.F.);
#698=ORIENTED_EDGE('',*,*,#524,.F.);
#699=ORIENTED_EDGE('',*,*,#525,.T.);
#700=ORIENTED_EDGE('',*,*,#526,.T.);
#701=ORIENTED_EDGE('',*,*,#522,.F.);
#702=ORIENTED_EDGE('',*,*,#527,.F.);
#703=ORIENTED_EDGE('',*,*,#528,.T.);
#704=ORIENTED_EDGE('',*,*,#529,.T.);
#705=ORIENTED_EDGE('',*,*,#525,.F.);
#706=ORIENTED_EDGE('',*,*,#530,.F.);
#707=ORIENTED_EDGE('',*,*,#531,.T.);
#708=ORIENTED_EDGE('',*,*,#532,.T.);
#709=ORIENTED_EDGE('',*,*,#528,.F.);
#710=ORIENTED_EDGE('',*,*,#533,.F.);
#711=ORIENTED_EDGE('',*,*,#534,.T.);
#712=ORIENTED_EDGE('',*,*,#535,.T.);
#713=ORIENTED_EDGE('',*,*,#531,.F.);
#714=ORIENTED_EDGE('',*,*,#536,.F.);
#715=ORIENTED_EDGE('',*,*,#537,.T.);
#716=ORIENTED_EDGE('',*,*,#538,.T.);
#717=ORIENTED_EDGE('',*,*,#534,.F.);
#718=ORIENTED_EDGE('',*,*,#539,.F.);
#719=ORIENTED_EDGE('',*,*,#540,.T.);
#720=ORIENTED_EDGE('',*,*,#541,.T.);
#721=ORIENTED_EDGE('',*,*,#537,.F.);
#722=ORIENTED_EDGE('',*,*,#542,.F.);
#723=ORIENTED_EDGE('',*,*,#543,.T.);
#724=ORIENTED_EDGE('',*,*,#544,.T.);
#725=ORIENTED_EDGE('',*,*,#540,.F.);
#726=ORIENTED_EDGE('',*,*,#545,.F.);
#727=ORIENTED_EDGE('',*,*,#546,.T.);
#728=ORIENTED_EDGE('',*,*,#547,.T.);
#729=ORIENTED_EDGE('',*,*,#543,.F.);
#730=ORIENTED_EDGE('',*,*,#548,.F.);
#731=ORIENTED_EDGE('',*,*,#549,.T.);
#732=ORIENTED_EDGE('',*,*,#550,.T.);
#733=ORIENTED_EDGE('',*,*,#546,.F.);
#734=ORIENTED_EDGE('',*,*,#551,.F.);
#735=ORIENTED_EDGE('',*,*,#552,.T.);
#736=ORIENTED_EDGE('',*,*,#553,.T.);
#737=ORIENTED_EDGE('',*,*,#549,.F.);
#738=ORIENTED_EDGE('',*,*,#554,.F.);
#739=ORIENTED_EDGE('',*,*,#555,.T.);
#740=ORIENTED_EDGE('',*,*,#556,.T.);
#741=ORIENTED_EDGE('',*,*,#552,.F.);
#742=ORIENTED_EDGE('',*,*,#557,.F.);
#743=ORIENTED_EDGE('',*,*,#558,.T.);
#744=ORIENTED_EDGE('',*,*,#559,.T.);
#745=ORIENTED_EDGE('',*,*,#555,.F.);
#746=ORIENTED_EDGE('',*,*,#560,.F.);
#747=ORIENTED_EDGE('',*,*,#561,.F.);
#748=ORIENTED_EDGE('',*,*,#562,.F.);
#749=ORIENTED_EDGE('',*,*,#563,.F.);
#750=ORIENTED_EDGE('',*,*,#564,.T.);
#751=ORIENTED_EDGE('',*,*,#561,.T.);
#752=ORIENTED_EDGE('',*,*,#565,.T.);
#753=ORIENTED_EDGE('',*,*,#558,.F.);
#754=ORIENTED_EDGE('',*,*,#566,.F.);
#755=ORIENTED_EDGE('',*,*,#567,.F.);
#756=ORIENTED_EDGE('',*,*,#504,.F.);
#757=ORIENTED_EDGE('',*,*,#508,.F.);
#758=ORIENTED_EDGE('',*,*,#511,.F.);
#759=ORIENTED_EDGE('',*,*,#514,.F.);
#760=ORIENTED_EDGE('',*,*,#517,.F.);
#761=ORIENTED_EDGE('',*,*,#520,.F.);
#762=ORIENTED_EDGE('',*,*,#523,.F.);
#763=ORIENTED_EDGE('',*,*,#526,.F.);
#764=ORIENTED_EDGE('',*,*,#529,.F.);
#765=ORIENTED_EDGE('',*,*,#532,.F.);
#766=ORIENTED_EDGE('',*,*,#535,.F.);
#767=ORIENTED_EDGE('',*,*,#538,.F.);
#768=ORIENTED_EDGE('',*,*,#541,.F.);
#769=ORIENTED_EDGE('',*,*,#544,.F.);
#770=ORIENTED_EDGE('',*,*,#547,.F.);
#771=ORIENTED_EDGE('',*,*,#550,.F.);
#772=ORIENTED_EDGE('',*,*,#553,.F.);
#773=ORIENTED_EDGE('',*,*,#556,.F.);
#774=ORIENTED_EDGE('',*,*,#559,.F.);
#775=ORIENTED_EDGE('',*,*,#565,.F.);
#776=ORIENTED_EDGE('',*,*,#564,.F.);
#777=ORIENTED_EDGE('',*,*,#568,.F.);
#778=ORIENTED_EDGE('',*,*,#442,.F.);
#779=ORIENTED_EDGE('',*,*,#446,.F.);
#780=ORIENTED_EDGE('',*,*,#449,.F.);
#781=ORIENTED_EDGE('',*,*,#452,.F.);
#782=ORIENTED_EDGE('',*,*,#455,.F.);
#783=ORIENTED_EDGE('',*,*,#458,.F.);
#784=ORIENTED_EDGE('',*,*,#461,.F.);
#785=ORIENTED_EDGE('',*,*,#464,.F.);
#786=ORIENTED_EDGE('',*,*,#467,.F.);
#787=ORIENTED_EDGE('',*,*,#470,.F.);
#788=ORIENTED_EDGE('',*,*,#473,.F.);
#789=ORIENTED_EDGE('',*,*,#476,.F.);
#790=ORIENTED_EDGE('',*,*,#479,.F.);
#791=ORIENTED_EDGE('',*,*,#482,.F.);
#792=ORIENTED_EDGE('',*,*,#485,.F.);
#793=ORIENTED_EDGE('',*,*,#488,.F.);
#794=ORIENTED_EDGE('',*,*,#491,.F.);
#795=ORIENTED_EDGE('',*,*,#494,.F.);
#796=ORIENTED_EDGE('',*,*,#497,.F.);
#797=ORIENTED_EDGE('',*,*,#569,.F.);
#798=ORIENTED_EDGE('',*,*,#502,.F.);
#799=ORIENTED_EDGE('',*,*,#570,.F.);
#800=ORIENTED_EDGE('',*,*,#500,.F.);
#801=ORIENTED_EDGE('',*,*,#571,.F.);
#802=ORIENTED_EDGE('',*,*,#498,.F.);
#803=ORIENTED_EDGE('',*,*,#495,.F.);
#804=ORIENTED_EDGE('',*,*,#492,.F.);
#805=ORIENTED_EDGE('',*,*,#489,.F.);
#806=ORIENTED_EDGE('',*,*,#486,.F.);
#807=ORIENTED_EDGE('',*,*,#483,.F.);
#808=ORIENTED_EDGE('',*,*,#480,.F.);
#809=ORIENTED_EDGE('',*,*,#477,.F.);
#810=ORIENTED_EDGE('',*,*,#474,.F.);
#811=ORIENTED_EDGE('',*,*,#471,.F.);
#812=ORIENTED_EDGE('',*,*,#468,.F.);
#813=ORIENTED_EDGE('',*,*,#465,.F.);
#814=ORIENTED_EDGE('',*,*,#462,.F.);
#815=ORIENTED_EDGE('',*,*,#459,.F.);
#816=ORIENTED_EDGE('',*,*,#456,.F.);
#817=ORIENTED_EDGE('',*,*,#453,.F.);
#818=ORIENTED_EDGE('',*,*,#450,.F.);
#819=ORIENTED_EDGE('',*,*,#447,.F.);
#820=ORIENTED_EDGE('',*,*,#444,.F.);
#821=ORIENTED_EDGE('',*,*,#572,.F.);
#822=ORIENTED_EDGE('',*,*,#562,.T.);
#823=ORIENTED_EDGE('',*,*,#566,.T.);
#824=ORIENTED_EDGE('',*,*,#560,.T.);
#825=ORIENTED_EDGE('',*,*,#557,.T.);
#826=ORIENTED_EDGE('',*,*,#554,.T.);
#827=ORIENTED_EDGE('',*,*,#551,.T.);
#828=ORIENTED_EDGE('',*,*,#548,.T.);
#829=ORIENTED_EDGE('',*,*,#545,.T.);
#830=ORIENTED_EDGE('',*,*,#542,.T.);
#831=ORIENTED_EDGE('',*,*,#539,.T.);
#832=ORIENTED_EDGE('',*,*,#536,.T.);
#833=ORIENTED_EDGE('',*,*,#533,.T.);
#834=ORIENTED_EDGE('',*,*,#530,.T.);
#835=ORIENTED_EDGE('',*,*,#527,.T.);
#836=ORIENTED_EDGE('',*,*,#524,.T.);
#837=ORIENTED_EDGE('',*,*,#521,.T.);
#838=ORIENTED_EDGE('',*,*,#518,.T.);
#839=ORIENTED_EDGE('',*,*,#515,.T.);
#840=ORIENTED_EDGE('',*,*,#512,.T.);
#841=ORIENTED_EDGE('',*,*,#509,.T.);
#842=ORIENTED_EDGE('',*,*,#506,.T.);
#843=ORIENTED_EDGE('',*,*,#573,.T.);
#844=ORIENTED_EDGE('',*,*,#574,.T.);
#845=ORIENTED_EDGE('',*,*,#575,.T.);
#846=ORIENTED_EDGE('',*,*,#576,.T.);
#847=ORIENTED_EDGE('',*,*,#577,.T.);
#848=ORIENTED_EDGE('',*,*,#578,.T.);
#849=ORIENTED_EDGE('',*,*,#570,.T.);
#850=ORIENTED_EDGE('',*,*,#505,.T.);
#851=ORIENTED_EDGE('',*,*,#567,.T.);
#852=ORIENTED_EDGE('',*,*,#501,.T.);
#853=ORIENTED_EDGE('',*,*,#499,.T.);
#854=ORIENTED_EDGE('',*,*,#569,.T.);
#855=ORIENTED_EDGE('',*,*,#496,.F.);
#856=ORIENTED_EDGE('',*,*,#571,.T.);
#857=ORIENTED_EDGE('',*,*,#579,.T.);
#858=ORIENTED_EDGE('',*,*,#580,.T.);
#859=ORIENTED_EDGE('',*,*,#578,.F.);
#860=ORIENTED_EDGE('',*,*,#581,.F.);
#861=ORIENTED_EDGE('',*,*,#582,.T.);
#862=ORIENTED_EDGE('',*,*,#581,.T.);
#863=ORIENTED_EDGE('',*,*,#577,.F.);
#864=ORIENTED_EDGE('',*,*,#583,.F.);
#865=ORIENTED_EDGE('',*,*,#584,.T.);
#866=ORIENTED_EDGE('',*,*,#583,.T.);
#867=ORIENTED_EDGE('',*,*,#576,.F.);
#868=ORIENTED_EDGE('',*,*,#585,.F.);
#869=ORIENTED_EDGE('',*,*,#586,.T.);
#870=ORIENTED_EDGE('',*,*,#585,.T.);
#871=ORIENTED_EDGE('',*,*,#575,.F.);
#872=ORIENTED_EDGE('',*,*,#587,.F.);
#873=ORIENTED_EDGE('',*,*,#588,.T.);
#874=ORIENTED_EDGE('',*,*,#587,.T.);
#875=ORIENTED_EDGE('',*,*,#574,.F.);
#876=ORIENTED_EDGE('',*,*,#589,.F.);
#877=ORIENTED_EDGE('',*,*,#590,.T.);
#878=ORIENTED_EDGE('',*,*,#589,.T.);
#879=ORIENTED_EDGE('',*,*,#573,.F.);
#880=ORIENTED_EDGE('',*,*,#580,.F.);
#881=ORIENTED_EDGE('',*,*,#590,.F.);
#882=ORIENTED_EDGE('',*,*,#579,.F.);
#883=ORIENTED_EDGE('',*,*,#582,.F.);
#884=ORIENTED_EDGE('',*,*,#584,.F.);
#885=ORIENTED_EDGE('',*,*,#586,.F.);
#886=ORIENTED_EDGE('',*,*,#588,.F.);
#887=ORIENTED_EDGE('',*,*,#572,.T.);
#888=ORIENTED_EDGE('',*,*,#443,.F.);
#889=ORIENTED_EDGE('',*,*,#568,.T.);
#890=ORIENTED_EDGE('',*,*,#563,.T.);
#891=CYLINDRICAL_SURFACE('',#999,1.2645);
#892=CYLINDRICAL_SURFACE('',#1001,1.2645);
#893=CYLINDRICAL_SURFACE('',#1002,1.2645);
#894=CYLINDRICAL_SURFACE('',#1003,1.2645);
#895=CYLINDRICAL_SURFACE('',#1004,1.2645);
#896=CYLINDRICAL_SURFACE('',#1005,1.2645);
#897=CYLINDRICAL_SURFACE('',#1006,1.2645);
#898=CYLINDRICAL_SURFACE('',#1007,1.2645);
#899=CYLINDRICAL_SURFACE('',#1008,1.2645);
#900=CYLINDRICAL_SURFACE('',#1009,1.2645);
#901=CYLINDRICAL_SURFACE('',#1010,1.2645);
#902=CYLINDRICAL_SURFACE('',#1011,1.2645);
#903=CYLINDRICAL_SURFACE('',#1012,1.2645);
#904=CYLINDRICAL_SURFACE('',#1013,1.2645);
#905=CYLINDRICAL_SURFACE('',#1014,1.2645);
#906=CYLINDRICAL_SURFACE('',#1015,1.2645);
#907=CYLINDRICAL_SURFACE('',#1016,1.2645);
#908=CYLINDRICAL_SURFACE('',#1017,1.2645);
#909=CYLINDRICAL_SURFACE('',#1018,1.2645);
#910=CYLINDRICAL_SURFACE('',#1019,1.2645);
#911=CYLINDRICAL_SURFACE('',#1021,1.543);
#912=CYLINDRICAL_SURFACE('',#1023,1.543);
#913=CYLINDRICAL_SURFACE('',#1024,1.543);
#914=CYLINDRICAL_SURFACE('',#1025,1.543);
#915=CYLINDRICAL_SURFACE('',#1026,1.543);
#916=CYLINDRICAL_SURFACE('',#1027,1.543);
#917=CYLINDRICAL_SURFACE('',#1028,1.543);
#918=CYLINDRICAL_SURFACE('',#1029,1.543);
#919=CYLINDRICAL_SURFACE('',#1030,1.543);
#920=CYLINDRICAL_SURFACE('',#1031,1.543);
#921=CYLINDRICAL_SURFACE('',#1032,1.543);
#922=CYLINDRICAL_SURFACE('',#1033,1.543);
#923=CYLINDRICAL_SURFACE('',#1034,1.543);
#924=CYLINDRICAL_SURFACE('',#1035,1.543);
#925=CYLINDRICAL_SURFACE('',#1036,1.543);
#926=CYLINDRICAL_SURFACE('',#1037,1.543);
#927=CYLINDRICAL_SURFACE('',#1038,1.543);
#928=CYLINDRICAL_SURFACE('',#1039,1.543);
#929=CYLINDRICAL_SURFACE('',#1040,1.543);
#930=CYLINDRICAL_SURFACE('',#1041,1.543);
#931=CYLINDRICAL_SURFACE('',#1043,1.543);
#932=CYLINDRICAL_SURFACE('',#1045,1.2645);
#933=ADVANCED_FACE('',(#27),#891,.F.);
#934=ADVANCED_FACE('',(#28),#892,.F.);
#935=ADVANCED_FACE('',(#29),#893,.F.);
#936=ADVANCED_FACE('',(#30),#894,.F.);
#937=ADVANCED_FACE('',(#31),#895,.F.);
#938=ADVANCED_FACE('',(#32),#896,.F.);
#939=ADVANCED_FACE('',(#33),#897,.F.);
#940=ADVANCED_FACE('',(#34),#898,.F.);
#941=ADVANCED_FACE('',(#35),#899,.F.);
#942=ADVANCED_FACE('',(#36),#900,.F.);
#943=ADVANCED_FACE('',(#37),#901,.F.);
#944=ADVANCED_FACE('',(#38),#902,.F.);
#945=ADVANCED_FACE('',(#39),#903,.F.);
#946=ADVANCED_FACE('',(#40),#904,.F.);
#947=ADVANCED_FACE('',(#41),#905,.F.);
#948=ADVANCED_FACE('',(#42),#906,.F.);
#949=ADVANCED_FACE('',(#43),#907,.F.);
#950=ADVANCED_FACE('',(#44),#908,.F.);
#951=ADVANCED_FACE('',(#45),#909,.F.);
#952=ADVANCED_FACE('',(#46),#910,.F.);
#953=ADVANCED_FACE('',(#47),#911,.F.);
#954=ADVANCED_FACE('',(#48),#912,.F.);
#955=ADVANCED_FACE('',(#49),#913,.F.);
#956=ADVANCED_FACE('',(#50),#914,.F.);
#957=ADVANCED_FACE('',(#51),#915,.F.);
#958=ADVANCED_FACE('',(#52),#916,.F.);
#959=ADVANCED_FACE('',(#53),#917,.F.);
#960=ADVANCED_FACE('',(#54),#918,.F.);
#961=ADVANCED_FACE('',(#55),#919,.F.);
#962=ADVANCED_FACE('',(#56),#920,.F.);
#963=ADVANCED_FACE('',(#57),#921,.F.);
#964=ADVANCED_FACE('',(#58),#922,.F.);
#965=ADVANCED_FACE('',(#59),#923,.F.);
#966=ADVANCED_FACE('',(#60),#924,.F.);
#967=ADVANCED_FACE('',(#61),#925,.F.);
#968=ADVANCED_FACE('',(#62),#926,.F.);
#969=ADVANCED_FACE('',(#63),#927,.F.);
#970=ADVANCED_FACE('',(#64),#928,.F.);
#971=ADVANCED_FACE('',(#65),#929,.F.);
#972=ADVANCED_FACE('',(#66),#930,.F.);
#973=ADVANCED_FACE('',(#67),#931,.F.);
#974=ADVANCED_FACE('',(#68),#25,.F.);
#975=ADVANCED_FACE('',(#69),#26,.F.);
#976=ADVANCED_FACE('',(#70,#15),#17,.T.);
#977=ADVANCED_FACE('',(#71),#932,.F.);
#978=ADVANCED_FACE('',(#72),#18,.T.);
#979=ADVANCED_FACE('',(#73),#19,.T.);
#980=ADVANCED_FACE('',(#74),#20,.T.);
#981=ADVANCED_FACE('',(#75),#21,.T.);
#982=ADVANCED_FACE('',(#76),#22,.T.);
#983=ADVANCED_FACE('',(#77),#23,.T.);
#984=ADVANCED_FACE('',(#78,#16),#24,.F.);
#985=CLOSED_SHELL('',(#933,#934,#935,#936,#937,#938,#939,#940,#941,#942,
#943,#944,#945,#946,#947,#948,#949,#950,#951,#952,#953,#954,#955,#956,#957,
#958,#959,#960,#961,#962,#963,#964,#965,#966,#967,#968,#969,#970,#971,#972,
#973,#974,#975,#976,#977,#978,#979,#980,#981,#982,#983,#984));
#986=DERIVED_UNIT_ELEMENT(#988,1.);
#987=DERIVED_UNIT_ELEMENT(#4136,-3.);
#988=(
MASS_UNIT()
NAMED_UNIT(*)
SI_UNIT(.KILO.,.GRAM.)
);
#989=DERIVED_UNIT((#986,#987));
#990=MEASURE_REPRESENTATION_ITEM('density measure',
POSITIVE_RATIO_MEASURE(7850.),#989);
#991=PROPERTY_DEFINITION_REPRESENTATION(#996,#993);
#992=PROPERTY_DEFINITION_REPRESENTATION(#997,#994);
#993=REPRESENTATION('material name',(#995),#4133);
#994=REPRESENTATION('density',(#990),#4133);
#995=DESCRIPTIVE_REPRESENTATION_ITEM('\X2\94A2\X0\','\X2\94A2\X0\');
#996=PROPERTY_DEFINITION('material property','material name',#4143);
#997=PROPERTY_DEFINITION('material property','density of part',#4143);
#998=AXIS2_PLACEMENT_3D('',#1221,#1053,#1054);
#999=AXIS2_PLACEMENT_3D('',#1222,#1055,#1056);
#1000=AXIS2_PLACEMENT_3D('',#1241,#1058,#1059);
#1001=AXIS2_PLACEMENT_3D('',#1261,#1060,#1061);
#1002=AXIS2_PLACEMENT_3D('',#1312,#1063,#1064);
#1003=AXIS2_PLACEMENT_3D('',#1363,#1066,#1067);
#1004=AXIS2_PLACEMENT_3D('',#1411,#1069,#1070);
#1005=AXIS2_PLACEMENT_3D('',#1462,#1072,#1073);
#1006=AXIS2_PLACEMENT_3D('',#1513,#1075,#1076);
#1007=AXIS2_PLACEMENT_3D('',#1561,#1078,#1079);
#1008=AXIS2_PLACEMENT_3D('',#1609,#1081,#1082);
#1009=AXIS2_PLACEMENT_3D('',#1660,#1084,#1085);
#1010=AXIS2_PLACEMENT_3D('',#1708,#1087,#1088);
#1011=AXIS2_PLACEMENT_3D('',#1756,#1090,#1091);
#1012=AXIS2_PLACEMENT_3D('',#1807,#1093,#1094);
#1013=AXIS2_PLACEMENT_3D('',#1858,#1096,#1097);
#1014=AXIS2_PLACEMENT_3D('',#1906,#1099,#1100);
#1015=AXIS2_PLACEMENT_3D('',#1957,#1102,#1103);
#1016=AXIS2_PLACEMENT_3D('',#2008,#1105,#1106);
#1017=AXIS2_PLACEMENT_3D('',#2056,#1108,#1109);
#1018=AXIS2_PLACEMENT_3D('',#2104,#1111,#1112);
#1019=AXIS2_PLACEMENT_3D('',#2155,#1114,#1115);
#1020=AXIS2_PLACEMENT_3D('',#2165,#1117,#1118);
#1021=AXIS2_PLACEMENT_3D('',#2176,#1119,#1120);
#1022=AXIS2_PLACEMENT_3D('',#2190,#1122,#1123);
#1023=AXIS2_PLACEMENT_3D('',#2200,#1124,#1125);
#1024=AXIS2_PLACEMENT_3D('',#2224,#1127,#1128);
#1025=AXIS2_PLACEMENT_3D('',#2249,#1130,#1131);
#1026=AXIS2_PLACEMENT_3D('',#2273,#1133,#1134);
#1027=AXIS2_PLACEMENT_3D('',#2298,#1136,#1137);
#1028=AXIS2_PLACEMENT_3D('',#2322,#1139,#1140);
#1029=AXIS2_PLACEMENT_3D('',#2347,#1142,#1143);
#1030=AXIS2_PLACEMENT_3D('',#2372,#1145,#1146);
#1031=AXIS2_PLACEMENT_3D('',#2396,#1148,#1149);
#1032=AXIS2_PLACEMENT_3D('',#2421,#1151,#1152);
#1033=AXIS2_PLACEMENT_3D('',#2445,#1154,#1155);
#1034=AXIS2_PLACEMENT_3D('',#2470,#1157,#1158);
#1035=AXIS2_PLACEMENT_3D('',#2495,#1160,#1161);
#1036=AXIS2_PLACEMENT_3D('',#2519,#1163,#1164);
#1037=AXIS2_PLACEMENT_3D('',#2544,#1166,#1167);
#1038=AXIS2_PLACEMENT_3D('',#2568,#1169,#1170);
#1039=AXIS2_PLACEMENT_3D('',#2593,#1172,#1173);
#1040=AXIS2_PLACEMENT_3D('',#2618,#1175,#1176);
#1041=AXIS2_PLACEMENT_3D('',#2642,#1178,#1179);
#1042=AXIS2_PLACEMENT_3D('',#2653,#1181,#1182);
#1043=AXIS2_PLACEMENT_3D('',#2659,#1183,#1184);
#1044=AXIS2_PLACEMENT_3D('',#4092,#1185,#1186);
#1045=AXIS2_PLACEMENT_3D('',#4105,#1193,#1194);
#1046=AXIS2_PLACEMENT_3D('',#4106,#1195,#1196);
#1047=AXIS2_PLACEMENT_3D('',#4112,#1200,#1201);
#1048=AXIS2_PLACEMENT_3D('',#4116,#1204,#1205);
#1049=AXIS2_PLACEMENT_3D('',#4120,#1208,#1209);
#1050=AXIS2_PLACEMENT_3D('',#4124,#1212,#1213);
#1051=AXIS2_PLACEMENT_3D('',#4128,#1216,#1217);
#1052=AXIS2_PLACEMENT_3D('',#4130,#1219,#1220);
#1053=DIRECTION('axis',(0.,0.,1.));
#1054=DIRECTION('refdir',(1.,0.,0.));
#1055=DIRECTION('center_axis',(0.,1.,0.));
#1056=DIRECTION('ref_axis',(0.937365199146255,0.,-0.348348221510461));
#1057=DIRECTION('',(0.,-1.,0.));
#1058=DIRECTION('center_axis',(0.,1.,0.));
#1059=DIRECTION('ref_axis',(1.,0.,0.));
#1060=DIRECTION('center_axis',(0.,1.,0.));
#1061=DIRECTION('ref_axis',(1.,0.,0.));
#1062=DIRECTION('',(0.,-1.,0.));
#1063=DIRECTION('center_axis',(0.,1.,0.));
#1064=DIRECTION('ref_axis',(1.,0.,0.));
#1065=DIRECTION('',(0.,-1.,0.));
#1066=DIRECTION('center_axis',(0.,1.,0.));
#1067=DIRECTION('ref_axis',(1.,0.,0.));
#1068=DIRECTION('',(0.,-1.,0.));
#1069=DIRECTION('center_axis',(0.,1.,0.));
#1070=DIRECTION('ref_axis',(1.,0.,0.));
#1071=DIRECTION('',(0.,-1.,0.));
#1072=DIRECTION('center_axis',(0.,1.,0.));
#1073=DIRECTION('ref_axis',(1.,0.,0.));
#1074=DIRECTION('',(0.,-1.,0.));
#1075=DIRECTION('center_axis',(0.,1.,0.));
#1076=DIRECTION('ref_axis',(1.,0.,0.));
#1077=DIRECTION('',(0.,-1.,0.));
#1078=DIRECTION('center_axis',(0.,1.,0.));
#1079=DIRECTION('ref_axis',(1.,0.,0.));
#1080=DIRECTION('',(0.,-1.,0.));
#1081=DIRECTION('center_axis',(0.,1.,0.));
#1082=DIRECTION('ref_axis',(1.,0.,0.));
#1083=DIRECTION('',(0.,-1.,0.));
#1084=DIRECTION('center_axis',(0.,1.,0.));
#1085=DIRECTION('ref_axis',(1.,0.,0.));
#1086=DIRECTION('',(0.,-1.,0.));
#1087=DIRECTION('center_axis',(0.,1.,0.));
#1088=DIRECTION('ref_axis',(1.,0.,0.));
#1089=DIRECTION('',(0.,-1.,0.));
#1090=DIRECTION('center_axis',(0.,1.,0.));
#1091=DIRECTION('ref_axis',(1.,0.,0.));
#1092=DIRECTION('',(0.,-1.,0.));
#1093=DIRECTION('center_axis',(0.,1.,0.));
#1094=DIRECTION('ref_axis',(1.,0.,0.));
#1095=DIRECTION('',(0.,-1.,0.));
#1096=DIRECTION('center_axis',(0.,1.,0.));
#1097=DIRECTION('ref_axis',(1.,0.,0.));
#1098=DIRECTION('',(0.,-1.,0.));
#1099=DIRECTION('center_axis',(0.,1.,0.));
#1100=DIRECTION('ref_axis',(1.,0.,0.));
#1101=DIRECTION('',(0.,-1.,0.));
#1102=DIRECTION('center_axis',(0.,1.,0.));
#1103=DIRECTION('ref_axis',(1.,0.,0.));
#1104=DIRECTION('',(0.,-1.,0.));
#1105=DIRECTION('center_axis',(0.,1.,0.));
#1106=DIRECTION('ref_axis',(1.,0.,0.));
#1107=DIRECTION('',(0.,-1.,0.));
#1108=DIRECTION('center_axis',(0.,1.,0.));
#1109=DIRECTION('ref_axis',(1.,0.,0.));
#1110=DIRECTION('',(0.,-1.,0.));
#1111=DIRECTION('center_axis',(0.,1.,0.));
#1112=DIRECTION('ref_axis',(1.,0.,0.));
#1113=DIRECTION('',(0.,-1.,0.));
#1114=DIRECTION('center_axis',(0.,1.,0.));
#1115=DIRECTION('ref_axis',(-0.348629370218419,0.,0.93726066930236));
#1116=DIRECTION('',(0.,-1.,0.));
#1117=DIRECTION('center_axis',(0.,1.,0.));
#1118=DIRECTION('ref_axis',(1.,0.,0.));
#1119=DIRECTION('center_axis',(0.,1.,0.));
#1120=DIRECTION('ref_axis',(1.,0.,-6.07635265793527E-14));
#1121=DIRECTION('',(1.22464679914735E-16,1.,-7.45638343085756E-30));
#1122=DIRECTION('center_axis',(0.,-1.,0.));
#1123=DIRECTION('ref_axis',(1.,0.,-6.07635265793527E-14));
#1124=DIRECTION('center_axis',(0.,1.,0.));
#1125=DIRECTION('ref_axis',(1.,0.,-6.07635265793527E-14));
#1126=DIRECTION('',(1.22464679914735E-16,1.,-7.45638343085756E-30));
#1127=DIRECTION('center_axis',(0.,1.,0.));
#1128=DIRECTION('ref_axis',(1.,0.,-6.07635265793527E-14));
#1129=DIRECTION('',(1.22464679914735E-16,1.,-7.45638343085756E-30));
#1130=DIRECTION('center_axis',(0.,1.,0.));
#1131=DIRECTION('ref_axis',(1.,0.,-6.07635265793527E-14));
#1132=DIRECTION('',(1.22464679914735E-16,1.,-7.45638343085756E-30));
#1133=DIRECTION('center_axis',(0.,1.,0.));
#1134=DIRECTION('ref_axis',(1.,0.,-6.07635265793527E-14));
#1135=DIRECTION('',(1.22464679914735E-16,1.,-7.45638343085756E-30));
#1136=DIRECTION('center_axis',(0.,1.,0.));
#1137=DIRECTION('ref_axis',(1.,0.,-6.07635265793527E-14));
#1138=DIRECTION('',(1.22464679914735E-16,1.,-7.45638343085756E-30));
#1139=DIRECTION('center_axis',(0.,1.,0.));
#1140=DIRECTION('ref_axis',(1.,0.,-6.07635265793527E-14));
#1141=DIRECTION('',(1.22464679914735E-16,1.,-7.45638343085756E-30));
#1142=DIRECTION('center_axis',(0.,1.,0.));
#1143=DIRECTION('ref_axis',(1.,0.,-6.07635265793527E-14));
#1144=DIRECTION('',(1.22464679914735E-16,1.,-7.45638343085756E-30));
#1145=DIRECTION('center_axis',(0.,1.,0.));
#1146=DIRECTION('ref_axis',(1.,0.,-6.07635265793527E-14));
#1147=DIRECTION('',(1.22464679914735E-16,1.,-7.45638343085756E-30));
#1148=DIRECTION('center_axis',(0.,1.,0.));
#1149=DIRECTION('ref_axis',(1.,0.,-6.07635265793527E-14));
#1150=DIRECTION('',(1.22464679914735E-16,1.,-7.45638343085756E-30));
#1151=DIRECTION('center_axis',(0.,1.,0.));
#1152=DIRECTION('ref_axis',(1.,0.,-6.07635265793527E-14));
#1153=DIRECTION('',(1.22464679914735E-16,1.,-7.45638343085756E-30));
#1154=DIRECTION('center_axis',(0.,1.,0.));
#1155=DIRECTION('ref_axis',(1.,0.,-6.07635265793527E-14));
#1156=DIRECTION('',(1.22464679914735E-16,1.,-7.45638343085756E-30));
#1157=DIRECTION('center_axis',(0.,1.,0.));
#1158=DIRECTION('ref_axis',(1.,0.,-6.07635265793527E-14));
#1159=DIRECTION('',(1.22464679914735E-16,1.,-7.45638343085756E-30));
#1160=DIRECTION('center_axis',(0.,1.,0.));
#1161=DIRECTION('ref_axis',(1.,0.,-6.07635265793527E-14));
#1162=DIRECTION('',(1.22464679914735E-16,1.,-7.45638343085756E-30));
#1163=DIRECTION('center_axis',(0.,1.,0.));
#1164=DIRECTION('ref_axis',(1.,0.,-6.07635265793527E-14));
#1165=DIRECTION('',(1.22464679914735E-16,1.,-7.45638343085756E-30));
#1166=DIRECTION('center_axis',(0.,1.,0.));
#1167=DIRECTION('ref_axis',(1.,0.,-6.07635265793527E-14));
#1168=DIRECTION('',(1.22464679914735E-16,1.,-7.45638343085756E-30));
#1169=DIRECTION('center_axis',(0.,1.,0.));
#1170=DIRECTION('ref_axis',(1.,0.,-6.07635265793527E-14));
#1171=DIRECTION('',(1.22464679914735E-16,1.,-7.45638343085756E-30));
#1172=DIRECTION('center_axis',(0.,1.,0.));
#1173=DIRECTION('ref_axis',(1.,0.,-6.07635265793527E-14));
#1174=DIRECTION('',(1.22464679914735E-16,1.,-7.45638343085756E-30));
#1175=DIRECTION('center_axis',(0.,1.,0.));
#1176=DIRECTION('ref_axis',(1.,0.,-6.07635265793527E-14));
#1177=DIRECTION('',(1.22464679914735E-16,1.,-7.45638343085756E-30));
#1178=DIRECTION('center_axis',(0.,1.,0.));
#1179=DIRECTION('ref_axis',(-0.609226897746316,0.,-0.792995956523361));
#1180=DIRECTION('',(1.22464679914735E-16,1.,-7.45638343085756E-30));
#1181=DIRECTION('center_axis',(0.,1.,0.));
#1182=DIRECTION('ref_axis',(1.,0.,-6.07635265793527E-14));
#1183=DIRECTION('center_axis',(0.,1.,0.));
#1184=DIRECTION('ref_axis',(1.,0.,-6.07635265793527E-14));
#1185=DIRECTION('center_axis',(0.,1.,0.));
#1186=DIRECTION('ref_axis',(1.,0.,0.));
#1187=DIRECTION('',(-0.5,0.,0.866025403784439));
#1188=DIRECTION('',(0.500000000000001,0.,0.866025403784438));
#1189=DIRECTION('',(1.,0.,1.6721414664205E-15));
#1190=DIRECTION('',(0.500000000000001,0.,-0.866025403784438));
#1191=DIRECTION('',(-0.5,0.,-0.866025403784439));
#1192=DIRECTION('',(-1.,0.,-8.36070733210248E-16));
#1193=DIRECTION('center_axis',(0.,1.,0.));
#1194=DIRECTION('ref_axis',(1.,0.,0.));
#1195=DIRECTION('center_axis',(8.36070733210248E-16,0.,-1.));
#1196=DIRECTION('ref_axis',(-1.,0.,-8.36070733210248E-16));
#1197=DIRECTION('',(-1.,0.,-8.36070733210248E-16));
#1198=DIRECTION('',(0.,1.,0.));
#1199=DIRECTION('',(0.,1.,0.));
#1200=DIRECTION('center_axis',(0.866025403784438,0.,-0.5));
#1201=DIRECTION('ref_axis',(-0.5,0.,-0.866025403784439));
#1202=DIRECTION('',(-0.5,0.,-0.866025403784439));
#1203=DIRECTION('',(0.,1.,0.));
#1204=DIRECTION('center_axis',(0.866025403784438,0.,0.500000000000001));
#1205=DIRECTION('ref_axis',(0.500000000000001,0.,-0.866025403784438));
#1206=DIRECTION('',(0.500000000000001,0.,-0.866025403784438));
#1207=DIRECTION('',(0.,1.,0.));
#1208=DIRECTION('center_axis',(-1.6721414664205E-15,0.,1.));
#1209=DIRECTION('ref_axis',(1.,0.,1.6721414664205E-15));
#1210=DIRECTION('',(1.,0.,1.6721414664205E-15));
#1211=DIRECTION('',(0.,1.,0.));
#1212=DIRECTION('center_axis',(-0.866025403784438,0.,0.500000000000001));
#1213=DIRECTION('ref_axis',(0.500000000000001,0.,0.866025403784438));
#1214=DIRECTION('',(0.500000000000001,0.,0.866025403784438));
#1215=DIRECTION('',(0.,1.,0.));
#1216=DIRECTION('center_axis',(-0.866025403784439,0.,-0.5));
#1217=DIRECTION('ref_axis',(-0.5,0.,0.866025403784439));
#1218=DIRECTION('',(-0.5,0.,0.866025403784439));
#1219=DIRECTION('center_axis',(0.,1.,0.));
#1220=DIRECTION('ref_axis',(1.,0.,0.));
#1221=CARTESIAN_POINT('',(0.,0.,0.));
#1222=CARTESIAN_POINT('Origin',(0.,0.,0.));
#1223=CARTESIAN_POINT('',(-1.26283859487392,0.443419673619406,0.000713667687438513));
#1224=CARTESIAN_POINT('',(-1.26567312767123,0.306580326380584,0.000879058434690993));
#1225=CARTESIAN_POINT('',(-1.2645,0.,1.54856587752183E-16));
#1226=CARTESIAN_POINT('',(0.958116152722389,0.,0.825211298936489));
#1227=CARTESIAN_POINT('Ctrl Pts',(-1.26567312767123,0.306580326380584,0.000879058434690994));
#1228=CARTESIAN_POINT('Ctrl Pts',(-1.26271404978674,0.283768072144107,-0.360539776669707));
#1229=CARTESIAN_POINT('Ctrl Pts',(-1.09979702083693,0.260955817907631,-0.724186968912898));
#1230=CARTESIAN_POINT('Ctrl Pts',(-0.826347452647729,0.238143563671155,
-0.95972177796992));
#1231=CARTESIAN_POINT('Ctrl Pts',(-0.509167757238475,0.211683167707693,
-1.23292337594535));
#1232=CARTESIAN_POINT('Ctrl Pts',(-0.0432759233869743,0.185222771744231,
-1.33376064939112));
#1233=CARTESIAN_POINT('Ctrl Pts',(0.358203115073701,0.15876237578077,-1.21511631843182));
#1234=CARTESIAN_POINT('Ctrl Pts',(0.759682153534377,0.132301979817308,-1.09647198747253));
#1235=CARTESIAN_POINT('Ctrl Pts',(1.09674839660423,0.105841583853846,-0.758346052108169));
#1236=CARTESIAN_POINT('Ctrl Pts',(1.21495488430907,0.0793811878903844,-0.357571304600465));
#1237=CARTESIAN_POINT('Ctrl Pts',(1.33316137201391,0.0529207919269226,0.0432034429072386));
#1238=CARTESIAN_POINT('Ctrl Pts',(1.23250810435375,0.0264603959634609,0.506627002558289));
#1239=CARTESIAN_POINT('Ctrl Pts',(0.95811615272238,-8.32667268468867E-16,
0.825211298936499));
#1240=CARTESIAN_POINT('',(-0.959926379071563,1.04023442759753E-16,0.826624817365874));
#1241=CARTESIAN_POINT('Origin',(0.,0.,0.));
#1242=CARTESIAN_POINT('Ctrl Pts',(-0.959927422602389,1.04083408558608E-16,
0.826625632208755));
#1243=CARTESIAN_POINT('Ctrl Pts',(-0.69318145997085,0.0257838379006151,
1.13528765277888));
#1244=CARTESIAN_POINT('Ctrl Pts',(-0.263403039151101,0.05156767580123,1.30426954990495));
#1245=CARTESIAN_POINT('Ctrl Pts',(0.141934481594789,0.0773515137018451,
1.25847958716407));
#1246=CARTESIAN_POINT('Ctrl Pts',(0.557907904136678,0.103811909665307,1.2114881132824));
#1247=CARTESIAN_POINT('Ctrl Pts',(0.948140958841764,0.130272305628769,0.938305842119818));
#1248=CARTESIAN_POINT('Ctrl Pts',(1.13430195574886,0.15673270159223,0.563517617766582));
#1249=CARTESIAN_POINT('Ctrl Pts',(1.32046295265596,0.183193097555692,0.188729393413345));
#1250=CARTESIAN_POINT('Ctrl Pts',(1.30255189176506,0.209653493519154,-0.287664784130542));
#1251=CARTESIAN_POINT('Ctrl Pts',(1.08863531012593,0.236113889482615,-0.647431159349581));
#1252=CARTESIAN_POINT('Ctrl Pts',(0.874718728486797,0.262574285446077,-1.00719753456862));
#1253=CARTESIAN_POINT('Ctrl Pts',(0.464796626099422,0.289034681409539,-1.25033610746281));
#1254=CARTESIAN_POINT('Ctrl Pts',(0.0465274648924262,0.315495077373001,
-1.26569883137377));
#1255=CARTESIAN_POINT('Ctrl Pts',(-0.37174169631457,0.341955473336463,-1.28106155528474));
#1256=CARTESIAN_POINT('Ctrl Pts',(-0.798357916341187,0.368415869299924,
-1.06864843021249));
#1257=CARTESIAN_POINT('Ctrl Pts',(-1.03812744254388,0.394876265263386,-0.725602682687867));
#1258=CARTESIAN_POINT('Ctrl Pts',(-1.18475198081432,0.411057401382059,-0.515822377688163));
#1259=CARTESIAN_POINT('Ctrl Pts',(-1.26150329829404,0.427238537500733,-0.257190675405044));
#1260=CARTESIAN_POINT('Ctrl Pts',(-1.26283859487392,0.443419673619406,0.000713667687438513));
#1261=CARTESIAN_POINT('Origin',(0.,0.,0.));
#1262=CARTESIAN_POINT('',(-1.26615102850542,0.943419673619406,0.000654000816190152));
#1263=CARTESIAN_POINT('',(-1.26540387063477,0.806580326380584,-0.00101238865876357));
#1264=CARTESIAN_POINT('',(-1.2645,0.,1.54856587752183E-16));
#1265=CARTESIAN_POINT('Ctrl Pts',(-1.26540387063477,0.806580326380584,-0.00101238865876357));
#1266=CARTESIAN_POINT('Ctrl Pts',(-1.26599222745424,0.802324177221673,-0.0684986167571623));
#1267=CARTESIAN_POINT('Ctrl Pts',(-1.26105912223964,0.798068028062762,-0.135898606076712));
#1268=CARTESIAN_POINT('Ctrl Pts',(-1.25030329898161,0.793811878903852,-0.202356105281268));
#1269=CARTESIAN_POINT('Ctrl Pts',(-1.18343455644128,0.76735148294039,-0.615521076253312));
#1270=CARTESIAN_POINT('Ctrl Pts',(-0.891512838541656,0.740891086976928,
-0.992258007426105));
#1271=CARTESIAN_POINT('Ctrl Pts',(-0.508129237579913,0.714430691013466,
-1.16017356707098));
#1272=CARTESIAN_POINT('Ctrl Pts',(-0.124745636618171,0.687970295050005,
-1.32808912671585));
#1273=CARTESIAN_POINT('Ctrl Pts',(0.350099847405688,0.661509899086543,-1.28718331483281));
#1274=CARTESIAN_POINT('Ctrl Pts',(0.69910808554825,0.635049503123081,-1.05615575625856));
#1275=CARTESIAN_POINT('Ctrl Pts',(1.04811632369081,0.60858910715962,-0.825128197684299));
#1276=CARTESIAN_POINT('Ctrl Pts',(1.27128731595208,0.582128711196157,-0.403978892418826));
#1277=CARTESIAN_POINT('Ctrl Pts',(1.26648993180896,0.555668315232696,0.0145265225372731));
#1278=CARTESIAN_POINT('Ctrl Pts',(1.26169254766584,0.529207919269234,0.433031937493369));
#1279=CARTESIAN_POINT('Ctrl Pts',(1.02892678711833,0.502747523305773,0.848893462140091));
#1280=CARTESIAN_POINT('Ctrl Pts',(0.67471707184888,0.476287127342311,1.07187456721441));
#1281=CARTESIAN_POINT('Ctrl Pts',(0.320507356579423,0.449826731378849,1.29485567228872));
#1282=CARTESIAN_POINT('Ctrl Pts',(-0.155146313411984,0.423366335415387,
1.32495635779063));
#1283=CARTESIAN_POINT('Ctrl Pts',(-0.53458352817229,0.396905939451925,1.14826580416211));
#1284=CARTESIAN_POINT('Ctrl Pts',(-0.914020742932594,0.370445543488463,
0.971575250533597));
#1285=CARTESIAN_POINT('Ctrl Pts',(-1.1972415024618,0.343985147525002,0.588093457774657));
#1286=CARTESIAN_POINT('Ctrl Pts',(-1.25461810374289,0.31752475156154,0.173569600142637));
#1287=CARTESIAN_POINT('Ctrl Pts',(-1.26252871753625,0.313876609834555,0.116418460607665));
#1288=CARTESIAN_POINT('Ctrl Pts',(-1.26614634418863,0.310228468107569,0.0586772540709031));
#1289=CARTESIAN_POINT('Ctrl Pts',(-1.26567312767123,0.306580326380584,0.000879058434690994));
#1290=CARTESIAN_POINT('Ctrl Pts',(-1.26283859487392,0.443419673619406,0.000713667687438513));
#1291=CARTESIAN_POINT('Ctrl Pts',(-1.26368685796334,0.453698933464195,0.164550479781718));
#1292=CARTESIAN_POINT('Ctrl Pts',(-1.23410040312896,0.463978193308983,0.328093760454792));
#1293=CARTESIAN_POINT('Ctrl Pts',(-1.17265825118458,0.474257453153771,0.478633258634846));
#1294=CARTESIAN_POINT('Ctrl Pts',(-1.0144967012438,0.500717849117233,0.86614508245596));
#1295=CARTESIAN_POINT('Ctrl Pts',(-0.64525076898349,0.527178245080695,1.16749036012121));
#1296=CARTESIAN_POINT('Ctrl Pts',(-0.233906149693109,0.553638641044156,
1.24478352763304));
#1297=CARTESIAN_POINT('Ctrl Pts',(0.177438469597274,0.580099037007618,1.32207669514487));
#1298=CARTESIAN_POINT('Ctrl Pts',(0.630881775917725,0.60655943297108,1.17531775250328));
#1299=CARTESIAN_POINT('Ctrl Pts',(0.918922575136454,0.633019828934542,0.87165802553457));
#1300=CARTESIAN_POINT('Ctrl Pts',(1.20696337435518,0.659480224898004,0.567998298565864));
#1301=CARTESIAN_POINT('Ctrl Pts',(1.32960166647219,0.685940620861466,0.107437787270045));
#1302=CARTESIAN_POINT('Ctrl Pts',(1.23071248721563,0.712401016824927,-0.299255292812642));
#1303=CARTESIAN_POINT('Ctrl Pts',(1.13182330795907,0.738861412788389,-0.705948372895332));
#1304=CARTESIAN_POINT('Ctrl Pts',(0.811406657328936,0.765321808751851,-1.05877402176489));
#1305=CARTESIAN_POINT('Ctrl Pts',(0.416094272727515,0.791782204715312,-1.19627333946928));
#1306=CARTESIAN_POINT('Ctrl Pts',(0.0207818881260956,0.818242600678774,
-1.33377265717368));
#1307=CARTESIAN_POINT('Ctrl Pts',(-0.449426230446615,0.844702996642235,
-1.25594564371292));
#1308=CARTESIAN_POINT('Ctrl Pts',(-0.779352427860146,0.871163392605697,
-0.998406470088539));
#1309=CARTESIAN_POINT('Ctrl Pts',(-1.07966589843979,0.895248819610267,-0.763982881880991));
#1310=CARTESIAN_POINT('Ctrl Pts',(-1.26374950555237,0.919334246614837,-0.380659708704913));
#1311=CARTESIAN_POINT('Ctrl Pts',(-1.26615102850542,0.943419673619406,0.000654000816190152));
#1312=CARTESIAN_POINT('Origin',(0.,0.,0.));
#1313=CARTESIAN_POINT('',(-1.26480387056565,1.44341967361941,-0.00113265035588431));
#1314=CARTESIAN_POINT('',(-1.26248094571473,1.30658032638058,-0.000277437702017741));
#1315=CARTESIAN_POINT('',(-1.2645,0.,1.54856587752183E-16));
#1316=CARTESIAN_POINT('Ctrl Pts',(-1.26248094571473,1.30658032638058,-0.000277437702017741));
#1317=CARTESIAN_POINT('Ctrl Pts',(-1.26286147229038,1.29441988633578,-0.194231581516682));
#1318=CARTESIAN_POINT('Ctrl Pts',(-1.22091644053673,1.28225944629097,-0.388029716055198));
#1319=CARTESIAN_POINT('Ctrl Pts',(-1.13579230558561,1.27009900624616,-0.560518745411022));
#1320=CARTESIAN_POINT('Ctrl Pts',(-0.950567239012815,1.2436386102827,-0.935844638165817));
#1321=CARTESIAN_POINT('Ctrl Pts',(-0.560901305440574,1.21717821431924,-1.21027793204914));
#1322=CARTESIAN_POINT('Ctrl Pts',(-0.145114922650966,1.19071781835578,-1.25823164568593));
#1323=CARTESIAN_POINT('Ctrl Pts',(0.270671460138645,1.16425742239232,-1.30618535932273));
#1324=CARTESIAN_POINT('Ctrl Pts',(0.712578292145629,1.13779702642885,-1.12765949271298));
#1325=CARTESIAN_POINT('Ctrl Pts',(0.978378525179246,1.11133663046539,-0.804351306616367));
#1326=CARTESIAN_POINT('Ctrl Pts',(1.24417875821286,1.08487623450193,-0.481043120519752));
#1327=CARTESIAN_POINT('Ctrl Pts',(1.33387239227312,1.05841583853847,-0.0129526149362692));
#1328=CARTESIAN_POINT('Ctrl Pts',(1.20641342746127,1.03195544257501,0.385710055606944));
#1329=CARTESIAN_POINT('Ctrl Pts',(1.07895446264943,1.00549504661155,0.784372726150161));
#1330=CARTESIAN_POINT('Ctrl Pts',(0.73434289896547,0.979034650648084,1.1136075616531));
#1331=CARTESIAN_POINT('Ctrl Pts',(0.330281298595906,0.952574254684622,1.22275039441746));
#1332=CARTESIAN_POINT('Ctrl Pts',(-0.0737803017736598,0.92611385872116,
1.33189322718182));
#1333=CARTESIAN_POINT('Ctrl Pts',(-0.537291938828833,0.899653462757698,
1.22094405720759));
#1334=CARTESIAN_POINT('Ctrl Pts',(-0.848139873765903,0.873193066794236,
0.940672966834827));
#1335=CARTESIAN_POINT('Ctrl Pts',(-1.10898798335423,0.850988819989685,0.705483422755032));
#1336=CARTESIAN_POINT('Ctrl Pts',(-1.2623344246307,0.828784573185135,0.351061941600045));
#1337=CARTESIAN_POINT('Ctrl Pts',(-1.26540387063477,0.806580326380584,-0.00101238865876357));
#1338=CARTESIAN_POINT('Ctrl Pts',(-1.26615102850542,0.943419673619406,0.000654000816190152));
#1339=CARTESIAN_POINT('Ctrl Pts',(-1.2663878332117,0.945794642578298,0.0382538417299821));
#1340=CARTESIAN_POINT('Ctrl Pts',(-1.26485811499141,0.94816961153719,0.0758341443187212));
#1341=CARTESIAN_POINT('Ctrl Pts',(-1.26149912074977,0.950544580496082,0.113250222737846));
#1342=CARTESIAN_POINT('Ctrl Pts',(-1.2240753399715,0.977004976459544,0.53011640815185));
#1343=CARTESIAN_POINT('Ctrl Pts',(-0.959583502160631,1.00346537242301,0.92659744519186));
#1344=CARTESIAN_POINT('Ctrl Pts',(-0.589061576971538,1.02992576838647,1.12125454540211));
#1345=CARTESIAN_POINT('Ctrl Pts',(-0.218539651782442,1.05638616434993,1.31591164561235));
#1346=CARTESIAN_POINT('Ctrl Pts',(0.258012360784879,1.08284656031339,1.30874480899283));
#1347=CARTESIAN_POINT('Ctrl Pts',(0.622513034388158,1.10930695627685,1.10303355756882));
#1348=CARTESIAN_POINT('Ctrl Pts',(0.987013707991435,1.13576735224031,0.897322306144813));
#1349=CARTESIAN_POINT('Ctrl Pts',(1.23946304263068,1.16222774820378,0.493066639916325));
#1350=CARTESIAN_POINT('Ctrl Pts',(1.26433415811176,1.18868814416724,0.0752636705914531));
#1351=CARTESIAN_POINT('Ctrl Pts',(1.28920527359283,1.2151485401307,-0.342539298733421));
#1352=CARTESIAN_POINT('Ctrl Pts',(1.08649816991574,1.24160893609416,-0.773889571154676));
#1353=CARTESIAN_POINT('Ctrl Pts',(0.748976471137789,1.26806933205762,-1.02139105362672));
#1354=CARTESIAN_POINT('Ctrl Pts',(0.411454772359838,1.29452972802109,-1.26889253609877));
#1355=CARTESIAN_POINT('Ctrl Pts',(-0.0608815215189782,1.32099012398455,
-1.33254522862161));
#1356=CARTESIAN_POINT('Ctrl Pts',(-0.451880101818765,1.34745051994801,-1.18322011664074));
#1357=CARTESIAN_POINT('Ctrl Pts',(-0.842878682118557,1.37391091591147,-1.03389500465986));
#1358=CARTESIAN_POINT('Ctrl Pts',(-1.15253954883932,1.40037131187493,-0.671592088175275));
#1359=CARTESIAN_POINT('Ctrl Pts',(-1.23915451392,1.42683170783839,-0.262109815809322));
#1360=CARTESIAN_POINT('Ctrl Pts',(-1.25725409286389,1.4323610297654,-0.176541961479443));
#1361=CARTESIAN_POINT('Ctrl Pts',(-1.26561397759135,1.4378903516924,-0.0889139370400309));
#1362=CARTESIAN_POINT('Ctrl Pts',(-1.26480387056565,1.44341967361941,-0.00113265035588431));
#1363=CARTESIAN_POINT('Origin',(0.,0.,0.));
#1364=CARTESIAN_POINT('',(-1.2624269985585,1.94341967361941,5.3234209383845E-5));
#1365=CARTESIAN_POINT('',(-1.26438644186761,1.80658032638058,0.00115615827075546));
#1366=CARTESIAN_POINT('',(-1.2645,0.,1.54856587752183E-16));
#1367=CARTESIAN_POINT('Ctrl Pts',(-1.26438644186761,1.80658032638058,0.00115615827075546));
#1368=CARTESIAN_POINT('Ctrl Pts',(-1.26147904477199,1.78651559544988,-0.317652783056291));
#1369=CARTESIAN_POINT('Ctrl Pts',(-1.13899694396116,1.76645086451918,-0.638451289859369));
#1370=CARTESIAN_POINT('Ctrl Pts',(-0.92117291299096,1.74638613358847,-0.869278923450852));
#1371=CARTESIAN_POINT('Ctrl Pts',(-0.633917124227344,1.71992573762501,-1.17368323394142));
#1372=CARTESIAN_POINT('Ctrl Pts',(-0.180851634097561,1.69346534166155,-1.32161867922304));
#1373=CARTESIAN_POINT('Ctrl Pts',(0.230690010299796,1.66700494569809,-1.24538648488382));
#1374=CARTESIAN_POINT('Ctrl Pts',(0.642231654697155,1.64054454973463,-1.16915429054459));
#1375=CARTESIAN_POINT('Ctrl Pts',(1.01224945336209,1.61408415377117,-0.868754456584515));
#1376=CARTESIAN_POINT('Ctrl Pts',(1.17141445953468,1.5876237578077,-0.481657084548065));
#1377=CARTESIAN_POINT('Ctrl Pts',(1.33057946570727,1.56116336184424,-0.0945597125116181));
#1378=CARTESIAN_POINT('Ctrl Pts',(1.27889167938753,1.53470296588078,0.379235197601203));
#1379=CARTESIAN_POINT('Ctrl Pts',(1.04000465999201,1.50824256991732,0.722907806185176));
#1380=CARTESIAN_POINT('Ctrl Pts',(0.801117640596479,1.48178217395386,1.06658041476915));
#1381=CARTESIAN_POINT('Ctrl Pts',(0.375031388125168,1.4553217779904,1.28013072182428));
#1382=CARTESIAN_POINT('Ctrl Pts',(-0.0432668892703115,1.42886138202693,
1.26583305897133));
#1383=CARTESIAN_POINT('Ctrl Pts',(-0.46156516666579,1.40240098606347,1.25153539611837));
#1384=CARTESIAN_POINT('Ctrl Pts',(-0.872075468985438,1.37594059010001,1.00938976335734));
#1385=CARTESIAN_POINT('Ctrl Pts',(-1.08693852035859,1.34948019413655,0.650207701163692));
#1386=CARTESIAN_POINT('Ctrl Pts',(-1.20305666792624,1.33518023821789,0.456095426228982));
#1387=CARTESIAN_POINT('Ctrl Pts',(-1.26203346904139,1.32088028229924,0.227801126607389));
#1388=CARTESIAN_POINT('Ctrl Pts',(-1.26248094571473,1.30658032638058,-0.000277437702017741));
#1389=CARTESIAN_POINT('Ctrl Pts',(-1.26480387056565,1.44341967361941,-0.00113265035588431));
#1390=CARTESIAN_POINT('Ctrl Pts',(-1.26173723593009,1.46435074765586,0.331160646156334));
#1391=CARTESIAN_POINT('Ctrl Pts',(-1.12726671169349,1.48528182169232,0.665650155667351));
#1392=CARTESIAN_POINT('Ctrl Pts',(-0.892295751038222,1.50621289572878,0.89889585163219));
#1393=CARTESIAN_POINT('Ctrl Pts',(-0.595252959635164,1.53267329169224,1.19375761846044));
#1394=CARTESIAN_POINT('Ctrl Pts',(-0.13759831338845,1.5591336876557,1.32681952386963));
#1395=CARTESIAN_POINT('Ctrl Pts',(0.271234536318726,1.58559408361916,1.23718927028203));
#1396=CARTESIAN_POINT('Ctrl Pts',(0.680067386025896,1.61205447958263,1.14755901669443));
#1397=CARTESIAN_POINT('Ctrl Pts',(1.04007843919353,1.63851487554609,0.835236604110061));
#1398=CARTESIAN_POINT('Ctrl Pts',(1.18651807194523,1.66497527150955,0.443148200866951));
#1399=CARTESIAN_POINT('Ctrl Pts',(1.33295770469693,1.69143566747301,0.051059797623834));
#1400=CARTESIAN_POINT('Ctrl Pts',(1.26582591703269,1.71789606343647,-0.420794596278028));
#1401=CARTESIAN_POINT('Ctrl Pts',(1.01584381271865,1.74435645939993,-0.756483185872569));
#1402=CARTESIAN_POINT('Ctrl Pts',(0.765861708404607,1.7708168553634,-1.09217177546711));
#1403=CARTESIAN_POINT('Ctrl Pts',(0.333029287440767,1.79727725132686,-1.29169456075433));
#1404=CARTESIAN_POINT('Ctrl Pts',(-0.0845790375679352,1.82373764729032,
-1.26374516792348));
#1405=CARTESIAN_POINT('Ctrl Pts',(-0.502187362576637,1.85019804325378,-1.23579577509262));
#1406=CARTESIAN_POINT('Ctrl Pts',(-0.904571591630198,1.87665843921724,-0.980374204143678));
#1407=CARTESIAN_POINT('Ctrl Pts',(-1.10759112857631,1.90311883518071,-0.614367442759083));
#1408=CARTESIAN_POINT('Ctrl Pts',(-1.21066161386134,1.91655244799361,-0.428550377657959));
#1409=CARTESIAN_POINT('Ctrl Pts',(-1.26234652395316,1.92998606080651,-0.214230353691255));
#1410=CARTESIAN_POINT('Ctrl Pts',(-1.2624269985585,1.94341967361941,5.3234209383845E-5));
#1411=CARTESIAN_POINT('Origin',(0.,0.,0.));
#1412=CARTESIAN_POINT('',(-1.26499925345677,2.44341967361941,0.00110484493530838));
#1413=CARTESIAN_POINT('',(-1.26639136472981,2.30658032638058,-0.000432968638765163));
#1414=CARTESIAN_POINT('',(-1.2645,0.,1.54856587752183E-16));
#1415=CARTESIAN_POINT('Ctrl Pts',(-1.26639136472981,2.30658032638058,-0.000432968638765163));
#1416=CARTESIAN_POINT('Ctrl Pts',(-1.26649740681724,2.30507170052744,-0.0243050852639382));
#1417=CARTESIAN_POINT('Ctrl Pts',(-1.26588084694055,2.30356307467431,-0.0481716158464157));
#1418=CARTESIAN_POINT('Ctrl Pts',(-1.26452439834612,2.30205444882117,-0.0719960206752105));
#1419=CARTESIAN_POINT('Ctrl Pts',(-1.24073310056476,2.27559405285771,-0.489861844764587));
#1420=CARTESIAN_POINT('Ctrl Pts',(-0.989329364638703,2.24913365689425,-0.894768496380311));
#1421=CARTESIAN_POINT('Ctrl Pts',(-0.625361521039663,2.22267326093079,-1.10142105892672));
#1422=CARTESIAN_POINT('Ctrl Pts',(-0.26139367744062,2.19621286496733,-1.30807362147313));
#1423=CARTESIAN_POINT('Ctrl Pts',(0.215138273831408,2.16975246900386,-1.31647209495022));
#1424=CARTESIAN_POINT('Ctrl Pts',(0.586161975131972,2.1432920730404,-1.12277313819562));
#1425=CARTESIAN_POINT('Ctrl Pts',(0.957185676432535,2.11683167707694,-0.929074181441017));
#1426=CARTESIAN_POINT('Ctrl Pts',(1.22270112776164,2.09037128111348,-0.53327779445472));
#1427=CARTESIAN_POINT('Ctrl Pts',(1.26120214197045,2.06391088515001,-0.116509819758705));
#1428=CARTESIAN_POINT('Ctrl Pts',(1.29970315617927,2.03745048918655,0.300258154937306));
#1429=CARTESIAN_POINT('Ctrl Pts',(1.11118973326781,2.01099009322309,0.737997717343032));
#1430=CARTESIAN_POINT('Ctrl Pts',(0.781930100283577,1.98452969725963,0.996388829476115));
#1431=CARTESIAN_POINT('Ctrl Pts',(0.452670467299341,1.95806930129617,1.2547799416092));
#1432=CARTESIAN_POINT('Ctrl Pts',(-0.0173353757576727,1.93160890533271,
1.33382260346963));
#1433=CARTESIAN_POINT('Ctrl Pts',(-0.413001573575311,1.90514850936924,1.1973450132513));
#1434=CARTESIAN_POINT('Ctrl Pts',(-0.808667771392951,1.87868811340578,1.06086742303297));
#1435=CARTESIAN_POINT('Ctrl Pts',(-1.12999432397122,1.85222771744232,0.708869580735865));
#1436=CARTESIAN_POINT('Ctrl Pts',(-1.22993455656162,1.82576732147886,0.30243407173755));
#1437=CARTESIAN_POINT('Ctrl Pts',(-1.25409081831322,1.8193716564461,0.204195731821495));
#1438=CARTESIAN_POINT('Ctrl Pts',(-1.26531317933571,1.81297599141334,0.102777017539599));
#1439=CARTESIAN_POINT('Ctrl Pts',(-1.26438644186761,1.80658032638058,0.00115615827075546));
#1440=CARTESIAN_POINT('Ctrl Pts',(-1.2624269985585,1.94341967361941,5.3234209383845E-5));
#1441=CARTESIAN_POINT('Ctrl Pts',(-1.26250503603417,1.95644645676997,0.207847360122068));
#1442=CARTESIAN_POINT('Ctrl Pts',(-1.21405693366223,1.96947323992053,0.415607223444321));
#1443=CARTESIAN_POINT('Ctrl Pts',(-1.11688311924138,1.98250002307109,0.597308597552577));
#1444=CARTESIAN_POINT('Ctrl Pts',(-0.919500728121694,2.00896041903455,0.966385924659398));
#1445=CARTESIAN_POINT('Ctrl Pts',(-0.521081101043662,2.03542081499801,1.2279486270528));
#1446=CARTESIAN_POINT('Ctrl Pts',(-0.103950537743677,2.06188121096148,1.26229938943151));
#1447=CARTESIAN_POINT('Ctrl Pts',(0.313180025556312,2.08834160692494,1.29665015181023));
#1448=CARTESIAN_POINT('Ctrl Pts',(0.749021525078256,2.1148020028884,1.10378897417426));
#1449=CARTESIAN_POINT('Ctrl Pts',(1.00412252190853,2.14126239885186,0.771973719639414));
#1450=CARTESIAN_POINT('Ctrl Pts',(1.25922351873881,2.16772279481532,0.440158465104574));
#1451=CARTESIAN_POINT('Ctrl Pts',(1.33358401287742,2.19418319077878,-0.0306108663291345));
#1452=CARTESIAN_POINT('Ctrl Pts',(1.19317487317823,2.22064358674225,-0.424899028980191));
#1453=CARTESIAN_POINT('Ctrl Pts',(1.05276573347904,2.24710398270571,-0.819187191631249));
#1454=CARTESIAN_POINT('Ctrl Pts',(0.697586959942049,2.27356437866917,-1.13699418549966));
#1455=CARTESIAN_POINT('Ctrl Pts',(0.290176809063068,2.30002477463263,-1.23288396952352));
#1456=CARTESIAN_POINT('Ctrl Pts',(-0.117233341815911,2.32648517059609,-1.32877375354739));
#1457=CARTESIAN_POINT('Ctrl Pts',(-0.576874870036876,2.35294556655955,-1.20274632772673));
#1458=CARTESIAN_POINT('Ctrl Pts',(-0.878404877371675,2.37940596252302,-0.912474840326781));
#1459=CARTESIAN_POINT('Ctrl Pts',(-1.12156141469984,2.40074386622181,-0.678397275758229));
#1460=CARTESIAN_POINT('Ctrl Pts',(-1.26189872371928,2.42208176992061,-0.337512518575097));
#1461=CARTESIAN_POINT('Ctrl Pts',(-1.26499925345677,2.44341967361941,0.00110484493530838));
#1462=CARTESIAN_POINT('Origin',(0.,0.,0.));
#1463=CARTESIAN_POINT('',(-1.26601154777603,2.94341967361941,-0.000746794331116384));
#1464=CARTESIAN_POINT('',(-1.26310790471501,2.80658032638058,-0.000882068847598907));
#1465=CARTESIAN_POINT('',(-1.2645,0.,1.54856587752183E-16));
#1466=CARTESIAN_POINT('Ctrl Pts',(-1.26310790471501,2.80658032638058,-0.000882068847598907));
#1467=CARTESIAN_POINT('Ctrl Pts',(-1.26407269163466,2.79716740964155,-0.150827767151584));
#1468=CARTESIAN_POINT('Ctrl Pts',(-1.23939252877499,2.78775449290252,-0.300466261176481));
#1469=CARTESIAN_POINT('Ctrl Pts',(-1.18765930502375,2.77834157616348,-0.44008039742611));
#1470=CARTESIAN_POINT('Ctrl Pts',(-1.042233437264,2.75188118020002,-0.832545924284821));
#1471=CARTESIAN_POINT('Ctrl Pts',(-0.683030729407601,2.72542078423656,-1.1457976594848));
#1472=CARTESIAN_POINT('Ctrl Pts',(-0.274430886031975,2.6989603882731,-1.23648415671247));
#1473=CARTESIAN_POINT('Ctrl Pts',(0.134168957343645,2.67249999230964,-1.32717065394013));
#1474=CARTESIAN_POINT('Ctrl Pts',(0.592165936238488,2.64603959634617,-1.19529191319548));
#1475=CARTESIAN_POINT('Ctrl Pts',(0.889969737323737,2.61957920038271,-0.901198783651674));
#1476=CARTESIAN_POINT('Ctrl Pts',(1.18777353840899,2.59311880441925,-0.607105654107872));
#1477=CARTESIAN_POINT('Ctrl Pts',(1.32538416168464,2.56665840845579,-0.150798135764922));
#1478=CARTESIAN_POINT('Ctrl Pts',(1.23982771217184,2.54019801249233,0.258906595393566));
#1479=CARTESIAN_POINT('Ctrl Pts',(1.15427126265905,2.51373761652887,0.668611326552056));
#1480=CARTESIAN_POINT('Ctrl Pts',(0.84554774035779,2.4872772205654,1.03171327052608));
#1481=CARTESIAN_POINT('Ctrl Pts',(0.454936373630941,2.46081682460194,1.18204833951978));
#1482=CARTESIAN_POINT('Ctrl Pts',(0.0643250069040927,2.43435642863848,1.33238340851348));
#1483=CARTESIAN_POINT('Ctrl Pts',(-0.40817420424835,2.40789603267502,1.26995160252686));
#1484=CARTESIAN_POINT('Ctrl Pts',(-0.746334380006243,2.38143563671156,1.02332320125203));
#1485=CARTESIAN_POINT('Ctrl Pts',(-1.06521452743976,2.35648386660123,0.790756191303121));
#1486=CARTESIAN_POINT('Ctrl Pts',(-1.26463749197065,2.33153209649091,0.394397575223059));
#1487=CARTESIAN_POINT('Ctrl Pts',(-1.26639136472981,2.30658032638058,-0.000432968638765163));
#1488=CARTESIAN_POINT('Ctrl Pts',(-1.26499925345677,2.44341967361941,0.00110484493530838));
#1489=CARTESIAN_POINT('Ctrl Pts',(-1.26574358335069,2.44854216588407,0.0823951558181455));
#1490=CARTESIAN_POINT('Ctrl Pts',(-1.25857876641059,2.45366465814874,0.163554793643935));
#1491=CARTESIAN_POINT('Ctrl Pts',(-1.24302862538296,2.4587871504134,0.243074678438699));
#1492=CARTESIAN_POINT('Ctrl Pts',(-1.16270387961081,2.48524754637686,0.653837160824996));
#1493=CARTESIAN_POINT('Ctrl Pts',(-0.858635901617872,2.51170794234033,1.02084657661835));
#1494=CARTESIAN_POINT('Ctrl Pts',(-0.469973431935235,2.53816833830379,1.17615068596521));
#1495=CARTESIAN_POINT('Ctrl Pts',(-0.0813109622525985,2.56462873426725,
1.33145479531206));
#1496=CARTESIAN_POINT('Ctrl Pts',(0.391945999119744,2.59108913023071,1.27505359821241));
#1497=CARTESIAN_POINT('Ctrl Pts',(0.733223807834598,2.61754952619417,1.03275762424923));
#1498=CARTESIAN_POINT('Ctrl Pts',(1.07450161654945,2.64400992215763,0.790461650286057));
#1499=CARTESIAN_POINT('Ctrl Pts',(1.28380027260682,2.6704703181211,0.36227089945935));
#1500=CARTESIAN_POINT('Ctrl Pts',(1.26533973176264,2.69693071408456,-0.0558643539593765));
#1501=CARTESIAN_POINT('Ctrl Pts',(1.24687919091846,2.72339111004802,-0.47399960737811));
#1502=CARTESIAN_POINT('Ctrl Pts',(1.00065945317274,2.74985150601148,-0.882079363388856));
#1503=CARTESIAN_POINT('Ctrl Pts',(0.639356528105874,2.77631190197494,-1.09335661738936));
#1504=CARTESIAN_POINT('Ctrl Pts',(0.278053603039019,2.8027722979384,-1.30463387138985));
#1505=CARTESIAN_POINT('Ctrl Pts',(-0.198332509348971,2.82923269390187,-1.31910862338011));
#1506=CARTESIAN_POINT('Ctrl Pts',(-0.571796190763866,2.85569308986533,-1.13015688249396));
#1507=CARTESIAN_POINT('Ctrl Pts',(-0.94525987217877,2.88215348582879,-0.941205141607811));
#1508=CARTESIAN_POINT('Ctrl Pts',(-1.21580112262058,2.90861388179225,-0.548826907845251));
#1509=CARTESIAN_POINT('Ctrl Pts',(-1.25961382968821,2.93507427775571,-0.132583795686912));
#1510=CARTESIAN_POINT('Ctrl Pts',(-1.26421988805111,2.93785607637694,-0.0888238868367959));
#1511=CARTESIAN_POINT('Ctrl Pts',(-1.26632003972571,2.94063787499817,-0.044800212527345));
#1512=CARTESIAN_POINT('Ctrl Pts',(-1.26601154777603,2.94341967361941,-0.000746794331116384));
#1513=CARTESIAN_POINT('Origin',(0.,0.,0.));
#1514=CARTESIAN_POINT('',(-1.26273640841629,3.44341967361941,-0.000630790137126215));
#1515=CARTESIAN_POINT('',(-1.26320236558605,3.30658032638058,0.000926595475562036));
#1516=CARTESIAN_POINT('',(-1.2645,0.,1.54856587752183E-16));
#1517=CARTESIAN_POINT('Ctrl Pts',(-1.26320236558605,3.30658032638058,0.000926595475562036));
#1518=CARTESIAN_POINT('Ctrl Pts',(-1.26132882798638,3.28926311875565,-0.274880861271889));
#1519=CARTESIAN_POINT('Ctrl Pts',(-1.1725051761856,3.27194591113072,-0.551786428800074));
#1520=CARTESIAN_POINT('Ctrl Pts',(-1.00611415103039,3.25462870350579,-0.769376173340962));
#1521=CARTESIAN_POINT('Ctrl Pts',(-0.751871521056105,3.22816830754233,-1.1018495675995));
#1522=CARTESIAN_POINT('Ctrl Pts',(-0.316529898235945,3.20170791157887,-1.29583643926123));
#1523=CARTESIAN_POINT('Ctrl Pts',(0.100688034014021,3.17524751561541,-1.26256378088982));
#1524=CARTESIAN_POINT('Ctrl Pts',(0.517905966263993,3.14878711965195,-1.22929112251842));
#1525=CARTESIAN_POINT('Ctrl Pts',(0.917000207943769,3.12232672368848,-0.968758934113888));
#1526=CARTESIAN_POINT('Ctrl Pts',(1.11533573957534,3.09586632772502,-0.600192943172707));
#1527=CARTESIAN_POINT('Ctrl Pts',(1.31367127120691,3.06940593176156,-0.231626952231522));
#1528=CARTESIAN_POINT('Ctrl Pts',(1.31124809279027,3.0429455357981,0.244972841246311));
#1529=CARTESIAN_POINT('Ctrl Pts',(1.1091751084165,3.01648513983464,0.611503033416529));
#1530=CARTESIAN_POINT('Ctrl Pts',(0.907102124042725,2.99002474387118,0.978033225586743));
#1531=CARTESIAN_POINT('Ctrl Pts',(0.505379333711823,2.96356434790771,1.23449381644934));
#1532=CARTESIAN_POINT('Ctrl Pts',(0.0878446432979351,2.93710395194425,1.26352233840656));
#1533=CARTESIAN_POINT('Ctrl Pts',(-0.329690047115946,2.91064355598079,1.29255086036377));
#1534=CARTESIAN_POINT('Ctrl Pts',(-0.763036637612813,2.88418316001733,1.09414731341561));
#1535=CARTESIAN_POINT('Ctrl Pts',(-1.0138854190297,2.85772276405387,0.759105880682821));
#1536=CARTESIAN_POINT('Ctrl Pts',(-1.1754982458212,2.84067528482944,0.54325076378578));
#1537=CARTESIAN_POINT('Ctrl Pts',(-1.26136060518768,2.82362780560501,0.270680534700092));
#1538=CARTESIAN_POINT('Ctrl Pts',(-1.26310790471501,2.80658032638058,-0.000882068847598907));
#1539=CARTESIAN_POINT('Ctrl Pts',(-1.26601154777603,2.94341967361941,-0.000746794331116384));
#1540=CARTESIAN_POINT('Ctrl Pts',(-1.26338567234271,2.96709827096164,0.374234752879406));
#1541=CARTESIAN_POINT('Ctrl Pts',(-1.08624465390579,2.99077686830387,0.751371354744834));
#1542=CARTESIAN_POINT('Ctrl Pts',(-0.7945729590455,3.0144554656461,0.986336289291978));
#1543=CARTESIAN_POINT('Ctrl Pts',(-0.468635217641676,3.04091586160956,1.24890527155842));
#1544=CARTESIAN_POINT('Ctrl Pts',(0.000324428859444365,3.06737625757302,
1.33393524553718));
#1545=CARTESIAN_POINT('Ctrl Pts',(0.397698889629782,3.09383665353648,1.20251447226543));
#1546=CARTESIAN_POINT('Ctrl Pts',(0.795073350400119,3.12029704949994,1.07109369899368));
#1547=CARTESIAN_POINT('Ctrl Pts',(1.12086262543967,3.14675744546341,0.723222178471404));
#1548=CARTESIAN_POINT('Ctrl Pts',(1.22597779193628,3.17321784142687,0.318094194382119));
#1549=CARTESIAN_POINT('Ctrl Pts',(1.3310929584329,3.19967823739033,-0.0870337897071687));
#1550=CARTESIAN_POINT('Ctrl Pts',(1.21553401638656,3.22613863335379,-0.549418237363475));
#1551=CARTESIAN_POINT('Ctrl Pts',(0.932183486834567,3.25259902931725,-0.857461025174627));
#1552=CARTESIAN_POINT('Ctrl Pts',(0.648832957282574,3.27905942528071,-1.16550381298578));
#1553=CARTESIAN_POINT('Ctrl Pts',(0.197690840224923,3.30551982124418,-1.31920494095178));
#1554=CARTESIAN_POINT('Ctrl Pts',(-0.214789498864161,3.33198021720764,-1.24822711635273));
#1555=CARTESIAN_POINT('Ctrl Pts',(-0.627269837953249,3.3584406131711,-1.17724929175368));
#1556=CARTESIAN_POINT('Ctrl Pts',(-1.00108839907377,3.38490100913456,-0.881592514589568));
#1557=CARTESIAN_POINT('Ctrl Pts',(-1.16517691548218,3.41136140509803,-0.496556359790114));
#1558=CARTESIAN_POINT('Ctrl Pts',(-1.2314444262123,3.42204749460515,-0.341058656001067));
#1559=CARTESIAN_POINT('Ctrl Pts',(-1.26350567738745,3.43273358411228,-0.170983478610404));
#1560=CARTESIAN_POINT('Ctrl Pts',(-1.26273640841629,3.44341967361941,-0.000630790137126215));
#1561=CARTESIAN_POINT('Origin',(0.,0.,0.));
#1562=CARTESIAN_POINT('',(-1.26370944778011,3.94341967361941,0.00108709775192833));
#1563=CARTESIAN_POINT('',(-1.26644797110022,3.80658032638058,0.000358905048599145));
#1564=CARTESIAN_POINT('',(-1.2645,0.,1.54856587752183E-16));
#1565=CARTESIAN_POINT('Ctrl Pts',(-1.26644797110022,3.80658032638058,0.000358905048599145));
#1566=CARTESIAN_POINT('Ctrl Pts',(-1.26494640972558,3.78135882786976,-0.398692193978068));
#1567=CARTESIAN_POINT('Ctrl Pts',(-1.06059125136095,3.75613732935893,-0.799067913801263));
#1568=CARTESIAN_POINT('Ctrl Pts',(-0.73589029100939,3.73091583084811,-1.03085928264071));
#1569=CARTESIAN_POINT('Ctrl Pts',(-0.395239794888765,3.70445543488465,-1.27403640384831));
#1570=CARTESIAN_POINT('Ctrl Pts',(0.0778698167411557,3.67799503892118,-1.33166044674877));
#1571=CARTESIAN_POINT('Ctrl Pts',(0.466932330281325,3.65153464295772,-1.17736127843005));
#1572=CARTESIAN_POINT('Ctrl Pts',(0.855994843821489,3.62507424699426,-1.02306211011134));
#1573=CARTESIAN_POINT('Ctrl Pts',(1.16101025927191,3.59861385103079,-0.65683973057345));
#1574=CARTESIAN_POINT('Ctrl Pts',(1.24239626618028,3.57215345506733,-0.246286213153918));
#1575=CARTESIAN_POINT('Ctrl Pts',(1.32378227308865,3.54569305910387,0.164267304265613));
#1576=CARTESIAN_POINT('Ctrl Pts',(1.18153887145495,3.51923266314041,0.619151959566786));
#1577=CARTESIAN_POINT('Ctrl Pts',(0.880760025849181,3.49277226717695,0.910201712739844));
#1578=CARTESIAN_POINT('Ctrl Pts',(0.579981180243409,3.46631187121349,1.2012514659129));
#1579=CARTESIAN_POINT('Ctrl Pts',(0.120666890665559,3.43985147525003,1.32846631695785));
#1580=CARTESIAN_POINT('Ctrl Pts',(-0.286989696848235,3.41339107928656,1.23362972358458));
#1581=CARTESIAN_POINT('Ctrl Pts',(-0.694646284362038,3.3869306833231,1.1387931302113));
#1582=CARTESIAN_POINT('Ctrl Pts',(-1.05064516981178,3.36047028735964,0.821905092419805));
#1583=CARTESIAN_POINT('Ctrl Pts',(-1.19207279397244,3.33400989139618,0.427981115096368));
#1584=CARTESIAN_POINT('Ctrl Pts',(-1.24094203257936,3.32486670305765,0.291863684325298));
#1585=CARTESIAN_POINT('Ctrl Pts',(-1.26419156127534,3.31572351471912,0.146548197804972));
#1586=CARTESIAN_POINT('Ctrl Pts',(-1.26320236558605,3.30658032638058,0.000926595475562036));
#1587=CARTESIAN_POINT('Ctrl Pts',(-1.26273640841629,3.44341967361941,-0.000630790137126215));
#1588=CARTESIAN_POINT('Ctrl Pts',(-1.26160084947396,3.45919398007574,0.250835895767518));
#1589=CARTESIAN_POINT('Ctrl Pts',(-1.18892664781738,3.47496828653207,0.50290728626106));
#1590=CARTESIAN_POINT('Ctrl Pts',(-1.04913897973864,3.49074259298841,0.709586403486948));
#1591=CARTESIAN_POINT('Ctrl Pts',(-0.814654055890378,3.51720298895187,1.05627747952978));
#1592=CARTESIAN_POINT('Ctrl Pts',(-0.391325736497547,3.54366338491534,1.27524409918066));
#1593=CARTESIAN_POINT('Ctrl Pts',(0.0271208684696172,3.5701237808788,1.26628192805316));
#1594=CARTESIAN_POINT('Ctrl Pts',(0.445567473436775,3.59658417684226,1.25731975692566));
#1595=CARTESIAN_POINT('Ctrl Pts',(0.859132363978265,3.62304457280572,1.02042879501979));
#1596=CARTESIAN_POINT('Ctrl Pts',(1.07855840743902,3.64950496876918,0.664015982159454));
#1597=CARTESIAN_POINT('Ctrl Pts',(1.29798445089977,3.67596536473264,0.307603169299114));
#1598=CARTESIAN_POINT('Ctrl Pts',(1.32327164727978,3.7024257606961,-0.168331494515709));
#1599=CARTESIAN_POINT('Ctrl Pts',(1.14284797393104,3.72888615665957,-0.545988984597937));
#1600=CARTESIAN_POINT('Ctrl Pts',(0.962424300582302,3.75534655262303,-0.923646474680167));
#1601=CARTESIAN_POINT('Ctrl Pts',(0.576289757504816,3.78180694858649,-1.20302679102981));
#1602=CARTESIAN_POINT('Ctrl Pts',(0.161148697783868,3.80826734454995,-1.2562788544042));
#1603=CARTESIAN_POINT('Ctrl Pts',(-0.253992361937077,3.83472774051341,-1.3095309177786));
#1604=CARTESIAN_POINT('Ctrl Pts',(-0.698139938301479,3.86118813647687,-1.13665472817775));
#1605=CARTESIAN_POINT('Ctrl Pts',(-0.968041534057055,3.88764853244034,-0.816762542701999));
#1606=CARTESIAN_POINT('Ctrl Pts',(-1.157667318218,3.90623891283336,-0.592014680993429));
#1607=CARTESIAN_POINT('Ctrl Pts',(-1.26128355864621,3.92482929322639,-0.294698266010739));
#1608=CARTESIAN_POINT('Ctrl Pts',(-1.26370944778011,3.94341967361941,0.00108709775192833));
#1609=CARTESIAN_POINT('Origin',(0.,0.,0.));
#1610=CARTESIAN_POINT('',(-1.26657222520527,4.44341967361941,-1.01301119456368E-5));
#1611=CARTESIAN_POINT('',(-1.26425805386427,4.30658032638059,-0.00115361485189612));
#1612=CARTESIAN_POINT('',(-1.2645,0.,1.54856587752183E-16));
#1613=CARTESIAN_POINT('Ctrl Pts',(-1.26425805386427,4.30658032638059,-0.00115361485189612));
#1614=CARTESIAN_POINT('Ctrl Pts',(-1.26521325640974,4.29991493294733,-0.107087632743631));
#1615=CARTESIAN_POINT('Ctrl Pts',(-1.25301048298624,4.29324953951407,-0.212804710071687));
#1616=CARTESIAN_POINT('Ctrl Pts',(-1.22679571599535,4.28658414608081,-0.314924835832053));
#1617=CARTESIAN_POINT('Ctrl Pts',(-1.12272787339701,4.26012375011734,-0.720323105343617));
#1618=CARTESIAN_POINT('Ctrl Pts',(-0.79783869718869,4.23366335415388,-1.06903539093086));
#1619=CARTESIAN_POINT('Ctrl Pts',(-0.40080520354396,4.20720295819041,-1.20148265481466));
#1620=CARTESIAN_POINT('Ctrl Pts',(-0.00377170989923688,4.18074256222695,
-1.33392991869846));
#1621=CARTESIAN_POINT('Ctrl Pts',(0.465406101181892,4.15428216626349,-1.25011216087882));
#1622=CARTESIAN_POINT('Ctrl Pts',(0.792021301569394,4.12782177030003,-0.988386381365466));
#1623=CARTESIAN_POINT('Ctrl Pts',(1.11863650195689,4.10136137433657,-0.726660601852116));
#1624=CARTESIAN_POINT('Ctrl Pts',(1.30268909165077,4.07490097837311,-0.287026800645051));
#1625=CARTESIAN_POINT('Ctrl Pts',(1.25995222698061,4.04844058240965,0.129328135898522));
#1626=CARTESIAN_POINT('Ctrl Pts',(1.21721536231046,4.02198018644618,0.545683072442097));
#1627=CARTESIAN_POINT('Ctrl Pts',(0.947689043276285,3.99551979048272,0.938759144322183));
#1628=CARTESIAN_POINT('Ctrl Pts',(0.574714925521761,3.96905939451926,1.12867538973388));
#1629=CARTESIAN_POINT('Ctrl Pts',(0.201740807767235,3.9425989985558,1.31859163514557));
#1630=CARTESIAN_POINT('Ctrl Pts',(-0.274681108707646,3.91613860259234,1.30534805408886));
#1631=CARTESIAN_POINT('Ctrl Pts',(-0.636528820806778,3.88967820662888,1.0950052243212));
#1632=CARTESIAN_POINT('Ctrl Pts',(-0.99837653290591,3.86321781066542,0.884662394553546));
#1633=CARTESIAN_POINT('Ctrl Pts',(-1.24565004062929,3.83675741470195,0.47722031607495));
#1634=CARTESIAN_POINT('Ctrl Pts',(-1.26519110418532,3.81029701873849,0.0591341770782816));
#1635=CARTESIAN_POINT('Ctrl Pts',(-1.26610603281658,3.80905812128585,0.0395590409654166));
#1636=CARTESIAN_POINT('Ctrl Pts',(-1.26652172883357,3.80781922383322,0.0199605710575879));
#1637=CARTESIAN_POINT('Ctrl Pts',(-1.26644797110022,3.80658032638058,0.000358905048599145));
#1638=CARTESIAN_POINT('Ctrl Pts',(-1.26370944778011,3.94341967361941,0.00108709775192833));
#1639=CARTESIAN_POINT('Ctrl Pts',(-1.26473641897985,3.95128968918985,0.126304299826678));
#1640=CARTESIAN_POINT('Ctrl Pts',(-1.24762854993247,3.95915970476029,0.251247114383943));
#1641=CARTESIAN_POINT('Ctrl Pts',(-1.21123409435107,3.96702972033072,0.370293709779301));
#1642=CARTESIAN_POINT('Ctrl Pts',(-1.08886944374276,3.99349011629418,0.770549595434174));
#1643=CARTESIAN_POINT('Ctrl Pts',(-0.748484527379397,4.01995051225764,1.10415318539325));
#1644=CARTESIAN_POINT('Ctrl Pts',(-0.345847580774444,4.04641090822111,1.21843954043401));
#1645=CARTESIAN_POINT('Ctrl Pts',(0.0567893658305057,4.07287130418457,1.33272589547476));
#1646=CARTESIAN_POINT('Ctrl Pts',(0.521678342677047,4.09933170014803,1.22769501559718));
#1647=CARTESIAN_POINT('Ctrl Pts',(0.836075094212613,4.12579209611149,0.951411530126654));
#1648=CARTESIAN_POINT('Ctrl Pts',(1.15047184574818,4.15225249207495,0.675128044656127));
#1649=CARTESIAN_POINT('Ctrl Pts',(1.31437637197277,4.17871288803842,0.227591953592656));
#1650=CARTESIAN_POINT('Ctrl Pts',(1.25278206238365,4.20517328400188,-0.186393580872136));
#1651=CARTESIAN_POINT('Ctrl Pts',(1.19118775279453,4.23163367996534,-0.600379115336931));
#1652=CARTESIAN_POINT('Ctrl Pts',(0.904094607391682,4.2580940759288,-0.980814093203047));
#1653=CARTESIAN_POINT('Ctrl Pts',(0.522883279481368,4.28455447189226,-1.15360241801904));
#1654=CARTESIAN_POINT('Ctrl Pts',(0.141671951571062,4.31101486785573,-1.32639074283503));
#1655=CARTESIAN_POINT('Ctrl Pts',(-0.333657558846704,4.33747526381919,-1.29153241460092));
#1656=CARTESIAN_POINT('Ctrl Pts',(-0.685583159676023,4.36393565978265,-1.06497943359917));
#1657=CARTESIAN_POINT('Ctrl Pts',(-1.03796462522495,4.39043033106157,-0.838132988550146));
#1658=CARTESIAN_POINT('Ctrl Pts',(-1.26662192298119,4.41692500234049,-0.419094947592452));
#1659=CARTESIAN_POINT('Ctrl Pts',(-1.26657222520527,4.44341967361941,-1.01301119456368E-5));
#1660=CARTESIAN_POINT('Origin',(0.,0.,0.));
#1661=CARTESIAN_POINT('',(-1.26367991194248,4.94341967361941,-0.00108070541719254));
#1662=CARTESIAN_POINT('',(-1.26251256789137,4.80658032638059,0.000345479854659825));
#1663=CARTESIAN_POINT('',(-1.2645,0.,1.54856587752183E-16));
#1664=CARTESIAN_POINT('Ctrl Pts',(-1.26251256789137,4.80658032638059,0.000345479854659825));
#1665=CARTESIAN_POINT('Ctrl Pts',(-1.26194397613165,4.79201064206143,-0.232020599885367));
#1666=CARTESIAN_POINT('Ctrl Pts',(-1.20058409470356,4.77744095774227,-0.464666012455555));
#1667=CARTESIAN_POINT('Ctrl Pts',(-1.08027079146667,4.76287127342311,-0.661226434825748));
#1668=CARTESIAN_POINT('Ctrl Pts',(-0.861766562165408,4.73641087745965,-1.01820511004809));
#1669=CARTESIAN_POINT('Ctrl Pts',(-0.448815259303884,4.70995048149619,-1.25616404852648));
#1670=CARTESIAN_POINT('Ctrl Pts',(-0.0303932232175071,4.68349008553273,
-1.26620757895017));
#1671=CARTESIAN_POINT('Ctrl Pts',(0.388028812868866,4.65702968956927,-1.27625110937386));
#1672=CARTESIAN_POINT('Ctrl Pts',(0.811921582180089,4.63056929360581,-1.05837923174286));
#1673=CARTESIAN_POINT('Ctrl Pts',(1.04730166903496,4.60410889764235,-0.712295300451288));
#1674=CARTESIAN_POINT('Ctrl Pts',(1.28268175588983,4.57764850167888,-0.366211369159706));
#1675=CARTESIAN_POINT('Ctrl Pts',(1.32954916028834,4.55118810571542,0.108084615792462));
#1676=CARTESIAN_POINT('Ctrl Pts',(1.16645624299827,4.52472770975196,0.493543528150002));
#1677=CARTESIAN_POINT('Ctrl Pts',(1.00336332570821,4.49826731378849,0.879002440507536));
#1678=CARTESIAN_POINT('Ctrl Pts',(0.63031008672956,4.47180691782504,1.17562428027045));
#1679=CARTESIAN_POINT('Ctrl Pts',(0.218014563186678,4.44534652186157,1.24766783690489));
#1680=CARTESIAN_POINT('Ctrl Pts',(-0.194280960356207,4.41888612589811,1.31971139353933));
#1681=CARTESIAN_POINT('Ctrl Pts',(-0.645818768463323,4.39242572993465,1.16717666704529));
#1682=CARTESIAN_POINT('Ctrl Pts',(-0.929964418022697,4.36596533397119,0.859867177080335));
#1683=CARTESIAN_POINT('Ctrl Pts',(-1.14253356701579,4.34617033144099,0.629969176316817));
#1684=CARTESIAN_POINT('Ctrl Pts',(-1.26142127656166,4.32637532891079,0.313451092761771));
#1685=CARTESIAN_POINT('Ctrl Pts',(-1.26425805386427,4.30658032638059,-0.00115361485189612));
#1686=CARTESIAN_POINT('Ctrl Pts',(-1.26657222520527,4.44341967361941,-1.01301119456368E-5));
#1687=CARTESIAN_POINT('Ctrl Pts',(-1.26652265601421,4.46984579426741,0.417990373910066));
#1688=CARTESIAN_POINT('Ctrl Pts',(-1.03921693246756,4.49627191491541,0.836037065270916));
#1689=CARTESIAN_POINT('Ctrl Pts',(-0.68833309136344,4.52269803556342,1.06320412816854));
#1690=CARTESIAN_POINT('Ctrl Pts',(-0.336994145459662,4.54915843152688,1.2906658322224));
#1691=CARTESIAN_POINT('Ctrl Pts',(0.138243693487953,4.57561882749034,1.32675243574348));
#1692=CARTESIAN_POINT('Ctrl Pts',(0.5199002844291,4.60207922345381,1.1549498504572));
#1693=CARTESIAN_POINT('Ctrl Pts',(0.901556875370239,4.62853961941727,0.983147265170931));
#1694=CARTESIAN_POINT('Ctrl Pts',(1.18963221830491,4.65500001538073,0.603455491077319));
#1695=CARTESIAN_POINT('Ctrl Pts',(1.25229618296974,4.68146041134419,0.189630516900622));
#1696=CARTESIAN_POINT('Ctrl Pts',(1.31496014763456,4.70792080730765,-0.224194457276074));
#1697=CARTESIAN_POINT('Ctrl Pts',(1.15221273402955,4.73438120327111,-0.67215263153586));
#1698=CARTESIAN_POINT('Ctrl Pts',(0.838531030394909,4.76084159923457,-0.949247688375076));
#1699=CARTESIAN_POINT('Ctrl Pts',(0.524849326760266,4.78730199519804,-1.22634274521429));
#1700=CARTESIAN_POINT('Ctrl Pts',(0.0602333330960014,4.8137623911615,-1.33257468463294));
#1701=CARTESIAN_POINT('Ctrl Pts',(-0.342697618643832,4.84022278712496,-1.21932924388633));
#1702=CARTESIAN_POINT('Ctrl Pts',(-0.745628570383667,4.86668318308842,-1.10608380313973));
#1703=CARTESIAN_POINT('Ctrl Pts',(-1.08687448019907,4.89314357905189,-0.77336098222786));
#1704=CARTESIAN_POINT('Ctrl Pts',(-1.2102731014898,4.91960397501535,-0.373422659503707));
#1705=CARTESIAN_POINT('Ctrl Pts',(-1.24729477439391,4.9275425412167,-0.253434400227904));
#1706=CARTESIAN_POINT('Ctrl Pts',(-1.26470798115283,4.93548110741806,-0.127396063851563));
#1707=CARTESIAN_POINT('Ctrl Pts',(-1.26367991194248,4.94341967361941,-0.00108070541719254));
#1708=CARTESIAN_POINT('Origin',(0.,0.,0.));
#1709=CARTESIAN_POINT('',(-1.26275304516019,5.44341967361941,0.000645835049591549));
#1710=CARTESIAN_POINT('',(-1.26552428667287,5.30658032638058,0.000971504161843273));
#1711=CARTESIAN_POINT('',(-1.2645,0.,1.54856587752183E-16));
#1712=CARTESIAN_POINT('Ctrl Pts',(-1.26552428667287,5.30658032638058,0.000971504161843273));
#1713=CARTESIAN_POINT('Ctrl Pts',(-1.26249652952265,5.28410635117553,-0.355291608808714));
#1714=CARTESIAN_POINT('Ctrl Pts',(-1.10495463546727,5.26163237597048,-0.713898681235161));
#1715=CARTESIAN_POINT('Ctrl Pts',(-0.838531009012961,5.23915840076543,-0.949247664169949));
#1716=CARTESIAN_POINT('Ctrl Pts',(-0.524849313376971,5.21269800480196,-1.22634271394344));
#1717=CARTESIAN_POINT('Ctrl Pts',(-0.0602333315600691,5.1862376088385,-1.33257465065324));
#1718=CARTESIAN_POINT('Ctrl Pts',(0.342697609905316,5.15977721287504,-1.21932921279431));
#1719=CARTESIAN_POINT('Ctrl Pts',(0.745628551370696,5.13331681691158,-1.10608377493537));
#1720=CARTESIAN_POINT('Ctrl Pts',(1.08687445248456,5.10685642094812,-0.773360962507696));
#1721=CARTESIAN_POINT('Ctrl Pts',(1.21027307062871,5.08039602498465,-0.373422649981686));
#1722=CARTESIAN_POINT('Ctrl Pts',(1.33367168877287,5.05393562902119,0.0265156625443211));
#1723=CARTESIAN_POINT('Ctrl Pts',(1.23922302394731,5.02747523305773,0.493669475168671));
#1724=CARTESIAN_POINT('Ctrl Pts',(0.970149032117852,5.00101483709427,0.814258089606233));
#1725=CARTESIAN_POINT('Ctrl Pts',(0.701075040288389,4.97455444113081,1.1348467040438));
#1726=CARTESIAN_POINT('Ctrl Pts',(0.257375721455017,4.94809404516735,1.30887012029458));
#1727=CARTESIAN_POINT('Ctrl Pts',(-0.157901560440263,4.92163364920389,1.25669108305061));
#1728=CARTESIAN_POINT('Ctrl Pts',(-0.57317884233555,4.89517325324042,1.20451204580665));
#1729=CARTESIAN_POINT('Ctrl Pts',(-0.96003408729274,4.86871285727696,0.926130555067932));
#1730=CARTESIAN_POINT('Ctrl Pts',(-1.14143313190084,4.8422524613135,0.548940603715415));
#1731=CARTESIAN_POINT('Ctrl Pts',(-1.22294981573904,4.83036174966919,0.379439854261207));
#1732=CARTESIAN_POINT('Ctrl Pts',(-1.26297661093514,4.81847103802489,0.189985693711117));
#1733=CARTESIAN_POINT('Ctrl Pts',(-1.26251256789137,4.80658032638059,0.000345479854659825));
#1734=CARTESIAN_POINT('Ctrl Pts',(-1.26367991194248,4.94341967361941,-0.00108070541719254));
#1735=CARTESIAN_POINT('Ctrl Pts',(-1.26128127692265,4.96194150338152,0.293631400764134));
#1736=CARTESIAN_POINT('Ctrl Pts',(-1.15849630623348,4.98046333314362,0.589851495294607));
#1737=CARTESIAN_POINT('Ctrl Pts',(-0.970149056855964,4.99898516290573,0.814258110369221));
#1738=CARTESIAN_POINT('Ctrl Pts',(-0.701075058165308,5.02544555886919,1.13484673298157));
#1739=CARTESIAN_POINT('Ctrl Pts',(-0.257375728017908,5.05190595483266,1.30887015366983));
#1740=CARTESIAN_POINT('Ctrl Pts',(0.157901564466647,5.07836635079612,1.25669111509534));
#1741=CARTESIAN_POINT('Ctrl Pts',(0.573178856951202,5.10482674675958,1.20451207652084));
#1742=CARTESIAN_POINT('Ctrl Pts',(0.960034111772914,5.13128714272304,0.926130578683602));
#1743=CARTESIAN_POINT('Ctrl Pts',(1.14143316100656,5.1577475386865,0.548940617713016));
#1744=CARTESIAN_POINT('Ctrl Pts',(1.3228322102402,5.18420793464996,0.171750656742436));
#1745=CARTESIAN_POINT('Ctrl Pts',(1.29877505388577,5.21066833061343,-0.304247767361493));
#1746=CARTESIAN_POINT('Ctrl Pts',(1.08027081901281,5.23712872657689,-0.661226451686538));
#1747=CARTESIAN_POINT('Ctrl Pts',(0.861766584139846,5.26358912254035,-1.01820513601159));
#1748=CARTESIAN_POINT('Ctrl Pts',(0.448815270748362,5.29004951850381,-1.25616408055775));
#1749=CARTESIAN_POINT('Ctrl Pts',(0.0303932239925236,5.31650991446727,-1.26620761123755));
#1750=CARTESIAN_POINT('Ctrl Pts',(-0.388028822763315,5.34297031043073,-1.27625114191735));
#1751=CARTESIAN_POINT('Ctrl Pts',(-0.811921602883511,5.3694307063942,-1.05837925873078));
#1752=CARTESIAN_POINT('Ctrl Pts',(-1.0473016957404,5.39589110235766,-0.712295318614302));
#1753=CARTESIAN_POINT('Ctrl Pts',(-1.18823281322879,5.41173395944491,-0.505081548607629));
#1754=CARTESIAN_POINT('Ctrl Pts',(-1.26158443979571,5.42757681653216,-0.251905325552837));
#1755=CARTESIAN_POINT('Ctrl Pts',(-1.26275304516019,5.44341967361941,0.000645835049591549));
#1756=CARTESIAN_POINT('Origin',(0.,0.,0.));
#1757=CARTESIAN_POINT('',(-1.26603608300955,5.94341967361941,0.000731694933453729));
#1758=CARTESIAN_POINT('',(-1.26555438800248,5.80658032638059,-0.000960918051901606));
#1759=CARTESIAN_POINT('',(-1.2645,0.,1.54856587752183E-16));
#1760=CARTESIAN_POINT('Ctrl Pts',(-1.26555438800248,5.80658032638059,-0.000960918051901606));
#1761=CARTESIAN_POINT('Ctrl Pts',(-1.26607831167671,5.8026624562531,-0.0630641385928036));
#1762=CARTESIAN_POINT('Ctrl Pts',(-1.2619020186558,5.79874458612561,-0.125096628047378));
#1763=CARTESIAN_POINT('Ctrl Pts',(-1.2527820304386,5.79482671599812,-0.186393576119262));
#1764=CARTESIAN_POINT('Ctrl Pts',(-1.19118772242008,5.76836632003466,-0.600379100027718));
#1765=CARTESIAN_POINT('Ctrl Pts',(-0.904094584337907,5.7419059240712,-0.980814068193001));
#1766=CARTESIAN_POINT('Ctrl Pts',(-0.52288326614821,5.71544552810774,-1.15360238860301));
#1767=CARTESIAN_POINT('Ctrl Pts',(-0.141671947958512,5.68898513214427,-1.32639070901303));
#1768=CARTESIAN_POINT('Ctrl Pts',(0.333657550338701,5.66252473618081,-1.29153238166777));
#1769=CARTESIAN_POINT('Ctrl Pts',(0.685583142194169,5.63606434021735,-1.06497940644294));
#1770=CARTESIAN_POINT('Ctrl Pts',(1.03750873404963,5.60960394425389,-0.838426431218126));
#1771=CARTESIAN_POINT('Ctrl Pts',(1.26603041946335,5.58314354829043,-0.420178808113755));
#1772=CARTESIAN_POINT('Ctrl Pts',(1.26657123864002,5.55668315232697,-0.0016365996082641));
#1773=CARTESIAN_POINT('Ctrl Pts',(1.2671120578167,5.5302227563635,0.416905608897238));
#1774=CARTESIAN_POINT('Ctrl Pts',(1.03967201075631,5.50376236040004,0.835742402803866));
#1775=CARTESIAN_POINT('Ctrl Pts',(0.688333073811416,5.47730196443658,1.06320410105761));
#1776=CARTESIAN_POINT('Ctrl Pts',(0.33699413686653,5.45084156847312,1.29066579931136));
#1777=CARTESIAN_POINT('Ctrl Pts',(-0.138243689962856,5.42438117250966,1.32675240191224));
#1778=CARTESIAN_POINT('Ctrl Pts',(-0.519900271172027,5.3979207765462,1.15494982100681));
#1779=CARTESIAN_POINT('Ctrl Pts',(-0.901556852381197,5.37146038058273,0.983147240101373));
#1780=CARTESIAN_POINT('Ctrl Pts',(-1.18963218797015,5.34499998461927,0.603455475689629));
#1781=CARTESIAN_POINT('Ctrl Pts',(-1.25229615103709,5.31853958865581,0.18963051206517));
#1782=CARTESIAN_POINT('Ctrl Pts',(-1.26173686097654,5.3145531678974,0.127285246045039));
#1783=CARTESIAN_POINT('Ctrl Pts',(-1.2660613484897,5.31056674713899,0.0641652496404599));
#1784=CARTESIAN_POINT('Ctrl Pts',(-1.26552428667287,5.30658032638058,0.000971504161843273));
#1785=CARTESIAN_POINT('Ctrl Pts',(-1.26275304516019,5.44341967361941,0.000645835049591549));
#1786=CARTESIAN_POINT('Ctrl Pts',(-1.26353621910539,5.45403721249562,0.169900140075548));
#1787=CARTESIAN_POINT('Ctrl Pts',(-1.23189918736469,5.46465475137183,0.338873705213722));
#1788=CARTESIAN_POINT('Ctrl Pts',(-1.16645627274207,5.47527229024804,0.493543540735015));
#1789=CARTESIAN_POINT('Ctrl Pts',(-1.00336335129325,5.5017326862115,0.879002462921467));
#1790=CARTESIAN_POINT('Ctrl Pts',(-0.630310102802018,5.52819308217497,1.17562431024802));
#1791=CARTESIAN_POINT('Ctrl Pts',(-0.218014568745904,5.55465347813843,1.24766786871952));
#1792=CARTESIAN_POINT('Ctrl Pts',(0.194280965310221,5.58111387410189,1.31971142719102));
#1793=CARTESIAN_POINT('Ctrl Pts',(0.645818784931226,5.60757427006535,1.16717669680747));
#1794=CARTESIAN_POINT('Ctrl Pts',(0.929964441736115,5.63403466602881,0.85986719900634));
#1795=CARTESIAN_POINT('Ctrl Pts',(1.214110098541,5.66049506199227,0.552557701205212));
#1796=CARTESIAN_POINT('Ctrl Pts',(1.33086359252976,5.68695545795573,0.0904734359865088));
#1797=CARTESIAN_POINT('Ctrl Pts',(1.22679574727776,5.7134158539192,-0.314924843862417));
#1798=CARTESIAN_POINT('Ctrl Pts',(1.12272790202576,5.73987624988266,-0.720323123711344));
#1799=CARTESIAN_POINT('Ctrl Pts',(0.79783871753301,5.76633664584612,-1.06903541819049));
#1800=CARTESIAN_POINT('Ctrl Pts',(0.400805213764216,5.79279704180958,-1.2014826854516));
#1801=CARTESIAN_POINT('Ctrl Pts',(0.00377170999542729,5.81925743777305,
-1.33392995271271));
#1802=CARTESIAN_POINT('Ctrl Pts',(-0.465406113049405,5.84571783373651,-1.25011219275578));
#1803=CARTESIAN_POINT('Ctrl Pts',(-0.79202132176536,5.87217822969997,-0.988386406568617));
#1804=CARTESIAN_POINT('Ctrl Pts',(-1.08514541946853,5.89592537767311,-0.753497972489345));
#1805=CARTESIAN_POINT('Ctrl Pts',(-1.26344466629653,5.91967252564626,-0.375316272657673));
#1806=CARTESIAN_POINT('Ctrl Pts',(-1.26603608300955,5.94341967361941,0.000731694933453729));
#1807=CARTESIAN_POINT('Origin',(0.,0.,0.));
#1808=CARTESIAN_POINT('',(-1.26496647767163,6.44341967361941,-0.00111027928137946));
#1809=CARTESIAN_POINT('',(-1.26252170913101,6.30658032638059,-0.000362590106520524));
#1810=CARTESIAN_POINT('',(-1.2645,0.,1.54856587752183E-16));
#1811=CARTESIAN_POINT('Ctrl Pts',(-1.26252170913101,6.30658032638059,-0.000362590106520524));
#1812=CARTESIAN_POINT('Ctrl Pts',(-1.26300612513592,6.2947581653672,-0.18890610899448));
#1813=CARTESIAN_POINT('Ctrl Pts',(-1.22345889503769,6.28293600435381,-0.377256516785658));
#1814=CARTESIAN_POINT('Ctrl Pts',(-1.14284794478922,6.27111384334043,-0.545988970675644));
#1815=CARTESIAN_POINT('Ctrl Pts',(-0.96242427604115,6.24465344737697,-0.923646451127864));
#1816=CARTESIAN_POINT('Ctrl Pts',(-0.576289742809819,6.21819305141351,-1.20302676035349));
#1817=CARTESIAN_POINT('Ctrl Pts',(-0.161148693674681,6.19173265545005,-1.25627882236999));
#1818=CARTESIAN_POINT('Ctrl Pts',(0.253992355460469,6.16527225948659,-1.3095308843865));
#1819=CARTESIAN_POINT('Ctrl Pts',(0.698139920499436,6.13881186352312,-1.13665469919386));
#1820=CARTESIAN_POINT('Ctrl Pts',(0.96804150937271,6.11235146755966,-0.816762521875118));
#1821=CARTESIAN_POINT('Ctrl Pts',(1.23794309824598,6.0858910715962,-0.496870344556378));
#1822=CARTESIAN_POINT('Ctrl Pts',(1.33359871095357,6.05943067563274,-0.0299621751115481));
#1823=CARTESIAN_POINT('Ctrl Pts',(1.21123406346547,6.03297027966928,0.370293700337088));
#1824=CARTESIAN_POINT('Ctrl Pts',(1.08886941597736,6.00650988370582,0.770549575785713));
#1825=CARTESIAN_POINT('Ctrl Pts',(0.748484508293563,5.98004948774235,1.10415315723815));
#1826=CARTESIAN_POINT('Ctrl Pts',(0.345847571955569,5.95358909177889,1.21843950936468));
#1827=CARTESIAN_POINT('Ctrl Pts',(-0.0567893643824357,5.92712869581543,
1.33272586149121));
#1828=CARTESIAN_POINT('Ctrl Pts',(-0.521678329374631,5.90066829985197,1.22769498429184));
#1829=CARTESIAN_POINT('Ctrl Pts',(-0.836075072893307,5.87420790388851,0.951411505866336));
#1830=CARTESIAN_POINT('Ctrl Pts',(-1.10392052476418,5.85166537805254,0.716036061785321));
#1831=CARTESIAN_POINT('Ctrl Pts',(-1.26253985138483,5.82912285221656,0.356366764588178));
#1832=CARTESIAN_POINT('Ctrl Pts',(-1.26555438800248,5.80658032638059,-0.000960918051901606));
#1833=CARTESIAN_POINT('Ctrl Pts',(-1.26603608300955,5.94341967361941,0.000731694933453729));
#1834=CARTESIAN_POINT('Ctrl Pts',(-1.26633216724655,5.94613292160972,0.0436973341538815));
#1835=CARTESIAN_POINT('Ctrl Pts',(-1.26433449568936,5.94884616960004,0.0866351188348347));
#1836=CARTESIAN_POINT('Ctrl Pts',(-1.25995225910849,5.95155941759035,0.129328139196286));
#1837=CARTESIAN_POINT('Ctrl Pts',(-1.21721539334859,5.97801981355381,0.545683086356618));
#1838=CARTESIAN_POINT('Ctrl Pts',(-0.947689067441674,6.00448020951728,0.938759168259871));
#1839=CARTESIAN_POINT('Ctrl Pts',(-0.574714940176573,6.03094060548074,1.12867541851429));
#1840=CARTESIAN_POINT('Ctrl Pts',(-0.201740812911477,6.0574010014442,1.31859166876871));
#1841=CARTESIAN_POINT('Ctrl Pts',(0.27468111571181,6.08386139740766,1.3053480873743));
#1842=CARTESIAN_POINT('Ctrl Pts',(0.636528837037797,6.11032179337112,1.09500525224306));
#1843=CARTESIAN_POINT('Ctrl Pts',(0.998376558363788,6.13678218933458,0.884662417111811));
#1844=CARTESIAN_POINT('Ctrl Pts',(1.24565007239248,6.16324258529805,0.477220328243719));
#1845=CARTESIAN_POINT('Ctrl Pts',(1.26519113644679,6.18970298126151,0.0591341785861539));
#1846=CARTESIAN_POINT('Ctrl Pts',(1.28473220050109,6.21616337722497,-0.358951971071411));
#1847=CARTESIAN_POINT('Ctrl Pts',(1.07654081458103,6.24262377318844,-0.787682181518443));
#1848=CARTESIAN_POINT('Ctrl Pts',(0.735890309774059,6.2690841691519,-1.03085930892688));
#1849=CARTESIAN_POINT('Ctrl Pts',(0.395239804967096,6.29554456511536,-1.27403643633532));
#1850=CARTESIAN_POINT('Ctrl Pts',(-0.0778698187267651,6.32200496107881,
-1.33166048070516));
#1851=CARTESIAN_POINT('Ctrl Pts',(-0.466932342187746,6.34846535704227,-1.17736130845193));
#1852=CARTESIAN_POINT('Ctrl Pts',(-0.855994865648728,6.37492575300574,-1.0230621361987));
#1853=CARTESIAN_POINT('Ctrl Pts',(-1.16101028887684,6.40138614896921,-0.656839747322402));
#1854=CARTESIAN_POINT('Ctrl Pts',(-1.24239629786049,6.42784654493267,-0.246286219434052));
#1855=CARTESIAN_POINT('Ctrl Pts',(-1.258362735563,6.43303758782825,-0.165743170224072));
#1856=CARTESIAN_POINT('Ctrl Pts',(-1.26572229849966,6.43822863072383,-0.0834939386543446));
#1857=CARTESIAN_POINT('Ctrl Pts',(-1.26496647767163,6.44341967361941,-0.00111027928137946));
#1858=CARTESIAN_POINT('Origin',(0.,0.,0.));
#1859=CARTESIAN_POINT('',(-1.26242547302121,6.94341967361941,-3.53076536118477E-5));
#1860=CARTESIAN_POINT('',(-1.26422565195773,6.80658032638059,0.00115223168221434));
#1861=CARTESIAN_POINT('',(-1.2645,0.,1.54856587752183E-16));
#1862=CARTESIAN_POINT('Ctrl Pts',(-1.26422565195773,6.80658032638059,0.00115223168221434));
#1863=CARTESIAN_POINT('Ctrl Pts',(-1.26140823360961,6.7868538744813,-0.312383467507952));
#1864=CARTESIAN_POINT('Ctrl Pts',(-1.14342370516195,6.76712742258203,-0.627812471590397));
#1865=CARTESIAN_POINT('Ctrl Pts',(-0.932183463064549,6.74740097068275,-0.857461003309995));
#1866=CARTESIAN_POINT('Ctrl Pts',(-0.648832940737786,6.72094057471929,-1.16550378326628));
#1867=CARTESIAN_POINT('Ctrl Pts',(-0.197690835183923,6.69448017875582,-1.31920490731301));
#1868=CARTESIAN_POINT('Ctrl Pts',(0.214789493387211,6.66801978279236,-1.24822708452383));
#1869=CARTESIAN_POINT('Ctrl Pts',(0.627269821958339,6.6415593868289,-1.17724926173465));
#1870=CARTESIAN_POINT('Ctrl Pts',(1.00108837354675,6.61509899086543,-0.881592492109571));
#1871=CARTESIAN_POINT('Ctrl Pts',(1.16517688577101,6.58863859490197,-0.496556347128265));
#1872=CARTESIAN_POINT('Ctrl Pts',(1.32926539799528,6.56217819893851,-0.111520202146954));
#1873=CARTESIAN_POINT('Ctrl Pts',(1.2836238708554,6.53571780297505,0.362895318190571));
#1874=CARTESIAN_POINT('Ctrl Pts',(1.04913895298633,6.50925740701159,0.709586385393028));
#1875=CARTESIAN_POINT('Ctrl Pts',(0.814654035117267,6.48279701104813,1.05627745259547));
#1876=CARTESIAN_POINT('Ctrl Pts',(0.391325726519015,6.45633661508466,1.27524406666285));
#1877=CARTESIAN_POINT('Ctrl Pts',(-0.0271208677780474,6.4298762191212,1.26628189576388));
#1878=CARTESIAN_POINT('Ctrl Pts',(-0.445567462075128,6.40341582315774,1.25731972486491));
#1879=CARTESIAN_POINT('Ctrl Pts',(-0.859132342071025,6.37695542719429,1.02042876899958));
#1880=CARTESIAN_POINT('Ctrl Pts',(-1.07855837993657,6.35049503123082,0.664015965227498));
#1881=CARTESIAN_POINT('Ctrl Pts',(-1.1999477159418,6.33585679628075,0.466843769919628));
#1882=CARTESIAN_POINT('Ctrl Pts',(-1.26192190379209,6.32121856133067,0.23309255609487));
#1883=CARTESIAN_POINT('Ctrl Pts',(-1.26252170913101,6.30658032638059,-0.000362590106520524));
#1884=CARTESIAN_POINT('Ctrl Pts',(-1.26496647767163,6.44341967361941,-0.00111027928137946));
#1885=CARTESIAN_POINT('Ctrl Pts',(-1.26186963945035,6.46468902668729,0.336441764397387));
#1886=CARTESIAN_POINT('Ctrl Pts',(-1.12253162400548,6.48595837975517,0.676250583934926));
#1887=CARTESIAN_POINT('Ctrl Pts',(-0.880760048307938,6.50722773282305,0.910201735949328));
#1888=CARTESIAN_POINT('Ctrl Pts',(-0.579981195032518,6.53368812878651,1.20125149654395));
#1889=CARTESIAN_POINT('Ctrl Pts',(-0.120666893742478,6.56014852474997,1.32846635083279));
#1890=CARTESIAN_POINT('Ctrl Pts',(0.286989704166274,6.58660892071344,1.23362975504125));
#1891=CARTESIAN_POINT('Ctrl Pts',(0.694646302075013,6.6130693166769,1.13879315924971));
#1892=CARTESIAN_POINT('Ctrl Pts',(1.05064519660247,6.63952971264036,0.821905113377798));
#1893=CARTESIAN_POINT('Ctrl Pts',(1.19207282436944,6.66599010860382,0.427981126009598));
#1894=CARTESIAN_POINT('Ctrl Pts',(1.33350045213641,6.69245050456728,0.0340571386413862));
#1895=CARTESIAN_POINT('Ctrl Pts',(1.26035681314288,6.71891090053075,-0.436902790223126));
#1896=CARTESIAN_POINT('Ctrl Pts',(1.00611417668558,6.74537129649421,-0.769376192959507));
#1897=CARTESIAN_POINT('Ctrl Pts',(0.751871540228281,6.77183169245767,-1.10184959569588));
#1898=CARTESIAN_POINT('Ctrl Pts',(0.316529906307218,6.79829208842113,-1.29583647230413));
#1899=CARTESIAN_POINT('Ctrl Pts',(-0.100688036581509,6.82475248438459,-1.26256381308429));
#1900=CARTESIAN_POINT('Ctrl Pts',(-0.517905979470237,6.85121288034805,-1.22929115386446));
#1901=CARTESIAN_POINT('Ctrl Pts',(-0.917000231326623,6.87767327631152,-0.968758958816539));
#1902=CARTESIAN_POINT('Ctrl Pts',(-1.1153357680156,6.90413367227498,-0.60019295847719));
#1903=CARTESIAN_POINT('Ctrl Pts',(-1.21349265339469,6.91722900605646,-0.417788477394866));
#1904=CARTESIAN_POINT('Ctrl Pts',(-1.26247787823208,6.93032433983793,-0.208923368705976));
#1905=CARTESIAN_POINT('Ctrl Pts',(-1.26242585968232,6.94341967361941,-3.53010727881313E-5));
#1906=CARTESIAN_POINT('Origin',(0.,0.,0.));
#1907=CARTESIAN_POINT('',(-1.26483691041449,7.44341967361942,0.00112871745209514));
#1908=CARTESIAN_POINT('',(-1.26646082448156,7.30658032638059,-0.000339761120358171));
#1909=CARTESIAN_POINT('',(-1.2645,0.,1.54856587752183E-16));
#1910=CARTESIAN_POINT('Ctrl Pts',(-1.26646082448156,7.30658032638059,-0.000339761120358171));
#1911=CARTESIAN_POINT('Ctrl Pts',(-1.26652715743428,7.30540997955887,-0.0188563264681026));
#1912=CARTESIAN_POINT('Ctrl Pts',(-1.26615621164569,7.30423963273716,-0.0373701753093132));
#1913=CARTESIAN_POINT('Ctrl Pts',(-1.26533969949738,7.30306928591544,-0.0558643525349045));
#1914=CARTESIAN_POINT('Ctrl Pts',(-1.24687915912393,7.27660888995198,-0.473999595291477));
#1915=CARTESIAN_POINT('Ctrl Pts',(-1.00065942765662,7.25014849398852,-0.882079340896487));
#1916=CARTESIAN_POINT('Ctrl Pts',(-0.639356511802724,7.22368809802506,-1.09335658950956));
#1917=CARTESIAN_POINT('Ctrl Pts',(-0.278053595948822,7.19722770206159,-1.30463383812264));
#1918=CARTESIAN_POINT('Ctrl Pts',(0.198332504291654,7.17076730609813,-1.31910858974378));
#1919=CARTESIAN_POINT('Ctrl Pts',(0.571796176183499,7.14430691013467,-1.13015685367576));
#1920=CARTESIAN_POINT('Ctrl Pts',(0.945259848075339,7.11784651417121,-0.941205117607735));
#1921=CARTESIAN_POINT('Ctrl Pts',(1.21580109161853,7.09138611820775,-0.548826893850545));
#1922=CARTESIAN_POINT('Ctrl Pts',(1.25961379756897,7.06492572224429,-0.132583792306109));
#1923=CARTESIAN_POINT('Ctrl Pts',(1.30342650351941,7.03846532628082,0.283659309238327));
#1924=CARTESIAN_POINT('Ctrl Pts',(1.12051067187709,7.01200493031736,0.723767288570016));
#1925=CARTESIAN_POINT('Ctrl Pts',(0.794572938784437,6.9855445343539,0.986336264141129));
#1926=CARTESIAN_POINT('Ctrl Pts',(0.468635205691784,6.95908413839044,1.24890523971224));
#1927=CARTESIAN_POINT('Ctrl Pts',(-0.000324428851201583,6.93262374242698,
1.33393521152279));
#1928=CARTESIAN_POINT('Ctrl Pts',(-0.397698879488773,6.90616334646352,1.20251444160216));
#1929=CARTESIAN_POINT('Ctrl Pts',(-0.795073330126338,6.87970295050005,1.07109367168154));
#1930=CARTESIAN_POINT('Ctrl Pts',(-1.12086259685849,6.85324255453659,0.723222160029742));
#1931=CARTESIAN_POINT('Ctrl Pts',(-1.22597776067473,6.82678215857313,0.318094186270935));
#1932=CARTESIAN_POINT('Ctrl Pts',(-1.25272866925574,6.82004821450895,0.21499258802221));
#1933=CARTESIAN_POINT('Ctrl Pts',(-1.26518742337301,6.81331427044477,0.108182724101766));
#1934=CARTESIAN_POINT('Ctrl Pts',(-1.26422565195773,6.80658032638059,0.00115223168221434));
#1935=CARTESIAN_POINT('Ctrl Pts',(-1.26242585968232,6.94341967361941,-3.53010727881313E-5));
#1936=CARTESIAN_POINT('Ctrl Pts',(-1.26237276969134,6.9567847358014,0.213155294873742));
#1937=CARTESIAN_POINT('Ctrl Pts',(-1.21124156359858,6.97014979798338,0.426369805288975));
#1938=CARTESIAN_POINT('Ctrl Pts',(-1.10917513669967,6.98351486016536,0.611503049009408));
#1939=CARTESIAN_POINT('Ctrl Pts',(-0.90710214717319,7.00997525612882,0.978033250525875));
#1940=CARTESIAN_POINT('Ctrl Pts',(-0.505379346598665,7.03643565209229,1.23449384792803));
#1941=CARTESIAN_POINT('Ctrl Pts',(-0.0878446455379492,7.06289604805575,
1.26352237062547));
#1942=CARTESIAN_POINT('Ctrl Pts',(0.329690055522772,7.08935644401921,1.29255089332291));
#1943=CARTESIAN_POINT('Ctrl Pts',(0.763036657069689,7.11581683998267,1.0941473413156));
#1944=CARTESIAN_POINT('Ctrl Pts',(1.01388544488304,7.14227723594613,0.759105900039486));
#1945=CARTESIAN_POINT('Ctrl Pts',(1.2647342326964,7.16873763190959,0.42406445876337));
#1946=CARTESIAN_POINT('Ctrl Pts',(1.33308520677621,7.19519802787306,-0.0476148717815511));
#1947=CARTESIAN_POINT('Ctrl Pts',(1.1876593353082,7.22165842383652,-0.440080408647852));
#1948=CARTESIAN_POINT('Ctrl Pts',(1.0422334638402,7.24811881979998,-0.832545945514141));
#1949=CARTESIAN_POINT('Ctrl Pts',(0.68303074682441,7.27457921576344,-1.14579768870181));
#1950=CARTESIAN_POINT('Ctrl Pts',(0.274430893029794,7.3010396117269,-1.23648418824192));
#1951=CARTESIAN_POINT('Ctrl Pts',(-0.134168960764828,7.32750000769036,-1.32717068778203));
#1952=CARTESIAN_POINT('Ctrl Pts',(-0.592165951338282,7.35396040365382,-1.19529194367457));
#1953=CARTESIAN_POINT('Ctrl Pts',(-0.889969760017319,7.38042079961729,-0.901198806631607));
#1954=CARTESIAN_POINT('Ctrl Pts',(-1.12631422800677,7.40142042428466,-0.66779921942659));
#1955=CARTESIAN_POINT('Ctrl Pts',(-1.26176258771374,7.42242004895204,-0.332230483940429));
#1956=CARTESIAN_POINT('Ctrl Pts',(-1.26483691041449,7.44341967361942,0.00112871745209514));
#1957=CARTESIAN_POINT('Origin',(0.,0.,0.));
#1958=CARTESIAN_POINT('',(-1.26612856257835,7.94341967361941,-0.000670109957238257));
#1959=CARTESIAN_POINT('',(-1.26322716756159,7.80658032638059,-0.000937365201559986));
#1960=CARTESIAN_POINT('',(-1.2645,0.,1.54856587752183E-16));
#1961=CARTESIAN_POINT('Ctrl Pts',(-1.26322716756159,7.80658032638059,-0.000937365201559986));
#1962=CARTESIAN_POINT('Ctrl Pts',(-1.26422162987704,7.79750568867298,-0.145460037084323));
#1963=CARTESIAN_POINT('Ctrl Pts',(-1.24132839430529,7.78843105096537,-0.28967722697654));
#1964=CARTESIAN_POINT('Ctrl Pts',(-1.19317484275312,7.77935641325776,-0.424899018145578));
#1965=CARTESIAN_POINT('Ctrl Pts',(-1.05276570663425,7.75289601729429,-0.819187170742558));
#1966=CARTESIAN_POINT('Ctrl Pts',(-0.69758694215407,7.72643562133083,-1.13699415650713));
#1967=CARTESIAN_POINT('Ctrl Pts',(-0.29017680166376,7.69997522536737,-1.23288393808588));
#1968=CARTESIAN_POINT('Ctrl Pts',(0.117233338826551,7.6735148294039,-1.32877371966463));
#1969=CARTESIAN_POINT('Ctrl Pts',(0.576874855326993,7.64705443344045,-1.20274629705756));
#1970=CARTESIAN_POINT('Ctrl Pts',(0.878404854972991,7.62059403747699,-0.912474817059318));
#1971=CARTESIAN_POINT('Ctrl Pts',(1.17993485461899,7.59413364151353,-0.622203337061073));
#1972=CARTESIAN_POINT('Ctrl Pts',(1.32335333741055,7.56767324555006,-0.167687799671652));
#1973=CARTESIAN_POINT('Ctrl Pts',(1.24302859368661,7.5412128495866,0.243074672240497));
#1974=CARTESIAN_POINT('Ctrl Pts',(1.16270384996268,7.51475245362313,0.653837144152634));
#1975=CARTESIAN_POINT('Ctrl Pts',(0.858635879723263,7.48829205765967,1.0208465505875));
#1976=CARTESIAN_POINT('Ctrl Pts',(0.469973419951249,7.46183166169621,1.17615065597421));
#1977=CARTESIAN_POINT('Ctrl Pts',(0.0813109601792229,7.43537126573275,1.33145476136092));
#1978=CARTESIAN_POINT('Ctrl Pts',(-0.391945989125411,7.40891086976929,1.27505356569946));
#1979=CARTESIAN_POINT('Ctrl Pts',(-0.733223789137927,7.38245047380583,1.03275759791465));
#1980=CARTESIAN_POINT('Ctrl Pts',(-1.05940682680757,7.35716042466408,0.801178412909775));
#1981=CARTESIAN_POINT('Ctrl Pts',(-1.26502743430776,7.33187037552233,0.39978508981419));
#1982=CARTESIAN_POINT('Ctrl Pts',(-1.26646082448156,7.30658032638059,-0.000339761120358171));
#1983=CARTESIAN_POINT('Ctrl Pts',(-1.26483691041449,7.44341967361942,0.00112871745209514));
#1984=CARTESIAN_POINT('Ctrl Pts',(-1.26563636152017,7.4488804449155,0.0878159029177885));
#1985=CARTESIAN_POINT('Ctrl Pts',(-1.25748447939449,7.45434121621159,0.17435367633558));
#1986=CARTESIAN_POINT('Ctrl Pts',(-1.23982774378656,7.45980198750768,0.258906601995509));
#1987=CARTESIAN_POINT('Ctrl Pts',(-1.15427129209213,7.48626238347114,0.668611343601168));
#1988=CARTESIAN_POINT('Ctrl Pts',(-0.845547761918646,7.5127227794346,1.03171329683402));
#1989=CARTESIAN_POINT('Ctrl Pts',(-0.454936385231493,7.53918317539806,1.18204836966116));
#1990=CARTESIAN_POINT('Ctrl Pts',(-0.0643250085443353,7.56564357136152,
1.3323834424883));
#1991=CARTESIAN_POINT('Ctrl Pts',(0.408174214656483,7.59210396732498,1.26995163490974));
#1992=CARTESIAN_POINT('Ctrl Pts',(0.746334399037223,7.61856436328845,1.02332322734605));
#1993=CARTESIAN_POINT('Ctrl Pts',(1.08449458341796,7.64502475925191,0.776694819782371));
#1994=CARTESIAN_POINT('Ctrl Pts',(1.28831572897861,7.67148515521537,0.345869812233567));
#1995=CARTESIAN_POINT('Ctrl Pts',(1.26452443059059,7.69794555117883,-0.071996022511069));
#1996=CARTESIAN_POINT('Ctrl Pts',(1.24073313220257,7.72440594714229,-0.489861857255711));
#1997=CARTESIAN_POINT('Ctrl Pts',(0.989329389865878,7.75086634310575,-0.894768519196193));
#1998=CARTESIAN_POINT('Ctrl Pts',(0.62536153698592,7.77732673906922,-1.10142108701213));
#1999=CARTESIAN_POINT('Ctrl Pts',(0.261393684105961,7.80378713503267,-1.30807365482806));
#2000=CARTESIAN_POINT('Ctrl Pts',(-0.215138279317252,7.83024753099614,-1.31647212851945));
#2001=CARTESIAN_POINT('Ctrl Pts',(-0.586161990078666,7.8567079269596,-1.12277316682561));
#2002=CARTESIAN_POINT('Ctrl Pts',(-0.957185700840075,7.88316832292306,-0.929074205131761));
#2003=CARTESIAN_POINT('Ctrl Pts',(-1.22270115893968,7.90962871888653,-0.533277808052675));
#2004=CARTESIAN_POINT('Ctrl Pts',(-1.26120217413023,7.93608911484999,-0.116509822729492));
#2005=CARTESIAN_POINT('Ctrl Pts',(-1.26475760032172,7.9385326344398,-0.0780228424912201));
#2006=CARTESIAN_POINT('Ctrl Pts',(-1.2663770839825,7.94097615402961,-0.0393570199330589));
#2007=CARTESIAN_POINT('Ctrl Pts',(-1.26612856257835,7.94341967361941,-0.000670109957238257));
#2008=CARTESIAN_POINT('Origin',(0.,0.,0.));
#2009=CARTESIAN_POINT('',(-1.26282238150129,8.44341967361941,-0.000703511281508722));
#2010=CARTESIAN_POINT('',(-1.26308471550883,8.30658032638059,0.000870220293293505));
#2011=CARTESIAN_POINT('',(-1.2645,0.,1.54856587752183E-16));
#2012=CARTESIAN_POINT('Ctrl Pts',(-1.26308471550883,8.30658032638059,0.000870220293293505));
#2013=CARTESIAN_POINT('Ctrl Pts',(-1.26136981925883,8.28960139778708,-0.269612863090663));
#2014=CARTESIAN_POINT('Ctrl Pts',(-1.17625061505902,8.27262246919357,-0.541080779750777));
#2015=CARTESIAN_POINT('Ctrl Pts',(-1.01584378681516,8.25564354060006,-0.756483166582362));
#2016=CARTESIAN_POINT('Ctrl Pts',(-0.765861688875326,8.2291831446366,-1.09217174761674));
#2017=CARTESIAN_POINT('Ctrl Pts',(-0.333029278948772,8.20272274867314,-1.29169452781711));
#2018=CARTESIAN_POINT('Ctrl Pts',(0.0845790354111425,8.17626235270968,-1.26374513569912));
#2019=CARTESIAN_POINT('Ctrl Pts',(0.50218734977104,8.14980195674622,-1.23579574358113));
#2020=CARTESIAN_POINT('Ctrl Pts',(0.904571568564299,8.12334156078275,-0.980374179144795));
#2021=CARTESIAN_POINT('Ctrl Pts',(1.10759110033359,8.09688116481929,-0.614367427093013));
#2022=CARTESIAN_POINT('Ctrl Pts',(1.31061063210289,8.07042076885583,-0.248360675041221));
#2023=CARTESIAN_POINT('Ctrl Pts',(1.31426547684823,8.04396037289237,0.228231264626015));
#2024=CARTESIAN_POINT('Ctrl Pts',(1.11688309076163,8.01749997692891,0.597308582321575));
#2025=CARTESIAN_POINT('Ctrl Pts',(0.919500704675023,7.99103958096545,0.966385900017125));
#2026=CARTESIAN_POINT('Ctrl Pts',(0.521081087756456,7.96457918500199,1.227948595741));
#2027=CARTESIAN_POINT('Ctrl Pts',(0.10395053509302,7.93811878903852,1.26229935724382));
#2028=CARTESIAN_POINT('Ctrl Pts',(-0.313180017570434,7.91165839307506,1.29665011874665));
#2029=CARTESIAN_POINT('Ctrl Pts',(-0.74902150597876,7.88519799711159,1.10378894602842));
#2030=CARTESIAN_POINT('Ctrl Pts',(-1.00412249630415,7.85873760114813,0.771973699954601));
#2031=CARTESIAN_POINT('Ctrl Pts',(-1.17173616900766,7.84135184289229,0.553955055720762));
#2032=CARTESIAN_POINT('Ctrl Pts',(-1.26132191448504,7.82396608463644,0.275948204977785));
#2033=CARTESIAN_POINT('Ctrl Pts',(-1.26322716756159,7.80658032638059,-0.000937365201559986));
#2034=CARTESIAN_POINT('Ctrl Pts',(-1.26612856257835,7.94341967361941,-0.000670109957238257));
#2035=CARTESIAN_POINT('Ctrl Pts',(-1.26368589427952,7.96743654999307,0.37957596543452));
#2036=CARTESIAN_POINT('Ctrl Pts',(-1.0807838529017,7.99145342636671,0.761859199205676));
#2037=CARTESIAN_POINT('Ctrl Pts',(-0.78193012022219,8.01547030274037,0.996388854883055));
#2038=CARTESIAN_POINT('Ctrl Pts',(-0.452670478842105,8.04193069870383,1.25477997360513));
#2039=CARTESIAN_POINT('Ctrl Pts',(0.0173353761995585,8.06839109466729,1.33382263748199));
#2040=CARTESIAN_POINT('Ctrl Pts',(0.413001584106475,8.09485149063075,1.19734504378321));
#2041=CARTESIAN_POINT('Ctrl Pts',(0.808667792013386,8.12131188659422,1.06086745008443));
#2042=CARTESIAN_POINT('Ctrl Pts',(1.12999435278555,8.14777228255768,0.708869598810001));
#2043=CARTESIAN_POINT('Ctrl Pts',(1.22993458792423,8.17423267852114,0.30243407944855));
#2044=CARTESIAN_POINT('Ctrl Pts',(1.32987482306291,8.2006930744846,-0.1040014399129));
#2045=CARTESIAN_POINT('Ctrl Pts',(1.2084287325681,8.22715347044807,-0.564874627361379));
#2046=CARTESIAN_POINT('Ctrl Pts',(0.921172936479916,8.25361386641153,-0.869278945615262));
#2047=CARTESIAN_POINT('Ctrl Pts',(0.633917140391737,8.28007426237499,-1.17368326386914));
#2048=CARTESIAN_POINT('Ctrl Pts',(0.18085163871019,8.30653465833845,-1.32161871292843));
#2049=CARTESIAN_POINT('Ctrl Pts',(-0.230690016181653,8.33299505430191,-1.24538651664314));
#2050=CARTESIAN_POINT('Ctrl Pts',(-0.642231671073502,8.35945545026537,-1.16915432035785));
#2051=CARTESIAN_POINT('Ctrl Pts',(-1.01224947917564,8.38591584622884,-0.86875447872797));
#2052=CARTESIAN_POINT('Ctrl Pts',(-1.17141448940596,8.4123762421923,-0.481657096824788));
#2053=CARTESIAN_POINT('Ctrl Pts',(-1.23365880965352,8.42272405266801,-0.330275751318584));
#2054=CARTESIAN_POINT('Ctrl Pts',(-1.26365655279334,8.43307186314371,-0.165635397889829));
#2055=CARTESIAN_POINT('Ctrl Pts',(-1.26282238150129,8.44341967361941,-0.000703511281508722));
#2056=CARTESIAN_POINT('Origin',(0.,0.,0.));
#2057=CARTESIAN_POINT('',(-1.26356593563333,8.94341967361941,0.00105322980212793));
#2058=CARTESIAN_POINT('',(-1.26637550749027,8.80658032638059,0.000451425244021864));
#2059=CARTESIAN_POINT('',(-1.2645,0.,1.54856587752183E-16));
#2060=CARTESIAN_POINT('Ctrl Pts',(-1.26637550749027,8.80658032638059,0.000451425244021864));
#2061=CARTESIAN_POINT('Ctrl Pts',(-1.26456149117367,8.78169710690118,-0.393307530443154));
#2062=CARTESIAN_POINT('Ctrl Pts',(-1.06638010341091,8.75681388742178,-0.788641919767706));
#2063=CARTESIAN_POINT('Ctrl Pts',(-0.748976452032856,8.73193066794238,-1.02139102756589));
#2064=CARTESIAN_POINT('Ctrl Pts',(-0.411454761856746,8.70547027197891,-1.2688925037145));
#2065=CARTESIAN_POINT('Ctrl Pts',(0.0608815199655529,8.67900987601545,-1.3325451946447));
#2066=CARTESIAN_POINT('Ctrl Pts',(0.45188009029247,8.65254948005199,-1.18322008647834));
#2067=CARTESIAN_POINT('Ctrl Pts',(0.842878660619393,8.62608908408853,-1.03389497831199));
#2068=CARTESIAN_POINT('Ctrl Pts',(1.15253951945093,8.59962868812506,-0.671592071049043));
#2069=CARTESIAN_POINT('Ctrl Pts',(1.23915448232451,8.5731682921616,-0.26210980912082));
#2070=CARTESIAN_POINT('Ctrl Pts',(1.32576944519808,8.54670789619814,0.14737245280741));
#2071=CARTESIAN_POINT('Ctrl Pts',(1.1893385121137,8.52024750023469,0.604034069400933));
#2072=CARTESIAN_POINT('Ctrl Pts',(0.892295728284154,8.49378710427122,0.898895828708333));
#2073=CARTESIAN_POINT('Ctrl Pts',(0.595252944454614,8.46732670830776,1.19375758801573));
#2074=CARTESIAN_POINT('Ctrl Pts',(0.137598309879926,8.44086631234429,1.326819490037));
#2075=CARTESIAN_POINT('Ctrl Pts',(-0.271234529401823,8.41440591638083,1.23718923873605));
#2076=CARTESIAN_POINT('Ctrl Pts',(-0.680067368683573,8.38794552041737,1.1475589874351));
#2077=CARTESIAN_POINT('Ctrl Pts',(-1.04007841267238,8.36148512445391,0.835236582811934));
#2078=CARTESIAN_POINT('Ctrl Pts',(-1.18651804169023,8.33502472849045,0.44314818956616));
#2079=CARTESIAN_POINT('Ctrl Pts',(-1.23899127626005,8.3255432611205,0.302652434633732));
#2080=CARTESIAN_POINT('Ctrl Pts',(-1.26404235737343,8.31606179375054,0.151914882216791));
#2081=CARTESIAN_POINT('Ctrl Pts',(-1.26308471550883,8.30658032638059,0.000870220293293505));
#2082=CARTESIAN_POINT('Ctrl Pts',(-1.26282238150129,8.44341967361941,-0.000703511281508722));
#2083=CARTESIAN_POINT('Ctrl Pts',(-1.26152349259275,8.45953225910717,0.256112085493562));
#2084=CARTESIAN_POINT('Ctrl Pts',(-1.1854706736913,8.47564484459493,0.513634522933489));
#2085=CARTESIAN_POINT('Ctrl Pts',(-1.04000468650941,8.49175743008268,0.722907824609417));
#2086=CARTESIAN_POINT('Ctrl Pts',(-0.801117661024072,8.51821782604614,1.06658044196394));
#2087=CARTESIAN_POINT('Ctrl Pts',(-0.375031397694918,8.5446782220096,1.28013075449652));
#2088=CARTESIAN_POINT('Ctrl Pts',(0.0432668903698983,8.57113861797306,1.26583309126616));
#2089=CARTESIAN_POINT('Ctrl Pts',(0.461565178434738,8.59759901393653,1.2515354280358));
#2090=CARTESIAN_POINT('Ctrl Pts',(0.87207549123524,8.62405940989999,1.00938978904246));
#2091=CARTESIAN_POINT('Ctrl Pts',(1.08693854808157,8.65051980586346,0.650207717712873));
#2092=CARTESIAN_POINT('Ctrl Pts',(1.3018016049279,8.67698020182692,0.291025646383298));
#2093=CARTESIAN_POINT('Ctrl Pts',(1.32101740582007,8.70344059779038,-0.185192857282519));
#2094=CARTESIAN_POINT('Ctrl Pts',(1.13579233453476,8.72990099375384,-0.560518759648748));
#2095=CARTESIAN_POINT('Ctrl Pts',(0.950567263249443,8.7563613897173,-0.935844662014978));
#2096=CARTESIAN_POINT('Ctrl Pts',(0.560901319786646,8.78282178568076,-1.21027796308162));
#2097=CARTESIAN_POINT('Ctrl Pts',(0.145114926375059,8.80928218164422,-1.25823167786868));
#2098=CARTESIAN_POINT('Ctrl Pts',(-0.270671467036528,8.83574257760769,-1.30618539265574));
#2099=CARTESIAN_POINT('Ctrl Pts',(-0.712578310396906,8.86220297357115,-1.12765952116322));
#2100=CARTESIAN_POINT('Ctrl Pts',(-0.978378550171498,8.88866336953461,-0.804351326950435));
#2101=CARTESIAN_POINT('Ctrl Pts',(-1.16172474517943,8.90691547089621,-0.581336753020516));
#2102=CARTESIAN_POINT('Ctrl Pts',(-1.26127775343523,8.92516757225781,-0.28943338128809));
#2103=CARTESIAN_POINT('Ctrl Pts',(-1.26356593563333,8.94341967361941,0.00105322980212793));
#2104=CARTESIAN_POINT('Origin',(0.,0.,0.));
#2105=CARTESIAN_POINT('',(-1.26656519337943,9.44341967361941,0.000101122123138941));
#2106=CARTESIAN_POINT('',(-1.26441926438001,9.30658032638059,-0.00115606647988643));
#2107=CARTESIAN_POINT('',(-1.2645,0.,1.54856587752183E-16));
#2108=CARTESIAN_POINT('Ctrl Pts',(-1.26441926438001,9.30658032638059,-0.00115606647988643));
#2109=CARTESIAN_POINT('Ctrl Pts',(-1.26533830413755,9.30025321197875,-0.101681367966048));
#2110=CARTESIAN_POINT('Ctrl Pts',(-1.25435847920759,9.29392609757691,-0.20200830668646));
#2111=CARTESIAN_POINT('Ctrl Pts',(-1.23071245614733,9.28759898317508,-0.299255286150954));
#2112=CARTESIAN_POINT('Ctrl Pts',(-1.13182327959728,9.26113858721161,-0.705948356554954));
#2113=CARTESIAN_POINT('Ctrl Pts',(-0.811406636568081,9.23467819124814,-1.05877399461636));
#2114=CARTESIAN_POINT('Ctrl Pts',(-0.416094261931744,9.20821779528468,-1.19627330841983));
#2115=CARTESIAN_POINT('Ctrl Pts',(-0.0207818872954191,9.18175739932122,
-1.3337726222233));
#2116=CARTESIAN_POINT('Ctrl Pts',(0.449426218948042,9.15529700335777,-1.25594561176884));
#2117=CARTESIAN_POINT('Ctrl Pts',(0.779352407878752,9.12883660739431,-0.998406444935509));
#2118=CARTESIAN_POINT('Ctrl Pts',(1.10927859680948,9.10237621143085,-0.740867278102168));
#2119=CARTESIAN_POINT('Ctrl Pts',(1.29892286842744,9.07591581546738,-0.303615954889934));
#2120=CARTESIAN_POINT('Ctrl Pts',(1.26149908864519,9.04945541950391,0.113250220020705));
#2121=CARTESIAN_POINT('Ctrl Pts',(1.22407530886294,9.02299502354045,0.530116394931332));
#2122=CARTESIAN_POINT('Ctrl Pts',(0.959583477680485,8.99653462757699,0.926597421540366));
#2123=CARTESIAN_POINT('Ctrl Pts',(0.589061561914866,8.97007423161353,1.12125451671596));
#2124=CARTESIAN_POINT('Ctrl Pts',(0.218539646149247,8.94361383565007,1.31591161189156));
#2125=CARTESIAN_POINT('Ctrl Pts',(-0.25801235419954,8.91715343968661,1.30874477563372));
#2126=CARTESIAN_POINT('Ctrl Pts',(-0.622513018494013,8.89069304372315,1.10303352949495));
#2127=CARTESIAN_POINT('Ctrl Pts',(-0.987013682788491,8.86423264775968,0.897322283356174));
#2128=CARTESIAN_POINT('Ctrl Pts',(-1.23946301102865,8.83777225179622,0.493066627336456));
#2129=CARTESIAN_POINT('Ctrl Pts',(-1.26433412588377,8.81131185583276,0.0752636686430878));
#2130=CARTESIAN_POINT('Ctrl Pts',(-1.26581657299212,8.8097346793487,0.0503604509312077));
#2131=CARTESIAN_POINT('Ctrl Pts',(-1.26649048553314,8.80815750286464,0.0254091026784349));
#2132=CARTESIAN_POINT('Ctrl Pts',(-1.26637550749027,8.80658032638059,0.000451425244021864));
#2133=CARTESIAN_POINT('Ctrl Pts',(-1.26356593563333,8.94341967361941,0.00105322980212793));
#2134=CARTESIAN_POINT('Ctrl Pts',(-1.26459497186387,8.95162796822127,0.131690225208063));
#2135=CARTESIAN_POINT('Ctrl Pts',(-1.24595257767625,8.95983626282313,0.262040686318692));
#2136=CARTESIAN_POINT('Ctrl Pts',(-1.20641345814136,8.96804455742499,0.385710065128672));
#2137=CARTESIAN_POINT('Ctrl Pts',(-1.07895449014783,8.99450495338845,0.784372746061943));
#2138=CARTESIAN_POINT('Ctrl Pts',(-0.734342917971955,9.02096534935191,1.11360759099544));
#2139=CARTESIAN_POINT('Ctrl Pts',(-0.330281307171755,9.04742574531538,1.22275042615186));
#2140=CARTESIAN_POINT('Ctrl Pts',(0.0737803036284448,9.07388614127884,1.33189326130828));
#2141=CARTESIAN_POINT('Ctrl Pts',(0.537291953052972,9.1003465372423,1.22094408668763));
#2142=CARTESIAN_POINT('Ctrl Pts',(0.848139895679478,9.12680693320576,0.940672989843793));
#2143=CARTESIAN_POINT('Ctrl Pts',(1.15898783830597,9.15326732916922,0.660401892999963));
#2144=CARTESIAN_POINT('Ctrl Pts',(1.31717207413446,9.17972772513269,0.210808873932954));
#2145=CARTESIAN_POINT('Ctrl Pts',(1.25030333032977,9.20618812109615,-0.202356108730441));
#2146=CARTESIAN_POINT('Ctrl Pts',(1.18343458652508,9.23264851705961,-0.615521091393873));
#2147=CARTESIAN_POINT('Ctrl Pts',(0.891512863087167,9.25910891302307,-0.992258037653684));
#2148=CARTESIAN_POINT('Ctrl Pts',(0.508129251530101,9.28556930898653,-1.16017359962648));
#2149=CARTESIAN_POINT('Ctrl Pts',(0.124745639973057,9.31202970494999,-1.32808916159927));
#2150=CARTESIAN_POINT('Ctrl Pts',(-0.350099859703135,9.33849010091346,-1.28718333928506));
#2151=CARTESIAN_POINT('Ctrl Pts',(-0.699108105222773,9.36495049687692,-1.05615577807183));
#2152=CARTESIAN_POINT('Ctrl Pts',(-1.04410659201899,9.39110688912442,-0.827782494489042));
#2153=CARTESIAN_POINT('Ctrl Pts',(-1.26614270506121,9.41726328137192,-0.41363099702234));
#2154=CARTESIAN_POINT('Ctrl Pts',(-1.26656519337943,9.44341967361941,0.000101122123138941));
#2155=CARTESIAN_POINT('Origin',(0.,0.,0.));
#2156=CARTESIAN_POINT('',(-1.26371275898703,9.94341967361942,-0.00163569704344375));
#2157=CARTESIAN_POINT('',(-1.26244230195361,9.80658032638058,0.000314709554962017));
#2158=CARTESIAN_POINT('',(-1.2645,0.,1.54856587752183E-16));
#2159=CARTESIAN_POINT('',(-0.958116152722385,10.,0.825211298936494));
#2160=CARTESIAN_POINT('Ctrl Pts',(-1.26371275898703,9.94341967361942,-0.00163569704344375));
#2161=CARTESIAN_POINT('Ctrl Pts',(-1.26100558458995,9.96227978241295,0.297474384062582));
#2162=CARTESIAN_POINT('Ctrl Pts',(-1.15369380269339,9.98113989120647,0.598134784363552));
#2163=CARTESIAN_POINT('Ctrl Pts',(-0.958116152722385,10.,0.825211298936494));
#2164=CARTESIAN_POINT('',(0.959926337957041,9.99999999999999,0.826624922547259));
#2165=CARTESIAN_POINT('Origin',(0.,10.,0.));
#2166=CARTESIAN_POINT('Ctrl Pts',(0.959927379418233,9.99999999999999,0.826625735853048));
#2167=CARTESIAN_POINT('Ctrl Pts',(0.693181405364504,9.97421616209938,1.13528779999957));
#2168=CARTESIAN_POINT('Ctrl Pts',(0.263403021541616,9.94843232419877,1.30426948510283));
#2169=CARTESIAN_POINT('Ctrl Pts',(-0.141934477635215,9.92264848629816,1.2584794824174));
#2170=CARTESIAN_POINT('Ctrl Pts',(-0.557907878042071,9.8961880903347,1.21148796754305));
#2171=CARTESIAN_POINT('Ctrl Pts',(-0.948140926860196,9.86972769437123,0.938305836615084));
#2172=CARTESIAN_POINT('Ctrl Pts',(-1.13430192313148,9.84326729840777,0.563517647916483));
#2173=CARTESIAN_POINT('Ctrl Pts',(-1.22033846962645,9.83103830773204,0.390304772670882));
#2174=CARTESIAN_POINT('Ctrl Pts',(-1.26278650020045,9.81880931705631,0.195389478051676));
#2175=CARTESIAN_POINT('Ctrl Pts',(-1.26244230195361,9.80658032638058,0.000314709554962017));
#2176=CARTESIAN_POINT('Origin',(0.,-1.10421172358872,0.));
#2177=CARTESIAN_POINT('',(-1.54552004221784,9.60421172358873,0.000123393781074621));
#2178=CARTESIAN_POINT('',(-1.540489103926,9.64578827641128,0.000384022810093005));
#2179=CARTESIAN_POINT('',(-1.543,-1.10421172358872,9.39470845130497E-14));
#2180=CARTESIAN_POINT('',(0.398513841857258,10.,-1.49064942821851));
#2181=CARTESIAN_POINT('Ctrl Pts',(-1.540489103926,9.64578827641128,0.000384022810093112));
#2182=CARTESIAN_POINT('Ctrl Pts',(-1.54090911016946,9.658017267087,0.238423064162733));
#2183=CARTESIAN_POINT('Ctrl Pts',(-1.37703668962805,9.69670665372619,0.990901817543494));
#2184=CARTESIAN_POINT('Ctrl Pts',(-0.204604398175151,9.76185643632884,1.81166149619676));
#2185=CARTESIAN_POINT('Ctrl Pts',(1.41239280070787,9.84123762421923,1.1556609905748));
#2186=CARTESIAN_POINT('Ctrl Pts',(1.73435907727377,9.92061881210961,-0.562185212244185));
#2187=CARTESIAN_POINT('Ctrl Pts',(0.894171385972556,9.97353960403654,-1.35813913544834));
#2188=CARTESIAN_POINT('Ctrl Pts',(0.398513841857258,10.,-1.49064942821851));
#2189=CARTESIAN_POINT('',(-0.398513841857237,10.,-1.49064942821851));
#2190=CARTESIAN_POINT('Origin',(0.,10.,0.));
#2191=CARTESIAN_POINT('Ctrl Pts',(-1.54552004221784,9.60421172358873,0.000123393781074679));
#2192=CARTESIAN_POINT('Ctrl Pts',(-1.54552603409427,9.60451572730469,0.00599108674611395));
#2193=CARTESIAN_POINT('Ctrl Pts',(-1.54283749626119,9.63128012698411,0.52257500099725));
#2194=CARTESIAN_POINT('Ctrl Pts',(-0.97151169013143,9.684504922627,1.54331124626649));
#2195=CARTESIAN_POINT('Ctrl Pts',(0.769730698023896,9.76388611051739,1.65350173732277));
#2196=CARTESIAN_POINT('Ctrl Pts',(1.80652684965661,9.84326729840776,0.24967655499354));
#2197=CARTESIAN_POINT('Ctrl Pts',(1.19506816040793,9.92197192823531,-1.36752115737389));
#2198=CARTESIAN_POINT('Ctrl Pts',(0.0817601781390441,9.97421616209938,-1.62108509440043));
#2199=CARTESIAN_POINT('Ctrl Pts',(-0.399367378208741,10.,-1.49332055733823));
#2200=CARTESIAN_POINT('Origin',(0.,-1.10421172358872,0.));
#2201=CARTESIAN_POINT('',(-1.541860212481,9.10421172358873,0.00128519856461951));
#2202=CARTESIAN_POINT('',(-1.54290148275078,9.14578827641128,-0.00141068452226957));
#2203=CARTESIAN_POINT('',(-1.543,-1.10421172358872,9.39470845130497E-14));
#2204=CARTESIAN_POINT('Ctrl Pts',(-1.54290148275078,9.14578827641128,-0.00141068452226957));
#2205=CARTESIAN_POINT('Ctrl Pts',(-1.53933294519463,9.1659215579729,0.388918798782813));
#2206=CARTESIAN_POINT('Ctrl Pts',(-1.19083642887703,9.21251523549799,1.29791529337915));
#2207=CARTESIAN_POINT('Ctrl Pts',(0.336793553101456,9.28556930898653,1.79233951349529));
#2208=CARTESIAN_POINT('Ctrl Pts',(1.68850520812801,9.36495049687691,0.689194231093907));
#2209=CARTESIAN_POINT('Ctrl Pts',(1.49476871062939,9.44433168476731,-1.04481699601025));
#2210=CARTESIAN_POINT('Ctrl Pts',(-0.066960360023251,9.52371287265767,-1.8224051317066));
#2211=CARTESIAN_POINT('Ctrl Pts',(-1.33640074711238,9.59086506987235,-1.06945754416151));
#2212=CARTESIAN_POINT('Ctrl Pts',(-1.54000032449746,9.63155687112354,-0.276632303526393));
#2213=CARTESIAN_POINT('Ctrl Pts',(-1.540489103926,9.64578827641128,0.000384022810093112));
#2214=CARTESIAN_POINT('Ctrl Pts',(-1.541860212481,9.10421172358873,0.00128519856461956));
#2215=CARTESIAN_POINT('Ctrl Pts',(-1.54311588895685,9.11242001819059,0.16069435942762));
#2216=CARTESIAN_POINT('Ctrl Pts',(-1.44703582519138,9.14708870875591,0.832500807103592));
#2217=CARTESIAN_POINT('Ctrl Pts',(-0.475567786922384,9.2082177952847,1.76062149358508));
#2218=CARTESIAN_POINT('Ctrl Pts',(1.22122574821889,9.28759898317506,1.3544659148433));
#2219=CARTESIAN_POINT('Ctrl Pts',(1.80029639088402,9.36698017106547,-0.291375196474443));
#2220=CARTESIAN_POINT('Ctrl Pts',(0.731648183850383,9.44636135895583,-1.67050949796638));
#2221=CARTESIAN_POINT('Ctrl Pts',(-0.99997852655408,9.52543854313029,-1.52133757872394));
#2222=CARTESIAN_POINT('Ctrl Pts',(-1.54500450289404,9.57805533134123,-0.504731220565726));
#2223=CARTESIAN_POINT('Ctrl Pts',(-1.54552004221784,9.60421172358873,0.000123393781074679));
#2224=CARTESIAN_POINT('Origin',(0.,-1.10421172358872,0.));
#2225=CARTESIAN_POINT('',(-1.54095289415301,8.60421172358874,-0.000858456233342533));
#2226=CARTESIAN_POINT('',(-1.54528857893039,8.64578827641127,0.000550849467442089));
#2227=CARTESIAN_POINT('',(-1.543,-1.10421172358872,9.39470845130497E-14));
#2228=CARTESIAN_POINT('Ctrl Pts',(-1.54528857893039,8.64578827641128,0.00055084946744209));
#2229=CARTESIAN_POINT('Ctrl Pts',(-1.54542888033028,8.64736545289533,0.0310053344664779));
#2230=CARTESIAN_POINT('Ctrl Pts',(-1.53081011325356,8.67540302534285,0.57225946783294));
#2231=CARTESIAN_POINT('Ctrl Pts',(-0.896348595546127,8.72990099375384,1.58824417592487));
#2232=CARTESIAN_POINT('Ctrl Pts',(0.848182214746116,8.80928218164422,1.61448006761133));
#2233=CARTESIAN_POINT('Ctrl Pts',(1.81641684230134,8.8886633695346,0.163067910890706));
#2234=CARTESIAN_POINT('Ctrl Pts',(1.12217933077938,8.968044557425,-1.4375935166691));
#2235=CARTESIAN_POINT('Ctrl Pts',(-0.59912816135271,9.04742574531537,-1.7224976142521));
#2236=CARTESIAN_POINT('Ctrl Pts',(-1.47459324088879,9.10667365164413,-0.75848237968874));
#2237=CARTESIAN_POINT('Ctrl Pts',(-1.54402293656326,9.13946116200944,-0.124076196735133));
#2238=CARTESIAN_POINT('Ctrl Pts',(-1.54290148275078,9.14578827641128,-0.00141068452226957));
#2239=CARTESIAN_POINT('Ctrl Pts',(-1.54095289415301,8.60421172358874,-0.00085845623334262));
#2240=CARTESIAN_POINT('Ctrl Pts',(-1.53936793125389,8.62032430907649,0.312519531764936));
#2241=CARTESIAN_POINT('Ctrl Pts',(-1.29416184861761,8.66289729052771,1.14281180741877));
#2242=CARTESIAN_POINT('Ctrl Pts',(0.0622994524900417,8.73193066794237,1.82265708693233));
#2243=CARTESIAN_POINT('Ctrl Pts',(1.56506911477036,8.81131185583277,0.936225957711194));
#2244=CARTESIAN_POINT('Ctrl Pts',(1.63541307865322,8.89069304372314,-0.807084009445057));
#2245=CARTESIAN_POINT('Ctrl Pts',(0.208949138527243,8.97007423161354,-1.811711728415));
#2246=CARTESIAN_POINT('Ctrl Pts',(-1.24147861595056,9.04124712490206,-1.22575366328062));
#2247=CARTESIAN_POINT('Ctrl Pts',(-1.53906806923734,9.08595962222713,-0.353179681555822));
#2248=CARTESIAN_POINT('Ctrl Pts',(-1.541860212481,9.10421172358873,0.00128519856461956));
#2249=CARTESIAN_POINT('Origin',(0.,-1.10421172358872,0.));
#2250=CARTESIAN_POINT('',(-1.54498724559779,8.10421172358873,-0.000817698429237106));
#2251=CARTESIAN_POINT('',(-1.54127300595502,8.14578827641128,0.00106188209775226));
#2252=CARTESIAN_POINT('',(-1.543,-1.10421172358872,9.39470845130497E-14));
#2253=CARTESIAN_POINT('Ctrl Pts',(-1.54127300595502,8.14578827641128,0.00106188209775215));
#2254=CARTESIAN_POINT('Ctrl Pts',(-1.54244156380165,8.15526974378123,0.185373399177971));
#2255=CARTESIAN_POINT('Ctrl Pts',(-1.42656420193003,8.19121160711464,0.882631526681788));
#2256=CARTESIAN_POINT('Ctrl Pts',(-0.39054717991619,8.25361386641154,1.78141319726842));
#2257=CARTESIAN_POINT('Ctrl Pts',(1.28480537322438,8.33299505430189,1.29430877302447));
#2258=CARTESIAN_POINT('Ctrl Pts',(1.78424292897576,8.41237624219231,-0.377408603971502));
#2259=CARTESIAN_POINT('Ctrl Pts',(0.650656439824985,8.49175743008267,-1.70370370695301));
#2260=CARTESIAN_POINT('Ctrl Pts',(-1.04408734130608,8.56956144148902,-1.47531768991864));
#2261=CARTESIAN_POINT('Ctrl Pts',(-1.54307503430684,8.62090505693187,-0.479931608915578));
#2262=CARTESIAN_POINT('Ctrl Pts',(-1.54528857893039,8.64578827641128,0.00055084946744209));
#2263=CARTESIAN_POINT('Ctrl Pts',(-1.54498724559779,8.10421172358873,-0.00081769842923702));
#2264=CARTESIAN_POINT('Ctrl Pts',(-1.5420065914379,8.12822859996238,0.463175733227072));
#2265=CARTESIAN_POINT('Ctrl Pts',(-1.07292866010242,8.17870587229949,1.44359468935654));
#2266=CARTESIAN_POINT('Ctrl Pts',(0.594675776832896,8.25564354060007,1.72404204032955));
#2267=CARTESIAN_POINT('Ctrl Pts',(1.77096731484346,8.33502472849044,0.435471021310713));
#2268=CARTESIAN_POINT('Ctrl Pts',(1.3263853038506,8.41440591638084,-1.25166380249238));
#2269=CARTESIAN_POINT('Ctrl Pts',(-0.33216764773809,8.49378710427122,-1.79321634792175));
#2270=CARTESIAN_POINT('Ctrl Pts',(-1.41176452760504,8.55705570667385,-0.916743041408309));
#2271=CARTESIAN_POINT('Ctrl Pts',(-1.5419707876316,8.59386391311303,-0.20211579196821));
#2272=CARTESIAN_POINT('Ctrl Pts',(-1.54095289415301,8.60421172358874,-0.00085845623334262));
#2273=CARTESIAN_POINT('Origin',(0.,-1.10421172358872,0.));
#2274=CARTESIAN_POINT('',(-1.54341111330136,7.60421172358873,0.0013773120038213));
#2275=CARTESIAN_POINT('',(-1.54144683238239,7.64578827641128,-0.0011438153467614));
#2276=CARTESIAN_POINT('',(-1.543,-1.10421172358872,9.39470845130497E-14));
#2277=CARTESIAN_POINT('Ctrl Pts',(-1.54144683238239,7.64578827641128,-0.00114381534676137));
#2278=CARTESIAN_POINT('Ctrl Pts',(-1.53912195654442,7.66317403466713,0.336724460482991));
#2279=CARTESIAN_POINT('Ctrl Pts',(-1.26343014009752,7.70702018888643,1.19226473932525));
#2280=CARTESIAN_POINT('Ctrl Pts',(0.149677065640869,7.77732673906921,1.81756893849767));
#2281=CARTESIAN_POINT('Ctrl Pts',(1.60818588866658,7.8567079269596,0.86005710100791));
#2282=CARTESIAN_POINT('Ctrl Pts',(1.5948064688752,7.93608911484998,-0.88461991656399));
#2283=CARTESIAN_POINT('Ctrl Pts',(0.121784287148065,8.01547030274036,-1.81965069693235));
#2284=CARTESIAN_POINT('Ctrl Pts',(-1.27344622607685,8.08537002326081,-1.17649120925384));
#2285=CARTESIAN_POINT('Ctrl Pts',(-1.53918041211261,8.12880934781777,-0.32899379023239));
#2286=CARTESIAN_POINT('Ctrl Pts',(-1.54127300595502,8.14578827641128,0.00106188209775215));
#2287=CARTESIAN_POINT('Ctrl Pts',(-1.54341111330136,7.60421172358873,0.0013773120038213));
#2288=CARTESIAN_POINT('Ctrl Pts',(-1.54438663964066,7.60967249488482,0.107156930171858));
#2289=CARTESIAN_POINT('Ctrl Pts',(-1.48623931209848,7.64159366214436,0.724430362013833));
#2290=CARTESIAN_POINT('Ctrl Pts',(-0.655057168511494,7.69997522536737,1.70201655267155));
#2291=CARTESIAN_POINT('Ctrl Pts',(1.07463749672901,7.77935641325775,1.47347022030209));
#2292=CARTESIAN_POINT('Ctrl Pts',(1.82077279352635,7.85873760114814,-0.103666165576443));
#2293=CARTESIAN_POINT('Ctrl Pts',(0.900450197024549,7.93811878903852,-1.58592234440006));
#2294=CARTESIAN_POINT('Ctrl Pts',(-0.844007263383593,8.01749997692891,-1.61666693492395));
#2295=CARTESIAN_POINT('Ctrl Pts',(-1.52191480841266,8.07286428844565,-0.606129296943637));
#2296=CARTESIAN_POINT('Ctrl Pts',(-1.54529050263741,8.10176820399892,-0.0480252129351876));
#2297=CARTESIAN_POINT('Ctrl Pts',(-1.54498724559779,8.10421172358873,-0.00081769842923702));
#2298=CARTESIAN_POINT('Origin',(0.,-1.10421172358872,0.));
#2299=CARTESIAN_POINT('',(-1.54046860696515,7.10421172358873,-4.30833384386009E-5));
#2300=CARTESIAN_POINT('',(-1.54539268657575,7.14578827641128,-0.000414591861356077));
#2301=CARTESIAN_POINT('',(-1.543,-1.10421172358872,9.39470845130497E-14));
#2302=CARTESIAN_POINT('Ctrl Pts',(-1.54539268657575,7.14578827641128,-0.000414591861356184));
#2303=CARTESIAN_POINT('Ctrl Pts',(-1.54364359915924,7.17107832555303,0.487835819362051));
#2304=CARTESIAN_POINT('Ctrl Pts',(-1.03021725758667,7.22282877065823,1.49009871467242));
#2305=CARTESIAN_POINT('Ctrl Pts',(0.676708805325073,7.3010396117269,1.69352450904353));
#2306=CARTESIAN_POINT('Ctrl Pts',(1.78982120883499,7.38042079961729,0.350000157610524));
#2307=CARTESIAN_POINT('Ctrl Pts',(1.26480408203222,7.45980198750768,-1.31386099112464));
#2308=CARTESIAN_POINT('Ctrl Pts',(-0.4178219202458,7.53918317539805,-1.77521404707412));
#2309=CARTESIAN_POINT('Ctrl Pts',(-1.43326929175312,7.6011786050326,-0.866611673805535));
#2310=CARTESIAN_POINT('Ctrl Pts',(-1.54266032020583,7.63671363870367,-0.17749690567109));
#2311=CARTESIAN_POINT('Ctrl Pts',(-1.54144683238239,7.64578827641128,-0.00114381534676137));
#2312=CARTESIAN_POINT('Ctrl Pts',(-1.54046904032409,7.10421172358873,-4.30759628355752E-5));
#2313=CARTESIAN_POINT('Ctrl Pts',(-1.54040425751972,7.11757678577071,0.260101716085716));
#2314=CARTESIAN_POINT('Ctrl Pts',(-1.35448562074152,7.15740224391616,1.03537290851179));
#2315=CARTESIAN_POINT('Ctrl Pts',(-0.126486398193123,7.22368809802505,1.81932994001147));
#2316=CARTESIAN_POINT('Ctrl Pts',(1.45988087627157,7.30306928591545,1.09302702008912));
#2317=CARTESIAN_POINT('Ctrl Pts',(1.71009571139647,7.38245047380583,-0.6336662350255));
#2318=CARTESIAN_POINT('Ctrl Pts',(0.395149584811908,7.4618316616962,-1.78039800190231));
#2319=CARTESIAN_POINT('Ctrl Pts',(-1.16611958431489,7.53575207829052,-1.33083562163353));
#2320=CARTESIAN_POINT('Ctrl Pts',(-1.53965968591725,7.58321209892136,-0.405402638766241));
#2321=CARTESIAN_POINT('Ctrl Pts',(-1.54341111330136,7.60421172358873,0.0013773120038213));
#2322=CARTESIAN_POINT('Origin',(0.,-1.10421172358872,0.));
#2323=CARTESIAN_POINT('',(-1.54356921711928,6.60421172358874,-0.00135481291490054));
#2324=CARTESIAN_POINT('',(-1.54266522813031,6.64578827641128,0.00140600512902873));
#2325=CARTESIAN_POINT('',(-1.543,-1.10421172358872,9.39470845130497E-14));
#2326=CARTESIAN_POINT('Ctrl Pts',(-1.54266522813031,6.64578827641128,0.00140600512902867));
#2327=CARTESIAN_POINT('Ctrl Pts',(-1.54383882504117,6.65252222047546,0.132009445068418));
#2328=CARTESIAN_POINT('Ctrl Pts',(-1.46889838463803,6.6857165605031,0.774479644436282));
#2329=CARTESIAN_POINT('Ctrl Pts',(-0.572641605233086,6.74537129649421,1.73148539176224));
#2330=CARTESIAN_POINT('Ctrl Pts',(1.14409556226356,6.82475248438459,1.4202131580643));
#2331=CARTESIAN_POINT('Ctrl Pts',(1.81370203491857,6.90413367227498,-0.190905731873491));
#2332=CARTESIAN_POINT('Ctrl Pts',(0.823322108970427,6.98351486016536,-1.62729861267385));
#2333=CARTESIAN_POINT('Ctrl Pts',(-0.920601384911123,7.06289604805575,-1.57431037601565));
#2334=CARTESIAN_POINT('Ctrl Pts',(-1.53478712837391,7.11698718680439,-0.556370991333175));
#2335=CARTESIAN_POINT('Ctrl Pts',(-1.54547362904001,7.14461792958956,-0.0230093410361911));
#2336=CARTESIAN_POINT('Ctrl Pts',(-1.54539268657575,7.14578827641128,-0.000414591861356184));
#2337=CARTESIAN_POINT('Ctrl Pts',(-1.54356921711928,6.60421172358874,-0.00135481291490049));
#2338=CARTESIAN_POINT('Ctrl Pts',(-1.53979031528021,6.62548107665661,0.410541433345475));
#2339=CARTESIAN_POINT('Ctrl Pts',(-1.15824020505679,6.67321082568794,1.3410419298213));
#2340=CARTESIAN_POINT('Ctrl Pts',(0.413232858715606,6.74740097068275,1.77628793950388));
#2341=CARTESIAN_POINT('Ctrl Pts',(1.71645063868207,6.82678215857313,0.616244630416449));
#2342=CARTESIAN_POINT('Ctrl Pts',(1.44869112511859,6.90616334646351,-1.10781508545053));
#2343=CARTESIAN_POINT('Ctrl Pts',(-0.144979435119134,6.98554453435391,-1.81794972508644));
#2344=CARTESIAN_POINT('Ctrl Pts',(-1.35997938358137,7.0515606600623,-1.02478720249046));
#2345=CARTESIAN_POINT('Ctrl Pts',(-1.54053251570751,7.09111638980725,-0.25493772867783));
#2346=CARTESIAN_POINT('Ctrl Pts',(-1.54046904032409,7.10421172358873,-4.30759628355752E-5));
#2347=CARTESIAN_POINT('Origin',(0.,-1.10421172358872,0.));
#2348=CARTESIAN_POINT('',(-1.54487439785191,6.10421172358873,0.00089284719855115));
#2349=CARTESIAN_POINT('',(-1.54058600014958,6.14578827641127,-0.000442448821163385));
#2350=CARTESIAN_POINT('',(-1.543,-1.10421172358872,9.39470845130497E-14));
#2351=CARTESIAN_POINT('Ctrl Pts',(-1.54058600014958,6.14578827641127,-0.000442448821163424));
#2352=CARTESIAN_POINT('Ctrl Pts',(-1.53985409059011,6.16042651136135,0.284430062518296));
#2353=CARTESIAN_POINT('Ctrl Pts',(-1.32753131743342,6.20152514227489,1.08525872473342));
#2354=CARTESIAN_POINT('Ctrl Pts',(-0.0390509957677337,6.2690841691519,1.82330334548576));
#2355=CARTESIAN_POINT('Ctrl Pts',(1.5106419583654,6.34846535704227,1.02172449493782));
#2356=CARTESIAN_POINT('Ctrl Pts',(1.6777235156058,6.42784654493267,-0.714985227199343));
#2357=CARTESIAN_POINT('Ctrl Pts',(0.309272684998658,6.50722773282304,-1.79730645028713));
#2358=CARTESIAN_POINT('Ctrl Pts',(-1.20214067867249,6.57987497664926,-1.2823779387701));
#2359=CARTESIAN_POINT('Ctrl Pts',(-1.53922728703806,6.626061824512,-0.381184413099858));
#2360=CARTESIAN_POINT('Ctrl Pts',(-1.54266522813031,6.64578827641128,0.00140600512902867));
#2361=CARTESIAN_POINT('Ctrl Pts',(-1.54487439785191,6.10421172358873,0.00089284719855095));
#2362=CARTESIAN_POINT('Ctrl Pts',(-1.54523569320793,6.10692497157904,0.0533214603397429));
#2363=CARTESIAN_POINT('Ctrl Pts',(-1.51902537057263,6.13609861553281,0.616683933855767));
#2364=CARTESIAN_POINT('Ctrl Pts',(-0.827524800465125,6.19173265545004,1.62516551285227));
#2365=CARTESIAN_POINT('Ctrl Pts',(0.916529851648124,6.27111384334044,1.57668426471093));
#2366=CARTESIAN_POINT('Ctrl Pts',(1.82173277488957,6.35049503123081,0.0851465586054756));
#2367=CARTESIAN_POINT('Ctrl Pts',(1.05959918420234,6.42987621912122,-1.4843213292232));
#2368=CARTESIAN_POINT('Ctrl Pts',(-0.672329995773049,6.50925740701158,-1.69526771229001));
#2369=CARTESIAN_POINT('Ctrl Pts',(-1.48973471693238,6.56736924183411,-0.713835670285164));
#2370=CARTESIAN_POINT('Ctrl Pts',(-1.54449150382363,6.59902068069315,-0.101883074213895));
#2371=CARTESIAN_POINT('Ctrl Pts',(-1.54356921711928,6.60421172358874,-0.00135481291490049));
#2372=CARTESIAN_POINT('Origin',(0.,-1.10421172358872,0.));
#2373=CARTESIAN_POINT('',(-1.54086828681864,5.60421172358873,0.000788077091136291));
#2374=CARTESIAN_POINT('',(-1.54428661185277,5.64578827641128,-0.00117255559832712));
#2375=CARTESIAN_POINT('',(-1.543,-1.10421172358872,9.39470845130497E-14));
#2376=CARTESIAN_POINT('Ctrl Pts',(-1.54428661185277,5.64578827641128,-0.00117255559832718));
#2377=CARTESIAN_POINT('Ctrl Pts',(-1.54060813814692,5.66833080224725,0.434854818315192));
#2378=CARTESIAN_POINT('Ctrl Pts',(-1.11985962129091,5.71733372404669,1.38890201154441));
#2379=CARTESIAN_POINT('Ctrl Pts',(0.497981560886423,5.79279704180957,1.75441569616414));
#2380=CARTESIAN_POINT('Ctrl Pts',(1.74404066540859,5.87217822969998,0.533181233101045));
#2381=CARTESIAN_POINT('Ctrl Pts',(1.39387077120264,5.95155941759034,-1.17604606334827));
#2382=CARTESIAN_POINT('Ctrl Pts',(-0.232035973412104,6.03094060548074,-1.80890004615311));
#2383=CARTESIAN_POINT('Ctrl Pts',(-1.38491012224949,6.09568355842104,-0.974759847644967));
#2384=CARTESIAN_POINT('Ctrl Pts',(-1.54117710643315,6.13396611539789,-0.23051176447487));
#2385=CARTESIAN_POINT('Ctrl Pts',(-1.54058600014958,6.14578827641127,-0.000442448821163424));
#2386=CARTESIAN_POINT('Ctrl Pts',(-1.54086828681864,5.60421172358873,0.000788077091136343));
#2387=CARTESIAN_POINT('Ctrl Pts',(-1.54182395103171,5.61482926246494,0.207319822962997));
#2388=CARTESIAN_POINT('Ctrl Pts',(-1.40701010467941,5.65190719730461,0.927361337439913));
#2389=CARTESIAN_POINT('Ctrl Pts',(-0.313916430368965,5.71544552810774,1.79650124249709));
#2390=CARTESIAN_POINT('Ctrl Pts',(1.33904408131603,5.79482671599812,1.23811194479406));
#2391=CARTESIAN_POINT('Ctrl Pts',(1.76644773783952,5.87420790388851,-0.453456314357658));
#2392=CARTESIAN_POINT('Ctrl Pts',(0.577114376813848,5.95358909177889,-1.72999977908205));
#2393=CARTESIAN_POINT('Ctrl Pts',(-1.08171616597212,6.03025703167897,-1.43365273662781));
#2394=CARTESIAN_POINT('Ctrl Pts',(-1.54171223416024,6.08046457561558,-0.457977863749012));
#2395=CARTESIAN_POINT('Ctrl Pts',(-1.54487439785191,6.10421172358873,0.00089284719855095));
#2396=CARTESIAN_POINT('Origin',(0.,-1.10421172358872,0.));
#2397=CARTESIAN_POINT('',(-1.54199929152016,5.10421172358873,-0.00131872555035439));
#2398=CARTESIAN_POINT('',(-1.54424988085111,5.14578827641128,0.00118547324772776));
#2399=CARTESIAN_POINT('',(-1.543,-1.10421172358872,9.39470845130497E-14));
#2400=CARTESIAN_POINT('Ctrl Pts',(-1.54424988085111,5.14578827641128,0.0011854732477276));
#2401=CARTESIAN_POINT('Ctrl Pts',(-1.54490522793167,5.14977469716969,0.078297335069393));
#2402=CARTESIAN_POINT('Ctrl Pts',(-1.50460193815455,5.18022151389155,0.666562071199209));
#2403=CARTESIAN_POINT('Ctrl Pts',(-0.748597849276735,5.23712872657689,1.6629976939215));
#2404=CARTESIAN_POINT('Ctrl Pts',(0.991122119401195,5.31650991446727,1.53089418784046));
#2405=CARTESIAN_POINT('Ctrl Pts',(1.82371996664715,5.39589110235766,-0.00235651915336484));
#2406=CARTESIAN_POINT('Ctrl Pts',(0.98716252751698,5.47527229024804,-1.53345042769445));
#2407=CARTESIAN_POINT('Ctrl Pts',(-0.752893026154678,5.55465347813843,-1.66105754298207));
#2408=CARTESIAN_POINT('Ctrl Pts',(-1.50541192666818,5.61149214019283,-0.663874169415403));
#2409=CARTESIAN_POINT('Ctrl Pts',(-1.54492592717847,5.64187040628379,-0.0769537096470513));
#2410=CARTESIAN_POINT('Ctrl Pts',(-1.54428661185277,5.64578827641128,-0.00117255559832718));
#2411=CARTESIAN_POINT('Ctrl Pts',(-1.54199929152016,5.10421172358873,-0.00131872555035436));
#2412=CARTESIAN_POINT('Ctrl Pts',(-1.53907236875569,5.12273355335084,0.358302294487355));
#2413=CARTESIAN_POINT('Ctrl Pts',(-1.23446965997142,5.16771577907639,1.23614895422085));
#2414=CARTESIAN_POINT('Ctrl Pts',(0.227360472982035,5.23915840076543,1.80949370125308));
#2415=CARTESIAN_POINT('Ctrl Pts',(1.64353522550851,5.3185395886558,0.790412678328138));
#2416=CARTESIAN_POINT('Ctrl Pts',(1.55546833996904,5.3979207765462,-0.952091635769977));
#2417=CARTESIAN_POINT('Ctrl Pts',(0.0437628202464561,5.47730196443658,-1.82319638413235));
#2418=CARTESIAN_POINT('Ctrl Pts',(-1.30044274162424,5.54606561345076,-1.13230328359028));
#2419=CARTESIAN_POINT('Ctrl Pts',(-1.53944230178318,5.58836886650148,-0.307386253323746));
#2420=CARTESIAN_POINT('Ctrl Pts',(-1.54086828681864,5.60421172358873,0.000788077091136343));
#2421=CARTESIAN_POINT('Origin',(0.,-1.10421172358872,0.));
#2422=CARTESIAN_POINT('',(-1.54552862276926,4.60421172358873,-1.23612198368425E-5));
#2423=CARTESIAN_POINT('',(-1.5405748455962,4.64578827641127,0.000421570119209047));
#2424=CARTESIAN_POINT('',(-1.543,-1.10421172358872,9.39470845130497E-14));
#2425=CARTESIAN_POINT('Ctrl Pts',(-1.5405748455962,4.64578827641127,0.00042157011920901));
#2426=CARTESIAN_POINT('Ctrl Pts',(-1.54114109187262,4.65767898805558,0.231829122496048));
#2427=CARTESIAN_POINT('Ctrl Pts',(-1.38360938622511,4.69603009566334,0.977455568661715));
#2428=CARTESIAN_POINT('Ctrl Pts',(-0.227360467184511,4.76084159923458,1.8094936551123));
#2429=CARTESIAN_POINT('Ctrl Pts',(1.3969053666468,4.84022278712496,1.17243996288226));
#2430=CARTESIAN_POINT('Ctrl Pts',(1.74265694393227,4.91960397501535,-0.537686568266883));
#2431=CARTESIAN_POINT('Ctrl Pts',(0.493445970222447,4.99898516290572,-1.75569676892146));
#2432=CARTESIAN_POINT('Ctrl Pts',(-1.12197643564636,5.07437993003771,-1.38633915425489));
#2433=CARTESIAN_POINT('Ctrl Pts',(-1.54055527485446,5.12331430120622,-0.433542864683136));
#2434=CARTESIAN_POINT('Ctrl Pts',(-1.54424988085111,5.14578827641128,0.0011854732477276));
#2435=CARTESIAN_POINT('Ctrl Pts',(-1.54552862276926,4.60421172358873,-1.23612198369321E-5));
#2436=CARTESIAN_POINT('Ctrl Pts',(-1.5454681362039,4.63063784423673,0.510050729097192));
#2437=CARTESIAN_POINT('Ctrl Pts',(-0.990370966040407,4.68352436084819,1.53095126670712));
#2438=CARTESIAN_POINT('Ctrl Pts',(0.748597868365424,4.76287127342312,1.66299773632677));
#2439=CARTESIAN_POINT('Ctrl Pts',(1.8031654938653,4.8422524613135,0.273046591780043));
#2440=CARTESIAN_POINT('Ctrl Pts',(1.20739026446426,4.92163364920389,-1.36680978516622));
#2441=CARTESIAN_POINT('Ctrl Pts',(-0.49344598280494,5.00101483709426,-1.75569681369047));
#2442=CARTESIAN_POINT('Ctrl Pts',(-1.45118146127098,5.06187419522256,-0.821882104365518));
#2443=CARTESIAN_POINT('Ctrl Pts',(-1.54325378799435,5.09627315738738,-0.155454429832155));
#2444=CARTESIAN_POINT('Ctrl Pts',(-1.54199929152016,5.10421172358873,-0.00131872555035436));
#2445=CARTESIAN_POINT('Origin',(0.,-1.10421172358872,0.));
#2446=CARTESIAN_POINT('',(-1.54203533248296,4.10421172358873,0.00132652576629144));
#2447=CARTESIAN_POINT('',(-1.54270476639982,4.14578827641127,-0.00140769293513307));
#2448=CARTESIAN_POINT('',(-1.543,-1.10421172358872,9.39470845130497E-14));
#2449=CARTESIAN_POINT('Ctrl Pts',(-1.54270476639982,4.14578827641127,-0.00140769293513317));
#2450=CARTESIAN_POINT('Ctrl Pts',(-1.53924320263713,4.16558327894148,0.382487177644455));
#2451=CARTESIAN_POINT('Ctrl Pts',(-1.20025005640497,4.21183867743514,1.28499813856336));
#2452=CARTESIAN_POINT('Ctrl Pts',(0.313916422364304,4.28455447189226,1.7965011966876));
#2453=CARTESIAN_POINT('Ctrl Pts',(1.67956564595636,4.36393565978265,0.710647107116609));
#2454=CARTESIAN_POINT('Ctrl Pts',(1.50799647635516,4.44331684767304,-1.02562502759558));
#2455=CARTESIAN_POINT('Ctrl Pts',(-0.0437628191305286,4.52269803556341,
-1.82319633764215));
#2456=CARTESIAN_POINT('Ctrl Pts',(-1.32902606070871,4.5901885118095,-1.08257662168066));
#2457=CARTESIAN_POINT('Ctrl Pts',(-1.53988102425554,4.63121859209212,-0.283122013146004));
#2458=CARTESIAN_POINT('Ctrl Pts',(-1.5405748455962,4.64578827641127,0.00042157011920901));
#2459=CARTESIAN_POINT('Ctrl Pts',(-1.54203533248296,4.10421172358873,0.00132652576629144));
#2460=CARTESIAN_POINT('Ctrl Pts',(-1.54328848911497,4.11208173915917,0.15412221006938));
#2461=CARTESIAN_POINT('Ctrl Pts',(-1.45222455102001,4.14641215069306,0.819183691352589));
#2462=CARTESIAN_POINT('Ctrl Pts',(-0.49798157358461,4.20720295819042,1.75441574090048));
#2463=CARTESIAN_POINT('Ctrl Pts',(1.20385399290225,4.2865841460808,1.36992547363807));
#2464=CARTESIAN_POINT('Ctrl Pts',(1.8038651055109,4.36596533397119,-0.268385768380768));
#2465=CARTESIAN_POINT('Ctrl Pts',(0.752893045352935,4.44534652186157,-1.66105758533785));
#2466=CARTESIAN_POINT('Ctrl Pts',(-0.987162552688904,4.52472770975196,-1.53345046679634));
#2467=CARTESIAN_POINT('Ctrl Pts',(-1.54522873622909,4.57768277699434,-0.512060070615584));
#2468=CARTESIAN_POINT('Ctrl Pts',(-1.54552870122179,4.60417744827327,-0.000673925342657526));
#2469=CARTESIAN_POINT('Ctrl Pts',(-1.54552862276926,4.60421172358873,-1.23612198369321E-5));
#2470=CARTESIAN_POINT('Origin',(0.,-1.10421172358872,0.));
#2471=CARTESIAN_POINT('',(-1.54084798591249,3.60421172358873,-0.000769718609201567));
#2472=CARTESIAN_POINT('',(-1.54537700229943,3.64578827641127,0.000437952147095089));
#2473=CARTESIAN_POINT('',(-1.543,-1.10421172358872,9.39470845130497E-14));
#2474=CARTESIAN_POINT('Ctrl Pts',(-1.54537700229943,3.64578827641127,0.000437952147094955));
#2475=CARTESIAN_POINT('Ctrl Pts',(-1.54546700481629,3.64702717386391,0.024356790147779));
#2476=CARTESIAN_POINT('Ctrl Pts',(-1.53412587591777,3.67472646728001,0.559047439929185));
#2477=CARTESIAN_POINT('Ctrl Pts',(-0.916529828277278,3.72888615665957,1.57668422450662));
#2478=CARTESIAN_POINT('Ctrl Pts',(0.827524779363829,3.80826734454995,1.62516547141171));
#2479=CARTESIAN_POINT('Ctrl Pts',(1.81418933516392,3.88764853244034,0.186217953236206));
#2480=CARTESIAN_POINT('Ctrl Pts',(1.14042149199039,3.96702972033072,-1.42316509602239));
#2481=CARTESIAN_POINT('Ctrl Pts',(-0.577114362097836,4.04641090822111,-1.72999973496831));
#2482=CARTESIAN_POINT('Ctrl Pts',(-1.46986789957208,4.10599709358129,-0.771783366691625));
#2483=CARTESIAN_POINT('Ctrl Pts',(-1.54387034767911,4.13912288297801,-0.130673165143078));
#2484=CARTESIAN_POINT('Ctrl Pts',(-1.54270476639982,4.14578827641127,-0.00140769293513317));
#2485=CARTESIAN_POINT('Ctrl Pts',(-1.54084798591249,3.60421172358873,-0.000769718609201636));
#2486=CARTESIAN_POINT('Ctrl Pts',(-1.5394623256135,3.61998603004506,0.306081286808581));
#2487=CARTESIAN_POINT('Ctrl Pts',(-1.3020263477778,3.66222073246485,1.12963098838011));
#2488=CARTESIAN_POINT('Ctrl Pts',(0.0390509967634829,3.73091583084811,1.82330339197869));
#2489=CARTESIAN_POINT('Ctrl Pts',(1.55300266012178,3.81029701873849,0.956108245547475));
#2490=CARTESIAN_POINT('Ctrl Pts',(1.64557239681064,3.88967820662888,-0.786162658998816));
#2491=CARTESIAN_POINT('Ctrl Pts',(0.232035979328882,3.96905939451926,-1.80890009227875));
#2492=CARTESIAN_POINT('Ctrl Pts',(-1.2326750365315,4.04057056683922,-1.23878855106305));
#2493=CARTESIAN_POINT('Ctrl Pts',(-1.53907515301792,4.08562134319571,-0.359604131636537));
#2494=CARTESIAN_POINT('Ctrl Pts',(-1.54203533248296,4.10421172358873,0.00132652576629144));
#2495=CARTESIAN_POINT('Origin',(0.,-1.10421172358872,0.));
#2496=CARTESIAN_POINT('',(-1.54484445885204,3.10421172358873,-0.000911272165005743));
#2497=CARTESIAN_POINT('',(-1.54141656789187,3.14578827641127,0.00113067364084419));
#2498=CARTESIAN_POINT('',(-1.543,-1.10421172358872,9.39470845130497E-14));
#2499=CARTESIAN_POINT('Ctrl Pts',(-1.54141656789187,3.14578827641127,0.00113067364084424));
#2500=CARTESIAN_POINT('Ctrl Pts',(-1.54262362914024,3.15493146474981,0.178824728519663));
#2501=CARTESIAN_POINT('Ctrl Pts',(-1.43215033561468,3.1905350490518,0.86931100056816));
#2502=CARTESIAN_POINT('Ctrl Pts',(-0.413232848178471,3.25259902931726,1.77628789420981));
#2503=CARTESIAN_POINT('Ctrl Pts',(1.26819526289775,3.33198021720764,1.31058797686141));
#2504=CARTESIAN_POINT('Ctrl Pts',(1.7889107284275,3.41136140509803,-0.354624414905391));
#2505=CARTESIAN_POINT('Ctrl Pts',(0.672329978629125,3.49074259298841,-1.6952676690619));
#2506=CARTESIAN_POINT('Ctrl Pts',(-1.03256904272515,3.56888488342616,-1.48761351887665));
#2507=CARTESIAN_POINT('Ctrl Pts',(-1.54354472930532,3.62056677790045,-0.486502218511784));
#2508=CARTESIAN_POINT('Ctrl Pts',(-1.54537700229943,3.64578827641127,0.000437952147094955));
#2509=CARTESIAN_POINT('Ctrl Pts',(-1.54484445885205,3.10421172358873,-0.000911272165005734));
#2510=CARTESIAN_POINT('Ctrl Pts',(-1.54164024707372,3.12789032093096,0.456658144478528));
#2511=CARTESIAN_POINT('Ctrl Pts',(-1.08393502525955,3.17802931423665,1.43112127861985));
#2512=CARTESIAN_POINT('Ctrl Pts',(0.572641619835005,3.2546287035058,1.73148543591388));
#2513=CARTESIAN_POINT('Ctrl Pts',(1.76526997425025,3.33400989139618,0.458019822234471));
#2514=CARTESIAN_POINT('Ctrl Pts',(1.34223925639144,3.41339107928657,-1.23464732541361));
#2515=CARTESIAN_POINT('Ctrl Pts',(-0.30927269288486,3.49277226717695,-1.79730649611716));
#2516=CARTESIAN_POINT('Ctrl Pts',(-1.40579057405451,3.55637914861101,-0.930059717686274));
#2517=CARTESIAN_POINT('Ctrl Pts',(-1.54178668264838,3.5935256340816,-0.208641761562425));
#2518=CARTESIAN_POINT('Ctrl Pts',(-1.54084798591249,3.60421172358873,-0.000769718609201636));
#2519=CARTESIAN_POINT('Origin',(0.,-1.10421172358872,0.));
#2520=CARTESIAN_POINT('',(-1.54360921161233,2.60421172358873,0.00134818168083514));
#2521=CARTESIAN_POINT('',(-1.54130130247153,2.64578827641127,-0.00107634023868517));
#2522=CARTESIAN_POINT('',(-1.543,-1.10421172358872,9.39470845130497E-14));
#2523=CARTESIAN_POINT('Ctrl Pts',(-1.54130130247153,2.64578827641127,-0.00107634023868514));
#2524=CARTESIAN_POINT('Ctrl Pts',(-1.5391691686869,2.6628357556357,0.330296611342239));
#2525=CARTESIAN_POINT('Ctrl Pts',(-1.27177150120205,2.70634363082359,1.17915103394479));
#2526=CARTESIAN_POINT('Ctrl Pts',(0.126486394967797,2.77631190197494,1.81932989361987));
#2527=CARTESIAN_POINT('Ctrl Pts',(1.59708726206288,2.85569308986533,0.880495512360099));
#2528=CARTESIAN_POINT('Ctrl Pts',(1.60595787723933,2.93507427775571,-0.864210255934778));
#2529=CARTESIAN_POINT('Ctrl Pts',(0.14497943142227,3.0144554656461,-1.81794967873002));
#2530=CARTESIAN_POINT('Ctrl Pts',(-1.26513085057623,3.08469346519796,-1.18960892754962));
#2531=CARTESIAN_POINT('Ctrl Pts',(-1.53913039271095,3.12847106878635,-0.335422039495839));
#2532=CARTESIAN_POINT('Ctrl Pts',(-1.54141656789187,3.14578827641127,0.00113067364084424));
#2533=CARTESIAN_POINT('Ctrl Pts',(-1.54360921161233,2.60421172358873,0.0013481816808353));
#2534=CARTESIAN_POINT('Ctrl Pts',(-1.54451747655999,2.60933421585339,0.100542289780593));
#2535=CARTESIAN_POINT('Ctrl Pts',(-1.49061326188934,2.64091710408151,0.71114359006868));
#2536=CARTESIAN_POINT('Ctrl Pts',(-0.676708822580684,2.6989603882731,1.69352455222718));
#2537=CARTESIAN_POINT('Ctrl Pts',(1.05575972166017,2.77834157616349,1.48705468953499));
#2538=CARTESIAN_POINT('Ctrl Pts',(1.82194673541229,2.85772276405387,-0.0804383793276667));
#2539=CARTESIAN_POINT('Ctrl Pts',(0.920601408385828,2.93710395194425,-1.57431041615942));
#2540=CARTESIAN_POINT('Ctrl Pts',(-0.823322129964531,3.01648513983464,-1.62729865416881));
#2541=CARTESIAN_POINT('Ctrl Pts',(-1.51828186003427,3.0721877303828,-0.619367068964851));
#2542=CARTESIAN_POINT('Ctrl Pts',(-1.54522089465938,3.10142992496749,-0.0546672423325569));
#2543=CARTESIAN_POINT('Ctrl Pts',(-1.54484445885205,3.10421172358873,-0.000911272165005734));
#2544=CARTESIAN_POINT('Origin',(0.,-1.10421172358872,0.));
#2545=CARTESIAN_POINT('',(-1.54047043003224,2.10421172358873,6.49587863642276E-5));
#2546=CARTESIAN_POINT('',(-1.54530792865014,2.14578827641127,-0.000528327884212432));
#2547=CARTESIAN_POINT('',(-1.543,-1.10421172358872,9.39470845130497E-14));
#2548=CARTESIAN_POINT('Ctrl Pts',(-1.54530792865014,2.14578827641127,-0.000528327884212407));
#2549=CARTESIAN_POINT('Ctrl Pts',(-1.54316777391119,2.1707400465216,0.481261730778331));
#2550=CARTESIAN_POINT('Ctrl Pts',(-1.04176491988725,2.22215221259538,1.47781366644436));
#2551=CARTESIAN_POINT('Ctrl Pts',(0.655057151808013,2.30002477463263,1.70201650927139));
#2552=CARTESIAN_POINT('Ctrl Pts',(1.78521229987642,2.37940596252302,0.372796344260896));
#2553=CARTESIAN_POINT('Ctrl Pts',(1.28145621039995,2.4587871504134,-1.29762477270986));
#2554=CARTESIAN_POINT('Ctrl Pts',(-0.395149574735873,2.53816833830379,-1.78039795650346));
#2555=CARTESIAN_POINT('Ctrl Pts',(-1.42770487976701,2.60050204696975,-0.87993219186268));
#2556=CARTESIAN_POINT('Ctrl Pts',(-1.542478579037,2.63637535967224,-0.184046852285389));
#2557=CARTESIAN_POINT('Ctrl Pts',(-1.54130130247153,2.64578827641127,-0.00107634023868514));
#2558=CARTESIAN_POINT('Ctrl Pts',(-1.54047043003224,2.10421172358873,6.49587863640888E-5));
#2559=CARTESIAN_POINT('Ctrl Pts',(-1.54056565488389,2.11723850673929,0.253624734415607));
#2560=CARTESIAN_POINT('Ctrl Pts',(-1.36136368081357,2.15672568585331,1.02209606388257));
#2561=CARTESIAN_POINT('Ctrl Pts',(-0.149677069457466,2.22267326093079,1.81756898484419));
#2562=CARTESIAN_POINT('Ctrl Pts',(1.44582336651491,2.30205444882117,1.11155523136305));
#2563=CARTESIAN_POINT('Ctrl Pts',(1.71803746486812,2.38143563671156,-0.611806757728804));
#2564=CARTESIAN_POINT('Ctrl Pts',(0.417821930899966,2.46081682460194,-1.77521409234078));
#2565=CARTESIAN_POINT('Ctrl Pts',(-1.15622374241188,2.53507552022766,-1.34363227879263));
#2566=CARTESIAN_POINT('Ctrl Pts',(-1.53982580521859,2.58287381988993,-0.411848015944023));
#2567=CARTESIAN_POINT('Ctrl Pts',(-1.54360921161233,2.60421172358873,0.0013481816808353));
#2568=CARTESIAN_POINT('Origin',(0.,-1.10421172358872,0.));
#2569=CARTESIAN_POINT('',(-1.54337079658583,1.60421172358873,-0.00138211111021427));
#2570=CARTESIAN_POINT('',(-1.54286143123901,1.64578827641127,0.00141079652967666));
#2571=CARTESIAN_POINT('',(-1.543,-1.10421172358872,9.39470845130497E-14));
#2572=CARTESIAN_POINT('Ctrl Pts',(-1.54286143123901,1.64578827641127,0.00141079652967674));
#2573=CARTESIAN_POINT('Ctrl Pts',(-1.54399227814551,1.65218394144403,0.125413157820168));
#2574=CARTESIAN_POINT('Ctrl Pts',(-1.47364276205691,1.68504000244025,0.761175762298705));
#2575=CARTESIAN_POINT('Ctrl Pts',(-0.594675761669488,1.74435645939994,1.72404199636559));
#2576=CARTESIAN_POINT('Ctrl Pts',(1.12589129844194,1.82373764729032,1.43468772056335));
#2577=CARTESIAN_POINT('Ctrl Pts',(1.81598907199447,1.90311883518071,-0.167761021529286));
#2578=CARTESIAN_POINT('Ctrl Pts',(0.844007241862079,1.98250002307109,-1.61666689369976));
#2579=CARTESIAN_POINT('Ctrl Pts',(-0.900450174063746,2.06188121096147,-1.58592230396037));
#2580=CARTESIAN_POINT('Ctrl Pts',(-1.53148912864918,2.11631062874154,-0.569581519687282));
#2581=CARTESIAN_POINT('Ctrl Pts',(-1.54543732599368,2.14427965055814,-0.0296581625640473));
#2582=CARTESIAN_POINT('Ctrl Pts',(-1.54530792865014,2.14578827641127,-0.000528327884212407));
#2583=CARTESIAN_POINT('Ctrl Pts',(-1.54337079658583,1.60421172358873,-0.00138211111021422));
#2584=CARTESIAN_POINT('Ctrl Pts',(-1.53962875052595,1.62514279762518,0.404097174392566));
#2585=CARTESIAN_POINT('Ctrl Pts',(-1.1681081872924,1.6725342676251,1.32823822072754));
#2586=CARTESIAN_POINT('Ctrl Pts',(0.390547189877658,1.74638613358847,1.7814132426866));
#2587=CARTESIAN_POINT('Ctrl Pts',(1.70845242128374,1.82576732147886,0.638083509311288));
#2588=CARTESIAN_POINT('Ctrl Pts',(1.4627007051131,1.90514850936924,-1.08925060644331));
#2589=CARTESIAN_POINT('Ctrl Pts',(-0.121784290253933,1.98452969725963,-1.81965074333106));
#2590=CARTESIAN_POINT('Ctrl Pts',(-1.35307743573223,2.05088410199946,-1.03806238372648));
#2591=CARTESIAN_POINT('Ctrl Pts',(-1.54037223128491,2.09077811077582,-0.261413551400099));
#2592=CARTESIAN_POINT('Ctrl Pts',(-1.54047043003224,2.10421172358873,6.49587863640888E-5));
#2593=CARTESIAN_POINT('Origin',(0.,-1.10421172358872,0.));
#2594=CARTESIAN_POINT('',(-1.54501465953646,1.10421172358873,0.000798041328279875));
#2595=CARTESIAN_POINT('',(-1.54053625878832,1.14578827641127,-0.000338542012041661));
#2596=CARTESIAN_POINT('',(-1.543,-1.10421172358872,9.39470845130497E-14));
#2597=CARTESIAN_POINT('Ctrl Pts',(-1.54053625878832,1.14578827641127,-0.000338542012041799));
#2598=CARTESIAN_POINT('Ctrl Pts',(-1.53999022754516,1.16008823232993,0.277973221316879));
#2599=CARTESIAN_POINT('Ctrl Pts',(-1.33485911705127,1.20084858421204,1.07201871573723));
#2600=CARTESIAN_POINT('Ctrl Pts',(-0.062299450918227,1.26806933205762,1.82265704038032));
#2601=CARTESIAN_POINT('Ctrl Pts',(1.49748960617129,1.34745051994801,1.04090585702076));
#2602=CARTESIAN_POINT('Ctrl Pts',(1.68670491884357,1.42683170783839,-0.693531975254656));
#2603=CARTESIAN_POINT('Ctrl Pts',(0.33216763927064,1.50621289572878,-1.79321630218323));
#2604=CARTESIAN_POINT('Ctrl Pts',(-1.19275727668685,1.57919841858641,-1.29529613086631));
#2605=CARTESIAN_POINT('Ctrl Pts',(-1.53931369401596,1.62572354548057,-0.387614269874145));
#2606=CARTESIAN_POINT('Ctrl Pts',(-1.54286143123901,1.64578827641127,0.00141079652967674));
#2607=CARTESIAN_POINT('Ctrl Pts',(-1.54501465953646,1.10421172358873,0.00079804132827971));
#2608=CARTESIAN_POINT('Ctrl Pts',(-1.54530361933226,1.10658669254762,0.0466790650767218));
#2609=CARTESIAN_POINT('Ctrl Pts',(-1.52264016807798,1.13542205746997,0.603447850687367));
#2610=CARTESIAN_POINT('Ctrl Pts',(-0.848182236529589,1.19071781835578,1.61448010920031));
#2611=CARTESIAN_POINT('Ctrl Pts',(0.896348618491445,1.27009900624616,1.58824421618981));
#2612=CARTESIAN_POINT('Ctrl Pts',(1.82049885182087,1.34948019413655,0.108371160458935));
#2613=CARTESIAN_POINT('Ctrl Pts',(1.07844176766014,1.42886138202693,-1.47068808116857));
#2614=CARTESIAN_POINT('Ctrl Pts',(-0.650656456432425,1.50824256991732,-1.70370375035657));
#2615=CARTESIAN_POINT('Ctrl Pts',(-1.48534113177007,1.56669268377125,-0.727123482328976));
#2616=CARTESIAN_POINT('Ctrl Pts',(-1.54435932575996,1.59868240166172,-0.108496800990583));
#2617=CARTESIAN_POINT('Ctrl Pts',(-1.54337079658583,1.60421172358873,-0.00138211111021422));
#2618=CARTESIAN_POINT('Origin',(0.,-1.10421172358872,0.));
#2619=CARTESIAN_POINT('',(-1.54097267844243,0.604211723588727,0.000870849538923413));
#2620=CARTESIAN_POINT('',(-1.5441029437639,0.645788276411272,-0.00123536235703636));
#2621=CARTESIAN_POINT('',(-1.543,-1.10421172358872,9.39470845130497E-14));
#2622=CARTESIAN_POINT('Ctrl Pts',(-1.5441029437639,0.645788276411272,-0.00123536235703632));
#2623=CARTESIAN_POINT('Ctrl Pts',(-1.54035746714525,0.667992523215824,0.428381633759488));
#2624=CARTESIAN_POINT('Ctrl Pts',(-1.1302494230642,0.716657165983838,1.37624256360479));
#2625=CARTESIAN_POINT('Ctrl Pts',(0.475567774092028,0.79178220471531,1.76062144627266));
#2626=CARTESIAN_POINT('Ctrl Pts',(1.73709954814742,0.871163392605698,0.555379806459997));
#2627=CARTESIAN_POINT('Ctrl Pts',(1.40875488063856,0.950544580496081,-1.15817570982784));
#2628=CARTESIAN_POINT('Ctrl Pts',(-0.208949133090416,1.02992576838647,-1.81171168178236));
#2629=CARTESIAN_POINT('Ctrl Pts',(-1.37844571908839,1.0950070003582,-0.988060516440693));
#2630=CARTESIAN_POINT('Ctrl Pts',(-1.54100059449905,1.13362783636647,-0.237010146524515));
#2631=CARTESIAN_POINT('Ctrl Pts',(-1.54053625878832,1.14578827641127,-0.000338542012041799));
#2632=CARTESIAN_POINT('Ctrl Pts',(-1.54097267844243,0.604211723588727,0.000870849538923343));
#2633=CARTESIAN_POINT('Ctrl Pts',(-1.54200776736845,0.614490983433512,0.20079192590222));
#2634=CARTESIAN_POINT('Ctrl Pts',(-1.41297106357353,0.651230639241759,0.914060412579194));
#2635=CARTESIAN_POINT('Ctrl Pts',(-0.336793565095974,0.714430691013465,
1.79233957224555));
#2636=CARTESIAN_POINT('Ctrl Pts',(1.32314242933452,0.793811878903853,1.25509390558845));
#2637=CARTESIAN_POINT('Ctrl Pts',(1.77208877509144,0.873193066794238,-0.430896293532445));
#2638=CARTESIAN_POINT('Ctrl Pts',(0.599128177411042,0.952574254684622,-1.72249766056856));
#2639=CARTESIAN_POINT('Ctrl Pts',(-1.07068035765636,1.02958047361612,-1.44611746592186));
#2640=CARTESIAN_POINT('Ctrl Pts',(-1.54208421278559,1.08012629658415,-0.464498165703068));
#2641=CARTESIAN_POINT('Ctrl Pts',(-1.54501465953646,1.10421172358873,0.00079804132827971));
#2642=CARTESIAN_POINT('Origin',(0.,-1.10421172358872,0.));
#2643=CARTESIAN_POINT('',(-1.54146204014623,0.104211723588727,-0.00191974615636588));
#2644=CARTESIAN_POINT('',(-1.54443150335841,0.145788276411272,0.00107266679693512));
#2645=CARTESIAN_POINT('',(-1.543,-1.10421172358872,9.39470845130497E-14));
#2646=CARTESIAN_POINT('',(-0.398513841857237,0.,-1.49064942821851));
#2647=CARTESIAN_POINT('Ctrl Pts',(-0.398513841857237,0.,-1.49064942821851));
#2648=CARTESIAN_POINT('Ctrl Pts',(-0.894171385972539,0.0264603959634617,
-1.35813913544835));
#2649=CARTESIAN_POINT('Ctrl Pts',(-1.44567103115367,0.061197637159704,-0.835673966695895));
#2650=CARTESIAN_POINT('Ctrl Pts',(-1.54268405496409,0.0959348783559464,
-0.162719430611587));
#2651=CARTESIAN_POINT('Ctrl Pts',(-1.54146204014623,0.104211723588727,-0.00191974615636593));
#2652=CARTESIAN_POINT('',(0.399366772694331,-1.90640037470251E-16,-1.49331909618084));
#2653=CARTESIAN_POINT('Origin',(0.,0.,0.));
#2654=CARTESIAN_POINT('Ctrl Pts',(0.399367263414478,-2.16840434497101E-18,
-1.4933206321317));
#2655=CARTESIAN_POINT('Ctrl Pts',(-0.0817603344088408,0.0257838379006147,
-1.62108520527036));
#2656=CARTESIAN_POINT('Ctrl Pts',(-1.11732723347453,0.0743799300377055,
-1.38522692815785));
#2657=CARTESIAN_POINT('Ctrl Pts',(-1.54082070290308,0.122976022174796,-0.439946916094393));
#2658=CARTESIAN_POINT('Ctrl Pts',(-1.54443150335841,0.145788276411273,0.00107266679693529));
#2659=CARTESIAN_POINT('Origin',(0.,-1.10421172358872,0.));
#2660=CARTESIAN_POINT('Ctrl Pts',(-1.54443150335841,0.145788276411273,0.00107266679693528));
#2661=CARTESIAN_POINT('Ctrl Pts',(-1.54500894352159,0.149436418138258,0.0716006350584429));
#2662=CARTESIAN_POINT('Ctrl Pts',(-1.50857645822424,0.179544955828705,0.653102227219555));
#2663=CARTESIAN_POINT('Ctrl Pts',(-0.769730624271594,0.236113889482615,
1.65350179343645));
#2664=CARTESIAN_POINT('Ctrl Pts',(0.971511636218889,0.315495077373,1.54331114639151));
#2665=CARTESIAN_POINT('Ctrl Pts',(1.82360551172257,0.394876265263385,0.0209521131058688));
#2666=CARTESIAN_POINT('Ctrl Pts',(1.00663554479699,0.47425745315377,-1.5207640862408));
#2667=CARTESIAN_POINT('Ctrl Pts',(-0.731648160656904,0.553638641044156,
-1.67050944267149));
#2668=CARTESIAN_POINT('Ctrl Pts',(-1.50137756430609,0.610815582129989,-0.677142126766722));
#2669=CARTESIAN_POINT('Ctrl Pts',(-1.54482088332297,0.641532127252362,-0.0835851053035188));
#2670=CARTESIAN_POINT('Ctrl Pts',(-1.5441029437639,0.645788276411272,-0.00123536235703632));
#2671=CARTESIAN_POINT('Ctrl Pts',(-1.54146204014623,0.104211723588727,-0.00191974615636593));
#2672=CARTESIAN_POINT('Ctrl Pts',(-1.53877737372934,0.122395274319408,0.351343983868309));
#2673=CARTESIAN_POINT('Ctrl Pts',(-1.24379331411434,0.167039221013551,1.2240598727296));
#2674=CARTESIAN_POINT('Ctrl Pts',(0.204604422833488,0.238143563671155,1.8116618451551));
#2675=CARTESIAN_POINT('Ctrl Pts',(1.63314440719873,0.317524751561541,0.81161381572717));
#2676=CARTESIAN_POINT('Ctrl Pts',(1.56757675131581,0.396905939451926,-0.932339247025419));
#2677=CARTESIAN_POINT('Ctrl Pts',(0.0669603717577612,0.476287127342312,
-1.82240524459537));
#2678=CARTESIAN_POINT('Ctrl Pts',(-1.29253671698371,0.545389055387911,-1.14550874701684));
#2679=CARTESIAN_POINT('Ctrl Pts',(-1.5393432892588,0.58803058747005,-0.313835675879648));
#2680=CARTESIAN_POINT('Ctrl Pts',(-1.54097267844243,0.604211723588727,0.000870849538923343));
#2681=CARTESIAN_POINT('Ctrl Pts',(0.95811615272238,-8.32667268468867E-16,
0.825211298936499));
#2682=CARTESIAN_POINT('Ctrl Pts',(1.23250810435375,0.0264603959634609,0.506627002558289));
#2683=CARTESIAN_POINT('Ctrl Pts',(1.43381463967408,0.0793811878903844,-0.420220116743812));
#2684=CARTESIAN_POINT('Ctrl Pts',(0.422615910464526,0.15876237578077,-1.43459792283688));
#2685=CARTESIAN_POINT('Ctrl Pts',(-0.975059591089976,0.238143563671155,
-1.13208610249959));
#2686=CARTESIAN_POINT('Ctrl Pts',(-1.480462261991,0.31752475156154,0.204611665015718));
#2687=CARTESIAN_POINT('Ctrl Pts',(-0.63079998340339,0.396905939451925,1.35505704329254));
#2688=CARTESIAN_POINT('Ctrl Pts',(0.796161026570828,0.476287127342311,1.26475498678682));
#2689=CARTESIAN_POINT('Ctrl Pts',(1.49445830821335,0.555668315232695,0.0171704128466439));
#2690=CARTESIAN_POINT('Ctrl Pts',(0.82494533142955,0.635049503123082,-1.24627750294977));
#2691=CARTESIAN_POINT('Ctrl Pts',(-0.599591120642034,0.714430691013466,
-1.3689949385989));
#2692=CARTESIAN_POINT('Ctrl Pts',(-1.47535627434091,0.793811878903852,-0.238784145080517));
#2693=CARTESIAN_POINT('Ctrl Pts',(-1.000803575884,0.873193066794236,1.10999488723336));
#2694=CARTESIAN_POINT('Ctrl Pts',(0.389731335281512,0.952574254684622,1.44284239715604));
#2695=CARTESIAN_POINT('Ctrl Pts',(1.42356602633338,1.03195544257501,0.455137890647223));
#2696=CARTESIAN_POINT('Ctrl Pts',(1.1544851241526,1.11133663046539,-0.949133626103244));
#2697=CARTESIAN_POINT('Ctrl Pts',(-0.171235371868329,1.19071781835578,-1.48471122593247));
#2698=CARTESIAN_POINT('Ctrl Pts',(-1.34023317258506,1.27009900624617,-0.661411344282494));
#2699=CARTESIAN_POINT('Ctrl Pts',(-1.28258577130508,1.34948019413655,0.76724413059631));
#2700=CARTESIAN_POINT('Ctrl Pts',(-0.0510548643461423,1.42886138202693,
1.49368102887941));
#2701=CARTESIAN_POINT('Ctrl Pts',(1.22720389306779,1.50824256991732,0.853030107714028));
#2702=CARTESIAN_POINT('Ctrl Pts',(1.38226725202702,1.5876237578077,-0.568354622624441));
#2703=CARTESIAN_POINT('Ctrl Pts',(0.272213856032225,1.66700494569809,-1.46955412450466));
#2704=CARTESIAN_POINT('Ctrl Pts',(-1.08698261435713,1.74638613358847,-1.0257477886598));
#2705=CARTESIAN_POINT('Ctrl Pts',(-1.45132087654948,1.82576732147886,0.356871738438768));
#2706=CARTESIAN_POINT('Ctrl Pts',(-0.487341218814691,1.90514850936924,1.41286526533006));
#2707=CARTESIAN_POINT('Ctrl Pts',(0.922676310356343,1.98452969725963,1.17573727974877));
#2708=CARTESIAN_POINT('Ctrl Pts',(1.48821657909074,2.06391088515001,-0.137481407468427));
#2709=CARTESIAN_POINT('Ctrl Pts',(0.691670225103435,2.1432920730404,-1.32487056842731));
#2710=CARTESIAN_POINT('Ctrl Pts',(-0.737925628712644,2.22267326093079,-1.29967514799604));
#2711=CARTESIAN_POINT('Ctrl Pts',(-1.49213683649082,2.30205444882117,-0.0849551931488645));
#2712=CARTESIAN_POINT('Ctrl Pts',(-0.880673415400789,2.38143563671156,1.20751979654023));
#2713=CARTESIAN_POINT('Ctrl Pts',(0.536824218056535,2.46081682460194,1.39481521450011));
#2714=CARTESIAN_POINT('Ctrl Pts',(1.4629947849603,2.54019801249233,0.305509382578032));
#2715=CARTESIAN_POINT('Ctrl Pts',(1.05016291513333,2.61957920038271,-1.06341317245082));
#2716=CARTESIAN_POINT('Ctrl Pts',(-0.323828021551205,2.6989603882731,-1.45904939468478));
#2717=CARTESIAN_POINT('Ctrl Pts',(-1.4014361451204,2.77834157616348,-0.519294189084842));
#2718=CARTESIAN_POINT('Ctrl Pts',(-1.19638322810968,2.85772276405387,0.895743766467456));
#2719=CARTESIAN_POINT('Ctrl Pts',(0.103656543380931,2.93710395194425,1.49095440731194));
#2720=CARTESIAN_POINT('Ctrl Pts',(1.30882491437363,3.01648513983464,0.721572634724138));
#2721=CARTESIAN_POINT('Ctrl Pts',(1.31609444962355,3.09586632772502,-0.708226745709349));
#2722=CARTESIAN_POINT('Ctrl Pts',(0.118811724584226,3.17524751561541,-1.48982331092295));
#2723=CARTESIAN_POINT('Ctrl Pts',(-1.18721314387627,3.25462870350579,-0.907862695937783));
#2724=CARTESIAN_POINT('Ctrl Pts',(-1.40664405526152,3.33400989139618,0.50501705462832));
#2725=CARTESIAN_POINT('Ctrl Pts',(-0.338647398912298,3.41339107928656,1.45568116800279));
#2726=CARTESIAN_POINT('Ctrl Pts',(1.03929546982126,3.49277226717696,1.07403661486796));
#2727=CARTESIAN_POINT('Ctrl Pts',(1.46602567472234,3.57215345506733,-0.290617351035559));
#2728=CARTESIAN_POINT('Ctrl Pts',(0.55097942837105,3.65153464295772,-1.38928448964924));
#2729=CARTESIAN_POINT('Ctrl Pts',(-0.868349406518669,3.73091583084811,-1.21641236094784));
#2730=CARTESIAN_POINT('Ctrl Pts',(-1.49292354835268,3.81029701873849,0.0697782375963441));
#2731=CARTESIAN_POINT('Ctrl Pts',(-0.751103025182514,3.88967820662888,1.29210447303216));
#2732=CARTESIAN_POINT('Ctrl Pts',(0.678162724242102,3.96905939451926,1.33183521620228));
#2733=CARTESIAN_POINT('Ctrl Pts',(1.48674168134464,4.04844058240965,0.152607000562009));
#2734=CARTESIAN_POINT('Ctrl Pts',(0.934583912263023,4.12782177030004,-1.16629440305918));
#2735=CARTESIAN_POINT('Ctrl Pts',(-0.472949520980374,4.20720295819041,-1.4177476765181));
#2736=CARTESIAN_POINT('Ctrl Pts',(-1.44761704960532,4.28658414608081,-0.371610819756377));
#2737=CARTESIAN_POINT('Ctrl Pts',(-1.09735657657044,4.36596533397118,1.01464194055125));
#2738=CARTESIAN_POINT('Ctrl Pts',(0.257256847750915,4.44534652186158,1.47224612003336));
#2739=CARTESIAN_POINT('Ctrl Pts',(1.37641656468686,4.52472770975195,0.582380600744622));
#2740=CARTESIAN_POINT('Ctrl Pts',(1.23581435149132,4.60410889764235,-0.840507354111866));
#2741=CARTESIAN_POINT('Ctrl Pts',(-0.035863956442354,4.68349008553273,-1.49412298700486));
#2742=CARTESIAN_POINT('Ctrl Pts',(-1.27471786502694,4.76287127342311,-0.78024617156971));
#2743=CARTESIAN_POINT('Ctrl Pts',(-1.34688933224993,4.8422524613135,0.647749064329218));
#2744=CARTESIAN_POINT('Ctrl Pts',(-0.186323597378363,4.92163364920389,1.48289353654536));
#2745=CARTESIAN_POINT('Ctrl Pts',(1.14477435912176,5.00101483709427,0.960823287793015));
#2746=CARTESIAN_POINT('Ctrl Pts',(1.42812035359842,5.08039602498465,-0.440638150080023));
#2747=CARTESIAN_POINT('Ctrl Pts',(0.404382650256828,5.15977721287504,-1.43880658736305));
#2748=CARTESIAN_POINT('Ctrl Pts',(-0.989465295193867,5.23915840076542,-1.12011077723364));
#2749=CARTESIAN_POINT('Ctrl Pts',(-1.4777075235591,5.31853958865581,0.223763711277883));
#2750=CARTESIAN_POINT('Ctrl Pts',(-0.613481516792245,5.39792077654619,1.36283900451312));
#2751=CARTESIAN_POINT('Ctrl Pts',(0.812231963695925,5.47730196443659,1.25457919671047));
#2752=CARTESIAN_POINT('Ctrl Pts',(1.49455210487707,5.55668315232696,-0.00193118500935189));
#2753=CARTESIAN_POINT('Ctrl Pts',(0.808987048635918,5.63606434021735,-1.25667405432251));
#2754=CARTESIAN_POINT('Ctrl Pts',(-0.617001446255729,5.71544552810773,-1.36124903635829));
#2755=CARTESIAN_POINT('Ctrl Pts',(-1.47828086050226,5.79482671599813,-0.219944131862428));
#2756=CARTESIAN_POINT('Ctrl Pts',(-0.986567294366846,5.87420790388851,1.12266410709246));
#2757=CARTESIAN_POINT('Ctrl Pts',(0.408099600609775,5.95358909177889,1.43775673869058));
#2758=CARTESIAN_POINT('Ctrl Pts',(1.42925432366116,6.03297027966929,0.436945994333293));
#2759=CARTESIAN_POINT('Ctrl Pts',(1.14228748553839,6.11235146755965,-0.963778514001224));
#2760=CARTESIAN_POINT('Ctrl Pts',(-0.190155209578487,6.19173265545006,-1.48240706957913));
#2761=CARTESIAN_POINT('Ctrl Pts',(-1.34855880927249,6.27111384334042,-0.644266141902221));
#2762=CARTESIAN_POINT('Ctrl Pts',(-1.27269722206691,6.35049503123083,0.783537813134253));
#2763=CARTESIAN_POINT('Ctrl Pts',(-0.0320025820792604,6.4298762191212,1.49421068073023));
#2764=CARTESIAN_POINT('Ctrl Pts',(1.23798234371552,6.50925740701159,0.837310838528108));
#2765=CARTESIAN_POINT('Ctrl Pts',(1.37490692513515,6.58863859490197,-0.585935722484491));
#2766=CARTESIAN_POINT('Ctrl Pts',(0.253451270369929,6.66801978279236,-1.47290603135974));
#2767=CARTESIAN_POINT('Ctrl Pts',(-1.09997504629164,6.74740097068275,-1.01180265921955));
#2768=CARTESIAN_POINT('Ctrl Pts',(-1.44665186359065,6.82678215857312,0.375350648377926));
#2769=CARTESIAN_POINT('Ctrl Pts',(-0.469284063394191,6.90616334646352,1.41896518333334));
#2770=CARTESIAN_POINT('Ctrl Pts',(0.93759484023478,6.9855445343539,1.16387526790169));
#2771=CARTESIAN_POINT('Ctrl Pts',(1.48634233516172,7.06492572224429,-0.156448670093344));
#2772=CARTESIAN_POINT('Ctrl Pts',(0.674718604532148,7.14430691013466,-1.33358334136493));
#2773=CARTESIAN_POINT('Ctrl Pts',(-0.754439696189316,7.22368809802506,-1.29015908650149));
#2774=CARTESIAN_POINT('Ctrl Pts',(-1.49309889059123,7.30306928591544,-0.0659198496864739));
#2775=CARTESIAN_POINT('Ctrl Pts',(-0.865202938430048,7.38245047380583,1.21865237003799));
#2776=CARTESIAN_POINT('Ctrl Pts',(0.554567909483835,7.46183166169622,1.38785595702238));
#2777=CARTESIAN_POINT('Ctrl Pts',(1.4667718202021,7.54121284958659,0.286827737717762));
#2778=CARTESIAN_POINT('Ctrl Pts',(1.03651637182744,7.62059403747699,-1.07671887445049));
#2779=CARTESIAN_POINT('Ctrl Pts',(-0.342408177673892,7.69997522536736,-1.4548011422717));
#2780=CARTESIAN_POINT('Ctrl Pts',(-1.40794447111443,7.77935641325776,-0.501380184977989));
#2781=CARTESIAN_POINT('Ctrl Pts',(-1.18486299438709,7.85873760114813,0.910927773310188));
#2782=CARTESIAN_POINT('Ctrl Pts',(0.1226614708379,7.93811878903852,1.48951129146487));
#2783=CARTESIAN_POINT('Ctrl Pts',(1.31792032159358,8.01749997692892,0.704823204293263));
#2784=CARTESIAN_POINT('Ctrl Pts',(1.30695578735755,8.09688116481928,-0.724952614708469));
#2785=CARTESIAN_POINT('Ctrl Pts',(0.0998031309777896,8.17626235270969,-1.49121730801747));
#2786=CARTESIAN_POINT('Ctrl Pts',(-1.19869409880188,8.25564354060006,-0.892648967416373));
#2787=CARTESIAN_POINT('Ctrl Pts',(-1.40008945666118,8.33502472849046,0.522914178188762));
#2788=CARTESIAN_POINT('Ctrl Pts',(-0.320056324694765,8.41440591638083,1.45988139205828));
#2789=CARTESIAN_POINT('Ctrl Pts',(1.05290757902931,8.49378710427123,1.06069568599445));
#2790=CARTESIAN_POINT('Ctrl Pts',(1.46220037828247,8.5731682921616,-0.309289163786108));
#2791=CARTESIAN_POINT('Ctrl Pts',(0.533217801787877,8.65254948005199,-1.3961978855749));
#2792=CARTESIAN_POINT('Ctrl Pts',(-0.883791043679051,8.73193066794238,-1.2052398127843));
#2793=CARTESIAN_POINT('Ctrl Pts',(-1.49191233926881,8.81131185583276,0.0888109713167433));
#2794=CARTESIAN_POINT('Ctrl Pts',(-0.734564354548334,8.89069304372314,1.30157793937589));
#2795=CARTESIAN_POINT('Ctrl Pts',(0.695091646498034,8.97007423161353,1.3230784481494));
#2796=CARTESIAN_POINT('Ctrl Pts',(1.48856714004539,9.0494554195039,0.133635368322293));
#2797=CARTESIAN_POINT('Ctrl Pts',(0.91963432519153,9.12883660739432,-1.17811860131438));
#2798=CARTESIAN_POINT('Ctrl Pts',(-0.490989993538889,9.20821779528467,-1.41159963267776));
#2799=CARTESIAN_POINT('Ctrl Pts',(-1.45223992262647,9.28759898317508,-0.353122718493553));
#2800=CARTESIAN_POINT('Ctrl Pts',(-1.08432505283919,9.36698017106545,1.02855878974621));
#2801=CARTESIAN_POINT('Ctrl Pts',(0.276004826893579,9.44636135895584,1.46883558964018));
#2802=CARTESIAN_POINT('Ctrl Pts',(1.3837426025132,9.52574254684623,0.564799808955443));
#2803=CARTESIAN_POINT('Ctrl Pts',(1.22497409889233,9.60512373473661,-0.856235315265693));
#2804=CARTESIAN_POINT('Ctrl Pts',(-0.0548745140955287,9.68450492262699,
-1.49347458784381));
#2805=CARTESIAN_POINT('Ctrl Pts',(-1.2846408068516,9.76388611051739,-0.76405903372063));
#2806=CARTESIAN_POINT('Ctrl Pts',(-1.33837397567834,9.84326729840776,0.66512370568712));
#2807=CARTESIAN_POINT('Ctrl Pts',(-0.167674829223901,9.92264848629817,1.48467009847104));
#2808=CARTESIAN_POINT('Ctrl Pts',(1.15746642676286,10.0020296741885,0.947072794933135));
#2809=CARTESIAN_POINT('Ctrl Pts',(1.42132019002766,10.0814108620789,-0.460714971408147));
#2810=CARTESIAN_POINT('Ctrl Pts',(0.732780115076019,10.1343316540058,-1.11300514372937));
#2811=CARTESIAN_POINT('Ctrl Pts',(0.32658506353111,10.1607920499693,-1.22159831625554));
#2812=CARTESIAN_POINT('Ctrl Pts',(1.02845629995665,-0.0535973499897711,
0.885794229410683));
#2813=CARTESIAN_POINT('Ctrl Pts',(1.32299275100263,-0.0271369540263093,
0.543821050327495));
#2814=CARTESIAN_POINT('Ctrl Pts',(1.53907821609407,0.0257838379006142,-0.451070598492368));
#2815=CARTESIAN_POINT('Ctrl Pts',(0.453642279533822,0.105165025790999,-1.53991900403105));
#2816=CARTESIAN_POINT('Ctrl Pts',(-1.04664364173412,0.184546213681385,-1.2151982626541));
#2817=CARTESIAN_POINT('Ctrl Pts',(-1.58915047603199,0.26392740157177,0.21963324105549));
#2818=CARTESIAN_POINT('Ctrl Pts',(-0.677110197026126,0.343308589462155,
1.45453862667384));
#2819=CARTESIAN_POINT('Ctrl Pts',(0.85461122978685,0.42268977735254,1.35760703998838));
#2820=CARTESIAN_POINT('Ctrl Pts',(1.60417404271642,0.502070965242926,0.0184309795997188));
#2821=CARTESIAN_POINT('Ctrl Pts',(0.885508735885365,0.581452153133311,-1.33777303071345));
#2822=CARTESIAN_POINT('Ctrl Pts',(-0.643610133980326,0.660833341023697,
-1.46949977328976));
#2823=CARTESIAN_POINT('Ctrl Pts',(-1.58366963203273,0.740214528914082,-0.256314495523359));
#2824=CARTESIAN_POINT('Ctrl Pts',(-1.0742776225121,0.819595716804467,1.19148521966898));
#2825=CARTESIAN_POINT('Ctrl Pts',(0.418343481551686,0.898976904694852,1.54876874686158));
#2826=CARTESIAN_POINT('Ctrl Pts',(1.52807720027139,0.978358092585237,0.488551862584813));
#2827=CARTESIAN_POINT('Ctrl Pts',(1.23924170964792,1.05773928047562,-1.01881432067811));
#2828=CARTESIAN_POINT('Ctrl Pts',(-0.183806625609025,1.13712046836601,-1.59371137788244));
#2829=CARTESIAN_POINT('Ctrl Pts',(-1.4386264607266,1.21650165625639,-0.709968892557878));
#2830=CARTESIAN_POINT('Ctrl Pts',(-1.37674687248037,1.29588284414678,0.823571398388868));
#2831=CARTESIAN_POINT('Ctrl Pts',(-0.0548030598701714,1.37526403203716,
1.60333969937971));
#2832=CARTESIAN_POINT('Ctrl Pts',(1.31729913076895,1.45464521992755,0.915655357482937));
#2833=CARTESIAN_POINT('Ctrl Pts',(1.4837464742992,1.53402640781793,-0.610080406834512));
#2834=CARTESIAN_POINT('Ctrl Pts',(0.29219845044503,1.61340759570832,-1.57744151706419));
#2835=CARTESIAN_POINT('Ctrl Pts',(-1.16678349958145,1.6927887835987,-1.1010531159675));
#2836=CARTESIAN_POINT('Ctrl Pts',(-1.5578696742611,1.77216997148909,0.383071495695971));
#2837=CARTESIAN_POINT('Ctrl Pts',(-0.52311939976629,1.85155115937947,1.5165908423419));
#2838=CARTESIAN_POINT('Ctrl Pts',(0.990414639718209,1.93093234726986,1.26205409335363));
#2839=CARTESIAN_POINT('Ctrl Pts',(1.59747407672531,2.01031353516024,-0.147574612155379));
#2840=CARTESIAN_POINT('Ctrl Pts',(0.742449230689649,2.08969472305063,-1.4221360101848));
#2841=CARTESIAN_POINT('Ctrl Pts',(-0.79210047716301,2.16907591094101,-1.39509086665081));
#2842=CARTESIAN_POINT('Ctrl Pts',(-1.60168214002652,2.2484570988314,-0.0911921830768882));
#2843=CARTESIAN_POINT('Ctrl Pts',(-0.945328100042707,2.32783828672179,1.29616992527002));
#2844=CARTESIAN_POINT('Ctrl Pts',(0.576235195973694,2.40721947461217,1.49721564609054));
#2845=CARTESIAN_POINT('Ctrl Pts',(1.57040062326567,2.48660066250256,0.327938369805654));
#2846=CARTESIAN_POINT('Ctrl Pts',(1.1272606802222,2.56598185039294,-1.1414837058705));
#2847=CARTESIAN_POINT('Ctrl Pts',(-0.347601872612762,2.64536303828333,-1.56616558195767));
#2848=CARTESIAN_POINT('Ctrl Pts',(-1.50432265267701,2.72474422617371,-0.557418199012383));
#2849=CARTESIAN_POINT('Ctrl Pts',(-1.28421576508834,2.8041254140641,0.961504841717538));
#2850=CARTESIAN_POINT('Ctrl Pts',(0.111266493909887,2.88350660195448,1.60041290274791));
#2851=CARTESIAN_POINT('Ctrl Pts',(1.40491236360338,2.96288778984487,0.774546927269458));
#2852=CARTESIAN_POINT('Ctrl Pts',(1.41271559216214,3.04226897773526,-0.760221249117825));
#2853=CARTESIAN_POINT('Ctrl Pts',(0.12753429353024,3.12165016562564,-1.59919876685864));
#2854=CARTESIAN_POINT('Ctrl Pts',(-1.27437245864351,3.20103135351603,-0.974513483025873));
#2855=CARTESIAN_POINT('Ctrl Pts',(-1.50991290181228,3.28041254140641,0.542092907986428));
#2856=CARTESIAN_POINT('Ctrl Pts',(-0.363509215334356,3.3597937292968,1.56255007673847));
#2857=CARTESIAN_POINT('Ctrl Pts',(1.11559540084676,3.43917491718718,1.15288706886578));
#2858=CARTESIAN_POINT('Ctrl Pts',(1.57365402595739,3.51855610507757,-0.311953038992169));
#2859=CARTESIAN_POINT('Ctrl Pts',(0.591429611790408,3.59793729296795,-1.49127888278679));
#2860=CARTESIAN_POINT('Ctrl Pts',(-0.932099323406886,3.67731848085834,-1.30571533775659));
#2861=CARTESIAN_POINT('Ctrl Pts',(-1.60252660838069,3.75669966874872,0.0749010105423249));
#2862=CARTESIAN_POINT('Ctrl Pts',(-0.806245292880768,3.8360808566391,1.38696439019031));
#2863=CARTESIAN_POINT('Ctrl Pts',(0.727950075949344,3.91546204452949,1.42961196793875));
#2864=CARTESIAN_POINT('Ctrl Pts',(1.5958908992844,3.99484323241987,0.163810651453408));
#2865=CARTESIAN_POINT('Ctrl Pts',(1.00319643883881,4.07422442031026,-1.25191796738025));
#2866=CARTESIAN_POINT('Ctrl Pts',(-0.507671134686195,4.15360560820065,-1.5218316960015));
#2867=CARTESIAN_POINT('Ctrl Pts',(-1.55389393066901,4.23298679609103,-0.398892647435869));
#2868=CARTESIAN_POINT('Ctrl Pts',(-1.17791906677075,4.31236798398142,1.08913193144186));
#2869=CARTESIAN_POINT('Ctrl Pts',(0.276143372622045,4.3917491718718,1.58033114558477));
#2870=CARTESIAN_POINT('Ctrl Pts',(1.47746625844336,4.47113035976218,0.625136102868617));
#2871=CARTESIAN_POINT('Ctrl Pts',(1.32654172644593,4.55051154765258,-0.902213245273104));
#2872=CARTESIAN_POINT('Ctrl Pts',(-0.038496910671746,4.62989273554296,-1.60381410388395));
#2873=CARTESIAN_POINT('Ctrl Pts',(-1.36830134345319,4.70927392343334,-0.837527984877254));
#2874=CARTESIAN_POINT('Ctrl Pts',(-1.4457712826998,4.78865511132373,0.695303595610539));
#2875=CARTESIAN_POINT('Ctrl Pts',(-0.200002553980412,4.86803629921411,1.59176024273434));
#2876=CARTESIAN_POINT('Ctrl Pts',(1.22881802829678,4.9474174871045,1.03136217948943));
#2877=CARTESIAN_POINT('Ctrl Pts',(1.5329658837097,5.02679867499489,-0.472987622808976));
#2878=CARTESIAN_POINT('Ctrl Pts',(0.434070423578701,5.10617986288527,-1.54443664788252));
#2879=CARTESIAN_POINT('Ctrl Pts',(-1.0621069413548,5.18556105077566,-1.20234376826028));
#2880=CARTESIAN_POINT('Ctrl Pts',(-1.58619349833469,5.26494223866604,0.240191335791099));
#2881=CARTESIAN_POINT('Ctrl Pts',(-0.658520294287074,5.34432342655643,1.46289190098258));
#2882=CARTESIAN_POINT('Ctrl Pts',(0.87186201559768,5.4237046144468,1.3466841937538));
#2883=CARTESIAN_POINT('Ctrl Pts',(1.6042747254671,5.5030858023372,-0.00207296305735514));
#2884=CARTESIAN_POINT('Ctrl Pts',(0.868378874929604,5.58246699022757,-1.34893284544649));
#2885=CARTESIAN_POINT('Ctrl Pts',(-0.662298639555378,5.66184817811798,-1.46118520523288));
#2886=CARTESIAN_POINT('Ctrl Pts',(-1.58680892683939,5.74122936600835,-0.236091341754002));
#2887=CARTESIAN_POINT('Ctrl Pts',(-1.05899618364618,5.82061055389874,1.20508455096362));
#2888=CARTESIAN_POINT('Ctrl Pts',(0.438060254035324,5.89999174178912,1.5433097245151));
#2889=CARTESIAN_POINT('Ctrl Pts',(1.53418310424364,5.97937292967951,0.469024407255877));
#2890=CARTESIAN_POINT('Ctrl Pts',(1.22614858075981,6.05875411756989,-1.03453436378357));
#2891=CARTESIAN_POINT('Ctrl Pts',(-0.204115464189692,6.13813530546028,-1.59123806177046));
#2892=CARTESIAN_POINT('Ctrl Pts',(-1.4475633244649,6.21751649335066,-0.691564974252232));
#2893=CARTESIAN_POINT('Ctrl Pts',(-1.36613235488505,6.29689768124105,0.841061282478629));
#2894=CARTESIAN_POINT('Ctrl Pts',(-0.0343520533087515,6.37627886913143,
1.60390823564874));
#2895=CARTESIAN_POINT('Ctrl Pts',(1.32886888193215,6.45566005702182,0.898782057331344));
#2896=CARTESIAN_POINT('Ctrl Pts',(1.47584578862537,6.53504124491221,-0.628952224056108));
#2897=CARTESIAN_POINT('Ctrl Pts',(0.272058408579506,6.61442243280259,-1.58103950433554));
#2898=CARTESIAN_POINT('Ctrl Pts',(-1.18072977158286,6.69380362069297,-1.08608420412337));
#2899=CARTESIAN_POINT('Ctrl Pts',(-1.55285788547281,6.77318480858336,0.402907035770374));
#2900=CARTESIAN_POINT('Ctrl Pts',(-0.503736577340492,6.85256599647374,1.52313858614297));
#2901=CARTESIAN_POINT('Ctrl Pts',(1.00642841424438,6.93194718436413,1.24932123128923));
#2902=CARTESIAN_POINT('Ctrl Pts',(1.59546223508067,7.01132837225452,-0.167934357353393));
#2903=CARTESIAN_POINT('Ctrl Pts',(0.724253106011576,7.09070956014489,-1.43148843180124));
#2904=CARTESIAN_POINT('Ctrl Pts',(-0.809826925763253,7.1700907480353,-1.38487618300621));
#2905=CARTESIAN_POINT('Ctrl Pts',(-1.60271482337881,7.24947193592566,-0.0707593588831747));
#2906=CARTESIAN_POINT('Ctrl Pts',(-0.928721857199725,7.32885312381606,1.30811979723071));
#2907=CARTESIAN_POINT('Ctrl Pts',(0.595281541430914,7.40823431170644,1.48974547436276));
#2908=CARTESIAN_POINT('Ctrl Pts',(1.5744549497464,7.48761549959682,0.307885211015349));
#2909=CARTESIAN_POINT('Ctrl Pts',(1.11261227522903,7.56699668748722,-1.1557662466752));
#2910=CARTESIAN_POINT('Ctrl Pts',(-0.367546091864527,7.64637787537759,-1.5616054438725));
#2911=CARTESIAN_POINT('Ctrl Pts',(-1.51130878776274,7.72575906326798,-0.538189037361373));
#2912=CARTESIAN_POINT('Ctrl Pts',(-1.27184977280723,7.80514025115836,0.97780358321315));
#2913=CARTESIAN_POINT('Ctrl Pts',(0.131666669105556,7.88452143904877,1.59886384047581));
#2914=CARTESIAN_POINT('Ctrl Pts',(1.41467551061791,7.96390262693913,0.756567836531479));
#2915=CARTESIAN_POINT('Ctrl Pts',(1.4029060145301,8.04328381482953,-0.778175048660311));
#2916=CARTESIAN_POINT('Ctrl Pts',(0.107130183034549,8.1226650027199,-1.60069510432243));
#2917=CARTESIAN_POINT('Ctrl Pts',(-1.28669628847272,8.2020461906103,-0.958182837832997));
#2918=CARTESIAN_POINT('Ctrl Pts',(-1.50287709701446,8.28142737850067,0.561303949804835));
#2919=CARTESIAN_POINT('Ctrl Pts',(-0.343553276435242,8.36080856639107,1.56705866046166));
#2920=CARTESIAN_POINT('Ctrl Pts',(1.130206843761,8.44018975428144,1.13856671500446));
#2921=CARTESIAN_POINT('Ctrl Pts',(1.56954789518023,8.51957094217184,-0.331995643847906));
#2922=CARTESIAN_POINT('Ctrl Pts',(0.572364014466913,8.59895213006222,-1.49869982603427));
#2923=CARTESIAN_POINT('Ctrl Pts',(-0.94867460916333,8.67833331795261,-1.29372255638794));
#2924=CARTESIAN_POINT('Ctrl Pts',(-1.60144116132927,8.75771450584299,0.0953310333997044));
#2925=CARTESIAN_POINT('Ctrl Pts',(-0.788492434880931,8.83709569373338,1.39713335155888));
#2926=CARTESIAN_POINT('Ctrl Pts',(0.746121835914061,8.91647688162376,1.42021232130338));
#2927=CARTESIAN_POINT('Ctrl Pts',(1.59785037413071,8.99585806951414,0.143446215845096));
#2928=CARTESIAN_POINT('Ctrl Pts',(0.987149327054146,9.07523925740454,-1.26461023976595));
#2929=CARTESIAN_POINT('Ctrl Pts',(-0.527036049476828,9.15462044529491,-1.51523229320254));
#2930=CARTESIAN_POINT('Ctrl Pts',(-1.55885619215368,9.23400163318531,-0.379047241256293));
#2931=CARTESIAN_POINT('Ctrl Pts',(-1.16393083304631,9.31338282107569,1.10407048684502));
#2932=CARTESIAN_POINT('Ctrl Pts',(0.296267735629537,9.39276400896607,1.57667023092521));
#2933=CARTESIAN_POINT('Ctrl Pts',(1.48533013771814,9.47214519685646,0.60626461633493));
#2934=CARTESIAN_POINT('Ctrl Pts',(1.31490563613802,9.55152638474683,-0.919095875513877));
#2935=CARTESIAN_POINT('Ctrl Pts',(-0.0589031294047697,9.63090757263723,
-1.60311810246474));
#2936=CARTESIAN_POINT('Ctrl Pts',(-1.37895277856853,9.71028876052761,-0.820152467460236));
#2937=CARTESIAN_POINT('Ctrl Pts',(-1.43663077078218,9.789669948418,0.713953797168302));
#2938=CARTESIAN_POINT('Ctrl Pts',(-0.179984685540985,9.86905113630838,1.59366723104628));
#2939=CARTESIAN_POINT('Ctrl Pts',(1.24244188474453,9.94843232419877,1.01660219348036));
#2940=CARTESIAN_POINT('Ctrl Pts',(1.52566648577636,10.0278135120892,-0.494538385020161));
#2941=CARTESIAN_POINT('Ctrl Pts',(0.786577205374864,10.0807343040161,-1.19471647430236));
#2942=CARTESIAN_POINT('Ctrl Pts',(0.350561322973159,10.1071946999795,-1.3112820202432));
#2943=CARTESIAN_POINT('Ctrl Pts',(1.09879644719091,-0.107194699979541,0.946377159884866));
#2944=CARTESIAN_POINT('Ctrl Pts',(1.41347739765151,-0.0807343040160796,
0.581015098096702));
#2945=CARTESIAN_POINT('Ctrl Pts',(1.64434179251405,-0.027813512089156,-0.481921080240927));
#2946=CARTESIAN_POINT('Ctrl Pts',(0.484668648603117,0.0515676758012291,
-1.64524008522522));
#2947=CARTESIAN_POINT('Ctrl Pts',(-1.11822769237826,0.130948863691614,-1.29831042280861));
#2948=CARTESIAN_POINT('Ctrl Pts',(-1.69783869007298,0.210330051582,0.234654817095263));
#2949=CARTESIAN_POINT('Ctrl Pts',(-0.723420410648859,0.289711239472385,
1.55402021005514));
#2950=CARTESIAN_POINT('Ctrl Pts',(0.913061433002869,0.36909242736277,1.45045909318994));
#2951=CARTESIAN_POINT('Ctrl Pts',(1.7138897772195,0.448473615253155,0.019691546352794));
#2952=CARTESIAN_POINT('Ctrl Pts',(0.946072140341177,0.52785480314354,-1.42926855847712));
#2953=CARTESIAN_POINT('Ctrl Pts',(-0.687629147318615,0.607235991033926,
-1.57000460798062));
#2954=CARTESIAN_POINT('Ctrl Pts',(-1.69198298972456,0.68661717892431,-0.273844845966203));
#2955=CARTESIAN_POINT('Ctrl Pts',(-1.1477516691402,0.765998366814698,1.27297555210459));
#2956=CARTESIAN_POINT('Ctrl Pts',(0.446955627821857,0.84537955470508,1.65469509656712));
#2957=CARTESIAN_POINT('Ctrl Pts',(1.6325883742094,0.924760742595467,0.521965834522406));
#2958=CARTESIAN_POINT('Ctrl Pts',(1.32399829514324,1.00414193048585,-1.08849501525298));
#2959=CARTESIAN_POINT('Ctrl Pts',(-0.196377879349721,1.08352311837624,-1.7027115298324));
#2960=CARTESIAN_POINT('Ctrl Pts',(-1.53701974886814,1.16290430626662,-0.758526440833265));
#2961=CARTESIAN_POINT('Ctrl Pts',(-1.47090797365567,1.24228549415701,0.879898666181428));
#2962=CARTESIAN_POINT('Ctrl Pts',(-0.0585512553941989,1.32166668204739,
1.71299836988002));
#2963=CARTESIAN_POINT('Ctrl Pts',(1.40739436847012,1.40104786993778,0.978280607251847));
#2964=CARTESIAN_POINT('Ctrl Pts',(1.58522569657138,1.48042905782816,-0.651806191044584));
#2965=CARTESIAN_POINT('Ctrl Pts',(0.312183044857835,1.55981024571855,-1.68532890962371));
#2966=CARTESIAN_POINT('Ctrl Pts',(-1.24658438480577,1.63919143360893,-1.1763584432752));
#2967=CARTESIAN_POINT('Ctrl Pts',(-1.66441847197272,1.71857262149932,0.409271252953174));
#2968=CARTESIAN_POINT('Ctrl Pts',(-0.558897580717889,1.7979538093897,1.62031641935375));
#2969=CARTESIAN_POINT('Ctrl Pts',(1.05815296908008,1.87733499728009,1.34837090695849));
#2970=CARTESIAN_POINT('Ctrl Pts',(1.70673157435989,1.95671618517047,-0.157667816842333));
#2971=CARTESIAN_POINT('Ctrl Pts',(0.793228236275864,2.03609737306086,-1.51940145194228));
#2972=CARTESIAN_POINT('Ctrl Pts',(-0.846275325613379,2.11547856095124,-1.49050658530559));
#2973=CARTESIAN_POINT('Ctrl Pts',(-1.71122744356223,2.19485974884163,-0.0974291730049123));
#2974=CARTESIAN_POINT('Ctrl Pts',(-1.00998278468463,2.27424093673202,1.38482005399981));
#2975=CARTESIAN_POINT('Ctrl Pts',(0.615646173890853,2.3536221246224,1.59961607768096));
#2976=CARTESIAN_POINT('Ctrl Pts',(1.67780646157105,2.43300331251279,0.350367357033276));
#2977=CARTESIAN_POINT('Ctrl Pts',(1.20435844531107,2.51238450040317,-1.21955423929018));
#2978=CARTESIAN_POINT('Ctrl Pts',(-0.371375723674317,2.59176568829356,-1.67328176923056));
#2979=CARTESIAN_POINT('Ctrl Pts',(-1.60720916023363,2.67114687618394,-0.595542208939926));
#2980=CARTESIAN_POINT('Ctrl Pts',(-1.372048302067,2.75052806407433,1.02726591696762));
#2981=CARTESIAN_POINT('Ctrl Pts',(0.11887644443884,2.82990925196471,1.70987139818389));
#2982=CARTESIAN_POINT('Ctrl Pts',(1.50099981283313,2.9092904398551,0.827521219814778));
#2983=CARTESIAN_POINT('Ctrl Pts',(1.50933673470074,2.98867162774548,-0.8122157525263));
#2984=CARTESIAN_POINT('Ctrl Pts',(0.136256862476256,3.06805281563587,-1.70857422279433));
#2985=CARTESIAN_POINT('Ctrl Pts',(-1.36153177341076,3.14743400352625,-1.04116427011396));
#2986=CARTESIAN_POINT('Ctrl Pts',(-1.61318174836305,3.22681519141664,0.579168761344537));
#2987=CARTESIAN_POINT('Ctrl Pts',(-0.388371031756414,3.30619637930702,1.66941898547414));
#2988=CARTESIAN_POINT('Ctrl Pts',(1.19189533187225,3.38557756719741,1.2317375228636));
#2989=CARTESIAN_POINT('Ctrl Pts',(1.68128237719245,3.46495875508779,-0.33328872694878));
#2990=CARTESIAN_POINT('Ctrl Pts',(0.631879795209767,3.54433994297818,-1.59327327592435));
#2991=CARTESIAN_POINT('Ctrl Pts',(-0.995849240295102,3.62372113086856,-1.39501831456533));
#2992=CARTESIAN_POINT('Ctrl Pts',(-1.71212966840869,3.70310231875895,0.0800237834883074));
#2993=CARTESIAN_POINT('Ctrl Pts',(-0.861387560579025,3.78248350664934,1.48182430734846));
#2994=CARTESIAN_POINT('Ctrl Pts',(0.777737427656588,3.86186469453972,1.52738871967523));
#2995=CARTESIAN_POINT('Ctrl Pts',(1.70504011722416,3.9412458824301,0.175014302344807));
#2996=CARTESIAN_POINT('Ctrl Pts',(1.0718089654146,4.02062707032049,-1.33754153170132));
#2997=CARTESIAN_POINT('Ctrl Pts',(-0.542392748392017,4.10000825821087,-1.62591571548491));
#2998=CARTESIAN_POINT('Ctrl Pts',(-1.66017081173269,4.17938944610126,-0.426174475115361));
#2999=CARTESIAN_POINT('Ctrl Pts',(-1.25848155697106,4.25877063399165,1.16362192233247));
#3000=CARTESIAN_POINT('Ctrl Pts',(0.295029897493175,4.33815182188202,1.68841617113619));
#3001=CARTESIAN_POINT('Ctrl Pts',(1.57851595219986,4.41753300977242,0.667891604992612));
#3002=CARTESIAN_POINT('Ctrl Pts',(1.41726910140055,4.4969141976628,-0.96391913643434));
#3003=CARTESIAN_POINT('Ctrl Pts',(-0.0411298649011376,4.57629538555319,
-1.71350522076305));
#3004=CARTESIAN_POINT('Ctrl Pts',(-1.46188482187945,4.65567657344357,-0.894809798184795));
#3005=CARTESIAN_POINT('Ctrl Pts',(-1.54465323314968,4.73505776133396,0.742858126891857));
#3006=CARTESIAN_POINT('Ctrl Pts',(-0.213681510582461,4.81443894922434,1.70062694892332));
#3007=CARTESIAN_POINT('Ctrl Pts',(1.31286169747179,4.89382013711473,1.10190107118585));
#3008=CARTESIAN_POINT('Ctrl Pts',(1.63781141382099,4.97320132500511,-0.505337095537929));
#3009=CARTESIAN_POINT('Ctrl Pts',(0.463758196900574,5.0525825128955,-1.65006670840199));
#3010=CARTESIAN_POINT('Ctrl Pts',(-1.13474858751573,5.13196370078588,-1.28457675928692));
#3011=CARTESIAN_POINT('Ctrl Pts',(-1.69467947311028,5.21134488867627,0.256618960304317));
#3012=CARTESIAN_POINT('Ctrl Pts',(-0.703559071781905,5.29072607656665,1.56294479745204));
#3013=CARTESIAN_POINT('Ctrl Pts',(0.931492067499438,5.37010726445704,1.43878919079713));
#3014=CARTESIAN_POINT('Ctrl Pts',(1.71399734605713,5.44948845234742,-0.00221474110536024));
#3015=CARTESIAN_POINT('Ctrl Pts',(0.927770701223291,5.52886964023782,-1.44119163657047));
#3016=CARTESIAN_POINT('Ctrl Pts',(-0.707595832855027,5.60825082812819,-1.56112137410748));
#3017=CARTESIAN_POINT('Ctrl Pts',(-1.69533699317651,5.68763201601859,-0.252238551645576));
#3018=CARTESIAN_POINT('Ctrl Pts',(-1.13142507292552,5.76701320390896,1.28750499483478));
#3019=CARTESIAN_POINT('Ctrl Pts',(0.468020907460873,5.84639439179936,1.64886271033962));
#3020=CARTESIAN_POINT('Ctrl Pts',(1.63911188482611,5.92577557968974,0.50110282017846));
#3021=CARTESIAN_POINT('Ctrl Pts',(1.31000967598122,6.00515676758012,-1.10529021356592));
#3022=CARTESIAN_POINT('Ctrl Pts',(-0.218075718800898,6.08453795547051,-1.70006905396178));
#3023=CARTESIAN_POINT('Ctrl Pts',(-1.54656783965731,6.16391914336089,-0.738863806602243));
#3024=CARTESIAN_POINT('Ctrl Pts',(-1.4595674877032,6.24330033125128,0.898584751823005));
#3025=CARTESIAN_POINT('Ctrl Pts',(-0.0367015245382439,6.32268151914167,
1.71360579056725));
#3026=CARTESIAN_POINT('Ctrl Pts',(1.41975542014878,6.40206270703204,0.96025327613458));
#3027=CARTESIAN_POINT('Ctrl Pts',(1.57678465211559,6.48144389492244,-0.671968725627724));
#3028=CARTESIAN_POINT('Ctrl Pts',(0.290665546789082,6.56082508281282,-1.68917297731133));
#3029=CARTESIAN_POINT('Ctrl Pts',(-1.26148449687407,6.6402062707032,-1.16036574902719));
#3030=CARTESIAN_POINT('Ctrl Pts',(-1.65906390735497,6.71958745859359,0.430463423162821));
#3031=CARTESIAN_POINT('Ctrl Pts',(-0.538189091286788,6.79896864648398,1.62731198895261));
#3032=CARTESIAN_POINT('Ctrl Pts',(1.07526198825397,6.87834983437435,1.33476719467676));
#3033=CARTESIAN_POINT('Ctrl Pts',(1.70458213499962,6.95773102226476,-0.179420044613442));
#3034=CARTESIAN_POINT('Ctrl Pts',(0.773787607491002,7.03711221015513,-1.52939352223754));
#3035=CARTESIAN_POINT('Ctrl Pts',(-0.865214155337186,7.11649339804551,-1.47959327951093));
#3036=CARTESIAN_POINT('Ctrl Pts',(-1.71233075616638,7.1958745859359,-0.0755988680798737));
#3037=CARTESIAN_POINT('Ctrl Pts',(-0.992240775969401,7.27525577382628,1.39758722442343));
#3038=CARTESIAN_POINT('Ctrl Pts',(0.635995173377994,7.35463696171667,1.59163499170315));
#3039=CARTESIAN_POINT('Ctrl Pts',(1.68213807929069,7.43401814960706,0.328942684312937));
#3040=CARTESIAN_POINT('Ctrl Pts',(1.18870817863063,7.51339933749744,-1.23481361889992));
#3041=CARTESIAN_POINT('Ctrl Pts',(-0.392684006055163,7.59278052538783,-1.66840974547331));
#3042=CARTESIAN_POINT('Ctrl Pts',(-1.61467310441105,7.67216171327822,-0.57499788974476));
#3043=CARTESIAN_POINT('Ctrl Pts',(-1.35883655122737,7.75154290116859,1.04467939311611));
#3044=CARTESIAN_POINT('Ctrl Pts',(0.140671867373212,7.83092408905899,1.70821638948674));
#3045=CARTESIAN_POINT('Ctrl Pts',(1.51143069964224,7.91030527694937,0.808312468769695));
#3046=CARTESIAN_POINT('Ctrl Pts',(1.49885624170265,7.98968646483975,-0.83139748261215));
#3047=CARTESIAN_POINT('Ctrl Pts',(0.114457235091307,8.06906765273014,-1.71017290062739));
#3048=CARTESIAN_POINT('Ctrl Pts',(-1.37469847814356,8.14844884062053,-1.02371670824962));
#3049=CARTESIAN_POINT('Ctrl Pts',(-1.60566473736773,8.2278300285109,0.599693721420906));
#3050=CARTESIAN_POINT('Ctrl Pts',(-0.367050228175716,8.3072112164013,1.67423592886504));
#3051=CARTESIAN_POINT('Ctrl Pts',(1.20750610849269,8.38659240429168,1.21643774401446));
#3052=CARTESIAN_POINT('Ctrl Pts',(1.676895412078,8.46597359218207,-0.354702123909703));
#3053=CARTESIAN_POINT('Ctrl Pts',(0.611510227145949,8.54535478007245,-1.60120176649364));
#3054=CARTESIAN_POINT('Ctrl Pts',(-1.01355817464761,8.62473596796283,-1.38220529999159));
#3055=CARTESIAN_POINT('Ctrl Pts',(-1.71096998338973,8.70411715585322,0.101851095482665));
#3056=CARTESIAN_POINT('Ctrl Pts',(-0.842420515213531,8.7834983437436,1.49268876374187));
#3057=CARTESIAN_POINT('Ctrl Pts',(0.79715202533009,8.86287953163399,1.51734619445735));
#3058=CARTESIAN_POINT('Ctrl Pts',(1.70713360821602,8.94226071952437,0.153257063367901));
#3059=CARTESIAN_POINT('Ctrl Pts',(1.05466432891677,9.02164190741476,-1.35110187821753));
#3060=CARTESIAN_POINT('Ctrl Pts',(-0.563082105414771,9.10102309530515,-1.61886495372732));
#3061=CARTESIAN_POINT('Ctrl Pts',(-1.66547246168089,9.18040428319553,-0.404971764019036));
#3062=CARTESIAN_POINT('Ctrl Pts',(-1.24353661325343,9.25978547108591,1.17958218394383));
#3063=CARTESIAN_POINT('Ctrl Pts',(0.316530644365498,9.33916665897631,1.68450487221025));
#3064=CARTESIAN_POINT('Ctrl Pts',(1.58691767292307,9.41854784686668,0.647729423714421));
#3065=CARTESIAN_POINT('Ctrl Pts',(1.40483717338371,9.49792903475708,-0.981956435762065));
#3066=CARTESIAN_POINT('Ctrl Pts',(-0.0629317447140109,9.57731022264745,
-1.71276161708567));
#3067=CARTESIAN_POINT('Ctrl Pts',(-1.47326475028546,9.65669141053785,-0.876245901199842));
#3068=CARTESIAN_POINT('Ctrl Pts',(-1.53488756588602,9.73607259842823,0.762783888649484));
#3069=CARTESIAN_POINT('Ctrl Pts',(-0.192294541858068,9.81545378631861,1.70266436362152));
#3070=CARTESIAN_POINT('Ctrl Pts',(1.3274173427262,9.894834974209,1.08613159202758));
#3071=CARTESIAN_POINT('Ctrl Pts',(1.63001278152507,9.97421616209938,-0.528361798632173));
#3072=CARTESIAN_POINT('Ctrl Pts',(0.840374295673711,10.0271369540263,-1.27642780487535));
#3073=CARTESIAN_POINT('Ctrl Pts',(0.374537582415208,10.0535973499898,-1.40096572423085));
#3074=CARTESIAN_POINT('Ctrl Pts',(1.16913659442517,-0.160792049969312,1.00696009035905));
#3075=CARTESIAN_POINT('Ctrl Pts',(1.50396204430038,-0.13433165400585,0.618209145865908));
#3076=CARTESIAN_POINT('Ctrl Pts',(1.74960536893404,-0.0814108620789263,
-0.512771561989482));
#3077=CARTESIAN_POINT('Ctrl Pts',(0.515695017672412,-0.00202967418854107,
-1.75056116641939));
#3078=CARTESIAN_POINT('Ctrl Pts',(-1.18981174302241,0.0773515137018441,
-1.38142258296312));
#3079=CARTESIAN_POINT('Ctrl Pts',(-1.80652690411397,0.156732701592229,0.249676393135035));
#3080=CARTESIAN_POINT('Ctrl Pts',(-0.769730624271594,0.236113889482615,
1.65350179343645));
#3081=CARTESIAN_POINT('Ctrl Pts',(0.971511636218889,0.315495077373,1.54331114639151));
#3082=CARTESIAN_POINT('Ctrl Pts',(1.82360551172257,0.394876265263385,0.0209521131058688));
#3083=CARTESIAN_POINT('Ctrl Pts',(1.00663554479699,0.47425745315377,-1.5207640862408));
#3084=CARTESIAN_POINT('Ctrl Pts',(-0.731648160656904,0.553638641044156,
-1.67050944267149));
#3085=CARTESIAN_POINT('Ctrl Pts',(-1.80029634741639,0.63301982893454,-0.291375196409046));
#3086=CARTESIAN_POINT('Ctrl Pts',(-1.22122571576829,0.712401016824927,1.3544658845402));
#3087=CARTESIAN_POINT('Ctrl Pts',(0.475567774092028,0.79178220471531,1.76062144627266));
#3088=CARTESIAN_POINT('Ctrl Pts',(1.73709954814742,0.871163392605698,0.555379806459997));
#3089=CARTESIAN_POINT('Ctrl Pts',(1.40875488063856,0.950544580496081,-1.15817570982784));
#3090=CARTESIAN_POINT('Ctrl Pts',(-0.208949133090416,1.02992576838647,-1.81171168178236));
#3091=CARTESIAN_POINT('Ctrl Pts',(-1.63541303700968,1.10930695627685,-0.80708398910865));
#3092=CARTESIAN_POINT('Ctrl Pts',(-1.56506907483096,1.18868814416724,0.936225933973988));
#3093=CARTESIAN_POINT('Ctrl Pts',(-0.062299450918227,1.26806933205762,1.82265704038032));
#3094=CARTESIAN_POINT('Ctrl Pts',(1.49748960617129,1.34745051994801,1.04090585702076));
#3095=CARTESIAN_POINT('Ctrl Pts',(1.68670491884357,1.42683170783839,-0.693531975254656));
#3096=CARTESIAN_POINT('Ctrl Pts',(0.33216763927064,1.50621289572878,-1.79321630218323));
#3097=CARTESIAN_POINT('Ctrl Pts',(-1.32638527003009,1.58559408361917,-1.2516637705829));
#3098=CARTESIAN_POINT('Ctrl Pts',(-1.77096726968434,1.66497527150955,0.435471010210376));
#3099=CARTESIAN_POINT('Ctrl Pts',(-0.594675761669488,1.74435645939994,1.72404199636559));
#3100=CARTESIAN_POINT('Ctrl Pts',(1.12589129844194,1.82373764729032,1.43468772056335));
#3101=CARTESIAN_POINT('Ctrl Pts',(1.81598907199447,1.90311883518071,-0.167761021529286));
#3102=CARTESIAN_POINT('Ctrl Pts',(0.844007241862079,1.98250002307109,-1.61666689369976));
#3103=CARTESIAN_POINT('Ctrl Pts',(-0.900450174063746,2.06188121096147,-1.58592230396037));
#3104=CARTESIAN_POINT('Ctrl Pts',(-1.82077274709793,2.14126239885186,-0.103666162932936));
#3105=CARTESIAN_POINT('Ctrl Pts',(-1.07463746932654,2.22064358674224,1.4734701827296));
#3106=CARTESIAN_POINT('Ctrl Pts',(0.655057151808013,2.30002477463263,1.70201650927139));
#3107=CARTESIAN_POINT('Ctrl Pts',(1.78521229987642,2.37940596252302,0.372796344260896));
#3108=CARTESIAN_POINT('Ctrl Pts',(1.28145621039995,2.4587871504134,-1.29762477270986));
#3109=CARTESIAN_POINT('Ctrl Pts',(-0.395149574735873,2.53816833830379,-1.78039795650346));
#3110=CARTESIAN_POINT('Ctrl Pts',(-1.71009566779025,2.61754952619417,-0.633666218867466));
#3111=CARTESIAN_POINT('Ctrl Pts',(-1.45988083904566,2.69693071408456,1.0930269922177));
#3112=CARTESIAN_POINT('Ctrl Pts',(0.126486394967797,2.77631190197494,1.81932989361987));
#3113=CARTESIAN_POINT('Ctrl Pts',(1.59708726206288,2.85569308986533,0.880495512360099));
#3114=CARTESIAN_POINT('Ctrl Pts',(1.60595787723933,2.93507427775571,-0.864210255934778));
#3115=CARTESIAN_POINT('Ctrl Pts',(0.14497943142227,3.0144554656461,-1.81794967873002));
#3116=CARTESIAN_POINT('Ctrl Pts',(-1.448691088178,3.09383665353649,-1.10781505720206));
#3117=CARTESIAN_POINT('Ctrl Pts',(-1.71645059491381,3.17321784142687,0.616244614702647));
#3118=CARTESIAN_POINT('Ctrl Pts',(-0.413232848178471,3.25259902931726,1.77628789420981));
#3119=CARTESIAN_POINT('Ctrl Pts',(1.26819526289775,3.33198021720764,1.31058797686141));
#3120=CARTESIAN_POINT('Ctrl Pts',(1.7889107284275,3.41136140509803,-0.354624414905391));
#3121=CARTESIAN_POINT('Ctrl Pts',(0.672329978629125,3.49074259298841,-1.6952676690619));
#3122=CARTESIAN_POINT('Ctrl Pts',(-1.05959915718332,3.5701237808788,-1.48432129137408));
#3123=CARTESIAN_POINT('Ctrl Pts',(-1.82173272843669,3.64950496876918,0.0851465564342877));
#3124=CARTESIAN_POINT('Ctrl Pts',(-0.916529828277278,3.72888615665957,1.57668422450662));
#3125=CARTESIAN_POINT('Ctrl Pts',(0.827524779363829,3.80826734454995,1.62516547141171));
#3126=CARTESIAN_POINT('Ctrl Pts',(1.81418933516392,3.88764853244034,0.186217953236206));
#3127=CARTESIAN_POINT('Ctrl Pts',(1.14042149199039,3.96702972033072,-1.42316509602239));
#3128=CARTESIAN_POINT('Ctrl Pts',(-0.577114362097836,4.04641090822111,-1.72999973496831));
#3129=CARTESIAN_POINT('Ctrl Pts',(-1.76644769279638,4.12579209611149,-0.453456302794853));
#3130=CARTESIAN_POINT('Ctrl Pts',(-1.33904404717137,4.20517328400188,1.23811191322308));
#3131=CARTESIAN_POINT('Ctrl Pts',(0.313916422364304,4.28455447189226,1.7965011966876));
#3132=CARTESIAN_POINT('Ctrl Pts',(1.67956564595636,4.36393565978265,0.710647107116609));
#3133=CARTESIAN_POINT('Ctrl Pts',(1.50799647635516,4.44331684767304,-1.02562502759558));
#3134=CARTESIAN_POINT('Ctrl Pts',(-0.0437628191305286,4.52269803556341,
-1.82319633764215));
#3135=CARTESIAN_POINT('Ctrl Pts',(-1.5554683003057,4.60207922345381,-0.95209161149234));
#3136=CARTESIAN_POINT('Ctrl Pts',(-1.64353518359956,4.68146041134418,0.790412658173178));
#3137=CARTESIAN_POINT('Ctrl Pts',(-0.227360467184511,4.76084159923458,1.8094936551123));
#3138=CARTESIAN_POINT('Ctrl Pts',(1.3969053666468,4.84022278712496,1.17243996288226));
#3139=CARTESIAN_POINT('Ctrl Pts',(1.74265694393227,4.91960397501535,-0.537686568266883));
#3140=CARTESIAN_POINT('Ctrl Pts',(0.493445970222447,4.99898516290572,-1.75569676892146));
#3141=CARTESIAN_POINT('Ctrl Pts',(-1.20739023367666,5.07836635079612,-1.36680975031357));
#3142=CARTESIAN_POINT('Ctrl Pts',(-1.80316544788588,5.1577475386865,0.273046584817535));
#3143=CARTESIAN_POINT('Ctrl Pts',(-0.748597849276735,5.23712872657689,1.6629976939215));
#3144=CARTESIAN_POINT('Ctrl Pts',(0.991122119401195,5.31650991446727,1.53089418784046));
#3145=CARTESIAN_POINT('Ctrl Pts',(1.82371996664715,5.39589110235766,-0.00235651915336484));
#3146=CARTESIAN_POINT('Ctrl Pts',(0.98716252751698,5.47527229024804,-1.53345042769445));
#3147=CARTESIAN_POINT('Ctrl Pts',(-0.752893026154678,5.55465347813843,-1.66105754298207));
#3148=CARTESIAN_POINT('Ctrl Pts',(-1.80386505951364,5.6340346660288,-0.268385761537151));
#3149=CARTESIAN_POINT('Ctrl Pts',(-1.20385396220486,5.71341585391921,1.36992543870595));
#3150=CARTESIAN_POINT('Ctrl Pts',(0.497981560886423,5.79279704180957,1.75441569616414));
#3151=CARTESIAN_POINT('Ctrl Pts',(1.74404066540859,5.87217822969998,0.533181233101045));
#3152=CARTESIAN_POINT('Ctrl Pts',(1.39387077120264,5.95155941759034,-1.17604606334827));
#3153=CARTESIAN_POINT('Ctrl Pts',(-0.232035973412104,6.03094060548074,-1.80890004615311));
#3154=CARTESIAN_POINT('Ctrl Pts',(-1.64557235484971,6.11032179337112,-0.786162638952253));
#3155=CARTESIAN_POINT('Ctrl Pts',(-1.55300262052134,6.18970298126151,0.956108221167379));
#3156=CARTESIAN_POINT('Ctrl Pts',(-0.0390509957677337,6.2690841691519,1.82330334548576));
#3157=CARTESIAN_POINT('Ctrl Pts',(1.5106419583654,6.34846535704227,1.02172449493782));
#3158=CARTESIAN_POINT('Ctrl Pts',(1.6777235156058,6.42784654493267,-0.714985227199343));
#3159=CARTESIAN_POINT('Ctrl Pts',(0.309272684998658,6.50722773282304,-1.79730645028713));
#3160=CARTESIAN_POINT('Ctrl Pts',(-1.34223922216528,6.58660892071344,-1.23464729393101));
#3161=CARTESIAN_POINT('Ctrl Pts',(-1.76526992923714,6.66599010860382,0.45801981055527));
#3162=CARTESIAN_POINT('Ctrl Pts',(-0.572641605233086,6.74537129649421,1.73148539176224));
#3163=CARTESIAN_POINT('Ctrl Pts',(1.14409556226356,6.82475248438459,1.4202131580643));
#3164=CARTESIAN_POINT('Ctrl Pts',(1.81370203491857,6.90413367227498,-0.190905731873491));
#3165=CARTESIAN_POINT('Ctrl Pts',(0.823322108970427,6.98351486016536,-1.62729861267385));
#3166=CARTESIAN_POINT('Ctrl Pts',(-0.920601384911123,7.06289604805575,-1.57431037601565));
#3167=CARTESIAN_POINT('Ctrl Pts',(-1.82194668895395,7.14227723594613,-0.0804383772765745));
#3168=CARTESIAN_POINT('Ctrl Pts',(-1.05575969473908,7.22165842383652,1.48705465161615));
#3169=CARTESIAN_POINT('Ctrl Pts',(0.676708805325073,7.3010396117269,1.69352450904353));
#3170=CARTESIAN_POINT('Ctrl Pts',(1.78982120883499,7.38042079961729,0.350000157610524));
#3171=CARTESIAN_POINT('Ctrl Pts',(1.26480408203222,7.45980198750768,-1.31386099112464));
#3172=CARTESIAN_POINT('Ctrl Pts',(-0.4178219202458,7.53918317539805,-1.77521404707412));
#3173=CARTESIAN_POINT('Ctrl Pts',(-1.71803742105936,7.61856436328845,-0.611806742128145));
#3174=CARTESIAN_POINT('Ctrl Pts',(-1.44582332964751,7.69794555117882,1.11155520301908));
#3175=CARTESIAN_POINT('Ctrl Pts',(0.149677065640869,7.77732673906921,1.81756893849767));
#3176=CARTESIAN_POINT('Ctrl Pts',(1.60818588866658,7.8567079269596,0.86005710100791));
#3177=CARTESIAN_POINT('Ctrl Pts',(1.5948064688752,7.93608911484998,-0.88461991656399));
#3178=CARTESIAN_POINT('Ctrl Pts',(0.121784287148065,8.01547030274036,-1.81965069693235));
#3179=CARTESIAN_POINT('Ctrl Pts',(-1.4627006678144,8.09485149063076,-1.08925057866624));
#3180=CARTESIAN_POINT('Ctrl Pts',(-1.708452377721,8.17423267852113,0.63808349303698));
#3181=CARTESIAN_POINT('Ctrl Pts',(-0.39054717991619,8.25361386641154,1.78141319726842));
#3182=CARTESIAN_POINT('Ctrl Pts',(1.28480537322438,8.33299505430189,1.29430877302447));
#3183=CARTESIAN_POINT('Ctrl Pts',(1.78424292897576,8.41237624219231,-0.377408603971502));
#3184=CARTESIAN_POINT('Ctrl Pts',(0.650656439824985,8.49175743008267,-1.70370370695301));
#3185=CARTESIAN_POINT('Ctrl Pts',(-1.07844174013189,8.57113861797307,-1.47068804359523));
#3186=CARTESIAN_POINT('Ctrl Pts',(-1.8204988054502,8.65051980586344,0.108371157565626));
#3187=CARTESIAN_POINT('Ctrl Pts',(-0.896348595546127,8.72990099375384,1.58824417592487));
#3188=CARTESIAN_POINT('Ctrl Pts',(0.848182214746116,8.80928218164422,1.61448006761133));
#3189=CARTESIAN_POINT('Ctrl Pts',(1.81641684230134,8.8886633695346,0.163067910890706));
#3190=CARTESIAN_POINT('Ctrl Pts',(1.12217933077938,8.968044557425,-1.4375935166691));
#3191=CARTESIAN_POINT('Ctrl Pts',(-0.59912816135271,9.04742574531537,-1.7224976142521));
#3192=CARTESIAN_POINT('Ctrl Pts',(-1.7720887312081,9.12680693320576,-0.430896286781775));
#3193=CARTESIAN_POINT('Ctrl Pts',(-1.32314239346055,9.20618812109615,1.25509388104263));
#3194=CARTESIAN_POINT('Ctrl Pts',(0.336793553101456,9.28556930898653,1.79233951349529));
#3195=CARTESIAN_POINT('Ctrl Pts',(1.68850520812801,9.36495049687691,0.689194231093907));
#3196=CARTESIAN_POINT('Ctrl Pts',(1.49476871062939,9.44433168476731,-1.04481699601025));
#3197=CARTESIAN_POINT('Ctrl Pts',(-0.066960360023251,9.52371287265767,-1.8224051317066));
#3198=CARTESIAN_POINT('Ctrl Pts',(-1.56757672200239,9.60309406054808,-0.932339334939448));
#3199=CARTESIAN_POINT('Ctrl Pts',(-1.63314436098986,9.68247524843845,0.811613980130665));
#3200=CARTESIAN_POINT('Ctrl Pts',(-0.204604398175151,9.76185643632884,1.81166149619676));
#3201=CARTESIAN_POINT('Ctrl Pts',(1.41239280070787,9.84123762421923,1.1556609905748));
#3202=CARTESIAN_POINT('Ctrl Pts',(1.73435907727377,9.92061881210961,-0.562185212244185));
#3203=CARTESIAN_POINT('Ctrl Pts',(0.894171385972556,9.97353960403654,-1.35813913544834));
#3204=CARTESIAN_POINT('Ctrl Pts',(0.398513841857258,10.,-1.49064942821851));
#3205=CARTESIAN_POINT('Ctrl Pts',(0.398513841857258,10.,-1.49064942821851));
#3206=CARTESIAN_POINT('Ctrl Pts',(0.456563896913696,10.,-1.46943817702838));
#3207=CARTESIAN_POINT('Ctrl Pts',(0.513014698520975,10.,-1.44453544214573));
#3208=CARTESIAN_POINT('Ctrl Pts',(0.567663198703295,10.,-1.41625153424352));
#3209=CARTESIAN_POINT('Ctrl Pts',(0.621432773056774,10.,-1.38842252367816));
#3210=CARTESIAN_POINT('Ctrl Pts',(0.67345819387309,10.,-1.35731910042683));
#3211=CARTESIAN_POINT('Ctrl Pts',(0.723513831149574,10.,-1.32319194759632));
#3212=CARTESIAN_POINT('Ctrl Pts',(0.761771499187998,10.,-1.29710846619193));
#3213=CARTESIAN_POINT('Ctrl Pts',(0.798877934400131,10.,-1.26925763931307));
#3214=CARTESIAN_POINT('Ctrl Pts',(0.834715921858047,10.,-1.2397391481291));
#3215=CARTESIAN_POINT('Ctrl Pts',(0.854145204192627,10.,-1.22373593087318));
#3216=CARTESIAN_POINT('Ctrl Pts',(0.873201399302984,10.,-1.20724240130298));
#3217=CARTESIAN_POINT('Ctrl Pts',(0.891863754718604,10.,-1.19027356873473));
#3218=CARTESIAN_POINT('Ctrl Pts',(0.898670305035749,10.,-1.18408468152693));
#3219=CARTESIAN_POINT('Ctrl Pts',(0.905423581813609,10.,-1.17783327521274));
#3220=CARTESIAN_POINT('Ctrl Pts',(0.912115474934911,10.,-1.17152703310351));
#3221=CARTESIAN_POINT('Ctrl Pts',(0.955213339978214,10.,-1.13091288006375));
#3222=CARTESIAN_POINT('Ctrl Pts',(0.995851905813511,10.,-1.08795170652418));
#3223=CARTESIAN_POINT('Ctrl Pts',(1.0338250968375,10.,-1.04288465349229));
#3224=CARTESIAN_POINT('Ctrl Pts',(1.07102008375987,10.,-0.998741182718608));
#3225=CARTESIAN_POINT('Ctrl Pts',(1.1056582639006,10.,-0.952576319184191));
#3226=CARTESIAN_POINT('Ctrl Pts',(1.13750305429683,10.,-0.904593556311878));
#3227=CARTESIAN_POINT('Ctrl Pts',(1.16136933275342,10.,-0.868632572880111));
#3228=CARTESIAN_POINT('Ctrl Pts',(1.18366578515107,10.,-0.831649964704902));
#3229=CARTESIAN_POINT('Ctrl Pts',(1.20427425170622,10.,-0.793727195016147));
#3230=CARTESIAN_POINT('Ctrl Pts',(1.21469195563391,10.,-0.774557006604591));
#3231=CARTESIAN_POINT('Ctrl Pts',(1.22467804992732,9.99999999999999,-0.755146538191154));
#3232=CARTESIAN_POINT('Ctrl Pts',(1.23421553868583,9.99999999999999,-0.735506227304369));
#3233=CARTESIAN_POINT('Ctrl Pts',(1.23875444508707,9.99999999999999,-0.726159371432395));
#3234=CARTESIAN_POINT('Ctrl Pts',(1.24318810934656,10.,-0.716767849117026));
#3235=CARTESIAN_POINT('Ctrl Pts',(1.24751343921793,10.,-0.707336857557241));
#3236=CARTESIAN_POINT('Ctrl Pts',(1.27073541198004,10.,-0.656703441000866));
#3237=CARTESIAN_POINT('Ctrl Pts',(1.29085618108728,9.99999999999999,-0.604897267660726));
#3238=CARTESIAN_POINT('Ctrl Pts',(1.30766373254654,9.99999999999999,-0.552108701542067));
#3239=CARTESIAN_POINT('Ctrl Pts',(1.3201867236619,9.99999999999999,-0.512776931765885));
#3240=CARTESIAN_POINT('Ctrl Pts',(1.3308695070071,10.,-0.472899355220639));
#3241=CARTESIAN_POINT('Ctrl Pts',(1.33960565746483,10.,-0.432552062537461));
#3242=CARTESIAN_POINT('Ctrl Pts',(1.35133724658408,10.,-0.378370548365589));
#3243=CARTESIAN_POINT('Ctrl Pts',(1.35955965515676,10.,-0.323340915093732));
#3244=CARTESIAN_POINT('Ctrl Pts',(1.36433129283081,10.,-0.267783987993702));
#3245=CARTESIAN_POINT('Ctrl Pts',(1.36568310486599,10.,-0.252044628088024));
#3246=CARTESIAN_POINT('Ctrl Pts',(1.36675768341818,10.,-0.236263037328938));
#3247=CARTESIAN_POINT('Ctrl Pts',(1.36755572221862,10.,-0.220446776315345));
#3248=CARTESIAN_POINT('Ctrl Pts',(1.36806684129133,10.,-0.210316952228325));
#3249=CARTESIAN_POINT('Ctrl Pts',(1.36846441406912,10.,-0.200172792993396));
#3250=CARTESIAN_POINT('Ctrl Pts',(1.3687484751997,10.,-0.190031068846549));
#3251=CARTESIAN_POINT('Ctrl Pts',(1.37030698079073,10.,-0.134388349430646));
#3252=CARTESIAN_POINT('Ctrl Pts',(1.36845934606832,10.,-0.0787077497976819));
#3253=CARTESIAN_POINT('Ctrl Pts',(1.36331684553367,10.,-0.0233070799112483));
#3254=CARTESIAN_POINT('Ctrl Pts',(1.3581763821151,10.,0.032071643921063));
#3255=CARTESIAN_POINT('Ctrl Pts',(1.34974319364793,10.,0.0871718063540355));
#3256=CARTESIAN_POINT('Ctrl Pts',(1.33807904136664,10.,0.141660825764787));
#3257=CARTESIAN_POINT('Ctrl Pts',(1.33098701192112,10.,0.174791199991698));
#3258=CARTESIAN_POINT('Ctrl Pts',(1.32269960841514,10.,0.207695272018129));
#3259=CARTESIAN_POINT('Ctrl Pts',(1.31322288067985,10.,0.24029283985626));
#3260=CARTESIAN_POINT('Ctrl Pts',(1.30832177211256,10.,0.257151424746192));
#3261=CARTESIAN_POINT('Ctrl Pts',(1.30310246583769,10.,0.273927949337624));
#3262=CARTESIAN_POINT('Ctrl Pts',(1.29756523783686,10.,0.290610734873757));
#3263=CARTESIAN_POINT('Ctrl Pts',(1.2930996817566,10.,0.304064743698247));
#3264=CARTESIAN_POINT('Ctrl Pts',(1.28842610834681,10.,0.31746069503947));
#3265=CARTESIAN_POINT('Ctrl Pts',(1.28355368536312,10.,0.330768555334193));
#3266=CARTESIAN_POINT('Ctrl Pts',(1.26510649594089,10.,0.381152649753541));
#3267=CARTESIAN_POINT('Ctrl Pts',(1.24379012456922,10.,0.430347103361467));
#3268=CARTESIAN_POINT('Ctrl Pts',(1.21965195062851,10.,0.478037769732952));
#3269=CARTESIAN_POINT('Ctrl Pts',(1.20276362284768,10.,0.51140465190664));
#3270=CARTESIAN_POINT('Ctrl Pts',(1.18449311040703,10.,0.544034907603246));
#3271=CARTESIAN_POINT('Ctrl Pts',(1.16484617855585,10.,0.575809889131077));
#3272=CARTESIAN_POINT('Ctrl Pts',(1.15687147487169,10.,0.588707376849433));
#3273=CARTESIAN_POINT('Ctrl Pts',(1.1486684799326,10.,0.601465617988178));
#3274=CARTESIAN_POINT('Ctrl Pts',(1.14025054141264,10.,0.614057266711819));
#3275=CARTESIAN_POINT('Ctrl Pts',(1.11178756670547,10.,0.65663250984202));
#3276=CARTESIAN_POINT('Ctrl Pts',(1.08084016261208,10.,0.697355811205385));
#3277=CARTESIAN_POINT('Ctrl Pts',(1.04743467207852,9.99999999999999,0.735926323795953));
#3278=CARTESIAN_POINT('Ctrl Pts',(1.02698203454066,9.99999999999999,0.759541265563433));
#3279=CARTESIAN_POINT('Ctrl Pts',(1.0056073394389,10.,0.782348517895949));
#3280=CARTESIAN_POINT('Ctrl Pts',(0.983311351193341,10.,0.804270845016897));
#3281=CARTESIAN_POINT('Ctrl Pts',(0.975625320861631,10.,0.811828064250132));
#3282=CARTESIAN_POINT('Ctrl Pts',(0.967829772983553,10.,0.819280059333327));
#3283=CARTESIAN_POINT('Ctrl Pts',(0.959927379418257,10.,0.826625735853021));
#3284=CARTESIAN_POINT('Ctrl Pts',(0.95811615272238,-8.32667268468867E-16,
0.825211298936499));
#3285=CARTESIAN_POINT('Ctrl Pts',(0.994997514181902,-8.12498234526751E-16,
0.790769008863906));
#3286=CARTESIAN_POINT('Ctrl Pts',(1.02949768852173,-8.25342917275662E-16,
0.754088169847083));
#3287=CARTESIAN_POINT('Ctrl Pts',(1.06161597964382,-8.67361737988404E-16,
0.7154887206534));
#3288=CARTESIAN_POINT('Ctrl Pts',(1.09517987052908,-9.11271767577729E-16,
0.6751519637555));
#3289=CARTESIAN_POINT('Ctrl Pts',(1.12614326145837,-5.30976958645983E-16,
0.632719546115134));
#3290=CARTESIAN_POINT('Ctrl Pts',(1.15447723609195,-4.71844785465692E-16,
0.588506835398652));
#3291=CARTESIAN_POINT('Ctrl Pts',(1.17754200250479,-4.23709295139177E-16,
0.552516267243591));
#3292=CARTESIAN_POINT('Ctrl Pts',(1.19886396398354,-9.87399409688164E-16,
0.515344832104582));
#3293=CARTESIAN_POINT('Ctrl Pts',(1.21841038295071,-1.02695629777827E-15,
0.477143772930104));
#3294=CARTESIAN_POINT('Ctrl Pts',(1.22769295684499,-1.04574182249974E-15,
0.459002129940545));
#3295=CARTESIAN_POINT('Ctrl Pts',(1.23657485279475,-9.68204945027261E-16,
0.440628064802939));
#3296=CARTESIAN_POINT('Ctrl Pts',(1.24505117020391,-9.57567358739198E-16,
0.422036786344142));
#3297=CARTESIAN_POINT('Ctrl Pts',(1.24920115493031,-9.5235922193989E-16,
0.412934540884937));
#3298=CARTESIAN_POINT('Ctrl Pts',(1.25325017496436,-9.02499453192987E-16,
0.403788341697921));
#3299=CARTESIAN_POINT('Ctrl Pts',(1.25719678487081,-9.0205620750794E-16,
0.394603441414636));
#3300=CARTESIAN_POINT('Ctrl Pts',(1.27871753434495,-8.99639201629601E-16,
0.344518446285393));
#3301=CARTESIAN_POINT('Ctrl Pts',(1.29720938607151,-1.17254090996292E-15,
0.293256492257192));
#3302=CARTESIAN_POINT('Ctrl Pts',(1.31264421853399,-1.0547118733939E-15,
0.24114848037775));
#3303=CARTESIAN_POINT('Ctrl Pts',(1.32839801291203,-9.34447891366057E-16,
0.18796365271004));
#3304=CARTESIAN_POINT('Ctrl Pts',(1.34096775451539,-8.60418146096858E-16,
0.13389650731204));
#3305=CARTESIAN_POINT('Ctrl Pts',(1.35028183379699,-8.04911692853238E-16,
0.0792646916216456));
#3306=CARTESIAN_POINT('Ctrl Pts',(1.35699470532683,-7.64906913160498E-16,
0.0398902833647131));
#3307=CARTESIAN_POINT('Ctrl Pts',(1.36201560093423,-7.57153727391239E-16,
0.00022178688486453));
#3308=CARTESIAN_POINT('Ctrl Pts',(1.36530193147326,-7.7715611723761E-16,
-0.039628206059515));
#3309=CARTESIAN_POINT('Ctrl Pts',(1.36628977364679,-7.83168660415183E-16,
-0.0516067648739543));
#3310=CARTESIAN_POINT('Ctrl Pts',(1.36712079160226,-9.83577043668905E-16,
-0.0636017443305009));
#3311=CARTESIAN_POINT('Ctrl Pts',(1.36779357069521,-9.92261828258734E-16,
-0.0756101277192255));
#3312=CARTESIAN_POINT('Ctrl Pts',(1.3683401802337,-9.99317912709374E-16,
-0.0853665202273068));
#3313=CARTESIAN_POINT('Ctrl Pts',(1.3687821282383,-8.42962736478665E-16,
-0.0951295461938005));
#3314=CARTESIAN_POINT('Ctrl Pts',(1.3691185917642,-8.46545056276682E-16,
-0.104886225437531));
#3315=CARTESIAN_POINT('Ctrl Pts',(1.37107756907223,-8.67402244810827E-16,
-0.161692124946083));
#3316=CARTESIAN_POINT('Ctrl Pts',(1.36947090135427,-7.38023893330629E-16,
-0.218387720782497));
#3317=CARTESIAN_POINT('Ctrl Pts',(1.36424128918211,-7.49400541621981E-16,
-0.274640173334398));
#3318=CARTESIAN_POINT('Ctrl Pts',(1.36044102226378,-7.57667751258143E-16,
-0.315517838344784));
#3319=CARTESIAN_POINT('Ctrl Pts',(1.35472672717823,-9.8919545991043E-16,
-0.356162215872394));
#3320=CARTESIAN_POINT('Ctrl Pts',(1.34705997043843,-1.01307850997046E-15,
-0.396450927705555));
#3321=CARTESIAN_POINT('Ctrl Pts',(1.33677755741377,-1.02999994873314E-15,
-0.450484880961063));
#3322=CARTESIAN_POINT('Ctrl Pts',(1.32298536168502,-9.59487855737787E-16,
-0.50387974288538));
#3323=CARTESIAN_POINT('Ctrl Pts',(1.30591074933326,-1.01307850997046E-15,
-0.556433429347324));
#3324=CARTESIAN_POINT('Ctrl Pts',(1.30102342514705,-1.02841794463464E-15,
-0.571476049210573));
#3325=CARTESIAN_POINT('Ctrl Pts',(1.2958668495596,-7.54337371169074E-16,
-0.586449713702897));
#3326=CARTESIAN_POINT('Ctrl Pts',(1.29044559881552,-7.49400541621981E-16,
-0.601349548798896));
#3327=CARTESIAN_POINT('Ctrl Pts',(1.28690782346778,-7.46178887673077E-16,
-0.611072815951861));
#3328=CARTESIAN_POINT('Ctrl Pts',(1.28325716523437,-8.11124882611838E-16,
-0.620764759070486));
#3329=CARTESIAN_POINT('Ctrl Pts',(1.27950063079296,-8.04911692853238E-16,
-0.630409992908079));
#3330=CARTESIAN_POINT('Ctrl Pts',(1.25893677962988,-7.708997301157E-16,
-0.683209496323374));
#3331=CARTESIAN_POINT('Ctrl Pts',(1.23516751715468,-7.14716603226483E-16,
-0.734713867549232));
#3332=CARTESIAN_POINT('Ctrl Pts',(1.20848122216868,-7.21644966006352E-16,
-0.78471701349903));
#3333=CARTESIAN_POINT('Ctrl Pts',(1.18115014204326,-7.28740729519944E-16,
-0.835928318372721));
#3334=CARTESIAN_POINT('Ctrl Pts',(1.1507590160348,-6.17700836085842E-16,
-0.885565871999118));
#3335=CARTESIAN_POINT('Ctrl Pts',(1.11756202229961,-5.82867087928207E-16,
-0.93340264930731));
#3336=CARTESIAN_POINT('Ctrl Pts',(1.09655160246149,-5.60820764120525E-16,
-0.963678606912557));
#3337=CARTESIAN_POINT('Ctrl Pts',(1.07441615390115,-1.03062422330773E-15,
-0.993233084245305));
#3338=CARTESIAN_POINT('Ctrl Pts',(1.0512100880138,-1.0547118733939E-15,
-1.02200484123615));
#3339=CARTESIAN_POINT('Ctrl Pts',(1.03317539244008,-1.0734316959825E-15,
-1.04436493798714));
#3340=CARTESIAN_POINT('Ctrl Pts',(1.0144939164561,-7.37509222437367E-16,
-1.06625224865594));
#3341=CARTESIAN_POINT('Ctrl Pts',(0.995188379059665,-7.21644966006352E-16,
-1.08763617497354));
#3342=CARTESIAN_POINT('Ctrl Pts',(0.987660008312022,-7.15458554222218E-16,
-1.0959750324761));
#3343=CARTESIAN_POINT('Ctrl Pts',(0.980042749267239,-5.44965796986599E-16,
-1.10423061042838));
#3344=CARTESIAN_POINT('Ctrl Pts',(0.972339886480613,-5.55111512312578E-16,
-1.11239978716782));
#3345=CARTESIAN_POINT('Ctrl Pts',(0.934723951077313,-6.04656802537005E-16,
-1.15229290652373));
#3346=CARTESIAN_POINT('Ctrl Pts',(0.895058030055077,-8.93540069850561E-16,
-1.1901391450962));
#3347=CARTESIAN_POINT('Ctrl Pts',(0.853537077872494,-9.43689570931383E-16,
-1.22575248459774));
#3348=CARTESIAN_POINT('Ctrl Pts',(0.822130301807269,-9.81623049511116E-16,
-1.25269069578666));
#3349=CARTESIAN_POINT('Ctrl Pts',(0.78966139546857,-6.68875993949532E-16,
-1.27835119789811));
#3350=CARTESIAN_POINT('Ctrl Pts',(0.756203434240828,-6.66133814775094E-16,
-1.30264625704525));
#3351=CARTESIAN_POINT('Ctrl Pts',(0.744664184229816,-6.65188070028322E-16,
-1.31102533189751));
#3352=CARTESIAN_POINT('Ctrl Pts',(0.733005875685017,-9.02522215026167E-16,
-1.31924283493393));
#3353=CARTESIAN_POINT('Ctrl Pts',(0.72123545346489,-8.88178419700125E-16,
-1.32729208862349));
#3354=CARTESIAN_POINT('Ctrl Pts',(0.670917844822731,-8.26859847930891E-16,
-1.36170200098165));
#3355=CARTESIAN_POINT('Ctrl Pts',(0.618687657797755,-5.23246820099181E-16,
-1.39294958083645));
#3356=CARTESIAN_POINT('Ctrl Pts',(0.564792545062382,-2.22044604925031E-16,
-1.42077582588778));
#3357=CARTESIAN_POINT('Ctrl Pts',(0.522869503711698,1.22496061969318E-17,
-1.4424208464233));
#3358=CARTESIAN_POINT('Ctrl Pts',(0.479938049732212,-5.86803148912348E-17,
-1.46199538167739));
#3359=CARTESIAN_POINT('Ctrl Pts',(0.43609975795279,-2.77555756156289E-17,
-1.47936159696314));
#3360=CARTESIAN_POINT('Ctrl Pts',(0.423924531085878,-4.72135543795278E-17,
-1.48418472310108));
#3361=CARTESIAN_POINT('Ctrl Pts',(0.411679289757074,1.42853890566714E-16,
-1.48883741314219));
#3362=CARTESIAN_POINT('Ctrl Pts',(0.399367263414476,1.38777878078145E-16,
-1.49332063213171));
#3363=CARTESIAN_POINT('Ctrl Pts',(-1.26244230195361,9.80658032638058,0.000314709554962017));
#3364=CARTESIAN_POINT('Ctrl Pts',(-1.26204174356904,9.79234892109285,-0.226702234484225));
#3365=CARTESIAN_POINT('Ctrl Pts',(-1.20368774075053,9.77811751580512,-0.453935153730921));
#3366=CARTESIAN_POINT('Ctrl Pts',(-1.08863528619672,9.76388611051739,-0.647431169506524));
#3367=CARTESIAN_POINT('Ctrl Pts',(-0.874718709266249,9.73742571455393,-1.00719755176169));
#3368=CARTESIAN_POINT('Ctrl Pts',(-0.464796611680886,9.71096531859046,-1.25033606980275));
#3369=CARTESIAN_POINT('Ctrl Pts',(-0.046527460723553,9.684504922627,-1.26569878339359));
#3370=CARTESIAN_POINT('Ctrl Pts',(0.371741690233768,9.65804452666353,-1.28106149698443));
#3371=CARTESIAN_POINT('Ctrl Pts',(0.798357894563047,9.63158413070007,-1.06864840612506));
#3372=CARTESIAN_POINT('Ctrl Pts',(1.03812741399783,9.60512373473661,-0.725602673325188));
#3373=CARTESIAN_POINT('Ctrl Pts',(1.27789693343262,9.57866333877315,-0.382556940525317));
#3374=CARTESIAN_POINT('Ctrl Pts',(1.33081976797291,9.55220294280969,0.0911214342150676));
#3375=CARTESIAN_POINT('Ctrl Pts',(1.17265822263979,9.52574254684623,0.478633251699376));
#3376=CARTESIAN_POINT('Ctrl Pts',(1.01449667730666,9.49928215088277,0.86614506918369));
#3377=CARTESIAN_POINT('Ctrl Pts',(0.645250752100122,9.4728217549193,1.16749032941193));
#3378=CARTESIAN_POINT('Ctrl Pts',(0.233906142874721,9.44636135895584,1.24478349287706));
#3379=CARTESIAN_POINT('Ctrl Pts',(-0.17743846635068,9.41990096299238,1.32207665634219));
#3380=CARTESIAN_POINT('Ctrl Pts',(-0.630881759594933,9.39344056702892,1.1753177230442));
#3381=CARTESIAN_POINT('Ctrl Pts',(-0.918922551181609,9.36698017106546,0.871658005021914));
#3382=CARTESIAN_POINT('Ctrl Pts',(-1.13808806806409,9.34684688950384,0.640608303033031));
#3383=CARTESIAN_POINT('Ctrl Pts',(-1.2614948212564,9.32671360794221,0.318721854219589));
#3384=CARTESIAN_POINT('Ctrl Pts',(-1.26441926438001,9.30658032638059,-0.00115606647988643));
#3385=CARTESIAN_POINT('Ctrl Pts',(-0.398513841857237,0.,-1.49064942821851));
#3386=CARTESIAN_POINT('Ctrl Pts',(-0.894171385972539,0.0264603959634617,
-1.35813913544835));
#3387=CARTESIAN_POINT('Ctrl Pts',(-1.73435894737162,0.079381187890385,-0.562184432873852));
#3388=CARTESIAN_POINT('Ctrl Pts',(-1.41239291655992,0.158762375780771,1.15566052604465));
#3389=CARTESIAN_POINT('Ctrl Pts',(0.204604422833488,0.238143563671155,1.8116618451551));
#3390=CARTESIAN_POINT('Ctrl Pts',(1.63314440719873,0.317524751561541,0.81161381572717));
#3391=CARTESIAN_POINT('Ctrl Pts',(1.56757675131581,0.396905939451926,-0.932339247025419));
#3392=CARTESIAN_POINT('Ctrl Pts',(0.0669603717577612,0.476287127342312,
-1.82240524459537));
#3393=CARTESIAN_POINT('Ctrl Pts',(-1.49476875635866,0.555668315232696,-1.0448169836547));
#3394=CARTESIAN_POINT('Ctrl Pts',(-1.68850524594453,0.635049503123083,0.689194226011918));
#3395=CARTESIAN_POINT('Ctrl Pts',(-0.336793565095974,0.714430691013465,
1.79233957224555));
#3396=CARTESIAN_POINT('Ctrl Pts',(1.32314242933452,0.793811878903853,1.25509390558845));
#3397=CARTESIAN_POINT('Ctrl Pts',(1.77208877509144,0.873193066794238,-0.430896293532445));
#3398=CARTESIAN_POINT('Ctrl Pts',(0.599128177411042,0.952574254684622,-1.72249766056856));
#3399=CARTESIAN_POINT('Ctrl Pts',(-1.12217935985513,1.03195544257501,-1.43759355198029));
#3400=CARTESIAN_POINT('Ctrl Pts',(-1.81641688834972,1.11133663046539,0.163067914294632));
#3401=CARTESIAN_POINT('Ctrl Pts',(-0.848182236529589,1.19071781835578,1.61448010920031));
#3402=CARTESIAN_POINT('Ctrl Pts',(0.896348618491445,1.27009900624616,1.58824421618981));
#3403=CARTESIAN_POINT('Ctrl Pts',(1.82049885182087,1.34948019413655,0.108371160458935));
#3404=CARTESIAN_POINT('Ctrl Pts',(1.07844176766014,1.42886138202693,-1.47068808116857));
#3405=CARTESIAN_POINT('Ctrl Pts',(-0.650656456432425,1.50824256991732,-1.70370375035657));
#3406=CARTESIAN_POINT('Ctrl Pts',(-1.78424297446358,1.5876237578077,-0.377408613617029));
#3407=CARTESIAN_POINT('Ctrl Pts',(-1.28480540599109,1.66700494569809,1.2943088060404));
#3408=CARTESIAN_POINT('Ctrl Pts',(0.390547189877658,1.74638613358847,1.7814132426866));
#3409=CARTESIAN_POINT('Ctrl Pts',(1.70845242128374,1.82576732147886,0.638083509311288));
#3410=CARTESIAN_POINT('Ctrl Pts',(1.4627007051131,1.90514850936924,-1.08925060644331));
#3411=CARTESIAN_POINT('Ctrl Pts',(-0.121784290253933,1.98452969725963,-1.81965074333106));
#3412=CARTESIAN_POINT('Ctrl Pts',(-1.59480650954135,2.06391088515001,-0.884619939121778));
#3413=CARTESIAN_POINT('Ctrl Pts',(-1.60818592967432,2.1432920730404,0.860057122939056));
#3414=CARTESIAN_POINT('Ctrl Pts',(-0.149677069457466,2.22267326093079,1.81756898484419));
#3415=CARTESIAN_POINT('Ctrl Pts',(1.44582336651491,2.30205444882117,1.11155523136305));
#3416=CARTESIAN_POINT('Ctrl Pts',(1.71803746486812,2.38143563671156,-0.611806757728804));
#3417=CARTESIAN_POINT('Ctrl Pts',(0.417821930899966,2.46081682460194,-1.77521409234078));
#3418=CARTESIAN_POINT('Ctrl Pts',(-1.26480411428379,2.54019801249233,-1.31386102462717));
#3419=CARTESIAN_POINT('Ctrl Pts',(-1.78982125447415,2.61957920038271,0.350000166535257));
#3420=CARTESIAN_POINT('Ctrl Pts',(-0.676708822580684,2.6989603882731,1.69352455222718));
#3421=CARTESIAN_POINT('Ctrl Pts',(1.05575972166017,2.77834157616349,1.48705468953499));
#3422=CARTESIAN_POINT('Ctrl Pts',(1.82194673541229,2.85772276405387,-0.0804383793276667));
#3423=CARTESIAN_POINT('Ctrl Pts',(0.920601408385828,2.93710395194425,-1.57431041615942));
#3424=CARTESIAN_POINT('Ctrl Pts',(-0.823322129964531,3.01648513983464,-1.62729865416881));
#3425=CARTESIAN_POINT('Ctrl Pts',(-1.81370208116667,3.09586632772502,-0.190905736741478));
#3426=CARTESIAN_POINT('Ctrl Pts',(-1.1440955914372,3.17524751561541,1.42021319427869));
#3427=CARTESIAN_POINT('Ctrl Pts',(0.572641619835005,3.2546287035058,1.73148543591388));
#3428=CARTESIAN_POINT('Ctrl Pts',(1.76526997425025,3.33400989139618,0.458019822234471));
#3429=CARTESIAN_POINT('Ctrl Pts',(1.34223925639144,3.41339107928657,-1.23464732541361));
#3430=CARTESIAN_POINT('Ctrl Pts',(-0.30927269288486,3.49277226717695,-1.79730649611716));
#3431=CARTESIAN_POINT('Ctrl Pts',(-1.67772355838654,3.57215345506734,-0.714985245430984));
#3432=CARTESIAN_POINT('Ctrl Pts',(-1.5106419968857,3.65153464295772,1.02172452099104));
#3433=CARTESIAN_POINT('Ctrl Pts',(0.0390509967634829,3.73091583084811,1.82330339197869));
#3434=CARTESIAN_POINT('Ctrl Pts',(1.55300266012178,3.81029701873849,0.956108245547475));
#3435=CARTESIAN_POINT('Ctrl Pts',(1.64557239681064,3.88967820662888,-0.786162658998816));
#3436=CARTESIAN_POINT('Ctrl Pts',(0.232035979328882,3.96905939451926,-1.80890009227875));
#3437=CARTESIAN_POINT('Ctrl Pts',(-1.39387080674533,4.04844058240965,-1.17604609333662));
#3438=CARTESIAN_POINT('Ctrl Pts',(-1.74404070988039,4.12782177030003,0.533181246696761));
#3439=CARTESIAN_POINT('Ctrl Pts',(-0.49798157358461,4.20720295819042,1.75441574090048));
#3440=CARTESIAN_POINT('Ctrl Pts',(1.20385399290225,4.2865841460808,1.36992547363807));
#3441=CARTESIAN_POINT('Ctrl Pts',(1.8038651055109,4.36596533397119,-0.268385768380768));
#3442=CARTESIAN_POINT('Ctrl Pts',(0.752893045352935,4.44534652186157,-1.66105758533785));
#3443=CARTESIAN_POINT('Ctrl Pts',(-0.987162552688904,4.52472770975196,-1.53345046679634));
#3444=CARTESIAN_POINT('Ctrl Pts',(-1.8237200131507,4.60410889764234,-0.00235651921347828));
#3445=CARTESIAN_POINT('Ctrl Pts',(-0.991122144674122,4.68349008553273,1.53089422687715));
#3446=CARTESIAN_POINT('Ctrl Pts',(0.748597868365424,4.76287127342312,1.66299773632677));
#3447=CARTESIAN_POINT('Ctrl Pts',(1.8031654938653,4.8422524613135,0.273046591780043));
#3448=CARTESIAN_POINT('Ctrl Pts',(1.20739026446426,4.92163364920389,-1.36680978516622));
#3449=CARTESIAN_POINT('Ctrl Pts',(-0.49344598280494,5.00101483709426,-1.75569681369047));
#3450=CARTESIAN_POINT('Ctrl Pts',(-1.74265698836877,5.08039602498466,-0.537686581977531));
#3451=CARTESIAN_POINT('Ctrl Pts',(-1.39690540226689,5.15977721287504,1.17243999277864));
#3452=CARTESIAN_POINT('Ctrl Pts',(0.227360472982035,5.23915840076543,1.80949370125308));
#3453=CARTESIAN_POINT('Ctrl Pts',(1.64353522550851,5.3185395886558,0.790412678328138));
#3454=CARTESIAN_POINT('Ctrl Pts',(1.55546833996904,5.3979207765462,-0.952091635769977));
#3455=CARTESIAN_POINT('Ctrl Pts',(0.0437628202464561,5.47730196443658,-1.82319638413235));
#3456=CARTESIAN_POINT('Ctrl Pts',(-1.50799651480799,5.55668315232697,-1.02562505374828));
#3457=CARTESIAN_POINT('Ctrl Pts',(-1.67956568878408,5.63606434021735,0.71064712523759));
#3458=CARTESIAN_POINT('Ctrl Pts',(-0.313916430368965,5.71544552810774,1.79650124249709));
#3459=CARTESIAN_POINT('Ctrl Pts',(1.33904408131603,5.79482671599812,1.23811194479406));
#3460=CARTESIAN_POINT('Ctrl Pts',(1.76644773783952,5.87420790388851,-0.453456314357658));
#3461=CARTESIAN_POINT('Ctrl Pts',(0.577114376813848,5.95358909177889,-1.72999977908205));
#3462=CARTESIAN_POINT('Ctrl Pts',(-1.1404215210703,6.03297027966928,-1.42316513231209));
#3463=CARTESIAN_POINT('Ctrl Pts',(-1.81418938142445,6.11235146755967,0.186217957984621));
#3464=CARTESIAN_POINT('Ctrl Pts',(-0.827524800465125,6.19173265545004,1.62516551285227));
#3465=CARTESIAN_POINT('Ctrl Pts',(0.916529851648124,6.27111384334044,1.57668426471093));
#3466=CARTESIAN_POINT('Ctrl Pts',(1.82173277488957,6.35049503123081,0.0851465586054756));
#3467=CARTESIAN_POINT('Ctrl Pts',(1.05959918420234,6.42987621912122,-1.4843213292232));
#3468=CARTESIAN_POINT('Ctrl Pts',(-0.672329995773049,6.50925740701158,-1.69526771229001));
#3469=CARTESIAN_POINT('Ctrl Pts',(-1.78891077404344,6.58863859490199,-0.354624423948077));
#3470=CARTESIAN_POINT('Ctrl Pts',(-1.26819529523583,6.66801978279235,1.31058801028047));
#3471=CARTESIAN_POINT('Ctrl Pts',(0.413232858715606,6.74740097068275,1.77628793950388));
#3472=CARTESIAN_POINT('Ctrl Pts',(1.71645063868207,6.82678215857313,0.616244630416449));
#3473=CARTESIAN_POINT('Ctrl Pts',(1.44869112511859,6.90616334646351,-1.10781508545053));
#3474=CARTESIAN_POINT('Ctrl Pts',(-0.144979435119134,6.98554453435391,-1.81794972508644));
#3475=CARTESIAN_POINT('Ctrl Pts',(-1.6059579181901,7.06492572224428,-0.864210277971525));
#3476=CARTESIAN_POINT('Ctrl Pts',(-1.59708730278746,7.14430691013468,0.880495534812096));
#3477=CARTESIAN_POINT('Ctrl Pts',(-0.126486398193123,7.22368809802505,1.81932994001147));
#3478=CARTESIAN_POINT('Ctrl Pts',(1.45988087627157,7.30306928591545,1.09302702008912));
#3479=CARTESIAN_POINT('Ctrl Pts',(1.71009571139647,7.38245047380583,-0.6336662350255));
#3480=CARTESIAN_POINT('Ctrl Pts',(0.395149584811908,7.4618316616962,-1.78039800190231));
#3481=CARTESIAN_POINT('Ctrl Pts',(-1.28145624307615,7.54121284958661,-1.29762480579838));
#3482=CARTESIAN_POINT('Ctrl Pts',(-1.78521234539807,7.62059403747698,0.372796353766953));
#3483=CARTESIAN_POINT('Ctrl Pts',(-0.655057168511494,7.69997522536737,1.70201655267155));
#3484=CARTESIAN_POINT('Ctrl Pts',(1.07463749672901,7.77935641325775,1.47347022030209));
#3485=CARTESIAN_POINT('Ctrl Pts',(1.82077279352635,7.85873760114814,-0.103666165576443));
#3486=CARTESIAN_POINT('Ctrl Pts',(0.900450197024549,7.93811878903852,-1.58592234440006));
#3487=CARTESIAN_POINT('Ctrl Pts',(-0.844007263383593,8.01749997692891,-1.61666693492395));
#3488=CARTESIAN_POINT('Ctrl Pts',(-1.815989118301,8.0968811648193,-0.16776102580645));
#3489=CARTESIAN_POINT('Ctrl Pts',(-1.12589132715116,8.17626235270968,1.43468775714569));
#3490=CARTESIAN_POINT('Ctrl Pts',(0.594675776832896,8.25564354060007,1.72404204032955));
#3491=CARTESIAN_POINT('Ctrl Pts',(1.77096731484346,8.33502472849044,0.435471021310713));
#3492=CARTESIAN_POINT('Ctrl Pts',(1.3263853038506,8.41440591638084,-1.25166380249238));
#3493=CARTESIAN_POINT('Ctrl Pts',(-0.33216764773809,8.49378710427122,-1.79321634792175));
#3494=CARTESIAN_POINT('Ctrl Pts',(-1.68670496185814,8.5731682921616,-0.693531992916063));
#3495=CARTESIAN_POINT('Ctrl Pts',(-1.49748964434722,8.652549480052,1.04090588352121));
#3496=CARTESIAN_POINT('Ctrl Pts',(0.0622994524900417,8.73193066794237,1.82265708693233));
#3497=CARTESIAN_POINT('Ctrl Pts',(1.56506911477036,8.81131185583277,0.936225957711194));
#3498=CARTESIAN_POINT('Ctrl Pts',(1.63541307865322,8.89069304372314,-0.807084009445057));
#3499=CARTESIAN_POINT('Ctrl Pts',(0.208949138527243,8.97007423161354,-1.811711728415));
#3500=CARTESIAN_POINT('Ctrl Pts',(-1.40875491676353,9.04945541950392,-1.15817573858591));
#3501=CARTESIAN_POINT('Ctrl Pts',(-1.73709959206443,9.12883660739429,0.555379819249664));
#3502=CARTESIAN_POINT('Ctrl Pts',(-0.475567786922384,9.2082177952847,1.76062149358508));
#3503=CARTESIAN_POINT('Ctrl Pts',(1.22122574821889,9.28759898317506,1.3544659148433));
#3504=CARTESIAN_POINT('Ctrl Pts',(1.80029639088402,9.36698017106547,-0.291375196474443));
#3505=CARTESIAN_POINT('Ctrl Pts',(0.731648183850383,9.44636135895583,-1.67050949796638));
#3506=CARTESIAN_POINT('Ctrl Pts',(-1.00663557890257,9.52574254684625,-1.52076410334997));
#3507=CARTESIAN_POINT('Ctrl Pts',(-1.82360554254015,9.60512373473661,0.0209520771322023));
#3508=CARTESIAN_POINT('Ctrl Pts',(-0.97151169013143,9.684504922627,1.54331124626649));
#3509=CARTESIAN_POINT('Ctrl Pts',(0.769730698023896,9.76388611051739,1.65350173732277));
#3510=CARTESIAN_POINT('Ctrl Pts',(1.80652684965661,9.84326729840776,0.24967655499354));
#3511=CARTESIAN_POINT('Ctrl Pts',(1.18981196001393,9.92264848629816,-1.38142285736179));
#3512=CARTESIAN_POINT('Ctrl Pts',(-0.515695375122408,10.0020296741885,-1.75056084792384));
#3513=CARTESIAN_POINT('Ctrl Pts',(-1.74960482248034,10.0814108620789,-0.512772132674225));
#3514=CARTESIAN_POINT('Ctrl Pts',(-1.50396204430039,10.1343316540058,0.618209145865901));
#3515=CARTESIAN_POINT('Ctrl Pts',(-1.16913659442518,10.1607920499693,1.00696009035904));
#3516=CARTESIAN_POINT('Ctrl Pts',(-0.374537582415189,-0.0535973499897702,
-1.40096572423086));
#3517=CARTESIAN_POINT('Ctrl Pts',(-0.840374295673694,-0.0271369540263085,
-1.27642780487536));
#3518=CARTESIAN_POINT('Ctrl Pts',(-1.63001265943838,0.0257838379006149,
-0.52836106615202));
#3519=CARTESIAN_POINT('Ctrl Pts',(-1.32741745160811,0.105165025791,1.08613115544551));
#3520=CARTESIAN_POINT('Ctrl Pts',(0.192294565032856,0.184546213681385,1.70266469158506));
#3521=CARTESIAN_POINT('Ctrl Pts',(1.53488760931477,0.263927401571771,0.762783734137193));
#3522=CARTESIAN_POINT('Ctrl Pts',(1.47326477783526,0.343308589462156,-0.876245818575091));
#3523=CARTESIAN_POINT('Ctrl Pts',(0.0629317557425235,0.422689777352541,
-1.71276172318258));
#3524=CARTESIAN_POINT('Ctrl Pts',(-1.40483721636171,0.502070965242926,-0.981956424149881));
#3525=CARTESIAN_POINT('Ctrl Pts',(-1.58691770846439,0.581452153133313,0.647729418938184));
#3526=CARTESIAN_POINT('Ctrl Pts',(-0.316530655638375,0.660833341023696,
1.68450492742585));
#3527=CARTESIAN_POINT('Ctrl Pts',(1.24353664696907,0.740214528914083,1.17958220701286));
#3528=CARTESIAN_POINT('Ctrl Pts',(1.66547250292403,0.819595716804467,-0.404971770363556));
#3529=CARTESIAN_POINT('Ctrl Pts',(0.563082120506964,0.898976904694853,-1.61886499725718));
#3530=CARTESIAN_POINT('Ctrl Pts',(-1.0546643562432,0.978358092585239,-1.35110191140425));
#3531=CARTESIAN_POINT('Ctrl Pts',(-1.70713365149394,1.05773928047562,0.153257066567033));
#3532=CARTESIAN_POINT('Ctrl Pts',(-0.797152045802976,1.13712046836601,1.51734623354416));
#3533=CARTESIAN_POINT('Ctrl Pts',(0.84242053677836,1.21650165625639,1.49268880158431));
#3534=CARTESIAN_POINT('Ctrl Pts',(1.71097002697055,1.29588284414678,0.101851098201901));
#3535=CARTESIAN_POINT('Ctrl Pts',(1.01355820051964,1.37526403203716,-1.38220533530436));
#3536=CARTESIAN_POINT('Ctrl Pts',(-0.611510242754214,1.45464521992755,-1.60120180728586));
#3537=CARTESIAN_POINT('Ctrl Pts',(-1.67689545482908,1.53402640781793,-0.354702132974915));
#3538=CARTESIAN_POINT('Ctrl Pts',(-1.20750613928802,1.61340759570832,1.21643777504402));
#3539=CARTESIAN_POINT('Ctrl Pts',(0.367050237537857,1.6927887835987,1.67423597155067));
#3540=CARTESIAN_POINT('Ctrl Pts',(1.60566477830955,1.77216997148909,0.599693736716084));
#3541=CARTESIAN_POINT('Ctrl Pts',(1.37469851319821,1.85155115937947,-1.0237167343555));
#3542=CARTESIAN_POINT('Ctrl Pts',(-0.114457238010311,1.93093234726986,-1.71017294423456));
#3543=CARTESIAN_POINT('Ctrl Pts',(-1.49885627992215,2.01031353516024,-0.831397503812767));
#3544=CARTESIAN_POINT('Ctrl Pts',(-1.51143073818279,2.08969472305063,0.808312489381371));
#3545=CARTESIAN_POINT('Ctrl Pts',(-0.140671870960187,2.16907591094102,1.70821643304486));
#3546=CARTESIAN_POINT('Ctrl Pts',(1.35883658587667,2.2484570988314,1.0446794197548));
#3547=CARTESIAN_POINT('Ctrl Pts',(1.61467314558409,2.32783828672179,-0.57499790440682));
#3548=CARTESIAN_POINT('Ctrl Pts',(0.392684016068332,2.40721947461217,-1.66840978801654));
#3549=CARTESIAN_POINT('Ctrl Pts',(-1.18870820894181,2.48660066250255,-1.23481365038681));
#3550=CARTESIAN_POINT('Ctrl Pts',(-1.68213812218401,2.56598185039294,0.328942692700723));
#3551=CARTESIAN_POINT('Ctrl Pts',(-0.635995189595435,2.64536303828333,1.59163503228868));
#3552=CARTESIAN_POINT('Ctrl Pts',(0.992240801270805,2.72474422617371,1.39758726006092));
#3553=CARTESIAN_POINT('Ctrl Pts',(1.71233079982959,2.8041254140641,-0.0755988700075653));
#3554=CARTESIAN_POINT('Ctrl Pts',(0.865214177399556,2.88350660195448,-1.47959331723948));
#3555=CARTESIAN_POINT('Ctrl Pts',(-0.773787627222011,2.96288778984487,-1.52939356123599));
#3556=CARTESIAN_POINT('Ctrl Pts',(-1.70458217846524,3.04226897773525,-0.17942004918855));
#3557=CARTESIAN_POINT('Ctrl Pts',(-1.0752620156724,3.12165016562564,1.33476722871235));
#3558=CARTESIAN_POINT('Ctrl Pts',(0.538189105010195,3.20103135351602,1.62731203044791));
#3559=CARTESIAN_POINT('Ctrl Pts',(1.65906394965991,3.28041254140641,0.430463434139353));
#3560=CARTESIAN_POINT('Ctrl Pts',(1.26148452904104,3.35979372929679,-1.16036577861566));
#3561=CARTESIAN_POINT('Ctrl Pts',(-0.290665554200819,3.43917491718718,-1.68917302038403));
#3562=CARTESIAN_POINT('Ctrl Pts',(-1.57678469232245,3.51855610507756,-0.671968742762477));
#3563=CARTESIAN_POINT('Ctrl Pts',(-1.41975545635154,3.59793729296795,0.960253300620335));
#3564=CARTESIAN_POINT('Ctrl Pts',(0.0367015254740849,3.67731848085834,1.71360583426297));
#3565=CARTESIAN_POINT('Ctrl Pts',(1.45956752492111,3.75669966874872,0.898584774736293));
#3566=CARTESIAN_POINT('Ctrl Pts',(1.54656787909369,3.8360808566391,-0.738863825442722));
#3567=CARTESIAN_POINT('Ctrl Pts',(0.218075724361698,3.91546204452949,-1.70006909731232));
#3568=CARTESIAN_POINT('Ctrl Pts',(-1.31000970938552,3.99484323241988,-1.10529024175005));
#3569=CARTESIAN_POINT('Ctrl Pts',(-1.6391119266223,4.07422442031026,0.501102832956202));
#3570=CARTESIAN_POINT('Ctrl Pts',(-0.468020919395084,4.15360560820065,1.64886275238443));
#3571=CARTESIAN_POINT('Ctrl Pts',(1.13142510177603,4.23298679609103,1.28750502766525));
#3572=CARTESIAN_POINT('Ctrl Pts',(1.69533703640639,4.31236798398142,-0.252238558077453));
#3573=CARTESIAN_POINT('Ctrl Pts',(0.707595850898237,4.3917491718718,-1.56112141391495));
#3574=CARTESIAN_POINT('Ctrl Pts',(-0.927770724880767,4.47113035976219,-1.44119167331983));
#3575=CARTESIAN_POINT('Ctrl Pts',(-1.71399738976283,4.55051154765257,-0.00221474116185655));
#3576=CARTESIAN_POINT('Ctrl Pts',(-0.931492091251838,4.62989273554296,1.43878922748521));
#3577=CARTESIAN_POINT('Ctrl Pts',(0.703559089722137,4.70927392343335,1.56294483730603));
#3578=CARTESIAN_POINT('Ctrl Pts',(1.69467951632339,4.78865511132373,0.256618966847931));
#3579=CARTESIAN_POINT('Ctrl Pts',(1.13474861645102,4.86803629921412,-1.28457679204269));
#3580=CARTESIAN_POINT('Ctrl Pts',(-0.463758208726051,4.9474174871045,-1.65006675047751));
#3581=CARTESIAN_POINT('Ctrl Pts',(-1.637811455584,5.02679867499489,-0.505337108423687));
#3582=CARTESIAN_POINT('Ctrl Pts',(-1.31286173094883,5.10617986288526,1.10190109928353));
#3583=CARTESIAN_POINT('Ctrl Pts',(0.213681516031182,5.18556105077566,1.70062699228809));
#3584=CARTESIAN_POINT('Ctrl Pts',(1.54465327253722,5.26494223866603,0.74285814583421));
#3585=CARTESIAN_POINT('Ctrl Pts',(1.46188485915647,5.34432342655644,-0.894809821001787));
#3586=CARTESIAN_POINT('Ctrl Pts',(0.041129865949925,5.42370461444681,-1.71350526445621));
#3587=CARTESIAN_POINT('Ctrl Pts',(-1.41726913753989,5.5030858023372,-0.96391916101359));
#3588=CARTESIAN_POINT('Ctrl Pts',(-1.57851599245088,5.58246699022758,0.66789162202336));
#3589=CARTESIAN_POINT('Ctrl Pts',(-0.29502990501624,5.66184817811797,1.68841621418959));
#3590=CARTESIAN_POINT('Ctrl Pts',(1.25848158906143,5.74122936600836,1.16362195200401));
#3591=CARTESIAN_POINT('Ctrl Pts',(1.66017085406586,5.82061055389873,-0.4261744859825));
#3592=CARTESIAN_POINT('Ctrl Pts',(0.542392762222648,5.89999174178913,-1.62591575694458));
#3593=CARTESIAN_POINT('Ctrl Pts',(-1.07180899274494,5.9793729296795,-1.33754156580768));
#3594=CARTESIAN_POINT('Ctrl Pts',(-1.70504016070147,6.0587541175699,0.175014306807539));
#3595=CARTESIAN_POINT('Ctrl Pts',(-0.777737447488337,6.13813530546028,1.52738875862255));
#3596=CARTESIAN_POINT('Ctrl Pts',(0.861387582543778,6.21751649335066,1.48182434513392));
#3597=CARTESIAN_POINT('Ctrl Pts',(1.71212971206677,6.29689768124105,0.0800237855288655));
#3598=CARTESIAN_POINT('Ctrl Pts',(0.995849265688546,6.37627886913143,-1.3950183501373));
#3599=CARTESIAN_POINT('Ctrl Pts',(-0.631879811322239,6.45566005702182,-1.59327331655167));
#3600=CARTESIAN_POINT('Ctrl Pts',(-1.68128242006394,6.53504124491221,-0.33328873544742));
#3601=CARTESIAN_POINT('Ctrl Pts',(-1.19189536226474,6.61442243280259,1.23173755427202));
#3602=CARTESIAN_POINT('Ctrl Pts',(0.388371041659591,6.69380362069298,1.66941902804313));
#3603=CARTESIAN_POINT('Ctrl Pts',(1.61318178949802,6.77318480858336,0.579168776112931));
#3604=CARTESIAN_POINT('Ctrl Pts',(1.36153180812885,6.85256599647374,-1.04116429666289));
#3605=CARTESIAN_POINT('Ctrl Pts',(-0.1362568659507,6.93194718436414,-1.70857426636175));
#3606=CARTESIAN_POINT('Ctrl Pts',(-1.50933677318774,7.01132837225451,-0.812215773237226));
#3607=CARTESIAN_POINT('Ctrl Pts',(-1.50099985110755,7.09070956014491,0.827521240915969));
#3608=CARTESIAN_POINT('Ctrl Pts',(-0.118876447470121,7.17009074803528,1.70987144178438));
#3609=CARTESIAN_POINT('Ctrl Pts',(1.37204833705325,7.24947193592568,1.02726594316217));
#3610=CARTESIAN_POINT('Ctrl Pts',(1.60720920121631,7.32885312381605,-0.595542224125823));
#3611=CARTESIAN_POINT('Ctrl Pts',(0.371375733144137,7.40823431170644,-1.67328181189804));
#3612=CARTESIAN_POINT('Ctrl Pts',(-1.20435847602135,7.48761549959683,-1.21955427038796));
#3613=CARTESIAN_POINT('Ctrl Pts',(-1.67780650435391,7.56699668748721,0.350367365967408));
#3614=CARTESIAN_POINT('Ctrl Pts',(-0.615646189589386,7.6463778753776,1.59961611846999));
#3615=CARTESIAN_POINT('Ctrl Pts',(1.00998281043844,7.72575906326798,1.38482008931179));
#3616=CARTESIAN_POINT('Ctrl Pts',(1.71122748719732,7.80514025115838,-0.097429175489377));
#3617=CARTESIAN_POINT('Ctrl Pts',(0.846275347192766,7.88452143904875,-1.49050662331226));
#3618=CARTESIAN_POINT('Ctrl Pts',(-0.793228256502554,7.96390262693914,-1.51940149068625));
#3619=CARTESIAN_POINT('Ctrl Pts',(-1.70673161788043,8.04328381482952,-0.157667820862164));
#3620=CARTESIAN_POINT('Ctrl Pts',(-1.05815299606203,8.12266500271992,1.34837094133989));
#3621=CARTESIAN_POINT('Ctrl Pts',(0.558897594969001,8.2020461906103,1.62031646067265));
#3622=CARTESIAN_POINT('Ctrl Pts',(1.66441851441488,8.28142737850067,0.409271263385667));
#3623=CARTESIAN_POINT('Ctrl Pts',(1.24658441659149,8.36080856639108,-1.17635847326487));
#3624=CARTESIAN_POINT('Ctrl Pts',(-0.312183052815849,8.44018975428144,-1.68532895261041));
#3625=CARTESIAN_POINT('Ctrl Pts',(-1.58522573699802,8.51957094217185,-0.651806207643407));
#3626=CARTESIAN_POINT('Ctrl Pts',(-1.40739440434923,8.59895213006221,0.978280632157919));
#3627=CARTESIAN_POINT('Ctrl Pts',(0.0585512568714487,8.67833331795262,1.71299841363126));
#3628=CARTESIAN_POINT('Ctrl Pts',(1.47090801119215,8.75771450584298,0.879898688490505));
#3629=CARTESIAN_POINT('Ctrl Pts',(1.53701978800623,8.83709569373338,-0.758526459946147));
#3630=CARTESIAN_POINT('Ctrl Pts',(0.196377884459445,8.91647688162376,-1.70271157365942));
#3631=CARTESIAN_POINT('Ctrl Pts',(-1.32399832909478,8.99585806951415,-1.08849504228084));
#3632=CARTESIAN_POINT('Ctrl Pts',(-1.63258841548419,9.07523925740452,0.521965846542591));
#3633=CARTESIAN_POINT('Ctrl Pts',(-0.446955639880283,9.15462044529493,1.65469514103303));
#3634=CARTESIAN_POINT('Ctrl Pts',(1.14775169963842,9.23400163318529,1.27297558058453));
#3635=CARTESIAN_POINT('Ctrl Pts',(1.691983030577,9.3133828210757,-0.273844846027664));
#3636=CARTESIAN_POINT('Ctrl Pts',(0.687629169116675,9.39276400896608,-1.57000465994875));
#3637=CARTESIAN_POINT('Ctrl Pts',(-0.94607217239482,9.47214519685646,-1.42926857455693));
#3638=CARTESIAN_POINT('Ctrl Pts',(-1.71388980618296,9.55152638474684,0.0196915125434533));
#3639=CARTESIAN_POINT('Ctrl Pts',(-0.913061483671805,9.63090757263723,1.45045918705603));
#3640=CARTESIAN_POINT('Ctrl Pts',(0.723420479963913,9.71028876052761,1.5540201573175));
#3641=CARTESIAN_POINT('Ctrl Pts',(1.69783863889201,9.789669948418,0.234654969215683));
#3642=CARTESIAN_POINT('Ctrl Pts',(1.11822789631467,9.86905113630838,-1.2983106806983));
#3643=CARTESIAN_POINT('Ctrl Pts',(-0.484668984547427,9.94843232419877,-1.6452397858917));
#3644=CARTESIAN_POINT('Ctrl Pts',(-1.64434127893729,10.0278135120892,-0.481921616590887));
#3645=CARTESIAN_POINT('Ctrl Pts',(-1.41347739765151,10.0807343040161,0.581015098096696));
#3646=CARTESIAN_POINT('Ctrl Pts',(-1.09879644719091,10.1071946999795,0.94637715988486));
#3647=CARTESIAN_POINT('Ctrl Pts',(-0.350561322973141,-0.10719469997954,
-1.3112820202432));
#3648=CARTESIAN_POINT('Ctrl Pts',(-0.78657720537485,-0.0807343040160787,
-1.19471647430237));
#3649=CARTESIAN_POINT('Ctrl Pts',(-1.52566637150513,-0.0278135120891554,
-0.494537699430186));
#3650=CARTESIAN_POINT('Ctrl Pts',(-1.2424419866563,0.0515676758012303,1.01660178484637));
#3651=CARTESIAN_POINT('Ctrl Pts',(0.179984707232224,0.130948863691615,1.59366753801503));
#3652=CARTESIAN_POINT('Ctrl Pts',(1.43663081143081,0.210330051582001,0.713953652547212));
#3653=CARTESIAN_POINT('Ctrl Pts',(1.37895280435472,0.289711239472385,-0.82015239012476));
#3654=CARTESIAN_POINT('Ctrl Pts',(0.0589031397272853,0.369092427362772,
-1.60311820176979));
#3655=CARTESIAN_POINT('Ctrl Pts',(-1.31490567636475,0.448473615253155,-0.919095864645055));
#3656=CARTESIAN_POINT('Ctrl Pts',(-1.48533017098426,0.527854803143543,0.606264611864448));
#3657=CARTESIAN_POINT('Ctrl Pts',(-0.296267746180775,0.607235991033925,
1.57667028260616));
#3658=CARTESIAN_POINT('Ctrl Pts',(1.16393086460362,0.686617178924313,1.10407050843728));
#3659=CARTESIAN_POINT('Ctrl Pts',(1.55885623075661,0.765998366814696,-0.379047247194667));
#3660=CARTESIAN_POINT('Ctrl Pts',(0.527036063602888,0.845379554705083,-1.51523233394581));
#3661=CARTESIAN_POINT('Ctrl Pts',(-0.987149352631262,0.924760742595466,
-1.2646102708282));
#3662=CARTESIAN_POINT('Ctrl Pts',(-1.59785041463816,1.00414193048585,0.143446218839435));
#3663=CARTESIAN_POINT('Ctrl Pts',(-0.746121855076364,1.08352311837624,1.42021235788802));
#3664=CARTESIAN_POINT('Ctrl Pts',(0.788492455065276,1.16290430626662,1.39713338697881));
#3665=CARTESIAN_POINT('Ctrl Pts',(1.60144120212024,1.24228549415701,0.0953310359448645));
#3666=CARTESIAN_POINT('Ctrl Pts',(0.948674633379152,1.3216666820474,-1.29372258944014));
#3667=CARTESIAN_POINT('Ctrl Pts',(-0.572364029076005,1.40104786993778,-1.49869986421516));
#3668=CARTESIAN_POINT('Ctrl Pts',(-1.56954793519458,1.48042905782817,-0.331995652332801));
#3669=CARTESIAN_POINT('Ctrl Pts',(-1.13020687258495,1.55981024571855,1.13856674404764));
#3670=CARTESIAN_POINT('Ctrl Pts',(0.34355328519806,1.63919143360894,1.56705870041474));
#3671=CARTESIAN_POINT('Ctrl Pts',(1.50287713533536,1.71857262149932,0.561303964120881));
#3672=CARTESIAN_POINT('Ctrl Pts',(1.28669632128333,1.79795380938971,-0.958182862267692));
#3673=CARTESIAN_POINT('Ctrl Pts',(-0.107130185766691,1.87733499728009,-1.60069514513806));
#3674=CARTESIAN_POINT('Ctrl Pts',(-1.40290605030295,1.95671618517047,-0.778175068503754));
#3675=CARTESIAN_POINT('Ctrl Pts',(-1.41467554669126,2.03609737306086,0.756567855823684));
#3676=CARTESIAN_POINT('Ctrl Pts',(-0.131666672462908,2.11547856095125,1.59886388124553));
#3677=CARTESIAN_POINT('Ctrl Pts',(1.27184980523844,2.19485974884163,0.977803608146541));
#3678=CARTESIAN_POINT('Ctrl Pts',(1.51130882630006,2.27424093673202,-0.538189051084833));
#3679=CARTESIAN_POINT('Ctrl Pts',(0.367546101236696,2.3536221246224,-1.5616054836923));
#3680=CARTESIAN_POINT('Ctrl Pts',(-1.11261230359983,2.43300331251279,-1.15576627614644));
#3681=CARTESIAN_POINT('Ctrl Pts',(-1.57445498989387,2.51238450040317,0.307885218866185));
#3682=CARTESIAN_POINT('Ctrl Pts',(-0.595281556610186,2.59176568829356,1.4897455123502));
#3683=CARTESIAN_POINT('Ctrl Pts',(0.928721880881445,2.67114687618395,1.30811983058684));
#3684=CARTESIAN_POINT('Ctrl Pts',(1.60271486424688,2.75052806407432,-0.0707593606874618));
#3685=CARTESIAN_POINT('Ctrl Pts',(0.809826946413286,2.82990925196472,-1.38487621831954));
#3686=CARTESIAN_POINT('Ctrl Pts',(-0.724253124479494,2.90929043985509,-1.43148846830318));
#3687=CARTESIAN_POINT('Ctrl Pts',(-1.59546227576381,2.98867162774549,-0.167934361635623));
#3688=CARTESIAN_POINT('Ctrl Pts',(-1.0064284399076,3.06805281563587,1.249321263146));
#3689=CARTESIAN_POINT('Ctrl Pts',(0.503736590185385,3.14743400352626,1.52313862498193));
#3690=CARTESIAN_POINT('Ctrl Pts',(1.55285792506957,3.22681519141664,0.402907046044235));
#3691=CARTESIAN_POINT('Ctrl Pts',(1.18072980169063,3.30619637930703,-1.08608423181772));
#3692=CARTESIAN_POINT('Ctrl Pts',(-0.272058415516776,3.38557756719741,-1.58103954465091));
#3693=CARTESIAN_POINT('Ctrl Pts',(-1.47584582625837,3.46495875508779,-0.628952240093966));
#3694=CARTESIAN_POINT('Ctrl Pts',(-1.32886891581737,3.54433994297818,0.898782080249625));
#3695=CARTESIAN_POINT('Ctrl Pts',(0.0343520541846849,3.62372113086856,1.60390827654725));
#3696=CARTESIAN_POINT('Ctrl Pts',(1.36613238972043,3.70310231875896,0.841061303925106));
#3697=CARTESIAN_POINT('Ctrl Pts',(1.44756336137674,3.78248350664933,-0.691564991886624));
#3698=CARTESIAN_POINT('Ctrl Pts',(0.204115469394514,3.86186469453973,-1.59123810234588));
#3699=CARTESIAN_POINT('Ctrl Pts',(-1.2261486120257,3.9412458824301,-1.03453439016348));
#3700=CARTESIAN_POINT('Ctrl Pts',(-1.53418314336422,4.0206270703205,0.469024419215644));
#3701=CARTESIAN_POINT('Ctrl Pts',(-0.438060265205558,4.10000825821087,1.54330976386838));
#3702=CARTESIAN_POINT('Ctrl Pts',(1.05899621064981,4.17938944610127,1.20508458169243));
#3703=CARTESIAN_POINT('Ctrl Pts',(1.58680896730188,4.25877063399164,-0.236091347774139));
#3704=CARTESIAN_POINT('Ctrl Pts',(0.662298656443538,4.33815182188204,-1.46118524249205));
#3705=CARTESIAN_POINT('Ctrl Pts',(-0.868378897072631,4.41753300977241,-1.34893287984331));
#3706=CARTESIAN_POINT('Ctrl Pts',(-1.60427476637495,4.49691419766281,-0.00207296311023601));
#3707=CARTESIAN_POINT('Ctrl Pts',(-0.871862037829556,4.57629538555318,1.34668422809327));
#3708=CARTESIAN_POINT('Ctrl Pts',(0.658520311078851,4.65567657344358,1.46289193828529));
#3709=CARTESIAN_POINT('Ctrl Pts',(1.58619353878149,4.73505776133396,0.240191341915821));
#3710=CARTESIAN_POINT('Ctrl Pts',(1.06210696843778,4.81443894922435,-1.20234379891917));
#3711=CARTESIAN_POINT('Ctrl Pts',(-0.434070434647162,4.89382013711473,-1.54443668726455));
#3712=CARTESIAN_POINT('Ctrl Pts',(-1.53296592279923,4.97320132500512,-0.472987634869844));
#3713=CARTESIAN_POINT('Ctrl Pts',(-1.22881805963076,5.0525825128955,1.03136220578842));
#3714=CARTESIAN_POINT('Ctrl Pts',(0.200002559080329,5.13196370078589,1.59176028332308));
#3715=CARTESIAN_POINT('Ctrl Pts',(1.44577131956593,5.21134488867627,0.695303613340286));
#3716=CARTESIAN_POINT('Ctrl Pts',(1.3683013783439,5.29072607656665,-0.837528006233603));
#3717=CARTESIAN_POINT('Ctrl Pts',(0.0384969116533953,5.37010726445704,-1.60381414478007));
#3718=CARTESIAN_POINT('Ctrl Pts',(-1.32654176027179,5.44948845234742,-0.902213268278899));
#3719=CARTESIAN_POINT('Ctrl Pts',(-1.47746629611769,5.52886964023782,0.625136118809132));
#3720=CARTESIAN_POINT('Ctrl Pts',(-0.276143379663517,5.6082508281282,1.58033118588208));
#3721=CARTESIAN_POINT('Ctrl Pts',(1.17791909680684,5.68763201601858,1.08913195921396));
#3722=CARTESIAN_POINT('Ctrl Pts',(1.55389397029219,5.76701320390897,-0.398892657607342));
#3723=CARTESIAN_POINT('Ctrl Pts',(0.507671147631451,5.84639439179935,-1.52183173480711));
#3724=CARTESIAN_POINT('Ctrl Pts',(-1.00319646441959,5.92577557968974,-1.25191799930327));
#3725=CARTESIAN_POINT('Ctrl Pts',(-1.59589093997848,6.00515676758013,0.163810655630456));
#3726=CARTESIAN_POINT('Ctrl Pts',(-0.727950094511554,6.0845379554705,1.42961200439283));
#3727=CARTESIAN_POINT('Ctrl Pts',(0.806245313439437,6.1639191433609,1.38696442555691));
#3728=CARTESIAN_POINT('Ctrl Pts',(1.60252664924397,6.24330033125128,0.0749010124522559));
#3729=CARTESIAN_POINT('Ctrl Pts',(0.932099347174754,6.32268151914166,-1.30571537105139));
#3730=CARTESIAN_POINT('Ctrl Pts',(-0.591429626871432,6.40206270703205,-1.49127892081333));
#3731=CARTESIAN_POINT('Ctrl Pts',(-1.57365406608444,6.48144389492244,-0.311953046946763));
#3732=CARTESIAN_POINT('Ctrl Pts',(-1.11559542929365,6.56082508281281,1.15288709826357));
#3733=CARTESIAN_POINT('Ctrl Pts',(0.363509224603577,6.64020627070321,1.56255011658237));
#3734=CARTESIAN_POINT('Ctrl Pts',(1.50991294031397,6.71958745859358,0.542092921809415));
#3735=CARTESIAN_POINT('Ctrl Pts',(1.27437249113911,6.79896864648398,-0.974513507875257));
#3736=CARTESIAN_POINT('Ctrl Pts',(-0.127534296782268,6.87834983437436,-1.59919880763707));
#3737=CARTESIAN_POINT('Ctrl Pts',(-1.41271562818537,6.95773102226475,-0.760221268502926));
#3738=CARTESIAN_POINT('Ctrl Pts',(-1.40491239942764,7.03711221015513,0.774546947019841));
#3739=CARTESIAN_POINT('Ctrl Pts',(-0.111266496747117,7.11649339804553,1.60041294355729));
#3740=CARTESIAN_POINT('Ctrl Pts',(1.28421579783492,7.19587458593589,0.961504866235231));
#3741=CARTESIAN_POINT('Ctrl Pts',(1.50432269103617,7.2752557738263,-0.557418213226145));
#3742=CARTESIAN_POINT('Ctrl Pts',(0.347601881476365,7.35463696171667,-1.56616562189376));
#3743=CARTESIAN_POINT('Ctrl Pts',(-1.12726070896654,7.43401814960706,-1.14148373497753));
#3744=CARTESIAN_POINT('Ctrl Pts',(-1.57040066330977,7.51339933749745,0.327938378167862));
#3745=CARTESIAN_POINT('Ctrl Pts',(-0.576235210667274,7.59278052538782,1.49721568426843));
#3746=CARTESIAN_POINT('Ctrl Pts',(0.945328124147877,7.67216171327822,1.29616995832148));
#3747=CARTESIAN_POINT('Ctrl Pts',(1.60168218086829,7.75154290116859,-0.0911921854023086));
#3748=CARTESIAN_POINT('Ctrl Pts',(0.792100497360979,7.83092408905899,-1.39509090222446));
#3749=CARTESIAN_POINT('Ctrl Pts',(-0.742449249621514,7.91030527694937,-1.42213604644855));
#3750=CARTESIAN_POINT('Ctrl Pts',(-1.59747411745985,7.98968646483975,-0.147574615917877));
#3751=CARTESIAN_POINT('Ctrl Pts',(-0.990414664972895,8.06906765273014,1.26205412553408));
#3752=CARTESIAN_POINT('Ctrl Pts',(0.523119413105108,8.14844884062053,1.51659088101575));
#3753=CARTESIAN_POINT('Ctrl Pts',(1.5578697139863,8.2278300285109,0.383071505460623));
#3754=CARTESIAN_POINT('Ctrl Pts',(1.16678352933239,8.3072112164013,-1.10105314403736));
#3755=CARTESIAN_POINT('Ctrl Pts',(-0.292198457893606,8.38659240429167,-1.57744155729906));
#3756=CARTESIAN_POINT('Ctrl Pts',(-1.4837465121379,8.46597359218207,-0.610080422370754));
#3757=CARTESIAN_POINT('Ctrl Pts',(-1.31729916435124,8.54535478007245,0.915655380794634));
#3758=CARTESIAN_POINT('Ctrl Pts',(0.054803061252853,8.62473596796283,1.60333974033019));
#3759=CARTESIAN_POINT('Ctrl Pts',(1.37674690761394,8.70411715585323,0.823571419269818));
#3760=CARTESIAN_POINT('Ctrl Pts',(1.43862649735924,8.78349834374361,-0.709968910447241));
#3761=CARTESIAN_POINT('Ctrl Pts',(0.183806630391647,8.86287953163399,-1.59371141890384));
#3762=CARTESIAN_POINT('Ctrl Pts',(-1.23924174142603,8.94226071952438,-1.01881434597577));
#3763=CARTESIAN_POINT('Ctrl Pts',(-1.52807723890394,9.02164190741476,0.488551873835522));
#3764=CARTESIAN_POINT('Ctrl Pts',(-0.418343492838183,9.10102309530515,1.54876878848098));
#3765=CARTESIAN_POINT('Ctrl Pts',(1.07427765105796,9.18040428319552,1.19148524632575));
#3766=CARTESIAN_POINT('Ctrl Pts',(1.58366967026997,9.25978547108592,-0.256314495580887));
#3767=CARTESIAN_POINT('Ctrl Pts',(0.643610154382968,9.3391666589763,-1.46949982193111));
#3768=CARTESIAN_POINT('Ctrl Pts',(-0.885508765887072,9.41854784686669,-1.3377730457639));
#3769=CARTESIAN_POINT('Ctrl Pts',(-1.60417406982577,9.49792903475707,0.018430947954705));
#3770=CARTESIAN_POINT('Ctrl Pts',(-0.85461127721218,9.57731022264745,1.35760712784557));
#3771=CARTESIAN_POINT('Ctrl Pts',(0.677110261903932,9.65669141053786,1.45453857731223));
#3772=CARTESIAN_POINT('Ctrl Pts',(1.5891504281274,9.73607259842821,0.219633383437826));
#3773=CARTESIAN_POINT('Ctrl Pts',(1.04664383261541,9.81545378631863,-1.21519850403482));
#3774=CARTESIAN_POINT('Ctrl Pts',(-0.453642593972445,9.89483497420898,-1.53991872385955));
#3775=CARTESIAN_POINT('Ctrl Pts',(-1.53907773539424,9.9742161620994,-0.45107110050755));
#3776=CARTESIAN_POINT('Ctrl Pts',(-1.32299275100263,10.0271369540263,0.54382105032749));
#3777=CARTESIAN_POINT('Ctrl Pts',(-1.02845629995665,10.0535973499898,0.885794229410677));
#3778=CARTESIAN_POINT('Ctrl Pts',(-0.326585063531093,-0.160792049969311,
-1.22159831625555));
#3779=CARTESIAN_POINT('Ctrl Pts',(-0.732780115076005,-0.134331654005849,
-1.11300514372938));
#3780=CARTESIAN_POINT('Ctrl Pts',(-1.42132008357188,-0.0814108620789256,
-0.460714332708352));
#3781=CARTESIAN_POINT('Ctrl Pts',(-1.15746652170449,-0.00202967418853987,
0.947072414247225));
#3782=CARTESIAN_POINT('Ctrl Pts',(0.167674849431592,0.0773515137018449,
1.48467038444499));
#3783=CARTESIAN_POINT('Ctrl Pts',(1.33837401354685,0.156732701592231,0.665123570957232));
#3784=CARTESIAN_POINT('Ctrl Pts',(1.28464083087417,0.236113889482615,-0.76405896167443));
#3785=CARTESIAN_POINT('Ctrl Pts',(0.0548745237120476,0.315495077373001,
-1.493474680357));
#3786=CARTESIAN_POINT('Ctrl Pts',(-1.2249741363678,0.394876265263386,-0.856235305140229));
#3787=CARTESIAN_POINT('Ctrl Pts',(-1.38374263350412,0.474257453153771,0.564799804790713));
#3788=CARTESIAN_POINT('Ctrl Pts',(-0.276004836723176,0.553638641044156,
1.46883563778646));
#3789=CARTESIAN_POINT('Ctrl Pts',(1.08432508223817,0.633019828934542,1.02855880986169));
#3790=CARTESIAN_POINT('Ctrl Pts',(1.4522399585892,0.712401016824927,-0.353122724025777));
#3791=CARTESIAN_POINT('Ctrl Pts',(0.490990006698808,0.791782204715313,-1.41159967063444));
#3792=CARTESIAN_POINT('Ctrl Pts',(-0.919634349019323,0.871163392605697,
-1.17811863025216));
#3793=CARTESIAN_POINT('Ctrl Pts',(-1.48856717778238,0.950544580496082,0.133635371111835));
#3794=CARTESIAN_POINT('Ctrl Pts',(-0.69509166434975,1.02992576838647,1.32307848223188));
#3795=CARTESIAN_POINT('Ctrl Pts',(0.734564373352191,1.10930695627685,1.30157797237331));
#3796=CARTESIAN_POINT('Ctrl Pts',(1.49191237726992,1.18868814416724,0.088810973687832));
#3797=CARTESIAN_POINT('Ctrl Pts',(0.883791066238655,1.26806933205762,-1.20523984357593));
#3798=CARTESIAN_POINT('Ctrl Pts',(-0.533217815397796,1.34745051994801,-1.39619792114445));
#3799=CARTESIAN_POINT('Ctrl Pts',(-1.46220041556008,1.42683170783839,-0.309289171690689));
#3800=CARTESIAN_POINT('Ctrl Pts',(-1.05290760588188,1.50621289572878,1.06069571305126));
#3801=CARTESIAN_POINT('Ctrl Pts',(0.320056332858262,1.58559408361916,1.45988142927881));
#3802=CARTESIAN_POINT('Ctrl Pts',(1.40008949236117,1.66497527150955,0.522914191525679));
#3803=CARTESIAN_POINT('Ctrl Pts',(1.19869412936845,1.74435645939993,-0.892648990179885));
#3804=CARTESIAN_POINT('Ctrl Pts',(-0.0998031335230722,1.82373764729032,
-1.49121734604156));
#3805=CARTESIAN_POINT('Ctrl Pts',(-1.30695582068375,1.9031188351807,-0.724952633194743));
#3806=CARTESIAN_POINT('Ctrl Pts',(-1.31792035519973,1.98250002307109,0.704823222265998));
#3807=CARTESIAN_POINT('Ctrl Pts',(-0.122661473965628,2.06188121096147,1.4895113294462));
#3808=CARTESIAN_POINT('Ctrl Pts',(1.1848630246002,2.14126239885186,0.910927796538286));
#3809=CARTESIAN_POINT('Ctrl Pts',(1.40794450701603,2.22064358674225,-0.501380197762846));
#3810=CARTESIAN_POINT('Ctrl Pts',(0.34240818640506,2.30002477463263,-1.45480117936806));
#3811=CARTESIAN_POINT('Ctrl Pts',(-1.03651639825785,2.37940596252302,-1.07671890190607));
#3812=CARTESIAN_POINT('Ctrl Pts',(-1.46677185760373,2.4587871504134,0.286827745031648));
#3813=CARTESIAN_POINT('Ctrl Pts',(-0.554567923624936,2.53816833830379,1.38785599241171));
#3814=CARTESIAN_POINT('Ctrl Pts',(0.865202960492081,2.61754952619417,1.21865240111277));
#3815=CARTESIAN_POINT('Ctrl Pts',(1.49309892866418,2.69693071408456,-0.0659198513673586));
#3816=CARTESIAN_POINT('Ctrl Pts',(0.754439715427012,2.77631190197494,-1.29015911939961));
#3817=CARTESIAN_POINT('Ctrl Pts',(-0.674718621736974,2.85569308986533,-1.33358337537036));
#3818=CARTESIAN_POINT('Ctrl Pts',(-1.48634237306238,2.93507427775571,-0.156448674082696));
#3819=CARTESIAN_POINT('Ctrl Pts',(-0.937594864142797,3.01445546564611,1.16387529757966));
#3820=CARTESIAN_POINT('Ctrl Pts',(0.469284075360574,3.09383665353648,1.41896521951595));
#3821=CARTESIAN_POINT('Ctrl Pts',(1.44665190047923,3.17321784142688,0.375350657949118));
#3822=CARTESIAN_POINT('Ctrl Pts',(1.09997507434023,3.25259902931725,-1.01180268501977));
#3823=CARTESIAN_POINT('Ctrl Pts',(-0.253451276832732,3.33198021720764,-1.47290606891779));
#3824=CARTESIAN_POINT('Ctrl Pts',(-1.37490696019428,3.41136140509802,-0.585935737425458));
#3825=CARTESIAN_POINT('Ctrl Pts',(-1.2379823752832,3.49074259298841,0.837310859878919));
#3826=CARTESIAN_POINT('Ctrl Pts',(0.0320025828952847,3.5701237808788,1.49421071883153));
#3827=CARTESIAN_POINT('Ctrl Pts',(1.27269725451976,3.64950496876918,0.783537833113923));
#3828=CARTESIAN_POINT('Ctrl Pts',(1.34855884365979,3.72888615665957,-0.644266158330528));
#3829=CARTESIAN_POINT('Ctrl Pts',(0.19015521442733,3.80826734454995,-1.48240710737944));
#3830=CARTESIAN_POINT('Ctrl Pts',(-1.14228751466589,3.88764853244033,-0.963778538576903));
#3831=CARTESIAN_POINT('Ctrl Pts',(-1.42925436010613,3.96702972033073,0.436946005475084));
#3832=CARTESIAN_POINT('Ctrl Pts',(-0.408099611016032,4.0464109082211,1.43775677535234));
#3833=CARTESIAN_POINT('Ctrl Pts',(0.986567319523585,4.1257920961115,1.1226641357196));
#3834=CARTESIAN_POINT('Ctrl Pts',(1.47828089819737,4.20517328400187,-0.219944137470824));
#3835=CARTESIAN_POINT('Ctrl Pts',(0.617001461988842,4.28455447189226,-1.36124907106915));
#3836=CARTESIAN_POINT('Ctrl Pts',(-0.808987069264496,4.36393565978265,-1.2566740863668));
#3837=CARTESIAN_POINT('Ctrl Pts',(-1.49455214298708,4.44331684767304,-0.0019311850586153));
#3838=CARTESIAN_POINT('Ctrl Pts',(-0.812231984407275,4.52269803556342,1.25457922870133));
#3839=CARTESIAN_POINT('Ctrl Pts',(0.613481532435566,4.60207922345381,1.36283903926455));
#3840=CARTESIAN_POINT('Ctrl Pts',(1.47770756123958,4.68146041134419,0.223763716983709));
#3841=CARTESIAN_POINT('Ctrl Pts',(0.989465320424535,4.76084159923458,-1.12011080579564));
#3842=CARTESIAN_POINT('Ctrl Pts',(-0.404382660568275,4.84022278712496,-1.43880662405159));
#3843=CARTESIAN_POINT('Ctrl Pts',(-1.42812039001446,4.91960397501535,-0.440638161315999));
#3844=CARTESIAN_POINT('Ctrl Pts',(-1.1447743883127,4.99898516290573,0.960823312293315));
#3845=CARTESIAN_POINT('Ctrl Pts',(0.186323602129478,5.07836635079612,1.48289357435809));
#3846=CARTESIAN_POINT('Ctrl Pts',(1.34688936659463,5.1577475386865,0.647749080846358));
#3847=CARTESIAN_POINT('Ctrl Pts',(1.27471789753134,5.23712872657689,-0.780246191465415));
#3848=CARTESIAN_POINT('Ctrl Pts',(0.0358639573568659,5.31650991446727,-1.49412302510393));
#3849=CARTESIAN_POINT('Ctrl Pts',(-1.23581438300369,5.39589110235766,-0.840507375544204));
#3850=CARTESIAN_POINT('Ctrl Pts',(-1.37641659978449,5.47527229024804,0.582380615594903));
#3851=CARTESIAN_POINT('Ctrl Pts',(-0.257256854310794,5.55465347813844,1.47224615757458));
#3852=CARTESIAN_POINT('Ctrl Pts',(1.09735660455225,5.6340346660288,1.01464196642391));
#3853=CARTESIAN_POINT('Ctrl Pts',(1.44761708651852,5.7134158539192,-0.371610829232184));
#3854=CARTESIAN_POINT('Ctrl Pts',(0.472949533040253,5.79279704180958,-1.41774771266964));
#3855=CARTESIAN_POINT('Ctrl Pts',(-0.934583936094231,5.87217822969997,-1.16629443279886));
#3856=CARTESIAN_POINT('Ctrl Pts',(-1.48674171925549,5.95155941759035,0.152607004453373));
#3857=CARTESIAN_POINT('Ctrl Pts',(-0.678162741534768,6.03094060548075,1.33183525016312));
#3858=CARTESIAN_POINT('Ctrl Pts',(0.751103044335094,6.11032179337112,1.29210450597989));
#3859=CARTESIAN_POINT('Ctrl Pts',(1.49292358642117,6.18970298126151,0.0697782393756464));
#3860=CARTESIAN_POINT('Ctrl Pts',(0.86834942866096,6.26908416915191,-1.21641239196548));
#3861=CARTESIAN_POINT('Ctrl Pts',(-0.550979442420623,6.34846535704226,-1.38928452507499));
#3862=CARTESIAN_POINT('Ctrl Pts',(-1.46602571210494,6.42784654493268,-0.290617358446107));
#3863=CARTESIAN_POINT('Ctrl Pts',(-1.03929549632256,6.50722773282304,1.07403664225512));
#3864=CARTESIAN_POINT('Ctrl Pts',(0.338647407547559,6.58660892071344,1.45568120512162));
#3865=CARTESIAN_POINT('Ctrl Pts',(1.40664409112993,6.66599010860382,0.505017067505898));
#3866=CARTESIAN_POINT('Ctrl Pts',(1.18721317414936,6.74537129649421,-0.90786271908762));
#3867=CARTESIAN_POINT('Ctrl Pts',(-0.118811727613833,6.82475248438458,-1.48982334891238));
#3868=CARTESIAN_POINT('Ctrl Pts',(-1.31609448318301,6.90413367227498,-0.708226763768628));
#3869=CARTESIAN_POINT('Ctrl Pts',(-1.30882494774773,6.98351486016536,0.721572653123716));
#3870=CARTESIAN_POINT('Ctrl Pts',(-0.103656546024113,7.06289604805575,1.4909544453302));
#3871=CARTESIAN_POINT('Ctrl Pts',(1.1963832586166,7.14227723594612,0.895743789308289));
#3872=CARTESIAN_POINT('Ctrl Pts',(1.40143618085601,7.22165842383653,-0.51929420232647));
#3873=CARTESIAN_POINT('Ctrl Pts',(0.323828029808593,7.3010396117269,-1.45904943188949));
#3874=CARTESIAN_POINT('Ctrl Pts',(-1.05016294191173,7.38042079961728,-1.06341319956711));
#3875=CARTESIAN_POINT('Ctrl Pts',(-1.46299482226562,7.45980198750768,0.305509390368316));
#3876=CARTESIAN_POINT('Ctrl Pts',(-0.536824231745164,7.53918317539806,1.39481525006687));
#3877=CARTESIAN_POINT('Ctrl Pts',(0.880673437857312,7.61856436328845,1.20751982733117));
#3878=CARTESIAN_POINT('Ctrl Pts',(1.49213687453926,7.69794555117883,-0.0849551953152384));
#3879=CARTESIAN_POINT('Ctrl Pts',(0.737925647529193,7.77732673906922,-1.29967518113667));
#3880=CARTESIAN_POINT('Ctrl Pts',(-0.691670242740476,7.85670792695959,-1.32487060221084));
#3881=CARTESIAN_POINT('Ctrl Pts',(-1.48821661703928,7.93608911484999,-0.137481410973594));
#3882=CARTESIAN_POINT('Ctrl Pts',(-0.922676333883762,8.01547030274036,1.17573730972827));
#3883=CARTESIAN_POINT('Ctrl Pts',(0.487341231241215,8.09485149063076,1.41286530135885));
#3884=CARTESIAN_POINT('Ctrl Pts',(1.45132091355772,8.17423267852114,0.356871747535578));
#3885=CARTESIAN_POINT('Ctrl Pts',(1.08698264207328,8.25361386641153,-1.02574781480986));
#3886=CARTESIAN_POINT('Ctrl Pts',(-0.272213862971364,8.33299505430191,-1.46955416198772));
#3887=CARTESIAN_POINT('Ctrl Pts',(-1.38226728727778,8.4123762421923,-0.568354637098097));
#3888=CARTESIAN_POINT('Ctrl Pts',(-1.22720392435325,8.49175743008268,0.853030129431346));
#3889=CARTESIAN_POINT('Ctrl Pts',(0.0510548656342569,8.57113861797306,1.49368106702912));
#3890=CARTESIAN_POINT('Ctrl Pts',(1.28258580403572,8.65051980586346,0.767244150049129));
#3891=CARTESIAN_POINT('Ctrl Pts',(1.34023320671225,8.72990099375383,-0.661411360948331));
#3892=CARTESIAN_POINT('Ctrl Pts',(0.17123537632385,8.80928218164422,-1.48471126414826));
#3893=CARTESIAN_POINT('Ctrl Pts',(-1.15448515375728,8.88866336953461,-0.949133649670699));
#3894=CARTESIAN_POINT('Ctrl Pts',(-1.4235660623237,8.96804455742499,0.45513790112845));
#3895=CARTESIAN_POINT('Ctrl Pts',(-0.389731345796083,9.04742574531538,1.44284243592893));
#3896=CARTESIAN_POINT('Ctrl Pts',(1.0008036024775,9.12680693320575,1.10999491206698));
#3897=CARTESIAN_POINT('Ctrl Pts',(1.47535630996295,9.20618812109616,-0.23878414513411));
#3898=CARTESIAN_POINT('Ctrl Pts',(0.599591139649262,9.28556930898653,-1.36899498391347));
#3899=CARTESIAN_POINT('Ctrl Pts',(-0.824945359379327,9.36495049687692,-1.24627751697086));
#3900=CARTESIAN_POINT('Ctrl Pts',(-1.49445833346858,9.4443316847673,0.0171703833659559));
#3901=CARTESIAN_POINT('Ctrl Pts',(-0.796161070752557,9.52371287265768,1.26475506863511));
#3902=CARTESIAN_POINT('Ctrl Pts',(0.630800043843951,9.60309406054807,1.35505699730696));
#3903=CARTESIAN_POINT('Ctrl Pts',(1.48046221736279,9.68247524843845,0.20461179765997));
#3904=CARTESIAN_POINT('Ctrl Pts',(0.975059768916147,9.76185643632886,-1.13208632737134));
#3905=CARTESIAN_POINT('Ctrl Pts',(-0.422616203397465,9.84123762421922,-1.43459766182741));
#3906=CARTESIAN_POINT('Ctrl Pts',(-1.43381419185119,9.92061881210962,-0.420220584424212));
#3907=CARTESIAN_POINT('Ctrl Pts',(-1.23250810435375,9.97353960403654,0.506627002558284));
#3908=CARTESIAN_POINT('Ctrl Pts',(-0.958116152722385,10.,0.825211298936494));
#3909=CARTESIAN_POINT('Ctrl Pts',(-0.958116152722385,10.,0.825211298936494));
#3910=CARTESIAN_POINT('Ctrl Pts',(-0.994997497336249,10.,0.790769024595506));
#3911=CARTESIAN_POINT('Ctrl Pts',(-1.02949765382268,10.,0.754088200029256));
#3912=CARTESIAN_POINT('Ctrl Pts',(-1.06161592688108,10.,0.715488764391551));
#3913=CARTESIAN_POINT('Ctrl Pts',(-1.09517980400321,10.,0.675152015514301));
#3914=CARTESIAN_POINT('Ctrl Pts',(-1.12614318014546,10.,0.63271960428005));
#3915=CARTESIAN_POINT('Ctrl Pts',(-1.15447713984769,10.,0.588506898950599));
#3916=CARTESIAN_POINT('Ctrl Pts',(-1.17754190375293,10.,0.552516320127423));
#3917=CARTESIAN_POINT('Ctrl Pts',(-1.19886386117051,10.,0.515344872657651));
#3918=CARTESIAN_POINT('Ctrl Pts',(-1.21841027495537,10.,0.477143799994382));
#3919=CARTESIAN_POINT('Ctrl Pts',(-1.2276927950409,10.,0.45900225095174));
#3920=CARTESIAN_POINT('Ctrl Pts',(-1.23657464136072,10.,0.440628282070384));
#3921=CARTESIAN_POINT('Ctrl Pts',(-1.24505091344786,10.,0.422037101978779));
#3922=CARTESIAN_POINT('Ctrl Pts',(-1.24920094691953,10.,0.41293474909716));
#3923=CARTESIAN_POINT('Ctrl Pts',(-1.25325001355331,10.,0.403788440878441));
#3924=CARTESIAN_POINT('Ctrl Pts',(-1.25719666753809,10.,0.39460343086795));
#3925=CARTESIAN_POINT('Ctrl Pts',(-1.27871739993302,10.,0.344518436530245));
#3926=CARTESIAN_POINT('Ctrl Pts',(-1.29720923569184,10.,0.29325648307724));
#3927=CARTESIAN_POINT('Ctrl Pts',(-1.3126440542084,10.,0.241148472183869));
#3928=CARTESIAN_POINT('Ctrl Pts',(-1.32839783358381,10.,0.187963648117082));
#3929=CARTESIAN_POINT('Ctrl Pts',(-1.34096756259791,10.,0.133896506832966));
#3930=CARTESIAN_POINT('Ctrl Pts',(-1.35028163270819,10.,0.0792646963865532));
#3931=CARTESIAN_POINT('Ctrl Pts',(-1.35699450250085,10.,0.0398902633276173));
#3932=CARTESIAN_POINT('Ctrl Pts',(-1.36201539569237,10.,0.000221742206169662));
#3933=CARTESIAN_POINT('Ctrl Pts',(-1.36530172344056,10.,-0.0396282747401831));
#3934=CARTESIAN_POINT('Ctrl Pts',(-1.36628959601574,10.,-0.0516072195923495));
#3935=CARTESIAN_POINT('Ctrl Pts',(-1.36712063442022,10.,-0.0636025860673501));
#3936=CARTESIAN_POINT('Ctrl Pts',(-1.3677934238814,10.,-0.0756113571563091));
#3937=CARTESIAN_POINT('Ctrl Pts',(-1.36834002773904,10.,-0.0853678128998131));
#3938=CARTESIAN_POINT('Ctrl Pts',(-1.36878196875258,10.,-0.0951309011094883));
#3939=CARTESIAN_POINT('Ctrl Pts',(-1.36911842405602,10.,-0.104887642587856));
#3940=CARTESIAN_POINT('Ctrl Pts',(-1.37107734140542,10.,-0.161693553982847));
#3941=CARTESIAN_POINT('Ctrl Pts',(-1.36947061548584,10.,-0.218389156989395));
#3942=CARTESIAN_POINT('Ctrl Pts',(-1.364240947434,10.,-0.274641611192746));
#3943=CARTESIAN_POINT('Ctrl Pts',(-1.36044067695151,10.,-0.315518878957662));
#3944=CARTESIAN_POINT('Ctrl Pts',(-1.35472641681488,10.,-0.356162860875096));
#3945=CARTESIAN_POINT('Ctrl Pts',(-1.34705973493491,10.,-0.39645118195128));
#3946=CARTESIAN_POINT('Ctrl Pts',(-1.33677732034383,10.,-0.450485146966332));
#3947=CARTESIAN_POINT('Ctrl Pts',(-1.3229851252271,10.,-0.503880016687435));
#3948=CARTESIAN_POINT('Ctrl Pts',(-1.30591051504728,10.,-0.556433707619412));
#3949=CARTESIAN_POINT('Ctrl Pts',(-1.30102318955348,10.,-0.571476334700224));
#3950=CARTESIAN_POINT('Ctrl Pts',(-1.29586661257371,10.,-0.586450006082811));
#3951=CARTESIAN_POINT('Ctrl Pts',(-1.29044536034352,10.,-0.601349847749967));
#3952=CARTESIAN_POINT('Ctrl Pts',(-1.28690758999325,10.,-0.611073102790614));
#3953=CARTESIAN_POINT('Ctrl Pts',(-1.28325693711108,10.,-0.620765033732083));
#3954=CARTESIAN_POINT('Ctrl Pts',(-1.27950040833897,10.,-0.630410255404039));
#3955=CARTESIAN_POINT('Ctrl Pts',(-1.25893656096663,10.,-0.683209762173954));
#3956=CARTESIAN_POINT('Ctrl Pts',(-1.235167303383,10.,-0.734714133449405));
#3957=CARTESIAN_POINT('Ctrl Pts',(-1.20848101375544,10.,-0.784717276829691));
#3958=CARTESIAN_POINT('Ctrl Pts',(-1.1811499428013,10.,-0.835928572170123));
#3959=CARTESIAN_POINT('Ctrl Pts',(-1.15075882727876,10.,-0.885566113939237));
#3960=CARTESIAN_POINT('Ctrl Pts',(-1.11756184456877,10.,-0.933402877828578));
#3961=CARTESIAN_POINT('Ctrl Pts',(-1.09655143614492,10.,-0.96367882054817));
#3962=CARTESIAN_POINT('Ctrl Pts',(-1.07441599969032,10.,-0.993233282673107));
#3963=CARTESIAN_POINT('Ctrl Pts',(-1.05120994637251,10.,-1.02200502435734));
#3964=CARTESIAN_POINT('Ctrl Pts',(-1.03317527754347,10.,-1.04436508816499));
#3965=CARTESIAN_POINT('Ctrl Pts',(-1.01449382980176,10.,-1.06625236672044));
#3966=CARTESIAN_POINT('Ctrl Pts',(-0.995188321977039,10.,-1.08763626194674));
#3967=CARTESIAN_POINT('Ctrl Pts',(-0.987659951448671,10.,-1.09597511985533));
#3968=CARTESIAN_POINT('Ctrl Pts',(-0.980042692534906,10.,-1.10423069814414));
#3969=CARTESIAN_POINT('Ctrl Pts',(-0.972339829799829,10.,-1.11239987514088));
#3970=CARTESIAN_POINT('Ctrl Pts',(-0.934723912196115,10.,-1.15229297714314));
#3971=CARTESIAN_POINT('Ctrl Pts',(-0.895058008900235,10.,-1.19013919848744));
#3972=CARTESIAN_POINT('Ctrl Pts',(-0.853537073708952,10.,-1.225752521553));
#3973=CARTESIAN_POINT('Ctrl Pts',(-0.822130308329899,10.,-1.25269072216761));
#3974=CARTESIAN_POINT('Ctrl Pts',(-0.789661412111066,10.,-1.27835121398118));
#3975=CARTESIAN_POINT('Ctrl Pts',(-0.756203460167765,10.,-1.30264626337502));
#3976=CARTESIAN_POINT('Ctrl Pts',(-0.744664216352087,10.,-1.31102533268999));
#3977=CARTESIAN_POINT('Ctrl Pts',(-0.733005913963959,10.,-1.31924283033827));
#3978=CARTESIAN_POINT('Ctrl Pts',(-0.721235497849797,10.,-1.3272920788024));
#3979=CARTESIAN_POINT('Ctrl Pts',(-0.670917905267008,10.,-1.36170197569028));
#3980=CARTESIAN_POINT('Ctrl Pts',(-0.618687732461171,10.,-1.39294954189893));
#3981=CARTESIAN_POINT('Ctrl Pts',(-0.564792631230453,10.,-1.42077577600964));
#3982=CARTESIAN_POINT('Ctrl Pts',(-0.522869599827994,10.,-1.44242078751896));
#3983=CARTESIAN_POINT('Ctrl Pts',(-0.479938154203039,10.,-1.4619953154818));
#3984=CARTESIAN_POINT('Ctrl Pts',(-0.436099868758873,10.,-1.47936152564289));
#3985=CARTESIAN_POINT('Ctrl Pts',(-0.42392464337829,10.,-1.48418465046576));
#3986=CARTESIAN_POINT('Ctrl Pts',(-0.411679403376836,10.,-1.48883733935137));
#3987=CARTESIAN_POINT('Ctrl Pts',(-0.399367378208867,10.,-1.4933205573382));
#3988=CARTESIAN_POINT('Ctrl Pts',(-1.26656519337943,9.44341967361941,0.000101122123138941));
#3989=CARTESIAN_POINT('Ctrl Pts',(-1.26657010376682,9.44372367733538,0.00490974024001995));
#3990=CARTESIAN_POINT('Ctrl Pts',(-1.26654507782415,9.44402768105134,0.00971830170583585));
#3991=CARTESIAN_POINT('Ctrl Pts',(-1.2664899606677,9.44433168476731,0.0145265141880116));
#3992=CARTESIAN_POINT('Ctrl Pts',(-1.2616925792299,9.47079208073076,0.43303194512234));
#3993=CARTESIAN_POINT('Ctrl Pts',(-1.02892682499123,9.49725247669423,0.848893506878725));
#3994=CARTESIAN_POINT('Ctrl Pts',(-0.674717095439142,9.52371287265769,1.07187460920222));
#3995=CARTESIAN_POINT('Ctrl Pts',(-0.320507365887054,9.55017326862115,1.29485571152573));
#3996=CARTESIAN_POINT('Ctrl Pts',(0.155146338978449,9.57663366458461,1.32495635441634));
#3997=CARTESIAN_POINT('Ctrl Pts',(0.53458355366434,9.60309406054807,1.14826580925382));
#3998=CARTESIAN_POINT('Ctrl Pts',(0.914020768350231,9.62955445651153,0.971575264091296));
#3999=CARTESIAN_POINT('Ctrl Pts',(1.19724149285651,9.65601485247499,0.588093530875633));
#4000=CARTESIAN_POINT('Ctrl Pts',(1.25461811370188,9.68247524843846,0.173569643429249));
#4001=CARTESIAN_POINT('Ctrl Pts',(1.31199473454724,9.70893564440192,-0.240954244017134));
#4002=CARTESIAN_POINT('Ctrl Pts',(1.1435272517317,9.73539604036539,-0.686520285694239));
#4003=CARTESIAN_POINT('Ctrl Pts',(0.826347514938321,9.76185643632885,-0.959721862275468));
#4004=CARTESIAN_POINT('Ctrl Pts',(0.509167778144948,9.78831683229231,-1.2329234388567));
#4005=CARTESIAN_POINT('Ctrl Pts',(0.0432757873737482,9.81477722825576,-1.33376055034205));
#4006=CARTESIAN_POINT('Ctrl Pts',(-0.358203206087471,9.84123762421922,-1.21511625985087));
#4007=CARTESIAN_POINT('Ctrl Pts',(-0.759682199548703,9.86769802018268,-1.09647196935968));
#4008=CARTESIAN_POINT('Ctrl Pts',(-1.09674819569995,9.89415841614615,-0.758346276891942));
#4009=CARTESIAN_POINT('Ctrl Pts',(-1.21495467190121,9.92061881210962,-0.357571533912444));
#4010=CARTESIAN_POINT('Ctrl Pts',(-1.24890742021669,9.92821909927955,-0.242455980036897));
#4011=CARTESIAN_POINT('Ctrl Pts',(-1.26480370194299,9.93581938644948,-0.122171720282492));
#4012=CARTESIAN_POINT('Ctrl Pts',(-1.26371275898703,9.94341967361942,-0.00163569704344375));
#4013=CARTESIAN_POINT('Ctrl Pts',(-0.398513841857237,0.,-1.49064942821851));
#4014=CARTESIAN_POINT('Ctrl Pts',(-0.456563896913679,-6.86161488437212E-18,
-1.46943817702838));
#4015=CARTESIAN_POINT('Ctrl Pts',(-0.51301469758719,-2.16813958378023E-17,
-1.44453543654335));
#4016=CARTESIAN_POINT('Ctrl Pts',(-0.567663196151166,-6.76542155630955E-17,
-1.41625151886545));
#4017=CARTESIAN_POINT('Ctrl Pts',(-0.621432768356023,-1.12887642182971E-16,
-1.38842249896954));
#4018=CARTESIAN_POINT('Ctrl Pts',(-0.673458186396408,5.27352291221275E-17,
-1.35731906241136));
#4019=CARTESIAN_POINT('Ctrl Pts',(-0.723513820505837,2.77555756156289E-17,
-1.3231918936));
#4020=CARTESIAN_POINT('Ctrl Pts',(-0.761771486584225,8.6635541157865E-18,
-1.2971083996674));
#4021=CARTESIAN_POINT('Ctrl Pts',(-0.798877919579931,-1.19719957931367E-16,
-1.2692575586544));
#4022=CARTESIAN_POINT('Ctrl Pts',(-0.834715904667096,-1.6306400674182E-16,
-1.2397390523152));
#4023=CARTESIAN_POINT('Ctrl Pts',(-0.854145184089991,-1.86562639089862E-16,
-1.2237358281826));
#4024=CARTESIAN_POINT('Ctrl Pts',(-0.873201376305733,-2.10018549249746E-16,
-1.2072422915178));
#4025=CARTESIAN_POINT('Ctrl Pts',(-0.891863728865669,-2.39391839684799E-16,
-1.19027345172796));
#4026=CARTESIAN_POINT('Ctrl Pts',(-0.898670278132787,-2.5010489142045E-16,
-1.18408456189403));
#4027=CARTESIAN_POINT('Ctrl Pts',(-0.905423553870586,5.51140454759235E-18,
-1.17783315293314));
#4028=CARTESIAN_POINT('Ctrl Pts',(-0.912115445959348,1.38777878078145E-17,
-1.17152690816807));
#4029=CARTESIAN_POINT('Ctrl Pts',(-0.955213308306507,6.77598930943224E-17,
-1.13091273429804));
#4030=CARTESIAN_POINT('Ctrl Pts',(-0.995851871314486,2.52692114446903E-16,
-1.08795153906903));
#4031=CARTESIAN_POINT('Ctrl Pts',(-1.03382505959651,1.80411241501588E-16,
-1.04288446475245));
#4032=CARTESIAN_POINT('Ctrl Pts',(-1.07102004785476,1.0961164994425E-16,
-0.99874096835732));
#4033=CARTESIAN_POINT('Ctrl Pts',(-1.10565822886072,2.10547966413671E-17,
-0.952576079149905));
#4034=CARTESIAN_POINT('Ctrl Pts',(-1.13750301977862,1.04083408558608E-16,
-0.904593291823838));
#4035=CARTESIAN_POINT('Ctrl Pts',(-1.16136929531081,1.66309715340798E-16,
-0.868632295060548));
#4036=CARTESIAN_POINT('Ctrl Pts',(-1.18366574502644,4.22268097510218E-17,
-0.831649674522385));
#4037=CARTESIAN_POINT('Ctrl Pts',(-1.20427420924117,2.77555756156289E-17,
-0.793726893960736));
#4038=CARTESIAN_POINT('Ctrl Pts',(-1.21469191271263,2.0440279118149E-17,
-0.77455669871534));
#4039=CARTESIAN_POINT('Ctrl Pts',(-1.22467800657694,-1.48245212450074E-16,
-0.755146223815729));
#4040=CARTESIAN_POINT('Ctrl Pts',(-1.23421549494338,-1.66533453693773E-16,
-0.735505906862753));
#4041=CARTESIAN_POINT('Ctrl Pts',(-1.23875439907113,-1.75236853423456E-16,
-0.726159052401376));
#4042=CARTESIAN_POINT('Ctrl Pts',(-1.24318806115638,-2.52469223124429E-16,
-0.716767531648029));
#4043=CARTESIAN_POINT('Ctrl Pts',(-1.24751338896594,-2.4980018054066E-16,
-0.707336541787008));
#4044=CARTESIAN_POINT('Ctrl Pts',(-1.27073536281974,-2.3547052974336E-16,
-0.65670310783465));
#4045=CARTESIAN_POINT('Ctrl Pts',(-1.29085613291565,-3.52319151620465E-17,
-0.604896919985306));
#4046=CARTESIAN_POINT('Ctrl Pts',(-1.3076636853844,-2.77555756156289E-17,
-0.552108343431627));
#4047=CARTESIAN_POINT('Ctrl Pts',(-1.3201866740929,-2.21850967553161E-17,
-0.512776575802217));
#4048=CARTESIAN_POINT('Ctrl Pts',(-1.33086945597017,-4.90122592275596E-17,
-0.472899003941225));
#4049=CARTESIAN_POINT('Ctrl Pts',(-1.3396056060289,-5.55111512312578E-17,
-0.432551718938674));
#4050=CARTESIAN_POINT('Ctrl Pts',(-1.35133719626523,-6.42383751760087E-17,
-0.378370207447242));
#4051=CARTESIAN_POINT('Ctrl Pts',(-1.35955960689465,1.65613864919507E-16,
-0.323340582023122));
#4052=CARTESIAN_POINT('Ctrl Pts',(-1.36433124736092,1.94289029309402E-16,
-0.267783666830121));
#4053=CARTESIAN_POINT('Ctrl Pts',(-1.36568306043005,2.02412747400823E-16,
-0.25204430746952));
#4054=CARTESIAN_POINT('Ctrl Pts',(-1.36675763997561,1.60528966408811E-16,
-0.236262717566202));
#4055=CARTESIAN_POINT('Ctrl Pts',(-1.36755567972454,1.66533453693773E-16,
-0.220446457698036));
#4056=CARTESIAN_POINT('Ctrl Pts',(-1.36806679927951,1.70379140419255E-16,
-0.210316636826552));
#4057=CARTESIAN_POINT('Ctrl Pts',(-1.36846437257654,-8.78790831820601E-18,
-0.200172480938686));
#4058=CARTESIAN_POINT('Ctrl Pts',(-1.36874843426158,-1.38777878078145E-17,
-0.190030760251573));
#4059=CARTESIAN_POINT('Ctrl Pts',(-1.37030694298443,-4.18034884582138E-17,
-0.134388056614577));
#4060=CARTESIAN_POINT('Ctrl Pts',(-1.36845931206434,3.11291819982165E-16,
-0.0787074761825857));
#4061=CARTESIAN_POINT('Ctrl Pts',(-1.36331681578075,2.91433543964104E-16,
-0.023306827731094));
#4062=CARTESIAN_POINT('Ctrl Pts',(-1.35817635643435,2.71583133787608E-16,
0.0320718765837076));
#4063=CARTESIAN_POINT('Ctrl Pts',(-1.34974317226163,1.19547793219664E-16,
0.0871720172444821));
#4064=CARTESIAN_POINT('Ctrl Pts',(-1.33807902428598,1.38777878078145E-16,
0.141661013762446));
#4065=CARTESIAN_POINT('Ctrl Pts',(-1.33098700015517,1.50470135938592E-16,
0.174791361471969));
#4066=CARTESIAN_POINT('Ctrl Pts',(-1.32269960287671,-4.80452467662696E-17,
0.207695406738351));
#4067=CARTESIAN_POINT('Ctrl Pts',(-1.31322288222676,-4.16333634234434E-17,
0.240292947924909));
#4068=CARTESIAN_POINT('Ctrl Pts',(-1.30832177309836,-3.83173070424919E-17,
0.257151533565889));
#4069=CARTESIAN_POINT('Ctrl Pts',(-1.3031024659433,3.97111178867246E-17,
0.273928058796222));
#4070=CARTESIAN_POINT('Ctrl Pts',(-1.2975652367368,5.55111512312578E-17,
0.290610844878868));
#4071=CARTESIAN_POINT('Ctrl Pts',(-1.29309968133579,6.82532505026776E-17,
0.304064849168199));
#4072=CARTESIAN_POINT('Ctrl Pts',(-1.28842610854695,2.43001336772523E-16,
0.317460795956997));
#4073=CARTESIAN_POINT('Ctrl Pts',(-1.28355368612238,2.35922392732846E-16,
0.330768651705284));
#4074=CARTESIAN_POINT('Ctrl Pts',(-1.26510649870809,2.09121225671293E-16,
0.381152729209183));
#4075=CARTESIAN_POINT('Ctrl Pts',(-1.24379012842315,-6.00390487268741E-17,
0.430347165969478));
#4076=CARTESIAN_POINT('Ctrl Pts',(-1.21965195446395,-8.32667268468867E-17,
0.478037816508053));
#4077=CARTESIAN_POINT('Ctrl Pts',(-1.20276362545659,-9.95180253432416E-17,
0.511404690001963));
#4078=CARTESIAN_POINT('Ctrl Pts',(-1.18449311104927,-1.00007990746799E-17,
0.544034937409763));
#4079=CARTESIAN_POINT('Ctrl Pts',(-1.16484617642057,0.,0.575809911346305));
#4080=CARTESIAN_POINT('Ctrl Pts',(-1.15687147837999,4.05932804747088E-18,
0.588707385032665));
#4081=CARTESIAN_POINT('Ctrl Pts',(-1.14866848934978,8.95080236288265E-17,
0.601465612472251));
#4082=CARTESIAN_POINT('Ctrl Pts',(-1.14025055697361,5.55111512312578E-17,
0.614057247917179));
#4083=CARTESIAN_POINT('Ctrl Pts',(-1.11178757787067,-5.94401486099682E-17,
0.656632483797546));
#4084=CARTESIAN_POINT('Ctrl Pts',(-1.08084016766421,-1.11326821399643E-16,
0.69735577941718));
#4085=CARTESIAN_POINT('Ctrl Pts',(-1.04743466912416,-1.38777878078145E-16,
0.735926288546627));
#4086=CARTESIAN_POINT('Ctrl Pts',(-1.0269820456855,-1.55584875422174E-16,
0.759541206255939));
#4087=CARTESIAN_POINT('Ctrl Pts',(-1.00560736568502,1.39033964702565E-16,
0.782348436885881));
#4088=CARTESIAN_POINT('Ctrl Pts',(-0.983311393494458,1.11022302462516E-16,
0.804270745061464));
#4089=CARTESIAN_POINT('Ctrl Pts',(-0.975625363491655,7.34896377162878E-17,
0.811827962882159));
#4090=CARTESIAN_POINT('Ctrl Pts',(-0.967829815907555,8.33874316509682E-17,
0.819279956738224));
#4091=CARTESIAN_POINT('Ctrl Pts',(-0.959927422602388,8.32667268468867E-17,
0.826625632208755));
#4092=CARTESIAN_POINT('Origin',(1.11022302462516E-15,10.,-1.99840144432528E-14));
#4093=CARTESIAN_POINT('',(-1.32790561913613,10.,-2.30000000000002));
#4094=CARTESIAN_POINT('',(-2.65581123827227,10.,-1.66533453693773E-14));
#4095=CARTESIAN_POINT('',(-1.32790561913613,10.,-2.30000000000002));
#4096=CARTESIAN_POINT('',(-1.32790561913614,10.,2.29999999999998));
#4097=CARTESIAN_POINT('',(-2.65581123827227,10.,-1.66533453693773E-14));
#4098=CARTESIAN_POINT('',(1.32790561913613,10.,2.29999999999998));
#4099=CARTESIAN_POINT('',(-1.32790561913614,10.,2.29999999999998));
#4100=CARTESIAN_POINT('',(2.65581123827228,10.,-2.33146835171283E-14));
#4101=CARTESIAN_POINT('',(1.32790561913613,10.,2.29999999999998));
#4102=CARTESIAN_POINT('',(1.32790561913614,10.,-2.30000000000002));
#4103=CARTESIAN_POINT('',(2.65581123827228,10.,-2.33146835171283E-14));
#4104=CARTESIAN_POINT('',(1.32790561913614,10.,-2.30000000000002));
#4105=CARTESIAN_POINT('Origin',(0.,0.,0.));
#4106=CARTESIAN_POINT('Origin',(1.32790561913614,0.,-2.30000000000002));
#4107=CARTESIAN_POINT('',(1.32790561913614,0.,-2.30000000000002));
#4108=CARTESIAN_POINT('',(-1.32790561913613,0.,-2.30000000000002));
#4109=CARTESIAN_POINT('',(1.32790561913614,0.,-2.30000000000002));
#4110=CARTESIAN_POINT('',(-1.32790561913613,0.,-2.30000000000002));
#4111=CARTESIAN_POINT('',(1.32790561913614,0.,-2.30000000000002));
#4112=CARTESIAN_POINT('Origin',(2.65581123827228,0.,-2.33146835171283E-14));
#4113=CARTESIAN_POINT('',(2.65581123827228,0.,-2.33146835171283E-14));
#4114=CARTESIAN_POINT('',(2.65581123827228,0.,-2.33146835171283E-14));
#4115=CARTESIAN_POINT('',(2.65581123827228,0.,-2.33146835171283E-14));
#4116=CARTESIAN_POINT('Origin',(1.32790561913613,0.,2.29999999999998));
#4117=CARTESIAN_POINT('',(1.32790561913613,0.,2.29999999999998));
#4118=CARTESIAN_POINT('',(1.32790561913613,0.,2.29999999999998));
#4119=CARTESIAN_POINT('',(1.32790561913613,0.,2.29999999999998));
#4120=CARTESIAN_POINT('Origin',(-1.32790561913614,0.,2.29999999999998));
#4121=CARTESIAN_POINT('',(-1.32790561913614,0.,2.29999999999998));
#4122=CARTESIAN_POINT('',(-1.32790561913614,0.,2.29999999999998));
#4123=CARTESIAN_POINT('',(-1.32790561913614,0.,2.29999999999998));
#4124=CARTESIAN_POINT('Origin',(-2.65581123827227,0.,-1.66533453693773E-14));
#4125=CARTESIAN_POINT('',(-2.65581123827227,0.,-1.66533453693773E-14));
#4126=CARTESIAN_POINT('',(-2.65581123827227,0.,-1.66533453693773E-14));
#4127=CARTESIAN_POINT('',(-2.65581123827227,0.,-1.66533453693773E-14));
#4128=CARTESIAN_POINT('Origin',(-1.32790561913613,0.,-2.30000000000002));
#4129=CARTESIAN_POINT('',(-1.32790561913613,0.,-2.30000000000002));
#4130=CARTESIAN_POINT('Origin',(1.11022302462516E-15,0.,-1.99840144432528E-14));
#4131=UNCERTAINTY_MEASURE_WITH_UNIT(LENGTH_MEASURE(0.01),#4135,
'DISTANCE_ACCURACY_VALUE',
'Maximum model space distance between geometric entities at asserted c
onnectivities');
#4132=UNCERTAINTY_MEASURE_WITH_UNIT(LENGTH_MEASURE(0.01),#4135,
'DISTANCE_ACCURACY_VALUE',
'Maximum model space distance between geometric entities at asserted c
onnectivities');
#4133=(
GEOMETRIC_REPRESENTATION_CONTEXT(3)
GLOBAL_UNCERTAINTY_ASSIGNED_CONTEXT((#4131))
GLOBAL_UNIT_ASSIGNED_CONTEXT((#4135,#4137,#4138))
REPRESENTATION_CONTEXT('','3D')
);
#4134=(
GEOMETRIC_REPRESENTATION_CONTEXT(3)
GLOBAL_UNCERTAINTY_ASSIGNED_CONTEXT((#4132))
GLOBAL_UNIT_ASSIGNED_CONTEXT((#4135,#4137,#4138))
REPRESENTATION_CONTEXT('','3D')
);
#4135=(
LENGTH_UNIT()
NAMED_UNIT(*)
SI_UNIT(.MILLI.,.METRE.)
);
#4136=(
LENGTH_UNIT()
NAMED_UNIT(*)
SI_UNIT($,.METRE.)
);
#4137=(
NAMED_UNIT(*)
PLANE_ANGLE_UNIT()
SI_UNIT($,.RADIAN.)
);
#4138=(
NAMED_UNIT(*)
SI_UNIT($,.STERADIAN.)
SOLID_ANGLE_UNIT()
);
#4139=SHAPE_DEFINITION_REPRESENTATION(#4140,#4141);
#4140=PRODUCT_DEFINITION_SHAPE('',$,#4143);
#4141=SHAPE_REPRESENTATION('',(#998),#4133);
#4142=PRODUCT_DEFINITION_CONTEXT('part definition',#4147,'design');
#4143=PRODUCT_DEFINITION('2026-08-17-06-42-16-836','\X2\4E3B63A7677F\X0\H
60\X2\652F67F1\X0\',#4144,#4142);
#4144=PRODUCT_DEFINITION_FORMATION('',$,#4149);
#4145=PRODUCT_RELATED_PRODUCT_CATEGORY('\X2\4E3B63A7677F\X0\H60\X2\652F67F1\X0\',
'\X2\4E3B63A7677F\X0\H60\X2\652F67F1\X0\',(#4149));
#4146=APPLICATION_PROTOCOL_DEFINITION('international standard',
'automotive_design',2009,#4147);
#4147=APPLICATION_CONTEXT(
'Core Data for Automotive Mechanical Design Process');
#4148=PRODUCT_CONTEXT('part definition',#4147,'mechanical');
#4149=PRODUCT('2026-08-17-06-42-16-836','\X2\4E3B63A7677F\X0\H60\X2\652F67F1\X0\',
$,(#4148));
#4150=PRESENTATION_STYLE_ASSIGNMENT((#4151));
#4151=SURFACE_STYLE_USAGE(.BOTH.,#4152);
#4152=SURFACE_SIDE_STYLE('',(#4153));
#4153=SURFACE_STYLE_FILL_AREA(#4154);
#4154=FILL_AREA_STYLE('\X2\94A2\X0\ - \X2\7F0E5149\X0\',(#4155));
#4155=FILL_AREA_STYLE_COLOUR('\X2\94A2\X0\ - \X2\7F0E5149\X0\',#4156);
#4156=COLOUR_RGB('\X2\94A2\X0\ - \X2\7F0E5149\X0\',0.627450980392157,0.627450980392157,
0.627450980392157);
ENDSEC;
END-ISO-10303-21;
