ISO-10303-21;
HEADER;
/* Generated by software containing ST-Developer
 * from STEP Tools, Inc. (www.steptools.com) 
 */

FILE_DESCRIPTION(
/* description */ (''),
/* implementation_level */ '2;1');

FILE_NAME(
/* name */ '',
/* time_stamp */ '2026-08-19T01:59:14+08:00',
/* author */ (''),
/* organization */ (''),
/* preprocessor_version */ 'ST-DEVELOPER v20.1',
/* originating_system */ 'Autodesk Translation Framework v15.8.0.0',
/* authorisation */ '');

FILE_SCHEMA (('AUTOMOTIVE_DESIGN { 1 0 10303 214 3 1 1 }'));
ENDSEC;

DATA;
#10=MECHANICAL_DESIGN_GEOMETRIC_PRESENTATION_REPRESENTATION('',(#13),#2985);
#11=SHAPE_REPRESENTATION_RELATIONSHIP('SRR','None',#2992,#12);
#12=ADVANCED_BREP_SHAPE_REPRESENTATION('',(#14),#2984);
#13=STYLED_ITEM('',(#3001),#14);
#14=MANIFOLD_SOLID_BREP('\X2\5B9E4F53\X0\1',#1757);
#15=FACE_BOUND('',#208,.T.);
#16=FACE_BOUND('',#209,.T.);
#17=FACE_BOUND('',#210,.T.);
#18=FACE_BOUND('',#211,.T.);
#19=FACE_BOUND('',#212,.T.);
#20=FACE_BOUND('',#213,.T.);
#21=FACE_BOUND('',#214,.T.);
#22=FACE_BOUND('',#215,.T.);
#23=FACE_BOUND('',#216,.T.);
#24=FACE_BOUND('',#217,.T.);
#25=FACE_BOUND('',#218,.T.);
#26=FACE_BOUND('',#219,.T.);
#27=FACE_BOUND('',#220,.T.);
#28=FACE_BOUND('',#221,.T.);
#29=FACE_BOUND('',#222,.T.);
#30=FACE_BOUND('',#223,.T.);
#31=FACE_BOUND('',#224,.T.);
#32=FACE_BOUND('',#225,.T.);
#33=FACE_BOUND('',#226,.T.);
#34=FACE_BOUND('',#227,.T.);
#35=FACE_BOUND('',#228,.T.);
#36=FACE_BOUND('',#229,.T.);
#37=FACE_BOUND('',#230,.T.);
#38=FACE_BOUND('',#231,.T.);
#39=FACE_BOUND('',#232,.T.);
#40=FACE_BOUND('',#233,.T.);
#41=FACE_BOUND('',#234,.T.);
#42=FACE_BOUND('',#235,.T.);
#43=FACE_BOUND('',#236,.T.);
#44=FACE_BOUND('',#237,.T.);
#45=FACE_BOUND('',#239,.T.);
#46=FACE_BOUND('',#240,.T.);
#47=FACE_BOUND('',#241,.T.);
#48=FACE_BOUND('',#242,.T.);
#49=FACE_BOUND('',#243,.T.);
#50=FACE_BOUND('',#244,.T.);
#51=FACE_BOUND('',#245,.T.);
#52=FACE_BOUND('',#246,.T.);
#53=FACE_BOUND('',#247,.T.);
#54=FACE_BOUND('',#248,.T.);
#55=FACE_BOUND('',#249,.T.);
#56=FACE_BOUND('',#250,.T.);
#57=FACE_BOUND('',#251,.T.);
#58=FACE_BOUND('',#252,.T.);
#59=FACE_BOUND('',#253,.T.);
#60=FACE_BOUND('',#254,.T.);
#61=FACE_BOUND('',#255,.T.);
#62=FACE_BOUND('',#256,.T.);
#63=FACE_BOUND('',#257,.T.);
#64=FACE_BOUND('',#258,.T.);
#65=FACE_BOUND('',#259,.T.);
#66=FACE_BOUND('',#260,.T.);
#67=FACE_BOUND('',#261,.T.);
#68=FACE_BOUND('',#262,.T.);
#69=FACE_BOUND('',#263,.T.);
#70=FACE_BOUND('',#264,.T.);
#71=FACE_BOUND('',#265,.T.);
#72=FACE_BOUND('',#266,.T.);
#73=FACE_BOUND('',#267,.T.);
#74=FACE_BOUND('',#268,.T.);
#75=PLANE('',#1780);
#76=PLANE('',#1784);
#77=PLANE('',#1788);
#78=PLANE('',#1789);
#79=PLANE('',#1799);
#80=PLANE('',#1803);
#81=PLANE('',#1807);
#82=PLANE('',#1808);
#83=PLANE('',#1809);
#84=PLANE('',#1854);
#85=PLANE('',#1903);
#86=PLANE('',#1904);
#87=PLANE('',#1908);
#88=PLANE('',#1910);
#89=PLANE('',#1922);
#90=PLANE('',#1924);
#91=PLANE('',#1928);
#92=PLANE('',#1930);
#93=PLANE('',#1936);
#94=PLANE('',#1938);
#95=PLANE('',#1943);
#96=PLANE('',#1945);
#97=PLANE('',#1947);
#98=PLANE('',#1949);
#99=PLANE('',#1951);
#100=PLANE('',#1954);
#101=PLANE('',#1956);
#102=PLANE('',#1958);
#103=PLANE('',#1960);
#104=PLANE('',#1962);
#105=FACE_OUTER_BOUND('',#189,.T.);
#106=FACE_OUTER_BOUND('',#190,.T.);
#107=FACE_OUTER_BOUND('',#191,.T.);
#108=FACE_OUTER_BOUND('',#192,.T.);
#109=FACE_OUTER_BOUND('',#193,.T.);
#110=FACE_OUTER_BOUND('',#194,.T.);
#111=FACE_OUTER_BOUND('',#195,.T.);
#112=FACE_OUTER_BOUND('',#196,.T.);
#113=FACE_OUTER_BOUND('',#197,.T.);
#114=FACE_OUTER_BOUND('',#198,.T.);
#115=FACE_OUTER_BOUND('',#199,.T.);
#116=FACE_OUTER_BOUND('',#200,.T.);
#117=FACE_OUTER_BOUND('',#201,.T.);
#118=FACE_OUTER_BOUND('',#202,.T.);
#119=FACE_OUTER_BOUND('',#203,.T.);
#120=FACE_OUTER_BOUND('',#204,.T.);
#121=FACE_OUTER_BOUND('',#205,.T.);
#122=FACE_OUTER_BOUND('',#206,.T.);
#123=FACE_OUTER_BOUND('',#207,.T.);
#124=FACE_OUTER_BOUND('',#238,.T.);
#125=FACE_OUTER_BOUND('',#269,.T.);
#126=FACE_OUTER_BOUND('',#270,.T.);
#127=FACE_OUTER_BOUND('',#271,.T.);
#128=FACE_OUTER_BOUND('',#272,.T.);
#129=FACE_OUTER_BOUND('',#273,.T.);
#130=FACE_OUTER_BOUND('',#274,.T.);
#131=FACE_OUTER_BOUND('',#275,.T.);
#132=FACE_OUTER_BOUND('',#276,.T.);
#133=FACE_OUTER_BOUND('',#277,.T.);
#134=FACE_OUTER_BOUND('',#278,.T.);
#135=FACE_OUTER_BOUND('',#279,.T.);
#136=FACE_OUTER_BOUND('',#280,.T.);
#137=FACE_OUTER_BOUND('',#281,.T.);
#138=FACE_OUTER_BOUND('',#282,.T.);
#139=FACE_OUTER_BOUND('',#283,.T.);
#140=FACE_OUTER_BOUND('',#284,.T.);
#141=FACE_OUTER_BOUND('',#285,.T.);
#142=FACE_OUTER_BOUND('',#286,.T.);
#143=FACE_OUTER_BOUND('',#287,.T.);
#144=FACE_OUTER_BOUND('',#288,.T.);
#145=FACE_OUTER_BOUND('',#289,.T.);
#146=FACE_OUTER_BOUND('',#290,.T.);
#147=FACE_OUTER_BOUND('',#291,.T.);
#148=FACE_OUTER_BOUND('',#292,.T.);
#149=FACE_OUTER_BOUND('',#293,.T.);
#150=FACE_OUTER_BOUND('',#294,.T.);
#151=FACE_OUTER_BOUND('',#295,.T.);
#152=FACE_OUTER_BOUND('',#296,.T.);
#153=FACE_OUTER_BOUND('',#297,.T.);
#154=FACE_OUTER_BOUND('',#298,.T.);
#155=FACE_OUTER_BOUND('',#299,.T.);
#156=FACE_OUTER_BOUND('',#300,.T.);
#157=FACE_OUTER_BOUND('',#301,.T.);
#158=FACE_OUTER_BOUND('',#302,.T.);
#159=FACE_OUTER_BOUND('',#303,.T.);
#160=FACE_OUTER_BOUND('',#304,.T.);
#161=FACE_OUTER_BOUND('',#305,.T.);
#162=FACE_OUTER_BOUND('',#306,.T.);
#163=FACE_OUTER_BOUND('',#307,.T.);
#164=FACE_OUTER_BOUND('',#308,.T.);
#165=FACE_OUTER_BOUND('',#309,.T.);
#166=FACE_OUTER_BOUND('',#310,.T.);
#167=FACE_OUTER_BOUND('',#311,.T.);
#168=FACE_OUTER_BOUND('',#312,.T.);
#169=FACE_OUTER_BOUND('',#313,.T.);
#170=FACE_OUTER_BOUND('',#314,.T.);
#171=FACE_OUTER_BOUND('',#315,.T.);
#172=FACE_OUTER_BOUND('',#316,.T.);
#173=FACE_OUTER_BOUND('',#317,.T.);
#174=FACE_OUTER_BOUND('',#318,.T.);
#175=FACE_OUTER_BOUND('',#319,.T.);
#176=FACE_OUTER_BOUND('',#320,.T.);
#177=FACE_OUTER_BOUND('',#321,.T.);
#178=FACE_OUTER_BOUND('',#322,.T.);
#179=FACE_OUTER_BOUND('',#323,.T.);
#180=FACE_OUTER_BOUND('',#324,.T.);
#181=FACE_OUTER_BOUND('',#325,.T.);
#182=FACE_OUTER_BOUND('',#326,.T.);
#183=FACE_OUTER_BOUND('',#327,.T.);
#184=FACE_OUTER_BOUND('',#328,.T.);
#185=FACE_OUTER_BOUND('',#329,.T.);
#186=FACE_OUTER_BOUND('',#330,.T.);
#187=FACE_OUTER_BOUND('',#331,.T.);
#188=FACE_OUTER_BOUND('',#332,.T.);
#189=EDGE_LOOP('',(#1127,#1128,#1129,#1130));
#190=EDGE_LOOP('',(#1131,#1132,#1133,#1134));
#191=EDGE_LOOP('',(#1135,#1136,#1137,#1138));
#192=EDGE_LOOP('',(#1139,#1140,#1141,#1142));
#193=EDGE_LOOP('',(#1143,#1144,#1145,#1146));
#194=EDGE_LOOP('',(#1147,#1148,#1149,#1150));
#195=EDGE_LOOP('',(#1151,#1152,#1153,#1154));
#196=EDGE_LOOP('',(#1155,#1156,#1157,#1158));
#197=EDGE_LOOP('',(#1159,#1160,#1161,#1162));
#198=EDGE_LOOP('',(#1163,#1164,#1165,#1166));
#199=EDGE_LOOP('',(#1167,#1168,#1169,#1170));
#200=EDGE_LOOP('',(#1171,#1172,#1173,#1174));
#201=EDGE_LOOP('',(#1175,#1176,#1177,#1178));
#202=EDGE_LOOP('',(#1179,#1180,#1181,#1182));
#203=EDGE_LOOP('',(#1183,#1184,#1185,#1186));
#204=EDGE_LOOP('',(#1187,#1188,#1189,#1190));
#205=EDGE_LOOP('',(#1191,#1192,#1193,#1194));
#206=EDGE_LOOP('',(#1195,#1196,#1197,#1198));
#207=EDGE_LOOP('',(#1199,#1200,#1201,#1202,#1203,#1204,#1205,#1206,#1207,
#1208,#1209,#1210,#1211,#1212,#1213,#1214,#1215,#1216,#1217,#1218,#1219,
#1220,#1221,#1222,#1223,#1224,#1225,#1226,#1227,#1228,#1229,#1230,#1231,
#1232,#1233,#1234,#1235,#1236,#1237,#1238));
#208=EDGE_LOOP('',(#1239));
#209=EDGE_LOOP('',(#1240));
#210=EDGE_LOOP('',(#1241));
#211=EDGE_LOOP('',(#1242));
#212=EDGE_LOOP('',(#1243));
#213=EDGE_LOOP('',(#1244));
#214=EDGE_LOOP('',(#1245));
#215=EDGE_LOOP('',(#1246));
#216=EDGE_LOOP('',(#1247,#1248,#1249,#1250));
#217=EDGE_LOOP('',(#1251));
#218=EDGE_LOOP('',(#1252));
#219=EDGE_LOOP('',(#1253));
#220=EDGE_LOOP('',(#1254,#1255,#1256,#1257));
#221=EDGE_LOOP('',(#1258));
#222=EDGE_LOOP('',(#1259));
#223=EDGE_LOOP('',(#1260,#1261,#1262,#1263));
#224=EDGE_LOOP('',(#1264));
#225=EDGE_LOOP('',(#1265));
#226=EDGE_LOOP('',(#1266));
#227=EDGE_LOOP('',(#1267));
#228=EDGE_LOOP('',(#1268));
#229=EDGE_LOOP('',(#1269));
#230=EDGE_LOOP('',(#1270));
#231=EDGE_LOOP('',(#1271));
#232=EDGE_LOOP('',(#1272));
#233=EDGE_LOOP('',(#1273));
#234=EDGE_LOOP('',(#1274,#1275,#1276,#1277));
#235=EDGE_LOOP('',(#1278));
#236=EDGE_LOOP('',(#1279));
#237=EDGE_LOOP('',(#1280));
#238=EDGE_LOOP('',(#1281,#1282,#1283,#1284,#1285,#1286,#1287,#1288,#1289,
#1290,#1291,#1292,#1293,#1294,#1295,#1296,#1297,#1298,#1299,#1300,#1301,
#1302,#1303,#1304,#1305,#1306,#1307,#1308,#1309,#1310,#1311,#1312,#1313,
#1314,#1315,#1316,#1317,#1318,#1319,#1320));
#239=EDGE_LOOP('',(#1321));
#240=EDGE_LOOP('',(#1322));
#241=EDGE_LOOP('',(#1323));
#242=EDGE_LOOP('',(#1324));
#243=EDGE_LOOP('',(#1325));
#244=EDGE_LOOP('',(#1326));
#245=EDGE_LOOP('',(#1327));
#246=EDGE_LOOP('',(#1328));
#247=EDGE_LOOP('',(#1329,#1330,#1331,#1332));
#248=EDGE_LOOP('',(#1333));
#249=EDGE_LOOP('',(#1334));
#250=EDGE_LOOP('',(#1335));
#251=EDGE_LOOP('',(#1336,#1337,#1338,#1339));
#252=EDGE_LOOP('',(#1340));
#253=EDGE_LOOP('',(#1341));
#254=EDGE_LOOP('',(#1342,#1343,#1344,#1345));
#255=EDGE_LOOP('',(#1346));
#256=EDGE_LOOP('',(#1347));
#257=EDGE_LOOP('',(#1348));
#258=EDGE_LOOP('',(#1349));
#259=EDGE_LOOP('',(#1350));
#260=EDGE_LOOP('',(#1351));
#261=EDGE_LOOP('',(#1352));
#262=EDGE_LOOP('',(#1353));
#263=EDGE_LOOP('',(#1354));
#264=EDGE_LOOP('',(#1355));
#265=EDGE_LOOP('',(#1356,#1357,#1358,#1359));
#266=EDGE_LOOP('',(#1360));
#267=EDGE_LOOP('',(#1361));
#268=EDGE_LOOP('',(#1362));
#269=EDGE_LOOP('',(#1363,#1364,#1365,#1366));
#270=EDGE_LOOP('',(#1367,#1368,#1369,#1370));
#271=EDGE_LOOP('',(#1371,#1372,#1373,#1374));
#272=EDGE_LOOP('',(#1375,#1376,#1377,#1378));
#273=EDGE_LOOP('',(#1379,#1380,#1381,#1382));
#274=EDGE_LOOP('',(#1383,#1384,#1385,#1386));
#275=EDGE_LOOP('',(#1387,#1388,#1389,#1390));
#276=EDGE_LOOP('',(#1391,#1392,#1393,#1394));
#277=EDGE_LOOP('',(#1395,#1396,#1397,#1398));
#278=EDGE_LOOP('',(#1399,#1400,#1401,#1402));
#279=EDGE_LOOP('',(#1403,#1404,#1405,#1406));
#280=EDGE_LOOP('',(#1407,#1408,#1409,#1410));
#281=EDGE_LOOP('',(#1411,#1412,#1413,#1414));
#282=EDGE_LOOP('',(#1415,#1416,#1417,#1418));
#283=EDGE_LOOP('',(#1419,#1420,#1421,#1422));
#284=EDGE_LOOP('',(#1423,#1424,#1425,#1426));
#285=EDGE_LOOP('',(#1427,#1428,#1429,#1430));
#286=EDGE_LOOP('',(#1431,#1432,#1433,#1434));
#287=EDGE_LOOP('',(#1435,#1436,#1437,#1438));
#288=EDGE_LOOP('',(#1439,#1440,#1441,#1442));
#289=EDGE_LOOP('',(#1443,#1444,#1445,#1446));
#290=EDGE_LOOP('',(#1447,#1448,#1449,#1450));
#291=EDGE_LOOP('',(#1451,#1452,#1453,#1454));
#292=EDGE_LOOP('',(#1455,#1456,#1457,#1458));
#293=EDGE_LOOP('',(#1459,#1460,#1461,#1462));
#294=EDGE_LOOP('',(#1463,#1464,#1465,#1466));
#295=EDGE_LOOP('',(#1467,#1468,#1469,#1470));
#296=EDGE_LOOP('',(#1471,#1472,#1473,#1474));
#297=EDGE_LOOP('',(#1475,#1476,#1477,#1478));
#298=EDGE_LOOP('',(#1479,#1480,#1481,#1482));
#299=EDGE_LOOP('',(#1483,#1484,#1485,#1486));
#300=EDGE_LOOP('',(#1487,#1488,#1489,#1490));
#301=EDGE_LOOP('',(#1491,#1492,#1493,#1494));
#302=EDGE_LOOP('',(#1495,#1496,#1497,#1498));
#303=EDGE_LOOP('',(#1499,#1500,#1501,#1502));
#304=EDGE_LOOP('',(#1503,#1504,#1505,#1506));
#305=EDGE_LOOP('',(#1507,#1508,#1509,#1510));
#306=EDGE_LOOP('',(#1511,#1512,#1513,#1514));
#307=EDGE_LOOP('',(#1515,#1516,#1517,#1518));
#308=EDGE_LOOP('',(#1519,#1520,#1521,#1522));
#309=EDGE_LOOP('',(#1523,#1524,#1525,#1526));
#310=EDGE_LOOP('',(#1527,#1528,#1529,#1530));
#311=EDGE_LOOP('',(#1531,#1532,#1533,#1534));
#312=EDGE_LOOP('',(#1535,#1536,#1537,#1538));
#313=EDGE_LOOP('',(#1539,#1540,#1541,#1542));
#314=EDGE_LOOP('',(#1543,#1544,#1545,#1546));
#315=EDGE_LOOP('',(#1547,#1548,#1549,#1550));
#316=EDGE_LOOP('',(#1551,#1552,#1553,#1554));
#317=EDGE_LOOP('',(#1555,#1556,#1557,#1558));
#318=EDGE_LOOP('',(#1559,#1560,#1561,#1562));
#319=EDGE_LOOP('',(#1563,#1564,#1565,#1566));
#320=EDGE_LOOP('',(#1567,#1568,#1569,#1570));
#321=EDGE_LOOP('',(#1571,#1572,#1573,#1574));
#322=EDGE_LOOP('',(#1575,#1576,#1577,#1578));
#323=EDGE_LOOP('',(#1579,#1580,#1581,#1582));
#324=EDGE_LOOP('',(#1583,#1584,#1585,#1586));
#325=EDGE_LOOP('',(#1587,#1588,#1589,#1590));
#326=EDGE_LOOP('',(#1591,#1592,#1593,#1594));
#327=EDGE_LOOP('',(#1595,#1596,#1597,#1598));
#328=EDGE_LOOP('',(#1599,#1600,#1601,#1602));
#329=EDGE_LOOP('',(#1603,#1604,#1605,#1606));
#330=EDGE_LOOP('',(#1607,#1608,#1609,#1610));
#331=EDGE_LOOP('',(#1611,#1612,#1613,#1614));
#332=EDGE_LOOP('',(#1615,#1616,#1617,#1618));
#333=LINE('',#2492,#471);
#334=LINE('',#2499,#472);
#335=LINE('',#2502,#473);
#336=LINE('',#2508,#474);
#337=LINE('',#2511,#475);
#338=LINE('',#2514,#476);
#339=LINE('',#2516,#477);
#340=LINE('',#2517,#478);
#341=LINE('',#2523,#479);
#342=LINE('',#2526,#480);
#343=LINE('',#2528,#481);
#344=LINE('',#2529,#482);
#345=LINE('',#2535,#483);
#346=LINE('',#2537,#484);
#347=LINE('',#2538,#485);
#348=LINE('',#2541,#486);
#349=LINE('',#2543,#487);
#350=LINE('',#2544,#488);
#351=LINE('',#2549,#489);
#352=LINE('',#2556,#490);
#353=LINE('',#2559,#491);
#354=LINE('',#2565,#492);
#355=LINE('',#2568,#493);
#356=LINE('',#2571,#494);
#357=LINE('',#2573,#495);
#358=LINE('',#2574,#496);
#359=LINE('',#2580,#497);
#360=LINE('',#2583,#498);
#361=LINE('',#2585,#499);
#362=LINE('',#2586,#500);
#363=LINE('',#2592,#501);
#364=LINE('',#2594,#502);
#365=LINE('',#2595,#503);
#366=LINE('',#2598,#504);
#367=LINE('',#2600,#505);
#368=LINE('',#2601,#506);
#369=LINE('',#2606,#507);
#370=LINE('',#2610,#508);
#371=LINE('',#2614,#509);
#372=LINE('',#2618,#510);
#373=LINE('',#2622,#511);
#374=LINE('',#2625,#512);
#375=LINE('',#2629,#513);
#376=LINE('',#2633,#514);
#377=LINE('',#2637,#515);
#378=LINE('',#2641,#516);
#379=LINE('',#2645,#517);
#380=LINE('',#2648,#518);
#381=LINE('',#2663,#519);
#382=LINE('',#2667,#520);
#383=LINE('',#2679,#521);
#384=LINE('',#2682,#522);
#385=LINE('',#2691,#523);
#386=LINE('',#2694,#524);
#387=LINE('',#2719,#525);
#388=LINE('',#2722,#526);
#389=LINE('',#2731,#527);
#390=LINE('',#2735,#528);
#391=LINE('',#2739,#529);
#392=LINE('',#2743,#530);
#393=LINE('',#2747,#531);
#394=LINE('',#2751,#532);
#395=LINE('',#2754,#533);
#396=LINE('',#2758,#534);
#397=LINE('',#2762,#535);
#398=LINE('',#2766,#536);
#399=LINE('',#2770,#537);
#400=LINE('',#2774,#538);
#401=LINE('',#2790,#539);
#402=LINE('',#2794,#540);
#403=LINE('',#2806,#541);
#404=LINE('',#2809,#542);
#405=LINE('',#2818,#543);
#406=LINE('',#2821,#544);
#407=LINE('',#2846,#545);
#408=LINE('',#2849,#546);
#409=LINE('',#2857,#547);
#410=LINE('',#2859,#548);
#411=LINE('',#2861,#549);
#412=LINE('',#2863,#550);
#413=LINE('',#2865,#551);
#414=LINE('',#2867,#552);
#415=LINE('',#2869,#553);
#416=LINE('',#2871,#554);
#417=LINE('',#2873,#555);
#418=LINE('',#2875,#556);
#419=LINE('',#2876,#557);
#420=LINE('',#2878,#558);
#421=LINE('',#2880,#559);
#422=LINE('',#2883,#560);
#423=LINE('',#2885,#561);
#424=LINE('',#2887,#562);
#425=LINE('',#2889,#563);
#426=LINE('',#2891,#564);
#427=LINE('',#2893,#565);
#428=LINE('',#2895,#566);
#429=LINE('',#2897,#567);
#430=LINE('',#2899,#568);
#431=LINE('',#2901,#569);
#432=LINE('',#2903,#570);
#433=LINE('',#2904,#571);
#434=LINE('',#2906,#572);
#435=LINE('',#2908,#573);
#436=LINE('',#2911,#574);
#437=LINE('',#2913,#575);
#438=LINE('',#2915,#576);
#439=LINE('',#2916,#577);
#440=LINE('',#2918,#578);
#441=LINE('',#2920,#579);
#442=LINE('',#2923,#580);
#443=LINE('',#2925,#581);
#444=LINE('',#2927,#582);
#445=LINE('',#2929,#583);
#446=LINE('',#2930,#584);
#447=LINE('',#2932,#585);
#448=LINE('',#2934,#586);
#449=LINE('',#2937,#587);
#450=LINE('',#2939,#588);
#451=LINE('',#2941,#589);
#452=LINE('',#2943,#590);
#453=LINE('',#2945,#591);
#454=LINE('',#2947,#592);
#455=LINE('',#2949,#593);
#456=LINE('',#2951,#594);
#457=LINE('',#2953,#595);
#458=LINE('',#2955,#596);
#459=LINE('',#2957,#597);
#460=LINE('',#2959,#598);
#461=LINE('',#2961,#599);
#462=LINE('',#2964,#600);
#463=LINE('',#2966,#601);
#464=LINE('',#2968,#602);
#465=LINE('',#2970,#603);
#466=LINE('',#2972,#604);
#467=LINE('',#2974,#605);
#468=LINE('',#2976,#606);
#469=LINE('',#2978,#607);
#470=LINE('',#2980,#608);
#471=VECTOR('',#1969,2.);
#472=VECTOR('',#1976,10.);
#473=VECTOR('',#1979,10.);
#474=VECTOR('',#1984,10.);
#475=VECTOR('',#1987,10.);
#476=VECTOR('',#1990,10.);
#477=VECTOR('',#1991,10.);
#478=VECTOR('',#1992,10.);
#479=VECTOR('',#1999,10.);
#480=VECTOR('',#2002,10.);
#481=VECTOR('',#2003,10.);
#482=VECTOR('',#2004,10.);
#483=VECTOR('',#2011,10.);
#484=VECTOR('',#2014,10.);
#485=VECTOR('',#2015,10.);
#486=VECTOR('',#2018,10.);
#487=VECTOR('',#2019,10.);
#488=VECTOR('',#2020,10.);
#489=VECTOR('',#2025,2.);
#490=VECTOR('',#2032,10.);
#491=VECTOR('',#2035,10.);
#492=VECTOR('',#2040,10.);
#493=VECTOR('',#2043,10.);
#494=VECTOR('',#2046,10.);
#495=VECTOR('',#2047,10.);
#496=VECTOR('',#2048,10.);
#497=VECTOR('',#2055,10.);
#498=VECTOR('',#2058,10.);
#499=VECTOR('',#2059,10.);
#500=VECTOR('',#2060,10.);
#501=VECTOR('',#2067,10.);
#502=VECTOR('',#2070,10.);
#503=VECTOR('',#2071,10.);
#504=VECTOR('',#2074,10.);
#505=VECTOR('',#2075,10.);
#506=VECTOR('',#2076,10.);
#507=VECTOR('',#2081,10.);
#508=VECTOR('',#2084,10.);
#509=VECTOR('',#2087,10.);
#510=VECTOR('',#2090,10.);
#511=VECTOR('',#2093,10.);
#512=VECTOR('',#2096,10.);
#513=VECTOR('',#2099,10.);
#514=VECTOR('',#2102,10.);
#515=VECTOR('',#2105,10.);
#516=VECTOR('',#2108,10.);
#517=VECTOR('',#2111,10.);
#518=VECTOR('',#2114,10.);
#519=VECTOR('',#2127,10.);
#520=VECTOR('',#2130,10.);
#521=VECTOR('',#2141,10.);
#522=VECTOR('',#2144,10.);
#523=VECTOR('',#2151,10.);
#524=VECTOR('',#2154,10.);
#525=VECTOR('',#2177,10.);
#526=VECTOR('',#2180,10.);
#527=VECTOR('',#2189,10.);
#528=VECTOR('',#2192,10.);
#529=VECTOR('',#2195,10.);
#530=VECTOR('',#2198,10.);
#531=VECTOR('',#2201,10.);
#532=VECTOR('',#2204,10.);
#533=VECTOR('',#2207,10.);
#534=VECTOR('',#2210,10.);
#535=VECTOR('',#2213,10.);
#536=VECTOR('',#2216,10.);
#537=VECTOR('',#2219,10.);
#538=VECTOR('',#2222,10.);
#539=VECTOR('',#2237,10.);
#540=VECTOR('',#2240,10.);
#541=VECTOR('',#2251,10.);
#542=VECTOR('',#2254,10.);
#543=VECTOR('',#2261,10.);
#544=VECTOR('',#2264,10.);
#545=VECTOR('',#2287,10.);
#546=VECTOR('',#2290,10.);
#547=VECTOR('',#2299,1.6);
#548=VECTOR('',#2302,1.6);
#549=VECTOR('',#2305,1.6);
#550=VECTOR('',#2308,1.6);
#551=VECTOR('',#2311,10.);
#552=VECTOR('',#2314,10.);
#553=VECTOR('',#2317,2.00000000000001);
#554=VECTOR('',#2320,1.5);
#555=VECTOR('',#2323,1.5);
#556=VECTOR('',#2326,10.);
#557=VECTOR('',#2327,10.);
#558=VECTOR('',#2330,10.);
#559=VECTOR('',#2333,10.);
#560=VECTOR('',#2338,2.00000000000001);
#561=VECTOR('',#2341,1.5);
#562=VECTOR('',#2344,2.00000000000001);
#563=VECTOR('',#2347,1.5);
#564=VECTOR('',#2350,1.5);
#565=VECTOR('',#2353,1.5);
#566=VECTOR('',#2356,1.5);
#567=VECTOR('',#2359,2.00000000000001);
#568=VECTOR('',#2362,1.5);
#569=VECTOR('',#2365,1.5);
#570=VECTOR('',#2368,10.);
#571=VECTOR('',#2369,10.);
#572=VECTOR('',#2372,10.);
#573=VECTOR('',#2375,10.);
#574=VECTOR('',#2380,1.5);
#575=VECTOR('',#2383,1.5);
#576=VECTOR('',#2386,10.);
#577=VECTOR('',#2387,10.);
#578=VECTOR('',#2390,10.);
#579=VECTOR('',#2393,10.);
#580=VECTOR('',#2398,1.5);
#581=VECTOR('',#2401,1.5);
#582=VECTOR('',#2404,1.5);
#583=VECTOR('',#2407,10.);
#584=VECTOR('',#2408,10.);
#585=VECTOR('',#2411,10.);
#586=VECTOR('',#2414,10.);
#587=VECTOR('',#2419,1.5);
#588=VECTOR('',#2422,1.5);
#589=VECTOR('',#2425,10.);
#590=VECTOR('',#2428,10.);
#591=VECTOR('',#2431,10.);
#592=VECTOR('',#2434,10.);
#593=VECTOR('',#2437,10.);
#594=VECTOR('',#2440,10.);
#595=VECTOR('',#2443,10.);
#596=VECTOR('',#2446,10.);
#597=VECTOR('',#2449,10.);
#598=VECTOR('',#2452,10.);
#599=VECTOR('',#2455,10.);
#600=VECTOR('',#2460,10.);
#601=VECTOR('',#2463,10.);
#602=VECTOR('',#2466,10.);
#603=VECTOR('',#2469,10.);
#604=VECTOR('',#2472,10.);
#605=VECTOR('',#2475,10.);
#606=VECTOR('',#2478,10.);
#607=VECTOR('',#2481,10.);
#608=VECTOR('',#2484,10.);
#609=CIRCLE('',#1772,2.);
#610=CIRCLE('',#1773,2.);
#611=CIRCLE('',#1775,4.99999999999913);
#612=CIRCLE('',#1776,4.99999999999913);
#613=CIRCLE('',#1778,5.);
#614=CIRCLE('',#1779,5.);
#615=CIRCLE('',#1782,5.);
#616=CIRCLE('',#1783,5.);
#617=CIRCLE('',#1786,4.99999999999812);
#618=CIRCLE('',#1787,4.99999999999812);
#619=CIRCLE('',#1791,2.);
#620=CIRCLE('',#1792,2.);
#621=CIRCLE('',#1794,4.99999999999913);
#622=CIRCLE('',#1795,4.99999999999913);
#623=CIRCLE('',#1797,4.99999999999999);
#624=CIRCLE('',#1798,4.99999999999999);
#625=CIRCLE('',#1801,5.);
#626=CIRCLE('',#1802,5.);
#627=CIRCLE('',#1805,5.);
#628=CIRCLE('',#1806,5.);
#629=CIRCLE('',#1810,10.);
#630=CIRCLE('',#1811,10.);
#631=CIRCLE('',#1812,9.99999999999998);
#632=CIRCLE('',#1813,9.99999999999989);
#633=CIRCLE('',#1814,10.0000000000001);
#634=CIRCLE('',#1815,9.99999999999989);
#635=CIRCLE('',#1816,10.);
#636=CIRCLE('',#1817,10.0000000000391);
#637=CIRCLE('',#1818,10.);
#638=CIRCLE('',#1819,9.99999999999996);
#639=CIRCLE('',#1820,9.99999999999837);
#640=CIRCLE('',#1821,9.99999999999995);
#641=CIRCLE('',#1822,1.6);
#642=CIRCLE('',#1823,1.6);
#643=CIRCLE('',#1824,1.6);
#644=CIRCLE('',#1825,1.6);
#645=CIRCLE('',#1826,1.5);
#646=CIRCLE('',#1827,1.5);
#647=CIRCLE('',#1828,2.);
#648=CIRCLE('',#1829,2.);
#649=CIRCLE('',#1830,1.5);
#650=CIRCLE('',#1831,1.5);
#651=CIRCLE('',#1832,1.5);
#652=CIRCLE('',#1833,2.00000000000002);
#653=CIRCLE('',#1834,1.99999999999999);
#654=CIRCLE('',#1835,1.5);
#655=CIRCLE('',#1836,1.5);
#656=CIRCLE('',#1837,2.);
#657=CIRCLE('',#1838,2.);
#658=CIRCLE('',#1839,1.5);
#659=CIRCLE('',#1840,1.5);
#660=CIRCLE('',#1841,2.00000000000001);
#661=CIRCLE('',#1842,1.5);
#662=CIRCLE('',#1843,1.5);
#663=CIRCLE('',#1844,1.5);
#664=CIRCLE('',#1845,1.5);
#665=CIRCLE('',#1846,2.00000000000001);
#666=CIRCLE('',#1847,1.5);
#667=CIRCLE('',#1848,2.00000000000001);
#668=CIRCLE('',#1849,2.);
#669=CIRCLE('',#1850,2.);
#670=CIRCLE('',#1851,1.5);
#671=CIRCLE('',#1852,1.5);
#672=CIRCLE('',#1853,2.00000000000001);
#673=CIRCLE('',#1855,9.99999999999995);
#674=CIRCLE('',#1856,9.99999999999837);
#675=CIRCLE('',#1857,9.99999999999996);
#676=CIRCLE('',#1858,10.);
#677=CIRCLE('',#1859,10.0000000000391);
#678=CIRCLE('',#1860,10.);
#679=CIRCLE('',#1861,9.99999999999989);
#680=CIRCLE('',#1862,10.0000000000001);
#681=CIRCLE('',#1863,9.99999999999989);
#682=CIRCLE('',#1864,9.99999999999998);
#683=CIRCLE('',#1865,10.);
#684=CIRCLE('',#1866,10.);
#685=CIRCLE('',#1867,1.6);
#686=CIRCLE('',#1868,1.6);
#687=CIRCLE('',#1869,1.6);
#688=CIRCLE('',#1870,1.6);
#689=CIRCLE('',#1871,1.5);
#690=CIRCLE('',#1872,1.5);
#691=CIRCLE('',#1873,2.);
#692=CIRCLE('',#1874,2.);
#693=CIRCLE('',#1875,1.5);
#694=CIRCLE('',#1876,1.5);
#695=CIRCLE('',#1877,1.5);
#696=CIRCLE('',#1878,2.00000000000002);
#697=CIRCLE('',#1879,1.99999999999999);
#698=CIRCLE('',#1880,1.5);
#699=CIRCLE('',#1881,1.5);
#700=CIRCLE('',#1882,2.);
#701=CIRCLE('',#1883,2.);
#702=CIRCLE('',#1884,1.5);
#703=CIRCLE('',#1885,1.5);
#704=CIRCLE('',#1886,2.00000000000001);
#705=CIRCLE('',#1887,1.5);
#706=CIRCLE('',#1888,1.5);
#707=CIRCLE('',#1889,1.5);
#708=CIRCLE('',#1890,1.5);
#709=CIRCLE('',#1891,2.00000000000001);
#710=CIRCLE('',#1892,1.5);
#711=CIRCLE('',#1893,2.00000000000001);
#712=CIRCLE('',#1894,2.);
#713=CIRCLE('',#1895,2.);
#714=CIRCLE('',#1896,1.5);
#715=CIRCLE('',#1897,1.5);
#716=CIRCLE('',#1898,2.00000000000001);
#717=VERTEX_POINT('',#2489);
#718=VERTEX_POINT('',#2491);
#719=VERTEX_POINT('',#2495);
#720=VERTEX_POINT('',#2496);
#721=VERTEX_POINT('',#2498);
#722=VERTEX_POINT('',#2500);
#723=VERTEX_POINT('',#2504);
#724=VERTEX_POINT('',#2505);
#725=VERTEX_POINT('',#2507);
#726=VERTEX_POINT('',#2509);
#727=VERTEX_POINT('',#2513);
#728=VERTEX_POINT('',#2515);
#729=VERTEX_POINT('',#2519);
#730=VERTEX_POINT('',#2521);
#731=VERTEX_POINT('',#2525);
#732=VERTEX_POINT('',#2527);
#733=VERTEX_POINT('',#2531);
#734=VERTEX_POINT('',#2533);
#735=VERTEX_POINT('',#2540);
#736=VERTEX_POINT('',#2542);
#737=VERTEX_POINT('',#2546);
#738=VERTEX_POINT('',#2548);
#739=VERTEX_POINT('',#2552);
#740=VERTEX_POINT('',#2553);
#741=VERTEX_POINT('',#2555);
#742=VERTEX_POINT('',#2557);
#743=VERTEX_POINT('',#2561);
#744=VERTEX_POINT('',#2562);
#745=VERTEX_POINT('',#2564);
#746=VERTEX_POINT('',#2566);
#747=VERTEX_POINT('',#2570);
#748=VERTEX_POINT('',#2572);
#749=VERTEX_POINT('',#2576);
#750=VERTEX_POINT('',#2578);
#751=VERTEX_POINT('',#2582);
#752=VERTEX_POINT('',#2584);
#753=VERTEX_POINT('',#2588);
#754=VERTEX_POINT('',#2590);
#755=VERTEX_POINT('',#2597);
#756=VERTEX_POINT('',#2599);
#757=VERTEX_POINT('',#2603);
#758=VERTEX_POINT('',#2605);
#759=VERTEX_POINT('',#2607);
#760=VERTEX_POINT('',#2609);
#761=VERTEX_POINT('',#2611);
#762=VERTEX_POINT('',#2613);
#763=VERTEX_POINT('',#2615);
#764=VERTEX_POINT('',#2617);
#765=VERTEX_POINT('',#2619);
#766=VERTEX_POINT('',#2621);
#767=VERTEX_POINT('',#2623);
#768=VERTEX_POINT('',#2626);
#769=VERTEX_POINT('',#2628);
#770=VERTEX_POINT('',#2630);
#771=VERTEX_POINT('',#2632);
#772=VERTEX_POINT('',#2634);
#773=VERTEX_POINT('',#2636);
#774=VERTEX_POINT('',#2638);
#775=VERTEX_POINT('',#2640);
#776=VERTEX_POINT('',#2642);
#777=VERTEX_POINT('',#2644);
#778=VERTEX_POINT('',#2646);
#779=VERTEX_POINT('',#2649);
#780=VERTEX_POINT('',#2651);
#781=VERTEX_POINT('',#2653);
#782=VERTEX_POINT('',#2655);
#783=VERTEX_POINT('',#2657);
#784=VERTEX_POINT('',#2659);
#785=VERTEX_POINT('',#2661);
#786=VERTEX_POINT('',#2662);
#787=VERTEX_POINT('',#2664);
#788=VERTEX_POINT('',#2666);
#789=VERTEX_POINT('',#2669);
#790=VERTEX_POINT('',#2671);
#791=VERTEX_POINT('',#2673);
#792=VERTEX_POINT('',#2675);
#793=VERTEX_POINT('',#2676);
#794=VERTEX_POINT('',#2678);
#795=VERTEX_POINT('',#2680);
#796=VERTEX_POINT('',#2683);
#797=VERTEX_POINT('',#2685);
#798=VERTEX_POINT('',#2687);
#799=VERTEX_POINT('',#2688);
#800=VERTEX_POINT('',#2690);
#801=VERTEX_POINT('',#2692);
#802=VERTEX_POINT('',#2695);
#803=VERTEX_POINT('',#2697);
#804=VERTEX_POINT('',#2699);
#805=VERTEX_POINT('',#2701);
#806=VERTEX_POINT('',#2703);
#807=VERTEX_POINT('',#2705);
#808=VERTEX_POINT('',#2707);
#809=VERTEX_POINT('',#2709);
#810=VERTEX_POINT('',#2711);
#811=VERTEX_POINT('',#2713);
#812=VERTEX_POINT('',#2715);
#813=VERTEX_POINT('',#2716);
#814=VERTEX_POINT('',#2718);
#815=VERTEX_POINT('',#2720);
#816=VERTEX_POINT('',#2723);
#817=VERTEX_POINT('',#2725);
#818=VERTEX_POINT('',#2727);
#819=VERTEX_POINT('',#2730);
#820=VERTEX_POINT('',#2732);
#821=VERTEX_POINT('',#2734);
#822=VERTEX_POINT('',#2736);
#823=VERTEX_POINT('',#2738);
#824=VERTEX_POINT('',#2740);
#825=VERTEX_POINT('',#2742);
#826=VERTEX_POINT('',#2744);
#827=VERTEX_POINT('',#2746);
#828=VERTEX_POINT('',#2748);
#829=VERTEX_POINT('',#2750);
#830=VERTEX_POINT('',#2753);
#831=VERTEX_POINT('',#2755);
#832=VERTEX_POINT('',#2757);
#833=VERTEX_POINT('',#2759);
#834=VERTEX_POINT('',#2761);
#835=VERTEX_POINT('',#2763);
#836=VERTEX_POINT('',#2765);
#837=VERTEX_POINT('',#2767);
#838=VERTEX_POINT('',#2769);
#839=VERTEX_POINT('',#2771);
#840=VERTEX_POINT('',#2773);
#841=VERTEX_POINT('',#2776);
#842=VERTEX_POINT('',#2778);
#843=VERTEX_POINT('',#2780);
#844=VERTEX_POINT('',#2782);
#845=VERTEX_POINT('',#2784);
#846=VERTEX_POINT('',#2786);
#847=VERTEX_POINT('',#2788);
#848=VERTEX_POINT('',#2789);
#849=VERTEX_POINT('',#2791);
#850=VERTEX_POINT('',#2793);
#851=VERTEX_POINT('',#2796);
#852=VERTEX_POINT('',#2798);
#853=VERTEX_POINT('',#2800);
#854=VERTEX_POINT('',#2802);
#855=VERTEX_POINT('',#2803);
#856=VERTEX_POINT('',#2805);
#857=VERTEX_POINT('',#2807);
#858=VERTEX_POINT('',#2810);
#859=VERTEX_POINT('',#2812);
#860=VERTEX_POINT('',#2814);
#861=VERTEX_POINT('',#2815);
#862=VERTEX_POINT('',#2817);
#863=VERTEX_POINT('',#2819);
#864=VERTEX_POINT('',#2822);
#865=VERTEX_POINT('',#2824);
#866=VERTEX_POINT('',#2826);
#867=VERTEX_POINT('',#2828);
#868=VERTEX_POINT('',#2830);
#869=VERTEX_POINT('',#2832);
#870=VERTEX_POINT('',#2834);
#871=VERTEX_POINT('',#2836);
#872=VERTEX_POINT('',#2838);
#873=VERTEX_POINT('',#2840);
#874=VERTEX_POINT('',#2842);
#875=VERTEX_POINT('',#2843);
#876=VERTEX_POINT('',#2845);
#877=VERTEX_POINT('',#2847);
#878=VERTEX_POINT('',#2850);
#879=VERTEX_POINT('',#2852);
#880=VERTEX_POINT('',#2854);
#881=EDGE_CURVE('',#717,#717,#609,.T.);
#882=EDGE_CURVE('',#717,#718,#333,.T.);
#883=EDGE_CURVE('',#718,#718,#610,.T.);
#884=EDGE_CURVE('',#719,#720,#611,.T.);
#885=EDGE_CURVE('',#719,#721,#334,.T.);
#886=EDGE_CURVE('',#722,#721,#612,.T.);
#887=EDGE_CURVE('',#722,#720,#335,.T.);
#888=EDGE_CURVE('',#723,#724,#613,.T.);
#889=EDGE_CURVE('',#725,#723,#336,.T.);
#890=EDGE_CURVE('',#726,#725,#614,.T.);
#891=EDGE_CURVE('',#724,#726,#337,.T.);
#892=EDGE_CURVE('',#724,#727,#338,.T.);
#893=EDGE_CURVE('',#728,#726,#339,.T.);
#894=EDGE_CURVE('',#727,#728,#340,.T.);
#895=EDGE_CURVE('',#729,#727,#615,.T.);
#896=EDGE_CURVE('',#730,#728,#616,.T.);
#897=EDGE_CURVE('',#729,#730,#341,.T.);
#898=EDGE_CURVE('',#729,#731,#342,.T.);
#899=EDGE_CURVE('',#732,#730,#343,.T.);
#900=EDGE_CURVE('',#731,#732,#344,.T.);
#901=EDGE_CURVE('',#733,#731,#617,.T.);
#902=EDGE_CURVE('',#734,#732,#618,.T.);
#903=EDGE_CURVE('',#733,#734,#345,.T.);
#904=EDGE_CURVE('',#733,#719,#346,.T.);
#905=EDGE_CURVE('',#721,#734,#347,.T.);
#906=EDGE_CURVE('',#735,#722,#348,.T.);
#907=EDGE_CURVE('',#736,#735,#349,.T.);
#908=EDGE_CURVE('',#736,#720,#350,.T.);
#909=EDGE_CURVE('',#737,#737,#619,.T.);
#910=EDGE_CURVE('',#737,#738,#351,.T.);
#911=EDGE_CURVE('',#738,#738,#620,.T.);
#912=EDGE_CURVE('',#739,#740,#621,.T.);
#913=EDGE_CURVE('',#739,#741,#352,.T.);
#914=EDGE_CURVE('',#742,#741,#622,.T.);
#915=EDGE_CURVE('',#742,#740,#353,.T.);
#916=EDGE_CURVE('',#743,#744,#623,.T.);
#917=EDGE_CURVE('',#745,#743,#354,.T.);
#918=EDGE_CURVE('',#746,#745,#624,.T.);
#919=EDGE_CURVE('',#744,#746,#355,.T.);
#920=EDGE_CURVE('',#747,#744,#356,.T.);
#921=EDGE_CURVE('',#748,#746,#357,.T.);
#922=EDGE_CURVE('',#747,#748,#358,.T.);
#923=EDGE_CURVE('',#749,#747,#625,.T.);
#924=EDGE_CURVE('',#750,#748,#626,.T.);
#925=EDGE_CURVE('',#749,#750,#359,.T.);
#926=EDGE_CURVE('',#751,#749,#360,.T.);
#927=EDGE_CURVE('',#752,#750,#361,.T.);
#928=EDGE_CURVE('',#751,#752,#362,.T.);
#929=EDGE_CURVE('',#753,#751,#627,.T.);
#930=EDGE_CURVE('',#754,#752,#628,.T.);
#931=EDGE_CURVE('',#753,#754,#363,.T.);
#932=EDGE_CURVE('',#739,#753,#364,.T.);
#933=EDGE_CURVE('',#741,#754,#365,.T.);
#934=EDGE_CURVE('',#755,#742,#366,.T.);
#935=EDGE_CURVE('',#756,#755,#367,.T.);
#936=EDGE_CURVE('',#740,#756,#368,.T.);
#937=EDGE_CURVE('',#736,#757,#629,.T.);
#938=EDGE_CURVE('',#757,#758,#369,.T.);
#939=EDGE_CURVE('',#759,#758,#630,.T.);
#940=EDGE_CURVE('',#760,#759,#370,.T.);
#941=EDGE_CURVE('',#761,#760,#631,.T.);
#942=EDGE_CURVE('',#762,#761,#371,.T.);
#943=EDGE_CURVE('',#763,#762,#632,.T.);
#944=EDGE_CURVE('',#764,#763,#372,.T.);
#945=EDGE_CURVE('',#765,#764,#633,.T.);
#946=EDGE_CURVE('',#766,#765,#373,.T.);
#947=EDGE_CURVE('',#766,#767,#634,.T.);
#948=EDGE_CURVE('',#767,#743,#374,.T.);
#949=EDGE_CURVE('',#756,#768,#635,.T.);
#950=EDGE_CURVE('',#768,#769,#375,.T.);
#951=EDGE_CURVE('',#770,#769,#636,.T.);
#952=EDGE_CURVE('',#771,#770,#376,.T.);
#953=EDGE_CURVE('',#772,#771,#637,.T.);
#954=EDGE_CURVE('',#773,#772,#377,.T.);
#955=EDGE_CURVE('',#774,#773,#638,.T.);
#956=EDGE_CURVE('',#775,#774,#378,.T.);
#957=EDGE_CURVE('',#776,#775,#639,.T.);
#958=EDGE_CURVE('',#777,#776,#379,.T.);
#959=EDGE_CURVE('',#777,#778,#640,.T.);
#960=EDGE_CURVE('',#723,#778,#380,.T.);
#961=EDGE_CURVE('',#779,#779,#641,.T.);
#962=EDGE_CURVE('',#780,#780,#642,.T.);
#963=EDGE_CURVE('',#781,#781,#643,.T.);
#964=EDGE_CURVE('',#782,#782,#644,.T.);
#965=EDGE_CURVE('',#783,#783,#645,.T.);
#966=EDGE_CURVE('',#784,#784,#646,.T.);
#967=EDGE_CURVE('',#785,#786,#381,.T.);
#968=EDGE_CURVE('',#787,#785,#647,.T.);
#969=EDGE_CURVE('',#788,#787,#382,.T.);
#970=EDGE_CURVE('',#786,#788,#648,.T.);
#971=EDGE_CURVE('',#789,#789,#649,.T.);
#972=EDGE_CURVE('',#790,#790,#650,.T.);
#973=EDGE_CURVE('',#791,#791,#651,.T.);
#974=EDGE_CURVE('',#792,#793,#652,.T.);
#975=EDGE_CURVE('',#794,#792,#383,.T.);
#976=EDGE_CURVE('',#795,#794,#653,.T.);
#977=EDGE_CURVE('',#793,#795,#384,.T.);
#978=EDGE_CURVE('',#796,#796,#654,.T.);
#979=EDGE_CURVE('',#797,#797,#655,.T.);
#980=EDGE_CURVE('',#798,#799,#656,.T.);
#981=EDGE_CURVE('',#800,#798,#385,.T.);
#982=EDGE_CURVE('',#801,#800,#657,.T.);
#983=EDGE_CURVE('',#799,#801,#386,.T.);
#984=EDGE_CURVE('',#802,#802,#658,.T.);
#985=EDGE_CURVE('',#803,#803,#659,.T.);
#986=EDGE_CURVE('',#804,#804,#660,.T.);
#987=EDGE_CURVE('',#805,#805,#661,.T.);
#988=EDGE_CURVE('',#806,#806,#662,.T.);
#989=EDGE_CURVE('',#807,#807,#663,.T.);
#990=EDGE_CURVE('',#808,#808,#664,.T.);
#991=EDGE_CURVE('',#809,#809,#665,.T.);
#992=EDGE_CURVE('',#810,#810,#666,.T.);
#993=EDGE_CURVE('',#811,#811,#667,.T.);
#994=EDGE_CURVE('',#812,#813,#668,.T.);
#995=EDGE_CURVE('',#814,#812,#387,.T.);
#996=EDGE_CURVE('',#815,#814,#669,.T.);
#997=EDGE_CURVE('',#813,#815,#388,.T.);
#998=EDGE_CURVE('',#816,#816,#670,.T.);
#999=EDGE_CURVE('',#817,#817,#671,.T.);
#1000=EDGE_CURVE('',#818,#818,#672,.T.);
#1001=EDGE_CURVE('',#725,#819,#389,.T.);
#1002=EDGE_CURVE('',#819,#820,#673,.T.);
#1003=EDGE_CURVE('',#820,#821,#390,.T.);
#1004=EDGE_CURVE('',#821,#822,#674,.T.);
#1005=EDGE_CURVE('',#822,#823,#391,.T.);
#1006=EDGE_CURVE('',#823,#824,#675,.T.);
#1007=EDGE_CURVE('',#824,#825,#392,.T.);
#1008=EDGE_CURVE('',#825,#826,#676,.T.);
#1009=EDGE_CURVE('',#826,#827,#393,.T.);
#1010=EDGE_CURVE('',#827,#828,#677,.T.);
#1011=EDGE_CURVE('',#828,#829,#394,.T.);
#1012=EDGE_CURVE('',#829,#755,#678,.T.);
#1013=EDGE_CURVE('',#745,#830,#395,.T.);
#1014=EDGE_CURVE('',#830,#831,#679,.T.);
#1015=EDGE_CURVE('',#831,#832,#396,.T.);
#1016=EDGE_CURVE('',#832,#833,#680,.T.);
#1017=EDGE_CURVE('',#833,#834,#397,.T.);
#1018=EDGE_CURVE('',#834,#835,#681,.T.);
#1019=EDGE_CURVE('',#835,#836,#398,.T.);
#1020=EDGE_CURVE('',#836,#837,#682,.T.);
#1021=EDGE_CURVE('',#837,#838,#399,.T.);
#1022=EDGE_CURVE('',#838,#839,#683,.T.);
#1023=EDGE_CURVE('',#839,#840,#400,.T.);
#1024=EDGE_CURVE('',#840,#735,#684,.T.);
#1025=EDGE_CURVE('',#841,#841,#685,.T.);
#1026=EDGE_CURVE('',#842,#842,#686,.T.);
#1027=EDGE_CURVE('',#843,#843,#687,.T.);
#1028=EDGE_CURVE('',#844,#844,#688,.T.);
#1029=EDGE_CURVE('',#845,#845,#689,.T.);
#1030=EDGE_CURVE('',#846,#846,#690,.T.);
#1031=EDGE_CURVE('',#847,#848,#401,.T.);
#1032=EDGE_CURVE('',#848,#849,#691,.T.);
#1033=EDGE_CURVE('',#849,#850,#402,.T.);
#1034=EDGE_CURVE('',#850,#847,#692,.T.);
#1035=EDGE_CURVE('',#851,#851,#693,.T.);
#1036=EDGE_CURVE('',#852,#852,#694,.T.);
#1037=EDGE_CURVE('',#853,#853,#695,.T.);
#1038=EDGE_CURVE('',#854,#855,#696,.T.);
#1039=EDGE_CURVE('',#855,#856,#403,.T.);
#1040=EDGE_CURVE('',#856,#857,#697,.T.);
#1041=EDGE_CURVE('',#857,#854,#404,.T.);
#1042=EDGE_CURVE('',#858,#858,#698,.T.);
#1043=EDGE_CURVE('',#859,#859,#699,.T.);
#1044=EDGE_CURVE('',#860,#861,#700,.T.);
#1045=EDGE_CURVE('',#861,#862,#405,.T.);
#1046=EDGE_CURVE('',#862,#863,#701,.T.);
#1047=EDGE_CURVE('',#863,#860,#406,.T.);
#1048=EDGE_CURVE('',#864,#864,#702,.T.);
#1049=EDGE_CURVE('',#865,#865,#703,.T.);
#1050=EDGE_CURVE('',#866,#866,#704,.T.);
#1051=EDGE_CURVE('',#867,#867,#705,.T.);
#1052=EDGE_CURVE('',#868,#868,#706,.T.);
#1053=EDGE_CURVE('',#869,#869,#707,.T.);
#1054=EDGE_CURVE('',#870,#870,#708,.T.);
#1055=EDGE_CURVE('',#871,#871,#709,.T.);
#1056=EDGE_CURVE('',#872,#872,#710,.T.);
#1057=EDGE_CURVE('',#873,#873,#711,.T.);
#1058=EDGE_CURVE('',#874,#875,#712,.T.);
#1059=EDGE_CURVE('',#875,#876,#407,.T.);
#1060=EDGE_CURVE('',#876,#877,#713,.T.);
#1061=EDGE_CURVE('',#877,#874,#408,.T.);
#1062=EDGE_CURVE('',#878,#878,#714,.T.);
#1063=EDGE_CURVE('',#879,#879,#715,.T.);
#1064=EDGE_CURVE('',#880,#880,#716,.T.);
#1065=EDGE_CURVE('',#779,#841,#409,.T.);
#1066=EDGE_CURVE('',#780,#842,#410,.T.);
#1067=EDGE_CURVE('',#781,#843,#411,.T.);
#1068=EDGE_CURVE('',#782,#844,#412,.T.);
#1069=EDGE_CURVE('',#778,#819,#413,.T.);
#1070=EDGE_CURVE('',#767,#830,#414,.T.);
#1071=EDGE_CURVE('',#880,#818,#415,.T.);
#1072=EDGE_CURVE('',#879,#817,#416,.T.);
#1073=EDGE_CURVE('',#878,#816,#417,.T.);
#1074=EDGE_CURVE('',#812,#874,#418,.T.);
#1075=EDGE_CURVE('',#814,#877,#419,.T.);
#1076=EDGE_CURVE('',#815,#876,#420,.T.);
#1077=EDGE_CURVE('',#813,#875,#421,.T.);
#1078=EDGE_CURVE('',#873,#811,#422,.T.);
#1079=EDGE_CURVE('',#872,#810,#423,.T.);
#1080=EDGE_CURVE('',#871,#809,#424,.T.);
#1081=EDGE_CURVE('',#870,#808,#425,.T.);
#1082=EDGE_CURVE('',#869,#807,#426,.T.);
#1083=EDGE_CURVE('',#868,#806,#427,.T.);
#1084=EDGE_CURVE('',#867,#805,#428,.T.);
#1085=EDGE_CURVE('',#866,#804,#429,.T.);
#1086=EDGE_CURVE('',#865,#803,#430,.T.);
#1087=EDGE_CURVE('',#864,#802,#431,.T.);
#1088=EDGE_CURVE('',#798,#860,#432,.T.);
#1089=EDGE_CURVE('',#800,#863,#433,.T.);
#1090=EDGE_CURVE('',#801,#862,#434,.T.);
#1091=EDGE_CURVE('',#799,#861,#435,.T.);
#1092=EDGE_CURVE('',#859,#797,#436,.T.);
#1093=EDGE_CURVE('',#858,#796,#437,.T.);
#1094=EDGE_CURVE('',#792,#854,#438,.T.);
#1095=EDGE_CURVE('',#794,#857,#439,.T.);
#1096=EDGE_CURVE('',#795,#856,#440,.T.);
#1097=EDGE_CURVE('',#793,#855,#441,.T.);
#1098=EDGE_CURVE('',#853,#791,#442,.T.);
#1099=EDGE_CURVE('',#852,#790,#443,.T.);
#1100=EDGE_CURVE('',#851,#789,#444,.T.);
#1101=EDGE_CURVE('',#785,#847,#445,.T.);
#1102=EDGE_CURVE('',#787,#850,#446,.T.);
#1103=EDGE_CURVE('',#788,#849,#447,.T.);
#1104=EDGE_CURVE('',#786,#848,#448,.T.);
#1105=EDGE_CURVE('',#846,#784,#449,.T.);
#1106=EDGE_CURVE('',#845,#783,#450,.T.);
#1107=EDGE_CURVE('',#766,#831,#451,.T.);
#1108=EDGE_CURVE('',#768,#829,#452,.T.);
#1109=EDGE_CURVE('',#769,#828,#453,.T.);
#1110=EDGE_CURVE('',#770,#827,#454,.T.);
#1111=EDGE_CURVE('',#771,#826,#455,.T.);
#1112=EDGE_CURVE('',#772,#825,#456,.T.);
#1113=EDGE_CURVE('',#773,#824,#457,.T.);
#1114=EDGE_CURVE('',#774,#823,#458,.T.);
#1115=EDGE_CURVE('',#775,#822,#459,.T.);
#1116=EDGE_CURVE('',#776,#821,#460,.T.);
#1117=EDGE_CURVE('',#777,#820,#461,.T.);
#1118=EDGE_CURVE('',#757,#840,#462,.T.);
#1119=EDGE_CURVE('',#758,#839,#463,.T.);
#1120=EDGE_CURVE('',#759,#838,#464,.T.);
#1121=EDGE_CURVE('',#760,#837,#465,.T.);
#1122=EDGE_CURVE('',#761,#836,#466,.T.);
#1123=EDGE_CURVE('',#762,#835,#467,.T.);
#1124=EDGE_CURVE('',#763,#834,#468,.T.);
#1125=EDGE_CURVE('',#764,#833,#469,.T.);
#1126=EDGE_CURVE('',#765,#832,#470,.T.);
#1127=ORIENTED_EDGE('',*,*,#881,.F.);
#1128=ORIENTED_EDGE('',*,*,#882,.T.);
#1129=ORIENTED_EDGE('',*,*,#883,.T.);
#1130=ORIENTED_EDGE('',*,*,#882,.F.);
#1131=ORIENTED_EDGE('',*,*,#884,.F.);
#1132=ORIENTED_EDGE('',*,*,#885,.T.);
#1133=ORIENTED_EDGE('',*,*,#886,.F.);
#1134=ORIENTED_EDGE('',*,*,#887,.T.);
#1135=ORIENTED_EDGE('',*,*,#888,.F.);
#1136=ORIENTED_EDGE('',*,*,#889,.F.);
#1137=ORIENTED_EDGE('',*,*,#890,.F.);
#1138=ORIENTED_EDGE('',*,*,#891,.F.);
#1139=ORIENTED_EDGE('',*,*,#892,.F.);
#1140=ORIENTED_EDGE('',*,*,#891,.T.);
#1141=ORIENTED_EDGE('',*,*,#893,.F.);
#1142=ORIENTED_EDGE('',*,*,#894,.F.);
#1143=ORIENTED_EDGE('',*,*,#895,.T.);
#1144=ORIENTED_EDGE('',*,*,#894,.T.);
#1145=ORIENTED_EDGE('',*,*,#896,.F.);
#1146=ORIENTED_EDGE('',*,*,#897,.F.);
#1147=ORIENTED_EDGE('',*,*,#898,.F.);
#1148=ORIENTED_EDGE('',*,*,#897,.T.);
#1149=ORIENTED_EDGE('',*,*,#899,.F.);
#1150=ORIENTED_EDGE('',*,*,#900,.F.);
#1151=ORIENTED_EDGE('',*,*,#901,.T.);
#1152=ORIENTED_EDGE('',*,*,#900,.T.);
#1153=ORIENTED_EDGE('',*,*,#902,.F.);
#1154=ORIENTED_EDGE('',*,*,#903,.F.);
#1155=ORIENTED_EDGE('',*,*,#904,.F.);
#1156=ORIENTED_EDGE('',*,*,#903,.T.);
#1157=ORIENTED_EDGE('',*,*,#905,.F.);
#1158=ORIENTED_EDGE('',*,*,#885,.F.);
#1159=ORIENTED_EDGE('',*,*,#887,.F.);
#1160=ORIENTED_EDGE('',*,*,#906,.F.);
#1161=ORIENTED_EDGE('',*,*,#907,.F.);
#1162=ORIENTED_EDGE('',*,*,#908,.T.);
#1163=ORIENTED_EDGE('',*,*,#909,.F.);
#1164=ORIENTED_EDGE('',*,*,#910,.T.);
#1165=ORIENTED_EDGE('',*,*,#911,.T.);
#1166=ORIENTED_EDGE('',*,*,#910,.F.);
#1167=ORIENTED_EDGE('',*,*,#912,.F.);
#1168=ORIENTED_EDGE('',*,*,#913,.T.);
#1169=ORIENTED_EDGE('',*,*,#914,.F.);
#1170=ORIENTED_EDGE('',*,*,#915,.T.);
#1171=ORIENTED_EDGE('',*,*,#916,.F.);
#1172=ORIENTED_EDGE('',*,*,#917,.F.);
#1173=ORIENTED_EDGE('',*,*,#918,.F.);
#1174=ORIENTED_EDGE('',*,*,#919,.F.);
#1175=ORIENTED_EDGE('',*,*,#920,.T.);
#1176=ORIENTED_EDGE('',*,*,#919,.T.);
#1177=ORIENTED_EDGE('',*,*,#921,.F.);
#1178=ORIENTED_EDGE('',*,*,#922,.F.);
#1179=ORIENTED_EDGE('',*,*,#923,.T.);
#1180=ORIENTED_EDGE('',*,*,#922,.T.);
#1181=ORIENTED_EDGE('',*,*,#924,.F.);
#1182=ORIENTED_EDGE('',*,*,#925,.F.);
#1183=ORIENTED_EDGE('',*,*,#926,.T.);
#1184=ORIENTED_EDGE('',*,*,#925,.T.);
#1185=ORIENTED_EDGE('',*,*,#927,.F.);
#1186=ORIENTED_EDGE('',*,*,#928,.F.);
#1187=ORIENTED_EDGE('',*,*,#929,.T.);
#1188=ORIENTED_EDGE('',*,*,#928,.T.);
#1189=ORIENTED_EDGE('',*,*,#930,.F.);
#1190=ORIENTED_EDGE('',*,*,#931,.F.);
#1191=ORIENTED_EDGE('',*,*,#932,.T.);
#1192=ORIENTED_EDGE('',*,*,#931,.T.);
#1193=ORIENTED_EDGE('',*,*,#933,.F.);
#1194=ORIENTED_EDGE('',*,*,#913,.F.);
#1195=ORIENTED_EDGE('',*,*,#915,.F.);
#1196=ORIENTED_EDGE('',*,*,#934,.F.);
#1197=ORIENTED_EDGE('',*,*,#935,.F.);
#1198=ORIENTED_EDGE('',*,*,#936,.F.);
#1199=ORIENTED_EDGE('',*,*,#908,.F.);
#1200=ORIENTED_EDGE('',*,*,#937,.T.);
#1201=ORIENTED_EDGE('',*,*,#938,.T.);
#1202=ORIENTED_EDGE('',*,*,#939,.F.);
#1203=ORIENTED_EDGE('',*,*,#940,.F.);
#1204=ORIENTED_EDGE('',*,*,#941,.F.);
#1205=ORIENTED_EDGE('',*,*,#942,.F.);
#1206=ORIENTED_EDGE('',*,*,#943,.F.);
#1207=ORIENTED_EDGE('',*,*,#944,.F.);
#1208=ORIENTED_EDGE('',*,*,#945,.F.);
#1209=ORIENTED_EDGE('',*,*,#946,.F.);
#1210=ORIENTED_EDGE('',*,*,#947,.T.);
#1211=ORIENTED_EDGE('',*,*,#948,.T.);
#1212=ORIENTED_EDGE('',*,*,#916,.T.);
#1213=ORIENTED_EDGE('',*,*,#920,.F.);
#1214=ORIENTED_EDGE('',*,*,#923,.F.);
#1215=ORIENTED_EDGE('',*,*,#926,.F.);
#1216=ORIENTED_EDGE('',*,*,#929,.F.);
#1217=ORIENTED_EDGE('',*,*,#932,.F.);
#1218=ORIENTED_EDGE('',*,*,#912,.T.);
#1219=ORIENTED_EDGE('',*,*,#936,.T.);
#1220=ORIENTED_EDGE('',*,*,#949,.T.);
#1221=ORIENTED_EDGE('',*,*,#950,.T.);
#1222=ORIENTED_EDGE('',*,*,#951,.F.);
#1223=ORIENTED_EDGE('',*,*,#952,.F.);
#1224=ORIENTED_EDGE('',*,*,#953,.F.);
#1225=ORIENTED_EDGE('',*,*,#954,.F.);
#1226=ORIENTED_EDGE('',*,*,#955,.F.);
#1227=ORIENTED_EDGE('',*,*,#956,.F.);
#1228=ORIENTED_EDGE('',*,*,#957,.F.);
#1229=ORIENTED_EDGE('',*,*,#958,.F.);
#1230=ORIENTED_EDGE('',*,*,#959,.T.);
#1231=ORIENTED_EDGE('',*,*,#960,.F.);
#1232=ORIENTED_EDGE('',*,*,#888,.T.);
#1233=ORIENTED_EDGE('',*,*,#892,.T.);
#1234=ORIENTED_EDGE('',*,*,#895,.F.);
#1235=ORIENTED_EDGE('',*,*,#898,.T.);
#1236=ORIENTED_EDGE('',*,*,#901,.F.);
#1237=ORIENTED_EDGE('',*,*,#904,.T.);
#1238=ORIENTED_EDGE('',*,*,#884,.T.);
#1239=ORIENTED_EDGE('',*,*,#883,.F.);
#1240=ORIENTED_EDGE('',*,*,#911,.F.);
#1241=ORIENTED_EDGE('',*,*,#961,.T.);
#1242=ORIENTED_EDGE('',*,*,#962,.T.);
#1243=ORIENTED_EDGE('',*,*,#963,.T.);
#1244=ORIENTED_EDGE('',*,*,#964,.T.);
#1245=ORIENTED_EDGE('',*,*,#965,.F.);
#1246=ORIENTED_EDGE('',*,*,#966,.F.);
#1247=ORIENTED_EDGE('',*,*,#967,.F.);
#1248=ORIENTED_EDGE('',*,*,#968,.F.);
#1249=ORIENTED_EDGE('',*,*,#969,.F.);
#1250=ORIENTED_EDGE('',*,*,#970,.F.);
#1251=ORIENTED_EDGE('',*,*,#971,.F.);
#1252=ORIENTED_EDGE('',*,*,#972,.F.);
#1253=ORIENTED_EDGE('',*,*,#973,.F.);
#1254=ORIENTED_EDGE('',*,*,#974,.F.);
#1255=ORIENTED_EDGE('',*,*,#975,.F.);
#1256=ORIENTED_EDGE('',*,*,#976,.F.);
#1257=ORIENTED_EDGE('',*,*,#977,.F.);
#1258=ORIENTED_EDGE('',*,*,#978,.F.);
#1259=ORIENTED_EDGE('',*,*,#979,.F.);
#1260=ORIENTED_EDGE('',*,*,#980,.F.);
#1261=ORIENTED_EDGE('',*,*,#981,.F.);
#1262=ORIENTED_EDGE('',*,*,#982,.F.);
#1263=ORIENTED_EDGE('',*,*,#983,.F.);
#1264=ORIENTED_EDGE('',*,*,#984,.F.);
#1265=ORIENTED_EDGE('',*,*,#985,.F.);
#1266=ORIENTED_EDGE('',*,*,#986,.F.);
#1267=ORIENTED_EDGE('',*,*,#987,.F.);
#1268=ORIENTED_EDGE('',*,*,#988,.F.);
#1269=ORIENTED_EDGE('',*,*,#989,.F.);
#1270=ORIENTED_EDGE('',*,*,#990,.F.);
#1271=ORIENTED_EDGE('',*,*,#991,.F.);
#1272=ORIENTED_EDGE('',*,*,#992,.F.);
#1273=ORIENTED_EDGE('',*,*,#993,.F.);
#1274=ORIENTED_EDGE('',*,*,#994,.F.);
#1275=ORIENTED_EDGE('',*,*,#995,.F.);
#1276=ORIENTED_EDGE('',*,*,#996,.F.);
#1277=ORIENTED_EDGE('',*,*,#997,.F.);
#1278=ORIENTED_EDGE('',*,*,#998,.F.);
#1279=ORIENTED_EDGE('',*,*,#999,.F.);
#1280=ORIENTED_EDGE('',*,*,#1000,.F.);
#1281=ORIENTED_EDGE('',*,*,#906,.T.);
#1282=ORIENTED_EDGE('',*,*,#886,.T.);
#1283=ORIENTED_EDGE('',*,*,#905,.T.);
#1284=ORIENTED_EDGE('',*,*,#902,.T.);
#1285=ORIENTED_EDGE('',*,*,#899,.T.);
#1286=ORIENTED_EDGE('',*,*,#896,.T.);
#1287=ORIENTED_EDGE('',*,*,#893,.T.);
#1288=ORIENTED_EDGE('',*,*,#890,.T.);
#1289=ORIENTED_EDGE('',*,*,#1001,.T.);
#1290=ORIENTED_EDGE('',*,*,#1002,.T.);
#1291=ORIENTED_EDGE('',*,*,#1003,.T.);
#1292=ORIENTED_EDGE('',*,*,#1004,.T.);
#1293=ORIENTED_EDGE('',*,*,#1005,.T.);
#1294=ORIENTED_EDGE('',*,*,#1006,.T.);
#1295=ORIENTED_EDGE('',*,*,#1007,.T.);
#1296=ORIENTED_EDGE('',*,*,#1008,.T.);
#1297=ORIENTED_EDGE('',*,*,#1009,.T.);
#1298=ORIENTED_EDGE('',*,*,#1010,.T.);
#1299=ORIENTED_EDGE('',*,*,#1011,.T.);
#1300=ORIENTED_EDGE('',*,*,#1012,.T.);
#1301=ORIENTED_EDGE('',*,*,#934,.T.);
#1302=ORIENTED_EDGE('',*,*,#914,.T.);
#1303=ORIENTED_EDGE('',*,*,#933,.T.);
#1304=ORIENTED_EDGE('',*,*,#930,.T.);
#1305=ORIENTED_EDGE('',*,*,#927,.T.);
#1306=ORIENTED_EDGE('',*,*,#924,.T.);
#1307=ORIENTED_EDGE('',*,*,#921,.T.);
#1308=ORIENTED_EDGE('',*,*,#918,.T.);
#1309=ORIENTED_EDGE('',*,*,#1013,.T.);
#1310=ORIENTED_EDGE('',*,*,#1014,.T.);
#1311=ORIENTED_EDGE('',*,*,#1015,.T.);
#1312=ORIENTED_EDGE('',*,*,#1016,.T.);
#1313=ORIENTED_EDGE('',*,*,#1017,.T.);
#1314=ORIENTED_EDGE('',*,*,#1018,.T.);
#1315=ORIENTED_EDGE('',*,*,#1019,.T.);
#1316=ORIENTED_EDGE('',*,*,#1020,.T.);
#1317=ORIENTED_EDGE('',*,*,#1021,.T.);
#1318=ORIENTED_EDGE('',*,*,#1022,.T.);
#1319=ORIENTED_EDGE('',*,*,#1023,.T.);
#1320=ORIENTED_EDGE('',*,*,#1024,.T.);
#1321=ORIENTED_EDGE('',*,*,#881,.T.);
#1322=ORIENTED_EDGE('',*,*,#909,.T.);
#1323=ORIENTED_EDGE('',*,*,#1025,.T.);
#1324=ORIENTED_EDGE('',*,*,#1026,.T.);
#1325=ORIENTED_EDGE('',*,*,#1027,.T.);
#1326=ORIENTED_EDGE('',*,*,#1028,.T.);
#1327=ORIENTED_EDGE('',*,*,#1029,.T.);
#1328=ORIENTED_EDGE('',*,*,#1030,.T.);
#1329=ORIENTED_EDGE('',*,*,#1031,.T.);
#1330=ORIENTED_EDGE('',*,*,#1032,.T.);
#1331=ORIENTED_EDGE('',*,*,#1033,.T.);
#1332=ORIENTED_EDGE('',*,*,#1034,.T.);
#1333=ORIENTED_EDGE('',*,*,#1035,.T.);
#1334=ORIENTED_EDGE('',*,*,#1036,.T.);
#1335=ORIENTED_EDGE('',*,*,#1037,.T.);
#1336=ORIENTED_EDGE('',*,*,#1038,.T.);
#1337=ORIENTED_EDGE('',*,*,#1039,.T.);
#1338=ORIENTED_EDGE('',*,*,#1040,.T.);
#1339=ORIENTED_EDGE('',*,*,#1041,.T.);
#1340=ORIENTED_EDGE('',*,*,#1042,.T.);
#1341=ORIENTED_EDGE('',*,*,#1043,.T.);
#1342=ORIENTED_EDGE('',*,*,#1044,.T.);
#1343=ORIENTED_EDGE('',*,*,#1045,.T.);
#1344=ORIENTED_EDGE('',*,*,#1046,.T.);
#1345=ORIENTED_EDGE('',*,*,#1047,.T.);
#1346=ORIENTED_EDGE('',*,*,#1048,.T.);
#1347=ORIENTED_EDGE('',*,*,#1049,.T.);
#1348=ORIENTED_EDGE('',*,*,#1050,.T.);
#1349=ORIENTED_EDGE('',*,*,#1051,.T.);
#1350=ORIENTED_EDGE('',*,*,#1052,.T.);
#1351=ORIENTED_EDGE('',*,*,#1053,.T.);
#1352=ORIENTED_EDGE('',*,*,#1054,.T.);
#1353=ORIENTED_EDGE('',*,*,#1055,.T.);
#1354=ORIENTED_EDGE('',*,*,#1056,.T.);
#1355=ORIENTED_EDGE('',*,*,#1057,.T.);
#1356=ORIENTED_EDGE('',*,*,#1058,.T.);
#1357=ORIENTED_EDGE('',*,*,#1059,.T.);
#1358=ORIENTED_EDGE('',*,*,#1060,.T.);
#1359=ORIENTED_EDGE('',*,*,#1061,.T.);
#1360=ORIENTED_EDGE('',*,*,#1062,.T.);
#1361=ORIENTED_EDGE('',*,*,#1063,.T.);
#1362=ORIENTED_EDGE('',*,*,#1064,.T.);
#1363=ORIENTED_EDGE('',*,*,#961,.F.);
#1364=ORIENTED_EDGE('',*,*,#1065,.T.);
#1365=ORIENTED_EDGE('',*,*,#1025,.F.);
#1366=ORIENTED_EDGE('',*,*,#1065,.F.);
#1367=ORIENTED_EDGE('',*,*,#962,.F.);
#1368=ORIENTED_EDGE('',*,*,#1066,.T.);
#1369=ORIENTED_EDGE('',*,*,#1026,.F.);
#1370=ORIENTED_EDGE('',*,*,#1066,.F.);
#1371=ORIENTED_EDGE('',*,*,#963,.F.);
#1372=ORIENTED_EDGE('',*,*,#1067,.T.);
#1373=ORIENTED_EDGE('',*,*,#1027,.F.);
#1374=ORIENTED_EDGE('',*,*,#1067,.F.);
#1375=ORIENTED_EDGE('',*,*,#964,.F.);
#1376=ORIENTED_EDGE('',*,*,#1068,.T.);
#1377=ORIENTED_EDGE('',*,*,#1028,.F.);
#1378=ORIENTED_EDGE('',*,*,#1068,.F.);
#1379=ORIENTED_EDGE('',*,*,#889,.T.);
#1380=ORIENTED_EDGE('',*,*,#960,.T.);
#1381=ORIENTED_EDGE('',*,*,#1069,.T.);
#1382=ORIENTED_EDGE('',*,*,#1001,.F.);
#1383=ORIENTED_EDGE('',*,*,#917,.T.);
#1384=ORIENTED_EDGE('',*,*,#948,.F.);
#1385=ORIENTED_EDGE('',*,*,#1070,.T.);
#1386=ORIENTED_EDGE('',*,*,#1013,.F.);
#1387=ORIENTED_EDGE('',*,*,#1064,.F.);
#1388=ORIENTED_EDGE('',*,*,#1071,.T.);
#1389=ORIENTED_EDGE('',*,*,#1000,.T.);
#1390=ORIENTED_EDGE('',*,*,#1071,.F.);
#1391=ORIENTED_EDGE('',*,*,#1063,.F.);
#1392=ORIENTED_EDGE('',*,*,#1072,.T.);
#1393=ORIENTED_EDGE('',*,*,#999,.T.);
#1394=ORIENTED_EDGE('',*,*,#1072,.F.);
#1395=ORIENTED_EDGE('',*,*,#1062,.F.);
#1396=ORIENTED_EDGE('',*,*,#1073,.T.);
#1397=ORIENTED_EDGE('',*,*,#998,.T.);
#1398=ORIENTED_EDGE('',*,*,#1073,.F.);
#1399=ORIENTED_EDGE('',*,*,#995,.T.);
#1400=ORIENTED_EDGE('',*,*,#1074,.T.);
#1401=ORIENTED_EDGE('',*,*,#1061,.F.);
#1402=ORIENTED_EDGE('',*,*,#1075,.F.);
#1403=ORIENTED_EDGE('',*,*,#996,.T.);
#1404=ORIENTED_EDGE('',*,*,#1075,.T.);
#1405=ORIENTED_EDGE('',*,*,#1060,.F.);
#1406=ORIENTED_EDGE('',*,*,#1076,.F.);
#1407=ORIENTED_EDGE('',*,*,#997,.T.);
#1408=ORIENTED_EDGE('',*,*,#1076,.T.);
#1409=ORIENTED_EDGE('',*,*,#1059,.F.);
#1410=ORIENTED_EDGE('',*,*,#1077,.F.);
#1411=ORIENTED_EDGE('',*,*,#994,.T.);
#1412=ORIENTED_EDGE('',*,*,#1077,.T.);
#1413=ORIENTED_EDGE('',*,*,#1058,.F.);
#1414=ORIENTED_EDGE('',*,*,#1074,.F.);
#1415=ORIENTED_EDGE('',*,*,#1057,.F.);
#1416=ORIENTED_EDGE('',*,*,#1078,.T.);
#1417=ORIENTED_EDGE('',*,*,#993,.T.);
#1418=ORIENTED_EDGE('',*,*,#1078,.F.);
#1419=ORIENTED_EDGE('',*,*,#1056,.F.);
#1420=ORIENTED_EDGE('',*,*,#1079,.T.);
#1421=ORIENTED_EDGE('',*,*,#992,.T.);
#1422=ORIENTED_EDGE('',*,*,#1079,.F.);
#1423=ORIENTED_EDGE('',*,*,#1055,.F.);
#1424=ORIENTED_EDGE('',*,*,#1080,.T.);
#1425=ORIENTED_EDGE('',*,*,#991,.T.);
#1426=ORIENTED_EDGE('',*,*,#1080,.F.);
#1427=ORIENTED_EDGE('',*,*,#1054,.F.);
#1428=ORIENTED_EDGE('',*,*,#1081,.T.);
#1429=ORIENTED_EDGE('',*,*,#990,.T.);
#1430=ORIENTED_EDGE('',*,*,#1081,.F.);
#1431=ORIENTED_EDGE('',*,*,#1053,.F.);
#1432=ORIENTED_EDGE('',*,*,#1082,.T.);
#1433=ORIENTED_EDGE('',*,*,#989,.T.);
#1434=ORIENTED_EDGE('',*,*,#1082,.F.);
#1435=ORIENTED_EDGE('',*,*,#1052,.F.);
#1436=ORIENTED_EDGE('',*,*,#1083,.T.);
#1437=ORIENTED_EDGE('',*,*,#988,.T.);
#1438=ORIENTED_EDGE('',*,*,#1083,.F.);
#1439=ORIENTED_EDGE('',*,*,#1051,.F.);
#1440=ORIENTED_EDGE('',*,*,#1084,.T.);
#1441=ORIENTED_EDGE('',*,*,#987,.T.);
#1442=ORIENTED_EDGE('',*,*,#1084,.F.);
#1443=ORIENTED_EDGE('',*,*,#1050,.F.);
#1444=ORIENTED_EDGE('',*,*,#1085,.T.);
#1445=ORIENTED_EDGE('',*,*,#986,.T.);
#1446=ORIENTED_EDGE('',*,*,#1085,.F.);
#1447=ORIENTED_EDGE('',*,*,#1049,.F.);
#1448=ORIENTED_EDGE('',*,*,#1086,.T.);
#1449=ORIENTED_EDGE('',*,*,#985,.T.);
#1450=ORIENTED_EDGE('',*,*,#1086,.F.);
#1451=ORIENTED_EDGE('',*,*,#1048,.F.);
#1452=ORIENTED_EDGE('',*,*,#1087,.T.);
#1453=ORIENTED_EDGE('',*,*,#984,.T.);
#1454=ORIENTED_EDGE('',*,*,#1087,.F.);
#1455=ORIENTED_EDGE('',*,*,#981,.T.);
#1456=ORIENTED_EDGE('',*,*,#1088,.T.);
#1457=ORIENTED_EDGE('',*,*,#1047,.F.);
#1458=ORIENTED_EDGE('',*,*,#1089,.F.);
#1459=ORIENTED_EDGE('',*,*,#982,.T.);
#1460=ORIENTED_EDGE('',*,*,#1089,.T.);
#1461=ORIENTED_EDGE('',*,*,#1046,.F.);
#1462=ORIENTED_EDGE('',*,*,#1090,.F.);
#1463=ORIENTED_EDGE('',*,*,#983,.T.);
#1464=ORIENTED_EDGE('',*,*,#1090,.T.);
#1465=ORIENTED_EDGE('',*,*,#1045,.F.);
#1466=ORIENTED_EDGE('',*,*,#1091,.F.);
#1467=ORIENTED_EDGE('',*,*,#980,.T.);
#1468=ORIENTED_EDGE('',*,*,#1091,.T.);
#1469=ORIENTED_EDGE('',*,*,#1044,.F.);
#1470=ORIENTED_EDGE('',*,*,#1088,.F.);
#1471=ORIENTED_EDGE('',*,*,#1043,.F.);
#1472=ORIENTED_EDGE('',*,*,#1092,.T.);
#1473=ORIENTED_EDGE('',*,*,#979,.T.);
#1474=ORIENTED_EDGE('',*,*,#1092,.F.);
#1475=ORIENTED_EDGE('',*,*,#1042,.F.);
#1476=ORIENTED_EDGE('',*,*,#1093,.T.);
#1477=ORIENTED_EDGE('',*,*,#978,.T.);
#1478=ORIENTED_EDGE('',*,*,#1093,.F.);
#1479=ORIENTED_EDGE('',*,*,#975,.T.);
#1480=ORIENTED_EDGE('',*,*,#1094,.T.);
#1481=ORIENTED_EDGE('',*,*,#1041,.F.);
#1482=ORIENTED_EDGE('',*,*,#1095,.F.);
#1483=ORIENTED_EDGE('',*,*,#976,.T.);
#1484=ORIENTED_EDGE('',*,*,#1095,.T.);
#1485=ORIENTED_EDGE('',*,*,#1040,.F.);
#1486=ORIENTED_EDGE('',*,*,#1096,.F.);
#1487=ORIENTED_EDGE('',*,*,#977,.T.);
#1488=ORIENTED_EDGE('',*,*,#1096,.T.);
#1489=ORIENTED_EDGE('',*,*,#1039,.F.);
#1490=ORIENTED_EDGE('',*,*,#1097,.F.);
#1491=ORIENTED_EDGE('',*,*,#974,.T.);
#1492=ORIENTED_EDGE('',*,*,#1097,.T.);
#1493=ORIENTED_EDGE('',*,*,#1038,.F.);
#1494=ORIENTED_EDGE('',*,*,#1094,.F.);
#1495=ORIENTED_EDGE('',*,*,#1037,.F.);
#1496=ORIENTED_EDGE('',*,*,#1098,.T.);
#1497=ORIENTED_EDGE('',*,*,#973,.T.);
#1498=ORIENTED_EDGE('',*,*,#1098,.F.);
#1499=ORIENTED_EDGE('',*,*,#1036,.F.);
#1500=ORIENTED_EDGE('',*,*,#1099,.T.);
#1501=ORIENTED_EDGE('',*,*,#972,.T.);
#1502=ORIENTED_EDGE('',*,*,#1099,.F.);
#1503=ORIENTED_EDGE('',*,*,#1035,.F.);
#1504=ORIENTED_EDGE('',*,*,#1100,.T.);
#1505=ORIENTED_EDGE('',*,*,#971,.T.);
#1506=ORIENTED_EDGE('',*,*,#1100,.F.);
#1507=ORIENTED_EDGE('',*,*,#968,.T.);
#1508=ORIENTED_EDGE('',*,*,#1101,.T.);
#1509=ORIENTED_EDGE('',*,*,#1034,.F.);
#1510=ORIENTED_EDGE('',*,*,#1102,.F.);
#1511=ORIENTED_EDGE('',*,*,#969,.T.);
#1512=ORIENTED_EDGE('',*,*,#1102,.T.);
#1513=ORIENTED_EDGE('',*,*,#1033,.F.);
#1514=ORIENTED_EDGE('',*,*,#1103,.F.);
#1515=ORIENTED_EDGE('',*,*,#970,.T.);
#1516=ORIENTED_EDGE('',*,*,#1103,.T.);
#1517=ORIENTED_EDGE('',*,*,#1032,.F.);
#1518=ORIENTED_EDGE('',*,*,#1104,.F.);
#1519=ORIENTED_EDGE('',*,*,#967,.T.);
#1520=ORIENTED_EDGE('',*,*,#1104,.T.);
#1521=ORIENTED_EDGE('',*,*,#1031,.F.);
#1522=ORIENTED_EDGE('',*,*,#1101,.F.);
#1523=ORIENTED_EDGE('',*,*,#1030,.F.);
#1524=ORIENTED_EDGE('',*,*,#1105,.T.);
#1525=ORIENTED_EDGE('',*,*,#966,.T.);
#1526=ORIENTED_EDGE('',*,*,#1105,.F.);
#1527=ORIENTED_EDGE('',*,*,#1029,.F.);
#1528=ORIENTED_EDGE('',*,*,#1106,.T.);
#1529=ORIENTED_EDGE('',*,*,#965,.T.);
#1530=ORIENTED_EDGE('',*,*,#1106,.F.);
#1531=ORIENTED_EDGE('',*,*,#947,.F.);
#1532=ORIENTED_EDGE('',*,*,#1107,.T.);
#1533=ORIENTED_EDGE('',*,*,#1014,.F.);
#1534=ORIENTED_EDGE('',*,*,#1070,.F.);
#1535=ORIENTED_EDGE('',*,*,#949,.F.);
#1536=ORIENTED_EDGE('',*,*,#935,.T.);
#1537=ORIENTED_EDGE('',*,*,#1012,.F.);
#1538=ORIENTED_EDGE('',*,*,#1108,.F.);
#1539=ORIENTED_EDGE('',*,*,#950,.F.);
#1540=ORIENTED_EDGE('',*,*,#1108,.T.);
#1541=ORIENTED_EDGE('',*,*,#1011,.F.);
#1542=ORIENTED_EDGE('',*,*,#1109,.F.);
#1543=ORIENTED_EDGE('',*,*,#951,.T.);
#1544=ORIENTED_EDGE('',*,*,#1109,.T.);
#1545=ORIENTED_EDGE('',*,*,#1010,.F.);
#1546=ORIENTED_EDGE('',*,*,#1110,.F.);
#1547=ORIENTED_EDGE('',*,*,#952,.T.);
#1548=ORIENTED_EDGE('',*,*,#1110,.T.);
#1549=ORIENTED_EDGE('',*,*,#1009,.F.);
#1550=ORIENTED_EDGE('',*,*,#1111,.F.);
#1551=ORIENTED_EDGE('',*,*,#953,.T.);
#1552=ORIENTED_EDGE('',*,*,#1111,.T.);
#1553=ORIENTED_EDGE('',*,*,#1008,.F.);
#1554=ORIENTED_EDGE('',*,*,#1112,.F.);
#1555=ORIENTED_EDGE('',*,*,#954,.T.);
#1556=ORIENTED_EDGE('',*,*,#1112,.T.);
#1557=ORIENTED_EDGE('',*,*,#1007,.F.);
#1558=ORIENTED_EDGE('',*,*,#1113,.F.);
#1559=ORIENTED_EDGE('',*,*,#955,.T.);
#1560=ORIENTED_EDGE('',*,*,#1113,.T.);
#1561=ORIENTED_EDGE('',*,*,#1006,.F.);
#1562=ORIENTED_EDGE('',*,*,#1114,.F.);
#1563=ORIENTED_EDGE('',*,*,#956,.T.);
#1564=ORIENTED_EDGE('',*,*,#1114,.T.);
#1565=ORIENTED_EDGE('',*,*,#1005,.F.);
#1566=ORIENTED_EDGE('',*,*,#1115,.F.);
#1567=ORIENTED_EDGE('',*,*,#957,.T.);
#1568=ORIENTED_EDGE('',*,*,#1115,.T.);
#1569=ORIENTED_EDGE('',*,*,#1004,.F.);
#1570=ORIENTED_EDGE('',*,*,#1116,.F.);
#1571=ORIENTED_EDGE('',*,*,#958,.T.);
#1572=ORIENTED_EDGE('',*,*,#1116,.T.);
#1573=ORIENTED_EDGE('',*,*,#1003,.F.);
#1574=ORIENTED_EDGE('',*,*,#1117,.F.);
#1575=ORIENTED_EDGE('',*,*,#959,.F.);
#1576=ORIENTED_EDGE('',*,*,#1117,.T.);
#1577=ORIENTED_EDGE('',*,*,#1002,.F.);
#1578=ORIENTED_EDGE('',*,*,#1069,.F.);
#1579=ORIENTED_EDGE('',*,*,#937,.F.);
#1580=ORIENTED_EDGE('',*,*,#907,.T.);
#1581=ORIENTED_EDGE('',*,*,#1024,.F.);
#1582=ORIENTED_EDGE('',*,*,#1118,.F.);
#1583=ORIENTED_EDGE('',*,*,#938,.F.);
#1584=ORIENTED_EDGE('',*,*,#1118,.T.);
#1585=ORIENTED_EDGE('',*,*,#1023,.F.);
#1586=ORIENTED_EDGE('',*,*,#1119,.F.);
#1587=ORIENTED_EDGE('',*,*,#939,.T.);
#1588=ORIENTED_EDGE('',*,*,#1119,.T.);
#1589=ORIENTED_EDGE('',*,*,#1022,.F.);
#1590=ORIENTED_EDGE('',*,*,#1120,.F.);
#1591=ORIENTED_EDGE('',*,*,#940,.T.);
#1592=ORIENTED_EDGE('',*,*,#1120,.T.);
#1593=ORIENTED_EDGE('',*,*,#1021,.F.);
#1594=ORIENTED_EDGE('',*,*,#1121,.F.);
#1595=ORIENTED_EDGE('',*,*,#941,.T.);
#1596=ORIENTED_EDGE('',*,*,#1121,.T.);
#1597=ORIENTED_EDGE('',*,*,#1020,.F.);
#1598=ORIENTED_EDGE('',*,*,#1122,.F.);
#1599=ORIENTED_EDGE('',*,*,#942,.T.);
#1600=ORIENTED_EDGE('',*,*,#1122,.T.);
#1601=ORIENTED_EDGE('',*,*,#1019,.F.);
#1602=ORIENTED_EDGE('',*,*,#1123,.F.);
#1603=ORIENTED_EDGE('',*,*,#943,.T.);
#1604=ORIENTED_EDGE('',*,*,#1123,.T.);
#1605=ORIENTED_EDGE('',*,*,#1018,.F.);
#1606=ORIENTED_EDGE('',*,*,#1124,.F.);
#1607=ORIENTED_EDGE('',*,*,#944,.T.);
#1608=ORIENTED_EDGE('',*,*,#1124,.T.);
#1609=ORIENTED_EDGE('',*,*,#1017,.F.);
#1610=ORIENTED_EDGE('',*,*,#1125,.F.);
#1611=ORIENTED_EDGE('',*,*,#945,.T.);
#1612=ORIENTED_EDGE('',*,*,#1125,.T.);
#1613=ORIENTED_EDGE('',*,*,#1016,.F.);
#1614=ORIENTED_EDGE('',*,*,#1126,.F.);
#1615=ORIENTED_EDGE('',*,*,#946,.T.);
#1616=ORIENTED_EDGE('',*,*,#1126,.T.);
#1617=ORIENTED_EDGE('',*,*,#1015,.F.);
#1618=ORIENTED_EDGE('',*,*,#1107,.F.);
#1619=CYLINDRICAL_SURFACE('',#1771,2.);
#1620=CYLINDRICAL_SURFACE('',#1774,4.99999999999913);
#1621=CYLINDRICAL_SURFACE('',#1777,5.);
#1622=CYLINDRICAL_SURFACE('',#1781,5.);
#1623=CYLINDRICAL_SURFACE('',#1785,4.99999999999812);
#1624=CYLINDRICAL_SURFACE('',#1790,2.);
#1625=CYLINDRICAL_SURFACE('',#1793,4.99999999999913);
#1626=CYLINDRICAL_SURFACE('',#1796,4.99999999999999);
#1627=CYLINDRICAL_SURFACE('',#1800,5.);
#1628=CYLINDRICAL_SURFACE('',#1804,5.);
#1629=CYLINDRICAL_SURFACE('',#1899,1.6);
#1630=CYLINDRICAL_SURFACE('',#1900,1.6);
#1631=CYLINDRICAL_SURFACE('',#1901,1.6);
#1632=CYLINDRICAL_SURFACE('',#1902,1.6);
#1633=CYLINDRICAL_SURFACE('',#1905,2.00000000000001);
#1634=CYLINDRICAL_SURFACE('',#1906,1.5);
#1635=CYLINDRICAL_SURFACE('',#1907,1.5);
#1636=CYLINDRICAL_SURFACE('',#1909,2.);
#1637=CYLINDRICAL_SURFACE('',#1911,2.);
#1638=CYLINDRICAL_SURFACE('',#1912,2.00000000000001);
#1639=CYLINDRICAL_SURFACE('',#1913,1.5);
#1640=CYLINDRICAL_SURFACE('',#1914,2.00000000000001);
#1641=CYLINDRICAL_SURFACE('',#1915,1.5);
#1642=CYLINDRICAL_SURFACE('',#1916,1.5);
#1643=CYLINDRICAL_SURFACE('',#1917,1.5);
#1644=CYLINDRICAL_SURFACE('',#1918,1.5);
#1645=CYLINDRICAL_SURFACE('',#1919,2.00000000000001);
#1646=CYLINDRICAL_SURFACE('',#1920,1.5);
#1647=CYLINDRICAL_SURFACE('',#1921,1.5);
#1648=CYLINDRICAL_SURFACE('',#1923,2.);
#1649=CYLINDRICAL_SURFACE('',#1925,2.);
#1650=CYLINDRICAL_SURFACE('',#1926,1.5);
#1651=CYLINDRICAL_SURFACE('',#1927,1.5);
#1652=CYLINDRICAL_SURFACE('',#1929,1.99999999999999);
#1653=CYLINDRICAL_SURFACE('',#1931,2.00000000000002);
#1654=CYLINDRICAL_SURFACE('',#1932,1.5);
#1655=CYLINDRICAL_SURFACE('',#1933,1.5);
#1656=CYLINDRICAL_SURFACE('',#1934,1.5);
#1657=CYLINDRICAL_SURFACE('',#1935,2.);
#1658=CYLINDRICAL_SURFACE('',#1937,2.);
#1659=CYLINDRICAL_SURFACE('',#1939,1.5);
#1660=CYLINDRICAL_SURFACE('',#1940,1.5);
#1661=CYLINDRICAL_SURFACE('',#1941,9.99999999999989);
#1662=CYLINDRICAL_SURFACE('',#1942,10.);
#1663=CYLINDRICAL_SURFACE('',#1944,10.0000000000391);
#1664=CYLINDRICAL_SURFACE('',#1946,10.);
#1665=CYLINDRICAL_SURFACE('',#1948,9.99999999999996);
#1666=CYLINDRICAL_SURFACE('',#1950,9.99999999999837);
#1667=CYLINDRICAL_SURFACE('',#1952,9.99999999999995);
#1668=CYLINDRICAL_SURFACE('',#1953,10.);
#1669=CYLINDRICAL_SURFACE('',#1955,10.);
#1670=CYLINDRICAL_SURFACE('',#1957,9.99999999999998);
#1671=CYLINDRICAL_SURFACE('',#1959,9.99999999999989);
#1672=CYLINDRICAL_SURFACE('',#1961,10.0000000000001);
#1673=ADVANCED_FACE('',(#105),#1619,.F.);
#1674=ADVANCED_FACE('',(#106),#1620,.F.);
#1675=ADVANCED_FACE('',(#107),#1621,.F.);
#1676=ADVANCED_FACE('',(#108),#75,.T.);
#1677=ADVANCED_FACE('',(#109),#1622,.T.);
#1678=ADVANCED_FACE('',(#110),#76,.T.);
#1679=ADVANCED_FACE('',(#111),#1623,.T.);
#1680=ADVANCED_FACE('',(#112),#77,.T.);
#1681=ADVANCED_FACE('',(#113),#78,.T.);
#1682=ADVANCED_FACE('',(#114),#1624,.F.);
#1683=ADVANCED_FACE('',(#115),#1625,.F.);
#1684=ADVANCED_FACE('',(#116),#1626,.F.);
#1685=ADVANCED_FACE('',(#117),#79,.T.);
#1686=ADVANCED_FACE('',(#118),#1627,.T.);
#1687=ADVANCED_FACE('',(#119),#80,.T.);
#1688=ADVANCED_FACE('',(#120),#1628,.T.);
#1689=ADVANCED_FACE('',(#121),#81,.T.);
#1690=ADVANCED_FACE('',(#122),#82,.T.);
#1691=ADVANCED_FACE('',(#123,#15,#16,#17,#18,#19,#20,#21,#22,#23,#24,#25,
#26,#27,#28,#29,#30,#31,#32,#33,#34,#35,#36,#37,#38,#39,#40,#41,#42,#43,
#44),#83,.F.);
#1692=ADVANCED_FACE('',(#124,#45,#46,#47,#48,#49,#50,#51,#52,#53,#54,#55,
#56,#57,#58,#59,#60,#61,#62,#63,#64,#65,#66,#67,#68,#69,#70,#71,#72,#73,
#74),#84,.T.);
#1693=ADVANCED_FACE('',(#125),#1629,.F.);
#1694=ADVANCED_FACE('',(#126),#1630,.F.);
#1695=ADVANCED_FACE('',(#127),#1631,.F.);
#1696=ADVANCED_FACE('',(#128),#1632,.F.);
#1697=ADVANCED_FACE('',(#129),#85,.T.);
#1698=ADVANCED_FACE('',(#130),#86,.T.);
#1699=ADVANCED_FACE('',(#131),#1633,.F.);
#1700=ADVANCED_FACE('',(#132),#1634,.F.);
#1701=ADVANCED_FACE('',(#133),#1635,.F.);
#1702=ADVANCED_FACE('',(#134),#87,.T.);
#1703=ADVANCED_FACE('',(#135),#1636,.F.);
#1704=ADVANCED_FACE('',(#136),#88,.T.);
#1705=ADVANCED_FACE('',(#137),#1637,.F.);
#1706=ADVANCED_FACE('',(#138),#1638,.F.);
#1707=ADVANCED_FACE('',(#139),#1639,.F.);
#1708=ADVANCED_FACE('',(#140),#1640,.F.);
#1709=ADVANCED_FACE('',(#141),#1641,.F.);
#1710=ADVANCED_FACE('',(#142),#1642,.F.);
#1711=ADVANCED_FACE('',(#143),#1643,.F.);
#1712=ADVANCED_FACE('',(#144),#1644,.F.);
#1713=ADVANCED_FACE('',(#145),#1645,.F.);
#1714=ADVANCED_FACE('',(#146),#1646,.F.);
#1715=ADVANCED_FACE('',(#147),#1647,.F.);
#1716=ADVANCED_FACE('',(#148),#89,.T.);
#1717=ADVANCED_FACE('',(#149),#1648,.F.);
#1718=ADVANCED_FACE('',(#150),#90,.T.);
#1719=ADVANCED_FACE('',(#151),#1649,.F.);
#1720=ADVANCED_FACE('',(#152),#1650,.F.);
#1721=ADVANCED_FACE('',(#153),#1651,.F.);
#1722=ADVANCED_FACE('',(#154),#91,.T.);
#1723=ADVANCED_FACE('',(#155),#1652,.F.);
#1724=ADVANCED_FACE('',(#156),#92,.T.);
#1725=ADVANCED_FACE('',(#157),#1653,.F.);
#1726=ADVANCED_FACE('',(#158),#1654,.F.);
#1727=ADVANCED_FACE('',(#159),#1655,.F.);
#1728=ADVANCED_FACE('',(#160),#1656,.F.);
#1729=ADVANCED_FACE('',(#161),#1657,.F.);
#1730=ADVANCED_FACE('',(#162),#93,.T.);
#1731=ADVANCED_FACE('',(#163),#1658,.F.);
#1732=ADVANCED_FACE('',(#164),#94,.T.);
#1733=ADVANCED_FACE('',(#165),#1659,.F.);
#1734=ADVANCED_FACE('',(#166),#1660,.F.);
#1735=ADVANCED_FACE('',(#167),#1661,.F.);
#1736=ADVANCED_FACE('',(#168),#1662,.F.);
#1737=ADVANCED_FACE('',(#169),#95,.T.);
#1738=ADVANCED_FACE('',(#170),#1663,.T.);
#1739=ADVANCED_FACE('',(#171),#96,.T.);
#1740=ADVANCED_FACE('',(#172),#1664,.T.);
#1741=ADVANCED_FACE('',(#173),#97,.T.);
#1742=ADVANCED_FACE('',(#174),#1665,.T.);
#1743=ADVANCED_FACE('',(#175),#98,.T.);
#1744=ADVANCED_FACE('',(#176),#1666,.T.);
#1745=ADVANCED_FACE('',(#177),#99,.T.);
#1746=ADVANCED_FACE('',(#178),#1667,.F.);
#1747=ADVANCED_FACE('',(#179),#1668,.F.);
#1748=ADVANCED_FACE('',(#180),#100,.T.);
#1749=ADVANCED_FACE('',(#181),#1669,.T.);
#1750=ADVANCED_FACE('',(#182),#101,.T.);
#1751=ADVANCED_FACE('',(#183),#1670,.T.);
#1752=ADVANCED_FACE('',(#184),#102,.T.);
#1753=ADVANCED_FACE('',(#185),#1671,.T.);
#1754=ADVANCED_FACE('',(#186),#103,.T.);
#1755=ADVANCED_FACE('',(#187),#1672,.T.);
#1756=ADVANCED_FACE('',(#188),#104,.T.);
#1757=CLOSED_SHELL('',(#1673,#1674,#1675,#1676,#1677,#1678,#1679,#1680,
#1681,#1682,#1683,#1684,#1685,#1686,#1687,#1688,#1689,#1690,#1691,#1692,
#1693,#1694,#1695,#1696,#1697,#1698,#1699,#1700,#1701,#1702,#1703,#1704,
#1705,#1706,#1707,#1708,#1709,#1710,#1711,#1712,#1713,#1714,#1715,#1716,
#1717,#1718,#1719,#1720,#1721,#1722,#1723,#1724,#1725,#1726,#1727,#1728,
#1729,#1730,#1731,#1732,#1733,#1734,#1735,#1736,#1737,#1738,#1739,#1740,
#1741,#1742,#1743,#1744,#1745,#1746,#1747,#1748,#1749,#1750,#1751,#1752,
#1753,#1754,#1755,#1756));
#1758=DERIVED_UNIT_ELEMENT(#1760,1.);
#1759=DERIVED_UNIT_ELEMENT(#2987,-3.);
#1760=(
MASS_UNIT()
NAMED_UNIT(*)
SI_UNIT(.KILO.,.GRAM.)
);
#1761=DERIVED_UNIT((#1758,#1759));
#1762=MEASURE_REPRESENTATION_ITEM('density measure',
POSITIVE_RATIO_MEASURE(7850.),#1761);
#1763=PROPERTY_DEFINITION_REPRESENTATION(#1768,#1765);
#1764=PROPERTY_DEFINITION_REPRESENTATION(#1769,#1766);
#1765=REPRESENTATION('material name',(#1767),#2984);
#1766=REPRESENTATION('density',(#1762),#2984);
#1767=DESCRIPTIVE_REPRESENTATION_ITEM('\X2\94A2\X0\','\X2\94A2\X0\');
#1768=PROPERTY_DEFINITION('material property','material name',#2994);
#1769=PROPERTY_DEFINITION('material property','density of part',#2994);
#1770=AXIS2_PLACEMENT_3D('',#2487,#1963,#1964);
#1771=AXIS2_PLACEMENT_3D('',#2488,#1965,#1966);
#1772=AXIS2_PLACEMENT_3D('',#2490,#1967,#1968);
#1773=AXIS2_PLACEMENT_3D('',#2493,#1970,#1971);
#1774=AXIS2_PLACEMENT_3D('',#2494,#1972,#1973);
#1775=AXIS2_PLACEMENT_3D('',#2497,#1974,#1975);
#1776=AXIS2_PLACEMENT_3D('',#2501,#1977,#1978);
#1777=AXIS2_PLACEMENT_3D('',#2503,#1980,#1981);
#1778=AXIS2_PLACEMENT_3D('',#2506,#1982,#1983);
#1779=AXIS2_PLACEMENT_3D('',#2510,#1985,#1986);
#1780=AXIS2_PLACEMENT_3D('',#2512,#1988,#1989);
#1781=AXIS2_PLACEMENT_3D('',#2518,#1993,#1994);
#1782=AXIS2_PLACEMENT_3D('',#2520,#1995,#1996);
#1783=AXIS2_PLACEMENT_3D('',#2522,#1997,#1998);
#1784=AXIS2_PLACEMENT_3D('',#2524,#2000,#2001);
#1785=AXIS2_PLACEMENT_3D('',#2530,#2005,#2006);
#1786=AXIS2_PLACEMENT_3D('',#2532,#2007,#2008);
#1787=AXIS2_PLACEMENT_3D('',#2534,#2009,#2010);
#1788=AXIS2_PLACEMENT_3D('',#2536,#2012,#2013);
#1789=AXIS2_PLACEMENT_3D('',#2539,#2016,#2017);
#1790=AXIS2_PLACEMENT_3D('',#2545,#2021,#2022);
#1791=AXIS2_PLACEMENT_3D('',#2547,#2023,#2024);
#1792=AXIS2_PLACEMENT_3D('',#2550,#2026,#2027);
#1793=AXIS2_PLACEMENT_3D('',#2551,#2028,#2029);
#1794=AXIS2_PLACEMENT_3D('',#2554,#2030,#2031);
#1795=AXIS2_PLACEMENT_3D('',#2558,#2033,#2034);
#1796=AXIS2_PLACEMENT_3D('',#2560,#2036,#2037);
#1797=AXIS2_PLACEMENT_3D('',#2563,#2038,#2039);
#1798=AXIS2_PLACEMENT_3D('',#2567,#2041,#2042);
#1799=AXIS2_PLACEMENT_3D('',#2569,#2044,#2045);
#1800=AXIS2_PLACEMENT_3D('',#2575,#2049,#2050);
#1801=AXIS2_PLACEMENT_3D('',#2577,#2051,#2052);
#1802=AXIS2_PLACEMENT_3D('',#2579,#2053,#2054);
#1803=AXIS2_PLACEMENT_3D('',#2581,#2056,#2057);
#1804=AXIS2_PLACEMENT_3D('',#2587,#2061,#2062);
#1805=AXIS2_PLACEMENT_3D('',#2589,#2063,#2064);
#1806=AXIS2_PLACEMENT_3D('',#2591,#2065,#2066);
#1807=AXIS2_PLACEMENT_3D('',#2593,#2068,#2069);
#1808=AXIS2_PLACEMENT_3D('',#2596,#2072,#2073);
#1809=AXIS2_PLACEMENT_3D('',#2602,#2077,#2078);
#1810=AXIS2_PLACEMENT_3D('',#2604,#2079,#2080);
#1811=AXIS2_PLACEMENT_3D('',#2608,#2082,#2083);
#1812=AXIS2_PLACEMENT_3D('',#2612,#2085,#2086);
#1813=AXIS2_PLACEMENT_3D('',#2616,#2088,#2089);
#1814=AXIS2_PLACEMENT_3D('',#2620,#2091,#2092);
#1815=AXIS2_PLACEMENT_3D('',#2624,#2094,#2095);
#1816=AXIS2_PLACEMENT_3D('',#2627,#2097,#2098);
#1817=AXIS2_PLACEMENT_3D('',#2631,#2100,#2101);
#1818=AXIS2_PLACEMENT_3D('',#2635,#2103,#2104);
#1819=AXIS2_PLACEMENT_3D('',#2639,#2106,#2107);
#1820=AXIS2_PLACEMENT_3D('',#2643,#2109,#2110);
#1821=AXIS2_PLACEMENT_3D('',#2647,#2112,#2113);
#1822=AXIS2_PLACEMENT_3D('',#2650,#2115,#2116);
#1823=AXIS2_PLACEMENT_3D('',#2652,#2117,#2118);
#1824=AXIS2_PLACEMENT_3D('',#2654,#2119,#2120);
#1825=AXIS2_PLACEMENT_3D('',#2656,#2121,#2122);
#1826=AXIS2_PLACEMENT_3D('',#2658,#2123,#2124);
#1827=AXIS2_PLACEMENT_3D('',#2660,#2125,#2126);
#1828=AXIS2_PLACEMENT_3D('',#2665,#2128,#2129);
#1829=AXIS2_PLACEMENT_3D('',#2668,#2131,#2132);
#1830=AXIS2_PLACEMENT_3D('',#2670,#2133,#2134);
#1831=AXIS2_PLACEMENT_3D('',#2672,#2135,#2136);
#1832=AXIS2_PLACEMENT_3D('',#2674,#2137,#2138);
#1833=AXIS2_PLACEMENT_3D('',#2677,#2139,#2140);
#1834=AXIS2_PLACEMENT_3D('',#2681,#2142,#2143);
#1835=AXIS2_PLACEMENT_3D('',#2684,#2145,#2146);
#1836=AXIS2_PLACEMENT_3D('',#2686,#2147,#2148);
#1837=AXIS2_PLACEMENT_3D('',#2689,#2149,#2150);
#1838=AXIS2_PLACEMENT_3D('',#2693,#2152,#2153);
#1839=AXIS2_PLACEMENT_3D('',#2696,#2155,#2156);
#1840=AXIS2_PLACEMENT_3D('',#2698,#2157,#2158);
#1841=AXIS2_PLACEMENT_3D('',#2700,#2159,#2160);
#1842=AXIS2_PLACEMENT_3D('',#2702,#2161,#2162);
#1843=AXIS2_PLACEMENT_3D('',#2704,#2163,#2164);
#1844=AXIS2_PLACEMENT_3D('',#2706,#2165,#2166);
#1845=AXIS2_PLACEMENT_3D('',#2708,#2167,#2168);
#1846=AXIS2_PLACEMENT_3D('',#2710,#2169,#2170);
#1847=AXIS2_PLACEMENT_3D('',#2712,#2171,#2172);
#1848=AXIS2_PLACEMENT_3D('',#2714,#2173,#2174);
#1849=AXIS2_PLACEMENT_3D('',#2717,#2175,#2176);
#1850=AXIS2_PLACEMENT_3D('',#2721,#2178,#2179);
#1851=AXIS2_PLACEMENT_3D('',#2724,#2181,#2182);
#1852=AXIS2_PLACEMENT_3D('',#2726,#2183,#2184);
#1853=AXIS2_PLACEMENT_3D('',#2728,#2185,#2186);
#1854=AXIS2_PLACEMENT_3D('',#2729,#2187,#2188);
#1855=AXIS2_PLACEMENT_3D('',#2733,#2190,#2191);
#1856=AXIS2_PLACEMENT_3D('',#2737,#2193,#2194);
#1857=AXIS2_PLACEMENT_3D('',#2741,#2196,#2197);
#1858=AXIS2_PLACEMENT_3D('',#2745,#2199,#2200);
#1859=AXIS2_PLACEMENT_3D('',#2749,#2202,#2203);
#1860=AXIS2_PLACEMENT_3D('',#2752,#2205,#2206);
#1861=AXIS2_PLACEMENT_3D('',#2756,#2208,#2209);
#1862=AXIS2_PLACEMENT_3D('',#2760,#2211,#2212);
#1863=AXIS2_PLACEMENT_3D('',#2764,#2214,#2215);
#1864=AXIS2_PLACEMENT_3D('',#2768,#2217,#2218);
#1865=AXIS2_PLACEMENT_3D('',#2772,#2220,#2221);
#1866=AXIS2_PLACEMENT_3D('',#2775,#2223,#2224);
#1867=AXIS2_PLACEMENT_3D('',#2777,#2225,#2226);
#1868=AXIS2_PLACEMENT_3D('',#2779,#2227,#2228);
#1869=AXIS2_PLACEMENT_3D('',#2781,#2229,#2230);
#1870=AXIS2_PLACEMENT_3D('',#2783,#2231,#2232);
#1871=AXIS2_PLACEMENT_3D('',#2785,#2233,#2234);
#1872=AXIS2_PLACEMENT_3D('',#2787,#2235,#2236);
#1873=AXIS2_PLACEMENT_3D('',#2792,#2238,#2239);
#1874=AXIS2_PLACEMENT_3D('',#2795,#2241,#2242);
#1875=AXIS2_PLACEMENT_3D('',#2797,#2243,#2244);
#1876=AXIS2_PLACEMENT_3D('',#2799,#2245,#2246);
#1877=AXIS2_PLACEMENT_3D('',#2801,#2247,#2248);
#1878=AXIS2_PLACEMENT_3D('',#2804,#2249,#2250);
#1879=AXIS2_PLACEMENT_3D('',#2808,#2252,#2253);
#1880=AXIS2_PLACEMENT_3D('',#2811,#2255,#2256);
#1881=AXIS2_PLACEMENT_3D('',#2813,#2257,#2258);
#1882=AXIS2_PLACEMENT_3D('',#2816,#2259,#2260);
#1883=AXIS2_PLACEMENT_3D('',#2820,#2262,#2263);
#1884=AXIS2_PLACEMENT_3D('',#2823,#2265,#2266);
#1885=AXIS2_PLACEMENT_3D('',#2825,#2267,#2268);
#1886=AXIS2_PLACEMENT_3D('',#2827,#2269,#2270);
#1887=AXIS2_PLACEMENT_3D('',#2829,#2271,#2272);
#1888=AXIS2_PLACEMENT_3D('',#2831,#2273,#2274);
#1889=AXIS2_PLACEMENT_3D('',#2833,#2275,#2276);
#1890=AXIS2_PLACEMENT_3D('',#2835,#2277,#2278);
#1891=AXIS2_PLACEMENT_3D('',#2837,#2279,#2280);
#1892=AXIS2_PLACEMENT_3D('',#2839,#2281,#2282);
#1893=AXIS2_PLACEMENT_3D('',#2841,#2283,#2284);
#1894=AXIS2_PLACEMENT_3D('',#2844,#2285,#2286);
#1895=AXIS2_PLACEMENT_3D('',#2848,#2288,#2289);
#1896=AXIS2_PLACEMENT_3D('',#2851,#2291,#2292);
#1897=AXIS2_PLACEMENT_3D('',#2853,#2293,#2294);
#1898=AXIS2_PLACEMENT_3D('',#2855,#2295,#2296);
#1899=AXIS2_PLACEMENT_3D('',#2856,#2297,#2298);
#1900=AXIS2_PLACEMENT_3D('',#2858,#2300,#2301);
#1901=AXIS2_PLACEMENT_3D('',#2860,#2303,#2304);
#1902=AXIS2_PLACEMENT_3D('',#2862,#2306,#2307);
#1903=AXIS2_PLACEMENT_3D('',#2864,#2309,#2310);
#1904=AXIS2_PLACEMENT_3D('',#2866,#2312,#2313);
#1905=AXIS2_PLACEMENT_3D('',#2868,#2315,#2316);
#1906=AXIS2_PLACEMENT_3D('',#2870,#2318,#2319);
#1907=AXIS2_PLACEMENT_3D('',#2872,#2321,#2322);
#1908=AXIS2_PLACEMENT_3D('',#2874,#2324,#2325);
#1909=AXIS2_PLACEMENT_3D('',#2877,#2328,#2329);
#1910=AXIS2_PLACEMENT_3D('',#2879,#2331,#2332);
#1911=AXIS2_PLACEMENT_3D('',#2881,#2334,#2335);
#1912=AXIS2_PLACEMENT_3D('',#2882,#2336,#2337);
#1913=AXIS2_PLACEMENT_3D('',#2884,#2339,#2340);
#1914=AXIS2_PLACEMENT_3D('',#2886,#2342,#2343);
#1915=AXIS2_PLACEMENT_3D('',#2888,#2345,#2346);
#1916=AXIS2_PLACEMENT_3D('',#2890,#2348,#2349);
#1917=AXIS2_PLACEMENT_3D('',#2892,#2351,#2352);
#1918=AXIS2_PLACEMENT_3D('',#2894,#2354,#2355);
#1919=AXIS2_PLACEMENT_3D('',#2896,#2357,#2358);
#1920=AXIS2_PLACEMENT_3D('',#2898,#2360,#2361);
#1921=AXIS2_PLACEMENT_3D('',#2900,#2363,#2364);
#1922=AXIS2_PLACEMENT_3D('',#2902,#2366,#2367);
#1923=AXIS2_PLACEMENT_3D('',#2905,#2370,#2371);
#1924=AXIS2_PLACEMENT_3D('',#2907,#2373,#2374);
#1925=AXIS2_PLACEMENT_3D('',#2909,#2376,#2377);
#1926=AXIS2_PLACEMENT_3D('',#2910,#2378,#2379);
#1927=AXIS2_PLACEMENT_3D('',#2912,#2381,#2382);
#1928=AXIS2_PLACEMENT_3D('',#2914,#2384,#2385);
#1929=AXIS2_PLACEMENT_3D('',#2917,#2388,#2389);
#1930=AXIS2_PLACEMENT_3D('',#2919,#2391,#2392);
#1931=AXIS2_PLACEMENT_3D('',#2921,#2394,#2395);
#1932=AXIS2_PLACEMENT_3D('',#2922,#2396,#2397);
#1933=AXIS2_PLACEMENT_3D('',#2924,#2399,#2400);
#1934=AXIS2_PLACEMENT_3D('',#2926,#2402,#2403);
#1935=AXIS2_PLACEMENT_3D('',#2928,#2405,#2406);
#1936=AXIS2_PLACEMENT_3D('',#2931,#2409,#2410);
#1937=AXIS2_PLACEMENT_3D('',#2933,#2412,#2413);
#1938=AXIS2_PLACEMENT_3D('',#2935,#2415,#2416);
#1939=AXIS2_PLACEMENT_3D('',#2936,#2417,#2418);
#1940=AXIS2_PLACEMENT_3D('',#2938,#2420,#2421);
#1941=AXIS2_PLACEMENT_3D('',#2940,#2423,#2424);
#1942=AXIS2_PLACEMENT_3D('',#2942,#2426,#2427);
#1943=AXIS2_PLACEMENT_3D('',#2944,#2429,#2430);
#1944=AXIS2_PLACEMENT_3D('',#2946,#2432,#2433);
#1945=AXIS2_PLACEMENT_3D('',#2948,#2435,#2436);
#1946=AXIS2_PLACEMENT_3D('',#2950,#2438,#2439);
#1947=AXIS2_PLACEMENT_3D('',#2952,#2441,#2442);
#1948=AXIS2_PLACEMENT_3D('',#2954,#2444,#2445);
#1949=AXIS2_PLACEMENT_3D('',#2956,#2447,#2448);
#1950=AXIS2_PLACEMENT_3D('',#2958,#2450,#2451);
#1951=AXIS2_PLACEMENT_3D('',#2960,#2453,#2454);
#1952=AXIS2_PLACEMENT_3D('',#2962,#2456,#2457);
#1953=AXIS2_PLACEMENT_3D('',#2963,#2458,#2459);
#1954=AXIS2_PLACEMENT_3D('',#2965,#2461,#2462);
#1955=AXIS2_PLACEMENT_3D('',#2967,#2464,#2465);
#1956=AXIS2_PLACEMENT_3D('',#2969,#2467,#2468);
#1957=AXIS2_PLACEMENT_3D('',#2971,#2470,#2471);
#1958=AXIS2_PLACEMENT_3D('',#2973,#2473,#2474);
#1959=AXIS2_PLACEMENT_3D('',#2975,#2476,#2477);
#1960=AXIS2_PLACEMENT_3D('',#2977,#2479,#2480);
#1961=AXIS2_PLACEMENT_3D('',#2979,#2482,#2483);
#1962=AXIS2_PLACEMENT_3D('',#2981,#2485,#2486);
#1963=DIRECTION('axis',(0.,0.,1.));
#1964=DIRECTION('refdir',(1.,0.,0.));
#1965=DIRECTION('center_axis',(0.,1.,0.));
#1966=DIRECTION('ref_axis',(1.,0.,0.));
#1967=DIRECTION('center_axis',(0.,-1.,0.));
#1968=DIRECTION('ref_axis',(1.,0.,0.));
#1969=DIRECTION('',(0.,-1.,0.));
#1970=DIRECTION('center_axis',(0.,-1.,0.));
#1971=DIRECTION('ref_axis',(1.,0.,0.));
#1972=DIRECTION('center_axis',(0.,1.,0.));
#1973=DIRECTION('ref_axis',(-1.,0.,-9.75219904830907E-13));
#1974=DIRECTION('center_axis',(0.,1.,0.));
#1975=DIRECTION('ref_axis',(-1.,0.,-9.75219904830907E-13));
#1976=DIRECTION('',(0.,1.,0.));
#1977=DIRECTION('center_axis',(0.,-1.,0.));
#1978=DIRECTION('ref_axis',(-1.,0.,-9.75219904830907E-13));
#1979=DIRECTION('',(0.,-1.,0.));
#1980=DIRECTION('center_axis',(0.,1.,0.));
#1981=DIRECTION('ref_axis',(-3.01980662698043E-13,0.,1.));
#1982=DIRECTION('center_axis',(0.,1.,0.));
#1983=DIRECTION('ref_axis',(-3.01980662698043E-13,0.,1.));
#1984=DIRECTION('',(0.,-1.,0.));
#1985=DIRECTION('center_axis',(0.,-1.,0.));
#1986=DIRECTION('ref_axis',(-3.01980662698043E-13,0.,1.));
#1987=DIRECTION('',(0.,1.,0.));
#1988=DIRECTION('center_axis',(-1.,0.,1.33226762955014E-15));
#1989=DIRECTION('ref_axis',(1.33226762955014E-15,0.,1.));
#1990=DIRECTION('',(-1.33226762955014E-15,0.,-1.));
#1991=DIRECTION('',(1.33226762955014E-15,0.,1.));
#1992=DIRECTION('',(0.,1.,0.));
#1993=DIRECTION('center_axis',(0.,1.,0.));
#1994=DIRECTION('ref_axis',(8.43769498715119E-15,0.,-1.));
#1995=DIRECTION('center_axis',(0.,1.,0.));
#1996=DIRECTION('ref_axis',(8.43769498715119E-15,0.,-1.));
#1997=DIRECTION('center_axis',(0.,1.,0.));
#1998=DIRECTION('ref_axis',(8.43769498715119E-15,0.,-1.));
#1999=DIRECTION('',(0.,1.,0.));
#2000=DIRECTION('center_axis',(-1.15463194561018E-13,0.,-1.));
#2001=DIRECTION('ref_axis',(-1.,0.,1.15463194561018E-13));
#2002=DIRECTION('',(1.,0.,-1.15463194561018E-13));
#2003=DIRECTION('',(-1.,0.,1.15463194561018E-13));
#2004=DIRECTION('',(0.,1.,0.));
#2005=DIRECTION('center_axis',(0.,1.,0.));
#2006=DIRECTION('ref_axis',(1.,0.,6.67910171614746E-13));
#2007=DIRECTION('center_axis',(0.,1.,0.));
#2008=DIRECTION('ref_axis',(1.,0.,6.67910171614746E-13));
#2009=DIRECTION('center_axis',(0.,1.,0.));
#2010=DIRECTION('ref_axis',(1.,0.,6.67910171614746E-13));
#2011=DIRECTION('',(0.,1.,0.));
#2012=DIRECTION('center_axis',(1.,0.,3.02202707302957E-13));
#2013=DIRECTION('ref_axis',(3.02202707302957E-13,0.,-1.));
#2014=DIRECTION('',(-3.02202707302957E-13,0.,1.));
#2015=DIRECTION('',(3.02202707302957E-13,0.,-1.));
#2016=DIRECTION('center_axis',(-3.2519118341425E-16,0.,-1.));
#2017=DIRECTION('ref_axis',(-1.,0.,3.2519118341425E-16));
#2018=DIRECTION('',(-1.,0.,3.2519118341425E-16));
#2019=DIRECTION('',(0.,1.,0.));
#2020=DIRECTION('',(-1.,0.,3.2519118341425E-16));
#2021=DIRECTION('center_axis',(0.,1.,0.));
#2022=DIRECTION('ref_axis',(1.,0.,0.));
#2023=DIRECTION('center_axis',(0.,-1.,0.));
#2024=DIRECTION('ref_axis',(1.,0.,0.));
#2025=DIRECTION('',(0.,-1.,0.));
#2026=DIRECTION('center_axis',(0.,-1.,0.));
#2027=DIRECTION('ref_axis',(1.,0.,0.));
#2028=DIRECTION('center_axis',(0.,1.,0.));
#2029=DIRECTION('ref_axis',(1.,0.,6.69686528454011E-13));
#2030=DIRECTION('center_axis',(0.,1.,0.));
#2031=DIRECTION('ref_axis',(1.,0.,6.69686528454011E-13));
#2032=DIRECTION('',(0.,1.,0.));
#2033=DIRECTION('center_axis',(0.,-1.,0.));
#2034=DIRECTION('ref_axis',(1.,0.,6.69686528454011E-13));
#2035=DIRECTION('',(0.,-1.,0.));
#2036=DIRECTION('center_axis',(0.,1.,0.));
#2037=DIRECTION('ref_axis',(0.,0.,-1.));
#2038=DIRECTION('center_axis',(0.,1.,0.));
#2039=DIRECTION('ref_axis',(0.,0.,-1.));
#2040=DIRECTION('',(0.,-1.,0.));
#2041=DIRECTION('center_axis',(0.,-1.,0.));
#2042=DIRECTION('ref_axis',(0.,0.,-1.));
#2043=DIRECTION('',(0.,1.,0.));
#2044=DIRECTION('center_axis',(1.,0.,-4.0545344859352E-13));
#2045=DIRECTION('ref_axis',(-4.0545344859352E-13,0.,-1.));
#2046=DIRECTION('',(-4.0545344859352E-13,0.,-1.));
#2047=DIRECTION('',(-4.0545344859352E-13,0.,-1.));
#2048=DIRECTION('',(0.,1.,0.));
#2049=DIRECTION('center_axis',(0.,1.,0.));
#2050=DIRECTION('ref_axis',(-6.57252030578093E-14,0.,1.));
#2051=DIRECTION('center_axis',(0.,1.,0.));
#2052=DIRECTION('ref_axis',(-6.57252030578093E-14,0.,1.));
#2053=DIRECTION('center_axis',(0.,1.,0.));
#2054=DIRECTION('ref_axis',(-6.57252030578093E-14,0.,1.));
#2055=DIRECTION('',(0.,1.,0.));
#2056=DIRECTION('center_axis',(-6.57252030578142E-14,0.,1.));
#2057=DIRECTION('ref_axis',(1.,0.,6.57252030578142E-14));
#2058=DIRECTION('',(1.,0.,6.57252030578142E-14));
#2059=DIRECTION('',(1.,0.,6.57252030578142E-14));
#2060=DIRECTION('',(0.,1.,0.));
#2061=DIRECTION('center_axis',(0.,1.,0.));
#2062=DIRECTION('ref_axis',(-1.,0.,0.));
#2063=DIRECTION('center_axis',(0.,1.,0.));
#2064=DIRECTION('ref_axis',(-1.,0.,0.));
#2065=DIRECTION('center_axis',(0.,1.,0.));
#2066=DIRECTION('ref_axis',(-1.,0.,0.));
#2067=DIRECTION('',(0.,1.,0.));
#2068=DIRECTION('center_axis',(-1.,0.,4.46309655899759E-14));
#2069=DIRECTION('ref_axis',(4.46309655899759E-14,0.,1.));
#2070=DIRECTION('',(4.46309655899759E-14,0.,1.));
#2071=DIRECTION('',(4.46309655899759E-14,0.,1.));
#2072=DIRECTION('center_axis',(2.25194894514222E-14,0.,1.));
#2073=DIRECTION('ref_axis',(1.,0.,-2.25194894514222E-14));
#2074=DIRECTION('',(1.,0.,-2.25194894514222E-14));
#2075=DIRECTION('',(0.,1.,0.));
#2076=DIRECTION('',(-1.,0.,2.25194894514222E-14));
#2077=DIRECTION('center_axis',(0.,1.,0.));
#2078=DIRECTION('ref_axis',(1.,0.,0.));
#2079=DIRECTION('center_axis',(0.,1.,0.));
#2080=DIRECTION('ref_axis',(0.,0.,1.));
#2081=DIRECTION('',(1.01268941312071E-13,0.,-1.));
#2082=DIRECTION('center_axis',(0.,1.,0.));
#2083=DIRECTION('ref_axis',(0.,0.,-1.));
#2084=DIRECTION('',(-1.,0.,5.26327952414889E-16));
#2085=DIRECTION('center_axis',(0.,1.,0.));
#2086=DIRECTION('ref_axis',(1.,0.,-1.77635683940025E-15));
#2087=DIRECTION('',(0.,0.,-1.));
#2088=DIRECTION('center_axis',(0.,1.,0.));
#2089=DIRECTION('ref_axis',(1.77635683940027E-15,0.,1.));
#2090=DIRECTION('',(1.,0.,0.));
#2091=DIRECTION('center_axis',(0.,1.,0.));
#2092=DIRECTION('ref_axis',(-1.,0.,0.));
#2093=DIRECTION('',(-1.31433804651727E-11,0.,1.));
#2094=DIRECTION('center_axis',(0.,1.,0.));
#2095=DIRECTION('ref_axis',(1.,0.,1.30810917653436E-11));
#2096=DIRECTION('',(-1.,0.,2.25194894514222E-14));
#2097=DIRECTION('center_axis',(0.,1.,0.));
#2098=DIRECTION('ref_axis',(0.,0.,-1.));
#2099=DIRECTION('',(2.42381400516123E-13,0.,1.));
#2100=DIRECTION('center_axis',(0.,1.,0.));
#2101=DIRECTION('ref_axis',(3.01980662696861E-13,0.,1.));
#2102=DIRECTION('',(1.,0.,0.));
#2103=DIRECTION('center_axis',(0.,1.,0.));
#2104=DIRECTION('ref_axis',(-1.,0.,1.24344978758017E-14));
#2105=DIRECTION('',(7.34031751818284E-16,0.,1.));
#2106=DIRECTION('center_axis',(0.,1.,0.));
#2107=DIRECTION('ref_axis',(7.10542735760103E-15,0.,-1.));
#2108=DIRECTION('',(-1.,0.,5.26327952414889E-16));
#2109=DIRECTION('center_axis',(0.,1.,0.));
#2110=DIRECTION('ref_axis',(1.,0.,-3.6095570976619E-12));
#2111=DIRECTION('',(2.34080667622265E-13,0.,-1.));
#2112=DIRECTION('center_axis',(0.,1.,0.));
#2113=DIRECTION('ref_axis',(-1.,0.,-3.33955085807249E-13));
#2114=DIRECTION('',(-1.,0.,3.2519118341425E-16));
#2115=DIRECTION('center_axis',(0.,1.,0.));
#2116=DIRECTION('ref_axis',(1.,0.,0.));
#2117=DIRECTION('center_axis',(0.,1.,0.));
#2118=DIRECTION('ref_axis',(1.,0.,0.));
#2119=DIRECTION('center_axis',(0.,1.,0.));
#2120=DIRECTION('ref_axis',(1.,0.,0.));
#2121=DIRECTION('center_axis',(0.,1.,0.));
#2122=DIRECTION('ref_axis',(1.,0.,0.));
#2123=DIRECTION('center_axis',(0.,-1.,0.));
#2124=DIRECTION('ref_axis',(1.,0.,0.));
#2125=DIRECTION('center_axis',(0.,-1.,0.));
#2126=DIRECTION('ref_axis',(1.,0.,0.));
#2127=DIRECTION('',(-3.02322269782543E-13,0.,1.));
#2128=DIRECTION('center_axis',(0.,-1.,0.));
#2129=DIRECTION('ref_axis',(1.,0.,3.01980662698043E-13));
#2130=DIRECTION('',(3.02493073324792E-13,0.,-1.));
#2131=DIRECTION('center_axis',(0.,-1.,0.));
#2132=DIRECTION('ref_axis',(-1.,0.,-2.93098878501042E-13));
#2133=DIRECTION('center_axis',(0.,-1.,0.));
#2134=DIRECTION('ref_axis',(1.,0.,0.));
#2135=DIRECTION('center_axis',(0.,-1.,0.));
#2136=DIRECTION('ref_axis',(1.,0.,0.));
#2137=DIRECTION('center_axis',(0.,-1.,0.));
#2138=DIRECTION('ref_axis',(1.,0.,0.));
#2139=DIRECTION('center_axis',(0.,-1.,0.));
#2140=DIRECTION('ref_axis',(-1.,0.,2.97539770599539E-13));
#2141=DIRECTION('',(3.01809859155792E-13,0.,1.));
#2142=DIRECTION('center_axis',(0.,-1.,0.));
#2143=DIRECTION('ref_axis',(1.,0.,-3.01980662698044E-13));
#2144=DIRECTION('',(-3.01468252071293E-13,0.,-1.));
#2145=DIRECTION('center_axis',(0.,-1.,0.));
#2146=DIRECTION('ref_axis',(1.,0.,0.));
#2147=DIRECTION('center_axis',(0.,-1.,0.));
#2148=DIRECTION('ref_axis',(1.,0.,0.));
#2149=DIRECTION('center_axis',(0.,-1.,0.));
#2150=DIRECTION('ref_axis',(1.,0.,-4.44089209850063E-15));
#2151=DIRECTION('',(0.,0.,-1.));
#2152=DIRECTION('center_axis',(0.,-1.,0.));
#2153=DIRECTION('ref_axis',(-1.,0.,2.22044604925031E-15));
#2154=DIRECTION('',(1.70803542250024E-16,0.,1.));
#2155=DIRECTION('center_axis',(0.,-1.,0.));
#2156=DIRECTION('ref_axis',(1.,0.,0.));
#2157=DIRECTION('center_axis',(0.,-1.,0.));
#2158=DIRECTION('ref_axis',(1.,0.,0.));
#2159=DIRECTION('center_axis',(0.,-1.,0.));
#2160=DIRECTION('ref_axis',(1.,0.,0.));
#2161=DIRECTION('center_axis',(0.,-1.,0.));
#2162=DIRECTION('ref_axis',(1.,0.,0.));
#2163=DIRECTION('center_axis',(0.,-1.,0.));
#2164=DIRECTION('ref_axis',(1.,0.,0.));
#2165=DIRECTION('center_axis',(0.,-1.,0.));
#2166=DIRECTION('ref_axis',(1.,0.,0.));
#2167=DIRECTION('center_axis',(0.,-1.,0.));
#2168=DIRECTION('ref_axis',(1.,0.,0.));
#2169=DIRECTION('center_axis',(0.,-1.,0.));
#2170=DIRECTION('ref_axis',(1.,0.,0.));
#2171=DIRECTION('center_axis',(0.,-1.,0.));
#2172=DIRECTION('ref_axis',(1.,0.,0.));
#2173=DIRECTION('center_axis',(0.,-1.,0.));
#2174=DIRECTION('ref_axis',(1.,0.,0.));
#2175=DIRECTION('center_axis',(0.,-1.,0.));
#2176=DIRECTION('ref_axis',(1.,0.,-6.66133814775095E-15));
#2177=DIRECTION('',(0.,0.,-1.));
#2178=DIRECTION('center_axis',(0.,-1.,0.));
#2179=DIRECTION('ref_axis',(-1.,0.,4.44089209850063E-15));
#2180=DIRECTION('',(-1.70803542250024E-16,0.,1.));
#2181=DIRECTION('center_axis',(0.,-1.,0.));
#2182=DIRECTION('ref_axis',(1.,0.,0.));
#2183=DIRECTION('center_axis',(0.,-1.,0.));
#2184=DIRECTION('ref_axis',(1.,0.,0.));
#2185=DIRECTION('center_axis',(0.,-1.,0.));
#2186=DIRECTION('ref_axis',(1.,0.,0.));
#2187=DIRECTION('center_axis',(0.,1.,0.));
#2188=DIRECTION('ref_axis',(1.,0.,0.));
#2189=DIRECTION('',(-1.,0.,3.2519118341425E-16));
#2190=DIRECTION('center_axis',(0.,-1.,0.));
#2191=DIRECTION('ref_axis',(-1.,0.,-3.33955085807249E-13));
#2192=DIRECTION('',(2.34080667622265E-13,0.,-1.));
#2193=DIRECTION('center_axis',(0.,1.,0.));
#2194=DIRECTION('ref_axis',(1.,0.,-3.6095570976619E-12));
#2195=DIRECTION('',(-1.,0.,5.26327952414889E-16));
#2196=DIRECTION('center_axis',(0.,1.,0.));
#2197=DIRECTION('ref_axis',(7.10542735760103E-15,0.,-1.));
#2198=DIRECTION('',(7.34031751818284E-16,0.,1.));
#2199=DIRECTION('center_axis',(0.,1.,0.));
#2200=DIRECTION('ref_axis',(-1.,0.,1.24344978758017E-14));
#2201=DIRECTION('',(1.,0.,0.));
#2202=DIRECTION('center_axis',(0.,1.,0.));
#2203=DIRECTION('ref_axis',(3.01980662696861E-13,0.,1.));
#2204=DIRECTION('',(-2.42381400516123E-13,0.,-1.));
#2205=DIRECTION('center_axis',(0.,-1.,0.));
#2206=DIRECTION('ref_axis',(0.,0.,-1.));
#2207=DIRECTION('',(1.,0.,-2.25194894514222E-14));
#2208=DIRECTION('center_axis',(0.,-1.,0.));
#2209=DIRECTION('ref_axis',(1.,0.,1.30810917653436E-11));
#2210=DIRECTION('',(-1.31433804651727E-11,0.,1.));
#2211=DIRECTION('center_axis',(0.,1.,0.));
#2212=DIRECTION('ref_axis',(-1.,0.,0.));
#2213=DIRECTION('',(1.,0.,0.));
#2214=DIRECTION('center_axis',(0.,1.,0.));
#2215=DIRECTION('ref_axis',(1.77635683940027E-15,0.,1.));
#2216=DIRECTION('',(0.,0.,-1.));
#2217=DIRECTION('center_axis',(0.,1.,0.));
#2218=DIRECTION('ref_axis',(1.,0.,-1.77635683940025E-15));
#2219=DIRECTION('',(-1.,0.,5.26327952414889E-16));
#2220=DIRECTION('center_axis',(0.,1.,0.));
#2221=DIRECTION('ref_axis',(0.,0.,-1.));
#2222=DIRECTION('',(-1.01268941312071E-13,0.,1.));
#2223=DIRECTION('center_axis',(0.,-1.,0.));
#2224=DIRECTION('ref_axis',(0.,0.,1.));
#2225=DIRECTION('center_axis',(0.,-1.,0.));
#2226=DIRECTION('ref_axis',(1.,0.,0.));
#2227=DIRECTION('center_axis',(0.,-1.,0.));
#2228=DIRECTION('ref_axis',(1.,0.,0.));
#2229=DIRECTION('center_axis',(0.,-1.,0.));
#2230=DIRECTION('ref_axis',(1.,0.,0.));
#2231=DIRECTION('center_axis',(0.,-1.,0.));
#2232=DIRECTION('ref_axis',(1.,0.,0.));
#2233=DIRECTION('center_axis',(0.,-1.,0.));
#2234=DIRECTION('ref_axis',(1.,0.,0.));
#2235=DIRECTION('center_axis',(0.,-1.,0.));
#2236=DIRECTION('ref_axis',(1.,0.,0.));
#2237=DIRECTION('',(-3.02322269782543E-13,0.,1.));
#2238=DIRECTION('center_axis',(0.,-1.,0.));
#2239=DIRECTION('ref_axis',(-1.,0.,-2.93098878501042E-13));
#2240=DIRECTION('',(3.02493073324792E-13,0.,-1.));
#2241=DIRECTION('center_axis',(0.,-1.,0.));
#2242=DIRECTION('ref_axis',(1.,0.,3.01980662698043E-13));
#2243=DIRECTION('center_axis',(0.,-1.,0.));
#2244=DIRECTION('ref_axis',(1.,0.,0.));
#2245=DIRECTION('center_axis',(0.,-1.,0.));
#2246=DIRECTION('ref_axis',(1.,0.,0.));
#2247=DIRECTION('center_axis',(0.,-1.,0.));
#2248=DIRECTION('ref_axis',(1.,0.,0.));
#2249=DIRECTION('center_axis',(0.,-1.,0.));
#2250=DIRECTION('ref_axis',(-1.,0.,2.97539770599539E-13));
#2251=DIRECTION('',(-3.01468252071293E-13,0.,-1.));
#2252=DIRECTION('center_axis',(0.,-1.,0.));
#2253=DIRECTION('ref_axis',(1.,0.,-3.01980662698044E-13));
#2254=DIRECTION('',(3.01809859155792E-13,0.,1.));
#2255=DIRECTION('center_axis',(0.,-1.,0.));
#2256=DIRECTION('ref_axis',(1.,0.,0.));
#2257=DIRECTION('center_axis',(0.,-1.,0.));
#2258=DIRECTION('ref_axis',(1.,0.,0.));
#2259=DIRECTION('center_axis',(0.,-1.,0.));
#2260=DIRECTION('ref_axis',(1.,0.,-4.44089209850063E-15));
#2261=DIRECTION('',(1.70803542250024E-16,0.,1.));
#2262=DIRECTION('center_axis',(0.,-1.,0.));
#2263=DIRECTION('ref_axis',(-1.,0.,2.22044604925031E-15));
#2264=DIRECTION('',(0.,0.,-1.));
#2265=DIRECTION('center_axis',(0.,-1.,0.));
#2266=DIRECTION('ref_axis',(1.,0.,0.));
#2267=DIRECTION('center_axis',(0.,-1.,0.));
#2268=DIRECTION('ref_axis',(1.,0.,0.));
#2269=DIRECTION('center_axis',(0.,-1.,0.));
#2270=DIRECTION('ref_axis',(1.,0.,0.));
#2271=DIRECTION('center_axis',(0.,-1.,0.));
#2272=DIRECTION('ref_axis',(1.,0.,0.));
#2273=DIRECTION('center_axis',(0.,-1.,0.));
#2274=DIRECTION('ref_axis',(1.,0.,0.));
#2275=DIRECTION('center_axis',(0.,-1.,0.));
#2276=DIRECTION('ref_axis',(1.,0.,0.));
#2277=DIRECTION('center_axis',(0.,-1.,0.));
#2278=DIRECTION('ref_axis',(1.,0.,0.));
#2279=DIRECTION('center_axis',(0.,-1.,0.));
#2280=DIRECTION('ref_axis',(1.,0.,0.));
#2281=DIRECTION('center_axis',(0.,-1.,0.));
#2282=DIRECTION('ref_axis',(1.,0.,0.));
#2283=DIRECTION('center_axis',(0.,-1.,0.));
#2284=DIRECTION('ref_axis',(1.,0.,0.));
#2285=DIRECTION('center_axis',(0.,-1.,0.));
#2286=DIRECTION('ref_axis',(1.,0.,-6.66133814775095E-15));
#2287=DIRECTION('',(-1.70803542250024E-16,0.,1.));
#2288=DIRECTION('center_axis',(0.,-1.,0.));
#2289=DIRECTION('ref_axis',(-1.,0.,4.44089209850063E-15));
#2290=DIRECTION('',(0.,0.,-1.));
#2291=DIRECTION('center_axis',(0.,-1.,0.));
#2292=DIRECTION('ref_axis',(1.,0.,0.));
#2293=DIRECTION('center_axis',(0.,-1.,0.));
#2294=DIRECTION('ref_axis',(1.,0.,0.));
#2295=DIRECTION('center_axis',(0.,-1.,0.));
#2296=DIRECTION('ref_axis',(1.,0.,0.));
#2297=DIRECTION('center_axis',(0.,1.,0.));
#2298=DIRECTION('ref_axis',(1.,0.,0.));
#2299=DIRECTION('',(0.,1.,0.));
#2300=DIRECTION('center_axis',(0.,1.,0.));
#2301=DIRECTION('ref_axis',(1.,0.,0.));
#2302=DIRECTION('',(0.,1.,0.));
#2303=DIRECTION('center_axis',(0.,1.,0.));
#2304=DIRECTION('ref_axis',(1.,0.,0.));
#2305=DIRECTION('',(0.,1.,0.));
#2306=DIRECTION('center_axis',(0.,1.,0.));
#2307=DIRECTION('ref_axis',(1.,0.,0.));
#2308=DIRECTION('',(0.,1.,0.));
#2309=DIRECTION('center_axis',(-3.2519118341425E-16,0.,-1.));
#2310=DIRECTION('ref_axis',(-1.,0.,3.2519118341425E-16));
#2311=DIRECTION('',(0.,1.,0.));
#2312=DIRECTION('center_axis',(2.25194894514222E-14,0.,1.));
#2313=DIRECTION('ref_axis',(1.,0.,-2.25194894514222E-14));
#2314=DIRECTION('',(0.,1.,0.));
#2315=DIRECTION('center_axis',(0.,1.,0.));
#2316=DIRECTION('ref_axis',(1.,0.,0.));
#2317=DIRECTION('',(0.,-1.,0.));
#2318=DIRECTION('center_axis',(0.,1.,0.));
#2319=DIRECTION('ref_axis',(1.,0.,0.));
#2320=DIRECTION('',(0.,-1.,0.));
#2321=DIRECTION('center_axis',(0.,1.,0.));
#2322=DIRECTION('ref_axis',(1.,0.,0.));
#2323=DIRECTION('',(0.,-1.,0.));
#2324=DIRECTION('center_axis',(1.,0.,0.));
#2325=DIRECTION('ref_axis',(0.,0.,-1.));
#2326=DIRECTION('',(0.,1.,0.));
#2327=DIRECTION('',(0.,1.,0.));
#2328=DIRECTION('center_axis',(0.,1.,0.));
#2329=DIRECTION('ref_axis',(-1.,0.,4.44089209850063E-15));
#2330=DIRECTION('',(0.,1.,0.));
#2331=DIRECTION('center_axis',(-1.,0.,-1.70803542250024E-16));
#2332=DIRECTION('ref_axis',(-1.70803542250024E-16,0.,1.));
#2333=DIRECTION('',(0.,1.,0.));
#2334=DIRECTION('center_axis',(0.,1.,0.));
#2335=DIRECTION('ref_axis',(1.,0.,-6.66133814775095E-15));
#2336=DIRECTION('center_axis',(0.,1.,0.));
#2337=DIRECTION('ref_axis',(1.,0.,0.));
#2338=DIRECTION('',(0.,-1.,0.));
#2339=DIRECTION('center_axis',(0.,1.,0.));
#2340=DIRECTION('ref_axis',(1.,0.,0.));
#2341=DIRECTION('',(0.,-1.,0.));
#2342=DIRECTION('center_axis',(0.,1.,0.));
#2343=DIRECTION('ref_axis',(1.,0.,0.));
#2344=DIRECTION('',(0.,-1.,0.));
#2345=DIRECTION('center_axis',(0.,1.,0.));
#2346=DIRECTION('ref_axis',(1.,0.,0.));
#2347=DIRECTION('',(0.,-1.,0.));
#2348=DIRECTION('center_axis',(0.,1.,0.));
#2349=DIRECTION('ref_axis',(1.,0.,0.));
#2350=DIRECTION('',(0.,-1.,0.));
#2351=DIRECTION('center_axis',(0.,1.,0.));
#2352=DIRECTION('ref_axis',(1.,0.,0.));
#2353=DIRECTION('',(0.,-1.,0.));
#2354=DIRECTION('center_axis',(0.,1.,0.));
#2355=DIRECTION('ref_axis',(1.,0.,0.));
#2356=DIRECTION('',(0.,-1.,0.));
#2357=DIRECTION('center_axis',(0.,1.,0.));
#2358=DIRECTION('ref_axis',(1.,0.,0.));
#2359=DIRECTION('',(0.,-1.,0.));
#2360=DIRECTION('center_axis',(0.,1.,0.));
#2361=DIRECTION('ref_axis',(1.,0.,0.));
#2362=DIRECTION('',(0.,-1.,0.));
#2363=DIRECTION('center_axis',(0.,1.,0.));
#2364=DIRECTION('ref_axis',(1.,0.,0.));
#2365=DIRECTION('',(0.,-1.,0.));
#2366=DIRECTION('center_axis',(1.,0.,0.));
#2367=DIRECTION('ref_axis',(0.,0.,-1.));
#2368=DIRECTION('',(0.,1.,0.));
#2369=DIRECTION('',(0.,1.,0.));
#2370=DIRECTION('center_axis',(0.,1.,0.));
#2371=DIRECTION('ref_axis',(-1.,0.,2.22044604925031E-15));
#2372=DIRECTION('',(0.,1.,0.));
#2373=DIRECTION('center_axis',(-1.,0.,1.70803542250024E-16));
#2374=DIRECTION('ref_axis',(1.70803542250024E-16,0.,1.));
#2375=DIRECTION('',(0.,1.,0.));
#2376=DIRECTION('center_axis',(0.,1.,0.));
#2377=DIRECTION('ref_axis',(1.,0.,-4.44089209850063E-15));
#2378=DIRECTION('center_axis',(0.,1.,0.));
#2379=DIRECTION('ref_axis',(1.,0.,0.));
#2380=DIRECTION('',(0.,-1.,0.));
#2381=DIRECTION('center_axis',(0.,1.,0.));
#2382=DIRECTION('ref_axis',(1.,0.,0.));
#2383=DIRECTION('',(0.,-1.,0.));
#2384=DIRECTION('center_axis',(-1.,0.,3.01809859155792E-13));
#2385=DIRECTION('ref_axis',(3.01809859155792E-13,0.,1.));
#2386=DIRECTION('',(0.,1.,0.));
#2387=DIRECTION('',(0.,1.,0.));
#2388=DIRECTION('center_axis',(0.,1.,0.));
#2389=DIRECTION('ref_axis',(1.,0.,-3.01980662698044E-13));
#2390=DIRECTION('',(0.,1.,0.));
#2391=DIRECTION('center_axis',(1.,0.,-3.01468252071293E-13));
#2392=DIRECTION('ref_axis',(-3.01468252071293E-13,0.,-1.));
#2393=DIRECTION('',(0.,1.,0.));
#2394=DIRECTION('center_axis',(0.,1.,0.));
#2395=DIRECTION('ref_axis',(-1.,0.,2.97539770599539E-13));
#2396=DIRECTION('center_axis',(0.,1.,0.));
#2397=DIRECTION('ref_axis',(1.,0.,0.));
#2398=DIRECTION('',(0.,-1.,0.));
#2399=DIRECTION('center_axis',(0.,1.,0.));
#2400=DIRECTION('ref_axis',(1.,0.,0.));
#2401=DIRECTION('',(0.,-1.,0.));
#2402=DIRECTION('center_axis',(0.,1.,0.));
#2403=DIRECTION('ref_axis',(1.,0.,0.));
#2404=DIRECTION('',(0.,-1.,0.));
#2405=DIRECTION('center_axis',(0.,1.,0.));
#2406=DIRECTION('ref_axis',(1.,0.,3.01980662698043E-13));
#2407=DIRECTION('',(0.,1.,0.));
#2408=DIRECTION('',(0.,1.,0.));
#2409=DIRECTION('center_axis',(1.,0.,3.02493073324792E-13));
#2410=DIRECTION('ref_axis',(3.02493073324792E-13,0.,-1.));
#2411=DIRECTION('',(0.,1.,0.));
#2412=DIRECTION('center_axis',(0.,1.,0.));
#2413=DIRECTION('ref_axis',(-1.,0.,-2.93098878501042E-13));
#2414=DIRECTION('',(0.,1.,0.));
#2415=DIRECTION('center_axis',(-1.,0.,-3.02322269782543E-13));
#2416=DIRECTION('ref_axis',(-3.02322269782543E-13,0.,1.));
#2417=DIRECTION('center_axis',(0.,1.,0.));
#2418=DIRECTION('ref_axis',(1.,0.,0.));
#2419=DIRECTION('',(0.,-1.,0.));
#2420=DIRECTION('center_axis',(0.,1.,0.));
#2421=DIRECTION('ref_axis',(1.,0.,0.));
#2422=DIRECTION('',(0.,-1.,0.));
#2423=DIRECTION('center_axis',(0.,1.,0.));
#2424=DIRECTION('ref_axis',(1.,0.,1.30810917653436E-11));
#2425=DIRECTION('',(0.,1.,0.));
#2426=DIRECTION('center_axis',(0.,1.,0.));
#2427=DIRECTION('ref_axis',(0.,0.,-1.));
#2428=DIRECTION('',(0.,1.,0.));
#2429=DIRECTION('center_axis',(1.,0.,-2.42381400516123E-13));
#2430=DIRECTION('ref_axis',(-2.42381400516123E-13,0.,-1.));
#2431=DIRECTION('',(0.,1.,0.));
#2432=DIRECTION('center_axis',(0.,1.,0.));
#2433=DIRECTION('ref_axis',(3.01980662696861E-13,0.,1.));
#2434=DIRECTION('',(0.,1.,0.));
#2435=DIRECTION('center_axis',(0.,0.,1.));
#2436=DIRECTION('ref_axis',(1.,0.,0.));
#2437=DIRECTION('',(0.,1.,0.));
#2438=DIRECTION('center_axis',(0.,1.,0.));
#2439=DIRECTION('ref_axis',(-1.,0.,1.24344978758017E-14));
#2440=DIRECTION('',(0.,1.,0.));
#2441=DIRECTION('center_axis',(-1.,0.,7.34031751818284E-16));
#2442=DIRECTION('ref_axis',(7.34031751818284E-16,0.,1.));
#2443=DIRECTION('',(0.,1.,0.));
#2444=DIRECTION('center_axis',(0.,1.,0.));
#2445=DIRECTION('ref_axis',(7.10542735760103E-15,0.,-1.));
#2446=DIRECTION('',(0.,1.,0.));
#2447=DIRECTION('center_axis',(-5.26327952414889E-16,0.,-1.));
#2448=DIRECTION('ref_axis',(-1.,0.,5.26327952414889E-16));
#2449=DIRECTION('',(0.,1.,0.));
#2450=DIRECTION('center_axis',(0.,1.,0.));
#2451=DIRECTION('ref_axis',(1.,0.,-3.6095570976619E-12));
#2452=DIRECTION('',(0.,1.,0.));
#2453=DIRECTION('center_axis',(1.,0.,2.34080667622265E-13));
#2454=DIRECTION('ref_axis',(2.34080667622265E-13,0.,-1.));
#2455=DIRECTION('',(0.,1.,0.));
#2456=DIRECTION('center_axis',(0.,1.,0.));
#2457=DIRECTION('ref_axis',(-1.,0.,-3.33955085807249E-13));
#2458=DIRECTION('center_axis',(0.,1.,0.));
#2459=DIRECTION('ref_axis',(0.,0.,1.));
#2460=DIRECTION('',(0.,1.,0.));
#2461=DIRECTION('center_axis',(-1.,0.,-1.01268941312071E-13));
#2462=DIRECTION('ref_axis',(-1.01268941312071E-13,0.,1.));
#2463=DIRECTION('',(0.,1.,0.));
#2464=DIRECTION('center_axis',(0.,1.,0.));
#2465=DIRECTION('ref_axis',(0.,0.,-1.));
#2466=DIRECTION('',(0.,1.,0.));
#2467=DIRECTION('center_axis',(-5.26327952414889E-16,0.,-1.));
#2468=DIRECTION('ref_axis',(-1.,0.,5.26327952414889E-16));
#2469=DIRECTION('',(0.,1.,0.));
#2470=DIRECTION('center_axis',(0.,1.,0.));
#2471=DIRECTION('ref_axis',(1.,0.,-1.77635683940025E-15));
#2472=DIRECTION('',(0.,1.,0.));
#2473=DIRECTION('center_axis',(1.,0.,0.));
#2474=DIRECTION('ref_axis',(0.,0.,-1.));
#2475=DIRECTION('',(0.,1.,0.));
#2476=DIRECTION('center_axis',(0.,1.,0.));
#2477=DIRECTION('ref_axis',(1.77635683940027E-15,0.,1.));
#2478=DIRECTION('',(0.,1.,0.));
#2479=DIRECTION('center_axis',(0.,0.,1.));
#2480=DIRECTION('ref_axis',(1.,0.,0.));
#2481=DIRECTION('',(0.,1.,0.));
#2482=DIRECTION('center_axis',(0.,1.,0.));
#2483=DIRECTION('ref_axis',(-1.,0.,0.));
#2484=DIRECTION('',(0.,1.,0.));
#2485=DIRECTION('center_axis',(-1.,0.,-1.31433804651727E-11));
#2486=DIRECTION('ref_axis',(-1.31433804651727E-11,0.,1.));
#2487=CARTESIAN_POINT('',(0.,0.,0.));
#2488=CARTESIAN_POINT('Origin',(-7.88860905221012E-30,0.,-81.5000000000005));
#2489=CARTESIAN_POINT('',(-2.,3.,-81.5000000000005));
#2490=CARTESIAN_POINT('Origin',(-7.88860905221012E-30,3.,-81.5000000000005));
#2491=CARTESIAN_POINT('',(-2.,0.,-81.5000000000005));
#2492=CARTESIAN_POINT('',(-2.,0.,-81.5000000000005));
#2493=CARTESIAN_POINT('Origin',(-7.88860905221012E-30,0.,-81.5000000000005));
#2494=CARTESIAN_POINT('Origin',(20.0000000000109,0.,-79.0000000000103));
#2495=CARTESIAN_POINT('',(15.0000000000118,0.,-79.0000000000152));
#2496=CARTESIAN_POINT('',(20.0000000000109,0.,-74.0000000000112));
#2497=CARTESIAN_POINT('Origin',(20.0000000000109,0.,-79.0000000000103));
#2498=CARTESIAN_POINT('',(15.0000000000118,3.,-79.0000000000152));
#2499=CARTESIAN_POINT('',(15.0000000000118,0.,-79.0000000000152));
#2500=CARTESIAN_POINT('',(20.0000000000109,3.,-74.0000000000112));
#2501=CARTESIAN_POINT('Origin',(20.0000000000109,3.,-79.0000000000103));
#2502=CARTESIAN_POINT('',(20.0000000000109,0.,-74.0000000000104));
#2503=CARTESIAN_POINT('Origin',(-19.999999999987,0.,-79.0000000000164));
#2504=CARTESIAN_POINT('',(-19.9999999999885,0.,-74.0000000000164));
#2505=CARTESIAN_POINT('',(-14.999999999987,0.,-79.0000000000198));
#2506=CARTESIAN_POINT('Origin',(-19.999999999987,0.,-79.0000000000164));
#2507=CARTESIAN_POINT('',(-19.9999999999885,3.,-74.0000000000164));
#2508=CARTESIAN_POINT('',(-19.999999999987,0.,-74.0000000000104));
#2509=CARTESIAN_POINT('',(-14.999999999987,3.,-79.0000000000198));
#2510=CARTESIAN_POINT('Origin',(-19.999999999987,3.,-79.0000000000164));
#2511=CARTESIAN_POINT('',(-14.999999999987,0.,-79.0000000000198));
#2512=CARTESIAN_POINT('Origin',(-14.999999999987,0.,-84.0000000000107));
#2513=CARTESIAN_POINT('',(-14.999999999987,0.,-84.0000000000107));
#2514=CARTESIAN_POINT('',(-14.999999999987,0.,-74.0000000000103));
#2515=CARTESIAN_POINT('',(-14.999999999987,3.,-84.0000000000107));
#2516=CARTESIAN_POINT('',(-14.999999999987,3.,-74.0000000000103));
#2517=CARTESIAN_POINT('',(-14.999999999987,0.,-84.0000000000107));
#2518=CARTESIAN_POINT('Origin',(-9.99999999998701,0.,-84.0000000000107));
#2519=CARTESIAN_POINT('',(-9.99999999998696,0.,-89.0000000000107));
#2520=CARTESIAN_POINT('Origin',(-9.99999999998701,0.,-84.0000000000107));
#2521=CARTESIAN_POINT('',(-9.99999999998696,3.,-89.0000000000107));
#2522=CARTESIAN_POINT('Origin',(-9.99999999998701,3.,-84.0000000000107));
#2523=CARTESIAN_POINT('',(-9.99999999998696,0.,-89.0000000000107));
#2524=CARTESIAN_POINT('Origin',(10.0000000000128,0.,-89.000000000013));
#2525=CARTESIAN_POINT('',(10.0000000000128,0.,-89.0000000000122));
#2526=CARTESIAN_POINT('',(-9.99999999998696,0.,-89.0000000000107));
#2527=CARTESIAN_POINT('',(10.0000000000128,3.,-89.0000000000122));
#2528=CARTESIAN_POINT('',(-9.99999999998696,3.,-89.0000000000107));
#2529=CARTESIAN_POINT('',(10.0000000000128,0.,-89.0000000000122));
#2530=CARTESIAN_POINT('Origin',(10.0000000000128,0.,-84.000000000014));
#2531=CARTESIAN_POINT('',(15.0000000000109,0.,-84.0000000000107));
#2532=CARTESIAN_POINT('Origin',(10.0000000000128,0.,-84.000000000014));
#2533=CARTESIAN_POINT('',(15.0000000000109,3.,-84.0000000000107));
#2534=CARTESIAN_POINT('Origin',(10.0000000000128,3.,-84.000000000014));
#2535=CARTESIAN_POINT('',(15.0000000000109,0.,-84.0000000000107));
#2536=CARTESIAN_POINT('Origin',(15.0000000000094,0.,-79.0000000000152));
#2537=CARTESIAN_POINT('',(15.0000000000109,0.,-84.0000000000107));
#2538=CARTESIAN_POINT('',(15.0000000000109,3.,-84.0000000000107));
#2539=CARTESIAN_POINT('Origin',(109.250000000007,0.,-74.0000000000104));
#2540=CARTESIAN_POINT('',(109.250000000007,3.,-74.0000000000104));
#2541=CARTESIAN_POINT('',(109.250000000007,3.,-74.0000000000104));
#2542=CARTESIAN_POINT('',(109.250000000007,0.,-74.0000000000104));
#2543=CARTESIAN_POINT('',(109.250000000007,0.,-74.0000000000104));
#2544=CARTESIAN_POINT('',(109.250000000007,0.,-74.0000000000104));
#2545=CARTESIAN_POINT('Origin',(-7.88860905221012E-30,0.,81.5000000000005));
#2546=CARTESIAN_POINT('',(-2.,3.,81.5000000000005));
#2547=CARTESIAN_POINT('Origin',(-7.88860905221012E-30,3.,81.5000000000005));
#2548=CARTESIAN_POINT('',(-2.,0.,81.5000000000005));
#2549=CARTESIAN_POINT('',(-2.,0.,81.5000000000005));
#2550=CARTESIAN_POINT('Origin',(-7.88860905221012E-30,0.,81.5000000000005));
#2551=CARTESIAN_POINT('Origin',(-19.999999999987,0.,79.0000000000164));
#2552=CARTESIAN_POINT('',(-14.9999999999879,0.,79.0000000000198));
#2553=CARTESIAN_POINT('',(-19.9999999999885,0.,74.0000000000173));
#2554=CARTESIAN_POINT('Origin',(-19.999999999987,0.,79.0000000000164));
#2555=CARTESIAN_POINT('',(-14.9999999999879,3.,79.0000000000198));
#2556=CARTESIAN_POINT('',(-14.9999999999879,0.,79.0000000000198));
#2557=CARTESIAN_POINT('',(-19.9999999999885,3.,74.0000000000173));
#2558=CARTESIAN_POINT('Origin',(-19.999999999987,3.,79.0000000000164));
#2559=CARTESIAN_POINT('',(-19.9999999999871,0.,73.9999999999877));
#2560=CARTESIAN_POINT('Origin',(20.0000000000109,0.,79.0000000000103));
#2561=CARTESIAN_POINT('',(20.0000000000109,0.,74.0000000000103));
#2562=CARTESIAN_POINT('',(15.0000000000109,0.,79.0000000000152));
#2563=CARTESIAN_POINT('Origin',(20.0000000000109,0.,79.0000000000103));
#2564=CARTESIAN_POINT('',(20.0000000000109,3.,74.0000000000103));
#2565=CARTESIAN_POINT('',(20.0000000000108,0.,73.9999999999868));
#2566=CARTESIAN_POINT('',(15.0000000000109,3.,79.0000000000152));
#2567=CARTESIAN_POINT('Origin',(20.0000000000109,3.,79.0000000000103));
#2568=CARTESIAN_POINT('',(15.0000000000109,0.,79.0000000000152));
#2569=CARTESIAN_POINT('Origin',(15.0000000000119,0.,84.0000000000002));
#2570=CARTESIAN_POINT('',(15.0000000000119,0.,84.0000000000002));
#2571=CARTESIAN_POINT('',(15.0000000000119,0.,84.0000000000002));
#2572=CARTESIAN_POINT('',(15.0000000000119,3.,84.0000000000002));
#2573=CARTESIAN_POINT('',(15.0000000000119,3.,84.0000000000002));
#2574=CARTESIAN_POINT('',(15.0000000000119,0.,84.0000000000002));
#2575=CARTESIAN_POINT('Origin',(10.0000000000119,0.,84.0000000000016));
#2576=CARTESIAN_POINT('',(10.0000000000116,0.,89.0000000000016));
#2577=CARTESIAN_POINT('Origin',(10.0000000000119,0.,84.0000000000016));
#2578=CARTESIAN_POINT('',(10.0000000000116,3.,89.0000000000016));
#2579=CARTESIAN_POINT('Origin',(10.0000000000119,3.,84.0000000000016));
#2580=CARTESIAN_POINT('',(10.0000000000116,0.,89.0000000000016));
#2581=CARTESIAN_POINT('Origin',(-9.99999999998687,0.,89.0000000000003));
#2582=CARTESIAN_POINT('',(-9.99999999998687,0.,89.0000000000003));
#2583=CARTESIAN_POINT('',(-9.99999999998687,0.,89.0000000000003));
#2584=CARTESIAN_POINT('',(-9.99999999998687,3.,89.0000000000003));
#2585=CARTESIAN_POINT('',(-9.99999999998687,3.,89.0000000000003));
#2586=CARTESIAN_POINT('',(-9.99999999998687,0.,89.0000000000003));
#2587=CARTESIAN_POINT('Origin',(-9.99999999998655,0.,84.0000000000003));
#2588=CARTESIAN_POINT('',(-14.9999999999865,0.,84.0000000000003));
#2589=CARTESIAN_POINT('Origin',(-9.99999999998655,0.,84.0000000000003));
#2590=CARTESIAN_POINT('',(-14.9999999999865,3.,84.0000000000003));
#2591=CARTESIAN_POINT('Origin',(-9.99999999998655,3.,84.0000000000003));
#2592=CARTESIAN_POINT('',(-14.9999999999865,0.,84.0000000000003));
#2593=CARTESIAN_POINT('Origin',(-14.9999999999868,0.,79.0000000000198));
#2594=CARTESIAN_POINT('',(-14.999999999987,0.,74.0000000000103));
#2595=CARTESIAN_POINT('',(-14.999999999987,3.,74.0000000000103));
#2596=CARTESIAN_POINT('Origin',(-109.249999999982,0.,73.9999999999897));
#2597=CARTESIAN_POINT('',(-109.249999999982,3.,73.9999999999897));
#2598=CARTESIAN_POINT('',(109.250000000149,3.,73.9999999999848));
#2599=CARTESIAN_POINT('',(-109.249999999982,0.,73.9999999999897));
#2600=CARTESIAN_POINT('',(-109.249999999982,0.,73.9999999999897));
#2601=CARTESIAN_POINT('',(109.250000000149,0.,73.9999999999848));
#2602=CARTESIAN_POINT('Origin',(-5.98632254877884E-11,0.,2.03748129479209E-11));
#2603=CARTESIAN_POINT('',(119.250000000007,0.,-84.0000000000104));
#2604=CARTESIAN_POINT('Origin',(109.250000000007,0.,-84.0000000000104));
#2605=CARTESIAN_POINT('',(119.250000000007,0.,-84.6999999999609));
#2606=CARTESIAN_POINT('',(119.250000000007,0.,-84.0000000000104));
#2607=CARTESIAN_POINT('',(129.250000000007,0.,-94.699999999961));
#2608=CARTESIAN_POINT('Origin',(129.250000000007,0.,-84.6999999999609));
#2609=CARTESIAN_POINT('',(134.99999999994,0.,-94.699999999961));
#2610=CARTESIAN_POINT('',(134.99999999994,0.,-94.6999999999611));
#2611=CARTESIAN_POINT('',(144.99999999994,0.,-84.6999999999611));
#2612=CARTESIAN_POINT('Origin',(134.99999999994,0.,-84.699999999961));
#2613=CARTESIAN_POINT('',(144.99999999994,0.,84.7000000000391));
#2614=CARTESIAN_POINT('',(144.99999999994,0.,84.7000000000391));
#2615=CARTESIAN_POINT('',(134.99999999994,0.,94.7000000000391));
#2616=CARTESIAN_POINT('Origin',(134.99999999994,0.,84.7000000000392));
#2617=CARTESIAN_POINT('',(129.250000000007,0.,94.699999999961));
#2618=CARTESIAN_POINT('',(-135.00000000006,0.,94.7000000000391));
#2619=CARTESIAN_POINT('',(119.250000000007,0.,84.6999999999609));
#2620=CARTESIAN_POINT('Origin',(129.250000000007,0.,84.6999999999609));
#2621=CARTESIAN_POINT('',(119.250000000149,0.,84.0000000001154));
#2622=CARTESIAN_POINT('',(119.250000000149,0.,84.0000000001154));
#2623=CARTESIAN_POINT('',(109.250000000149,0.,73.9999999999847));
#2624=CARTESIAN_POINT('Origin',(109.250000000149,0.,83.9999999999846));
#2625=CARTESIAN_POINT('',(109.250000000149,0.,73.9999999999848));
#2626=CARTESIAN_POINT('',(-119.249999999982,0.,83.9999999999924));
#2627=CARTESIAN_POINT('Origin',(-109.249999999982,0.,83.9999999999897));
#2628=CARTESIAN_POINT('',(-119.249999999942,0.,84.7000000000361));
#2629=CARTESIAN_POINT('',(-119.249999999982,0.,83.9999999999924));
#2630=CARTESIAN_POINT('',(-129.249999999979,0.,94.7000000000391));
#2631=CARTESIAN_POINT('Origin',(-129.249999999982,0.,84.7));
#2632=CARTESIAN_POINT('',(-135.00000000006,0.,94.7000000000391));
#2633=CARTESIAN_POINT('',(-135.00000000006,0.,94.7000000000391));
#2634=CARTESIAN_POINT('',(-145.00000000006,0.,84.7000000000392));
#2635=CARTESIAN_POINT('Origin',(-135.00000000006,0.,84.7000000000391));
#2636=CARTESIAN_POINT('',(-145.00000000006,0.,-84.699999999961));
#2637=CARTESIAN_POINT('',(-145.00000000006,0.,-84.699999999961));
#2638=CARTESIAN_POINT('',(-135.00000000006,0.,-94.699999999961));
#2639=CARTESIAN_POINT('Origin',(-135.00000000006,0.,-84.699999999961));
#2640=CARTESIAN_POINT('',(-129.24999999998,0.,-94.6999999999984));
#2641=CARTESIAN_POINT('',(134.99999999994,0.,-94.6999999999611));
#2642=CARTESIAN_POINT('',(-119.249999999983,0.,-84.7000000000361));
#2643=CARTESIAN_POINT('Origin',(-129.249999999982,0.,-84.7));
#2644=CARTESIAN_POINT('',(-119.249999999982,0.,-84.0000000000136));
#2645=CARTESIAN_POINT('',(-119.249999999982,0.,-84.0000000000136));
#2646=CARTESIAN_POINT('',(-109.249999999982,0.,-74.0000000000103));
#2647=CARTESIAN_POINT('Origin',(-109.249999999982,0.,-84.0000000000103));
#2648=CARTESIAN_POINT('',(109.250000000007,0.,-74.0000000000104));
#2649=CARTESIAN_POINT('',(31.2500000000031,0.,-61.750000000006));
#2650=CARTESIAN_POINT('Origin',(32.8500000000031,0.,-61.750000000006));
#2651=CARTESIAN_POINT('',(31.2500000000031,0.,61.750000000006));
#2652=CARTESIAN_POINT('Origin',(32.8500000000031,0.,61.750000000006));
#2653=CARTESIAN_POINT('',(-34.4499999999845,0.,-61.750000000016));
#2654=CARTESIAN_POINT('Origin',(-32.8499999999845,0.,-61.750000000016));
#2655=CARTESIAN_POINT('',(-34.4499999999847,0.,61.7500000000057));
#2656=CARTESIAN_POINT('Origin',(-32.8499999999847,0.,61.7500000000057));
#2657=CARTESIAN_POINT('',(98.500000000006,0.,37.499999999961));
#2658=CARTESIAN_POINT('Origin',(100.000000000006,0.,37.499999999961));
#2659=CARTESIAN_POINT('',(-71.4999999999947,0.,-37.4999999999821));
#2660=CARTESIAN_POINT('Origin',(-69.9999999999947,0.,-37.4999999999821));
#2661=CARTESIAN_POINT('',(37.8500000000243,0.,-46.3749999999886));
#2662=CARTESIAN_POINT('',(37.8500000000164,0.,-20.3749999999885));
#2663=CARTESIAN_POINT('',(37.8500000000164,0.,-20.3749999999885));
#2664=CARTESIAN_POINT('',(33.8500000000243,0.,-46.3749999999898));
#2665=CARTESIAN_POINT('Origin',(35.8500000000243,0.,-46.3749999999892));
#2666=CARTESIAN_POINT('',(33.8500000000164,0.,-20.3749999999897));
#2667=CARTESIAN_POINT('',(33.8500000000243,0.,-46.3749999999898));
#2668=CARTESIAN_POINT('Origin',(35.8500000000164,0.,-20.3749999999892));
#2669=CARTESIAN_POINT('',(-71.4999999999874,0.,61.5));
#2670=CARTESIAN_POINT('Origin',(-69.9999999999874,0.,61.5));
#2671=CARTESIAN_POINT('',(-71.4999999999947,0.,37.5));
#2672=CARTESIAN_POINT('Origin',(-69.9999999999947,0.,37.5));
#2673=CARTESIAN_POINT('',(98.500000000006,0.,-61.499999999961));
#2674=CARTESIAN_POINT('Origin',(100.000000000006,0.,-61.499999999961));
#2675=CARTESIAN_POINT('',(37.8500000000242,0.,46.3749999999886));
#2676=CARTESIAN_POINT('',(33.8500000000242,0.,46.3749999999898));
#2677=CARTESIAN_POINT('Origin',(35.8500000000243,0.,46.3749999999892));
#2678=CARTESIAN_POINT('',(37.8500000000164,0.,20.3749999999886));
#2679=CARTESIAN_POINT('',(37.8500000000164,0.,20.3749999999886));
#2680=CARTESIAN_POINT('',(33.8500000000164,0.,20.3749999999898));
#2681=CARTESIAN_POINT('Origin',(35.8500000000164,0.,20.3749999999892));
#2682=CARTESIAN_POINT('',(33.8500000000242,0.,46.3749999999898));
#2683=CARTESIAN_POINT('',(98.500000000006,0.,61.499999999961));
#2684=CARTESIAN_POINT('Origin',(100.000000000006,0.,61.499999999961));
#2685=CARTESIAN_POINT('',(68.500000000006,0.,37.499999999961));
#2686=CARTESIAN_POINT('Origin',(70.000000000006,0.,37.499999999961));
#2687=CARTESIAN_POINT('',(-37.8500000000102,0.,-46.375));
#2688=CARTESIAN_POINT('',(-33.8500000000102,0.,-46.375));
#2689=CARTESIAN_POINT('Origin',(-35.8500000000102,0.,-46.375));
#2690=CARTESIAN_POINT('',(-37.8500000000102,0.,-20.375));
#2691=CARTESIAN_POINT('',(-37.8500000000102,0.,-20.375));
#2692=CARTESIAN_POINT('',(-33.8500000000102,0.,-20.375));
#2693=CARTESIAN_POINT('Origin',(-35.8500000000102,0.,-20.375));
#2694=CARTESIAN_POINT('',(-33.8500000000102,0.,-46.375));
#2695=CARTESIAN_POINT('',(-101.499999999987,0.,61.5));
#2696=CARTESIAN_POINT('Origin',(-99.9999999999874,0.,61.5));
#2697=CARTESIAN_POINT('',(-71.4999999999874,0.,-61.4999999999821));
#2698=CARTESIAN_POINT('Origin',(-69.9999999999874,0.,-61.4999999999821));
#2699=CARTESIAN_POINT('',(-136.999999999915,0.,84.7000000000029));
#2700=CARTESIAN_POINT('Origin',(-134.999999999915,0.,84.7000000000029));
#2701=CARTESIAN_POINT('',(-101.499999999995,0.,37.4999999999998));
#2702=CARTESIAN_POINT('Origin',(-99.9999999999947,0.,37.4999999999998));
#2703=CARTESIAN_POINT('',(68.500000000006,0.,61.499999999961));
#2704=CARTESIAN_POINT('Origin',(70.000000000006,0.,61.499999999961));
#2705=CARTESIAN_POINT('',(68.500000000006,0.,-37.499999999961));
#2706=CARTESIAN_POINT('Origin',(70.000000000006,0.,-37.499999999961));
#2707=CARTESIAN_POINT('',(98.500000000006,0.,-37.499999999961));
#2708=CARTESIAN_POINT('Origin',(100.000000000006,0.,-37.499999999961));
#2709=CARTESIAN_POINT('',(132.99999999994,0.,84.699999999961));
#2710=CARTESIAN_POINT('Origin',(134.99999999994,0.,84.699999999961));
#2711=CARTESIAN_POINT('',(68.500000000006,0.,-61.499999999961));
#2712=CARTESIAN_POINT('Origin',(70.000000000006,0.,-61.499999999961));
#2713=CARTESIAN_POINT('',(132.99999999994,0.,-84.699999999961));
#2714=CARTESIAN_POINT('Origin',(134.99999999994,0.,-84.699999999961));
#2715=CARTESIAN_POINT('',(-37.8500000000102,0.,20.375));
#2716=CARTESIAN_POINT('',(-33.8500000000102,0.,20.375));
#2717=CARTESIAN_POINT('Origin',(-35.8500000000102,0.,20.375));
#2718=CARTESIAN_POINT('',(-37.8500000000102,0.,46.375));
#2719=CARTESIAN_POINT('',(-37.8500000000102,0.,20.375));
#2720=CARTESIAN_POINT('',(-33.8500000000102,0.,46.375));
#2721=CARTESIAN_POINT('Origin',(-35.8500000000102,0.,46.375));
#2722=CARTESIAN_POINT('',(-33.8500000000102,0.,46.375));
#2723=CARTESIAN_POINT('',(-101.499999999995,0.,-37.4999999999912));
#2724=CARTESIAN_POINT('Origin',(-99.9999999999947,0.,-37.4999999999912));
#2725=CARTESIAN_POINT('',(-101.499999999987,0.,-61.4999999999912));
#2726=CARTESIAN_POINT('Origin',(-99.9999999999874,0.,-61.4999999999912));
#2727=CARTESIAN_POINT('',(-136.999999999915,0.,-84.7000000000029));
#2728=CARTESIAN_POINT('Origin',(-134.999999999915,0.,-84.7000000000029));
#2729=CARTESIAN_POINT('Origin',(-5.98632254877884E-11,3.,2.03748129479209E-11));
#2730=CARTESIAN_POINT('',(-109.249999999982,3.,-74.0000000000103));
#2731=CARTESIAN_POINT('',(109.250000000007,3.,-74.0000000000104));
#2732=CARTESIAN_POINT('',(-119.249999999982,3.,-84.0000000000136));
#2733=CARTESIAN_POINT('Origin',(-109.249999999982,3.,-84.0000000000103));
#2734=CARTESIAN_POINT('',(-119.249999999983,3.,-84.7000000000361));
#2735=CARTESIAN_POINT('',(-119.249999999982,3.,-84.0000000000136));
#2736=CARTESIAN_POINT('',(-129.24999999998,3.,-94.6999999999984));
#2737=CARTESIAN_POINT('Origin',(-129.249999999982,3.,-84.7));
#2738=CARTESIAN_POINT('',(-135.00000000006,3.,-94.699999999961));
#2739=CARTESIAN_POINT('',(134.99999999994,3.,-94.6999999999611));
#2740=CARTESIAN_POINT('',(-145.00000000006,3.,-84.699999999961));
#2741=CARTESIAN_POINT('Origin',(-135.00000000006,3.,-84.699999999961));
#2742=CARTESIAN_POINT('',(-145.00000000006,3.,84.7000000000392));
#2743=CARTESIAN_POINT('',(-145.00000000006,3.,-84.699999999961));
#2744=CARTESIAN_POINT('',(-135.00000000006,3.,94.7000000000391));
#2745=CARTESIAN_POINT('Origin',(-135.00000000006,3.,84.7000000000391));
#2746=CARTESIAN_POINT('',(-129.249999999979,3.,94.7000000000391));
#2747=CARTESIAN_POINT('',(-135.00000000006,3.,94.7000000000391));
#2748=CARTESIAN_POINT('',(-119.249999999942,3.,84.7000000000361));
#2749=CARTESIAN_POINT('Origin',(-129.249999999982,3.,84.7));
#2750=CARTESIAN_POINT('',(-119.249999999982,3.,83.9999999999924));
#2751=CARTESIAN_POINT('',(-119.249999999982,3.,83.9999999999924));
#2752=CARTESIAN_POINT('Origin',(-109.249999999982,3.,83.9999999999897));
#2753=CARTESIAN_POINT('',(109.250000000149,3.,73.9999999999847));
#2754=CARTESIAN_POINT('',(109.250000000149,3.,73.9999999999848));
#2755=CARTESIAN_POINT('',(119.250000000149,3.,84.0000000001154));
#2756=CARTESIAN_POINT('Origin',(109.250000000149,3.,83.9999999999846));
#2757=CARTESIAN_POINT('',(119.250000000007,3.,84.6999999999609));
#2758=CARTESIAN_POINT('',(119.250000000149,3.,84.0000000001154));
#2759=CARTESIAN_POINT('',(129.250000000007,3.,94.699999999961));
#2760=CARTESIAN_POINT('Origin',(129.250000000007,3.,84.6999999999609));
#2761=CARTESIAN_POINT('',(134.99999999994,3.,94.7000000000391));
#2762=CARTESIAN_POINT('',(-135.00000000006,3.,94.7000000000391));
#2763=CARTESIAN_POINT('',(144.99999999994,3.,84.7000000000391));
#2764=CARTESIAN_POINT('Origin',(134.99999999994,3.,84.7000000000392));
#2765=CARTESIAN_POINT('',(144.99999999994,3.,-84.6999999999611));
#2766=CARTESIAN_POINT('',(144.99999999994,3.,84.7000000000391));
#2767=CARTESIAN_POINT('',(134.99999999994,3.,-94.699999999961));
#2768=CARTESIAN_POINT('Origin',(134.99999999994,3.,-84.699999999961));
#2769=CARTESIAN_POINT('',(129.250000000007,3.,-94.699999999961));
#2770=CARTESIAN_POINT('',(134.99999999994,3.,-94.6999999999611));
#2771=CARTESIAN_POINT('',(119.250000000007,3.,-84.6999999999609));
#2772=CARTESIAN_POINT('Origin',(129.250000000007,3.,-84.6999999999609));
#2773=CARTESIAN_POINT('',(119.250000000007,3.,-84.0000000000104));
#2774=CARTESIAN_POINT('',(119.250000000007,3.,-84.0000000000104));
#2775=CARTESIAN_POINT('Origin',(109.250000000007,3.,-84.0000000000104));
#2776=CARTESIAN_POINT('',(31.2500000000031,3.,-61.750000000006));
#2777=CARTESIAN_POINT('Origin',(32.8500000000031,3.,-61.750000000006));
#2778=CARTESIAN_POINT('',(31.2500000000031,3.,61.750000000006));
#2779=CARTESIAN_POINT('Origin',(32.8500000000031,3.,61.750000000006));
#2780=CARTESIAN_POINT('',(-34.4499999999845,3.,-61.750000000016));
#2781=CARTESIAN_POINT('Origin',(-32.8499999999845,3.,-61.750000000016));
#2782=CARTESIAN_POINT('',(-34.4499999999847,3.,61.7500000000057));
#2783=CARTESIAN_POINT('Origin',(-32.8499999999847,3.,61.7500000000057));
#2784=CARTESIAN_POINT('',(98.500000000006,3.,37.499999999961));
#2785=CARTESIAN_POINT('Origin',(100.000000000006,3.,37.499999999961));
#2786=CARTESIAN_POINT('',(-71.4999999999947,3.,-37.4999999999821));
#2787=CARTESIAN_POINT('Origin',(-69.9999999999947,3.,-37.4999999999821));
#2788=CARTESIAN_POINT('',(37.8500000000243,3.,-46.3749999999886));
#2789=CARTESIAN_POINT('',(37.8500000000164,3.,-20.3749999999885));
#2790=CARTESIAN_POINT('',(37.8500000000164,3.,-20.3749999999885));
#2791=CARTESIAN_POINT('',(33.8500000000164,3.,-20.3749999999897));
#2792=CARTESIAN_POINT('Origin',(35.8500000000164,3.,-20.3749999999892));
#2793=CARTESIAN_POINT('',(33.8500000000243,3.,-46.3749999999898));
#2794=CARTESIAN_POINT('',(33.8500000000243,3.,-46.3749999999898));
#2795=CARTESIAN_POINT('Origin',(35.8500000000243,3.,-46.3749999999892));
#2796=CARTESIAN_POINT('',(-71.4999999999874,3.,61.5));
#2797=CARTESIAN_POINT('Origin',(-69.9999999999874,3.,61.5));
#2798=CARTESIAN_POINT('',(-71.4999999999947,3.,37.5));
#2799=CARTESIAN_POINT('Origin',(-69.9999999999947,3.,37.5));
#2800=CARTESIAN_POINT('',(98.500000000006,3.,-61.499999999961));
#2801=CARTESIAN_POINT('Origin',(100.000000000006,3.,-61.499999999961));
#2802=CARTESIAN_POINT('',(37.8500000000242,3.,46.3749999999886));
#2803=CARTESIAN_POINT('',(33.8500000000242,3.,46.3749999999898));
#2804=CARTESIAN_POINT('Origin',(35.8500000000243,3.,46.3749999999892));
#2805=CARTESIAN_POINT('',(33.8500000000164,3.,20.3749999999898));
#2806=CARTESIAN_POINT('',(33.8500000000242,3.,46.3749999999898));
#2807=CARTESIAN_POINT('',(37.8500000000164,3.,20.3749999999886));
#2808=CARTESIAN_POINT('Origin',(35.8500000000164,3.,20.3749999999892));
#2809=CARTESIAN_POINT('',(37.8500000000164,3.,20.3749999999886));
#2810=CARTESIAN_POINT('',(98.500000000006,3.,61.499999999961));
#2811=CARTESIAN_POINT('Origin',(100.000000000006,3.,61.499999999961));
#2812=CARTESIAN_POINT('',(68.500000000006,3.,37.499999999961));
#2813=CARTESIAN_POINT('Origin',(70.000000000006,3.,37.499999999961));
#2814=CARTESIAN_POINT('',(-37.8500000000102,3.,-46.375));
#2815=CARTESIAN_POINT('',(-33.8500000000102,3.,-46.375));
#2816=CARTESIAN_POINT('Origin',(-35.8500000000102,3.,-46.375));
#2817=CARTESIAN_POINT('',(-33.8500000000102,3.,-20.375));
#2818=CARTESIAN_POINT('',(-33.8500000000102,3.,-46.375));
#2819=CARTESIAN_POINT('',(-37.8500000000102,3.,-20.375));
#2820=CARTESIAN_POINT('Origin',(-35.8500000000102,3.,-20.375));
#2821=CARTESIAN_POINT('',(-37.8500000000102,3.,-20.375));
#2822=CARTESIAN_POINT('',(-101.499999999987,3.,61.5));
#2823=CARTESIAN_POINT('Origin',(-99.9999999999874,3.,61.5));
#2824=CARTESIAN_POINT('',(-71.4999999999874,3.,-61.4999999999821));
#2825=CARTESIAN_POINT('Origin',(-69.9999999999874,3.,-61.4999999999821));
#2826=CARTESIAN_POINT('',(-136.999999999915,3.,84.7000000000029));
#2827=CARTESIAN_POINT('Origin',(-134.999999999915,3.,84.7000000000029));
#2828=CARTESIAN_POINT('',(-101.499999999995,3.,37.4999999999998));
#2829=CARTESIAN_POINT('Origin',(-99.9999999999947,3.,37.4999999999998));
#2830=CARTESIAN_POINT('',(68.500000000006,3.,61.499999999961));
#2831=CARTESIAN_POINT('Origin',(70.000000000006,3.,61.499999999961));
#2832=CARTESIAN_POINT('',(68.500000000006,3.,-37.499999999961));
#2833=CARTESIAN_POINT('Origin',(70.000000000006,3.,-37.499999999961));
#2834=CARTESIAN_POINT('',(98.500000000006,3.,-37.499999999961));
#2835=CARTESIAN_POINT('Origin',(100.000000000006,3.,-37.499999999961));
#2836=CARTESIAN_POINT('',(132.99999999994,3.,84.699999999961));
#2837=CARTESIAN_POINT('Origin',(134.99999999994,3.,84.699999999961));
#2838=CARTESIAN_POINT('',(68.500000000006,3.,-61.499999999961));
#2839=CARTESIAN_POINT('Origin',(70.000000000006,3.,-61.499999999961));
#2840=CARTESIAN_POINT('',(132.99999999994,3.,-84.699999999961));
#2841=CARTESIAN_POINT('Origin',(134.99999999994,3.,-84.699999999961));
#2842=CARTESIAN_POINT('',(-37.8500000000102,3.,20.375));
#2843=CARTESIAN_POINT('',(-33.8500000000102,3.,20.375));
#2844=CARTESIAN_POINT('Origin',(-35.8500000000102,3.,20.375));
#2845=CARTESIAN_POINT('',(-33.8500000000102,3.,46.375));
#2846=CARTESIAN_POINT('',(-33.8500000000102,3.,46.375));
#2847=CARTESIAN_POINT('',(-37.8500000000102,3.,46.375));
#2848=CARTESIAN_POINT('Origin',(-35.8500000000102,3.,46.375));
#2849=CARTESIAN_POINT('',(-37.8500000000102,3.,20.375));
#2850=CARTESIAN_POINT('',(-101.499999999995,3.,-37.4999999999912));
#2851=CARTESIAN_POINT('Origin',(-99.9999999999947,3.,-37.4999999999912));
#2852=CARTESIAN_POINT('',(-101.499999999987,3.,-61.4999999999912));
#2853=CARTESIAN_POINT('Origin',(-99.9999999999874,3.,-61.4999999999912));
#2854=CARTESIAN_POINT('',(-136.999999999915,3.,-84.7000000000029));
#2855=CARTESIAN_POINT('Origin',(-134.999999999915,3.,-84.7000000000029));
#2856=CARTESIAN_POINT('Origin',(32.8500000000031,0.,-61.750000000006));
#2857=CARTESIAN_POINT('',(31.2500000000031,0.,-61.750000000006));
#2858=CARTESIAN_POINT('Origin',(32.8500000000031,0.,61.750000000006));
#2859=CARTESIAN_POINT('',(31.2500000000031,0.,61.750000000006));
#2860=CARTESIAN_POINT('Origin',(-32.8499999999845,0.,-61.750000000016));
#2861=CARTESIAN_POINT('',(-34.4499999999845,0.,-61.750000000016));
#2862=CARTESIAN_POINT('Origin',(-32.8499999999847,0.,61.7500000000057));
#2863=CARTESIAN_POINT('',(-34.4499999999847,0.,61.7500000000057));
#2864=CARTESIAN_POINT('Origin',(109.250000000007,0.,-74.0000000000104));
#2865=CARTESIAN_POINT('',(-109.249999999982,0.,-74.0000000000103));
#2866=CARTESIAN_POINT('Origin',(-109.249999999982,0.,73.9999999999897));
#2867=CARTESIAN_POINT('',(109.250000000149,0.,73.9999999999847));
#2868=CARTESIAN_POINT('Origin',(-134.999999999915,0.,-84.7000000000029));
#2869=CARTESIAN_POINT('',(-136.999999999915,0.,-84.7000000000029));
#2870=CARTESIAN_POINT('Origin',(-99.9999999999874,0.,-61.4999999999912));
#2871=CARTESIAN_POINT('',(-101.499999999987,0.,-61.4999999999912));
#2872=CARTESIAN_POINT('Origin',(-99.9999999999947,0.,-37.4999999999912));
#2873=CARTESIAN_POINT('',(-101.499999999995,0.,-37.4999999999912));
#2874=CARTESIAN_POINT('Origin',(-37.8500000000102,0.,46.375));
#2875=CARTESIAN_POINT('',(-37.8500000000102,0.,20.375));
#2876=CARTESIAN_POINT('',(-37.8500000000102,0.,46.375));
#2877=CARTESIAN_POINT('Origin',(-35.8500000000102,0.,46.375));
#2878=CARTESIAN_POINT('',(-33.8500000000102,0.,46.375));
#2879=CARTESIAN_POINT('Origin',(-33.8500000000102,0.,20.375));
#2880=CARTESIAN_POINT('',(-33.8500000000102,0.,20.375));
#2881=CARTESIAN_POINT('Origin',(-35.8500000000102,0.,20.375));
#2882=CARTESIAN_POINT('Origin',(134.99999999994,0.,-84.699999999961));
#2883=CARTESIAN_POINT('',(132.99999999994,0.,-84.699999999961));
#2884=CARTESIAN_POINT('Origin',(70.000000000006,0.,-61.499999999961));
#2885=CARTESIAN_POINT('',(68.500000000006,0.,-61.499999999961));
#2886=CARTESIAN_POINT('Origin',(134.99999999994,0.,84.699999999961));
#2887=CARTESIAN_POINT('',(132.99999999994,0.,84.699999999961));
#2888=CARTESIAN_POINT('Origin',(100.000000000006,0.,-37.499999999961));
#2889=CARTESIAN_POINT('',(98.500000000006,0.,-37.499999999961));
#2890=CARTESIAN_POINT('Origin',(70.000000000006,0.,-37.499999999961));
#2891=CARTESIAN_POINT('',(68.500000000006,0.,-37.499999999961));
#2892=CARTESIAN_POINT('Origin',(70.000000000006,0.,61.499999999961));
#2893=CARTESIAN_POINT('',(68.500000000006,0.,61.499999999961));
#2894=CARTESIAN_POINT('Origin',(-99.9999999999947,0.,37.4999999999998));
#2895=CARTESIAN_POINT('',(-101.499999999995,0.,37.4999999999998));
#2896=CARTESIAN_POINT('Origin',(-134.999999999915,0.,84.7000000000029));
#2897=CARTESIAN_POINT('',(-136.999999999915,0.,84.7000000000029));
#2898=CARTESIAN_POINT('Origin',(-69.9999999999874,0.,-61.4999999999821));
#2899=CARTESIAN_POINT('',(-71.4999999999874,0.,-61.4999999999821));
#2900=CARTESIAN_POINT('Origin',(-99.9999999999874,0.,61.5));
#2901=CARTESIAN_POINT('',(-101.499999999987,0.,61.5));
#2902=CARTESIAN_POINT('Origin',(-37.8500000000102,0.,-20.375));
#2903=CARTESIAN_POINT('',(-37.8500000000102,0.,-46.375));
#2904=CARTESIAN_POINT('',(-37.8500000000102,0.,-20.375));
#2905=CARTESIAN_POINT('Origin',(-35.8500000000102,0.,-20.375));
#2906=CARTESIAN_POINT('',(-33.8500000000102,0.,-20.375));
#2907=CARTESIAN_POINT('Origin',(-33.8500000000102,0.,-46.375));
#2908=CARTESIAN_POINT('',(-33.8500000000102,0.,-46.375));
#2909=CARTESIAN_POINT('Origin',(-35.8500000000102,0.,-46.375));
#2910=CARTESIAN_POINT('Origin',(70.000000000006,0.,37.499999999961));
#2911=CARTESIAN_POINT('',(68.500000000006,0.,37.499999999961));
#2912=CARTESIAN_POINT('Origin',(100.000000000006,0.,61.499999999961));
#2913=CARTESIAN_POINT('',(98.500000000006,0.,61.499999999961));
#2914=CARTESIAN_POINT('Origin',(37.8500000000164,0.,20.3749999999886));
#2915=CARTESIAN_POINT('',(37.8500000000242,0.,46.3749999999886));
#2916=CARTESIAN_POINT('',(37.8500000000164,0.,20.3749999999886));
#2917=CARTESIAN_POINT('Origin',(35.8500000000164,0.,20.3749999999892));
#2918=CARTESIAN_POINT('',(33.8500000000164,0.,20.3749999999898));
#2919=CARTESIAN_POINT('Origin',(33.8500000000242,0.,46.3749999999898));
#2920=CARTESIAN_POINT('',(33.8500000000242,0.,46.3749999999898));
#2921=CARTESIAN_POINT('Origin',(35.8500000000243,0.,46.3749999999892));
#2922=CARTESIAN_POINT('Origin',(100.000000000006,0.,-61.499999999961));
#2923=CARTESIAN_POINT('',(98.500000000006,0.,-61.499999999961));
#2924=CARTESIAN_POINT('Origin',(-69.9999999999947,0.,37.5));
#2925=CARTESIAN_POINT('',(-71.4999999999947,0.,37.5));
#2926=CARTESIAN_POINT('Origin',(-69.9999999999874,0.,61.5));
#2927=CARTESIAN_POINT('',(-71.4999999999874,0.,61.5));
#2928=CARTESIAN_POINT('Origin',(35.8500000000243,0.,-46.3749999999892));
#2929=CARTESIAN_POINT('',(37.8500000000243,0.,-46.3749999999886));
#2930=CARTESIAN_POINT('',(33.8500000000243,0.,-46.3749999999898));
#2931=CARTESIAN_POINT('Origin',(33.8500000000164,0.,-20.3749999999897));
#2932=CARTESIAN_POINT('',(33.8500000000164,0.,-20.3749999999897));
#2933=CARTESIAN_POINT('Origin',(35.8500000000164,0.,-20.3749999999892));
#2934=CARTESIAN_POINT('',(37.8500000000164,0.,-20.3749999999885));
#2935=CARTESIAN_POINT('Origin',(37.8500000000243,0.,-46.3749999999886));
#2936=CARTESIAN_POINT('Origin',(-69.9999999999947,0.,-37.4999999999821));
#2937=CARTESIAN_POINT('',(-71.4999999999947,0.,-37.4999999999821));
#2938=CARTESIAN_POINT('Origin',(100.000000000006,0.,37.499999999961));
#2939=CARTESIAN_POINT('',(98.500000000006,0.,37.499999999961));
#2940=CARTESIAN_POINT('Origin',(109.250000000149,0.,83.9999999999846));
#2941=CARTESIAN_POINT('',(119.250000000149,0.,84.0000000001154));
#2942=CARTESIAN_POINT('Origin',(-109.249999999982,0.,83.9999999999897));
#2943=CARTESIAN_POINT('',(-119.249999999982,0.,83.9999999999924));
#2944=CARTESIAN_POINT('Origin',(-119.249999999982,0.,84.7000000000361));
#2945=CARTESIAN_POINT('',(-119.249999999942,0.,84.7000000000361));
#2946=CARTESIAN_POINT('Origin',(-129.249999999982,0.,84.7));
#2947=CARTESIAN_POINT('',(-129.249999999979,0.,94.7000000000391));
#2948=CARTESIAN_POINT('Origin',(-135.00000000006,0.,94.7000000000391));
#2949=CARTESIAN_POINT('',(-135.00000000006,0.,94.7000000000391));
#2950=CARTESIAN_POINT('Origin',(-135.00000000006,0.,84.7000000000391));
#2951=CARTESIAN_POINT('',(-145.00000000006,0.,84.7000000000392));
#2952=CARTESIAN_POINT('Origin',(-145.00000000006,0.,-84.699999999961));
#2953=CARTESIAN_POINT('',(-145.00000000006,0.,-84.699999999961));
#2954=CARTESIAN_POINT('Origin',(-135.00000000006,0.,-84.699999999961));
#2955=CARTESIAN_POINT('',(-135.00000000006,0.,-94.699999999961));
#2956=CARTESIAN_POINT('Origin',(-129.24999999998,0.,-94.699999999961));
#2957=CARTESIAN_POINT('',(-129.24999999998,0.,-94.6999999999984));
#2958=CARTESIAN_POINT('Origin',(-129.249999999982,0.,-84.7));
#2959=CARTESIAN_POINT('',(-119.249999999983,0.,-84.7000000000361));
#2960=CARTESIAN_POINT('Origin',(-119.249999999982,0.,-84.0000000000136));
#2961=CARTESIAN_POINT('',(-119.249999999982,0.,-84.0000000000136));
#2962=CARTESIAN_POINT('Origin',(-109.249999999982,0.,-84.0000000000103));
#2963=CARTESIAN_POINT('Origin',(109.250000000007,0.,-84.0000000000104));
#2964=CARTESIAN_POINT('',(119.250000000007,0.,-84.0000000000104));
#2965=CARTESIAN_POINT('Origin',(119.250000000007,0.,-84.6999999999609));
#2966=CARTESIAN_POINT('',(119.250000000007,0.,-84.6999999999609));
#2967=CARTESIAN_POINT('Origin',(129.250000000007,0.,-84.6999999999609));
#2968=CARTESIAN_POINT('',(129.250000000007,0.,-94.699999999961));
#2969=CARTESIAN_POINT('Origin',(134.99999999994,0.,-94.6999999999611));
#2970=CARTESIAN_POINT('',(134.99999999994,0.,-94.699999999961));
#2971=CARTESIAN_POINT('Origin',(134.99999999994,0.,-84.699999999961));
#2972=CARTESIAN_POINT('',(144.99999999994,0.,-84.6999999999611));
#2973=CARTESIAN_POINT('Origin',(144.99999999994,0.,84.7000000000391));
#2974=CARTESIAN_POINT('',(144.99999999994,0.,84.7000000000391));
#2975=CARTESIAN_POINT('Origin',(134.99999999994,0.,84.7000000000392));
#2976=CARTESIAN_POINT('',(134.99999999994,0.,94.7000000000391));
#2977=CARTESIAN_POINT('Origin',(129.250000000007,0.,94.7000000000391));
#2978=CARTESIAN_POINT('',(129.250000000007,0.,94.699999999961));
#2979=CARTESIAN_POINT('Origin',(129.250000000007,0.,84.6999999999609));
#2980=CARTESIAN_POINT('',(119.250000000007,0.,84.6999999999609));
#2981=CARTESIAN_POINT('Origin',(119.250000000149,0.,84.0000000001154));
#2982=UNCERTAINTY_MEASURE_WITH_UNIT(LENGTH_MEASURE(0.01),#2986,
'DISTANCE_ACCURACY_VALUE',
'Maximum model space distance between geometric entities at asserted c
onnectivities');
#2983=UNCERTAINTY_MEASURE_WITH_UNIT(LENGTH_MEASURE(0.01),#2986,
'DISTANCE_ACCURACY_VALUE',
'Maximum model space distance between geometric entities at asserted c
onnectivities');
#2984=(
GEOMETRIC_REPRESENTATION_CONTEXT(3)
GLOBAL_UNCERTAINTY_ASSIGNED_CONTEXT((#2982))
GLOBAL_UNIT_ASSIGNED_CONTEXT((#2986,#2988,#2989))
REPRESENTATION_CONTEXT('','3D')
);
#2985=(
GEOMETRIC_REPRESENTATION_CONTEXT(3)
GLOBAL_UNCERTAINTY_ASSIGNED_CONTEXT((#2983))
GLOBAL_UNIT_ASSIGNED_CONTEXT((#2986,#2988,#2989))
REPRESENTATION_CONTEXT('','3D')
);
#2986=(
LENGTH_UNIT()
NAMED_UNIT(*)
SI_UNIT(.MILLI.,.METRE.)
);
#2987=(
LENGTH_UNIT()
NAMED_UNIT(*)
SI_UNIT($,.METRE.)
);
#2988=(
NAMED_UNIT(*)
PLANE_ANGLE_UNIT()
SI_UNIT($,.RADIAN.)
);
#2989=(
NAMED_UNIT(*)
SI_UNIT($,.STERADIAN.)
SOLID_ANGLE_UNIT()
);
#2990=SHAPE_DEFINITION_REPRESENTATION(#2991,#2992);
#2991=PRODUCT_DEFINITION_SHAPE('',$,#2994);
#2992=SHAPE_REPRESENTATION('',(#1770),#2984);
#2993=PRODUCT_DEFINITION_CONTEXT('part definition',#2998,'design');
#2994=PRODUCT_DEFINITION('2026-08-16-17-18-34-907','\X2\65B07B2C4E005C425E9576D8\X0\',
#2995,#2993);
#2995=PRODUCT_DEFINITION_FORMATION('',$,#3000);
#2996=PRODUCT_RELATED_PRODUCT_CATEGORY('\X2\65B07B2C4E005C425E9576D8\X0\',
'\X2\65B07B2C4E005C425E9576D8\X0\',(#3000));
#2997=APPLICATION_PROTOCOL_DEFINITION('international standard',
'automotive_design',2009,#2998);
#2998=APPLICATION_CONTEXT(
'Core Data for Automotive Mechanical Design Process');
#2999=PRODUCT_CONTEXT('part definition',#2998,'mechanical');
#3000=PRODUCT('2026-08-16-17-18-34-907','\X2\65B07B2C4E005C425E9576D8\X0\',
$,(#2999));
#3001=PRESENTATION_STYLE_ASSIGNMENT((#3002));
#3002=SURFACE_STYLE_USAGE(.BOTH.,#3003);
#3003=SURFACE_SIDE_STYLE('',(#3004));
#3004=SURFACE_STYLE_FILL_AREA(#3005);
#3005=FILL_AREA_STYLE('\X2\94A2\X0\ - \X2\7F0E5149\X0\',(#3006));
#3006=FILL_AREA_STYLE_COLOUR('\X2\94A2\X0\ - \X2\7F0E5149\X0\',#3007);
#3007=COLOUR_RGB('\X2\94A2\X0\ - \X2\7F0E5149\X0\',0.627450980392157,0.627450980392157,
0.627450980392157);
ENDSEC;
END-ISO-10303-21;
