ISO-10303-21;
HEADER;
/* Generated by software containing ST-Developer
 * from STEP Tools, Inc. (www.steptools.com) 
 */

FILE_DESCRIPTION(
/* description */ (''),
/* implementation_level */ '2;1');

FILE_NAME(
/* name */ '',
/* time_stamp */ '2026-08-17T22:35:18+08:00',
/* author */ (''),
/* organization */ (''),
/* preprocessor_version */ 'ST-DEVELOPER v20.1',
/* originating_system */ 'Autodesk Translation Framework v15.8.0.0',
/* authorisation */ '');

FILE_SCHEMA (('AUTOMOTIVE_DESIGN { 1 0 10303 214 3 1 1 }'));
ENDSEC;

DATA;
#10=MECHANICAL_DESIGN_GEOMETRIC_PRESENTATION_REPRESENTATION('',(#23,#24),
#2903);
#11=ITEM_DEFINED_TRANSFORMATION($,$,#1709,#1891);
#12=ITEM_DEFINED_TRANSFORMATION($,$,#1884,#1892);
#13=(
REPRESENTATION_RELATIONSHIP($,$,#2917,#2916)
REPRESENTATION_RELATIONSHIP_WITH_TRANSFORMATION(#11)
SHAPE_REPRESENTATION_RELATIONSHIP()
);
#14=(
REPRESENTATION_RELATIONSHIP($,$,#2918,#2916)
REPRESENTATION_RELATIONSHIP_WITH_TRANSFORMATION(#12)
SHAPE_REPRESENTATION_RELATIONSHIP()
);
#15=CONTEXT_DEPENDENT_SHAPE_REPRESENTATION(#13,#2914);
#16=CONTEXT_DEPENDENT_SHAPE_REPRESENTATION(#14,#2915);
#17=NEXT_ASSEMBLY_USAGE_OCCURRENCE('\X2\75356C60625876D8\X0\:1',
'\X2\75356C60625876D8\X0\:1','\X2\75356C60625876D8\X0\:1',#2920,#2921,
'\X2\75356C60625876D8\X0\:1');
#18=NEXT_ASSEMBLY_USAGE_OCCURRENCE('\X2\75356C60\X0\:1','\X2\75356C60\X0\:
1','\X2\75356C60\X0\:1',#2920,#2922,'\X2\75356C60\X0\:1');
#19=SHAPE_REPRESENTATION_RELATIONSHIP('SRR','None',#2917,#21);
#20=SHAPE_REPRESENTATION_RELATIONSHIP('SRR','None',#2918,#22);
#21=ADVANCED_BREP_SHAPE_REPRESENTATION('',(#25),#2901);
#22=ADVANCED_BREP_SHAPE_REPRESENTATION('',(#26),#2902);
#23=STYLED_ITEM('',(#2935),#25);
#24=STYLED_ITEM('',(#2935),#26);
#25=MANIFOLD_SOLID_BREP('power_tray_body',#1683);
#26=MANIFOLD_SOLID_BREP('\X2\5B9E4F53\X0\1',#1684);
#27=ELLIPSE('',#1800,1.4142135623731,1.);
#28=ELLIPSE('',#1801,1.4142135623731,1.);
#29=ELLIPSE('',#1803,1.4142135623731,1.);
#30=ELLIPSE('',#1805,1.4142135623731,1.);
#31=ELLIPSE('',#1811,1.4142135623731,1.);
#32=ELLIPSE('',#1812,1.41421356237309,1.);
#33=ELLIPSE('',#1814,1.41421356237309,1.);
#34=ELLIPSE('',#1816,1.4142135623731,1.);
#35=ELLIPSE('',#1818,1.41421356237309,1.);
#36=ELLIPSE('',#1820,1.4142135623731,1.);
#37=ELLIPSE('',#1822,1.41421356237309,1.);
#38=ELLIPSE('',#1824,1.4142135623731,1.);
#39=ELLIPSE('',#1832,1.4142135623731,1.);
#40=ELLIPSE('',#1833,1.4142135623731,1.);
#41=ELLIPSE('',#1835,1.4142135623731,1.);
#42=ELLIPSE('',#1837,1.4142135623731,1.);
#43=ELLIPSE('',#1843,1.41421356237309,1.);
#44=ELLIPSE('',#1844,1.4142135623731,1.);
#45=ELLIPSE('',#1846,1.4142135623731,1.);
#46=ELLIPSE('',#1848,1.41421356237309,1.);
#47=ELLIPSE('',#1850,1.4142135623731,1.);
#48=ELLIPSE('',#1852,1.41421356237309,1.);
#49=ELLIPSE('',#1854,1.4142135623731,1.);
#50=ELLIPSE('',#1856,1.41421356237309,1.);
#51=FACE_BOUND('',#222,.T.);
#52=FACE_BOUND('',#223,.T.);
#53=FACE_BOUND('',#224,.T.);
#54=FACE_BOUND('',#225,.T.);
#55=FACE_BOUND('',#226,.T.);
#56=FACE_BOUND('',#227,.T.);
#57=FACE_BOUND('',#228,.T.);
#58=FACE_BOUND('',#229,.T.);
#59=FACE_BOUND('',#313,.T.);
#60=FACE_BOUND('',#314,.T.);
#61=FACE_BOUND('',#315,.T.);
#62=FACE_BOUND('',#316,.T.);
#63=FACE_BOUND('',#317,.T.);
#64=FACE_BOUND('',#318,.T.);
#65=FACE_BOUND('',#319,.T.);
#66=FACE_BOUND('',#320,.T.);
#67=PLANE('',#1724);
#68=PLANE('',#1725);
#69=PLANE('',#1748);
#70=PLANE('',#1761);
#71=PLANE('',#1774);
#72=PLANE('',#1807);
#73=PLANE('',#1808);
#74=PLANE('',#1809);
#75=PLANE('',#1826);
#76=PLANE('',#1827);
#77=PLANE('',#1828);
#78=PLANE('',#1829);
#79=PLANE('',#1830);
#80=PLANE('',#1839);
#81=PLANE('',#1840);
#82=PLANE('',#1841);
#83=PLANE('',#1858);
#84=PLANE('',#1859);
#85=PLANE('',#1860);
#86=PLANE('',#1861);
#87=PLANE('',#1864);
#88=PLANE('',#1867);
#89=PLANE('',#1870);
#90=PLANE('',#1873);
#91=PLANE('',#1874);
#92=PLANE('',#1875);
#93=PLANE('',#1876);
#94=PLANE('',#1877);
#95=PLANE('',#1878);
#96=PLANE('',#1879);
#97=PLANE('',#1880);
#98=PLANE('',#1881);
#99=PLANE('',#1882);
#100=PLANE('',#1883);
#101=PLANE('',#1885);
#102=PLANE('',#1886);
#103=PLANE('',#1887);
#104=PLANE('',#1888);
#105=PLANE('',#1889);
#106=PLANE('',#1890);
#107=TOROIDAL_SURFACE('',#1713,2.6,0.6);
#108=TOROIDAL_SURFACE('',#1719,2.6,0.6);
#109=TOROIDAL_SURFACE('',#1739,2.6,0.6);
#110=TOROIDAL_SURFACE('',#1744,2.6,0.6);
#111=TOROIDAL_SURFACE('',#1752,2.6,0.6);
#112=TOROIDAL_SURFACE('',#1757,2.6,0.6);
#113=TOROIDAL_SURFACE('',#1765,2.6,0.6);
#114=TOROIDAL_SURFACE('',#1770,2.6,0.6);
#115=TOROIDAL_SURFACE('',#1775,2.2,0.6);
#116=TOROIDAL_SURFACE('',#1781,2.2,0.6);
#117=TOROIDAL_SURFACE('',#1787,2.2,0.6);
#118=TOROIDAL_SURFACE('',#1793,2.2,0.6);
#119=FACE_OUTER_BOUND('',#215,.T.);
#120=FACE_OUTER_BOUND('',#216,.T.);
#121=FACE_OUTER_BOUND('',#217,.T.);
#122=FACE_OUTER_BOUND('',#218,.T.);
#123=FACE_OUTER_BOUND('',#219,.T.);
#124=FACE_OUTER_BOUND('',#220,.T.);
#125=FACE_OUTER_BOUND('',#221,.T.);
#126=FACE_OUTER_BOUND('',#230,.T.);
#127=FACE_OUTER_BOUND('',#231,.T.);
#128=FACE_OUTER_BOUND('',#232,.T.);
#129=FACE_OUTER_BOUND('',#233,.T.);
#130=FACE_OUTER_BOUND('',#234,.T.);
#131=FACE_OUTER_BOUND('',#235,.T.);
#132=FACE_OUTER_BOUND('',#236,.T.);
#133=FACE_OUTER_BOUND('',#237,.T.);
#134=FACE_OUTER_BOUND('',#238,.T.);
#135=FACE_OUTER_BOUND('',#239,.T.);
#136=FACE_OUTER_BOUND('',#240,.T.);
#137=FACE_OUTER_BOUND('',#241,.T.);
#138=FACE_OUTER_BOUND('',#242,.T.);
#139=FACE_OUTER_BOUND('',#243,.T.);
#140=FACE_OUTER_BOUND('',#244,.T.);
#141=FACE_OUTER_BOUND('',#245,.T.);
#142=FACE_OUTER_BOUND('',#246,.T.);
#143=FACE_OUTER_BOUND('',#247,.T.);
#144=FACE_OUTER_BOUND('',#248,.T.);
#145=FACE_OUTER_BOUND('',#249,.T.);
#146=FACE_OUTER_BOUND('',#250,.T.);
#147=FACE_OUTER_BOUND('',#251,.T.);
#148=FACE_OUTER_BOUND('',#252,.T.);
#149=FACE_OUTER_BOUND('',#253,.T.);
#150=FACE_OUTER_BOUND('',#254,.T.);
#151=FACE_OUTER_BOUND('',#255,.T.);
#152=FACE_OUTER_BOUND('',#256,.T.);
#153=FACE_OUTER_BOUND('',#257,.T.);
#154=FACE_OUTER_BOUND('',#258,.T.);
#155=FACE_OUTER_BOUND('',#259,.T.);
#156=FACE_OUTER_BOUND('',#260,.T.);
#157=FACE_OUTER_BOUND('',#261,.T.);
#158=FACE_OUTER_BOUND('',#262,.T.);
#159=FACE_OUTER_BOUND('',#263,.T.);
#160=FACE_OUTER_BOUND('',#264,.T.);
#161=FACE_OUTER_BOUND('',#265,.T.);
#162=FACE_OUTER_BOUND('',#266,.T.);
#163=FACE_OUTER_BOUND('',#267,.T.);
#164=FACE_OUTER_BOUND('',#268,.T.);
#165=FACE_OUTER_BOUND('',#269,.T.);
#166=FACE_OUTER_BOUND('',#270,.T.);
#167=FACE_OUTER_BOUND('',#271,.T.);
#168=FACE_OUTER_BOUND('',#272,.T.);
#169=FACE_OUTER_BOUND('',#273,.T.);
#170=FACE_OUTER_BOUND('',#274,.T.);
#171=FACE_OUTER_BOUND('',#275,.T.);
#172=FACE_OUTER_BOUND('',#276,.T.);
#173=FACE_OUTER_BOUND('',#277,.T.);
#174=FACE_OUTER_BOUND('',#278,.T.);
#175=FACE_OUTER_BOUND('',#279,.T.);
#176=FACE_OUTER_BOUND('',#280,.T.);
#177=FACE_OUTER_BOUND('',#281,.T.);
#178=FACE_OUTER_BOUND('',#282,.T.);
#179=FACE_OUTER_BOUND('',#283,.T.);
#180=FACE_OUTER_BOUND('',#284,.T.);
#181=FACE_OUTER_BOUND('',#285,.T.);
#182=FACE_OUTER_BOUND('',#286,.T.);
#183=FACE_OUTER_BOUND('',#287,.T.);
#184=FACE_OUTER_BOUND('',#288,.T.);
#185=FACE_OUTER_BOUND('',#289,.T.);
#186=FACE_OUTER_BOUND('',#290,.T.);
#187=FACE_OUTER_BOUND('',#291,.T.);
#188=FACE_OUTER_BOUND('',#292,.T.);
#189=FACE_OUTER_BOUND('',#293,.T.);
#190=FACE_OUTER_BOUND('',#294,.T.);
#191=FACE_OUTER_BOUND('',#295,.T.);
#192=FACE_OUTER_BOUND('',#296,.T.);
#193=FACE_OUTER_BOUND('',#297,.T.);
#194=FACE_OUTER_BOUND('',#298,.T.);
#195=FACE_OUTER_BOUND('',#299,.T.);
#196=FACE_OUTER_BOUND('',#300,.T.);
#197=FACE_OUTER_BOUND('',#301,.T.);
#198=FACE_OUTER_BOUND('',#302,.T.);
#199=FACE_OUTER_BOUND('',#303,.T.);
#200=FACE_OUTER_BOUND('',#304,.T.);
#201=FACE_OUTER_BOUND('',#305,.T.);
#202=FACE_OUTER_BOUND('',#306,.T.);
#203=FACE_OUTER_BOUND('',#307,.T.);
#204=FACE_OUTER_BOUND('',#308,.T.);
#205=FACE_OUTER_BOUND('',#309,.T.);
#206=FACE_OUTER_BOUND('',#310,.T.);
#207=FACE_OUTER_BOUND('',#311,.T.);
#208=FACE_OUTER_BOUND('',#312,.T.);
#209=FACE_OUTER_BOUND('',#321,.T.);
#210=FACE_OUTER_BOUND('',#322,.T.);
#211=FACE_OUTER_BOUND('',#323,.T.);
#212=FACE_OUTER_BOUND('',#324,.T.);
#213=FACE_OUTER_BOUND('',#325,.T.);
#214=FACE_OUTER_BOUND('',#326,.T.);
#215=EDGE_LOOP('',(#1071,#1072,#1073,#1074));
#216=EDGE_LOOP('',(#1075,#1076,#1077,#1078));
#217=EDGE_LOOP('',(#1079,#1080,#1081,#1082));
#218=EDGE_LOOP('',(#1083,#1084,#1085,#1086));
#219=EDGE_LOOP('',(#1087,#1088,#1089,#1090));
#220=EDGE_LOOP('',(#1091,#1092,#1093,#1094));
#221=EDGE_LOOP('',(#1095,#1096,#1097,#1098,#1099,#1100,#1101,#1102,#1103,
#1104,#1105,#1106,#1107,#1108,#1109,#1110,#1111,#1112,#1113,#1114));
#222=EDGE_LOOP('',(#1115,#1116,#1117,#1118));
#223=EDGE_LOOP('',(#1119,#1120,#1121,#1122));
#224=EDGE_LOOP('',(#1123));
#225=EDGE_LOOP('',(#1124));
#226=EDGE_LOOP('',(#1125));
#227=EDGE_LOOP('',(#1126));
#228=EDGE_LOOP('',(#1127,#1128,#1129,#1130));
#229=EDGE_LOOP('',(#1131,#1132,#1133,#1134));
#230=EDGE_LOOP('',(#1135,#1136,#1137,#1138));
#231=EDGE_LOOP('',(#1139,#1140,#1141,#1142));
#232=EDGE_LOOP('',(#1143,#1144,#1145,#1146));
#233=EDGE_LOOP('',(#1147,#1148,#1149,#1150));
#234=EDGE_LOOP('',(#1151,#1152,#1153,#1154));
#235=EDGE_LOOP('',(#1155,#1156,#1157,#1158));
#236=EDGE_LOOP('',(#1159,#1160,#1161,#1162));
#237=EDGE_LOOP('',(#1163,#1164,#1165,#1166));
#238=EDGE_LOOP('',(#1167,#1168,#1169,#1170));
#239=EDGE_LOOP('',(#1171,#1172,#1173,#1174));
#240=EDGE_LOOP('',(#1175,#1176,#1177,#1178));
#241=EDGE_LOOP('',(#1179,#1180,#1181,#1182));
#242=EDGE_LOOP('',(#1183,#1184,#1185,#1186));
#243=EDGE_LOOP('',(#1187,#1188,#1189,#1190));
#244=EDGE_LOOP('',(#1191,#1192,#1193,#1194));
#245=EDGE_LOOP('',(#1195,#1196,#1197,#1198));
#246=EDGE_LOOP('',(#1199,#1200,#1201,#1202));
#247=EDGE_LOOP('',(#1203,#1204,#1205,#1206));
#248=EDGE_LOOP('',(#1207,#1208,#1209,#1210,#1211));
#249=EDGE_LOOP('',(#1212,#1213,#1214,#1215,#1216));
#250=EDGE_LOOP('',(#1217,#1218,#1219,#1220,#1221));
#251=EDGE_LOOP('',(#1222,#1223,#1224,#1225,#1226));
#252=EDGE_LOOP('',(#1227,#1228,#1229,#1230,#1231));
#253=EDGE_LOOP('',(#1232,#1233,#1234,#1235,#1236));
#254=EDGE_LOOP('',(#1237,#1238,#1239,#1240,#1241));
#255=EDGE_LOOP('',(#1242,#1243,#1244,#1245,#1246));
#256=EDGE_LOOP('',(#1247,#1248,#1249,#1250));
#257=EDGE_LOOP('',(#1251,#1252,#1253,#1254));
#258=EDGE_LOOP('',(#1255,#1256,#1257,#1258));
#259=EDGE_LOOP('',(#1259,#1260,#1261,#1262));
#260=EDGE_LOOP('',(#1263,#1264,#1265,#1266));
#261=EDGE_LOOP('',(#1267,#1268,#1269,#1270,#1271,#1272,#1273,#1274,#1275,
#1276,#1277,#1278));
#262=EDGE_LOOP('',(#1279,#1280,#1281,#1282));
#263=EDGE_LOOP('',(#1283,#1284,#1285,#1286));
#264=EDGE_LOOP('',(#1287,#1288,#1289,#1290));
#265=EDGE_LOOP('',(#1291,#1292,#1293,#1294));
#266=EDGE_LOOP('',(#1295,#1296,#1297,#1298));
#267=EDGE_LOOP('',(#1299,#1300,#1301,#1302));
#268=EDGE_LOOP('',(#1303,#1304,#1305,#1306));
#269=EDGE_LOOP('',(#1307,#1308,#1309,#1310));
#270=EDGE_LOOP('',(#1311,#1312,#1313,#1314));
#271=EDGE_LOOP('',(#1315,#1316,#1317,#1318));
#272=EDGE_LOOP('',(#1319,#1320,#1321,#1322));
#273=EDGE_LOOP('',(#1323,#1324,#1325,#1326));
#274=EDGE_LOOP('',(#1327,#1328,#1329,#1330));
#275=EDGE_LOOP('',(#1331,#1332,#1333,#1334,#1335,#1336,#1337,#1338));
#276=EDGE_LOOP('',(#1339,#1340,#1341,#1342));
#277=EDGE_LOOP('',(#1343,#1344,#1345,#1346));
#278=EDGE_LOOP('',(#1347,#1348,#1349,#1350));
#279=EDGE_LOOP('',(#1351,#1352,#1353,#1354));
#280=EDGE_LOOP('',(#1355,#1356,#1357,#1358));
#281=EDGE_LOOP('',(#1359,#1360,#1361,#1362));
#282=EDGE_LOOP('',(#1363,#1364,#1365,#1366));
#283=EDGE_LOOP('',(#1367,#1368,#1369,#1370));
#284=EDGE_LOOP('',(#1371,#1372,#1373,#1374));
#285=EDGE_LOOP('',(#1375,#1376,#1377,#1378));
#286=EDGE_LOOP('',(#1379,#1380,#1381,#1382));
#287=EDGE_LOOP('',(#1383,#1384,#1385,#1386));
#288=EDGE_LOOP('',(#1387,#1388,#1389,#1390));
#289=EDGE_LOOP('',(#1391,#1392,#1393,#1394));
#290=EDGE_LOOP('',(#1395,#1396,#1397,#1398));
#291=EDGE_LOOP('',(#1399,#1400,#1401,#1402));
#292=EDGE_LOOP('',(#1403,#1404,#1405,#1406,#1407,#1408,#1409,#1410,#1411,
#1412,#1413,#1414));
#293=EDGE_LOOP('',(#1415,#1416,#1417,#1418));
#294=EDGE_LOOP('',(#1419,#1420,#1421,#1422,#1423,#1424,#1425,#1426));
#295=EDGE_LOOP('',(#1427,#1428,#1429,#1430));
#296=EDGE_LOOP('',(#1431,#1432,#1433,#1434));
#297=EDGE_LOOP('',(#1435,#1436,#1437,#1438));
#298=EDGE_LOOP('',(#1439,#1440,#1441,#1442));
#299=EDGE_LOOP('',(#1443,#1444,#1445,#1446));
#300=EDGE_LOOP('',(#1447,#1448,#1449,#1450));
#301=EDGE_LOOP('',(#1451,#1452,#1453,#1454));
#302=EDGE_LOOP('',(#1455,#1456,#1457,#1458));
#303=EDGE_LOOP('',(#1459,#1460,#1461,#1462));
#304=EDGE_LOOP('',(#1463,#1464,#1465,#1466));
#305=EDGE_LOOP('',(#1467,#1468,#1469,#1470));
#306=EDGE_LOOP('',(#1471,#1472,#1473,#1474));
#307=EDGE_LOOP('',(#1475,#1476,#1477,#1478));
#308=EDGE_LOOP('',(#1479,#1480,#1481,#1482));
#309=EDGE_LOOP('',(#1483,#1484,#1485,#1486));
#310=EDGE_LOOP('',(#1487,#1488,#1489,#1490));
#311=EDGE_LOOP('',(#1491,#1492,#1493,#1494));
#312=EDGE_LOOP('',(#1495,#1496,#1497,#1498));
#313=EDGE_LOOP('',(#1499,#1500,#1501,#1502));
#314=EDGE_LOOP('',(#1503,#1504,#1505,#1506));
#315=EDGE_LOOP('',(#1507,#1508,#1509,#1510));
#316=EDGE_LOOP('',(#1511,#1512,#1513,#1514));
#317=EDGE_LOOP('',(#1515));
#318=EDGE_LOOP('',(#1516));
#319=EDGE_LOOP('',(#1517));
#320=EDGE_LOOP('',(#1518));
#321=EDGE_LOOP('',(#1519,#1520,#1521,#1522));
#322=EDGE_LOOP('',(#1523,#1524,#1525,#1526));
#323=EDGE_LOOP('',(#1527,#1528,#1529,#1530));
#324=EDGE_LOOP('',(#1531,#1532,#1533,#1534));
#325=EDGE_LOOP('',(#1535,#1536,#1537,#1538));
#326=EDGE_LOOP('',(#1539,#1540,#1541,#1542));
#327=LINE('',#2422,#479);
#328=LINE('',#2425,#480);
#329=LINE('',#2436,#481);
#330=LINE('',#2437,#482);
#331=LINE('',#2443,#483);
#332=LINE('',#2446,#484);
#333=LINE('',#2449,#485);
#334=LINE('',#2450,#486);
#335=LINE('',#2454,#487);
#336=LINE('',#2456,#488);
#337=LINE('',#2458,#489);
#338=LINE('',#2460,#490);
#339=LINE('',#2462,#491);
#340=LINE('',#2464,#492);
#341=LINE('',#2466,#493);
#342=LINE('',#2468,#494);
#343=LINE('',#2470,#495);
#344=LINE('',#2472,#496);
#345=LINE('',#2474,#497);
#346=LINE('',#2476,#498);
#347=LINE('',#2478,#499);
#348=LINE('',#2480,#500);
#349=LINE('',#2482,#501);
#350=LINE('',#2484,#502);
#351=LINE('',#2486,#503);
#352=LINE('',#2488,#504);
#353=LINE('',#2490,#505);
#354=LINE('',#2491,#506);
#355=LINE('',#2494,#507);
#356=LINE('',#2498,#508);
#357=LINE('',#2502,#509);
#358=LINE('',#2506,#510);
#359=LINE('',#2518,#511);
#360=LINE('',#2522,#512);
#361=LINE('',#2528,#513);
#362=LINE('',#2537,#514);
#363=LINE('',#2542,#515);
#364=LINE('',#2545,#516);
#365=LINE('',#2548,#517);
#366=LINE('',#2549,#518);
#367=LINE('',#2554,#519);
#368=LINE('',#2563,#520);
#369=LINE('',#2568,#521);
#370=LINE('',#2571,#522);
#371=LINE('',#2574,#523);
#372=LINE('',#2575,#524);
#373=LINE('',#2580,#525);
#374=LINE('',#2589,#526);
#375=LINE('',#2594,#527);
#376=LINE('',#2597,#528);
#377=LINE('',#2600,#529);
#378=LINE('',#2601,#530);
#379=LINE('',#2610,#531);
#380=LINE('',#2620,#532);
#381=LINE('',#2630,#533);
#382=LINE('',#2640,#534);
#383=LINE('',#2645,#535);
#384=LINE('',#2649,#536);
#385=LINE('',#2653,#537);
#386=LINE('',#2656,#538);
#387=LINE('',#2659,#539);
#388=LINE('',#2662,#540);
#389=LINE('',#2664,#541);
#390=LINE('',#2665,#542);
#391=LINE('',#2667,#543);
#392=LINE('',#2668,#544);
#393=LINE('',#2670,#545);
#394=LINE('',#2672,#546);
#395=LINE('',#2674,#547);
#396=LINE('',#2676,#548);
#397=LINE('',#2678,#549);
#398=LINE('',#2680,#550);
#399=LINE('',#2682,#551);
#400=LINE('',#2683,#552);
#401=LINE('',#2688,#553);
#402=LINE('',#2691,#554);
#403=LINE('',#2695,#555);
#404=LINE('',#2699,#556);
#405=LINE('',#2702,#557);
#406=LINE('',#2705,#558);
#407=LINE('',#2708,#559);
#408=LINE('',#2711,#560);
#409=LINE('',#2714,#561);
#410=LINE('',#2717,#562);
#411=LINE('',#2719,#563);
#412=LINE('',#2723,#564);
#413=LINE('',#2725,#565);
#414=LINE('',#2728,#566);
#415=LINE('',#2729,#567);
#416=LINE('',#2731,#568);
#417=LINE('',#2732,#569);
#418=LINE('',#2734,#570);
#419=LINE('',#2736,#571);
#420=LINE('',#2742,#572);
#421=LINE('',#2746,#573);
#422=LINE('',#2750,#574);
#423=LINE('',#2753,#575);
#424=LINE('',#2756,#576);
#425=LINE('',#2759,#577);
#426=LINE('',#2761,#578);
#427=LINE('',#2762,#579);
#428=LINE('',#2764,#580);
#429=LINE('',#2765,#581);
#430=LINE('',#2767,#582);
#431=LINE('',#2772,#583);
#432=LINE('',#2777,#584);
#433=LINE('',#2780,#585);
#434=LINE('',#2783,#586);
#435=LINE('',#2786,#587);
#436=LINE('',#2789,#588);
#437=LINE('',#2792,#589);
#438=LINE('',#2795,#590);
#439=LINE('',#2798,#591);
#440=LINE('',#2801,#592);
#441=LINE('',#2803,#593);
#442=LINE('',#2807,#594);
#443=LINE('',#2809,#595);
#444=LINE('',#2812,#596);
#445=LINE('',#2813,#597);
#446=LINE('',#2815,#598);
#447=LINE('',#2816,#599);
#448=LINE('',#2818,#600);
#449=LINE('',#2819,#601);
#450=LINE('',#2821,#602);
#451=LINE('',#2823,#603);
#452=LINE('',#2824,#604);
#453=LINE('',#2826,#605);
#454=LINE('',#2830,#606);
#455=LINE('',#2833,#607);
#456=LINE('',#2836,#608);
#457=LINE('',#2839,#609);
#458=LINE('',#2842,#610);
#459=LINE('',#2845,#611);
#460=LINE('',#2848,#612);
#461=LINE('',#2851,#613);
#462=LINE('',#2853,#614);
#463=LINE('',#2855,#615);
#464=LINE('',#2859,#616);
#465=LINE('',#2862,#617);
#466=LINE('',#2865,#618);
#467=LINE('',#2871,#619);
#468=LINE('',#2873,#620);
#469=LINE('',#2875,#621);
#470=LINE('',#2876,#622);
#471=LINE('',#2880,#623);
#472=LINE('',#2882,#624);
#473=LINE('',#2884,#625);
#474=LINE('',#2885,#626);
#475=LINE('',#2887,#627);
#476=LINE('',#2888,#628);
#477=LINE('',#2890,#629);
#478=LINE('',#2892,#630);
#479=VECTOR('',#1901,10.);
#480=VECTOR('',#1904,10.);
#481=VECTOR('',#1917,10.);
#482=VECTOR('',#1918,10.);
#483=VECTOR('',#1927,10.);
#484=VECTOR('',#1930,10.);
#485=VECTOR('',#1933,10.);
#486=VECTOR('',#1934,10.);
#487=VECTOR('',#1937,10.);
#488=VECTOR('',#1938,10.);
#489=VECTOR('',#1939,10.);
#490=VECTOR('',#1940,10.);
#491=VECTOR('',#1941,10.);
#492=VECTOR('',#1942,10.);
#493=VECTOR('',#1943,10.);
#494=VECTOR('',#1944,10.);
#495=VECTOR('',#1945,10.);
#496=VECTOR('',#1946,10.);
#497=VECTOR('',#1947,10.);
#498=VECTOR('',#1948,10.);
#499=VECTOR('',#1949,10.);
#500=VECTOR('',#1950,10.);
#501=VECTOR('',#1951,10.);
#502=VECTOR('',#1952,10.);
#503=VECTOR('',#1953,10.);
#504=VECTOR('',#1954,10.);
#505=VECTOR('',#1955,10.);
#506=VECTOR('',#1956,10.);
#507=VECTOR('',#1957,10.);
#508=VECTOR('',#1960,10.);
#509=VECTOR('',#1963,10.);
#510=VECTOR('',#1966,10.);
#511=VECTOR('',#1977,10.);
#512=VECTOR('',#1980,10.);
#513=VECTOR('',#1987,10.);
#514=VECTOR('',#2000,10.);
#515=VECTOR('',#2007,10.);
#516=VECTOR('',#2010,10.);
#517=VECTOR('',#2013,10.);
#518=VECTOR('',#2014,10.);
#519=VECTOR('',#2019,10.);
#520=VECTOR('',#2032,10.);
#521=VECTOR('',#2039,10.);
#522=VECTOR('',#2042,10.);
#523=VECTOR('',#2045,10.);
#524=VECTOR('',#2046,10.);
#525=VECTOR('',#2051,10.);
#526=VECTOR('',#2064,10.);
#527=VECTOR('',#2071,10.);
#528=VECTOR('',#2074,10.);
#529=VECTOR('',#2077,10.);
#530=VECTOR('',#2078,10.);
#531=VECTOR('',#2089,1.6);
#532=VECTOR('',#2102,1.6);
#533=VECTOR('',#2115,1.6);
#534=VECTOR('',#2128,1.6);
#535=VECTOR('',#2133,10.);
#536=VECTOR('',#2136,10.);
#537=VECTOR('',#2141,10.);
#538=VECTOR('',#2144,10.);
#539=VECTOR('',#2147,10.);
#540=VECTOR('',#2150,10.);
#541=VECTOR('',#2153,10.);
#542=VECTOR('',#2154,10.);
#543=VECTOR('',#2157,10.);
#544=VECTOR('',#2158,10.);
#545=VECTOR('',#2161,10.);
#546=VECTOR('',#2162,10.);
#547=VECTOR('',#2163,10.);
#548=VECTOR('',#2164,10.);
#549=VECTOR('',#2165,10.);
#550=VECTOR('',#2166,10.);
#551=VECTOR('',#2167,10.);
#552=VECTOR('',#2168,10.);
#553=VECTOR('',#2173,10.);
#554=VECTOR('',#2176,10.);
#555=VECTOR('',#2181,10.);
#556=VECTOR('',#2186,10.);
#557=VECTOR('',#2189,10.);
#558=VECTOR('',#2192,10.);
#559=VECTOR('',#2195,10.);
#560=VECTOR('',#2198,10.);
#561=VECTOR('',#2201,10.);
#562=VECTOR('',#2204,10.);
#563=VECTOR('',#2205,10.);
#564=VECTOR('',#2210,10.);
#565=VECTOR('',#2211,10.);
#566=VECTOR('',#2216,10.);
#567=VECTOR('',#2217,10.);
#568=VECTOR('',#2220,10.);
#569=VECTOR('',#2221,10.);
#570=VECTOR('',#2224,10.);
#571=VECTOR('',#2227,10.);
#572=VECTOR('',#2234,10.);
#573=VECTOR('',#2237,10.);
#574=VECTOR('',#2242,10.);
#575=VECTOR('',#2245,10.);
#576=VECTOR('',#2248,10.);
#577=VECTOR('',#2251,10.);
#578=VECTOR('',#2254,10.);
#579=VECTOR('',#2255,10.);
#580=VECTOR('',#2258,10.);
#581=VECTOR('',#2259,10.);
#582=VECTOR('',#2262,10.);
#583=VECTOR('',#2267,10.);
#584=VECTOR('',#2274,10.);
#585=VECTOR('',#2277,10.);
#586=VECTOR('',#2280,10.);
#587=VECTOR('',#2283,10.);
#588=VECTOR('',#2286,10.);
#589=VECTOR('',#2289,10.);
#590=VECTOR('',#2292,10.);
#591=VECTOR('',#2295,10.);
#592=VECTOR('',#2298,10.);
#593=VECTOR('',#2299,10.);
#594=VECTOR('',#2304,10.);
#595=VECTOR('',#2305,10.);
#596=VECTOR('',#2310,10.);
#597=VECTOR('',#2311,10.);
#598=VECTOR('',#2314,10.);
#599=VECTOR('',#2315,10.);
#600=VECTOR('',#2318,10.);
#601=VECTOR('',#2319,10.);
#602=VECTOR('',#2320,10.);
#603=VECTOR('',#2321,10.);
#604=VECTOR('',#2322,10.);
#605=VECTOR('',#2325,10.);
#606=VECTOR('',#2330,10.);
#607=VECTOR('',#2335,10.);
#608=VECTOR('',#2338,10.);
#609=VECTOR('',#2343,10.);
#610=VECTOR('',#2346,10.);
#611=VECTOR('',#2351,10.);
#612=VECTOR('',#2354,10.);
#613=VECTOR('',#2359,10.);
#614=VECTOR('',#2362,10.);
#615=VECTOR('',#2365,10.);
#616=VECTOR('',#2372,10.);
#617=VECTOR('',#2377,10.);
#618=VECTOR('',#2382,10.);
#619=VECTOR('',#2389,10.);
#620=VECTOR('',#2390,10.);
#621=VECTOR('',#2391,10.);
#622=VECTOR('',#2392,10.);
#623=VECTOR('',#2395,10.);
#624=VECTOR('',#2396,10.);
#625=VECTOR('',#2397,10.);
#626=VECTOR('',#2398,10.);
#627=VECTOR('',#2401,10.);
#628=VECTOR('',#2402,10.);
#629=VECTOR('',#2405,10.);
#630=VECTOR('',#2408,10.);
#631=CIRCLE('',#1711,0.6);
#632=CIRCLE('',#1712,0.600000000000001);
#633=CIRCLE('',#1714,0.600000000000001);
#634=CIRCLE('',#1715,2.6);
#635=CIRCLE('',#1716,2.);
#636=CIRCLE('',#1718,0.600000000000001);
#637=CIRCLE('',#1720,2.6);
#638=CIRCLE('',#1721,2.);
#639=CIRCLE('',#1723,2.);
#640=CIRCLE('',#1726,2.6);
#641=CIRCLE('',#1727,2.6);
#642=CIRCLE('',#1728,2.6);
#643=CIRCLE('',#1729,2.6);
#644=CIRCLE('',#1730,2.2);
#645=CIRCLE('',#1731,2.2);
#646=CIRCLE('',#1732,2.2);
#647=CIRCLE('',#1733,2.2);
#648=CIRCLE('',#1734,2.6);
#649=CIRCLE('',#1735,2.6);
#650=CIRCLE('',#1737,0.6);
#651=CIRCLE('',#1738,0.600000000000001);
#652=CIRCLE('',#1740,0.600000000000001);
#653=CIRCLE('',#1741,2.);
#654=CIRCLE('',#1743,0.600000000000001);
#655=CIRCLE('',#1745,2.);
#656=CIRCLE('',#1747,2.);
#657=CIRCLE('',#1750,0.6);
#658=CIRCLE('',#1751,0.600000000000001);
#659=CIRCLE('',#1753,0.600000000000001);
#660=CIRCLE('',#1754,2.);
#661=CIRCLE('',#1756,0.600000000000001);
#662=CIRCLE('',#1758,2.);
#663=CIRCLE('',#1760,2.);
#664=CIRCLE('',#1763,0.6);
#665=CIRCLE('',#1764,0.600000000000001);
#666=CIRCLE('',#1766,0.600000000000001);
#667=CIRCLE('',#1767,2.);
#668=CIRCLE('',#1769,0.600000000000001);
#669=CIRCLE('',#1771,2.);
#670=CIRCLE('',#1773,2.);
#671=CIRCLE('',#1776,0.6);
#672=CIRCLE('',#1777,1.6);
#673=CIRCLE('',#1778,1.6);
#674=CIRCLE('',#1780,1.6);
#675=CIRCLE('',#1782,0.6);
#676=CIRCLE('',#1783,1.6);
#677=CIRCLE('',#1784,1.6);
#678=CIRCLE('',#1786,1.6);
#679=CIRCLE('',#1788,0.6);
#680=CIRCLE('',#1789,1.6);
#681=CIRCLE('',#1790,1.6);
#682=CIRCLE('',#1792,1.6);
#683=CIRCLE('',#1794,0.6);
#684=CIRCLE('',#1795,1.6);
#685=CIRCLE('',#1796,1.6);
#686=CIRCLE('',#1798,1.6);
#687=CIRCLE('',#1863,2.);
#688=CIRCLE('',#1866,2.);
#689=CIRCLE('',#1869,2.);
#690=CIRCLE('',#1872,2.);
#691=VERTEX_POINT('',#2418);
#692=VERTEX_POINT('',#2419);
#693=VERTEX_POINT('',#2421);
#694=VERTEX_POINT('',#2423);
#695=VERTEX_POINT('',#2427);
#696=VERTEX_POINT('',#2428);
#697=VERTEX_POINT('',#2433);
#698=VERTEX_POINT('',#2434);
#699=VERTEX_POINT('',#2442);
#700=VERTEX_POINT('',#2444);
#701=VERTEX_POINT('',#2448);
#702=VERTEX_POINT('',#2452);
#703=VERTEX_POINT('',#2453);
#704=VERTEX_POINT('',#2455);
#705=VERTEX_POINT('',#2457);
#706=VERTEX_POINT('',#2459);
#707=VERTEX_POINT('',#2461);
#708=VERTEX_POINT('',#2463);
#709=VERTEX_POINT('',#2465);
#710=VERTEX_POINT('',#2467);
#711=VERTEX_POINT('',#2469);
#712=VERTEX_POINT('',#2471);
#713=VERTEX_POINT('',#2473);
#714=VERTEX_POINT('',#2475);
#715=VERTEX_POINT('',#2477);
#716=VERTEX_POINT('',#2479);
#717=VERTEX_POINT('',#2481);
#718=VERTEX_POINT('',#2483);
#719=VERTEX_POINT('',#2485);
#720=VERTEX_POINT('',#2487);
#721=VERTEX_POINT('',#2489);
#722=VERTEX_POINT('',#2492);
#723=VERTEX_POINT('',#2493);
#724=VERTEX_POINT('',#2495);
#725=VERTEX_POINT('',#2497);
#726=VERTEX_POINT('',#2500);
#727=VERTEX_POINT('',#2501);
#728=VERTEX_POINT('',#2503);
#729=VERTEX_POINT('',#2505);
#730=VERTEX_POINT('',#2508);
#731=VERTEX_POINT('',#2510);
#732=VERTEX_POINT('',#2512);
#733=VERTEX_POINT('',#2514);
#734=VERTEX_POINT('',#2516);
#735=VERTEX_POINT('',#2517);
#736=VERTEX_POINT('',#2519);
#737=VERTEX_POINT('',#2521);
#738=VERTEX_POINT('',#2525);
#739=VERTEX_POINT('',#2527);
#740=VERTEX_POINT('',#2531);
#741=VERTEX_POINT('',#2535);
#742=VERTEX_POINT('',#2541);
#743=VERTEX_POINT('',#2543);
#744=VERTEX_POINT('',#2547);
#745=VERTEX_POINT('',#2551);
#746=VERTEX_POINT('',#2553);
#747=VERTEX_POINT('',#2557);
#748=VERTEX_POINT('',#2561);
#749=VERTEX_POINT('',#2567);
#750=VERTEX_POINT('',#2569);
#751=VERTEX_POINT('',#2573);
#752=VERTEX_POINT('',#2577);
#753=VERTEX_POINT('',#2579);
#754=VERTEX_POINT('',#2583);
#755=VERTEX_POINT('',#2587);
#756=VERTEX_POINT('',#2593);
#757=VERTEX_POINT('',#2595);
#758=VERTEX_POINT('',#2599);
#759=VERTEX_POINT('',#2603);
#760=VERTEX_POINT('',#2605);
#761=VERTEX_POINT('',#2609);
#762=VERTEX_POINT('',#2613);
#763=VERTEX_POINT('',#2615);
#764=VERTEX_POINT('',#2619);
#765=VERTEX_POINT('',#2623);
#766=VERTEX_POINT('',#2625);
#767=VERTEX_POINT('',#2629);
#768=VERTEX_POINT('',#2633);
#769=VERTEX_POINT('',#2635);
#770=VERTEX_POINT('',#2639);
#771=VERTEX_POINT('',#2643);
#772=VERTEX_POINT('',#2644);
#773=VERTEX_POINT('',#2646);
#774=VERTEX_POINT('',#2648);
#775=VERTEX_POINT('',#2652);
#776=VERTEX_POINT('',#2654);
#777=VERTEX_POINT('',#2658);
#778=VERTEX_POINT('',#2660);
#779=VERTEX_POINT('',#2671);
#780=VERTEX_POINT('',#2673);
#781=VERTEX_POINT('',#2675);
#782=VERTEX_POINT('',#2677);
#783=VERTEX_POINT('',#2679);
#784=VERTEX_POINT('',#2681);
#785=VERTEX_POINT('',#2686);
#786=VERTEX_POINT('',#2687);
#787=VERTEX_POINT('',#2690);
#788=VERTEX_POINT('',#2694);
#789=VERTEX_POINT('',#2698);
#790=VERTEX_POINT('',#2700);
#791=VERTEX_POINT('',#2704);
#792=VERTEX_POINT('',#2706);
#793=VERTEX_POINT('',#2710);
#794=VERTEX_POINT('',#2712);
#795=VERTEX_POINT('',#2716);
#796=VERTEX_POINT('',#2718);
#797=VERTEX_POINT('',#2722);
#798=VERTEX_POINT('',#2724);
#799=VERTEX_POINT('',#2740);
#800=VERTEX_POINT('',#2741);
#801=VERTEX_POINT('',#2743);
#802=VERTEX_POINT('',#2745);
#803=VERTEX_POINT('',#2749);
#804=VERTEX_POINT('',#2751);
#805=VERTEX_POINT('',#2755);
#806=VERTEX_POINT('',#2757);
#807=VERTEX_POINT('',#2770);
#808=VERTEX_POINT('',#2771);
#809=VERTEX_POINT('',#2776);
#810=VERTEX_POINT('',#2778);
#811=VERTEX_POINT('',#2782);
#812=VERTEX_POINT('',#2784);
#813=VERTEX_POINT('',#2788);
#814=VERTEX_POINT('',#2790);
#815=VERTEX_POINT('',#2794);
#816=VERTEX_POINT('',#2796);
#817=VERTEX_POINT('',#2800);
#818=VERTEX_POINT('',#2802);
#819=VERTEX_POINT('',#2806);
#820=VERTEX_POINT('',#2808);
#821=VERTEX_POINT('',#2820);
#822=VERTEX_POINT('',#2822);
#823=VERTEX_POINT('',#2829);
#824=VERTEX_POINT('',#2835);
#825=VERTEX_POINT('',#2841);
#826=VERTEX_POINT('',#2847);
#827=VERTEX_POINT('',#2869);
#828=VERTEX_POINT('',#2870);
#829=VERTEX_POINT('',#2872);
#830=VERTEX_POINT('',#2874);
#831=VERTEX_POINT('',#2878);
#832=VERTEX_POINT('',#2879);
#833=VERTEX_POINT('',#2881);
#834=VERTEX_POINT('',#2883);
#835=EDGE_CURVE('',#691,#692,#631,.T.);
#836=EDGE_CURVE('',#692,#693,#327,.T.);
#837=EDGE_CURVE('',#693,#694,#632,.T.);
#838=EDGE_CURVE('',#694,#691,#328,.T.);
#839=EDGE_CURVE('',#695,#696,#633,.T.);
#840=EDGE_CURVE('',#696,#694,#634,.T.);
#841=EDGE_CURVE('',#693,#695,#635,.T.);
#842=EDGE_CURVE('',#697,#698,#636,.T.);
#843=EDGE_CURVE('',#698,#696,#329,.T.);
#844=EDGE_CURVE('',#695,#697,#330,.T.);
#845=EDGE_CURVE('',#691,#698,#637,.T.);
#846=EDGE_CURVE('',#697,#692,#638,.T.);
#847=EDGE_CURVE('',#693,#699,#331,.T.);
#848=EDGE_CURVE('',#700,#699,#639,.T.);
#849=EDGE_CURVE('',#695,#700,#332,.T.);
#850=EDGE_CURVE('',#692,#701,#333,.T.);
#851=EDGE_CURVE('',#699,#701,#334,.T.);
#852=EDGE_CURVE('',#702,#703,#335,.T.);
#853=EDGE_CURVE('',#703,#704,#336,.T.);
#854=EDGE_CURVE('',#704,#705,#337,.T.);
#855=EDGE_CURVE('',#705,#706,#338,.T.);
#856=EDGE_CURVE('',#706,#707,#339,.T.);
#857=EDGE_CURVE('',#707,#708,#340,.T.);
#858=EDGE_CURVE('',#708,#709,#341,.T.);
#859=EDGE_CURVE('',#709,#710,#342,.T.);
#860=EDGE_CURVE('',#710,#711,#343,.T.);
#861=EDGE_CURVE('',#711,#712,#344,.T.);
#862=EDGE_CURVE('',#712,#713,#345,.T.);
#863=EDGE_CURVE('',#713,#714,#346,.T.);
#864=EDGE_CURVE('',#714,#715,#347,.T.);
#865=EDGE_CURVE('',#715,#716,#348,.T.);
#866=EDGE_CURVE('',#716,#717,#349,.T.);
#867=EDGE_CURVE('',#717,#718,#350,.T.);
#868=EDGE_CURVE('',#718,#719,#351,.T.);
#869=EDGE_CURVE('',#719,#720,#352,.T.);
#870=EDGE_CURVE('',#720,#721,#353,.T.);
#871=EDGE_CURVE('',#721,#702,#354,.T.);
#872=EDGE_CURVE('',#722,#723,#355,.T.);
#873=EDGE_CURVE('',#724,#722,#640,.T.);
#874=EDGE_CURVE('',#725,#724,#356,.T.);
#875=EDGE_CURVE('',#723,#725,#641,.T.);
#876=EDGE_CURVE('',#726,#727,#357,.T.);
#877=EDGE_CURVE('',#728,#726,#642,.T.);
#878=EDGE_CURVE('',#729,#728,#358,.T.);
#879=EDGE_CURVE('',#727,#729,#643,.T.);
#880=EDGE_CURVE('',#730,#730,#644,.T.);
#881=EDGE_CURVE('',#731,#731,#645,.T.);
#882=EDGE_CURVE('',#732,#732,#646,.T.);
#883=EDGE_CURVE('',#733,#733,#647,.T.);
#884=EDGE_CURVE('',#734,#735,#359,.T.);
#885=EDGE_CURVE('',#736,#734,#648,.T.);
#886=EDGE_CURVE('',#737,#736,#360,.T.);
#887=EDGE_CURVE('',#735,#737,#649,.T.);
#888=EDGE_CURVE('',#723,#738,#650,.T.);
#889=EDGE_CURVE('',#738,#739,#361,.T.);
#890=EDGE_CURVE('',#739,#722,#651,.T.);
#891=EDGE_CURVE('',#740,#724,#652,.T.);
#892=EDGE_CURVE('',#739,#740,#653,.T.);
#893=EDGE_CURVE('',#741,#725,#654,.T.);
#894=EDGE_CURVE('',#740,#741,#362,.T.);
#895=EDGE_CURVE('',#741,#738,#655,.T.);
#896=EDGE_CURVE('',#739,#742,#363,.T.);
#897=EDGE_CURVE('',#743,#742,#656,.T.);
#898=EDGE_CURVE('',#740,#743,#364,.T.);
#899=EDGE_CURVE('',#738,#744,#365,.T.);
#900=EDGE_CURVE('',#742,#744,#366,.T.);
#901=EDGE_CURVE('',#735,#745,#657,.T.);
#902=EDGE_CURVE('',#745,#746,#367,.T.);
#903=EDGE_CURVE('',#746,#734,#658,.T.);
#904=EDGE_CURVE('',#747,#736,#659,.T.);
#905=EDGE_CURVE('',#746,#747,#660,.T.);
#906=EDGE_CURVE('',#748,#737,#661,.T.);
#907=EDGE_CURVE('',#747,#748,#368,.T.);
#908=EDGE_CURVE('',#748,#745,#662,.T.);
#909=EDGE_CURVE('',#746,#749,#369,.T.);
#910=EDGE_CURVE('',#750,#749,#663,.T.);
#911=EDGE_CURVE('',#747,#750,#370,.T.);
#912=EDGE_CURVE('',#745,#751,#371,.T.);
#913=EDGE_CURVE('',#749,#751,#372,.T.);
#914=EDGE_CURVE('',#727,#752,#664,.T.);
#915=EDGE_CURVE('',#752,#753,#373,.T.);
#916=EDGE_CURVE('',#753,#726,#665,.T.);
#917=EDGE_CURVE('',#754,#728,#666,.T.);
#918=EDGE_CURVE('',#753,#754,#667,.T.);
#919=EDGE_CURVE('',#755,#729,#668,.T.);
#920=EDGE_CURVE('',#754,#755,#374,.T.);
#921=EDGE_CURVE('',#755,#752,#669,.T.);
#922=EDGE_CURVE('',#753,#756,#375,.T.);
#923=EDGE_CURVE('',#757,#756,#670,.T.);
#924=EDGE_CURVE('',#754,#757,#376,.T.);
#925=EDGE_CURVE('',#752,#758,#377,.T.);
#926=EDGE_CURVE('',#756,#758,#378,.T.);
#927=EDGE_CURVE('',#733,#759,#671,.T.);
#928=EDGE_CURVE('',#759,#760,#672,.T.);
#929=EDGE_CURVE('',#760,#759,#673,.T.);
#930=EDGE_CURVE('',#760,#761,#379,.T.);
#931=EDGE_CURVE('',#761,#761,#674,.T.);
#932=EDGE_CURVE('',#730,#762,#675,.T.);
#933=EDGE_CURVE('',#762,#763,#676,.T.);
#934=EDGE_CURVE('',#763,#762,#677,.T.);
#935=EDGE_CURVE('',#763,#764,#380,.T.);
#936=EDGE_CURVE('',#764,#764,#678,.T.);
#937=EDGE_CURVE('',#732,#765,#679,.T.);
#938=EDGE_CURVE('',#765,#766,#680,.T.);
#939=EDGE_CURVE('',#766,#765,#681,.T.);
#940=EDGE_CURVE('',#766,#767,#381,.T.);
#941=EDGE_CURVE('',#767,#767,#682,.T.);
#942=EDGE_CURVE('',#731,#768,#683,.T.);
#943=EDGE_CURVE('',#768,#769,#684,.T.);
#944=EDGE_CURVE('',#769,#768,#685,.T.);
#945=EDGE_CURVE('',#769,#770,#382,.T.);
#946=EDGE_CURVE('',#770,#770,#686,.T.);
#947=EDGE_CURVE('',#771,#772,#383,.T.);
#948=EDGE_CURVE('',#772,#773,#27,.T.);
#949=EDGE_CURVE('',#773,#774,#384,.T.);
#950=EDGE_CURVE('',#771,#774,#28,.T.);
#951=EDGE_CURVE('',#772,#775,#385,.T.);
#952=EDGE_CURVE('',#775,#776,#29,.T.);
#953=EDGE_CURVE('',#776,#773,#386,.T.);
#954=EDGE_CURVE('',#775,#777,#387,.T.);
#955=EDGE_CURVE('',#777,#778,#30,.T.);
#956=EDGE_CURVE('',#778,#776,#388,.T.);
#957=EDGE_CURVE('',#774,#778,#389,.T.);
#958=EDGE_CURVE('',#777,#771,#390,.T.);
#959=EDGE_CURVE('',#718,#774,#391,.T.);
#960=EDGE_CURVE('',#717,#778,#392,.T.);
#961=EDGE_CURVE('',#715,#773,#393,.T.);
#962=EDGE_CURVE('',#714,#779,#394,.T.);
#963=EDGE_CURVE('',#780,#779,#395,.T.);
#964=EDGE_CURVE('',#781,#780,#396,.T.);
#965=EDGE_CURVE('',#781,#782,#397,.T.);
#966=EDGE_CURVE('',#782,#783,#398,.T.);
#967=EDGE_CURVE('',#784,#783,#399,.T.);
#968=EDGE_CURVE('',#719,#784,#400,.T.);
#969=EDGE_CURVE('',#785,#786,#401,.T.);
#970=EDGE_CURVE('',#786,#779,#31,.T.);
#971=EDGE_CURVE('',#779,#787,#402,.T.);
#972=EDGE_CURVE('',#785,#787,#32,.T.);
#973=EDGE_CURVE('',#786,#788,#403,.T.);
#974=EDGE_CURVE('',#788,#780,#33,.T.);
#975=EDGE_CURVE('',#788,#789,#404,.T.);
#976=EDGE_CURVE('',#789,#790,#34,.T.);
#977=EDGE_CURVE('',#790,#780,#405,.T.);
#978=EDGE_CURVE('',#789,#791,#406,.T.);
#979=EDGE_CURVE('',#791,#792,#35,.T.);
#980=EDGE_CURVE('',#792,#790,#407,.T.);
#981=EDGE_CURVE('',#791,#793,#408,.T.);
#982=EDGE_CURVE('',#793,#794,#36,.T.);
#983=EDGE_CURVE('',#794,#792,#409,.T.);
#984=EDGE_CURVE('',#795,#794,#410,.T.);
#985=EDGE_CURVE('',#793,#796,#411,.T.);
#986=EDGE_CURVE('',#796,#795,#37,.T.);
#987=EDGE_CURVE('',#797,#795,#412,.T.);
#988=EDGE_CURVE('',#796,#798,#413,.T.);
#989=EDGE_CURVE('',#798,#797,#38,.T.);
#990=EDGE_CURVE('',#787,#797,#414,.T.);
#991=EDGE_CURVE('',#798,#785,#415,.T.);
#992=EDGE_CURVE('',#711,#795,#416,.T.);
#993=EDGE_CURVE('',#710,#794,#417,.T.);
#994=EDGE_CURVE('',#797,#712,#418,.T.);
#995=EDGE_CURVE('',#713,#787,#419,.T.);
#996=EDGE_CURVE('',#799,#800,#420,.T.);
#997=EDGE_CURVE('',#800,#801,#39,.T.);
#998=EDGE_CURVE('',#801,#802,#421,.T.);
#999=EDGE_CURVE('',#799,#802,#40,.T.);
#1000=EDGE_CURVE('',#800,#803,#422,.T.);
#1001=EDGE_CURVE('',#803,#804,#41,.T.);
#1002=EDGE_CURVE('',#804,#801,#423,.T.);
#1003=EDGE_CURVE('',#803,#805,#424,.T.);
#1004=EDGE_CURVE('',#805,#806,#42,.T.);
#1005=EDGE_CURVE('',#806,#804,#425,.T.);
#1006=EDGE_CURVE('',#802,#806,#426,.T.);
#1007=EDGE_CURVE('',#805,#799,#427,.T.);
#1008=EDGE_CURVE('',#707,#802,#428,.T.);
#1009=EDGE_CURVE('',#706,#806,#429,.T.);
#1010=EDGE_CURVE('',#708,#801,#430,.T.);
#1011=EDGE_CURVE('',#807,#808,#431,.T.);
#1012=EDGE_CURVE('',#808,#784,#43,.T.);
#1013=EDGE_CURVE('',#807,#783,#44,.T.);
#1014=EDGE_CURVE('',#808,#809,#432,.T.);
#1015=EDGE_CURVE('',#809,#810,#45,.T.);
#1016=EDGE_CURVE('',#810,#784,#433,.T.);
#1017=EDGE_CURVE('',#809,#811,#434,.T.);
#1018=EDGE_CURVE('',#811,#812,#46,.T.);
#1019=EDGE_CURVE('',#812,#810,#435,.T.);
#1020=EDGE_CURVE('',#811,#813,#436,.T.);
#1021=EDGE_CURVE('',#813,#814,#47,.T.);
#1022=EDGE_CURVE('',#814,#812,#437,.T.);
#1023=EDGE_CURVE('',#813,#815,#438,.T.);
#1024=EDGE_CURVE('',#815,#816,#48,.T.);
#1025=EDGE_CURVE('',#816,#814,#439,.T.);
#1026=EDGE_CURVE('',#817,#816,#440,.T.);
#1027=EDGE_CURVE('',#815,#818,#441,.T.);
#1028=EDGE_CURVE('',#818,#817,#49,.T.);
#1029=EDGE_CURVE('',#819,#817,#442,.T.);
#1030=EDGE_CURVE('',#818,#820,#443,.T.);
#1031=EDGE_CURVE('',#820,#819,#50,.T.);
#1032=EDGE_CURVE('',#783,#819,#444,.T.);
#1033=EDGE_CURVE('',#820,#807,#445,.T.);
#1034=EDGE_CURVE('',#704,#817,#446,.T.);
#1035=EDGE_CURVE('',#703,#816,#447,.T.);
#1036=EDGE_CURVE('',#709,#792,#448,.T.);
#1037=EDGE_CURVE('',#705,#804,#449,.T.);
#1038=EDGE_CURVE('',#821,#819,#450,.T.);
#1039=EDGE_CURVE('',#821,#822,#451,.T.);
#1040=EDGE_CURVE('',#822,#790,#452,.T.);
#1041=EDGE_CURVE('',#782,#821,#453,.T.);
#1042=EDGE_CURVE('',#755,#823,#454,.T.);
#1043=EDGE_CURVE('',#758,#823,#687,.T.);
#1044=EDGE_CURVE('',#823,#757,#455,.T.);
#1045=EDGE_CURVE('',#748,#824,#456,.T.);
#1046=EDGE_CURVE('',#751,#824,#688,.T.);
#1047=EDGE_CURVE('',#824,#750,#457,.T.);
#1048=EDGE_CURVE('',#741,#825,#458,.T.);
#1049=EDGE_CURVE('',#744,#825,#689,.T.);
#1050=EDGE_CURVE('',#825,#743,#459,.T.);
#1051=EDGE_CURVE('',#697,#826,#460,.T.);
#1052=EDGE_CURVE('',#701,#826,#690,.T.);
#1053=EDGE_CURVE('',#826,#700,#461,.T.);
#1054=EDGE_CURVE('',#814,#702,#462,.T.);
#1055=EDGE_CURVE('',#721,#812,#463,.T.);
#1056=EDGE_CURVE('',#720,#810,#464,.T.);
#1057=EDGE_CURVE('',#716,#776,#465,.T.);
#1058=EDGE_CURVE('',#822,#781,#466,.T.);
#1059=EDGE_CURVE('',#827,#828,#467,.T.);
#1060=EDGE_CURVE('',#828,#829,#468,.T.);
#1061=EDGE_CURVE('',#829,#830,#469,.T.);
#1062=EDGE_CURVE('',#830,#827,#470,.T.);
#1063=EDGE_CURVE('',#831,#832,#471,.T.);
#1064=EDGE_CURVE('',#832,#833,#472,.T.);
#1065=EDGE_CURVE('',#833,#834,#473,.T.);
#1066=EDGE_CURVE('',#834,#831,#474,.T.);
#1067=EDGE_CURVE('',#830,#833,#475,.T.);
#1068=EDGE_CURVE('',#827,#832,#476,.T.);
#1069=EDGE_CURVE('',#829,#834,#477,.T.);
#1070=EDGE_CURVE('',#828,#831,#478,.T.);
#1071=ORIENTED_EDGE('',*,*,#835,.T.);
#1072=ORIENTED_EDGE('',*,*,#836,.T.);
#1073=ORIENTED_EDGE('',*,*,#837,.T.);
#1074=ORIENTED_EDGE('',*,*,#838,.T.);
#1075=ORIENTED_EDGE('',*,*,#839,.T.);
#1076=ORIENTED_EDGE('',*,*,#840,.T.);
#1077=ORIENTED_EDGE('',*,*,#837,.F.);
#1078=ORIENTED_EDGE('',*,*,#841,.T.);
#1079=ORIENTED_EDGE('',*,*,#842,.T.);
#1080=ORIENTED_EDGE('',*,*,#843,.T.);
#1081=ORIENTED_EDGE('',*,*,#839,.F.);
#1082=ORIENTED_EDGE('',*,*,#844,.T.);
#1083=ORIENTED_EDGE('',*,*,#835,.F.);
#1084=ORIENTED_EDGE('',*,*,#845,.T.);
#1085=ORIENTED_EDGE('',*,*,#842,.F.);
#1086=ORIENTED_EDGE('',*,*,#846,.T.);
#1087=ORIENTED_EDGE('',*,*,#841,.F.);
#1088=ORIENTED_EDGE('',*,*,#847,.T.);
#1089=ORIENTED_EDGE('',*,*,#848,.F.);
#1090=ORIENTED_EDGE('',*,*,#849,.F.);
#1091=ORIENTED_EDGE('',*,*,#836,.F.);
#1092=ORIENTED_EDGE('',*,*,#850,.T.);
#1093=ORIENTED_EDGE('',*,*,#851,.F.);
#1094=ORIENTED_EDGE('',*,*,#847,.F.);
#1095=ORIENTED_EDGE('',*,*,#852,.T.);
#1096=ORIENTED_EDGE('',*,*,#853,.T.);
#1097=ORIENTED_EDGE('',*,*,#854,.T.);
#1098=ORIENTED_EDGE('',*,*,#855,.T.);
#1099=ORIENTED_EDGE('',*,*,#856,.T.);
#1100=ORIENTED_EDGE('',*,*,#857,.T.);
#1101=ORIENTED_EDGE('',*,*,#858,.T.);
#1102=ORIENTED_EDGE('',*,*,#859,.T.);
#1103=ORIENTED_EDGE('',*,*,#860,.T.);
#1104=ORIENTED_EDGE('',*,*,#861,.T.);
#1105=ORIENTED_EDGE('',*,*,#862,.T.);
#1106=ORIENTED_EDGE('',*,*,#863,.T.);
#1107=ORIENTED_EDGE('',*,*,#864,.T.);
#1108=ORIENTED_EDGE('',*,*,#865,.T.);
#1109=ORIENTED_EDGE('',*,*,#866,.T.);
#1110=ORIENTED_EDGE('',*,*,#867,.T.);
#1111=ORIENTED_EDGE('',*,*,#868,.T.);
#1112=ORIENTED_EDGE('',*,*,#869,.T.);
#1113=ORIENTED_EDGE('',*,*,#870,.T.);
#1114=ORIENTED_EDGE('',*,*,#871,.T.);
#1115=ORIENTED_EDGE('',*,*,#872,.F.);
#1116=ORIENTED_EDGE('',*,*,#873,.F.);
#1117=ORIENTED_EDGE('',*,*,#874,.F.);
#1118=ORIENTED_EDGE('',*,*,#875,.F.);
#1119=ORIENTED_EDGE('',*,*,#876,.F.);
#1120=ORIENTED_EDGE('',*,*,#877,.F.);
#1121=ORIENTED_EDGE('',*,*,#878,.F.);
#1122=ORIENTED_EDGE('',*,*,#879,.F.);
#1123=ORIENTED_EDGE('',*,*,#880,.F.);
#1124=ORIENTED_EDGE('',*,*,#881,.F.);
#1125=ORIENTED_EDGE('',*,*,#882,.F.);
#1126=ORIENTED_EDGE('',*,*,#883,.F.);
#1127=ORIENTED_EDGE('',*,*,#884,.F.);
#1128=ORIENTED_EDGE('',*,*,#885,.F.);
#1129=ORIENTED_EDGE('',*,*,#886,.F.);
#1130=ORIENTED_EDGE('',*,*,#887,.F.);
#1131=ORIENTED_EDGE('',*,*,#838,.F.);
#1132=ORIENTED_EDGE('',*,*,#840,.F.);
#1133=ORIENTED_EDGE('',*,*,#843,.F.);
#1134=ORIENTED_EDGE('',*,*,#845,.F.);
#1135=ORIENTED_EDGE('',*,*,#888,.T.);
#1136=ORIENTED_EDGE('',*,*,#889,.T.);
#1137=ORIENTED_EDGE('',*,*,#890,.T.);
#1138=ORIENTED_EDGE('',*,*,#872,.T.);
#1139=ORIENTED_EDGE('',*,*,#891,.T.);
#1140=ORIENTED_EDGE('',*,*,#873,.T.);
#1141=ORIENTED_EDGE('',*,*,#890,.F.);
#1142=ORIENTED_EDGE('',*,*,#892,.T.);
#1143=ORIENTED_EDGE('',*,*,#893,.T.);
#1144=ORIENTED_EDGE('',*,*,#874,.T.);
#1145=ORIENTED_EDGE('',*,*,#891,.F.);
#1146=ORIENTED_EDGE('',*,*,#894,.T.);
#1147=ORIENTED_EDGE('',*,*,#888,.F.);
#1148=ORIENTED_EDGE('',*,*,#875,.T.);
#1149=ORIENTED_EDGE('',*,*,#893,.F.);
#1150=ORIENTED_EDGE('',*,*,#895,.T.);
#1151=ORIENTED_EDGE('',*,*,#892,.F.);
#1152=ORIENTED_EDGE('',*,*,#896,.T.);
#1153=ORIENTED_EDGE('',*,*,#897,.F.);
#1154=ORIENTED_EDGE('',*,*,#898,.F.);
#1155=ORIENTED_EDGE('',*,*,#889,.F.);
#1156=ORIENTED_EDGE('',*,*,#899,.T.);
#1157=ORIENTED_EDGE('',*,*,#900,.F.);
#1158=ORIENTED_EDGE('',*,*,#896,.F.);
#1159=ORIENTED_EDGE('',*,*,#901,.T.);
#1160=ORIENTED_EDGE('',*,*,#902,.T.);
#1161=ORIENTED_EDGE('',*,*,#903,.T.);
#1162=ORIENTED_EDGE('',*,*,#884,.T.);
#1163=ORIENTED_EDGE('',*,*,#904,.T.);
#1164=ORIENTED_EDGE('',*,*,#885,.T.);
#1165=ORIENTED_EDGE('',*,*,#903,.F.);
#1166=ORIENTED_EDGE('',*,*,#905,.T.);
#1167=ORIENTED_EDGE('',*,*,#906,.T.);
#1168=ORIENTED_EDGE('',*,*,#886,.T.);
#1169=ORIENTED_EDGE('',*,*,#904,.F.);
#1170=ORIENTED_EDGE('',*,*,#907,.T.);
#1171=ORIENTED_EDGE('',*,*,#901,.F.);
#1172=ORIENTED_EDGE('',*,*,#887,.T.);
#1173=ORIENTED_EDGE('',*,*,#906,.F.);
#1174=ORIENTED_EDGE('',*,*,#908,.T.);
#1175=ORIENTED_EDGE('',*,*,#905,.F.);
#1176=ORIENTED_EDGE('',*,*,#909,.T.);
#1177=ORIENTED_EDGE('',*,*,#910,.F.);
#1178=ORIENTED_EDGE('',*,*,#911,.F.);
#1179=ORIENTED_EDGE('',*,*,#902,.F.);
#1180=ORIENTED_EDGE('',*,*,#912,.T.);
#1181=ORIENTED_EDGE('',*,*,#913,.F.);
#1182=ORIENTED_EDGE('',*,*,#909,.F.);
#1183=ORIENTED_EDGE('',*,*,#914,.T.);
#1184=ORIENTED_EDGE('',*,*,#915,.T.);
#1185=ORIENTED_EDGE('',*,*,#916,.T.);
#1186=ORIENTED_EDGE('',*,*,#876,.T.);
#1187=ORIENTED_EDGE('',*,*,#917,.T.);
#1188=ORIENTED_EDGE('',*,*,#877,.T.);
#1189=ORIENTED_EDGE('',*,*,#916,.F.);
#1190=ORIENTED_EDGE('',*,*,#918,.T.);
#1191=ORIENTED_EDGE('',*,*,#919,.T.);
#1192=ORIENTED_EDGE('',*,*,#878,.T.);
#1193=ORIENTED_EDGE('',*,*,#917,.F.);
#1194=ORIENTED_EDGE('',*,*,#920,.T.);
#1195=ORIENTED_EDGE('',*,*,#914,.F.);
#1196=ORIENTED_EDGE('',*,*,#879,.T.);
#1197=ORIENTED_EDGE('',*,*,#919,.F.);
#1198=ORIENTED_EDGE('',*,*,#921,.T.);
#1199=ORIENTED_EDGE('',*,*,#918,.F.);
#1200=ORIENTED_EDGE('',*,*,#922,.T.);
#1201=ORIENTED_EDGE('',*,*,#923,.F.);
#1202=ORIENTED_EDGE('',*,*,#924,.F.);
#1203=ORIENTED_EDGE('',*,*,#915,.F.);
#1204=ORIENTED_EDGE('',*,*,#925,.T.);
#1205=ORIENTED_EDGE('',*,*,#926,.F.);
#1206=ORIENTED_EDGE('',*,*,#922,.F.);
#1207=ORIENTED_EDGE('',*,*,#883,.T.);
#1208=ORIENTED_EDGE('',*,*,#927,.T.);
#1209=ORIENTED_EDGE('',*,*,#928,.T.);
#1210=ORIENTED_EDGE('',*,*,#929,.T.);
#1211=ORIENTED_EDGE('',*,*,#927,.F.);
#1212=ORIENTED_EDGE('',*,*,#929,.F.);
#1213=ORIENTED_EDGE('',*,*,#930,.T.);
#1214=ORIENTED_EDGE('',*,*,#931,.F.);
#1215=ORIENTED_EDGE('',*,*,#930,.F.);
#1216=ORIENTED_EDGE('',*,*,#928,.F.);
#1217=ORIENTED_EDGE('',*,*,#880,.T.);
#1218=ORIENTED_EDGE('',*,*,#932,.T.);
#1219=ORIENTED_EDGE('',*,*,#933,.T.);
#1220=ORIENTED_EDGE('',*,*,#934,.T.);
#1221=ORIENTED_EDGE('',*,*,#932,.F.);
#1222=ORIENTED_EDGE('',*,*,#934,.F.);
#1223=ORIENTED_EDGE('',*,*,#935,.T.);
#1224=ORIENTED_EDGE('',*,*,#936,.F.);
#1225=ORIENTED_EDGE('',*,*,#935,.F.);
#1226=ORIENTED_EDGE('',*,*,#933,.F.);
#1227=ORIENTED_EDGE('',*,*,#882,.T.);
#1228=ORIENTED_EDGE('',*,*,#937,.T.);
#1229=ORIENTED_EDGE('',*,*,#938,.T.);
#1230=ORIENTED_EDGE('',*,*,#939,.T.);
#1231=ORIENTED_EDGE('',*,*,#937,.F.);
#1232=ORIENTED_EDGE('',*,*,#939,.F.);
#1233=ORIENTED_EDGE('',*,*,#940,.T.);
#1234=ORIENTED_EDGE('',*,*,#941,.F.);
#1235=ORIENTED_EDGE('',*,*,#940,.F.);
#1236=ORIENTED_EDGE('',*,*,#938,.F.);
#1237=ORIENTED_EDGE('',*,*,#881,.T.);
#1238=ORIENTED_EDGE('',*,*,#942,.T.);
#1239=ORIENTED_EDGE('',*,*,#943,.T.);
#1240=ORIENTED_EDGE('',*,*,#944,.T.);
#1241=ORIENTED_EDGE('',*,*,#942,.F.);
#1242=ORIENTED_EDGE('',*,*,#944,.F.);
#1243=ORIENTED_EDGE('',*,*,#945,.T.);
#1244=ORIENTED_EDGE('',*,*,#946,.F.);
#1245=ORIENTED_EDGE('',*,*,#945,.F.);
#1246=ORIENTED_EDGE('',*,*,#943,.F.);
#1247=ORIENTED_EDGE('',*,*,#947,.T.);
#1248=ORIENTED_EDGE('',*,*,#948,.T.);
#1249=ORIENTED_EDGE('',*,*,#949,.T.);
#1250=ORIENTED_EDGE('',*,*,#950,.F.);
#1251=ORIENTED_EDGE('',*,*,#951,.T.);
#1252=ORIENTED_EDGE('',*,*,#952,.T.);
#1253=ORIENTED_EDGE('',*,*,#953,.T.);
#1254=ORIENTED_EDGE('',*,*,#948,.F.);
#1255=ORIENTED_EDGE('',*,*,#954,.T.);
#1256=ORIENTED_EDGE('',*,*,#955,.T.);
#1257=ORIENTED_EDGE('',*,*,#956,.T.);
#1258=ORIENTED_EDGE('',*,*,#952,.F.);
#1259=ORIENTED_EDGE('',*,*,#957,.T.);
#1260=ORIENTED_EDGE('',*,*,#955,.F.);
#1261=ORIENTED_EDGE('',*,*,#958,.T.);
#1262=ORIENTED_EDGE('',*,*,#950,.T.);
#1263=ORIENTED_EDGE('',*,*,#957,.F.);
#1264=ORIENTED_EDGE('',*,*,#959,.F.);
#1265=ORIENTED_EDGE('',*,*,#867,.F.);
#1266=ORIENTED_EDGE('',*,*,#960,.T.);
#1267=ORIENTED_EDGE('',*,*,#949,.F.);
#1268=ORIENTED_EDGE('',*,*,#961,.F.);
#1269=ORIENTED_EDGE('',*,*,#864,.F.);
#1270=ORIENTED_EDGE('',*,*,#962,.T.);
#1271=ORIENTED_EDGE('',*,*,#963,.F.);
#1272=ORIENTED_EDGE('',*,*,#964,.F.);
#1273=ORIENTED_EDGE('',*,*,#965,.T.);
#1274=ORIENTED_EDGE('',*,*,#966,.T.);
#1275=ORIENTED_EDGE('',*,*,#967,.F.);
#1276=ORIENTED_EDGE('',*,*,#968,.F.);
#1277=ORIENTED_EDGE('',*,*,#868,.F.);
#1278=ORIENTED_EDGE('',*,*,#959,.T.);
#1279=ORIENTED_EDGE('',*,*,#947,.F.);
#1280=ORIENTED_EDGE('',*,*,#958,.F.);
#1281=ORIENTED_EDGE('',*,*,#954,.F.);
#1282=ORIENTED_EDGE('',*,*,#951,.F.);
#1283=ORIENTED_EDGE('',*,*,#969,.T.);
#1284=ORIENTED_EDGE('',*,*,#970,.T.);
#1285=ORIENTED_EDGE('',*,*,#971,.T.);
#1286=ORIENTED_EDGE('',*,*,#972,.F.);
#1287=ORIENTED_EDGE('',*,*,#973,.T.);
#1288=ORIENTED_EDGE('',*,*,#974,.T.);
#1289=ORIENTED_EDGE('',*,*,#963,.T.);
#1290=ORIENTED_EDGE('',*,*,#970,.F.);
#1291=ORIENTED_EDGE('',*,*,#975,.T.);
#1292=ORIENTED_EDGE('',*,*,#976,.T.);
#1293=ORIENTED_EDGE('',*,*,#977,.T.);
#1294=ORIENTED_EDGE('',*,*,#974,.F.);
#1295=ORIENTED_EDGE('',*,*,#978,.T.);
#1296=ORIENTED_EDGE('',*,*,#979,.T.);
#1297=ORIENTED_EDGE('',*,*,#980,.T.);
#1298=ORIENTED_EDGE('',*,*,#976,.F.);
#1299=ORIENTED_EDGE('',*,*,#981,.T.);
#1300=ORIENTED_EDGE('',*,*,#982,.T.);
#1301=ORIENTED_EDGE('',*,*,#983,.T.);
#1302=ORIENTED_EDGE('',*,*,#979,.F.);
#1303=ORIENTED_EDGE('',*,*,#984,.T.);
#1304=ORIENTED_EDGE('',*,*,#982,.F.);
#1305=ORIENTED_EDGE('',*,*,#985,.T.);
#1306=ORIENTED_EDGE('',*,*,#986,.T.);
#1307=ORIENTED_EDGE('',*,*,#987,.T.);
#1308=ORIENTED_EDGE('',*,*,#986,.F.);
#1309=ORIENTED_EDGE('',*,*,#988,.T.);
#1310=ORIENTED_EDGE('',*,*,#989,.T.);
#1311=ORIENTED_EDGE('',*,*,#990,.T.);
#1312=ORIENTED_EDGE('',*,*,#989,.F.);
#1313=ORIENTED_EDGE('',*,*,#991,.T.);
#1314=ORIENTED_EDGE('',*,*,#972,.T.);
#1315=ORIENTED_EDGE('',*,*,#984,.F.);
#1316=ORIENTED_EDGE('',*,*,#992,.F.);
#1317=ORIENTED_EDGE('',*,*,#860,.F.);
#1318=ORIENTED_EDGE('',*,*,#993,.T.);
#1319=ORIENTED_EDGE('',*,*,#987,.F.);
#1320=ORIENTED_EDGE('',*,*,#994,.T.);
#1321=ORIENTED_EDGE('',*,*,#861,.F.);
#1322=ORIENTED_EDGE('',*,*,#992,.T.);
#1323=ORIENTED_EDGE('',*,*,#990,.F.);
#1324=ORIENTED_EDGE('',*,*,#995,.F.);
#1325=ORIENTED_EDGE('',*,*,#862,.F.);
#1326=ORIENTED_EDGE('',*,*,#994,.F.);
#1327=ORIENTED_EDGE('',*,*,#971,.F.);
#1328=ORIENTED_EDGE('',*,*,#962,.F.);
#1329=ORIENTED_EDGE('',*,*,#863,.F.);
#1330=ORIENTED_EDGE('',*,*,#995,.T.);
#1331=ORIENTED_EDGE('',*,*,#969,.F.);
#1332=ORIENTED_EDGE('',*,*,#991,.F.);
#1333=ORIENTED_EDGE('',*,*,#988,.F.);
#1334=ORIENTED_EDGE('',*,*,#985,.F.);
#1335=ORIENTED_EDGE('',*,*,#981,.F.);
#1336=ORIENTED_EDGE('',*,*,#978,.F.);
#1337=ORIENTED_EDGE('',*,*,#975,.F.);
#1338=ORIENTED_EDGE('',*,*,#973,.F.);
#1339=ORIENTED_EDGE('',*,*,#996,.T.);
#1340=ORIENTED_EDGE('',*,*,#997,.T.);
#1341=ORIENTED_EDGE('',*,*,#998,.T.);
#1342=ORIENTED_EDGE('',*,*,#999,.F.);
#1343=ORIENTED_EDGE('',*,*,#1000,.T.);
#1344=ORIENTED_EDGE('',*,*,#1001,.T.);
#1345=ORIENTED_EDGE('',*,*,#1002,.T.);
#1346=ORIENTED_EDGE('',*,*,#997,.F.);
#1347=ORIENTED_EDGE('',*,*,#1003,.T.);
#1348=ORIENTED_EDGE('',*,*,#1004,.T.);
#1349=ORIENTED_EDGE('',*,*,#1005,.T.);
#1350=ORIENTED_EDGE('',*,*,#1001,.F.);
#1351=ORIENTED_EDGE('',*,*,#1006,.T.);
#1352=ORIENTED_EDGE('',*,*,#1004,.F.);
#1353=ORIENTED_EDGE('',*,*,#1007,.T.);
#1354=ORIENTED_EDGE('',*,*,#999,.T.);
#1355=ORIENTED_EDGE('',*,*,#1006,.F.);
#1356=ORIENTED_EDGE('',*,*,#1008,.F.);
#1357=ORIENTED_EDGE('',*,*,#856,.F.);
#1358=ORIENTED_EDGE('',*,*,#1009,.T.);
#1359=ORIENTED_EDGE('',*,*,#998,.F.);
#1360=ORIENTED_EDGE('',*,*,#1010,.F.);
#1361=ORIENTED_EDGE('',*,*,#857,.F.);
#1362=ORIENTED_EDGE('',*,*,#1008,.T.);
#1363=ORIENTED_EDGE('',*,*,#996,.F.);
#1364=ORIENTED_EDGE('',*,*,#1007,.F.);
#1365=ORIENTED_EDGE('',*,*,#1003,.F.);
#1366=ORIENTED_EDGE('',*,*,#1000,.F.);
#1367=ORIENTED_EDGE('',*,*,#1011,.T.);
#1368=ORIENTED_EDGE('',*,*,#1012,.T.);
#1369=ORIENTED_EDGE('',*,*,#967,.T.);
#1370=ORIENTED_EDGE('',*,*,#1013,.F.);
#1371=ORIENTED_EDGE('',*,*,#1014,.T.);
#1372=ORIENTED_EDGE('',*,*,#1015,.T.);
#1373=ORIENTED_EDGE('',*,*,#1016,.T.);
#1374=ORIENTED_EDGE('',*,*,#1012,.F.);
#1375=ORIENTED_EDGE('',*,*,#1017,.T.);
#1376=ORIENTED_EDGE('',*,*,#1018,.T.);
#1377=ORIENTED_EDGE('',*,*,#1019,.T.);
#1378=ORIENTED_EDGE('',*,*,#1015,.F.);
#1379=ORIENTED_EDGE('',*,*,#1020,.T.);
#1380=ORIENTED_EDGE('',*,*,#1021,.T.);
#1381=ORIENTED_EDGE('',*,*,#1022,.T.);
#1382=ORIENTED_EDGE('',*,*,#1018,.F.);
#1383=ORIENTED_EDGE('',*,*,#1023,.T.);
#1384=ORIENTED_EDGE('',*,*,#1024,.T.);
#1385=ORIENTED_EDGE('',*,*,#1025,.T.);
#1386=ORIENTED_EDGE('',*,*,#1021,.F.);
#1387=ORIENTED_EDGE('',*,*,#1026,.T.);
#1388=ORIENTED_EDGE('',*,*,#1024,.F.);
#1389=ORIENTED_EDGE('',*,*,#1027,.T.);
#1390=ORIENTED_EDGE('',*,*,#1028,.T.);
#1391=ORIENTED_EDGE('',*,*,#1029,.T.);
#1392=ORIENTED_EDGE('',*,*,#1028,.F.);
#1393=ORIENTED_EDGE('',*,*,#1030,.T.);
#1394=ORIENTED_EDGE('',*,*,#1031,.T.);
#1395=ORIENTED_EDGE('',*,*,#1032,.T.);
#1396=ORIENTED_EDGE('',*,*,#1031,.F.);
#1397=ORIENTED_EDGE('',*,*,#1033,.T.);
#1398=ORIENTED_EDGE('',*,*,#1013,.T.);
#1399=ORIENTED_EDGE('',*,*,#1026,.F.);
#1400=ORIENTED_EDGE('',*,*,#1034,.F.);
#1401=ORIENTED_EDGE('',*,*,#853,.F.);
#1402=ORIENTED_EDGE('',*,*,#1035,.T.);
#1403=ORIENTED_EDGE('',*,*,#980,.F.);
#1404=ORIENTED_EDGE('',*,*,#1036,.F.);
#1405=ORIENTED_EDGE('',*,*,#858,.F.);
#1406=ORIENTED_EDGE('',*,*,#1010,.T.);
#1407=ORIENTED_EDGE('',*,*,#1002,.F.);
#1408=ORIENTED_EDGE('',*,*,#1037,.F.);
#1409=ORIENTED_EDGE('',*,*,#854,.F.);
#1410=ORIENTED_EDGE('',*,*,#1034,.T.);
#1411=ORIENTED_EDGE('',*,*,#1029,.F.);
#1412=ORIENTED_EDGE('',*,*,#1038,.F.);
#1413=ORIENTED_EDGE('',*,*,#1039,.T.);
#1414=ORIENTED_EDGE('',*,*,#1040,.T.);
#1415=ORIENTED_EDGE('',*,*,#1032,.F.);
#1416=ORIENTED_EDGE('',*,*,#966,.F.);
#1417=ORIENTED_EDGE('',*,*,#1041,.T.);
#1418=ORIENTED_EDGE('',*,*,#1038,.T.);
#1419=ORIENTED_EDGE('',*,*,#1011,.F.);
#1420=ORIENTED_EDGE('',*,*,#1033,.F.);
#1421=ORIENTED_EDGE('',*,*,#1030,.F.);
#1422=ORIENTED_EDGE('',*,*,#1027,.F.);
#1423=ORIENTED_EDGE('',*,*,#1023,.F.);
#1424=ORIENTED_EDGE('',*,*,#1020,.F.);
#1425=ORIENTED_EDGE('',*,*,#1017,.F.);
#1426=ORIENTED_EDGE('',*,*,#1014,.F.);
#1427=ORIENTED_EDGE('',*,*,#921,.F.);
#1428=ORIENTED_EDGE('',*,*,#1042,.T.);
#1429=ORIENTED_EDGE('',*,*,#1043,.F.);
#1430=ORIENTED_EDGE('',*,*,#925,.F.);
#1431=ORIENTED_EDGE('',*,*,#920,.F.);
#1432=ORIENTED_EDGE('',*,*,#924,.T.);
#1433=ORIENTED_EDGE('',*,*,#1044,.F.);
#1434=ORIENTED_EDGE('',*,*,#1042,.F.);
#1435=ORIENTED_EDGE('',*,*,#908,.F.);
#1436=ORIENTED_EDGE('',*,*,#1045,.T.);
#1437=ORIENTED_EDGE('',*,*,#1046,.F.);
#1438=ORIENTED_EDGE('',*,*,#912,.F.);
#1439=ORIENTED_EDGE('',*,*,#907,.F.);
#1440=ORIENTED_EDGE('',*,*,#911,.T.);
#1441=ORIENTED_EDGE('',*,*,#1047,.F.);
#1442=ORIENTED_EDGE('',*,*,#1045,.F.);
#1443=ORIENTED_EDGE('',*,*,#895,.F.);
#1444=ORIENTED_EDGE('',*,*,#1048,.T.);
#1445=ORIENTED_EDGE('',*,*,#1049,.F.);
#1446=ORIENTED_EDGE('',*,*,#899,.F.);
#1447=ORIENTED_EDGE('',*,*,#894,.F.);
#1448=ORIENTED_EDGE('',*,*,#898,.T.);
#1449=ORIENTED_EDGE('',*,*,#1050,.F.);
#1450=ORIENTED_EDGE('',*,*,#1048,.F.);
#1451=ORIENTED_EDGE('',*,*,#846,.F.);
#1452=ORIENTED_EDGE('',*,*,#1051,.T.);
#1453=ORIENTED_EDGE('',*,*,#1052,.F.);
#1454=ORIENTED_EDGE('',*,*,#850,.F.);
#1455=ORIENTED_EDGE('',*,*,#844,.F.);
#1456=ORIENTED_EDGE('',*,*,#849,.T.);
#1457=ORIENTED_EDGE('',*,*,#1053,.F.);
#1458=ORIENTED_EDGE('',*,*,#1051,.F.);
#1459=ORIENTED_EDGE('',*,*,#1025,.F.);
#1460=ORIENTED_EDGE('',*,*,#1035,.F.);
#1461=ORIENTED_EDGE('',*,*,#852,.F.);
#1462=ORIENTED_EDGE('',*,*,#1054,.F.);
#1463=ORIENTED_EDGE('',*,*,#1022,.F.);
#1464=ORIENTED_EDGE('',*,*,#1054,.T.);
#1465=ORIENTED_EDGE('',*,*,#871,.F.);
#1466=ORIENTED_EDGE('',*,*,#1055,.T.);
#1467=ORIENTED_EDGE('',*,*,#1005,.F.);
#1468=ORIENTED_EDGE('',*,*,#1009,.F.);
#1469=ORIENTED_EDGE('',*,*,#855,.F.);
#1470=ORIENTED_EDGE('',*,*,#1037,.T.);
#1471=ORIENTED_EDGE('',*,*,#983,.F.);
#1472=ORIENTED_EDGE('',*,*,#993,.F.);
#1473=ORIENTED_EDGE('',*,*,#859,.F.);
#1474=ORIENTED_EDGE('',*,*,#1036,.T.);
#1475=ORIENTED_EDGE('',*,*,#1019,.F.);
#1476=ORIENTED_EDGE('',*,*,#1055,.F.);
#1477=ORIENTED_EDGE('',*,*,#870,.F.);
#1478=ORIENTED_EDGE('',*,*,#1056,.T.);
#1479=ORIENTED_EDGE('',*,*,#1016,.F.);
#1480=ORIENTED_EDGE('',*,*,#1056,.F.);
#1481=ORIENTED_EDGE('',*,*,#869,.F.);
#1482=ORIENTED_EDGE('',*,*,#968,.T.);
#1483=ORIENTED_EDGE('',*,*,#956,.F.);
#1484=ORIENTED_EDGE('',*,*,#960,.F.);
#1485=ORIENTED_EDGE('',*,*,#866,.F.);
#1486=ORIENTED_EDGE('',*,*,#1057,.T.);
#1487=ORIENTED_EDGE('',*,*,#953,.F.);
#1488=ORIENTED_EDGE('',*,*,#1057,.F.);
#1489=ORIENTED_EDGE('',*,*,#865,.F.);
#1490=ORIENTED_EDGE('',*,*,#961,.T.);
#1491=ORIENTED_EDGE('',*,*,#977,.F.);
#1492=ORIENTED_EDGE('',*,*,#1040,.F.);
#1493=ORIENTED_EDGE('',*,*,#1058,.T.);
#1494=ORIENTED_EDGE('',*,*,#964,.T.);
#1495=ORIENTED_EDGE('',*,*,#1058,.F.);
#1496=ORIENTED_EDGE('',*,*,#1039,.F.);
#1497=ORIENTED_EDGE('',*,*,#1041,.F.);
#1498=ORIENTED_EDGE('',*,*,#965,.F.);
#1499=ORIENTED_EDGE('',*,*,#1053,.T.);
#1500=ORIENTED_EDGE('',*,*,#848,.T.);
#1501=ORIENTED_EDGE('',*,*,#851,.T.);
#1502=ORIENTED_EDGE('',*,*,#1052,.T.);
#1503=ORIENTED_EDGE('',*,*,#1050,.T.);
#1504=ORIENTED_EDGE('',*,*,#897,.T.);
#1505=ORIENTED_EDGE('',*,*,#900,.T.);
#1506=ORIENTED_EDGE('',*,*,#1049,.T.);
#1507=ORIENTED_EDGE('',*,*,#1047,.T.);
#1508=ORIENTED_EDGE('',*,*,#910,.T.);
#1509=ORIENTED_EDGE('',*,*,#913,.T.);
#1510=ORIENTED_EDGE('',*,*,#1046,.T.);
#1511=ORIENTED_EDGE('',*,*,#1044,.T.);
#1512=ORIENTED_EDGE('',*,*,#923,.T.);
#1513=ORIENTED_EDGE('',*,*,#926,.T.);
#1514=ORIENTED_EDGE('',*,*,#1043,.T.);
#1515=ORIENTED_EDGE('',*,*,#931,.T.);
#1516=ORIENTED_EDGE('',*,*,#936,.T.);
#1517=ORIENTED_EDGE('',*,*,#941,.T.);
#1518=ORIENTED_EDGE('',*,*,#946,.T.);
#1519=ORIENTED_EDGE('',*,*,#1059,.T.);
#1520=ORIENTED_EDGE('',*,*,#1060,.T.);
#1521=ORIENTED_EDGE('',*,*,#1061,.T.);
#1522=ORIENTED_EDGE('',*,*,#1062,.T.);
#1523=ORIENTED_EDGE('',*,*,#1063,.T.);
#1524=ORIENTED_EDGE('',*,*,#1064,.T.);
#1525=ORIENTED_EDGE('',*,*,#1065,.T.);
#1526=ORIENTED_EDGE('',*,*,#1066,.T.);
#1527=ORIENTED_EDGE('',*,*,#1067,.T.);
#1528=ORIENTED_EDGE('',*,*,#1064,.F.);
#1529=ORIENTED_EDGE('',*,*,#1068,.F.);
#1530=ORIENTED_EDGE('',*,*,#1062,.F.);
#1531=ORIENTED_EDGE('',*,*,#1069,.T.);
#1532=ORIENTED_EDGE('',*,*,#1065,.F.);
#1533=ORIENTED_EDGE('',*,*,#1067,.F.);
#1534=ORIENTED_EDGE('',*,*,#1061,.F.);
#1535=ORIENTED_EDGE('',*,*,#1070,.T.);
#1536=ORIENTED_EDGE('',*,*,#1066,.F.);
#1537=ORIENTED_EDGE('',*,*,#1069,.F.);
#1538=ORIENTED_EDGE('',*,*,#1060,.F.);
#1539=ORIENTED_EDGE('',*,*,#1068,.T.);
#1540=ORIENTED_EDGE('',*,*,#1063,.F.);
#1541=ORIENTED_EDGE('',*,*,#1070,.F.);
#1542=ORIENTED_EDGE('',*,*,#1059,.F.);
#1543=CYLINDRICAL_SURFACE('',#1710,0.6);
#1544=CYLINDRICAL_SURFACE('',#1717,0.6);
#1545=CYLINDRICAL_SURFACE('',#1722,2.);
#1546=CYLINDRICAL_SURFACE('',#1736,0.6);
#1547=CYLINDRICAL_SURFACE('',#1742,0.6);
#1548=CYLINDRICAL_SURFACE('',#1746,2.);
#1549=CYLINDRICAL_SURFACE('',#1749,0.6);
#1550=CYLINDRICAL_SURFACE('',#1755,0.6);
#1551=CYLINDRICAL_SURFACE('',#1759,2.);
#1552=CYLINDRICAL_SURFACE('',#1762,0.6);
#1553=CYLINDRICAL_SURFACE('',#1768,0.6);
#1554=CYLINDRICAL_SURFACE('',#1772,2.);
#1555=CYLINDRICAL_SURFACE('',#1779,1.6);
#1556=CYLINDRICAL_SURFACE('',#1785,1.6);
#1557=CYLINDRICAL_SURFACE('',#1791,1.6);
#1558=CYLINDRICAL_SURFACE('',#1797,1.6);
#1559=CYLINDRICAL_SURFACE('',#1799,1.);
#1560=CYLINDRICAL_SURFACE('',#1802,1.);
#1561=CYLINDRICAL_SURFACE('',#1804,1.);
#1562=CYLINDRICAL_SURFACE('',#1806,1.);
#1563=CYLINDRICAL_SURFACE('',#1810,1.);
#1564=CYLINDRICAL_SURFACE('',#1813,1.);
#1565=CYLINDRICAL_SURFACE('',#1815,1.);
#1566=CYLINDRICAL_SURFACE('',#1817,1.);
#1567=CYLINDRICAL_SURFACE('',#1819,1.);
#1568=CYLINDRICAL_SURFACE('',#1821,1.);
#1569=CYLINDRICAL_SURFACE('',#1823,1.);
#1570=CYLINDRICAL_SURFACE('',#1825,1.);
#1571=CYLINDRICAL_SURFACE('',#1831,1.);
#1572=CYLINDRICAL_SURFACE('',#1834,1.);
#1573=CYLINDRICAL_SURFACE('',#1836,1.);
#1574=CYLINDRICAL_SURFACE('',#1838,1.);
#1575=CYLINDRICAL_SURFACE('',#1842,1.);
#1576=CYLINDRICAL_SURFACE('',#1845,1.);
#1577=CYLINDRICAL_SURFACE('',#1847,1.);
#1578=CYLINDRICAL_SURFACE('',#1849,1.);
#1579=CYLINDRICAL_SURFACE('',#1851,1.);
#1580=CYLINDRICAL_SURFACE('',#1853,1.);
#1581=CYLINDRICAL_SURFACE('',#1855,1.);
#1582=CYLINDRICAL_SURFACE('',#1857,1.);
#1583=CYLINDRICAL_SURFACE('',#1862,2.);
#1584=CYLINDRICAL_SURFACE('',#1865,2.);
#1585=CYLINDRICAL_SURFACE('',#1868,2.);
#1586=CYLINDRICAL_SURFACE('',#1871,2.);
#1587=ADVANCED_FACE('',(#119),#1543,.T.);
#1588=ADVANCED_FACE('',(#120),#107,.T.);
#1589=ADVANCED_FACE('',(#121),#1544,.T.);
#1590=ADVANCED_FACE('',(#122),#108,.T.);
#1591=ADVANCED_FACE('',(#123),#1545,.F.);
#1592=ADVANCED_FACE('',(#124),#67,.F.);
#1593=ADVANCED_FACE('',(#125,#51,#52,#53,#54,#55,#56,#57,#58),#68,.T.);
#1594=ADVANCED_FACE('',(#126),#1546,.T.);
#1595=ADVANCED_FACE('',(#127),#109,.T.);
#1596=ADVANCED_FACE('',(#128),#1547,.T.);
#1597=ADVANCED_FACE('',(#129),#110,.T.);
#1598=ADVANCED_FACE('',(#130),#1548,.F.);
#1599=ADVANCED_FACE('',(#131),#69,.F.);
#1600=ADVANCED_FACE('',(#132),#1549,.T.);
#1601=ADVANCED_FACE('',(#133),#111,.T.);
#1602=ADVANCED_FACE('',(#134),#1550,.T.);
#1603=ADVANCED_FACE('',(#135),#112,.T.);
#1604=ADVANCED_FACE('',(#136),#1551,.F.);
#1605=ADVANCED_FACE('',(#137),#70,.F.);
#1606=ADVANCED_FACE('',(#138),#1552,.T.);
#1607=ADVANCED_FACE('',(#139),#113,.T.);
#1608=ADVANCED_FACE('',(#140),#1553,.T.);
#1609=ADVANCED_FACE('',(#141),#114,.T.);
#1610=ADVANCED_FACE('',(#142),#1554,.F.);
#1611=ADVANCED_FACE('',(#143),#71,.F.);
#1612=ADVANCED_FACE('',(#144),#115,.T.);
#1613=ADVANCED_FACE('',(#145),#1555,.F.);
#1614=ADVANCED_FACE('',(#146),#116,.T.);
#1615=ADVANCED_FACE('',(#147),#1556,.F.);
#1616=ADVANCED_FACE('',(#148),#117,.T.);
#1617=ADVANCED_FACE('',(#149),#1557,.F.);
#1618=ADVANCED_FACE('',(#150),#118,.T.);
#1619=ADVANCED_FACE('',(#151),#1558,.F.);
#1620=ADVANCED_FACE('',(#152),#1559,.T.);
#1621=ADVANCED_FACE('',(#153),#1560,.T.);
#1622=ADVANCED_FACE('',(#154),#1561,.T.);
#1623=ADVANCED_FACE('',(#155),#1562,.T.);
#1624=ADVANCED_FACE('',(#156),#72,.T.);
#1625=ADVANCED_FACE('',(#157),#73,.T.);
#1626=ADVANCED_FACE('',(#158),#74,.T.);
#1627=ADVANCED_FACE('',(#159),#1563,.T.);
#1628=ADVANCED_FACE('',(#160),#1564,.T.);
#1629=ADVANCED_FACE('',(#161),#1565,.T.);
#1630=ADVANCED_FACE('',(#162),#1566,.T.);
#1631=ADVANCED_FACE('',(#163),#1567,.T.);
#1632=ADVANCED_FACE('',(#164),#1568,.T.);
#1633=ADVANCED_FACE('',(#165),#1569,.T.);
#1634=ADVANCED_FACE('',(#166),#1570,.T.);
#1635=ADVANCED_FACE('',(#167),#75,.T.);
#1636=ADVANCED_FACE('',(#168),#76,.T.);
#1637=ADVANCED_FACE('',(#169),#77,.T.);
#1638=ADVANCED_FACE('',(#170),#78,.T.);
#1639=ADVANCED_FACE('',(#171),#79,.T.);
#1640=ADVANCED_FACE('',(#172),#1571,.T.);
#1641=ADVANCED_FACE('',(#173),#1572,.T.);
#1642=ADVANCED_FACE('',(#174),#1573,.T.);
#1643=ADVANCED_FACE('',(#175),#1574,.T.);
#1644=ADVANCED_FACE('',(#176),#80,.T.);
#1645=ADVANCED_FACE('',(#177),#81,.T.);
#1646=ADVANCED_FACE('',(#178),#82,.T.);
#1647=ADVANCED_FACE('',(#179),#1575,.T.);
#1648=ADVANCED_FACE('',(#180),#1576,.T.);
#1649=ADVANCED_FACE('',(#181),#1577,.T.);
#1650=ADVANCED_FACE('',(#182),#1578,.T.);
#1651=ADVANCED_FACE('',(#183),#1579,.T.);
#1652=ADVANCED_FACE('',(#184),#1580,.T.);
#1653=ADVANCED_FACE('',(#185),#1581,.T.);
#1654=ADVANCED_FACE('',(#186),#1582,.T.);
#1655=ADVANCED_FACE('',(#187),#83,.T.);
#1656=ADVANCED_FACE('',(#188),#84,.T.);
#1657=ADVANCED_FACE('',(#189),#85,.T.);
#1658=ADVANCED_FACE('',(#190),#86,.T.);
#1659=ADVANCED_FACE('',(#191),#1583,.F.);
#1660=ADVANCED_FACE('',(#192),#87,.F.);
#1661=ADVANCED_FACE('',(#193),#1584,.F.);
#1662=ADVANCED_FACE('',(#194),#88,.F.);
#1663=ADVANCED_FACE('',(#195),#1585,.F.);
#1664=ADVANCED_FACE('',(#196),#89,.F.);
#1665=ADVANCED_FACE('',(#197),#1586,.F.);
#1666=ADVANCED_FACE('',(#198),#90,.F.);
#1667=ADVANCED_FACE('',(#199),#91,.T.);
#1668=ADVANCED_FACE('',(#200),#92,.T.);
#1669=ADVANCED_FACE('',(#201),#93,.T.);
#1670=ADVANCED_FACE('',(#202),#94,.T.);
#1671=ADVANCED_FACE('',(#203),#95,.T.);
#1672=ADVANCED_FACE('',(#204),#96,.T.);
#1673=ADVANCED_FACE('',(#205),#97,.T.);
#1674=ADVANCED_FACE('',(#206),#98,.T.);
#1675=ADVANCED_FACE('',(#207),#99,.T.);
#1676=ADVANCED_FACE('',(#208,#59,#60,#61,#62,#63,#64,#65,#66),#100,.F.);
#1677=ADVANCED_FACE('',(#209),#101,.T.);
#1678=ADVANCED_FACE('',(#210),#102,.F.);
#1679=ADVANCED_FACE('',(#211),#103,.F.);
#1680=ADVANCED_FACE('',(#212),#104,.F.);
#1681=ADVANCED_FACE('',(#213),#105,.F.);
#1682=ADVANCED_FACE('',(#214),#106,.F.);
#1683=CLOSED_SHELL('',(#1587,#1588,#1589,#1590,#1591,#1592,#1593,#1594,
#1595,#1596,#1597,#1598,#1599,#1600,#1601,#1602,#1603,#1604,#1605,#1606,
#1607,#1608,#1609,#1610,#1611,#1612,#1613,#1614,#1615,#1616,#1617,#1618,
#1619,#1620,#1621,#1622,#1623,#1624,#1625,#1626,#1627,#1628,#1629,#1630,
#1631,#1632,#1633,#1634,#1635,#1636,#1637,#1638,#1639,#1640,#1641,#1642,
#1643,#1644,#1645,#1646,#1647,#1648,#1649,#1650,#1651,#1652,#1653,#1654,
#1655,#1656,#1657,#1658,#1659,#1660,#1661,#1662,#1663,#1664,#1665,#1666,
#1667,#1668,#1669,#1670,#1671,#1672,#1673,#1674,#1675,#1676));
#1684=CLOSED_SHELL('',(#1677,#1678,#1679,#1680,#1681,#1682));
#1685=DERIVED_UNIT_ELEMENT(#1689,1.);
#1686=DERIVED_UNIT_ELEMENT(#2905,-3.);
#1687=DERIVED_UNIT_ELEMENT(#1689,1.);
#1688=DERIVED_UNIT_ELEMENT(#2905,-3.);
#1689=(
MASS_UNIT()
NAMED_UNIT(*)
SI_UNIT(.KILO.,.GRAM.)
);
#1690=DERIVED_UNIT((#1685,#1686));
#1691=DERIVED_UNIT((#1687,#1688));
#1692=MEASURE_REPRESENTATION_ITEM('density measure',
POSITIVE_RATIO_MEASURE(7850.),#1690);
#1693=MEASURE_REPRESENTATION_ITEM('density measure',
POSITIVE_RATIO_MEASURE(7850.),#1691);
#1694=PROPERTY_DEFINITION_REPRESENTATION(#1704,#1698);
#1695=PROPERTY_DEFINITION_REPRESENTATION(#1705,#1699);
#1696=PROPERTY_DEFINITION_REPRESENTATION(#1706,#1700);
#1697=PROPERTY_DEFINITION_REPRESENTATION(#1707,#1701);
#1698=REPRESENTATION('material name',(#1702),#2901);
#1699=REPRESENTATION('density',(#1692),#2901);
#1700=REPRESENTATION('material name',(#1703),#2902);
#1701=REPRESENTATION('density',(#1693),#2902);
#1702=DESCRIPTIVE_REPRESENTATION_ITEM('\X2\94A2\X0\','\X2\94A2\X0\');
#1703=DESCRIPTIVE_REPRESENTATION_ITEM('\X2\94A2\X0\','\X2\94A2\X0\');
#1704=PROPERTY_DEFINITION('material property','material name',#2921);
#1705=PROPERTY_DEFINITION('material property','density of part',#2921);
#1706=PROPERTY_DEFINITION('material property','material name',#2922);
#1707=PROPERTY_DEFINITION('material property','density of part',#2922);
#1708=AXIS2_PLACEMENT_3D('',#2415,#1893,#1894);
#1709=AXIS2_PLACEMENT_3D('',#2416,#1895,#1896);
#1710=AXIS2_PLACEMENT_3D('',#2417,#1897,#1898);
#1711=AXIS2_PLACEMENT_3D('',#2420,#1899,#1900);
#1712=AXIS2_PLACEMENT_3D('',#2424,#1902,#1903);
#1713=AXIS2_PLACEMENT_3D('',#2426,#1905,#1906);
#1714=AXIS2_PLACEMENT_3D('',#2429,#1907,#1908);
#1715=AXIS2_PLACEMENT_3D('',#2430,#1909,#1910);
#1716=AXIS2_PLACEMENT_3D('',#2431,#1911,#1912);
#1717=AXIS2_PLACEMENT_3D('',#2432,#1913,#1914);
#1718=AXIS2_PLACEMENT_3D('',#2435,#1915,#1916);
#1719=AXIS2_PLACEMENT_3D('',#2438,#1919,#1920);
#1720=AXIS2_PLACEMENT_3D('',#2439,#1921,#1922);
#1721=AXIS2_PLACEMENT_3D('',#2440,#1923,#1924);
#1722=AXIS2_PLACEMENT_3D('',#2441,#1925,#1926);
#1723=AXIS2_PLACEMENT_3D('',#2445,#1928,#1929);
#1724=AXIS2_PLACEMENT_3D('',#2447,#1931,#1932);
#1725=AXIS2_PLACEMENT_3D('',#2451,#1935,#1936);
#1726=AXIS2_PLACEMENT_3D('',#2496,#1958,#1959);
#1727=AXIS2_PLACEMENT_3D('',#2499,#1961,#1962);
#1728=AXIS2_PLACEMENT_3D('',#2504,#1964,#1965);
#1729=AXIS2_PLACEMENT_3D('',#2507,#1967,#1968);
#1730=AXIS2_PLACEMENT_3D('',#2509,#1969,#1970);
#1731=AXIS2_PLACEMENT_3D('',#2511,#1971,#1972);
#1732=AXIS2_PLACEMENT_3D('',#2513,#1973,#1974);
#1733=AXIS2_PLACEMENT_3D('',#2515,#1975,#1976);
#1734=AXIS2_PLACEMENT_3D('',#2520,#1978,#1979);
#1735=AXIS2_PLACEMENT_3D('',#2523,#1981,#1982);
#1736=AXIS2_PLACEMENT_3D('',#2524,#1983,#1984);
#1737=AXIS2_PLACEMENT_3D('',#2526,#1985,#1986);
#1738=AXIS2_PLACEMENT_3D('',#2529,#1988,#1989);
#1739=AXIS2_PLACEMENT_3D('',#2530,#1990,#1991);
#1740=AXIS2_PLACEMENT_3D('',#2532,#1992,#1993);
#1741=AXIS2_PLACEMENT_3D('',#2533,#1994,#1995);
#1742=AXIS2_PLACEMENT_3D('',#2534,#1996,#1997);
#1743=AXIS2_PLACEMENT_3D('',#2536,#1998,#1999);
#1744=AXIS2_PLACEMENT_3D('',#2538,#2001,#2002);
#1745=AXIS2_PLACEMENT_3D('',#2539,#2003,#2004);
#1746=AXIS2_PLACEMENT_3D('',#2540,#2005,#2006);
#1747=AXIS2_PLACEMENT_3D('',#2544,#2008,#2009);
#1748=AXIS2_PLACEMENT_3D('',#2546,#2011,#2012);
#1749=AXIS2_PLACEMENT_3D('',#2550,#2015,#2016);
#1750=AXIS2_PLACEMENT_3D('',#2552,#2017,#2018);
#1751=AXIS2_PLACEMENT_3D('',#2555,#2020,#2021);
#1752=AXIS2_PLACEMENT_3D('',#2556,#2022,#2023);
#1753=AXIS2_PLACEMENT_3D('',#2558,#2024,#2025);
#1754=AXIS2_PLACEMENT_3D('',#2559,#2026,#2027);
#1755=AXIS2_PLACEMENT_3D('',#2560,#2028,#2029);
#1756=AXIS2_PLACEMENT_3D('',#2562,#2030,#2031);
#1757=AXIS2_PLACEMENT_3D('',#2564,#2033,#2034);
#1758=AXIS2_PLACEMENT_3D('',#2565,#2035,#2036);
#1759=AXIS2_PLACEMENT_3D('',#2566,#2037,#2038);
#1760=AXIS2_PLACEMENT_3D('',#2570,#2040,#2041);
#1761=AXIS2_PLACEMENT_3D('',#2572,#2043,#2044);
#1762=AXIS2_PLACEMENT_3D('',#2576,#2047,#2048);
#1763=AXIS2_PLACEMENT_3D('',#2578,#2049,#2050);
#1764=AXIS2_PLACEMENT_3D('',#2581,#2052,#2053);
#1765=AXIS2_PLACEMENT_3D('',#2582,#2054,#2055);
#1766=AXIS2_PLACEMENT_3D('',#2584,#2056,#2057);
#1767=AXIS2_PLACEMENT_3D('',#2585,#2058,#2059);
#1768=AXIS2_PLACEMENT_3D('',#2586,#2060,#2061);
#1769=AXIS2_PLACEMENT_3D('',#2588,#2062,#2063);
#1770=AXIS2_PLACEMENT_3D('',#2590,#2065,#2066);
#1771=AXIS2_PLACEMENT_3D('',#2591,#2067,#2068);
#1772=AXIS2_PLACEMENT_3D('',#2592,#2069,#2070);
#1773=AXIS2_PLACEMENT_3D('',#2596,#2072,#2073);
#1774=AXIS2_PLACEMENT_3D('',#2598,#2075,#2076);
#1775=AXIS2_PLACEMENT_3D('',#2602,#2079,#2080);
#1776=AXIS2_PLACEMENT_3D('',#2604,#2081,#2082);
#1777=AXIS2_PLACEMENT_3D('',#2606,#2083,#2084);
#1778=AXIS2_PLACEMENT_3D('',#2607,#2085,#2086);
#1779=AXIS2_PLACEMENT_3D('',#2608,#2087,#2088);
#1780=AXIS2_PLACEMENT_3D('',#2611,#2090,#2091);
#1781=AXIS2_PLACEMENT_3D('',#2612,#2092,#2093);
#1782=AXIS2_PLACEMENT_3D('',#2614,#2094,#2095);
#1783=AXIS2_PLACEMENT_3D('',#2616,#2096,#2097);
#1784=AXIS2_PLACEMENT_3D('',#2617,#2098,#2099);
#1785=AXIS2_PLACEMENT_3D('',#2618,#2100,#2101);
#1786=AXIS2_PLACEMENT_3D('',#2621,#2103,#2104);
#1787=AXIS2_PLACEMENT_3D('',#2622,#2105,#2106);
#1788=AXIS2_PLACEMENT_3D('',#2624,#2107,#2108);
#1789=AXIS2_PLACEMENT_3D('',#2626,#2109,#2110);
#1790=AXIS2_PLACEMENT_3D('',#2627,#2111,#2112);
#1791=AXIS2_PLACEMENT_3D('',#2628,#2113,#2114);
#1792=AXIS2_PLACEMENT_3D('',#2631,#2116,#2117);
#1793=AXIS2_PLACEMENT_3D('',#2632,#2118,#2119);
#1794=AXIS2_PLACEMENT_3D('',#2634,#2120,#2121);
#1795=AXIS2_PLACEMENT_3D('',#2636,#2122,#2123);
#1796=AXIS2_PLACEMENT_3D('',#2637,#2124,#2125);
#1797=AXIS2_PLACEMENT_3D('',#2638,#2126,#2127);
#1798=AXIS2_PLACEMENT_3D('',#2641,#2129,#2130);
#1799=AXIS2_PLACEMENT_3D('',#2642,#2131,#2132);
#1800=AXIS2_PLACEMENT_3D('',#2647,#2134,#2135);
#1801=AXIS2_PLACEMENT_3D('',#2650,#2137,#2138);
#1802=AXIS2_PLACEMENT_3D('',#2651,#2139,#2140);
#1803=AXIS2_PLACEMENT_3D('',#2655,#2142,#2143);
#1804=AXIS2_PLACEMENT_3D('',#2657,#2145,#2146);
#1805=AXIS2_PLACEMENT_3D('',#2661,#2148,#2149);
#1806=AXIS2_PLACEMENT_3D('',#2663,#2151,#2152);
#1807=AXIS2_PLACEMENT_3D('',#2666,#2155,#2156);
#1808=AXIS2_PLACEMENT_3D('',#2669,#2159,#2160);
#1809=AXIS2_PLACEMENT_3D('',#2684,#2169,#2170);
#1810=AXIS2_PLACEMENT_3D('',#2685,#2171,#2172);
#1811=AXIS2_PLACEMENT_3D('',#2689,#2174,#2175);
#1812=AXIS2_PLACEMENT_3D('',#2692,#2177,#2178);
#1813=AXIS2_PLACEMENT_3D('',#2693,#2179,#2180);
#1814=AXIS2_PLACEMENT_3D('',#2696,#2182,#2183);
#1815=AXIS2_PLACEMENT_3D('',#2697,#2184,#2185);
#1816=AXIS2_PLACEMENT_3D('',#2701,#2187,#2188);
#1817=AXIS2_PLACEMENT_3D('',#2703,#2190,#2191);
#1818=AXIS2_PLACEMENT_3D('',#2707,#2193,#2194);
#1819=AXIS2_PLACEMENT_3D('',#2709,#2196,#2197);
#1820=AXIS2_PLACEMENT_3D('',#2713,#2199,#2200);
#1821=AXIS2_PLACEMENT_3D('',#2715,#2202,#2203);
#1822=AXIS2_PLACEMENT_3D('',#2720,#2206,#2207);
#1823=AXIS2_PLACEMENT_3D('',#2721,#2208,#2209);
#1824=AXIS2_PLACEMENT_3D('',#2726,#2212,#2213);
#1825=AXIS2_PLACEMENT_3D('',#2727,#2214,#2215);
#1826=AXIS2_PLACEMENT_3D('',#2730,#2218,#2219);
#1827=AXIS2_PLACEMENT_3D('',#2733,#2222,#2223);
#1828=AXIS2_PLACEMENT_3D('',#2735,#2225,#2226);
#1829=AXIS2_PLACEMENT_3D('',#2737,#2228,#2229);
#1830=AXIS2_PLACEMENT_3D('',#2738,#2230,#2231);
#1831=AXIS2_PLACEMENT_3D('',#2739,#2232,#2233);
#1832=AXIS2_PLACEMENT_3D('',#2744,#2235,#2236);
#1833=AXIS2_PLACEMENT_3D('',#2747,#2238,#2239);
#1834=AXIS2_PLACEMENT_3D('',#2748,#2240,#2241);
#1835=AXIS2_PLACEMENT_3D('',#2752,#2243,#2244);
#1836=AXIS2_PLACEMENT_3D('',#2754,#2246,#2247);
#1837=AXIS2_PLACEMENT_3D('',#2758,#2249,#2250);
#1838=AXIS2_PLACEMENT_3D('',#2760,#2252,#2253);
#1839=AXIS2_PLACEMENT_3D('',#2763,#2256,#2257);
#1840=AXIS2_PLACEMENT_3D('',#2766,#2260,#2261);
#1841=AXIS2_PLACEMENT_3D('',#2768,#2263,#2264);
#1842=AXIS2_PLACEMENT_3D('',#2769,#2265,#2266);
#1843=AXIS2_PLACEMENT_3D('',#2773,#2268,#2269);
#1844=AXIS2_PLACEMENT_3D('',#2774,#2270,#2271);
#1845=AXIS2_PLACEMENT_3D('',#2775,#2272,#2273);
#1846=AXIS2_PLACEMENT_3D('',#2779,#2275,#2276);
#1847=AXIS2_PLACEMENT_3D('',#2781,#2278,#2279);
#1848=AXIS2_PLACEMENT_3D('',#2785,#2281,#2282);
#1849=AXIS2_PLACEMENT_3D('',#2787,#2284,#2285);
#1850=AXIS2_PLACEMENT_3D('',#2791,#2287,#2288);
#1851=AXIS2_PLACEMENT_3D('',#2793,#2290,#2291);
#1852=AXIS2_PLACEMENT_3D('',#2797,#2293,#2294);
#1853=AXIS2_PLACEMENT_3D('',#2799,#2296,#2297);
#1854=AXIS2_PLACEMENT_3D('',#2804,#2300,#2301);
#1855=AXIS2_PLACEMENT_3D('',#2805,#2302,#2303);
#1856=AXIS2_PLACEMENT_3D('',#2810,#2306,#2307);
#1857=AXIS2_PLACEMENT_3D('',#2811,#2308,#2309);
#1858=AXIS2_PLACEMENT_3D('',#2814,#2312,#2313);
#1859=AXIS2_PLACEMENT_3D('',#2817,#2316,#2317);
#1860=AXIS2_PLACEMENT_3D('',#2825,#2323,#2324);
#1861=AXIS2_PLACEMENT_3D('',#2827,#2326,#2327);
#1862=AXIS2_PLACEMENT_3D('',#2828,#2328,#2329);
#1863=AXIS2_PLACEMENT_3D('',#2831,#2331,#2332);
#1864=AXIS2_PLACEMENT_3D('',#2832,#2333,#2334);
#1865=AXIS2_PLACEMENT_3D('',#2834,#2336,#2337);
#1866=AXIS2_PLACEMENT_3D('',#2837,#2339,#2340);
#1867=AXIS2_PLACEMENT_3D('',#2838,#2341,#2342);
#1868=AXIS2_PLACEMENT_3D('',#2840,#2344,#2345);
#1869=AXIS2_PLACEMENT_3D('',#2843,#2347,#2348);
#1870=AXIS2_PLACEMENT_3D('',#2844,#2349,#2350);
#1871=AXIS2_PLACEMENT_3D('',#2846,#2352,#2353);
#1872=AXIS2_PLACEMENT_3D('',#2849,#2355,#2356);
#1873=AXIS2_PLACEMENT_3D('',#2850,#2357,#2358);
#1874=AXIS2_PLACEMENT_3D('',#2852,#2360,#2361);
#1875=AXIS2_PLACEMENT_3D('',#2854,#2363,#2364);
#1876=AXIS2_PLACEMENT_3D('',#2856,#2366,#2367);
#1877=AXIS2_PLACEMENT_3D('',#2857,#2368,#2369);
#1878=AXIS2_PLACEMENT_3D('',#2858,#2370,#2371);
#1879=AXIS2_PLACEMENT_3D('',#2860,#2373,#2374);
#1880=AXIS2_PLACEMENT_3D('',#2861,#2375,#2376);
#1881=AXIS2_PLACEMENT_3D('',#2863,#2378,#2379);
#1882=AXIS2_PLACEMENT_3D('',#2864,#2380,#2381);
#1883=AXIS2_PLACEMENT_3D('',#2866,#2383,#2384);
#1884=AXIS2_PLACEMENT_3D('',#2867,#2385,#2386);
#1885=AXIS2_PLACEMENT_3D('',#2868,#2387,#2388);
#1886=AXIS2_PLACEMENT_3D('',#2877,#2393,#2394);
#1887=AXIS2_PLACEMENT_3D('',#2886,#2399,#2400);
#1888=AXIS2_PLACEMENT_3D('',#2889,#2403,#2404);
#1889=AXIS2_PLACEMENT_3D('',#2891,#2406,#2407);
#1890=AXIS2_PLACEMENT_3D('',#2893,#2409,#2410);
#1891=AXIS2_PLACEMENT_3D('',#2894,#2411,#2412);
#1892=AXIS2_PLACEMENT_3D('',#2895,#2413,#2414);
#1893=DIRECTION('axis',(0.,0.,1.));
#1894=DIRECTION('refdir',(1.,0.,0.));
#1895=DIRECTION('axis',(0.,0.,1.));
#1896=DIRECTION('refdir',(1.,0.,0.));
#1897=DIRECTION('center_axis',(-1.,0.,0.));
#1898=DIRECTION('ref_axis',(0.,0.70710678118655,0.707106781186545));
#1899=DIRECTION('center_axis',(-1.,0.,0.));
#1900=DIRECTION('ref_axis',(0.,0.,1.));
#1901=DIRECTION('',(-1.,0.,0.));
#1902=DIRECTION('center_axis',(1.,0.,0.));
#1903=DIRECTION('ref_axis',(0.,1.,0.));
#1904=DIRECTION('',(1.,0.,0.));
#1905=DIRECTION('center_axis',(0.,0.,-1.));
#1906=DIRECTION('ref_axis',(-1.,0.,0.));
#1907=DIRECTION('center_axis',(-1.,0.,0.));
#1908=DIRECTION('ref_axis',(0.,-1.,0.));
#1909=DIRECTION('center_axis',(0.,0.,1.));
#1910=DIRECTION('ref_axis',(-1.,0.,0.));
#1911=DIRECTION('center_axis',(0.,0.,-1.));
#1912=DIRECTION('ref_axis',(-1.,0.,0.));
#1913=DIRECTION('center_axis',(1.,0.,0.));
#1914=DIRECTION('ref_axis',(0.,-0.707106781186545,0.70710678118655));
#1915=DIRECTION('center_axis',(-1.,0.,0.));
#1916=DIRECTION('ref_axis',(0.,-1.,0.));
#1917=DIRECTION('',(-1.,0.,0.));
#1918=DIRECTION('',(1.,0.,0.));
#1919=DIRECTION('center_axis',(0.,0.,-1.));
#1920=DIRECTION('ref_axis',(1.,0.,0.));
#1921=DIRECTION('center_axis',(0.,0.,1.));
#1922=DIRECTION('ref_axis',(1.,0.,0.));
#1923=DIRECTION('center_axis',(0.,0.,-1.));
#1924=DIRECTION('ref_axis',(1.,0.,0.));
#1925=DIRECTION('center_axis',(0.,0.,-1.));
#1926=DIRECTION('ref_axis',(0.,1.,0.));
#1927=DIRECTION('',(0.,0.,-1.));
#1928=DIRECTION('center_axis',(0.,0.,1.));
#1929=DIRECTION('ref_axis',(0.,1.,0.));
#1930=DIRECTION('',(0.,0.,-1.));
#1931=DIRECTION('center_axis',(0.,-1.,0.));
#1932=DIRECTION('ref_axis',(-1.,0.,0.));
#1933=DIRECTION('',(0.,0.,-1.));
#1934=DIRECTION('',(1.,0.,0.));
#1935=DIRECTION('center_axis',(0.,0.,1.));
#1936=DIRECTION('ref_axis',(1.,0.,0.));
#1937=DIRECTION('',(-1.,0.,0.));
#1938=DIRECTION('',(0.,1.,0.));
#1939=DIRECTION('',(-1.,0.,0.));
#1940=DIRECTION('',(0.,-1.,0.));
#1941=DIRECTION('',(-1.,0.,0.));
#1942=DIRECTION('',(0.,1.,0.));
#1943=DIRECTION('',(-1.,0.,0.));
#1944=DIRECTION('',(0.,-1.,0.));
#1945=DIRECTION('',(-1.,0.,0.));
#1946=DIRECTION('',(0.,-1.,0.));
#1947=DIRECTION('',(1.,0.,0.));
#1948=DIRECTION('',(0.,-1.,0.));
#1949=DIRECTION('',(1.,0.,0.));
#1950=DIRECTION('',(0.,1.,0.));
#1951=DIRECTION('',(1.,0.,0.));
#1952=DIRECTION('',(0.,-1.,0.));
#1953=DIRECTION('',(1.,0.,0.));
#1954=DIRECTION('',(0.,1.,0.));
#1955=DIRECTION('',(1.,0.,0.));
#1956=DIRECTION('',(0.,1.,0.));
#1957=DIRECTION('',(1.,0.,0.));
#1958=DIRECTION('center_axis',(0.,0.,1.));
#1959=DIRECTION('ref_axis',(-1.,0.,0.));
#1960=DIRECTION('',(-1.,0.,0.));
#1961=DIRECTION('center_axis',(0.,0.,1.));
#1962=DIRECTION('ref_axis',(1.,0.,0.));
#1963=DIRECTION('',(1.,0.,0.));
#1964=DIRECTION('center_axis',(0.,0.,1.));
#1965=DIRECTION('ref_axis',(-1.,0.,0.));
#1966=DIRECTION('',(-1.,0.,0.));
#1967=DIRECTION('center_axis',(0.,0.,1.));
#1968=DIRECTION('ref_axis',(1.,0.,0.));
#1969=DIRECTION('center_axis',(0.,0.,1.));
#1970=DIRECTION('ref_axis',(1.,0.,0.));
#1971=DIRECTION('center_axis',(0.,0.,1.));
#1972=DIRECTION('ref_axis',(1.,0.,0.));
#1973=DIRECTION('center_axis',(0.,0.,1.));
#1974=DIRECTION('ref_axis',(1.,0.,0.));
#1975=DIRECTION('center_axis',(0.,0.,1.));
#1976=DIRECTION('ref_axis',(1.,0.,0.));
#1977=DIRECTION('',(1.,0.,0.));
#1978=DIRECTION('center_axis',(0.,0.,1.));
#1979=DIRECTION('ref_axis',(-1.,0.,0.));
#1980=DIRECTION('',(-1.,0.,0.));
#1981=DIRECTION('center_axis',(0.,0.,1.));
#1982=DIRECTION('ref_axis',(1.,0.,0.));
#1983=DIRECTION('center_axis',(-1.,0.,0.));
#1984=DIRECTION('ref_axis',(0.,0.707106781186545,0.70710678118655));
#1985=DIRECTION('center_axis',(-1.,0.,0.));
#1986=DIRECTION('ref_axis',(0.,0.,1.));
#1987=DIRECTION('',(-1.,0.,0.));
#1988=DIRECTION('center_axis',(1.,0.,0.));
#1989=DIRECTION('ref_axis',(0.,1.,0.));
#1990=DIRECTION('center_axis',(0.,0.,-1.));
#1991=DIRECTION('ref_axis',(-1.,0.,0.));
#1992=DIRECTION('center_axis',(-1.,0.,0.));
#1993=DIRECTION('ref_axis',(0.,-1.,0.));
#1994=DIRECTION('center_axis',(0.,0.,-1.));
#1995=DIRECTION('ref_axis',(-1.,0.,0.));
#1996=DIRECTION('center_axis',(1.,0.,0.));
#1997=DIRECTION('ref_axis',(0.,-0.70710678118655,0.707106781186545));
#1998=DIRECTION('center_axis',(-1.,0.,0.));
#1999=DIRECTION('ref_axis',(0.,-1.,0.));
#2000=DIRECTION('',(1.,0.,0.));
#2001=DIRECTION('center_axis',(0.,0.,-1.));
#2002=DIRECTION('ref_axis',(1.,0.,0.));
#2003=DIRECTION('center_axis',(0.,0.,-1.));
#2004=DIRECTION('ref_axis',(1.,0.,0.));
#2005=DIRECTION('center_axis',(0.,0.,-1.));
#2006=DIRECTION('ref_axis',(0.,1.,0.));
#2007=DIRECTION('',(0.,0.,-1.));
#2008=DIRECTION('center_axis',(0.,0.,1.));
#2009=DIRECTION('ref_axis',(0.,1.,0.));
#2010=DIRECTION('',(0.,0.,-1.));
#2011=DIRECTION('center_axis',(0.,-1.,0.));
#2012=DIRECTION('ref_axis',(-1.,0.,0.));
#2013=DIRECTION('',(0.,0.,-1.));
#2014=DIRECTION('',(1.,0.,0.));
#2015=DIRECTION('center_axis',(-1.,0.,0.));
#2016=DIRECTION('ref_axis',(0.,0.70710678118655,0.707106781186545));
#2017=DIRECTION('center_axis',(-1.,0.,0.));
#2018=DIRECTION('ref_axis',(0.,0.,1.));
#2019=DIRECTION('',(-1.,0.,0.));
#2020=DIRECTION('center_axis',(1.,0.,0.));
#2021=DIRECTION('ref_axis',(0.,1.,0.));
#2022=DIRECTION('center_axis',(0.,0.,-1.));
#2023=DIRECTION('ref_axis',(-1.,0.,0.));
#2024=DIRECTION('center_axis',(-1.,0.,0.));
#2025=DIRECTION('ref_axis',(0.,-1.,0.));
#2026=DIRECTION('center_axis',(0.,0.,-1.));
#2027=DIRECTION('ref_axis',(-1.,0.,0.));
#2028=DIRECTION('center_axis',(1.,0.,0.));
#2029=DIRECTION('ref_axis',(0.,-0.707106781186545,0.70710678118655));
#2030=DIRECTION('center_axis',(-1.,0.,0.));
#2031=DIRECTION('ref_axis',(0.,-1.,0.));
#2032=DIRECTION('',(1.,0.,0.));
#2033=DIRECTION('center_axis',(0.,0.,-1.));
#2034=DIRECTION('ref_axis',(1.,0.,0.));
#2035=DIRECTION('center_axis',(0.,0.,-1.));
#2036=DIRECTION('ref_axis',(1.,0.,0.));
#2037=DIRECTION('center_axis',(0.,0.,-1.));
#2038=DIRECTION('ref_axis',(0.,1.,0.));
#2039=DIRECTION('',(0.,0.,-1.));
#2040=DIRECTION('center_axis',(0.,0.,1.));
#2041=DIRECTION('ref_axis',(0.,1.,0.));
#2042=DIRECTION('',(0.,0.,-1.));
#2043=DIRECTION('center_axis',(0.,-1.,0.));
#2044=DIRECTION('ref_axis',(-1.,0.,0.));
#2045=DIRECTION('',(0.,0.,-1.));
#2046=DIRECTION('',(1.,0.,0.));
#2047=DIRECTION('center_axis',(-1.,0.,0.));
#2048=DIRECTION('ref_axis',(0.,0.707106781186545,0.70710678118655));
#2049=DIRECTION('center_axis',(-1.,0.,0.));
#2050=DIRECTION('ref_axis',(0.,0.,1.));
#2051=DIRECTION('',(-1.,0.,0.));
#2052=DIRECTION('center_axis',(1.,0.,0.));
#2053=DIRECTION('ref_axis',(0.,1.,0.));
#2054=DIRECTION('center_axis',(0.,0.,-1.));
#2055=DIRECTION('ref_axis',(-1.,0.,0.));
#2056=DIRECTION('center_axis',(-1.,0.,0.));
#2057=DIRECTION('ref_axis',(0.,-1.,0.));
#2058=DIRECTION('center_axis',(0.,0.,-1.));
#2059=DIRECTION('ref_axis',(-1.,0.,0.));
#2060=DIRECTION('center_axis',(1.,0.,0.));
#2061=DIRECTION('ref_axis',(0.,-0.70710678118655,0.707106781186545));
#2062=DIRECTION('center_axis',(-1.,0.,0.));
#2063=DIRECTION('ref_axis',(0.,-1.,0.));
#2064=DIRECTION('',(1.,0.,0.));
#2065=DIRECTION('center_axis',(0.,0.,-1.));
#2066=DIRECTION('ref_axis',(1.,0.,0.));
#2067=DIRECTION('center_axis',(0.,0.,-1.));
#2068=DIRECTION('ref_axis',(1.,0.,0.));
#2069=DIRECTION('center_axis',(0.,0.,-1.));
#2070=DIRECTION('ref_axis',(0.,1.,0.));
#2071=DIRECTION('',(0.,0.,-1.));
#2072=DIRECTION('center_axis',(0.,0.,1.));
#2073=DIRECTION('ref_axis',(0.,1.,0.));
#2074=DIRECTION('',(0.,0.,-1.));
#2075=DIRECTION('center_axis',(0.,-1.,0.));
#2076=DIRECTION('ref_axis',(-1.,0.,0.));
#2077=DIRECTION('',(0.,0.,-1.));
#2078=DIRECTION('',(1.,0.,0.));
#2079=DIRECTION('center_axis',(0.,0.,-1.));
#2080=DIRECTION('ref_axis',(-1.,0.,0.));
#2081=DIRECTION('center_axis',(0.,-1.,0.));
#2082=DIRECTION('ref_axis',(1.,0.,0.));
#2083=DIRECTION('center_axis',(0.,0.,-1.));
#2084=DIRECTION('ref_axis',(1.,0.,0.));
#2085=DIRECTION('center_axis',(0.,0.,-1.));
#2086=DIRECTION('ref_axis',(1.,0.,0.));
#2087=DIRECTION('center_axis',(0.,0.,-1.));
#2088=DIRECTION('ref_axis',(1.,0.,0.));
#2089=DIRECTION('',(0.,0.,-1.));
#2090=DIRECTION('center_axis',(0.,0.,1.));
#2091=DIRECTION('ref_axis',(1.,0.,0.));
#2092=DIRECTION('center_axis',(0.,0.,-1.));
#2093=DIRECTION('ref_axis',(-1.,0.,0.));
#2094=DIRECTION('center_axis',(0.,-1.,0.));
#2095=DIRECTION('ref_axis',(1.,0.,0.));
#2096=DIRECTION('center_axis',(0.,0.,-1.));
#2097=DIRECTION('ref_axis',(1.,0.,0.));
#2098=DIRECTION('center_axis',(0.,0.,-1.));
#2099=DIRECTION('ref_axis',(1.,0.,0.));
#2100=DIRECTION('center_axis',(0.,0.,-1.));
#2101=DIRECTION('ref_axis',(1.,0.,0.));
#2102=DIRECTION('',(0.,0.,-1.));
#2103=DIRECTION('center_axis',(0.,0.,1.));
#2104=DIRECTION('ref_axis',(1.,0.,0.));
#2105=DIRECTION('center_axis',(0.,0.,-1.));
#2106=DIRECTION('ref_axis',(-1.,0.,0.));
#2107=DIRECTION('center_axis',(0.,-1.,0.));
#2108=DIRECTION('ref_axis',(1.,0.,0.));
#2109=DIRECTION('center_axis',(0.,0.,-1.));
#2110=DIRECTION('ref_axis',(1.,0.,0.));
#2111=DIRECTION('center_axis',(0.,0.,-1.));
#2112=DIRECTION('ref_axis',(1.,0.,0.));
#2113=DIRECTION('center_axis',(0.,0.,-1.));
#2114=DIRECTION('ref_axis',(1.,0.,0.));
#2115=DIRECTION('',(0.,0.,-1.));
#2116=DIRECTION('center_axis',(0.,0.,1.));
#2117=DIRECTION('ref_axis',(1.,0.,0.));
#2118=DIRECTION('center_axis',(0.,0.,-1.));
#2119=DIRECTION('ref_axis',(-1.,0.,0.));
#2120=DIRECTION('center_axis',(0.,-1.,0.));
#2121=DIRECTION('ref_axis',(1.,0.,0.));
#2122=DIRECTION('center_axis',(0.,0.,-1.));
#2123=DIRECTION('ref_axis',(1.,0.,0.));
#2124=DIRECTION('center_axis',(0.,0.,-1.));
#2125=DIRECTION('ref_axis',(1.,0.,0.));
#2126=DIRECTION('center_axis',(0.,0.,-1.));
#2127=DIRECTION('ref_axis',(1.,0.,0.));
#2128=DIRECTION('',(0.,0.,-1.));
#2129=DIRECTION('center_axis',(0.,0.,1.));
#2130=DIRECTION('ref_axis',(1.,0.,0.));
#2131=DIRECTION('center_axis',(1.,0.,0.));
#2132=DIRECTION('ref_axis',(0.,-0.707106781186549,0.707106781186546));
#2133=DIRECTION('',(-1.,0.,0.));
#2134=DIRECTION('center_axis',(0.707106781186548,-0.707106781186548,0.));
#2135=DIRECTION('ref_axis',(-0.707106781186548,-0.707106781186548,0.));
#2136=DIRECTION('',(1.,0.,0.));
#2137=DIRECTION('center_axis',(0.707106781186548,0.707106781186548,3.14018491736755E-15));
#2138=DIRECTION('ref_axis',(0.707106781186548,-0.707106781186548,3.14018491736755E-15));
#2139=DIRECTION('center_axis',(0.,-1.,0.));
#2140=DIRECTION('ref_axis',(-0.707106781186548,0.,0.707106781186548));
#2141=DIRECTION('',(0.,1.,0.));
#2142=DIRECTION('center_axis',(-0.707106781186548,-0.707106781186548,0.));
#2143=DIRECTION('ref_axis',(-0.707106781186548,0.707106781186548,0.));
#2144=DIRECTION('',(0.,-1.,0.));
#2145=DIRECTION('center_axis',(-1.,0.,0.));
#2146=DIRECTION('ref_axis',(0.,0.707106781186549,0.707106781186546));
#2147=DIRECTION('',(1.,0.,0.));
#2148=DIRECTION('center_axis',(-0.707106781186548,0.707106781186548,0.));
#2149=DIRECTION('ref_axis',(0.707106781186548,0.707106781186548,0.));
#2150=DIRECTION('',(-1.,0.,0.));
#2151=DIRECTION('center_axis',(0.,1.,0.));
#2152=DIRECTION('ref_axis',(0.707106781186548,0.,0.707106781186548));
#2153=DIRECTION('',(0.,1.,0.));
#2154=DIRECTION('',(0.,-1.,0.));
#2155=DIRECTION('center_axis',(1.,0.,0.));
#2156=DIRECTION('ref_axis',(0.,1.,0.));
#2157=DIRECTION('',(0.,0.,1.));
#2158=DIRECTION('',(0.,0.,1.));
#2159=DIRECTION('center_axis',(0.,-1.,0.));
#2160=DIRECTION('ref_axis',(1.,0.,0.));
#2161=DIRECTION('',(0.,0.,1.));
#2162=DIRECTION('',(0.,0.,1.));
#2163=DIRECTION('',(1.,0.,0.));
#2164=DIRECTION('',(0.,0.,1.));
#2165=DIRECTION('',(1.,0.,0.));
#2166=DIRECTION('',(0.,0.,1.));
#2167=DIRECTION('',(1.,0.,0.));
#2168=DIRECTION('',(0.,0.,1.));
#2169=DIRECTION('center_axis',(0.,0.,1.));
#2170=DIRECTION('ref_axis',(1.,0.,0.));
#2171=DIRECTION('center_axis',(0.,1.,0.));
#2172=DIRECTION('ref_axis',(0.707106781186546,0.,0.707106781186549));
#2173=DIRECTION('',(0.,-1.,0.));
#2174=DIRECTION('center_axis',(0.707106781186549,0.707106781186546,0.));
#2175=DIRECTION('ref_axis',(0.707106781186546,-0.707106781186549,0.));
#2176=DIRECTION('',(0.,1.,0.));
#2177=DIRECTION('center_axis',(-0.707106781186549,0.707106781186546,0.));
#2178=DIRECTION('ref_axis',(0.707106781186546,0.707106781186549,0.));
#2179=DIRECTION('center_axis',(1.,0.,0.));
#2180=DIRECTION('ref_axis',(0.,-0.707106781186549,0.707106781186546));
#2181=DIRECTION('',(-1.,0.,0.));
#2182=DIRECTION('center_axis',(0.707106781186549,-0.707106781186546,0.));
#2183=DIRECTION('ref_axis',(-0.707106781186546,-0.707106781186549,0.));
#2184=DIRECTION('center_axis',(0.,-1.,0.));
#2185=DIRECTION('ref_axis',(-0.707106781186546,0.,0.707106781186549));
#2186=DIRECTION('',(0.,1.,0.));
#2187=DIRECTION('center_axis',(-0.707106781186549,-0.707106781186546,0.));
#2188=DIRECTION('ref_axis',(-0.707106781186546,0.707106781186549,0.));
#2189=DIRECTION('',(0.,-1.,0.));
#2190=DIRECTION('center_axis',(-1.,0.,0.));
#2191=DIRECTION('ref_axis',(0.,0.707106781186549,0.707106781186546));
#2192=DIRECTION('',(1.,0.,0.));
#2193=DIRECTION('center_axis',(-0.707106781186549,0.707106781186546,0.));
#2194=DIRECTION('ref_axis',(0.707106781186546,0.707106781186549,0.));
#2195=DIRECTION('',(-1.,0.,0.));
#2196=DIRECTION('center_axis',(0.,1.,0.));
#2197=DIRECTION('ref_axis',(0.707106781186546,0.,0.707106781186549));
#2198=DIRECTION('',(0.,-1.,0.));
#2199=DIRECTION('center_axis',(0.707106781186549,0.707106781186546,0.));
#2200=DIRECTION('ref_axis',(0.707106781186546,-0.707106781186549,0.));
#2201=DIRECTION('',(0.,1.,0.));
#2202=DIRECTION('center_axis',(1.,0.,0.));
#2203=DIRECTION('ref_axis',(0.,-0.707106781186549,0.707106781186546));
#2204=DIRECTION('',(1.,0.,0.));
#2205=DIRECTION('',(-1.,0.,0.));
#2206=DIRECTION('center_axis',(0.707106781186549,0.707106781186546,0.));
#2207=DIRECTION('ref_axis',(-0.707106781186546,0.707106781186549,0.));
#2208=DIRECTION('center_axis',(0.,1.,0.));
#2209=DIRECTION('ref_axis',(0.707106781186546,0.,0.707106781186549));
#2210=DIRECTION('',(0.,1.,0.));
#2211=DIRECTION('',(0.,-1.,0.));
#2212=DIRECTION('center_axis',(-0.707106781186549,0.707106781186546,0.));
#2213=DIRECTION('ref_axis',(-0.707106781186546,-0.707106781186549,0.));
#2214=DIRECTION('center_axis',(-1.,0.,0.));
#2215=DIRECTION('ref_axis',(0.,0.707106781186549,0.707106781186546));
#2216=DIRECTION('',(-1.,0.,0.));
#2217=DIRECTION('',(1.,0.,0.));
#2218=DIRECTION('center_axis',(0.,-1.,0.));
#2219=DIRECTION('ref_axis',(1.,0.,0.));
#2220=DIRECTION('',(0.,0.,1.));
#2221=DIRECTION('',(0.,0.,1.));
#2222=DIRECTION('center_axis',(1.,0.,0.));
#2223=DIRECTION('ref_axis',(0.,1.,0.));
#2224=DIRECTION('',(0.,0.,-1.));
#2225=DIRECTION('center_axis',(0.,1.,0.));
#2226=DIRECTION('ref_axis',(-1.,0.,0.));
#2227=DIRECTION('',(0.,0.,1.));
#2228=DIRECTION('center_axis',(1.,0.,0.));
#2229=DIRECTION('ref_axis',(0.,1.,0.));
#2230=DIRECTION('center_axis',(0.,0.,1.));
#2231=DIRECTION('ref_axis',(1.,0.,0.));
#2232=DIRECTION('center_axis',(0.,-1.,0.));
#2233=DIRECTION('ref_axis',(-0.707106781186548,0.,0.707106781186548));
#2234=DIRECTION('',(0.,1.,0.));
#2235=DIRECTION('center_axis',(-0.707106781186548,-0.707106781186548,3.14018491736755E-15));
#2236=DIRECTION('ref_axis',(-0.707106781186548,0.707106781186548,3.14018491736755E-15));
#2237=DIRECTION('',(0.,-1.,0.));
#2238=DIRECTION('center_axis',(0.707106781186548,-0.707106781186548,0.));
#2239=DIRECTION('ref_axis',(-0.707106781186548,-0.707106781186548,0.));
#2240=DIRECTION('center_axis',(-1.,0.,0.));
#2241=DIRECTION('ref_axis',(0.,0.707106781186549,0.707106781186546));
#2242=DIRECTION('',(1.,0.,0.));
#2243=DIRECTION('center_axis',(-0.707106781186548,0.707106781186548,0.));
#2244=DIRECTION('ref_axis',(0.707106781186548,0.707106781186548,0.));
#2245=DIRECTION('',(-1.,0.,0.));
#2246=DIRECTION('center_axis',(0.,1.,0.));
#2247=DIRECTION('ref_axis',(0.707106781186548,0.,0.707106781186548));
#2248=DIRECTION('',(0.,-1.,0.));
#2249=DIRECTION('center_axis',(0.707106781186548,0.707106781186548,0.));
#2250=DIRECTION('ref_axis',(0.707106781186548,-0.707106781186548,0.));
#2251=DIRECTION('',(0.,1.,0.));
#2252=DIRECTION('center_axis',(1.,0.,0.));
#2253=DIRECTION('ref_axis',(0.,-0.707106781186549,0.707106781186546));
#2254=DIRECTION('',(1.,0.,0.));
#2255=DIRECTION('',(-1.,0.,0.));
#2256=DIRECTION('center_axis',(0.,-1.,0.));
#2257=DIRECTION('ref_axis',(1.,0.,0.));
#2258=DIRECTION('',(0.,0.,1.));
#2259=DIRECTION('',(0.,0.,1.));
#2260=DIRECTION('center_axis',(-1.,0.,0.));
#2261=DIRECTION('ref_axis',(0.,-1.,0.));
#2262=DIRECTION('',(0.,0.,1.));
#2263=DIRECTION('center_axis',(0.,0.,1.));
#2264=DIRECTION('ref_axis',(1.,0.,0.));
#2265=DIRECTION('center_axis',(1.,0.,0.));
#2266=DIRECTION('ref_axis',(0.,-0.707106781186549,0.707106781186546));
#2267=DIRECTION('',(-1.,0.,0.));
#2268=DIRECTION('center_axis',(0.707106781186549,-0.707106781186546,0.));
#2269=DIRECTION('ref_axis',(-0.707106781186546,-0.707106781186549,0.));
#2270=DIRECTION('center_axis',(0.707106781186549,0.707106781186546,0.));
#2271=DIRECTION('ref_axis',(0.707106781186546,-0.707106781186549,0.));
#2272=DIRECTION('center_axis',(0.,-1.,0.));
#2273=DIRECTION('ref_axis',(-0.707106781186546,0.,0.707106781186549));
#2274=DIRECTION('',(0.,1.,0.));
#2275=DIRECTION('center_axis',(-0.707106781186549,-0.707106781186546,0.));
#2276=DIRECTION('ref_axis',(-0.707106781186546,0.707106781186549,0.));
#2277=DIRECTION('',(0.,-1.,0.));
#2278=DIRECTION('center_axis',(-1.,0.,0.));
#2279=DIRECTION('ref_axis',(0.,0.707106781186549,0.707106781186546));
#2280=DIRECTION('',(1.,0.,0.));
#2281=DIRECTION('center_axis',(-0.707106781186549,-0.707106781186546,0.));
#2282=DIRECTION('ref_axis',(0.707106781186546,-0.707106781186549,0.));
#2283=DIRECTION('',(-1.,0.,0.));
#2284=DIRECTION('center_axis',(0.,-1.,0.));
#2285=DIRECTION('ref_axis',(-0.707106781186546,0.,0.707106781186549));
#2286=DIRECTION('',(0.,1.,0.));
#2287=DIRECTION('center_axis',(0.707106781186549,-0.707106781186546,0.));
#2288=DIRECTION('ref_axis',(0.707106781186546,0.707106781186549,0.));
#2289=DIRECTION('',(0.,-1.,0.));
#2290=DIRECTION('center_axis',(1.,0.,0.));
#2291=DIRECTION('ref_axis',(0.,-0.707106781186549,0.707106781186546));
#2292=DIRECTION('',(-1.,0.,0.));
#2293=DIRECTION('center_axis',(0.707106781186549,-0.707106781186546,0.));
#2294=DIRECTION('ref_axis',(-0.707106781186546,-0.707106781186549,0.));
#2295=DIRECTION('',(1.,0.,0.));
#2296=DIRECTION('center_axis',(0.,-1.,0.));
#2297=DIRECTION('ref_axis',(-0.707106781186546,0.,0.707106781186549));
#2298=DIRECTION('',(0.,-1.,0.));
#2299=DIRECTION('',(0.,1.,0.));
#2300=DIRECTION('center_axis',(-0.707106781186549,-0.707106781186546,0.));
#2301=DIRECTION('ref_axis',(-0.707106781186546,0.707106781186549,0.));
#2302=DIRECTION('center_axis',(-1.,0.,0.));
#2303=DIRECTION('ref_axis',(0.,0.707106781186549,0.707106781186546));
#2304=DIRECTION('',(-1.,0.,0.));
#2305=DIRECTION('',(1.,0.,0.));
#2306=DIRECTION('center_axis',(-0.707106781186549,0.707106781186546,0.));
#2307=DIRECTION('ref_axis',(0.707106781186546,0.707106781186549,0.));
#2308=DIRECTION('center_axis',(0.,1.,0.));
#2309=DIRECTION('ref_axis',(0.707106781186546,0.,0.707106781186549));
#2310=DIRECTION('',(0.,1.,0.));
#2311=DIRECTION('',(0.,-1.,0.));
#2312=DIRECTION('center_axis',(-1.,0.,0.));
#2313=DIRECTION('ref_axis',(0.,-1.,0.));
#2314=DIRECTION('',(0.,0.,1.));
#2315=DIRECTION('',(0.,0.,1.));
#2316=DIRECTION('center_axis',(0.,1.,0.));
#2317=DIRECTION('ref_axis',(-1.,0.,0.));
#2318=DIRECTION('',(0.,0.,1.));
#2319=DIRECTION('',(0.,0.,1.));
#2320=DIRECTION('',(0.,0.,1.));
#2321=DIRECTION('',(-1.,0.,0.));
#2322=DIRECTION('',(0.,0.,1.));
#2323=DIRECTION('center_axis',(1.,0.,0.));
#2324=DIRECTION('ref_axis',(0.,1.,0.));
#2325=DIRECTION('',(0.,1.,0.));
#2326=DIRECTION('center_axis',(0.,0.,1.));
#2327=DIRECTION('ref_axis',(1.,0.,0.));
#2328=DIRECTION('center_axis',(0.,0.,-1.));
#2329=DIRECTION('ref_axis',(0.,-1.,0.));
#2330=DIRECTION('',(0.,0.,-1.));
#2331=DIRECTION('center_axis',(0.,0.,1.));
#2332=DIRECTION('ref_axis',(0.,-1.,0.));
#2333=DIRECTION('center_axis',(0.,1.,0.));
#2334=DIRECTION('ref_axis',(1.,0.,0.));
#2335=DIRECTION('',(-1.,0.,0.));
#2336=DIRECTION('center_axis',(0.,0.,-1.));
#2337=DIRECTION('ref_axis',(0.,-1.,0.));
#2338=DIRECTION('',(0.,0.,-1.));
#2339=DIRECTION('center_axis',(0.,0.,1.));
#2340=DIRECTION('ref_axis',(0.,-1.,0.));
#2341=DIRECTION('center_axis',(0.,1.,0.));
#2342=DIRECTION('ref_axis',(1.,0.,0.));
#2343=DIRECTION('',(-1.,0.,0.));
#2344=DIRECTION('center_axis',(0.,0.,-1.));
#2345=DIRECTION('ref_axis',(0.,-1.,0.));
#2346=DIRECTION('',(0.,0.,-1.));
#2347=DIRECTION('center_axis',(0.,0.,1.));
#2348=DIRECTION('ref_axis',(0.,-1.,0.));
#2349=DIRECTION('center_axis',(0.,1.,0.));
#2350=DIRECTION('ref_axis',(1.,0.,0.));
#2351=DIRECTION('',(-1.,0.,0.));
#2352=DIRECTION('center_axis',(0.,0.,-1.));
#2353=DIRECTION('ref_axis',(0.,-1.,0.));
#2354=DIRECTION('',(0.,0.,-1.));
#2355=DIRECTION('center_axis',(0.,0.,1.));
#2356=DIRECTION('ref_axis',(0.,-1.,0.));
#2357=DIRECTION('center_axis',(0.,1.,0.));
#2358=DIRECTION('ref_axis',(1.,0.,0.));
#2359=DIRECTION('',(-1.,0.,0.));
#2360=DIRECTION('center_axis',(0.,-1.,0.));
#2361=DIRECTION('ref_axis',(1.,0.,0.));
#2362=DIRECTION('',(0.,0.,-1.));
#2363=DIRECTION('center_axis',(-1.,0.,0.));
#2364=DIRECTION('ref_axis',(0.,-1.,0.));
#2365=DIRECTION('',(0.,0.,1.));
#2366=DIRECTION('center_axis',(1.,0.,0.));
#2367=DIRECTION('ref_axis',(0.,1.,0.));
#2368=DIRECTION('center_axis',(1.,0.,0.));
#2369=DIRECTION('ref_axis',(0.,1.,0.));
#2370=DIRECTION('center_axis',(0.,1.,0.));
#2371=DIRECTION('ref_axis',(-1.,0.,0.));
#2372=DIRECTION('',(0.,0.,1.));
#2373=DIRECTION('center_axis',(-1.,0.,0.));
#2374=DIRECTION('ref_axis',(0.,-1.,0.));
#2375=DIRECTION('center_axis',(0.,1.,0.));
#2376=DIRECTION('ref_axis',(-1.,0.,0.));
#2377=DIRECTION('',(0.,0.,1.));
#2378=DIRECTION('center_axis',(-1.,0.,0.));
#2379=DIRECTION('ref_axis',(0.,-1.,0.));
#2380=DIRECTION('center_axis',(-1.,0.,0.));
#2381=DIRECTION('ref_axis',(0.,-1.,0.));
#2382=DIRECTION('',(0.,-1.,0.));
#2383=DIRECTION('center_axis',(0.,0.,1.));
#2384=DIRECTION('ref_axis',(1.,0.,0.));
#2385=DIRECTION('axis',(0.,0.,1.));
#2386=DIRECTION('refdir',(1.,0.,0.));
#2387=DIRECTION('center_axis',(0.,1.,0.));
#2388=DIRECTION('ref_axis',(0.,0.,1.));
#2389=DIRECTION('',(1.,0.,0.));
#2390=DIRECTION('',(0.,0.,-1.));
#2391=DIRECTION('',(-1.,0.,0.));
#2392=DIRECTION('',(0.,0.,1.));
#2393=DIRECTION('center_axis',(0.,1.,0.));
#2394=DIRECTION('ref_axis',(0.,0.,1.));
#2395=DIRECTION('',(-1.,0.,0.));
#2396=DIRECTION('',(0.,0.,-1.));
#2397=DIRECTION('',(1.,0.,0.));
#2398=DIRECTION('',(0.,0.,1.));
#2399=DIRECTION('center_axis',(1.,0.,0.));
#2400=DIRECTION('ref_axis',(0.,1.,0.));
#2401=DIRECTION('',(0.,-1.,0.));
#2402=DIRECTION('',(0.,-1.,0.));
#2403=DIRECTION('center_axis',(0.,0.,1.));
#2404=DIRECTION('ref_axis',(0.,-1.,0.));
#2405=DIRECTION('',(0.,-1.,0.));
#2406=DIRECTION('center_axis',(-1.,0.,0.));
#2407=DIRECTION('ref_axis',(0.,-1.,0.));
#2408=DIRECTION('',(0.,-1.,0.));
#2409=DIRECTION('center_axis',(0.,0.,-1.));
#2410=DIRECTION('ref_axis',(0.,1.,0.));
#2411=DIRECTION('',(0.,1.,-1.87350135405495E-16));
#2412=DIRECTION('',(0.999999999999999,0.,0.));
#2413=DIRECTION('',(1.,-4.59487118140806E-16,1.81870267273257E-15));
#2414=DIRECTION('',(6.12323399573676E-17,-7.9797279894933E-16,-0.999999999999999));
#2415=CARTESIAN_POINT('',(0.,0.,0.));
#2416=CARTESIAN_POINT('',(0.,0.,0.));
#2417=CARTESIAN_POINT('Origin',(23.1875,33.25,2.4));
#2418=CARTESIAN_POINT('',(46.375,33.25,3.));
#2419=CARTESIAN_POINT('',(46.375,33.85,2.4));
#2420=CARTESIAN_POINT('Origin',(46.375,33.25,2.4));
#2421=CARTESIAN_POINT('',(20.375,33.85,2.4));
#2422=CARTESIAN_POINT('',(23.1875,33.85,2.4));
#2423=CARTESIAN_POINT('',(20.375,33.25,3.));
#2424=CARTESIAN_POINT('Origin',(20.375,33.25,2.4));
#2425=CARTESIAN_POINT('',(23.1875,33.25,3.));
#2426=CARTESIAN_POINT('Origin',(20.375,35.85,2.4));
#2427=CARTESIAN_POINT('',(20.375,37.85,2.4));
#2428=CARTESIAN_POINT('',(20.375,38.45,3.));
#2429=CARTESIAN_POINT('Origin',(20.375,38.45,2.4));
#2430=CARTESIAN_POINT('Origin',(20.375,35.85,3.));
#2431=CARTESIAN_POINT('Origin',(20.375,35.85,2.4));
#2432=CARTESIAN_POINT('Origin',(10.1875,38.45,2.4));
#2433=CARTESIAN_POINT('',(46.375,37.85,2.4));
#2434=CARTESIAN_POINT('',(46.375,38.45,3.));
#2435=CARTESIAN_POINT('Origin',(46.375,38.45,2.4));
#2436=CARTESIAN_POINT('',(10.1875,38.45,3.));
#2437=CARTESIAN_POINT('',(10.1875,37.85,2.4));
#2438=CARTESIAN_POINT('Origin',(46.375,35.85,2.4));
#2439=CARTESIAN_POINT('Origin',(46.375,35.85,3.));
#2440=CARTESIAN_POINT('Origin',(46.375,35.85,2.4));
#2441=CARTESIAN_POINT('Origin',(20.375,35.85,3.));
#2442=CARTESIAN_POINT('',(20.375,33.85,0.));
#2443=CARTESIAN_POINT('',(20.375,33.85,3.));
#2444=CARTESIAN_POINT('',(20.375,37.85,0.));
#2445=CARTESIAN_POINT('Origin',(20.375,35.85,0.));
#2446=CARTESIAN_POINT('',(20.375,37.85,3.));
#2447=CARTESIAN_POINT('Origin',(46.375,33.85,3.));
#2448=CARTESIAN_POINT('',(46.375,33.85,0.));
#2449=CARTESIAN_POINT('',(46.375,33.85,3.));
#2450=CARTESIAN_POINT('',(23.1875,33.85,0.));
#2451=CARTESIAN_POINT('Origin',(0.,0.,3.));
#2452=CARTESIAN_POINT('',(66.75,37.85,3.));
#2453=CARTESIAN_POINT('',(52.375,37.85,3.));
#2454=CARTESIAN_POINT('',(26.1875,37.85,3.));
#2455=CARTESIAN_POINT('',(52.375,40.85,3.));
#2456=CARTESIAN_POINT('',(52.375,20.425,3.));
#2457=CARTESIAN_POINT('',(14.375,40.85,3.));
#2458=CARTESIAN_POINT('',(69.75,40.85,3.));
#2459=CARTESIAN_POINT('',(14.375,37.85,3.));
#2460=CARTESIAN_POINT('',(14.375,18.925,3.));
#2461=CARTESIAN_POINT('',(-14.375,37.85,3.));
#2462=CARTESIAN_POINT('',(-7.1875,37.85,3.));
#2463=CARTESIAN_POINT('',(-14.375,40.85,3.));
#2464=CARTESIAN_POINT('',(-14.375,20.425,3.));
#2465=CARTESIAN_POINT('',(-52.375,40.85,3.));
#2466=CARTESIAN_POINT('',(69.75,40.85,3.));
#2467=CARTESIAN_POINT('',(-52.375,37.85,3.));
#2468=CARTESIAN_POINT('',(-52.375,18.925,3.));
#2469=CARTESIAN_POINT('',(-66.75,37.85,3.));
#2470=CARTESIAN_POINT('',(-33.375,37.85,3.));
#2471=CARTESIAN_POINT('',(-66.75,-37.85,3.));
#2472=CARTESIAN_POINT('',(-66.75,-20.425,3.));
#2473=CARTESIAN_POINT('',(-52.375,-37.85,3.));
#2474=CARTESIAN_POINT('',(-26.1875,-37.85,3.));
#2475=CARTESIAN_POINT('',(-52.375,-40.85,3.));
#2476=CARTESIAN_POINT('',(-52.375,-20.425,3.));
#2477=CARTESIAN_POINT('',(-14.375,-40.85,3.));
#2478=CARTESIAN_POINT('',(-69.75,-40.85,3.));
#2479=CARTESIAN_POINT('',(-14.375,-37.85,3.));
#2480=CARTESIAN_POINT('',(-14.375,-18.925,3.));
#2481=CARTESIAN_POINT('',(14.375,-37.85,3.));
#2482=CARTESIAN_POINT('',(7.1875,-37.85,3.));
#2483=CARTESIAN_POINT('',(14.375,-40.85,3.));
#2484=CARTESIAN_POINT('',(14.375,-20.425,3.));
#2485=CARTESIAN_POINT('',(52.375,-40.85,3.));
#2486=CARTESIAN_POINT('',(-69.75,-40.85,3.));
#2487=CARTESIAN_POINT('',(52.375,-37.85,3.));
#2488=CARTESIAN_POINT('',(52.375,-18.925,3.));
#2489=CARTESIAN_POINT('',(66.75,-37.85,3.));
#2490=CARTESIAN_POINT('',(33.375,-37.85,3.));
#2491=CARTESIAN_POINT('',(66.75,20.425,3.));
#2492=CARTESIAN_POINT('',(-46.375,-38.45,3.));
#2493=CARTESIAN_POINT('',(-20.375,-38.45,3.));
#2494=CARTESIAN_POINT('',(-10.1875,-38.45,3.));
#2495=CARTESIAN_POINT('',(-46.375,-33.25,3.));
#2496=CARTESIAN_POINT('Origin',(-46.375,-35.85,3.));
#2497=CARTESIAN_POINT('',(-20.375,-33.25,3.));
#2498=CARTESIAN_POINT('',(-23.1875,-33.25,3.));
#2499=CARTESIAN_POINT('Origin',(-20.375,-35.85,3.));
#2500=CARTESIAN_POINT('',(20.375,-38.45,3.));
#2501=CARTESIAN_POINT('',(46.375,-38.45,3.));
#2502=CARTESIAN_POINT('',(23.1875,-38.45,3.));
#2503=CARTESIAN_POINT('',(20.375,-33.25,3.));
#2504=CARTESIAN_POINT('Origin',(20.375,-35.85,3.));
#2505=CARTESIAN_POINT('',(46.375,-33.25,3.));
#2506=CARTESIAN_POINT('',(10.1875,-33.25,3.));
#2507=CARTESIAN_POINT('Origin',(46.375,-35.85,3.));
#2508=CARTESIAN_POINT('',(-59.55,-32.85,3.));
#2509=CARTESIAN_POINT('Origin',(-61.75,-32.85,3.));
#2510=CARTESIAN_POINT('',(63.95,-32.85,3.));
#2511=CARTESIAN_POINT('Origin',(61.75,-32.85,3.));
#2512=CARTESIAN_POINT('',(-59.55,32.85,3.));
#2513=CARTESIAN_POINT('Origin',(-61.75,32.85,3.));
#2514=CARTESIAN_POINT('',(63.95,32.85,3.));
#2515=CARTESIAN_POINT('Origin',(61.75,32.85,3.));
#2516=CARTESIAN_POINT('',(-46.375,33.25,3.));
#2517=CARTESIAN_POINT('',(-20.375,33.25,3.));
#2518=CARTESIAN_POINT('',(-10.1875,33.25,3.));
#2519=CARTESIAN_POINT('',(-46.375,38.45,3.));
#2520=CARTESIAN_POINT('Origin',(-46.375,35.85,3.));
#2521=CARTESIAN_POINT('',(-20.375,38.45,3.));
#2522=CARTESIAN_POINT('',(-23.1875,38.45,3.));
#2523=CARTESIAN_POINT('Origin',(-20.375,35.85,3.));
#2524=CARTESIAN_POINT('Origin',(-10.1875,-38.45,2.4));
#2525=CARTESIAN_POINT('',(-20.375,-37.85,2.4));
#2526=CARTESIAN_POINT('Origin',(-20.375,-38.45,2.4));
#2527=CARTESIAN_POINT('',(-46.375,-37.85,2.4));
#2528=CARTESIAN_POINT('',(-10.1875,-37.85,2.4));
#2529=CARTESIAN_POINT('Origin',(-46.375,-38.45,2.4));
#2530=CARTESIAN_POINT('Origin',(-46.375,-35.85,2.4));
#2531=CARTESIAN_POINT('',(-46.375,-33.85,2.4));
#2532=CARTESIAN_POINT('Origin',(-46.375,-33.25,2.4));
#2533=CARTESIAN_POINT('Origin',(-46.375,-35.85,2.4));
#2534=CARTESIAN_POINT('Origin',(-23.1875,-33.25,2.4));
#2535=CARTESIAN_POINT('',(-20.375,-33.85,2.4));
#2536=CARTESIAN_POINT('Origin',(-20.375,-33.25,2.4));
#2537=CARTESIAN_POINT('',(-23.1875,-33.85,2.4));
#2538=CARTESIAN_POINT('Origin',(-20.375,-35.85,2.4));
#2539=CARTESIAN_POINT('Origin',(-20.375,-35.85,2.4));
#2540=CARTESIAN_POINT('Origin',(-46.375,-35.85,3.));
#2541=CARTESIAN_POINT('',(-46.375,-37.85,0.));
#2542=CARTESIAN_POINT('',(-46.375,-37.85,3.));
#2543=CARTESIAN_POINT('',(-46.375,-33.85,0.));
#2544=CARTESIAN_POINT('Origin',(-46.375,-35.85,0.));
#2545=CARTESIAN_POINT('',(-46.375,-33.85,3.));
#2546=CARTESIAN_POINT('Origin',(-20.375,-37.85,3.));
#2547=CARTESIAN_POINT('',(-20.375,-37.85,0.));
#2548=CARTESIAN_POINT('',(-20.375,-37.85,3.));
#2549=CARTESIAN_POINT('',(-10.1875,-37.85,0.));
#2550=CARTESIAN_POINT('Origin',(-10.1875,33.25,2.4));
#2551=CARTESIAN_POINT('',(-20.375,33.85,2.4));
#2552=CARTESIAN_POINT('Origin',(-20.375,33.25,2.4));
#2553=CARTESIAN_POINT('',(-46.375,33.85,2.4));
#2554=CARTESIAN_POINT('',(-10.1875,33.85,2.4));
#2555=CARTESIAN_POINT('Origin',(-46.375,33.25,2.4));
#2556=CARTESIAN_POINT('Origin',(-46.375,35.85,2.4));
#2557=CARTESIAN_POINT('',(-46.375,37.85,2.4));
#2558=CARTESIAN_POINT('Origin',(-46.375,38.45,2.4));
#2559=CARTESIAN_POINT('Origin',(-46.375,35.85,2.4));
#2560=CARTESIAN_POINT('Origin',(-23.1875,38.45,2.4));
#2561=CARTESIAN_POINT('',(-20.375,37.85,2.4));
#2562=CARTESIAN_POINT('Origin',(-20.375,38.45,2.4));
#2563=CARTESIAN_POINT('',(-23.1875,37.85,2.4));
#2564=CARTESIAN_POINT('Origin',(-20.375,35.85,2.4));
#2565=CARTESIAN_POINT('Origin',(-20.375,35.85,2.4));
#2566=CARTESIAN_POINT('Origin',(-46.375,35.85,3.));
#2567=CARTESIAN_POINT('',(-46.375,33.85,0.));
#2568=CARTESIAN_POINT('',(-46.375,33.85,3.));
#2569=CARTESIAN_POINT('',(-46.375,37.85,0.));
#2570=CARTESIAN_POINT('Origin',(-46.375,35.85,0.));
#2571=CARTESIAN_POINT('',(-46.375,37.85,3.));
#2572=CARTESIAN_POINT('Origin',(-20.375,33.85,3.));
#2573=CARTESIAN_POINT('',(-20.375,33.85,0.));
#2574=CARTESIAN_POINT('',(-20.375,33.85,3.));
#2575=CARTESIAN_POINT('',(-10.1875,33.85,0.));
#2576=CARTESIAN_POINT('Origin',(23.1875,-38.45,2.4));
#2577=CARTESIAN_POINT('',(46.375,-37.85,2.4));
#2578=CARTESIAN_POINT('Origin',(46.375,-38.45,2.4));
#2579=CARTESIAN_POINT('',(20.375,-37.85,2.4));
#2580=CARTESIAN_POINT('',(23.1875,-37.85,2.4));
#2581=CARTESIAN_POINT('Origin',(20.375,-38.45,2.4));
#2582=CARTESIAN_POINT('Origin',(20.375,-35.85,2.4));
#2583=CARTESIAN_POINT('',(20.375,-33.85,2.4));
#2584=CARTESIAN_POINT('Origin',(20.375,-33.25,2.4));
#2585=CARTESIAN_POINT('Origin',(20.375,-35.85,2.4));
#2586=CARTESIAN_POINT('Origin',(10.1875,-33.25,2.4));
#2587=CARTESIAN_POINT('',(46.375,-33.85,2.4));
#2588=CARTESIAN_POINT('Origin',(46.375,-33.25,2.4));
#2589=CARTESIAN_POINT('',(10.1875,-33.85,2.4));
#2590=CARTESIAN_POINT('Origin',(46.375,-35.85,2.4));
#2591=CARTESIAN_POINT('Origin',(46.375,-35.85,2.4));
#2592=CARTESIAN_POINT('Origin',(20.375,-35.85,3.));
#2593=CARTESIAN_POINT('',(20.375,-37.85,0.));
#2594=CARTESIAN_POINT('',(20.375,-37.85,3.));
#2595=CARTESIAN_POINT('',(20.375,-33.85,0.));
#2596=CARTESIAN_POINT('Origin',(20.375,-35.85,0.));
#2597=CARTESIAN_POINT('',(20.375,-33.85,3.));
#2598=CARTESIAN_POINT('Origin',(46.375,-37.85,3.));
#2599=CARTESIAN_POINT('',(46.375,-37.85,0.));
#2600=CARTESIAN_POINT('',(46.375,-37.85,3.));
#2601=CARTESIAN_POINT('',(23.1875,-37.85,0.));
#2602=CARTESIAN_POINT('Origin',(61.75,32.85,2.4));
#2603=CARTESIAN_POINT('',(63.35,32.85,2.4));
#2604=CARTESIAN_POINT('Origin',(63.95,32.85,2.4));
#2605=CARTESIAN_POINT('',(60.15,32.85,2.4));
#2606=CARTESIAN_POINT('Origin',(61.75,32.85,2.4));
#2607=CARTESIAN_POINT('Origin',(61.75,32.85,2.4));
#2608=CARTESIAN_POINT('Origin',(61.75,32.85,3.));
#2609=CARTESIAN_POINT('',(60.15,32.85,0.));
#2610=CARTESIAN_POINT('',(60.15,32.85,3.));
#2611=CARTESIAN_POINT('Origin',(61.75,32.85,0.));
#2612=CARTESIAN_POINT('Origin',(-61.75,-32.85,2.4));
#2613=CARTESIAN_POINT('',(-60.15,-32.85,2.4));
#2614=CARTESIAN_POINT('Origin',(-59.55,-32.85,2.4));
#2615=CARTESIAN_POINT('',(-63.35,-32.85,2.4));
#2616=CARTESIAN_POINT('Origin',(-61.75,-32.85,2.4));
#2617=CARTESIAN_POINT('Origin',(-61.75,-32.85,2.4));
#2618=CARTESIAN_POINT('Origin',(-61.75,-32.85,3.));
#2619=CARTESIAN_POINT('',(-63.35,-32.85,0.));
#2620=CARTESIAN_POINT('',(-63.35,-32.85,3.));
#2621=CARTESIAN_POINT('Origin',(-61.75,-32.85,0.));
#2622=CARTESIAN_POINT('Origin',(-61.75,32.85,2.4));
#2623=CARTESIAN_POINT('',(-60.15,32.85,2.4));
#2624=CARTESIAN_POINT('Origin',(-59.55,32.85,2.4));
#2625=CARTESIAN_POINT('',(-63.35,32.85,2.4));
#2626=CARTESIAN_POINT('Origin',(-61.75,32.85,2.4));
#2627=CARTESIAN_POINT('Origin',(-61.75,32.85,2.4));
#2628=CARTESIAN_POINT('Origin',(-61.75,32.85,3.));
#2629=CARTESIAN_POINT('',(-63.35,32.85,0.));
#2630=CARTESIAN_POINT('',(-63.35,32.85,3.));
#2631=CARTESIAN_POINT('Origin',(-61.75,32.85,0.));
#2632=CARTESIAN_POINT('Origin',(61.75,-32.85,2.4));
#2633=CARTESIAN_POINT('',(63.35,-32.85,2.4));
#2634=CARTESIAN_POINT('Origin',(63.95,-32.85,2.4));
#2635=CARTESIAN_POINT('',(60.15,-32.85,2.4));
#2636=CARTESIAN_POINT('Origin',(61.75,-32.85,2.4));
#2637=CARTESIAN_POINT('Origin',(61.75,-32.85,2.4));
#2638=CARTESIAN_POINT('Origin',(61.75,-32.85,3.));
#2639=CARTESIAN_POINT('',(60.15,-32.85,0.));
#2640=CARTESIAN_POINT('',(60.15,-32.85,3.));
#2641=CARTESIAN_POINT('Origin',(61.75,-32.85,0.));
#2642=CARTESIAN_POINT('Origin',(-34.875,-39.85,17.));
#2643=CARTESIAN_POINT('',(13.375,-39.85,18.));
#2644=CARTESIAN_POINT('',(-13.375,-39.85,18.));
#2645=CARTESIAN_POINT('',(-34.875,-39.85,18.));
#2646=CARTESIAN_POINT('',(-14.375,-40.85,17.));
#2647=CARTESIAN_POINT('Origin',(-13.375,-39.85,17.));
#2648=CARTESIAN_POINT('',(14.375,-40.85,17.));
#2649=CARTESIAN_POINT('',(-34.875,-40.85,17.));
#2650=CARTESIAN_POINT('Origin',(13.375,-39.85,17.));
#2651=CARTESIAN_POINT('Origin',(-13.375,-38.6,17.));
#2652=CARTESIAN_POINT('',(-13.375,-38.85,18.));
#2653=CARTESIAN_POINT('',(-13.375,-38.6,18.));
#2654=CARTESIAN_POINT('',(-14.375,-37.85,17.));
#2655=CARTESIAN_POINT('Origin',(-13.375,-38.85,17.));
#2656=CARTESIAN_POINT('',(-14.375,-38.6,17.));
#2657=CARTESIAN_POINT('Origin',(7.1875,-38.85,17.));
#2658=CARTESIAN_POINT('',(13.375,-38.85,18.));
#2659=CARTESIAN_POINT('',(7.1875,-38.85,18.));
#2660=CARTESIAN_POINT('',(14.375,-37.85,17.));
#2661=CARTESIAN_POINT('Origin',(13.375,-38.85,17.));
#2662=CARTESIAN_POINT('',(7.1875,-37.85,17.));
#2663=CARTESIAN_POINT('Origin',(13.375,-40.1,17.));
#2664=CARTESIAN_POINT('',(14.375,-40.1,17.));
#2665=CARTESIAN_POINT('',(13.375,-40.1,18.));
#2666=CARTESIAN_POINT('Origin',(14.375,-40.85,3.));
#2667=CARTESIAN_POINT('',(14.375,-40.85,3.));
#2668=CARTESIAN_POINT('',(14.375,-37.85,3.));
#2669=CARTESIAN_POINT('Origin',(-69.75,-40.85,0.));
#2670=CARTESIAN_POINT('',(-14.375,-40.85,3.));
#2671=CARTESIAN_POINT('',(-52.375,-40.85,17.));
#2672=CARTESIAN_POINT('',(-52.375,-40.85,3.));
#2673=CARTESIAN_POINT('',(-69.75,-40.85,17.));
#2674=CARTESIAN_POINT('',(-69.,-40.85,17.));
#2675=CARTESIAN_POINT('',(-69.75,-40.85,0.));
#2676=CARTESIAN_POINT('',(-69.75,-40.85,0.));
#2677=CARTESIAN_POINT('',(69.75,-40.85,0.));
#2678=CARTESIAN_POINT('',(-69.75,-40.85,0.));
#2679=CARTESIAN_POINT('',(69.75,-40.85,17.));
#2680=CARTESIAN_POINT('',(69.75,-40.85,0.));
#2681=CARTESIAN_POINT('',(52.375,-40.85,17.));
#2682=CARTESIAN_POINT('',(-0.750000000000002,-40.85,17.));
#2683=CARTESIAN_POINT('',(52.375,-40.85,3.));
#2684=CARTESIAN_POINT('Origin',(0.,-39.35,18.));
#2685=CARTESIAN_POINT('Origin',(-53.375,-20.425,17.));
#2686=CARTESIAN_POINT('',(-53.375,-38.85,18.));
#2687=CARTESIAN_POINT('',(-53.375,-39.85,18.));
#2688=CARTESIAN_POINT('',(-53.375,-20.425,18.));
#2689=CARTESIAN_POINT('Origin',(-53.375,-39.85,17.));
#2690=CARTESIAN_POINT('',(-52.375,-37.85,17.));
#2691=CARTESIAN_POINT('',(-52.375,-20.425,17.));
#2692=CARTESIAN_POINT('Origin',(-53.375,-38.85,17.));
#2693=CARTESIAN_POINT('Origin',(-69.,-39.85,17.));
#2694=CARTESIAN_POINT('',(-68.75,-39.85,18.));
#2695=CARTESIAN_POINT('',(-69.,-39.85,18.));
#2696=CARTESIAN_POINT('Origin',(-68.75,-39.85,17.));
#2697=CARTESIAN_POINT('Origin',(-68.75,20.425,17.));
#2698=CARTESIAN_POINT('',(-68.75,39.85,18.));
#2699=CARTESIAN_POINT('',(-68.75,20.425,18.));
#2700=CARTESIAN_POINT('',(-69.75,40.85,17.));
#2701=CARTESIAN_POINT('Origin',(-68.75,39.85,17.));
#2702=CARTESIAN_POINT('',(-69.75,20.425,17.));
#2703=CARTESIAN_POINT('Origin',(0.750000000000002,39.85,17.));
#2704=CARTESIAN_POINT('',(-53.375,39.85,18.));
#2705=CARTESIAN_POINT('',(0.750000000000002,39.85,18.));
#2706=CARTESIAN_POINT('',(-52.375,40.85,17.));
#2707=CARTESIAN_POINT('Origin',(-53.375,39.85,17.));
#2708=CARTESIAN_POINT('',(0.750000000000002,40.85,17.));
#2709=CARTESIAN_POINT('Origin',(-53.375,18.925,17.));
#2710=CARTESIAN_POINT('',(-53.375,38.85,18.));
#2711=CARTESIAN_POINT('',(-53.375,18.925,18.));
#2712=CARTESIAN_POINT('',(-52.375,37.85,17.));
#2713=CARTESIAN_POINT('Origin',(-53.375,38.85,17.));
#2714=CARTESIAN_POINT('',(-52.375,18.925,17.));
#2715=CARTESIAN_POINT('Origin',(-67.5,38.85,17.));
#2716=CARTESIAN_POINT('',(-66.75,37.85,17.));
#2717=CARTESIAN_POINT('',(-67.5,37.85,17.));
#2718=CARTESIAN_POINT('',(-67.75,38.85,18.));
#2719=CARTESIAN_POINT('',(-67.5,38.85,18.));
#2720=CARTESIAN_POINT('Origin',(-67.75,38.85,17.));
#2721=CARTESIAN_POINT('Origin',(-67.75,-20.425,17.));
#2722=CARTESIAN_POINT('',(-66.75,-37.85,17.));
#2723=CARTESIAN_POINT('',(-66.75,-20.425,17.));
#2724=CARTESIAN_POINT('',(-67.75,-38.85,18.));
#2725=CARTESIAN_POINT('',(-67.75,-20.425,18.));
#2726=CARTESIAN_POINT('Origin',(-67.75,-38.85,17.));
#2727=CARTESIAN_POINT('Origin',(-60.3125,-38.85,17.));
#2728=CARTESIAN_POINT('',(-60.3125,-37.85,17.));
#2729=CARTESIAN_POINT('',(-60.3125,-38.85,18.));
#2730=CARTESIAN_POINT('Origin',(-66.75,37.85,3.));
#2731=CARTESIAN_POINT('',(-66.75,37.85,3.));
#2732=CARTESIAN_POINT('',(-52.375,37.85,3.));
#2733=CARTESIAN_POINT('Origin',(-66.75,-40.85,3.));
#2734=CARTESIAN_POINT('',(-66.75,-37.85,3.));
#2735=CARTESIAN_POINT('Origin',(-52.375,-37.85,3.));
#2736=CARTESIAN_POINT('',(-52.375,-37.85,3.));
#2737=CARTESIAN_POINT('Origin',(-52.375,-40.85,3.));
#2738=CARTESIAN_POINT('Origin',(-68.25,0.,18.));
#2739=CARTESIAN_POINT('Origin',(-13.375,40.1,17.));
#2740=CARTESIAN_POINT('',(-13.375,38.85,18.));
#2741=CARTESIAN_POINT('',(-13.375,39.85,18.));
#2742=CARTESIAN_POINT('',(-13.375,40.1,18.));
#2743=CARTESIAN_POINT('',(-14.375,40.85,17.));
#2744=CARTESIAN_POINT('Origin',(-13.375,39.85,17.));
#2745=CARTESIAN_POINT('',(-14.375,37.85,17.));
#2746=CARTESIAN_POINT('',(-14.375,40.1,17.));
#2747=CARTESIAN_POINT('Origin',(-13.375,38.85,17.));
#2748=CARTESIAN_POINT('Origin',(34.875,39.85,17.));
#2749=CARTESIAN_POINT('',(13.375,39.85,18.));
#2750=CARTESIAN_POINT('',(34.875,39.85,18.));
#2751=CARTESIAN_POINT('',(14.375,40.85,17.));
#2752=CARTESIAN_POINT('Origin',(13.375,39.85,17.));
#2753=CARTESIAN_POINT('',(34.875,40.85,17.));
#2754=CARTESIAN_POINT('Origin',(13.375,38.6,17.));
#2755=CARTESIAN_POINT('',(13.375,38.85,18.));
#2756=CARTESIAN_POINT('',(13.375,38.6,18.));
#2757=CARTESIAN_POINT('',(14.375,37.85,17.));
#2758=CARTESIAN_POINT('Origin',(13.375,38.85,17.));
#2759=CARTESIAN_POINT('',(14.375,38.6,17.));
#2760=CARTESIAN_POINT('Origin',(-7.1875,38.85,17.));
#2761=CARTESIAN_POINT('',(-7.1875,37.85,17.));
#2762=CARTESIAN_POINT('',(-7.1875,38.85,18.));
#2763=CARTESIAN_POINT('Origin',(-14.375,37.85,3.));
#2764=CARTESIAN_POINT('',(-14.375,37.85,3.));
#2765=CARTESIAN_POINT('',(14.375,37.85,3.));
#2766=CARTESIAN_POINT('Origin',(-14.375,40.85,3.));
#2767=CARTESIAN_POINT('',(-14.375,40.85,3.));
#2768=CARTESIAN_POINT('Origin',(0.,39.35,18.));
#2769=CARTESIAN_POINT('Origin',(-0.750000000000002,-39.85,17.));
#2770=CARTESIAN_POINT('',(68.75,-39.85,18.));
#2771=CARTESIAN_POINT('',(53.375,-39.85,18.));
#2772=CARTESIAN_POINT('',(-0.750000000000002,-39.85,18.));
#2773=CARTESIAN_POINT('Origin',(53.375,-39.85,17.));
#2774=CARTESIAN_POINT('Origin',(68.75,-39.85,17.));
#2775=CARTESIAN_POINT('Origin',(53.375,-18.925,17.));
#2776=CARTESIAN_POINT('',(53.375,-38.85,18.));
#2777=CARTESIAN_POINT('',(53.375,-18.925,18.));
#2778=CARTESIAN_POINT('',(52.375,-37.85,17.));
#2779=CARTESIAN_POINT('Origin',(53.375,-38.85,17.));
#2780=CARTESIAN_POINT('',(52.375,-18.925,17.));
#2781=CARTESIAN_POINT('Origin',(67.5,-38.85,17.));
#2782=CARTESIAN_POINT('',(67.75,-38.85,18.));
#2783=CARTESIAN_POINT('',(67.5,-38.85,18.));
#2784=CARTESIAN_POINT('',(66.75,-37.85,17.));
#2785=CARTESIAN_POINT('Origin',(67.75,-38.85,17.));
#2786=CARTESIAN_POINT('',(67.5,-37.85,17.));
#2787=CARTESIAN_POINT('Origin',(67.75,20.425,17.));
#2788=CARTESIAN_POINT('',(67.75,38.85,18.));
#2789=CARTESIAN_POINT('',(67.75,20.425,18.));
#2790=CARTESIAN_POINT('',(66.75,37.85,17.));
#2791=CARTESIAN_POINT('Origin',(67.75,38.85,17.));
#2792=CARTESIAN_POINT('',(66.75,20.425,17.));
#2793=CARTESIAN_POINT('Origin',(60.3125,38.85,17.));
#2794=CARTESIAN_POINT('',(53.375,38.85,18.));
#2795=CARTESIAN_POINT('',(60.3125,38.85,18.));
#2796=CARTESIAN_POINT('',(52.375,37.85,17.));
#2797=CARTESIAN_POINT('Origin',(53.375,38.85,17.));
#2798=CARTESIAN_POINT('',(60.3125,37.85,17.));
#2799=CARTESIAN_POINT('Origin',(53.375,20.425,17.));
#2800=CARTESIAN_POINT('',(52.375,40.85,17.));
#2801=CARTESIAN_POINT('',(52.375,20.425,17.));
#2802=CARTESIAN_POINT('',(53.375,39.85,18.));
#2803=CARTESIAN_POINT('',(53.375,20.425,18.));
#2804=CARTESIAN_POINT('Origin',(53.375,39.85,17.));
#2805=CARTESIAN_POINT('Origin',(69.,39.85,17.));
#2806=CARTESIAN_POINT('',(69.75,40.85,17.));
#2807=CARTESIAN_POINT('',(69.,40.85,17.));
#2808=CARTESIAN_POINT('',(68.75,39.85,18.));
#2809=CARTESIAN_POINT('',(69.,39.85,18.));
#2810=CARTESIAN_POINT('Origin',(68.75,39.85,17.));
#2811=CARTESIAN_POINT('Origin',(68.75,-20.425,17.));
#2812=CARTESIAN_POINT('',(69.75,-20.425,17.));
#2813=CARTESIAN_POINT('',(68.75,-20.425,18.));
#2814=CARTESIAN_POINT('Origin',(52.375,40.85,3.));
#2815=CARTESIAN_POINT('',(52.375,40.85,3.));
#2816=CARTESIAN_POINT('',(52.375,37.85,3.));
#2817=CARTESIAN_POINT('Origin',(69.75,40.85,0.));
#2818=CARTESIAN_POINT('',(-52.375,40.85,3.));
#2819=CARTESIAN_POINT('',(14.375,40.85,3.));
#2820=CARTESIAN_POINT('',(69.75,40.85,0.));
#2821=CARTESIAN_POINT('',(69.75,40.85,0.));
#2822=CARTESIAN_POINT('',(-69.75,40.85,0.));
#2823=CARTESIAN_POINT('',(69.75,40.85,0.));
#2824=CARTESIAN_POINT('',(-69.75,40.85,0.));
#2825=CARTESIAN_POINT('Origin',(69.75,-40.85,0.));
#2826=CARTESIAN_POINT('',(69.75,-40.85,0.));
#2827=CARTESIAN_POINT('Origin',(68.25,0.,18.));
#2828=CARTESIAN_POINT('Origin',(46.375,-35.85,3.));
#2829=CARTESIAN_POINT('',(46.375,-33.85,0.));
#2830=CARTESIAN_POINT('',(46.375,-33.85,3.));
#2831=CARTESIAN_POINT('Origin',(46.375,-35.85,0.));
#2832=CARTESIAN_POINT('Origin',(20.375,-33.85,3.));
#2833=CARTESIAN_POINT('',(10.1875,-33.85,0.));
#2834=CARTESIAN_POINT('Origin',(-20.375,35.85,3.));
#2835=CARTESIAN_POINT('',(-20.375,37.85,0.));
#2836=CARTESIAN_POINT('',(-20.375,37.85,3.));
#2837=CARTESIAN_POINT('Origin',(-20.375,35.85,0.));
#2838=CARTESIAN_POINT('Origin',(-46.375,37.85,3.));
#2839=CARTESIAN_POINT('',(-23.1875,37.85,0.));
#2840=CARTESIAN_POINT('Origin',(-20.375,-35.85,3.));
#2841=CARTESIAN_POINT('',(-20.375,-33.85,0.));
#2842=CARTESIAN_POINT('',(-20.375,-33.85,3.));
#2843=CARTESIAN_POINT('Origin',(-20.375,-35.85,0.));
#2844=CARTESIAN_POINT('Origin',(-46.375,-33.85,3.));
#2845=CARTESIAN_POINT('',(-23.1875,-33.85,0.));
#2846=CARTESIAN_POINT('Origin',(46.375,35.85,3.));
#2847=CARTESIAN_POINT('',(46.375,37.85,0.));
#2848=CARTESIAN_POINT('',(46.375,37.85,3.));
#2849=CARTESIAN_POINT('Origin',(46.375,35.85,0.));
#2850=CARTESIAN_POINT('Origin',(20.375,37.85,3.));
#2851=CARTESIAN_POINT('',(10.1875,37.85,0.));
#2852=CARTESIAN_POINT('Origin',(52.375,37.85,3.));
#2853=CARTESIAN_POINT('',(66.75,37.85,3.));
#2854=CARTESIAN_POINT('Origin',(66.75,40.85,3.));
#2855=CARTESIAN_POINT('',(66.75,-37.85,3.));
#2856=CARTESIAN_POINT('Origin',(14.375,37.85,3.));
#2857=CARTESIAN_POINT('Origin',(-52.375,37.85,3.));
#2858=CARTESIAN_POINT('Origin',(66.75,-37.85,3.));
#2859=CARTESIAN_POINT('',(52.375,-37.85,3.));
#2860=CARTESIAN_POINT('Origin',(52.375,-37.85,3.));
#2861=CARTESIAN_POINT('Origin',(14.375,-37.85,3.));
#2862=CARTESIAN_POINT('',(-14.375,-37.85,3.));
#2863=CARTESIAN_POINT('Origin',(-14.375,-37.85,3.));
#2864=CARTESIAN_POINT('Origin',(-69.75,40.85,0.));
#2865=CARTESIAN_POINT('',(-69.75,40.85,0.));
#2866=CARTESIAN_POINT('Origin',(0.,0.,0.));
#2867=CARTESIAN_POINT('',(0.,0.,0.));
#2868=CARTESIAN_POINT('Origin',(33.85,56.,66.));
#2869=CARTESIAN_POINT('',(0.,56.,132.));
#2870=CARTESIAN_POINT('',(67.7,56.,132.));
#2871=CARTESIAN_POINT('',(33.85,56.,132.));
#2872=CARTESIAN_POINT('',(67.7,56.,0.));
#2873=CARTESIAN_POINT('',(67.7,56.,66.));
#2874=CARTESIAN_POINT('',(0.,56.,0.));
#2875=CARTESIAN_POINT('',(33.85,56.,0.));
#2876=CARTESIAN_POINT('',(0.,56.,66.));
#2877=CARTESIAN_POINT('Origin',(33.85,0.,66.));
#2878=CARTESIAN_POINT('',(67.7,0.,132.));
#2879=CARTESIAN_POINT('',(0.,0.,132.));
#2880=CARTESIAN_POINT('',(33.85,0.,132.));
#2881=CARTESIAN_POINT('',(0.,0.,0.));
#2882=CARTESIAN_POINT('',(0.,0.,66.));
#2883=CARTESIAN_POINT('',(67.7,0.,0.));
#2884=CARTESIAN_POINT('',(33.85,0.,0.));
#2885=CARTESIAN_POINT('',(67.7,0.,66.));
#2886=CARTESIAN_POINT('Origin',(0.,28.,66.));
#2887=CARTESIAN_POINT('',(0.,28.,0.));
#2888=CARTESIAN_POINT('',(0.,28.,132.));
#2889=CARTESIAN_POINT('Origin',(33.85,28.,0.));
#2890=CARTESIAN_POINT('',(67.7,28.,0.));
#2891=CARTESIAN_POINT('Origin',(67.7,28.,66.));
#2892=CARTESIAN_POINT('',(67.7,28.,132.));
#2893=CARTESIAN_POINT('Origin',(33.85,28.,132.));
#2894=CARTESIAN_POINT('',(0.,-4.17320017580607,4.17320017580607));
#2895=CARTESIAN_POINT('',(-66.0000000000001,-1.17320017580601,38.0232001758059));
#2896=UNCERTAINTY_MEASURE_WITH_UNIT(LENGTH_MEASURE(0.01),#2904,
'DISTANCE_ACCURACY_VALUE',
'Maximum model space distance between geometric entities at asserted c
onnectivities');
#2897=UNCERTAINTY_MEASURE_WITH_UNIT(LENGTH_MEASURE(0.01),#2904,
'DISTANCE_ACCURACY_VALUE',
'Maximum model space distance between geometric entities at asserted c
onnectivities');
#2898=UNCERTAINTY_MEASURE_WITH_UNIT(LENGTH_MEASURE(0.01),#2904,
'DISTANCE_ACCURACY_VALUE',
'Maximum model space distance between geometric entities at asserted c
onnectivities');
#2899=UNCERTAINTY_MEASURE_WITH_UNIT(LENGTH_MEASURE(0.01),#2904,
'DISTANCE_ACCURACY_VALUE',
'Maximum model space distance between geometric entities at asserted c
onnectivities');
#2900=(
GEOMETRIC_REPRESENTATION_CONTEXT(3)
GLOBAL_UNCERTAINTY_ASSIGNED_CONTEXT((#2896))
GLOBAL_UNIT_ASSIGNED_CONTEXT((#2904,#2906,#2907))
REPRESENTATION_CONTEXT('','3D')
);
#2901=(
GEOMETRIC_REPRESENTATION_CONTEXT(3)
GLOBAL_UNCERTAINTY_ASSIGNED_CONTEXT((#2897))
GLOBAL_UNIT_ASSIGNED_CONTEXT((#2904,#2906,#2907))
REPRESENTATION_CONTEXT('','3D')
);
#2902=(
GEOMETRIC_REPRESENTATION_CONTEXT(3)
GLOBAL_UNCERTAINTY_ASSIGNED_CONTEXT((#2898))
GLOBAL_UNIT_ASSIGNED_CONTEXT((#2904,#2906,#2907))
REPRESENTATION_CONTEXT('','3D')
);
#2903=(
GEOMETRIC_REPRESENTATION_CONTEXT(3)
GLOBAL_UNCERTAINTY_ASSIGNED_CONTEXT((#2899))
GLOBAL_UNIT_ASSIGNED_CONTEXT((#2904,#2906,#2907))
REPRESENTATION_CONTEXT('','3D')
);
#2904=(
LENGTH_UNIT()
NAMED_UNIT(*)
SI_UNIT(.MILLI.,.METRE.)
);
#2905=(
LENGTH_UNIT()
NAMED_UNIT(*)
SI_UNIT($,.METRE.)
);
#2906=(
NAMED_UNIT(*)
PLANE_ANGLE_UNIT()
SI_UNIT($,.RADIAN.)
);
#2907=(
NAMED_UNIT(*)
SI_UNIT($,.STERADIAN.)
SOLID_ANGLE_UNIT()
);
#2908=SHAPE_DEFINITION_REPRESENTATION(#2911,#2916);
#2909=SHAPE_DEFINITION_REPRESENTATION(#2912,#2917);
#2910=SHAPE_DEFINITION_REPRESENTATION(#2913,#2918);
#2911=PRODUCT_DEFINITION_SHAPE('',$,#2920);
#2912=PRODUCT_DEFINITION_SHAPE('',$,#2921);
#2913=PRODUCT_DEFINITION_SHAPE('',$,#2922);
#2914=PRODUCT_DEFINITION_SHAPE($,$,#17);
#2915=PRODUCT_DEFINITION_SHAPE($,$,#18);
#2916=SHAPE_REPRESENTATION('',(#1708,#1891,#1892),#2900);
#2917=SHAPE_REPRESENTATION('',(#1709),#2901);
#2918=SHAPE_REPRESENTATION('',(#1884),#2902);
#2919=PRODUCT_DEFINITION_CONTEXT('part definition',#2930,'design');
#2920=PRODUCT_DEFINITION('2026-08-16-19-13-02-674','\X2\75356C606A215757\X0\',
#2923,#2919);
#2921=PRODUCT_DEFINITION('2026-05-26-08-43-21-523','\X2\75356C60625876D8\X0\',
#2924,#2919);
#2922=PRODUCT_DEFINITION('2026-05-28-00-42-13-153','\X2\75356C60\X0\',#2925,
#2919);
#2923=PRODUCT_DEFINITION_FORMATION('',$,#2932);
#2924=PRODUCT_DEFINITION_FORMATION('',$,#2933);
#2925=PRODUCT_DEFINITION_FORMATION('',$,#2934);
#2926=PRODUCT_RELATED_PRODUCT_CATEGORY('\X2\75356C606A215757\X0\',
'\X2\75356C606A215757\X0\',(#2932));
#2927=PRODUCT_RELATED_PRODUCT_CATEGORY('\X2\75356C60625876D8\X0\',
'\X2\75356C60625876D8\X0\',(#2933));
#2928=PRODUCT_RELATED_PRODUCT_CATEGORY('\X2\75356C60\X0\','\X2\75356C60\X0\',
(#2934));
#2929=APPLICATION_PROTOCOL_DEFINITION('international standard',
'automotive_design',2009,#2930);
#2930=APPLICATION_CONTEXT(
'Core Data for Automotive Mechanical Design Process');
#2931=PRODUCT_CONTEXT('part definition',#2930,'mechanical');
#2932=PRODUCT('2026-08-16-19-13-02-674','\X2\75356C606A215757\X0\',$,(#2931));
#2933=PRODUCT('2026-05-26-08-43-21-523','\X2\75356C60625876D8\X0\',$,(#2931));
#2934=PRODUCT('2026-05-28-00-42-13-153','\X2\75356C60\X0\',$,(#2931));
#2935=PRESENTATION_STYLE_ASSIGNMENT((#2936));
#2936=SURFACE_STYLE_USAGE(.BOTH.,#2937);
#2937=SURFACE_SIDE_STYLE('',(#2938));
#2938=SURFACE_STYLE_FILL_AREA(#2939);
#2939=FILL_AREA_STYLE('\X2\94A2\X0\ - \X2\7F0E5149\X0\',(#2940));
#2940=FILL_AREA_STYLE_COLOUR('\X2\94A2\X0\ - \X2\7F0E5149\X0\',#2941);
#2941=COLOUR_RGB('\X2\94A2\X0\ - \X2\7F0E5149\X0\',0.627450980392157,0.627450980392157,
0.627450980392157);
ENDSEC;
END-ISO-10303-21;
