ISO-10303-21;
HEADER;
/* Generated by software containing ST-Developer
 * from STEP Tools, Inc. (www.steptools.com) 
 */

FILE_DESCRIPTION(
/* description */ (''),
/* implementation_level */ '2;1');

FILE_NAME(
/* name */ '',
/* time_stamp */ '2026-08-17T23:01:08+08:00',
/* author */ (''),
/* organization */ (''),
/* preprocessor_version */ 'ST-DEVELOPER v20.1',
/* originating_system */ 'Autodesk Translation Framework v15.8.0.0',
/* authorisation */ '');

FILE_SCHEMA (('AUTOMOTIVE_DESIGN { 1 0 10303 214 3 1 1 }'));
ENDSEC;

DATA;
#10=MECHANICAL_DESIGN_GEOMETRIC_PRESENTATION_REPRESENTATION('',(#13),#3509);
#11=SHAPE_REPRESENTATION_RELATIONSHIP('SRR','None',#3516,#12);
#12=ADVANCED_BREP_SHAPE_REPRESENTATION('',(#14),#3508);
#13=STYLED_ITEM('',(#3525),#14);
#14=MANIFOLD_SOLID_BREP('\X2\5B9E4F53\X0\1',#844);
#15=SPHERICAL_SURFACE('',#922,20.5);
#16=SPHERICAL_SURFACE('',#926,20.5);
#17=B_SPLINE_SURFACE_WITH_KNOTS('',3,1,((#2161,#2162),(#2163,#2164),(#2165,
#2166),(#2167,#2168),(#2169,#2170),(#2171,#2172),(#2173,#2174),(#2175,#2176),
(#2177,#2178),(#2179,#2180),(#2181,#2182),(#2183,#2184),(#2185,#2186),(#2187,
#2188)),.UNSPECIFIED.,.F.,.F.,.F.,(4,2,2,2,2,2,4),(2,2),(0.166907281069304,
0.425271219521142,0.846438815583307,1.26350194336142,1.67645974993914,1.94775661272178,
2.21722880151983),(0.,0.6),.UNSPECIFIED.);
#18=B_SPLINE_SURFACE_WITH_KNOTS('',3,1,((#2236,#2237),(#2238,#2239),(#2240,
#2241),(#2242,#2243),(#2244,#2245),(#2246,#2247),(#2248,#2249),(#2250,#2251),
(#2252,#2253),(#2254,#2255),(#2256,#2257),(#2258,#2259),(#2260,#2261),(#2262,
#2263)),.UNSPECIFIED.,.F.,.F.,.F.,(4,2,2,2,2,2,4),(2,2),(0.,0.407035419584663,
0.818172672193488,1.23341089302121,1.65274922561633,1.93283431965613,2.04820965196944),
(0.,0.6),.UNSPECIFIED.);
#19=B_SPLINE_SURFACE_WITH_KNOTS('',3,3,((#2293,#2294,#2295,#2296,#2297,
#2298,#2299,#2300,#2301,#2302,#2303,#2304,#2305,#2306,#2307,#2308,#2309,
#2310,#2311,#2312,#2313,#2314,#2315,#2316,#2317,#2318,#2319,#2320,#2321,
#2322,#2323,#2324,#2325,#2326,#2327,#2328,#2329,#2330,#2331,#2332,#2333,
#2334,#2335,#2336,#2337,#2338,#2339,#2340,#2341,#2342,#2343,#2344,#2345,
#2346,#2347,#2348,#2349,#2350,#2351,#2352,#2353,#2354,#2355,#2356,#2357,
#2358,#2359,#2360,#2361,#2362,#2363,#2364,#2365,#2366,#2367,#2368,#2369,
#2370,#2371,#2372,#2373,#2374,#2375,#2376,#2377,#2378,#2379,#2380,#2381,
#2382,#2383,#2384,#2385,#2386,#2387,#2388,#2389,#2390,#2391),(#2392,#2393,
#2394,#2395,#2396,#2397,#2398,#2399,#2400,#2401,#2402,#2403,#2404,#2405,
#2406,#2407,#2408,#2409,#2410,#2411,#2412,#2413,#2414,#2415,#2416,#2417,
#2418,#2419,#2420,#2421,#2422,#2423,#2424,#2425,#2426,#2427,#2428,#2429,
#2430,#2431,#2432,#2433,#2434,#2435,#2436,#2437,#2438,#2439,#2440,#2441,
#2442,#2443,#2444,#2445,#2446,#2447,#2448,#2449,#2450,#2451,#2452,#2453,
#2454,#2455,#2456,#2457,#2458,#2459,#2460,#2461,#2462,#2463,#2464,#2465,
#2466,#2467,#2468,#2469,#2470,#2471,#2472,#2473,#2474,#2475,#2476,#2477,
#2478,#2479,#2480,#2481,#2482,#2483,#2484,#2485,#2486,#2487,#2488,#2489,
#2490),(#2491,#2492,#2493,#2494,#2495,#2496,#2497,#2498,#2499,#2500,#2501,
#2502,#2503,#2504,#2505,#2506,#2507,#2508,#2509,#2510,#2511,#2512,#2513,
#2514,#2515,#2516,#2517,#2518,#2519,#2520,#2521,#2522,#2523,#2524,#2525,
#2526,#2527,#2528,#2529,#2530,#2531,#2532,#2533,#2534,#2535,#2536,#2537,
#2538,#2539,#2540,#2541,#2542,#2543,#2544,#2545,#2546,#2547,#2548,#2549,
#2550,#2551,#2552,#2553,#2554,#2555,#2556,#2557,#2558,#2559,#2560,#2561,
#2562,#2563,#2564,#2565,#2566,#2567,#2568,#2569,#2570,#2571,#2572,#2573,
#2574,#2575,#2576,#2577,#2578,#2579,#2580,#2581,#2582,#2583,#2584,#2585,
#2586,#2587,#2588,#2589),(#2590,#2591,#2592,#2593,#2594,#2595,#2596,#2597,
#2598,#2599,#2600,#2601,#2602,#2603,#2604,#2605,#2606,#2607,#2608,#2609,
#2610,#2611,#2612,#2613,#2614,#2615,#2616,#2617,#2618,#2619,#2620,#2621,
#2622,#2623,#2624,#2625,#2626,#2627,#2628,#2629,#2630,#2631,#2632,#2633,
#2634,#2635,#2636,#2637,#2638,#2639,#2640,#2641,#2642,#2643,#2644,#2645,
#2646,#2647,#2648,#2649,#2650,#2651,#2652,#2653,#2654,#2655,#2656,#2657,
#2658,#2659,#2660,#2661,#2662,#2663,#2664,#2665,#2666,#2667,#2668,#2669,
#2670,#2671,#2672,#2673,#2674,#2675,#2676,#2677,#2678,#2679,#2680,#2681,
#2682,#2683,#2684,#2685,#2686,#2687,#2688)),.UNSPECIFIED.,.F.,.F.,.F.,(4,
4),(4,1,1,1,1,1,1,1,1,1,1,1,1,1,1,1,1,1,1,1,1,1,1,1,1,1,1,1,1,1,1,1,1,1,
1,1,1,1,1,1,1,1,1,1,1,1,1,1,1,1,1,1,1,1,1,1,1,1,1,1,1,1,1,1,1,1,1,1,1,1,
1,1,1,1,1,1,1,1,1,1,1,1,1,1,1,1,1,1,1,1,1,1,1,1,1,1,4),(0.,0.0659911357683743),
(8.30294305399048,8.79577750070936,9.28861194742825,9.78144639414713,10.274280840866,
10.7671152875849,11.2599497343038,11.7527841810227,12.2456186277415,12.7384530744604,
13.2312875211793,13.7241219678982,14.2169564146171,14.709790861336,15.2026253080548,
15.6954597547737,16.1882942014926,16.6811286482115,17.1739630949304,17.6667975416493,
18.1596319883681,18.652466435087,19.1453008818059,19.6381353285248,20.1309697752437,
20.6238042219626,21.1166386686814,21.6094731154003,22.1023075621192,22.5951420088381,
23.087976455557,23.5808109022759,24.0736453489947,24.5664797957136,25.0593142424325,
25.5521486891514,26.0449831358703,26.5378175825891,27.030652029308,27.5234864760269,
28.0163209227458,28.5091553694647,29.0019898161836,29.4948242629024,29.9876587096213,
30.4804931563402,30.9733276030591,31.466162049778,31.9589964964969,32.4518309432157,
32.9446653899346,33.4374998366535,33.9303342833724,34.4231687300913,34.9160031768102,
35.408837623529,35.9016720702479,36.3945065169668,36.8873409636857,37.3801754104046,
37.8730098571234,38.3658443038423,38.8586787505612,39.3515131972801,39.844347643999,
40.3371820907179,40.8300165374367,41.3228509841556,41.8156854308745,42.3085198775934,
42.8013543243123,43.2941887710312,43.78702321775,44.2798576644689,44.7726921111878,
45.2655265579067,45.7583610046256,46.2511954513445,46.7440298980633,47.2368643447822,
47.7296987915011,48.22253323822,48.7153676849389,49.2082021316578,49.7010365783766,
50.1938710250955,50.6867054718144,51.1795399185333,51.6723743652522,52.165208811971,
52.6580432586899,53.1508777054088,53.6437121521277,54.1365465988466,54.6293810455655,
55.1222154922843,55.6150499390032),.UNSPECIFIED.);
#20=B_SPLINE_SURFACE_WITH_KNOTS('',3,3,((#2859,#2860,#2861,#2862,#2863,
#2864,#2865,#2866,#2867,#2868,#2869,#2870,#2871,#2872,#2873,#2874,#2875,
#2876,#2877,#2878,#2879,#2880,#2881,#2882,#2883,#2884,#2885,#2886,#2887,
#2888,#2889,#2890,#2891,#2892,#2893,#2894,#2895,#2896,#2897,#2898,#2899,
#2900,#2901,#2902,#2903,#2904,#2905,#2906,#2907,#2908,#2909,#2910,#2911,
#2912,#2913,#2914,#2915,#2916,#2917,#2918,#2919,#2920,#2921,#2922,#2923,
#2924,#2925,#2926,#2927,#2928,#2929,#2930,#2931,#2932,#2933,#2934,#2935,
#2936,#2937,#2938,#2939,#2940,#2941,#2942,#2943,#2944,#2945,#2946,#2947,
#2948,#2949,#2950,#2951,#2952,#2953,#2954,#2955,#2956,#2957),(#2958,#2959,
#2960,#2961,#2962,#2963,#2964,#2965,#2966,#2967,#2968,#2969,#2970,#2971,
#2972,#2973,#2974,#2975,#2976,#2977,#2978,#2979,#2980,#2981,#2982,#2983,
#2984,#2985,#2986,#2987,#2988,#2989,#2990,#2991,#2992,#2993,#2994,#2995,
#2996,#2997,#2998,#2999,#3000,#3001,#3002,#3003,#3004,#3005,#3006,#3007,
#3008,#3009,#3010,#3011,#3012,#3013,#3014,#3015,#3016,#3017,#3018,#3019,
#3020,#3021,#3022,#3023,#3024,#3025,#3026,#3027,#3028,#3029,#3030,#3031,
#3032,#3033,#3034,#3035,#3036,#3037,#3038,#3039,#3040,#3041,#3042,#3043,
#3044,#3045,#3046,#3047,#3048,#3049,#3050,#3051,#3052,#3053,#3054,#3055,
#3056),(#3057,#3058,#3059,#3060,#3061,#3062,#3063,#3064,#3065,#3066,#3067,
#3068,#3069,#3070,#3071,#3072,#3073,#3074,#3075,#3076,#3077,#3078,#3079,
#3080,#3081,#3082,#3083,#3084,#3085,#3086,#3087,#3088,#3089,#3090,#3091,
#3092,#3093,#3094,#3095,#3096,#3097,#3098,#3099,#3100,#3101,#3102,#3103,
#3104,#3105,#3106,#3107,#3108,#3109,#3110,#3111,#3112,#3113,#3114,#3115,
#3116,#3117,#3118,#3119,#3120,#3121,#3122,#3123,#3124,#3125,#3126,#3127,
#3128,#3129,#3130,#3131,#3132,#3133,#3134,#3135,#3136,#3137,#3138,#3139,
#3140,#3141,#3142,#3143,#3144,#3145,#3146,#3147,#3148,#3149,#3150,#3151,
#3152,#3153,#3154,#3155),(#3156,#3157,#3158,#3159,#3160,#3161,#3162,#3163,
#3164,#3165,#3166,#3167,#3168,#3169,#3170,#3171,#3172,#3173,#3174,#3175,
#3176,#3177,#3178,#3179,#3180,#3181,#3182,#3183,#3184,#3185,#3186,#3187,
#3188,#3189,#3190,#3191,#3192,#3193,#3194,#3195,#3196,#3197,#3198,#3199,
#3200,#3201,#3202,#3203,#3204,#3205,#3206,#3207,#3208,#3209,#3210,#3211,
#3212,#3213,#3214,#3215,#3216,#3217,#3218,#3219,#3220,#3221,#3222,#3223,
#3224,#3225,#3226,#3227,#3228,#3229,#3230,#3231,#3232,#3233,#3234,#3235,
#3236,#3237,#3238,#3239,#3240,#3241,#3242,#3243,#3244,#3245,#3246,#3247,
#3248,#3249,#3250,#3251,#3252,#3253,#3254)),.UNSPECIFIED.,.F.,.F.,.F.,(4,
4),(4,1,1,1,1,1,1,1,1,1,1,1,1,1,1,1,1,1,1,1,1,1,1,1,1,1,1,1,1,1,1,1,1,1,
1,1,1,1,1,1,1,1,1,1,1,1,1,1,1,1,1,1,1,1,1,1,1,1,1,1,1,1,1,1,1,1,1,1,1,1,
1,1,1,1,1,1,1,1,1,1,1,1,1,1,1,1,1,1,1,1,1,1,1,1,1,1,4),(0.,0.0659911357683743),
(11.6150328478183,12.1078672945372,12.6007017412561,13.093536187975,13.5863706346938,
14.0792050814127,14.5720395281316,15.0648739748505,15.5577084215694,16.0505428682883,
16.5433773150071,17.036211761726,17.5290462084449,18.0218806551638,18.5147151018827,
19.0075495486016,19.5003839953204,19.9932184420393,20.4860528887582,20.9788873354771,
21.471721782196,21.9645562289149,22.4573906756337,22.9502251223526,23.4430595690715,
23.9358940157904,24.4287284625093,24.9215629092282,25.414397355947,25.9072318026659,
26.4000662493848,26.8929006961037,27.3857351428226,27.8785695895414,28.3714040362603,
28.8642384829792,29.3570729296981,29.849907376417,30.3427418231359,30.8355762698547,
31.3284107165736,31.8212451632925,32.3140796100114,32.8069140567303,33.2997485034492,
33.792582950168,34.2854173968869,34.7782518436058,35.2710862903247,35.7639207370436,
36.2567551837625,36.7495896304813,37.2424240772002,37.7352585239191,38.228092970638,
38.7209274173569,39.2137618640757,39.7065963107946,40.1994307575135,40.6922652042324,
41.1850996509513,41.6779340976702,42.170768544389,42.6636029911079,43.1564374378268,
43.6492718845457,44.1421063312646,44.6349407779835,45.1277752247023,45.6206096714212,
46.1134441181401,46.606278564859,47.0991130115779,47.5919474582968,48.0847819050156,
48.5776163517345,49.0704507984534,49.5632852451723,50.0561196918912,50.54895413861,
51.0417885853289,51.5346230320478,52.0274574787667,52.5202919254856,53.0131263722045,
53.5059608189233,53.9987952656422,54.4916297123611,54.98446415908,55.4772986057989,
55.9701330525178,56.4629674992366,56.9558019459555,57.4486363926744,57.9414708393933,
58.4343052861122,58.9271397328311),.UNSPECIFIED.);
#21=FACE_BOUND('',#170,.T.);
#22=FACE_BOUND('',#171,.T.);
#23=FACE_BOUND('',#176,.T.);
#24=FACE_BOUND('',#189,.T.);
#25=FACE_BOUND('',#191,.T.);
#26=FACE_BOUND('',#194,.T.);
#27=(
BOUNDED_CURVE()
B_SPLINE_CURVE(5,(#2092,#2093,#2094,#2095,#2096,#2097,#2098,#2099,#2100,
#2101),.UNSPECIFIED.,.F.,.F.)
B_SPLINE_CURVE_WITH_KNOTS((6,1,1,1,1,6),(0.,0.2,0.4,0.6,0.8,1.),
 .UNSPECIFIED.)
CURVE()
GEOMETRIC_REPRESENTATION_ITEM()
RATIONAL_B_SPLINE_CURVE((1.,1.,1.,1.,1.,1.,1.,1.,1.,1.))
REPRESENTATION_ITEM('')
);
#28=(
BOUNDED_CURVE()
B_SPLINE_CURVE(5,(#2103,#2104,#2105,#2106,#2107,#2108,#2109,#2110,#2111,
#2112),.UNSPECIFIED.,.F.,.F.)
B_SPLINE_CURVE_WITH_KNOTS((6,1,1,1,1,6),(-1.,-0.8,-0.6,-0.4,-0.2,0.),
 .UNSPECIFIED.)
CURVE()
GEOMETRIC_REPRESENTATION_ITEM()
RATIONAL_B_SPLINE_CURVE((1.,1.,1.,1.,1.,1.,1.,1.,1.,1.))
REPRESENTATION_ITEM('')
);
#29=(
BOUNDED_CURVE()
B_SPLINE_CURVE(5,(#2140,#2141,#2142,#2143,#2144,#2145,#2146,#2147,#2148,
#2149),.UNSPECIFIED.,.F.,.F.)
B_SPLINE_CURVE_WITH_KNOTS((6,1,1,1,1,6),(-1.,-0.8,-0.6,-0.4,-0.2,0.),
 .UNSPECIFIED.)
CURVE()
GEOMETRIC_REPRESENTATION_ITEM()
RATIONAL_B_SPLINE_CURVE((1.,1.,1.,1.,1.,1.,1.,1.,1.,1.))
REPRESENTATION_ITEM('')
);
#30=(
BOUNDED_CURVE()
B_SPLINE_CURVE(5,(#2150,#2151,#2152,#2153,#2154,#2155,#2156,#2157,#2158,
#2159),.UNSPECIFIED.,.F.,.F.)
B_SPLINE_CURVE_WITH_KNOTS((6,1,1,1,1,6),(0.,0.2,0.4,0.6,0.8,1.),
 .UNSPECIFIED.)
CURVE()
GEOMETRIC_REPRESENTATION_ITEM()
RATIONAL_B_SPLINE_CURVE((1.,1.,1.,1.,1.,1.,1.,1.,1.,1.))
REPRESENTATION_ITEM('')
);
#31=PLANE('',#881);
#32=PLANE('',#885);
#33=PLANE('',#892);
#34=PLANE('',#896);
#35=PLANE('',#901);
#36=PLANE('',#902);
#37=PLANE('',#903);
#38=PLANE('',#904);
#39=PLANE('',#905);
#40=PLANE('',#906);
#41=PLANE('',#907);
#42=PLANE('',#908);
#43=PLANE('',#909);
#44=PLANE('',#914);
#45=PLANE('',#915);
#46=PLANE('',#918);
#47=PLANE('',#928);
#48=CIRCLE('',#861,10.942);
#49=CIRCLE('',#869,10.942);
#50=CIRCLE('',#871,10.3705);
#51=CIRCLE('',#879,2.);
#52=CIRCLE('',#880,2.);
#53=CIRCLE('',#883,2.);
#54=CIRCLE('',#884,2.);
#55=CIRCLE('',#887,4.55);
#56=CIRCLE('',#888,4.55);
#57=CIRCLE('',#890,4.55);
#58=CIRCLE('',#891,4.55);
#59=CIRCLE('',#894,10.9);
#60=CIRCLE('',#895,10.9);
#61=CIRCLE('',#898,10.3705);
#62=CIRCLE('',#900,10.942);
#63=CIRCLE('',#910,22.75);
#64=CIRCLE('',#911,17.1);
#65=CIRCLE('',#913,22.75);
#66=CIRCLE('',#917,17.1);
#67=CIRCLE('',#920,17.1);
#68=CIRCLE('',#923,20.4999976208065);
#69=CIRCLE('',#927,20.5);
#70=CYLINDRICAL_SURFACE('',#860,10.942);
#71=CYLINDRICAL_SURFACE('',#862,10.942);
#72=CYLINDRICAL_SURFACE('',#863,10.942);
#73=CYLINDRICAL_SURFACE('',#864,10.942);
#74=CYLINDRICAL_SURFACE('',#865,10.942);
#75=CYLINDRICAL_SURFACE('',#866,10.942);
#76=CYLINDRICAL_SURFACE('',#867,10.942);
#77=CYLINDRICAL_SURFACE('',#868,10.942);
#78=CYLINDRICAL_SURFACE('',#870,10.3705);
#79=CYLINDRICAL_SURFACE('',#872,10.3705);
#80=CYLINDRICAL_SURFACE('',#873,10.3705);
#81=CYLINDRICAL_SURFACE('',#874,10.3705);
#82=CYLINDRICAL_SURFACE('',#875,10.3705);
#83=CYLINDRICAL_SURFACE('',#876,10.3705);
#84=CYLINDRICAL_SURFACE('',#877,10.3705);
#85=CYLINDRICAL_SURFACE('',#878,2.);
#86=CYLINDRICAL_SURFACE('',#882,2.);
#87=CYLINDRICAL_SURFACE('',#886,4.55);
#88=CYLINDRICAL_SURFACE('',#889,4.55);
#89=CYLINDRICAL_SURFACE('',#893,10.9);
#90=CYLINDRICAL_SURFACE('',#897,10.3705);
#91=CYLINDRICAL_SURFACE('',#899,10.942);
#92=CYLINDRICAL_SURFACE('',#912,22.75);
#93=CYLINDRICAL_SURFACE('',#921,17.1);
#94=FACE_OUTER_BOUND('',#145,.T.);
#95=FACE_OUTER_BOUND('',#146,.T.);
#96=FACE_OUTER_BOUND('',#147,.T.);
#97=FACE_OUTER_BOUND('',#148,.T.);
#98=FACE_OUTER_BOUND('',#149,.T.);
#99=FACE_OUTER_BOUND('',#150,.T.);
#100=FACE_OUTER_BOUND('',#151,.T.);
#101=FACE_OUTER_BOUND('',#152,.T.);
#102=FACE_OUTER_BOUND('',#153,.T.);
#103=FACE_OUTER_BOUND('',#154,.T.);
#104=FACE_OUTER_BOUND('',#155,.T.);
#105=FACE_OUTER_BOUND('',#156,.T.);
#106=FACE_OUTER_BOUND('',#157,.T.);
#107=FACE_OUTER_BOUND('',#158,.T.);
#108=FACE_OUTER_BOUND('',#159,.T.);
#109=FACE_OUTER_BOUND('',#160,.T.);
#110=FACE_OUTER_BOUND('',#161,.T.);
#111=FACE_OUTER_BOUND('',#162,.T.);
#112=FACE_OUTER_BOUND('',#163,.T.);
#113=FACE_OUTER_BOUND('',#164,.T.);
#114=FACE_OUTER_BOUND('',#165,.T.);
#115=FACE_OUTER_BOUND('',#166,.T.);
#116=FACE_OUTER_BOUND('',#167,.T.);
#117=FACE_OUTER_BOUND('',#168,.T.);
#118=FACE_OUTER_BOUND('',#169,.T.);
#119=FACE_OUTER_BOUND('',#172,.T.);
#120=FACE_OUTER_BOUND('',#173,.T.);
#121=FACE_OUTER_BOUND('',#174,.T.);
#122=FACE_OUTER_BOUND('',#175,.T.);
#123=FACE_OUTER_BOUND('',#177,.T.);
#124=FACE_OUTER_BOUND('',#178,.T.);
#125=FACE_OUTER_BOUND('',#179,.T.);
#126=FACE_OUTER_BOUND('',#180,.T.);
#127=FACE_OUTER_BOUND('',#181,.T.);
#128=FACE_OUTER_BOUND('',#182,.T.);
#129=FACE_OUTER_BOUND('',#183,.T.);
#130=FACE_OUTER_BOUND('',#184,.T.);
#131=FACE_OUTER_BOUND('',#185,.T.);
#132=FACE_OUTER_BOUND('',#186,.T.);
#133=FACE_OUTER_BOUND('',#187,.T.);
#134=FACE_OUTER_BOUND('',#188,.T.);
#135=FACE_OUTER_BOUND('',#190,.T.);
#136=FACE_OUTER_BOUND('',#192,.T.);
#137=FACE_OUTER_BOUND('',#193,.T.);
#138=FACE_OUTER_BOUND('',#195,.T.);
#139=FACE_OUTER_BOUND('',#196,.T.);
#140=FACE_OUTER_BOUND('',#197,.T.);
#141=FACE_OUTER_BOUND('',#198,.T.);
#142=FACE_OUTER_BOUND('',#199,.T.);
#143=FACE_OUTER_BOUND('',#200,.T.);
#144=FACE_OUTER_BOUND('',#201,.T.);
#145=EDGE_LOOP('',(#545,#546,#547,#548));
#146=EDGE_LOOP('',(#549,#550,#551,#552));
#147=EDGE_LOOP('',(#553,#554,#555,#556));
#148=EDGE_LOOP('',(#557,#558,#559,#560));
#149=EDGE_LOOP('',(#561,#562,#563,#564));
#150=EDGE_LOOP('',(#565,#566,#567,#568));
#151=EDGE_LOOP('',(#569,#570,#571,#572));
#152=EDGE_LOOP('',(#573,#574,#575,#576));
#153=EDGE_LOOP('',(#577,#578,#579,#580,#581));
#154=EDGE_LOOP('',(#582,#583,#584,#585,#586,#587));
#155=EDGE_LOOP('',(#588,#589,#590,#591));
#156=EDGE_LOOP('',(#592,#593,#594,#595));
#157=EDGE_LOOP('',(#596,#597,#598,#599));
#158=EDGE_LOOP('',(#600,#601,#602,#603));
#159=EDGE_LOOP('',(#604,#605,#606,#607));
#160=EDGE_LOOP('',(#608,#609,#610,#611));
#161=EDGE_LOOP('',(#612,#613,#614,#615));
#162=EDGE_LOOP('',(#616));
#163=EDGE_LOOP('',(#617,#618,#619,#620));
#164=EDGE_LOOP('',(#621));
#165=EDGE_LOOP('',(#622,#623,#624,#625));
#166=EDGE_LOOP('',(#626,#627,#628,#629));
#167=EDGE_LOOP('',(#630,#631,#632,#633));
#168=EDGE_LOOP('',(#634,#635,#636,#637));
#169=EDGE_LOOP('',(#638,#639,#640,#641));
#170=EDGE_LOOP('',(#642));
#171=EDGE_LOOP('',(#643));
#172=EDGE_LOOP('',(#644,#645,#646,#647));
#173=EDGE_LOOP('',(#648,#649,#650,#651));
#174=EDGE_LOOP('',(#652,#653,#654,#655));
#175=EDGE_LOOP('',(#656,#657,#658,#659));
#176=EDGE_LOOP('',(#660,#661,#662,#663));
#177=EDGE_LOOP('',(#664,#665,#666,#667,#668,#669,#670,#671,#672,#673,#674,
#675,#676,#677,#678,#679,#680,#681,#682,#683));
#178=EDGE_LOOP('',(#684,#685,#686,#687));
#179=EDGE_LOOP('',(#688,#689,#690,#691,#692,#693,#694,#695,#696,#697,#698,
#699,#700,#701,#702,#703,#704,#705,#706));
#180=EDGE_LOOP('',(#707,#708,#709));
#181=EDGE_LOOP('',(#710,#711,#712,#713,#714));
#182=EDGE_LOOP('',(#715,#716,#717,#718));
#183=EDGE_LOOP('',(#719,#720,#721,#722));
#184=EDGE_LOOP('',(#723,#724,#725,#726));
#185=EDGE_LOOP('',(#727,#728,#729,#730));
#186=EDGE_LOOP('',(#731,#732,#733,#734));
#187=EDGE_LOOP('',(#735,#736,#737,#738));
#188=EDGE_LOOP('',(#739,#740,#741,#742,#743,#744));
#189=EDGE_LOOP('',(#745,#746,#747,#748));
#190=EDGE_LOOP('',(#749));
#191=EDGE_LOOP('',(#750));
#192=EDGE_LOOP('',(#751,#752,#753,#754));
#193=EDGE_LOOP('',(#755));
#194=EDGE_LOOP('',(#756,#757,#758,#759,#760,#761));
#195=EDGE_LOOP('',(#762,#763,#764));
#196=EDGE_LOOP('',(#765,#766));
#197=EDGE_LOOP('',(#767,#768,#769,#770,#771));
#198=EDGE_LOOP('',(#772,#773));
#199=EDGE_LOOP('',(#774,#775,#776,#777,#778,#779,#780));
#200=EDGE_LOOP('',(#781,#782,#783));
#201=EDGE_LOOP('',(#784,#785,#786,#787,#788));
#202=B_SPLINE_CURVE_WITH_KNOTS('',3,(#1132,#1133,#1134,#1135,#1136,#1137,
#1138,#1139,#1140,#1141,#1142,#1143,#1144,#1145),.UNSPECIFIED.,.F.,.F.,
(4,2,2,2,2,2,4),(1.06445489207344,1.36631809073755,1.66818128940166,1.97004448806577,
2.27190768672989,2.49851757955055,2.72512747237122),.UNSPECIFIED.);
#203=B_SPLINE_CURVE_WITH_KNOTS('',3,(#1152,#1153,#1154,#1155,#1156,#1157,
#1158,#1159,#1160,#1161,#1162,#1163,#1164,#1165,#1166,#1167),
 .UNSPECIFIED.,.F.,.F.,(4,3,3,3,3,4),(-4.09293042013064,-3.94267557375106,
-3.44984112703218,-2.9570066803133,-2.46417223359441,-2.0731726733197),
 .UNSPECIFIED.);
#204=B_SPLINE_CURVE_WITH_KNOTS('',3,(#1170,#1171,#1172,#1173,#1174,#1175,
#1176,#1177,#1178,#1179),.UNSPECIFIED.,.F.,.F.,(4,3,3,4),(0.,0.492834446718882,
0.985668893437766,1.12183490677887),.UNSPECIFIED.);
#205=B_SPLINE_CURVE_WITH_KNOTS('',3,(#1184,#1185,#1186,#1187,#1188,#1189,
#1190,#1191,#1192,#1193,#1194,#1195,#1196,#1197,#1198,#1199,#1200,#1201,
#1202,#1203,#1204,#1205,#1206,#1207,#1208,#1209,#1210,#1211,#1212,#1213,
#1214,#1215,#1216,#1217,#1218,#1219,#1220,#1221,#1222,#1223,#1224,#1225,
#1226),.UNSPECIFIED.,.F.,.F.,(4,3,3,3,3,3,3,3,3,3,3,3,3,3,4),(-10.3761157273102,
-10.3495233810965,-9.85668893437766,-9.36385448765877,-8.87102004093989,
-8.37818559422101,-7.88535114750213,-7.39251670078324,-6.89968225406436,
-6.40684780734548,-5.91401336062659,-5.42117891390771,-4.92834446718883,
-4.43551002046995,-4.09293042013064),.UNSPECIFIED.);
#206=B_SPLINE_CURVE_WITH_KNOTS('',3,(#1227,#1228,#1229,#1230,#1231,#1232,
#1233,#1234,#1235,#1236,#1237,#1238,#1239,#1240,#1241,#1242,#1243,#1244,
#1245,#1246,#1247,#1248,#1249,#1250,#1251,#1252,#1253,#1254,#1255,#1256,
#1257,#1258,#1259,#1260,#1261,#1262,#1263,#1264,#1265,#1266,#1267,#1268,
#1269),.UNSPECIFIED.,.F.,.F.,(4,3,3,3,3,3,3,3,3,3,3,3,3,3,4),(1.12183490677887,
1.47850334015665,1.97133778687553,2.46417223359441,2.9570066803133,3.44984112703218,
3.94267557375106,4.43551002046994,4.92834446718883,5.42117891390771,5.91401336062659,
6.40684780734547,6.89968225406436,7.39251670078324,7.40502021395845),
 .UNSPECIFIED.);
#207=B_SPLINE_CURVE_WITH_KNOTS('',3,(#1274,#1275,#1276,#1277,#1278,#1279,
#1280,#1281,#1282,#1283,#1284,#1285,#1286,#1287,#1288,#1289,#1290,#1291,
#1292,#1293,#1294,#1295,#1296,#1297,#1298,#1299,#1300,#1301,#1302,#1303,
#1304,#1305,#1306,#1307,#1308,#1309,#1310,#1311,#1312,#1313),
 .UNSPECIFIED.,.F.,.F.,(4,3,3,3,3,3,3,3,3,3,3,3,3,4),(-16.6593010344898,
-16.2635367417231,-15.7707022950042,-15.2778678482854,-14.7850334015665,
-14.2921989548476,-13.7993645081287,-13.3065300614098,-12.813695614691,
-12.3208611679721,-11.8280267212532,-11.3351922745343,-10.8423578278154,
-10.3761157273102),.UNSPECIFIED.);
#208=B_SPLINE_CURVE_WITH_KNOTS('',3,(#1314,#1315,#1316,#1317,#1318,#1319,
#1320,#1321,#1322,#1323,#1324,#1325,#1326,#1327,#1328,#1329,#1330,#1331,
#1332,#1333,#1334,#1335,#1336,#1337,#1338,#1339,#1340,#1341,#1342,#1343,
#1344,#1345,#1346,#1347,#1348,#1349,#1350,#1351,#1352,#1353),
 .UNSPECIFIED.,.F.,.F.,(4,3,3,3,3,3,3,3,3,3,3,3,3,4),(7.40502021395845,
7.88535114750212,8.37818559422101,8.87102004093989,9.36385448765877,9.85668893437765,
10.3495233810965,10.8423578278154,11.3351922745343,11.8280267212532,12.3208611679721,
12.813695614691,13.3065300614098,13.688205521138),.UNSPECIFIED.);
#209=B_SPLINE_CURVE_WITH_KNOTS('',3,(#1358,#1359,#1360,#1361,#1362,#1363,
#1364,#1365,#1366,#1367,#1368,#1369,#1370,#1371,#1372,#1373,#1374,#1375,
#1376,#1377,#1378,#1379,#1380,#1381,#1382,#1383,#1384,#1385,#1386,#1387,
#1388,#1389,#1390,#1391,#1392,#1393,#1394,#1395,#1396,#1397,#1398,#1399,
#1400),.UNSPECIFIED.,.F.,.F.,(4,3,3,3,3,3,3,3,3,3,3,3,3,3,4),(-22.9424863416694,
-22.6703845490686,-22.1775501023497,-21.6847156556308,-21.191881208912,
-20.6990467621931,-20.2062123154742,-19.7133778687553,-19.2205434220364,
-18.7277089753175,-18.2348745285987,-17.7420400818798,-17.2492056351609,
-16.756371188442,-16.6593010344898),.UNSPECIFIED.);
#210=B_SPLINE_CURVE_WITH_KNOTS('',3,(#1401,#1402,#1403,#1404,#1405,#1406,
#1407,#1408,#1409,#1410,#1411,#1412,#1413,#1414,#1415,#1416,#1417,#1418,
#1419,#1420,#1421,#1422,#1423,#1424,#1425,#1426,#1427,#1428,#1429,#1430,
#1431,#1432,#1433,#1434,#1435,#1436,#1437,#1438,#1439,#1440,#1441,#1442,
#1443),.UNSPECIFIED.,.F.,.F.,(4,3,3,3,3,3,3,3,3,3,3,3,3,3,4),(13.688205521138,
13.7993645081287,14.2921989548476,14.7850334015665,15.2778678482854,15.7707022950043,
16.2635367417231,16.756371188442,17.2492056351609,17.7420400818798,18.2348745285987,
18.7277089753175,19.2205434220364,19.7133778687553,19.9713908283176),
 .UNSPECIFIED.);
#211=B_SPLINE_CURVE_WITH_KNOTS('',3,(#1448,#1449,#1450,#1451,#1452,#1453,
#1454,#1455,#1456,#1457,#1458,#1459,#1460,#1461,#1462,#1463,#1464,#1465,
#1466,#1467,#1468,#1469,#1470,#1471,#1472,#1473,#1474,#1475,#1476,#1477,
#1478,#1479,#1480,#1481,#1482,#1483,#1484,#1485,#1486,#1487,#1488,#1489,
#1490),.UNSPECIFIED.,.F.,.F.,(4,3,3,3,3,3,3,3,3,3,3,3,3,3,4),(-29.225671648849,
-29.0772323564141,-28.5843979096952,-28.0915634629763,-27.5987290162574,
-27.1058945695385,-26.6130601228197,-26.1202256761008,-25.6273912293819,
-25.134556782663,-24.6417223359441,-24.1488878892253,-23.6560534425064,
-23.1632189957875,-22.9424863416694),.UNSPECIFIED.);
#212=B_SPLINE_CURVE_WITH_KNOTS('',3,(#1491,#1492,#1493,#1494,#1495,#1496,
#1497,#1498,#1499,#1500,#1501,#1502,#1503,#1504,#1505,#1506,#1507,#1508,
#1509,#1510,#1511,#1512,#1513,#1514,#1515,#1516,#1517,#1518,#1519,#1520,
#1521,#1522,#1523,#1524,#1525,#1526,#1527,#1528,#1529,#1530,#1531,#1532,
#1533),.UNSPECIFIED.,.F.,.F.,(4,3,3,3,3,3,3,3,3,3,3,3,3,3,4),(19.9713908283176,
20.2062123154742,20.6990467621931,21.191881208912,21.6847156556308,22.1775501023497,
22.6703845490686,23.1632189957875,23.6560534425064,24.1488878892253,24.6417223359441,
25.134556782663,25.6273912293819,26.1202256761008,26.2545761354972),
 .UNSPECIFIED.);
#213=B_SPLINE_CURVE_WITH_KNOTS('',3,(#1538,#1539,#1540,#1541,#1542,#1543,
#1544,#1545,#1546,#1547,#1548,#1549,#1550,#1551,#1552,#1553,#1554,#1555,
#1556,#1557,#1558,#1559,#1560,#1561,#1562,#1563,#1564,#1565,#1566,#1567,
#1568,#1569,#1570,#1571,#1572,#1573,#1574,#1575,#1576,#1577,#1578,#1579,
#1580),.UNSPECIFIED.,.F.,.F.,(4,3,3,3,3,3,3,3,3,3,3,3,3,3,4),(-35.5088569560286,
-35.4840801637596,-34.9912457170407,-34.4984112703218,-34.0055768236029,
-33.512742376884,-33.0199079301651,-32.5270734834463,-32.0342390367274,
-31.5414045900085,-31.0485701432896,-30.5557356965707,-30.0629012498518,
-29.570066803133,-29.225671648849),.UNSPECIFIED.);
#214=B_SPLINE_CURVE_WITH_KNOTS('',3,(#1581,#1582,#1583,#1584,#1585,#1586,
#1587,#1588,#1589,#1590,#1591,#1592,#1593,#1594,#1595,#1596,#1597,#1598,
#1599,#1600,#1601,#1602,#1603,#1604,#1605,#1606,#1607,#1608,#1609,#1610,
#1611,#1612,#1613,#1614,#1615,#1616,#1617,#1618,#1619,#1620,#1621,#1622,
#1623),.UNSPECIFIED.,.F.,.F.,(4,3,3,3,3,3,3,3,3,3,3,3,3,3,4),(26.2545761354972,
26.6130601228197,27.1058945695386,27.5987290162574,28.0915634629763,28.5843979096952,
29.0772323564141,29.570066803133,30.0629012498518,30.5557356965707,31.0485701432896,
31.5414045900085,32.0342390367274,32.5270734834463,32.5377614426768),
 .UNSPECIFIED.);
#215=B_SPLINE_CURVE_WITH_KNOTS('',3,(#1628,#1629,#1630,#1631,#1632,#1633,
#1634,#1635,#1636,#1637,#1638,#1639,#1640,#1641,#1642,#1643,#1644,#1645,
#1646,#1647,#1648,#1649,#1650,#1651,#1652,#1653,#1654,#1655,#1656,#1657,
#1658,#1659,#1660,#1661,#1662,#1663,#1664,#1665,#1666,#1667),
 .UNSPECIFIED.,.F.,.F.,(4,3,3,3,3,3,3,3,3,3,3,3,3,4),(-41.7920422632082,
-41.3980935243862,-40.9052590776673,-40.4124246309484,-39.9195901842295,
-39.4267557375106,-38.9339212907917,-38.4410868440729,-37.948252397354,
-37.4554179506351,-36.9625835039162,-36.4697490571973,-35.9769146104784,
-35.5088569560286),.UNSPECIFIED.);
#216=B_SPLINE_CURVE_WITH_KNOTS('',3,(#1668,#1669,#1670,#1671,#1672,#1673,
#1674,#1675,#1676,#1677,#1678,#1679,#1680,#1681,#1682,#1683,#1684,#1685,
#1686,#1687,#1688,#1689,#1690,#1691,#1692,#1693,#1694,#1695,#1696,#1697,
#1698,#1699,#1700,#1701,#1702,#1703,#1704,#1705,#1706,#1707),
 .UNSPECIFIED.,.F.,.F.,(4,3,3,3,3,3,3,3,3,3,3,3,3,4),(32.5377614426768,
33.0199079301651,33.512742376884,34.0055768236029,34.4984112703218,34.9912457170407,
35.4840801637596,35.9769146104784,36.4697490571973,36.9625835039162,37.4554179506351,
37.948252397354,38.4410868440729,38.8209467498564),.UNSPECIFIED.);
#217=B_SPLINE_CURVE_WITH_KNOTS('',3,(#1714,#1715,#1716,#1717,#1718,#1719,
#1720,#1721,#1722,#1723,#1724,#1725,#1726,#1727,#1728,#1729,#1730,#1731,
#1732,#1733,#1734,#1735,#1736,#1737,#1738,#1739,#1740,#1741,#1742,#1743,
#1744,#1745,#1746,#1747,#1748,#1749,#1750),.UNSPECIFIED.,.F.,.F.,(4,3,3,
3,3,3,3,3,3,3,3,3,4),(-47.3121068850128,-46.8192724382939,-46.326437991575,
-45.8336035448561,-45.3407690981372,-44.8479346514183,-44.3551002046994,
-43.8622657579806,-43.3694313112617,-42.8765968645428,-42.3837624178239,
-41.890927971105,-41.7920422632082),.UNSPECIFIED.);
#218=B_SPLINE_CURVE_WITH_KNOTS('',3,(#1751,#1752,#1753,#1754,#1755,#1756,
#1757,#1758,#1759,#1760,#1761,#1762,#1763,#1764,#1765,#1766,#1767,#1768,
#1769,#1770,#1771,#1772,#1773,#1774,#1775,#1776,#1777,#1778,#1779,#1780,
#1781,#1782,#1783,#1784,#1785,#1786,#1787,#1788,#1789,#1790,#1791,#1792,
#1793),.UNSPECIFIED.,.F.,.F.,(4,3,3,3,3,3,3,3,3,3,3,3,3,3,4),(38.8209467498564,
38.9339212907917,39.4267557375106,39.9195901842295,40.4124246309484,40.9052590776673,
41.3980935243862,41.890927971105,42.3837624178239,42.8765968645428,43.3694313112617,
43.8622657579806,44.3551002046994,44.8479346514183,45.104132057036),
 .UNSPECIFIED.);
#219=B_SPLINE_CURVE_WITH_KNOTS('',3,(#1799,#1800,#1801,#1802,#1803,#1804,
#1805,#1806,#1807,#1808,#1809),.UNSPECIFIED.,.F.,.F.,(4,1,1,1,1,1,1,1,4),
(53.4070751110265,53.5059608189233,53.9987952656422,54.4916297123611,54.98446415908,
55.4772986057989,55.9701330525178,56.4629674992366,56.8539670595113),
 .UNSPECIFIED.);
#220=B_SPLINE_CURVE_WITH_KNOTS('',3,(#1816,#1817,#1818,#1819,#1820,#1821,
#1822,#1823),.UNSPECIFIED.,.F.,.F.,(4,1,1,1,1,4),(53.4070751110265,53.6437121521277,
54.1365465988466,54.6293810455655,55.1222154922843,55.6150499390032),
 .UNSPECIFIED.);
#221=B_SPLINE_CURVE_WITH_KNOTS('',3,(#1828,#1829,#1830,#1831,#1832,#1833,
#1834,#1835,#1836,#1837,#1838,#1839,#1840,#1841,#1842,#1843),
 .UNSPECIFIED.,.F.,.F.,(4,1,1,1,1,1,1,1,1,1,1,1,1,4),(47.1238898038469,
47.5919474582968,48.0847819050156,48.5776163517345,49.0704507984534,49.5632852451723,
50.0561196918912,50.54895413861,51.0417885853289,51.5346230320478,52.0274574787667,
52.5202919254856,53.0131263722045,53.4070751110265),.UNSPECIFIED.);
#222=B_SPLINE_CURVE_WITH_KNOTS('',3,(#1844,#1845,#1846,#1847,#1848,#1849,
#1850,#1851,#1852,#1853,#1854,#1855,#1856,#1857,#1858,#1859,#1860),
 .UNSPECIFIED.,.F.,.F.,(4,1,1,1,1,1,1,1,1,1,1,1,1,1,4),(47.1238898038469,
47.2368643447822,47.7296987915011,48.22253323822,48.7153676849389,49.2082021316578,
49.7010365783766,50.1938710250955,50.6867054718144,51.1795399185333,51.6723743652522,
52.165208811971,52.6580432586899,53.1508777054088,53.4070751110265),
 .UNSPECIFIED.);
#223=B_SPLINE_CURVE_WITH_KNOTS('',3,(#1865,#1866,#1867,#1868,#1869,#1870,
#1871,#1872,#1873,#1874,#1875,#1876,#1877,#1878,#1879,#1880,#1881),
 .UNSPECIFIED.,.F.,.F.,(4,1,1,1,1,1,1,1,1,1,1,1,1,1,4),(40.8407044966673,
41.1850996509513,41.6779340976702,42.170768544389,42.6636029911079,43.1564374378268,
43.6492718845457,44.1421063312646,44.6349407779835,45.1277752247023,45.6206096714212,
46.1134441181401,46.606278564859,47.0991130115779,47.1238898038469),
 .UNSPECIFIED.);
#224=B_SPLINE_CURVE_WITH_KNOTS('',3,(#1882,#1883,#1884,#1885,#1886,#1887,
#1888,#1889,#1890,#1891,#1892,#1893,#1894,#1895,#1896,#1897),
 .UNSPECIFIED.,.F.,.F.,(4,1,1,1,1,1,1,1,1,1,1,1,1,4),(40.8407044966673,
41.3228509841556,41.8156854308745,42.3085198775934,42.8013543243123,43.2941887710312,
43.78702321775,44.2798576644689,44.7726921111878,45.2655265579067,45.7583610046256,
46.2511954513445,46.7440298980633,47.1238898038469),.UNSPECIFIED.);
#225=B_SPLINE_CURVE_WITH_KNOTS('',3,(#1902,#1903,#1904,#1905,#1906,#1907,
#1908,#1909,#1910,#1911,#1912,#1913,#1914,#1915,#1916,#1917,#1918),
 .UNSPECIFIED.,.F.,.F.,(4,1,1,1,1,1,1,1,1,1,1,1,1,1,4),(34.5575191894877,
34.7782518436058,35.2710862903247,35.7639207370436,36.2567551837625,36.7495896304813,
37.2424240772002,37.7352585239191,38.228092970638,38.7209274173569,39.2137618640757,
39.7065963107946,40.1994307575135,40.6922652042324,40.8407044966673),
 .UNSPECIFIED.);
#226=B_SPLINE_CURVE_WITH_KNOTS('',3,(#1919,#1920,#1921,#1922,#1923,#1924,
#1925,#1926,#1927,#1928,#1929,#1930,#1931,#1932,#1933,#1934,#1935),
 .UNSPECIFIED.,.F.,.F.,(4,1,1,1,1,1,1,1,1,1,1,1,1,1,4),(34.5575191894877,
34.9160031768102,35.408837623529,35.9016720702479,36.3945065169668,36.8873409636857,
37.3801754104046,37.8730098571234,38.3658443038423,38.8586787505612,39.3515131972801,
39.844347643999,40.3371820907179,40.8300165374367,40.8407044966673),
 .UNSPECIFIED.);
#227=B_SPLINE_CURVE_WITH_KNOTS('',3,(#1940,#1941,#1942,#1943,#1944,#1945,
#1946,#1947,#1948,#1949,#1950,#1951,#1952,#1953,#1954,#1955,#1956),
 .UNSPECIFIED.,.F.,.F.,(4,1,1,1,1,1,1,1,1,1,1,1,1,1,4),(28.2743338823081,
28.3714040362603,28.8642384829792,29.3570729296981,29.849907376417,30.3427418231359,
30.8355762698547,31.3284107165736,31.8212451632925,32.3140796100114,32.8069140567303,
33.2997485034492,33.792582950168,34.2854173968869,34.5575191894877),
 .UNSPECIFIED.);
#228=B_SPLINE_CURVE_WITH_KNOTS('',3,(#1957,#1958,#1959,#1960,#1961,#1962,
#1963,#1964,#1965,#1966,#1967,#1968,#1969,#1970,#1971,#1972,#1973),
 .UNSPECIFIED.,.F.,.F.,(4,1,1,1,1,1,1,1,1,1,1,1,1,1,4),(28.2743338823081,
28.5091553694647,29.0019898161836,29.4948242629024,29.9876587096213,30.4804931563402,
30.9733276030591,31.466162049778,31.9589964964969,32.4518309432157,32.9446653899346,
33.4374998366535,33.9303342833724,34.4231687300913,34.5575191894877),
 .UNSPECIFIED.);
#229=B_SPLINE_CURVE_WITH_KNOTS('',3,(#1978,#1979,#1980,#1981,#1982,#1983,
#1984,#1985,#1986,#1987,#1988,#1989,#1990,#1991,#1992,#1993),
 .UNSPECIFIED.,.F.,.F.,(4,1,1,1,1,1,1,1,1,1,1,1,1,4),(21.9911485751285,
22.4573906756337,22.9502251223526,23.4430595690715,23.9358940157904,24.4287284625093,
24.9215629092282,25.414397355947,25.9072318026659,26.4000662493848,26.8929006961037,
27.3857351428226,27.8785695895414,28.2743338823081),.UNSPECIFIED.);
#230=B_SPLINE_CURVE_WITH_KNOTS('',3,(#1994,#1995,#1996,#1997,#1998,#1999,
#2000,#2001,#2002,#2003,#2004,#2005,#2006,#2007,#2008,#2009,#2010),
 .UNSPECIFIED.,.F.,.F.,(4,1,1,1,1,1,1,1,1,1,1,1,1,1,4),(21.9911485751285,
22.1023075621192,22.5951420088381,23.087976455557,23.5808109022759,24.0736453489947,
24.5664797957136,25.0593142424325,25.5521486891514,26.0449831358703,26.5378175825891,
27.030652029308,27.5234864760269,28.0163209227458,28.2743338823081),
 .UNSPECIFIED.);
#231=B_SPLINE_CURVE_WITH_KNOTS('',3,(#2015,#2016,#2017,#2018,#2019,#2020,
#2021,#2022,#2023,#2024,#2025,#2026,#2027,#2028,#2029,#2030,#2031),
 .UNSPECIFIED.,.F.,.F.,(4,1,1,1,1,1,1,1,1,1,1,1,1,1,4),(15.707963267949,
16.0505428682883,16.5433773150071,17.036211761726,17.5290462084449,18.0218806551638,
18.5147151018827,19.0075495486016,19.5003839953204,19.9932184420393,20.4860528887582,
20.9788873354771,21.471721782196,21.9645562289149,21.9911485751285),
 .UNSPECIFIED.);
#232=B_SPLINE_CURVE_WITH_KNOTS('',3,(#2032,#2033,#2034,#2035,#2036,#2037,
#2038,#2039,#2040,#2041,#2042,#2043,#2044,#2045,#2046,#2047),
 .UNSPECIFIED.,.F.,.F.,(4,1,1,1,1,1,1,1,1,1,1,1,1,4),(15.707963267949,16.1882942014926,
16.6811286482115,17.1739630949304,17.6667975416493,18.1596319883681,18.652466435087,
19.1453008818059,19.6381353285248,20.1309697752437,20.6238042219626,21.1166386686814,
21.6094731154003,21.9911485751285),.UNSPECIFIED.);
#233=B_SPLINE_CURVE_WITH_KNOTS('',3,(#2190,#2191,#2192,#2193,#2194,#2195,
#2196,#2197,#2198,#2199,#2200,#2201,#2202,#2203,#2204,#2205,#2206,#2207,
#2208),.UNSPECIFIED.,.F.,.F.,(4,3,3,3,3,3,4),(0.166907281069306,0.425271219521471,
0.846438815583559,1.26350194336159,1.67645974993924,1.94775661272183,2.21722880151983),
 .UNSPECIFIED.);
#234=B_SPLINE_CURVE_WITH_KNOTS('',3,(#2210,#2211,#2212,#2213,#2214,#2215,
#2216,#2217,#2218,#2219,#2220,#2221,#2222,#2223,#2224,#2225,#2226,#2227,
#2228),.UNSPECIFIED.,.F.,.F.,(4,3,3,3,3,3,4),(0.166907281069304,0.42527121952147,
0.846438815583558,1.26350194336159,1.67645974993924,1.94775661272183,2.21722880151983),
 .UNSPECIFIED.);
#235=B_SPLINE_CURVE_WITH_KNOTS('',3,(#2264,#2265,#2266,#2267,#2268,#2269,
#2270,#2271,#2272,#2273,#2274,#2275,#2276,#2277),.UNSPECIFIED.,.F.,.F.,
(4,2,2,2,2,2,4),(0.,0.407035419584663,0.818172672193488,1.23341089302121,
1.65274922561633,1.93283431965613,2.04820965196944),.UNSPECIFIED.);
#236=B_SPLINE_CURVE_WITH_KNOTS('',3,(#2278,#2279,#2280,#2281,#2282,#2283,
#2284,#2285,#2286,#2287,#2288,#2289,#2290,#2291),.UNSPECIFIED.,.F.,.F.,
(4,2,2,2,2,2,4),(0.,0.407035419584663,0.818172672193488,1.23341089302121,
1.65274922561633,1.93283431965613,2.04820965196944),.UNSPECIFIED.);
#237=B_SPLINE_CURVE_WITH_KNOTS('',3,(#2690,#2691,#2692,#2693,#2694,#2695,
#2696,#2697,#2698,#2699),.UNSPECIFIED.,.F.,.F.,(4,3,3,4),(0.,0.0803899793642876,
0.111550823752644,0.166907281069306),.UNSPECIFIED.);
#238=B_SPLINE_CURVE_WITH_KNOTS('',3,(#2700,#2701,#2702,#2703),
 .UNSPECIFIED.,.F.,.F.,(4,4),(45.104132057036,45.238934211693),
 .UNSPECIFIED.);
#239=B_SPLINE_CURVE_WITH_KNOTS('',3,(#2705,#2706,#2707,#2708,#2709,#2710,
#2711,#2712,#2713,#2714,#2715,#2716,#2717,#2718,#2719,#2720,#2721,#2722,
#2723,#2724,#2725,#2726,#2727,#2728,#2729,#2730,#2731,#2732,#2733,#2734,
#2735,#2736,#2737,#2738,#2739,#2740,#2741,#2742,#2743,#2744,#2745,#2746,
#2747,#2748,#2749,#2750,#2751,#2752,#2753,#2754,#2755,#2756,#2757,#2758,
#2759,#2760,#2761,#2762,#2763,#2764,#2765,#2766,#2767,#2768,#2769,#2770,
#2771,#2772,#2773,#2774,#2775,#2776,#2777,#2778,#2779,#2780,#2781,#2782,
#2783,#2784,#2785,#2786,#2787,#2788,#2789,#2790,#2791,#2792,#2793,#2794,
#2795,#2796,#2797,#2798,#2799,#2800,#2801,#2802,#2803,#2804,#2805,#2806,
#2807,#2808,#2809,#2810,#2811,#2812,#2813,#2814,#2815,#2816,#2817,#2818,
#2819,#2820,#2821,#2822,#2823,#2824,#2825,#2826,#2827,#2828),
 .UNSPECIFIED.,.F.,.F.,(4,3,3,3,3,3,3,3,3,3,3,3,3,3,3,3,3,3,3,3,3,3,3,3,
3,3,3,3,3,3,3,3,3,3,3,3,3,3,3,3,3,4),(-2.21722880151985,-2.13995220870957,
-2.1112094988318,-2.03423536830239,-1.97920381113961,-1.95100465229966,
-1.94079262140164,-1.86358015553632,-1.78587581535637,-1.7084590510708,
-1.68976476707836,-1.67762359453442,-1.66747146139683,-1.59398291100011,
-1.51663459063002,-1.43856154947367,-1.36027406620116,-1.28749777240886,
-1.26735551586469,-1.2584437346977,-1.1799154690262,-1.10106118844382,-1.06916889103197,
-0.990544333719701,-0.911725932236071,-0.864977410942074,-0.849289652124737,
-0.840764021854235,-0.761747296937349,-0.682323492051777,-0.603137953688212,
-0.537737761884094,-0.470520541648582,-0.441113007795546,-0.429213829373256,
-0.420155889022506,-0.341422992477837,-0.26179262956042,-0.181747751577009,
-0.102023273304634,-0.0234105806436072,0.),.UNSPECIFIED.);
#240=B_SPLINE_CURVE_WITH_KNOTS('',3,(#2829,#2830,#2831,#2832,#2833,#2834,
#2835,#2836,#2837,#2838,#2839,#2840,#2841,#2842,#2843),.UNSPECIFIED.,.F.,
 .F.,(4,1,1,1,1,1,1,1,1,1,1,1,4),(10.3761157273102,10.7671152875849,11.2599497343038,
11.7527841810227,12.2456186277415,12.7384530744604,13.2312875211793,13.7241219678982,
14.2169564146171,14.709790861336,15.2026253080548,15.6954597547737,15.707963267949),
 .UNSPECIFIED.);
#241=B_SPLINE_CURVE_WITH_KNOTS('',3,(#2847,#2848,#2849,#2850,#2851,#2852,
#2853,#2854,#2855,#2856,#2857,#2858),.UNSPECIFIED.,.F.,.F.,(4,1,1,1,1,1,
1,1,1,4),(11.6150328478183,12.1078672945372,12.6007017412561,13.093536187975,
13.5863706346938,14.0792050814127,14.5720395281316,15.0648739748505,15.5577084215694,
15.707963267949),.UNSPECIFIED.);
#242=B_SPLINE_CURVE_WITH_KNOTS('',3,(#3255,#3256,#3257,#3258,#3259,#3260,
#3261,#3262,#3263,#3264,#3265,#3266,#3267,#3268,#3269,#3270,#3271,#3272,
#3273,#3274,#3275,#3276,#3277,#3278,#3279,#3280,#3281,#3282,#3283,#3284,
#3285,#3286,#3287,#3288,#3289,#3290,#3291,#3292,#3293,#3294,#3295,#3296,
#3297,#3298,#3299,#3300,#3301,#3302,#3303,#3304,#3305,#3306,#3307,#3308,
#3309,#3310,#3311,#3312,#3313,#3314,#3315,#3316,#3317,#3318,#3319,#3320,
#3321,#3322,#3323,#3324,#3325,#3326,#3327,#3328,#3329,#3330,#3331,#3332,
#3333,#3334,#3335,#3336,#3337,#3338,#3339,#3340,#3341,#3342,#3343,#3344,
#3345,#3346,#3347,#3348,#3349,#3350,#3351,#3352,#3353,#3354,#3355,#3356,
#3357,#3358,#3359,#3360,#3361,#3362,#3363,#3364,#3365,#3366,#3367,#3368,
#3369,#3370,#3371,#3372,#3373,#3374,#3375),.UNSPECIFIED.,.F.,.F.,(4,3,3,
3,3,3,3,3,3,3,3,3,3,3,3,3,3,3,3,3,3,3,3,3,3,3,3,3,3,3,3,3,3,3,3,3,3,3,3,
3,4),(-2.21474111631428,-2.13500485236164,-2.10339376869935,-2.02352768544391,
-1.96663516779677,-1.93875064621735,-1.92551715594319,-1.84613212659528,
-1.7667393223048,-1.68789701931562,-1.65362476793298,-1.64365310086756,
-1.56838754426683,-1.48968508644064,-1.41051832473742,-1.33145750583718,
-1.25833264507796,-1.23711545524861,-1.22782952793026,-1.14936871804625,
-1.07099490383923,-1.0389580628003,-0.960389911268932,-0.881954845786303,
-0.836218524863689,-0.820760454746642,-0.812408998064079,-0.734544260833675,
-0.656554708955332,-0.579223595690222,-0.516064278405385,-0.451556243604712,
-0.423333978379417,-0.409369953397816,-0.401190115330652,-0.324476602320367,
-0.243357451740275,-0.166111334567421,-0.089452549041352,-0.0141036303524907,
0.),.UNSPECIFIED.);
#243=B_SPLINE_CURVE_WITH_KNOTS('',3,(#3376,#3377,#3378,#3379,#3380,#3381,
#3382),.UNSPECIFIED.,.F.,.F.,(4,3,4),(2.04820965196943,2.13147538414188,
2.21474111631432),.UNSPECIFIED.);
#244=B_SPLINE_CURVE_WITH_KNOTS('',3,(#3446,#3447,#3448,#3449,#3450,#3451,
#3452,#3453,#3454,#3455,#3456,#3457,#3458,#3459,#3460,#3461,#3462,#3463,
#3464,#3465,#3466,#3467,#3468,#3469,#3470,#3471),.UNSPECIFIED.,.F.,.F.,
(4,2,2,2,2,2,2,2,2,2,2,2,4),(1.0642784310036,1.36536292206726,1.66743496178213,
1.96950700149701,2.27157904121188,2.49837218504138,2.72516532887088,2.95195847270038,
3.17875161652987,3.48082365624475,3.78289569595962,4.08496773567449,4.38605222673815),
 .UNSPECIFIED.);
#245=B_SPLINE_CURVE_WITH_KNOTS('',3,(#3487,#3488,#3489,#3490,#3491,#3492,
#3493,#3494,#3495,#3496,#3497,#3498,#3499,#3500),.UNSPECIFIED.,.F.,.F.,
(4,2,2,2,2,2,4),(2.72512747237122,2.95173736519189,3.17834725801256,3.48021045667667,
3.78207365534078,4.0839368540049,4.38580005266901),.UNSPECIFIED.);
#246=ELLIPSE('',#858,17.1,12.5);
#247=ELLIPSE('',#859,17.1,12.5);
#248=ELLIPSE('',#916,17.1,12.5);
#249=ELLIPSE('',#919,17.1,12.5);
#250=ELLIPSE('',#924,17.1,12.5);
#251=ELLIPSE('',#925,17.1,12.5);
#252=LINE('',#1128,#298);
#253=LINE('',#1150,#299);
#254=LINE('',#1183,#300);
#255=LINE('',#1273,#301);
#256=LINE('',#1357,#302);
#257=LINE('',#1447,#303);
#258=LINE('',#1537,#304);
#259=LINE('',#1627,#305);
#260=LINE('',#1711,#306);
#261=LINE('',#1797,#307);
#262=LINE('',#1811,#308);
#263=LINE('',#1815,#309);
#264=LINE('',#1827,#310);
#265=LINE('',#1864,#311);
#266=LINE('',#1901,#312);
#267=LINE('',#1939,#313);
#268=LINE('',#1977,#314);
#269=LINE('',#2014,#315);
#270=LINE('',#2052,#316);
#271=LINE('',#2059,#317);
#272=LINE('',#2067,#318);
#273=LINE('',#2070,#319);
#274=LINE('',#2113,#320);
#275=LINE('',#2119,#321);
#276=LINE('',#2229,#322);
#277=LINE('',#2235,#323);
#278=LINE('',#3389,#324);
#279=LINE('',#3391,#325);
#280=LINE('',#3393,#326);
#281=LINE('',#3394,#327);
#282=LINE('',#3397,#328);
#283=LINE('',#3399,#329);
#284=LINE('',#3400,#330);
#285=LINE('',#3403,#331);
#286=LINE('',#3405,#332);
#287=LINE('',#3406,#333);
#288=LINE('',#3409,#334);
#289=LINE('',#3411,#335);
#290=LINE('',#3412,#336);
#291=LINE('',#3415,#337);
#292=LINE('',#3417,#338);
#293=LINE('',#3418,#339);
#294=LINE('',#3420,#340);
#295=LINE('',#3421,#341);
#296=LINE('',#3431,#342);
#297=LINE('',#3441,#343);
#298=VECTOR('',#931,17.1);
#299=VECTOR('',#938,10.9);
#300=VECTOR('',#943,10.9);
#301=VECTOR('',#946,10.9);
#302=VECTOR('',#949,10.9);
#303=VECTOR('',#952,10.9);
#304=VECTOR('',#955,10.9);
#305=VECTOR('',#958,10.9);
#306=VECTOR('',#961,10.9);
#307=VECTOR('',#966,10.3705);
#308=VECTOR('',#967,10.);
#309=VECTOR('',#970,10.);
#310=VECTOR('',#973,10.3705);
#311=VECTOR('',#976,10.3705);
#312=VECTOR('',#979,10.3705);
#313=VECTOR('',#982,10.3705);
#314=VECTOR('',#985,10.3705);
#315=VECTOR('',#988,10.3705);
#316=VECTOR('',#993,2.);
#317=VECTOR('',#1002,2.);
#318=VECTOR('',#1011,10.);
#319=VECTOR('',#1014,10.);
#320=VECTOR('',#1015,10.);
#321=VECTOR('',#1022,10.);
#322=VECTOR('',#1025,10.);
#323=VECTOR('',#1032,10.);
#324=VECTOR('',#1047,10.);
#325=VECTOR('',#1048,10.);
#326=VECTOR('',#1049,10.);
#327=VECTOR('',#1050,10.);
#328=VECTOR('',#1053,10.);
#329=VECTOR('',#1054,10.);
#330=VECTOR('',#1055,10.);
#331=VECTOR('',#1058,10.);
#332=VECTOR('',#1059,10.);
#333=VECTOR('',#1060,10.);
#334=VECTOR('',#1063,10.);
#335=VECTOR('',#1064,10.);
#336=VECTOR('',#1065,10.);
#337=VECTOR('',#1068,10.);
#338=VECTOR('',#1069,10.);
#339=VECTOR('',#1070,10.);
#340=VECTOR('',#1073,10.);
#341=VECTOR('',#1074,10.);
#342=VECTOR('',#1087,22.75);
#343=VECTOR('',#1104,17.1);
#344=VERTEX_POINT('',#1126);
#345=VERTEX_POINT('',#1127);
#346=VERTEX_POINT('',#1129);
#347=VERTEX_POINT('',#1131);
#348=VERTEX_POINT('',#1148);
#349=VERTEX_POINT('',#1149);
#350=VERTEX_POINT('',#1151);
#351=VERTEX_POINT('',#1168);
#352=VERTEX_POINT('',#1181);
#353=VERTEX_POINT('',#1182);
#354=VERTEX_POINT('',#1271);
#355=VERTEX_POINT('',#1272);
#356=VERTEX_POINT('',#1355);
#357=VERTEX_POINT('',#1356);
#358=VERTEX_POINT('',#1445);
#359=VERTEX_POINT('',#1446);
#360=VERTEX_POINT('',#1535);
#361=VERTEX_POINT('',#1536);
#362=VERTEX_POINT('',#1625);
#363=VERTEX_POINT('',#1626);
#364=VERTEX_POINT('',#1709);
#365=VERTEX_POINT('',#1710);
#366=VERTEX_POINT('',#1712);
#367=VERTEX_POINT('',#1795);
#368=VERTEX_POINT('',#1796);
#369=VERTEX_POINT('',#1798);
#370=VERTEX_POINT('',#1810);
#371=VERTEX_POINT('',#1812);
#372=VERTEX_POINT('',#1814);
#373=VERTEX_POINT('',#1825);
#374=VERTEX_POINT('',#1826);
#375=VERTEX_POINT('',#1862);
#376=VERTEX_POINT('',#1863);
#377=VERTEX_POINT('',#1899);
#378=VERTEX_POINT('',#1900);
#379=VERTEX_POINT('',#1937);
#380=VERTEX_POINT('',#1938);
#381=VERTEX_POINT('',#1975);
#382=VERTEX_POINT('',#1976);
#383=VERTEX_POINT('',#2012);
#384=VERTEX_POINT('',#2013);
#385=VERTEX_POINT('',#2049);
#386=VERTEX_POINT('',#2051);
#387=VERTEX_POINT('',#2056);
#388=VERTEX_POINT('',#2058);
#389=VERTEX_POINT('',#2063);
#390=VERTEX_POINT('',#2064);
#391=VERTEX_POINT('',#2066);
#392=VERTEX_POINT('',#2068);
#393=VERTEX_POINT('',#2091);
#394=VERTEX_POINT('',#2102);
#395=VERTEX_POINT('',#2115);
#396=VERTEX_POINT('',#2117);
#397=VERTEX_POINT('',#2189);
#398=VERTEX_POINT('',#2209);
#399=VERTEX_POINT('',#2231);
#400=VERTEX_POINT('',#2233);
#401=VERTEX_POINT('',#2689);
#402=VERTEX_POINT('',#2704);
#403=VERTEX_POINT('',#2845);
#404=VERTEX_POINT('',#3387);
#405=VERTEX_POINT('',#3388);
#406=VERTEX_POINT('',#3390);
#407=VERTEX_POINT('',#3392);
#408=VERTEX_POINT('',#3396);
#409=VERTEX_POINT('',#3398);
#410=VERTEX_POINT('',#3402);
#411=VERTEX_POINT('',#3404);
#412=VERTEX_POINT('',#3408);
#413=VERTEX_POINT('',#3410);
#414=VERTEX_POINT('',#3414);
#415=VERTEX_POINT('',#3416);
#416=VERTEX_POINT('',#3424);
#417=VERTEX_POINT('',#3426);
#418=VERTEX_POINT('',#3429);
#419=VERTEX_POINT('',#3434);
#420=VERTEX_POINT('',#3443);
#421=VERTEX_POINT('',#3444);
#422=VERTEX_POINT('',#3486);
#423=EDGE_CURVE('',#344,#345,#252,.T.);
#424=EDGE_CURVE('',#346,#344,#246,.T.);
#425=EDGE_CURVE('',#346,#347,#202,.T.);
#426=EDGE_CURVE('',#345,#347,#247,.T.);
#427=EDGE_CURVE('',#348,#349,#253,.T.);
#428=EDGE_CURVE('',#348,#350,#203,.T.);
#429=EDGE_CURVE('',#351,#350,#48,.T.);
#430=EDGE_CURVE('',#351,#349,#204,.T.);
#431=EDGE_CURVE('',#352,#353,#254,.T.);
#432=EDGE_CURVE('',#352,#348,#205,.T.);
#433=EDGE_CURVE('',#349,#353,#206,.T.);
#434=EDGE_CURVE('',#354,#355,#255,.T.);
#435=EDGE_CURVE('',#354,#352,#207,.T.);
#436=EDGE_CURVE('',#353,#355,#208,.T.);
#437=EDGE_CURVE('',#356,#357,#256,.T.);
#438=EDGE_CURVE('',#356,#354,#209,.T.);
#439=EDGE_CURVE('',#355,#357,#210,.T.);
#440=EDGE_CURVE('',#358,#359,#257,.T.);
#441=EDGE_CURVE('',#358,#356,#211,.T.);
#442=EDGE_CURVE('',#357,#359,#212,.T.);
#443=EDGE_CURVE('',#360,#361,#258,.T.);
#444=EDGE_CURVE('',#360,#358,#213,.T.);
#445=EDGE_CURVE('',#359,#361,#214,.T.);
#446=EDGE_CURVE('',#362,#363,#259,.T.);
#447=EDGE_CURVE('',#362,#360,#215,.T.);
#448=EDGE_CURVE('',#361,#363,#216,.T.);
#449=EDGE_CURVE('',#364,#365,#260,.T.);
#450=EDGE_CURVE('',#366,#364,#49,.F.);
#451=EDGE_CURVE('',#366,#362,#217,.T.);
#452=EDGE_CURVE('',#363,#365,#218,.T.);
#453=EDGE_CURVE('',#367,#368,#261,.T.);
#454=EDGE_CURVE('',#367,#369,#219,.T.);
#455=EDGE_CURVE('',#369,#370,#262,.T.);
#456=EDGE_CURVE('',#371,#370,#50,.T.);
#457=EDGE_CURVE('',#372,#371,#263,.T.);
#458=EDGE_CURVE('',#368,#372,#220,.T.);
#459=EDGE_CURVE('',#373,#374,#264,.T.);
#460=EDGE_CURVE('',#373,#367,#221,.T.);
#461=EDGE_CURVE('',#374,#368,#222,.T.);
#462=EDGE_CURVE('',#375,#376,#265,.T.);
#463=EDGE_CURVE('',#375,#373,#223,.T.);
#464=EDGE_CURVE('',#376,#374,#224,.T.);
#465=EDGE_CURVE('',#377,#378,#266,.T.);
#466=EDGE_CURVE('',#377,#375,#225,.T.);
#467=EDGE_CURVE('',#378,#376,#226,.T.);
#468=EDGE_CURVE('',#379,#380,#267,.T.);
#469=EDGE_CURVE('',#379,#377,#227,.T.);
#470=EDGE_CURVE('',#380,#378,#228,.T.);
#471=EDGE_CURVE('',#381,#382,#268,.T.);
#472=EDGE_CURVE('',#381,#379,#229,.T.);
#473=EDGE_CURVE('',#382,#380,#230,.T.);
#474=EDGE_CURVE('',#383,#384,#269,.T.);
#475=EDGE_CURVE('',#383,#381,#231,.T.);
#476=EDGE_CURVE('',#384,#382,#232,.T.);
#477=EDGE_CURVE('',#385,#385,#51,.T.);
#478=EDGE_CURVE('',#385,#386,#270,.T.);
#479=EDGE_CURVE('',#386,#386,#52,.T.);
#480=EDGE_CURVE('',#387,#387,#53,.T.);
#481=EDGE_CURVE('',#387,#388,#271,.T.);
#482=EDGE_CURVE('',#388,#388,#54,.T.);
#483=EDGE_CURVE('',#389,#390,#55,.T.);
#484=EDGE_CURVE('',#389,#391,#272,.T.);
#485=EDGE_CURVE('',#392,#391,#56,.T.);
#486=EDGE_CURVE('',#390,#392,#273,.T.);
#487=EDGE_CURVE('',#390,#393,#27,.T.);
#488=EDGE_CURVE('',#394,#392,#28,.T.);
#489=EDGE_CURVE('',#393,#394,#274,.T.);
#490=EDGE_CURVE('',#393,#395,#57,.T.);
#491=EDGE_CURVE('',#396,#394,#58,.T.);
#492=EDGE_CURVE('',#395,#396,#275,.T.);
#493=EDGE_CURVE('',#395,#389,#29,.T.);
#494=EDGE_CURVE('',#391,#396,#30,.T.);
#495=EDGE_CURVE('',#397,#372,#233,.T.);
#496=EDGE_CURVE('',#398,#371,#234,.T.);
#497=EDGE_CURVE('',#397,#398,#276,.T.);
#498=EDGE_CURVE('',#397,#399,#59,.T.);
#499=EDGE_CURVE('',#400,#398,#60,.T.);
#500=EDGE_CURVE('',#399,#400,#277,.T.);
#501=EDGE_CURVE('',#369,#399,#235,.T.);
#502=EDGE_CURVE('',#370,#400,#236,.T.);
#503=EDGE_CURVE('',#401,#397,#237,.T.);
#504=EDGE_CURVE('',#365,#401,#238,.T.);
#505=EDGE_CURVE('',#402,#351,#239,.T.);
#506=EDGE_CURVE('',#402,#384,#240,.T.);
#507=EDGE_CURVE('',#403,#402,#61,.T.);
#508=EDGE_CURVE('',#403,#383,#241,.T.);
#509=EDGE_CURVE('',#350,#403,#242,.T.);
#510=EDGE_CURVE('',#399,#366,#243,.T.);
#511=EDGE_CURVE('',#364,#401,#62,.F.);
#512=EDGE_CURVE('',#404,#405,#278,.T.);
#513=EDGE_CURVE('',#404,#406,#279,.T.);
#514=EDGE_CURVE('',#407,#406,#280,.T.);
#515=EDGE_CURVE('',#405,#407,#281,.T.);
#516=EDGE_CURVE('',#405,#408,#282,.T.);
#517=EDGE_CURVE('',#409,#407,#283,.T.);
#518=EDGE_CURVE('',#408,#409,#284,.T.);
#519=EDGE_CURVE('',#408,#410,#285,.T.);
#520=EDGE_CURVE('',#411,#409,#286,.T.);
#521=EDGE_CURVE('',#410,#411,#287,.T.);
#522=EDGE_CURVE('',#410,#412,#288,.T.);
#523=EDGE_CURVE('',#413,#411,#289,.T.);
#524=EDGE_CURVE('',#412,#413,#290,.T.);
#525=EDGE_CURVE('',#412,#414,#291,.T.);
#526=EDGE_CURVE('',#415,#413,#292,.T.);
#527=EDGE_CURVE('',#414,#415,#293,.T.);
#528=EDGE_CURVE('',#414,#404,#294,.T.);
#529=EDGE_CURVE('',#406,#415,#295,.T.);
#530=EDGE_CURVE('',#416,#416,#63,.T.);
#531=EDGE_CURVE('',#417,#417,#64,.T.);
#532=EDGE_CURVE('',#418,#418,#65,.T.);
#533=EDGE_CURVE('',#418,#416,#296,.T.);
#534=EDGE_CURVE('',#347,#419,#248,.T.);
#535=EDGE_CURVE('',#419,#345,#66,.T.);
#536=EDGE_CURVE('',#419,#345,#249,.T.);
#537=EDGE_CURVE('',#345,#419,#67,.T.);
#538=EDGE_CURVE('',#417,#419,#297,.T.);
#539=EDGE_CURVE('',#420,#421,#68,.T.);
#540=EDGE_CURVE('',#421,#420,#244,.T.);
#541=EDGE_CURVE('',#347,#422,#245,.T.);
#542=EDGE_CURVE('',#421,#422,#250,.T.);
#543=EDGE_CURVE('',#344,#420,#251,.T.);
#544=EDGE_CURVE('',#422,#346,#69,.T.);
#545=ORIENTED_EDGE('',*,*,#423,.F.);
#546=ORIENTED_EDGE('',*,*,#424,.F.);
#547=ORIENTED_EDGE('',*,*,#425,.T.);
#548=ORIENTED_EDGE('',*,*,#426,.F.);
#549=ORIENTED_EDGE('',*,*,#427,.F.);
#550=ORIENTED_EDGE('',*,*,#428,.T.);
#551=ORIENTED_EDGE('',*,*,#429,.F.);
#552=ORIENTED_EDGE('',*,*,#430,.T.);
#553=ORIENTED_EDGE('',*,*,#431,.F.);
#554=ORIENTED_EDGE('',*,*,#432,.T.);
#555=ORIENTED_EDGE('',*,*,#427,.T.);
#556=ORIENTED_EDGE('',*,*,#433,.T.);
#557=ORIENTED_EDGE('',*,*,#434,.F.);
#558=ORIENTED_EDGE('',*,*,#435,.T.);
#559=ORIENTED_EDGE('',*,*,#431,.T.);
#560=ORIENTED_EDGE('',*,*,#436,.T.);
#561=ORIENTED_EDGE('',*,*,#437,.F.);
#562=ORIENTED_EDGE('',*,*,#438,.T.);
#563=ORIENTED_EDGE('',*,*,#434,.T.);
#564=ORIENTED_EDGE('',*,*,#439,.T.);
#565=ORIENTED_EDGE('',*,*,#440,.F.);
#566=ORIENTED_EDGE('',*,*,#441,.T.);
#567=ORIENTED_EDGE('',*,*,#437,.T.);
#568=ORIENTED_EDGE('',*,*,#442,.T.);
#569=ORIENTED_EDGE('',*,*,#443,.F.);
#570=ORIENTED_EDGE('',*,*,#444,.T.);
#571=ORIENTED_EDGE('',*,*,#440,.T.);
#572=ORIENTED_EDGE('',*,*,#445,.T.);
#573=ORIENTED_EDGE('',*,*,#446,.F.);
#574=ORIENTED_EDGE('',*,*,#447,.T.);
#575=ORIENTED_EDGE('',*,*,#443,.T.);
#576=ORIENTED_EDGE('',*,*,#448,.T.);
#577=ORIENTED_EDGE('',*,*,#449,.F.);
#578=ORIENTED_EDGE('',*,*,#450,.F.);
#579=ORIENTED_EDGE('',*,*,#451,.T.);
#580=ORIENTED_EDGE('',*,*,#446,.T.);
#581=ORIENTED_EDGE('',*,*,#452,.T.);
#582=ORIENTED_EDGE('',*,*,#453,.F.);
#583=ORIENTED_EDGE('',*,*,#454,.T.);
#584=ORIENTED_EDGE('',*,*,#455,.T.);
#585=ORIENTED_EDGE('',*,*,#456,.F.);
#586=ORIENTED_EDGE('',*,*,#457,.F.);
#587=ORIENTED_EDGE('',*,*,#458,.F.);
#588=ORIENTED_EDGE('',*,*,#459,.F.);
#589=ORIENTED_EDGE('',*,*,#460,.T.);
#590=ORIENTED_EDGE('',*,*,#453,.T.);
#591=ORIENTED_EDGE('',*,*,#461,.F.);
#592=ORIENTED_EDGE('',*,*,#462,.F.);
#593=ORIENTED_EDGE('',*,*,#463,.T.);
#594=ORIENTED_EDGE('',*,*,#459,.T.);
#595=ORIENTED_EDGE('',*,*,#464,.F.);
#596=ORIENTED_EDGE('',*,*,#465,.F.);
#597=ORIENTED_EDGE('',*,*,#466,.T.);
#598=ORIENTED_EDGE('',*,*,#462,.T.);
#599=ORIENTED_EDGE('',*,*,#467,.F.);
#600=ORIENTED_EDGE('',*,*,#468,.F.);
#601=ORIENTED_EDGE('',*,*,#469,.T.);
#602=ORIENTED_EDGE('',*,*,#465,.T.);
#603=ORIENTED_EDGE('',*,*,#470,.F.);
#604=ORIENTED_EDGE('',*,*,#471,.F.);
#605=ORIENTED_EDGE('',*,*,#472,.T.);
#606=ORIENTED_EDGE('',*,*,#468,.T.);
#607=ORIENTED_EDGE('',*,*,#473,.F.);
#608=ORIENTED_EDGE('',*,*,#474,.F.);
#609=ORIENTED_EDGE('',*,*,#475,.T.);
#610=ORIENTED_EDGE('',*,*,#471,.T.);
#611=ORIENTED_EDGE('',*,*,#476,.F.);
#612=ORIENTED_EDGE('',*,*,#477,.F.);
#613=ORIENTED_EDGE('',*,*,#478,.T.);
#614=ORIENTED_EDGE('',*,*,#479,.T.);
#615=ORIENTED_EDGE('',*,*,#478,.F.);
#616=ORIENTED_EDGE('',*,*,#479,.F.);
#617=ORIENTED_EDGE('',*,*,#480,.F.);
#618=ORIENTED_EDGE('',*,*,#481,.T.);
#619=ORIENTED_EDGE('',*,*,#482,.T.);
#620=ORIENTED_EDGE('',*,*,#481,.F.);
#621=ORIENTED_EDGE('',*,*,#482,.F.);
#622=ORIENTED_EDGE('',*,*,#483,.F.);
#623=ORIENTED_EDGE('',*,*,#484,.T.);
#624=ORIENTED_EDGE('',*,*,#485,.F.);
#625=ORIENTED_EDGE('',*,*,#486,.F.);
#626=ORIENTED_EDGE('',*,*,#487,.F.);
#627=ORIENTED_EDGE('',*,*,#486,.T.);
#628=ORIENTED_EDGE('',*,*,#488,.F.);
#629=ORIENTED_EDGE('',*,*,#489,.F.);
#630=ORIENTED_EDGE('',*,*,#490,.F.);
#631=ORIENTED_EDGE('',*,*,#489,.T.);
#632=ORIENTED_EDGE('',*,*,#491,.F.);
#633=ORIENTED_EDGE('',*,*,#492,.F.);
#634=ORIENTED_EDGE('',*,*,#493,.F.);
#635=ORIENTED_EDGE('',*,*,#492,.T.);
#636=ORIENTED_EDGE('',*,*,#494,.F.);
#637=ORIENTED_EDGE('',*,*,#484,.F.);
#638=ORIENTED_EDGE('',*,*,#494,.T.);
#639=ORIENTED_EDGE('',*,*,#491,.T.);
#640=ORIENTED_EDGE('',*,*,#488,.T.);
#641=ORIENTED_EDGE('',*,*,#485,.T.);
#642=ORIENTED_EDGE('',*,*,#477,.T.);
#643=ORIENTED_EDGE('',*,*,#480,.T.);
#644=ORIENTED_EDGE('',*,*,#495,.T.);
#645=ORIENTED_EDGE('',*,*,#457,.T.);
#646=ORIENTED_EDGE('',*,*,#496,.F.);
#647=ORIENTED_EDGE('',*,*,#497,.F.);
#648=ORIENTED_EDGE('',*,*,#498,.F.);
#649=ORIENTED_EDGE('',*,*,#497,.T.);
#650=ORIENTED_EDGE('',*,*,#499,.F.);
#651=ORIENTED_EDGE('',*,*,#500,.F.);
#652=ORIENTED_EDGE('',*,*,#501,.T.);
#653=ORIENTED_EDGE('',*,*,#500,.T.);
#654=ORIENTED_EDGE('',*,*,#502,.F.);
#655=ORIENTED_EDGE('',*,*,#455,.F.);
#656=ORIENTED_EDGE('',*,*,#502,.T.);
#657=ORIENTED_EDGE('',*,*,#499,.T.);
#658=ORIENTED_EDGE('',*,*,#496,.T.);
#659=ORIENTED_EDGE('',*,*,#456,.T.);
#660=ORIENTED_EDGE('',*,*,#483,.T.);
#661=ORIENTED_EDGE('',*,*,#487,.T.);
#662=ORIENTED_EDGE('',*,*,#490,.T.);
#663=ORIENTED_EDGE('',*,*,#493,.T.);
#664=ORIENTED_EDGE('',*,*,#503,.F.);
#665=ORIENTED_EDGE('',*,*,#504,.F.);
#666=ORIENTED_EDGE('',*,*,#452,.F.);
#667=ORIENTED_EDGE('',*,*,#448,.F.);
#668=ORIENTED_EDGE('',*,*,#445,.F.);
#669=ORIENTED_EDGE('',*,*,#442,.F.);
#670=ORIENTED_EDGE('',*,*,#439,.F.);
#671=ORIENTED_EDGE('',*,*,#436,.F.);
#672=ORIENTED_EDGE('',*,*,#433,.F.);
#673=ORIENTED_EDGE('',*,*,#430,.F.);
#674=ORIENTED_EDGE('',*,*,#505,.F.);
#675=ORIENTED_EDGE('',*,*,#506,.T.);
#676=ORIENTED_EDGE('',*,*,#476,.T.);
#677=ORIENTED_EDGE('',*,*,#473,.T.);
#678=ORIENTED_EDGE('',*,*,#470,.T.);
#679=ORIENTED_EDGE('',*,*,#467,.T.);
#680=ORIENTED_EDGE('',*,*,#464,.T.);
#681=ORIENTED_EDGE('',*,*,#461,.T.);
#682=ORIENTED_EDGE('',*,*,#458,.T.);
#683=ORIENTED_EDGE('',*,*,#495,.F.);
#684=ORIENTED_EDGE('',*,*,#474,.T.);
#685=ORIENTED_EDGE('',*,*,#506,.F.);
#686=ORIENTED_EDGE('',*,*,#507,.F.);
#687=ORIENTED_EDGE('',*,*,#508,.T.);
#688=ORIENTED_EDGE('',*,*,#501,.F.);
#689=ORIENTED_EDGE('',*,*,#454,.F.);
#690=ORIENTED_EDGE('',*,*,#460,.F.);
#691=ORIENTED_EDGE('',*,*,#463,.F.);
#692=ORIENTED_EDGE('',*,*,#466,.F.);
#693=ORIENTED_EDGE('',*,*,#469,.F.);
#694=ORIENTED_EDGE('',*,*,#472,.F.);
#695=ORIENTED_EDGE('',*,*,#475,.F.);
#696=ORIENTED_EDGE('',*,*,#508,.F.);
#697=ORIENTED_EDGE('',*,*,#509,.F.);
#698=ORIENTED_EDGE('',*,*,#428,.F.);
#699=ORIENTED_EDGE('',*,*,#432,.F.);
#700=ORIENTED_EDGE('',*,*,#435,.F.);
#701=ORIENTED_EDGE('',*,*,#438,.F.);
#702=ORIENTED_EDGE('',*,*,#441,.F.);
#703=ORIENTED_EDGE('',*,*,#444,.F.);
#704=ORIENTED_EDGE('',*,*,#447,.F.);
#705=ORIENTED_EDGE('',*,*,#451,.F.);
#706=ORIENTED_EDGE('',*,*,#510,.F.);
#707=ORIENTED_EDGE('',*,*,#449,.T.);
#708=ORIENTED_EDGE('',*,*,#504,.T.);
#709=ORIENTED_EDGE('',*,*,#511,.F.);
#710=ORIENTED_EDGE('',*,*,#498,.T.);
#711=ORIENTED_EDGE('',*,*,#510,.T.);
#712=ORIENTED_EDGE('',*,*,#450,.T.);
#713=ORIENTED_EDGE('',*,*,#511,.T.);
#714=ORIENTED_EDGE('',*,*,#503,.T.);
#715=ORIENTED_EDGE('',*,*,#512,.F.);
#716=ORIENTED_EDGE('',*,*,#513,.T.);
#717=ORIENTED_EDGE('',*,*,#514,.F.);
#718=ORIENTED_EDGE('',*,*,#515,.F.);
#719=ORIENTED_EDGE('',*,*,#516,.F.);
#720=ORIENTED_EDGE('',*,*,#515,.T.);
#721=ORIENTED_EDGE('',*,*,#517,.F.);
#722=ORIENTED_EDGE('',*,*,#518,.F.);
#723=ORIENTED_EDGE('',*,*,#519,.F.);
#724=ORIENTED_EDGE('',*,*,#518,.T.);
#725=ORIENTED_EDGE('',*,*,#520,.F.);
#726=ORIENTED_EDGE('',*,*,#521,.F.);
#727=ORIENTED_EDGE('',*,*,#522,.F.);
#728=ORIENTED_EDGE('',*,*,#521,.T.);
#729=ORIENTED_EDGE('',*,*,#523,.F.);
#730=ORIENTED_EDGE('',*,*,#524,.F.);
#731=ORIENTED_EDGE('',*,*,#525,.F.);
#732=ORIENTED_EDGE('',*,*,#524,.T.);
#733=ORIENTED_EDGE('',*,*,#526,.F.);
#734=ORIENTED_EDGE('',*,*,#527,.F.);
#735=ORIENTED_EDGE('',*,*,#528,.F.);
#736=ORIENTED_EDGE('',*,*,#527,.T.);
#737=ORIENTED_EDGE('',*,*,#529,.F.);
#738=ORIENTED_EDGE('',*,*,#513,.F.);
#739=ORIENTED_EDGE('',*,*,#529,.T.);
#740=ORIENTED_EDGE('',*,*,#526,.T.);
#741=ORIENTED_EDGE('',*,*,#523,.T.);
#742=ORIENTED_EDGE('',*,*,#520,.T.);
#743=ORIENTED_EDGE('',*,*,#517,.T.);
#744=ORIENTED_EDGE('',*,*,#514,.T.);
#745=ORIENTED_EDGE('',*,*,#429,.T.);
#746=ORIENTED_EDGE('',*,*,#509,.T.);
#747=ORIENTED_EDGE('',*,*,#507,.T.);
#748=ORIENTED_EDGE('',*,*,#505,.T.);
#749=ORIENTED_EDGE('',*,*,#530,.F.);
#750=ORIENTED_EDGE('',*,*,#531,.T.);
#751=ORIENTED_EDGE('',*,*,#532,.F.);
#752=ORIENTED_EDGE('',*,*,#533,.T.);
#753=ORIENTED_EDGE('',*,*,#530,.T.);
#754=ORIENTED_EDGE('',*,*,#533,.F.);
#755=ORIENTED_EDGE('',*,*,#532,.T.);
#756=ORIENTED_EDGE('',*,*,#512,.T.);
#757=ORIENTED_EDGE('',*,*,#516,.T.);
#758=ORIENTED_EDGE('',*,*,#519,.T.);
#759=ORIENTED_EDGE('',*,*,#522,.T.);
#760=ORIENTED_EDGE('',*,*,#525,.T.);
#761=ORIENTED_EDGE('',*,*,#528,.T.);
#762=ORIENTED_EDGE('',*,*,#534,.T.);
#763=ORIENTED_EDGE('',*,*,#535,.T.);
#764=ORIENTED_EDGE('',*,*,#426,.T.);
#765=ORIENTED_EDGE('',*,*,#536,.T.);
#766=ORIENTED_EDGE('',*,*,#537,.T.);
#767=ORIENTED_EDGE('',*,*,#531,.F.);
#768=ORIENTED_EDGE('',*,*,#538,.T.);
#769=ORIENTED_EDGE('',*,*,#537,.F.);
#770=ORIENTED_EDGE('',*,*,#535,.F.);
#771=ORIENTED_EDGE('',*,*,#538,.F.);
#772=ORIENTED_EDGE('',*,*,#539,.F.);
#773=ORIENTED_EDGE('',*,*,#540,.F.);
#774=ORIENTED_EDGE('',*,*,#423,.T.);
#775=ORIENTED_EDGE('',*,*,#536,.F.);
#776=ORIENTED_EDGE('',*,*,#534,.F.);
#777=ORIENTED_EDGE('',*,*,#541,.T.);
#778=ORIENTED_EDGE('',*,*,#542,.F.);
#779=ORIENTED_EDGE('',*,*,#540,.T.);
#780=ORIENTED_EDGE('',*,*,#543,.F.);
#781=ORIENTED_EDGE('',*,*,#425,.F.);
#782=ORIENTED_EDGE('',*,*,#544,.F.);
#783=ORIENTED_EDGE('',*,*,#541,.F.);
#784=ORIENTED_EDGE('',*,*,#539,.T.);
#785=ORIENTED_EDGE('',*,*,#542,.T.);
#786=ORIENTED_EDGE('',*,*,#544,.T.);
#787=ORIENTED_EDGE('',*,*,#424,.T.);
#788=ORIENTED_EDGE('',*,*,#543,.T.);
#789=(
BOUNDED_SURFACE()
B_SPLINE_SURFACE(1,2,((#1120,#1121,#1122),(#1123,#1124,#1125)),
 .UNSPECIFIED.,.F.,.F.,.F.)
B_SPLINE_SURFACE_WITH_KNOTS((2,2),(3,3),(-5.85006264475637E-16,0.719298245614035),
(1.5707963267949,3.14159265358979),.UNSPECIFIED.)
GEOMETRIC_REPRESENTATION_ITEM()
RATIONAL_B_SPLINE_SURFACE(((1.,0.707106781186547,1.),(1.,0.707106781186547,
1.)))
REPRESENTATION_ITEM('')
SURFACE()
);
#790=(
BOUNDED_SURFACE()
B_SPLINE_SURFACE(5,1,((#2071,#2072),(#2073,#2074),(#2075,#2076),(#2077,
#2078),(#2079,#2080),(#2081,#2082),(#2083,#2084),(#2085,#2086),(#2087,#2088),
(#2089,#2090)),.UNSPECIFIED.,.F.,.F.,.F.)
B_SPLINE_SURFACE_WITH_KNOTS((6,1,1,1,1,6),(2,2),(-1.,-0.8,-0.6,-0.4,-0.2,
0.),(0.,0.71),.UNSPECIFIED.)
GEOMETRIC_REPRESENTATION_ITEM()
RATIONAL_B_SPLINE_SURFACE(((1.,1.),(1.,1.),(1.,1.),(1.,1.),(1.,1.),(1.,
1.),(1.,1.),(1.,1.),(1.,1.),(1.,1.)))
REPRESENTATION_ITEM('')
SURFACE()
);
#791=(
BOUNDED_SURFACE()
B_SPLINE_SURFACE(5,1,((#2120,#2121),(#2122,#2123),(#2124,#2125),(#2126,
#2127),(#2128,#2129),(#2130,#2131),(#2132,#2133),(#2134,#2135),(#2136,#2137),
(#2138,#2139)),.UNSPECIFIED.,.F.,.F.,.F.)
B_SPLINE_SURFACE_WITH_KNOTS((6,1,1,1,1,6),(2,2),(0.,0.2,0.4,0.6,0.8,1.),
(0.,0.71),.UNSPECIFIED.)
GEOMETRIC_REPRESENTATION_ITEM()
RATIONAL_B_SPLINE_SURFACE(((1.,1.),(1.,1.),(1.,1.),(1.,1.),(1.,1.),(1.,
1.),(1.,1.),(1.,1.),(1.,1.),(1.,1.)))
REPRESENTATION_ITEM('')
SURFACE()
);
#792=(
BOUNDED_SURFACE()
B_SPLINE_SURFACE(1,2,((#3472,#3473,#3474,#3475,#3476,#3477,#3478),(#3479,
#3480,#3481,#3482,#3483,#3484,#3485)),.UNSPECIFIED.,.F.,.F.,.F.)
B_SPLINE_SURFACE_WITH_KNOTS((2,2),(3,2,2,3),(-5.85006264475637E-16,0.719298245614035),
(-3.14159265358979,-1.5707963267949,-4.44089209850063E-16,1.5707963267949),
 .UNSPECIFIED.)
GEOMETRIC_REPRESENTATION_ITEM()
RATIONAL_B_SPLINE_SURFACE(((1.,0.707106781186548,1.,0.707106781186548,1.,
0.707106781186548,1.),(1.,0.707106781186548,1.,0.707106781186548,1.,0.707106781186548,
1.)))
REPRESENTATION_ITEM('')
SURFACE()
);
#793=ADVANCED_FACE('',(#94),#789,.F.);
#794=ADVANCED_FACE('',(#95),#70,.T.);
#795=ADVANCED_FACE('',(#96),#71,.T.);
#796=ADVANCED_FACE('',(#97),#72,.T.);
#797=ADVANCED_FACE('',(#98),#73,.T.);
#798=ADVANCED_FACE('',(#99),#74,.T.);
#799=ADVANCED_FACE('',(#100),#75,.T.);
#800=ADVANCED_FACE('',(#101),#76,.T.);
#801=ADVANCED_FACE('',(#102),#77,.T.);
#802=ADVANCED_FACE('',(#103),#78,.T.);
#803=ADVANCED_FACE('',(#104),#79,.T.);
#804=ADVANCED_FACE('',(#105),#80,.T.);
#805=ADVANCED_FACE('',(#106),#81,.T.);
#806=ADVANCED_FACE('',(#107),#82,.T.);
#807=ADVANCED_FACE('',(#108),#83,.T.);
#808=ADVANCED_FACE('',(#109),#84,.T.);
#809=ADVANCED_FACE('',(#110),#85,.F.);
#810=ADVANCED_FACE('',(#111),#31,.T.);
#811=ADVANCED_FACE('',(#112),#86,.F.);
#812=ADVANCED_FACE('',(#113),#32,.T.);
#813=ADVANCED_FACE('',(#114),#87,.T.);
#814=ADVANCED_FACE('',(#115),#790,.T.);
#815=ADVANCED_FACE('',(#116),#88,.T.);
#816=ADVANCED_FACE('',(#117),#791,.T.);
#817=ADVANCED_FACE('',(#118,#21,#22),#33,.T.);
#818=ADVANCED_FACE('',(#119),#17,.T.);
#819=ADVANCED_FACE('',(#120),#89,.T.);
#820=ADVANCED_FACE('',(#121),#18,.T.);
#821=ADVANCED_FACE('',(#122,#23),#34,.T.);
#822=ADVANCED_FACE('',(#123),#19,.F.);
#823=ADVANCED_FACE('',(#124),#90,.T.);
#824=ADVANCED_FACE('',(#125),#20,.F.);
#825=ADVANCED_FACE('',(#126),#91,.T.);
#826=ADVANCED_FACE('',(#127),#35,.T.);
#827=ADVANCED_FACE('',(#128),#36,.T.);
#828=ADVANCED_FACE('',(#129),#37,.T.);
#829=ADVANCED_FACE('',(#130),#38,.T.);
#830=ADVANCED_FACE('',(#131),#39,.T.);
#831=ADVANCED_FACE('',(#132),#40,.T.);
#832=ADVANCED_FACE('',(#133),#41,.T.);
#833=ADVANCED_FACE('',(#134,#24),#42,.T.);
#834=ADVANCED_FACE('',(#135,#25),#43,.F.);
#835=ADVANCED_FACE('',(#136),#92,.T.);
#836=ADVANCED_FACE('',(#137,#26),#44,.T.);
#837=ADVANCED_FACE('',(#138),#45,.T.);
#838=ADVANCED_FACE('',(#139),#46,.T.);
#839=ADVANCED_FACE('',(#140),#93,.T.);
#840=ADVANCED_FACE('',(#141),#15,.F.);
#841=ADVANCED_FACE('',(#142),#792,.F.);
#842=ADVANCED_FACE('',(#143),#16,.F.);
#843=ADVANCED_FACE('',(#144),#47,.T.);
#844=CLOSED_SHELL('',(#793,#794,#795,#796,#797,#798,#799,#800,#801,#802,
#803,#804,#805,#806,#807,#808,#809,#810,#811,#812,#813,#814,#815,#816,#817,
#818,#819,#820,#821,#822,#823,#824,#825,#826,#827,#828,#829,#830,#831,#832,
#833,#834,#835,#836,#837,#838,#839,#840,#841,#842,#843));
#845=DERIVED_UNIT_ELEMENT(#847,1.);
#846=DERIVED_UNIT_ELEMENT(#3511,-3.);
#847=(
MASS_UNIT()
NAMED_UNIT(*)
SI_UNIT(.KILO.,.GRAM.)
);
#848=DERIVED_UNIT((#845,#846));
#849=MEASURE_REPRESENTATION_ITEM('density measure',
POSITIVE_RATIO_MEASURE(7850.),#848);
#850=PROPERTY_DEFINITION_REPRESENTATION(#855,#852);
#851=PROPERTY_DEFINITION_REPRESENTATION(#856,#853);
#852=REPRESENTATION('material name',(#854),#3508);
#853=REPRESENTATION('density',(#849),#3508);
#854=DESCRIPTIVE_REPRESENTATION_ITEM('\X2\94A2\X0\','\X2\94A2\X0\');
#855=PROPERTY_DEFINITION('material property','material name',#3518);
#856=PROPERTY_DEFINITION('material property','density of part',#3518);
#857=AXIS2_PLACEMENT_3D('',#1119,#929,#930);
#858=AXIS2_PLACEMENT_3D('',#1130,#932,#933);
#859=AXIS2_PLACEMENT_3D('',#1146,#934,#935);
#860=AXIS2_PLACEMENT_3D('',#1147,#936,#937);
#861=AXIS2_PLACEMENT_3D('',#1169,#939,#940);
#862=AXIS2_PLACEMENT_3D('',#1180,#941,#942);
#863=AXIS2_PLACEMENT_3D('',#1270,#944,#945);
#864=AXIS2_PLACEMENT_3D('',#1354,#947,#948);
#865=AXIS2_PLACEMENT_3D('',#1444,#950,#951);
#866=AXIS2_PLACEMENT_3D('',#1534,#953,#954);
#867=AXIS2_PLACEMENT_3D('',#1624,#956,#957);
#868=AXIS2_PLACEMENT_3D('',#1708,#959,#960);
#869=AXIS2_PLACEMENT_3D('',#1713,#962,#963);
#870=AXIS2_PLACEMENT_3D('',#1794,#964,#965);
#871=AXIS2_PLACEMENT_3D('',#1813,#968,#969);
#872=AXIS2_PLACEMENT_3D('',#1824,#971,#972);
#873=AXIS2_PLACEMENT_3D('',#1861,#974,#975);
#874=AXIS2_PLACEMENT_3D('',#1898,#977,#978);
#875=AXIS2_PLACEMENT_3D('',#1936,#980,#981);
#876=AXIS2_PLACEMENT_3D('',#1974,#983,#984);
#877=AXIS2_PLACEMENT_3D('',#2011,#986,#987);
#878=AXIS2_PLACEMENT_3D('',#2048,#989,#990);
#879=AXIS2_PLACEMENT_3D('',#2050,#991,#992);
#880=AXIS2_PLACEMENT_3D('',#2053,#994,#995);
#881=AXIS2_PLACEMENT_3D('',#2054,#996,#997);
#882=AXIS2_PLACEMENT_3D('',#2055,#998,#999);
#883=AXIS2_PLACEMENT_3D('',#2057,#1000,#1001);
#884=AXIS2_PLACEMENT_3D('',#2060,#1003,#1004);
#885=AXIS2_PLACEMENT_3D('',#2061,#1005,#1006);
#886=AXIS2_PLACEMENT_3D('',#2062,#1007,#1008);
#887=AXIS2_PLACEMENT_3D('',#2065,#1009,#1010);
#888=AXIS2_PLACEMENT_3D('',#2069,#1012,#1013);
#889=AXIS2_PLACEMENT_3D('',#2114,#1016,#1017);
#890=AXIS2_PLACEMENT_3D('',#2116,#1018,#1019);
#891=AXIS2_PLACEMENT_3D('',#2118,#1020,#1021);
#892=AXIS2_PLACEMENT_3D('',#2160,#1023,#1024);
#893=AXIS2_PLACEMENT_3D('',#2230,#1026,#1027);
#894=AXIS2_PLACEMENT_3D('',#2232,#1028,#1029);
#895=AXIS2_PLACEMENT_3D('',#2234,#1030,#1031);
#896=AXIS2_PLACEMENT_3D('',#2292,#1033,#1034);
#897=AXIS2_PLACEMENT_3D('',#2844,#1035,#1036);
#898=AXIS2_PLACEMENT_3D('',#2846,#1037,#1038);
#899=AXIS2_PLACEMENT_3D('',#3383,#1039,#1040);
#900=AXIS2_PLACEMENT_3D('',#3384,#1041,#1042);
#901=AXIS2_PLACEMENT_3D('',#3385,#1043,#1044);
#902=AXIS2_PLACEMENT_3D('',#3386,#1045,#1046);
#903=AXIS2_PLACEMENT_3D('',#3395,#1051,#1052);
#904=AXIS2_PLACEMENT_3D('',#3401,#1056,#1057);
#905=AXIS2_PLACEMENT_3D('',#3407,#1061,#1062);
#906=AXIS2_PLACEMENT_3D('',#3413,#1066,#1067);
#907=AXIS2_PLACEMENT_3D('',#3419,#1071,#1072);
#908=AXIS2_PLACEMENT_3D('',#3422,#1075,#1076);
#909=AXIS2_PLACEMENT_3D('',#3423,#1077,#1078);
#910=AXIS2_PLACEMENT_3D('',#3425,#1079,#1080);
#911=AXIS2_PLACEMENT_3D('',#3427,#1081,#1082);
#912=AXIS2_PLACEMENT_3D('',#3428,#1083,#1084);
#913=AXIS2_PLACEMENT_3D('',#3430,#1085,#1086);
#914=AXIS2_PLACEMENT_3D('',#3432,#1088,#1089);
#915=AXIS2_PLACEMENT_3D('',#3433,#1090,#1091);
#916=AXIS2_PLACEMENT_3D('',#3435,#1092,#1093);
#917=AXIS2_PLACEMENT_3D('',#3436,#1094,#1095);
#918=AXIS2_PLACEMENT_3D('',#3437,#1096,#1097);
#919=AXIS2_PLACEMENT_3D('',#3438,#1098,#1099);
#920=AXIS2_PLACEMENT_3D('',#3439,#1100,#1101);
#921=AXIS2_PLACEMENT_3D('',#3440,#1102,#1103);
#922=AXIS2_PLACEMENT_3D('',#3442,#1105,#1106);
#923=AXIS2_PLACEMENT_3D('',#3445,#1107,#1108);
#924=AXIS2_PLACEMENT_3D('',#3501,#1109,#1110);
#925=AXIS2_PLACEMENT_3D('',#3502,#1111,#1112);
#926=AXIS2_PLACEMENT_3D('',#3503,#1113,#1114);
#927=AXIS2_PLACEMENT_3D('',#3504,#1115,#1116);
#928=AXIS2_PLACEMENT_3D('',#3505,#1117,#1118);
#929=DIRECTION('axis',(0.,0.,1.));
#930=DIRECTION('refdir',(1.,0.,0.));
#931=DIRECTION('',(0.,-1.,0.));
#932=DIRECTION('center_axis',(0.,1.,0.));
#933=DIRECTION('ref_axis',(-1.,0.,0.));
#934=DIRECTION('center_axis',(0.,-1.,0.));
#935=DIRECTION('ref_axis',(-1.,0.,0.));
#936=DIRECTION('center_axis',(0.,-1.,0.));
#937=DIRECTION('ref_axis',(1.,0.,0.));
#938=DIRECTION('',(0.,1.,0.));
#939=DIRECTION('center_axis',(0.,1.,0.));
#940=DIRECTION('ref_axis',(1.,0.,0.));
#941=DIRECTION('center_axis',(0.,-1.,0.));
#942=DIRECTION('ref_axis',(1.,0.,0.));
#943=DIRECTION('',(0.,1.,0.));
#944=DIRECTION('center_axis',(0.,-1.,0.));
#945=DIRECTION('ref_axis',(1.,0.,0.));
#946=DIRECTION('',(0.,1.,0.));
#947=DIRECTION('center_axis',(0.,-1.,0.));
#948=DIRECTION('ref_axis',(1.,0.,0.));
#949=DIRECTION('',(0.,1.,0.));
#950=DIRECTION('center_axis',(0.,-1.,0.));
#951=DIRECTION('ref_axis',(1.,0.,0.));
#952=DIRECTION('',(0.,1.,0.));
#953=DIRECTION('center_axis',(0.,-1.,0.));
#954=DIRECTION('ref_axis',(1.,0.,0.));
#955=DIRECTION('',(0.,1.,0.));
#956=DIRECTION('center_axis',(0.,-1.,0.));
#957=DIRECTION('ref_axis',(1.,0.,0.));
#958=DIRECTION('',(0.,1.,0.));
#959=DIRECTION('center_axis',(0.,-1.,0.));
#960=DIRECTION('ref_axis',(1.,0.,0.));
#961=DIRECTION('',(0.,1.,0.));
#962=DIRECTION('center_axis',(0.,1.,0.));
#963=DIRECTION('ref_axis',(1.,0.,0.));
#964=DIRECTION('center_axis',(0.,-1.,0.));
#965=DIRECTION('ref_axis',(1.,0.,2.27494118408818E-14));
#966=DIRECTION('',(0.,-1.,0.));
#967=DIRECTION('',(0.,-1.,0.));
#968=DIRECTION('center_axis',(0.,-1.,0.));
#969=DIRECTION('ref_axis',(0.594929955040457,0.,-0.803777549198508));
#970=DIRECTION('',(0.,-1.,0.));
#971=DIRECTION('center_axis',(0.,-1.,0.));
#972=DIRECTION('ref_axis',(1.,0.,2.27494118408818E-14));
#973=DIRECTION('',(0.,-1.,0.));
#974=DIRECTION('center_axis',(0.,-1.,0.));
#975=DIRECTION('ref_axis',(1.,0.,2.27494118408818E-14));
#976=DIRECTION('',(0.,-1.,0.));
#977=DIRECTION('center_axis',(0.,-1.,0.));
#978=DIRECTION('ref_axis',(1.,0.,2.27494118408818E-14));
#979=DIRECTION('',(0.,-1.,0.));
#980=DIRECTION('center_axis',(0.,-1.,0.));
#981=DIRECTION('ref_axis',(1.,0.,2.27494118408818E-14));
#982=DIRECTION('',(0.,-1.,0.));
#983=DIRECTION('center_axis',(0.,-1.,0.));
#984=DIRECTION('ref_axis',(1.,0.,2.27494118408818E-14));
#985=DIRECTION('',(0.,-1.,0.));
#986=DIRECTION('center_axis',(0.,-1.,0.));
#987=DIRECTION('ref_axis',(1.,0.,2.27494118408818E-14));
#988=DIRECTION('',(0.,-1.,0.));
#989=DIRECTION('center_axis',(0.,1.,0.));
#990=DIRECTION('ref_axis',(1.,0.,0.));
#991=DIRECTION('center_axis',(0.,1.,0.));
#992=DIRECTION('ref_axis',(1.,0.,0.));
#993=DIRECTION('',(0.,1.,0.));
#994=DIRECTION('center_axis',(0.,1.,0.));
#995=DIRECTION('ref_axis',(1.,0.,0.));
#996=DIRECTION('center_axis',(0.,-1.,0.));
#997=DIRECTION('ref_axis',(1.,0.,0.));
#998=DIRECTION('center_axis',(0.,1.,0.));
#999=DIRECTION('ref_axis',(1.,0.,0.));
#1000=DIRECTION('center_axis',(0.,1.,0.));
#1001=DIRECTION('ref_axis',(1.,0.,0.));
#1002=DIRECTION('',(0.,1.,0.));
#1003=DIRECTION('center_axis',(0.,1.,0.));
#1004=DIRECTION('ref_axis',(1.,0.,0.));
#1005=DIRECTION('center_axis',(0.,-1.,0.));
#1006=DIRECTION('ref_axis',(1.,0.,0.));
#1007=DIRECTION('center_axis',(0.,-1.,0.));
#1008=DIRECTION('ref_axis',(1.22002530178589E-16,0.,1.));
#1009=DIRECTION('center_axis',(0.,1.,0.));
#1010=DIRECTION('ref_axis',(0.516042361358545,0.,-0.856563063226227));
#1011=DIRECTION('',(0.,-1.,0.));
#1012=DIRECTION('center_axis',(0.,-1.,0.));
#1013=DIRECTION('ref_axis',(0.516042361358545,0.,-0.856563063226227));
#1014=DIRECTION('',(0.,-1.,0.));
#1015=DIRECTION('',(0.,-1.,0.));
#1016=DIRECTION('center_axis',(0.,-1.,0.));
#1017=DIRECTION('ref_axis',(6.10012650892943E-17,0.,-1.));
#1018=DIRECTION('center_axis',(0.,1.,0.));
#1019=DIRECTION('ref_axis',(-0.516042361358545,0.,0.856563063226226));
#1020=DIRECTION('center_axis',(0.,-1.,0.));
#1021=DIRECTION('ref_axis',(-0.516042361358545,0.,0.856563063226226));
#1022=DIRECTION('',(0.,-1.,0.));
#1023=DIRECTION('center_axis',(0.,-1.,0.));
#1024=DIRECTION('ref_axis',(1.,0.,0.));
#1025=DIRECTION('',(0.,-1.,0.));
#1026=DIRECTION('center_axis',(0.,-1.,0.));
#1027=DIRECTION('ref_axis',(-0.951056516295169,0.,0.309016994374899));
#1028=DIRECTION('center_axis',(0.,1.,0.));
#1029=DIRECTION('ref_axis',(1.,0.,0.));
#1030=DIRECTION('center_axis',(0.,-1.,0.));
#1031=DIRECTION('ref_axis',(1.,0.,0.));
#1032=DIRECTION('',(0.,-1.,0.));
#1033=DIRECTION('center_axis',(0.,-1.,0.));
#1034=DIRECTION('ref_axis',(1.,0.,0.));
#1035=DIRECTION('center_axis',(0.,-1.,0.));
#1036=DIRECTION('ref_axis',(1.,0.,2.27494118408818E-14));
#1037=DIRECTION('center_axis',(0.,1.,0.));
#1038=DIRECTION('ref_axis',(1.,0.,2.27494118408818E-14));
#1039=DIRECTION('center_axis',(0.,-1.,0.));
#1040=DIRECTION('ref_axis',(1.,0.,0.));
#1041=DIRECTION('center_axis',(0.,1.,0.));
#1042=DIRECTION('ref_axis',(1.,0.,0.));
#1043=DIRECTION('center_axis',(0.,-1.,0.));
#1044=DIRECTION('ref_axis',(1.,0.,0.));
#1045=DIRECTION('center_axis',(-0.866025403784439,0.,-0.5));
#1046=DIRECTION('ref_axis',(0.5,0.,-0.866025403784439));
#1047=DIRECTION('',(-0.5,0.,0.866025403784439));
#1048=DIRECTION('',(0.,-1.,0.));
#1049=DIRECTION('',(0.5,0.,-0.866025403784439));
#1050=DIRECTION('',(0.,-1.,0.));
#1051=DIRECTION('center_axis',(-0.866025403784439,0.,0.5));
#1052=DIRECTION('ref_axis',(-0.5,0.,-0.866025403784439));
#1053=DIRECTION('',(0.5,0.,0.866025403784439));
#1054=DIRECTION('',(-0.5,0.,-0.866025403784439));
#1055=DIRECTION('',(0.,-1.,0.));
#1056=DIRECTION('center_axis',(-1.48029736616688E-16,0.,1.));
#1057=DIRECTION('ref_axis',(-1.,0.,-1.48029736616688E-16));
#1058=DIRECTION('',(1.,0.,1.48029736616688E-16));
#1059=DIRECTION('',(-1.,0.,-1.48029736616688E-16));
#1060=DIRECTION('',(0.,-1.,0.));
#1061=DIRECTION('center_axis',(0.866025403784439,0.,0.5));
#1062=DIRECTION('ref_axis',(-0.5,0.,0.866025403784439));
#1063=DIRECTION('',(0.5,0.,-0.866025403784439));
#1064=DIRECTION('',(-0.5,0.,0.866025403784439));
#1065=DIRECTION('',(0.,-1.,0.));
#1066=DIRECTION('center_axis',(0.866025403784439,0.,-0.5));
#1067=DIRECTION('ref_axis',(0.499999999999999,0.,0.866025403784439));
#1068=DIRECTION('',(-0.499999999999999,0.,-0.866025403784439));
#1069=DIRECTION('',(0.499999999999999,0.,0.866025403784439));
#1070=DIRECTION('',(0.,-1.,0.));
#1071=DIRECTION('center_axis',(0.,0.,-1.));
#1072=DIRECTION('ref_axis',(1.,0.,0.));
#1073=DIRECTION('',(-1.,0.,0.));
#1074=DIRECTION('',(1.,0.,0.));
#1075=DIRECTION('center_axis',(0.,-1.,0.));
#1076=DIRECTION('ref_axis',(0.,0.,-1.));
#1077=DIRECTION('center_axis',(0.,-1.,0.));
#1078=DIRECTION('ref_axis',(1.,0.,0.));
#1079=DIRECTION('center_axis',(0.,-1.,0.));
#1080=DIRECTION('ref_axis',(1.,0.,0.));
#1081=DIRECTION('center_axis',(0.,-1.,-2.22044604925031E-16));
#1082=DIRECTION('ref_axis',(1.,0.,0.));
#1083=DIRECTION('center_axis',(0.,-1.,0.));
#1084=DIRECTION('ref_axis',(1.,0.,0.));
#1085=DIRECTION('center_axis',(0.,-1.,0.));
#1086=DIRECTION('ref_axis',(1.,0.,0.));
#1087=DIRECTION('',(0.,1.,0.));
#1088=DIRECTION('center_axis',(0.,-1.,0.));
#1089=DIRECTION('ref_axis',(1.,0.,0.));
#1090=DIRECTION('center_axis',(0.,1.,2.22044604925031E-16));
#1091=DIRECTION('ref_axis',(-1.,0.,0.));
#1092=DIRECTION('center_axis',(0.,-1.,0.));
#1093=DIRECTION('ref_axis',(-1.,0.,0.));
#1094=DIRECTION('center_axis',(0.,1.,2.22044604925031E-16));
#1095=DIRECTION('ref_axis',(1.,0.,0.));
#1096=DIRECTION('center_axis',(0.,1.,2.22044604925031E-16));
#1097=DIRECTION('ref_axis',(-1.,0.,0.));
#1098=DIRECTION('center_axis',(0.,-1.,0.));
#1099=DIRECTION('ref_axis',(-1.,0.,0.));
#1100=DIRECTION('center_axis',(0.,1.,2.22044604925031E-16));
#1101=DIRECTION('ref_axis',(1.,0.,0.));
#1102=DIRECTION('center_axis',(0.,-1.,-2.22044604925031E-16));
#1103=DIRECTION('ref_axis',(1.,0.,0.));
#1104=DIRECTION('',(0.,1.,2.22044604925031E-16));
#1105=DIRECTION('center_axis',(1.,-8.66515531414756E-17,0.));
#1106=DIRECTION('ref_axis',(0.,-1.,0.));
#1107=DIRECTION('center_axis',(0.,-1.,0.));
#1108=DIRECTION('ref_axis',(0.,0.,-1.));
#1109=DIRECTION('center_axis',(0.,1.,0.));
#1110=DIRECTION('ref_axis',(-1.,0.,0.));
#1111=DIRECTION('center_axis',(0.,1.,0.));
#1112=DIRECTION('ref_axis',(-1.,0.,0.));
#1113=DIRECTION('center_axis',(1.,-8.66515531414756E-17,0.));
#1114=DIRECTION('ref_axis',(0.,-1.,0.));
#1115=DIRECTION('center_axis',(0.,-1.,0.));
#1116=DIRECTION('ref_axis',(0.,0.,-1.));
#1117=DIRECTION('center_axis',(0.,1.,0.));
#1118=DIRECTION('ref_axis',(1.,0.,0.));
#1119=CARTESIAN_POINT('',(0.,0.,0.));
#1120=CARTESIAN_POINT('Ctrl Pts',(0.,-1.00036071225334E-14,12.5));
#1121=CARTESIAN_POINT('Ctrl Pts',(17.1,-1.00036071225334E-14,12.5));
#1122=CARTESIAN_POINT('Ctrl Pts',(17.1,-1.00036071225334E-14,0.));
#1123=CARTESIAN_POINT('Ctrl Pts',(0.,12.3,12.5));
#1124=CARTESIAN_POINT('Ctrl Pts',(17.1,12.3,12.5));
#1125=CARTESIAN_POINT('Ctrl Pts',(17.1,12.3,0.));
#1126=CARTESIAN_POINT('',(17.1,12.3,-1.53080849893419E-15));
#1127=CARTESIAN_POINT('',(17.1,0.,0.));
#1128=CARTESIAN_POINT('',(17.1,0.,-1.53080849893419E-15));
#1129=CARTESIAN_POINT('',(9.15482492629519,12.3,10.557721500073));
#1130=CARTESIAN_POINT('Origin',(0.,12.3,0.));
#1131=CARTESIAN_POINT('',(0.,0.,12.5));
#1132=CARTESIAN_POINT('Ctrl Pts',(9.15482492629519,12.3,10.557721500073));
#1133=CARTESIAN_POINT('Ctrl Pts',(9.15482492629519,11.2937893377863,10.557721500073));
#1134=CARTESIAN_POINT('Ctrl Pts',(9.06799009344052,10.2532927930045,10.5988864410603));
#1135=CARTESIAN_POINT('Ctrl Pts',(8.69563577422516,8.19736729184964,10.7643297458533));
#1136=CARTESIAN_POINT('Ctrl Pts',(8.41024834683163,7.18190041076725,10.8884339717542));
#1137=CARTESIAN_POINT('Ctrl Pts',(7.63111368555511,5.26451131676132,11.1909137910309));
#1138=CARTESIAN_POINT('Ctrl Pts',(7.13732826949149,4.3618644804518,11.3689756285825));
#1139=CARTESIAN_POINT('Ctrl Pts',(5.94002687327912,2.74806425889288,11.7311657295289));
#1140=CARTESIAN_POINT('Ctrl Pts',(5.23729909842215,2.036268542593,11.915036808381));
#1141=CARTESIAN_POINT('Ctrl Pts',(3.8206850022421,1.02667410459651,12.1926642569485));
#1142=CARTESIAN_POINT('Ctrl Pts',(3.09912706767015,0.640526287164942,12.3059912163077));
#1143=CARTESIAN_POINT('Ctrl Pts',(1.56669517819531,0.126690666114616,12.460260055774));
#1144=CARTESIAN_POINT('Ctrl Pts',(0.755366309402228,-1.00036071225334E-14,
12.5));
#1145=CARTESIAN_POINT('Ctrl Pts',(-1.38777878078145E-15,-9.8358821087885E-15,
12.5));
#1146=CARTESIAN_POINT('Origin',(0.,0.,0.));
#1147=CARTESIAN_POINT('Origin',(0.,-12.8,0.));
#1148=CARTESIAN_POINT('',(-10.9416161045932,-13.1214544292531,0.000248209804764587));
#1149=CARTESIAN_POINT('',(-10.9417717236241,-12.9785455707469,0.000171112364944646));
#1150=CARTESIAN_POINT('',(-10.942,-12.8,-1.34000852762703E-15));
#1151=CARTESIAN_POINT('',(4.74915750032826,-12.8,9.85762988943467));
#1152=CARTESIAN_POINT('Ctrl Pts',(-10.9416161045932,-13.1214544292531,0.000248209804764587));
#1153=CARTESIAN_POINT('Ctrl Pts',(-10.9420864661497,-13.1134831620782,0.548322860376623));
#1154=CARTESIAN_POINT('Ctrl Pts',(-10.9016148402748,-13.1055118949032,1.09632848364888));
#1155=CARTESIAN_POINT('Ctrl Pts',(-10.8196012004056,-13.0975406277283,1.63804447138189));
#1156=CARTESIAN_POINT('Ctrl Pts',(-10.5505972527641,-13.0713949482879,3.41486768558117));
#1157=CARTESIAN_POINT('Ctrl Pts',(-9.83467033053416,-13.0452492688474,5.12402488280157));
#1158=CARTESIAN_POINT('Ctrl Pts',(-8.75701924407332,-13.019103589407,6.56212890412182));
#1159=CARTESIAN_POINT('Ctrl Pts',(-7.67936815761249,-12.9929579099666,8.00023292544207));
#1160=CARTESIAN_POINT('Ctrl Pts',(-6.23999290692078,-12.9668122305262,9.16728377086216));
#1161=CARTESIAN_POINT('Ctrl Pts',(-4.6101854831018,-12.9406665510858,9.92437622887447));
#1162=CARTESIAN_POINT('Ctrl Pts',(-2.98037805928282,-12.9145208716453,10.6814686868868));
#1163=CARTESIAN_POINT('Ctrl Pts',(-1.16013846233657,-12.8883751922049,11.0286027574913));
#1164=CARTESIAN_POINT('Ctrl Pts',(0.633915634290706,-12.8622295127645,10.9245088621767));
#1165=CARTESIAN_POINT('Ctrl Pts',(2.05726249561602,-12.841486341843,10.841923995055));
#1166=CARTESIAN_POINT('Ctrl Pts',(3.46412730404263,-12.8207431709215,10.4753207546711));
#1167=CARTESIAN_POINT('Ctrl Pts',(4.74945024020443,-12.8,9.85766020469957));
#1168=CARTESIAN_POINT('',(-4.74915750032832,-12.8,9.85762988943464));
#1169=CARTESIAN_POINT('Origin',(0.,-12.8,0.));
#1170=CARTESIAN_POINT('Ctrl Pts',(-4.74915750032828,-12.8,9.85762988943467));
#1171=CARTESIAN_POINT('Ctrl Pts',(-6.36855069116796,-12.8261456794404,9.0774470864163));
#1172=CARTESIAN_POINT('Ctrl Pts',(-7.79128661753561,-12.8522913588808,7.89106126418957));
#1173=CARTESIAN_POINT('Ctrl Pts',(-8.84856441925978,-12.8784370383213,6.43817439461205));
#1174=CARTESIAN_POINT('Ctrl Pts',(-9.90584222098396,-12.9045827177617,4.98528752503452));
#1175=CARTESIAN_POINT('Ctrl Pts',(-10.5976618980647,-12.9307283972021,3.26589960810618));
#1176=CARTESIAN_POINT('Ctrl Pts',(-10.8416168358424,-12.9568740766425,1.48538149782213));
#1177=CARTESIAN_POINT('Ctrl Pts',(-10.9090195337123,-12.9640979080107,0.993439316480837));
#1178=CARTESIAN_POINT('Ctrl Pts',(-10.942233561626,-12.9713217393788,0.496830636927928));
#1179=CARTESIAN_POINT('Ctrl Pts',(-10.9417717236241,-12.9785455707469,0.000171112364944646));
#1180=CARTESIAN_POINT('Origin',(0.,-12.8,0.));
#1181=CARTESIAN_POINT('',(-10.9428219189378,-14.1214544292531,9.55551470734409E-5));
#1182=CARTESIAN_POINT('',(-10.9428780465696,-13.9785455707469,4.58857014228827E-5));
#1183=CARTESIAN_POINT('',(-10.942,-12.8,-1.34000852762703E-15));
#1184=CARTESIAN_POINT('Ctrl Pts',(-10.9428219189378,-14.1214544292531,9.55551470734409E-5));
#1185=CARTESIAN_POINT('Ctrl Pts',(-10.942867228973,-14.1200436614703,0.0970638099041314));
#1186=CARTESIAN_POINT('Ctrl Pts',(-10.941604531511,-14.1186328936876,0.194030882025523));
#1187=CARTESIAN_POINT('Ctrl Pts',(-10.939026272311,-14.1172221259048,0.290962962026608));
#1188=CARTESIAN_POINT('Ctrl Pts',(-10.8912435405388,-14.0910764464644,2.08739971239043));
#1189=CARTESIAN_POINT('Ctrl Pts',(-10.3916048313543,-14.0649307670239,3.87181771953076));
#1190=CARTESIAN_POINT('Ctrl Pts',(-9.49956947343351,-14.0387850875835,5.43186294517197));
#1191=CARTESIAN_POINT('Ctrl Pts',(-8.60753411551272,-14.0126394081431,6.99190817081318));
#1192=CARTESIAN_POINT('Ctrl Pts',(-7.32310210885567,-13.9864937287027,8.32758061495525));
#1193=CARTESIAN_POINT('Ctrl Pts',(-5.79912683231391,-13.9603480492623,9.27992905152504));
#1194=CARTESIAN_POINT('Ctrl Pts',(-4.27515155577215,-13.9342023698218,10.2322774880948));
#1195=CARTESIAN_POINT('Ctrl Pts',(-2.51163300934568,-13.9080566903814,10.8013019170923));
#1196=CARTESIAN_POINT('Ctrl Pts',(-0.718438096751301,-13.881911010941,10.9192857808185));
#1197=CARTESIAN_POINT('Ctrl Pts',(1.07475681584307,-13.8557653315006,11.0372696445448));
#1198=CARTESIAN_POINT('Ctrl Pts',(2.89762809460534,-13.8296196520601,10.7042129429997));
#1199=CARTESIAN_POINT('Ctrl Pts',(4.5332455845043,-13.8034739726197,9.95975098324217));
#1200=CARTESIAN_POINT('Ctrl Pts',(6.16886307440326,-13.7773282931793,9.2152890234846));
#1201=CARTESIAN_POINT('Ctrl Pts',(7.61722677543892,-13.7511826137389,8.05942180551449));
#1202=CARTESIAN_POINT('Ctrl Pts',(8.70597467561746,-13.7250369342984,6.62970287791441));
#1203=CARTESIAN_POINT('Ctrl Pts',(9.794722575796,-13.698891254858,5.19998395031433));
#1204=CARTESIAN_POINT('Ctrl Pts',(10.5238546751174,-13.6727455754176,3.49641331308428));
#1205=CARTESIAN_POINT('Ctrl Pts',(10.8066008640054,-13.6465998959772,1.72172383527002));
#1206=CARTESIAN_POINT('Ctrl Pts',(11.0893470528933,-13.6204542165368,-0.0529656425442349));
#1207=CARTESIAN_POINT('Ctrl Pts',(10.9257073313477,-13.5943085370963,-1.8987739609427));
#1208=CARTESIAN_POINT('Ctrl Pts',(10.3351555883454,-13.5681628576559,-3.59604143982168));
#1209=CARTESIAN_POINT('Ctrl Pts',(9.74460384534303,-13.5420171782155,-5.29330891870066));
#1210=CARTESIAN_POINT('Ctrl Pts',(8.72714008088394,-13.5158714987751,-6.84203555806016));
#1211=CARTESIAN_POINT('Ctrl Pts',(7.40384720908287,-13.4897258193346,-8.05791551335507));
#1212=CARTESIAN_POINT('Ctrl Pts',(6.0805543372818,-13.4635801398942,-9.27379546864999));
#1213=CARTESIAN_POINT('Ctrl Pts',(4.45143235813873,-13.4374344604538,-10.1568287398803));
#1214=CARTESIAN_POINT('Ctrl Pts',(2.71035436522631,-13.4112887810134,-10.601930611338));
#1215=CARTESIAN_POINT('Ctrl Pts',(0.969276372313892,-13.3851431015729,-11.0470324827957));
#1216=CARTESIAN_POINT('Ctrl Pts',(-0.88375763436787,-13.3589974221325,-11.0542029544808));
#1217=CARTESIAN_POINT('Ctrl Pts',(-2.62822800689658,-13.3328517426921,-10.6225880193631));
#1218=CARTESIAN_POINT('Ctrl Pts',(-4.37269837942527,-13.3067060632517,-10.1909730842454));
#1219=CARTESIAN_POINT('Ctrl Pts',(-6.00860511780091,-13.2805603838113,-9.32057274232497));
#1220=CARTESIAN_POINT('Ctrl Pts',(-7.34126769331813,-13.2544147043708,-8.11497003882628));
#1221=CARTESIAN_POINT('Ctrl Pts',(-8.67393026883535,-13.2282690249304,-6.90936733532759));
#1222=CARTESIAN_POINT('Ctrl Pts',(-9.70334868149417,-13.20212334549,-5.36856227025064));
#1223=CARTESIAN_POINT('Ctrl Pts',(-10.3070174012971,-13.1759776660496,-3.67591512212309));
#1224=CARTESIAN_POINT('Ctrl Pts',(-10.7266402384268,-13.1578032537841,-2.49932045147546));
#1225=CARTESIAN_POINT('Ctrl Pts',(-10.9405436847816,-13.1396288415186,-1.24935670659639));
#1226=CARTESIAN_POINT('Ctrl Pts',(-10.9416161045932,-13.1214544292531,0.000248209804764587));
#1227=CARTESIAN_POINT('Ctrl Pts',(-10.9417717236241,-12.9785455707469,0.000171112364944646));
#1228=CARTESIAN_POINT('Ctrl Pts',(-10.940562001517,-12.9974674188192,-1.30076125836016));
#1229=CARTESIAN_POINT('Ctrl Pts',(-10.7082997776756,-13.0163892668915,-2.60204248030139));
#1230=CARTESIAN_POINT('Ctrl Pts',(-10.254200984788,-13.0353111149638,-3.82072166807029));
#1231=CARTESIAN_POINT('Ctrl Pts',(-9.62673999748095,-13.0614567944042,-5.5046584200389));
#1232=CARTESIAN_POINT('Ctrl Pts',(-8.57572782439208,-13.0876024738446,-7.03088362033634));
#1233=CARTESIAN_POINT('Ctrl Pts',(-7.22621537414223,-13.1137481532851,-8.21761040799522));
#1234=CARTESIAN_POINT('Ctrl Pts',(-5.87670292389237,-13.1398938327255,-9.40433719565411));
#1235=CARTESIAN_POINT('Ctrl Pts',(-4.22869019648152,-13.1660395121659,-10.2515655706744));
#1236=CARTESIAN_POINT('Ctrl Pts',(-2.4783107652675,-13.1921851916064,-10.6585514594996));
#1237=CARTESIAN_POINT('Ctrl Pts',(-0.727931334053493,-13.2183308710468,
-11.0655373483247));
#1238=CARTESIAN_POINT('Ctrl Pts',(1.12481480096369,-13.2444765504872,-11.0322807509547));
#1239=CARTESIAN_POINT('Ctrl Pts',(2.85944851416666,-13.2706222299276,-10.5626988974926));
#1240=CARTESIAN_POINT('Ctrl Pts',(4.59408222736964,-13.296767909368,-10.0931170440304));
#1241=CARTESIAN_POINT('Ctrl Pts',(6.21060351875841,-13.3229135888085,-9.18720993447605));
#1242=CARTESIAN_POINT('Ctrl Pts',(7.51663566589,-13.3490592682489,-7.95280519065992));
#1243=CARTESIAN_POINT('Ctrl Pts',(8.82266781302158,-13.3752049476893,-6.7184004468438));
#1244=CARTESIAN_POINT('Ctrl Pts',(9.81821081589596,-13.4013506271297,-5.15549806876589));
#1245=CARTESIAN_POINT('Ctrl Pts',(10.3847920362283,-13.4274963065702,-3.45008035097631));
#1246=CARTESIAN_POINT('Ctrl Pts',(10.9513732565607,-13.4536419860106,-1.74466263318672));
#1247=CARTESIAN_POINT('Ctrl Pts',(11.0889926943511,-13.479787665451,0.103270424314559));
#1248=CARTESIAN_POINT('Ctrl Pts',(10.781272184238,-13.5059333448914,1.8738009612509));
#1249=CARTESIAN_POINT('Ctrl Pts',(10.4735516741248,-13.5320790243318,3.64433149818725));
#1250=CARTESIAN_POINT('Ctrl Pts',(9.72049121610817,-13.5582247037723,5.33745951455867));
#1251=CARTESIAN_POINT('Ctrl Pts',(8.6117089159869,-13.5843703832127,6.75169755625742));
#1252=CARTESIAN_POINT('Ctrl Pts',(7.50292661586564,-13.6105160626531,8.16593559795617));
#1253=CARTESIAN_POINT('Ctrl Pts',(6.03842247363976,-13.6366617420935,9.30128366498227));
#1254=CARTESIAN_POINT('Ctrl Pts',(4.39247908125106,-13.662807421534,10.02262871997));
#1255=CARTESIAN_POINT('Ctrl Pts',(2.74653568886235,-13.6889531009744,10.7439737749577));
#1256=CARTESIAN_POINT('Ctrl Pts',(0.919153046310824,-13.7150987804148,11.0513158179071));
#1257=CARTESIAN_POINT('Ctrl Pts',(-0.87220171310429,-13.7412444598552,10.908080395235));
#1258=CARTESIAN_POINT('Ctrl Pts',(-2.66355647251939,-13.7673901392957,10.764844972563));
#1259=CARTESIAN_POINT('Ctrl Pts',(-4.41888334879807,-13.7935358187361,10.1710320842695));
#1260=CARTESIAN_POINT('Ctrl Pts',(-5.92929033816787,-13.8196814981765,9.1973078810766));
#1261=CARTESIAN_POINT('Ctrl Pts',(-7.43969732753768,-13.8458271776169,8.22358367788367));
#1262=CARTESIAN_POINT('Ctrl Pts',(-8.70518442999861,-13.8719728570574,6.86994815979129));
#1263=CARTESIAN_POINT('Ctrl Pts',(-9.5751527714803,-13.8981185364978,5.29749041864248));
#1264=CARTESIAN_POINT('Ctrl Pts',(-10.445121112962,-13.9242642159382,3.72503267749369));
#1265=CARTESIAN_POINT('Ctrl Pts',(-10.9195706934644,-13.9504098953786,1.93375271328849));
#1266=CARTESIAN_POINT('Ctrl Pts',(-10.9420398212981,-13.976555574819,0.136821079809843));
#1267=CARTESIAN_POINT('Ctrl Pts',(-10.9426098768974,-13.977218906795,0.0912318185401917));
#1268=CARTESIAN_POINT('Ctrl Pts',(-10.9428890070873,-13.9778822387709,0.0456389194711882));
#1269=CARTESIAN_POINT('Ctrl Pts',(-10.9428780465696,-13.9785455707469,4.58857014228827E-5));
#1270=CARTESIAN_POINT('Origin',(0.,-12.8,0.));
#1271=CARTESIAN_POINT('',(-10.94218571702,-15.1214544292531,-0.000257538784291245));
#1272=CARTESIAN_POINT('',(-10.9420287716383,-14.9785455707469,-0.000266310220726698));
#1273=CARTESIAN_POINT('',(-10.942,-12.8,-1.34000852762703E-15));
#1274=CARTESIAN_POINT('Ctrl Pts',(-10.94218571702,-15.1214544292531,-0.000257538784291245));
#1275=CARTESIAN_POINT('Ctrl Pts',(-10.940755209857,-15.1004584814221,1.44312893668313));
#1276=CARTESIAN_POINT('Ctrl Pts',(-10.6533738342118,-15.079462533591,2.88706827223956));
#1277=CARTESIAN_POINT('Ctrl Pts',(-10.0970333463731,-15.05846658576,4.21863400095121));
#1278=CARTESIAN_POINT('Ctrl Pts',(-9.40423775687078,-15.0323209063196,5.87679637480217));
#1279=CARTESIAN_POINT('Ctrl Pts',(-8.29436620848448,-15.0061752268792,7.36070055213468));
#1280=CARTESIAN_POINT('Ctrl Pts',(-6.89949857412836,-14.9800295474388,8.49375503869494));
#1281=CARTESIAN_POINT('Ctrl Pts',(-5.50463093977224,-14.9538838679983,9.6268095252552));
#1282=CARTESIAN_POINT('Ctrl Pts',(-3.82476721944631,-14.9277381885579,10.4090143210432));
#1283=CARTESIAN_POINT('Ctrl Pts',(-2.05981900383538,-14.9015925091175,10.747283419692));
#1284=CARTESIAN_POINT('Ctrl Pts',(-0.294870788224454,-14.8754468296771,
11.0855525183409));
#1285=CARTESIAN_POINT('Ctrl Pts',(1.55516192267147,-14.8493011502366,10.9798859198505));
#1286=CARTESIAN_POINT('Ctrl Pts',(3.27011663734841,-14.8231554707962,10.4428584405755));
#1287=CARTESIAN_POINT('Ctrl Pts',(4.98507135202537,-14.7970097913558,9.90583096130043));
#1288=CARTESIAN_POINT('Ctrl Pts',(6.56494807048336,-14.7708641119154,8.9374426012407));
#1289=CARTESIAN_POINT('Ctrl Pts',(7.82173411999696,-14.744718432475,7.65293607629236));
#1290=CARTESIAN_POINT('Ctrl Pts',(9.07852016951056,-14.7185727530345,6.36842955134401));
#1291=CARTESIAN_POINT('Ctrl Pts',(10.0122155500798,-14.6924270735941,4.76780486150707));
#1292=CARTESIAN_POINT('Ctrl Pts',(10.5117061716234,-14.6662813941537,3.04154378453061));
#1293=CARTESIAN_POINT('Ctrl Pts',(11.011196793167,-14.6401357147133,1.31528270755417));
#1294=CARTESIAN_POINT('Ctrl Pts',(11.076482655685,-14.6139900352728,-0.53661475656178));
#1295=CARTESIAN_POINT('Ctrl Pts',(10.6997944380904,-14.5878443558324,-2.29376420200004));
#1296=CARTESIAN_POINT('Ctrl Pts',(10.3231062204959,-14.561698676392,-4.05091364743831));
#1297=CARTESIAN_POINT('Ctrl Pts',(9.50444392278875,-14.5355529969516,-5.7133150741989));
#1298=CARTESIAN_POINT('Ctrl Pts',(8.34123216351921,-14.5094073175111,-7.08313498572065));
#1299=CARTESIAN_POINT('Ctrl Pts',(7.17802040424968,-14.4832616380707,-8.4529548972424));
#1300=CARTESIAN_POINT('Ctrl Pts',(5.67025918341774,-14.4571159586303,-9.53019329352531));
#1301=CARTESIAN_POINT('Ctrl Pts',(3.99737909433932,-14.4309702791899,-10.1866537983841));
#1302=CARTESIAN_POINT('Ctrl Pts',(2.32449900526091,-14.4048245997494,-10.8431143032429));
#1303=CARTESIAN_POINT('Ctrl Pts',(0.486500047936017,-14.378678920309,-11.0787969166776));
#1304=CARTESIAN_POINT('Ctrl Pts',(-1.29788735873724,-14.3525332408686,-10.8656543123403));
#1305=CARTESIAN_POINT('Ctrl Pts',(-3.08227476541049,-14.3263875614282,-10.652511708003));
#1306=CARTESIAN_POINT('Ctrl Pts',(-4.81305062143211,-14.3002418819878,-9.99054388589364));
#1307=CARTESIAN_POINT('Ctrl Pts',(-6.28424455533442,-14.2740962025473,-8.95852809346024));
#1308=CARTESIAN_POINT('Ctrl Pts',(-7.75543848923673,-14.2479505231069,-7.92651230102683));
#1309=CARTESIAN_POINT('Ctrl Pts',(-8.96705050101975,-14.2218048436665,-6.52444853826935));
#1310=CARTESIAN_POINT('Ctrl Pts',(-9.77489312973136,-14.1956591642261,-4.91918891009694));
#1311=CARTESIAN_POINT('Ctrl Pts',(-10.539146210245,-14.1709242525684,-3.40054583253174));
#1312=CARTESIAN_POINT('Ctrl Pts',(-10.9420275006566,-14.1461893409108,-1.70004336516394));
#1313=CARTESIAN_POINT('Ctrl Pts',(-10.9428219189378,-14.1214544292531,9.55551470734409E-5));
#1314=CARTESIAN_POINT('Ctrl Pts',(-10.9428780465696,-13.9785455707469,4.58857014228827E-5));
#1315=CARTESIAN_POINT('Ctrl Pts',(-10.9424569908546,-14.0040279182114,-1.75144140965647));
#1316=CARTESIAN_POINT('Ctrl Pts',(-10.5139304249824,-14.0295102656758,-3.50312749158997));
#1317=CARTESIAN_POINT('Ctrl Pts',(-9.70461968391596,-14.0549926131403,-5.05641299264696));
#1318=CARTESIAN_POINT('Ctrl Pts',(-8.87424174353532,-14.0811382925807,-6.65013212887303));
#1319=CARTESIAN_POINT('Ctrl Pts',(-7.64299718760917,-14.1072839720212,-8.03498709857308));
#1320=CARTESIAN_POINT('Ctrl Pts',(-6.15740984457343,-14.1334296514616,-9.04617374604579));
#1321=CARTESIAN_POINT('Ctrl Pts',(-4.67182250153769,-14.159575330902,-10.0573603935185));
#1322=CARTESIAN_POINT('Ctrl Pts',(-2.93189237139236,-14.1857210103424,-10.6948787187638));
#1323=CARTESIAN_POINT('Ctrl Pts',(-1.14467922501461,-14.2118666897829,-10.882861066543));
#1324=CARTESIAN_POINT('Ctrl Pts',(0.642533921363151,-14.2380123692233,-11.0708434143221));
#1325=CARTESIAN_POINT('Ctrl Pts',(2.47703008397332,-14.2641580486637,-10.8092897846349));
#1326=CARTESIAN_POINT('Ctrl Pts',(4.14049569187937,-14.2903037281041,-10.1293262808586));
#1327=CARTESIAN_POINT('Ctrl Pts',(5.80396129978541,-14.3164494075445,-9.44936277708228));
#1328=CARTESIAN_POINT('Ctrl Pts',(7.29639635298733,-14.342595086985,-8.35098939921677));
#1329=CARTESIAN_POINT('Ctrl Pts',(8.44019414380327,-14.3687407664254,-6.96491768153252));
#1330=CARTESIAN_POINT('Ctrl Pts',(9.58399193461923,-14.3948864458658,-5.57884596384826));
#1331=CARTESIAN_POINT('Ctrl Pts',(10.3791524630492,-14.4210321253062,-3.90507590634524));
#1332=CARTESIAN_POINT('Ctrl Pts',(10.7310479300948,-14.4471778047467,-2.14279392698053));
#1333=CARTESIAN_POINT('Ctrl Pts',(11.0829433971403,-14.4733234841871,-0.380511947615838));
#1334=CARTESIAN_POINT('Ctrl Pts',(10.9915738028015,-14.4994691636275,1.47028195361055));
#1335=CARTESIAN_POINT('Ctrl Pts',(10.4678125536038,-14.5256148430679,3.18933470075165));
#1336=CARTESIAN_POINT('Ctrl Pts',(9.9440513044061,-14.5517605225084,4.90838744789277));
#1337=CARTESIAN_POINT('Ctrl Pts',(8.98789840034947,-14.5779062019488,6.4956990409486));
#1338=CARTESIAN_POINT('Ctrl Pts',(7.71314048113387,-14.6040518813892,7.76237202218299));
#1339=CARTESIAN_POINT('Ctrl Pts',(6.43838256191826,-14.6301975608296,9.02904500341737));
#1340=CARTESIAN_POINT('Ctrl Pts',(4.84501962754367,-14.6563432402701,9.97507937283031));
#1341=CARTESIAN_POINT('Ctrl Pts',(3.12266927314271,-14.6824889197105,10.4878926435072));
#1342=CARTESIAN_POINT('Ctrl Pts',(1.40031891874175,-14.7086345991509,11.0007059141842));
#1343=CARTESIAN_POINT('Ctrl Pts',(-0.451018855685586,-14.7347802785913,
11.0802980861251));
#1344=CARTESIAN_POINT('Ctrl Pts',(-2.21102625002412,-14.7609259580317,10.7171973208302));
#1345=CARTESIAN_POINT('Ctrl Pts',(-3.97103364436266,-14.7870716374722,10.3540965555352));
#1346=CARTESIAN_POINT('Ctrl Pts',(-5.63971065861239,-14.8132173169126,9.5483028530045));
#1347=CARTESIAN_POINT('Ctrl Pts',(-7.01847697209956,-14.839362996353,8.3957094091975));
#1348=CARTESIAN_POINT('Ctrl Pts',(-8.39724328558673,-14.8655086757934,7.24311596539051));
#1349=CARTESIAN_POINT('Ctrl Pts',(-9.48609889831132,-14.8916543552338,5.74372278030726));
#1350=CARTESIAN_POINT('Ctrl Pts',(-10.1554649313883,-14.9178000346743,4.07596461209135));
#1351=CARTESIAN_POINT('Ctrl Pts',(-10.6738552145798,-14.9380485466985,2.78436989949129));
#1352=CARTESIAN_POINT('Ctrl Pts',(-10.9406472910243,-14.9582970587227,1.39179454305555));
#1353=CARTESIAN_POINT('Ctrl Pts',(-10.9420287716383,-14.9785455707469,-0.000266310220726698));
#1354=CARTESIAN_POINT('Origin',(0.,-12.8,0.));
#1355=CARTESIAN_POINT('',(-10.9411488474821,-16.1214544292531,-8.19286403752617E-5));
#1356=CARTESIAN_POINT('',(-10.9411178811607,-15.9785455707469,-3.74520615512933E-5));
#1357=CARTESIAN_POINT('',(-10.942,-12.8,-1.34000852762703E-15));
#1358=CARTESIAN_POINT('Ctrl Pts',(-10.9411488474821,-16.1214544292531,-8.19286403752617E-5));
#1359=CARTESIAN_POINT('Ctrl Pts',(-10.9408827110501,-16.1070189808142,0.992567033809356));
#1360=CARTESIAN_POINT('Ctrl Pts',(-10.8069440010023,-16.0925835323754,1.98528641614441));
#1361=CARTESIAN_POINT('Ctrl Pts',(-10.5402858780748,-16.0781480839365,2.94097413116999));
#1362=CARTESIAN_POINT('Ctrl Pts',(-10.0573110794893,-16.0520024044961,4.67192864554064));
#1363=CARTESIAN_POINT('Ctrl Pts',(-9.13895098616403,-16.0258567250557,6.28140098155925));
#1364=CARTESIAN_POINT('Ctrl Pts',(-7.89449471772012,-15.9997110456153,7.57785645045104));
#1365=CARTESIAN_POINT('Ctrl Pts',(-6.65003844927621,-15.9735653661748,8.87431191934283));
#1366=CARTESIAN_POINT('Ctrl Pts',(-5.07948600571368,-15.9474196867344,9.85775052110779));
#1367=CARTESIAN_POINT('Ctrl Pts',(-3.36974042770632,-15.921274007294,10.411138491137));
#1368=CARTESIAN_POINT('Ctrl Pts',(-1.65999484969897,-15.8951283278536,10.9645264611662));
#1369=CARTESIAN_POINT('Ctrl Pts',(0.188943862753204,-15.8689826484131,11.0878637994597));
#1370=CARTESIAN_POINT('Ctrl Pts',(1.9570434090459,-15.8428369689727,10.7664727894916));
#1371=CARTESIAN_POINT('Ctrl Pts',(3.72514295533862,-15.8166912895323,10.4450817795235));
#1372=CARTESIAN_POINT('Ctrl Pts',(5.41240333547185,-15.7905456100919,9.67896242129368));
#1373=CARTESIAN_POINT('Ctrl Pts',(6.81803272186421,-15.7643999306514,8.55928647933588));
#1374=CARTESIAN_POINT('Ctrl Pts',(8.22366210825657,-15.738254251211,7.43961053737809));
#1375=CARTESIAN_POINT('Ctrl Pts',(9.34766050090806,-15.7121085717706,5.9663780116923));
#1376=CARTESIAN_POINT('Ctrl Pts',(10.0562668667758,-15.6859628923302,4.31491042038432));
#1377=CARTESIAN_POINT('Ctrl Pts',(10.7648732326435,-15.6598172128898,2.66344282907635));
#1378=CARTESIAN_POINT('Ctrl Pts',(11.0580875717274,-15.6336715334493,0.833740172146164));
#1379=CARTESIAN_POINT('Ctrl Pts',(10.9010160148234,-15.6075258540089,-0.956454429817688));
#1380=CARTESIAN_POINT('Ctrl Pts',(10.7439444579193,-15.5813801745685,-2.74664903178155));
#1381=CARTESIAN_POINT('Ctrl Pts',(10.1365870050274,-15.5552344951281,-4.49733557877911));
#1382=CARTESIAN_POINT('Ctrl Pts',(9.15122201602437,-15.5290888156876,-6.00017423456887));
#1383=CARTESIAN_POINT('Ctrl Pts',(8.16585702702139,-15.5029431362472,-7.5030128903586));
#1384=CARTESIAN_POINT('Ctrl Pts',(6.8024845019074,-15.4767974568068,-8.75800365494053));
#1385=CARTESIAN_POINT('Ctrl Pts',(5.22335210809356,-15.4506517773664,-9.61579679416261));
#1386=CARTESIAN_POINT('Ctrl Pts',(3.64421971427967,-15.4245060979259,-10.4735899333847));
#1387=CARTESIAN_POINT('Ctrl Pts',(1.84932745176593,-15.3983604184855,-10.9341854472469));
#1388=CARTESIAN_POINT('Ctrl Pts',(0.0522758424073619,-15.3722147390451,
-10.9427703287629));
#1389=CARTESIAN_POINT('Ctrl Pts',(-1.74477576695118,-15.3460690596047,-10.9513552102788));
#1390=CARTESIAN_POINT('Ctrl Pts',(-3.54398672315454,-15.3199233801642,-10.5079294594485));
#1391=CARTESIAN_POINT('Ctrl Pts',(-5.13124255972542,-15.2937777007238,-9.66526280165292));
#1392=CARTESIAN_POINT('Ctrl Pts',(-6.71849839629631,-15.2676320212834,-8.82259614385732));
#1393=CARTESIAN_POINT('Ctrl Pts',(-8.09379911323472,-15.241486341843,-7.58068857909644));
#1394=CARTESIAN_POINT('Ctrl Pts',(-9.09347753286046,-15.2153406624026,-6.08733287993318));
#1395=CARTESIAN_POINT('Ctrl Pts',(-10.0931559524862,-15.1891949829622,-4.59397718076991));
#1396=CARTESIAN_POINT('Ctrl Pts',(-10.7172120747992,-15.1630493035217,-2.84917334720425));
#1397=CARTESIAN_POINT('Ctrl Pts',(-10.8913803206466,-15.1369036240813,-1.06056114523672));
#1398=CARTESIAN_POINT('Ctrl Pts',(-10.9256850218511,-15.1317538924719,-0.708270709854813));
#1399=CARTESIAN_POINT('Ctrl Pts',(-10.9425365812922,-15.1266041608625,-0.354280753983166));
#1400=CARTESIAN_POINT('Ctrl Pts',(-10.94218571702,-15.1214544292531,-0.000257538784291245));
#1401=CARTESIAN_POINT('Ctrl Pts',(-10.9420287716383,-14.9785455707469,-0.000266310220726698));
#1402=CARTESIAN_POINT('Ctrl Pts',(-10.9424311134229,-14.9844427381631,-0.405689478872349));
#1403=CARTESIAN_POINT('Ctrl Pts',(-10.92032120314,-14.9903399055793,-0.811069007123033));
#1404=CARTESIAN_POINT('Ctrl Pts',(-10.8753578322969,-14.9962370729956,-1.21389765267544));
#1405=CARTESIAN_POINT('Ctrl Pts',(-10.6760082466991,-15.022382752436,-2.99987859787766));
#1406=CARTESIAN_POINT('Ctrl Pts',(-10.0274326220738,-15.0485284318764,-4.7357173369335));
#1407=CARTESIAN_POINT('Ctrl Pts',(-9.00681447231649,-15.0746741113168,-6.21484099176508));
#1408=CARTESIAN_POINT('Ctrl Pts',(-7.98619632255914,-15.1008197907572,-7.69396464659667));
#1409=CARTESIAN_POINT('Ctrl Pts',(-6.59353564766969,-15.1269654701977,-8.91637321720398));
#1410=CARTESIAN_POINT('Ctrl Pts',(-4.99456554101267,-15.1531111496381,-9.73659440195604));
#1411=CARTESIAN_POINT('Ctrl Pts',(-3.39559543435566,-15.1792568290785,-10.5568155867081));
#1412=CARTESIAN_POINT('Ctrl Pts',(-1.5903158959311,-15.2054025085189,-10.9748493856049));
#1413=CARTESIAN_POINT('Ctrl Pts',(0.206436418292532,-15.2315481879594,-10.9409478335683));
#1414=CARTESIAN_POINT('Ctrl Pts',(2.00318873251618,-15.2576938673998,-10.9070462815317));
#1415=CARTESIAN_POINT('Ctrl Pts',(3.79141382253889,-15.2838395468402,-10.4212093785618));
#1416=CARTESIAN_POINT('Ctrl Pts',(5.35830459102104,-15.3099852262806,-9.54125397426929));
#1417=CARTESIAN_POINT('Ctrl Pts',(6.92519535950318,-15.336130905721,-8.66129856997678));
#1418=CARTESIAN_POINT('Ctrl Pts',(8.27075180644476,-15.3622765851615,-7.38722466436171));
#1419=CARTESIAN_POINT('Ctrl Pts',(9.23484646054579,-15.3884222646019,-5.87065297405744));
#1420=CARTESIAN_POINT('Ctrl Pts',(10.1989411146468,-15.4145679440423,-4.35408128375316));
#1421=CARTESIAN_POINT('Ctrl Pts',(10.7815739759073,-15.4407136234827,-2.59501180875965));
#1422=CARTESIAN_POINT('Ctrl Pts',(10.9134090257737,-15.4668593029232,-0.802781992713439));
#1423=CARTESIAN_POINT('Ctrl Pts',(11.0452440756402,-15.4930049823636,0.989447823332782));
#1424=CARTESIAN_POINT('Ctrl Pts',(10.7262813141127,-15.519150661804,2.81483798043169));
#1425=CARTESIAN_POINT('Ctrl Pts',(9.99447879234409,-15.5452963412444,4.45615856551909));
#1426=CARTESIAN_POINT('Ctrl Pts',(9.26267627057554,-15.5714420206849,6.09747915060644));
#1427=CARTESIAN_POINT('Ctrl Pts',(8.11803398856596,-15.5975877001253,7.55473016368227));
#1428=CARTESIAN_POINT('Ctrl Pts',(6.69676969814423,-15.6237333795657,8.65449196092306));
#1429=CARTESIAN_POINT('Ctrl Pts',(5.27550540772248,-15.6498790590061,9.75425375816385));
#1430=CARTESIAN_POINT('Ctrl Pts',(3.57761910888857,-15.6760247384465,10.4965263395696));
#1431=CARTESIAN_POINT('Ctrl Pts',(1.80516716293823,-15.702170417887,10.792975817888));
#1432=CARTESIAN_POINT('Ctrl Pts',(0.0327152169878814,-15.7283160973274,
11.0894252962063));
#1433=CARTESIAN_POINT('Ctrl Pts',(-1.81430237607891,-15.7544617767678,10.9400516714373));
#1434=CARTESIAN_POINT('Ctrl Pts',(-3.51608193779395,-15.7806074562082,10.3626310992134));
#1435=CARTESIAN_POINT('Ctrl Pts',(-5.21786149950898,-15.8067531356487,9.78521052698943));
#1436=CARTESIAN_POINT('Ctrl Pts',(-6.77440302987225,-15.8328988150891,8.77974300731069));
#1437=CARTESIAN_POINT('Ctrl Pts',(-8.00047085200314,-15.8590444945295,7.46588384840757));
#1438=CARTESIAN_POINT('Ctrl Pts',(-9.22653867413403,-15.8851901739699,6.15202468950445));
#1439=CARTESIAN_POINT('Ctrl Pts',(-10.1221327880325,-15.9113358534104,4.52977389137699));
#1440=CARTESIAN_POINT('Ctrl Pts',(-10.5806733314448,-15.9374815328508,2.79218683918491));
#1441=CARTESIAN_POINT('Ctrl Pts',(-10.8207324496188,-15.9511695454828,1.8825102108202));
#1442=CARTESIAN_POINT('Ctrl Pts',(-10.9410029364745,-15.9648575581149,0.941221961023323));
#1443=CARTESIAN_POINT('Ctrl Pts',(-10.9411178811607,-15.9785455707469,-3.74520615512933E-5));
#1444=CARTESIAN_POINT('Origin',(0.,-12.8,0.));
#1445=CARTESIAN_POINT('',(-10.941633680436,-17.1214544292531,0.000248977450337251));
#1446=CARTESIAN_POINT('',(-10.9417765867449,-16.9785455707469,0.000262226992692532));
#1447=CARTESIAN_POINT('',(-10.942,-12.8,-1.34000852762703E-15));
#1448=CARTESIAN_POINT('Ctrl Pts',(-10.941633680436,-17.1214544292531,0.000248977450337251));
#1449=CARTESIAN_POINT('Ctrl Pts',(-10.9421038381908,-17.1135794802064,0.541698491289394));
#1450=CARTESIAN_POINT('Ctrl Pts',(-10.9026081861459,-17.1057045311597,1.08308002119465));
#1451=CARTESIAN_POINT('Ctrl Pts',(-10.8225573011087,-17.097829582113,1.61839695253433));
#1452=CARTESIAN_POINT('Ctrl Pts',(-10.5567797364925,-17.0716839026726,3.39570685039555));
#1453=CARTESIAN_POINT('Ctrl Pts',(-9.84395715289977,-17.0455382232322,5.10616597757217));
#1454=CARTESIAN_POINT('Ctrl Pts',(-8.76891875096016,-17.0193925437918,6.54622174775745));
#1455=CARTESIAN_POINT('Ctrl Pts',(-7.69388034902055,-16.9932468643513,7.98627751794272));
#1456=CARTESIAN_POINT('Ctrl Pts',(-6.25662612873408,-16.9671011849109,9.15592993113666));
#1457=CARTESIAN_POINT('Ctrl Pts',(-4.62819602263776,-16.9409555054705,9.91598491365297));
#1458=CARTESIAN_POINT('Ctrl Pts',(-2.99976591654141,-16.9148098260301,10.6760398961693));
#1459=CARTESIAN_POINT('Ctrl Pts',(-1.1801599246352,-16.8886641465896,11.026497448008));
#1460=CARTESIAN_POINT('Ctrl Pts',(0.614080382559291,-16.8625184671492,10.925651491582));
#1461=CARTESIAN_POINT('Ctrl Pts',(2.40832068975378,-16.8363727877088,10.8248055351561));
#1462=CARTESIAN_POINT('Ctrl Pts',(4.17719531223657,-16.8102271082684,10.2726560704655));
#1463=CARTESIAN_POINT('Ctrl Pts',(5.71019994824564,-16.7840814288279,9.33491145018574));
#1464=CARTESIAN_POINT('Ctrl Pts',(7.24320458425468,-16.7579357493875,8.39716682990603));
#1465=CARTESIAN_POINT('Ctrl Pts',(8.54033923379002,-16.7317900699471,7.07382705403722));
#1466=CARTESIAN_POINT('Ctrl Pts',(9.4472388445064,-16.7056443905067,5.52237570675906));
#1467=CARTESIAN_POINT('Ctrl Pts',(10.3541384552228,-16.6794987110663,3.97092435948089));
#1468=CARTESIAN_POINT('Ctrl Pts',(10.8708030271202,-16.6533530316258,2.19136144079335));
#1469=CARTESIAN_POINT('Ctrl Pts',(10.9357470746984,-16.6272073521854,0.395463209385762));
#1470=CARTESIAN_POINT('Ctrl Pts',(11.0006911222767,-16.601061672745,-1.40043502202182));
#1471=CARTESIAN_POINT('Ctrl Pts',(10.6139146455357,-16.5749159933046,-3.21266856614943));
#1472=CARTESIAN_POINT('Ctrl Pts',(9.82144584293544,-16.5487703138641,-4.82557320802818));
#1473=CARTESIAN_POINT('Ctrl Pts',(9.02897704033516,-16.5226246344237,-6.43847784990696));
#1474=CARTESIAN_POINT('Ctrl Pts',(7.83081591187556,-16.4964789549833,-7.85205358953685));
#1475=CARTESIAN_POINT('Ctrl Pts',(6.36954920086735,-16.4703332755429,-8.89807834363596));
#1476=CARTESIAN_POINT('Ctrl Pts',(4.90828248985915,-16.4441875961025,-9.94410309773507));
#1477=CARTESIAN_POINT('Ctrl Pts',(3.18391019630232,-16.418041916662,-10.6225768663034));
#1478=CARTESIAN_POINT('Ctrl Pts',(1.40164063797094,-16.3918962372216,-10.8527581173516));
#1479=CARTESIAN_POINT('Ctrl Pts',(-0.380628920360419,-16.3657505577812,
-11.0829393683999));
#1480=CARTESIAN_POINT('Ctrl Pts',(-2.22079574346633,-16.3396048783408,-10.864828101928));
#1481=CARTESIAN_POINT('Ctrl Pts',(-3.89987142634621,-16.3134591989003,-10.2243805724221));
#1482=CARTESIAN_POINT('Ctrl Pts',(-5.57894710922609,-16.2873135194599,-9.58393304291614));
#1483=CARTESIAN_POINT('Ctrl Pts',(-7.09693165187994,-16.2611678400195,-8.52114925037619));
#1484=CARTESIAN_POINT('Ctrl Pts',(-8.27317783817645,-16.2350221605791,-7.16250540590786));
#1485=CARTESIAN_POINT('Ctrl Pts',(-9.44942402447298,-16.2088764811386,-5.80386156143951));
#1486=CARTESIAN_POINT('Ctrl Pts',(-10.2839318544122,-16.1827308016982,-4.14935766504277));
#1487=CARTESIAN_POINT('Ctrl Pts',(-10.677391017459,-16.1565851222578,-2.39588737048305));
#1488=CARTESIAN_POINT('Ctrl Pts',(-10.8536150738832,-16.1448748912562,-1.61053611386484));
#1489=CARTESIAN_POINT('Ctrl Pts',(-10.941364740955,-16.1331646602547,-0.805332191767387));
#1490=CARTESIAN_POINT('Ctrl Pts',(-10.9411488474821,-16.1214544292531,-8.19286403752617E-5));
#1491=CARTESIAN_POINT('Ctrl Pts',(-10.9411178811607,-15.9785455707469,-3.74520615512933E-5));
#1492=CARTESIAN_POINT('Ctrl Pts',(-10.9412224940537,-15.9910032375553,-0.856691844754322));
#1493=CARTESIAN_POINT('Ctrl Pts',(-10.8418011332896,-16.0034609043637,-1.71332235172541));
#1494=CARTESIAN_POINT('Ctrl Pts',(-10.6425772005741,-16.015918571172,-2.54607659379777));
#1495=CARTESIAN_POINT('Ctrl Pts',(-10.224453553365,-16.0420642506125,-4.29382966833172));
#1496=CARTESIAN_POINT('Ctrl Pts',(-9.36671928602052,-16.0682099300529,-5.93641251114294));
#1497=CARTESIAN_POINT('Ctrl Pts',(-8.17144876308293,-16.0943556094933,-7.2783501292515));
#1498=CARTESIAN_POINT('Ctrl Pts',(-6.97617824014534,-16.1205012889337,-8.62028774736006));
#1499=CARTESIAN_POINT('Ctrl Pts',(-5.4433714616146,-16.1466469683742,-9.66158014076595));
#1500=CARTESIAN_POINT('Ctrl Pts',(-3.75543955858478,-16.1727926478146,-10.278308674752));
#1501=CARTESIAN_POINT('Ctrl Pts',(-2.06750765555496,-16.198938327255,-10.895037208738));
#1502=CARTESIAN_POINT('Ctrl Pts',(-0.224450628026062,-16.2250840066954,
-11.0872018833041));
#1503=CARTESIAN_POINT('Ctrl Pts',(1.5543991712414,-16.2512296861359,-10.8319342090002));
#1504=CARTESIAN_POINT('Ctrl Pts',(3.33324897050886,-16.2773753655763,-10.5766665346963));
#1505=CARTESIAN_POINT('Ctrl Pts',(5.04789154151488,-16.3035210450167,-9.8739665115224));
#1506=CARTESIAN_POINT('Ctrl Pts',(6.49427644869246,-16.3296667244571,-8.8074587083689));
#1507=CARTESIAN_POINT('Ctrl Pts',(7.94066135587003,-16.3558124038976,-7.74095090521542));
#1508=CARTESIAN_POINT('Ctrl Pts',(9.11878859921918,-16.381958083338,-6.31063532208236));
#1509=CARTESIAN_POINT('Ctrl Pts',(9.88845556087435,-16.4081037627784,-4.68672616143487));
#1510=CARTESIAN_POINT('Ctrl Pts',(10.6581225225295,-16.4342494422188,-3.06281700078737));
#1511=CARTESIAN_POINT('Ctrl Pts',(11.0193292024907,-16.4603951216592,-1.24531426262545));
#1512=CARTESIAN_POINT('Ctrl Pts',(10.9290903269626,-16.4865408010997,0.549490779500794));
#1513=CARTESIAN_POINT('Ctrl Pts',(10.8388514514346,-16.5126864805401,2.34429582162706));
#1514=CARTESIAN_POINT('Ctrl Pts',(10.2971670204172,-16.5388321599805,4.11640316771764));
#1515=CARTESIAN_POINT('Ctrl Pts',(9.36849999893775,-16.5649778394209,5.65492380687558));
#1516=CARTESIAN_POINT('Ctrl Pts',(8.43983297745832,-16.5911235188614,7.19344444603349));
#1517=CARTESIAN_POINT('Ctrl Pts',(7.12418336551684,-16.6172691983018,8.49837837825877));
#1518=CARTESIAN_POINT('Ctrl Pts',(5.57811958204198,-16.6434148777422,9.41443240031519));
#1519=CARTESIAN_POINT('Ctrl Pts',(4.03205579856712,-16.6695605571826,10.3304864223716));
#1520=CARTESIAN_POINT('Ctrl Pts',(2.25557784355888,-16.6957062366231,10.8576605342592));
#1521=CARTESIAN_POINT('Ctrl Pts',(0.460094850689891,-16.7218519160635,10.9332185663707));
#1522=CARTESIAN_POINT('Ctrl Pts',(-1.3353881421791,-16.7479975955039,11.0087765984823));
#1523=CARTESIAN_POINT('Ctrl Pts',(-3.14987617290883,-16.7741432749443,10.6327185508178));
#1524=CARTESIAN_POINT('Ctrl Pts',(-4.76743673214591,-16.8002889543847,9.84979707895805));
#1525=CARTESIAN_POINT('Ctrl Pts',(-6.38499729138302,-16.8264346338252,9.06687560709833));
#1526=CARTESIAN_POINT('Ctrl Pts',(-7.80563037912746,-16.8525803132656,7.87709071104338));
#1527=CARTESIAN_POINT('Ctrl Pts',(-8.86027405486934,-16.878725992706,6.4220323235152));
#1528=CARTESIAN_POINT('Ctrl Pts',(-9.91491773061123,-16.9048716721464,4.96697393598703));
#1529=CARTESIAN_POINT('Ctrl Pts',(-10.6035719943506,-16.9310173515869,3.24664205698563));
#1530=CARTESIAN_POINT('Ctrl Pts',(-10.8442837878539,-16.9571630310273,1.46576417617325));
#1531=CARTESIAN_POINT('Ctrl Pts',(-10.9099036735065,-16.9642905442672,0.980283173355816));
#1532=CARTESIAN_POINT('Ctrl Pts',(-10.9422347360298,-16.971418057507,0.49030269732611));
#1533=CARTESIAN_POINT('Ctrl Pts',(-10.9417765867449,-16.9785455707469,0.000262226992692532));
#1534=CARTESIAN_POINT('Origin',(0.,-12.8,0.));
#1535=CARTESIAN_POINT('',(-10.942831103265,-18.1214544292531,8.93406235827343E-5));
#1536=CARTESIAN_POINT('',(-10.9428825778636,-17.9785455707469,3.92776377963979E-5));
#1537=CARTESIAN_POINT('',(-10.942,-12.8,-1.34000852762703E-15));
#1538=CARTESIAN_POINT('Ctrl Pts',(-10.942831103265,-18.1214544292531,8.93406235827343E-5));
#1539=CARTESIAN_POINT('Ctrl Pts',(-10.9428709073877,-18.1201399795986,0.090437007485616));
#1540=CARTESIAN_POINT('Ctrl Pts',(-10.9417747602999,-18.1188255299441,0.180783706199214));
#1541=CARTESIAN_POINT('Ctrl Pts',(-10.9395365021529,-18.1175110802895,0.271102101272369));
#1542=CARTESIAN_POINT('Ctrl Pts',(-10.8950153751434,-18.0913654008491,2.06762264279913));
#1543=CARTESIAN_POINT('Ctrl Pts',(-10.3986171948265,-18.0652197214087,3.85294482884303));
#1544=CARTESIAN_POINT('Ctrl Pts',(-9.50941565180993,-18.0390740419683,5.4146070211149));
#1545=CARTESIAN_POINT('Ctrl Pts',(-8.62021410879335,-18.0129283625278,6.97626921338677));
#1546=CARTESIAN_POINT('Ctrl Pts',(-7.33820920307703,-17.9867826830874,8.31427141188658));
#1547=CARTESIAN_POINT('Ctrl Pts',(-5.81596547721809,-17.960637003647,9.26938513599875));
#1548=CARTESIAN_POINT('Ctrl Pts',(-4.29372175135913,-17.9344913242066,10.2244988601109));
#1549=CARTESIAN_POINT('Ctrl Pts',(-2.53123920535748,-17.9083456447662,10.7967241098355));
#1550=CARTESIAN_POINT('Ctrl Pts',(-0.738261454138945,-17.8821999653257,
10.9179634207622));
#1551=CARTESIAN_POINT('Ctrl Pts',(1.05471629707957,-17.8560542858853,11.0392027316888));
#1552=CARTESIAN_POINT('Ctrl Pts',(2.87818925351497,-17.8299086064449,10.7094561038175));
#1553=CARTESIAN_POINT('Ctrl Pts',(4.51515565788065,-17.8037629270045,9.96796491852125));
#1554=CARTESIAN_POINT('Ctrl Pts',(6.15212206224633,-17.777617247564,9.22647373322503));
#1555=CARTESIAN_POINT('Ctrl Pts',(7.60258191454229,-17.7514715681236,8.07323799050395));
#1556=CARTESIAN_POINT('Ctrl Pts',(8.69392375064926,-17.7253258886832,6.64549810395266));
#1557=CARTESIAN_POINT('Ctrl Pts',(9.78526558675623,-17.6991802092428,5.21775821740137));
#1558=CARTESIAN_POINT('Ctrl Pts',(10.5174894066742,-17.6730345298023,3.51551418701988));
#1559=CARTESIAN_POINT('Ctrl Pts',(10.8034571724711,-17.6468888503619,1.74134096441327));
#1560=CARTESIAN_POINT('Ctrl Pts',(11.089424938268,-17.6207431709215,-0.0328322581933407));
#1561=CARTESIAN_POINT('Ctrl Pts',(10.9291366499438,-17.5945974914811,-1.87893467302507));
#1562=CARTESIAN_POINT('Ctrl Pts',(10.3416673588269,-17.5684518120406,-3.57727151207774));
#1563=CARTESIAN_POINT('Ctrl Pts',(9.75419806770995,-17.5423061326002,-5.27560835113044));
#1564=CARTESIAN_POINT('Ctrl Pts',(8.73954777380021,-17.5161604531598,-6.82617961440409));
#1565=CARTESIAN_POINT('Ctrl Pts',(7.41846457814219,-17.4900147737194,-8.04446011455117));
#1566=CARTESIAN_POINT('Ctrl Pts',(6.09738138248418,-17.463869094279,-9.26274061469824));
#1567=CARTESIAN_POINT('Ctrl Pts',(4.4698652850779,-17.4377234148385,-10.1487303517187));
#1568=CARTESIAN_POINT('Ctrl Pts',(2.72959826617065,-17.4115777353981,-10.5969924288484));
#1569=CARTESIAN_POINT('Ctrl Pts',(0.989331247263407,-17.3854320559577,-11.0452545059781));
#1570=CARTESIAN_POINT('Ctrl Pts',(-0.86368669314481,-17.3592863765173,-11.055788923217));
#1571=CARTESIAN_POINT('Ctrl Pts',(-2.60893780736298,-17.3331406970768,-10.6273420359498));
#1572=CARTESIAN_POINT('Ctrl Pts',(-4.35418892158117,-17.3069950176364,-10.1988951486826));
#1573=CARTESIAN_POINT('Ctrl Pts',(-5.99167320960931,-17.280849338196,-9.33146695690941));
#1574=CARTESIAN_POINT('Ctrl Pts',(-7.32652243018449,-17.2547036587556,-8.12828544723652));
#1575=CARTESIAN_POINT('Ctrl Pts',(-8.66137165075965,-17.2285579793152,-6.92510393756364));
#1576=CARTESIAN_POINT('Ctrl Pts',(-9.69358580388185,-17.2024122998747,-5.38616910999109));
#1577=CARTESIAN_POINT('Ctrl Pts',(-10.3003266076232,-17.1762666204343,-3.6946213619319));
#1578=CARTESIAN_POINT('Ctrl Pts',(-10.7243200888136,-17.1579958900406,-2.51255941080394));
#1579=CARTESIAN_POINT('Ctrl Pts',(-10.9405428637806,-17.1397251596468,-1.25597224131755));
#1580=CARTESIAN_POINT('Ctrl Pts',(-10.941633680436,-17.1214544292531,0.000248977450337251));
#1581=CARTESIAN_POINT('Ctrl Pts',(-10.9417765867449,-16.9785455707469,0.000262226992692532));
#1582=CARTESIAN_POINT('Ctrl Pts',(-10.9405541184097,-16.9975637369474,-1.30730056470687));
#1583=CARTESIAN_POINT('Ctrl Pts',(-10.7058825583749,-17.016581903148,-2.61529049737557));
#1584=CARTESIAN_POINT('Ctrl Pts',(-10.2472531713908,-17.0356000693486,-3.83936947077082));
#1585=CARTESIAN_POINT('Ctrl Pts',(-9.61674143815666,-17.061745748789,-5.52220135427926));
#1586=CARTESIAN_POINT('Ctrl Pts',(-8.562948648421,-17.0878914282294,-7.04644123867278));
#1587=CARTESIAN_POINT('Ctrl Pts',(-7.21128104216575,-17.1140371076698,-8.23069749307832));
#1588=CARTESIAN_POINT('Ctrl Pts',(-5.85961343591052,-17.1401827871102,-9.41495374748385));
#1589=CARTESIAN_POINT('Ctrl Pts',(-4.21007101313572,-17.1663284665507,-10.2592263719014));
#1590=CARTESIAN_POINT('Ctrl Pts',(-2.45895698918491,-17.1924741459911,-10.6630429998666));
#1591=CARTESIAN_POINT('Ctrl Pts',(-0.707842965234096,-17.2186198254315,
-11.0668596278317));
#1592=CARTESIAN_POINT('Ctrl Pts',(1.14484265989272,-17.2447655048719,-11.0302202593445));
#1593=CARTESIAN_POINT('Ctrl Pts',(2.8786216855674,-17.2709111843124,-10.5574851495537));
#1594=CARTESIAN_POINT('Ctrl Pts',(4.6124007112421,-17.2970568637528,-10.0847500397628));
#1595=CARTESIAN_POINT('Ctrl Pts',(6.22727313746466,-17.3232025431932,-9.17591918866848));
#1596=CARTESIAN_POINT('Ctrl Pts',(7.53106163962651,-17.3493482226336,-7.93914769177466));
#1597=CARTESIAN_POINT('Ctrl Pts',(8.83485014178833,-17.3754939020741,-6.70237619488087));
#1598=CARTESIAN_POINT('Ctrl Pts',(9.82755471988948,-17.4016395815145,-5.13766405218765));
#1599=CARTESIAN_POINT('Ctrl Pts',(10.391038915069,-17.4277852609549,-3.43121928141974));
#1600=CARTESIAN_POINT('Ctrl Pts',(10.9545231102485,-17.4539309403953,-1.72477451065178));
#1601=CARTESIAN_POINT('Ctrl Pts',(11.0887869225064,-17.4800766198357,0.123402888190874));
#1602=CARTESIAN_POINT('Ctrl Pts',(10.777852334129,-17.5062222992762,1.893371214362));
#1603=CARTESIAN_POINT('Ctrl Pts',(10.4669177457516,-17.5323679787166,3.6633395405331));
#1604=CARTESIAN_POINT('Ctrl Pts',(9.71078475673894,-17.558513658157,5.35509879403267));
#1605=CARTESIAN_POINT('Ctrl Pts',(8.59943670727135,-17.5846593375974,6.76732176043811));
#1606=CARTESIAN_POINT('Ctrl Pts',(7.48808865780376,-17.6108050170379,8.17954472684354));
#1607=CARTESIAN_POINT('Ctrl Pts',(6.02152554788124,-17.6369506964783,9.31223140615484));
#1608=CARTESIAN_POINT('Ctrl Pts',(4.3742752041346,-17.6630963759187,10.0305868188336));
#1609=CARTESIAN_POINT('Ctrl Pts',(2.72702486038794,-17.6892420553591,10.7489422315123));
#1610=CARTESIAN_POINT('Ctrl Pts',(0.899087282817156,-17.7153877347996,11.0529663775585));
#1611=CARTESIAN_POINT('Ctrl Pts',(-0.892004460637279,-17.74153341424,10.9064789704958));
#1612=CARTESIAN_POINT('Ctrl Pts',(-2.68309620409169,-17.7676790936804,10.7599915634331));
#1613=CARTESIAN_POINT('Ctrl Pts',(-4.43734211342975,-17.7938247731208,10.1629926032615));
#1614=CARTESIAN_POINT('Ctrl Pts',(-5.94597877174721,-17.8199704525612,9.18652774107813));
#1615=CARTESIAN_POINT('Ctrl Pts',(-7.45461543006467,-17.8461161320017,8.21006287889472));
#1616=CARTESIAN_POINT('Ctrl Pts',(-8.71764283736152,-17.8722618114421,6.85413211469947));
#1617=CARTESIAN_POINT('Ctrl Pts',(-9.58475486164931,-17.8984074908825,5.28009751176534));
#1618=CARTESIAN_POINT('Ctrl Pts',(-10.4518668859371,-17.9245531703229,3.70606290883119));
#1619=CARTESIAN_POINT('Ctrl Pts',(-10.9230635272159,-17.9506988497634,1.91392446715816));
#1620=CARTESIAN_POINT('Ctrl Pts',(-10.9422701950612,-17.9768445292038,0.116954991121033));
#1621=CARTESIAN_POINT('Ctrl Pts',(-10.9426867245555,-17.9774115430515,0.0779846297222998));
#1622=CARTESIAN_POINT('Ctrl Pts',(-10.942890677053,-17.9779785568992,0.0390119962227742));
#1623=CARTESIAN_POINT('Ctrl Pts',(-10.9428825778636,-17.9785455707469,3.92776377963979E-5));
#1624=CARTESIAN_POINT('Origin',(0.,-12.8,0.));
#1625=CARTESIAN_POINT('',(-10.9421657450555,-19.1214544292531,-0.000259118119272372));
#1626=CARTESIAN_POINT('',(-10.9420085884461,-18.9785455707469,-0.000266817229225619));
#1627=CARTESIAN_POINT('',(-10.942,-12.8,-1.34000852762703E-15));
#1628=CARTESIAN_POINT('Ctrl Pts',(-10.9421657450555,-19.1214544292531,-0.000259118119272372));
#1629=CARTESIAN_POINT('Ctrl Pts',(-10.9407391435413,-19.1005547995503,1.43651351650093));
#1630=CARTESIAN_POINT('Ctrl Pts',(-10.6560567863935,-19.0796551698475,2.8738348784975));
#1631=CARTESIAN_POINT('Ctrl Pts',(-10.1046757771236,-19.0587555401448,4.20029533627569));
#1632=CARTESIAN_POINT('Ctrl Pts',(-9.4148917320028,-19.0326098607044,5.85971277154506));
#1633=CARTESIAN_POINT('Ctrl Pts',(-8.30771628125641,-19.0064641812639,7.3456295600266));
#1634=CARTESIAN_POINT('Ctrl Pts',(-6.91490810619577,-18.9803185018235,8.48121464170555));
#1635=CARTESIAN_POINT('Ctrl Pts',(-5.52209993113516,-18.9541728223831,9.61679972338447));
#1636=CARTESIAN_POINT('Ctrl Pts',(-3.84365903176031,-18.9280271429427,10.4020530982608));
#1637=CARTESIAN_POINT('Ctrl Pts',(-2.07932785022373,-18.9018814635022,10.7435259930576));
#1638=CARTESIAN_POINT('Ctrl Pts',(-0.314996668687096,-18.8757357840618,
11.0849988878545));
#1639=CARTESIAN_POINT('Ctrl Pts',(1.53522479501127,-18.8495901046214,10.9826913025718));
#1640=CARTESIAN_POINT('Ctrl Pts',(3.25115167482985,-18.823444425181,10.4487783011273));
#1641=CARTESIAN_POINT('Ctrl Pts',(4.96707855464843,-18.7972987457405,9.91486529968288));
#1642=CARTESIAN_POINT('Ctrl Pts',(6.54871085058721,-18.7711530663001,8.94934688207671));
#1643=CARTESIAN_POINT('Ctrl Pts',(7.80782692355481,-18.7450073868597,7.66712423492223));
#1644=CARTESIAN_POINT('Ctrl Pts',(9.06694299652238,-18.7188617074193,6.3849015877678));
#1645=CARTESIAN_POINT('Ctrl Pts',(10.0035428465188,-18.6927160279788,4.78597471106508));
#1646=CARTESIAN_POINT('Ctrl Pts',(10.5061667606092,-18.6665703485384,3.06062333126623));
#1647=CARTESIAN_POINT('Ctrl Pts',(11.0087906746997,-18.640424669098,1.33527195146734));
#1648=CARTESIAN_POINT('Ctrl Pts',(11.0774386528841,-18.6142789896576,-0.516503931427711));
#1649=CARTESIAN_POINT('Ctrl Pts',(10.7039412552961,-18.5881333102172,-2.27433437849852));
#1650=CARTESIAN_POINT('Ctrl Pts',(10.3304438577081,-18.5619876307767,-4.03216482556933));
#1651=CARTESIAN_POINT('Ctrl Pts',(9.51480108434762,-18.5358419513363,-5.69604983681591));
#1652=CARTESIAN_POINT('Ctrl Pts',(8.35407822209463,-18.5096962718959,-7.06797936313667));
#1653=CARTESIAN_POINT('Ctrl Pts',(7.19335535984163,-18.4835505924555,-8.43990888945743));
#1654=CARTESIAN_POINT('Ctrl Pts',(5.6875524086961,-18.457404913015,-9.51988293085238));
#1655=CARTESIAN_POINT('Ctrl Pts',(4.01586691586471,-18.4312592335746,-10.1793795562296));
#1656=CARTESIAN_POINT('Ctrl Pts',(2.34418142303338,-18.4051135541342,-10.8388761816068));
#1657=CARTESIAN_POINT('Ctrl Pts',(0.506613388516195,-18.3789678746938,-11.0778953909663));
#1658=CARTESIAN_POINT('Ctrl Pts',(-1.27815804913234,-18.3528221952533,-10.867992787678));
#1659=CARTESIAN_POINT('Ctrl Pts',(-3.0629294867809,-18.3266765158129,-10.6580901843896));
#1660=CARTESIAN_POINT('Ctrl Pts',(-4.7949043275608,-18.3005308363725,-9.99926576845335));
#1661=CARTESIAN_POINT('Ctrl Pts',(-6.26796951598834,-18.2743851569321,-8.96992270744464));
#1662=CARTESIAN_POINT('Ctrl Pts',(-7.74103470441588,-18.2482394774917,-7.94057964643593));
#1663=CARTESIAN_POINT('Ctrl Pts',(-8.95519024049104,-18.2220937980512,-6.54071794035474));
#1664=CARTESIAN_POINT('Ctrl Pts',(-9.76594597167764,-18.1959481186108,-4.93692763880937));
#1665=CARTESIAN_POINT('Ctrl Pts',(-10.5359417144619,-18.1711168888249,-3.41376639923194));
#1666=CARTESIAN_POINT('Ctrl Pts',(-10.9420791647523,-18.146285659039,-1.70666577833331));
#1667=CARTESIAN_POINT('Ctrl Pts',(-10.942831103265,-18.1214544292531,8.93406235827343E-5));
#1668=CARTESIAN_POINT('Ctrl Pts',(-10.9428825778636,-17.9785455707469,3.92776377963979E-5));
#1669=CARTESIAN_POINT('Ctrl Pts',(-10.9425172138447,-18.0041242363396,-1.75806617246123));
#1670=CARTESIAN_POINT('Ctrl Pts',(-10.5106226687567,-18.0297029019323,-3.51634477305984));
#1671=CARTESIAN_POINT('Ctrl Pts',(-9.69542350323148,-18.0552815675251,-5.07402390461849));
#1672=CARTESIAN_POINT('Ctrl Pts',(-8.86215344914445,-18.0814272469655,-6.66623281391972));
#1673=CARTESIAN_POINT('Ctrl Pts',(-7.62839664655842,-18.1075729264059,-8.04885012212098));
#1674=CARTESIAN_POINT('Ctrl Pts',(-6.14097588944694,-18.1337186058463,-9.05733794317652));
#1675=CARTESIAN_POINT('Ctrl Pts',(-4.65355513233543,-18.1598642852867,-10.0658257642321));
#1676=CARTESIAN_POINT('Ctrl Pts',(-2.91247042069845,-18.1860099647272,-10.7001840981419));
#1677=CARTESIAN_POINT('Ctrl Pts',(-1.12491892775247,-18.2121556441676,-10.8849213546844));
#1678=CARTESIAN_POINT('Ctrl Pts',(0.662632565193494,-18.238301323608,-11.0696586112269));
#1679=CARTESIAN_POINT('Ctrl Pts',(2.49665083944846,-18.2644470030484,-10.804774790402));
#1680=CARTESIAN_POINT('Ctrl Pts',(4.15887919592704,-18.2905926824889,-10.1217922980698));
#1681=CARTESIAN_POINT('Ctrl Pts',(5.82110755240561,-18.3167383619293,-9.43880980573751));
#1682=CARTESIAN_POINT('Ctrl Pts',(7.31154599110779,-18.3428840413697,-8.33772864189778));
#1683=CARTESIAN_POINT('Ctrl Pts',(8.45282541025947,-18.3690297208101,-6.94958258283019));
#1684=CARTESIAN_POINT('Ctrl Pts',(9.59410482941115,-18.3951754002506,-5.5614365237626));
#1685=CARTESIAN_POINT('Ctrl Pts',(10.3862252290123,-18.421321079691,-3.88622556946714));
#1686=CARTESIAN_POINT('Ctrl Pts',(10.7349205998462,-18.4474667591314,-2.12330760987671));
#1687=CARTESIAN_POINT('Ctrl Pts',(11.0836159706801,-18.4736124385718,-0.360389650286281));
#1688=CARTESIAN_POINT('Ctrl Pts',(10.9888863127467,-18.4997581180122,1.49023531459912));
#1689=CARTESIAN_POINT('Ctrl Pts',(10.4620048954589,-18.5259037974527,3.20833431236055));
#1690=CARTESIAN_POINT('Ctrl Pts',(9.93512347817104,-18.5520494768931,4.92643331012201));
#1691=CARTESIAN_POINT('Ctrl Pts',(8.97609030152883,-18.5781951563335,6.51200634075951));
#1692=CARTESIAN_POINT('Ctrl Pts',(7.69903477147611,-18.604340835774,7.77636284379826));
#1693=CARTESIAN_POINT('Ctrl Pts',(6.4219792414234,-18.6304865152144,9.04071934683699));
#1694=CARTESIAN_POINT('Ctrl Pts',(4.82690135796019,-18.6566321946548,9.98385932227699));
#1695=CARTESIAN_POINT('Ctrl Pts',(3.10362280238968,-18.6827778740952,10.4935447295937));
#1696=CARTESIAN_POINT('Ctrl Pts',(1.38034424681917,-18.7089235535356,11.0032301369103));
#1697=CARTESIAN_POINT('Ctrl Pts',(-0.47113498085865,-18.7350692329761,11.0794609761037));
#1698=CARTESIAN_POINT('Ctrl Pts',(-2.23048024551108,-18.7612149124165,10.713165422507));
#1699=CARTESIAN_POINT('Ctrl Pts',(-3.98982551016354,-18.7873605918569,10.3468698689104));
#1700=CARTESIAN_POINT('Ctrl Pts',(-5.65703681179067,-18.8135062712973,9.53804792252378));
#1701=CARTESIAN_POINT('Ctrl Pts',(-7.03370825912462,-18.8396519507377,8.38295315530788));
#1702=CARTESIAN_POINT('Ctrl Pts',(-8.41037970645855,-18.8657976301782,7.227858388092));
#1703=CARTESIAN_POINT('Ctrl Pts',(-9.49651129949934,-18.8919433096186,5.7264908000469));
#1704=CARTESIAN_POINT('Ctrl Pts',(-10.162848324859,-18.918088989059,4.05752011058082));
#1705=CARTESIAN_POINT('Ctrl Pts',(-10.6764380736241,-18.938241182955,2.77113468627287));
#1706=CARTESIAN_POINT('Ctrl Pts',(-10.9406363403105,-18.9583933768509,1.38517964129247));
#1707=CARTESIAN_POINT('Ctrl Pts',(-10.9420085884461,-18.9785455707469,-0.000266817229225619));
#1708=CARTESIAN_POINT('Origin',(0.,-12.8,0.));
#1709=CARTESIAN_POINT('',(-10.942,-20.,-1.34000852762703E-15));
#1710=CARTESIAN_POINT('',(-10.9411309477882,-19.9785455707469,-2.63397828638161E-5));
#1711=CARTESIAN_POINT('',(-10.942,-12.8,-1.34000852762703E-15));
#1712=CARTESIAN_POINT('',(-7.90759276500805,-20.,7.56289234769293));
#1713=CARTESIAN_POINT('Origin',(0.,-20.,0.));
#1714=CARTESIAN_POINT('Ctrl Pts',(-7.90759276500811,-20.,7.56289234769287));
#1715=CARTESIAN_POINT('Ctrl Pts',(-6.66517480975153,-19.9738543205596,8.86193704943322));
#1716=CARTESIAN_POINT('Ctrl Pts',(-5.0972054883266,-19.9477086411191,9.84842613775131));
#1717=CARTESIAN_POINT('Ctrl Pts',(-3.38871115524799,-19.9215629616787,10.4049903461091));
#1718=CARTESIAN_POINT('Ctrl Pts',(-1.68021682216939,-19.8954172822383,10.9615545544668));
#1719=CARTESIAN_POINT('Ctrl Pts',(0.168802522562917,-19.8692716027979,11.0881938828642));
#1720=CARTESIAN_POINT('Ctrl Pts',(1.93756214724187,-19.8431259233575,10.7699984106034));
#1721=CARTESIAN_POINT('Ctrl Pts',(3.70632177192078,-19.816980243917,10.4518029383425));
#1722=CARTESIAN_POINT('Ctrl Pts',(5.39482167654636,-19.7908345644766,9.68877266542338));
#1723=CARTESIAN_POINT('Ctrl Pts',(6.80244456281805,-19.7646888850362,8.57165675515552));
#1724=CARTESIAN_POINT('Ctrl Pts',(8.21006744908975,-19.7385432055958,7.45454084488765));
#1725=CARTESIAN_POINT('Ctrl Pts',(9.33681331700756,-19.7123975261554,5.98333929727103));
#1726=CARTESIAN_POINT('Ctrl Pts',(10.0484352939055,-19.6862518467149,4.33315793263875));
#1727=CARTESIAN_POINT('Ctrl Pts',(10.7600572708035,-19.6601061672745,2.68297656800646));
#1728=CARTESIAN_POINT('Ctrl Pts',(11.0565553566817,-19.6339604878341,0.853815386358484));
#1729=CARTESIAN_POINT('Ctrl Pts',(10.9027249389627,-19.6078148083937,-0.936659925744798));
#1730=CARTESIAN_POINT('Ctrl Pts',(10.7488945212438,-19.5816691289532,-2.72713523784808));
#1731=CARTESIAN_POINT('Ctrl Pts',(10.1447355999277,-19.5555234495128,-4.4789246804067));
#1732=CARTESIAN_POINT('Ctrl Pts',(9.16210542802281,-19.5293777700724,-5.98355060533845));
#1733=CARTESIAN_POINT('Ctrl Pts',(8.17947525611791,-19.503232090632,-7.48817653027019));
#1734=CARTESIAN_POINT('Ctrl Pts',(6.81837383362421,-19.4770864111915,-8.74563893757504));
#1735=CARTESIAN_POINT('Ctrl Pts',(5.24079902837434,-19.4509407317511,-9.60629727520298));
#1736=CARTESIAN_POINT('Ctrl Pts',(3.66322422312446,-19.4247950523107,-10.4669556128309));
#1737=CARTESIAN_POINT('Ctrl Pts',(1.86917603511846,-19.3986493728703,-10.9308098807819));
#1738=CARTESIAN_POINT('Ctrl Pts',(0.0721441794613939,-19.3725036934299,
-10.9426575859529));
#1739=CARTESIAN_POINT('Ctrl Pts',(-1.72488767619567,-19.3463580139894,-10.9545052911239));
#1740=CARTESIAN_POINT('Ctrl Pts',(-3.52490319950382,-19.320212334549,-10.514346433515));
#1741=CARTESIAN_POINT('Ctrl Pts',(-5.11368693603366,-19.2940666551086,-9.67456281265117));
#1742=CARTESIAN_POINT('Ctrl Pts',(-6.70247067256352,-19.2679209756681,-8.83477919178738));
#1743=CARTESIAN_POINT('Ctrl Pts',(-8.08002262231508,-19.2417752962277,-7.59537080766875));
#1744=CARTESIAN_POINT('Ctrl Pts',(-9.08241035205218,-19.2156296167873,-6.10383258886906));
#1745=CARTESIAN_POINT('Ctrl Pts',(-10.0847980817893,-19.1894839373469,-4.6122943700694));
#1746=CARTESIAN_POINT('Ctrl Pts',(-10.7120215915119,-19.1633382579065,-2.86862631658868));
#1747=CARTESIAN_POINT('Ctrl Pts',(-10.8894370266257,-19.137192578466,-1.08033324881975));
#1748=CARTESIAN_POINT('Ctrl Pts',(-10.9250348851152,-19.1319465287284,-0.721517774149224));
#1749=CARTESIAN_POINT('Ctrl Pts',(-10.9425238386009,-19.1267004789907,-0.360905732920303));
#1750=CARTESIAN_POINT('Ctrl Pts',(-10.9421657450555,-19.1214544292531,-0.000259118119272372));
#1751=CARTESIAN_POINT('Ctrl Pts',(-10.9420085884461,-18.9785455707469,-0.000266817229225619));
#1752=CARTESIAN_POINT('Ctrl Pts',(-10.9424167102321,-18.9845390562914,-0.41231393054371));
#1753=CARTESIAN_POINT('Ctrl Pts',(-10.9195769916789,-18.9905325418358,-0.824316057684997));
#1754=CARTESIAN_POINT('Ctrl Pts',(-10.8731360103847,-18.9965260273803,-1.23364044087933));
#1755=CARTESIAN_POINT('Ctrl Pts',(-10.6705442128724,-19.0226717068207,-3.01925651198638));
#1756=CARTESIAN_POINT('Ctrl Pts',(-10.0188181601695,-19.0488173862611,-4.75391486331349));
#1757=CARTESIAN_POINT('Ctrl Pts',(-8.99551626025217,-19.0749630657016,-6.23118309578504));
#1758=CARTESIAN_POINT('Ctrl Pts',(-7.97221436033488,-19.101108745142,-7.70845132825658));
#1759=CARTESIAN_POINT('Ctrl Pts',(-6.57733661320328,-19.1272544245824,-8.92832944187256));
#1760=CARTESIAN_POINT('Ctrl Pts',(-4.97687999662837,-19.1534001040228,-9.74564625655548));
#1761=CARTESIAN_POINT('Ctrl Pts',(-3.37642338005344,-19.1795457834633,-10.5629630712384));
#1762=CARTESIAN_POINT('Ctrl Pts',(-1.57038789403521,-19.2056914629037,-10.9777185869883));
#1763=CARTESIAN_POINT('Ctrl Pts',(0.22629992820053,-19.2318371423441,-10.9405549985041));
#1764=CARTESIAN_POINT('Ctrl Pts',(2.02298775043627,-19.2579828217845,-10.9033914100199));
#1765=CARTESIAN_POINT('Ctrl Pts',(3.81032790888953,-19.284128501225,-10.4143087173016));
#1766=CARTESIAN_POINT('Ctrl Pts',(5.37561845110556,-19.3102741806654,-9.5315099770046));
#1767=CARTESIAN_POINT('Ctrl Pts',(6.94090899332157,-19.3364198601058,-8.64871123670762));
#1768=CARTESIAN_POINT('Ctrl Pts',(8.28414991930036,-19.3625655395462,-7.37219644883194));
#1769=CARTESIAN_POINT('Ctrl Pts',(9.24548964380515,-19.3887112189866,-5.85387691906351));
#1770=CARTESIAN_POINT('Ctrl Pts',(10.2068293683099,-19.4148568984271,-4.33555738929508));
#1771=CARTESIAN_POINT('Ctrl Pts',(10.7862678913407,-19.4410025778675,-2.57543311763391));
#1772=CARTESIAN_POINT('Ctrl Pts',(10.9148486864659,-19.4671482573079,-0.782966850607324));
#1773=CARTESIAN_POINT('Ctrl Pts',(11.043429481591,-19.4932939367483,1.00949941641927));
#1774=CARTESIAN_POINT('Ctrl Pts',(10.7211525488104,-19.5194396161887,2.83430767881128));
#1775=CARTESIAN_POINT('Ctrl Pts',(9.98637162391279,-19.5455852956292,4.47429683123171));
#1776=CARTESIAN_POINT('Ctrl Pts',(9.25159069901516,-19.5717309750696,6.11428598365215));
#1777=CARTESIAN_POINT('Ctrl Pts',(8.10430578200045,-19.59787665451,7.569456026101));
#1778=CARTESIAN_POINT('Ctrl Pts',(6.68104657468434,-19.6240223339504,8.66663583058079));
#1779=CARTESIAN_POINT('Ctrl Pts',(5.2577873673682,-19.6501680133909,9.76381563506061));
#1780=CARTESIAN_POINT('Ctrl Pts',(3.55855386975064,-19.6763136928313,10.5030052015713));
#1781=CARTESIAN_POINT('Ctrl Pts',(1.78556777877836,-19.7024593722717,10.7962358149168));
#1782=CARTESIAN_POINT('Ctrl Pts',(0.0125816878061544,-19.7286050517121,
11.0894664282623));
#1783=CARTESIAN_POINT('Ctrl Pts',(-1.83415699652069,-19.7547507311526,10.9367380884426));
#1784=CARTESIAN_POINT('Ctrl Pts',(-3.53488769605812,-19.780896410593,10.3562295798507));
#1785=CARTESIAN_POINT('Ctrl Pts',(-5.23561839559557,-19.8070420900334,9.77572107125868));
#1786=CARTESIAN_POINT('Ctrl Pts',(-6.79034111034361,-19.8331877694738,8.76743239389435));
#1787=CARTESIAN_POINT('Ctrl Pts',(-8.01401702329582,-19.8593334489142,7.45134786160098));
#1788=CARTESIAN_POINT('Ctrl Pts',(-9.23769293624805,-19.8854791283547,6.13526332930759));
#1789=CARTESIAN_POINT('Ctrl Pts',(-10.1303220474045,-19.9116248077951,4.51138294208512));
#1790=CARTESIAN_POINT('Ctrl Pts',(-10.5857160676585,-19.9377704872355,2.77296931085781));
#1791=CARTESIAN_POINT('Ctrl Pts',(-10.8224502636945,-19.9513621817393,1.86926409062424));
#1792=CARTESIAN_POINT('Ctrl Pts',(-10.9410266711737,-19.9649538762431,0.934607569570081));
#1793=CARTESIAN_POINT('Ctrl Pts',(-10.9411309477882,-19.9785455707469,-2.63397828638161E-5));
#1794=CARTESIAN_POINT('Origin',(0.,-10.951410108095,0.));
#1795=CARTESIAN_POINT('',(-10.3706570882012,-19.451410108095,-0.000245584395765232));
#1796=CARTESIAN_POINT('',(-10.3696763383328,-19.648589891905,-2.49640578986465E-5));
#1797=CARTESIAN_POINT('',(-10.3705,-10.951410108095,-2.3719279545892E-13));
#1798=CARTESIAN_POINT('',(9.89093731729228,-20.,3.11715082012323));
#1799=CARTESIAN_POINT('Ctrl Pts',(-10.3706570882012,-19.451410108095,-0.00024558439576574));
#1800=CARTESIAN_POINT('Ctrl Pts',(-10.3709964785424,-19.4566561578326,-0.342055648259163));
#1801=CARTESIAN_POINT('Ctrl Pts',(-10.2718106459519,-19.4880478870107,-2.38720978401934));
#1802=CARTESIAN_POINT('Ctrl Pts',(-8.96360602262994,-19.5455852956292,-6.02399088954732));
#1803=CARTESIAN_POINT('Ctrl Pts',(-5.04679853910817,-19.6240223339504,-9.5480133664717));
#1804=CARTESIAN_POINT('Ctrl Pts',(0.0712039241893589,-19.7024593722717,
-10.7995215275484));
#1805=CARTESIAN_POINT('Ctrl Pts',(5.1722394022691,-19.780896410593,-9.48063996500434));
#1806=CARTESIAN_POINT('Ctrl Pts',(9.04227293415672,-19.8593334489143,-5.90528430014722));
#1807=CARTESIAN_POINT('Ctrl Pts',(10.6417664493996,-19.9323679787166,-1.2674717071628));
#1808=CARTESIAN_POINT('Ctrl Pts',(10.295968575695,-19.9792568290785,1.82796925047772));
#1809=CARTESIAN_POINT('Ctrl Pts',(9.89100547531001,-20.,3.11742129851266));
#1810=CARTESIAN_POINT('',(9.89093731729226,-26.,3.11715082012331));
#1811=CARTESIAN_POINT('',(9.89093731729226,-20.,3.11715082012331));
#1812=CARTESIAN_POINT('',(6.16972109874706,-26.,-8.33557507396313));
#1813=CARTESIAN_POINT('Origin',(0.,-26.,0.));
#1814=CARTESIAN_POINT('',(6.169721098747,-20.,-8.33557507396317));
#1815=CARTESIAN_POINT('',(6.16972109874706,-20.,-8.33557507396313));
#1816=CARTESIAN_POINT('Ctrl Pts',(-10.3696763383328,-19.648589891905,-2.4964057898369E-5));
#1817=CARTESIAN_POINT('Ctrl Pts',(-10.3697676230148,-19.6611438768417,-0.818211856465623));
#1818=CARTESIAN_POINT('Ctrl Pts',(-10.0747508373228,-19.6998435412187,-3.34034731703727));
#1819=CARTESIAN_POINT('Ctrl Pts',(-8.05137168777954,-19.7646888850362,-7.1978210897377));
#1820=CARTESIAN_POINT('Ctrl Pts',(-3.68816275830797,-19.8431259233575,-10.150480787066));
#1821=CARTESIAN_POINT('Ctrl Pts',(1.55403843181728,-19.9215629616787,-10.6876503473867));
#1822=CARTESIAN_POINT('Ctrl Pts',(4.80036825552693,-19.9738543205596,-9.34912543533341));
#1823=CARTESIAN_POINT('Ctrl Pts',(6.16972109874706,-20.,-8.33557507396313));
#1824=CARTESIAN_POINT('Origin',(0.,-10.951410108095,0.));
#1825=CARTESIAN_POINT('',(-10.3712876947916,-18.451410108095,8.46743680423134E-5));
#1826=CARTESIAN_POINT('',(-10.3705081398721,-18.648589891905,-0.000252881381669345));
#1827=CARTESIAN_POINT('',(-10.3705,-10.951410108095,-2.3719279545892E-13));
#1828=CARTESIAN_POINT('Ctrl Pts',(-10.3712876947916,-18.451410108095,8.46743680430959E-5));
#1829=CARTESIAN_POINT('Ctrl Pts',(-10.370575029982,-18.4762413378809,-1.61752672767381));
#1830=CARTESIAN_POINT('Ctrl Pts',(-9.58034906619414,-18.5272182471072,-4.93905059223777));
#1831=CARTESIAN_POINT('Ctrl Pts',(-6.18598066306683,-18.6043408357739,-8.85259066407227));
#1832=CARTESIAN_POINT('Ctrl Pts',(-1.26143896512092,-18.6827778740952,-10.7258328333649));
#1833=CARTESIAN_POINT('Ctrl Pts',(3.96333693561771,-18.7612149124165,-10.0462270819494));
#1834=CARTESIAN_POINT('Ctrl Pts',(8.24480179712053,-18.8396519507378,-6.975525894885));
#1835=CARTESIAN_POINT('Ctrl Pts',(10.5639271986379,-18.918088989059,-2.24458470247069));
#1836=CARTESIAN_POINT('Ctrl Pts',(10.3687397033642,-18.9965260273803,3.02058851821005));
#1837=CARTESIAN_POINT('Ctrl Pts',(7.70569581438927,-19.0749630657016,7.56683358534014));
#1838=CARTESIAN_POINT('Ctrl Pts',(3.20862460482074,-19.1534001040228,10.3121019320185));
#1839=CARTESIAN_POINT('Ctrl Pts',(-2.05212891993263,-19.2318371423441,10.6029941308416));
#1840=CARTESIAN_POINT('Ctrl Pts',(-6.82445701725502,-19.3102741806654,8.3702752154271));
#1841=CARTESIAN_POINT('Ctrl Pts',(-9.76195186825263,-19.383465169249,4.42792541690793));
#1842=CARTESIAN_POINT('Ctrl Pts',(-10.3693049979981,-19.4305104783922,1.36148450218161));
#1843=CARTESIAN_POINT('Ctrl Pts',(-10.3706570882012,-19.451410108095,-0.00024558439576574));
#1844=CARTESIAN_POINT('Ctrl Pts',(-10.3705081398721,-18.648589891905,-0.000252881381670421));
#1845=CARTESIAN_POINT('Ctrl Pts',(-10.3708949454818,-18.6545833774495,-0.390778798821539));
#1846=CARTESIAN_POINT('Ctrl Pts',(-10.2548172278635,-18.6867225424344,-2.48468667518408));
#1847=CARTESIAN_POINT('Ctrl Pts',(-8.87784945169814,-18.7450073868597,-6.14967542701795));
#1848=CARTESIAN_POINT('Ctrl Pts',(-4.91177935209248,-18.823444425181,-9.6181672869854));
#1849=CARTESIAN_POINT('Ctrl Pts',(0.223339732467564,-18.9018814635022,-10.7974458675238));
#1850=CARTESIAN_POINT('Ctrl Pts',(5.30530220182582,-18.9803185018235,-9.40683206798952));
#1851=CARTESIAN_POINT('Ctrl Pts',(9.12455280213558,-19.0587555401448,-5.77730457548407));
#1852=CARTESIAN_POINT('Ctrl Pts',(10.772076253906,-19.137192578466,-0.772725314125408));
#1853=CARTESIAN_POINT('Ctrl Pts',(9.85574296984443,-19.2156296167873,4.415770596623));
#1854=CARTESIAN_POINT('Ctrl Pts',(6.59365608484137,-19.2940666551086,8.55327039333729));
#1855=CARTESIAN_POINT('Ctrl Pts',(1.76220818124721,-19.3725036934298,10.6550156134523));
#1856=CARTESIAN_POINT('Ctrl Pts',(-3.48864272146143,-19.4509407317511,10.2207615699227));
#1857=CARTESIAN_POINT('Ctrl Pts',(-7.90920164486497,-19.5293777700724,7.35388410823202));
#1858=CARTESIAN_POINT('Ctrl Pts',(-10.0410083215714,-19.595260823457,3.47567869415087));
#1859=CARTESIAN_POINT('Ctrl Pts',(-10.3695775080796,-19.6349981974012,0.885793072584926));
#1860=CARTESIAN_POINT('Ctrl Pts',(-10.3696763383328,-19.648589891905,-2.4964057898369E-5));
#1861=CARTESIAN_POINT('Origin',(0.,-10.951410108095,0.));
#1862=CARTESIAN_POINT('',(-10.3701528132848,-17.451410108095,0.000235973372962997));
#1863=CARTESIAN_POINT('',(-10.371336480875,-17.648589891905,3.72261689850564E-5));
#1864=CARTESIAN_POINT('',(-10.3705,-10.951410108095,-2.3719279545892E-13));
#1865=CARTESIAN_POINT('Ctrl Pts',(-10.3701528132848,-17.451410108095,0.000235973372962953));
#1866=CARTESIAN_POINT('Ctrl Pts',(-10.3691189699175,-17.4696808384887,-1.19037288691143));
#1867=CARTESIAN_POINT('Ctrl Pts',(-9.87093245847032,-17.5140972483228,-4.08560341196103));
#1868=CARTESIAN_POINT('Ctrl Pts',(-7.23068706171165,-17.5846593375974,-8.02196253096741));
#1869=CARTESIAN_POINT('Ctrl Pts',(-2.57481131440886,-17.6630963759187,-10.4883299398827));
#1870=CARTESIAN_POINT('Ctrl Pts',(2.69389346104448,-17.74153341424,-10.4583773240971));
#1871=CARTESIAN_POINT('Ctrl Pts',(7.32142655046649,-17.8199704525613,-7.9392336846058));
#1872=CARTESIAN_POINT('Ctrl Pts',(10.2063920612481,-17.8984074908825,-3.53047862544499));
#1873=CARTESIAN_POINT('Ctrl Pts',(10.6621413833279,-17.9768445292038,1.71856316573008));
#1874=CARTESIAN_POINT('Ctrl Pts',(8.58020194141803,-18.0552815675251,6.55857094778215));
#1875=CARTESIAN_POINT('Ctrl Pts',(4.45609467631971,-18.1337186058463,9.83757787610119));
#1876=CARTESIAN_POINT('Ctrl Pts',(-0.728604545407617,-18.2121556441676,
10.7751498202631));
#1877=CARTESIAN_POINT('Ctrl Pts',(-5.73988911220798,-18.2905926824889,9.1481359419221));
#1878=CARTESIAN_POINT('Ctrl Pts',(-9.3850267126642,-18.3690297208101,5.34378066878874));
#1879=CARTESIAN_POINT('Ctrl Pts',(-10.3496218868599,-18.4226355293455,1.87456334824359));
#1880=CARTESIAN_POINT('Ctrl Pts',(-10.3713254199474,-18.4500956584405,0.0857134880395158));
#1881=CARTESIAN_POINT('Ctrl Pts',(-10.3712876947916,-18.451410108095,8.46743680430959E-5));
#1882=CARTESIAN_POINT('Ctrl Pts',(-10.371336480875,-17.648589891905,3.7226168984883E-5));
#1883=CARTESIAN_POINT('Ctrl Pts',(-10.3709901997968,-17.6741685574977,-1.6662424823168));
#1884=CARTESIAN_POINT('Ctrl Pts',(-9.54324280953192,-17.7258929025309,-5.03607092668228));
#1885=CARTESIAN_POINT('Ctrl Pts',(-6.06064819063384,-17.8037629270045,-8.93886245532416));
#1886=CARTESIAN_POINT('Ctrl Pts',(-1.11020430413289,-17.8821999653257,-10.742539964503));
#1887=CARTESIAN_POINT('Ctrl Pts',(4.10447852711219,-17.960637003647,-9.98939309998176));
#1888=CARTESIAN_POINT('Ctrl Pts',(8.34225731395946,-18.0390740419683,-6.85867781677948));
#1889=CARTESIAN_POINT('Ctrl Pts',(10.5945013106869,-18.1175110802895,-2.09553345518531));
#1890=CARTESIAN_POINT('Ctrl Pts',(10.3251555098465,-18.1959481186108,3.16636734860122));
#1891=CARTESIAN_POINT('Ctrl Pts',(7.59832671482696,-18.2743851569321,7.67464328925905));
#1892=CARTESIAN_POINT('Ctrl Pts',(3.06302552936126,-18.3528221952533,10.3562827834924));
#1893=CARTESIAN_POINT('Ctrl Pts',(-2.20130420852019,-18.4312592335746,10.5730307046735));
#1894=CARTESIAN_POINT('Ctrl Pts',(-6.94170307623814,-18.5096962718959,8.2732990299334));
#1895=CARTESIAN_POINT('Ctrl Pts',(-9.79393765380263,-18.5821398246727,4.3306344617589));
#1896=CARTESIAN_POINT('Ctrl Pts',(-10.3692075641738,-18.6284376980091,1.31283179217892));
#1897=CARTESIAN_POINT('Ctrl Pts',(-10.3705081398721,-18.648589891905,-0.000252881381670421));
#1898=CARTESIAN_POINT('Origin',(0.,-10.951410108095,0.));
#1899=CARTESIAN_POINT('',(-10.3696933031268,-16.451410108095,-7.76495125894008E-5));
#1900=CARTESIAN_POINT('',(-10.3702882556057,-16.648589891905,0.000248530892597021));
#1901=CARTESIAN_POINT('',(-10.3705,-10.951410108095,-2.3719279545892E-13));
#1902=CARTESIAN_POINT('Ctrl Pts',(-10.3696933031268,-16.451410108095,-7.76495125904414E-5));
#1903=CARTESIAN_POINT('Ctrl Pts',(-10.3698979204966,-16.4631203390965,-0.763269739967548));
#1904=CARTESIAN_POINT('Ctrl Pts',(-10.1010438005443,-16.5009762495385,-3.23031490471377));
#1905=CARTESIAN_POINT('Ctrl Pts',(-8.16495964132817,-16.5649778394209,-7.06881547984744));
#1906=CARTESIAN_POINT('Ctrl Pts',(-3.84885873666946,-16.6434148777422,-10.0906394573293));
#1907=CARTESIAN_POINT('Ctrl Pts',(1.3833063261216,-16.7218519160635,-10.7107974418696));
#1908=CARTESIAN_POINT('Ctrl Pts',(6.28623162414688,-16.8002889543848,-8.78168606818896));
#1909=CARTESIAN_POINT('Ctrl Pts',(9.6929753591195,-16.878725992706,-4.76245177614961));
#1910=CARTESIAN_POINT('Ctrl Pts',(10.7927008531907,-16.9571630310273,0.390290310135134));
#1911=CARTESIAN_POINT('Ctrl Pts',(9.32366321577641,-17.0356000693485,5.45013967448782));
#1912=CARTESIAN_POINT('Ctrl Pts',(5.63550706068422,-17.1140371076698,9.21280513207715));
#1913=CARTESIAN_POINT('Ctrl Pts',(0.606047837747561,-17.1924741459911,10.7827373264404));
#1914=CARTESIAN_POINT('Ctrl Pts',(-4.56765640436446,-17.2709111843124,9.7862778013051));
#1915=CARTESIAN_POINT('Ctrl Pts',(-8.65421596152426,-17.3493482226336,6.46059318669323));
#1916=CARTESIAN_POINT('Ctrl Pts',(-10.2088846999958,-17.4095145305612,2.73007539073342));
#1917=CARTESIAN_POINT('Ctrl Pts',(-10.3705984147284,-17.4435351590483,0.513405611763429));
#1918=CARTESIAN_POINT('Ctrl Pts',(-10.3701528132848,-17.451410108095,0.000235973372962953));
#1919=CARTESIAN_POINT('Ctrl Pts',(-10.3702882556057,-16.648589891905,0.000248530892596813));
#1920=CARTESIAN_POINT('Ctrl Pts',(-10.369129636718,-16.6676080581056,-1.2390203350661));
#1921=CARTESIAN_POINT('Ctrl Pts',(-9.84094505219694,-16.7127719037466,-4.18296513622443));
#1922=CARTESIAN_POINT('Ctrl Pts',(-7.11695310112377,-16.7840814288279,-8.12303496497521));
#1923=CARTESIAN_POINT('Ctrl Pts',(-2.42679233653242,-16.8625184671492,-10.5235639134825));
#1924=CARTESIAN_POINT('Ctrl Pts',(2.84096756349805,-16.9409555054705,-10.419386824039));
#1925=CARTESIAN_POINT('Ctrl Pts',(7.43255077391866,-17.0193925437918,-7.83529881235719));
#1926=CARTESIAN_POINT('Ctrl Pts',(10.2551178075135,-17.097829582113,-3.38633684677491));
#1927=CARTESIAN_POINT('Ctrl Pts',(10.63687147184,-17.1762666204343,1.86860476756365));
#1928=CARTESIAN_POINT('Ctrl Pts',(8.48695084602497,-17.2547036587556,6.6788010767623));
#1929=CARTESIAN_POINT('Ctrl Pts',(4.31705702457051,-17.3331406970768,9.89938064387926));
#1930=CARTESIAN_POINT('Ctrl Pts',(-0.880336499885057,-17.4115777353981,
10.7638155935882));
#1931=CARTESIAN_POINT('Ctrl Pts',(-5.86820175380313,-17.4900147737194,9.06636237211336));
#1932=CARTESIAN_POINT('Ctrl Pts',(-9.45938043979435,-17.5684518120406,5.21103062560808));
#1933=CARTESIAN_POINT('Ctrl Pts',(-10.3622375619835,-17.6213101847692,1.77712466307321));
#1934=CARTESIAN_POINT('Ctrl Pts',(-10.3713441570443,-17.6480228780573,0.0369744020130765));
#1935=CARTESIAN_POINT('Ctrl Pts',(-10.371336480875,-17.648589891905,3.7226168984883E-5));
#1936=CARTESIAN_POINT('Origin',(0.,-10.951410108095,0.));
#1937=CARTESIAN_POINT('',(-10.3706760170313,-15.451410108095,-0.000244087549168238));
#1938=CARTESIAN_POINT('',(-10.3696639541744,-15.648589891905,-3.54959428300328E-5));
#1939=CARTESIAN_POINT('',(-10.3705,-10.951410108095,-2.3719279545892E-13));
#1940=CARTESIAN_POINT('Ctrl Pts',(-10.3706760170313,-15.451410108095,-0.000244087549169207));
#1941=CARTESIAN_POINT('Ctrl Pts',(-10.3710085556837,-15.4565598397044,-0.335776691572181));
#1942=CARTESIAN_POINT('Ctrl Pts',(-10.2739488104898,-15.4878552507542,-2.37464882314584));
#1943=CARTESIAN_POINT('Ctrl Pts',(-8.97452931720074,-15.5452963412444,-6.00770686429969));
#1944=CARTESIAN_POINT('Ctrl Pts',(-5.06412278685623,-15.6237333795657,-9.5388352869882));
#1945=CARTESIAN_POINT('Ctrl Pts',(0.0515920426010113,-15.702170417887,-10.7996322388213));
#1946=CARTESIAN_POINT('Ctrl Pts',(5.15502748632208,-15.7806074562082,-9.49001632495499));
#1947=CARTESIAN_POINT('Ctrl Pts',(9.03151846741184,-15.8590444945295,-5.92168830701579));
#1948=CARTESIAN_POINT('Ctrl Pts',(10.7584240966979,-15.9374815328508,-0.943943424278192));
#1949=CARTESIAN_POINT('Ctrl Pts',(9.92472478117887,-16.0159185711721,4.25846876829012));
#1950=CARTESIAN_POINT('Ctrl Pts',(6.72884870797682,-16.0943556094933,8.44732580748532));
#1951=CARTESIAN_POINT('Ctrl Pts',(1.9314440912235,-16.1727926478146,10.6256407785661));
#1952=CARTESIAN_POINT('Ctrl Pts',(-3.325662173852,-16.2512296861358,10.2749544689044));
#1953=CARTESIAN_POINT('Ctrl Pts',(-7.79122992635572,-16.3296667244571,7.47873348016278));
#1954=CARTESIAN_POINT('Ctrl Pts',(-10.0125769094255,-16.3963935317768,3.58571096760592));
#1955=CARTESIAN_POINT('Ctrl Pts',(-10.3694410669845,-16.4369746596561,0.940725317503081));
#1956=CARTESIAN_POINT('Ctrl Pts',(-10.3696933031268,-16.451410108095,-7.76495125904414E-5));
#1957=CARTESIAN_POINT('Ctrl Pts',(-10.3696639541744,-15.648589891905,-3.5495942830796E-5));
#1958=CARTESIAN_POINT('Ctrl Pts',(-10.3697631031424,-15.6610475587134,-0.811946881376911));
#1959=CARTESIAN_POINT('Ctrl Pts',(-10.0777711188436,-15.6996509049622,-3.32779699264959));
#1960=CARTESIAN_POINT('Ctrl Pts',(-8.0645612443959,-15.7643999306515,-7.18314488376733));
#1961=CARTESIAN_POINT('Ctrl Pts',(-3.70631612556396,-15.8428369689727,-10.1438621472883));
#1962=CARTESIAN_POINT('Ctrl Pts',(1.53406668488798,-15.921274007294,-10.690245922902));
#1963=CARTESIAN_POINT('Ctrl Pts',(6.40932736372673,-15.9997110456152,-8.69225179285485));
#1964=CARTESIAN_POINT('Ctrl Pts',(9.75910854920076,-16.0781480839365,-4.6254209333553));
#1965=CARTESIAN_POINT('Ctrl Pts',(10.7861311797631,-16.1565851222578,0.54230310597253));
#1966=CARTESIAN_POINT('Ctrl Pts',(9.24595432218707,-16.235022160579,5.5809539648554));
#1967=CARTESIAN_POINT('Ctrl Pts',(5.50515438598549,-16.3134591989003,9.29128589982407));
#1968=CARTESIAN_POINT('Ctrl Pts',(0.454076530269996,-16.3918962372216,10.7902054192894));
#1969=CARTESIAN_POINT('Ctrl Pts',(-4.70507576072329,-16.4703332755429,9.72095574373524));
#1970=CARTESIAN_POINT('Ctrl Pts',(-8.7443762825073,-16.5487703138641,6.33802823563676));
#1971=CARTESIAN_POINT('Ctrl Pts',(-10.2276752613858,-16.6081891859849,2.63258901334978));
#1972=CARTESIAN_POINT('Ctrl Pts',(-10.3707224757811,-16.6414623786651,0.464694217018831));
#1973=CARTESIAN_POINT('Ctrl Pts',(-10.3702882556057,-16.648589891905,0.000248530892596813));
#1974=CARTESIAN_POINT('Origin',(0.,-10.951410108095,0.));
#1975=CARTESIAN_POINT('',(-10.3712789901613,-14.451410108095,9.05643074929509E-5));
#1976=CARTESIAN_POINT('',(-10.3705272688974,-14.648589891905,-0.000252400854046653));
#1977=CARTESIAN_POINT('',(-10.3705,-10.951410108095,-2.3719279545892E-13));
#1978=CARTESIAN_POINT('Ctrl Pts',(-10.3712789901613,-14.451410108095,9.05643074932024E-5));
#1979=CARTESIAN_POINT('Ctrl Pts',(-10.3705260642989,-14.4761450197526,-1.61125020274473));
#1980=CARTESIAN_POINT('Ctrl Pts',(-9.58507005035648,-14.5270256108507,-4.92654411563304));
#1981=CARTESIAN_POINT('Ctrl Pts',(-6.20204281524711,-14.6040518813892,-8.8413450986543));
#1982=CARTESIAN_POINT('Ctrl Pts',(-1.28091020287125,-14.6824889197105,-10.7235249467218));
#1983=CARTESIAN_POINT('Ctrl Pts',(3.94509094507369,-14.7609259580317,-10.053406172469));
#1984=CARTESIAN_POINT('Ctrl Pts',(8.23212377471294,-14.839362996353,-6.99048327300313));
#1985=CARTESIAN_POINT('Ctrl Pts',(10.5598346205469,-14.9178000346743,-2.2637603714621));
#1986=CARTESIAN_POINT('Ctrl Pts',(10.3742066629771,-14.9962370729955,3.00175854234191));
#1987=CARTESIAN_POINT('Ctrl Pts',(7.7194210814948,-15.0746741113168,7.55283101884183));
#1988=CARTESIAN_POINT('Ctrl Pts',(3.22734152325083,-15.1531111496381,10.3062595021171));
#1989=CARTESIAN_POINT('Ctrl Pts',(-2.03287531873771,-15.2315481879594,10.6067024173916));
#1990=CARTESIAN_POINT('Ctrl Pts',(-6.80924893735591,-15.3099852262806,8.38265155793632));
#1991=CARTESIAN_POINT('Ctrl Pts',(-9.75777202902145,-15.3832725329925,4.44046046470092));
#1992=CARTESIAN_POINT('Ctrl Pts',(-10.3693202251711,-15.430414160264,1.36775439936685));
#1993=CARTESIAN_POINT('Ctrl Pts',(-10.3706760170313,-15.451410108095,-0.000244087549169207));
#1994=CARTESIAN_POINT('Ctrl Pts',(-10.3705272688974,-14.648589891905,-0.000252400854047416));
#1995=CARTESIAN_POINT('Ctrl Pts',(-10.3709085963948,-14.6544870593212,-0.384500341861302));
#1996=CARTESIAN_POINT('Ctrl Pts',(-10.2570469124163,-14.6865299061779,-2.47212508328088));
#1997=CARTESIAN_POINT('Ctrl Pts',(-8.88899986218613,-14.744718432475,-6.13354709249203));
#1998=CARTESIAN_POINT('Ctrl Pts',(-4.92923358665849,-14.8231554707962,-9.60923382658536));
#1999=CARTESIAN_POINT('Ctrl Pts',(0.203736104412255,-14.9015925091175,-10.7978335829715));
#2000=CARTESIAN_POINT('Ctrl Pts',(5.2882147087114,-14.9800295474387,-9.41644857047387));
#2001=CARTESIAN_POINT('Ctrl Pts',(9.11404905334886,-15.05846658576,-5.79386126335056));
#2002=CARTESIAN_POINT('Ctrl Pts',(10.7706549995291,-15.1369036240813,-0.792281116095977));
#2003=CARTESIAN_POINT('Ctrl Pts',(9.86374493233268,-15.2153406624026,4.39786930179683));
#2004=CARTESIAN_POINT('Ctrl Pts',(6.60917187834427,-15.2937777007238,8.54128594348108));
#2005=CARTESIAN_POINT('Ctrl Pts',(1.78155447876726,-15.3722147390451,10.6517971312352));
#2006=CARTESIAN_POINT('Ctrl Pts',(-3.47008944800082,-15.4506517773664,10.2270815831633));
#2007=CARTESIAN_POINT('Ctrl Pts',(-7.8958198283607,-15.5290888156876,7.36822554784195));
#2008=CARTESIAN_POINT('Ctrl Pts',(-10.0378345836567,-15.5950681872005,3.4882478967453));
#2009=CARTESIAN_POINT('Ctrl Pts',(-10.3695550130423,-15.634901879273,0.892061994771617));
#2010=CARTESIAN_POINT('Ctrl Pts',(-10.3696639541744,-15.648589891905,-3.5495942830796E-5));
#2011=CARTESIAN_POINT('Origin',(0.,-10.951410108095,0.));
#2012=CARTESIAN_POINT('',(-10.3701361554272,-13.451410108095,0.000235245821602909));
#2013=CARTESIAN_POINT('',(-10.3713321862502,-13.648589891905,4.34890938089648E-5));
#2014=CARTESIAN_POINT('',(-10.3705,-10.951410108095,-2.3719279545892E-13));
#2015=CARTESIAN_POINT('Ctrl Pts',(-10.3701361554272,-13.451410108095,0.000235245821603169));
#2016=CARTESIAN_POINT('Ctrl Pts',(-10.3691197480377,-13.4695845203605,-1.18410288116963));
#2017=CARTESIAN_POINT('Ctrl Pts',(-9.87473957827469,-13.5139046120664,-4.07305721510663));
#2018=CARTESIAN_POINT('Ctrl Pts',(-7.24523946303041,-13.5843703832127,-8.00882040562927));
#2019=CARTESIAN_POINT('Ctrl Pts',(-2.5938491787155,-13.6628074215339,-10.4836385593176));
#2020=CARTESIAN_POINT('Ctrl Pts',(2.67490127813696,-13.7412444598552,-10.4632506841732));
#2021=CARTESIAN_POINT('Ctrl Pts',(7.30700038745056,-13.8196814981765,-7.95251319396277));
#2022=CARTESIAN_POINT('Ctrl Pts',(10.199965467689,-13.8981185364978,-3.54900297275702));
#2023=CARTESIAN_POINT('Ctrl Pts',(10.665243953968,-13.976555574819,1.69920261103513));
#2024=CARTESIAN_POINT('Ctrl Pts',(8.59209523270697,-14.0549926131403,6.54298234784582));
#2025=CARTESIAN_POINT('Ctrl Pts',(4.47394797582787,-14.1334296514616,9.82947137653137));
#2026=CARTESIAN_POINT('Ctrl Pts',(-0.709040489645754,-14.2118666897829,
10.7764548868693));
#2027=CARTESIAN_POINT('Ctrl Pts',(-5.72327072700156,-14.2903037281041,9.15854193468916));
#2028=CARTESIAN_POINT('Ctrl Pts',(-9.37530932827285,-14.3687407664254,5.36081087584013));
#2029=CARTESIAN_POINT('Ctrl Pts',(-10.3479459452,-14.422442893089,1.88712026351447));
#2030=CARTESIAN_POINT('Ctrl Pts',(-10.3713219336561,-14.4499993403122,0.0919941729675253));
#2031=CARTESIAN_POINT('Ctrl Pts',(-10.3712789901613,-14.451410108095,9.05643074932024E-5));
#2032=CARTESIAN_POINT('Ctrl Pts',(-10.3713321862502,-13.648589891905,4.34890938090342E-5));
#2033=CARTESIAN_POINT('Ctrl Pts',(-10.3709331222498,-13.6740722393695,-1.65996373047376));
#2034=CARTESIAN_POINT('Ctrl Pts',(-9.54807145675307,-13.7257002662744,-5.02357159425543));
#2035=CARTESIAN_POINT('Ctrl Pts',(-6.07686717847457,-13.8034739726197,-8.92784428523366));
#2036=CARTESIAN_POINT('Ctrl Pts',(-1.12970612528351,-13.881911010941,-10.7405066299486));
#2037=CARTESIAN_POINT('Ctrl Pts',(4.08633549078728,-13.9603480492622,-9.99682853179364));
#2038=CARTESIAN_POINT('Ctrl Pts',(8.3297912719691,-14.0387850875835,-6.87381232401964));
#2039=CARTESIAN_POINT('Ctrl Pts',(10.5906792979469,-14.1172221259048,-2.11476487894519));
#2040=CARTESIAN_POINT('Ctrl Pts',(10.3308872001337,-14.1956591642261,3.14761626325962));
#2041=CARTESIAN_POINT('Ctrl Pts',(7.61224791348061,-14.2740962025473,7.66083547614175));
#2042=CARTESIAN_POINT('Ctrl Pts',(3.08182286021843,-14.3525332408686,10.3507046302261));
#2043=CARTESIAN_POINT('Ctrl Pts',(-2.18210468219578,-14.4309702791899,10.5770098630299));
#2044=CARTESIAN_POINT('Ctrl Pts',(-6.92667102553618,-14.5094073175111,8.28588842487551));
#2045=CARTESIAN_POINT('Ctrl Pts',(-9.78986074272828,-14.5819471884162,4.34317361550244));
#2046=CARTESIAN_POINT('Ctrl Pts',(-10.3692179429325,-14.6283413798808,1.31910119802201));
#2047=CARTESIAN_POINT('Ctrl Pts',(-10.3705272688974,-14.648589891905,-0.000252400854047416));
#2048=CARTESIAN_POINT('Origin',(1.11022302462516E-15,-33.1,5.55));
#2049=CARTESIAN_POINT('',(-2.,-33.1,5.55));
#2050=CARTESIAN_POINT('Origin',(1.11022302462516E-15,-33.1,5.55));
#2051=CARTESIAN_POINT('',(-2.,-25.1,5.55));
#2052=CARTESIAN_POINT('',(-2.,-33.1,5.55));
#2053=CARTESIAN_POINT('Origin',(1.11022302462516E-15,-25.1,5.55));
#2054=CARTESIAN_POINT('Origin',(1.11022302462516E-15,-25.1,5.55));
#2055=CARTESIAN_POINT('Origin',(1.11022302462516E-15,-33.1,-5.55));
#2056=CARTESIAN_POINT('',(-2.,-33.1,-5.55));
#2057=CARTESIAN_POINT('Origin',(1.11022302462516E-15,-33.1,-5.55));
#2058=CARTESIAN_POINT('',(-2.,-25.1,-5.55));
#2059=CARTESIAN_POINT('',(-2.,-33.1,-5.55));
#2060=CARTESIAN_POINT('Origin',(1.11022302462516E-15,-25.1,-5.55));
#2061=CARTESIAN_POINT('Origin',(1.11022302462516E-15,-25.1,-5.55));
#2062=CARTESIAN_POINT('Origin',(1.11022302462516E-15,-26.,5.55));
#2063=CARTESIAN_POINT('',(-2.34799274418138,-26.,1.65263806232067));
#2064=CARTESIAN_POINT('',(2.34799274418138,-26.,1.65263806232067));
#2065=CARTESIAN_POINT('Origin',(1.11022302462516E-15,-26.,5.55));
#2066=CARTESIAN_POINT('',(-2.34799274418138,-33.1,1.65263806232067));
#2067=CARTESIAN_POINT('',(-2.34799274418138,-26.,1.65263806232067));
#2068=CARTESIAN_POINT('',(2.34799274418138,-33.1,1.65263806232067));
#2069=CARTESIAN_POINT('Origin',(1.11022302462516E-15,-33.1,5.55));
#2070=CARTESIAN_POINT('',(2.34799274418138,-26.,1.65263806232067));
#2071=CARTESIAN_POINT('Ctrl Pts',(2.34799274418138,-26.,-1.65263806232067));
#2072=CARTESIAN_POINT('Ctrl Pts',(2.34799274418138,-33.1,-1.65263806232067));
#2073=CARTESIAN_POINT('Ctrl Pts',(2.18827414333572,-26.,-1.55641448291154));
#2074=CARTESIAN_POINT('Ctrl Pts',(2.18827414333572,-33.1,-1.55641448291154));
#2075=CARTESIAN_POINT('Ctrl Pts',(1.90544645049957,-26.,-1.34559546305681));
#2076=CARTESIAN_POINT('Ctrl Pts',(1.90544645049957,-33.1,-1.34559546305681));
#2077=CARTESIAN_POINT('Ctrl Pts',(1.5909441592594,-26.,-0.974308419558508));
#2078=CARTESIAN_POINT('Ctrl Pts',(1.5909441592594,-33.1,-0.974308419558508));
#2079=CARTESIAN_POINT('Ctrl Pts',(1.36905070281158,-26.,-0.390813446835519));
#2080=CARTESIAN_POINT('Ctrl Pts',(1.36905070281158,-33.1,-0.390813446835519));
#2081=CARTESIAN_POINT('Ctrl Pts',(1.36905070281159,-26.,0.390813446835557));
#2082=CARTESIAN_POINT('Ctrl Pts',(1.36905070281159,-33.1,0.390813446835557));
#2083=CARTESIAN_POINT('Ctrl Pts',(1.59094415925941,-26.,0.97430841955853));
#2084=CARTESIAN_POINT('Ctrl Pts',(1.59094415925941,-33.1,0.97430841955853));
#2085=CARTESIAN_POINT('Ctrl Pts',(1.90544645049957,-26.,1.34559546305681));
#2086=CARTESIAN_POINT('Ctrl Pts',(1.90544645049957,-33.1,1.34559546305681));
#2087=CARTESIAN_POINT('Ctrl Pts',(2.18827414333572,-26.,1.55641448291154));
#2088=CARTESIAN_POINT('Ctrl Pts',(2.18827414333572,-33.1,1.55641448291154));
#2089=CARTESIAN_POINT('Ctrl Pts',(2.34799274418138,-26.,1.65263806232067));
#2090=CARTESIAN_POINT('Ctrl Pts',(2.34799274418138,-33.1,1.65263806232067));
#2091=CARTESIAN_POINT('',(2.34799274418138,-26.,-1.65263806232067));
#2092=CARTESIAN_POINT('Ctrl Pts',(2.34799274418138,-26.,1.65263806232067));
#2093=CARTESIAN_POINT('Ctrl Pts',(2.18827414333572,-26.,1.55641448291154));
#2094=CARTESIAN_POINT('Ctrl Pts',(1.90544645049957,-26.,1.34559546305681));
#2095=CARTESIAN_POINT('Ctrl Pts',(1.59094415925941,-26.,0.97430841955853));
#2096=CARTESIAN_POINT('Ctrl Pts',(1.36905070281159,-26.,0.390813446835557));
#2097=CARTESIAN_POINT('Ctrl Pts',(1.36905070281158,-26.,-0.390813446835519));
#2098=CARTESIAN_POINT('Ctrl Pts',(1.5909441592594,-26.,-0.974308419558508));
#2099=CARTESIAN_POINT('Ctrl Pts',(1.90544645049957,-26.,-1.34559546305681));
#2100=CARTESIAN_POINT('Ctrl Pts',(2.18827414333572,-26.,-1.55641448291154));
#2101=CARTESIAN_POINT('Ctrl Pts',(2.34799274418138,-26.,-1.65263806232067));
#2102=CARTESIAN_POINT('',(2.34799274418138,-33.1,-1.65263806232067));
#2103=CARTESIAN_POINT('Ctrl Pts',(2.34799274418138,-33.1,-1.65263806232067));
#2104=CARTESIAN_POINT('Ctrl Pts',(2.18827414333572,-33.1,-1.55641448291154));
#2105=CARTESIAN_POINT('Ctrl Pts',(1.90544645049957,-33.1,-1.34559546305681));
#2106=CARTESIAN_POINT('Ctrl Pts',(1.5909441592594,-33.1,-0.974308419558508));
#2107=CARTESIAN_POINT('Ctrl Pts',(1.36905070281158,-33.1,-0.390813446835519));
#2108=CARTESIAN_POINT('Ctrl Pts',(1.36905070281159,-33.1,0.390813446835557));
#2109=CARTESIAN_POINT('Ctrl Pts',(1.59094415925941,-33.1,0.97430841955853));
#2110=CARTESIAN_POINT('Ctrl Pts',(1.90544645049957,-33.1,1.34559546305681));
#2111=CARTESIAN_POINT('Ctrl Pts',(2.18827414333572,-33.1,1.55641448291154));
#2112=CARTESIAN_POINT('Ctrl Pts',(2.34799274418138,-33.1,1.65263806232067));
#2113=CARTESIAN_POINT('',(2.34799274418138,-26.,-1.65263806232067));
#2114=CARTESIAN_POINT('Origin',(1.11022302462516E-15,-26.,-5.55));
#2115=CARTESIAN_POINT('',(-2.34799274418138,-26.,-1.65263806232067));
#2116=CARTESIAN_POINT('Origin',(1.11022302462516E-15,-26.,-5.55));
#2117=CARTESIAN_POINT('',(-2.34799274418138,-33.1,-1.65263806232067));
#2118=CARTESIAN_POINT('Origin',(1.11022302462516E-15,-33.1,-5.55));
#2119=CARTESIAN_POINT('',(-2.34799274418138,-26.,-1.65263806232067));
#2120=CARTESIAN_POINT('Ctrl Pts',(-2.34799274418138,-26.,1.65263806232067));
#2121=CARTESIAN_POINT('Ctrl Pts',(-2.34799274418138,-33.1,1.65263806232067));
#2122=CARTESIAN_POINT('Ctrl Pts',(-2.18827414333565,-26.,1.55641448291149));
#2123=CARTESIAN_POINT('Ctrl Pts',(-2.18827414333565,-33.1,1.55641448291149));
#2124=CARTESIAN_POINT('Ctrl Pts',(-1.90544645049937,-26.,1.3455954630567));
#2125=CARTESIAN_POINT('Ctrl Pts',(-1.90544645049937,-33.1,1.3455954630567));
#2126=CARTESIAN_POINT('Ctrl Pts',(-1.59094415925905,-26.,0.974308419558403));
#2127=CARTESIAN_POINT('Ctrl Pts',(-1.59094415925905,-33.1,0.974308419558403));
#2128=CARTESIAN_POINT('Ctrl Pts',(-1.36905070281112,-26.,0.3908134468355));
#2129=CARTESIAN_POINT('Ctrl Pts',(-1.36905070281112,-33.1,0.3908134468355));
#2130=CARTESIAN_POINT('Ctrl Pts',(-1.36905070281112,-26.,-0.390813446835435));
#2131=CARTESIAN_POINT('Ctrl Pts',(-1.36905070281112,-33.1,-0.390813446835435));
#2132=CARTESIAN_POINT('Ctrl Pts',(-1.59094415925904,-26.,-0.974308419558366));
#2133=CARTESIAN_POINT('Ctrl Pts',(-1.59094415925904,-33.1,-0.974308419558366));
#2134=CARTESIAN_POINT('Ctrl Pts',(-1.90544645049937,-26.,-1.3455954630567));
#2135=CARTESIAN_POINT('Ctrl Pts',(-1.90544645049937,-33.1,-1.3455954630567));
#2136=CARTESIAN_POINT('Ctrl Pts',(-2.18827414333565,-26.,-1.55641448291149));
#2137=CARTESIAN_POINT('Ctrl Pts',(-2.18827414333565,-33.1,-1.55641448291149));
#2138=CARTESIAN_POINT('Ctrl Pts',(-2.34799274418138,-26.,-1.65263806232067));
#2139=CARTESIAN_POINT('Ctrl Pts',(-2.34799274418138,-33.1,-1.65263806232067));
#2140=CARTESIAN_POINT('Ctrl Pts',(-2.34799274418138,-26.,-1.65263806232067));
#2141=CARTESIAN_POINT('Ctrl Pts',(-2.18827414333565,-26.,-1.55641448291149));
#2142=CARTESIAN_POINT('Ctrl Pts',(-1.90544645049937,-26.,-1.3455954630567));
#2143=CARTESIAN_POINT('Ctrl Pts',(-1.59094415925904,-26.,-0.974308419558366));
#2144=CARTESIAN_POINT('Ctrl Pts',(-1.36905070281112,-26.,-0.390813446835435));
#2145=CARTESIAN_POINT('Ctrl Pts',(-1.36905070281112,-26.,0.3908134468355));
#2146=CARTESIAN_POINT('Ctrl Pts',(-1.59094415925905,-26.,0.974308419558403));
#2147=CARTESIAN_POINT('Ctrl Pts',(-1.90544645049937,-26.,1.3455954630567));
#2148=CARTESIAN_POINT('Ctrl Pts',(-2.18827414333565,-26.,1.55641448291149));
#2149=CARTESIAN_POINT('Ctrl Pts',(-2.34799274418138,-26.,1.65263806232067));
#2150=CARTESIAN_POINT('Ctrl Pts',(-2.34799274418138,-33.1,1.65263806232067));
#2151=CARTESIAN_POINT('Ctrl Pts',(-2.18827414333565,-33.1,1.55641448291149));
#2152=CARTESIAN_POINT('Ctrl Pts',(-1.90544645049937,-33.1,1.3455954630567));
#2153=CARTESIAN_POINT('Ctrl Pts',(-1.59094415925905,-33.1,0.974308419558403));
#2154=CARTESIAN_POINT('Ctrl Pts',(-1.36905070281112,-33.1,0.3908134468355));
#2155=CARTESIAN_POINT('Ctrl Pts',(-1.36905070281112,-33.1,-0.390813446835435));
#2156=CARTESIAN_POINT('Ctrl Pts',(-1.59094415925904,-33.1,-0.974308419558366));
#2157=CARTESIAN_POINT('Ctrl Pts',(-1.90544645049937,-33.1,-1.3455954630567));
#2158=CARTESIAN_POINT('Ctrl Pts',(-2.18827414333565,-33.1,-1.55641448291149));
#2159=CARTESIAN_POINT('Ctrl Pts',(-2.34799274418138,-33.1,-1.65263806232067));
#2160=CARTESIAN_POINT('Origin',(1.11022302462516E-15,-33.1,0.));
#2161=CARTESIAN_POINT('Ctrl Pts',(-10.4536640290319,-20.,-3.08721692922966));
#2162=CARTESIAN_POINT('Ctrl Pts',(-10.4536640290319,-26.,-3.08721692922966));
#2163=CARTESIAN_POINT('Ctrl Pts',(-10.1901509196232,-20.,-3.9029791519754));
#2164=CARTESIAN_POINT('Ctrl Pts',(-10.1901509196232,-26.,-3.9029791519754));
#2165=CARTESIAN_POINT('Ctrl Pts',(-9.83072858305488,-20.,-4.68656072554231));
#2166=CARTESIAN_POINT('Ctrl Pts',(-9.83072858305488,-26.,-4.68656072554231));
#2167=CARTESIAN_POINT('Ctrl Pts',(-8.64817358836852,-20.,-6.6179094844827));
#2168=CARTESIAN_POINT('Ctrl Pts',(-8.64817358836852,-26.,-6.6179094844827));
#2169=CARTESIAN_POINT('Ctrl Pts',(-7.6895701376684,-20.,-7.66101486730396));
#2170=CARTESIAN_POINT('Ctrl Pts',(-7.6895701376684,-26.,-7.66101486730396));
#2171=CARTESIAN_POINT('Ctrl Pts',(-5.43604933951294,-20.,-9.31088070179606));
#2172=CARTESIAN_POINT('Ctrl Pts',(-5.43604933951294,-26.,-9.31088070179606));
#2173=CARTESIAN_POINT('Ctrl Pts',(-4.16597891378345,-20.,-9.90597795303692));
#2174=CARTESIAN_POINT('Ctrl Pts',(-4.16597891378345,-26.,-9.90597795303692));
#2175=CARTESIAN_POINT('Ctrl Pts',(-1.48193462459048,-20.,-10.570049160616));
#2176=CARTESIAN_POINT('Ctrl Pts',(-1.48193462459048,-26.,-10.570049160616));
#2177=CARTESIAN_POINT('Ctrl Pts',(-0.0951154860478198,-20.,-10.6377306082011));
#2178=CARTESIAN_POINT('Ctrl Pts',(-0.0951154860478198,-26.,-10.6377306082011));
#2179=CARTESIAN_POINT('Ctrl Pts',(2.15925003663478,-20.,-10.3042136401688));
#2180=CARTESIAN_POINT('Ctrl Pts',(2.15925003663478,-26.,-10.3042136401688));
#2181=CARTESIAN_POINT('Ctrl Pts',(3.03227351002389,-20.,-10.0572615690611));
#2182=CARTESIAN_POINT('Ctrl Pts',(3.03227351002389,-26.,-10.0572615690611));
#2183=CARTESIAN_POINT('Ctrl Pts',(4.68727013249289,-20.,-9.34714933874581));
#2184=CARTESIAN_POINT('Ctrl Pts',(4.68727013249289,-26.,-9.34714933874581));
#2185=CARTESIAN_POINT('Ctrl Pts',(5.46288573867712,-20.,-8.88841747258023));
#2186=CARTESIAN_POINT('Ctrl Pts',(5.46288573867712,-26.,-8.88841747258023));
#2187=CARTESIAN_POINT('Ctrl Pts',(6.16972109874706,-20.,-8.33557507396313));
#2188=CARTESIAN_POINT('Ctrl Pts',(6.16972109874706,-26.,-8.33557507396313));
#2189=CARTESIAN_POINT('',(-10.453664029032,-20.,-3.08721692922968));
#2190=CARTESIAN_POINT('Ctrl Pts',(-10.4536640290331,-20.,-3.08721692922611));
#2191=CARTESIAN_POINT('Ctrl Pts',(-10.1901509196243,-20.,-3.90297915197313));
#2192=CARTESIAN_POINT('Ctrl Pts',(-9.83072858305553,-20.,-4.68656072554125));
#2193=CARTESIAN_POINT('Ctrl Pts',(-9.38111064724919,-20.,-5.42087671610305));
#2194=CARTESIAN_POINT('Ctrl Pts',(-8.64817358836852,-20.,-6.6179094844827));
#2195=CARTESIAN_POINT('Ctrl Pts',(-7.6895701376684,-20.,-7.66101486730396));
#2196=CARTESIAN_POINT('Ctrl Pts',(-6.5572924601252,-20.,-8.48998713898908));
#2197=CARTESIAN_POINT('Ctrl Pts',(-5.43604933951294,-20.,-9.31088070179606));
#2198=CARTESIAN_POINT('Ctrl Pts',(-4.16597891378344,-20.,-9.90597795303692));
#2199=CARTESIAN_POINT('Ctrl Pts',(-2.8173190667706,-20.,-10.2396558199877));
#2200=CARTESIAN_POINT('Ctrl Pts',(-1.48193462459048,-20.,-10.570049160616));
#2201=CARTESIAN_POINT('Ctrl Pts',(-0.0951154860478198,-20.,-10.6377306082011));
#2202=CARTESIAN_POINT('Ctrl Pts',(1.26542742751636,-20.,-10.4364481884496));
#2203=CARTESIAN_POINT('Ctrl Pts',(2.15925003663478,-20.,-10.3042136401688));
#2204=CARTESIAN_POINT('Ctrl Pts',(3.03227351002389,-20.,-10.0572615690611));
#2205=CARTESIAN_POINT('Ctrl Pts',(3.86256398297028,-20.,-9.70100741630401));
#2206=CARTESIAN_POINT('Ctrl Pts',(4.68727013249289,-20.,-9.34714933874581));
#2207=CARTESIAN_POINT('Ctrl Pts',(5.46288573867712,-20.,-8.88841747258023));
#2208=CARTESIAN_POINT('Ctrl Pts',(6.16972109874706,-20.,-8.33557507396313));
#2209=CARTESIAN_POINT('',(-10.453664029032,-26.,-3.08721692922968));
#2210=CARTESIAN_POINT('Ctrl Pts',(-10.4536640290331,-26.,-3.08721692922611));
#2211=CARTESIAN_POINT('Ctrl Pts',(-10.1901509196243,-26.,-3.90297915197313));
#2212=CARTESIAN_POINT('Ctrl Pts',(-9.83072858305553,-26.,-4.68656072554125));
#2213=CARTESIAN_POINT('Ctrl Pts',(-9.38111064724919,-26.,-5.42087671610305));
#2214=CARTESIAN_POINT('Ctrl Pts',(-8.64817358836852,-26.,-6.6179094844827));
#2215=CARTESIAN_POINT('Ctrl Pts',(-7.6895701376684,-26.,-7.66101486730396));
#2216=CARTESIAN_POINT('Ctrl Pts',(-6.5572924601252,-26.,-8.48998713898908));
#2217=CARTESIAN_POINT('Ctrl Pts',(-5.43604933951294,-26.,-9.31088070179606));
#2218=CARTESIAN_POINT('Ctrl Pts',(-4.16597891378344,-26.,-9.90597795303692));
#2219=CARTESIAN_POINT('Ctrl Pts',(-2.8173190667706,-26.,-10.2396558199877));
#2220=CARTESIAN_POINT('Ctrl Pts',(-1.48193462459048,-26.,-10.570049160616));
#2221=CARTESIAN_POINT('Ctrl Pts',(-0.0951154860478198,-26.,-10.6377306082011));
#2222=CARTESIAN_POINT('Ctrl Pts',(1.26542742751636,-26.,-10.4364481884496));
#2223=CARTESIAN_POINT('Ctrl Pts',(2.15925003663478,-26.,-10.3042136401688));
#2224=CARTESIAN_POINT('Ctrl Pts',(3.03227351002389,-26.,-10.0572615690611));
#2225=CARTESIAN_POINT('Ctrl Pts',(3.86256398297028,-26.,-9.70100741630401));
#2226=CARTESIAN_POINT('Ctrl Pts',(4.68727013249289,-26.,-9.34714933874581));
#2227=CARTESIAN_POINT('Ctrl Pts',(5.46288573867712,-26.,-8.88841747258023));
#2228=CARTESIAN_POINT('Ctrl Pts',(6.16972109874706,-26.,-8.33557507396313));
#2229=CARTESIAN_POINT('',(-10.453664029032,-20.,-3.08721692922968));
#2230=CARTESIAN_POINT('Origin',(0.,-20.,0.));
#2231=CARTESIAN_POINT('',(-6.642571271345,-20.,8.6421205097535));
#2232=CARTESIAN_POINT('Origin',(0.,-20.,0.));
#2233=CARTESIAN_POINT('',(-6.642571271345,-26.,8.6421205097535));
#2234=CARTESIAN_POINT('Origin',(0.,-26.,0.));
#2235=CARTESIAN_POINT('',(-6.642571271345,-20.,8.6421205097535));
#2236=CARTESIAN_POINT('Ctrl Pts',(9.89093731729226,-20.,3.1171508201233));
#2237=CARTESIAN_POINT('Ctrl Pts',(9.89093731729226,-26.,3.1171508201233));
#2238=CARTESIAN_POINT('Ctrl Pts',(9.51764638877581,-20.,4.42157356277114));
#2239=CARTESIAN_POINT('Ctrl Pts',(9.51764638877581,-26.,4.42157356277114));
#2240=CARTESIAN_POINT('Ctrl Pts',(8.89197819405471,-20.,5.64005187809901));
#2241=CARTESIAN_POINT('Ctrl Pts',(8.89197819405471,-26.,5.64005187809901));
#2242=CARTESIAN_POINT('Ctrl Pts',(7.20200803111514,-20.,7.78134078941423));
#2243=CARTESIAN_POINT('Ctrl Pts',(7.20200803111514,-26.,7.78134078941423));
#2244=CARTESIAN_POINT('Ctrl Pts',(6.14987367504741,-20.,8.68023249617225));
#2245=CARTESIAN_POINT('Ctrl Pts',(6.14987367504741,-26.,8.68023249617225));
#2246=CARTESIAN_POINT('Ctrl Pts',(3.74914729300363,-20.,10.0333342297357));
#2247=CARTESIAN_POINT('Ctrl Pts',(3.74914729300363,-26.,10.0333342297357));
#2248=CARTESIAN_POINT('Ctrl Pts',(2.42112585477971,-20.,10.4699040797476));
#2249=CARTESIAN_POINT('Ctrl Pts',(2.42112585477971,-26.,10.4699040797476));
#2250=CARTESIAN_POINT('Ctrl Pts',(-0.341296686309448,-20.,10.8137215244842));
#2251=CARTESIAN_POINT('Ctrl Pts',(-0.341296686309448,-26.,10.8137215244842));
#2252=CARTESIAN_POINT('Ctrl Pts',(-1.74970459919884,-20.,10.7124261264963));
#2253=CARTESIAN_POINT('Ctrl Pts',(-1.74970459919884,-26.,10.7124261264963));
#2254=CARTESIAN_POINT('Ctrl Pts',(-4.00131847137203,-20.,10.0999502763629));
#2255=CARTESIAN_POINT('Ctrl Pts',(-4.00131847137203,-26.,10.0999502763629));
#2256=CARTESIAN_POINT('Ctrl Pts',(-4.86732103886062,-20.,9.73867081801787));
#2257=CARTESIAN_POINT('Ctrl Pts',(-4.86732103886062,-26.,9.73867081801787));
#2258=CARTESIAN_POINT('Ctrl Pts',(-6.00968515546474,-20.,9.07845424895358));
#2259=CARTESIAN_POINT('Ctrl Pts',(-6.00968515546474,-26.,9.07845424895358));
#2260=CARTESIAN_POINT('Ctrl Pts',(-6.33215743146505,-20.,8.86846282153155));
#2261=CARTESIAN_POINT('Ctrl Pts',(-6.33215743146505,-26.,8.86846282153155));
#2262=CARTESIAN_POINT('Ctrl Pts',(-6.64257127134497,-20.,8.64212050975346));
#2263=CARTESIAN_POINT('Ctrl Pts',(-6.64257127134497,-26.,8.64212050975346));
#2264=CARTESIAN_POINT('Ctrl Pts',(9.89093731729226,-20.,3.1171508201233));
#2265=CARTESIAN_POINT('Ctrl Pts',(9.51764638877581,-20.,4.42157356277114));
#2266=CARTESIAN_POINT('Ctrl Pts',(8.89197819405471,-20.,5.64005187809901));
#2267=CARTESIAN_POINT('Ctrl Pts',(7.20200803111514,-20.,7.78134078941423));
#2268=CARTESIAN_POINT('Ctrl Pts',(6.14987367504741,-20.,8.68023249617225));
#2269=CARTESIAN_POINT('Ctrl Pts',(3.74914729300363,-20.,10.0333342297357));
#2270=CARTESIAN_POINT('Ctrl Pts',(2.42112585477971,-20.,10.4699040797476));
#2271=CARTESIAN_POINT('Ctrl Pts',(-0.341296686309448,-20.,10.8137215244842));
#2272=CARTESIAN_POINT('Ctrl Pts',(-1.74970459919884,-20.,10.7124261264963));
#2273=CARTESIAN_POINT('Ctrl Pts',(-4.00131847137203,-20.,10.0999502763629));
#2274=CARTESIAN_POINT('Ctrl Pts',(-4.86732103886062,-20.,9.73867081801787));
#2275=CARTESIAN_POINT('Ctrl Pts',(-6.00968515546474,-20.,9.07845424895358));
#2276=CARTESIAN_POINT('Ctrl Pts',(-6.33215743146505,-20.,8.86846282153155));
#2277=CARTESIAN_POINT('Ctrl Pts',(-6.64257127134497,-20.,8.64212050975346));
#2278=CARTESIAN_POINT('Ctrl Pts',(9.89093731729226,-26.,3.1171508201233));
#2279=CARTESIAN_POINT('Ctrl Pts',(9.51764638877581,-26.,4.42157356277114));
#2280=CARTESIAN_POINT('Ctrl Pts',(8.89197819405471,-26.,5.64005187809901));
#2281=CARTESIAN_POINT('Ctrl Pts',(7.20200803111514,-26.,7.78134078941423));
#2282=CARTESIAN_POINT('Ctrl Pts',(6.14987367504741,-26.,8.68023249617225));
#2283=CARTESIAN_POINT('Ctrl Pts',(3.74914729300363,-26.,10.0333342297357));
#2284=CARTESIAN_POINT('Ctrl Pts',(2.42112585477971,-26.,10.4699040797476));
#2285=CARTESIAN_POINT('Ctrl Pts',(-0.341296686309448,-26.,10.8137215244842));
#2286=CARTESIAN_POINT('Ctrl Pts',(-1.74970459919884,-26.,10.7124261264963));
#2287=CARTESIAN_POINT('Ctrl Pts',(-4.00131847137203,-26.,10.0999502763629));
#2288=CARTESIAN_POINT('Ctrl Pts',(-4.86732103886062,-26.,9.73867081801787));
#2289=CARTESIAN_POINT('Ctrl Pts',(-6.00968515546474,-26.,9.07845424895358));
#2290=CARTESIAN_POINT('Ctrl Pts',(-6.33215743146505,-26.,8.86846282153155));
#2291=CARTESIAN_POINT('Ctrl Pts',(-6.64257127134497,-26.,8.64212050975346));
#2292=CARTESIAN_POINT('Origin',(-0.26475,-26.,0.0879954580447717));
#2293=CARTESIAN_POINT('Ctrl Pts',(-4.501109290546,-12.4700443211581,9.34276647490242));
#2294=CARTESIAN_POINT('Ctrl Pts',(-6.03592167270675,-12.4961900005986,8.6033325726266));
#2295=CARTESIAN_POINT('Ctrl Pts',(-8.73277470220699,-12.5484813594794,6.35449064804201));
#2296=CARTESIAN_POINT('Ctrl Pts',(-10.6998326334349,-12.6269183978006,1.46573747883017));
#2297=CARTESIAN_POINT('Ctrl Pts',(-10.120053818762,-12.7053554361219,-3.77063989264566));
#2298=CARTESIAN_POINT('Ctrl Pts',(-7.13170020671173,-12.7837924744432,-8.11017154308013));
#2299=CARTESIAN_POINT('Ctrl Pts',(-2.44588884052252,-12.8622295127645,-10.5191046073686));
#2300=CARTESIAN_POINT('Ctrl Pts',(2.82204310789525,-12.9406665510857,-10.4245457854826));
#2301=CARTESIAN_POINT('Ctrl Pts',(7.41831455343003,-13.019103589407,-7.84877087788798));
#2302=CARTESIAN_POINT('Ctrl Pts',(10.2489521090804,-13.0975406277283,-3.40495463446168));
#2303=CARTESIAN_POINT('Ctrl Pts',(10.640246857647,-13.1759776660495,1.84929224165338));
#2304=CARTESIAN_POINT('Ctrl Pts',(8.49906239049424,-13.2544147043708,6.66338036826087));
#2305=CARTESIAN_POINT('Ctrl Pts',(4.33502285285391,-13.3328517426921,9.89152708616275));
#2306=CARTESIAN_POINT('Ctrl Pts',(-0.860792819211696,-13.4112887810134,
10.7653958459159));
#2307=CARTESIAN_POINT('Ctrl Pts',(-5.85173159743728,-13.4897258193346,9.07700161504931));
#2308=CARTESIAN_POINT('Ctrl Pts',(-9.44990395973054,-13.5681628576559,5.22819596515613));
#2309=CARTESIAN_POINT('Ctrl Pts',(-10.7989112823226,-13.6465998959772,0.135031405992322));
#2310=CARTESIAN_POINT('Ctrl Pts',(-9.57767735958372,-13.7250369342984,-4.99027205074058));
#2311=CARTESIAN_POINT('Ctrl Pts',(-6.07686717847457,-13.8034739726197,-8.92784428523366));
#2312=CARTESIAN_POINT('Ctrl Pts',(-1.12970612528351,-13.881911010941,-10.7405066299486));
#2313=CARTESIAN_POINT('Ctrl Pts',(4.08633549078728,-13.9603480492622,-9.99682853179364));
#2314=CARTESIAN_POINT('Ctrl Pts',(8.3297912719691,-14.0387850875835,-6.87381232401964));
#2315=CARTESIAN_POINT('Ctrl Pts',(10.5906792979469,-14.1172221259048,-2.11476487894519));
#2316=CARTESIAN_POINT('Ctrl Pts',(10.3308872001337,-14.1956591642261,3.14761626325962));
#2317=CARTESIAN_POINT('Ctrl Pts',(7.61224791348061,-14.2740962025473,7.66083547614175));
#2318=CARTESIAN_POINT('Ctrl Pts',(3.08182286021843,-14.3525332408686,10.3507046302261));
#2319=CARTESIAN_POINT('Ctrl Pts',(-2.18210468219578,-14.4309702791899,10.5770098630299));
#2320=CARTESIAN_POINT('Ctrl Pts',(-6.92667102553618,-14.5094073175111,8.28588842487551));
#2321=CARTESIAN_POINT('Ctrl Pts',(-10.0226252747851,-14.5878443558324,4.02264851647507));
#2322=CARTESIAN_POINT('Ctrl Pts',(-10.7331015388017,-14.6662813941537,-1.19801913323996));
#2323=CARTESIAN_POINT('Ctrl Pts',(-8.88899986218613,-14.744718432475,-6.13354709249203));
#2324=CARTESIAN_POINT('Ctrl Pts',(-4.92923358665849,-14.8231554707962,-9.60923382658536));
#2325=CARTESIAN_POINT('Ctrl Pts',(0.203736104412255,-14.9015925091175,-10.7978335829715));
#2326=CARTESIAN_POINT('Ctrl Pts',(5.2882147087114,-14.9800295474387,-9.41644857047387));
#2327=CARTESIAN_POINT('Ctrl Pts',(9.11404905334886,-15.05846658576,-5.79386126335056));
#2328=CARTESIAN_POINT('Ctrl Pts',(10.7706549995291,-15.1369036240813,-0.792281116095977));
#2329=CARTESIAN_POINT('Ctrl Pts',(9.86374493233268,-15.2153406624026,4.39786930179683));
#2330=CARTESIAN_POINT('Ctrl Pts',(6.60917187834427,-15.2937777007238,8.54128594348108));
#2331=CARTESIAN_POINT('Ctrl Pts',(1.78155447876726,-15.3722147390451,10.6517971312352));
#2332=CARTESIAN_POINT('Ctrl Pts',(-3.47008944800082,-15.4506517773664,10.2270815831633));
#2333=CARTESIAN_POINT('Ctrl Pts',(-7.8958198283607,-15.5290888156876,7.36822554784195));
#2334=CARTESIAN_POINT('Ctrl Pts',(-10.4422716904108,-15.6075258540089,2.75566333746521));
#2335=CARTESIAN_POINT('Ctrl Pts',(-10.5033658192896,-15.6859628923302,-2.51277236374159));
#2336=CARTESIAN_POINT('Ctrl Pts',(-8.0645612443959,-15.7643999306515,-7.18314488376733));
#2337=CARTESIAN_POINT('Ctrl Pts',(-3.70631612556396,-15.8428369689727,-10.1438621472883));
#2338=CARTESIAN_POINT('Ctrl Pts',(1.53406668488798,-15.921274007294,-10.690245922902));
#2339=CARTESIAN_POINT('Ctrl Pts',(6.40932736372673,-15.9997110456152,-8.69225179285485));
#2340=CARTESIAN_POINT('Ctrl Pts',(9.75910854920076,-16.0781480839365,-4.6254209333553));
#2341=CARTESIAN_POINT('Ctrl Pts',(10.7861311797631,-16.1565851222578,0.54230310597253));
#2342=CARTESIAN_POINT('Ctrl Pts',(9.24595432218707,-16.235022160579,5.5809539648554));
#2343=CARTESIAN_POINT('Ctrl Pts',(5.50515438598549,-16.3134591989003,9.29128589982407));
#2344=CARTESIAN_POINT('Ctrl Pts',(0.454076530269996,-16.3918962372216,10.7902054192894));
#2345=CARTESIAN_POINT('Ctrl Pts',(-4.70507576072329,-16.4703332755429,9.72095574373524));
#2346=CARTESIAN_POINT('Ctrl Pts',(-8.7443762825073,-16.5487703138641,6.33802823563676));
#2347=CARTESIAN_POINT('Ctrl Pts',(-10.7024339617548,-16.6272073521854,1.44659108945223));
#2348=CARTESIAN_POINT('Ctrl Pts',(-10.1132128687952,-16.7056443905067,-3.78914818346286));
#2349=CARTESIAN_POINT('Ctrl Pts',(-7.11695310112377,-16.7840814288279,-8.12303496497521));
#2350=CARTESIAN_POINT('Ctrl Pts',(-2.42679233653242,-16.8625184671492,-10.5235639134825));
#2351=CARTESIAN_POINT('Ctrl Pts',(2.84096756349805,-16.9409555054705,-10.419386824039));
#2352=CARTESIAN_POINT('Ctrl Pts',(7.43255077391866,-17.0193925437918,-7.83529881235719));
#2353=CARTESIAN_POINT('Ctrl Pts',(10.2551178075135,-17.097829582113,-3.38633684677491));
#2354=CARTESIAN_POINT('Ctrl Pts',(10.63687147184,-17.1762666204343,1.86860476756365));
#2355=CARTESIAN_POINT('Ctrl Pts',(8.48695084602497,-17.2547036587556,6.6788010767623));
#2356=CARTESIAN_POINT('Ctrl Pts',(4.31705702457051,-17.3331406970768,9.89938064387926));
#2357=CARTESIAN_POINT('Ctrl Pts',(-0.880336499885057,-17.4115777353981,
10.7638155935882));
#2358=CARTESIAN_POINT('Ctrl Pts',(-5.86820175380313,-17.4900147737194,9.06636237211336));
#2359=CARTESIAN_POINT('Ctrl Pts',(-9.45938043979435,-17.5684518120406,5.21103062560808));
#2360=CARTESIAN_POINT('Ctrl Pts',(-10.7991386471736,-17.6468888503619,0.11542514871995));
#2361=CARTESIAN_POINT('Ctrl Pts',(-9.5686014682481,-17.7253258886832,-5.00765258655214));
#2362=CARTESIAN_POINT('Ctrl Pts',(-6.06064819063384,-17.8037629270045,-8.93886245532416));
#2363=CARTESIAN_POINT('Ctrl Pts',(-1.11020430413289,-17.8821999653257,-10.742539964503));
#2364=CARTESIAN_POINT('Ctrl Pts',(4.10447852711219,-17.960637003647,-9.98939309998176));
#2365=CARTESIAN_POINT('Ctrl Pts',(8.34225731395946,-18.0390740419683,-6.85867781677948));
#2366=CARTESIAN_POINT('Ctrl Pts',(10.5945013106869,-18.1175110802895,-2.09553345518531));
#2367=CARTESIAN_POINT('Ctrl Pts',(10.3251555098465,-18.1959481186108,3.16636734860122));
#2368=CARTESIAN_POINT('Ctrl Pts',(7.59832671482696,-18.2743851569321,7.67464328925905));
#2369=CARTESIAN_POINT('Ctrl Pts',(3.06302552936126,-18.3528221952533,10.3562827834924));
#2370=CARTESIAN_POINT('Ctrl Pts',(-2.20130420852019,-18.4312592335746,10.5730307046735));
#2371=CARTESIAN_POINT('Ctrl Pts',(-6.94170307623814,-18.5096962718959,8.2732990299334));
#2372=CARTESIAN_POINT('Ctrl Pts',(-10.0299120925871,-18.5881333102171,4.00444528149002));
#2373=CARTESIAN_POINT('Ctrl Pts',(-10.7309087725416,-18.6665703485384,-1.21750367621249));
#2374=CARTESIAN_POINT('Ctrl Pts',(-8.87784945169814,-18.7450073868597,-6.14967542701795));
#2375=CARTESIAN_POINT('Ctrl Pts',(-4.91177935209248,-18.823444425181,-9.6181672869854));
#2376=CARTESIAN_POINT('Ctrl Pts',(0.223339732467564,-18.9018814635022,-10.7974458675238));
#2377=CARTESIAN_POINT('Ctrl Pts',(5.30530220182582,-18.9803185018235,-9.40683206798952));
#2378=CARTESIAN_POINT('Ctrl Pts',(9.12455280213558,-19.0587555401448,-5.77730457548407));
#2379=CARTESIAN_POINT('Ctrl Pts',(10.772076253906,-19.137192578466,-0.772725314125408));
#2380=CARTESIAN_POINT('Ctrl Pts',(9.85574296984443,-19.2156296167873,4.415770596623));
#2381=CARTESIAN_POINT('Ctrl Pts',(6.59365608484137,-19.2940666551086,8.55327039333729));
#2382=CARTESIAN_POINT('Ctrl Pts',(1.76220818124721,-19.3725036934298,10.6550156134523));
#2383=CARTESIAN_POINT('Ctrl Pts',(-3.48864272146143,-19.4509407317511,10.2207615699227));
#2384=CARTESIAN_POINT('Ctrl Pts',(-7.90920164486497,-19.5293777700724,7.35388410823202));
#2385=CARTESIAN_POINT('Ctrl Pts',(-10.4472230844322,-19.6078148083937,2.73668847059067));
#2386=CARTESIAN_POINT('Ctrl Pts',(-10.4988545531322,-19.6862518467149,-2.53181424452396));
#2387=CARTESIAN_POINT('Ctrl Pts',(-8.05137168777954,-19.7646888850362,-7.1978210897377));
#2388=CARTESIAN_POINT('Ctrl Pts',(-3.68816275830797,-19.8431259233575,-10.150480787066));
#2389=CARTESIAN_POINT('Ctrl Pts',(1.55403843181728,-19.9215629616787,-10.6876503473867));
#2390=CARTESIAN_POINT('Ctrl Pts',(4.80036825552693,-19.9738543205596,-9.34912543533341));
#2391=CARTESIAN_POINT('Ctrl Pts',(6.16972109874706,-20.,-8.33557507396313));
#2392=CARTESIAN_POINT('Ctrl Pts',(-4.58379202714009,-12.5800295474388,9.51438761307984));
#2393=CARTESIAN_POINT('Ctrl Pts',(-6.14679801219382,-12.6061752268792,8.76137074388983));
#2394=CARTESIAN_POINT('Ctrl Pts',(-8.89319064943908,-12.65846658576,6.47121891268229));
#2395=CARTESIAN_POINT('Ctrl Pts',(-10.8963822806717,-12.7369036240813,1.4926622162794));
#2396=CARTESIAN_POINT('Ctrl Pts',(-10.3059532693646,-12.8153406624026,-3.83990433501093));
#2397=CARTESIAN_POINT('Ctrl Pts',(-7.26270535490888,-12.8937777007238,-8.25915063559803));
#2398=CARTESIAN_POINT('Ctrl Pts',(-2.49081838337191,-12.9722147390451,-10.7123343868106));
#2399=CARTESIAN_POINT('Ctrl Pts',(2.8738823839238,-13.0506517773664,-10.61603857485));
#2400=CARTESIAN_POINT('Ctrl Pts',(7.55458463900241,-13.1290888156876,-7.99294819356588));
#2401=CARTESIAN_POINT('Ctrl Pts',(10.4372193456437,-13.2075258540089,-3.46750165320379));
#2402=CARTESIAN_POINT('Ctrl Pts',(10.8357019491451,-13.2859628923302,1.88326265504086));
#2403=CARTESIAN_POINT('Ctrl Pts',(8.65518517969333,-13.3643999306515,6.78578275581728));
#2404=CARTESIAN_POINT('Ctrl Pts',(4.41465467904057,-13.4428369689727,10.0732286347779));
#2405=CARTESIAN_POINT('Ctrl Pts',(-0.876605078221367,-13.521274007294,10.9631498508961));
#2406=CARTESIAN_POINT('Ctrl Pts',(-5.95922447331711,-13.5997110456153,9.24374080869155));
#2407=CARTESIAN_POINT('Ctrl Pts',(-9.6234931506402,-13.6781480839365,5.32423485733706));
#2408=CARTESIAN_POINT('Ctrl Pts',(-10.997280946204,-13.7565851222578,0.137511853689308));
#2409=CARTESIAN_POINT('Ctrl Pts',(-9.75361367287629,-13.835022160579,-5.08194042021805));
#2410=CARTESIAN_POINT('Ctrl Pts',(-6.1884956628774,-13.9134591989003,-9.09184354624681));
#2411=CARTESIAN_POINT('Ctrl Pts',(-1.15045816393801,-13.9918962372216,-10.9378034346354));
#2412=CARTESIAN_POINT('Ctrl Pts',(4.16139907605268,-14.0703332755429,-10.1804644061783));
#2413=CARTESIAN_POINT('Ctrl Pts',(8.48280465004251,-14.1487703138641,-7.00008022313017));
#2414=CARTESIAN_POINT('Ctrl Pts',(10.7852238624576,-14.2272073521854,-2.15361186891087));
#2415=CARTESIAN_POINT('Ctrl Pts',(10.5206595362434,-14.3056443905067,3.20543612711873));
#2416=CARTESIAN_POINT('Ctrl Pts',(7.75208044108468,-14.3840814288279,7.80156052876264));
#2417=CARTESIAN_POINT('Ctrl Pts',(3.13843413786866,-14.4625184671492,10.5408410008985));
#2418=CARTESIAN_POINT('Ctrl Pts',(-2.22218866483483,-14.5409555054705,10.7713033280419));
#2419=CARTESIAN_POINT('Ctrl Pts',(-7.05390990797816,-14.6193925437917,8.43809533340825));
#2420=CARTESIAN_POINT('Ctrl Pts',(-10.206735020202,-14.697829582113,4.09654220939138));
#2421=CARTESIAN_POINT('Ctrl Pts',(-10.9302623163092,-14.7762666204343,-1.22002604176724));
#2422=CARTESIAN_POINT('Ctrl Pts',(-9.05228557394027,-14.8547036587556,-6.2462167536578));
#2423=CARTESIAN_POINT('Ctrl Pts',(-5.01978071536574,-14.9331406970768,-9.78574981366067));
#2424=CARTESIAN_POINT('Ctrl Pts',(0.207478617106001,-15.0115777353981,-10.9961834501483));
#2425=CARTESIAN_POINT('Ctrl Pts',(5.3853561099948,-15.0900147737194,-9.58942320551318));
#2426=CARTESIAN_POINT('Ctrl Pts',(9.28146878669468,-15.1684518120406,-5.90029109514926));
#2427=CARTESIAN_POINT('Ctrl Pts',(10.9685056120754,-15.2468888503619,-0.806834855319384));
#2428=CARTESIAN_POINT('Ctrl Pts',(10.0449361390835,-15.3253258886832,4.47865558037475));
#2429=CARTESIAN_POINT('Ctrl Pts',(6.73057848774832,-15.4037629270044,8.69818435457342));
#2430=CARTESIAN_POINT('Ctrl Pts',(1.81428058919638,-15.4821999653257,10.8474643944819));
#2431=CARTESIAN_POINT('Ctrl Pts',(-3.53383295504909,-15.560637003647,10.4149470709983));
#2432=CARTESIAN_POINT('Ctrl Pts',(-8.04086140565232,-15.6390740419683,7.50357552777194));
#2433=CARTESIAN_POINT('Ctrl Pts',(-10.6340900942509,-15.7175110802895,2.80628325606));
#2434=CARTESIAN_POINT('Ctrl Pts',(-10.6963064864295,-15.7959481186108,-2.5589305176679));
#2435=CARTESIAN_POINT('Ctrl Pts',(-8.21270250248929,-15.8743851569321,-7.31509504049627));
#2436=CARTESIAN_POINT('Ctrl Pts',(-3.77439897807058,-15.9528221952533,-10.3301989429162));
#2437=CARTESIAN_POINT('Ctrl Pts',(1.5622465897596,-16.0312592335746,-10.8866194678914));
#2438=CARTESIAN_POINT('Ctrl Pts',(6.52706294665811,-16.1096962718959,-8.85192335801941));
#2439=CARTESIAN_POINT('Ctrl Pts',(9.93837764698996,-16.1881333102171,-4.71038720188663));
#2440=CARTESIAN_POINT('Ctrl Pts',(10.9842660806594,-16.2665703485384,0.552264895827177));
#2441=CARTESIAN_POINT('Ctrl Pts',(9.41579707792466,-16.3450073868597,5.68347281450634));
#2442=CARTESIAN_POINT('Ctrl Pts',(5.60628084184879,-16.4234444251809,9.46196137004405));
#2443=CARTESIAN_POINT('Ctrl Pts',(0.462417649696876,-16.5018814635022,10.9884151615752));
#2444=CARTESIAN_POINT('Ctrl Pts',(-4.79150524169506,-16.5803185018235,9.89952399687457));
#2445=CARTESIAN_POINT('Ctrl Pts',(-8.90500534396216,-16.6587555401448,6.45445409542066));
#2446=CARTESIAN_POINT('Ctrl Pts',(-10.8990313938665,-16.737192578466,1.47316411896292));
#2447=CARTESIAN_POINT('Ctrl Pts',(-10.2989866551609,-16.8156296167873,-3.8587526122705));
#2448=CARTESIAN_POINT('Ctrl Pts',(-7.24768735364429,-16.8940666551086,-8.27225035100556));
#2449=CARTESIAN_POINT('Ctrl Pts',(-2.47137108780859,-16.9725036934298,-10.7168756077614));
#2450=CARTESIAN_POINT('Ctrl Pts',(2.8931544706719,-17.0509407317511,-10.6107848463117));
#2451=CARTESIAN_POINT('Ctrl Pts',(7.56908237050815,-17.1293777700724,-7.97922865409617));
#2452=CARTESIAN_POINT('Ctrl Pts',(10.4434983043392,-17.2078148083936,-3.44854186768139));
#2453=CARTESIAN_POINT('Ctrl Pts',(10.8322645594814,-17.2862518467149,1.90292994072027));
#2454=CARTESIAN_POINT('Ctrl Pts',(8.64285115325875,-17.3646888850362,6.80148673368562));
#2455=CARTESIAN_POINT('Ctrl Pts',(4.39635882903323,-17.4431259233575,10.0812264577415));
#2456=CARTESIAN_POINT('Ctrl Pts',(-0.896507764841239,-17.5215629616787,
10.9615405702604));
#2457=CARTESIAN_POINT('Ctrl Pts',(-5.97599717679135,-17.6,9.23290612910556));
#2458=CARTESIAN_POINT('Ctrl Pts',(-9.63314370808236,-17.6784370383213,5.30675420057345));
#2459=CARTESIAN_POINT('Ctrl Pts',(-10.9975124876139,-17.7568740766425,0.11754544097502));
#2460=CARTESIAN_POINT('Ctrl Pts',(-9.74437106274222,-17.8353111149638,-5.09964022627425));
#2461=CARTESIAN_POINT('Ctrl Pts',(-6.17197874174668,-17.9137481532851,-9.10306411365686));
#2462=CARTESIAN_POINT('Ctrl Pts',(-1.13059810577576,-17.9921851916064,-10.9398741203526));
#2463=CARTESIAN_POINT('Ctrl Pts',(4.17987538930926,-18.0706222299276,-10.1728923898469));
#2464=CARTESIAN_POINT('Ctrl Pts',(8.49549968590963,-18.1490592682489,-6.98466770387234));
#2465=CARTESIAN_POINT('Ctrl Pts',(10.7891160833291,-18.2274963065702,-2.13402717518077));
#2466=CARTESIAN_POINT('Ctrl Pts',(10.5148225581688,-18.3059333448914,3.22453165889566));
#2467=CARTESIAN_POINT('Ctrl Pts',(7.73790351818018,-18.3843703832127,7.81562198330502));
#2468=CARTESIAN_POINT('Ctrl Pts',(3.11929151107317,-18.462807421534,10.5465216215673));
#2469=CARTESIAN_POINT('Ctrl Pts',(-2.24174087519229,-18.5412444598552,10.7672510748813));
#2470=CARTESIAN_POINT('Ctrl Pts',(-7.06921808863131,-18.6196814981765,8.42527467866802));
#2471=CARTESIAN_POINT('Ctrl Pts',(-10.2141556925714,-18.6981185364978,4.07800459166059));
#2472=CARTESIAN_POINT('Ctrl Pts',(-10.9280292702195,-18.776555574819,-1.23986850436143));
#2473=CARTESIAN_POINT('Ctrl Pts',(-9.04093033695424,-18.8549926131403,-6.26264135622549));
#2474=CARTESIAN_POINT('Ctrl Pts',(-5.00200585675221,-18.9334296514616,-9.79484737648647));
#2475=CARTESIAN_POINT('Ctrl Pts',(0.227442352306049,-19.0118666897828,-10.9957886125953));
#2476=CARTESIAN_POINT('Ctrl Pts',(5.40275749033146,-19.0903037281041,-9.57963005352079));
#2477=CARTESIAN_POINT('Ctrl Pts',(9.29216548318344,-19.1687407664254,-5.88343027064146));
#2478=CARTESIAN_POINT('Ctrl Pts',(10.9699529740612,-19.2471778047467,-0.786919824741189));
#2479=CARTESIAN_POINT('Ctrl Pts',(10.0367871852396,-19.3256148430679,4.4968857114831));
#2480=CARTESIAN_POINT('Ctrl Pts',(6.71477767822283,-19.4040518813892,8.71038895174147));
#2481=CARTESIAN_POINT('Ctrl Pts',(1.79457891154253,-19.4824889197105,10.8507419983289));
#2482=CARTESIAN_POINT('Ctrl Pts',(-3.55272704125685,-19.5609259580317,10.4085109628228));
#2483=CARTESIAN_POINT('Ctrl Pts',(-8.05448903827384,-19.639362996353,7.48897064433137));
#2484=CARTESIAN_POINT('Ctrl Pts',(-10.6391324424751,-19.7178000346743,2.78695983201466));
#2485=CARTESIAN_POINT('Ctrl Pts',(-10.6917123509598,-19.7962370729955,-2.57832218662721));
#2486=CARTESIAN_POINT('Ctrl Pts',(-8.19927066145701,-19.8746741113168,-7.33004083975893));
#2487=CARTESIAN_POINT('Ctrl Pts',(-3.75591214410978,-19.9531111496381,-10.336939163223));
#2488=CARTESIAN_POINT('Ctrl Pts',(1.58258520596135,-20.0315481879594,-10.8839762131769));
#2489=CARTESIAN_POINT('Ctrl Pts',(4.88854820371437,-20.0838395468402,-9.52086338388276));
#2490=CARTESIAN_POINT('Ctrl Pts',(6.28305525518226,-20.1099852262806,-8.48869469708545));
#2491=CARTESIAN_POINT('Ctrl Pts',(-4.66647476373417,-12.6900147737194,9.68600875125725));
#2492=CARTESIAN_POINT('Ctrl Pts',(-6.25767435168088,-12.7161604531598,8.91940891515307));
#2493=CARTESIAN_POINT('Ctrl Pts',(-9.05360659667117,-12.7684518120406,6.58794717732257));
#2494=CARTESIAN_POINT('Ctrl Pts',(-11.0929319279085,-12.8468888503619,1.51958695372862));
#2495=CARTESIAN_POINT('Ctrl Pts',(-10.4918527199672,-12.9253258886832,-3.90916877737619));
#2496=CARTESIAN_POINT('Ctrl Pts',(-7.39371050310604,-13.0037629270044,-8.40812972811591));
#2497=CARTESIAN_POINT('Ctrl Pts',(-2.5357479262213,-13.0821999653257,-10.9055641662527));
#2498=CARTESIAN_POINT('Ctrl Pts',(2.92572165995233,-13.160637003647,-10.8075313642174));
#2499=CARTESIAN_POINT('Ctrl Pts',(7.69085472457479,-13.2390740419683,-8.13712550924378));
#2500=CARTESIAN_POINT('Ctrl Pts',(10.6254865822071,-13.3175110802895,-3.53004867194589));
#2501=CARTESIAN_POINT('Ctrl Pts',(11.0311570406433,-13.3959481186108,1.91723306842835));
#2502=CARTESIAN_POINT('Ctrl Pts',(8.81130796889243,-13.4743851569321,6.90818514337369));
#2503=CARTESIAN_POINT('Ctrl Pts',(4.49428650522721,-13.5528221952533,10.2549301833931));
#2504=CARTESIAN_POINT('Ctrl Pts',(-0.89241733723103,-13.6312592335746,11.1609038558763));
#2505=CARTESIAN_POINT('Ctrl Pts',(-6.06671734919694,-13.7096962718959,9.41048000233379));
#2506=CARTESIAN_POINT('Ctrl Pts',(-9.79708234154985,-13.7881333102171,5.42027374951799));
#2507=CARTESIAN_POINT('Ctrl Pts',(-11.1956506100855,-13.8665703485384,0.139992301386286));
#2508=CARTESIAN_POINT('Ctrl Pts',(-9.92954998616888,-13.9450073868597,-5.1736087896955));
#2509=CARTESIAN_POINT('Ctrl Pts',(-6.30012414728021,-14.023444425181,-9.25584280725999));
#2510=CARTESIAN_POINT('Ctrl Pts',(-1.17121020259252,-14.1018814635022,-11.1351002393223));
#2511=CARTESIAN_POINT('Ctrl Pts',(4.2364626613181,-14.1803185018235,-10.3641002805631));
#2512=CARTESIAN_POINT('Ctrl Pts',(8.6358180281159,-14.2587555401447,-7.12634812224069));
#2513=CARTESIAN_POINT('Ctrl Pts',(10.9797684269684,-14.337192578466,-2.19245885887656));
#2514=CARTESIAN_POINT('Ctrl Pts',(10.710431872353,-14.4156296167873,3.26325599097784));
#2515=CARTESIAN_POINT('Ctrl Pts',(7.89191296868875,-14.4940666551086,7.94228558138353));
#2516=CARTESIAN_POINT('Ctrl Pts',(3.19504541551888,-14.5725036934298,10.7309773715709));
#2517=CARTESIAN_POINT('Ctrl Pts',(-2.26227264747388,-14.6509407317511,10.965596793054));
#2518=CARTESIAN_POINT('Ctrl Pts',(-7.18114879042016,-14.7293777700724,8.590302241941));
#2519=CARTESIAN_POINT('Ctrl Pts',(-10.390844765619,-14.8078148083936,4.17043590230768));
#2520=CARTESIAN_POINT('Ctrl Pts',(-11.1274230938168,-14.8862518467149,-1.24203295029452));
#2521=CARTESIAN_POINT('Ctrl Pts',(-9.21557128569443,-14.9646888850362,-6.35888641482358));
#2522=CARTESIAN_POINT('Ctrl Pts',(-5.11032784407299,-15.0431259233575,-9.96226580073598));
#2523=CARTESIAN_POINT('Ctrl Pts',(0.21122112979975,-15.1215629616787,-11.194533317325));
#2524=CARTESIAN_POINT('Ctrl Pts',(5.48249751127819,-15.2,-9.76239784055252));
#2525=CARTESIAN_POINT('Ctrl Pts',(9.44888852004053,-15.2784370383213,-6.00672092694793));
#2526=CARTESIAN_POINT('Ctrl Pts',(11.1663562246215,-15.3568740766425,-0.821388594542796));
#2527=CARTESIAN_POINT('Ctrl Pts',(10.2261273458343,-15.4353111149638,4.55944185895267));
#2528=CARTESIAN_POINT('Ctrl Pts',(6.85198509715236,-15.5137481532851,8.85508276566576));
#2529=CARTESIAN_POINT('Ctrl Pts',(1.84700669962551,-15.5921851916064,11.0431316577286));
#2530=CARTESIAN_POINT('Ctrl Pts',(-3.59757646209736,-15.6706222299276,10.6028125588333));
#2531=CARTESIAN_POINT('Ctrl Pts',(-8.18590298294394,-15.7490592682489,7.63892550770193));
#2532=CARTESIAN_POINT('Ctrl Pts',(-10.8259084980909,-15.8274963065702,2.85690317465477));
#2533=CARTESIAN_POINT('Ctrl Pts',(-10.8892471535695,-15.9059333448914,-2.6050886715942));
#2534=CARTESIAN_POINT('Ctrl Pts',(-8.36084376058267,-15.9843703832127,-7.44704519722522));
#2535=CARTESIAN_POINT('Ctrl Pts',(-3.84248183057722,-16.062807421534,-10.516535738544));
#2536=CARTESIAN_POINT('Ctrl Pts',(1.59042649463122,-16.1412444598552,-11.0829930128808));
#2537=CARTESIAN_POINT('Ctrl Pts',(6.6447985295895,-16.2196814981765,-9.01159492318394));
#2538=CARTESIAN_POINT('Ctrl Pts',(10.1176467447791,-16.2981185364978,-4.79535347041797));
#2539=CARTESIAN_POINT('Ctrl Pts',(11.1824009815556,-16.376555574819,0.562226685681841));
#2540=CARTESIAN_POINT('Ctrl Pts',(9.58563983366224,-16.4549926131403,5.78599166415725));
#2541=CARTESIAN_POINT('Ctrl Pts',(5.70740729771208,-16.5334296514616,9.63263684026406));
#2542=CARTESIAN_POINT('Ctrl Pts',(0.470758769123753,-16.6118666897828,11.186624903861));
#2543=CARTESIAN_POINT('Ctrl Pts',(-4.87793472266682,-16.6903037281041,10.0780922500139));
#2544=CARTESIAN_POINT('Ctrl Pts',(-9.06563440541702,-16.7687407664254,6.57087995520454));
#2545=CARTESIAN_POINT('Ctrl Pts',(-11.0956288259782,-16.8471778047467,1.49973714847363));
#2546=CARTESIAN_POINT('Ctrl Pts',(-10.4847604415266,-16.9256148430679,-3.92835704107814));
#2547=CARTESIAN_POINT('Ctrl Pts',(-7.37842160616481,-17.0040518813892,-8.4214657370359));
#2548=CARTESIAN_POINT('Ctrl Pts',(-2.51594983908475,-17.0824889197105,-10.9101873020402));
#2549=CARTESIAN_POINT('Ctrl Pts',(2.94534137784574,-17.1609259580317,-10.8021828685844));
#2550=CARTESIAN_POINT('Ctrl Pts',(7.70561396709765,-17.239362996353,-8.12315849583516));
#2551=CARTESIAN_POINT('Ctrl Pts',(10.6318788011649,-17.3178000346743,-3.51074688858786));
#2552=CARTESIAN_POINT('Ctrl Pts',(11.0276576471228,-17.3962370729955,1.9372551138769));
#2553=CARTESIAN_POINT('Ctrl Pts',(8.79875146049252,-17.4746741113168,6.92417239060893));
#2554=CARTESIAN_POINT('Ctrl Pts',(4.47566063349596,-17.5531111496381,10.2630722716039));
#2555=CARTESIAN_POINT('Ctrl Pts',(-0.912679029797415,-17.6315481879594,
11.1592655469325));
#2556=CARTESIAN_POINT('Ctrl Pts',(-6.08379259977959,-17.7099852262806,9.39944988609778));
#2557=CARTESIAN_POINT('Ctrl Pts',(-9.80690697637036,-17.7884222646019,5.40247777553881));
#2558=CARTESIAN_POINT('Ctrl Pts',(-11.1958863280543,-17.8668593029232,0.119665733230094));
#2559=CARTESIAN_POINT('Ctrl Pts',(-9.92014065723634,-17.9452963412444,-5.19162786599636));
#2560=CARTESIAN_POINT('Ctrl Pts',(-6.28330929285954,-18.0237333795657,-9.26726577198955));
#2561=CARTESIAN_POINT('Ctrl Pts',(-1.15099190741862,-18.102170417887,-11.1372082762021));
#2562=CARTESIAN_POINT('Ctrl Pts',(4.25527225150634,-18.1806074562083,-10.3563916797121));
#2563=CARTESIAN_POINT('Ctrl Pts',(8.64874205785981,-18.2590444945295,-7.11065759096521));
#2564=CARTESIAN_POINT('Ctrl Pts',(10.9837308559713,-18.3374815328508,-2.17252089517622));
#2565=CARTESIAN_POINT('Ctrl Pts',(10.704489606491,-18.4159185711721,3.2826959691901));
#2566=CARTESIAN_POINT('Ctrl Pts',(7.8774803215334,-18.4943556094933,7.95660067735101));
#2567=CARTESIAN_POINT('Ctrl Pts',(3.17555749278508,-18.5727926478146,10.7367604596421));
#2568=CARTESIAN_POINT('Ctrl Pts',(-2.28217754186439,-18.6512296861358,10.9614714450892));
#2569=CARTESIAN_POINT('Ctrl Pts',(-7.19673310102448,-18.7296667244571,8.57725032740263));
#2570=CARTESIAN_POINT('Ctrl Pts',(-10.3983992925558,-18.8081037627784,4.15156390183117));
#2571=CARTESIAN_POINT('Ctrl Pts',(-11.1251497678975,-18.8865408010997,-1.26223333251035));
#2572=CARTESIAN_POINT('Ctrl Pts',(-9.20401122221036,-18.9649778394209,-6.37560728543304));
#2573=CARTESIAN_POINT('Ctrl Pts',(-5.09223236141193,-19.0434148777422,-9.97152746598752));
#2574=CARTESIAN_POINT('Ctrl Pts',(0.231544972144535,-19.1218519160635,-11.1941313576667));
#2575=CARTESIAN_POINT('Ctrl Pts',(5.50021277883711,-19.2002889543848,-9.75242803905206));
#2576=CARTESIAN_POINT('Ctrl Pts',(9.45977816423129,-19.278725992706,-5.98955596579885));
#2577=CARTESIAN_POINT('Ctrl Pts',(11.1678296942164,-19.3571630310273,-0.801114335356969));
#2578=CARTESIAN_POINT('Ctrl Pts',(10.2178314006347,-19.4356000693485,4.5780008263432));
#2579=CARTESIAN_POINT('Ctrl Pts',(6.83589927160428,-19.5140371076698,8.86750751014567));
#2580=CARTESIAN_POINT('Ctrl Pts',(1.82694964183786,-19.5924741459911,11.0464683832054));
#2581=CARTESIAN_POINT('Ctrl Pts',(-3.61681136105227,-19.6709111843124,10.5962603557229));
#2582=CARTESIAN_POINT('Ctrl Pts',(-8.19977643168271,-19.7493482226336,7.6240571804307));
#2583=CARTESIAN_POINT('Ctrl Pts',(-10.8310418005181,-19.8277852609549,2.83723119343867));
#2584=CARTESIAN_POINT('Ctrl Pts',(-10.8845701487875,-19.9062222992762,-2.62483012873047));
#2585=CARTESIAN_POINT('Ctrl Pts',(-8.34716963513446,-19.9846593375974,-7.46226058978012));
#2586=CARTESIAN_POINT('Ctrl Pts',(-3.82366152991159,-20.0630963759187,-10.52339753938));
#2587=CARTESIAN_POINT('Ctrl Pts',(1.61113198010543,-20.14153341424,-11.0803020789671));
#2588=CARTESIAN_POINT('Ctrl Pts',(4.97672815190181,-20.1938247731208,-9.69260133243212));
#2589=CARTESIAN_POINT('Ctrl Pts',(6.39638941161746,-20.2199704525612,-8.64181432020777));
#2590=CARTESIAN_POINT('Ctrl Pts',(-4.74915750032826,-12.8,9.85762988943467));
#2591=CARTESIAN_POINT('Ctrl Pts',(-6.36855069116795,-12.8261456794404,9.0774470864163));
#2592=CARTESIAN_POINT('Ctrl Pts',(-9.21402254390326,-12.8784370383213,6.70467544196285));
#2593=CARTESIAN_POINT('Ctrl Pts',(-11.2894815751454,-12.9568740766425,1.54651169117785));
#2594=CARTESIAN_POINT('Ctrl Pts',(-10.6777521705698,-13.0353111149638,-3.97843321974146));
#2595=CARTESIAN_POINT('Ctrl Pts',(-7.52471565130321,-13.1137481532851,-8.55710882063379));
#2596=CARTESIAN_POINT('Ctrl Pts',(-2.58067746907068,-13.1921851916064,-11.0987939456947));
#2597=CARTESIAN_POINT('Ctrl Pts',(2.97756093598087,-13.2706222299276,-10.9990241535847));
#2598=CARTESIAN_POINT('Ctrl Pts',(7.82712481014719,-13.3490592682489,-8.2813028249217));
#2599=CARTESIAN_POINT('Ctrl Pts',(10.8137538187703,-13.4274963065702,-3.59259569068799));
#2600=CARTESIAN_POINT('Ctrl Pts',(11.2266121321415,-13.5059333448914,1.95120348181583));
#2601=CARTESIAN_POINT('Ctrl Pts',(8.96743075809151,-13.5843703832127,7.03058753093008));
#2602=CARTESIAN_POINT('Ctrl Pts',(4.57391833141387,-13.662807421534,10.4366317320084));
#2603=CARTESIAN_POINT('Ctrl Pts',(-0.908229596240701,-13.7412444598552,
11.3586578608564));
#2604=CARTESIAN_POINT('Ctrl Pts',(-6.17421022507677,-13.8196814981765,9.57721919597604));
#2605=CARTESIAN_POINT('Ctrl Pts',(-9.97067153245952,-13.8981185364978,5.51631264169891));
#2606=CARTESIAN_POINT('Ctrl Pts',(-11.3940202739669,-13.976555574819,0.142472749083279));
#2607=CARTESIAN_POINT('Ctrl Pts',(-10.1054862994615,-14.0549926131403,-5.26527715917298));
#2608=CARTESIAN_POINT('Ctrl Pts',(-6.41175263168304,-14.1334296514616,-9.41984206827313));
#2609=CARTESIAN_POINT('Ctrl Pts',(-1.19196224124703,-14.2118666897829,-11.3323970440092));
#2610=CARTESIAN_POINT('Ctrl Pts',(4.31152624658351,-14.2903037281041,-10.5477361549478));
#2611=CARTESIAN_POINT('Ctrl Pts',(8.78883140618928,-14.3687407664254,-7.25261602135124));
#2612=CARTESIAN_POINT('Ctrl Pts',(11.1743129914792,-14.4471778047467,-2.23130584884223));
#2613=CARTESIAN_POINT('Ctrl Pts',(10.9002042084627,-14.5256148430679,3.32107585483695));
#2614=CARTESIAN_POINT('Ctrl Pts',(8.03174549629284,-14.6040518813892,8.08301063400443));
#2615=CARTESIAN_POINT('Ctrl Pts',(3.2516566931691,-14.6824889197105,10.9211137422432));
#2616=CARTESIAN_POINT('Ctrl Pts',(-2.30235663011292,-14.7609259580317,11.159890258066));
#2617=CARTESIAN_POINT('Ctrl Pts',(-7.30838767286214,-14.839362996353,8.74250915047375));
#2618=CARTESIAN_POINT('Ctrl Pts',(-10.5749545110359,-14.9178000346743,4.24432959522398));
#2619=CARTESIAN_POINT('Ctrl Pts',(-11.3245838713243,-14.9962370729956,-1.2640398588218));
#2620=CARTESIAN_POINT('Ctrl Pts',(-9.37885699744858,-15.0746741113168,-6.47155607598936));
#2621=CARTESIAN_POINT('Ctrl Pts',(-5.20087497278023,-15.1531111496381,-10.1387817878113));
#2622=CARTESIAN_POINT('Ctrl Pts',(0.214963642493494,-15.2315481879594,-11.3928831845017));
#2623=CARTESIAN_POINT('Ctrl Pts',(5.57963891256159,-15.3099852262806,-9.93537247559185));
#2624=CARTESIAN_POINT('Ctrl Pts',(9.61630825338636,-15.3884222646019,-6.11315075874662));
#2625=CARTESIAN_POINT('Ctrl Pts',(11.3642068371677,-15.4668593029231,-0.835942333766206));
#2626=CARTESIAN_POINT('Ctrl Pts',(10.4073185525851,-15.5452963412444,4.64022813753059));
#2627=CARTESIAN_POINT('Ctrl Pts',(6.9733917065564,-15.6237333795657,9.01198117675809));
#2628=CARTESIAN_POINT('Ctrl Pts',(1.87973281005463,-15.702170417887,11.2387989209754));
#2629=CARTESIAN_POINT('Ctrl Pts',(-3.66131996914564,-15.7806074562082,10.7906780466682));
#2630=CARTESIAN_POINT('Ctrl Pts',(-8.33094456023555,-15.8590444945295,7.77427548763192));
#2631=CARTESIAN_POINT('Ctrl Pts',(-11.017726901931,-15.9374815328508,2.90752309324955));
#2632=CARTESIAN_POINT('Ctrl Pts',(-11.0821878207094,-16.015918571172,-2.6512468255205));
#2633=CARTESIAN_POINT('Ctrl Pts',(-8.50898501867605,-16.0943556094933,-7.57899535395418));
#2634=CARTESIAN_POINT('Ctrl Pts',(-3.91056468308384,-16.1727926478146,-10.7028725341718));
#2635=CARTESIAN_POINT('Ctrl Pts',(1.61860639950284,-16.2512296861359,-11.2793665578702));
#2636=CARTESIAN_POINT('Ctrl Pts',(6.76253411252088,-16.3296667244571,-9.17126648834848));
#2637=CARTESIAN_POINT('Ctrl Pts',(10.2969158425683,-16.4081037627784,-4.8803197389493));
#2638=CARTESIAN_POINT('Ctrl Pts',(11.3805358824519,-16.4865408010997,0.572188475536493));
#2639=CARTESIAN_POINT('Ctrl Pts',(9.75548258939982,-16.5649778394209,5.88851051380819));
#2640=CARTESIAN_POINT('Ctrl Pts',(5.80853375357538,-16.6434148777422,9.80331231048404));
#2641=CARTESIAN_POINT('Ctrl Pts',(0.479099888550636,-16.7218519160635,11.3848346461468));
#2642=CARTESIAN_POINT('Ctrl Pts',(-4.96436420363859,-16.8002889543847,10.2566605031533));
#2643=CARTESIAN_POINT('Ctrl Pts',(-9.22626346687188,-16.878725992706,6.68730581498844));
#2644=CARTESIAN_POINT('Ctrl Pts',(-11.2922262580899,-16.9571630310273,1.52631017798432));
#2645=CARTESIAN_POINT('Ctrl Pts',(-10.6705342278923,-17.0356000693486,-3.99796146988577));
#2646=CARTESIAN_POINT('Ctrl Pts',(-7.50915585868535,-17.1140371076698,-8.57068112306626));
#2647=CARTESIAN_POINT('Ctrl Pts',(-2.56052859036091,-17.1924741459911,-11.103498996319));
#2648=CARTESIAN_POINT('Ctrl Pts',(2.99752828501957,-17.2709111843124,-10.9935808908572));
#2649=CARTESIAN_POINT('Ctrl Pts',(7.84214556368719,-17.3493482226336,-8.26708833757412));
#2650=CARTESIAN_POINT('Ctrl Pts',(10.8202592979907,-17.4277852609549,-3.57295190949435));
#2651=CARTESIAN_POINT('Ctrl Pts',(11.2230507347643,-17.5062222992762,1.97158028703353));
#2652=CARTESIAN_POINT('Ctrl Pts',(8.95465176772627,-17.5846593375974,7.04685804753224));
#2653=CARTESIAN_POINT('Ctrl Pts',(4.5549624379587,-17.6630963759187,10.4449180854662));
#2654=CARTESIAN_POINT('Ctrl Pts',(-0.9288502947536,-17.74153341424,11.3569905236047));
#2655=CARTESIAN_POINT('Ctrl Pts',(-6.19158802276782,-17.8199704525612,9.56599364308997));
#2656=CARTESIAN_POINT('Ctrl Pts',(-9.98067024465838,-17.8984074908825,5.49820135050419));
#2657=CARTESIAN_POINT('Ctrl Pts',(-11.3942601684946,-17.9768445292038,0.121786025485155));
#2658=CARTESIAN_POINT('Ctrl Pts',(-10.0959102517305,-18.0552815675251,-5.28361550571846));
#2659=CARTESIAN_POINT('Ctrl Pts',(-6.39463984397237,-18.1337186058463,-9.43146743032226));
#2660=CARTESIAN_POINT('Ctrl Pts',(-1.1713857090615,-18.2121556441676,-11.3345424320517));
#2661=CARTESIAN_POINT('Ctrl Pts',(4.33066911370344,-18.2905926824889,-10.5398909695772));
#2662=CARTESIAN_POINT('Ctrl Pts',(8.80198442980997,-18.3690297208101,-7.23664747805805));
#2663=CARTESIAN_POINT('Ctrl Pts',(11.1783456286135,-18.4474667591314,-2.21101461517168));
#2664=CARTESIAN_POINT('Ctrl Pts',(10.8941566548132,-18.5259037974527,3.34086027948454));
#2665=CARTESIAN_POINT('Ctrl Pts',(8.01705712488663,-18.604340835774,8.09757937139698));
#2666=CARTESIAN_POINT('Ctrl Pts',(3.23182347449699,-18.6827778740952,10.926999297717));
#2667=CARTESIAN_POINT('Ctrl Pts',(-2.3226142085365,-18.7612149124165,11.155691815297));
#2668=CARTESIAN_POINT('Ctrl Pts',(-7.32424811341764,-18.8396519507377,8.72922597613724));
#2669=CARTESIAN_POINT('Ctrl Pts',(-10.5826428925402,-18.918088989059,4.22512321200174));
#2670=CARTESIAN_POINT('Ctrl Pts',(-11.3222702655754,-18.9965260273803,-1.28459816065927));
#2671=CARTESIAN_POINT('Ctrl Pts',(-9.36709210746648,-19.0749630657016,-6.4885732146406));
#2672=CARTESIAN_POINT('Ctrl Pts',(-5.18245886607165,-19.1534001040228,-10.1482075554886));
#2673=CARTESIAN_POINT('Ctrl Pts',(0.235647591983019,-19.2318371423441,-11.3924741027381));
#2674=CARTESIAN_POINT('Ctrl Pts',(5.59766806734276,-19.3102741806654,-9.92522602458333));
#2675=CARTESIAN_POINT('Ctrl Pts',(9.62739084527915,-19.3887112189866,-6.09568166095625));
#2676=CARTESIAN_POINT('Ctrl Pts',(11.3657064143715,-19.4671482573079,-0.815308845972745));
#2677=CARTESIAN_POINT('Ctrl Pts',(10.3988756160299,-19.5455852956292,4.65911594120329));
#2678=CARTESIAN_POINT('Ctrl Pts',(6.95702086498572,-19.6240223339505,9.02462606854987));
#2679=CARTESIAN_POINT('Ctrl Pts',(1.85932037213318,-19.7024593722717,11.242194768082));
#2680=CARTESIAN_POINT('Ctrl Pts',(-3.68089568084768,-19.780896410593,10.7840097486229));
#2681=CARTESIAN_POINT('Ctrl Pts',(-8.34506382509159,-19.8593334489142,7.75914371653005));
#2682=CARTESIAN_POINT('Ctrl Pts',(-11.022951158561,-19.9377704872355,2.88750255486266));
#2683=CARTESIAN_POINT('Ctrl Pts',(-11.0774279466152,-20.0162075255568,-2.67133807083372));
#2684=CARTESIAN_POINT('Ctrl Pts',(-8.4950686088119,-20.0946445638781,-7.59448033980134));
#2685=CARTESIAN_POINT('Ctrl Pts',(-3.89141091571341,-20.1730816021993,-10.709855915537));
#2686=CARTESIAN_POINT('Ctrl Pts',(1.63967875424951,-20.2515186405206,-11.2766279447573));
#2687=CARTESIAN_POINT('Ctrl Pts',(5.06490810008925,-20.3038099994015,-9.86433928098146));
#2688=CARTESIAN_POINT('Ctrl Pts',(6.50972356805267,-20.3299556788419,-8.79493394333009));
#2689=CARTESIAN_POINT('',(-10.8427335181374,-20.,-1.47054202750552));
#2690=CARTESIAN_POINT('Ctrl Pts',(-10.8428528012054,-20.,-1.47081109347433));
#2691=CARTESIAN_POINT('Ctrl Pts',(-10.8004295617845,-20.,-1.73537676787786));
#2692=CARTESIAN_POINT('Ctrl Pts',(-10.7483639545598,-20.,-1.99787792496887));
#2693=CARTESIAN_POINT('Ctrl Pts',(-10.686699037951,-20.,-2.25777967062063));
#2694=CARTESIAN_POINT('Ctrl Pts',(-10.6627964211589,-20.,-2.35852304580943));
#2695=CARTESIAN_POINT('Ctrl Pts',(-10.6374509529996,-20.,-2.45887584079472));
#2696=CARTESIAN_POINT('Ctrl Pts',(-10.6106630434958,-20.,-2.55880671038685));
#2697=CARTESIAN_POINT('Ctrl Pts',(-10.5630749951564,-20.,-2.73633139002169));
#2698=CARTESIAN_POINT('Ctrl Pts',(-10.5109354753039,-20.,-2.91252472526284));
#2699=CARTESIAN_POINT('Ctrl Pts',(-10.4543501910322,-20.,-3.0872359966043));
#2700=CARTESIAN_POINT('Ctrl Pts',(-10.9411309477882,-19.9785455707469,-2.63397828638161E-5));
#2701=CARTESIAN_POINT('Ctrl Pts',(-10.9411858145121,-19.9856970471646,-0.491798161174169));
#2702=CARTESIAN_POINT('Ctrl Pts',(-10.9084416955989,-19.9928485235823,-0.983563722520534));
#2703=CARTESIAN_POINT('Ctrl Pts',(-10.8428528012055,-20.,-1.47081109347426));
#2704=CARTESIAN_POINT('',(-6.02105432109362,-12.8,-8.44358781042987));
#2705=CARTESIAN_POINT('Ctrl Pts',(-6.02133263709921,-12.8,-8.44356903210509));
#2706=CARTESIAN_POINT('Ctrl Pts',(-6.23488697498075,-12.8,-8.2999982243391));
#2707=CARTESIAN_POINT('Ctrl Pts',(-6.44281872809264,-12.8,-8.14866246018034));
#2708=CARTESIAN_POINT('Ctrl Pts',(-6.6446603850801,-12.8,-7.98982599855768));
#2709=CARTESIAN_POINT('Ctrl Pts',(-6.71973455666374,-12.8,-7.93074743196456));
#2710=CARTESIAN_POINT('Ctrl Pts',(-6.79396599347025,-12.8,-7.87063071658823));
#2711=CARTESIAN_POINT('Ctrl Pts',(-6.86732980423435,-12.8,-7.80948780966983));
#2712=CARTESIAN_POINT('Ctrl Pts',(-7.06380103363152,-12.8,-7.64574465120983));
#2713=CARTESIAN_POINT('Ctrl Pts',(-7.25405210226582,-12.8,-7.47464475474721));
#2714=CARTESIAN_POINT('Ctrl Pts',(-7.43781070475743,-12.8,-7.29664650937152));
#2715=CARTESIAN_POINT('Ctrl Pts',(-7.56918629766922,-12.8,-7.16938920165143));
#2716=CARTESIAN_POINT('Ctrl Pts',(-7.69724277071745,-12.8,-7.03860495999303));
#2717=CARTESIAN_POINT('Ctrl Pts',(-7.82186959802964,-12.8,-6.90444928661286));
#2718=CARTESIAN_POINT('Ctrl Pts',(-7.88573062396244,-12.8,-6.83570550871581));
#2719=CARTESIAN_POINT('Ctrl Pts',(-7.94869096316512,-12.8,-6.76607633655643));
#2720=CARTESIAN_POINT('Ctrl Pts',(-8.01073469986079,-12.8,-6.69558181277248));
#2721=CARTESIAN_POINT('Ctrl Pts',(-8.03320319119989,-12.8,-6.67005295713856));
#2722=CARTESIAN_POINT('Ctrl Pts',(-8.05555121296508,-12.8,-6.64441083036901));
#2723=CARTESIAN_POINT('Ctrl Pts',(-8.07776894138819,-12.8,-6.61866706864416));
#2724=CARTESIAN_POINT('Ctrl Pts',(-8.24575566357942,-12.8,-6.4240202502714));
#2725=CARTESIAN_POINT('Ctrl Pts',(-8.40643202414283,-12.8,-6.22341348196202));
#2726=CARTESIAN_POINT('Ctrl Pts',(-8.55954010250499,-12.8,-6.01732121978538));
#2727=CARTESIAN_POINT('Ctrl Pts',(-8.71362354061337,-12.8,-5.8099160674028));
#2728=CARTESIAN_POINT('Ctrl Pts',(-8.8600423931053,-12.8,-5.59695482703296));
#2729=CARTESIAN_POINT('Ctrl Pts',(-8.99849694412919,-12.8,-5.37888370079938));
#2730=CARTESIAN_POINT('Ctrl Pts',(-9.13643908888013,-12.8,-5.16161963372135));
#2731=CARTESIAN_POINT('Ctrl Pts',(-9.26647614661216,-12.8,-4.93928290062592));
#2732=CARTESIAN_POINT('Ctrl Pts',(-9.38826934484872,-12.8,-4.71228547992033));
#2733=CARTESIAN_POINT('Ctrl Pts',(-9.41767946883405,-12.8,-4.65747107005209));
#2734=CARTESIAN_POINT('Ctrl Pts',(-9.44660867910192,-12.8,-4.60238477884927));
#2735=CARTESIAN_POINT('Ctrl Pts',(-9.47505179512392,-12.8,-4.54703220352599));
#2736=CARTESIAN_POINT('Ctrl Pts',(-9.49352443518064,-12.8,-4.51108297070043));
#2737=CARTESIAN_POINT('Ctrl Pts',(-9.51179203874086,-12.8,-4.47502141853));
#2738=CARTESIAN_POINT('Ctrl Pts',(-9.5298531484836,-12.8,-4.43884906502479));
#2739=CARTESIAN_POINT('Ctrl Pts',(-9.54495537934783,-12.8,-4.4086026825312));
#2740=CARTESIAN_POINT('Ctrl Pts',(-9.55990980571402,-12.8,-4.37828563276337));
#2741=CARTESIAN_POINT('Ctrl Pts',(-9.57471232088958,-12.8,-4.34790612660436));
#2742=CARTESIAN_POINT('Ctrl Pts',(-9.68186373111392,-12.8,-4.12799708491459));
#2743=CARTESIAN_POINT('Ctrl Pts',(-9.78111594204917,-12.8,-3.9047009402314));
#2744=CARTESIAN_POINT('Ctrl Pts',(-9.87224951636678,-12.8,-3.67840631325006));
#2745=CARTESIAN_POINT('Ctrl Pts',(-9.96816961364366,-12.8,-3.4402262265387));
#2746=CARTESIAN_POINT('Ctrl Pts',(-10.0550968214534,-12.8,-3.19872429064071));
#2747=CARTESIAN_POINT('Ctrl Pts',(-10.1330508745219,-12.8,-2.95444068553192));
#2748=CARTESIAN_POINT('Ctrl Pts',(-10.2117353238338,-12.8,-2.70786824718777));
#2749=CARTESIAN_POINT('Ctrl Pts',(-10.2812778520064,-12.8,-2.45846118164369));
#2750=CARTESIAN_POINT('Ctrl Pts',(-10.3416505985589,-12.8,-2.20675188679057));
#2751=CARTESIAN_POINT('Ctrl Pts',(-10.4021891700791,-12.8,-1.95435122558296));
#2752=CARTESIAN_POINT('Ctrl Pts',(-10.453507650394,-12.8,-1.69963504001387));
#2753=CARTESIAN_POINT('Ctrl Pts',(-10.4955275464025,-12.8,-1.44312622716584));
#2754=CARTESIAN_POINT('Ctrl Pts',(-10.5345893755635,-12.8,-1.2046748177731));
#2755=CARTESIAN_POINT('Ctrl Pts',(-10.5656153052194,-12.8,-0.96467374379888));
#2756=CARTESIAN_POINT('Ctrl Pts',(-10.5885018424823,-12.8,-0.72353956997809));
#2757=CARTESIAN_POINT('Ctrl Pts',(-10.5948361373596,-12.8,-0.656800991554102));
#2758=CARTESIAN_POINT('Ctrl Pts',(-10.600546709766,-12.8,-0.589975619321546));
#2759=CARTESIAN_POINT('Ctrl Pts',(-10.6056308238618,-12.8,-0.523072312780001));
#2760=CARTESIAN_POINT('Ctrl Pts',(-10.607880249697,-12.8,-0.493471477047462));
#2761=CARTESIAN_POINT('Ctrl Pts',(-10.6100071457925,-12.8,-0.463853341051954));
#2762=CARTESIAN_POINT('Ctrl Pts',(-10.6120101525592,-12.8,-0.434236498263836));
#2763=CARTESIAN_POINT('Ctrl Pts',(-10.6296601200095,-12.8,-0.173260689361564));
#2764=CARTESIAN_POINT('Ctrl Pts',(-10.6377176616849,-12.8,0.0878981420850281));
#2765=CARTESIAN_POINT('Ctrl Pts',(-10.6361888672348,-12.8,0.348699489371141));
#2766=CARTESIAN_POINT('Ctrl Pts',(-10.6346537259007,-12.8,0.610583569444819));
#2767=CARTESIAN_POINT('Ctrl Pts',(-10.6234526092285,-12.8,0.872107830413544));
#2768=CARTESIAN_POINT('Ctrl Pts',(-10.6025409620822,-12.8,1.1327377632241));
#2769=CARTESIAN_POINT('Ctrl Pts',(-10.5940833302931,-12.8,1.23814849388114));
#2770=CARTESIAN_POINT('Ctrl Pts',(-10.5840366964284,-12.8,1.34341302469325));
#2771=CARTESIAN_POINT('Ctrl Pts',(-10.572395698954,-12.8,1.44849621570861));
#2772=CARTESIAN_POINT('Ctrl Pts',(-10.5436969739523,-12.8,1.70755937656684));
#2773=CARTESIAN_POINT('Ctrl Pts',(-10.5053117422667,-12.8,1.96552079711841));
#2774=CARTESIAN_POINT('Ctrl Pts',(-10.4574646286339,-12.8,2.22189527310664));
#2775=CARTESIAN_POINT('Ctrl Pts',(-10.4094995507871,-12.8,2.47890182512245));
#2776=CARTESIAN_POINT('Ctrl Pts',(-10.3520256997038,-12.8,2.73431421422877));
#2777=CARTESIAN_POINT('Ctrl Pts',(-10.2852180021287,-12.8,2.98763337447051));
#2778=CARTESIAN_POINT('Ctrl Pts',(-10.245593231594,-12.8,3.13788123453651));
#2779=CARTESIAN_POINT('Ctrl Pts',(-10.2026839673383,-12.8,3.28739248361841));
#2780=CARTESIAN_POINT('Ctrl Pts',(-10.1565185906752,-12.8,3.43605993030082));
#2781=CARTESIAN_POINT('Ctrl Pts',(-10.1410265221615,-12.8,3.48594940237365));
#2782=CARTESIAN_POINT('Ctrl Pts',(-10.1251677261173,-12.8,3.53574382865718));
#2783=CARTESIAN_POINT('Ctrl Pts',(-10.1089431278889,-12.8,3.58543908330752));
#2784=CARTESIAN_POINT('Ctrl Pts',(-10.1001257482113,-12.8,3.61244634242468));
#2785=CARTESIAN_POINT('Ctrl Pts',(-10.0912002847395,-12.8,3.63942432249373));
#2786=CARTESIAN_POINT('Ctrl Pts',(-10.08217165264,-12.8,3.66635847101662));
#2787=CARTESIAN_POINT('Ctrl Pts',(-9.9984930369433,-12.8,3.91598789865748));
#2788=CARTESIAN_POINT('Ctrl Pts',(-9.90585998885588,-12.8,4.16215167742224));
#2789=CARTESIAN_POINT('Ctrl Pts',(-9.80455307478026,-12.8,4.40437273667714));
#2790=CARTESIAN_POINT('Ctrl Pts',(-9.70272424568661,-12.8,4.64784167530593));
#2791=CARTESIAN_POINT('Ctrl Pts',(-9.5921317639498,-12.8,4.88732778324423));
#2792=CARTESIAN_POINT('Ctrl Pts',(-9.47300812935259,-12.8,5.12233893382331));
#2793=CARTESIAN_POINT('Ctrl Pts',(-9.35424185832095,-12.8,5.35664506542776));
#2794=CARTESIAN_POINT('Ctrl Pts',(-9.22699530198017,-12.8,5.58650365128729));
#2795=CARTESIAN_POINT('Ctrl Pts',(-9.09145019362112,-12.8,5.81141026928086));
#2796=CARTESIAN_POINT('Ctrl Pts',(-8.97950202394282,-12.8,5.99716307539632));
#2797=CARTESIAN_POINT('Ctrl Pts',(-8.86189224260997,-12.8,6.17953786281974));
#2798=CARTESIAN_POINT('Ctrl Pts',(-8.73869978334555,-12.8,6.35823739553488));
#2799=CARTESIAN_POINT('Ctrl Pts',(-8.61208463991397,-12.8,6.54190177808704));
#2800=CARTESIAN_POINT('Ctrl Pts',(-8.47957217997729,-12.8,6.72168408885586));
#2801=CARTESIAN_POINT('Ctrl Pts',(-8.34139618760232,-12.8,6.89737366354103));
#2802=CARTESIAN_POINT('Ctrl Pts',(-8.28094419093827,-12.8,6.97423785246579));
#2803=CARTESIAN_POINT('Ctrl Pts',(-8.21940790142596,-12.8,7.05031843345875));
#2804=CARTESIAN_POINT('Ctrl Pts',(-8.15680576114423,-12.8,7.12559661473383));
#2805=CARTESIAN_POINT('Ctrl Pts',(-8.13147504009322,-12.8,7.15605644570008));
#2806=CARTESIAN_POINT('Ctrl Pts',(-8.10596980451865,-12.8,7.1863848947816));
#2807=CARTESIAN_POINT('Ctrl Pts',(-8.08029124671465,-12.8,7.21658068180259));
#2808=CARTESIAN_POINT('Ctrl Pts',(-8.06074411189346,-12.8,7.23956643997625));
#2809=CARTESIAN_POINT('Ctrl Pts',(-8.04109512981422,-12.8,7.26247690903355));
#2810=CARTESIAN_POINT('Ctrl Pts',(-8.02135674623979,-12.8,7.28529787762673));
#2811=CARTESIAN_POINT('Ctrl Pts',(-7.84978792907536,-12.8,7.48366095904705));
#2812=CARTESIAN_POINT('Ctrl Pts',(-7.67128810570728,-12.8,7.67547821926888));
#2813=CARTESIAN_POINT('Ctrl Pts',(-7.486331828175,-12.8,7.86048491435359));
#2814=CARTESIAN_POINT('Ctrl Pts',(-7.29926725732699,-12.8,8.04760047745737));
#2815=CARTESIAN_POINT('Ctrl Pts',(-7.10559781618847,-12.8,8.22774978412144));
#2816=CARTESIAN_POINT('Ctrl Pts',(-6.90576882225386,-12.8,8.40063167321578));
#2817=CARTESIAN_POINT('Ctrl Pts',(-6.7048996204692,-12.8,8.57441349727264));
#2818=CARTESIAN_POINT('Ctrl Pts',(-6.49780612890694,-12.8,8.74085250371615));
#2819=CARTESIAN_POINT('Ctrl Pts',(-6.28490112208527,-12.8,8.89960852079827));
#2820=CARTESIAN_POINT('Ctrl Pts',(-6.07284832098097,-12.8,9.0577290770829));
#2821=CARTESIAN_POINT('Ctrl Pts',(-5.85502994563106,-12.8,9.20822843538098));
#2822=CARTESIAN_POINT('Ctrl Pts',(-5.63182179697789,-12.8,9.35073016482774));
#2823=CARTESIAN_POINT('Ctrl Pts',(-5.41172636368374,-12.8,9.49124465803509));
#2824=CARTESIAN_POINT('Ctrl Pts',(-5.18638993524867,-12.8,9.62398334649176));
#2825=CARTESIAN_POINT('Ctrl Pts',(-4.95614898597254,-12.8,9.74854075721768));
#2826=CARTESIAN_POINT('Ctrl Pts',(-4.88758404908975,-12.8,9.78563351170621));
#2827=CARTESIAN_POINT('Ctrl Pts',(-4.81858403083866,-12.8,9.82200040670122));
#2828=CARTESIAN_POINT('Ctrl Pts',(-4.74915750032826,-12.8,9.85762988943467));
#2829=CARTESIAN_POINT('Ctrl Pts',(-6.02133263709919,-12.8,-8.4435690321051));
#2830=CARTESIAN_POINT('Ctrl Pts',(-4.9201313434384,-12.8207431709215,-9.22717442837109));
#2831=CARTESIAN_POINT('Ctrl Pts',(-2.08304944936767,-12.8676320212834,-10.5125916786335));
#2832=CARTESIAN_POINT('Ctrl Pts',(2.82204310789525,-12.9406665510857,-10.4245457854826));
#2833=CARTESIAN_POINT('Ctrl Pts',(7.41831455343003,-13.019103589407,-7.84877087788798));
#2834=CARTESIAN_POINT('Ctrl Pts',(10.2489521090804,-13.0975406277283,-3.40495463446168));
#2835=CARTESIAN_POINT('Ctrl Pts',(10.640246857647,-13.1759776660495,1.84929224165338));
#2836=CARTESIAN_POINT('Ctrl Pts',(8.49906239049424,-13.2544147043708,6.66338036826087));
#2837=CARTESIAN_POINT('Ctrl Pts',(4.33502285285391,-13.3328517426921,9.89152708616275));
#2838=CARTESIAN_POINT('Ctrl Pts',(-0.860792819211696,-13.4112887810134,
10.7653958459159));
#2839=CARTESIAN_POINT('Ctrl Pts',(-5.85173159743728,-13.4897258193346,9.07700161504931));
#2840=CARTESIAN_POINT('Ctrl Pts',(-9.44990395973054,-13.5681628576559,5.22819596515613));
#2841=CARTESIAN_POINT('Ctrl Pts',(-10.3606505567505,-13.6211175485127,1.7896806860781));
#2842=CARTESIAN_POINT('Ctrl Pts',(-10.3713425743007,-13.6479265599291,0.0432552014599233));
#2843=CARTESIAN_POINT('Ctrl Pts',(-10.3713321862502,-13.648589891905,4.34890938090342E-5));
#2844=CARTESIAN_POINT('Origin',(0.,-10.951410108095,0.));
#2845=CARTESIAN_POINT('',(6.02105432109369,-12.8,-8.44358781042982));
#2846=CARTESIAN_POINT('Origin',(0.,-12.8,0.));
#2847=CARTESIAN_POINT('Ctrl Pts',(6.02105432109369,-12.8,-8.44358781042982));
#2848=CARTESIAN_POINT('Ctrl Pts',(7.40815129671885,-12.8261456794404,-7.45446015209631));
#2849=CARTESIAN_POINT('Ctrl Pts',(9.6843355270751,-12.8784370383213,-4.78064444034867));
#2850=CARTESIAN_POINT('Ctrl Pts',(10.7933857083527,-12.9568740766425,0.370980397840728));
#2851=CARTESIAN_POINT('Ctrl Pts',(9.33354539292092,-13.0353111149638,5.43306032685982));
#2852=CARTESIAN_POINT('Ctrl Pts',(5.6522228706375,-13.1137481532851,9.20263047797451));
#2853=CARTESIAN_POINT('Ctrl Pts',(0.625624092165011,-13.1921851916064,10.7815827797265));
#2854=CARTESIAN_POINT('Ctrl Pts',(-4.54988168560809,-13.2706222299276,9.79457294262065));
#2855=CARTESIAN_POINT('Ctrl Pts',(-8.64247199011321,-13.3490592682489,6.47628539214656));
#2856=CARTESIAN_POINT('Ctrl Pts',(-10.20641095617,-13.4093218943047,2.74263960114395));
#2857=CARTESIAN_POINT('Ctrl Pts',(-10.3705819500279,-13.44343884092,0.519683990452888));
#2858=CARTESIAN_POINT('Ctrl Pts',(-10.3701361554272,-13.451410108095,0.000235245821603169));
#2859=CARTESIAN_POINT('Ctrl Pts',(6.35286402597821,-12.4700443211581,-8.90889907157063));
#2860=CARTESIAN_POINT('Ctrl Pts',(7.81640147424883,-12.4961900005986,-7.86526232912954));
#2861=CARTESIAN_POINT('Ctrl Pts',(10.2180222108149,-12.5484813594794,-5.04409734017601));
#2862=CARTESIAN_POINT('Ctrl Pts',(11.3881901953421,-12.6269183978007,0.39142447453576));
#2863=CARTESIAN_POINT('Ctrl Pts',(9.84790064985689,-12.7053554361219,5.7324667177571));
#2864=CARTESIAN_POINT('Ctrl Pts',(5.9637069235346,-12.7837924744432,9.70977124439488));
#2865=CARTESIAN_POINT('Ctrl Pts',(0.660101134609677,-12.8622295127645,11.3757368280958));
#2866=CARTESIAN_POINT('Ctrl Pts',(-4.80061765622907,-12.9406665510858,10.3343346162823));
#2867=CARTESIAN_POINT('Ctrl Pts',(-9.11874340830421,-13.019103589407,6.83318208002197));
#2868=CARTESIAN_POINT('Ctrl Pts',(-11.2665241749941,-13.0975406277283,1.70571048836076));
#2869=CARTESIAN_POINT('Ctrl Pts',(-10.732767094153,-13.1759776660495,-3.82775720517368));
#2870=CARTESIAN_POINT('Ctrl Pts',(-7.64451185617654,-13.2544147043708,-8.45017240040454));
#2871=CARTESIAN_POINT('Ctrl Pts',(-2.73679164104963,-13.3328517426921,-11.0613734261659));
#2872=CARTESIAN_POINT('Ctrl Pts',(2.82231037899566,-13.4112887810134,-11.0398620111106));
#2873=CARTESIAN_POINT('Ctrl Pts',(7.70967631642485,-13.4897258193346,-8.39076219741968));
#2874=CARTESIAN_POINT('Ctrl Pts',(10.7620676098021,-13.5681628576559,-3.74458227934115));
#2875=CARTESIAN_POINT('Ctrl Pts',(11.2529867744389,-13.6465998959772,1.79284267585423));
#2876=CARTESIAN_POINT('Ctrl Pts',(9.06559047647459,-13.7250369342984,6.90355458754437));
#2877=CARTESIAN_POINT('Ctrl Pts',(4.72049937336761,-13.8034739726197,10.3711562414547));
#2878=CARTESIAN_POINT('Ctrl Pts',(-0.748114462919218,-13.881911010941,11.3703263460898));
#2879=CARTESIAN_POINT('Ctrl Pts',(-6.03867010219863,-13.9603480492623,9.66325305909733));
#2880=CARTESIAN_POINT('Ctrl Pts',(-9.89196612216976,-14.0387850875835,5.65623572667111));
#2881=CARTESIAN_POINT('Ctrl Pts',(-11.3908822497234,-14.1172221259048,0.302981705250079));
#2882=CARTESIAN_POINT('Ctrl Pts',(-10.1786625128028,-14.1956591642261,-5.12238477551186));
#2883=CARTESIAN_POINT('Ctrl Pts',(-6.54382647745374,-14.2740962025473,-9.32857606378431));
#2884=CARTESIAN_POINT('Ctrl Pts',(-1.35149890938888,-14.3525332408686,-11.3144795301123));
#2885=CARTESIAN_POINT('Ctrl Pts',(4.16249796258582,-14.4309702791899,-10.6074316898082));
#2886=CARTESIAN_POINT('Ctrl Pts',(8.68578162508162,-14.5094073175111,-7.37571650095948));
#2887=CARTESIAN_POINT('Ctrl Pts',(11.141768518203,-14.5878443558324,-2.38851222067774));
#2888=CARTESIAN_POINT('Ctrl Pts',(10.945910930649,-14.6662813941537,3.16718017167013));
#2889=CARTESIAN_POINT('Ctrl Pts',(8.14482478894134,-14.7447184324749,7.96905424118097));
#2890=CARTESIAN_POINT('Ctrl Pts',(3.4051946335674,-14.8231554707962,10.8742193213602));
#2891=CARTESIAN_POINT('Ctrl Pts',(-2.14490349912038,-14.9015925091175,11.1912191168312));
#2892=CARTESIAN_POINT('Ctrl Pts',(-7.18449466009819,-14.9800295474388,8.84460472946717));
#2893=CARTESIAN_POINT('Ctrl Pts',(-10.5141093052571,-15.05846658576,4.39289219746966));
#2894=CARTESIAN_POINT('Ctrl Pts',(-11.3412681971123,-15.1369036240813,-1.10436951363858));
#2895=CARTESIAN_POINT('Ctrl Pts',(-9.46909983017314,-15.2153406624026,-6.33878101433557));
#2896=CARTESIAN_POINT('Ctrl Pts',(-5.34319767935789,-15.2937777007238,-10.0645037086182));
#2897=CARTESIAN_POINT('Ctrl Pts',(0.0544351892522211,-15.3722147390451,
-11.3947809611092));
#2898=CARTESIAN_POINT('Ctrl Pts',(5.43911197679341,-15.4506517773664,-10.0129944195225));
#2899=CARTESIAN_POINT('Ctrl Pts',(9.52922955213541,-15.5290888156877,-6.24802212577664));
#2900=CARTESIAN_POINT('Ctrl Pts',(11.3513019108113,-15.6075258540089,-0.995962484783975));
#2901=CARTESIAN_POINT('Ctrl Pts',(10.4716588935596,-15.6859628923302,4.4931454860065));
#2902=CARTESIAN_POINT('Ctrl Pts',(7.09966371560507,-15.7643999306514,8.9128430630639));
#2903=CARTESIAN_POINT('Ctrl Pts',(2.03788257520541,-15.8428369689727,11.2112011377533));
#2904=CARTESIAN_POINT('Ctrl Pts',(-3.50893356215115,-15.921274007294,10.8411891228727));
#2905=CARTESIAN_POINT('Ctrl Pts',(-8.22059089283874,-15.9997110456153,7.89087331757787));
#2906=CARTESIAN_POINT('Ctrl Pts',(-10.9756711728146,-16.0781480839365,3.06245630952203));
#2907=CARTESIAN_POINT('Ctrl Pts',(-11.1184396843513,-16.1565851222578,-2.49485376864606));
#2908=CARTESIAN_POINT('Ctrl Pts',(-8.61491619453382,-16.2350221605791,-7.45836545783623));
#2909=CARTESIAN_POINT('Ctrl Pts',(-4.06096256657224,-16.3134591989003,-10.6467168354561));
#2910=CARTESIAN_POINT('Ctrl Pts',(1.45953790274552,-16.3918962372216,-11.3010506348717));
#2911=CARTESIAN_POINT('Ctrl Pts',(6.63265478341595,-16.4703332755429,-9.26562932916675));
#2912=CARTESIAN_POINT('Ctrl Pts',(10.2271381687947,-16.5487703138641,-5.02490211027714));
#2913=CARTESIAN_POINT('Ctrl Pts',(11.3874675990177,-16.6272073521854,0.411798522105824));
#2914=CARTESIAN_POINT('Ctrl Pts',(9.83747388332535,-16.7056443905067,5.75048727816842));
#2915=CARTESIAN_POINT('Ctrl Pts',(5.94606993471933,-16.7840814288279,9.72050660577485));
#2916=CARTESIAN_POINT('Ctrl Pts',(0.639446067271002,-16.8625184671492,11.3769549998467));
#2917=CARTESIAN_POINT('Ctrl Pts',(-4.81937190844759,-16.9409555054705,10.3255823443306));
#2918=CARTESIAN_POINT('Ctrl Pts',(-9.13113456930702,-17.0193925437918,6.81662510474879));
#2919=CARTESIAN_POINT('Ctrl Pts',(-11.2696023200853,-17.097829582113,1.68524772321893));
#2920=CARTESIAN_POINT('Ctrl Pts',(-10.7257999570041,-17.1762666204343,-3.84723428241854));
#2921=CARTESIAN_POINT('Ctrl Pts',(-7.62915749763742,-17.2547036587556,-8.46403876513622));
#2922=CARTESIAN_POINT('Ctrl Pts',(-2.71670463355305,-17.3331406970768,-11.0663233404558));
#2923=CARTESIAN_POINT('Ctrl Pts',(2.84234918767162,-17.4115777353981,-11.0347200887393));
#2924=CARTESIAN_POINT('Ctrl Pts',(7.72489747989049,-17.4900147737194,-8.37675087767772));
#2925=CARTESIAN_POINT('Ctrl Pts',(10.7688483616197,-17.5684518120407,-3.72503708785682));
#2926=CARTESIAN_POINT('Ctrl Pts',(11.2497132265922,-17.6468888503619,1.81327015663839));
#2927=CARTESIAN_POINT('Ctrl Pts',(9.05304176683826,-17.7253258886832,6.92000224778286));
#2928=CARTESIAN_POINT('Ctrl Pts',(4.70166220995037,-17.8037629270044,10.3797094759461));
#2929=CARTESIAN_POINT('Ctrl Pts',(-0.768756659355863,-17.8821999653257,
11.3689493595601));
#2930=CARTESIAN_POINT('Ctrl Pts',(-6.05620429736075,-17.960637003647,9.65227361038635));
#2931=CARTESIAN_POINT('Ctrl Pts',(-9.90221901450957,-18.0390740419683,5.63826701488708));
#2932=CARTESIAN_POINT('Ctrl Pts',(-11.3914135554603,-18.1175110802895,0.282300456755128));
#2933=CARTESIAN_POINT('Ctrl Pts',(-10.1693457765662,-18.1959481186108,-5.14085623427353));
#2934=CARTESIAN_POINT('Ctrl Pts',(-6.52687916834071,-18.2743851569321,-9.34044135251712));
#2935=CARTESIAN_POINT('Ctrl Pts',(-1.33095464600099,-18.3528221952533,-11.3169146003258));
#2936=CARTESIAN_POINT('Ctrl Pts',(4.18174945755064,-18.4312592335746,-10.5998569722473));
#2937=CARTESIAN_POINT('Ctrl Pts',(8.69915831098718,-18.5096962718959,-7.35993484806246));
#2938=CARTESIAN_POINT('Ctrl Pts',(11.1460866310685,-18.5881333102172,-2.36827981432278));
#2939=CARTESIAN_POINT('Ctrl Pts',(10.9401426965152,-18.6665703485384,3.1870478343623));
#2940=CARTESIAN_POINT('Ctrl Pts',(8.13034314652597,-18.7450073868597,7.98382846447054));
#2941=CARTESIAN_POINT('Ctrl Pts',(3.38544625870967,-18.823444425181,10.8803837172891));
#2942=CARTESIAN_POINT('Ctrl Pts',(-2.16521813238538,-18.9018814635022,11.1873064731372));
#2943=CARTESIAN_POINT('Ctrl Pts',(-7.20054083051004,-18.9803185018235,8.83154634850812));
#2944=CARTESIAN_POINT('Ctrl Pts',(-10.5220671827492,-19.0587555401448,4.37379598306355));
#2945=CARTESIAN_POINT('Ctrl Pts',(-11.3392451012346,-19.137192578466,-1.12495826310798));
#2946=CARTESIAN_POINT('Ctrl Pts',(-9.45757457206661,-19.2156296167873,-6.35596242355013));
#2947=CARTESIAN_POINT('Ctrl Pts',(-5.32491872281199,-19.2940666551086,-10.074187575906));
#2948=CARTESIAN_POINT('Ctrl Pts',(0.0751278471124671,-19.3725036934299,
-11.3946641487329));
#2949=CARTESIAN_POINT('Ctrl Pts',(5.45727241113046,-19.4509407317511,-10.0031013448799));
#2950=CARTESIAN_POINT('Ctrl Pts',(9.54057667861171,-19.5293777700724,-6.23071412296523));
#2951=CARTESIAN_POINT('Ctrl Pts',(11.3530534425598,-19.6078148083936,-0.975345795289449));
#2952=CARTESIAN_POINT('Ctrl Pts',(10.4635591849254,-19.6862518467149,4.51213774965439));
#2953=CARTESIAN_POINT('Ctrl Pts',(7.08332158117195,-19.7646888850362,8.92574239250427));
#2954=CARTESIAN_POINT('Ctrl Pts',(2.01782186729511,-19.8431259233575,11.2148332112617));
#2955=CARTESIAN_POINT('Ctrl Pts',(-3.52923616690173,-19.9215629616787,10.8349152260694));
#2956=CARTESIAN_POINT('Ctrl Pts',(-6.66517480975155,-19.9738543205596,8.86193704943321));
#2957=CARTESIAN_POINT('Ctrl Pts',(-7.90759276500811,-20.,7.56289234769287));
#2958=CARTESIAN_POINT('Ctrl Pts',(6.2422607910167,-12.5800295474388,-8.75379531785703));
#2959=CARTESIAN_POINT('Ctrl Pts',(7.68031808173884,-12.6061752268792,-7.72832827011846));
#2960=CARTESIAN_POINT('Ctrl Pts',(10.0401266495683,-12.65846658576,-4.95627970690024));
#2961=CARTESIAN_POINT('Ctrl Pts',(11.1899220330123,-12.7369036240813,0.384609782304088));
#2962=CARTESIAN_POINT('Ctrl Pts',(9.6764488975449,-12.8153406624025,5.632664587458));
#2963=CARTESIAN_POINT('Ctrl Pts',(5.85987890590224,-12.8937777007238,9.54072432225476));
#2964=CARTESIAN_POINT('Ctrl Pts',(0.648608787128124,-12.9722147390451,11.1776854786394));
#2965=CARTESIAN_POINT('Ctrl Pts',(-4.71703899935541,-13.0506517773664,10.1544140583951));
#2966=CARTESIAN_POINT('Ctrl Pts',(-8.9599862689072,-13.1290888156876,6.71421651739683));
#2967=CARTESIAN_POINT('Ctrl Pts',(-11.0703742156323,-13.2075258540089,1.67601410305344));
#2968=CARTESIAN_POINT('Ctrl Pts',(-10.5459098348369,-13.2859628923302,-3.76111602919255));
#2969=CARTESIAN_POINT('Ctrl Pts',(-7.51142105846116,-13.3643999306514,-8.30305506881277));
#2970=CARTESIAN_POINT('Ctrl Pts',(-2.68914415360492,-13.4428369689727,-10.8687951372164));
#2971=CARTESIAN_POINT('Ctrl Pts',(2.77317401204277,-13.521274007294,-10.8476582354648));
#2972=CARTESIAN_POINT('Ctrl Pts',(7.57545100676675,-13.5997110456153,-8.24467919626737));
#2973=CARTESIAN_POINT('Ctrl Pts',(10.5747002290978,-13.6781480839365,-3.67938917714644));
#2974=CARTESIAN_POINT('Ctrl Pts',(11.0570725009486,-13.7565851222578,1.76162932091453));
#2975=CARTESIAN_POINT('Ctrl Pts',(8.90775872855206,-13.835022160579,6.78336384097818));
#2976=CARTESIAN_POINT('Ctrl Pts',(4.63831557418769,-13.9134591989003,10.1905946198136));
#2977=CARTESIAN_POINT('Ctrl Pts',(-0.735089805161391,-13.9918962372216,
11.1723691930163));
#2978=CARTESIAN_POINT('Ctrl Pts',(-5.93353697713295,-14.0703332755429,9.49501601762794));
#2979=CARTESIAN_POINT('Ctrl Pts',(-9.71974719087078,-14.1487703138641,5.55776077639412));
#2980=CARTESIAN_POINT('Ctrl Pts',(-11.1925672187809,-14.2272073521854,0.297706799853423));
#2981=CARTESIAN_POINT('Ctrl Pts',(-10.0014522031072,-14.3056443905067,-5.03320415956094));
#2982=CARTESIAN_POINT('Ctrl Pts',(-6.42989859005153,-14.384081428828,-9.16616574207431));
#2983=CARTESIAN_POINT('Ctrl Pts',(-1.32796934054966,-14.4625184671492,-11.1174946689821));
#2984=CARTESIAN_POINT('Ctrl Pts',(4.09002895674844,-14.5409555054705,-10.4227565173618));
#2985=CARTESIAN_POINT('Ctrl Pts',(8.53456234162539,-14.6193925437918,-7.24730542497403));
#2986=CARTESIAN_POINT('Ctrl Pts',(10.9477905523177,-14.697829582113,-2.3469282709392));
#2987=CARTESIAN_POINT('Ctrl Pts',(10.755342841425,-14.7762666204343,3.11203962856073));
#2988=CARTESIAN_POINT('Ctrl Pts',(8.00302355312582,-14.8547036587556,7.83031316706792));
#2989=CARTESIAN_POINT('Ctrl Pts',(3.34591026346189,-14.9331406970768,10.6848993816125));
#2990=CARTESIAN_POINT('Ctrl Pts',(-2.10756077232616,-15.0115777353981,10.996380217018));
#2991=CARTESIAN_POINT('Ctrl Pts',(-7.05941275251743,-15.0900147737194,8.6906203389569));
#2992=CARTESIAN_POINT('Ctrl Pts',(-10.3310588736494,-15.1684518120407,4.31641203263526));
#2993=CARTESIAN_POINT('Ctrl Pts',(-11.1438169458283,-15.2468888503619,-1.0851424626106));
#2994=CARTESIAN_POINT('Ctrl Pts',(-9.30424299251567,-15.3253258886832,-6.22842296432362));
#2995=CARTESIAN_POINT('Ctrl Pts',(-5.25017271519067,-15.4037629270045,-9.88928090140819));
#2996=CARTESIAN_POINT('Ctrl Pts',(0.0534874737018163,-15.4821999653257,
-11.1963980536799));
#2997=CARTESIAN_POINT('Ctrl Pts',(5.3444171466363,-15.560637003647,-9.83866838799997));
#2998=CARTESIAN_POINT('Ctrl Pts',(9.36332585722755,-15.6390740419683,-6.1392441861897));
#2999=CARTESIAN_POINT('Ctrl Pts',(11.1536759727735,-15.7175110802895,-0.97862279794871));
#3000=CARTESIAN_POINT('Ctrl Pts',(10.289347522766,-15.7959481186108,4.41491991343438));
#3001=CARTESIAN_POINT('Ctrl Pts',(6.97605871306231,-15.8743851569321,8.7576706445377));
#3002=CARTESIAN_POINT('Ctrl Pts',(2.00240308054478,-15.9528221952534,11.0160143513575));
#3003=CARTESIAN_POINT('Ctrl Pts',(-3.44784309938477,-16.0312592335746,10.6524442382166));
#3004=CARTESIAN_POINT('Ctrl Pts',(-8.07747057067773,-16.1096962718959,7.75349337177285));
#3005=CARTESIAN_POINT('Ctrl Pts',(-10.7845849583729,-16.1881333102171,3.00913900674703));
#3006=CARTESIAN_POINT('Ctrl Pts',(-10.9248678729943,-16.2665703485384,-2.4514184146955));
#3007=CARTESIAN_POINT('Ctrl Pts',(-8.4649306767986,-16.3450073868597,-7.3285154651733));
#3008=CARTESIAN_POINT('Ctrl Pts',(-3.99026128993797,-16.423444425181,-10.4613577094138));
#3009=CARTESIAN_POINT('Ctrl Pts',(1.4341273772042,-16.5018814635022,-11.1042995705377));
#3010=CARTESIAN_POINT('Ctrl Pts',(6.51718039699293,-16.5803185018235,-9.10431490884082));
#3011=CARTESIAN_POINT('Ctrl Pts',(10.049083898903,-16.6587555401448,-4.93741866556797));
#3012=CARTESIAN_POINT('Ctrl Pts',(11.1892120170753,-16.737192578466,0.404629118115595));
#3013=CARTESIAN_POINT('Ctrl Pts',(9.66620366080904,-16.8156296167873,5.65037141027489));
#3014=CARTESIAN_POINT('Ctrl Pts',(5.84254897670762,-16.8940666551086,9.55127278120895));
#3015=CARTESIAN_POINT('Ctrl Pts',(0.628313324096525,-16.9725036934299,11.1788824420446));
#3016=CARTESIAN_POINT('Ctrl Pts',(-4.73546674041988,-17.0509407317511,10.1458141633221));
#3017=CARTESIAN_POINT('Ctrl Pts',(-8.9721617000461,-17.1293777700724,6.69794779873028));
#3018=CARTESIAN_POINT('Ctrl Pts',(-11.0733987702794,-17.2078148083937,1.65590759424129));
#3019=CARTESIAN_POINT('Ctrl Pts',(-10.5390639954057,-17.2862518467149,-3.78025401091417));
#3020=CARTESIAN_POINT('Ctrl Pts',(-7.4963340189955,-17.3646888850362,-8.31668002041329));
#3021=CARTESIAN_POINT('Ctrl Pts',(-2.66940686050499,-17.4431259233575,-10.8736588735981));
#3022=CARTESIAN_POINT('Ctrl Pts',(2.79286394546258,-17.5215629616787,-10.8426058338586));
#3023=CARTESIAN_POINT('Ctrl Pts',(7.59040717008249,-17.6,-8.23091181332041));
#3024=CARTESIAN_POINT('Ctrl Pts',(10.5813629281625,-17.6784370383213,-3.66018426705288));
#3025=CARTESIAN_POINT('Ctrl Pts',(11.0538559455041,-17.7568740766425,1.78170115966895));
#3026=CARTESIAN_POINT('Ctrl Pts',(8.89542849169818,-17.8353111149638,6.79952514778262));
#3027=CARTESIAN_POINT('Ctrl Pts',(4.61980636540681,-17.9137481532851,10.1989989426645));
#3028=CARTESIAN_POINT('Ctrl Pts',(-0.755372621373113,-17.9921851916064,
11.1710161797944));
#3029=CARTESIAN_POINT('Ctrl Pts',(-5.95076590230982,-18.0706222299276,9.48422772089827));
#3030=CARTESIAN_POINT('Ctrl Pts',(-9.72982158056111,-18.1490592682489,5.54010489952097));
#3031=CARTESIAN_POINT('Ctrl Pts',(-11.1930892744957,-18.2274963065702,0.27738561147895));
#3032=CARTESIAN_POINT('Ctrl Pts',(-9.99229767106121,-18.3059333448914,-5.05135403059695));
#3033=CARTESIAN_POINT('Ctrl Pts',(-6.41324633324942,-18.3843703832127,-9.17782445636884));
#3034=CARTESIAN_POINT('Ctrl Pts',(-1.3077827523743,-18.462807421534,-11.1198873446722));
#3035=CARTESIAN_POINT('Ctrl Pts',(4.108945283573,-18.5412444598552,-10.4153136754813));
#3036=CARTESIAN_POINT('Ctrl Pts',(8.54770613969829,-18.6196814981765,-7.23179853033663));
#3037=CARTESIAN_POINT('Ctrl Pts',(10.952033486925,-18.6981185364978,-2.32704811037208));
#3038=CARTESIAN_POINT('Ctrl Pts',(10.7496750321316,-18.776555574819,3.13156139564488));
#3039=CARTESIAN_POINT('Ctrl Pts',(7.98879403581374,-18.8549926131403,7.84483017142708));
#3040=CARTESIAN_POINT('Ctrl Pts',(3.32650570741336,-18.9334296514616,10.6909564555322));
#3041=CARTESIAN_POINT('Ctrl Pts',(-2.12752172823447,-19.0118666897829,10.992535692372));
#3042=CARTESIAN_POINT('Ctrl Pts',(-7.07517955942504,-19.0903037281041,8.67778930414777));
#3043=CARTESIAN_POINT('Ctrl Pts',(-10.3388782046543,-19.1687407664254,4.29764828293801));
#3044=CARTESIAN_POINT('Ctrl Pts',(-11.1418290720091,-19.2471778047466,-1.1053727623657));
#3045=CARTESIAN_POINT('Ctrl Pts',(-9.29291838892106,-19.3256148430679,-6.24530524554919));
#3046=CARTESIAN_POINT('Ctrl Pts',(-5.23221199491071,-19.4040518813892,-9.89879617276124));
#3047=CARTESIAN_POINT('Ctrl Pts',(0.073819872804762,-19.4824889197105,-11.1962832750047));
#3048=CARTESIAN_POINT('Ctrl Pts',(5.36226140817667,-19.5609259580317,-9.82894755158808));
#3049=CARTESIAN_POINT('Ctrl Pts',(9.37447543046005,-19.639362996353,-6.12223751535922));
#3050=CARTESIAN_POINT('Ctrl Pts',(11.1553970103895,-19.7178000346743,-0.958365044603771));
#3051=CARTESIAN_POINT('Ctrl Pts',(10.2813888298963,-19.7962370729956,4.43358152215401));
#3052=CARTESIAN_POINT('Ctrl Pts',(6.96000109486111,-19.8746741113168,8.77034539691187));
#3053=CARTESIAN_POINT('Ctrl Pts',(1.98269162915584,-19.9531111496381,11.0195831905392));
#3054=CARTESIAN_POINT('Ctrl Pts',(-3.46779223619484,-20.0315481879594,10.6462795698305));
#3055=CARTESIAN_POINT('Ctrl Pts',(-6.54913425032387,-20.0838395468402,8.7076509035808));
#3056=CARTESIAN_POINT('Ctrl Pts',(-7.76992173395949,-20.1099852262806,7.43122254397916));
#3057=CARTESIAN_POINT('Ctrl Pts',(6.13165755605519,-12.6900147737194,-8.59869156414343));
#3058=CARTESIAN_POINT('Ctrl Pts',(7.54423468922884,-12.7161604531598,-7.59139421110739));
#3059=CARTESIAN_POINT('Ctrl Pts',(9.8622310883217,-12.7684518120406,-4.86846207362446));
#3060=CARTESIAN_POINT('Ctrl Pts',(10.9916538706825,-12.8468888503619,0.377795090072407));
#3061=CARTESIAN_POINT('Ctrl Pts',(9.50499714523291,-12.9253258886832,5.53286245715891));
#3062=CARTESIAN_POINT('Ctrl Pts',(5.75605088826986,-13.0037629270045,9.37167740011464));
#3063=CARTESIAN_POINT('Ctrl Pts',(0.63711643964657,-13.0821999653257,10.9796341291829));
#3064=CARTESIAN_POINT('Ctrl Pts',(-4.63346034248176,-13.160637003647,9.97449350050785));
#3065=CARTESIAN_POINT('Ctrl Pts',(-8.80122912951021,-13.2390740419683,6.5952509547717));
#3066=CARTESIAN_POINT('Ctrl Pts',(-10.8742242562706,-13.3175110802895,1.64631771774611));
#3067=CARTESIAN_POINT('Ctrl Pts',(-10.3590525755209,-13.3959481186108,-3.69447485321142));
#3068=CARTESIAN_POINT('Ctrl Pts',(-7.37833026074578,-13.4743851569321,-8.15593773722101));
#3069=CARTESIAN_POINT('Ctrl Pts',(-2.64149666616021,-13.5528221952533,-10.676216848267));
#3070=CARTESIAN_POINT('Ctrl Pts',(2.72403764508987,-13.6312592335746,-10.655454459819));
#3071=CARTESIAN_POINT('Ctrl Pts',(7.44122569710865,-13.7096962718959,-8.09859619511507));
#3072=CARTESIAN_POINT('Ctrl Pts',(10.3873328483934,-13.7881333102171,-3.61419607495173));
#3073=CARTESIAN_POINT('Ctrl Pts',(10.8611582274583,-13.8665703485384,1.73041596597483));
#3074=CARTESIAN_POINT('Ctrl Pts',(8.74992698062951,-13.9450073868597,6.663173094412));
#3075=CARTESIAN_POINT('Ctrl Pts',(4.55613177500778,-14.023444425181,10.0100329981725));
#3076=CARTESIAN_POINT('Ctrl Pts',(-0.722065147403572,-14.1018814635022,
10.9744120399428));
#3077=CARTESIAN_POINT('Ctrl Pts',(-5.82840385206726,-14.1803185018235,9.32677897615855));
#3078=CARTESIAN_POINT('Ctrl Pts',(-9.54752825957181,-14.2587555401448,5.45928582611712));
#3079=CARTESIAN_POINT('Ctrl Pts',(-10.9942521878385,-14.337192578466,0.292431894456776));
#3080=CARTESIAN_POINT('Ctrl Pts',(-9.82424189341162,-14.4156296167873,-4.94402354361003));
#3081=CARTESIAN_POINT('Ctrl Pts',(-6.31597070264932,-14.4940666551086,-9.00375542036429));
#3082=CARTESIAN_POINT('Ctrl Pts',(-1.30443977171045,-14.5725036934298,-10.920509807852));
#3083=CARTESIAN_POINT('Ctrl Pts',(4.01755995091106,-14.6509407317511,-10.2380813449154));
#3084=CARTESIAN_POINT('Ctrl Pts',(8.38334305816917,-14.7293777700724,-7.11889434898859));
#3085=CARTESIAN_POINT('Ctrl Pts',(10.7538125864323,-14.8078148083937,-2.30534432120065));
#3086=CARTESIAN_POINT('Ctrl Pts',(10.5647747522011,-14.8862518467149,3.05689908545132));
#3087=CARTESIAN_POINT('Ctrl Pts',(7.86122231731031,-14.9646888850362,7.69157209295488));
#3088=CARTESIAN_POINT('Ctrl Pts',(3.28662589335636,-15.0431259233575,10.4955794418648));
#3089=CARTESIAN_POINT('Ctrl Pts',(-2.07021804553193,-15.1215629616787,10.8015413172048));
#3090=CARTESIAN_POINT('Ctrl Pts',(-6.93433084493666,-15.2,8.53663594844661));
#3091=CARTESIAN_POINT('Ctrl Pts',(-10.1480084420417,-15.2784370383213,4.23993186780086));
#3092=CARTESIAN_POINT('Ctrl Pts',(-10.9463656945442,-15.3568740766426,-1.06591541158263));
#3093=CARTESIAN_POINT('Ctrl Pts',(-9.13938615485821,-15.4353111149638,-6.11806491431165));
#3094=CARTESIAN_POINT('Ctrl Pts',(-5.15714775102345,-15.5137481532851,-9.71405809419822));
#3095=CARTESIAN_POINT('Ctrl Pts',(0.0525397581514129,-15.5921851916063,
-10.9980151462506));
#3096=CARTESIAN_POINT('Ctrl Pts',(5.24972231647919,-15.6706222299276,-9.66434235647748));
#3097=CARTESIAN_POINT('Ctrl Pts',(9.19742216231969,-15.7490592682489,-6.03046624660274));
#3098=CARTESIAN_POINT('Ctrl Pts',(10.9560500347357,-15.8274963065701,-0.961283111113451));
#3099=CARTESIAN_POINT('Ctrl Pts',(10.1070361519724,-15.9059333448914,4.33669434086224));
#3100=CARTESIAN_POINT('Ctrl Pts',(6.85245371051956,-15.9843703832127,8.60249822601151));
#3101=CARTESIAN_POINT('Ctrl Pts',(1.96692358588414,-16.062807421534,10.8208275649618));
#3102=CARTESIAN_POINT('Ctrl Pts',(-3.38675263661839,-16.1412444598552,10.4636993535605));
#3103=CARTESIAN_POINT('Ctrl Pts',(-7.93435024851672,-16.2196814981765,7.61611342596781));
#3104=CARTESIAN_POINT('Ctrl Pts',(-10.5934987439312,-16.2981185364977,2.95582170397205));
#3105=CARTESIAN_POINT('Ctrl Pts',(-10.7312960616372,-16.3765555748191,-2.40798306074495));
#3106=CARTESIAN_POINT('Ctrl Pts',(-8.31494515906338,-16.4549926131403,-7.19866547251036));
#3107=CARTESIAN_POINT('Ctrl Pts',(-3.91956001330372,-16.5334296514616,-10.2759985833716));
#3108=CARTESIAN_POINT('Ctrl Pts',(1.40871685166291,-16.6118666897828,-10.9075485062036));
#3109=CARTESIAN_POINT('Ctrl Pts',(6.4017060105699,-16.6903037281041,-8.9430004885149));
#3110=CARTESIAN_POINT('Ctrl Pts',(9.87102962901125,-16.7687407664254,-4.84993522085878));
#3111=CARTESIAN_POINT('Ctrl Pts',(10.990956435133,-16.8471778047467,0.397459714125357));
#3112=CARTESIAN_POINT('Ctrl Pts',(9.49493343829274,-16.9256148430679,5.55025554238136));
#3113=CARTESIAN_POINT('Ctrl Pts',(5.73902801869591,-17.0040518813892,9.38203895664304));
#3114=CARTESIAN_POINT('Ctrl Pts',(0.617180580922048,-17.0824889197105,10.9808098842425));
#3115=CARTESIAN_POINT('Ctrl Pts',(-4.65156157239217,-17.1609259580318,9.9660459823136));
#3116=CARTESIAN_POINT('Ctrl Pts',(-8.81318883078518,-17.239362996353,6.57927049271175));
#3117=CARTESIAN_POINT('Ctrl Pts',(-10.8771952204735,-17.3178000346743,1.62656746526366));
#3118=CARTESIAN_POINT('Ctrl Pts',(-10.3523280338073,-17.3962370729955,-3.71327373940981));
#3119=CARTESIAN_POINT('Ctrl Pts',(-7.36351054035357,-17.4746741113168,-8.16932127569035));
#3120=CARTESIAN_POINT('Ctrl Pts',(-2.62210908745693,-17.5531111496381,-10.6809944067404));
#3121=CARTESIAN_POINT('Ctrl Pts',(2.74337870325353,-17.6315481879594,-10.6504915789778));
#3122=CARTESIAN_POINT('Ctrl Pts',(7.45591686027448,-17.7099852262806,-8.0850727489631));
#3123=CARTESIAN_POINT('Ctrl Pts',(10.3938774947053,-17.7884222646019,-3.59533144624894));
#3124=CARTESIAN_POINT('Ctrl Pts',(10.857998664416,-17.8668593029231,1.75013216269952));
#3125=CARTESIAN_POINT('Ctrl Pts',(8.73781521655811,-17.9452963412444,6.67904804778238));
#3126=CARTESIAN_POINT('Ctrl Pts',(4.53795052086326,-18.0237333795657,10.0182884093828));
#3127=CARTESIAN_POINT('Ctrl Pts',(-0.74198858339036,-18.102170417887,10.9730830000288));
#3128=CARTESIAN_POINT('Ctrl Pts',(-5.84532750725891,-18.1806074562082,9.31618183141018));
#3129=CARTESIAN_POINT('Ctrl Pts',(-9.55742414661264,-18.2590444945295,5.44194278415485));
#3130=CARTESIAN_POINT('Ctrl Pts',(-10.9947649935311,-18.3374815328508,0.272470766202779));
#3131=CARTESIAN_POINT('Ctrl Pts',(-9.81524956555618,-18.415918571172,-4.96185182692038));
#3132=CARTESIAN_POINT('Ctrl Pts',(-6.29961349815813,-18.4943556094933,-9.01520756022056));
#3133=CARTESIAN_POINT('Ctrl Pts',(-1.28461085874761,-18.5727926478146,-10.9228600890186));
#3134=CARTESIAN_POINT('Ctrl Pts',(4.03614110959535,-18.6512296861359,-10.2307703787154));
#3135=CARTESIAN_POINT('Ctrl Pts',(8.39625396840941,-18.7296667244571,-7.10366221261082));
#3136=CARTESIAN_POINT('Ctrl Pts',(10.7579803427814,-18.8081037627784,-2.28581640642139));
#3137=CARTESIAN_POINT('Ctrl Pts',(10.5592073677479,-18.8865408010997,3.07607495692747));
#3138=CARTESIAN_POINT('Ctrl Pts',(7.8472449251015,-18.964977839421,7.7058318783836));
#3139=CARTESIAN_POINT('Ctrl Pts',(3.26756515611705,-19.0434148777422,10.5015291937753));
#3140=CARTESIAN_POINT('Ctrl Pts',(-2.08982532408355,-19.1218519160635,10.7977649116068));
#3141=CARTESIAN_POINT('Ctrl Pts',(-6.94981828834003,-19.2002889543847,8.52403225978746));
#3142=CARTESIAN_POINT('Ctrl Pts',(-10.1556892265595,-19.278725992706,4.22150058281246));
#3143=CARTESIAN_POINT('Ctrl Pts',(-10.9444130427836,-19.3571630310273,-1.08578726162341));
#3144=CARTESIAN_POINT('Ctrl Pts',(-9.1282622057755,-19.4356000693486,-6.13464806754826));
#3145=CARTESIAN_POINT('Ctrl Pts',(-5.13950526700944,-19.5140371076698,-9.72340476961645));
#3146=CARTESIAN_POINT('Ctrl Pts',(0.0725118984970614,-19.5924741459911,
-10.9979024012765));
#3147=CARTESIAN_POINT('Ctrl Pts',(5.26725040522289,-19.6709111843124,-9.65479375829621));
#3148=CARTESIAN_POINT('Ctrl Pts',(9.20837418230838,-19.7493482226336,-6.01376090775322));
#3149=CARTESIAN_POINT('Ctrl Pts',(10.9577405782192,-19.8277852609549,-0.941384293918091));
#3150=CARTESIAN_POINT('Ctrl Pts',(10.0992184748672,-19.9062222992762,4.35502529465364));
#3151=CARTESIAN_POINT('Ctrl Pts',(6.83668060855027,-19.9846593375974,8.61494840131947));
#3152=CARTESIAN_POINT('Ctrl Pts',(1.94756139101658,-20.0630963759187,10.8243331698167));
#3153=CARTESIAN_POINT('Ctrl Pts',(-3.40634830548796,-20.14153341424,10.4576439135915));
#3154=CARTESIAN_POINT('Ctrl Pts',(-6.4330936908962,-20.1938247731208,8.55336475772839));
#3155=CARTESIAN_POINT('Ctrl Pts',(-7.63225070291087,-20.2199704525612,7.29955274026543));
#3156=CARTESIAN_POINT('Ctrl Pts',(6.02105432109369,-12.8,-8.44358781042982));
#3157=CARTESIAN_POINT('Ctrl Pts',(7.40815129671885,-12.8261456794404,-7.45446015209631));
#3158=CARTESIAN_POINT('Ctrl Pts',(9.6843355270751,-12.8784370383213,-4.78064444034867));
#3159=CARTESIAN_POINT('Ctrl Pts',(10.7933857083527,-12.9568740766425,0.370980397840728));
#3160=CARTESIAN_POINT('Ctrl Pts',(9.33354539292092,-13.0353111149638,5.43306032685982));
#3161=CARTESIAN_POINT('Ctrl Pts',(5.6522228706375,-13.1137481532851,9.20263047797451));
#3162=CARTESIAN_POINT('Ctrl Pts',(0.625624092165011,-13.1921851916064,10.7815827797265));
#3163=CARTESIAN_POINT('Ctrl Pts',(-4.54988168560809,-13.2706222299276,9.79457294262065));
#3164=CARTESIAN_POINT('Ctrl Pts',(-8.64247199011321,-13.3490592682489,6.47628539214656));
#3165=CARTESIAN_POINT('Ctrl Pts',(-10.6780742969088,-13.4274963065702,1.61662133243878));
#3166=CARTESIAN_POINT('Ctrl Pts',(-10.1721953162049,-13.5059333448914,-3.62783367723028));
#3167=CARTESIAN_POINT('Ctrl Pts',(-7.24523946303041,-13.5843703832127,-8.00882040562927));
#3168=CARTESIAN_POINT('Ctrl Pts',(-2.5938491787155,-13.6628074215339,-10.4836385593176));
#3169=CARTESIAN_POINT('Ctrl Pts',(2.67490127813696,-13.7412444598552,-10.4632506841732));
#3170=CARTESIAN_POINT('Ctrl Pts',(7.30700038745056,-13.8196814981765,-7.95251319396277));
#3171=CARTESIAN_POINT('Ctrl Pts',(10.199965467689,-13.8981185364978,-3.54900297275702));
#3172=CARTESIAN_POINT('Ctrl Pts',(10.665243953968,-13.976555574819,1.69920261103513));
#3173=CARTESIAN_POINT('Ctrl Pts',(8.59209523270697,-14.0549926131403,6.54298234784582));
#3174=CARTESIAN_POINT('Ctrl Pts',(4.47394797582787,-14.1334296514616,9.82947137653137));
#3175=CARTESIAN_POINT('Ctrl Pts',(-0.709040489645754,-14.2118666897829,
10.7764548868693));
#3176=CARTESIAN_POINT('Ctrl Pts',(-5.72327072700156,-14.2903037281041,9.15854193468916));
#3177=CARTESIAN_POINT('Ctrl Pts',(-9.37530932827285,-14.3687407664254,5.36081087584013));
#3178=CARTESIAN_POINT('Ctrl Pts',(-10.795937156896,-14.4471778047467,0.287156989060117));
#3179=CARTESIAN_POINT('Ctrl Pts',(-9.64703158371605,-14.5256148430679,-4.8548429276591));
#3180=CARTESIAN_POINT('Ctrl Pts',(-6.20204281524711,-14.6040518813892,-8.8413450986543));
#3181=CARTESIAN_POINT('Ctrl Pts',(-1.28091020287125,-14.6824889197105,-10.7235249467218));
#3182=CARTESIAN_POINT('Ctrl Pts',(3.94509094507369,-14.7609259580317,-10.053406172469));
#3183=CARTESIAN_POINT('Ctrl Pts',(8.23212377471294,-14.839362996353,-6.99048327300313));
#3184=CARTESIAN_POINT('Ctrl Pts',(10.5598346205469,-14.9178000346743,-2.2637603714621));
#3185=CARTESIAN_POINT('Ctrl Pts',(10.3742066629771,-14.9962370729955,3.00175854234191));
#3186=CARTESIAN_POINT('Ctrl Pts',(7.7194210814948,-15.0746741113168,7.55283101884183));
#3187=CARTESIAN_POINT('Ctrl Pts',(3.22734152325083,-15.1531111496381,10.3062595021171));
#3188=CARTESIAN_POINT('Ctrl Pts',(-2.03287531873771,-15.2315481879594,10.6067024173916));
#3189=CARTESIAN_POINT('Ctrl Pts',(-6.80924893735591,-15.3099852262806,8.38265155793632));
#3190=CARTESIAN_POINT('Ctrl Pts',(-9.96495801043399,-15.3884222646019,4.16345170296646));
#3191=CARTESIAN_POINT('Ctrl Pts',(-10.7489144432602,-15.4668593029232,-1.04668836055465));
#3192=CARTESIAN_POINT('Ctrl Pts',(-8.97452931720074,-15.5452963412444,-6.00770686429969));
#3193=CARTESIAN_POINT('Ctrl Pts',(-5.06412278685623,-15.6237333795657,-9.5388352869882));
#3194=CARTESIAN_POINT('Ctrl Pts',(0.0515920426010113,-15.702170417887,-10.7996322388213));
#3195=CARTESIAN_POINT('Ctrl Pts',(5.15502748632208,-15.7806074562082,-9.49001632495499));
#3196=CARTESIAN_POINT('Ctrl Pts',(9.03151846741184,-15.8590444945295,-5.92168830701579));
#3197=CARTESIAN_POINT('Ctrl Pts',(10.7584240966979,-15.9374815328508,-0.943943424278192));
#3198=CARTESIAN_POINT('Ctrl Pts',(9.92472478117887,-16.0159185711721,4.25846876829012));
#3199=CARTESIAN_POINT('Ctrl Pts',(6.72884870797682,-16.0943556094933,8.44732580748532));
#3200=CARTESIAN_POINT('Ctrl Pts',(1.9314440912235,-16.1727926478146,10.6256407785661));
#3201=CARTESIAN_POINT('Ctrl Pts',(-3.325662173852,-16.2512296861358,10.2749544689044));
#3202=CARTESIAN_POINT('Ctrl Pts',(-7.79122992635572,-16.3296667244571,7.47873348016278));
#3203=CARTESIAN_POINT('Ctrl Pts',(-10.4024125294895,-16.4081037627784,2.90250440119704));
#3204=CARTESIAN_POINT('Ctrl Pts',(-10.5377242502801,-16.4865408010997,-2.36454770679438));
#3205=CARTESIAN_POINT('Ctrl Pts',(-8.16495964132817,-16.5649778394209,-7.06881547984744));
#3206=CARTESIAN_POINT('Ctrl Pts',(-3.84885873666946,-16.6434148777422,-10.0906394573293));
#3207=CARTESIAN_POINT('Ctrl Pts',(1.3833063261216,-16.7218519160635,-10.7107974418696));
#3208=CARTESIAN_POINT('Ctrl Pts',(6.28623162414688,-16.8002889543848,-8.78168606818896));
#3209=CARTESIAN_POINT('Ctrl Pts',(9.6929753591195,-16.878725992706,-4.76245177614961));
#3210=CARTESIAN_POINT('Ctrl Pts',(10.7927008531907,-16.9571630310273,0.390290310135134));
#3211=CARTESIAN_POINT('Ctrl Pts',(9.32366321577641,-17.0356000693485,5.45013967448782));
#3212=CARTESIAN_POINT('Ctrl Pts',(5.63550706068422,-17.1140371076698,9.21280513207715));
#3213=CARTESIAN_POINT('Ctrl Pts',(0.606047837747561,-17.1924741459911,10.7827373264404));
#3214=CARTESIAN_POINT('Ctrl Pts',(-4.56765640436446,-17.2709111843124,9.7862778013051));
#3215=CARTESIAN_POINT('Ctrl Pts',(-8.65421596152426,-17.3493482226336,6.46059318669323));
#3216=CARTESIAN_POINT('Ctrl Pts',(-10.6809916706676,-17.4277852609549,1.59722733628603));
#3217=CARTESIAN_POINT('Ctrl Pts',(-10.165592072209,-17.5062222992762,-3.64629346790545));
#3218=CARTESIAN_POINT('Ctrl Pts',(-7.23068706171165,-17.5846593375974,-8.02196253096741));
#3219=CARTESIAN_POINT('Ctrl Pts',(-2.57481131440886,-17.6630963759187,-10.4883299398827));
#3220=CARTESIAN_POINT('Ctrl Pts',(2.69389346104448,-17.74153341424,-10.4583773240971));
#3221=CARTESIAN_POINT('Ctrl Pts',(7.32142655046649,-17.8199704525613,-7.9392336846058));
#3222=CARTESIAN_POINT('Ctrl Pts',(10.2063920612481,-17.8984074908825,-3.53047862544499));
#3223=CARTESIAN_POINT('Ctrl Pts',(10.6621413833279,-17.9768445292038,1.71856316573008));
#3224=CARTESIAN_POINT('Ctrl Pts',(8.58020194141803,-18.0552815675251,6.55857094778215));
#3225=CARTESIAN_POINT('Ctrl Pts',(4.45609467631971,-18.1337186058463,9.83757787610119));
#3226=CARTESIAN_POINT('Ctrl Pts',(-0.728604545407617,-18.2121556441676,
10.7751498202631));
#3227=CARTESIAN_POINT('Ctrl Pts',(-5.73988911220798,-18.2905926824889,9.1481359419221));
#3228=CARTESIAN_POINT('Ctrl Pts',(-9.3850267126642,-18.3690297208101,5.34378066878874));
#3229=CARTESIAN_POINT('Ctrl Pts',(-10.7964407125664,-18.4474667591314,0.267555920926606));
#3230=CARTESIAN_POINT('Ctrl Pts',(-9.63820146005117,-18.5259037974527,-4.87234962324381));
#3231=CARTESIAN_POINT('Ctrl Pts',(-6.18598066306683,-18.6043408357739,-8.85259066407227));
#3232=CARTESIAN_POINT('Ctrl Pts',(-1.26143896512092,-18.6827778740952,-10.7258328333649));
#3233=CARTESIAN_POINT('Ctrl Pts',(3.96333693561771,-18.7612149124165,-10.0462270819494));
#3234=CARTESIAN_POINT('Ctrl Pts',(8.24480179712053,-18.8396519507378,-6.975525894885));
#3235=CARTESIAN_POINT('Ctrl Pts',(10.5639271986379,-18.918088989059,-2.24458470247069));
#3236=CARTESIAN_POINT('Ctrl Pts',(10.3687397033642,-18.9965260273803,3.02058851821005));
#3237=CARTESIAN_POINT('Ctrl Pts',(7.70569581438927,-19.0749630657016,7.56683358534014));
#3238=CARTESIAN_POINT('Ctrl Pts',(3.20862460482074,-19.1534001040228,10.3121019320185));
#3239=CARTESIAN_POINT('Ctrl Pts',(-2.05212891993263,-19.2318371423441,10.6029941308416));
#3240=CARTESIAN_POINT('Ctrl Pts',(-6.82445701725502,-19.3102741806654,8.3702752154271));
#3241=CARTESIAN_POINT('Ctrl Pts',(-9.97250024846469,-19.3887112189866,4.14535288268693));
#3242=CARTESIAN_POINT('Ctrl Pts',(-10.7469970135581,-19.4671482573079,-1.06620176088114));
#3243=CARTESIAN_POINT('Ctrl Pts',(-8.96360602262994,-19.5455852956292,-6.02399088954732));
#3244=CARTESIAN_POINT('Ctrl Pts',(-5.04679853910817,-19.6240223339504,-9.5480133664717));
#3245=CARTESIAN_POINT('Ctrl Pts',(0.0712039241893589,-19.7024593722717,
-10.7995215275484));
#3246=CARTESIAN_POINT('Ctrl Pts',(5.1722394022691,-19.780896410593,-9.48063996500434));
#3247=CARTESIAN_POINT('Ctrl Pts',(9.04227293415672,-19.8593334489143,-5.90528430014722));
#3248=CARTESIAN_POINT('Ctrl Pts',(10.7600841460489,-19.9377704872355,-0.924403543232408));
#3249=CARTESIAN_POINT('Ctrl Pts',(9.91704811983811,-20.0162075255568,4.27646906715325));
#3250=CARTESIAN_POINT('Ctrl Pts',(6.71336012223941,-20.0946445638781,8.45955140572708));
#3251=CARTESIAN_POINT('Ctrl Pts',(1.91243115287733,-20.1730816021993,10.6290831490942));
#3252=CARTESIAN_POINT('Ctrl Pts',(-3.34490437478107,-20.2515186405206,10.2690082573526));
#3253=CARTESIAN_POINT('Ctrl Pts',(-6.31705313146852,-20.3038099994015,8.39907861187598));
#3254=CARTESIAN_POINT('Ctrl Pts',(-7.49457967186224,-20.3299556788419,7.16788293655171));
#3255=CARTESIAN_POINT('Ctrl Pts',(4.74945024020432,-12.8,9.85766020469963));
#3256=CARTESIAN_POINT('Ctrl Pts',(4.986252401451,-12.8,9.73643100594338));
#3257=CARTESIAN_POINT('Ctrl Pts',(5.21832228993811,-12.8,9.60671910767814));
#3258=CARTESIAN_POINT('Ctrl Pts',(5.44515949067428,-12.8,9.46869491908597));
#3259=CARTESIAN_POINT('Ctrl Pts',(5.53508807993511,-12.8,9.41397584953441));
#3260=CARTESIAN_POINT('Ctrl Pts',(5.624194004595,-12.8,9.35794982831244));
#3261=CARTESIAN_POINT('Ctrl Pts',(5.71244498186591,-12.8,9.30062548468762));
#3262=CARTESIAN_POINT('Ctrl Pts',(5.93541297541498,-12.8,9.15579429669626));
#3263=CARTESIAN_POINT('Ctrl Pts',(6.15292595447307,-12.8,9.00267833867212));
#3264=CARTESIAN_POINT('Ctrl Pts',(6.36462426213755,-12.8,8.84168613071707));
#3265=CARTESIAN_POINT('Ctrl Pts',(6.51542732163089,-12.8,8.72700350626886));
#3266=CARTESIAN_POINT('Ctrl Pts',(6.66327915736697,-12.8,8.60832322182022));
#3267=CARTESIAN_POINT('Ctrl Pts',(6.80803846456133,-12.8,8.48578145436198));
#3268=CARTESIAN_POINT('Ctrl Pts',(6.87898881431241,-12.8,8.42572050609698));
#3269=CARTESIAN_POINT('Ctrl Pts',(6.94919611230491,-12.8,8.36473180296401));
#3270=CARTESIAN_POINT('Ctrl Pts',(7.01864279405425,-12.8,8.30283065248159));
#3271=CARTESIAN_POINT('Ctrl Pts',(7.05160093482365,-12.8,8.27345348455943));
#3272=CARTESIAN_POINT('Ctrl Pts',(7.08439013326323,-12.8,8.24386854136431));
#3273=CARTESIAN_POINT('Ctrl Pts',(7.11698953598392,-12.8,8.21409497087614));
#3274=CARTESIAN_POINT('Ctrl Pts',(7.31254675392823,-12.8,8.03548934847186));
#3275=CARTESIAN_POINT('Ctrl Pts',(7.50141566715869,-12.8,7.84997736010541));
#3276=CARTESIAN_POINT('Ctrl Pts',(7.68325723909056,-12.8,7.65797768923547));
#3277=CARTESIAN_POINT('Ctrl Pts',(7.86511662052368,-12.8,7.46595921398354));
#3278=CARTESIAN_POINT('Ctrl Pts',(8.03994770653155,-12.8,7.26745129594815));
#3279=CARTESIAN_POINT('Ctrl Pts',(8.20737374765432,-12.8,7.06283717701832));
#3280=CARTESIAN_POINT('Ctrl Pts',(8.37363887432983,-12.8,6.85964183073095));
#3281=CARTESIAN_POINT('Ctrl Pts',(8.53260165965933,-12.8,6.65042416846583));
#3282=CARTESIAN_POINT('Ctrl Pts',(8.68385022097864,-12.8,6.4355318885482));
#3283=CARTESIAN_POINT('Ctrl Pts',(8.749597015761,-12.8,6.34211957107015));
#3284=CARTESIAN_POINT('Ctrl Pts',(8.81388555826553,-12.8,6.24763467576416));
#3285=CARTESIAN_POINT('Ctrl Pts',(8.87667919013117,-12.8,6.1521044798451));
#3286=CARTESIAN_POINT('Ctrl Pts',(8.89494928227662,-12.8,6.12430953583152));
#3287=CARTESIAN_POINT('Ctrl Pts',(8.91308816397031,-12.8,6.09643313483402));
#3288=CARTESIAN_POINT('Ctrl Pts',(8.93109189182035,-12.8,6.06848115146361));
#3289=CARTESIAN_POINT('Ctrl Pts',(9.06698297087771,-12.8,5.85750122477081));
#3290=CARTESIAN_POINT('Ctrl Pts',(9.19523674163981,-12.8,5.64212646536374));
#3291=CARTESIAN_POINT('Ctrl Pts',(9.31556476244462,-12.8,5.42270047241847));
#3292=CARTESIAN_POINT('Ctrl Pts',(9.44138740178198,-12.8,5.19325468425595));
#3293=CARTESIAN_POINT('Ctrl Pts',(9.55854470068623,-12.8,4.9593790382055));
#3294=CARTESIAN_POINT('Ctrl Pts',(9.66696010980784,-12.8,4.72160807530899));
#3295=CARTESIAN_POINT('Ctrl Pts',(9.77601511388206,-12.8,4.48243438646254));
#3296=CARTESIAN_POINT('Ctrl Pts',(9.87622496826561,-12.8,4.23931866942782));
#3297=CARTESIAN_POINT('Ctrl Pts',(9.96746350396774,-12.8,3.99278337376417));
#3298=CARTESIAN_POINT('Ctrl Pts',(10.058579942138,-12.8,3.74657799737086));
#3299=CARTESIAN_POINT('Ctrl Pts',(10.1407491984831,-12.8,3.49696155410971));
#3300=CARTESIAN_POINT('Ctrl Pts',(10.2137952236832,-12.8,3.24444233138187));
#3301=CARTESIAN_POINT('Ctrl Pts',(10.2813568869201,-12.8,3.01088248140991));
#3302=CARTESIAN_POINT('Ctrl Pts',(10.3411134330181,-12.8,2.77483886616098));
#3303=CARTESIAN_POINT('Ctrl Pts',(10.3928854544453,-12.8,2.5367115140353));
#3304=CARTESIAN_POINT('Ctrl Pts',(10.4079071145902,-12.8,2.46761882543181));
#3305=CARTESIAN_POINT('Ctrl Pts',(10.4222563267761,-12.8,2.39835072344524));
#3306=CARTESIAN_POINT('Ctrl Pts',(10.4359280795485,-12.8,2.32891702876762));
#3307=CARTESIAN_POINT('Ctrl Pts',(10.4419116666106,-12.8,2.29852863862704));
#3308=CARTESIAN_POINT('Ctrl Pts',(10.4477657305682,-12.8,2.26810700169881));
#3309=CARTESIAN_POINT('Ctrl Pts',(10.453486473874,-12.8,2.23767148296583));
#3310=CARTESIAN_POINT('Ctrl Pts',(10.5018235044706,-12.8,1.98050864212493));
#3311=CARTESIAN_POINT('Ctrl Pts',(10.5407056634859,-12.8,1.72206211034541));
#3312=CARTESIAN_POINT('Ctrl Pts',(10.5700442748069,-12.8,1.46284781395796));
#3313=CARTESIAN_POINT('Ctrl Pts',(10.5993503560997,-12.8,1.20392092886841));
#3314=CARTESIAN_POINT('Ctrl Pts',(10.619134159865,-12.8,0.944227349649012));
#3315=CARTESIAN_POINT('Ctrl Pts',(10.6292566963335,-12.8,0.684270520204869));
#3316=CARTESIAN_POINT('Ctrl Pts',(10.6333944825958,-12.8,0.578008043302947));
#3317=CARTESIAN_POINT('Ctrl Pts',(10.635917344387,-12.8,0.471701507550484));
#3318=CARTESIAN_POINT('Ctrl Pts',(10.6368132769902,-12.8,0.365385152442922));
#3319=CARTESIAN_POINT('Ctrl Pts',(10.6390104901439,-12.8,0.104651596091309));
#3320=CARTESIAN_POINT('Ctrl Pts',(10.631426271644,-12.8,-0.156141529270769));
#3321=CARTESIAN_POINT('Ctrl Pts',(10.6141929970714,-12.8,-0.416470685887011));
#3322=CARTESIAN_POINT('Ctrl Pts',(10.5969889138235,-12.8,-0.676358872744516));
#3323=CARTESIAN_POINT('Ctrl Pts',(10.5701682608923,-12.8,-0.935785293676978));
#3324=CARTESIAN_POINT('Ctrl Pts',(10.5338123750699,-12.8,-1.19421710891311));
#3325=CARTESIAN_POINT('Ctrl Pts',(10.5126128713637,-12.8,-1.34491144907237));
#3326=CARTESIAN_POINT('Ctrl Pts',(10.4881702883678,-12.8,-1.49526733345845));
#3327=CARTESIAN_POINT('Ctrl Pts',(10.4604931761551,-12.8,-1.64517593131934));
#3328=CARTESIAN_POINT('Ctrl Pts',(10.4511388001889,-12.8,-1.69584239443085));
#3329=CARTESIAN_POINT('Ctrl Pts',(10.4414148911103,-12.8,-1.74645773921895));
#3330=CARTESIAN_POINT('Ctrl Pts',(10.4313216388274,-12.8,-1.79701768628669));
#3331=CARTESIAN_POINT('Ctrl Pts',(10.4258686062956,-12.8,-1.82433346403978));
#3332=CARTESIAN_POINT('Ctrl Pts',(10.4203078334843,-12.8,-1.85163255188606));
#3333=CARTESIAN_POINT('Ctrl Pts',(10.4146422508891,-12.8,-1.87890085633827));
#3334=CARTESIAN_POINT('Ctrl Pts',(10.3618192384728,-12.8,-2.13313666711875));
#3335=CARTESIAN_POINT('Ctrl Pts',(10.2998299846025,-12.8,-2.38499973034553));
#3336=CARTESIAN_POINT('Ctrl Pts',(10.2288595429354,-12.8,-2.63398872733721));
#3337=CARTESIAN_POINT('Ctrl Pts',(10.1577753379524,-12.8,-2.88337684561414));
#3338=CARTESIAN_POINT('Ctrl Pts',(10.0776809539867,-12.8,-3.12988230874809));
#3339=CARTESIAN_POINT('Ctrl Pts',(9.9887108192117,-12.8,-3.37299201974494));
#3340=CARTESIAN_POINT('Ctrl Pts',(9.90049182828549,-12.8,-3.61404924015661));
#3341=CARTESIAN_POINT('Ctrl Pts',(9.80354608538039,-12.8,-3.85176838785379));
#3342=CARTESIAN_POINT('Ctrl Pts',(9.69795724187237,-12.8,-4.08563102217677));
#3343=CARTESIAN_POINT('Ctrl Pts',(9.61171874112819,-12.8,-4.27663569931928));
#3344=CARTESIAN_POINT('Ctrl Pts',(9.51971384492232,-12.8,-4.46506764926735));
#3345=CARTESIAN_POINT('Ctrl Pts',(9.42196592077859,-12.8,-4.65063120160093));
#3346=CARTESIAN_POINT('Ctrl Pts',(9.32213066663992,-12.8,-4.84015731756077));
#3347=CARTESIAN_POINT('Ctrl Pts',(9.21630427858931,-12.8,-5.02669140263004));
#3348=CARTESIAN_POINT('Ctrl Pts',(9.10466914907245,-12.8,-5.20999438287217));
#3349=CARTESIAN_POINT('Ctrl Pts',(9.05582877990882,-12.8,-5.2901894367281));
#3350=CARTESIAN_POINT('Ctrl Pts',(9.0058763551991,-12.8,-5.36976581742211));
#3351=CARTESIAN_POINT('Ctrl Pts',(8.95482614962314,-12.8,-5.44870241723664));
#3352=CARTESIAN_POINT('Ctrl Pts',(8.92956714435592,-12.8,-5.48775926270859));
#3353=CARTESIAN_POINT('Ctrl Pts',(8.90403937732264,-12.8,-5.52665946965509));
#3354=CARTESIAN_POINT('Ctrl Pts',(8.87824452714224,-12.8,-5.56540041618906));
#3355=CARTESIAN_POINT('Ctrl Pts',(8.86313443548024,-12.8,-5.58809406430514));
#3356=CARTESIAN_POINT('Ctrl Pts',(8.84793326095385,-12.8,-5.61073215678778));
#3357=CARTESIAN_POINT('Ctrl Pts',(8.83264854532458,-12.8,-5.63330373417817));
#3358=CARTESIAN_POINT('Ctrl Pts',(8.68930289206626,-12.8,-5.84498824206));
#3359=CARTESIAN_POINT('Ctrl Pts',(8.53844888369286,-12.8,-6.05107255023556));
#3360=CARTESIAN_POINT('Ctrl Pts',(8.38049458531785,-12.8,-6.25122369143762));
#3361=CARTESIAN_POINT('Ctrl Pts',(8.21346901170167,-12.8,-6.46286946184798));
#3362=CARTESIAN_POINT('Ctrl Pts',(8.03850412360894,-12.8,-6.66788186288808));
#3363=CARTESIAN_POINT('Ctrl Pts',(7.85602997508849,-12.8,-6.86583344028354));
#3364=CARTESIAN_POINT('Ctrl Pts',(7.68226805380568,-12.8,-7.05433382068315));
#3365=CARTESIAN_POINT('Ctrl Pts',(7.50169600932078,-12.8,-7.23643171253091));
#3366=CARTESIAN_POINT('Ctrl Pts',(7.31464690652901,-12.8,-7.41172154622134));
#3367=CARTESIAN_POINT('Ctrl Pts',(7.12902000930036,-12.8,-7.58567858454996));
#3368=CARTESIAN_POINT('Ctrl Pts',(6.93701370841887,-12.8,-7.75293110249108));
#3369=CARTESIAN_POINT('Ctrl Pts',(6.73892373522906,-12.8,-7.91304120125959));
#3370=CARTESIAN_POINT('Ctrl Pts',(6.54421852067955,-12.8,-8.07041550259485));
#3371=CARTESIAN_POINT('Ctrl Pts',(6.34363530346317,-12.8,-8.22088968635199));
#3372=CARTESIAN_POINT('Ctrl Pts',(6.1374328868048,-12.8,-8.3640025749366));
#3373=CARTESIAN_POINT('Ctrl Pts',(6.09883641172665,-12.8,-8.390790103071));
#3374=CARTESIAN_POINT('Ctrl Pts',(6.06004301342152,-12.8,-8.41731958766055));
#3375=CARTESIAN_POINT('Ctrl Pts',(6.02105432109373,-12.8,-8.44358781042979));
#3376=CARTESIAN_POINT('Ctrl Pts',(-6.64184962379396,-20.,8.64130625645487));
#3377=CARTESIAN_POINT('Ctrl Pts',(-6.86600260325626,-20.,8.47808821640413));
#3378=CARTESIAN_POINT('Ctrl Pts',(-7.08391629088942,-20.,8.30641349914013));
#3379=CARTESIAN_POINT('Ctrl Pts',(-7.2950575385715,-20.,8.1265848648517));
#3380=CARTESIAN_POINT('Ctrl Pts',(-7.50619878625358,-20.,7.94675623056328));
#3381=CARTESIAN_POINT('Ctrl Pts',(-7.71056828342101,-20.,7.75877330017104));
#3382=CARTESIAN_POINT('Ctrl Pts',(-7.90759276500811,-20.,7.56289234769288));
#3383=CARTESIAN_POINT('Origin',(0.,-12.8,0.));
#3384=CARTESIAN_POINT('Origin',(0.,-20.,0.));
#3385=CARTESIAN_POINT('Origin',(0.,-20.,0.));
#3386=CARTESIAN_POINT('Origin',(-15.,-7.3,-9.71445146547012E-16));
#3387=CARTESIAN_POINT('',(-7.5,-7.3,-12.9903810567666));
#3388=CARTESIAN_POINT('',(-15.,-7.3,-9.71445146547012E-16));
#3389=CARTESIAN_POINT('',(-13.125,-7.3,-3.24759526419164));
#3390=CARTESIAN_POINT('',(-7.5,-12.8,-12.9903810567666));
#3391=CARTESIAN_POINT('',(-7.5,-7.3,-12.9903810567666));
#3392=CARTESIAN_POINT('',(-15.,-12.8,0.));
#3393=CARTESIAN_POINT('',(-15.,-12.8,-9.71445146547012E-16));
#3394=CARTESIAN_POINT('',(-15.,-7.3,-9.71445146547012E-16));
#3395=CARTESIAN_POINT('Origin',(-7.5,-7.3,12.9903810567666));
#3396=CARTESIAN_POINT('',(-7.5,-7.3,12.9903810567666));
#3397=CARTESIAN_POINT('',(-9.375,-7.3,9.74278579257492));
#3398=CARTESIAN_POINT('',(-7.5,-12.8,12.9903810567666));
#3399=CARTESIAN_POINT('',(-7.5,-12.8,12.9903810567666));
#3400=CARTESIAN_POINT('',(-7.5,-7.3,12.9903810567666));
#3401=CARTESIAN_POINT('Origin',(7.49999999999998,-7.3,12.9903810567666));
#3402=CARTESIAN_POINT('',(7.49999999999998,-7.3,12.9903810567666));
#3403=CARTESIAN_POINT('',(3.74999999999999,-7.3,12.9903810567666));
#3404=CARTESIAN_POINT('',(7.49999999999998,-12.8,12.9903810567666));
#3405=CARTESIAN_POINT('',(7.49999999999998,-12.8,12.9903810567666));
#3406=CARTESIAN_POINT('',(7.49999999999998,-7.3,12.9903810567666));
#3407=CARTESIAN_POINT('Origin',(15.,-7.3,5.13478148889135E-15));
#3408=CARTESIAN_POINT('',(15.,-7.3,5.13478148889135E-15));
#3409=CARTESIAN_POINT('',(13.125,-7.3,3.24759526419165));
#3410=CARTESIAN_POINT('',(15.,-12.8,4.44089209850063E-15));
#3411=CARTESIAN_POINT('',(15.,-12.8,5.13478148889135E-15));
#3412=CARTESIAN_POINT('',(15.,-7.3,5.13478148889135E-15));
#3413=CARTESIAN_POINT('Origin',(7.5,-7.3,-12.9903810567666));
#3414=CARTESIAN_POINT('',(7.5,-7.3,-12.9903810567666));
#3415=CARTESIAN_POINT('',(9.37499999999999,-7.3,-9.74278579257492));
#3416=CARTESIAN_POINT('',(7.5,-12.8,-12.9903810567666));
#3417=CARTESIAN_POINT('',(7.5,-12.8,-12.9903810567666));
#3418=CARTESIAN_POINT('',(7.5,-7.3,-12.9903810567666));
#3419=CARTESIAN_POINT('Origin',(-7.5,-7.3,-12.9903810567666));
#3420=CARTESIAN_POINT('',(-3.75,-7.3,-12.9903810567666));
#3421=CARTESIAN_POINT('',(-7.5,-12.8,-12.9903810567666));
#3422=CARTESIAN_POINT('Origin',(-6.66133814775094E-15,-12.8,2.22044604925031E-15));
#3423=CARTESIAN_POINT('Origin',(0.,-5.,0.));
#3424=CARTESIAN_POINT('',(-22.75,-5.,-2.78607146806023E-15));
#3425=CARTESIAN_POINT('Origin',(0.,-5.,0.));
#3426=CARTESIAN_POINT('',(-17.1,-5.,-3.20436905116713E-15));
#3427=CARTESIAN_POINT('Origin',(0.,-5.,-1.11022302462516E-15));
#3428=CARTESIAN_POINT('Origin',(0.,-5.,0.));
#3429=CARTESIAN_POINT('',(-22.75,-7.3,-2.78607146806023E-15));
#3430=CARTESIAN_POINT('Origin',(0.,-7.3,0.));
#3431=CARTESIAN_POINT('',(-22.75,-5.,-2.78607146806023E-15));
#3432=CARTESIAN_POINT('Origin',(0.,-7.3,0.));
#3433=CARTESIAN_POINT('Origin',(0.,0.,0.));
#3434=CARTESIAN_POINT('',(-17.1,0.,0.));
#3435=CARTESIAN_POINT('Origin',(0.,0.,0.));
#3436=CARTESIAN_POINT('Origin',(0.,0.,0.));
#3437=CARTESIAN_POINT('Origin',(0.,0.,0.));
#3438=CARTESIAN_POINT('Origin',(0.,0.,0.));
#3439=CARTESIAN_POINT('Origin',(0.,0.,0.));
#3440=CARTESIAN_POINT('Origin',(0.,-2.5,-5.55111512312578E-16));
#3441=CARTESIAN_POINT('',(-17.1,-2.5,-2.64925753885455E-15));
#3442=CARTESIAN_POINT('Origin',(0.,12.3098765848831,-28.8936353506666));
#3443=CARTESIAN_POINT('',(9.161431913803,12.3,-10.5546586141683));
#3444=CARTESIAN_POINT('',(-9.161431913803,12.3,-10.5546586141683));
#3445=CARTESIAN_POINT('Origin',(0.,12.3,-28.8936353506666));
#3446=CARTESIAN_POINT('Ctrl Pts',(-9.161431913803,12.3,-10.5546586141683));
#3447=CARTESIAN_POINT('Ctrl Pts',(-9.16087073840906,11.2961619481805,-10.554918897042));
#3448=CARTESIAN_POINT('Ctrl Pts',(-9.0739385289261,10.2583941436071,-10.596160025686));
#3449=CARTESIAN_POINT('Ctrl Pts',(-8.70196600806639,8.20442526698398,-10.761597965062));
#3450=CARTESIAN_POINT('Ctrl Pts',(-8.41640335071434,7.18826818252492,-10.885900381487));
#3451=CARTESIAN_POINT('Ctrl Pts',(-7.63677664801383,5.26958472511414,-11.1888571914561));
#3452=CARTESIAN_POINT('Ctrl Pts',(-7.14267344679282,4.36633251045178,-11.3671972614936));
#3453=CARTESIAN_POINT('Ctrl Pts',(-5.94458465449625,2.75145483193409,-11.7299470698267));
#3454=CARTESIAN_POINT('Ctrl Pts',(-5.2413872997899,2.03918684230266,-11.9140990587878));
#3455=CARTESIAN_POINT('Ctrl Pts',(-3.82375424104269,1.02886224608816,-12.1921647436381));
#3456=CARTESIAN_POINT('Ctrl Pts',(-3.10162191274681,0.642414469342394,-12.3056765842492));
#3457=CARTESIAN_POINT('Ctrl Pts',(-1.56796092144226,0.128182326289697,-12.4601959577381));
#3458=CARTESIAN_POINT('Ctrl Pts',(-0.755977146098331,0.00139495677899737,
-12.5));
#3459=CARTESIAN_POINT('Ctrl Pts',(0.755977146098328,0.00139495677899715,
-12.5));
#3460=CARTESIAN_POINT('Ctrl Pts',(1.56796092144226,0.1281823262897,-12.4601959577381));
#3461=CARTESIAN_POINT('Ctrl Pts',(3.1016219127468,0.642414469342396,-12.3056765842492));
#3462=CARTESIAN_POINT('Ctrl Pts',(3.82375424104269,1.02886224608816,-12.1921647436381));
#3463=CARTESIAN_POINT('Ctrl Pts',(5.2413872997899,2.03918684230266,-11.9140990587878));
#3464=CARTESIAN_POINT('Ctrl Pts',(5.94458465449625,2.75145483193409,-11.7299470698267));
#3465=CARTESIAN_POINT('Ctrl Pts',(7.14267344679282,4.36633251045178,-11.3671972614936));
#3466=CARTESIAN_POINT('Ctrl Pts',(7.63677664801384,5.26958472511414,-11.1888571914561));
#3467=CARTESIAN_POINT('Ctrl Pts',(8.41640335071434,7.18826818252492,-10.885900381487));
#3468=CARTESIAN_POINT('Ctrl Pts',(8.70196600806639,8.20442526698399,-10.761597965062));
#3469=CARTESIAN_POINT('Ctrl Pts',(9.0739385289261,10.2583941436071,-10.596160025686));
#3470=CARTESIAN_POINT('Ctrl Pts',(9.16087073840906,11.2961619481805,-10.554918897042));
#3471=CARTESIAN_POINT('Ctrl Pts',(9.161431913803,12.3,-10.5546586141683));
#3472=CARTESIAN_POINT('Ctrl Pts',(17.1,-1.00036071225334E-14,0.));
#3473=CARTESIAN_POINT('Ctrl Pts',(17.1,-1.00036071225334E-14,-12.5));
#3474=CARTESIAN_POINT('Ctrl Pts',(0.,-1.00036071225334E-14,-12.5));
#3475=CARTESIAN_POINT('Ctrl Pts',(-17.1,-1.00036071225334E-14,-12.5));
#3476=CARTESIAN_POINT('Ctrl Pts',(-17.1,-1.00036071225334E-14,0.));
#3477=CARTESIAN_POINT('Ctrl Pts',(-17.1,-1.00036071225334E-14,12.5));
#3478=CARTESIAN_POINT('Ctrl Pts',(0.,-1.00036071225334E-14,12.5));
#3479=CARTESIAN_POINT('Ctrl Pts',(17.1,12.3,0.));
#3480=CARTESIAN_POINT('Ctrl Pts',(17.1,12.3,-12.5));
#3481=CARTESIAN_POINT('Ctrl Pts',(0.,12.3,-12.5));
#3482=CARTESIAN_POINT('Ctrl Pts',(-17.1,12.3,-12.5));
#3483=CARTESIAN_POINT('Ctrl Pts',(-17.1,12.3,0.));
#3484=CARTESIAN_POINT('Ctrl Pts',(-17.1,12.3,12.5));
#3485=CARTESIAN_POINT('Ctrl Pts',(0.,12.3,12.5));
#3486=CARTESIAN_POINT('',(-9.15482492629519,12.3,10.557721500073));
#3487=CARTESIAN_POINT('Ctrl Pts',(-6.93889390390723E-16,-9.5062846483529E-15,
12.5));
#3488=CARTESIAN_POINT('Ctrl Pts',(-0.75536630940223,-9.40145651476234E-15,
12.5));
#3489=CARTESIAN_POINT('Ctrl Pts',(-1.56669517819531,0.126690666114616,12.460260055774));
#3490=CARTESIAN_POINT('Ctrl Pts',(-3.09912706767015,0.640526287164942,12.3059912163077));
#3491=CARTESIAN_POINT('Ctrl Pts',(-3.8206850022421,1.02667410459651,12.1926642569485));
#3492=CARTESIAN_POINT('Ctrl Pts',(-5.23729909842215,2.036268542593,11.915036808381));
#3493=CARTESIAN_POINT('Ctrl Pts',(-5.94002687327912,2.74806425889288,11.7311657295289));
#3494=CARTESIAN_POINT('Ctrl Pts',(-7.13732826949149,4.36186448045179,11.3689756285825));
#3495=CARTESIAN_POINT('Ctrl Pts',(-7.63111368555512,5.26451131676132,11.1909137910309));
#3496=CARTESIAN_POINT('Ctrl Pts',(-8.41024834683164,7.18190041076725,10.8884339717542));
#3497=CARTESIAN_POINT('Ctrl Pts',(-8.69563577422516,8.19736729184963,10.7643297458533));
#3498=CARTESIAN_POINT('Ctrl Pts',(-9.06799009344053,10.2532927930045,10.5988864410603));
#3499=CARTESIAN_POINT('Ctrl Pts',(-9.15482492629519,11.2937893377863,10.557721500073));
#3500=CARTESIAN_POINT('Ctrl Pts',(-9.15482492629519,12.3,10.557721500073));
#3501=CARTESIAN_POINT('Origin',(0.,12.3,0.));
#3502=CARTESIAN_POINT('Origin',(0.,12.3,0.));
#3503=CARTESIAN_POINT('Origin',(0.,12.3,28.9));
#3504=CARTESIAN_POINT('Origin',(0.,12.3,28.9));
#3505=CARTESIAN_POINT('Origin',(0.,12.3,0.));
#3506=UNCERTAINTY_MEASURE_WITH_UNIT(LENGTH_MEASURE(0.01),#3510,
'DISTANCE_ACCURACY_VALUE',
'Maximum model space distance between geometric entities at asserted c
onnectivities');
#3507=UNCERTAINTY_MEASURE_WITH_UNIT(LENGTH_MEASURE(0.01),#3510,
'DISTANCE_ACCURACY_VALUE',
'Maximum model space distance between geometric entities at asserted c
onnectivities');
#3508=(
GEOMETRIC_REPRESENTATION_CONTEXT(3)
GLOBAL_UNCERTAINTY_ASSIGNED_CONTEXT((#3506))
GLOBAL_UNIT_ASSIGNED_CONTEXT((#3510,#3512,#3513))
REPRESENTATION_CONTEXT('','3D')
);
#3509=(
GEOMETRIC_REPRESENTATION_CONTEXT(3)
GLOBAL_UNCERTAINTY_ASSIGNED_CONTEXT((#3507))
GLOBAL_UNIT_ASSIGNED_CONTEXT((#3510,#3512,#3513))
REPRESENTATION_CONTEXT('','3D')
);
#3510=(
LENGTH_UNIT()
NAMED_UNIT(*)
SI_UNIT(.MILLI.,.METRE.)
);
#3511=(
LENGTH_UNIT()
NAMED_UNIT(*)
SI_UNIT($,.METRE.)
);
#3512=(
NAMED_UNIT(*)
PLANE_ANGLE_UNIT()
SI_UNIT($,.RADIAN.)
);
#3513=(
NAMED_UNIT(*)
SI_UNIT($,.STERADIAN.)
SOLID_ANGLE_UNIT()
);
#3514=SHAPE_DEFINITION_REPRESENTATION(#3515,#3516);
#3515=PRODUCT_DEFINITION_SHAPE('',$,#3518);
#3516=SHAPE_REPRESENTATION('',(#857),#3508);
#3517=PRODUCT_DEFINITION_CONTEXT('part definition',#3522,'design');
#3518=PRODUCT_DEFINITION('2026-05-28-14-15-06-580','\X2\75356E9065CB94AE5F005173\X0\',
#3519,#3517);
#3519=PRODUCT_DEFINITION_FORMATION('',$,#3524);
#3520=PRODUCT_RELATED_PRODUCT_CATEGORY('\X2\75356E9065CB94AE5F005173\X0\',
'\X2\75356E9065CB94AE5F005173\X0\',(#3524));
#3521=APPLICATION_PROTOCOL_DEFINITION('international standard',
'automotive_design',2009,#3522);
#3522=APPLICATION_CONTEXT(
'Core Data for Automotive Mechanical Design Process');
#3523=PRODUCT_CONTEXT('part definition',#3522,'mechanical');
#3524=PRODUCT('2026-05-28-14-15-06-580','\X2\75356E9065CB94AE5F005173\X0\',
$,(#3523));
#3525=PRESENTATION_STYLE_ASSIGNMENT((#3526));
#3526=SURFACE_STYLE_USAGE(.BOTH.,#3527);
#3527=SURFACE_SIDE_STYLE('',(#3528));
#3528=SURFACE_STYLE_FILL_AREA(#3529);
#3529=FILL_AREA_STYLE('\X2\94A2\X0\ - \X2\7F0E5149\X0\',(#3530));
#3530=FILL_AREA_STYLE_COLOUR('\X2\94A2\X0\ - \X2\7F0E5149\X0\',#3531);
#3531=COLOUR_RGB('\X2\94A2\X0\ - \X2\7F0E5149\X0\',0.627450980392157,0.627450980392157,
0.627450980392157);
ENDSEC;
END-ISO-10303-21;
